frame,track_id,class,x_center,y_center,width,height
0,14926,2,981,384,50,50
0,14936,1,-205,1171,50,50
0,14983,1,1101,318,50,50
0,14986,2,1097,351,50,50
0,14990,2,1008,426,50,50
0,14993,1,1021,399,50,50
0,15005,1,223,832,50,50
0,15006,1,31,966,50,50
0,15008,1,860,464,50,50
0,15028,2,719,644,50,50
0,15032,1,641,618,50,50
0,15042,1,541,772,50,50
0,15047,2,779,517,50,50
0,15048,1,26,546,50,50
0,15049,1,340,936,50,50
0,15050,2,224,831,50,50
0,15054,1,139,1023,50,50
1,14926,2,979,385,50,50
1,14936,1,-216,1179,50,50
1,14983,1,1100,316,50,50
1,14986,2,1099,350,50,50
1,14990,2,1010,424,50,50
1,14993,1,1023,397,50,50
1,15005,1,215,836,50,50
1,15006,1,22,972,49,50
1,15008,1,858,465,50,50
1,15028,2,724,640,50,50
1,15032,1,639,623,50,50
1,15042,1,550,766,50,50
1,15047,2,776,519,50,50
1,15048,1,26,546,50,50
1,15049,1,348,931,50,50
1,15050,2,216,836,50,50
1,15054,1,151,1017,50,50
2,14926,2,978,387,50,50
2,14936,1,-227,1187,50,50
2,14983,1,1099,316,50,50
2,14986,2,1101,348,50,50
2,14990,2,1012,423,50,50
2,14993,1,1026,395,50,50
2,15005,1,208,840,50,50
2,15006,1,12,977,49,50
2,15008,1,856,467,50,50
2,15028,2,729,637,50,50
2,15032,1,635,627,50,50
2,15042,1,559,760,50,50
2,15047,2,783,521,50,50
2,15048,1,26,546,50,50
2,15049,1,356,926,50,50
2,15050,2,209,840,50,50
2,15054,1,163,1012,50,50
2,15057,1,127,912,50,50
2,15058,2,564,651,50,50
2,15059,2,746,561,50,50
2,15061,1,113,874,50,50
3,14926,2,976,388,50,50
3,14936,1,-238,1195,50,50
3,14983,1,1097,316,50,50
3,14986,2,1103,347,50,50
3,14990,2,1014,421,50,50
3,14993,1,1028,393,50,50
3,15005,1,201,844,50,50
3,15006,1,2,983,49,50
3,15008,1,854,468,50,50
3,15028,2,734,634,50,50
3,15032,1,630,631,50,50
3,15042,1,569,754,50,50
3,15047,2,781,523,50,50
3,15048,1,26,546,50,50
3,15049,1,364,921,50,50
3,15050,2,202,844,50,50
3,15054,1,175,1006,50,50
3,15057,1,114,919,50,50
3,15058,2,560,654,50,50
3,15059,2,744,562,50,50
3,15061,1,106,880,50,50
4,14926,2,974,389,50,50
4,14936,1,-249,1202,50,50
4,14983,1,1097,317,50,50
4,14986,2,1105,345,50,50
4,14990,2,1016,420,50,50
4,14993,1,1030,392,50,50
4,15005,1,193,848,50,50
4,15006,1,-8,988,49,50
4,15008,1,852,470,50,50
4,15028,2,739,630,50,50
4,15032,1,625,634,50,50
4,15042,1,578,748,50,50
4,15047,2,779,525,50,50
4,15048,1,26,546,50,50
4,15049,1,372,916,50,50
4,15050,2,195,848,50,50
4,15054,1,188,1000,50,50
4,15057,1,105,924,50,50
4,15058,1,555,656,50,50
4,15059,2,742,563,50,50
4,15061,1,96,883,50,50
5,14926,2,973,390,50,50
5,14936,1,-260,1210,50,50
5,14983,1,1096,318,50,50
5,14986,2,1107,344,50,50
5,14990,2,1018,418,50,50
5,14993,1,1032,390,50,50
5,15005,1,186,852,50,50
5,15006,1,-18,994,49,50
5,15008,1,850,471,50,50
5,15028,2,744,627,50,50
5,15032,1,620,637,50,50
5,15042,1,588,742,50,50
5,15047,2,778,527,50,50
5,15048,1,26,546,50,50
5,15049,1,381,911,50,50
5,15050,2,188,852,50,50
5,15054,1,200,995,50,50
5,15057,1,88,933,50,50
5,15058,2,550,659,50,50
5,15059,2,740,565,50,50
5,15061,1,86,888,50,50
6,14926,2,971,391,50,50
6,14936,1,-271,1218,50,50
6,14983,1,1097,315,50,50
6,14986,2,1108,342,50,50
6,14990,2,1020,417,50,50
6,14993,1,1035,388,50,50
6,15005,1,179,856,50,50
6,15006,1,-27,999,50,50
6,15008,1,848,472,50,50
6,15028,2,749,623,50,50
6,15032,1,615,640,50,50
6,15042,2,546,663,50,50
6,15047,2,776,529,50,50
6,15048,1,26,546,50,50
6,15049,1,389,905,50,50
6,15050,2,180,856,50,50
6,15054,1,212,989,50,50
6,15057,1,75,939,50,50
6,15058,1,546,662,50,50
6,15059,2,727,572,50,50
6,15061,1,76,893,50,50
6,15065,2,803,574,50,50
7,14926,2,970,392,50,50
7,14936,1,-282,1226,50,50
7,14983,1,1098,313,50,50
7,14990,2,1022,415,50,50
7,14993,1,1037,386,50,50
7,15005,1,172,860,50,50
7,15006,1,-37,1005,50,50
7,15008,1,846,474,50,50
7,15028,2,754,620,50,50
7,15032,1,609,643,50,50
7,15042,1,544,661,50,50
7,15047,1,770,531,50,50
7,15048,1,26,546,50,50
7,15049,1,397,900,50,50
7,15050,2,173,860,50,50
7,15054,1,224,984,50,50
7,15057,1,61,947,50,50
7,15058,2,541,665,50,50
7,15059,2,723,575,50,50
7,15061,1,68,898,50,50
7,15065,2,807,573,50,50
8,14926,2,968,393,50,50
8,14936,1,-293,1234,50,50
8,14983,1,1099,310,50,50
8,14990,2,1024,414,50,50
8,14993,1,1039,385,50,50
8,15005,1,164,864,50,50
8,15006,1,-46,1011,50,50
8,15008,1,844,475,50,50
8,15028,2,759,617,50,50
8,15032,1,604,647,50,50
8,15042,1,540,663,50,50
8,15047,1,768,532,50,50
8,15048,1,26,546,50,50
8,15049,1,405,895,50,50
8,15050,2,166,864,50,50
8,15054,1,236,978,50,50
8,15057,1,49,953,50,50
8,15058,2,536,668,50,50
8,15059,2,719,577,50,50
8,15061,1,60,902,50,50
8,15065,2,809,570,50,50
9,14926,2,966,394,50,50
9,14936,1,-304,1242,50,50
9,14983,1,1100,307,50,50
9,14990,2,1026,412,50,50
9,14993,1,1041,383,50,50
9,15005,1,157,869,50,50
9,15006,1,-56,1016,50,50
9,15008,1,842,477,50,50
9,15028,2,764,613,50,50
9,15032,1,598,650,50,50
9,15042,1,545,656,50,50
9,15047,1,766,534,50,50
9,15048,1,26,546,50,50
9,15049,1,413,890,50,50
9,15050,2,159,868,50,50
9,15054,1,248,972,50,50
9,15057,1,35,961,50,50
9,15058,1,532,671,50,50
9,15059,1,715,580,50,50
9,15061,1,49,907,50,50
9,15065,2,813,568,50,50
10,14926,2,965,396,50,50
10,14936,1,-316,1249,50,50
10,14983,1,1101,305,50,50
10,14990,2,1028,411,50,50
10,14993,1,1044,381,50,50
10,15005,1,150,873,50,50
10,15006,1,-66,1022,50,50
10,15008,2,838,486,50,50
10,15028,2,769,610,50,50
10,15032,1,593,653,50,50
10,15042,1,550,648,50,50
10,15047,1,760,536,50,50
10,15048,1,26,547,50,50
10,15049,1,421,885,50,50
10,15050,2,152,872,50,50
10,15054,1,261,967,50,50
10,15057,1,25,968,50,50
10,15058,2,526,674,50,50
10,15059,1,711,583,50,50
10,15061,1,41,912,50,50
10,15065,1,818,566,50,50
11,14926,2,963,397,50,50
11,14936,1,-327,1257,50,50
11,14983,1,1102,302,50,50
11,14990,2,1030,409,50,50
11,14993,1,1046,379,50,50
11,15005,1,143,877,50,50
11,15006,1,-76,1027,50,50
11,15008,2,835,488,50,50
11,15028,2,774,607,50,50
11,15032,1,587,656,50,50
11,15042,1,555,641,50,50
11,15047,1,758,537,50,50
11,15048,1,26,547,50,50
11,15049,1,430,880,50,50
11,15050,2,145,876,50,50
11,15054,1,273,961,50,50
11,15057,1,17,975,49,50
11,15058,2,521,676,50,50
11,15059,1,707,585,50,50
11,15061,1,31,917,50,50
11,15065,2,821,564,50,50
11,15066,1,55,929,50,50
12,14926,2,961,398,50,50
12,14983,1,1103,300,50,50
12,14990,2,1031,408,50,50
12,14993,1,1048,378,50,50
12,15005,1,135,881,50,50
12,15006,1,-86,1033,50,50
12,15008,2,832,490,50,50
12,15028,2,779,603,50,50
12,15032,1,581,659,50,50
12,15042,1,560,633,50,50
12,15047,1,755,539,50,50
12,15048,1,26,547,50,50
12,15049,1,438,875,50,50
12,15050,2,137,880,50,50
12,15054,1,285,956,50,50
12,15057,1,10,980,49,50
12,15058,1,516,679,50,50
12,15059,1,703,588,50,50
12,15061,1,23,922,49,50
12,15065,2,825,561,50,50
12,15066,1,46,934,50,50
13,14926,2,960,399,50,50
13,14983,1,1104,297,50,50
13,14990,2,1033,406,50,50
13,14993,1,1050,376,50,50
13,15005,1,128,885,50,50
13,15006,1,-96,1038,50,50
13,15008,2,830,492,50,50
13,15028,2,784,600,50,50
13,15032,1,575,663,50,50
13,15042,1,565,626,50,50
13,15047,1,753,541,50,50
13,15048,1,26,547,50,50
13,15049,1,446,870,50,50
13,15050,2,130,885,50,50
13,15054,1,297,950,50,50
13,15057,1,3,987,49,50
13,15058,2,511,682,50,50
13,15059,1,699,590,50,50
13,15061,1,14,926,49,50
13,15065,2,828,559,50,50
13,15066,1,35,940,50,50
14,14926,2,958,400,50,50
14,14983,1,1105,294,50,50
14,14990,2,1035,405,50,50
14,14993,1,1053,374,50,50
14,15005,1,121,889,50,50
14,15006,1,-105,1044,50,50
14,15008,2,827,493,50,50
14,15028,2,789,596,50,50
14,15032,1,569,667,50,50
14,15042,1,570,618,50,50
14,15047,1,745,545,50,50
14,15048,1,26,547,50,50
14,15049,1,454,864,50,50
14,15050,2,123,889,50,50
14,15054,1,309,944,50,50
14,15057,1,-8,994,49,50
14,15058,1,506,685,50,50
14,15059,1,695,593,50,50
14,15061,1,6,931,49,50
14,15065,2,831,556,50,50
14,15066,1,26,944,50,50
15,14926,2,957,401,50,50
15,14983,1,1106,292,50,50
15,14990,2,1037,403,50,50
15,14993,1,1055,372,50,50
15,15005,1,113,893,50,50
15,15006,1,-115,1049,50,50
15,15008,2,824,495,50,50
15,15028,2,794,593,50,50
15,15032,1,563,670,50,50
15,15042,1,575,611,50,50
15,15047,1,742,547,50,50
15,15048,1,26,547,50,50
15,15049,1,462,859,50,50
15,15050,2,116,893,50,50
15,15054,1,321,939,50,50
15,15057,1,-18,1000,49,50
15,15058,1,501,688,50,50
15,15059,1,691,595,50,50
15,15061,1,-3,935,49,50
15,15065,2,835,553,50,50
15,15066,1,20,950,49,50
16,14926,2,955,402,50,50
16,14983,1,1107,289,50,50
16,14990,2,1039,401,50,50
16,14993,1,1057,371,50,50
16,15005,1,106,897,50,50
16,15006,1,-125,1055,50,50
16,15008,2,821,498,50,50
16,15028,2,800,590,50,50
16,15032,1,557,674,50,50
16,15042,1,580,603,50,50
16,15047,1,739,549,50,50
16,15048,1,26,547,50,50
16,15049,1,471,854,50,50
16,15050,2,109,897,50,50
16,15054,1,334,933,50,50
16,15057,1,-27,1007,50,50
16,15058,2,496,691,50,50
16,15059,1,687,598,50,50
16,15061,1,-11,939,49,50
16,15065,2,838,551,50,50
16,15066,1,12,954,49,50
17,14926,2,953,403,50,50
17,14983,1,1108,287,50,50
17,14990,2,1041,400,50,50
17,14993,1,1059,369,50,50
17,15005,1,99,901,50,50
17,15006,1,-135,1060,50,50
17,15008,2,818,500,50,50
17,15028,2,805,586,50,50
17,15032,1,551,677,50,50
17,15042,1,585,596,50,50
17,15047,1,736,551,50,50
17,15048,1,26,547,50,50
17,15049,1,479,849,50,50
17,15050,2,101,901,50,50
17,15054,1,346,928,50,50
17,15057,1,-37,1013,50,50
17,15058,1,491,693,50,50
17,15059,1,682,600,50,50
17,15061,1,-20,944,49,50
17,15065,2,842,549,50,50
17,15066,2,9,959,49,50
18,14926,2,952,405,50,50
18,14983,1,1109,284,50,50
18,14990,2,1043,398,50,50
18,14993,1,1062,367,50,50
18,15005,1,92,905,50,50
18,15006,1,-145,1066,50,50
18,15008,2,815,502,50,50
18,15028,2,810,583,50,50
18,15032,1,546,680,50,50
18,15042,1,590,588,50,50
18,15047,1,733,553,50,50
18,15048,1,26,547,50,50
18,15049,1,487,844,50,50
18,15050,2,94,905,50,50
18,15054,1,358,922,50,50
18,15057,1,-48,1020,50,50
18,15058,1,485,697,50,50
18,15059,1,678,603,50,50
18,15061,1,-27,948,50,50
18,15065,2,845,546,50,50
18,15066,2,3,964,49,50
19,14926,2,950,406,50,50
19,14983,1,1110,282,50,50
19,14990,2,1045,397,50,50
19,14993,1,1064,365,50,50
19,15005,1,84,910,50,50
19,15006,1,-155,1072,50,50
19,15008,2,812,503,50,50
19,15028,2,815,580,50,50
19,15032,1,539,684,50,50
19,15042,1,595,581,50,50
19,15047,1,730,555,50,50
19,15048,1,26,547,50,50
19,15049,1,495,839,50,50
19,15050,2,87,909,50,50
19,15054,1,370,916,50,50
19,15057,1,-58,1026,50,50
19,15058,1,480,700,50,50
19,15059,1,669,609,50,50
19,15061,1,-36,953,50,50
19,15065,2,848,545,50,50
19,15066,2,-4,968,49,50
20,14926,2,960,450,50,50
20,14983,1,1111,279,50,50
20,14990,2,1047,395,50,50
20,14993,1,1066,364,50,50
20,15005,1,77,914,50,50
20,15006,1,-164,1077,50,50
20,15008,2,809,505,50,50
20,15028,2,820,576,50,50
20,15032,1,532,688,50,50
20,15042,1,600,573,50,50
20,15047,1,728,557,50,50
20,15048,1,26,547,50,50
20,15049,1,503,834,50,50
20,15050,2,80,913,50,50
20,15054,1,382,911,50,50
20,15057,1,-68,1033,50,50
20,15058,1,474,704,50,50
20,15059,1,663,612,50,50
20,15061,1,-44,957,50,50
20,15065,2,851,543,50,50
20,15066,2,-11,973,49,50
21,14926,2,959,453,50,50
21,14983,1,1112,276,50,50
21,14990,2,1049,394,50,50
21,14993,1,1068,362,50,50
21,15005,1,70,918,50,50
21,15006,1,-174,1083,50,50
21,15008,1,806,507,50,50
21,15028,2,825,573,50,50
21,15032,1,527,692,50,50
21,15042,1,604,566,50,50
21,15047,1,723,559,50,50
21,15049,1,512,828,50,50
21,15050,2,73,917,50,50
21,15054,1,394,905,50,50
21,15057,1,-78,1039,50,50
21,15058,1,469,707,50,50
21,15059,1,658,615,50,50
21,15061,1,-53,962,50,50
21,15065,2,854,541,50,50
21,15066,2,-18,977,49,50
22,14926,2,964,449,50,50
22,14983,1,1113,274,50,50
22,14990,2,1051,392,50,50
22,14993,1,1071,360,50,50
22,15005,1,62,922,50,50
22,15006,1,-184,1088,50,50
22,15008,2,803,508,50,50
22,15028,2,830,569,50,50
22,15032,1,520,695,50,50
22,15042,1,609,558,50,50
22,15047,1,717,562,50,50
22,15049,1,520,823,50,50
22,15050,1,156,875,50,50
22,15054,1,407,900,50,50
22,15057,1,-89,1046,50,50
22,15058,2,464,710,50,50
22,15059,1,654,618,50,50
22,15061,1,-61,966,50,50
22,15065,2,857,539,50,50
22,15066,2,-25,982,49,50
23,14926,2,966,447,50,50
23,14983,1,1114,271,50,50
23,14990,2,1053,391,50,50
23,14993,1,1073,359,50,50
23,15005,1,55,926,50,50
23,15006,1,-194,1094,50,50
23,15008,2,800,510,50,50
23,15028,2,835,566,50,50
23,15032,1,514,699,50,50
23,15042,1,614,551,50,50
23,15047,1,714,564,50,50
23,15049,1,528,818,50,50
23,15050,1,150,879,50,50
23,15054,1,419,894,50,50
23,15057,1,-99,1052,50,50
23,15058,1,458,713,50,50
23,15059,1,649,622,50,50
23,15061,1,-70,971,50,50
23,15065,2,861,537,50,50
23,15066,2,-31,986,50,50
24,14926,2,965,449,50,50
24,14983,1,1115,269,50,50
24,14990,2,1055,389,50,50
24,14993,1,1075,357,50,50
24,15005,1,48,930,50,50
24,15008,2,797,512,50,50
24,15028,2,840,563,50,50
24,15032,1,506,704,50,50
24,15042,1,619,543,50,50
24,15047,1,711,567,50,50
24,15049,1,536,813,50,50
24,15050,1,142,883,50,50
24,15054,1,431,888,50,50
24,15057,1,-109,1059,50,50
24,15058,1,452,716,50,50
24,15059,1,643,625,50,50
24,15061,1,-78,975,50,50
24,15065,2,864,534,50,50
24,15066,2,-38,991,50,50
25,14926,2,965,451,50,50
25,14983,1,1116,266,50,50
25,14990,2,1057,388,50,50
25,14993,1,1077,355,50,50
25,15005,1,41,934,50,50
25,15008,2,794,514,50,50
25,15028,2,845,559,50,50
25,15032,1,500,708,50,50
25,15042,1,624,536,50,50
25,15047,1,707,569,50,50
25,15049,1,544,808,50,50
25,15050,1,134,887,50,50
25,15054,1,443,883,50,50
25,15057,1,-119,1065,50,50
25,15058,1,447,720,50,50
25,15059,1,638,628,50,50
25,15061,1,-87,979,50,50
25,15065,2,868,531,50,50
25,15066,2,-44,995,50,50
26,14926,2,965,453,50,50
26,14983,1,1117,264,50,50
26,14990,2,1059,386,50,50
26,14993,1,1080,353,50,50
26,15005,1,33,938,50,50
26,15008,2,791,516,50,50
26,15028,2,850,556,50,50
26,15032,1,494,711,50,50
26,15042,1,629,528,50,50
26,15047,1,703,572,50,50
26,15049,1,553,803,50,50
26,15050,1,125,892,50,50
26,15054,1,455,877,50,50
26,15057,1,-130,1072,50,50
26,15058,1,441,723,50,50
26,15059,1,634,631,50,50
26,15061,1,-95,984,50,50
26,15065,2,870,529,50,50
26,15066,2,-51,1000,50,50
27,14926,2,965,455,50,50
27,14983,1,1118,261,50,50
27,14990,2,1060,385,50,50
27,14993,1,1082,352,50,50
27,15005,1,26,942,50,50
27,15008,1,787,520,50,50
27,15028,2,855,553,50,50
27,15032,1,487,715,50,50
27,15042,1,634,521,50,50
27,15047,1,700,574,50,50
27,15049,1,561,798,50,50
27,15050,1,116,897,50,50
27,15054,1,467,872,50,50
27,15057,1,-140,1079,50,50
27,15058,1,434,727,50,50
27,15059,2,628,635,50,50
27,15061,1,-104,988,50,50
27,15065,2,873,528,50,50
27,15066,2,-58,1004,50,50
28,14926,2,964,457,50,50
28,14983,1,1119,258,50,50
28,14993,1,1084,350,50,50
28,15005,1,19,947,49,50
28,15008,1,783,522,50,50
28,15028,2,860,549,50,50
28,15032,1,479,719,50,50
28,15042,1,639,513,50,50
28,15047,1,697,576,50,50
28,15049,1,569,793,50,50
28,15050,1,107,902,50,50
28,15054,1,480,866,50,50
28,15057,1,-150,1085,50,50
28,15058,1,427,730,50,50
28,15059,2,623,638,50,50
28,15061,1,-112,993,50,50
28,15065,2,876,526,50,50
28,15066,2,-65,1009,50,50
29,14926,2,964,459,50,50
29,14983,1,1121,256,50,50
29,14993,1,1086,348,50,50
29,15005,1,11,951,49,50
29,15008,1,780,524,50,50
29,15028,2,865,546,50,50
29,15032,1,473,723,50,50
29,15042,1,644,506,50,50
29,15047,1,693,578,50,50
29,15049,1,577,787,50,50
29,15050,1,98,907,50,50
29,15054,1,492,860,50,50
29,15057,1,-160,1092,50,50
29,15058,1,422,734,50,50
29,15059,2,618,641,50,50
29,15061,1,-121,997,50,50
29,15065,2,879,524,50,50
29,15066,2,-72,1013,50,50
30,14926,2,964,461,50,50
30,14983,1,1122,253,50,50
30,15008,1,777,526,50,50
30,15032,1,466,727,50,50
30,15042,1,649,498,50,50
30,15047,1,688,581,50,50
30,15050,1,92,910,50,50
30,15057,1,-171,1098,50,50
30,15058,1,416,737,50,50
30,15059,2,613,645,50,50
30,15061,1,-129,1002,50,50
30,15065,2,882,522,50,50
30,15066,2,-79,1017,50,50
31,14926,2,964,463,50,50
31,14983,1,1123,251,50,50
31,15008,1,773,528,50,50
31,15032,1,458,732,50,50
31,15042,1,654,491,50,50
31,15047,1,685,584,50,50
31,15050,1,85,914,50,50
31,15057,1,-181,1105,50,50
31,15058,1,410,740,50,50
31,15059,1,604,649,50,50
31,15061,1,-138,1006,50,50
31,15065,2,885,520,50,50
31,15066,2,-86,1022,50,50
32,14926,2,964,465,50,50
32,14983,1,1124,248,50,50
32,15008,1,770,530,50,50
32,15032,1,451,736,50,50
32,15042,1,659,483,50,50
32,15047,1,682,586,50,50
32,15050,1,68,923,50,50
32,15057,1,-191,1111,50,50
32,15058,1,405,743,50,50
32,15059,1,598,653,50,50
32,15061,1,-146,1011,50,50
32,15065,2,888,518,50,50
32,15066,2,-92,1026,50,50
33,14926,2,963,467,50,50
33,14983,1,1125,245,50,50
33,15008,2,767,532,50,50
33,15032,1,443,740,50,50
33,15042,1,664,476,50,50
33,15047,1,677,588,50,50
33,15050,1,59,928,50,50
33,15057,1,-201,1118,50,50
33,15058,1,399,746,50,50
33,15059,1,593,656,50,50
33,15061,1,-155,1015,50,50
33,15065,2,892,516,50,50
33,15066,2,-99,1031,50,50
34,14926,2,963,469,50,50
34,14983,1,1126,243,50,50
34,15008,2,763,534,50,50
34,15032,1,436,744,50,50
34,15042,1,669,468,50,50
34,15047,1,673,590,50,50
34,15050,1,49,933,50,50
34,15057,1,-212,1124,50,50
34,15058,1,393,749,50,50
34,15059,1,587,659,50,50
34,15061,1,-163,1020,50,50
34,15065,2,895,513,50,50
34,15066,2,-106,1035,50,50
35,14926,0,934,441,50,50
35,14983,1,1127,240,50,50
35,15008,2,760,536,50,50
35,15032,1,428,748,50,50
35,15042,1,673,461,50,50
35,15047,1,669,593,50,50
35,15050,1,40,937,50,50
35,15057,1,-222,1131,50,50
35,15058,1,385,754,50,50
35,15059,1,582,662,50,50
35,15061,1,-172,1024,50,50
35,15065,2,898,511,50,50
35,15066,2,-113,1040,50,50
36,14926,0,932,441,50,50
36,15008,2,757,538,50,50
36,15032,1,421,752,50,50
36,15042,1,678,453,50,50
36,15047,1,665,596,50,50
36,15050,1,31,942,50,50
36,15057,1,-232,1137,50,50
36,15058,1,380,757,50,50
36,15059,1,576,666,50,50
36,15061,1,-180,1028,50,50
36,15065,2,901,509,50,50
36,15066,2,-120,1044,50,50
36,15078,1,983,395,50,50
37,14926,0,929,443,50,50
37,15008,2,754,540,50,50
37,15032,1,414,757,50,50
37,15042,1,683,446,50,50
37,15047,1,661,598,50,50
37,15050,1,25,947,50,50
37,15057,1,-242,1144,50,50
37,15058,1,374,761,50,50
37,15059,1,569,670,50,50
37,15061,1,-189,1033,50,50
37,15065,2,904,507,50,50
37,15066,2,-127,1049,50,50
37,15078,1,982,396,50,50
38,14926,0,927,445,50,50
38,15008,2,751,542,50,50
38,15032,1,406,761,50,50
38,15042,1,688,438,50,50
38,15047,1,657,600,50,50
38,15050,1,19,952,49,50
38,15057,1,-253,1150,50,50
38,15058,1,368,764,50,50
38,15059,1,564,674,50,50
38,15061,1,-197,1037,50,50
38,15065,2,907,505,50,50
38,15066,2,-134,1053,50,50
38,15078,1,981,397,50,50
39,14926,0,924,447,50,50
39,15008,2,748,544,50,50
39,15032,1,399,765,50,50
39,15047,1,653,602,50,50
39,15050,1,12,956,49,50
39,15057,1,-263,1157,50,50
39,15058,1,360,767,50,50
39,15059,1,558,678,50,50
39,15061,1,-206,1042,50,50
39,15065,2,910,503,50,50
39,15066,2,-140,1058,50,50
39,15078,1,980,398,50,50
40,14926,0,921,448,50,50
40,15008,2,744,546,50,50
40,15032,1,390,770,50,50
40,15047,1,649,605,50,50
40,15050,1,9,959,49,50
40,15057,1,-273,1163,50,50
40,15058,1,354,771,50,50
40,15059,1,550,681,50,50
40,15061,1,-214,1046,50,50
40,15065,2,914,501,50,50
40,15066,2,-147,1062,50,50
40,15078,1,979,398,50,50
41,14926,0,918,449,50,50
41,15008,2,741,548,50,50
41,15032,1,382,775,50,50
41,15047,1,644,608,50,50
41,15050,2,5,962,49,50
41,15057,1,-283,1170,50,50
41,15058,1,348,774,50,50
41,15059,1,544,685,50,50
41,15061,1,-223,1051,50,50
41,15065,2,917,499,50,50
41,15066,2,-154,1067,50,50
41,15078,1,978,399,50,50
42,14926,0,915,452,50,50
42,15008,2,735,551,50,50
42,15032,1,373,779,50,50
42,15047,1,639,611,50,50
42,15050,2,-2,966,49,50
42,15057,1,-294,1176,50,50
42,15058,1,340,778,50,50
42,15059,1,537,688,50,50
42,15065,2,920,497,50,50
42,15066,2,-161,1071,50,50
42,15078,1,977,400,50,50
42,15082,1,50,1014,50,50
43,14926,0,912,453,50,50
43,15008,2,731,554,50,50
43,15032,1,365,784,50,50
43,15047,1,635,613,50,50
43,15050,2,-9,970,49,50
43,15057,1,-304,1183,50,50
43,15058,1,334,782,50,50
43,15059,1,531,692,50,50
43,15065,2,923,495,50,50
43,15066,2,-168,1076,50,50
43,15078,1,976,400,50,50
43,15082,1,65,1005,50,50
44,14926,0,910,455,50,50
44,15008,2,728,556,50,50
44,15032,1,357,789,50,50
44,15047,1,631,615,50,50
44,15050,2,-15,975,49,50
44,15058,1,327,785,50,50
44,15059,1,524,696,50,50
44,15065,2,926,493,50,50
44,15066,2,-175,1080,50,50
44,15078,1,975,401,50,50
44,15082,1,80,997,50,50
45,14926,0,908,457,50,50
45,15008,2,724,558,50,50
45,15032,1,347,794,50,50
45,15047,1,626,618,50,50
45,15050,2,-22,979,49,50
45,15058,1,320,789,50,50
45,15059,1,518,700,50,50
45,15065,2,929,491,50,50
45,15066,2,-181,1085,50,50
45,15078,1,974,402,50,50
45,15082,1,93,990,50,50
46,14926,0,906,459,50,50
46,15008,2,721,560,50,50
46,15032,1,338,798,50,50
46,15047,1,622,621,50,50
46,15050,2,-28,983,50,50
46,15058,1,315,792,50,50
46,15059,1,511,704,50,50
46,15065,0,922,490,50,50
46,15066,2,-188,1089,50,50
46,15078,1,973,403,50,50
46,15082,1,107,982,50,50
47,14926,0,903,461,50,50
47,15008,2,718,562,50,50
47,15032,1,329,803,50,50
47,15047,1,618,623,50,50
47,15050,2,-35,987,50,50
47,15058,1,309,795,50,50
47,15059,1,505,708,50,50
47,15065,0,924,488,50,50
47,15066,2,-195,1094,50,50
47,15078,1,972,403,50,50
47,15082,1,122,975,50,50
48,14926,0,901,462,50,50
48,15008,2,711,566,50,50
48,15032,1,321,807,50,50
48,15047,1,613,626,50,50
48,15050,2,-41,991,50,50
48,15058,1,303,799,50,50
48,15059,1,498,712,50,50
48,15065,0,927,487,50,50
48,15078,0,968,475,50,50
48,15082,1,136,967,50,50
49,14926,0,898,464,50,50
49,15008,2,707,568,50,50
49,15032,1,306,811,50,50
49,15047,1,609,629,50,50
49,15050,2,-48,995,50,50
49,15058,1,296,802,50,50
49,15059,1,491,716,50,50
49,15065,0,929,485,50,50
49,15078,0,969,476,50,50
49,15082,1,150,959,50,50
50,14926,0,896,465,50,50
50,15008,2,703,570,50,50
50,15032,1,299,816,50,50
50,15047,1,605,632,50,50
50,15050,2,-55,1000,50,50
50,15058,1,294,812,50,50
50,15059,1,483,720,50,50
50,15065,0,932,483,50,50
50,15078,0,968,482,50,50
50,15082,1,163,952,50,50
51,14926,0,893,467,50,50
51,15008,2,700,573,50,50
51,15032,1,290,821,50,50
51,15047,1,600,634,50,50
51,15050,2,-62,1004,50,50
51,15058,1,286,815,50,50
51,15059,1,476,724,50,50
51,15065,0,935,481,50,50
51,15078,0,966,488,50,50
51,15082,1,176,944,50,50
51,15089,1,29,1066,50,50
52,14926,0,891,468,50,50
52,15008,2,696,576,50,50
52,15032,1,282,827,50,50
52,15047,1,596,637,50,50
52,15050,2,-69,1008,50,50
52,15058,1,275,819,50,50
52,15059,1,469,728,50,50
52,15065,0,937,479,50,50
52,15078,0,965,494,50,50
52,15082,1,189,937,50,50
52,15089,1,35,1064,50,50
53,14926,0,888,469,50,50
53,15008,1,691,578,50,50
53,15032,1,273,832,50,50
53,15047,1,591,640,50,50
53,15050,2,-75,1012,50,50
53,15058,1,265,822,50,50
53,15059,1,462,732,50,50
53,15065,0,940,477,50,50
53,15078,0,964,500,50,50
53,15082,1,201,930,50,50
53,15089,1,47,1061,50,50
54,14926,0,886,471,50,50
54,15008,1,687,581,50,50
54,15032,1,263,838,50,50
54,15047,1,586,643,50,50
54,15050,2,-82,1016,50,50
54,15058,1,257,826,50,50
54,15059,1,454,736,50,50
54,15065,0,942,475,50,50
54,15078,0,963,506,50,50
54,15082,1,214,923,50,50
54,15089,1,56,1058,50,50
54,15093,1,542,649,50,50
55,14926,0,884,472,50,50
55,15008,1,683,583,50,50
55,15032,1,254,843,50,50
55,15047,1,581,645,50,50
55,15050,2,-89,1020,50,50
55,15058,1,248,829,50,50
55,15059,1,446,740,50,50
55,15065,0,944,475,50,50
55,15078,0,962,511,50,50
55,15082,1,226,917,50,50
55,15089,1,65,1053,50,50
55,15093,1,537,652,50,50
56,14926,0,881,473,50,50
56,15008,1,679,585,50,50
56,15032,1,244,849,50,50
56,15047,1,575,648,50,50
56,15050,2,-96,1025,50,50
56,15058,1,240,833,50,50
56,15059,1,439,745,50,50
56,15065,0,946,474,50,50
56,15078,0,961,517,50,50
56,15082,1,239,910,50,50
56,15089,1,75,1047,50,50
56,15093,1,531,655,50,50
57,14926,0,879,475,50,50
57,15008,2,674,588,50,50
57,15032,1,233,853,50,50
57,15047,1,571,651,50,50
57,15050,2,-103,1029,50,50
57,15058,1,230,840,50,50
57,15059,1,431,749,50,50
57,15065,0,949,472,50,50
57,15078,0,960,523,50,50
57,15082,1,249,904,50,50
57,15089,1,83,1042,50,50
57,15093,1,526,657,50,50
58,14926,0,876,476,50,50
58,15008,2,670,591,50,50
58,15032,1,223,860,50,50
58,15047,1,565,654,50,50
58,15050,2,-109,1033,50,50
58,15058,1,223,843,50,50
58,15059,1,423,754,50,50
58,15065,0,951,471,50,50
58,15078,0,959,529,50,50
58,15082,1,261,897,50,50
58,15089,1,93,1037,50,50
58,15093,1,521,660,50,50
59,14926,0,874,477,50,50
59,15008,2,665,594,50,50
59,15032,1,213,867,50,50
59,15047,1,560,657,50,50
59,15050,2,-116,1037,50,50
59,15058,1,215,847,50,50
59,15059,1,415,759,50,50
59,15065,0,954,469,50,50
59,15078,0,958,535,50,50
59,15082,1,273,890,50,50
59,15089,1,102,1032,50,50
59,15093,1,517,663,50,50
59,15098,2,1027,371,50,50
60,14926,0,871,479,50,50
60,15008,2,661,597,50,50
60,15032,1,203,873,50,50
60,15047,1,555,659,50,50
60,15050,2,-123,1041,50,50
60,15058,1,206,851,50,50
60,15059,1,406,764,50,50
60,15065,0,956,467,50,50
60,15078,0,957,541,50,50
60,15082,1,284,883,50,50
60,15089,1,111,1026,50,50
60,15093,1,512,665,50,50
60,15098,1,1025,372,50,50
61,14926,2,861,489,50,50
61,15008,1,656,599,50,50
61,15032,1,192,879,50,50
61,15047,1,549,663,50,50
61,15050,2,-130,1045,50,50
61,15058,1,198,855,50,50
61,15059,1,397,768,50,50
61,15065,0,959,465,50,50
61,15078,0,956,546,50,50
61,15082,1,296,876,50,50
61,15089,1,119,1021,50,50
61,15093,1,506,668,50,50
61,15098,1,1023,373,50,50
62,14926,2,858,491,50,50
62,15008,2,652,602,50,50
62,15032,1,181,885,50,50
62,15047,1,544,666,50,50
62,15050,2,-136,1050,50,50
62,15058,1,190,859,50,50
62,15059,1,390,772,50,50
62,15065,0,961,464,50,50
62,15078,0,955,552,50,50
62,15082,1,308,869,50,50
62,15089,1,128,1016,50,50
62,15093,1,501,671,50,50
62,15098,1,1022,373,50,50
63,14926,2,855,493,50,50
63,15008,2,647,604,50,50
63,15032,1,171,891,50,50
63,15047,1,539,669,50,50
63,15050,2,-143,1054,50,50
63,15058,1,182,863,50,50
63,15059,1,381,777,50,50
63,15065,0,964,462,50,50
63,15078,0,954,558,50,50
63,15082,1,320,862,50,50
63,15089,1,137,1011,50,50
63,15093,1,497,673,50,50
63,15098,1,1021,374,50,50
63,15101,0,1059,383,50,50
64,14926,2,852,495,50,50
64,15008,2,643,607,50,50
64,15032,1,159,896,50,50
64,15047,1,535,672,50,50
64,15050,2,-150,1058,50,50
64,15058,1,173,867,50,50
64,15059,1,372,782,50,50
64,15065,0,966,460,50,50
64,15078,0,953,564,50,50
64,15082,1,332,855,50,50
64,15089,1,145,1005,50,50
64,15093,1,492,675,50,50
64,15098,1,1019,376,50,50
64,15101,0,1060,382,50,50
64,15102,0,7,408,50,50
65,14926,2,849,497,50,50
65,15008,1,639,609,50,50
65,15032,1,148,903,50,50
65,15047,1,528,675,50,50
65,15050,2,-157,1062,50,50
65,15058,1,164,872,50,50
65,15059,1,363,787,50,50
65,15065,0,969,458,50,50
65,15078,0,952,570,50,50
65,15082,1,345,848,50,50
65,15089,1,154,1000,50,50
65,15093,1,487,678,50,50
65,15098,1,1017,377,50,50
65,15101,0,1061,382,50,50
65,15102,0,7,408,50,50
66,14926,1,844,500,50,50
66,15008,2,634,612,50,50
66,15032,1,137,910,50,50
66,15047,1,523,678,50,50
66,15050,2,-164,1066,50,50
66,15058,1,156,877,50,50
66,15059,1,355,792,50,50
66,15065,0,971,457,50,50
66,15078,0,951,575,50,50
66,15082,1,349,846,50,50
66,15089,1,162,995,50,50
66,15093,1,481,681,50,50
66,15098,1,1016,378,50,50
66,15101,0,1062,381,50,50
66,15102,0,7,407,50,50
67,14926,1,841,502,50,50
67,15008,2,630,615,50,50
67,15032,1,125,916,50,50
67,15047,1,517,681,50,50
67,15050,2,-170,1070,50,50
67,15058,1,146,881,50,50
67,15059,1,346,796,50,50
67,15065,0,974,455,50,50
67,15078,0,950,581,50,50
67,15082,1,358,840,50,50
67,15089,1,170,990,50,50
67,15093,1,476,684,50,50
67,15098,1,1015,379,50,50
67,15101,0,1063,381,50,50
67,15102,0,7,407,50,50
68,14926,1,837,505,50,50
68,15008,2,624,617,50,50
68,15032,1,112,922,50,50
68,15047,1,512,684,50,50
68,15050,2,-177,1074,50,50
68,15058,1,137,886,50,50
68,15059,1,337,801,50,50
68,15065,0,976,453,50,50
68,15078,0,949,587,50,50
68,15082,1,367,835,50,50
68,15089,1,178,985,50,50
68,15093,1,471,686,50,50
68,15098,1,1014,381,50,50
68,15101,0,1065,380,50,50
68,15102,0,7,407,50,50
69,14926,1,834,507,50,50
69,15008,1,619,620,50,50
69,15032,1,100,928,50,50
69,15047,1,505,688,50,50
69,15050,2,-184,1079,50,50
69,15058,1,128,891,50,50
69,15059,1,329,805,50,50
69,15065,0,1010,414,50,50
69,15078,0,948,593,50,50
69,15082,1,376,829,50,50
69,15089,1,186,980,50,50
69,15093,1,466,689,50,50
69,15098,1,1012,382,50,50
69,15101,0,1066,380,50,50
69,15102,0,7,407,50,50
70,14926,1,831,509,50,50
70,15008,1,614,623,50,50
70,15032,1,88,934,50,50
70,15047,1,500,691,50,50
70,15050,2,-191,1083,50,50
70,15058,1,118,896,50,50
70,15059,1,322,810,50,50
70,15065,0,1013,412,50,50
70,15078,0,947,599,50,50
70,15082,1,385,824,50,50
70,15089,1,195,976,50,50
70,15093,1,461,693,50,50
70,15098,1,1010,383,50,50
70,15101,0,1067,379,50,50
70,15102,0,7,407,50,50
71,14926,1,827,512,50,50
71,15008,1,609,626,50,50
71,15032,1,75,940,50,50
71,15047,1,493,694,50,50
71,15050,2,-197,1087,50,50
71,15058,1,109,901,50,50
71,15059,1,314,814,50,50
71,15065,0,1018,408,50,50
71,15078,0,946,605,50,50
71,15082,1,395,818,50,50
71,15089,1,203,971,50,50
71,15093,1,456,696,50,50
71,15098,1,1008,385,50,50
71,15101,0,1068,379,50,50
71,15102,0,7,407,50,50
72,14926,1,823,515,50,50
72,15008,1,604,628,50,50
72,15032,1,63,947,50,50
72,15047,1,488,698,50,50
72,15058,1,99,906,50,50
72,15059,1,306,819,50,50
72,15065,0,1018,408,50,50
72,15078,0,945,610,50,50
72,15082,1,406,812,50,50
72,15089,1,212,966,50,50
72,15093,1,449,699,50,50
72,15098,1,1006,386,50,50
72,15101,0,1069,378,50,50
72,15102,0,7,407,50,50
73,14926,1,820,517,50,50
73,15008,1,599,632,50,50
73,15032,1,50,954,50,50
73,15047,1,482,701,50,50
73,15058,1,89,911,50,50
73,15059,1,298,823,50,50
73,15065,0,1022,405,50,50
73,15078,0,944,616,50,50
73,15082,1,416,806,50,50
73,15089,1,220,961,50,50
73,15093,1,444,701,50,50
73,15098,1,1004,387,50,50
73,15101,0,1070,378,50,50
73,15102,0,7,408,50,50
74,14926,1,817,519,50,50
74,15008,1,594,635,50,50
74,15032,1,37,960,50,50
74,15047,1,476,704,50,50
74,15058,1,80,917,50,50
74,15059,1,290,828,50,50
74,15065,0,1026,401,50,50
74,15078,0,943,622,50,50
74,15082,1,427,799,50,50
74,15089,1,226,957,50,50
74,15093,1,439,704,50,50
74,15098,1,1003,388,50,50
74,15101,0,1071,377,50,50
74,15102,0,7,408,50,50
75,14926,1,812,521,50,50
75,15008,1,589,638,50,50
75,15032,1,28,967,50,50
75,15047,1,470,708,50,50
75,15058,1,70,922,50,50
75,15059,1,282,832,50,50
75,15065,0,1030,398,50,50
75,15078,0,942,628,50,50
75,15082,1,437,793,50,50
75,15089,1,234,952,50,50
75,15093,1,433,707,50,50
75,15098,1,1001,389,50,50
75,15101,0,1073,377,50,50
75,15102,0,7,408,50,50
75,15106,1,915,436,50,50
76,14926,1,809,523,50,50
76,15008,1,583,640,50,50
76,15032,1,20,974,49,50
76,15047,1,465,711,50,50
76,15058,1,60,927,50,50
76,15059,1,261,842,50,50
76,15065,0,1034,394,50,50
76,15078,0,941,634,50,50
76,15082,1,448,787,50,50
76,15089,1,241,948,50,50
76,15093,1,428,710,50,50
76,15098,1,999,390,50,50
76,15101,0,1074,376,50,50
76,15102,0,7,408,50,50
76,15106,1,913,438,50,50
77,14926,1,806,525,50,50
77,15008,1,578,644,50,50
77,15032,1,13,980,49,50
77,15047,1,459,715,50,50
77,15058,1,50,931,50,50
77,15059,1,251,847,50,50
77,15065,0,1038,391,50,50
77,15078,0,940,640,50,50
77,15082,1,458,781,50,50
77,15089,1,249,944,50,50
77,15093,1,423,712,50,50
77,15098,1,998,391,50,50
77,15101,0,1075,376,50,50
77,15102,0,7,407,50,50
77,15106,1,911,439,50,50
78,14926,1,802,528,50,50
78,15008,1,574,647,50,50
78,15032,1,6,986,49,50
78,15047,1,453,718,50,50
78,15058,1,41,936,50,50
78,15059,1,240,853,50,50
78,15065,0,1042,387,50,50
78,15078,0,939,645,50,50
78,15082,1,459,781,50,50
78,15089,1,257,939,50,50
78,15093,1,418,715,50,50
78,15098,1,996,392,50,50
78,15101,0,1076,375,50,50
78,15102,0,7,407,50,50
78,15106,1,909,440,50,50
78,15108,1,1487,177,50,50
79,14926,1,799,530,50,50
79,15008,1,569,649,50,50
79,15032,1,-5,992,49,50
79,15047,1,447,721,50,50
79,15058,1,31,942,50,50
79,15059,1,229,859,50,50
79,15065,0,1046,383,50,50
79,15078,0,938,651,50,50
79,15082,1,469,776,50,50
79,15089,1,265,935,50,50
79,15093,1,413,718,50,50
79,15098,1,994,393,50,50
79,15101,0,1077,375,50,50
79,15102,0,7,407,50,50
79,15106,1,907,441,50,50
79,15108,1,1487,177,50,50
80,14926,1,796,532,50,50
80,15008,1,563,653,50,50
80,15032,1,-15,998,49,50
80,15047,1,441,725,50,50
80,15058,1,23,947,49,50
80,15059,1,219,864,50,50
80,15065,0,1050,380,50,50
80,15082,1,477,771,50,50
80,15089,1,273,931,50,50
80,15093,1,408,721,50,50
80,15098,1,993,394,50,50
80,15101,0,1078,374,50,50
80,15102,0,7,407,50,50
80,15106,1,906,443,50,50
80,15108,1,1488,177,50,50
81,14926,1,792,534,50,50
81,15008,1,558,656,50,50
81,15032,1,-25,1005,49,50
81,15047,1,433,729,50,50
81,15058,1,17,952,49,50
81,15059,1,208,871,50,50
81,15065,0,1054,376,50,50
81,15082,1,485,766,50,50
81,15089,1,278,926,50,50
81,15093,1,400,726,50,50
81,15098,1,991,395,50,50
81,15101,0,1080,374,50,50
81,15102,0,7,407,50,50
81,15106,1,904,444,50,50
81,15108,1,1488,177,50,50
82,14926,1,789,537,50,50
82,15008,1,551,659,50,50
82,15032,1,-34,1011,50,50
82,15047,1,425,733,50,50
82,15058,2,12,958,49,50
82,15059,1,198,877,50,50
82,15065,0,1057,373,50,50
82,15082,1,495,761,50,50
82,15089,1,285,922,50,50
82,15093,1,393,729,50,50
82,15098,1,989,397,50,50
82,15101,0,1081,373,50,50
82,15102,0,7,407,50,50
82,15106,1,902,445,50,50
82,15108,1,1488,177,50,50
83,14926,1,786,539,50,50
83,15008,2,546,662,50,50
83,15032,1,-44,1017,50,50
83,15047,1,417,737,50,50
83,15058,1,7,967,49,50
83,15059,1,188,882,50,50
83,15065,0,1061,369,50,50
83,15082,1,504,755,50,50
83,15089,1,293,918,50,50
83,15093,1,388,732,50,50
83,15098,1,988,398,50,50
83,15101,0,1082,373,50,50
83,15102,0,7,407,50,50
83,15106,1,900,446,50,50
83,15108,1,1488,177,50,50
84,14926,1,782,541,50,50
84,15008,1,541,665,50,50
84,15032,1,-55,1023,50,50
84,15047,1,412,739,50,50
84,15058,1,-1,972,49,50
84,15059,1,177,889,50,50
84,15065,0,1065,366,50,50
84,15082,1,514,750,50,50
84,15089,1,300,914,50,50
84,15093,1,382,735,50,50
84,15098,1,986,399,50,50
84,15101,0,1083,372,50,50
84,15102,0,7,407,50,50
84,15106,1,899,447,50,50
84,15108,1,1488,177,50,50
85,14926,1,779,543,50,50
85,15008,1,535,669,50,50
85,15032,1,-65,1029,50,50
85,15047,1,407,742,50,50
85,15058,1,-9,977,49,50
85,15059,1,165,896,50,50
85,15065,0,1069,362,50,50
85,15082,1,515,747,50,50
85,15089,1,307,910,50,50
85,15093,1,376,738,50,50
85,15098,1,984,400,50,50
85,15101,0,1084,372,50,50
85,15102,0,7,407,50,50
85,15106,1,897,448,50,50
85,15108,1,1488,177,50,50
86,14926,1,775,545,50,50
86,15008,1,529,672,50,50
86,15032,1,-75,1036,50,50
86,15047,1,401,746,50,50
86,15058,1,-17,983,49,50
86,15059,1,154,902,50,50
86,15065,0,1073,359,50,50
86,15082,1,522,743,50,50
86,15089,1,314,906,50,50
86,15093,1,371,741,50,50
86,15098,1,983,402,50,50
86,15101,0,1085,371,50,50
86,15102,0,7,407,50,50
86,15106,1,895,449,50,50
86,15108,1,1488,177,50,50
87,14926,1,772,548,50,50
87,15008,1,524,675,50,50
87,15032,1,-85,1042,50,50
87,15047,1,394,749,50,50
87,15058,1,-25,988,49,50
87,15059,1,142,908,50,50
87,15065,0,1077,355,50,50
87,15082,1,529,739,50,50
87,15089,1,321,902,50,50
87,15093,1,365,744,50,50
87,15098,1,981,403,50,50
87,15101,0,1086,371,50,50
87,15102,0,7,407,50,50
87,15106,1,891,453,50,50
87,15108,1,1488,177,50,50
88,14926,1,769,550,50,50
88,15008,1,518,679,50,50
88,15032,1,-95,1048,50,50
88,15047,1,386,753,50,50
88,15058,1,-32,994,50,50
88,15059,1,130,915,50,50
88,15065,0,1081,351,50,50
88,15082,1,538,734,50,50
88,15089,1,327,898,50,50
88,15093,1,359,747,50,50
88,15098,1,979,404,50,50
88,15101,0,1088,370,50,50
88,15102,0,7,407,50,50
88,15106,1,889,455,50,50
88,15108,1,1488,177,50,50
89,14926,1,765,552,50,50
89,15008,2,512,683,50,50
89,15032,1,-106,1054,50,50
89,15047,1,378,758,50,50
89,15058,1,-41,999,50,50
89,15059,1,118,921,50,50
89,15065,0,1085,348,50,50
89,15082,1,546,729,50,50
89,15089,1,335,894,50,50
89,15093,1,354,750,50,50
89,15098,1,978,405,50,50
89,15101,0,1089,370,50,50
89,15102,0,7,407,50,50
89,15106,1,887,456,50,50
89,15108,1,1488,177,50,50
90,14926,1,762,554,50,50
90,15008,2,506,686,50,50
90,15032,1,-116,1060,50,50
90,15047,1,372,761,50,50
90,15058,1,-49,1005,50,50
90,15059,1,106,928,50,50
90,15065,0,1089,344,50,50
90,15082,1,554,724,50,50
90,15089,1,341,890,50,50
90,15093,1,346,754,50,50
90,15098,1,976,406,50,50
90,15101,0,1090,369,50,50
90,15102,0,7,407,50,50
90,15106,1,885,457,50,50
90,15108,1,1489,177,50,50
91,14926,1,759,556,50,50
91,15008,2,500,690,50,50
91,15032,1,-126,1067,50,50
91,15047,1,363,765,50,50
91,15058,1,-57,1010,50,50
91,15059,1,93,935,50,50
91,15065,0,1093,341,50,50
91,15082,1,563,719,50,50
91,15089,1,347,886,50,50
91,15093,1,339,758,50,50
91,15098,1,974,407,50,50
91,15101,0,1091,369,50,50
91,15102,0,7,407,50,50
91,15106,1,883,459,50,50
91,15108,1,1489,177,50,50
92,14926,1,755,559,50,50
92,15008,2,494,694,50,50
92,15032,1,-136,1073,50,50
92,15047,1,356,769,50,50
92,15058,1,-65,1015,50,50
92,15059,1,80,941,50,50
92,15065,0,1097,337,50,50
92,15082,1,571,714,50,50
92,15089,1,354,882,50,50
92,15093,1,333,761,50,50
92,15098,1,971,409,50,50
92,15101,0,1092,368,50,50
92,15102,0,7,407,50,50
92,15106,1,881,460,50,50
92,15108,1,1489,177,50,50
93,14926,1,752,561,50,50
93,15008,2,487,697,50,50
93,15032,1,-146,1079,50,50
93,15047,1,349,773,50,50
93,15058,1,-73,1021,50,50
93,15059,1,66,948,50,50
93,15065,0,1101,334,50,50
93,15082,1,579,709,50,50
93,15089,1,359,879,50,50
93,15093,1,327,765,50,50
93,15098,1,969,411,50,50
93,15101,0,1093,368,50,50
93,15102,0,7,407,50,50
93,15106,1,879,461,50,50
93,15108,1,1489,177,50,50
94,14926,1,748,563,50,50
94,15008,1,481,700,50,50
94,15032,1,-157,1085,50,50
94,15047,1,342,776,50,50
94,15058,1,-81,1026,50,50
94,15059,1,54,955,50,50
94,15065,1,1071,348,50,50
94,15082,1,588,704,50,50
94,15089,1,366,875,50,50
94,15093,1,321,768,50,50
94,15098,1,967,413,50,50
94,15102,0,7,407,50,50
94,15106,1,877,463,50,50
94,15108,1,1489,177,50,50
95,14926,2,728,575,50,50
95,15008,1,475,704,50,50
95,15032,1,-167,1091,50,50
95,15047,1,335,781,50,50
95,15058,1,-89,1032,50,50
95,15059,1,41,962,50,50
95,15065,1,1073,346,50,50
95,15082,1,596,699,50,50
95,15089,1,373,871,50,50
95,15093,1,315,771,50,50
95,15098,1,965,414,50,50
95,15102,0,7,407,50,50
95,15106,1,875,464,50,50
95,15108,1,1489,177,50,50
96,14926,2,722,579,50,50
96,15008,1,469,707,50,50
96,15032,1,-177,1098,50,50
96,15047,1,328,785,50,50
96,15058,1,-97,1037,50,50
96,15059,1,29,969,50,50
96,15065,1,1075,343,50,50
96,15082,1,604,694,50,50
96,15089,1,377,867,50,50
96,15093,1,310,774,50,50
96,15098,1,963,416,50,50
96,15102,0,7,407,50,50
96,15106,1,873,466,50,50
96,15108,1,1489,177,50,50
97,14926,2,718,582,50,50
97,15008,2,463,710,50,50
97,15032,1,-187,1104,50,50
97,15047,1,320,789,50,50
97,15058,1,-105,1042,50,50
97,15059,1,21,975,49,50
97,15065,1,1078,340,50,50
97,15082,1,613,689,50,50
97,15089,1,384,864,50,50
97,15093,1,304,777,50,50
97,15098,1,961,417,50,50
97,15102,0,7,407,50,50
97,15106,1,871,467,50,50
97,15108,1,1490,177,50,50
98,14926,2,713,585,50,50
98,15008,1,456,714,50,50
98,15032,1,-197,1110,50,50
98,15047,1,313,793,50,50
98,15058,1,-113,1048,50,50
98,15059,1,13,980,49,50
98,15065,1,1080,338,50,50
98,15082,1,621,684,50,50
98,15089,1,390,860,50,50
98,15093,1,298,780,50,50
98,15098,1,958,418,50,50
98,15102,0,7,407,50,50
98,15106,1,869,469,50,50
98,15108,1,1490,177,50,50
99,14926,2,708,588,50,50
99,15008,1,449,718,50,50
99,15032,1,-207,1116,50,50
99,15047,1,306,797,50,50
99,15058,1,-121,1053,50,50
99,15059,1,7,985,49,50
99,15065,1,1083,335,50,50
99,15082,1,630,679,50,50
99,15089,1,397,857,50,50
99,15093,1,292,784,50,50
99,15098,1,956,420,50,50
99,15102,0,7,407,50,50
99,15106,1,867,470,50,50
99,15108,1,1490,177,50,50
100,14926,2,703,590,50,50
100,15008,1,443,721,50,50
100,15032,1,-218,1122,50,50
100,15047,1,299,801,50,50
100,15058,1,-129,1059,50,50
100,15059,1,-3,991,49,50
100,15065,1,1085,330,50,50
100,15082,1,638,675,50,50
100,15089,1,402,853,50,50
100,15093,1,286,787,50,50
100,15098,2,954,421,50,50
100,15102,0,7,407,50,50
100,15106,2,864,471,50,50
100,15108,1,1490,177,50,50
101,14926,2,699,593,50,50
101,15008,1,436,726,50,50
101,15032,1,-228,1129,50,50
101,15047,1,292,805,50,50
101,15058,1,-137,1064,50,50
101,15059,1,-14,997,49,50
101,15065,1,1086,329,50,50
101,15082,1,646,670,50,50
101,15089,1,409,849,50,50
101,15093,1,280,790,50,50
101,15098,1,953,422,50,50
101,15102,0,7,407,50,50
101,15106,2,861,473,50,50
101,15108,1,1490,177,50,50
102,14926,2,694,596,50,50
102,15008,1,428,730,50,50
102,15032,1,-238,1135,50,50
102,15047,1,285,808,50,50
102,15058,1,-145,1069,50,50
102,15059,1,-24,1003,49,50
102,15065,1,1084,329,50,50
102,15082,1,655,665,50,50
102,15089,1,414,846,50,50
102,15093,1,274,793,50,50
102,15098,1,950,423,50,50
102,15102,0,7,407,50,50
102,15106,2,859,474,50,50
102,15108,1,1490,177,50,50
103,14926,2,690,599,50,50
103,15008,1,421,733,50,50
103,15032,1,-248,1141,50,50
103,15047,1,278,812,50,50
103,15058,1,-153,1075,50,50
103,15059,1,-34,1010,50,50
103,15065,1,1086,327,50,50
103,15082,1,663,660,50,50
103,15089,1,420,842,50,50
103,15093,1,268,796,50,50
103,15098,1,948,425,50,50
103,15102,0,7,407,50,50
103,15106,2,856,475,50,50
103,15108,1,1490,177,50,50
104,14926,2,685,602,50,50
104,15008,1,415,737,50,50
104,15032,1,-258,1147,50,50
104,15047,1,271,816,50,50
104,15058,1,-161,1080,50,50
104,15059,1,-44,1016,50,50
104,15065,1,1088,325,50,50
104,15082,1,671,655,50,50
104,15089,1,425,839,50,50
104,15093,1,262,799,50,50
104,15098,2,945,427,50,50
104,15102,0,7,407,50,50
104,15106,2,854,477,50,50
104,15108,1,1491,177,50,50
104,15112,1,49,1057,50,50
105,14926,2,681,604,50,50
105,15008,1,410,740,50,50
105,15032,1,-269,1153,50,50
105,15047,1,264,820,50,50
105,15058,1,-169,1086,50,50
105,15059,1,-55,1022,50,50
105,15065,1,1090,322,50,50
105,15082,1,680,650,50,50
105,15089,1,432,836,50,50
105,15093,1,257,803,50,50
105,15098,2,943,429,50,50
105,15102,0,7,407,50,50
105,15106,2,852,478,50,50
105,15108,1,1491,177,50,50
105,15112,1,60,1054,50,50
106,14926,2,672,610,50,50
106,15008,1,404,743,50,50
106,15032,1,-279,1160,50,50
106,15047,1,257,824,50,50
106,15058,1,-177,1091,50,50
106,15059,1,-65,1028,50,50
106,15065,1,1091,320,50,50
106,15082,1,688,645,50,50
106,15089,1,436,833,50,50
106,15093,1,251,806,50,50
106,15098,2,941,430,50,50
106,15102,0,7,407,50,50
106,15106,2,849,481,50,50
106,15108,1,1491,177,50,50
106,15112,1,71,1049,50,50
107,14926,2,667,613,50,50
107,15008,1,398,747,50,50
107,15032,1,-289,1166,50,50
107,15047,1,250,828,50,50
107,15058,1,-185,1097,50,50
107,15059,1,-76,1034,50,50
107,15065,1,1093,317,50,50
107,15082,1,696,640,50,50
107,15089,1,442,829,50,50
107,15093,1,245,809,50,50
107,15098,1,939,431,50,50
107,15102,0,7,407,50,50
107,15106,2,847,482,50,50
107,15108,1,1491,177,50,50
107,15112,1,80,1043,50,50
108,14926,2,660,616,50,50
108,15008,1,386,753,50,50
108,15032,1,-299,1172,50,50
108,15047,1,243,831,50,50
108,15058,1,-193,1102,50,50
108,15059,1,-86,1040,50,50
108,15065,1,1095,315,50,50
108,15082,1,705,635,50,50
108,15089,1,448,826,50,50
108,15093,1,239,812,50,50
108,15098,1,936,432,50,50
108,15102,0,7,407,50,50
108,15106,2,845,483,50,50
108,15108,1,1491,177,50,50
108,15112,1,88,1038,50,50
109,14926,2,655,620,50,50
109,15008,1,380,757,50,50
109,15047,1,236,835,50,50
109,15058,1,-201,1107,50,50
109,15059,1,-97,1046,50,50
109,15065,1,1097,313,50,50
109,15082,1,713,630,50,50
109,15089,1,454,823,50,50
109,15093,1,233,815,50,50
109,15098,1,934,433,50,50
109,15102,0,7,407,50,50
109,15106,2,843,484,50,50
109,15108,1,1491,177,50,50
109,15112,1,96,1032,50,50
110,14926,2,650,623,50,50
110,15008,1,372,761,50,50
110,15047,1,229,839,50,50
110,15058,1,-209,1113,50,50
110,15059,1,-107,1052,50,50
110,15065,1,1098,310,50,50
110,15082,1,722,625,50,50
110,15089,1,459,819,50,50
110,15093,1,227,818,50,50
110,15098,1,932,435,50,50
110,15102,0,7,407,50,50
110,15106,2,841,486,50,50
110,15108,1,1492,177,50,50
110,15112,1,106,1026,50,50
111,14926,2,645,627,50,50
111,15008,1,364,765,50,50
111,15047,1,222,843,50,50
111,15058,1,-217,1118,50,50
111,15059,1,-118,1059,50,50
111,15065,1,1100,308,50,50
111,15082,1,730,620,50,50
111,15089,2,465,815,50,50
111,15093,1,221,822,50,50
111,15098,1,930,437,50,50
111,15102,0,7,407,50,50
111,15106,1,838,488,50,50
111,15108,1,1492,177,50,50
111,15112,1,116,1021,50,50
112,14926,2,639,630,50,50
112,15008,1,356,769,50,50
112,15047,1,215,847,50,50
112,15058,1,-225,1124,50,50
112,15059,1,-128,1065,50,50
112,15065,1,1102,306,50,50
112,15082,1,738,615,50,50
112,15089,1,470,812,50,50
112,15093,1,215,825,50,50
112,15098,1,927,439,50,50
112,15102,0,7,407,50,50
112,15106,2,836,489,50,50
112,15108,1,1492,177,50,50
112,15112,1,124,1016,50,50
113,14926,2,632,633,50,50
113,15008,1,349,773,50,50
113,15047,1,208,850,50,50
113,15058,1,-233,1129,50,50
113,15059,1,-139,1071,50,50
113,15065,1,1104,303,50,50
113,15082,1,747,610,50,50
113,15089,1,474,810,50,50
113,15093,1,209,828,50,50
113,15098,1,925,440,50,50
113,15106,1,834,491,50,50
113,15108,1,1492,177,50,50
113,15112,1,132,1012,50,50
114,14926,2,627,637,50,50
114,15008,1,341,778,50,50
114,15047,1,174,866,50,50
114,15059,1,-149,1077,50,50
114,15065,1,1106,301,50,50
114,15082,1,755,605,50,50
114,15089,1,480,807,50,50
114,15093,1,203,831,50,50
114,15098,1,923,442,50,50
114,15106,1,831,492,50,50
114,15112,1,142,1006,50,50
115,14926,2,621,640,50,50
115,15008,1,333,782,50,50
115,15047,2,165,871,50,50
115,15059,1,-160,1083,50,50
115,15065,1,1107,299,50,50
115,15082,1,763,600,50,50
115,15089,1,485,804,50,50
115,15093,1,198,834,50,50
115,15098,1,920,443,50,50
115,15106,1,829,494,50,50
115,15112,1,152,1001,50,50
116,14926,2,616,644,50,50
116,15008,1,326,786,50,50
116,15047,2,157,875,50,50
116,15059,1,-170,1089,50,50
116,15065,1,1109,296,50,50
116,15082,1,772,595,50,50
116,15089,1,492,801,50,50
116,15093,1,192,837,50,50
116,15098,1,919,445,50,50
116,15106,1,826,495,50,50
116,15112,1,159,996,50,50
116,15114,0,1053,413,50,50
117,14926,2,609,648,50,50
117,15008,1,319,790,50,50
117,15047,1,147,881,50,50
117,15059,1,-181,1095,50,50
117,15065,1,1111,294,50,50
117,15082,1,780,590,50,50
117,15089,1,497,797,50,50
117,15093,1,186,841,50,50
117,15098,1,917,446,50,50
117,15106,2,824,497,50,50
117,15112,1,168,992,50,50
117,15114,0,1053,412,50,50
118,14926,2,603,651,50,50
118,15008,1,311,794,50,50
118,15047,1,136,886,50,50
118,15059,1,-191,1101,50,50
118,15065,1,1113,291,50,50
118,15089,1,502,794,50,50
118,15093,1,180,844,50,50
118,15098,1,916,448,50,50
118,15106,2,822,499,50,50
118,15112,1,176,987,50,50
118,15114,0,1054,411,50,50
119,14926,2,597,655,50,50
119,15008,1,304,799,50,50
119,15047,1,127,892,50,50
119,15059,1,-202,1107,50,50
119,15065,1,1114,289,50,50
119,15089,1,507,791,50,50
119,15093,1,174,847,50,50
119,15098,1,913,449,50,50
119,15106,2,820,501,50,50
119,15112,1,184,982,50,50
119,15114,0,1054,411,50,50
119,15117,0,7,410,50,50
120,14926,2,591,658,50,50
120,15008,1,297,803,50,50
120,15047,1,117,897,50,50
120,15059,1,-212,1114,50,50
120,15065,1,1116,287,50,50
120,15089,2,511,788,50,50
120,15093,1,168,850,50,50
120,15098,2,910,451,50,50
120,15106,2,818,502,50,50
120,15112,1,192,978,50,50
120,15114,0,1054,410,50,50
120,15117,0,7,410,50,50
121,14926,2,585,662,50,50
121,15008,1,290,807,50,50
121,15047,1,106,902,50,50
121,15059,1,-223,1120,50,50
121,15065,1,1118,284,50,50
121,15089,2,516,784,50,50
121,15093,1,162,853,50,50
121,15098,2,908,452,50,50
121,15106,2,814,504,50,50
121,15112,1,201,973,50,50
121,15114,0,1055,409,50,50
121,15117,0,7,411,50,50
122,14926,2,578,666,50,50
122,15008,1,282,811,50,50
122,15047,1,96,907,50,50
122,15059,1,-233,1126,50,50
122,15065,1,1120,282,50,50
122,15089,2,521,781,50,50
122,15098,2,905,453,50,50
122,15106,2,811,505,50,50
122,15112,1,209,968,50,50
122,15114,0,1055,409,50,50
122,15117,0,7,411,50,50
123,14926,2,572,669,50,50
123,15008,1,275,815,50,50
123,15047,1,85,914,50,50
123,15059,1,-243,1132,50,50
123,15065,1,1122,280,50,50
123,15089,2,526,778,50,50
123,15098,1,902,455,50,50
123,15106,2,809,506,50,50
123,15112,1,217,963,50,50
123,15114,0,1056,408,50,50
123,15117,0,7,410,50,50
123,15121,2,698,573,50,50
124,14926,1,565,673,50,50
124,15008,1,268,819,50,50
124,15047,1,75,919,50,50
124,15059,1,-254,1138,50,50
124,15065,1,1123,277,50,50
124,15089,1,530,775,50,50
124,15098,1,900,458,50,50
124,15106,2,807,508,50,50
124,15112,1,224,958,50,50
124,15114,0,1056,408,50,50
124,15117,0,7,410,50,50
124,15121,2,696,574,50,50
125,14926,1,559,677,50,50
125,15008,1,249,828,50,50
125,15047,1,64,925,50,50
125,15059,1,-264,1144,50,50
125,15065,1,1125,275,50,50
125,15089,2,535,772,50,50
125,15098,1,897,460,50,50
125,15106,2,804,509,50,50
125,15112,1,233,953,50,50
125,15114,0,1056,407,50,50
125,15117,0,7,411,50,50
125,15121,2,690,577,50,50
125,15122,1,81,891,50,50
126,14926,1,552,681,50,50
126,15008,1,238,834,50,50
126,15047,1,54,930,50,50
126,15059,1,-275,1150,50,50
126,15065,1,1127,273,50,50
126,15089,1,539,770,50,50
126,15098,1,895,461,50,50
126,15106,2,801,511,50,50
126,15112,1,241,949,50,50
126,15114,0,1057,407,50,50
126,15117,0,7,411,50,50
126,15121,2,687,579,50,50
126,15122,1,72,896,50,50
127,14926,1,545,685,50,50
127,15008,1,228,839,50,50
127,15047,1,44,936,50,50
127,15059,1,-285,1156,50,50
127,15065,1,1129,270,50,50
127,15089,1,544,767,50,50
127,15098,1,893,462,50,50
127,15106,2,798,512,50,50
127,15112,1,249,945,50,50
127,15114,0,1057,406,50,50
127,15117,0,7,412,50,50
127,15121,2,684,581,50,50
127,15122,1,63,901,50,50
128,14926,2,537,689,50,50
128,15008,1,222,842,50,50
128,15047,1,33,941,50,50
128,15059,1,-296,1163,50,50
128,15065,1,1130,268,50,50
128,15089,1,549,764,50,50
128,15098,2,891,464,50,50
128,15106,2,796,514,50,50
128,15112,1,257,941,50,50
128,15114,0,1058,406,50,50
128,15117,0,7,412,50,50
128,15121,2,681,583,50,50
128,15122,1,54,906,50,50
129,14926,2,531,694,50,50
129,15008,1,213,847,50,50
129,15047,1,25,947,50,50
129,15059,1,-306,1169,50,50
129,15065,1,1132,265,50,50
129,15089,1,553,761,50,50
129,15098,2,889,466,50,50
129,15106,2,793,516,50,50
129,15112,1,264,936,50,50
129,15114,0,1058,405,50,50
129,15117,0,7,412,50,50
129,15121,2,678,584,50,50
129,15122,1,43,912,50,50
130,14926,1,524,698,50,50
130,15008,1,203,852,50,50
130,15047,1,19,953,49,50
130,15065,1,1134,263,50,50
130,15089,1,558,758,50,50
130,15098,2,887,468,50,50
130,15106,2,791,518,50,50
130,15112,1,272,932,50,50
130,15114,0,1058,404,50,50
130,15117,0,7,412,50,50
130,15121,2,675,586,50,50
130,15122,1,35,916,50,50
131,14926,1,517,703,50,50
131,15008,1,194,857,50,50
131,15047,1,13,957,49,50
131,15065,1,1136,261,50,50
131,15089,2,563,755,50,50
131,15098,2,884,469,50,50
131,15106,1,788,519,50,50
131,15112,1,278,928,50,50
131,15114,0,1059,404,50,50
131,15117,0,7,412,50,50
131,15121,2,671,588,50,50
131,15122,1,27,920,50,50
131,15125,2,694,563,50,50
132,14926,1,508,707,50,50
132,15008,1,184,863,50,50
132,15047,1,8,962,49,50
132,15065,1,1138,258,50,50
132,15089,2,568,752,50,50
132,15098,2,882,470,50,50
132,15106,1,786,521,50,50
132,15112,1,286,924,50,50
132,15114,0,1059,403,50,50
132,15117,0,7,412,50,50
132,15121,2,668,589,50,50
132,15122,1,20,926,49,50
132,15125,2,691,564,50,50
133,14926,1,501,711,50,50
133,15008,1,175,868,50,50
133,15047,1,3,968,49,50
133,15089,1,572,749,50,50
133,15098,2,878,473,50,50
133,15106,1,783,523,50,50
133,15112,1,293,920,50,50
133,15114,0,1060,403,50,50
133,15117,0,7,411,50,50
133,15121,2,665,591,50,50
133,15122,1,12,931,49,50
133,15125,2,687,566,50,50
133,15128,1,20,1058,49,50
134,14926,1,493,715,50,50
134,15008,1,166,873,50,50
134,15047,1,-5,973,49,50
134,15089,2,576,747,50,50
134,15098,1,874,475,50,50
134,15106,1,780,524,50,50
134,15112,1,301,916,50,50
134,15114,0,1060,402,50,50
134,15117,0,7,411,50,50
134,15121,2,662,593,50,50
134,15122,1,5,935,49,50
134,15125,1,684,568,50,50
134,15128,1,27,1052,50,50
135,14926,1,485,720,50,50
135,15008,1,155,878,50,50
135,15047,1,-14,979,49,50
135,15089,2,581,744,50,50
135,15098,1,872,477,50,50
135,15106,1,777,526,50,50
135,15112,1,307,912,50,50
135,15114,0,1060,402,50,50
135,15117,0,7,411,50,50
135,15121,2,659,594,50,50
135,15122,1,5,936,49,50
135,15125,2,682,569,50,50
135,15128,1,33,1045,50,50
136,14926,1,478,724,50,50
136,15008,1,146,883,50,50
136,15047,1,-22,984,49,50
136,15089,2,585,742,50,50
136,15098,1,869,478,50,50
136,15106,1,775,528,50,50
136,15112,1,314,908,50,50
136,15114,0,1061,401,50,50
136,15117,0,7,412,50,50
136,15121,2,656,596,50,50
136,15122,1,-2,940,49,50
136,15125,2,678,571,50,50
136,15128,1,44,1038,50,50
137,14926,1,470,729,50,50
137,15008,1,136,888,50,50
137,15047,1,-29,989,50,50
137,15089,1,590,739,50,50
137,15098,2,867,479,50,50
137,15106,1,771,530,50,50
137,15112,1,323,903,50,50
137,15114,0,1061,400,50,50
137,15117,0,7,411,50,50
137,15121,2,653,598,50,50
137,15122,1,-9,944,49,50
137,15125,2,675,573,50,50
137,15128,1,56,1031,50,50
138,14926,1,463,733,50,50
138,15008,1,125,894,50,50
138,15047,1,-37,995,50,50
138,15089,2,593,737,50,50
138,15098,2,865,481,50,50
138,15106,1,768,531,50,50
138,15112,1,329,898,50,50
138,15114,0,1062,400,50,50
138,15117,0,7,411,50,50
138,15121,2,650,600,50,50
138,15122,1,-15,948,49,50
138,15125,2,672,575,50,50
138,15128,1,68,1024,50,50
139,14926,1,455,737,50,50
139,15008,1,115,899,50,50
139,15047,1,-45,1000,50,50
139,15089,1,598,734,50,50
139,15098,1,862,483,50,50
139,15106,1,766,533,50,50
139,15112,1,334,894,50,50
139,15114,0,1062,399,50,50
139,15117,0,7,411,50,50
139,15121,2,647,601,50,50
139,15122,1,-22,953,49,50
139,15125,2,670,576,50,50
139,15128,1,80,1017,50,50
140,14926,1,446,742,50,50
140,15008,1,104,906,50,50
140,15047,1,-53,1005,50,50
140,15089,1,602,731,50,50
140,15098,1,860,484,50,50
140,15106,1,764,535,50,50
140,15112,1,342,890,50,50
140,15114,0,1062,399,50,50
140,15117,0,7,410,50,50
140,15121,2,644,603,50,50
140,15122,1,-28,957,50,50
140,15125,2,667,578,50,50
140,15128,1,91,1011,50,50
141,14926,1,439,746,50,50
141,15008,1,93,911,50,50
141,15047,1,-61,1011,50,50
141,15089,2,605,728,50,50
141,15098,2,857,486,50,50
141,15106,1,761,537,50,50
141,15112,1,350,886,50,50
141,15114,0,1063,398,50,50
141,15117,0,7,410,50,50
141,15121,2,641,605,50,50
141,15122,1,-35,961,50,50
141,15125,2,664,579,50,50
141,15128,1,102,1005,50,50
142,14926,1,431,751,50,50
142,15008,1,81,917,50,50
142,15047,1,-70,1016,50,50
142,15089,2,610,726,50,50
142,15098,1,854,488,50,50
142,15106,1,758,539,50,50
142,15112,1,356,882,50,50
142,15114,0,1063,398,50,50
142,15117,0,7,410,50,50
142,15121,2,638,606,50,50
142,15122,1,-42,965,50,50
142,15125,2,661,581,50,50
142,15128,1,113,999,50,50
143,14926,1,421,756,50,50
143,15008,1,70,924,50,50
143,15047,1,-78,1021,50,50
143,15089,2,614,723,50,50
143,15098,1,851,490,50,50
143,15106,2,755,541,50,50
143,15112,1,362,879,50,50
143,15114,0,1064,397,50,50
143,15117,0,7,410,50,50
143,15121,1,624,617,50,50
143,15122,1,-49,969,50,50
143,15125,2,655,585,50,50
143,15128,1,124,992,50,50
144,14926,1,412,761,50,50
144,15008,1,59,929,50,50
144,15047,1,-86,1027,50,50
144,15089,2,619,720,50,50
144,15098,1,848,492,50,50
144,15106,2,752,543,50,50
144,15112,1,368,875,50,50
144,15114,0,1064,397,50,50
144,15117,0,7,410,50,50
144,15121,1,620,620,50,50
144,15122,1,-56,973,50,50
144,15125,2,651,587,50,50
144,15128,1,135,986,50,50
145,14926,1,404,766,50,50
145,15008,1,48,935,50,50
145,15047,1,-94,1032,50,50
145,15089,1,623,717,50,50
145,15098,2,845,494,50,50
145,15106,1,749,544,50,50
145,15112,1,376,871,50,50
145,15114,0,1064,396,50,50
145,15117,0,7,410,50,50
145,15121,1,616,622,50,50
145,15122,1,-63,977,50,50
145,15125,2,648,589,50,50
145,15128,1,143,980,50,50
146,14926,1,395,771,50,50
146,15008,1,37,940,50,50
146,15047,1,-102,1037,50,50
146,15089,1,627,715,50,50
146,15098,2,842,496,50,50
146,15106,1,746,547,50,50
146,15112,1,381,868,50,50
146,15114,0,1065,395,50,50
146,15117,0,7,410,50,50
146,15121,1,612,624,50,50
146,15122,1,-70,981,50,50
146,15125,2,644,591,50,50
146,15128,1,155,974,50,50
147,14926,1,386,776,50,50
147,15008,1,26,946,50,50
147,15047,1,-110,1043,50,50
147,15089,1,631,713,50,50
147,15098,2,839,497,50,50
147,15106,1,744,549,50,50
147,15112,1,387,864,50,50
147,15114,0,1065,395,50,50
147,15117,0,7,410,50,50
147,15121,1,608,626,50,50
147,15122,1,-76,985,50,50
147,15125,2,641,593,50,50
147,15128,1,167,968,50,50
148,14926,1,376,781,50,50
148,15008,1,20,952,49,50
148,15047,1,-119,1048,50,50
148,15089,1,635,710,50,50
148,15098,2,837,500,50,50
148,15106,2,740,551,50,50
148,15112,1,393,861,50,50
148,15117,0,7,410,50,50
148,15121,1,605,628,50,50
148,15122,1,-83,989,50,50
148,15125,2,638,595,50,50
148,15128,1,177,963,50,50
149,14926,1,367,787,50,50
149,15008,1,14,957,49,50
149,15047,1,-127,1053,50,50
149,15089,1,640,707,50,50
149,15098,2,835,502,50,50
149,15106,2,737,553,50,50
149,15112,1,400,857,50,50
149,15117,0,7,410,50,50
149,15121,1,601,630,50,50
149,15122,1,-90,994,50,50
149,15125,2,635,597,50,50
149,15128,1,188,957,50,50
149,15133,1,1125,306,50,50
149,15134,2,848,535,50,50
150,14926,1,358,793,50,50
150,15008,1,8,962,49,50
150,15047,1,-135,1059,50,50
150,15089,1,644,704,50,50
150,15098,2,832,504,50,50
150,15106,1,734,554,50,50
150,15112,1,406,853,50,50
150,15117,0,7,411,50,50
150,15121,2,596,633,50,50
150,15122,1,-97,998,50,50
150,15125,2,631,599,50,50
150,15128,1,198,951,50,50
150,15133,1,1124,307,50,50
150,15134,2,852,532,50,50
151,14926,1,348,798,50,50
151,15008,1,2,965,49,50
151,15047,1,-143,1064,50,50
151,15089,1,648,702,50,50
151,15098,1,829,506,50,50
151,15106,2,731,556,50,50
151,15112,1,413,849,50,50
151,15117,0,7,411,50,50
151,15121,2,592,636,50,50
151,15122,1,-104,1002,50,50
151,15125,2,628,601,50,50
151,15128,1,207,946,50,50
151,15133,1,1124,308,50,50
151,15134,2,856,530,50,50
152,14926,1,338,803,50,50
152,15008,1,-7,970,49,50
152,15047,1,-151,1069,50,50
152,15089,2,651,699,50,50
152,15098,1,827,508,50,50
152,15106,2,728,557,50,50
152,15112,1,418,846,50,50
152,15117,0,7,411,50,50
152,15121,2,588,638,50,50
152,15122,1,-111,1006,50,50
152,15125,2,625,602,50,50
152,15128,1,217,940,50,50
152,15133,1,1124,308,50,50
152,15134,2,859,528,50,50
153,14926,1,329,807,50,50
153,15008,1,-16,975,49,50
153,15047,1,-159,1075,50,50
153,15089,2,654,696,50,50
153,15098,1,824,509,50,50
153,15106,2,724,559,50,50
153,15112,1,424,842,50,50
153,15117,0,7,412,50,50
153,15121,2,584,640,50,50
153,15122,1,-118,1010,50,50
153,15125,2,622,604,50,50
153,15128,1,227,935,50,50
153,15133,1,1124,309,50,50
153,15134,2,862,526,50,50
154,14926,1,320,812,50,50
154,15008,1,-25,980,49,50
154,15047,1,-167,1080,50,50
154,15089,2,657,694,50,50
154,15098,1,820,511,50,50
154,15106,2,721,561,50,50
154,15112,1,431,838,50,50
154,15117,0,7,412,50,50
154,15121,1,579,643,50,50
154,15122,1,-125,1014,50,50
154,15125,2,618,606,50,50
154,15128,1,236,929,50,50
154,15133,1,1097,321,50,50
154,15134,2,864,524,50,50
155,14926,1,312,817,50,50
155,15008,1,-32,986,50,50
155,15047,1,-176,1085,50,50
155,15089,2,661,692,50,50
155,15098,1,817,513,50,50
155,15106,2,718,564,50,50
155,15112,1,438,836,50,50
155,15117,0,7,412,50,50
155,15121,1,575,646,50,50
155,15122,1,-131,1018,50,50
155,15125,2,615,608,50,50
155,15128,1,246,924,50,50
155,15133,1,1093,323,50,50
155,15134,2,867,522,50,50
156,14926,1,303,822,50,50
156,15008,1,-41,991,50,50
156,15047,1,-184,1091,50,50
156,15089,2,663,690,50,50
156,15098,1,813,515,50,50
156,15106,2,714,566,50,50
156,15112,1,442,832,50,50
156,15117,0,7,412,50,50
156,15121,1,571,648,50,50
156,15122,1,-138,1022,50,50
156,15125,2,612,610,50,50
156,15128,1,254,918,50,50
156,15133,1,1088,325,50,50
156,15134,2,870,521,50,50
157,14926,1,294,827,50,50
157,15008,1,-50,996,50,50
157,15047,1,-192,1096,50,50
157,15089,2,667,688,50,50
157,15098,1,810,517,50,50
157,15106,2,711,568,50,50
157,15112,1,449,829,50,50
157,15117,0,7,412,50,50
157,15121,1,566,651,50,50
157,15122,1,-145,1026,50,50
157,15125,2,609,612,50,50
157,15128,1,263,913,50,50
157,15133,1,1084,328,50,50
157,15134,2,876,517,50,50
158,14926,1,285,832,50,50
158,15008,1,-59,1001,50,50
158,15047,1,-200,1101,50,50
158,15089,2,670,685,50,50
158,15098,1,807,519,50,50
158,15106,2,708,569,50,50
158,15112,1,453,825,50,50
158,15117,0,7,412,50,50
158,15121,1,562,653,50,50
158,15122,1,-152,1031,50,50
158,15125,2,605,614,50,50
158,15128,1,273,908,50,50
158,15133,1,1080,330,50,50
158,15134,2,880,514,50,50
159,14926,1,271,843,50,50
159,15008,1,-68,1006,50,50
159,15047,1,-208,1107,50,50
159,15089,2,675,683,50,50
159,15098,1,804,521,50,50
159,15106,2,705,572,50,50
159,15112,1,459,822,50,50
159,15117,0,7,412,50,50
159,15121,1,558,655,50,50
159,15122,1,-159,1035,50,50
159,15125,1,596,621,50,50
159,15128,1,282,903,50,50
159,15133,1,1075,332,50,50
159,15134,2,883,512,50,50
160,14926,1,257,848,50,50
160,15008,1,-76,1011,50,50
160,15047,1,-216,1112,50,50
160,15089,2,679,681,50,50
160,15098,1,801,523,50,50
160,15106,1,702,574,50,50
160,15112,2,465,819,50,50
160,15117,0,7,412,50,50
160,15121,1,554,658,50,50
160,15122,1,-166,1039,50,50
160,15125,1,592,624,50,50
160,15128,1,291,897,50,50
160,15133,1,1071,335,50,50
160,15134,2,886,509,50,50
161,14926,1,245,854,50,50
161,15008,1,-85,1017,50,50
161,15047,1,-224,1117,50,50
161,15089,2,683,678,50,50
161,15098,1,798,525,50,50
161,15106,1,699,576,50,50
161,15112,1,470,816,50,50
161,15117,0,7,412,50,50
161,15121,1,549,660,50,50
161,15122,1,-173,1043,50,50
161,15125,1,589,626,50,50
161,15128,1,300,892,50,50
161,15133,1,1066,337,50,50
161,15134,2,890,507,50,50
161,15137,2,468,816,50,50
162,14926,1,233,860,50,50
162,15008,1,-94,1022,50,50
162,15047,1,-233,1123,50,50
162,15089,2,686,676,50,50
162,15098,1,795,528,50,50
162,15106,1,695,578,50,50
162,15112,1,475,812,50,50
162,15117,0,7,412,50,50
162,15121,1,544,663,50,50
162,15122,1,-180,1047,50,50
162,15125,1,585,628,50,50
162,15128,1,307,888,50,50
162,15133,1,1062,339,50,50
162,15134,2,893,505,50,50
162,15137,2,471,814,50,50
163,14926,1,222,865,50,50
163,15008,1,-103,1027,50,50
163,15047,1,-241,1128,50,50
163,15089,2,690,674,50,50
163,15098,1,791,530,50,50
163,15106,1,692,580,50,50
163,15112,1,481,809,50,50
163,15117,0,7,412,50,50
163,15121,1,539,666,50,50
163,15122,1,-187,1051,50,50
163,15125,1,581,630,50,50
163,15128,1,316,883,50,50
163,15133,1,1057,342,50,50
163,15134,2,896,503,50,50
163,15137,2,474,813,50,50
163,15138,0,1099,378,50,50
164,14926,1,210,872,50,50
164,15008,1,-112,1032,50,50
164,15089,2,693,671,50,50
164,15098,1,787,532,50,50
164,15106,1,688,582,50,50
164,15112,1,486,806,50,50
164,15117,0,7,412,50,50
164,15121,1,534,669,50,50
164,15122,1,-193,1055,50,50
164,15125,1,576,632,50,50
164,15128,1,324,878,50,50
164,15133,1,1053,344,50,50
164,15134,2,900,501,50,50
164,15137,2,476,811,50,50
164,15138,0,1100,378,50,50
165,14926,1,200,879,50,50
165,15008,1,-120,1037,50,50
165,15089,2,696,668,50,50
165,15098,1,783,535,50,50
165,15106,1,685,584,50,50
165,15112,1,492,802,50,50
165,15117,0,7,412,50,50
165,15121,1,530,672,50,50
165,15122,1,-200,1059,50,50
165,15125,1,572,635,50,50
165,15128,1,333,873,50,50
165,15133,1,1049,346,50,50
165,15134,2,903,498,50,50
165,15137,2,479,809,50,50
165,15138,0,1101,377,50,50
166,14926,1,188,886,50,50
166,15008,1,-129,1042,50,50
166,15089,2,699,666,50,50
166,15098,1,780,537,50,50
166,15106,2,681,586,50,50
166,15112,2,498,799,50,50
166,15117,0,7,412,50,50
166,15121,1,525,674,50,50
166,15125,1,568,637,50,50
166,15128,1,341,868,50,50
166,15133,1,1081,331,50,50
166,15134,2,906,496,50,50
166,15137,1,498,801,50,50
166,15138,0,1101,377,50,50
167,14926,1,177,892,50,50
167,15008,1,-138,1047,50,50
167,15089,2,702,664,50,50
167,15098,1,776,539,50,50
167,15106,1,677,588,50,50
167,15112,2,503,796,50,50
167,15117,0,7,412,50,50
167,15121,1,520,677,50,50
167,15125,1,563,640,50,50
167,15128,1,350,863,50,50
167,15133,1,1080,332,50,50
167,15134,2,909,494,50,50
167,15137,1,503,798,50,50
167,15138,0,1102,377,50,50
168,14926,1,164,899,50,50
168,15008,1,-147,1053,50,50
168,15089,2,705,662,50,50
168,15098,1,774,541,50,50
168,15106,1,674,591,50,50
168,15112,2,507,793,50,50
168,15117,0,7,413,50,50
168,15121,1,515,680,50,50
168,15125,1,559,642,50,50
168,15128,1,357,859,50,50
168,15133,1,1078,333,50,50
168,15134,2,913,492,50,50
168,15137,1,508,795,50,50
168,15138,0,1103,376,50,50
169,14926,1,152,906,50,50
169,15008,1,-156,1058,50,50
169,15089,2,708,660,50,50
169,15098,1,771,543,50,50
169,15106,1,671,593,50,50
169,15112,2,513,790,50,50
169,15117,0,7,413,50,50
169,15121,1,510,683,50,50
169,15125,1,555,644,50,50
169,15128,1,364,855,50,50
169,15133,1,1076,334,50,50
169,15134,2,916,490,50,50
169,15137,1,513,792,50,50
169,15138,0,1103,376,50,50
170,14926,1,139,913,50,50
170,15008,1,-164,1063,50,50
170,15089,2,711,658,50,50
170,15098,1,768,545,50,50
170,15106,1,666,595,50,50
170,15112,1,519,787,50,50
170,15117,0,7,413,50,50
170,15121,1,505,686,50,50
170,15125,1,551,647,50,50
170,15128,1,372,851,50,50
170,15133,1,1075,335,50,50
170,15134,2,919,488,50,50
170,15137,1,518,789,50,50
170,15138,0,1104,375,50,50
171,14926,1,126,920,50,50
171,15008,1,-173,1068,50,50
171,15089,2,715,656,50,50
171,15098,1,764,548,50,50
171,15106,1,662,597,50,50
171,15112,1,524,783,50,50
171,15117,0,7,413,50,50
171,15121,1,500,688,50,50
171,15125,1,547,649,50,50
171,15128,1,380,846,50,50
171,15133,1,1073,336,50,50
171,15134,2,922,485,50,50
171,15137,1,523,787,50,50
171,15138,0,1105,375,50,50
172,14926,1,113,927,50,50
172,15008,1,-182,1073,50,50
172,15089,2,718,653,50,50
172,15098,1,761,550,50,50
172,15106,1,659,600,50,50
172,15112,1,529,780,50,50
172,15117,0,7,413,50,50
172,15121,1,496,691,50,50
172,15125,1,542,651,50,50
172,15128,1,388,842,50,50
172,15133,1,1071,337,50,50
172,15134,2,926,483,50,50
172,15137,1,528,784,50,50
172,15138,0,1105,375,50,50
173,14926,1,100,935,50,50
173,15008,1,-191,1078,50,50
173,15089,2,722,651,50,50
173,15098,1,757,552,50,50
173,15106,1,655,602,50,50
173,15112,1,534,777,50,50
173,15117,0,7,413,50,50
173,15121,2,490,694,50,50
173,15125,1,537,654,50,50
173,15128,1,395,837,50,50
173,15133,1,1069,338,50,50
173,15134,2,929,481,50,50
173,15137,1,533,781,50,50
173,15138,0,1106,374,50,50
174,14926,1,87,942,50,50
174,15008,1,-200,1083,50,50
174,15089,1,726,649,50,50
174,15098,1,753,555,50,50
174,15106,1,651,604,50,50
174,15112,1,538,774,50,50
174,15117,0,7,413,50,50
174,15121,1,485,697,50,50
174,15125,1,533,657,50,50
174,15128,1,402,833,50,50
174,15133,1,1067,339,50,50
174,15134,2,932,479,50,50
174,15137,1,539,778,50,50
174,15138,0,1107,374,50,50
175,14926,1,71,950,50,50
175,15008,1,-208,1089,50,50
175,15089,2,729,647,50,50
175,15098,1,749,557,50,50
175,15106,1,647,607,50,50
175,15112,1,542,771,50,50
175,15117,0,7,413,50,50
175,15121,1,480,700,50,50
175,15125,1,528,659,50,50
175,15128,1,409,828,50,50
175,15133,1,1065,340,50,50
175,15134,2,935,477,50,50
175,15137,1,544,775,50,50
175,15138,0,1107,373,50,50
175,15141,1,51,1062,50,50
176,14926,1,58,957,50,50
176,15008,1,-217,1094,50,50
176,15089,2,732,644,50,50
176,15098,1,744,560,50,50
176,15106,1,644,609,50,50
176,15112,2,548,768,50,50
176,15117,0,6,412,49,50
176,15121,1,475,703,50,50
176,15125,1,524,661,50,50
176,15128,1,416,825,50,50
176,15133,1,1069,341,50,50
176,15134,2,939,475,50,50
176,15137,1,549,768,50,50
176,15138,0,1108,373,50,50
176,15141,1,64,1060,50,50
177,14926,1,44,964,50,50
177,15008,1,-226,1099,50,50
177,15089,1,735,642,50,50
177,15098,1,740,562,50,50
177,15106,1,640,612,50,50
177,15112,2,553,764,50,50
177,15117,0,5,412,49,50
177,15121,1,470,706,50,50
177,15125,1,519,664,50,50
177,15128,1,423,820,50,50
177,15133,1,1068,342,50,50
177,15134,2,942,472,50,50
177,15137,1,554,764,50,50
177,15138,0,1109,373,50,50
177,15141,1,73,1057,50,50
178,14926,1,32,971,50,50
178,15008,1,-235,1104,50,50
178,15089,1,737,640,50,50
178,15098,1,737,565,50,50
178,15106,1,636,614,50,50
178,15112,1,559,761,50,50
178,15117,0,5,411,49,50
178,15121,1,465,708,50,50
178,15125,1,515,667,50,50
178,15128,1,430,816,50,50
178,15133,1,1067,343,50,50
178,15134,1,903,463,50,50
178,15137,2,559,762,50,50
178,15138,0,1109,372,50,50
178,15141,1,82,1052,50,50
179,14926,1,23,978,49,50
179,15008,1,-244,1109,50,50
179,15089,2,740,638,50,50
179,15098,1,734,567,50,50
179,15106,2,632,616,50,50
179,15112,2,564,759,50,50
179,15117,0,5,411,49,50
179,15121,1,460,712,50,50
179,15125,1,511,670,50,50
179,15128,1,438,811,50,50
179,15133,1,1065,344,50,50
179,15134,1,901,463,50,50
179,15137,2,564,759,50,50
179,15138,0,1110,372,50,50
179,15141,1,89,1047,50,50
180,14926,1,15,984,49,50
180,15008,1,-252,1114,50,50
180,15089,1,743,636,50,50
180,15098,1,731,569,50,50
180,15106,2,628,619,50,50
180,15112,2,567,756,50,50
180,15117,0,5,411,49,50
180,15121,1,455,715,50,50
180,15125,1,505,673,50,50
180,15128,1,444,807,50,50
180,15133,1,1064,343,50,50
180,15134,1,899,465,50,50
180,15137,2,570,756,50,50
180,15138,0,1111,371,50,50
180,15141,1,96,1042,50,50
180,15143,1,684,583,50,50
181,14926,1,8,989,49,50
181,15008,1,-261,1119,50,50
181,15089,1,746,634,50,50
181,15098,1,727,571,50,50
181,15106,1,624,621,50,50
181,15112,2,572,753,50,50
181,15117,0,5,411,49,50
181,15121,1,449,717,50,50
181,15125,1,501,675,50,50
181,15128,1,451,803,50,50
181,15133,1,1062,344,50,50
181,15134,1,897,466,50,50
181,15137,2,575,753,50,50
181,15138,0,1111,371,50,50
181,15141,1,105,1036,50,50
181,15143,1,681,586,50,50
182,14926,1,-3,996,49,50
182,15089,2,749,632,50,50
182,15098,1,723,574,50,50
182,15106,2,620,623,50,50
182,15112,2,577,750,50,50
182,15117,0,5,411,49,50
182,15121,1,444,720,50,50
182,15125,1,496,678,50,50
182,15128,1,458,799,50,50
182,15133,1,1073,343,50,50
182,15134,1,894,468,50,50
182,15137,2,580,750,50,50
182,15138,0,1112,371,50,50
182,15141,1,112,1031,50,50
182,15143,1,677,588,50,50
183,14926,1,-14,1002,49,50
183,15089,2,752,630,50,50
183,15098,1,717,576,50,50
183,15106,1,616,626,50,50
183,15112,2,583,747,50,50
183,15117,0,5,411,49,50
183,15121,1,439,723,50,50
183,15125,1,491,680,50,50
183,15128,1,465,796,50,50
183,15133,1,1075,344,50,50
183,15134,1,891,470,50,50
183,15137,2,585,747,50,50
183,15138,0,1113,370,50,50
183,15141,1,121,1027,50,50
183,15143,2,672,591,50,50
184,14926,1,-25,1009,49,50
184,15089,2,755,628,50,50
184,15098,1,714,579,50,50
184,15106,1,612,628,50,50
184,15112,1,586,745,50,50
184,15117,0,5,411,49,50
184,15121,1,434,726,50,50
184,15125,1,486,682,50,50
184,15128,1,471,792,50,50
184,15133,1,1076,344,50,50
184,15134,1,888,472,50,50
184,15137,2,590,744,50,50
184,15138,0,1113,370,50,50
184,15141,1,130,1021,50,50
184,15143,1,669,593,50,50
185,14926,1,-36,1016,50,50
185,15089,2,758,626,50,50
185,15098,1,710,582,50,50
185,15106,1,608,630,50,50
185,15112,1,590,742,50,50
185,15117,0,5,410,49,50
185,15121,1,429,729,50,50
185,15125,1,481,685,50,50
185,15128,1,476,787,50,50
185,15133,1,1076,345,50,50
185,15134,1,885,475,50,50
185,15137,2,595,741,50,50
185,15138,0,1114,369,50,50
185,15141,1,138,1017,50,50
185,15143,2,664,596,50,50
186,14926,1,-47,1022,50,50
186,15089,2,761,624,50,50
186,15098,1,705,584,50,50
186,15106,1,604,632,50,50
186,15112,1,593,739,50,50
186,15117,0,5,410,49,50
186,15121,1,424,732,50,50
186,15125,1,476,687,50,50
186,15128,1,483,783,50,50
186,15133,1,1076,346,50,50
186,15134,1,882,477,50,50
186,15137,2,600,738,50,50
186,15138,0,1115,369,50,50
186,15141,1,146,1012,50,50
186,15143,2,661,598,50,50
186,15146,1,23,1053,49,50
187,14926,1,-58,1029,50,50
187,15089,2,764,622,50,50
187,15098,1,700,587,50,50
187,15106,1,599,634,50,50
187,15112,2,597,737,50,50
187,15117,0,5,410,49,50
187,15121,1,419,734,50,50
187,15125,1,471,690,50,50
187,15128,1,489,779,50,50
187,15133,1,1076,346,50,50
187,15134,1,879,479,50,50
187,15137,1,597,736,50,50
187,15138,0,1115,369,50,50
187,15141,1,155,1006,50,50
187,15143,2,657,600,50,50
187,15146,1,30,1047,50,50
188,14926,1,-69,1035,50,50
188,15089,2,767,620,50,50
188,15098,1,696,590,50,50
188,15106,1,595,637,50,50
188,15112,2,601,734,50,50
188,15117,0,5,410,49,50
188,15121,1,411,739,50,50
188,15125,1,466,693,50,50
188,15128,1,496,775,50,50
188,15133,1,1055,349,50,50
188,15134,1,876,480,50,50
188,15137,1,601,733,50,50
188,15138,0,1116,368,50,50
188,15141,1,164,1001,50,50
188,15143,2,654,602,50,50
188,15146,1,40,1040,50,50
189,14926,1,-80,1042,50,50
189,15089,2,770,619,50,50
189,15098,1,692,592,50,50
189,15106,1,591,639,50,50
189,15112,2,606,731,50,50
189,15117,0,5,410,49,50
189,15121,1,406,742,50,50
189,15125,1,461,696,50,50
189,15128,1,502,771,50,50
189,15133,1,1053,350,50,50
189,15134,1,873,482,50,50
189,15137,1,606,731,50,50
189,15138,0,1117,368,50,50
189,15141,1,172,996,50,50
189,15143,2,651,604,50,50
189,15146,1,53,1033,50,50
190,14926,1,-91,1049,50,50
190,15089,2,773,617,50,50
190,15098,1,688,595,50,50
190,15106,1,587,642,50,50
190,15112,1,612,728,50,50
190,15117,0,6,410,49,50
190,15121,1,401,745,50,50
190,15125,1,456,699,50,50
190,15128,1,507,768,50,50
190,15133,1,1055,351,50,50
190,15134,1,870,484,50,50
190,15137,1,610,728,50,50
190,15138,1,1159,288,50,50
190,15141,1,182,991,50,50
190,15143,2,647,606,50,50
190,15146,1,63,1026,50,50
191,14926,1,-102,1055,50,50
191,15089,2,775,615,50,50
191,15098,1,684,597,50,50
191,15106,1,582,645,50,50
191,15112,1,617,726,50,50
191,15117,0,6,409,49,50
191,15121,1,396,748,50,50
191,15125,1,450,702,50,50
191,15128,1,512,764,50,50
191,15133,1,1058,354,50,50
191,15134,1,868,486,50,50
191,15137,1,615,725,50,50
191,15138,1,1162,284,50,50
191,15141,1,190,986,50,50
191,15143,2,644,608,50,50
191,15146,1,74,1020,50,50
192,14926,1,-114,1062,50,50
192,15089,2,778,614,50,50
192,15098,1,680,599,50,50
192,15106,1,578,647,50,50
192,15112,1,621,723,50,50
192,15117,0,6,409,49,50
192,15121,1,391,751,50,50
192,15125,1,445,705,50,50
192,15128,1,519,760,50,50
192,15133,1,1057,355,50,50
192,15134,1,866,487,50,50
192,15137,1,619,722,50,50
192,15138,1,1164,281,50,50
192,15141,1,198,982,50,50
192,15143,2,640,610,50,50
192,15146,1,86,1013,50,50
193,14926,1,-125,1069,50,50
193,15089,2,781,612,50,50
193,15098,1,677,602,50,50
193,15106,1,573,650,50,50
193,15112,1,625,720,50,50
193,15117,0,7,409,49,50
193,15121,1,385,754,50,50
193,15125,1,440,708,50,50
193,15128,1,525,757,50,50
193,15133,1,1057,356,50,50
193,15134,1,864,488,50,50
193,15137,1,624,719,50,50
193,15138,1,1166,277,50,50
193,15141,1,206,977,50,50
193,15143,2,637,612,50,50
193,15146,1,99,1006,50,50
194,14926,1,-136,1075,50,50
194,15089,2,783,610,50,50
194,15098,1,671,605,50,50
194,15106,1,569,652,50,50
194,15112,1,629,717,50,50
194,15117,0,7,409,49,50
194,15121,1,374,759,50,50
194,15125,1,435,711,50,50
194,15128,1,532,753,50,50
194,15133,1,1053,357,50,50
194,15134,1,858,493,50,50
194,15137,1,628,716,50,50
194,15138,1,1169,274,50,50
194,15141,1,213,973,50,50
194,15143,2,634,615,50,50
194,15146,1,109,1000,50,50
195,14926,1,-147,1082,50,50
195,15089,2,786,608,50,50
195,15098,1,666,608,50,50
195,15106,1,564,655,50,50
195,15112,1,633,715,50,50
195,15117,0,7,409,49,50
195,15121,1,367,763,50,50
195,15125,1,429,713,50,50
195,15128,1,538,749,50,50
195,15133,1,1052,358,50,50
195,15134,1,854,494,50,50
195,15137,1,633,713,50,50
195,15138,1,1171,270,50,50
195,15141,1,219,969,50,50
195,15143,2,630,617,50,50
195,15146,1,118,994,50,50
196,14926,1,-158,1088,50,50
196,15089,2,789,606,50,50
196,15098,1,662,611,50,50
196,15106,2,560,658,50,50
196,15112,1,637,712,50,50
196,15117,0,7,409,49,50
196,15121,1,361,766,50,50
196,15125,1,423,716,50,50
196,15128,1,544,746,50,50
196,15133,1,1051,359,50,50
196,15134,1,852,496,50,50
196,15137,1,637,710,50,50
196,15138,1,1173,266,50,50
196,15141,1,227,965,50,50
196,15143,1,622,620,50,50
196,15146,1,130,988,50,50
197,14926,1,-169,1095,50,50
197,15089,2,791,604,50,50
197,15098,1,657,613,50,50
197,15106,2,555,660,50,50
197,15112,1,641,709,50,50
197,15117,0,7,409,49,50
197,15121,1,354,770,50,50
197,15125,1,418,719,50,50
197,15128,1,549,742,50,50
197,15133,1,1050,360,50,50
197,15134,1,849,498,50,50
197,15137,1,642,707,50,50
197,15138,1,1176,263,50,50
197,15141,1,235,960,50,50
197,15143,1,618,623,50,50
197,15146,1,140,982,50,50
198,14926,1,-181,1102,50,50
198,15089,2,793,602,50,50
198,15098,1,653,616,50,50
198,15106,2,551,663,50,50
198,15112,1,645,706,50,50
198,15117,0,7,410,49,50
198,15121,1,348,774,50,50
198,15125,1,412,723,50,50
198,15128,1,554,738,50,50
198,15133,1,1049,361,50,50
198,15134,1,845,500,50,50
198,15137,1,646,704,50,50
198,15138,1,1178,259,50,50
198,15141,1,241,956,50,50
198,15143,1,614,625,50,50
198,15146,1,152,976,50,50
199,14926,1,-192,1108,50,50
199,15089,2,796,601,50,50
199,15098,1,649,619,50,50
199,15106,1,546,666,50,50
199,15112,1,650,704,50,50
199,15117,0,7,410,49,50
199,15121,1,342,777,50,50
199,15125,1,407,726,50,50
199,15128,1,559,735,50,50
199,15133,1,1047,362,50,50
199,15134,1,842,502,50,50
199,15137,1,651,701,50,50
199,15138,1,1180,256,50,50
199,15141,1,249,952,50,50
199,15143,1,610,627,50,50
199,15146,1,164,970,50,50
200,14926,1,-203,1115,50,50
200,15089,2,798,599,50,50
200,15098,1,644,622,50,50
200,15106,1,540,668,50,50
200,15112,1,653,701,50,50
200,15117,0,7,410,49,50
200,15121,1,335,781,50,50
200,15125,1,401,729,50,50
200,15128,1,565,731,50,50
200,15133,1,1046,363,50,50
200,15134,1,839,504,50,50
200,15137,1,655,698,50,50
200,15138,1,1183,252,50,50
200,15141,1,258,947,50,50
200,15143,1,607,629,50,50
200,15146,1,174,964,50,50
201,14926,1,-214,1121,50,50
201,15089,2,801,597,50,50
201,15098,1,638,626,50,50
201,15106,1,536,671,50,50
201,15112,1,656,699,50,50
201,15117,0,7,410,49,50
201,15121,1,329,784,50,50
201,15125,1,395,732,50,50
201,15128,1,571,728,50,50
201,15133,2,1041,365,50,50
201,15134,1,836,507,50,50
201,15137,1,660,695,50,50
201,15138,1,1185,249,50,50
201,15141,1,266,943,50,50
201,15143,1,603,632,50,50
201,15146,1,184,958,50,50
202,14926,1,-225,1128,50,50
202,15089,1,804,595,50,50
202,15098,1,633,629,50,50
202,15106,1,531,674,50,50
202,15112,1,659,697,50,50
202,15117,0,7,410,49,50
202,15121,1,323,787,50,50
202,15125,1,389,735,50,50
202,15128,1,576,724,50,50
202,15133,2,1039,367,50,50
202,15134,1,832,509,50,50
202,15137,1,664,692,50,50
202,15138,1,1187,245,50,50
202,15141,1,274,939,50,50
202,15143,1,599,634,50,50
202,15146,1,195,952,50,50
203,14926,1,-236,1135,50,50
203,15089,1,806,593,50,50
203,15098,1,628,631,50,50
203,15106,2,527,677,50,50
203,15112,1,664,694,50,50
203,15117,0,7,410,49,50
203,15121,1,317,791,50,50
203,15125,1,383,738,50,50
203,15128,1,582,720,50,50
203,15133,2,1038,368,50,50
203,15134,1,829,511,50,50
203,15137,1,669,689,50,50
203,15138,1,1190,242,50,50
203,15141,1,280,934,50,50
203,15143,1,595,636,50,50
203,15146,1,203,946,50,50
204,14926,1,-248,1141,50,50
204,15089,1,809,591,50,50
204,15098,1,623,634,50,50
204,15106,2,522,679,50,50
204,15112,1,668,691,50,50
204,15117,0,7,410,49,50
204,15121,1,310,794,50,50
204,15125,1,378,741,50,50
204,15128,1,587,718,50,50
204,15133,2,1036,369,50,50
204,15134,1,826,512,50,50
204,15137,1,673,686,50,50
204,15138,1,1192,238,50,50
204,15141,1,287,930,50,50
204,15143,1,591,638,50,50
204,15146,1,213,941,50,50
205,14926,1,-259,1148,50,50
205,15089,1,812,589,50,50
205,15098,1,618,637,50,50
205,15106,1,517,682,50,50
205,15112,2,672,689,50,50
205,15117,0,7,410,49,50
205,15121,1,304,798,50,50
205,15125,1,371,744,50,50
205,15128,1,593,714,50,50
205,15133,2,1035,370,50,50
205,15134,1,823,514,50,50
205,15137,1,672,688,50,50
205,15138,1,1194,235,50,50
205,15141,1,295,926,50,50
205,15143,1,588,641,50,50
205,15146,1,224,935,50,50
206,14926,1,-270,1154,50,50
206,15089,1,814,587,50,50
206,15098,1,609,640,50,50
206,15106,1,511,685,50,50
206,15112,1,676,686,50,50
206,15117,0,7,410,49,50
206,15121,1,298,801,50,50
206,15125,1,365,747,50,50
206,15128,1,598,711,50,50
206,15133,2,1033,371,50,50
206,15134,1,820,516,50,50
206,15137,2,676,686,50,50
206,15138,1,1197,231,50,50
206,15141,1,300,921,50,50
206,15143,1,584,643,50,50
206,15146,1,233,929,50,50
206,15148,1,1056,349,50,50
207,14926,1,-281,1161,50,50
207,15089,1,817,585,50,50
207,15098,1,606,643,50,50
207,15106,2,506,687,50,50
207,15112,2,680,684,50,50
207,15117,0,7,410,49,50
207,15121,1,292,804,50,50
207,15125,1,359,750,50,50
207,15128,1,603,707,50,50
207,15133,2,1027,366,50,50
207,15134,1,817,518,50,50
207,15137,1,680,684,50,50
207,15138,1,1199,227,50,50
207,15141,1,308,917,50,50
207,15143,1,580,645,50,50
207,15146,1,243,924,50,50
207,15148,1,1055,350,50,50
208,14926,1,-292,1168,50,50
208,15089,1,820,583,50,50
208,15098,1,598,646,50,50
208,15106,2,501,690,50,50
208,15112,2,684,682,50,50
208,15117,0,7,410,49,50
208,15121,1,286,808,50,50
208,15125,1,353,753,50,50
208,15128,1,607,704,50,50
208,15133,2,1025,367,50,50
208,15134,1,814,520,50,50
208,15137,2,684,682,50,50
208,15138,1,1201,224,50,50
208,15141,1,315,913,50,50
208,15143,1,576,647,50,50
208,15146,1,253,918,50,50
208,15148,1,1054,350,50,50
209,14926,1,-303,1174,50,50
209,15089,2,822,581,50,50
209,15098,1,589,649,50,50
209,15106,2,497,693,50,50
209,15112,2,688,679,50,50
209,15117,0,7,410,49,50
209,15121,1,280,811,50,50
209,15125,1,347,757,50,50
209,15128,1,613,701,50,50
209,15133,2,1024,367,50,50
209,15134,1,811,521,50,50
209,15137,2,688,679,50,50
209,15138,1,1204,220,50,50
209,15141,1,321,909,50,50
209,15143,1,573,650,50,50
209,15146,1,263,913,50,50
209,15148,1,1053,351,50,50
210,14926,1,-314,1181,50,50
210,15089,2,824,580,50,50
210,15098,1,587,652,50,50
210,15106,2,491,696,50,50
210,15112,2,692,677,50,50
210,15117,0,7,410,49,50
210,15121,1,274,814,50,50
210,15125,1,341,760,50,50
210,15128,1,618,698,50,50
210,15133,2,1022,368,50,50
210,15134,1,805,526,50,50
210,15137,2,691,676,50,50
210,15138,1,1206,217,50,50
210,15141,1,327,905,50,50
210,15143,1,569,652,50,50
210,15146,1,271,908,50,50
210,15148,1,1051,353,50,50
211,14926,1,-326,1187,50,50
211,15089,2,827,578,50,50
211,15098,1,579,655,50,50
211,15106,1,486,699,50,50
211,15112,2,697,674,50,50
211,15117,0,7,410,49,50
211,15121,1,268,818,50,50
211,15125,1,335,763,50,50
211,15128,1,623,695,50,50
211,15133,2,1021,369,50,50
211,15134,1,801,528,50,50
211,15137,2,695,674,50,50
211,15138,1,1158,285,50,50
211,15141,1,336,901,50,50
211,15143,1,565,654,50,50
211,15146,1,281,903,50,50
211,15148,1,1050,354,50,50
212,15089,2,829,577,50,50
212,15098,1,573,658,50,50
212,15106,1,481,702,50,50
212,15112,2,701,671,50,50
212,15117,0,7,410,49,50
212,15121,1,261,821,50,50
212,15125,1,329,767,50,50
212,15128,1,628,691,50,50
212,15133,2,1019,369,50,50
212,15134,1,798,530,50,50
212,15137,2,698,671,50,50
212,15138,1,1158,285,50,50
212,15141,1,341,896,50,50
212,15143,1,561,656,50,50
212,15146,1,290,898,50,50
212,15148,1,1048,355,50,50
213,15089,2,832,575,50,50
213,15098,1,568,661,50,50
213,15106,2,475,705,50,50
213,15112,2,705,669,50,50
213,15117,0,7,410,49,50
213,15121,1,255,824,50,50
213,15125,1,323,770,50,50
213,15128,1,631,689,50,50
213,15133,2,1017,382,50,50
213,15134,1,794,533,50,50
213,15137,2,701,668,50,50
213,15138,1,1158,285,50,50
213,15141,1,347,893,50,50
213,15143,1,558,658,50,50
213,15146,1,300,892,50,50
213,15148,1,1047,356,50,50
214,15089,2,835,573,50,50
214,15098,1,563,664,50,50
214,15106,1,470,708,50,50
214,15112,2,709,666,50,50
214,15117,0,7,410,49,50
214,15121,1,249,828,50,50
214,15125,1,317,773,50,50
214,15128,1,636,686,50,50
214,15133,2,1016,384,50,50
214,15134,1,790,535,50,50
214,15137,2,704,666,50,50
214,15138,1,1158,285,50,50
214,15141,1,353,889,50,50
214,15143,1,554,661,50,50
214,15146,1,306,887,50,50
214,15148,1,1046,357,50,50
215,15089,2,837,571,50,50
215,15098,2,558,668,50,50
215,15106,1,465,711,50,50
215,15112,2,713,664,50,50
215,15117,0,7,410,49,50
215,15121,1,243,831,50,50
215,15125,1,311,776,50,50
215,15128,1,640,683,50,50
215,15133,2,1014,386,50,50
215,15134,1,787,538,50,50
215,15137,2,707,663,50,50
215,15138,1,1157,285,50,50
215,15141,1,359,885,50,50
215,15143,1,550,663,50,50
215,15146,1,316,882,50,50
215,15148,1,1045,358,50,50
216,15089,2,840,569,50,50
216,15098,1,554,671,50,50
216,15106,1,459,714,50,50
216,15112,2,717,661,50,50
216,15117,0,7,411,49,50
216,15121,1,237,835,50,50
216,15125,1,305,779,50,50
216,15128,2,645,680,50,50
216,15133,2,1012,388,50,50
216,15134,1,783,540,50,50
216,15137,2,710,662,50,50
216,15138,1,1157,285,50,50
216,15141,1,365,881,50,50
216,15143,1,546,665,50,50
216,15146,1,325,876,50,50
216,15148,1,1044,359,50,50
217,15089,2,842,568,50,50
217,15098,2,547,675,50,50
217,15106,1,454,717,50,50
217,15112,1,714,660,50,50
217,15117,0,7,411,49,50
217,15121,1,231,838,50,50
217,15125,1,299,782,50,50
217,15128,2,650,678,50,50
217,15133,2,1010,390,50,50
217,15134,1,779,542,50,50
217,15137,2,713,660,50,50
217,15138,1,1157,284,50,50
217,15141,1,371,877,50,50
217,15143,1,542,667,50,50
217,15146,1,334,872,50,50
217,15148,1,1043,360,50,50
218,15089,2,845,566,50,50
218,15098,2,542,678,50,50
218,15106,1,449,720,50,50
218,15112,2,717,658,50,50
218,15117,0,7,411,49,50
218,15121,1,225,841,50,50
218,15125,1,294,785,50,50
218,15128,2,654,675,50,50
218,15133,2,1008,392,50,50
218,15134,1,776,544,50,50
218,15137,2,717,658,50,50
218,15138,1,1157,284,50,50
218,15141,1,377,874,50,50
218,15143,1,539,670,50,50
218,15146,1,344,867,50,50
218,15148,1,1041,361,50,50
218,15152,1,543,678,50,50
219,15089,2,848,564,50,50
219,15098,1,537,682,50,50
219,15106,1,443,724,50,50
219,15112,2,720,655,50,50
219,15117,0,7,411,49,50
219,15121,1,218,845,50,50
219,15125,1,288,788,50,50
219,15128,2,659,672,50,50
219,15133,2,1007,393,50,50
219,15134,1,772,546,50,50
219,15137,2,721,655,50,50
219,15138,1,1157,284,50,50
219,15141,1,384,870,50,50
219,15143,1,535,672,50,50
219,15146,1,351,863,50,50
219,15148,1,1040,362,50,50
219,15152,1,541,680,50,50
220,15089,2,850,562,50,50
220,15098,2,531,685,50,50
220,15106,1,438,727,50,50
220,15112,2,724,653,50,50
220,15117,0,8,411,49,50
220,15121,1,212,848,50,50
220,15125,1,282,791,50,50
220,15128,2,662,668,50,50
220,15133,2,1005,395,50,50
220,15134,1,769,548,50,50
220,15137,2,724,653,50,50
220,15138,1,1157,284,50,50
220,15141,1,390,866,50,50
220,15143,1,531,674,50,50
220,15146,1,358,859,50,50
220,15148,1,1039,363,50,50
220,15152,1,531,684,50,50
221,15089,2,853,560,50,50
221,15098,2,525,688,50,50
221,15106,1,430,730,50,50
221,15112,2,728,651,50,50
221,15117,0,8,411,49,50
221,15121,1,206,851,50,50
221,15125,1,276,794,50,50
221,15128,2,667,665,50,50
221,15133,2,1003,397,50,50
221,15134,1,764,552,50,50
221,15137,2,728,651,50,50
221,15138,1,1157,284,50,50
221,15141,1,396,862,50,50
221,15143,1,527,676,50,50
221,15146,1,366,854,50,50
221,15148,1,1038,363,50,50
221,15152,1,527,687,50,50
222,15089,2,855,558,50,50
222,15098,2,519,691,50,50
222,15106,1,425,733,50,50
222,15112,2,731,648,50,50
222,15117,0,8,411,49,50
222,15121,1,200,855,50,50
222,15125,1,270,797,50,50
222,15128,2,672,662,50,50
222,15133,1,1003,382,50,50
222,15134,1,760,554,50,50
222,15137,2,731,648,50,50
222,15138,1,1157,284,50,50
222,15141,1,403,858,50,50
222,15143,1,524,679,50,50
222,15146,1,374,850,50,50
222,15148,1,1037,364,50,50
222,15152,1,523,689,50,50
223,15089,2,858,557,50,50
223,15098,2,513,695,50,50
223,15106,1,418,737,50,50
223,15112,2,734,646,50,50
223,15117,0,8,411,49,50
223,15121,1,194,858,50,50
223,15125,1,264,800,50,50
223,15128,2,676,659,50,50
223,15133,1,1002,383,50,50
223,15134,1,757,557,50,50
223,15137,2,735,646,50,50
223,15138,1,1157,284,50,50
223,15141,1,408,855,50,50
223,15143,1,520,681,50,50
223,15146,1,381,845,50,50
223,15148,1,1035,365,50,50
223,15152,1,518,691,50,50
224,15089,2,861,555,50,50
224,15098,2,507,699,50,50
224,15106,1,413,740,50,50
224,15112,2,738,644,50,50
224,15117,0,8,411,49,50
224,15121,1,188,861,50,50
224,15125,1,258,803,50,50
224,15128,2,680,656,50,50
224,15133,1,1000,383,50,50
224,15134,1,752,559,50,50
224,15137,2,738,644,50,50
224,15138,1,1157,284,50,50
224,15141,1,412,852,50,50
224,15143,1,516,683,50,50
224,15146,1,388,841,50,50
224,15148,1,1034,366,50,50
224,15152,1,514,694,50,50
225,15089,0,860,555,50,50
225,15098,2,501,703,50,50
225,15106,1,408,743,50,50
225,15112,2,741,642,50,50
225,15117,0,8,411,49,50
225,15121,1,146,879,50,50
225,15125,1,252,806,50,50
225,15128,2,683,654,50,50
225,15133,1,999,384,50,50
225,15134,1,747,562,50,50
225,15137,2,742,641,50,50
225,15138,1,1157,284,50,50
225,15141,1,417,848,50,50
225,15143,1,512,685,50,50
225,15146,1,395,837,50,50
225,15148,1,1033,367,50,50
225,15152,1,510,696,50,50
226,15089,0,862,554,50,50
226,15098,2,494,707,50,50
226,15106,1,404,745,50,50
226,15112,2,743,640,50,50
226,15117,0,8,411,49,50
226,15121,1,138,884,50,50
226,15125,1,247,810,50,50
226,15128,2,687,652,50,50
226,15133,1,997,384,50,50
226,15134,1,743,565,50,50
226,15137,2,745,639,50,50
226,15138,1,1156,284,50,50
226,15141,1,423,845,50,50
226,15143,1,509,688,50,50
226,15146,1,403,832,50,50
226,15148,1,1032,368,50,50
226,15152,1,495,707,50,50
227,15089,0,864,552,50,50
227,15098,2,488,711,50,50
227,15106,1,399,748,50,50
227,15112,2,746,638,50,50
227,15117,0,8,411,49,50
227,15121,1,130,889,50,50
227,15125,1,241,813,50,50
227,15128,2,692,649,50,50
227,15133,1,995,385,50,50
227,15134,1,740,567,50,50
227,15137,2,749,636,50,50
227,15138,1,1156,283,50,50
227,15141,1,429,841,50,50
227,15146,1,410,828,50,50
227,15148,2,1027,368,50,50
227,15152,1,489,711,50,50
228,15089,0,866,551,50,50
228,15098,2,483,714,50,50
228,15106,1,390,754,50,50
228,15112,2,750,636,50,50
228,15117,0,8,411,49,50
228,15121,1,122,894,50,50
228,15125,1,235,816,50,50
228,15128,1,697,646,50,50
228,15133,1,994,385,50,50
228,15134,1,736,569,50,50
228,15137,2,753,634,50,50
228,15138,1,1118,316,50,50
228,15141,1,435,837,50,50
228,15146,1,417,824,50,50
228,15148,2,1025,368,50,50
228,15152,1,484,714,50,50
229,15089,0,868,549,50,50
229,15098,2,476,718,50,50
229,15106,1,383,757,50,50
229,15112,2,753,634,50,50
229,15121,1,113,898,50,50
229,15125,1,229,819,50,50
229,15128,1,701,643,50,50
229,15133,1,992,386,50,50
229,15134,1,731,572,50,50
229,15137,2,756,632,50,50
229,15138,1,1116,318,50,50
229,15141,1,441,833,50,50
229,15146,1,423,819,50,50
229,15148,2,1024,369,50,50
229,15152,1,478,717,50,50
230,15089,0,871,547,50,50
230,15098,2,470,722,50,50
230,15106,1,377,761,50,50
230,15112,2,756,632,50,50
230,15121,1,104,903,50,50
230,15125,1,223,822,50,50
230,15128,1,705,641,50,50
230,15133,1,990,387,50,50
230,15134,1,727,575,50,50
230,15137,2,760,629,50,50
230,15138,1,1115,318,50,50
230,15141,1,447,829,50,50
230,15146,1,430,814,50,50
230,15148,2,1022,370,50,50
230,15152,1,473,721,50,50
231,15089,0,873,547,50,50
231,15098,2,464,725,50,50
231,15106,1,371,764,50,50
231,15112,2,759,630,50,50
231,15121,1,96,908,50,50
231,15125,1,217,825,50,50
231,15128,1,709,638,50,50
231,15133,1,989,387,50,50
231,15134,1,723,577,50,50
231,15137,2,763,627,50,50
231,15138,1,1113,319,50,50
231,15141,1,453,825,50,50
231,15146,1,437,810,50,50
231,15148,2,1021,371,50,50
231,15152,1,467,724,50,50
232,15089,0,875,546,50,50
232,15098,1,456,729,50,50
232,15106,1,365,767,50,50
232,15112,2,762,628,50,50
232,15121,1,88,912,50,50
232,15125,1,211,828,50,50
232,15128,1,713,635,50,50
232,15133,1,987,388,50,50
232,15134,1,719,580,50,50
232,15137,2,767,625,50,50
232,15138,1,1111,320,50,50
232,15141,1,459,822,50,50
232,15146,1,443,807,50,50
232,15148,2,1019,372,50,50
232,15152,1,462,728,50,50
233,15089,0,877,544,50,50
233,15098,1,449,733,50,50
233,15106,1,358,771,50,50
233,15112,2,765,626,50,50
233,15121,1,74,918,50,50
233,15125,1,205,831,50,50
233,15128,1,718,632,50,50
233,15133,2,986,391,50,50
233,15134,1,714,583,50,50
233,15137,2,770,622,50,50
233,15138,1,1110,321,50,50
233,15141,1,465,818,50,50
233,15146,1,451,802,50,50
233,15148,2,1018,373,50,50
233,15152,1,456,731,50,50
234,15089,0,879,543,50,50
234,15098,1,439,738,50,50
234,15106,1,351,774,50,50
234,15112,2,769,624,50,50
234,15121,1,66,923,50,50
234,15125,1,200,834,50,50
234,15128,1,722,629,50,50
234,15133,2,984,392,50,50
234,15134,1,710,586,50,50
234,15137,2,774,620,50,50
234,15138,1,1110,321,50,50
234,15141,1,471,814,50,50
234,15146,1,460,798,50,50
234,15148,2,1017,373,50,50
234,15152,1,451,734,50,50
235,15089,0,881,541,50,50
235,15098,1,432,742,50,50
235,15106,1,345,778,50,50
235,15112,2,772,622,50,50
235,15121,1,56,928,50,50
235,15125,1,194,837,50,50
235,15128,2,726,627,50,50
235,15133,2,983,393,50,50
235,15134,1,706,588,50,50
235,15137,2,777,617,50,50
235,15138,1,1109,322,50,50
235,15141,1,477,810,50,50
235,15146,1,468,793,50,50
235,15148,2,1015,374,50,50
235,15152,1,445,738,50,50
235,15153,2,854,477,50,50
236,15089,0,884,540,50,50
236,15098,1,427,746,50,50
236,15106,1,339,782,50,50
236,15112,2,775,619,50,50
236,15121,1,46,933,50,50
236,15125,1,188,840,50,50
236,15128,2,728,625,50,50
236,15133,2,982,394,50,50
236,15134,1,701,591,50,50
236,15137,2,781,615,50,50
236,15138,1,1107,323,50,50
236,15141,1,483,806,50,50
236,15146,1,475,789,50,50
236,15148,2,1014,375,50,50
236,15152,1,440,741,50,50
236,15153,2,853,478,50,50
237,15089,0,886,538,50,50
237,15098,1,419,750,50,50
237,15106,1,332,786,50,50
237,15112,2,778,617,50,50
237,15121,1,37,938,50,50
237,15125,1,182,843,50,50
237,15128,2,732,623,50,50
237,15133,2,981,395,50,50
237,15134,1,697,593,50,50
237,15137,2,784,613,50,50
237,15138,1,1106,324,50,50
237,15141,1,489,802,50,50
237,15146,1,483,784,50,50
237,15148,2,1012,376,50,50
237,15152,1,434,744,50,50
237,15153,2,852,479,50,50
238,15089,0,888,537,50,50
238,15098,1,411,754,50,50
238,15106,1,326,789,50,50
238,15112,2,782,615,50,50
238,15121,1,28,943,50,50
238,15125,1,176,846,50,50
238,15128,2,736,620,50,50
238,15133,2,979,396,50,50
238,15134,1,691,596,50,50
238,15137,2,788,610,50,50
238,15138,1,1104,325,50,50
238,15141,1,495,799,50,50
238,15146,1,490,780,50,50
238,15148,2,1011,377,50,50
238,15152,1,429,748,50,50
238,15153,2,850,480,50,50
239,15089,0,890,535,50,50
239,15098,1,404,758,50,50
239,15106,1,319,793,50,50
239,15112,2,785,613,50,50
239,15121,1,21,947,49,50
239,15125,1,170,850,50,50
239,15128,2,739,618,50,50
239,15133,2,978,397,50,50
239,15134,1,687,599,50,50
239,15137,2,792,608,50,50
239,15138,1,1103,326,50,50
239,15141,1,501,795,50,50
239,15146,1,498,775,50,50
239,15148,2,1010,378,50,50
239,15152,1,423,751,50,50
239,15153,2,849,480,50,50
240,15089,0,893,534,50,50
240,15098,1,397,762,50,50
240,15106,1,312,797,50,50
240,15112,2,788,611,50,50
240,15121,1,15,952,49,50
240,15125,1,123,873,50,50
240,15128,2,743,616,50,50
240,15133,1,975,398,50,50
240,15134,1,682,602,50,50
240,15137,2,795,606,50,50
240,15138,1,1101,328,50,50
240,15141,1,507,791,50,50
240,15146,1,506,771,50,50
240,15148,2,1008,378,50,50
240,15152,1,418,755,50,50
240,15153,2,848,481,50,50
241,15089,0,895,532,50,50
241,15098,1,389,768,50,50
241,15106,1,306,801,50,50
241,15112,2,790,609,50,50
241,15121,1,10,958,49,50
241,15125,1,115,877,50,50
241,15128,2,747,613,50,50
241,15133,1,973,399,50,50
241,15134,1,678,605,50,50
241,15137,2,799,603,50,50
241,15138,1,1099,329,50,50
241,15141,1,513,787,50,50
241,15146,1,513,766,50,50
241,15148,2,1007,379,50,50
241,15152,1,412,758,50,50
241,15153,2,847,482,50,50
242,15089,0,896,530,50,50
242,15098,1,382,772,50,50
242,15106,1,300,804,50,50
242,15112,0,792,607,50,50
242,15121,1,5,962,49,50
242,15125,1,106,881,50,50
242,15128,2,751,611,50,50
242,15133,1,971,400,50,50
242,15134,1,674,608,50,50
242,15137,2,802,601,50,50
242,15138,1,1099,328,50,50
242,15141,1,519,783,50,50
242,15146,1,521,762,50,50
242,15148,2,1005,380,50,50
242,15152,1,406,761,50,50
242,15153,2,835,489,50,50
243,15089,0,898,529,50,50
243,15098,1,373,776,50,50
243,15106,1,294,808,50,50
243,15112,2,795,605,50,50
243,15121,1,-3,967,49,50
243,15125,1,97,886,50,50
243,15128,2,755,607,50,50
243,15133,1,970,401,50,50
243,15134,1,668,611,50,50
243,15137,2,806,598,50,50
243,15138,1,1098,329,50,50
243,15141,1,525,780,50,50
243,15146,1,529,757,50,50
243,15148,2,1004,381,50,50
243,15152,1,401,765,50,50
243,15153,2,832,491,50,50
244,15089,0,900,527,50,50
244,15098,1,366,780,50,50
244,15106,1,287,811,50,50
244,15112,2,798,604,50,50
244,15121,1,-10,971,49,50
244,15125,1,89,890,50,50
244,15128,2,759,604,50,50
244,15133,1,968,402,50,50
244,15134,1,662,614,50,50
244,15137,2,809,596,50,50
244,15138,1,1096,330,50,50
244,15141,1,531,776,50,50
244,15146,1,536,753,50,50
244,15148,2,1002,382,50,50
244,15152,1,395,768,50,50
244,15153,2,830,493,50,50
245,15089,0,902,525,50,50
245,15098,1,358,784,50,50
245,15106,1,281,815,50,50
245,15112,2,801,602,50,50
245,15121,1,-18,976,49,50
245,15125,1,80,894,50,50
245,15128,2,762,602,50,50
245,15133,1,967,403,50,50
245,15134,1,657,617,50,50
245,15137,2,813,594,50,50
245,15138,1,1094,331,50,50
245,15141,1,537,772,50,50
245,15146,1,544,748,50,50
245,15148,2,1001,383,50,50
245,15152,1,390,772,50,50
245,15153,2,827,493,50,50
246,15089,0,903,524,50,50
246,15098,1,349,788,50,50
246,15106,1,275,818,50,50
246,15112,2,804,600,50,50
246,15121,1,-25,981,50,50
246,15125,1,72,899,50,50
246,15128,2,765,600,50,50
246,15133,1,965,404,50,50
246,15134,1,652,620,50,50
246,15137,2,816,591,50,50
246,15138,1,1094,332,50,50
246,15141,1,543,768,50,50
246,15146,1,551,744,50,50
246,15148,2,1000,383,50,50
246,15152,1,384,775,50,50
246,15153,2,825,494,50,50
247,15089,0,905,523,50,50
247,15098,1,340,793,50,50
247,15106,1,269,822,50,50
247,15112,1,806,598,50,50
247,15121,1,-33,986,50,50
247,15125,1,62,904,50,50
247,15128,2,769,598,50,50
247,15133,1,963,405,50,50
247,15134,1,647,623,50,50
247,15137,2,820,589,50,50
247,15138,1,1093,334,50,50
247,15141,1,549,764,50,50
247,15146,1,543,747,50,50
247,15148,2,998,384,50,50
247,15152,1,379,778,50,50
247,15153,2,823,496,50,50
248,15089,0,907,521,50,50
248,15098,1,333,797,50,50
248,15106,1,262,825,50,50
248,15112,1,809,597,50,50
248,15121,1,-40,990,50,50
248,15125,1,52,909,50,50
248,15128,2,772,596,50,50
248,15133,1,962,406,50,50
248,15134,1,642,626,50,50
248,15138,1,1091,335,50,50
248,15141,1,555,761,50,50
248,15146,1,548,744,50,50
248,15148,2,997,385,50,50
248,15152,1,373,782,50,50
248,15153,2,820,497,50,50
249,15089,0,909,519,50,50
249,15098,1,326,801,50,50
249,15106,1,245,831,50,50
249,15112,1,812,595,50,50
249,15121,1,-48,995,50,50
249,15125,1,44,913,50,50
249,15128,2,775,593,50,50
249,15133,1,958,409,50,50
249,15134,1,637,629,50,50
249,15138,1,1090,336,50,50
249,15141,1,561,757,50,50
249,15146,1,555,740,50,50
249,15148,2,995,386,50,50
249,15152,1,368,785,50,50
249,15153,2,818,498,50,50
250,15089,2,911,518,50,50
250,15098,1,317,805,50,50
250,15106,1,238,835,50,50
250,15112,1,815,593,50,50
250,15121,1,-56,1000,50,50
250,15125,2,34,918,50,50
250,15128,2,779,591,50,50
250,15133,1,956,411,50,50
250,15134,1,632,632,50,50
250,15138,1,1089,337,50,50
250,15141,1,567,753,50,50
250,15146,1,561,736,50,50
250,15148,2,994,387,50,50
250,15152,1,362,789,50,50
250,15153,2,814,502,50,50
251,15089,2,913,516,50,50
251,15098,0,308,810,50,50
251,15106,1,231,839,50,50
251,15112,1,818,591,50,50
251,15121,1,-63,1005,50,50
251,15125,2,26,923,50,50
251,15128,2,781,589,50,50
251,15133,1,954,412,50,50
251,15134,1,627,635,50,50
251,15138,1,1087,338,50,50
251,15141,1,573,749,50,50
251,15146,1,568,732,50,50
251,15148,2,993,388,50,50
251,15152,1,307,810,50,50
251,15153,2,811,504,50,50
252,15089,2,915,515,50,50
252,15098,1,299,815,50,50
252,15106,1,223,845,50,50
252,15112,1,821,589,50,50
252,15121,1,-71,1009,50,50
252,15125,2,20,927,49,50
252,15128,2,785,586,50,50
252,15133,1,952,413,50,50
252,15134,1,622,638,50,50
252,15138,1,1086,339,50,50
252,15141,1,579,745,50,50
252,15146,1,574,729,50,50
252,15148,2,991,388,50,50
252,15152,1,299,815,50,50
252,15153,2,809,506,50,50
253,15089,2,916,514,50,50
253,15098,1,292,820,50,50
253,15106,1,214,849,50,50
253,15112,1,824,587,50,50
253,15121,1,-79,1014,50,50
253,15125,2,14,931,49,50
253,15128,2,788,584,50,50
253,15133,1,950,414,50,50
253,15134,1,617,641,50,50
253,15138,1,1084,340,50,50
253,15141,1,585,741,50,50
253,15146,1,580,725,50,50
253,15148,2,1028,362,50,50
253,15152,1,291,819,50,50
253,15153,1,806,507,50,50
254,15089,2,918,512,50,50
254,15098,1,284,825,50,50
254,15106,1,205,853,50,50
254,15112,1,827,585,50,50
254,15121,1,-86,1019,50,50
254,15125,2,6,936,49,50
254,15128,2,792,582,50,50
254,15133,1,948,415,50,50
254,15134,1,612,644,50,50
254,15138,1,1083,341,50,50
254,15141,1,591,738,50,50
254,15146,1,587,721,50,50
254,15148,2,1029,361,50,50
254,15152,1,284,823,50,50
254,15153,1,803,509,50,50
255,15089,2,919,510,50,50
255,15098,1,274,833,50,50
255,15106,1,197,857,50,50
255,15112,1,830,583,50,50
255,15121,1,-94,1024,50,50
255,15125,2,-2,940,49,50
255,15128,1,796,579,50,50
255,15133,1,946,416,50,50
255,15134,1,607,647,50,50
255,15138,1,1082,342,50,50
255,15141,1,597,734,50,50
255,15146,1,586,720,50,50
255,15148,2,1029,361,50,50
255,15152,1,276,827,50,50
255,15153,2,800,510,50,50
256,15089,2,921,508,50,50
256,15098,1,265,837,50,50
256,15106,1,188,861,50,50
256,15112,1,833,581,50,50
256,15121,1,-102,1028,50,50
256,15125,2,-10,944,49,50
256,15128,1,800,576,50,50
256,15133,1,944,417,50,50
256,15134,1,599,651,50,50
256,15138,1,1080,343,50,50
256,15141,1,603,730,50,50
256,15146,1,592,717,50,50
256,15148,2,1029,361,50,50
256,15152,1,269,831,50,50
256,15153,2,798,512,50,50
257,15089,2,922,507,50,50
257,15098,1,257,842,50,50
257,15106,1,180,866,50,50
257,15112,1,836,579,50,50
257,15121,1,-109,1033,50,50
257,15125,2,-18,949,49,50
257,15128,1,802,574,50,50
257,15133,1,942,418,50,50
257,15134,1,594,654,50,50
257,15138,1,1079,344,50,50
257,15141,1,609,726,50,50
257,15146,1,598,713,50,50
257,15148,2,1029,360,50,50
257,15152,1,261,835,50,50
257,15153,2,795,514,50,50
258,15089,2,924,506,50,50
258,15098,1,247,846,50,50
258,15106,1,171,870,50,50
258,15112,0,834,577,50,50
258,15121,1,-117,1038,50,50
258,15125,2,-25,953,50,50
258,15128,1,806,572,50,50
258,15133,1,940,419,50,50
258,15134,1,588,658,50,50
258,15138,1,1077,345,50,50
258,15146,1,604,709,50,50
258,15148,2,1029,360,50,50
258,15152,1,253,840,50,50
258,15153,2,790,516,50,50
258,15159,2,894,464,50,50
259,15089,2,927,505,50,50
259,15098,1,234,851,50,50
259,15106,1,162,875,50,50
259,15112,0,836,576,50,50
259,15121,1,-125,1043,50,50
259,15125,2,-33,958,50,50
259,15128,2,808,570,50,50
259,15133,1,939,420,50,50
259,15134,1,583,661,50,50
259,15138,1,1076,346,50,50
259,15146,1,610,706,50,50
259,15148,2,1029,360,50,50
259,15152,1,246,844,50,50
259,15153,2,787,519,50,50
259,15159,2,892,467,50,50
260,15089,2,929,504,50,50
260,15098,1,226,856,50,50
260,15106,1,154,879,50,50
260,15112,0,839,574,50,50
260,15121,1,-133,1047,50,50
260,15125,2,-41,962,50,50
260,15128,2,811,568,50,50
260,15133,1,937,421,50,50
260,15134,1,577,665,50,50
260,15138,1,1075,346,50,50
260,15146,1,616,702,50,50
260,15148,2,1030,359,50,50
260,15152,1,238,848,50,50
260,15153,2,784,521,50,50
260,15159,2,887,469,50,50
261,15089,0,930,502,50,50
261,15098,1,217,861,50,50
261,15106,1,145,884,50,50
261,15112,0,842,572,50,50
261,15121,1,-140,1052,50,50
261,15125,2,-49,966,50,50
261,15128,1,814,566,50,50
261,15133,1,935,422,50,50
261,15134,1,571,668,50,50
261,15138,1,1073,346,50,50
261,15146,1,622,698,50,50
261,15148,2,1030,359,50,50
261,15152,1,230,852,50,50
261,15153,2,781,522,50,50
261,15159,2,884,471,50,50
262,15089,0,932,502,50,50
262,15098,1,207,866,50,50
262,15106,1,137,888,50,50
262,15112,0,844,570,50,50
262,15121,1,-148,1057,50,50
262,15125,2,-57,971,50,50
262,15128,2,817,564,50,50
262,15133,1,933,423,50,50
262,15134,1,566,672,50,50
262,15138,1,1071,347,50,50
262,15146,1,628,695,50,50
262,15148,2,1030,359,50,50
262,15152,1,223,856,50,50
262,15153,2,778,524,50,50
262,15159,2,881,474,50,50
263,15089,0,933,501,50,50
263,15098,1,197,871,50,50
263,15106,1,128,893,50,50
263,15112,0,847,568,50,50
263,15121,1,-156,1061,50,50
263,15125,2,-65,975,50,50
263,15128,1,821,561,50,50
263,15133,1,931,425,50,50
263,15134,1,560,676,50,50
263,15138,1,1070,347,50,50
263,15146,1,634,691,50,50
263,15148,2,1030,359,50,50
263,15152,1,215,860,50,50
263,15153,2,775,526,50,50
263,15159,2,878,476,50,50
264,15089,0,935,499,50,50
264,15098,1,186,877,50,50
264,15106,1,120,898,50,50
264,15112,2,849,566,50,50
264,15121,1,-163,1066,50,50
264,15125,2,-73,980,50,50
264,15128,1,825,559,50,50
264,15133,1,929,426,50,50
264,15134,1,554,679,50,50
264,15138,1,1068,348,50,50
264,15146,1,639,688,50,50
264,15148,2,1030,358,50,50
264,15152,1,207,865,50,50
264,15153,2,773,527,50,50
264,15159,2,874,478,50,50
265,15089,0,937,498,50,50
265,15098,1,176,882,50,50
265,15106,1,111,903,50,50
265,15112,2,851,565,50,50
265,15121,1,-171,1071,50,50
265,15125,2,-81,984,50,50
265,15128,2,827,557,50,50
265,15133,1,927,427,50,50
265,15134,1,548,682,50,50
265,15138,1,1067,349,50,50
265,15146,1,645,684,50,50
265,15148,2,1031,358,50,50
265,15152,1,200,869,50,50
265,15153,2,770,529,50,50
265,15159,2,871,480,50,50
266,15089,0,939,496,50,50
266,15098,1,166,888,50,50
266,15106,1,101,908,50,50
266,15112,2,853,563,50,50
266,15121,1,-179,1076,50,50
266,15125,2,-89,988,50,50
266,15128,1,830,555,50,50
266,15133,1,925,428,50,50
266,15134,1,541,685,50,50
266,15138,1,1065,350,50,50
266,15146,1,651,680,50,50
266,15148,2,1031,358,50,50
266,15152,1,192,873,50,50
266,15153,2,768,531,50,50
266,15159,2,867,482,50,50
267,15089,0,941,495,50,50
267,15098,1,155,894,50,50
267,15106,1,91,913,50,50
267,15112,2,856,561,50,50
267,15121,1,-186,1080,50,50
267,15125,2,-97,993,50,50
267,15128,1,833,552,50,50
267,15133,1,924,429,50,50
267,15134,1,534,689,50,50
267,15138,1,1063,350,50,50
267,15146,1,657,677,50,50
267,15148,2,1031,357,50,50
267,15152,1,185,877,50,50
267,15153,2,765,533,50,50
267,15159,2,863,485,50,50
268,15089,2,943,494,50,50
268,15098,1,144,900,50,50
268,15106,1,82,918,50,50
268,15112,2,858,559,50,50
268,15121,1,-194,1085,50,50
268,15125,2,-105,997,50,50
268,15128,1,836,550,50,50
268,15133,1,922,430,50,50
268,15134,1,528,693,50,50
268,15138,1,1061,351,50,50
268,15146,1,663,673,50,50
268,15148,2,1031,357,50,50
268,15152,1,177,881,50,50
268,15153,2,762,535,50,50
268,15159,2,860,488,50,50
269,15089,2,944,492,50,50
269,15098,1,134,906,50,50
269,15106,1,71,923,50,50
269,15112,2,860,557,50,50
269,15121,1,-202,1090,50,50
269,15125,2,-113,1002,50,50
269,15128,1,838,548,50,50
269,15133,1,920,431,50,50
269,15134,1,522,697,50,50
269,15138,1,1060,352,50,50
269,15146,1,669,669,50,50
269,15148,2,1031,357,50,50
269,15152,1,169,885,50,50
269,15153,2,759,536,50,50
269,15159,2,857,490,50,50
270,15089,2,945,492,50,50
270,15098,1,122,912,50,50
270,15106,2,61,928,50,50
270,15112,2,863,555,50,50
270,15121,1,-209,1095,50,50
270,15125,2,-121,1006,50,50
270,15128,1,841,546,50,50
270,15133,1,918,432,50,50
270,15134,1,515,701,50,50
270,15138,1,1058,353,50,50
270,15146,1,675,666,50,50
270,15148,2,1031,356,50,50
270,15152,1,162,890,50,50
270,15153,2,756,538,50,50
270,15159,2,854,493,50,50
270,15161,1,628,713,50,50
271,15089,2,947,491,50,50
271,15098,1,111,918,50,50
271,15106,1,51,933,50,50
271,15112,2,865,553,50,50
271,15121,1,-217,1099,50,50
271,15125,2,-129,1010,50,50
271,15128,1,844,544,50,50
271,15133,1,916,436,50,50
271,15134,1,509,704,50,50
271,15138,1,1057,355,50,50
271,15146,1,681,662,50,50
271,15148,2,1032,356,50,50
271,15152,1,154,894,50,50
271,15153,2,754,540,50,50
271,15159,2,851,495,50,50
271,15161,1,629,712,50,50
272,15089,2,949,489,50,50
272,15098,1,99,924,50,50
272,15106,1,41,938,50,50
272,15112,0,866,553,50,50
272,15121,1,-225,1104,50,50
272,15125,2,-137,1015,50,50
272,15128,2,847,543,50,50
272,15133,1,914,438,50,50
272,15134,1,502,708,50,50
272,15138,1,1055,356,50,50
272,15146,1,687,659,50,50
272,15148,1,1086,332,50,50
272,15152,1,146,898,50,50
272,15153,2,751,542,50,50
272,15159,2,846,497,50,50
272,15161,1,631,710,50,50
273,15089,0,951,487,50,50
273,15098,1,87,929,50,50
273,15106,1,31,943,50,50
273,15112,0,868,552,50,50
273,15125,2,-145,1019,50,50
273,15128,2,850,541,50,50
273,15133,1,912,439,50,50
273,15134,1,496,711,50,50
273,15138,1,1053,357,50,50
273,15146,1,693,655,50,50
273,15148,1,1089,330,50,50
273,15152,1,139,902,50,50
273,15153,2,748,543,50,50
273,15159,2,842,500,50,50
273,15161,1,632,709,50,50
274,15089,2,953,486,50,50
274,15098,1,76,936,50,50
274,15106,1,23,948,49,50
274,15112,2,871,550,50,50
274,15125,2,-152,1023,50,50
274,15128,2,852,539,50,50
274,15133,1,908,441,50,50
274,15134,1,489,715,50,50
274,15138,1,1051,358,50,50
274,15146,1,698,651,50,50
274,15148,1,1092,329,50,50
274,15152,1,188,862,50,50
274,15153,2,745,545,50,50
274,15159,2,839,502,50,50
274,15161,1,634,707,50,50
275,15089,0,955,485,50,50
275,15098,1,65,942,50,50
275,15106,1,17,954,49,50
275,15112,2,874,548,50,50
275,15125,2,-160,1028,50,50
275,15128,2,855,537,50,50
275,15133,1,906,442,50,50
275,15134,1,482,719,50,50
275,15138,1,1050,359,50,50
275,15146,1,704,648,50,50
275,15148,1,1095,327,50,50
275,15152,1,176,868,50,50
275,15153,2,742,547,50,50
275,15159,2,835,504,50,50
275,15161,1,635,706,50,50
276,15089,0,957,484,50,50
276,15098,1,53,949,50,50
276,15106,1,11,959,49,50
276,15112,2,876,546,50,50
276,15125,2,-168,1032,50,50
276,15128,2,857,536,50,50
276,15133,1,904,443,50,50
276,15134,1,475,723,50,50
276,15138,1,1048,360,50,50
276,15146,1,710,644,50,50
276,15148,1,1093,325,50,50
276,15152,1,171,870,50,50
276,15153,1,736,549,50,50
276,15159,2,831,507,50,50
276,15161,1,637,704,50,50
277,15089,0,959,482,50,50
277,15098,1,41,955,50,50
277,15106,1,6,963,49,50
277,15112,2,878,544,50,50
277,15125,2,-176,1037,50,50
277,15128,2,860,534,50,50
277,15133,1,902,445,50,50
277,15134,1,468,727,50,50
277,15138,1,1047,361,50,50
277,15146,1,716,640,50,50
277,15148,1,1093,324,50,50
277,15152,1,165,873,50,50
277,15153,1,732,551,50,50
277,15159,2,827,510,50,50
277,15161,1,638,703,50,50
278,15089,0,960,481,50,50
278,15098,1,32,961,50,50
278,15106,1,-2,968,49,50
278,15112,2,881,542,50,50
278,15125,2,-184,1041,50,50
278,15128,1,863,532,50,50
278,15133,1,900,446,50,50
278,15134,1,461,731,50,50
278,15138,1,1046,361,50,50
278,15146,1,722,637,50,50
278,15148,1,1095,323,50,50
278,15152,1,151,882,50,50
278,15153,1,729,553,50,50
278,15159,2,824,512,50,50
278,15161,1,640,701,50,50
279,15089,0,961,480,50,50
279,15098,1,25,967,50,50
279,15106,1,-11,972,49,50
279,15112,2,883,540,50,50
279,15125,2,-192,1045,50,50
279,15128,1,866,530,50,50
279,15133,1,898,447,50,50
279,15134,1,454,735,50,50
279,15138,1,1044,362,50,50
279,15146,1,728,633,50,50
279,15148,1,1097,321,50,50
279,15152,1,143,886,50,50
279,15153,1,725,555,50,50
279,15159,2,820,514,50,50
279,15161,1,642,699,50,50
280,15089,0,963,479,50,50
280,15098,1,19,972,49,50
280,15106,1,-19,977,49,50
280,15112,2,886,538,50,50
280,15125,2,-200,1050,50,50
280,15128,2,869,528,50,50
280,15133,1,895,448,50,50
280,15134,1,447,739,50,50
280,15138,1,1042,364,50,50
280,15146,1,734,630,50,50
280,15148,1,1099,319,50,50
280,15152,1,136,891,50,50
280,15153,1,722,556,50,50
280,15159,2,814,517,50,50
280,15161,1,643,698,50,50
281,15089,0,964,478,50,50
281,15098,1,13,978,49,50
281,15106,1,-26,982,50,50
281,15112,2,888,536,50,50
281,15125,2,-208,1054,50,50
281,15128,2,871,526,50,50
281,15133,1,893,449,50,50
281,15134,1,440,743,50,50
281,15138,1,1040,365,50,50
281,15146,1,740,626,50,50
281,15148,1,1102,318,50,50
281,15152,1,127,896,50,50
281,15153,1,719,558,50,50
281,15159,2,811,520,50,50
281,15161,2,670,685,50,50
282,15089,0,966,476,50,50
282,15098,1,7,983,49,50
282,15106,1,-34,987,50,50
282,15112,2,890,535,50,50
282,15125,2,-216,1059,50,50
282,15128,2,873,524,50,50
282,15133,1,891,450,50,50
282,15134,1,432,747,50,50
282,15138,1,1039,366,50,50
282,15146,1,746,622,50,50
282,15148,1,1104,316,50,50
282,15152,1,118,901,50,50
282,15153,1,715,561,50,50
282,15159,2,807,522,50,50
282,15161,2,674,682,50,50
283,15089,0,967,474,50,50
283,15098,1,-2,989,49,50
283,15106,1,-42,992,50,50
283,15112,2,891,534,50,50
283,15125,2,-224,1063,50,50
283,15128,2,876,523,50,50
283,15133,1,889,452,50,50
283,15134,1,425,751,50,50
283,15138,1,1037,368,50,50
283,15146,1,752,619,50,50
283,15148,1,1106,315,50,50
283,15152,1,109,905,50,50
283,15153,1,712,563,50,50
283,15159,2,803,524,50,50
283,15161,2,678,679,50,50
284,15089,2,969,473,50,50
284,15098,1,-11,995,49,50
284,15106,1,-50,997,50,50
284,15112,2,892,533,50,50
284,15128,2,879,521,50,50
284,15133,1,887,453,50,50
284,15134,1,418,756,50,50
284,15138,1,1035,369,50,50
284,15146,1,757,615,50,50
284,15148,1,1108,313,50,50
284,15152,1,100,910,50,50
284,15153,1,709,565,50,50
284,15159,2,799,527,50,50
284,15161,2,681,677,50,50
285,15089,2,970,472,50,50
285,15098,1,-20,1001,49,50
285,15106,1,-58,1001,50,50
285,15112,2,894,532,50,50
285,15128,2,881,519,50,50
285,15133,1,885,455,50,50
285,15134,1,410,760,50,50
285,15138,1,1034,370,50,50
285,15146,1,763,611,50,50
285,15148,1,1110,312,50,50
285,15152,1,91,915,50,50
285,15153,1,705,567,50,50
285,15159,2,795,529,50,50
285,15161,2,684,674,50,50
285,15168,1,1070,343,50,50
286,15089,2,972,471,50,50
286,15098,1,-28,1007,50,50
286,15106,1,-67,1006,50,50
286,15112,2,896,530,50,50
286,15128,2,883,517,50,50
286,15133,1,883,457,50,50
286,15134,1,402,764,50,50
286,15138,1,1032,371,50,50
286,15146,1,769,608,50,50
286,15148,1,1112,310,50,50
286,15152,1,81,920,50,50
286,15153,1,702,569,50,50
286,15159,2,792,532,50,50
286,15161,2,688,672,50,50
286,15168,1,1068,344,50,50
287,15089,2,973,470,50,50
287,15098,1,-37,1012,50,50
287,15106,1,-75,1011,50,50
287,15112,2,898,529,50,50
287,15128,2,885,515,50,50
287,15133,1,881,459,50,50
287,15134,1,394,768,50,50
287,15138,1,1031,372,50,50
287,15148,1,1115,309,50,50
287,15152,1,72,925,50,50
287,15153,1,697,572,50,50
287,15159,2,785,535,50,50
287,15161,2,691,669,50,50
287,15168,1,1066,345,50,50
288,15089,2,975,469,50,50
288,15098,1,-47,1018,50,50
288,15106,1,-83,1016,50,50
288,15112,2,900,527,50,50
288,15128,2,887,513,50,50
288,15133,2,879,460,50,50
288,15134,1,387,773,50,50
288,15138,1,1029,373,50,50
288,15148,1,1117,307,50,50
288,15152,1,62,930,50,50
288,15153,1,692,575,50,50
288,15159,2,781,538,50,50
288,15161,2,695,666,50,50
288,15168,1,1064,346,50,50
289,15089,0,976,468,50,50
289,15098,1,-56,1024,50,50
289,15106,1,-91,1021,50,50
289,15112,2,902,526,50,50
289,15128,1,891,511,50,50
289,15133,1,877,461,50,50
289,15134,1,378,778,50,50
289,15138,1,1028,374,50,50
289,15148,1,1119,306,50,50
289,15152,1,53,935,50,50
289,15153,1,689,577,50,50
289,15159,1,776,540,50,50
289,15161,2,699,664,50,50
289,15168,1,1063,348,50,50
290,15089,0,978,467,50,50
290,15098,1,-65,1030,50,50
290,15106,1,-99,1025,50,50
290,15112,2,904,524,50,50
290,15128,1,894,510,50,50
290,15133,1,875,463,50,50
290,15134,1,370,782,50,50
290,15138,1,1026,375,50,50
290,15148,1,1121,304,50,50
290,15152,1,43,940,50,50
290,15153,1,685,579,50,50
290,15159,1,772,543,50,50
290,15161,2,702,662,50,50
290,15168,1,1062,349,50,50
290,15169,1,920,442,50,50
291,15089,0,980,466,50,50
291,15098,1,-74,1035,50,50
291,15106,1,-107,1030,50,50
291,15112,2,906,523,50,50
291,15128,1,896,508,50,50
291,15133,1,873,464,50,50
291,15134,1,362,787,50,50
291,15138,1,1024,377,50,50
291,15148,1,1123,303,50,50
291,15152,1,34,945,50,50
291,15153,1,681,582,50,50
291,15159,1,768,545,50,50
291,15161,2,706,659,50,50
291,15168,1,1061,350,50,50
291,15169,1,917,443,50,50
292,15089,0,982,464,50,50
292,15098,1,-83,1041,50,50
292,15106,1,-115,1035,50,50
292,15112,2,908,521,50,50
292,15128,2,898,507,50,50
292,15133,2,871,466,50,50
292,15134,1,354,791,50,50
292,15138,1,1022,378,50,50
292,15148,1,1126,301,50,50
292,15152,1,25,949,50,50
292,15153,1,678,584,50,50
292,15159,1,764,548,50,50
292,15161,2,709,657,50,50
292,15168,1,1059,351,50,50
292,15169,1,915,445,50,50
293,15089,0,983,462,50,50
293,15098,1,-92,1047,50,50
293,15106,1,-124,1040,50,50
293,15112,2,910,519,50,50
293,15128,2,900,505,50,50
293,15133,2,868,467,50,50
293,15134,1,346,796,50,50
293,15138,1,1019,379,50,50
293,15148,1,1128,300,50,50
293,15152,1,20,955,49,50
293,15153,1,674,586,50,50
293,15159,1,760,550,50,50
293,15161,2,711,656,50,50
293,15168,1,1058,351,50,50
293,15169,1,913,446,50,50
294,15089,0,984,461,50,50
294,15098,1,-101,1053,50,50
294,15106,1,-132,1045,50,50
294,15112,2,912,518,50,50
294,15128,2,902,503,50,50
294,15133,2,866,469,50,50
294,15134,1,338,800,50,50
294,15138,1,1017,380,50,50
294,15148,1,1130,298,50,50
294,15152,1,15,959,49,50
294,15153,1,670,588,50,50
294,15159,1,756,553,50,50
294,15161,2,714,654,50,50
294,15168,1,1056,352,50,50
294,15169,1,911,447,50,50
295,15089,0,986,460,50,50
295,15098,1,-110,1058,50,50
295,15106,1,-140,1049,50,50
295,15112,2,914,516,50,50
295,15128,2,905,501,50,50
295,15133,2,864,471,50,50
295,15134,1,329,805,50,50
295,15138,1,1015,381,50,50
295,15148,1,1132,297,50,50
295,15152,1,10,962,49,50
295,15153,2,664,592,50,50
295,15159,1,752,556,50,50
295,15161,2,717,652,50,50
295,15168,1,1055,353,50,50
295,15169,1,909,448,50,50
296,15089,0,988,459,50,50
296,15098,1,-119,1064,50,50
296,15106,1,-148,1054,50,50
296,15112,2,916,515,50,50
296,15128,2,907,500,50,50
296,15133,2,861,472,50,50
296,15134,1,321,810,50,50
296,15138,1,1013,382,50,50
296,15148,1,1134,295,50,50
296,15152,1,5,968,49,50
296,15153,2,661,594,50,50
296,15159,2,744,561,50,50
296,15161,2,721,649,50,50
296,15168,1,1053,354,50,50
296,15169,1,907,449,50,50
297,15089,0,989,458,50,50
297,15098,1,-128,1070,50,50
297,15106,1,-156,1059,50,50
297,15112,2,919,513,50,50
297,15128,2,909,498,50,50
297,15133,2,858,473,50,50
297,15134,1,314,815,50,50
297,15138,1,1011,383,50,50
297,15148,1,1137,294,50,50
297,15152,1,-2,972,49,50
297,15153,2,657,596,50,50
297,15159,2,739,564,50,50
297,15161,2,724,647,50,50
297,15168,1,1051,355,50,50
297,15169,1,906,450,50,50
297,15171,0,8,413,50,50
297,15172,1,39,1043,50,50
298,15089,0,991,457,50,50
298,15098,1,-137,1076,50,50
298,15106,1,-164,1064,50,50
298,15112,2,921,511,50,50
298,15128,2,911,497,50,50
298,15133,2,855,475,50,50
298,15134,1,306,819,50,50
298,15138,1,1010,384,50,50
298,15148,1,1139,292,50,50
298,15152,1,-10,977,49,50
298,15153,2,653,598,50,50
298,15159,2,735,567,50,50
298,15161,2,728,645,50,50
298,15168,1,1049,356,50,50
298,15169,1,904,451,50,50
298,15171,0,8,413,50,50
298,15172,1,48,1037,50,50
299,15089,0,992,456,50,50
299,15098,1,-146,1082,50,50
299,15106,1,-172,1069,50,50
299,15112,2,923,510,50,50
299,15128,2,913,495,50,50
299,15133,1,852,476,50,50
299,15134,1,298,823,50,50
299,15138,1,1009,385,50,50
299,15148,1,1141,291,50,50
299,15152,1,-17,982,49,50
299,15153,2,650,600,50,50
299,15159,2,730,570,50,50
299,15161,2,731,642,50,50
299,15168,1,1048,357,50,50
299,15169,1,901,455,50,50
299,15171,0,8,414,50,50
299,15172,1,57,1031,50,50
300,15089,0,993,455,50,50
300,15098,1,-155,1087,50,50
300,15106,1,-181,1074,50,50
300,15112,2,925,508,50,50
300,15128,2,915,493,50,50
300,15133,1,849,477,50,50
300,15134,1,290,828,50,50
300,15138,1,1006,386,50,50
300,15148,1,1143,289,50,50
300,15152,1,-24,986,49,50
300,15153,2,646,603,50,50
300,15159,2,725,572,50,50
300,15161,2,732,640,50,50
300,15168,1,1046,358,50,50
300,15169,1,898,457,50,50
300,15171,0,8,414,50,50
300,15172,1,67,1024,50,50
301,15089,0,994,454,50,50
301,15098,1,-164,1093,50,50
301,15106,1,-189,1078,50,50
301,15112,2,927,507,50,50
301,15128,2,917,491,50,50
301,15133,1,847,479,50,50
301,15134,1,283,832,50,50
301,15138,1,1004,387,50,50
301,15148,1,1145,288,50,50
301,15152,1,-30,991,50,50
301,15153,2,641,605,50,50
301,15159,2,720,576,50,50
301,15161,2,735,637,50,50
301,15168,1,1045,359,50,50
301,15169,2,896,459,50,50
301,15171,0,7,414,49,50
301,15172,1,77,1018,50,50
302,15089,0,996,453,50,50
302,15098,1,-173,1099,50,50
302,15106,1,-197,1083,50,50
302,15112,2,929,505,50,50
302,15128,2,919,490,50,50
302,15133,2,844,481,50,50
302,15134,1,267,842,50,50
302,15138,1,1002,388,50,50
302,15148,1,1147,286,50,50
302,15152,1,-38,995,50,50
302,15153,2,637,607,50,50
302,15159,2,715,579,50,50
302,15161,2,738,635,50,50
302,15168,1,1043,360,50,50
302,15169,2,894,460,50,50
302,15171,0,7,414,49,50
302,15172,1,87,1012,50,50
303,15089,0,997,452,50,50
303,15098,1,-182,1105,50,50
303,15106,1,-205,1088,50,50
303,15112,2,931,504,50,50
303,15128,2,922,488,50,50
303,15133,1,841,483,50,50
303,15134,1,257,846,50,50
303,15138,1,1000,389,50,50
303,15148,1,1150,285,50,50
303,15152,1,-45,1000,50,50
303,15153,1,633,610,50,50
303,15159,2,710,582,50,50
303,15161,2,740,633,50,50
303,15168,1,1041,361,50,50
303,15169,1,891,461,50,50
303,15171,0,7,414,49,50
303,15172,1,97,1007,50,50
304,15089,0,999,450,50,50
304,15098,1,-191,1110,50,50
304,15106,1,-213,1093,50,50
304,15112,1,924,487,50,50
304,15128,2,924,486,50,50
304,15133,1,839,484,50,50
304,15134,1,247,851,50,50
304,15138,1,998,390,50,50
304,15148,1,1152,283,50,50
304,15152,1,-52,1004,50,50
304,15153,2,628,613,50,50
304,15159,2,704,585,50,50
304,15161,2,743,631,50,50
304,15168,1,1040,362,50,50
304,15169,1,889,463,50,50
304,15171,0,7,414,49,50
304,15172,1,106,1001,50,50
305,15089,0,1000,449,50,50
305,15098,1,-200,1116,50,50
305,15106,1,-221,1098,50,50
305,15112,2,927,484,50,50
305,15128,2,926,485,50,50
305,15133,1,837,486,50,50
305,15134,1,237,855,50,50
305,15138,1,996,391,50,50
305,15148,1,1154,282,50,50
305,15152,1,-60,1009,50,50
305,15153,2,623,615,50,50
305,15159,2,699,589,50,50
305,15161,2,746,629,50,50
305,15168,1,1038,363,50,50
305,15169,1,887,464,50,50
305,15171,0,6,414,49,50
305,15172,1,117,994,50,50
306,15089,0,1001,448,50,50
306,15098,1,-209,1122,50,50
306,15106,1,-230,1102,50,50
306,15112,2,928,483,50,50
306,15128,2,928,483,50,50
306,15133,1,835,488,50,50
306,15134,1,226,860,50,50
306,15138,1,994,392,50,50
306,15148,1,1156,280,50,50
306,15152,1,-67,1014,50,50
306,15153,2,619,618,50,50
306,15159,2,692,592,50,50
306,15161,2,749,626,50,50
306,15168,1,1037,364,50,50
306,15169,1,885,466,50,50
306,15171,0,6,414,49,50
306,15172,1,126,989,50,50
307,15089,0,1003,447,50,50
307,15098,1,-218,1128,50,50
307,15106,1,-238,1107,50,50
307,15112,1,930,481,50,50
307,15128,2,930,481,50,50
307,15133,1,832,489,50,50
307,15134,1,215,866,50,50
307,15138,1,992,393,50,50
307,15148,1,1158,279,50,50
307,15152,1,-74,1018,50,50
307,15153,2,614,620,50,50
307,15159,2,686,596,50,50
307,15161,2,752,624,50,50
307,15168,1,1035,365,50,50
307,15169,1,883,467,50,50
307,15171,0,6,414,49,50
307,15172,1,137,983,50,50
308,15089,0,1004,446,50,50
308,15098,1,-227,1133,50,50
308,15112,1,931,479,50,50
308,15128,2,933,479,50,50
308,15133,1,830,491,50,50
308,15134,1,205,871,50,50
308,15138,1,990,394,50,50
308,15152,1,-82,1023,50,50
308,15153,2,609,622,50,50
308,15159,2,681,599,50,50
308,15161,2,755,622,50,50
308,15168,1,1034,366,50,50
308,15169,1,881,468,50,50
308,15171,0,6,414,49,50
308,15172,1,147,978,50,50
309,15089,0,1006,445,50,50
309,15098,1,-237,1139,50,50
309,15112,1,933,477,50,50
309,15128,2,935,478,50,50
309,15133,1,827,492,50,50
309,15134,1,195,878,50,50
309,15138,1,989,395,50,50
309,15152,1,-89,1027,50,50
309,15153,1,605,625,50,50
309,15159,2,675,603,50,50
309,15161,2,758,621,50,50
309,15168,1,1032,367,50,50
309,15169,1,879,470,50,50
309,15171,0,6,414,49,50
309,15172,1,157,972,50,50
310,15089,0,1007,443,50,50
310,15098,1,-246,1145,50,50
310,15112,1,936,477,50,50
310,15128,2,937,476,50,50
310,15133,1,825,494,50,50
310,15134,1,185,884,50,50
310,15138,1,987,396,50,50
310,15152,1,-96,1032,50,50
310,15153,2,600,627,50,50
310,15159,2,670,606,50,50
310,15161,2,761,619,50,50
310,15168,1,1031,368,50,50
310,15169,1,875,472,50,50
310,15171,0,6,414,49,50
310,15172,1,166,967,50,50
310,15176,1,35,1067,50,50
311,15089,0,1009,442,50,50
311,15098,1,-255,1151,50,50
311,15112,1,938,475,50,50
311,15128,2,939,474,50,50
311,15133,2,820,495,50,50
311,15134,1,173,889,50,50
311,15138,1,985,397,50,50
311,15152,1,-104,1036,50,50
311,15153,2,596,630,50,50
311,15159,2,664,609,50,50
311,15161,2,764,617,50,50
311,15168,1,1029,369,50,50
311,15169,1,873,474,50,50
311,15171,0,6,415,49,50
311,15172,1,175,962,50,50
311,15176,1,42,1064,50,50
312,15089,0,1010,441,50,50
312,15098,1,-264,1157,50,50
312,15112,1,940,473,50,50
312,15128,0,943,492,50,50
312,15133,2,817,497,50,50
312,15134,1,162,896,50,50
312,15138,2,983,400,50,50
312,15152,1,-111,1041,50,50
312,15153,2,591,632,50,50
312,15159,1,658,613,50,50
312,15161,2,767,615,50,50
312,15168,1,1028,370,50,50
312,15169,1,870,476,50,50
312,15171,0,6,415,49,50
312,15172,1,183,957,50,50
312,15176,1,51,1062,50,50
313,15089,0,1012,440,50,50
313,15112,1,942,472,50,50
313,15128,0,946,491,50,50
313,15133,2,814,500,50,50
313,15134,1,152,902,50,50
313,15138,2,981,402,50,50
313,15152,1,-118,1046,50,50
313,15153,2,587,635,50,50
313,15159,2,652,616,50,50
313,15161,2,768,613,50,50
313,15168,1,1026,371,50,50
313,15169,1,868,477,50,50
313,15171,0,6,415,49,50
313,15172,1,192,951,50,50
313,15176,1,62,1058,50,50
314,15089,0,1013,439,50,50
314,15112,2,944,470,50,50
314,15128,2,947,490,50,50
314,15133,2,810,502,50,50
314,15134,1,142,908,50,50
314,15138,2,979,403,50,50
314,15152,1,-126,1050,50,50
314,15153,2,582,638,50,50
314,15159,2,646,620,50,50
314,15161,2,771,612,50,50
314,15168,1,1025,371,50,50
314,15169,1,865,479,50,50
314,15171,0,5,415,49,50
314,15172,1,200,946,50,50
314,15176,1,71,1054,50,50
315,15089,0,1014,438,50,50
315,15112,2,946,469,50,50
315,15128,2,949,489,50,50
315,15133,2,808,504,50,50
315,15134,1,130,914,50,50
315,15138,2,977,404,50,50
315,15152,1,-133,1055,50,50
315,15153,1,577,641,50,50
315,15159,2,640,624,50,50
315,15161,2,773,610,50,50
315,15168,1,1023,372,50,50
315,15169,1,863,480,50,50
315,15171,0,5,415,49,50
315,15172,1,209,941,50,50
315,15176,1,81,1049,50,50
316,15089,0,1015,436,50,50
316,15112,2,948,467,50,50
316,15128,2,951,487,50,50
316,15133,2,806,505,50,50
316,15134,1,118,920,50,50
316,15138,2,975,405,50,50
316,15152,1,-140,1059,50,50
316,15153,2,573,644,50,50
316,15159,2,633,627,50,50
316,15161,2,776,608,50,50
316,15168,1,1021,373,50,50
316,15169,1,861,482,50,50
316,15171,0,5,415,49,50
316,15172,1,218,935,50,50
316,15176,1,90,1043,50,50
317,15089,0,1017,435,50,50
317,15112,2,950,465,50,50
317,15128,2,953,487,50,50
317,15133,2,804,507,50,50
317,15134,1,106,926,50,50
317,15138,2,973,406,50,50
317,15152,1,-147,1064,50,50
317,15153,2,568,647,50,50
317,15159,2,627,631,50,50
317,15161,2,778,606,50,50
317,15168,1,1020,374,50,50
317,15169,1,859,483,50,50
317,15171,0,5,415,49,50
317,15172,1,228,930,50,50
317,15176,1,99,1037,50,50
318,15089,0,1018,434,50,50
318,15112,2,952,463,50,50
318,15128,2,955,486,50,50
318,15133,2,802,508,50,50
318,15134,1,94,933,50,50
318,15138,2,971,408,50,50
318,15152,1,-155,1068,50,50
318,15153,2,563,649,50,50
318,15159,2,621,635,50,50
318,15161,2,781,605,50,50
318,15168,1,1018,375,50,50
318,15169,1,856,485,50,50
318,15171,0,5,415,49,50
318,15172,1,236,925,50,50
318,15176,1,109,1032,50,50
319,15089,0,1020,433,50,50
319,15112,2,954,461,50,50
319,15128,2,957,485,50,50
319,15133,2,798,510,50,50
319,15134,1,83,939,50,50
319,15138,2,969,409,50,50
319,15152,1,-162,1073,50,50
319,15153,2,558,652,50,50
319,15159,2,615,639,50,50
319,15161,2,784,603,50,50
319,15168,1,1017,376,50,50
319,15169,1,854,486,50,50
319,15171,0,5,415,49,50
319,15172,1,243,921,50,50
319,15176,1,119,1026,50,50
319,15179,1,23,1049,49,50
320,15089,0,1021,432,50,50
320,15112,2,956,459,50,50
320,15128,2,959,485,50,50
320,15133,2,795,511,50,50
320,15134,1,70,945,50,50
320,15138,2,967,410,50,50
320,15152,1,-169,1078,50,50
320,15153,2,554,655,50,50
320,15159,2,609,643,50,50
320,15161,2,786,601,50,50
320,15168,1,1015,377,50,50
320,15169,1,852,488,50,50
320,15171,0,5,416,49,50
320,15172,1,252,916,50,50
320,15176,1,129,1019,50,50
320,15179,1,29,1043,50,50
321,15089,0,1022,431,50,50
321,15112,2,958,458,50,50
321,15128,1,960,463,50,50
321,15133,2,792,512,50,50
321,15134,1,57,952,50,50
321,15138,2,965,411,50,50
321,15152,1,-177,1082,50,50
321,15153,2,548,658,50,50
321,15159,2,602,646,50,50
321,15161,2,789,599,50,50
321,15168,1,1011,380,50,50
321,15169,2,848,490,50,50
321,15171,0,5,416,49,50
321,15172,1,260,912,50,50
321,15176,1,139,1015,50,50
321,15179,1,37,1036,50,50
322,15089,0,1024,429,50,50
322,15112,2,960,456,50,50
322,15128,1,961,459,50,50
322,15133,2,789,514,50,50
322,15134,1,46,958,50,50
322,15138,2,963,413,50,50
322,15152,1,-184,1087,50,50
322,15153,2,543,660,50,50
322,15159,2,596,650,50,50
322,15161,2,792,597,50,50
322,15168,1,1009,382,50,50
322,15169,2,845,492,50,50
322,15171,0,5,416,49,50
322,15172,1,268,907,50,50
322,15176,1,147,1009,50,50
322,15179,1,47,1029,50,50
323,15089,0,1025,429,50,50
323,15112,2,962,454,50,50
323,15128,1,963,456,50,50
323,15133,2,787,515,50,50
323,15134,1,34,965,50,50
323,15138,2,961,414,50,50
323,15152,1,-191,1091,50,50
323,15153,2,538,663,50,50
323,15159,2,590,653,50,50
323,15161,2,795,595,50,50
323,15168,1,1007,383,50,50
323,15169,2,843,495,50,50
323,15171,0,4,416,49,50
323,15172,1,277,902,50,50
323,15176,1,156,1003,50,50
323,15179,1,57,1023,50,50
324,15089,0,1026,428,50,50
324,15112,2,964,452,50,50
324,15128,1,965,454,50,50
324,15133,2,784,517,50,50
324,15134,1,25,971,50,50
324,15138,2,960,415,50,50
324,15152,1,-199,1096,50,50
324,15153,2,533,666,50,50
324,15159,2,582,657,50,50
324,15161,2,797,593,50,50
324,15168,1,1005,384,50,50
324,15169,2,840,497,50,50
324,15171,0,4,416,49,50
324,15172,1,285,897,50,50
324,15176,1,165,998,50,50
324,15179,1,67,1017,50,50
325,15089,0,1027,427,50,50
325,15112,2,966,450,50,50
325,15128,1,967,451,50,50
325,15133,2,781,519,50,50
325,15134,1,18,977,49,50
325,15138,2,958,416,50,50
325,15152,1,-206,1101,50,50
325,15153,2,528,670,50,50
325,15159,2,575,661,50,50
325,15161,2,800,591,50,50
325,15168,1,1004,385,50,50
325,15169,2,838,498,50,50
325,15171,0,4,416,49,50
325,15172,1,292,892,50,50
325,15176,1,174,993,50,50
325,15179,1,77,1011,50,50
326,15089,0,1028,427,50,50
326,15112,2,968,449,50,50
326,15128,1,969,448,50,50
326,15133,2,778,521,50,50
326,15134,1,11,982,49,50
326,15138,2,956,417,50,50
326,15152,1,-213,1105,50,50
326,15153,2,522,673,50,50
326,15159,2,569,665,50,50
326,15161,2,803,589,50,50
326,15168,1,1002,386,50,50
326,15169,2,835,500,50,50
326,15171,0,4,416,49,50
326,15172,1,298,888,50,50
326,15176,1,182,988,50,50
326,15179,1,87,1005,50,50
327,15089,0,1029,426,50,50
327,15112,2,969,447,50,50
327,15128,2,970,450,50,50
327,15133,2,775,523,50,50
327,15134,1,5,986,49,50
327,15138,2,954,419,50,50
327,15153,2,517,676,50,50
327,15159,2,562,669,50,50
327,15161,2,806,587,50,50
327,15168,1,1000,388,50,50
327,15169,0,833,501,50,50
327,15171,0,4,416,49,50
327,15172,1,307,883,50,50
327,15176,1,191,983,50,50
327,15179,1,98,999,50,50
327,15181,2,787,500,50,50
328,15089,0,1030,425,50,50
328,15112,2,971,445,50,50
328,15128,2,972,449,50,50
328,15133,2,772,525,50,50
328,15134,1,-5,992,49,50
328,15138,2,952,420,50,50
328,15153,2,511,679,50,50
328,15159,2,555,673,50,50
328,15161,2,809,585,50,50
328,15168,1,998,390,50,50
328,15169,2,830,503,50,50
328,15171,0,4,417,49,50
328,15172,1,315,879,50,50
328,15176,1,199,978,50,50
328,15179,1,109,993,50,50
328,15181,2,784,501,50,50
329,15089,0,1031,424,50,50
329,15112,2,973,443,50,50
329,15128,2,974,447,50,50
329,15133,2,770,527,50,50
329,15134,1,-15,998,49,50
329,15138,2,950,421,50,50
329,15153,2,505,681,50,50
329,15159,1,546,677,50,50
329,15161,2,811,583,50,50
329,15168,1,996,391,50,50
329,15169,2,827,504,50,50
329,15171,0,4,417,49,50
329,15172,1,321,875,50,50
329,15176,1,207,973,50,50
329,15179,1,119,987,50,50
329,15181,2,782,502,50,50
330,15089,0,1033,423,50,50
330,15112,2,975,441,50,50
330,15128,2,976,445,50,50
330,15133,1,767,529,50,50
330,15134,1,-25,1004,49,50
330,15138,2,948,422,50,50
330,15153,2,500,685,50,50
330,15159,1,540,681,50,50
330,15161,2,814,581,50,50
330,15168,1,994,392,50,50
330,15169,1,825,506,50,50
330,15171,0,4,417,49,50
330,15172,1,329,870,50,50
330,15176,1,216,968,50,50
330,15179,1,129,981,50,50
330,15181,2,780,503,50,50
331,15089,0,1034,422,50,50
331,15112,2,977,440,50,50
331,15128,2,978,443,50,50
331,15133,1,763,531,50,50
331,15134,1,-33,1009,50,50
331,15138,2,946,423,50,50
331,15153,2,494,688,50,50
331,15159,1,532,685,50,50
331,15161,2,817,579,50,50
331,15168,1,993,393,50,50
331,15169,1,822,508,50,50
331,15171,0,4,417,49,50
331,15172,1,336,865,50,50
331,15176,1,224,963,50,50
331,15179,1,139,976,50,50
331,15181,2,779,504,50,50
332,15089,0,1035,421,50,50
332,15112,2,979,438,50,50
332,15128,2,980,440,50,50
332,15133,1,760,533,50,50
332,15134,1,-43,1015,50,50
332,15138,2,944,425,50,50
332,15153,2,488,691,50,50
332,15159,2,525,690,50,50
332,15161,2,820,577,50,50
332,15168,1,991,394,50,50
332,15169,1,820,509,50,50
332,15171,0,3,417,49,50
332,15172,1,343,861,50,50
332,15176,1,232,958,50,50
332,15179,1,150,970,50,50
332,15181,2,778,505,50,50
333,15089,0,1036,420,50,50
333,15112,2,981,436,50,50
333,15128,2,982,438,50,50
333,15133,1,757,535,50,50
333,15134,1,-53,1021,50,50
333,15138,2,942,426,50,50
333,15153,2,483,694,50,50
333,15159,1,518,694,50,50
333,15161,2,822,575,50,50
333,15168,1,989,396,50,50
333,15169,1,816,511,50,50
333,15171,0,3,417,49,50
333,15172,1,349,858,50,50
333,15176,1,240,954,50,50
333,15179,1,159,965,50,50
333,15181,2,776,506,50,50
334,15089,0,1038,419,50,50
334,15112,1,980,463,50,50
334,15128,2,984,441,50,50
334,15133,2,753,537,50,50
334,15134,1,-63,1027,50,50
334,15138,2,940,427,50,50
334,15153,2,477,697,50,50
334,15159,1,510,699,50,50
334,15161,2,824,573,50,50
334,15168,1,987,397,50,50
334,15169,1,813,513,50,50
334,15172,1,357,854,50,50
334,15176,1,248,949,50,50
334,15179,1,169,959,50,50
334,15181,2,775,507,50,50
335,15089,0,1039,418,50,50
335,15112,1,981,463,50,50
335,15128,2,985,439,50,50
335,15133,2,750,539,50,50
335,15134,1,-72,1032,50,50
335,15138,2,939,428,50,50
335,15153,1,471,700,50,50
335,15159,1,503,704,50,50
335,15161,2,826,571,50,50
335,15168,1,985,398,50,50
335,15169,1,810,515,50,50
335,15172,1,366,850,50,50
335,15176,1,256,944,50,50
335,15179,1,178,953,50,50
335,15181,2,773,508,50,50
336,15089,0,1040,417,50,50
336,15112,1,982,463,50,50
336,15128,2,987,438,50,50
336,15133,2,747,541,50,50
336,15134,1,-82,1038,50,50
336,15138,2,937,429,50,50
336,15153,2,466,703,50,50
336,15159,1,494,708,50,50
336,15161,2,828,569,50,50
336,15168,1,984,399,50,50
336,15169,1,808,517,50,50
336,15172,1,373,845,50,50
336,15176,1,265,939,50,50
336,15179,1,188,948,50,50
336,15181,2,772,509,50,50
337,15089,0,1041,416,50,50
337,15112,1,984,463,50,50
337,15128,2,989,436,50,50
337,15133,2,743,543,50,50
337,15134,1,-92,1044,50,50
337,15138,2,935,431,50,50
337,15153,2,461,706,50,50
337,15159,1,486,713,50,50
337,15161,2,831,568,50,50
337,15168,1,982,400,50,50
337,15169,1,805,519,50,50
337,15172,1,380,841,50,50
337,15176,1,271,935,50,50
337,15179,1,197,943,50,50
337,15181,2,770,510,50,50
338,15089,0,1043,415,50,50
338,15112,1,986,462,50,50
338,15128,2,991,434,50,50
338,15133,2,740,546,50,50
338,15134,1,-102,1050,50,50
338,15138,1,927,438,50,50
338,15153,1,455,709,50,50
338,15159,1,477,717,50,50
338,15161,2,833,566,50,50
338,15168,1,980,402,50,50
338,15169,1,803,521,50,50
338,15172,1,385,837,50,50
338,15176,1,279,930,50,50
338,15179,1,206,938,50,50
338,15181,2,769,511,50,50
339,15089,0,1044,414,50,50
339,15112,1,988,462,50,50
339,15128,2,993,434,50,50
339,15133,2,737,548,50,50
339,15134,1,-112,1055,50,50
339,15138,1,924,440,50,50
339,15153,1,449,712,50,50
339,15159,1,469,721,50,50
339,15161,2,836,564,50,50
339,15168,1,978,403,50,50
339,15169,1,799,523,50,50
339,15172,1,390,833,50,50
339,15176,1,287,926,50,50
339,15179,1,215,933,50,50
339,15181,2,767,511,50,50
340,15089,0,1045,413,50,50
340,15112,1,989,462,50,50
340,15128,2,995,433,50,50
340,15133,2,733,550,50,50
340,15134,1,-121,1061,50,50
340,15138,1,921,442,50,50
340,15153,1,442,716,50,50
340,15159,1,461,726,50,50
340,15161,2,838,563,50,50
340,15168,1,976,404,50,50
340,15169,1,796,525,50,50
340,15172,1,397,830,50,50
340,15176,1,294,921,50,50
340,15179,1,225,927,50,50
340,15181,2,766,512,50,50
341,15089,0,1046,412,50,50
341,15112,1,991,461,50,50
341,15128,2,997,431,50,50
341,15133,2,730,553,50,50
341,15134,1,-131,1067,50,50
341,15138,1,919,444,50,50
341,15153,1,437,719,50,50
341,15159,1,452,731,50,50
341,15161,2,841,561,50,50
341,15168,1,974,405,50,50
341,15169,1,793,527,50,50
341,15172,1,404,826,50,50
341,15176,1,302,917,50,50
341,15179,1,234,922,50,50
341,15181,2,754,520,50,50
342,15089,0,1048,411,50,50
342,15112,1,993,461,50,50
342,15128,2,999,430,50,50
342,15133,2,727,554,50,50
342,15134,1,-141,1073,50,50
342,15138,1,916,446,50,50
342,15153,1,432,723,50,50
342,15159,1,443,736,50,50
342,15161,2,843,560,50,50
342,15168,1,973,406,50,50
342,15169,1,790,529,50,50
342,15172,1,410,822,50,50
342,15176,1,310,913,50,50
342,15179,1,242,917,50,50
342,15181,2,751,522,50,50
343,15089,0,1049,410,50,50
343,15112,1,994,461,50,50
343,15128,2,1000,428,50,50
343,15133,2,723,556,50,50
343,15134,1,-151,1078,50,50
343,15138,1,914,447,50,50
343,15153,1,426,726,50,50
343,15159,1,434,741,50,50
343,15161,2,845,559,50,50
343,15168,1,971,407,50,50
343,15169,1,787,531,50,50
343,15172,1,417,818,50,50
343,15176,1,318,908,50,50
343,15179,1,251,913,50,50
343,15181,2,749,523,50,50
344,15089,0,1050,409,50,50
344,15112,1,996,460,50,50
344,15128,2,1002,427,50,50
344,15133,2,720,558,50,50
344,15134,1,-160,1084,50,50
344,15138,1,912,448,50,50
344,15153,1,421,729,50,50
344,15159,1,425,746,50,50
344,15161,2,847,557,50,50
344,15168,1,969,408,50,50
344,15169,1,783,533,50,50
344,15172,1,423,814,50,50
344,15176,1,324,904,50,50
344,15179,1,260,908,50,50
344,15181,2,746,525,50,50
345,15089,0,1051,408,50,50
345,15112,1,998,460,50,50
345,15128,2,1003,426,50,50
345,15133,2,716,560,50,50
345,15134,1,-170,1090,50,50
345,15138,1,910,450,50,50
345,15153,1,415,732,50,50
345,15159,1,417,751,50,50
345,15161,2,850,555,50,50
345,15168,1,967,409,50,50
345,15169,1,780,535,50,50
345,15172,1,429,810,50,50
345,15176,1,330,899,50,50
345,15179,1,269,902,50,50
345,15181,2,743,526,50,50
346,15089,0,1053,407,50,50
346,15112,1,999,460,50,50
346,15128,2,1004,425,50,50
346,15133,2,713,562,50,50
346,15134,1,-180,1096,50,50
346,15138,1,908,452,50,50
346,15153,1,404,736,50,50
346,15159,1,409,756,50,50
346,15161,2,852,554,50,50
346,15168,1,966,411,50,50
346,15169,1,777,537,50,50
346,15172,1,436,806,50,50
346,15176,1,337,895,50,50
346,15179,1,278,897,50,50
346,15181,2,741,527,50,50
347,15089,0,1054,406,50,50
347,15112,1,1001,459,50,50
347,15128,2,1006,424,50,50
347,15133,2,709,565,50,50
347,15134,1,-190,1102,50,50
347,15138,1,905,455,50,50
347,15153,1,398,740,50,50
347,15159,1,400,761,50,50
347,15161,2,854,552,50,50
347,15168,1,964,412,50,50
347,15169,1,774,539,50,50
347,15172,1,442,803,50,50
347,15176,1,344,891,50,50
347,15179,1,286,892,50,50
347,15181,2,739,528,50,50
347,15188,2,860,470,50,50
348,15089,0,1055,405,50,50
348,15112,1,1003,459,50,50
348,15128,2,1007,423,50,50
348,15133,2,706,567,50,50
348,15134,1,-200,1107,50,50
348,15138,1,902,457,50,50
348,15153,1,392,743,50,50
348,15159,1,389,767,50,50
348,15161,2,856,551,50,50
348,15168,1,962,413,50,50
348,15169,1,770,541,50,50
348,15172,1,449,799,50,50
348,15176,1,351,887,50,50
348,15179,1,294,887,50,50
348,15181,2,736,530,50,50
348,15188,2,857,471,50,50
349,15089,0,1056,404,50,50
349,15112,1,1005,459,50,50
349,15128,2,1009,421,50,50
349,15133,2,702,569,50,50
349,15134,1,-209,1113,50,50
349,15138,1,899,458,50,50
349,15153,1,386,746,50,50
349,15159,1,379,772,50,50
349,15161,2,858,549,50,50
349,15168,1,960,414,50,50
349,15169,1,767,543,50,50
349,15172,1,456,795,50,50
349,15176,1,358,883,50,50
349,15179,1,302,883,50,50
349,15181,2,734,531,50,50
349,15188,2,856,471,50,50
350,15089,0,1058,403,50,50
350,15112,1,1006,458,50,50
350,15128,2,1010,420,50,50
350,15133,2,698,571,50,50
350,15134,1,-219,1119,50,50
350,15138,2,896,460,50,50
350,15153,1,380,749,50,50
350,15159,1,369,777,50,50
350,15161,2,861,547,50,50
350,15168,1,959,415,50,50
350,15169,1,764,545,50,50
350,15172,1,462,792,50,50
350,15176,1,366,879,50,50
350,15179,1,310,878,50,50
350,15181,2,731,533,50,50
350,15188,2,852,473,50,50
351,15089,0,1059,402,50,50
351,15112,1,1008,458,50,50
351,15128,2,1012,418,50,50
351,15133,1,694,574,50,50
351,15134,1,-229,1125,50,50
351,15138,2,893,462,50,50
351,15153,1,374,753,50,50
351,15159,1,359,783,50,50
351,15161,2,863,546,50,50
351,15168,1,957,416,50,50
351,15169,1,761,547,50,50
351,15172,1,467,789,50,50
351,15176,1,372,875,50,50
351,15179,1,319,873,50,50
351,15181,2,728,535,50,50
351,15188,2,849,475,50,50
352,15089,0,1060,401,50,50
352,15112,1,1010,458,50,50
352,15128,2,1014,417,50,50
352,15133,1,691,576,50,50
352,15134,1,-239,1130,50,50
352,15138,1,891,463,50,50
352,15153,1,366,758,50,50
352,15159,1,349,789,50,50
352,15161,2,864,544,50,50
352,15168,1,955,417,50,50
352,15169,1,757,550,50,50
352,15172,1,472,785,50,50
352,15176,1,379,871,50,50
352,15179,1,326,869,50,50
352,15181,2,726,537,50,50
352,15188,2,847,476,50,50
353,15089,0,1061,400,50,50
353,15112,1,1011,457,50,50
353,15128,2,1015,416,50,50
353,15133,1,687,578,50,50
353,15134,1,-248,1136,50,50
353,15138,1,889,465,50,50
353,15153,1,358,762,50,50
353,15159,1,339,795,50,50
353,15161,2,866,542,50,50
353,15168,1,953,418,50,50
353,15169,1,754,552,50,50
353,15172,1,477,782,50,50
353,15176,1,385,867,50,50
353,15179,1,334,864,50,50
353,15181,2,723,538,50,50
353,15188,2,843,478,50,50
354,15089,0,1063,399,50,50
354,15112,1,1013,457,50,50
354,15128,2,1017,414,50,50
354,15133,2,683,580,50,50
354,15134,1,-258,1142,50,50
354,15138,1,886,467,50,50
354,15153,1,352,766,50,50
354,15159,1,329,801,50,50
354,15161,2,868,540,50,50
354,15168,1,952,420,50,50
354,15169,1,750,554,50,50
354,15172,1,483,778,50,50
354,15176,1,391,863,50,50
354,15179,1,340,860,50,50
354,15181,2,721,540,50,50
354,15188,2,841,479,50,50
355,15089,0,1064,398,50,50
355,15112,1,1015,457,50,50
355,15128,1,1010,439,50,50
355,15133,1,680,583,50,50
355,15134,1,-268,1148,50,50
355,15138,1,883,469,50,50
355,15153,1,344,770,50,50
355,15159,1,320,806,50,50
355,15161,2,871,539,50,50
355,15168,0,992,385,50,50
355,15169,1,747,557,50,50
355,15172,1,490,774,50,50
355,15176,1,397,859,50,50
355,15179,1,347,856,50,50
355,15181,2,719,541,50,50
355,15188,2,838,481,50,50
356,15089,0,1065,397,50,50
356,15112,1,1017,456,50,50
356,15128,1,1011,440,50,50
356,15133,2,676,585,50,50
356,15134,1,-278,1153,50,50
356,15138,1,880,470,50,50
356,15153,1,337,775,50,50
356,15159,1,310,812,50,50
356,15161,2,873,537,50,50
356,15168,0,993,384,50,50
356,15169,1,743,559,50,50
356,15172,1,496,771,50,50
356,15176,1,404,856,50,50
356,15179,1,355,852,50,50
356,15181,2,716,543,50,50
356,15188,2,836,483,50,50
357,15089,0,1066,396,50,50
357,15112,1,1018,456,50,50
357,15128,1,1012,441,50,50
357,15133,2,672,587,50,50
357,15134,1,-287,1159,50,50
357,15138,1,877,472,50,50
357,15153,1,329,779,50,50
357,15159,1,299,817,50,50
357,15161,2,876,535,50,50
357,15168,0,993,383,50,50
357,15169,2,739,561,50,50
357,15172,1,501,767,50,50
357,15176,1,410,852,50,50
357,15179,1,363,847,50,50
357,15181,2,714,544,50,50
357,15188,2,835,485,50,50
358,15089,0,1067,395,50,50
358,15112,1,1020,456,50,50
358,15128,2,1014,438,50,50
358,15133,2,668,589,50,50
358,15138,1,875,474,50,50
358,15153,1,322,782,50,50
358,15159,1,287,823,50,50
358,15161,2,878,534,50,50
358,15168,0,994,382,50,50
358,15169,2,736,563,50,50
358,15172,1,506,764,50,50
358,15176,1,415,848,50,50
358,15179,1,371,843,50,50
358,15181,1,734,562,50,50
358,15188,2,833,487,50,50
358,15191,1,43,1060,50,50
359,15089,0,1069,394,50,50
359,15112,1,1022,455,50,50
359,15128,2,1015,437,50,50
359,15133,2,664,591,50,50
359,15138,1,872,476,50,50
359,15153,1,315,787,50,50
359,15159,1,277,829,50,50
359,15161,2,880,533,50,50
359,15168,0,995,381,50,50
359,15169,2,732,565,50,50
359,15172,1,512,761,50,50
359,15176,1,421,844,50,50
359,15179,1,377,839,50,50
359,15181,1,734,564,50,50
359,15188,2,831,488,50,50
359,15191,1,49,1058,50,50
360,15089,0,1070,393,50,50
360,15112,1,935,432,50,50
360,15128,2,1017,435,50,50
360,15133,2,659,594,50,50
360,15138,1,869,477,50,50
360,15153,1,308,791,50,50
360,15159,1,264,838,50,50
360,15161,2,882,531,50,50
360,15168,0,995,380,50,50
360,15169,1,729,567,50,50
360,15172,1,518,757,50,50
360,15176,1,427,840,50,50
360,15179,1,383,835,50,50
360,15181,1,733,567,50,50
360,15188,1,827,490,50,50
360,15191,1,58,1056,50,50
361,15112,1,932,433,50,50
361,15128,2,1018,435,50,50
361,15133,1,655,596,50,50
361,15138,1,867,479,50,50
361,15153,1,301,795,50,50
361,15159,1,253,843,50,50
361,15161,2,884,530,50,50
361,15168,2,983,390,50,50
361,15169,1,725,569,50,50
361,15172,1,524,754,50,50
361,15176,1,433,837,50,50
361,15179,1,390,831,50,50
361,15181,1,732,570,50,50
361,15188,1,825,492,50,50
361,15191,1,66,1053,50,50
362,15112,1,930,431,50,50
362,15128,2,1020,435,50,50
362,15133,2,652,599,50,50
362,15138,1,864,480,50,50
362,15153,1,295,799,50,50
362,15159,1,241,848,50,50
362,15161,2,886,528,50,50
362,15168,2,983,390,50,50
362,15169,2,722,572,50,50
362,15172,1,528,750,50,50
362,15176,1,439,833,50,50
362,15179,1,397,827,50,50
362,15181,1,732,573,50,50
362,15188,1,823,493,50,50
362,15191,1,74,1051,50,50
362,15192,2,882,457,50,50
363,15112,1,928,430,50,50
363,15128,2,1021,435,50,50
363,15133,2,648,602,50,50
363,15138,1,861,482,50,50
363,15153,1,288,802,50,50
363,15159,1,229,854,50,50
363,15161,2,888,526,50,50
363,15168,2,983,390,50,50
363,15169,2,718,574,50,50
363,15172,1,533,747,50,50
363,15176,1,445,830,50,50
363,15179,1,404,823,50,50
363,15181,1,731,576,50,50
363,15188,1,820,494,50,50
363,15191,1,80,1049,50,50
363,15192,2,880,458,50,50
364,15112,1,925,429,50,50
364,15128,2,1022,435,50,50
364,15133,2,644,605,50,50
364,15138,1,858,484,50,50
364,15153,1,281,806,50,50
364,15159,1,216,860,50,50
364,15161,2,890,525,50,50
364,15168,2,982,390,50,50
364,15169,1,714,577,50,50
364,15172,1,537,744,50,50
364,15176,1,450,826,50,50
364,15179,1,412,819,50,50
364,15181,1,731,578,50,50
364,15188,1,818,496,50,50
364,15191,1,86,1045,50,50
364,15192,2,878,460,50,50
365,15112,1,923,438,50,50
365,15128,2,1023,435,50,50
365,15133,1,640,607,50,50
365,15138,1,855,486,50,50
365,15153,1,274,810,50,50
365,15159,1,204,866,50,50
365,15161,2,891,523,50,50
365,15168,2,982,390,50,50
365,15169,2,710,579,50,50
365,15172,1,543,741,50,50
365,15176,1,456,823,50,50
365,15179,1,419,815,50,50
365,15181,1,712,579,50,50
365,15188,1,815,497,50,50
365,15191,1,92,1042,50,50
365,15192,2,875,461,50,50
366,15112,1,920,440,50,50
366,15128,2,1024,435,50,50
366,15133,2,635,609,50,50
366,15138,1,853,488,50,50
366,15153,1,267,814,50,50
366,15159,1,192,874,50,50
366,15161,2,893,522,50,50
366,15168,2,981,389,50,50
366,15169,2,707,581,50,50
366,15172,1,548,738,50,50
366,15176,1,462,820,50,50
366,15179,1,425,811,50,50
366,15181,1,707,581,50,50
366,15188,1,811,499,50,50
366,15191,1,99,1038,50,50
366,15192,2,873,462,50,50
366,15193,2,687,558,50,50
367,15112,1,918,442,50,50
367,15128,2,1026,435,50,50
367,15133,2,630,612,50,50
367,15138,1,849,490,50,50
367,15153,1,261,818,50,50
367,15159,1,179,882,50,50
367,15161,2,895,520,50,50
367,15168,2,981,389,50,50
367,15169,2,703,584,50,50
367,15172,1,554,734,50,50
367,15176,1,468,816,50,50
367,15179,1,431,807,50,50
367,15181,1,703,584,50,50
367,15188,1,808,501,50,50
367,15191,1,105,1033,50,50
367,15192,2,871,463,50,50
367,15193,2,686,560,50,50
368,15112,1,916,443,50,50
368,15128,2,1027,435,50,50
368,15133,2,626,614,50,50
368,15138,1,846,493,50,50
368,15153,1,241,826,50,50
368,15159,1,167,889,50,50
368,15161,2,897,519,50,50
368,15168,2,981,389,50,50
368,15169,2,699,586,50,50
368,15172,1,559,730,50,50
368,15176,1,473,813,50,50
368,15179,1,437,803,50,50
368,15181,2,699,586,50,50
368,15188,1,806,503,50,50
368,15191,1,112,1030,50,50
368,15192,2,868,465,50,50
368,15193,2,683,562,50,50
369,15112,1,914,443,50,50
369,15128,2,1028,435,50,50
369,15133,2,622,617,50,50
369,15138,1,843,495,50,50
369,15153,1,234,831,50,50
369,15159,1,155,896,50,50
369,15161,2,899,517,50,50
369,15168,2,980,389,50,50
369,15169,2,696,588,50,50
369,15172,1,564,726,50,50
369,15176,1,479,809,50,50
369,15179,1,444,800,50,50
369,15181,2,695,589,50,50
369,15188,1,804,505,50,50
369,15191,1,119,1025,50,50
369,15192,2,865,467,50,50
369,15193,2,679,565,50,50
370,15112,1,912,447,50,50
370,15128,2,1029,435,50,50
370,15133,1,618,619,50,50
370,15138,1,840,497,50,50
370,15153,1,225,835,50,50
370,15159,1,141,903,50,50
370,15161,2,901,516,50,50
370,15168,2,980,389,50,50
370,15169,2,692,590,50,50
370,15172,1,568,724,50,50
370,15176,1,485,806,50,50
370,15179,1,452,796,50,50
370,15181,2,692,591,50,50
370,15188,1,801,507,50,50
370,15191,1,126,1020,50,50
370,15192,2,864,469,50,50
370,15193,2,676,567,50,50
371,15112,1,909,448,50,50
371,15128,2,1030,435,50,50
371,15133,1,613,622,50,50
371,15138,1,837,499,50,50
371,15153,1,218,840,50,50
371,15159,1,128,910,50,50
371,15161,2,903,515,50,50
371,15168,2,979,389,50,50
371,15169,2,688,592,50,50
371,15172,1,573,721,50,50
371,15176,1,491,803,50,50
371,15179,1,459,792,50,50
371,15181,2,687,594,50,50
371,15188,2,798,509,50,50
371,15191,1,132,1016,50,50
371,15192,2,862,471,50,50
371,15193,2,673,569,50,50
372,15112,1,907,449,50,50
372,15128,2,1032,435,50,50
372,15133,1,609,624,50,50
372,15138,1,834,500,50,50
372,15153,1,210,844,50,50
372,15159,1,114,918,50,50
372,15161,2,905,514,50,50
372,15168,2,979,389,50,50
372,15169,2,685,595,50,50
372,15172,1,577,718,50,50
372,15176,1,496,799,50,50
372,15179,1,464,788,50,50
372,15181,1,682,596,50,50
372,15188,1,795,510,50,50
372,15191,1,138,1012,50,50
372,15192,2,860,472,50,50
372,15193,2,670,570,50,50
373,15112,1,905,450,50,50
373,15128,2,1033,435,50,50
373,15133,1,604,627,50,50
373,15138,1,831,502,50,50
373,15153,1,200,848,50,50
373,15159,1,100,925,50,50
373,15161,2,907,512,50,50
373,15168,2,979,389,50,50
373,15169,2,681,597,50,50
373,15172,1,583,715,50,50
373,15176,1,501,795,50,50
373,15179,1,469,784,50,50
373,15181,2,679,599,50,50
373,15188,1,793,511,50,50
373,15191,1,144,1008,50,50
373,15192,1,858,473,50,50
373,15193,2,668,572,50,50
374,15112,1,903,451,50,50
374,15128,2,1034,435,50,50
374,15133,1,599,629,50,50
374,15138,1,828,504,50,50
374,15153,1,192,853,50,50
374,15159,1,85,933,50,50
374,15161,2,909,511,50,50
374,15168,2,978,389,50,50
374,15169,2,678,599,50,50
374,15172,1,588,713,50,50
374,15176,1,506,792,50,50
374,15179,1,476,780,50,50
374,15181,2,675,601,50,50
374,15188,2,790,513,50,50
374,15191,1,151,1004,50,50
374,15192,1,856,474,50,50
374,15193,2,665,574,50,50
375,15112,1,900,456,50,50
375,15128,2,1048,393,50,50
375,15133,1,594,632,50,50
375,15138,1,825,507,50,50
375,15153,1,183,857,50,50
375,15159,1,70,940,50,50
375,15161,2,911,509,50,50
375,15168,2,978,389,50,50
375,15169,2,674,601,50,50
375,15172,1,592,710,50,50
375,15176,1,511,789,50,50
375,15179,1,481,776,50,50
375,15181,2,671,604,50,50
375,15188,1,787,515,50,50
375,15191,1,157,1001,50,50
375,15192,1,854,475,50,50
375,15193,2,660,576,50,50
376,15112,1,897,457,50,50
376,15128,2,1049,391,50,50
376,15133,1,590,635,50,50
376,15138,1,821,509,50,50
376,15153,1,173,861,50,50
376,15159,1,56,949,50,50
376,15161,2,913,508,50,50
376,15168,2,978,389,50,50
376,15169,2,670,604,50,50
376,15172,1,596,707,50,50
376,15176,1,517,785,50,50
376,15179,1,486,773,50,50
376,15181,2,667,607,50,50
376,15188,1,785,516,50,50
376,15191,1,163,997,50,50
376,15192,1,852,477,50,50
376,15193,1,657,577,50,50
377,15112,1,895,459,50,50
377,15128,2,1050,389,50,50
377,15133,1,586,638,50,50
377,15138,1,818,511,50,50
377,15153,1,164,867,50,50
377,15159,1,41,956,50,50
377,15161,2,914,506,50,50
377,15168,2,977,389,50,50
377,15169,2,667,606,50,50
377,15172,1,600,704,50,50
377,15176,1,522,781,50,50
377,15179,1,493,769,50,50
377,15181,2,661,609,50,50
377,15188,1,780,518,50,50
377,15191,1,169,994,50,50
377,15192,1,850,478,50,50
377,15193,1,654,578,50,50
378,15112,1,893,461,50,50
378,15128,2,1051,388,50,50
378,15133,1,581,641,50,50
378,15138,1,814,513,50,50
378,15153,1,154,872,50,50
378,15159,1,28,964,50,50
378,15161,2,916,505,50,50
378,15168,2,977,389,50,50
378,15169,2,663,608,50,50
378,15172,1,605,701,50,50
378,15176,1,526,779,50,50
378,15179,1,499,766,50,50
378,15181,2,657,612,50,50
378,15188,1,777,520,50,50
378,15191,1,175,990,50,50
378,15192,1,847,479,50,50
378,15193,2,652,580,50,50
379,15112,1,890,462,50,50
379,15128,2,1052,386,50,50
379,15133,1,577,644,50,50
379,15138,1,811,516,50,50
379,15153,1,144,877,50,50
379,15159,1,18,972,49,50
379,15161,2,918,504,50,50
379,15168,2,976,389,50,50
379,15169,1,653,614,50,50
379,15172,1,609,698,50,50
379,15176,1,531,775,50,50
379,15179,1,505,762,50,50
379,15181,2,653,615,50,50
379,15188,1,775,522,50,50
379,15191,1,181,986,50,50
379,15192,1,843,481,50,50
379,15193,2,649,581,50,50
380,15112,1,887,464,50,50
380,15128,2,1053,386,50,50
380,15133,1,571,646,50,50
380,15138,1,807,518,50,50
380,15153,1,136,881,50,50
380,15159,1,10,979,49,50
380,15161,2,920,503,50,50
380,15168,0,1041,415,50,50
380,15169,2,649,617,50,50
380,15172,1,614,694,50,50
380,15176,1,536,772,50,50
380,15179,1,511,760,50,50
380,15181,2,649,617,50,50
380,15188,1,772,524,50,50
380,15191,1,188,982,50,50
380,15192,1,840,482,50,50
380,15193,2,645,583,50,50
381,15112,1,884,465,50,50
381,15128,2,1054,385,50,50
381,15133,1,567,649,50,50
381,15138,1,804,520,50,50
381,15153,1,127,886,50,50
381,15159,1,3,987,49,50
381,15161,2,922,501,50,50
381,15168,0,1044,417,50,50
381,15169,2,644,619,50,50
381,15172,1,619,691,50,50
381,15176,1,541,769,50,50
381,15179,1,517,756,50,50
381,15181,2,645,620,50,50
381,15188,1,769,526,50,50
381,15191,1,194,978,50,50
381,15192,1,838,483,50,50
381,15193,2,642,586,50,50
382,15112,1,882,468,50,50
382,15128,2,1056,383,50,50
382,15133,2,562,651,50,50
382,15138,1,801,522,50,50
382,15153,1,116,891,50,50
382,15159,1,-9,994,49,50
382,15161,2,924,500,50,50
382,15168,0,1047,418,50,50
382,15169,2,639,622,50,50
382,15172,1,621,688,50,50
382,15176,1,546,766,50,50
382,15179,1,522,752,50,50
382,15181,2,641,622,50,50
382,15188,1,766,527,50,50
382,15191,1,200,975,50,50
382,15192,1,836,486,50,50
382,15193,2,639,588,50,50
382,15197,1,45,1011,50,50
383,15112,1,880,469,50,50
383,15128,2,1058,382,50,50
383,15133,2,558,653,50,50
383,15138,1,798,524,50,50
383,15153,1,107,896,50,50
383,15159,1,-21,1001,49,50
383,15161,2,926,498,50,50
383,15168,0,1050,419,50,50
383,15169,1,634,625,50,50
383,15172,1,626,685,50,50
383,15176,1,551,763,50,50
383,15179,1,528,749,50,50
383,15181,2,637,625,50,50
383,15188,1,763,529,50,50
383,15191,1,206,971,50,50
383,15192,1,833,488,50,50
383,15193,2,636,589,50,50
383,15197,1,60,1003,50,50
384,15112,1,877,471,50,50
384,15128,2,1059,381,50,50
384,15133,2,553,656,50,50
384,15138,1,794,526,50,50
384,15153,1,97,901,50,50
384,15159,1,-31,1008,50,50
384,15161,2,928,497,50,50
384,15168,0,1053,420,50,50
384,15169,1,629,628,50,50
384,15172,1,631,682,50,50
384,15176,1,556,760,50,50
384,15179,1,533,745,50,50
384,15181,2,634,628,50,50
384,15188,1,760,531,50,50
384,15191,1,212,968,50,50
384,15192,1,831,489,50,50
384,15193,2,633,591,50,50
384,15197,1,74,995,50,50
385,15112,1,874,473,50,50
385,15128,2,1061,380,50,50
385,15133,2,548,659,50,50
385,15138,2,791,528,50,50
385,15153,1,87,908,50,50
385,15159,1,-43,1016,50,50
385,15161,2,930,496,50,50
385,15168,0,1055,422,50,50
385,15169,2,625,630,50,50
385,15172,1,635,680,50,50
385,15176,1,562,757,50,50
385,15179,1,539,742,50,50
385,15181,1,625,630,50,50
385,15188,1,758,533,50,50
385,15191,1,218,964,50,50
385,15192,1,828,491,50,50
385,15193,2,630,593,50,50
385,15197,1,89,987,50,50
385,15199,1,791,528,50,50
386,15112,1,871,475,50,50
386,15128,0,1062,379,50,50
386,15133,2,542,662,50,50
386,15138,2,787,531,50,50
386,15153,1,76,913,50,50
386,15159,1,-55,1023,50,50
386,15161,2,932,494,50,50
386,15168,0,1058,423,50,50
386,15169,1,621,633,50,50
386,15172,1,639,677,50,50
386,15176,1,566,753,50,50
386,15179,1,544,738,50,50
386,15181,1,621,633,50,50
386,15188,1,752,535,50,50
386,15191,1,223,960,50,50
386,15192,1,826,492,50,50
386,15193,2,627,595,50,50
386,15197,1,102,980,50,50
386,15199,1,789,529,50,50
387,15112,1,868,476,50,50
387,15128,0,1063,378,50,50
387,15133,1,537,665,50,50
387,15138,2,783,533,50,50
387,15153,1,65,919,50,50
387,15159,1,-67,1030,50,50
387,15161,2,934,493,50,50
387,15168,2,1051,409,50,50
387,15169,2,616,635,50,50
387,15172,2,643,674,50,50
387,15176,1,570,750,50,50
387,15179,1,549,735,50,50
387,15181,1,616,636,50,50
387,15188,1,749,537,50,50
387,15191,1,229,957,50,50
387,15192,2,822,494,50,50
387,15193,2,624,597,50,50
387,15197,1,115,973,50,50
387,15199,1,788,530,50,50
388,15112,1,865,478,50,50
388,15128,0,1065,376,50,50
388,15133,1,532,669,50,50
388,15138,1,779,535,50,50
388,15153,1,55,924,50,50
388,15159,1,-78,1038,50,50
388,15161,2,936,491,50,50
388,15168,2,1053,408,50,50
388,15169,1,612,638,50,50
388,15172,2,646,672,50,50
388,15176,1,575,747,50,50
388,15179,1,553,732,50,50
388,15181,1,612,638,50,50
388,15188,1,746,539,50,50
388,15191,1,235,953,50,50
388,15192,2,819,496,50,50
388,15193,2,619,600,50,50
388,15197,1,127,966,50,50
388,15199,2,779,535,50,50
389,15112,1,863,480,50,50
389,15128,0,1066,375,50,50
389,15133,1,526,672,50,50
389,15138,1,775,538,50,50
389,15153,1,45,929,50,50
389,15159,1,-90,1045,50,50
389,15161,2,938,491,50,50
389,15168,2,1054,407,50,50
389,15169,1,607,641,50,50
389,15172,2,650,669,50,50
389,15176,1,579,744,50,50
389,15179,1,559,728,50,50
389,15181,1,608,641,50,50
389,15188,1,743,541,50,50
389,15191,1,241,949,50,50
389,15192,2,817,498,50,50
389,15193,2,616,602,50,50
389,15197,1,139,958,50,50
389,15199,1,776,537,50,50
390,15112,1,860,481,50,50
390,15128,0,1068,373,50,50
390,15133,1,521,675,50,50
390,15138,1,772,540,50,50
390,15153,1,34,935,50,50
390,15159,1,-102,1052,50,50
390,15161,2,939,490,50,50
390,15168,2,1055,406,50,50
390,15169,2,602,644,50,50
390,15172,2,655,667,50,50
390,15176,1,584,740,50,50
390,15179,1,564,724,50,50
390,15181,1,604,644,50,50
390,15188,1,740,543,50,50
390,15191,1,247,946,50,50
390,15192,2,815,500,50,50
390,15193,1,612,604,50,50
390,15197,1,153,951,50,50
390,15199,1,773,539,50,50
390,15200,2,674,714,50,50
391,15112,1,857,483,50,50
391,15128,0,1069,372,50,50
391,15133,1,516,678,50,50
391,15138,1,768,542,50,50
391,15153,1,26,940,50,50
391,15159,1,-114,1059,50,50
391,15161,2,940,489,50,50
391,15168,2,1056,405,50,50
391,15169,2,597,647,50,50
391,15172,2,659,664,50,50
391,15176,1,589,737,50,50
391,15179,1,569,721,50,50
391,15181,1,599,646,50,50
391,15188,1,737,545,50,50
391,15191,1,253,943,50,50
391,15192,2,810,501,50,50
391,15193,1,608,606,50,50
391,15197,1,165,944,50,50
391,15199,2,769,542,50,50
391,15200,2,674,714,50,50
392,15112,1,854,485,50,50
392,15128,0,1071,370,50,50
392,15133,1,511,681,50,50
392,15138,1,765,544,50,50
392,15153,1,19,945,49,50
392,15159,1,-125,1067,50,50
392,15161,2,942,487,50,50
392,15168,2,1058,404,50,50
392,15169,2,591,650,50,50
392,15172,2,663,661,50,50
392,15176,1,592,734,50,50
392,15179,1,574,718,50,50
392,15181,1,595,649,50,50
392,15188,1,734,547,50,50
392,15191,1,258,940,50,50
392,15192,2,808,503,50,50
392,15193,1,605,607,50,50
392,15197,1,178,937,50,50
392,15199,1,765,544,50,50
392,15200,2,674,713,50,50
393,15112,1,851,487,50,50
393,15128,0,1072,369,50,50
393,15133,1,505,684,50,50
393,15138,1,762,546,50,50
393,15153,1,14,950,49,50
393,15159,1,-137,1074,50,50
393,15161,2,943,485,50,50
393,15168,2,1058,403,50,50
393,15169,1,586,653,50,50
393,15172,1,667,658,50,50
393,15176,1,596,732,50,50
393,15179,1,578,715,50,50
393,15181,2,586,652,50,50
393,15188,1,731,549,50,50
393,15191,1,262,936,50,50
393,15192,2,805,504,50,50
393,15193,1,602,609,50,50
393,15197,1,190,930,50,50
393,15199,1,761,547,50,50
393,15200,2,674,713,50,50
394,15112,1,849,488,50,50
394,15128,0,1074,367,50,50
394,15133,1,500,687,50,50
394,15138,1,758,549,50,50
394,15153,1,8,954,49,50
394,15159,1,-149,1081,50,50
394,15161,2,945,484,50,50
394,15168,2,1059,402,50,50
394,15169,1,581,656,50,50
394,15172,1,671,655,50,50
394,15176,1,601,729,50,50
394,15179,1,583,712,50,50
394,15181,2,581,655,50,50
394,15188,1,727,551,50,50
394,15191,1,268,933,50,50
394,15192,2,802,506,50,50
394,15193,1,599,611,50,50
394,15197,1,201,923,50,50
394,15199,1,757,549,50,50
394,15200,2,675,713,50,50
395,15112,1,847,490,50,50
395,15128,0,1075,366,50,50
395,15133,1,495,690,50,50
395,15138,1,755,551,50,50
395,15153,1,3,954,49,50
395,15159,1,-161,1088,50,50
395,15161,2,946,483,50,50
395,15168,2,1060,401,50,50
395,15169,1,576,659,50,50
395,15172,1,675,653,50,50
395,15176,1,605,726,50,50
395,15179,1,589,708,50,50
395,15181,2,576,658,50,50
395,15188,1,723,553,50,50
395,15191,1,273,930,50,50
395,15192,2,799,507,50,50
395,15193,1,594,613,50,50
395,15197,1,214,917,50,50
395,15199,1,753,552,50,50
395,15200,2,675,713,50,50
396,15112,1,844,492,50,50
396,15128,0,1077,364,50,50
396,15133,1,489,693,50,50
396,15138,1,751,553,50,50
396,15153,1,-5,959,49,50
396,15159,1,-172,1096,50,50
396,15161,2,948,482,50,50
396,15168,2,1062,400,50,50
396,15169,1,571,663,50,50
396,15172,2,679,651,50,50
396,15176,1,610,723,50,50
396,15179,1,594,706,50,50
396,15181,2,572,661,50,50
396,15188,1,719,555,50,50
396,15191,1,279,926,50,50
396,15192,2,797,509,50,50
396,15193,1,590,614,50,50
396,15197,1,225,911,50,50
396,15199,1,749,554,50,50
396,15200,2,676,713,50,50
397,15112,1,841,494,50,50
397,15128,0,1078,363,50,50
397,15133,1,484,696,50,50
397,15138,2,745,556,50,50
397,15153,1,-14,963,49,50
397,15159,1,-184,1103,50,50
397,15161,2,950,480,50,50
397,15168,2,1063,399,50,50
397,15169,1,566,666,50,50
397,15172,2,682,648,50,50
397,15176,1,615,720,50,50
397,15179,1,599,703,50,50
397,15181,2,567,663,50,50
397,15188,1,716,556,50,50
397,15191,1,284,923,50,50
397,15192,2,794,511,50,50
397,15193,1,587,616,50,50
397,15197,1,236,904,50,50
397,15199,1,745,556,50,50
397,15200,2,676,713,50,50
398,15112,1,838,496,50,50
398,15128,0,1079,361,50,50
398,15133,1,478,700,50,50
398,15138,2,741,559,50,50
398,15153,1,-22,967,49,50
398,15159,1,-196,1110,50,50
398,15161,2,952,479,50,50
398,15168,2,1065,399,50,50
398,15169,1,561,669,50,50
398,15172,2,686,646,50,50
398,15176,1,620,718,50,50
398,15179,2,604,699,50,50
398,15181,2,563,666,50,50
398,15188,1,713,558,50,50
398,15191,1,290,919,50,50
398,15192,2,791,512,50,50
398,15193,1,583,619,50,50
398,15197,1,247,898,50,50
398,15199,1,741,559,50,50
398,15200,2,676,713,50,50
399,15112,1,835,498,50,50
399,15128,0,1081,359,50,50
399,15133,1,472,703,50,50
399,15138,2,737,561,50,50
399,15153,1,-29,972,50,50
399,15159,1,-207,1118,50,50
399,15161,2,953,478,50,50
399,15168,2,1066,398,50,50
399,15169,1,555,672,50,50
399,15172,2,690,643,50,50
399,15176,1,624,715,50,50
399,15179,1,607,696,50,50
399,15181,2,558,669,50,50
399,15188,1,709,560,50,50
399,15191,1,295,917,50,50
399,15192,2,789,514,50,50
399,15193,1,579,621,50,50
399,15197,1,258,892,50,50
399,15199,1,737,562,50,50
399,15200,2,676,713,50,50
400,15112,1,832,499,50,50
400,15128,0,1082,358,50,50
400,15133,1,466,706,50,50
400,15138,2,734,563,50,50
400,15153,1,-37,976,50,50
400,15159,1,-219,1125,50,50
400,15161,2,955,476,50,50
400,15168,2,1068,398,50,50
400,15169,1,549,675,50,50
400,15172,2,694,640,50,50
400,15176,1,628,713,50,50
400,15179,1,612,693,50,50
400,15181,2,553,671,50,50
400,15188,1,705,562,50,50
400,15191,1,301,913,50,50
400,15192,2,786,515,50,50
400,15193,1,576,624,50,50
400,15197,1,268,885,50,50
400,15199,1,732,564,50,50
400,15200,2,677,713,50,50
401,15112,1,830,500,50,50
401,15128,0,1084,356,50,50
401,15133,1,460,710,50,50
401,15138,2,730,566,50,50
401,15153,1,-45,981,50,50
401,15159,1,-231,1132,50,50
401,15161,2,957,475,50,50
401,15168,2,1069,397,50,50
401,15169,1,544,678,50,50
401,15172,2,698,638,50,50
401,15176,1,632,710,50,50
401,15179,1,617,690,50,50
401,15181,2,549,674,50,50
401,15188,1,702,565,50,50
401,15191,1,306,909,50,50
401,15192,2,783,517,50,50
401,15193,1,571,626,50,50
401,15197,1,280,879,50,50
401,15199,1,728,566,50,50
401,15200,2,677,713,50,50
402,15112,1,827,502,50,50
402,15128,0,1085,355,50,50
402,15133,1,455,713,50,50
402,15138,2,726,568,50,50
402,15153,1,-53,985,50,50
402,15159,1,-243,1139,50,50
402,15161,2,959,474,50,50
402,15168,2,1071,396,50,50
402,15169,1,538,681,50,50
402,15172,1,700,635,50,50
402,15176,1,637,707,50,50
402,15179,1,621,687,50,50
402,15181,2,544,677,50,50
402,15188,1,700,567,50,50
402,15191,1,312,906,50,50
402,15192,2,781,519,50,50
402,15193,1,567,628,50,50
402,15197,1,290,873,50,50
402,15199,1,724,568,50,50
402,15200,2,677,712,50,50
403,15112,1,821,505,50,50
403,15128,0,1087,353,50,50
403,15133,1,449,716,50,50
403,15138,2,723,570,50,50
403,15153,1,-62,990,50,50
403,15159,1,-254,1147,50,50
403,15161,2,960,472,50,50
403,15168,2,1072,396,50,50
403,15169,1,533,684,50,50
403,15172,1,704,633,50,50
403,15176,1,641,704,50,50
403,15179,1,626,684,50,50
403,15181,2,539,679,50,50
403,15188,1,696,569,50,50
403,15191,2,317,902,50,50
403,15192,2,778,520,50,50
403,15193,1,563,630,50,50
403,15197,1,300,867,50,50
403,15199,1,719,571,50,50
403,15200,2,678,712,50,50
404,15112,1,818,507,50,50
404,15128,0,1088,352,50,50
404,15133,1,442,720,50,50
404,15138,2,719,572,50,50
404,15153,1,-70,994,50,50
404,15159,1,-266,1154,50,50
404,15161,2,962,471,50,50
404,15168,2,1074,395,50,50
404,15169,2,526,688,50,50
404,15172,1,707,630,50,50
404,15176,1,644,701,50,50
404,15179,1,631,682,50,50
404,15181,1,526,688,50,50
404,15188,1,691,571,50,50
404,15191,1,322,898,50,50
404,15192,2,775,522,50,50
404,15193,1,560,632,50,50
404,15197,1,310,862,50,50
404,15199,1,715,574,50,50
404,15200,2,678,712,50,50
404,15202,0,1004,373,50,50
405,15112,2,815,509,50,50
405,15128,0,1090,350,50,50
405,15133,1,437,723,50,50
405,15138,2,715,575,50,50
405,15153,1,-78,998,50,50
405,15159,1,-278,1161,50,50
405,15161,2,964,470,50,50
405,15168,2,1075,394,50,50
405,15169,2,520,692,50,50
405,15172,1,711,627,50,50
405,15176,1,648,699,50,50
405,15179,1,636,679,50,50
405,15181,1,520,692,50,50
405,15188,1,687,574,50,50
405,15191,1,327,895,50,50
405,15192,1,814,510,50,50
405,15193,1,556,635,50,50
405,15197,1,321,856,50,50
405,15199,1,711,576,50,50
405,15200,2,678,712,50,50
405,15202,0,1003,374,50,50
406,15112,2,812,511,50,50
406,15128,0,1091,349,50,50
406,15133,1,431,726,50,50
406,15138,2,711,577,50,50
406,15153,1,-86,1003,50,50
406,15159,1,-290,1168,50,50
406,15161,2,966,468,50,50
406,15168,2,1077,394,50,50
406,15169,1,515,695,50,50
406,15172,1,715,625,50,50
406,15176,1,651,696,50,50
406,15179,1,641,676,50,50
406,15181,2,514,695,50,50
406,15188,1,683,576,50,50
406,15191,1,332,892,50,50
406,15192,1,814,511,50,50
406,15193,1,551,637,50,50
406,15197,1,330,849,50,50
406,15199,1,706,579,50,50
406,15200,2,678,712,50,50
406,15202,0,1002,374,50,50
407,15112,1,809,513,50,50
407,15128,0,1093,347,50,50
407,15133,1,425,730,50,50
407,15138,2,708,579,50,50
407,15153,1,-94,1007,50,50
407,15159,1,-301,1176,50,50
407,15161,2,967,467,50,50
407,15168,2,1078,393,50,50
407,15169,1,508,699,50,50
407,15172,1,719,622,50,50
407,15176,1,655,693,50,50
407,15179,1,644,673,50,50
407,15181,2,508,699,50,50
407,15188,1,679,578,50,50
407,15191,1,337,889,50,50
407,15192,2,810,513,50,50
407,15193,1,547,639,50,50
407,15197,1,339,844,50,50
407,15199,1,702,582,50,50
407,15200,2,679,712,50,50
407,15202,0,1002,374,50,50
408,15112,1,805,515,50,50
408,15128,0,1094,346,50,50
408,15133,1,417,733,50,50
408,15138,2,704,582,50,50
408,15153,1,-102,1012,50,50
408,15159,1,-313,1183,50,50
408,15161,2,969,466,50,50
408,15168,2,1080,392,50,50
408,15169,1,502,702,50,50
408,15172,2,722,620,50,50
408,15176,1,659,691,50,50
408,15179,1,649,670,50,50
408,15181,2,503,702,50,50
408,15188,1,676,580,50,50
408,15191,1,342,887,50,50
408,15192,2,809,514,50,50
408,15193,1,543,642,50,50
408,15197,1,348,839,50,50
408,15199,1,698,585,50,50
408,15200,2,679,712,50,50
408,15202,0,1001,375,50,50
409,15112,1,802,517,50,50
409,15128,0,1096,344,50,50
409,15133,1,410,736,50,50
409,15138,2,700,584,50,50
409,15153,1,-110,1016,50,50
409,15159,1,-325,1190,50,50
409,15161,2,971,464,50,50
409,15168,2,1081,392,50,50
409,15169,1,496,706,50,50
409,15172,2,725,618,50,50
409,15176,1,663,689,50,50
409,15179,2,650,668,50,50
409,15181,2,498,705,50,50
409,15188,1,673,583,50,50
409,15191,1,347,884,50,50
409,15192,2,809,515,50,50
409,15193,1,539,644,50,50
409,15197,1,356,833,50,50
409,15199,1,693,587,50,50
409,15200,2,679,711,50,50
409,15202,0,1000,375,50,50
410,15112,1,799,519,50,50
410,15128,0,1097,343,50,50
410,15133,1,406,740,50,50
410,15138,2,697,586,50,50
410,15153,1,-119,1021,50,50
410,15159,1,-337,1198,50,50
410,15161,2,972,463,50,50
410,15168,2,1083,391,50,50
410,15169,1,490,709,50,50
410,15172,2,728,616,50,50
410,15176,2,667,686,50,50
410,15179,2,655,665,50,50
410,15181,2,492,708,50,50
410,15188,1,671,585,50,50
410,15191,1,352,880,50,50
410,15192,2,808,516,50,50
410,15193,1,535,646,50,50
410,15197,1,366,828,50,50
410,15199,1,688,589,50,50
410,15200,2,680,711,50,50
410,15202,0,1000,375,50,50
411,15112,1,795,522,50,50
411,15128,0,1099,341,50,50
411,15133,1,400,742,50,50
411,15138,2,693,588,50,50
411,15153,1,-127,1025,50,50
411,15159,1,-348,1205,50,50
411,15161,2,974,462,50,50
411,15168,2,1084,391,50,50
411,15169,1,485,713,50,50
411,15172,2,731,614,50,50
411,15176,1,671,684,50,50
411,15179,2,658,663,50,50
411,15181,2,487,711,50,50
411,15188,1,665,587,50,50
411,15191,1,357,877,50,50
411,15192,2,808,517,50,50
411,15193,1,531,648,50,50
411,15197,1,374,823,50,50
411,15199,1,683,592,50,50
411,15200,2,680,711,50,50
411,15202,0,999,376,50,50
412,15112,1,792,524,50,50
412,15128,0,1100,340,50,50
412,15133,1,393,745,50,50
412,15138,2,689,591,50,50
412,15153,1,-135,1030,50,50
412,15161,2,976,460,50,50
412,15168,2,1086,390,50,50
412,15169,1,478,716,50,50
412,15172,2,733,611,50,50
412,15176,2,675,681,50,50
412,15179,2,662,660,50,50
412,15181,2,481,715,50,50
412,15188,1,660,590,50,50
412,15191,1,361,875,50,50
412,15192,2,807,518,50,50
412,15193,1,527,650,50,50
412,15197,1,383,817,50,50
412,15199,1,679,595,50,50
412,15200,2,680,711,50,50
412,15202,0,998,376,50,50
412,15204,1,674,681,50,50
413,15112,1,788,526,50,50
413,15128,0,1102,338,50,50
413,15133,1,385,750,50,50
413,15138,2,686,593,50,50
413,15153,1,-143,1034,50,50
413,15161,2,978,459,50,50
413,15168,2,1087,389,50,50
413,15169,1,472,720,50,50
413,15172,2,735,610,50,50
413,15176,1,678,678,50,50
413,15179,1,666,657,50,50
413,15181,2,476,718,50,50
413,15188,1,656,592,50,50
413,15191,1,366,872,50,50
413,15192,2,807,518,50,50
413,15193,1,523,653,50,50
413,15197,1,392,812,50,50
413,15199,1,673,598,50,50
413,15200,2,680,711,50,50
413,15202,0,997,376,50,50
413,15204,2,677,678,50,50
414,15112,1,785,528,50,50
414,15128,0,1103,337,50,50
414,15133,1,378,755,50,50
414,15138,2,670,654,50,50
414,15153,1,-151,1038,50,50
414,15161,2,979,458,50,50
414,15168,2,1089,389,50,50
414,15169,2,465,723,50,50
414,15172,1,740,607,50,50
414,15176,1,681,675,50,50
414,15179,1,670,654,50,50
414,15181,2,471,721,50,50
414,15188,1,652,594,50,50
414,15191,1,371,868,50,50
414,15192,2,806,519,50,50
414,15193,1,518,655,50,50
414,15197,1,401,807,50,50
414,15199,1,668,601,50,50
414,15200,2,681,711,50,50
414,15202,0,997,377,50,50
414,15204,2,680,676,50,50
415,15112,1,782,530,50,50
415,15128,0,1105,335,50,50
415,15133,1,371,759,50,50
415,15138,1,671,654,50,50
415,15153,1,-159,1043,50,50
415,15161,2,981,456,50,50
415,15168,2,1090,388,50,50
415,15169,1,459,727,50,50
415,15172,1,744,604,50,50
415,15176,1,684,673,50,50
415,15179,2,674,651,50,50
415,15181,2,465,724,50,50
415,15188,1,649,597,50,50
415,15191,1,375,865,50,50
415,15192,2,806,520,50,50
415,15193,1,514,657,50,50
415,15197,1,410,802,50,50
415,15199,1,663,604,50,50
415,15200,2,681,710,50,50
415,15202,0,996,377,50,50
415,15204,2,682,674,50,50
416,15112,1,778,532,50,50
416,15128,0,1106,334,50,50
416,15133,1,364,763,50,50
416,15138,1,667,659,50,50
416,15153,1,-168,1047,50,50
416,15161,2,983,455,50,50
416,15168,2,1092,387,50,50
416,15169,1,452,731,50,50
416,15172,1,747,602,50,50
416,15176,1,688,670,50,50
416,15179,2,678,649,50,50
416,15181,2,460,727,50,50
416,15188,1,645,599,50,50
416,15191,1,380,863,50,50
416,15192,2,805,521,50,50
416,15193,1,509,659,50,50
416,15197,1,419,797,50,50
416,15199,1,659,607,50,50
416,15200,2,681,710,50,50
416,15202,0,982,456,50,50
416,15204,2,685,672,50,50
417,15112,1,774,534,50,50
417,15133,1,356,767,50,50
417,15138,1,663,664,50,50
417,15153,1,-176,1052,50,50
417,15161,2,985,454,50,50
417,15168,2,1093,387,50,50
417,15169,1,445,735,50,50
417,15172,1,751,599,50,50
417,15176,1,691,667,50,50
417,15179,1,682,646,50,50
417,15181,2,455,731,50,50
417,15188,1,642,602,50,50
417,15191,1,384,860,50,50
417,15192,2,805,522,50,50
417,15193,1,505,662,50,50
417,15197,1,426,792,50,50
417,15199,1,654,610,50,50
417,15200,2,682,710,50,50
417,15202,0,982,458,50,50
417,15204,2,683,648,50,50
418,15112,1,770,536,50,50
418,15133,1,349,771,50,50
418,15138,1,660,669,50,50
418,15153,1,-184,1056,50,50
418,15161,2,986,452,50,50
418,15168,2,1095,386,50,50
418,15169,1,439,739,50,50
418,15172,1,754,597,50,50
418,15176,1,694,664,50,50
418,15179,2,686,643,50,50
418,15181,2,449,734,50,50
418,15188,1,637,604,50,50
418,15191,1,388,858,50,50
418,15192,2,804,523,50,50
418,15193,1,501,664,50,50
418,15197,1,433,787,50,50
418,15199,1,649,613,50,50
418,15200,2,682,710,50,50
418,15202,0,983,458,50,50
418,15204,1,686,643,50,50
419,15112,1,766,539,50,50
419,15133,1,342,775,50,50
419,15138,1,656,674,50,50
419,15153,1,-192,1061,50,50
419,15161,2,988,451,50,50
419,15168,2,1096,385,50,50
419,15169,1,432,743,50,50
419,15172,1,757,595,50,50
419,15176,2,698,662,50,50
419,15179,2,690,641,50,50
419,15181,2,444,737,50,50
419,15188,1,633,607,50,50
419,15191,1,393,855,50,50
419,15192,2,804,524,50,50
419,15193,1,496,667,50,50
419,15197,1,442,782,50,50
419,15199,1,643,616,50,50
419,15200,2,682,710,50,50
419,15202,0,984,457,50,50
419,15204,1,688,638,50,50
420,15112,1,762,541,50,50
420,15133,1,335,779,50,50
420,15138,1,652,679,50,50
420,15153,1,-200,1065,50,50
420,15161,2,990,450,50,50
420,15168,1,1111,307,50,50
420,15169,1,425,747,50,50
420,15172,1,760,593,50,50
420,15176,2,702,660,50,50
420,15179,2,694,638,50,50
420,15181,2,438,740,50,50
420,15188,1,629,609,50,50
420,15191,1,399,851,50,50
420,15192,2,803,525,50,50
420,15193,1,491,670,50,50
420,15197,1,450,777,50,50
420,15199,1,639,620,50,50
420,15200,2,682,710,50,50
420,15202,0,987,455,50,50
420,15204,1,690,632,50,50
421,15112,1,759,544,50,50
421,15133,1,327,783,50,50
421,15138,1,648,684,50,50
421,15153,1,-208,1069,50,50
421,15161,2,992,448,50,50
421,15168,1,1111,305,50,50
421,15169,2,417,751,50,50
421,15172,1,764,591,50,50
421,15176,1,705,657,50,50
421,15179,2,698,636,50,50
421,15181,1,417,751,50,50
421,15188,1,625,612,50,50
421,15191,1,404,848,50,50
421,15192,2,803,526,50,50
421,15193,1,487,672,50,50
421,15197,1,458,772,50,50
421,15199,1,634,623,50,50
421,15200,2,683,709,50,50
421,15202,0,989,453,50,50
421,15204,1,692,627,50,50
422,15112,1,756,546,50,50
422,15133,1,320,786,50,50
422,15138,1,644,689,50,50
422,15153,1,-216,1074,50,50
422,15161,2,993,447,50,50
422,15168,1,1113,302,50,50
422,15169,2,411,755,50,50
422,15172,1,767,589,50,50
422,15176,1,709,656,50,50
422,15179,1,702,633,50,50
422,15181,2,410,755,50,50
422,15188,1,621,615,50,50
422,15191,1,409,845,50,50
422,15192,2,802,527,50,50
422,15193,1,482,674,50,50
422,15197,1,466,768,50,50
422,15199,1,628,626,50,50
422,15200,2,683,709,50,50
422,15202,0,989,457,50,50
422,15204,2,701,631,50,50
423,15112,1,752,549,50,50
423,15133,1,314,790,50,50
423,15138,1,640,694,50,50
423,15153,1,-225,1078,50,50
423,15161,2,975,393,50,50
423,15168,1,1108,307,50,50
423,15169,2,404,759,50,50
423,15172,1,770,587,50,50
423,15176,2,713,653,50,50
423,15179,1,706,630,50,50
423,15181,2,403,760,50,50
423,15188,1,617,617,50,50
423,15191,1,413,842,50,50
423,15192,2,802,528,50,50
423,15193,1,477,677,50,50
423,15197,1,474,764,50,50
423,15199,1,622,629,50,50
423,15200,2,683,709,50,50
423,15202,0,989,460,50,50
423,15204,1,704,629,50,50
423,15209,2,713,559,50,50
424,15112,1,749,551,50,50
424,15133,1,307,794,50,50
424,15138,1,637,699,50,50
424,15153,1,-233,1083,50,50
424,15161,2,976,389,50,50
424,15168,1,1109,304,50,50
424,15169,2,394,764,50,50
424,15172,1,773,584,50,50
424,15176,2,716,651,50,50
424,15179,1,710,627,50,50
424,15181,1,395,765,50,50
424,15188,1,611,619,50,50
424,15191,1,418,839,50,50
424,15192,2,801,528,50,50
424,15193,1,473,679,50,50
424,15197,1,482,759,50,50
424,15199,2,617,633,50,50
424,15200,2,684,709,50,50
424,15202,0,988,463,50,50
424,15204,1,708,627,50,50
424,15209,2,708,562,50,50
425,15112,1,745,553,50,50
425,15133,1,300,798,50,50
425,15138,1,633,703,50,50
425,15153,1,-241,1087,50,50
425,15161,2,973,393,50,50
425,15168,1,1106,310,50,50
425,15169,1,387,768,50,50
425,15172,1,776,582,50,50
425,15176,2,719,648,50,50
425,15179,1,714,625,50,50
425,15181,1,388,769,50,50
425,15188,1,607,621,50,50
425,15191,1,422,835,50,50
425,15192,2,801,529,50,50
425,15193,1,469,682,50,50
425,15197,1,489,754,50,50
425,15199,2,611,636,50,50
425,15200,2,684,709,50,50
425,15202,0,988,466,50,50
425,15204,1,712,625,50,50
425,15209,2,703,564,50,50
426,15112,1,741,555,50,50
426,15133,1,293,802,50,50
426,15138,1,629,708,50,50
426,15161,2,973,390,50,50
426,15168,1,1106,308,50,50
426,15169,1,381,772,50,50
426,15172,1,779,580,50,50
426,15176,2,722,646,50,50
426,15179,1,718,622,50,50
426,15181,1,381,773,50,50
426,15188,1,603,624,50,50
426,15191,1,426,833,50,50
426,15192,2,800,530,50,50
426,15193,1,464,685,50,50
426,15197,1,496,750,50,50
426,15199,1,606,639,50,50
426,15200,2,684,709,50,50
426,15202,0,988,469,50,50
426,15204,1,715,623,50,50
426,15209,2,699,566,50,50
427,15112,2,737,558,50,50
427,15133,1,286,806,50,50
427,15138,1,625,713,50,50
427,15161,2,974,388,50,50
427,15168,1,1103,311,50,50
427,15169,1,374,776,50,50
427,15172,1,782,578,50,50
427,15176,1,726,644,50,50
427,15179,1,722,619,50,50
427,15181,1,374,777,50,50
427,15188,1,598,627,50,50
427,15191,1,431,830,50,50
427,15192,2,800,531,50,50
427,15193,2,459,687,50,50
427,15197,1,503,745,50,50
427,15199,2,600,642,50,50
427,15202,0,988,472,50,50
427,15204,1,718,621,50,50
427,15209,2,698,568,50,50
428,15112,1,733,561,50,50
428,15133,1,279,810,50,50
428,15138,1,621,718,50,50
428,15161,2,974,385,50,50
428,15168,1,1104,310,50,50
428,15169,1,367,780,50,50
428,15172,1,786,575,50,50
428,15176,1,729,642,50,50
428,15179,1,726,616,50,50
428,15181,1,368,781,50,50
428,15188,1,593,629,50,50
428,15191,1,436,827,50,50
428,15192,2,799,532,50,50
428,15193,2,454,689,50,50
428,15197,1,511,741,50,50
428,15199,1,595,645,50,50
428,15202,0,987,475,50,50
428,15204,1,722,618,50,50
428,15209,2,695,571,50,50
429,15112,1,729,563,50,50
429,15133,1,272,813,50,50
429,15138,1,618,723,50,50
429,15161,2,975,382,50,50
429,15168,1,1104,309,50,50
429,15169,1,358,784,50,50
429,15172,1,789,573,50,50
429,15176,1,732,639,50,50
429,15179,1,730,614,50,50
429,15181,1,361,785,50,50
429,15188,1,589,631,50,50
429,15191,1,440,825,50,50
429,15192,2,799,533,50,50
429,15193,1,449,692,50,50
429,15197,1,518,736,50,50
429,15199,1,589,649,50,50
429,15202,0,987,478,50,50
429,15204,1,726,616,50,50
429,15209,2,692,573,50,50
430,15112,1,724,566,50,50
430,15133,1,265,817,50,50
430,15138,1,614,728,50,50
430,15161,2,975,380,50,50
430,15168,1,1099,313,50,50
430,15169,1,351,788,50,50
430,15172,1,792,571,50,50
430,15176,1,735,636,50,50
430,15179,1,734,611,50,50
430,15181,1,354,789,50,50
430,15188,1,584,634,50,50
430,15191,1,443,823,50,50
430,15192,2,798,534,50,50
430,15193,2,444,695,50,50
430,15197,1,525,732,50,50
430,15199,1,584,652,50,50
430,15202,0,987,482,50,50
430,15204,1,731,614,50,50
430,15209,2,689,576,50,50
430,15213,1,26,1050,50,50
431,15112,1,720,568,50,50
431,15133,1,259,821,50,50
431,15138,1,610,733,50,50
431,15161,2,976,377,50,50
431,15168,1,1097,314,50,50
431,15169,1,343,793,50,50
431,15172,1,796,569,50,50
431,15176,1,738,634,50,50
431,15179,1,738,608,50,50
431,15181,1,348,792,50,50
431,15188,1,581,638,50,50
431,15191,1,448,820,50,50
431,15192,2,798,535,50,50
431,15193,1,439,698,50,50
431,15197,1,532,728,50,50
431,15199,1,577,656,50,50
431,15202,0,987,485,50,50
431,15204,1,734,612,50,50
431,15209,2,685,578,50,50
431,15213,1,34,1044,50,50
432,15112,1,716,571,50,50
432,15133,1,243,829,50,50
432,15138,1,606,738,50,50
432,15161,2,976,374,50,50
432,15168,1,1096,316,50,50
432,15169,1,334,797,50,50
432,15172,1,799,566,50,50
432,15176,1,741,632,50,50
432,15179,1,742,605,50,50
432,15181,1,341,796,50,50
432,15188,1,576,640,50,50
432,15191,1,453,818,50,50
432,15192,1,851,474,50,50
432,15193,2,434,701,50,50
432,15197,1,538,724,50,50
432,15199,1,571,659,50,50
432,15202,0,987,488,50,50
432,15204,1,737,610,50,50
432,15209,2,682,580,50,50
432,15213,1,43,1039,50,50
433,15112,1,712,573,50,50
433,15133,1,234,834,50,50
433,15138,1,602,743,50,50
433,15161,2,977,372,50,50
433,15168,1,1094,317,50,50
433,15169,1,325,802,50,50
433,15172,1,802,564,50,50
433,15176,1,744,631,50,50
433,15179,1,746,603,50,50
433,15181,1,334,800,50,50
433,15188,1,571,643,50,50
433,15191,1,457,815,50,50
433,15192,1,853,472,50,50
433,15193,1,430,704,50,50
433,15197,1,545,720,50,50
433,15199,1,565,662,50,50
433,15202,0,986,491,50,50
433,15204,1,740,607,50,50
433,15209,2,677,582,50,50
433,15213,1,52,1032,50,50
434,15112,1,708,576,50,50
434,15133,1,223,839,50,50
434,15138,1,598,748,50,50
434,15161,2,977,369,50,50
434,15168,1,1093,317,50,50
434,15169,1,317,806,50,50
434,15172,2,802,566,50,50
434,15176,1,747,629,50,50
434,15179,2,743,605,50,50
434,15181,1,328,804,50,50
434,15188,1,566,646,50,50
434,15191,1,459,813,50,50
434,15192,1,855,470,50,50
434,15193,1,424,707,50,50
434,15197,1,552,716,50,50
434,15199,1,560,666,50,50
434,15202,0,986,494,50,50
434,15204,1,743,605,50,50
434,15209,2,673,585,50,50
434,15213,1,62,1026,50,50
435,15112,1,703,579,50,50
435,15133,1,215,843,50,50
435,15138,1,595,753,50,50
435,15161,2,978,367,50,50
435,15168,1,1093,318,50,50
435,15169,1,309,811,50,50
435,15172,2,805,564,50,50
435,15176,1,750,626,50,50
435,15179,2,746,603,50,50
435,15181,1,321,808,50,50
435,15188,1,561,648,50,50
435,15191,1,464,811,50,50
435,15192,1,857,469,50,50
435,15193,1,419,709,50,50
435,15197,1,558,712,50,50
435,15199,1,554,670,50,50
435,15202,0,986,497,50,50
435,15204,2,746,603,50,50
435,15209,2,669,587,50,50
435,15213,1,71,1021,50,50
435,15216,0,1008,436,50,50
436,15112,1,699,582,50,50
436,15133,1,207,847,50,50
436,15138,1,591,758,50,50
436,15161,2,978,364,50,50
436,15168,1,1092,318,50,50
436,15169,1,302,815,50,50
436,15172,2,808,562,50,50
436,15176,1,754,624,50,50
436,15179,2,750,601,50,50
436,15181,1,314,812,50,50
436,15188,1,557,651,50,50
436,15191,1,468,808,50,50
436,15192,1,858,467,50,50
436,15193,1,414,712,50,50
436,15197,1,565,708,50,50
436,15199,1,548,674,50,50
436,15202,0,986,500,50,50
436,15204,2,749,601,50,50
436,15209,2,666,589,50,50
436,15213,1,81,1016,50,50
436,15216,0,1009,435,50,50
437,15112,1,694,585,50,50
437,15133,1,198,852,50,50
437,15138,1,587,763,50,50
437,15161,2,979,361,50,50
437,15168,1,1091,318,50,50
437,15169,1,292,821,50,50
437,15172,2,811,560,50,50
437,15176,1,757,622,50,50
437,15179,2,753,598,50,50
437,15181,1,307,816,50,50
437,15188,1,553,654,50,50
437,15191,1,473,805,50,50
437,15192,1,860,465,50,50
437,15193,1,409,715,50,50
437,15197,1,571,703,50,50
437,15199,2,541,678,50,50
437,15202,0,985,503,50,50
437,15204,1,752,598,50,50
437,15209,2,662,591,50,50
437,15213,1,91,1010,50,50
437,15216,0,1009,435,50,50
438,15112,2,689,588,50,50
438,15133,1,190,857,50,50
438,15138,1,535,682,50,50
438,15161,2,979,359,50,50
438,15168,1,1088,321,50,50
438,15169,1,285,826,50,50
438,15172,2,814,558,50,50
438,15176,1,761,620,50,50
438,15179,2,757,596,50,50
438,15181,1,301,820,50,50
438,15188,1,546,657,50,50
438,15191,1,477,803,50,50
438,15192,1,862,463,50,50
438,15193,2,403,717,50,50
438,15197,1,578,700,50,50
438,15199,2,535,681,50,50
438,15202,0,985,507,50,50
438,15204,1,756,596,50,50
438,15209,2,659,593,50,50
438,15213,1,99,1005,50,50
438,15216,0,1010,435,50,50
439,15112,1,685,590,50,50
439,15133,1,183,861,50,50
439,15138,1,529,683,50,50
439,15161,2,980,356,50,50
439,15168,1,1087,321,50,50
439,15169,1,277,831,50,50
439,15172,2,817,556,50,50
439,15176,2,764,618,50,50
439,15179,2,760,593,50,50
439,15181,1,294,824,50,50
439,15188,1,541,659,50,50
439,15191,1,481,800,50,50
439,15192,1,864,462,50,50
439,15193,2,397,720,50,50
439,15197,1,585,696,50,50
439,15199,2,529,685,50,50
439,15202,0,985,510,50,50
439,15204,1,760,594,50,50
439,15209,2,655,595,50,50
439,15213,1,109,999,50,50
439,15216,0,1010,434,50,50
440,15112,1,680,593,50,50
440,15133,1,173,868,50,50
440,15138,1,522,686,50,50
440,15161,2,980,354,50,50
440,15168,1,1086,322,50,50
440,15169,1,269,835,50,50
440,15172,2,820,554,50,50
440,15176,2,768,616,50,50
440,15179,2,764,591,50,50
440,15181,1,287,828,50,50
440,15188,1,536,662,50,50
440,15191,1,484,798,50,50
440,15192,1,866,460,50,50
440,15193,2,392,723,50,50
440,15197,1,590,691,50,50
440,15199,2,523,688,50,50
440,15202,0,985,513,50,50
440,15204,1,763,592,50,50
440,15209,2,652,597,50,50
440,15213,1,118,992,50,50
440,15216,0,1015,431,50,50
441,15112,1,676,596,50,50
441,15133,1,164,872,50,50
441,15138,1,516,690,50,50
441,15161,2,981,351,50,50
441,15168,1,1085,322,50,50
441,15169,1,260,840,50,50
441,15172,2,823,552,50,50
441,15176,1,771,614,50,50
441,15179,2,768,589,50,50
441,15181,1,281,832,50,50
441,15188,1,531,665,50,50
441,15191,1,488,796,50,50
441,15192,1,867,458,50,50
441,15193,2,387,726,50,50
441,15197,1,596,687,50,50
441,15199,2,517,692,50,50
441,15202,0,985,516,50,50
441,15204,1,766,590,50,50
441,15209,2,645,600,50,50
441,15213,1,126,988,50,50
441,15216,0,1017,430,50,50
442,15112,1,671,598,50,50
442,15133,1,155,877,50,50
442,15138,1,509,695,50,50
442,15161,2,981,348,50,50
442,15168,1,1084,323,50,50
442,15169,1,249,845,50,50
442,15172,2,826,550,50,50
442,15176,1,773,611,50,50
442,15179,2,771,586,50,50
442,15181,1,274,836,50,50
442,15188,1,526,668,50,50
442,15191,2,493,793,50,50
442,15192,1,869,457,50,50
442,15193,2,382,730,50,50
442,15197,1,602,684,50,50
442,15199,2,512,695,50,50
442,15202,0,984,519,50,50
442,15204,1,769,588,50,50
442,15209,2,641,603,50,50
442,15213,1,136,983,50,50
442,15216,0,1018,429,50,50
443,15112,1,666,602,50,50
443,15133,1,145,882,50,50
443,15138,1,502,699,50,50
443,15161,2,982,346,50,50
443,15168,1,1083,324,50,50
443,15169,1,240,850,50,50
443,15172,2,828,548,50,50
443,15176,1,775,609,50,50
443,15179,2,775,584,50,50
443,15181,1,267,840,50,50
443,15188,1,521,671,50,50
443,15191,1,497,790,50,50
443,15192,1,871,455,50,50
443,15193,2,376,733,50,50
443,15197,1,609,680,50,50
443,15199,2,506,699,50,50
443,15202,0,984,522,50,50
443,15204,1,773,586,50,50
443,15209,2,638,605,50,50
443,15213,1,146,978,50,50
443,15216,0,1019,428,50,50
444,15112,1,662,605,50,50
444,15133,1,135,888,50,50
444,15138,1,495,703,50,50
444,15161,2,982,343,50,50
444,15168,1,1081,325,50,50
444,15169,1,230,856,50,50
444,15172,2,830,546,50,50
444,15176,2,777,607,50,50
444,15179,2,778,582,50,50
444,15181,1,261,844,50,50
444,15188,1,515,673,50,50
444,15191,1,501,787,50,50
444,15192,1,873,453,50,50
444,15193,2,370,735,50,50
444,15197,1,614,677,50,50
444,15199,2,500,702,50,50
444,15202,0,984,525,50,50
444,15204,1,776,583,50,50
444,15209,1,632,607,50,50
444,15213,1,156,972,50,50
444,15216,0,1020,427,50,50
445,15112,1,657,607,50,50
445,15133,1,126,893,50,50
445,15138,1,488,707,50,50
445,15161,2,983,341,50,50
445,15168,1,1080,326,50,50
445,15169,1,220,861,50,50
445,15172,2,832,543,50,50
445,15176,0,780,605,50,50
445,15179,2,781,604,50,50
445,15181,1,254,848,50,50
445,15188,1,510,676,50,50
445,15191,1,505,785,50,50
445,15192,1,875,451,50,50
445,15193,2,365,738,50,50
445,15197,1,619,673,50,50
445,15199,2,494,706,50,50
445,15202,0,984,528,50,50
445,15204,1,779,581,50,50
445,15209,1,628,610,50,50
445,15213,1,165,966,50,50
445,15216,0,1021,426,50,50
446,15112,1,652,609,50,50
446,15133,1,116,899,50,50
446,15138,1,481,711,50,50
446,15161,2,983,338,50,50
446,15168,1,1079,327,50,50
446,15169,1,211,866,50,50
446,15172,2,835,541,50,50
446,15176,0,783,603,50,50
446,15179,2,784,603,50,50
446,15181,1,247,851,50,50
446,15188,1,504,679,50,50
446,15191,1,508,782,50,50
446,15192,1,877,450,50,50
446,15193,1,359,741,50,50
446,15197,1,624,669,50,50
446,15199,2,488,709,50,50
446,15202,0,983,532,50,50
446,15204,1,782,579,50,50
446,15209,1,623,612,50,50
446,15213,1,174,961,50,50
446,15216,0,1022,425,50,50
447,15112,1,647,612,50,50
447,15133,1,107,904,50,50
447,15138,1,474,716,50,50
447,15161,2,984,335,50,50
447,15168,1,1078,327,50,50
447,15169,1,202,871,50,50
447,15172,2,838,539,50,50
447,15176,0,786,601,50,50
447,15179,2,787,602,50,50
447,15181,1,240,855,50,50
447,15188,1,499,682,50,50
447,15191,1,512,779,50,50
447,15192,1,878,448,50,50
447,15193,1,353,744,50,50
447,15197,1,630,665,50,50
447,15199,2,483,712,50,50
447,15202,0,983,535,50,50
447,15204,1,786,576,50,50
447,15209,1,618,615,50,50
447,15213,1,182,956,50,50
447,15216,0,1024,424,50,50
448,15112,1,640,615,50,50
448,15133,1,97,909,50,50
448,15138,1,467,719,50,50
448,15161,2,984,333,50,50
448,15168,1,1076,328,50,50
448,15169,1,192,877,50,50
448,15172,2,841,537,50,50
448,15176,0,789,599,50,50
448,15179,2,791,602,50,50
448,15181,1,234,859,50,50
448,15188,1,494,686,50,50
448,15191,1,516,777,50,50
448,15192,1,880,446,50,50
448,15193,1,348,747,50,50
448,15197,2,635,662,50,50
448,15199,2,477,716,50,50
448,15202,0,983,538,50,50
448,15204,1,789,574,50,50
448,15209,1,614,618,50,50
448,15213,1,190,951,50,50
448,15216,0,1025,423,50,50
449,15112,1,635,618,50,50
449,15133,1,86,914,50,50
449,15138,1,460,723,50,50
449,15161,2,985,330,50,50
449,15168,1,1075,329,50,50
449,15169,1,181,882,50,50
449,15172,2,844,535,50,50
449,15176,0,791,597,50,50
449,15179,2,794,601,50,50
449,15181,1,227,863,50,50
449,15188,1,488,689,50,50
449,15191,1,519,774,50,50
449,15192,1,882,444,50,50
449,15193,1,342,750,50,50
449,15197,2,641,658,50,50
449,15199,2,471,719,50,50
449,15202,0,983,541,50,50
449,15204,1,792,572,50,50
449,15209,1,609,620,50,50
449,15213,1,198,947,50,50
449,15216,0,1027,422,50,50
450,15112,1,630,621,50,50
450,15133,1,76,920,50,50
450,15138,1,453,727,50,50
450,15161,2,985,327,50,50
450,15168,1,1074,329,50,50
450,15169,1,172,887,50,50
450,15172,2,843,535,50,50
450,15176,0,794,595,50,50
450,15179,2,798,600,50,50
450,15181,1,220,867,50,50
450,15188,1,482,692,50,50
450,15191,1,523,772,50,50
450,15192,1,884,443,50,50
450,15193,1,337,753,50,50
450,15197,2,647,654,50,50
450,15199,2,465,723,50,50
450,15202,0,983,544,50,50
450,15204,1,796,569,50,50
450,15209,1,613,623,50,50
450,15213,1,208,942,50,50
450,15216,0,1028,421,50,50
451,15112,1,625,624,50,50
451,15133,1,65,926,50,50
451,15138,1,445,732,50,50
451,15161,2,986,325,50,50
451,15168,1,1073,330,50,50
451,15169,1,162,892,50,50
451,15172,2,845,534,50,50
451,15176,0,797,593,50,50
451,15179,2,801,600,50,50
451,15181,1,214,871,50,50
451,15188,1,476,695,50,50
451,15191,1,527,769,50,50
451,15192,1,886,441,50,50
451,15193,1,330,756,50,50
451,15197,1,652,651,50,50
451,15199,2,459,726,50,50
451,15202,0,982,547,50,50
451,15204,1,799,567,50,50
451,15209,1,613,625,50,50
451,15213,1,216,937,50,50
451,15216,0,1029,420,50,50
452,15112,1,620,627,50,50
452,15133,1,54,931,50,50
452,15138,1,438,736,50,50
452,15161,2,986,322,50,50
452,15168,1,1071,330,50,50
452,15169,1,152,899,50,50
452,15172,2,848,532,50,50
452,15176,0,800,591,50,50
452,15179,2,805,599,50,50
452,15181,1,207,875,50,50
452,15188,1,471,698,50,50
452,15191,1,531,767,50,50
452,15192,1,887,439,50,50
452,15193,1,325,759,50,50
452,15197,1,657,648,50,50
452,15199,2,454,730,50,50
452,15204,1,802,565,50,50
452,15209,1,612,628,50,50
452,15213,1,223,932,50,50
452,15216,0,1030,419,50,50
453,15112,1,615,629,50,50
453,15133,1,44,937,50,50
453,15138,1,430,740,50,50
453,15161,2,987,320,50,50
453,15168,1,1070,331,50,50
453,15169,1,141,905,50,50
453,15172,2,850,530,50,50
453,15176,1,803,589,50,50
453,15179,1,803,567,50,50
453,15181,1,200,879,50,50
453,15188,1,465,701,50,50
453,15191,1,534,765,50,50
453,15192,1,889,438,50,50
453,15193,1,319,762,50,50
453,15197,1,661,646,50,50
453,15199,2,448,733,50,50
453,15204,1,805,562,50,50
453,15209,1,610,631,50,50
453,15213,1,232,927,50,50
453,15216,0,1032,418,50,50
454,15112,1,611,632,50,50
454,15133,1,32,942,50,50
454,15138,1,422,744,50,50
454,15161,2,987,317,50,50
454,15168,1,1068,332,50,50
454,15169,1,130,910,50,50
454,15172,2,853,528,50,50
454,15176,1,806,587,50,50
454,15179,1,806,564,50,50
454,15181,1,194,883,50,50
454,15188,1,460,705,50,50
454,15191,2,538,763,50,50
454,15192,1,891,436,50,50
454,15193,1,313,765,50,50
454,15197,1,667,642,50,50
454,15199,2,442,737,50,50
454,15204,1,809,560,50,50
454,15209,1,608,634,50,50
454,15213,1,240,922,50,50
454,15216,0,1033,417,50,50
455,15112,1,590,636,50,50
455,15133,1,24,948,49,50
455,15138,1,415,749,50,50
455,15161,1,1117,302,50,50
455,15168,1,1067,333,50,50
455,15169,1,120,916,50,50
455,15172,2,855,526,50,50
455,15176,1,809,585,50,50
455,15179,1,809,561,50,50
455,15188,1,454,708,50,50
455,15191,2,541,761,50,50
455,15192,1,893,434,50,50
455,15193,1,308,768,50,50
455,15197,1,672,638,50,50
455,15199,2,436,740,50,50
455,15204,1,812,558,50,50
455,15209,1,604,637,50,50
455,15213,1,248,918,50,50
455,15216,0,1034,416,50,50
456,15112,1,580,639,50,50
456,15133,1,18,954,49,50
456,15138,1,407,754,50,50
456,15161,1,1118,301,50,50
456,15168,1,1065,334,50,50
456,15169,1,109,922,50,50
456,15172,2,858,524,50,50
456,15176,1,812,583,50,50
456,15179,1,812,558,50,50
456,15188,1,449,712,50,50
456,15191,2,545,759,50,50
456,15192,1,895,432,50,50
456,15193,1,303,771,50,50
456,15197,1,677,635,50,50
456,15199,2,431,744,50,50
456,15204,1,815,555,50,50
456,15209,1,599,641,50,50
456,15213,1,256,914,50,50
456,15216,0,1036,415,50,50
457,15112,1,573,641,50,50
457,15133,1,12,960,49,50
457,15138,1,399,759,50,50
457,15161,1,1118,301,50,50
457,15168,1,1064,335,50,50
457,15169,1,99,928,50,50
457,15172,2,860,522,50,50
457,15176,1,814,582,50,50
457,15179,1,815,554,50,50
457,15188,1,442,715,50,50
457,15191,2,549,757,50,50
457,15192,1,896,431,50,50
457,15193,1,297,774,50,50
457,15197,1,682,632,50,50
457,15199,2,425,747,50,50
457,15204,1,819,553,50,50
457,15209,1,594,644,50,50
457,15213,1,264,909,50,50
457,15216,0,1037,414,50,50
458,15112,1,567,644,50,50
458,15133,1,7,967,49,50
458,15138,1,391,763,50,50
458,15161,1,1118,302,50,50
458,15168,1,1062,336,50,50
458,15169,1,87,935,50,50
458,15172,2,863,521,50,50
458,15176,1,816,580,50,50
458,15179,1,818,551,50,50
458,15188,1,436,719,50,50
458,15191,2,553,754,50,50
458,15192,1,898,429,50,50
458,15193,1,292,777,50,50
458,15197,1,687,628,50,50
458,15199,2,419,751,50,50
458,15204,1,822,551,50,50
458,15209,1,588,647,50,50
458,15213,1,272,905,50,50
458,15216,0,1038,413,50,50
458,15230,1,45,1031,50,50
459,15112,1,571,648,50,50
459,15133,1,-2,972,49,50
459,15138,1,383,768,50,50
459,15161,1,1116,302,50,50
459,15168,1,1062,337,50,50
459,15169,1,75,941,50,50
459,15172,2,865,521,50,50
459,15176,1,819,578,50,50
459,15179,1,821,548,50,50
459,15188,1,431,723,50,50
459,15191,2,557,751,50,50
459,15192,1,900,427,50,50
459,15193,1,286,780,50,50
459,15197,1,691,625,50,50
459,15199,2,413,754,50,50
459,15204,1,825,548,50,50
459,15209,1,581,650,50,50
459,15213,1,280,900,50,50
459,15216,0,1039,412,50,50
459,15230,1,54,1025,50,50
459,15231,1,1080,319,50,50
460,15112,1,565,651,50,50
460,15133,1,-11,978,49,50
460,15138,1,374,772,50,50
460,15161,1,1113,302,50,50
460,15168,1,1061,338,50,50
460,15169,1,63,948,50,50
460,15172,2,867,520,50,50
460,15176,1,821,576,50,50
460,15179,2,823,551,50,50
460,15188,1,425,726,50,50
460,15191,1,560,749,50,50
460,15192,1,902,425,50,50
460,15193,1,281,783,50,50
460,15197,1,696,622,50,50
460,15199,2,407,757,50,50
460,15204,1,828,546,50,50
460,15209,1,576,653,50,50
460,15213,1,287,896,50,50
460,15216,0,1040,412,50,50
460,15230,1,64,1020,50,50
460,15231,1,1079,320,50,50
461,15112,1,560,654,50,50
461,15133,1,-19,983,49,50
461,15138,1,366,777,50,50
461,15161,1,1112,304,50,50
461,15168,1,1060,339,50,50
461,15169,1,51,954,50,50
461,15172,2,869,518,50,50
461,15176,1,824,574,50,50
461,15179,2,825,549,50,50
461,15188,1,419,730,50,50
461,15191,1,563,746,50,50
461,15192,1,904,424,50,50
461,15193,1,275,786,50,50
461,15197,1,702,618,50,50
461,15199,2,402,761,50,50
461,15204,1,832,544,50,50
461,15209,1,570,656,50,50
461,15213,1,294,891,50,50
461,15216,0,1041,411,50,50
461,15230,1,75,1013,50,50
461,15231,1,1078,321,50,50
462,15112,1,554,657,50,50
462,15133,1,-27,989,50,50
462,15138,1,357,782,50,50
462,15161,1,1110,304,50,50
462,15168,1,1058,339,50,50
462,15169,1,40,960,50,50
462,15172,2,871,516,50,50
462,15176,1,826,572,50,50
462,15179,2,827,547,50,50
462,15188,1,413,734,50,50
462,15191,1,566,744,50,50
462,15192,1,905,422,50,50
462,15193,1,270,789,50,50
462,15197,1,707,615,50,50
462,15199,2,396,764,50,50
462,15204,1,835,541,50,50
462,15209,1,564,660,50,50
462,15213,1,301,887,50,50
462,15216,0,1042,411,50,50
462,15230,1,84,1009,50,50
462,15231,1,1077,321,50,50
463,15112,1,548,660,50,50
463,15133,1,-35,994,50,50
463,15138,1,348,787,50,50
463,15161,1,1108,305,50,50
463,15168,1,1056,339,50,50
463,15169,1,29,966,50,50
463,15172,2,874,515,50,50
463,15176,1,829,570,50,50
463,15179,2,830,545,50,50
463,15188,1,405,738,50,50
463,15191,1,569,742,50,50
463,15193,1,264,792,50,50
463,15197,1,712,611,50,50
463,15199,2,390,768,50,50
463,15204,1,838,539,50,50
463,15209,1,559,663,50,50
463,15213,1,307,883,50,50
463,15216,0,1043,410,50,50
463,15230,1,94,1003,50,50
463,15231,1,1077,321,50,50
464,15112,1,543,663,50,50
464,15133,1,-44,1000,50,50
464,15138,1,339,792,50,50
464,15161,1,1107,305,50,50
464,15168,1,1054,339,50,50
464,15169,1,22,972,49,50
464,15172,2,876,513,50,50
464,15176,1,832,568,50,50
464,15179,2,832,542,50,50
464,15188,1,399,740,50,50
464,15191,1,572,740,50,50
464,15193,1,259,795,50,50
464,15197,1,715,609,50,50
464,15199,2,384,771,50,50
464,15204,1,842,537,50,50
464,15209,1,553,667,50,50
464,15213,1,314,879,50,50
464,15216,0,1044,409,50,50
464,15230,1,103,998,50,50
464,15231,1,1076,321,50,50
464,15232,1,15,1033,49,50
465,15112,1,537,666,50,50
465,15133,1,-52,1006,50,50
465,15138,1,331,797,50,50
465,15161,1,1106,306,50,50
465,15168,1,1053,340,50,50
465,15169,1,15,978,49,50
465,15172,2,879,511,50,50
465,15176,1,834,567,50,50
465,15179,2,835,540,50,50
465,15188,1,393,743,50,50
465,15191,1,574,739,50,50
465,15193,1,253,798,50,50
465,15197,1,719,606,50,50
465,15199,2,378,775,50,50
465,15204,1,845,534,50,50
465,15209,1,547,670,50,50
465,15213,1,321,874,50,50
465,15216,0,1045,408,50,50
465,15230,1,115,992,50,50
465,15231,1,1076,322,50,50
465,15232,1,21,1026,49,50
466,15112,1,531,669,50,50
466,15133,1,-61,1011,50,50
466,15138,1,322,802,50,50
466,15161,1,1106,307,50,50
466,15168,1,1052,341,50,50
466,15169,1,9,984,49,50
466,15172,2,881,510,50,50
466,15176,1,836,566,50,50
466,15179,1,837,541,50,50
466,15188,1,387,746,50,50
466,15191,1,577,737,50,50
466,15193,1,248,801,50,50
466,15197,1,724,603,50,50
466,15199,2,373,778,50,50
466,15204,1,848,532,50,50
466,15209,1,541,675,50,50
466,15213,1,328,870,50,50
466,15216,0,1047,407,50,50
466,15230,1,124,987,50,50
466,15231,1,1075,322,50,50
466,15232,1,28,1019,50,50
467,15112,1,526,672,50,50
467,15133,1,-70,1017,50,50
467,15138,1,314,807,50,50
467,15161,1,1104,308,50,50
467,15168,1,1050,342,50,50
467,15169,1,3,989,49,50
467,15172,2,884,508,50,50
467,15176,1,839,564,50,50
467,15179,1,839,539,50,50
467,15188,1,380,750,50,50
467,15191,1,582,734,50,50
467,15193,1,242,804,50,50
467,15197,1,729,600,50,50
467,15199,2,367,782,50,50
467,15204,1,762,529,50,50
467,15209,1,535,678,50,50
467,15213,1,335,866,50,50
467,15216,0,1048,406,50,50
467,15230,1,134,981,50,50
467,15231,1,1074,323,50,50
467,15232,1,36,1013,50,50
468,15112,1,520,675,50,50
468,15133,1,-78,1022,50,50
468,15138,1,305,811,50,50
468,15161,1,1103,308,50,50
468,15168,1,1049,343,50,50
468,15169,1,-6,995,49,50
468,15172,2,886,506,50,50
468,15176,1,841,562,50,50
468,15179,1,842,537,50,50
468,15188,1,373,754,50,50
468,15191,2,585,732,50,50
468,15193,1,237,807,50,50
468,15197,1,734,596,50,50
468,15199,2,361,785,50,50
468,15204,1,759,530,50,50
468,15209,1,528,681,50,50
468,15213,1,342,862,50,50
468,15216,0,1049,406,50,50
468,15230,1,145,976,50,50
468,15231,1,1074,323,50,50
468,15232,2,46,1007,50,50
469,15112,1,515,678,50,50
469,15133,1,-87,1028,50,50
469,15138,1,295,817,50,50
469,15161,1,1102,310,50,50
469,15168,1,1047,345,50,50
469,15169,1,-15,1001,49,50
469,15172,2,887,504,50,50
469,15176,1,843,560,50,50
469,15179,1,845,535,50,50
469,15188,1,366,758,50,50
469,15191,2,590,729,50,50
469,15193,1,231,810,50,50
469,15197,1,739,593,50,50
469,15204,1,758,528,50,50
469,15209,1,522,685,50,50
469,15213,1,349,858,50,50
469,15216,0,1050,405,50,50
469,15230,1,155,970,50,50
469,15231,1,1073,323,50,50
469,15232,2,58,1001,50,50
470,15112,1,509,681,50,50
470,15133,1,-95,1033,50,50
470,15138,1,286,823,50,50
470,15161,1,1100,311,50,50
470,15168,1,1045,346,50,50
470,15169,1,-24,1007,49,50
470,15172,2,889,502,50,50
470,15176,1,846,559,50,50
470,15179,1,847,533,50,50
470,15188,1,360,762,50,50
470,15191,2,594,726,50,50
470,15193,1,226,813,50,50
470,15197,1,743,592,50,50
470,15204,1,757,526,50,50
470,15209,1,516,688,50,50
470,15213,1,356,854,50,50
470,15216,0,1051,404,50,50
470,15230,1,163,965,50,50
470,15231,1,1072,324,50,50
470,15232,1,69,995,50,50
471,15112,2,507,691,50,50
471,15133,1,-104,1039,50,50
471,15138,1,276,828,50,50
471,15161,1,1100,311,50,50
471,15168,1,1044,347,50,50
471,15169,1,-32,1013,50,50
471,15172,2,891,500,50,50
471,15176,1,848,557,50,50
471,15179,1,850,532,50,50
471,15188,1,352,766,50,50
471,15191,2,597,725,50,50
471,15193,1,220,816,50,50
471,15197,1,747,589,50,50
471,15204,1,757,524,50,50
471,15209,1,509,691,50,50
471,15213,1,363,850,50,50
471,15216,0,1052,403,50,50
471,15230,1,173,960,50,50
471,15231,1,1072,324,50,50
471,15232,2,80,989,50,50
472,15112,2,502,695,50,50
472,15133,1,-112,1045,50,50
472,15138,1,266,835,50,50
472,15161,1,1100,312,50,50
472,15168,1,1043,347,50,50
472,15169,1,-41,1019,50,50
472,15172,2,894,499,50,50
472,15176,1,851,555,50,50
472,15179,1,853,530,50,50
472,15188,1,346,770,50,50
472,15191,2,600,723,50,50
472,15193,1,215,819,50,50
472,15197,1,752,586,50,50
472,15204,1,756,522,50,50
472,15209,1,502,695,50,50
472,15213,1,370,846,50,50
472,15216,0,1054,402,50,50
472,15230,1,181,954,50,50
472,15231,1,1071,325,50,50
472,15232,1,91,983,50,50
473,15112,2,496,699,50,50
473,15133,1,-121,1050,50,50
473,15138,1,257,840,50,50
473,15161,1,1099,313,50,50
473,15168,1,1042,348,50,50
473,15169,1,-50,1025,50,50
473,15172,2,897,498,50,50
473,15176,1,853,553,50,50
473,15179,1,856,529,50,50
473,15188,1,339,774,50,50
473,15191,1,603,721,50,50
473,15193,1,209,822,50,50
473,15197,1,757,583,50,50
473,15204,1,755,520,50,50
473,15209,1,496,699,50,50
473,15213,1,376,843,50,50
473,15216,0,1055,401,50,50
473,15230,1,188,950,50,50
473,15231,1,1071,325,50,50
473,15232,1,102,977,50,50
474,15112,2,490,703,50,50
474,15133,1,-130,1056,50,50
474,15138,1,246,845,50,50
474,15161,1,1098,313,50,50
474,15168,1,1040,349,50,50
474,15169,1,-59,1030,50,50
474,15172,2,899,496,50,50
474,15176,2,855,552,50,50
474,15179,1,858,527,50,50
474,15188,1,332,779,50,50
474,15191,1,606,719,50,50
474,15193,1,204,825,50,50
474,15197,1,762,580,50,50
474,15204,1,754,518,50,50
474,15209,1,490,702,50,50
474,15213,1,382,839,50,50
474,15216,0,1056,401,50,50
474,15230,1,198,945,50,50
474,15231,1,1070,325,50,50
474,15232,1,113,971,50,50
475,15112,2,483,707,50,50
475,15133,1,-138,1061,50,50
475,15138,1,236,850,50,50
475,15161,1,1097,314,50,50
475,15168,1,1038,350,50,50
475,15169,1,-68,1036,50,50
475,15172,2,901,494,50,50
475,15176,2,857,550,50,50
475,15179,1,860,526,50,50
475,15188,1,324,783,50,50
475,15191,1,610,717,50,50
475,15193,1,172,839,50,50
475,15197,1,767,577,50,50
475,15204,1,753,516,50,50
475,15209,1,485,705,50,50
475,15213,1,388,835,50,50
475,15216,0,1057,400,50,50
475,15230,1,206,940,50,50
475,15231,1,1069,326,50,50
475,15232,1,123,965,50,50
476,15112,1,476,713,50,50
476,15133,1,-147,1067,50,50
476,15138,1,226,855,50,50
476,15161,1,1095,315,50,50
476,15168,1,1037,351,50,50
476,15169,1,-77,1042,50,50
476,15172,2,904,493,50,50
476,15176,2,859,549,50,50
476,15179,1,862,524,50,50
476,15188,1,317,786,50,50
476,15191,1,612,715,50,50
476,15193,1,165,844,50,50
476,15197,1,772,574,50,50
476,15204,1,752,514,50,50
476,15209,1,479,709,50,50
476,15213,1,393,831,50,50
476,15216,0,1058,399,50,50
476,15230,1,215,935,50,50
476,15231,1,1069,326,50,50
476,15232,1,133,959,50,50
477,15112,1,469,717,50,50
477,15133,1,-155,1072,50,50
477,15138,1,215,862,50,50
477,15161,1,1094,316,50,50
477,15168,1,1036,352,50,50
477,15169,1,-87,1048,50,50
477,15172,2,906,491,50,50
477,15176,2,861,547,50,50
477,15179,1,865,522,50,50
477,15188,1,311,790,50,50
477,15191,1,615,713,50,50
477,15193,1,159,848,50,50
477,15197,1,777,571,50,50
477,15204,1,751,512,50,50
477,15209,1,473,712,50,50
477,15213,1,400,827,50,50
477,15216,0,1059,398,50,50
477,15230,1,223,930,50,50
477,15231,1,1068,327,50,50
477,15232,1,143,953,50,50
478,15112,1,462,721,50,50
478,15133,1,-164,1078,50,50
478,15138,1,204,867,50,50
478,15161,1,1093,316,50,50
478,15168,1,1034,353,50,50
478,15169,1,-96,1054,50,50
478,15172,2,909,489,50,50
478,15176,2,864,546,50,50
478,15179,1,867,520,50,50
478,15188,1,305,793,50,50
478,15191,1,618,711,50,50
478,15193,1,152,851,50,50
478,15197,1,781,568,50,50
478,15204,1,750,510,50,50
478,15209,1,467,715,50,50
478,15213,2,407,824,50,50
478,15216,0,1061,397,50,50
478,15230,1,231,925,50,50
478,15231,1,1068,327,50,50
478,15232,1,153,947,50,50
479,15112,1,455,725,50,50
479,15133,1,-172,1084,50,50
479,15138,1,193,873,50,50
479,15161,1,1092,317,50,50
479,15168,1,1033,354,50,50
479,15169,1,-105,1060,50,50
479,15172,2,908,488,50,50
479,15176,2,866,544,50,50
479,15179,1,870,519,50,50
479,15188,1,298,797,50,50
479,15191,1,621,708,50,50
479,15193,1,145,855,50,50
479,15197,1,786,564,50,50
479,15204,1,749,508,50,50
479,15209,1,462,719,50,50
479,15213,2,412,820,50,50
479,15216,0,1062,396,50,50
479,15230,1,238,920,50,50
479,15231,1,1067,327,50,50
479,15232,1,163,942,50,50
480,15112,1,447,730,50,50
480,15133,1,-181,1089,50,50
480,15138,1,182,880,50,50
480,15161,1,1091,318,50,50
480,15168,1,1031,355,50,50
480,15169,1,-114,1066,50,50
480,15172,2,910,487,50,50
480,15176,2,868,542,50,50
480,15179,1,871,518,50,50
480,15188,1,291,801,50,50
480,15191,1,625,706,50,50
480,15193,1,138,859,50,50
480,15197,1,791,561,50,50
480,15204,1,748,506,50,50
480,15209,1,456,710,50,50
480,15213,2,419,816,50,50
480,15216,0,1063,396,50,50
480,15230,1,246,917,50,50
480,15231,1,1056,334,50,50
480,15232,1,173,936,50,50
481,15112,1,440,734,50,50
481,15133,1,-190,1095,50,50
481,15138,1,172,886,50,50
481,15161,1,1089,319,50,50
481,15168,1,1030,356,50,50
481,15169,1,-123,1071,50,50
481,15172,2,912,486,50,50
481,15176,1,871,540,50,50
481,15179,1,873,516,50,50
481,15188,1,285,805,50,50
481,15191,1,627,705,50,50
481,15193,1,131,862,50,50
481,15197,1,796,558,50,50
481,15204,1,747,503,50,50
481,15209,1,451,713,50,50
481,15213,1,425,813,50,50
481,15216,0,1064,395,50,50
481,15230,1,256,912,50,50
481,15231,1,1054,335,50,50
481,15232,1,182,931,50,50
482,15112,1,433,739,50,50
482,15133,1,-198,1100,50,50
482,15138,1,161,892,50,50
482,15161,1,1088,320,50,50
482,15168,1,1029,357,50,50
482,15169,1,-132,1077,50,50
482,15172,2,914,485,50,50
482,15176,1,872,539,50,50
482,15179,1,876,515,50,50
482,15188,1,278,808,50,50
482,15191,1,628,703,50,50
482,15193,1,121,869,50,50
482,15197,1,790,559,50,50
482,15204,1,746,501,50,50
482,15209,1,444,717,50,50
482,15213,1,431,809,50,50
482,15216,0,1065,394,50,50
482,15230,1,264,907,50,50
482,15231,1,1053,336,50,50
482,15232,1,192,926,50,50
482,15234,2,18,1033,49,50
483,15112,1,425,743,50,50
483,15133,1,-207,1106,50,50
483,15138,1,150,898,50,50
483,15161,1,1087,321,50,50
483,15168,1,1027,358,50,50
483,15169,1,-141,1083,50,50
483,15172,2,916,483,50,50
483,15176,1,874,537,50,50
483,15179,1,878,513,50,50
483,15188,1,272,812,50,50
483,15191,1,629,701,50,50
483,15193,1,111,874,50,50
483,15197,1,793,557,50,50
483,15204,1,745,499,50,50
483,15209,1,438,720,50,50
483,15213,1,437,805,50,50
483,15216,0,1066,393,50,50
483,15230,1,273,902,50,50
483,15231,1,1052,337,50,50
483,15232,1,201,921,50,50
483,15234,2,24,1028,49,50
484,15112,1,417,748,50,50
484,15133,1,-215,1111,50,50
484,15138,1,139,903,50,50
484,15161,1,1086,321,50,50
484,15168,1,1026,358,50,50
484,15169,1,-150,1089,50,50
484,15172,2,918,481,50,50
484,15176,1,877,535,50,50
484,15179,1,880,512,50,50
484,15188,1,265,816,50,50
484,15191,2,635,699,50,50
484,15193,1,103,878,50,50
484,15197,1,797,554,50,50
484,15204,1,744,497,50,50
484,15209,1,433,723,50,50
484,15213,1,443,802,50,50
484,15216,0,1068,392,50,50
484,15230,1,280,897,50,50
484,15231,1,1052,337,50,50
484,15232,1,211,916,50,50
484,15234,1,31,1022,50,50
485,15112,1,410,752,50,50
485,15133,1,-224,1117,50,50
485,15138,1,127,910,50,50
485,15161,1,1084,321,50,50
485,15168,1,1025,359,50,50
485,15169,1,-159,1095,50,50
485,15172,2,920,479,50,50
485,15176,1,878,533,50,50
485,15179,1,883,510,50,50
485,15188,1,258,820,50,50
485,15191,1,639,697,50,50
485,15193,1,95,882,50,50
485,15197,1,801,551,50,50
485,15204,1,743,495,50,50
485,15209,1,427,728,50,50
485,15213,1,450,798,50,50
485,15216,0,1069,392,50,50
485,15230,1,289,892,50,50
485,15231,1,1051,338,50,50
485,15232,1,221,910,50,50
485,15234,1,40,1016,50,50
486,15112,1,403,756,50,50
486,15133,1,-232,1123,50,50
486,15138,1,115,916,50,50
486,15161,1,1083,322,50,50
486,15168,1,1023,359,50,50
486,15169,1,-168,1101,50,50
486,15172,2,921,478,50,50
486,15176,1,880,532,50,50
486,15179,1,885,508,50,50
486,15188,1,239,828,50,50
486,15191,2,643,694,50,50
486,15193,1,86,887,50,50
486,15197,1,805,548,50,50
486,15204,1,742,493,50,50
486,15209,1,421,732,50,50
486,15213,1,456,795,50,50
486,15216,2,1104,303,50,50
486,15230,1,295,888,50,50
486,15231,1,1050,339,50,50
486,15232,1,230,905,50,50
486,15234,1,50,1011,50,50
487,15112,1,394,761,50,50
487,15133,1,-241,1128,50,50
487,15138,1,103,922,50,50
487,15161,1,1082,323,50,50
487,15168,1,1022,360,50,50
487,15169,1,-177,1107,50,50
487,15172,2,922,477,50,50
487,15176,1,883,531,50,50
487,15179,1,887,507,50,50
487,15188,1,232,833,50,50
487,15191,2,646,692,50,50
487,15193,1,78,891,50,50
487,15197,1,808,547,50,50
487,15204,1,741,491,50,50
487,15209,1,415,735,50,50
487,15213,1,461,791,50,50
487,15216,2,1105,302,50,50
487,15230,1,303,884,50,50
487,15231,1,1049,340,50,50
487,15232,1,237,900,50,50
487,15234,1,60,1005,50,50
488,15112,1,386,765,50,50
488,15133,1,-250,1134,50,50
488,15138,1,91,930,50,50
488,15161,1,1080,323,50,50
488,15168,1,1020,361,50,50
488,15169,1,-186,1112,50,50
488,15172,2,924,476,50,50
488,15176,1,885,529,50,50
488,15179,1,889,505,50,50
488,15188,1,221,837,50,50
488,15191,2,650,690,50,50
488,15193,1,70,896,50,50
488,15197,1,812,545,50,50
488,15204,1,741,489,50,50
488,15209,1,407,738,50,50
488,15213,1,465,788,50,50
488,15216,2,1105,302,50,50
488,15230,1,310,880,50,50
488,15231,1,1047,341,50,50
488,15232,1,247,895,50,50
488,15234,1,70,999,50,50
489,15112,1,378,770,50,50
489,15138,1,78,937,50,50
489,15161,1,1079,324,50,50
489,15168,1,1019,362,50,50
489,15169,1,-196,1118,50,50
489,15172,2,926,474,50,50
489,15176,1,887,528,50,50
489,15179,2,891,503,50,50
489,15188,1,213,842,50,50
489,15191,2,653,688,50,50
489,15193,1,62,899,50,50
489,15197,1,815,542,50,50
489,15204,1,740,487,50,50
489,15209,1,401,741,50,50
489,15213,1,470,785,50,50
489,15216,2,1107,298,50,50
489,15230,1,318,875,50,50
489,15231,1,1046,341,50,50
489,15232,1,256,889,50,50
489,15234,1,82,992,50,50
490,15112,1,371,774,50,50
490,15138,1,66,943,50,50
490,15161,1,1079,325,50,50
490,15168,1,1018,364,50,50
490,15169,1,-205,1124,50,50
490,15172,2,928,473,50,50
490,15176,1,889,526,50,50
490,15179,2,894,502,50,50
490,15188,1,205,846,50,50
490,15191,2,655,687,50,50
490,15193,1,53,903,50,50
490,15197,1,819,539,50,50
490,15204,1,739,485,50,50
490,15209,1,396,743,50,50
490,15213,1,476,781,50,50
490,15216,2,1103,302,50,50
490,15230,1,326,871,50,50
490,15231,1,1045,342,50,50
490,15232,1,265,885,50,50
490,15234,1,94,986,50,50
491,15112,1,361,778,50,50
491,15138,1,54,949,50,50
491,15161,1,1078,326,50,50
491,15168,1,1016,365,50,50
491,15169,1,-214,1130,50,50
491,15172,2,930,471,50,50
491,15176,1,891,524,50,50
491,15179,1,896,501,50,50
491,15188,1,197,851,50,50
491,15191,2,656,686,50,50
491,15193,1,44,909,50,50
491,15197,1,823,537,50,50
491,15204,1,738,483,50,50
491,15209,1,390,746,50,50
491,15213,1,481,778,50,50
491,15216,2,1104,300,50,50
491,15230,1,333,866,50,50
491,15231,1,1044,343,50,50
491,15232,1,273,880,50,50
491,15234,1,104,980,50,50
492,15112,1,353,783,50,50
492,15138,1,41,956,50,50
492,15161,1,1077,327,50,50
492,15168,1,1014,366,50,50
492,15169,1,-223,1136,50,50
492,15172,2,932,470,50,50
492,15176,1,893,523,50,50
492,15179,1,898,500,50,50
492,15188,1,189,856,50,50
492,15191,2,657,684,50,50
492,15193,1,36,913,50,50
492,15197,1,826,534,50,50
492,15204,1,737,481,50,50
492,15209,1,384,749,50,50
492,15213,1,487,774,50,50
492,15216,2,1106,297,50,50
492,15230,1,339,862,50,50
492,15231,1,1043,344,50,50
492,15232,1,282,874,50,50
492,15234,1,115,975,50,50
493,15112,1,345,788,50,50
493,15138,1,29,963,50,50
493,15161,1,1077,327,50,50
493,15168,1,1013,367,50,50
493,15169,1,-232,1142,50,50
493,15172,2,934,468,50,50
493,15176,1,895,522,50,50
493,15179,1,900,498,50,50
493,15188,1,182,860,50,50
493,15191,2,660,682,50,50
493,15193,1,28,918,50,50
493,15197,1,829,532,50,50
493,15204,2,832,484,50,50
493,15209,1,378,752,50,50
493,15213,1,492,771,50,50
493,15216,2,1107,294,50,50
493,15230,1,347,858,50,50
493,15231,1,1042,345,50,50
493,15232,1,290,869,50,50
493,15234,1,124,969,50,50
494,15112,1,336,792,50,50
494,15138,1,21,971,49,50
494,15161,1,1076,328,50,50
494,15168,1,1012,368,50,50
494,15169,1,-241,1148,50,50
494,15172,2,936,467,50,50
494,15176,1,897,521,50,50
494,15179,1,902,497,50,50
494,15188,1,172,864,50,50
494,15191,2,661,680,50,50
494,15193,1,23,923,49,50
494,15197,1,833,529,50,50
494,15204,2,835,483,50,50
494,15209,1,368,759,50,50
494,15213,1,498,767,50,50
494,15216,2,1109,292,50,50
494,15230,1,354,854,50,50
494,15231,1,1041,345,50,50
494,15232,1,299,865,50,50
494,15234,1,135,963,50,50
495,15112,1,327,797,50,50
495,15138,1,13,977,49,50
495,15161,1,1074,329,50,50
495,15168,1,1010,369,50,50
495,15169,1,-250,1153,50,50
495,15172,2,938,465,50,50
495,15176,1,899,519,50,50
495,15179,1,905,495,50,50
495,15188,1,164,870,50,50
495,15191,2,664,678,50,50
495,15193,1,19,926,49,50
495,15197,1,837,527,50,50
495,15204,2,838,481,50,50
495,15209,1,362,763,50,50
495,15213,1,503,764,50,50
495,15216,2,1110,289,50,50
495,15230,1,361,850,50,50
495,15231,1,1040,346,50,50
495,15232,1,307,860,50,50
495,15234,1,143,957,50,50
496,15112,1,319,802,50,50
496,15138,1,7,985,49,50
496,15161,1,1073,330,50,50
496,15168,1,1009,370,50,50
496,15169,1,-259,1159,50,50
496,15172,2,940,464,50,50
496,15176,1,901,517,50,50
496,15179,1,907,494,50,50
496,15188,1,154,875,50,50
496,15191,1,669,676,50,50
496,15193,1,14,929,49,50
496,15197,1,841,524,50,50
496,15204,2,828,487,50,50
496,15209,1,355,767,50,50
496,15213,1,509,761,50,50
496,15216,2,1111,286,50,50
496,15230,1,367,846,50,50
496,15231,1,1039,347,50,50
496,15232,1,315,856,50,50
496,15234,1,154,952,50,50
497,15112,1,311,807,50,50
497,15138,1,-4,991,49,50
497,15161,1,1072,330,50,50
497,15168,1,1007,371,50,50
497,15169,1,-268,1165,50,50
497,15172,2,941,462,50,50
497,15176,1,903,516,50,50
497,15179,0,908,492,50,50
497,15188,1,144,881,50,50
497,15191,2,672,674,50,50
497,15193,1,10,932,49,50
497,15197,1,844,521,50,50
497,15204,2,830,486,50,50
497,15209,1,348,770,50,50
497,15213,1,514,758,50,50
497,15216,2,1113,284,50,50
497,15230,1,374,842,50,50
497,15231,1,1038,348,50,50
497,15232,1,324,851,50,50
497,15234,1,164,947,50,50
498,15112,1,303,811,50,50
498,15138,1,-14,998,49,50
498,15161,1,1070,331,50,50
498,15168,1,1006,372,50,50
498,15172,2,943,461,50,50
498,15176,1,905,514,50,50
498,15179,0,910,490,50,50
498,15188,1,135,886,50,50
498,15191,2,674,672,50,50
498,15193,1,5,936,49,50
498,15197,1,848,519,50,50
498,15204,2,823,491,50,50
498,15209,1,341,775,50,50
498,15213,1,519,754,50,50
498,15216,2,1114,281,50,50
498,15230,1,379,838,50,50
498,15231,1,1037,348,50,50
498,15232,1,331,846,50,50
498,15234,1,172,942,50,50
498,15239,1,657,591,50,50
499,15112,1,294,816,50,50
499,15138,1,-24,1004,49,50
499,15161,1,1069,332,50,50
499,15168,1,1004,373,50,50
499,15172,2,945,459,50,50
499,15176,1,907,512,50,50
499,15179,1,912,488,50,50
499,15188,1,125,891,50,50
499,15191,2,679,669,50,50
499,15193,1,-1,940,49,50
499,15197,1,852,516,50,50
499,15204,2,819,492,50,50
499,15209,1,332,779,50,50
499,15213,1,524,751,50,50
499,15216,2,1115,278,50,50
499,15230,1,386,834,50,50
499,15231,1,1035,349,50,50
499,15232,1,338,841,50,50
499,15234,1,181,937,50,50
499,15239,1,653,594,50,50
500,15112,1,284,822,50,50
500,15138,1,-34,1011,50,50
500,15161,1,1068,332,50,50
500,15168,1,1003,373,50,50
500,15172,2,947,458,50,50
500,15176,1,909,511,50,50
500,15179,1,913,487,50,50
500,15188,1,116,896,50,50
500,15191,2,682,667,50,50
500,15193,1,-8,944,49,50
500,15197,1,856,514,50,50
500,15204,2,816,494,50,50
500,15209,1,324,783,50,50
500,15213,1,529,748,50,50
500,15216,2,1117,276,50,50
500,15230,1,393,830,50,50
500,15231,1,1034,350,50,50
500,15232,1,346,837,50,50
500,15234,1,191,931,50,50
500,15239,1,650,596,50,50
501,15112,1,273,828,50,50
501,15138,1,-44,1018,50,50
501,15161,1,1067,334,50,50
501,15168,1,1001,374,50,50
501,15172,2,949,456,50,50
501,15176,1,911,509,50,50
501,15179,1,915,485,50,50
501,15188,1,106,902,50,50
501,15191,2,684,665,50,50
501,15193,1,-14,948,49,50
501,15197,1,860,511,50,50
501,15204,2,816,494,50,50
501,15209,1,317,787,50,50
501,15213,1,533,745,50,50
501,15216,2,1118,273,50,50
501,15230,1,400,827,50,50
501,15231,1,1033,351,50,50
501,15232,1,353,833,50,50
501,15234,1,200,926,50,50
501,15239,1,647,598,50,50
502,15112,1,263,834,50,50
502,15138,1,-54,1024,50,50
502,15161,1,1066,335,50,50
502,15168,1,1000,375,50,50
502,15172,2,951,455,50,50
502,15176,1,914,508,50,50
502,15179,0,917,484,50,50
502,15188,1,97,907,50,50
502,15191,2,687,662,50,50
502,15193,1,-20,952,49,50
502,15197,1,863,509,50,50
502,15204,2,816,494,50,50
502,15209,1,310,790,50,50
502,15213,1,538,742,50,50
502,15216,2,1120,270,50,50
502,15230,1,407,823,50,50
502,15231,1,1032,351,50,50
502,15232,1,361,828,50,50
502,15234,1,209,921,50,50
502,15239,1,644,600,50,50
503,15112,1,256,839,50,50
503,15138,1,-65,1031,50,50
503,15161,1,1064,335,50,50
503,15168,1,998,376,50,50
503,15172,2,953,453,50,50
503,15176,1,916,506,50,50
503,15179,0,919,483,50,50
503,15188,1,86,913,50,50
503,15191,2,690,660,50,50
503,15193,1,-26,956,50,50
503,15197,1,867,506,50,50
503,15204,2,816,494,50,50
503,15209,1,304,794,50,50
503,15213,1,543,739,50,50
503,15216,2,1121,268,50,50
503,15230,1,414,819,50,50
503,15231,1,1031,352,50,50
503,15232,1,368,824,50,50
503,15234,1,218,916,50,50
503,15239,1,641,602,50,50
504,15112,1,245,844,50,50
504,15138,1,-75,1037,50,50
504,15161,1,1063,336,50,50
504,15168,1,996,377,50,50
504,15172,2,955,452,50,50
504,15176,1,918,505,50,50
504,15179,0,920,481,50,50
504,15188,1,75,918,50,50
504,15191,2,693,658,50,50
504,15193,1,-32,961,50,50
504,15197,1,871,503,50,50
504,15204,2,816,494,50,50
504,15209,1,297,798,50,50
504,15213,1,548,736,50,50
504,15216,2,1122,265,50,50
504,15230,1,421,815,50,50
504,15231,1,1030,353,50,50
504,15232,1,375,820,50,50
504,15234,1,227,912,50,50
504,15239,1,638,604,50,50
505,15112,1,236,849,50,50
505,15138,1,-86,1044,50,50
505,15161,1,1062,337,50,50
505,15168,1,994,378,50,50
505,15172,2,957,450,50,50
505,15176,1,920,503,50,50
505,15179,2,923,480,50,50
505,15188,1,65,924,50,50
505,15191,2,696,657,50,50
505,15193,1,-39,965,50,50
505,15197,1,875,501,50,50
505,15204,2,803,503,50,50
505,15209,1,290,802,50,50
505,15213,1,554,732,50,50
505,15216,2,1124,262,50,50
505,15230,1,426,811,50,50
505,15231,1,1029,354,50,50
505,15232,1,383,816,50,50
505,15234,1,233,907,50,50
505,15239,1,635,606,50,50
506,15112,1,225,855,50,50
506,15138,1,-96,1050,50,50
506,15161,1,1061,337,50,50
506,15168,1,993,379,50,50
506,15172,2,959,449,50,50
506,15176,1,922,502,50,50
506,15179,2,925,479,50,50
506,15188,1,55,929,50,50
506,15191,2,696,656,50,50
506,15193,1,-45,969,50,50
506,15197,1,878,498,50,50
506,15204,2,800,505,50,50
506,15209,1,283,805,50,50
506,15213,1,559,728,50,50
506,15216,2,1125,260,50,50
506,15230,1,433,808,50,50
506,15231,1,1028,354,50,50
506,15232,1,390,811,50,50
506,15234,1,243,901,50,50
506,15239,1,632,608,50,50
507,15112,1,214,861,50,50
507,15138,1,-106,1057,50,50
507,15161,1,1060,338,50,50
507,15168,1,992,380,50,50
507,15172,2,961,447,50,50
507,15176,1,924,500,50,50
507,15179,2,927,478,50,50
507,15188,1,44,935,50,50
507,15191,2,700,654,50,50
507,15193,1,-52,973,50,50
507,15197,1,882,496,50,50
507,15204,2,799,506,50,50
507,15209,1,276,809,50,50
507,15213,1,563,726,50,50
507,15216,2,1126,257,50,50
507,15230,1,439,804,50,50
507,15231,1,1027,355,50,50
507,15232,1,397,807,50,50
507,15234,1,252,896,50,50
507,15239,1,629,610,50,50
508,15112,1,203,866,50,50
508,15138,1,-117,1063,50,50
508,15161,1,1058,339,50,50
508,15168,1,990,381,50,50
508,15172,2,962,446,50,50
508,15176,1,926,498,50,50
508,15179,2,930,476,50,50
508,15188,1,33,940,50,50
508,15191,2,702,653,50,50
508,15193,1,-58,977,50,50
508,15197,1,886,493,50,50
508,15204,2,797,507,50,50
508,15209,1,269,813,50,50
508,15213,1,568,723,50,50
508,15216,2,1128,254,50,50
508,15230,1,444,800,50,50
508,15231,1,1026,356,50,50
508,15232,1,405,803,50,50
508,15234,1,261,891,50,50
508,15239,1,626,612,50,50
509,15112,1,192,872,50,50
509,15138,1,-127,1070,50,50
509,15161,1,1057,340,50,50
509,15168,1,988,383,50,50
509,15172,2,964,444,50,50
509,15176,1,928,497,50,50
509,15179,2,931,475,50,50
509,15188,1,25,946,50,50
509,15191,2,704,651,50,50
509,15193,1,-65,981,50,50
509,15197,1,890,490,50,50
509,15204,2,796,508,50,50
509,15209,1,262,816,50,50
509,15213,1,571,721,50,50
509,15216,2,1129,252,50,50
509,15230,1,451,797,50,50
509,15231,1,1025,357,50,50
509,15232,1,411,798,50,50
509,15234,1,270,886,50,50
509,15239,1,615,617,50,50
510,15112,1,181,878,50,50
510,15138,1,-137,1077,50,50
510,15161,1,1056,340,50,50
510,15168,1,986,384,50,50
510,15172,2,966,443,50,50
510,15176,1,930,495,50,50
510,15179,0,933,473,50,50
510,15188,1,18,952,49,50
510,15191,2,707,649,50,50
510,15193,1,-71,985,50,50
510,15197,1,893,488,50,50
510,15204,2,794,509,50,50
510,15209,1,255,820,50,50
510,15213,1,577,718,50,50
510,15216,2,1131,249,50,50
510,15230,1,457,794,50,50
510,15231,1,1021,357,50,50
510,15232,1,417,795,50,50
510,15234,1,277,881,50,50
510,15239,1,610,620,50,50
511,15112,1,171,884,50,50
511,15138,1,-148,1083,50,50
511,15161,1,1055,342,50,50
511,15168,1,984,385,50,50
511,15172,2,968,441,50,50
511,15176,1,932,494,50,50
511,15179,0,934,471,50,50
511,15188,1,13,957,49,50
511,15191,2,709,647,50,50
511,15193,1,-78,989,50,50
511,15197,1,897,485,50,50
511,15204,2,785,512,50,50
511,15209,1,248,824,50,50
511,15213,1,582,715,50,50
511,15216,2,1132,246,50,50
511,15230,1,462,790,50,50
511,15231,1,1019,358,50,50
511,15232,1,425,791,50,50
511,15234,1,285,877,50,50
511,15239,1,606,623,50,50
512,15112,1,160,890,50,50
512,15138,1,-158,1090,50,50
512,15161,1,1053,343,50,50
512,15168,1,982,387,50,50
512,15172,2,970,440,50,50
512,15176,1,931,493,50,50
512,15179,0,936,470,50,50
512,15188,1,8,962,49,50
512,15191,2,712,646,50,50
512,15193,1,-84,993,50,50
512,15197,1,901,483,50,50
512,15204,2,782,514,50,50
512,15209,1,242,827,50,50
512,15213,1,586,712,50,50
512,15216,2,1133,244,50,50
512,15230,1,467,787,50,50
512,15231,1,1018,358,50,50
512,15232,1,433,786,50,50
512,15234,1,293,872,50,50
512,15239,1,601,625,50,50
513,15112,1,150,896,50,50
513,15138,1,-168,1096,50,50
513,15161,1,1052,343,50,50
513,15168,1,981,388,50,50
513,15172,2,972,438,50,50
513,15176,1,932,492,50,50
513,15179,0,938,468,50,50
513,15188,1,-1,968,49,50
513,15191,2,713,645,50,50
513,15193,1,-91,997,50,50
513,15197,1,905,480,50,50
513,15204,2,780,515,50,50
513,15209,1,235,831,50,50
513,15213,1,591,709,50,50
513,15216,2,1135,241,50,50
513,15230,1,474,783,50,50
513,15231,1,1017,359,50,50
513,15232,1,441,782,50,50
513,15234,1,300,867,50,50
513,15239,1,597,628,50,50
514,15112,1,139,902,50,50
514,15138,1,-179,1103,50,50
514,15161,1,1050,344,50,50
514,15168,1,979,389,50,50
514,15172,2,974,437,50,50
514,15176,2,934,491,50,50
514,15179,0,940,467,50,50
514,15188,1,-9,973,49,50
514,15191,2,715,643,50,50
514,15193,1,-97,1001,50,50
514,15197,1,908,477,50,50
514,15204,2,777,518,50,50
514,15209,1,228,835,50,50
514,15213,1,596,706,50,50
514,15216,2,1136,238,50,50
514,15230,1,479,779,50,50
514,15231,1,1016,360,50,50
514,15232,1,448,778,50,50
514,15234,1,309,864,50,50
514,15239,1,592,630,50,50
515,15112,1,127,908,50,50
515,15138,1,-189,1109,50,50
515,15161,1,1049,345,50,50
515,15168,1,978,390,50,50
515,15172,2,976,435,50,50
515,15176,2,935,489,50,50
515,15179,0,942,466,50,50
515,15188,1,-18,978,49,50
515,15191,2,718,642,50,50
515,15193,1,-104,1005,50,50
515,15197,1,934,489,50,50
515,15204,2,774,520,50,50
515,15209,1,221,838,50,50
515,15213,1,601,703,50,50
515,15216,2,1137,235,50,50
515,15230,1,478,776,50,50
515,15231,2,1013,361,50,50
515,15232,1,461,774,50,50
515,15234,1,318,859,50,50
515,15239,1,588,632,50,50
516,15112,1,115,915,50,50
516,15138,1,-199,1116,50,50
516,15161,1,1048,346,50,50
516,15168,1,976,391,50,50
516,15172,2,978,434,50,50
516,15176,1,937,488,50,50
516,15179,0,944,464,50,50
516,15188,1,-25,984,50,50
516,15191,2,721,640,50,50
516,15193,1,-110,1009,50,50
516,15197,2,938,488,50,50
516,15204,2,772,521,50,50
516,15209,1,214,842,50,50
516,15213,1,606,700,50,50
516,15216,2,1139,233,50,50
516,15230,1,483,772,50,50
516,15231,2,1011,362,50,50
516,15232,1,470,770,50,50
516,15234,1,325,855,50,50
516,15239,1,584,635,50,50
517,15112,1,103,921,50,50
517,15138,1,-210,1123,50,50
517,15161,1,1047,346,50,50
517,15168,1,974,392,50,50
517,15172,2,980,432,50,50
517,15176,1,938,487,50,50
517,15179,0,946,463,50,50
517,15188,1,-34,989,50,50
517,15191,2,723,638,50,50
517,15193,1,-117,1013,50,50
517,15197,2,940,486,50,50
517,15204,2,770,522,50,50
517,15209,1,207,846,50,50
517,15213,1,610,697,50,50
517,15216,2,1140,230,50,50
517,15230,1,492,769,50,50
517,15231,2,1009,363,50,50
517,15232,1,467,767,50,50
517,15234,1,331,851,50,50
517,15239,1,579,637,50,50
517,15242,2,1190,216,50,50
518,15112,1,91,927,50,50
518,15138,1,-220,1129,50,50
518,15161,1,1045,347,50,50
518,15168,1,973,393,50,50
518,15172,2,982,431,50,50
518,15176,1,940,485,50,50
518,15179,0,948,461,50,50
518,15188,1,-42,994,50,50
518,15191,2,724,636,50,50
518,15193,1,-123,1017,50,50
518,15197,2,942,485,50,50
518,15204,2,767,524,50,50
518,15209,1,182,859,50,50
518,15213,1,615,694,50,50
518,15216,2,1142,227,50,50
518,15230,1,498,765,50,50
518,15231,2,1008,364,50,50
518,15232,1,472,763,50,50
518,15234,1,337,846,50,50
518,15239,1,575,640,50,50
518,15242,2,1191,216,50,50
519,15112,1,79,934,50,50
519,15138,1,-230,1136,50,50
519,15161,1,1044,348,50,50
519,15168,1,971,394,50,50
519,15176,1,942,484,50,50
519,15179,0,950,460,50,50
519,15188,1,-51,1000,50,50
519,15191,2,726,634,50,50
519,15193,1,-130,1021,50,50
519,15197,2,943,484,50,50
519,15204,2,765,525,50,50
519,15209,1,174,864,50,50
519,15213,1,620,691,50,50
519,15216,2,1143,225,50,50
519,15230,1,505,762,50,50
519,15231,2,1006,365,50,50
519,15232,1,478,759,50,50
519,15234,1,345,842,50,50
519,15239,1,571,643,50,50
519,15242,2,1191,216,50,50
520,15112,1,67,940,50,50
520,15138,1,-241,1142,50,50
520,15161,1,1042,349,50,50
520,15168,1,969,395,50,50
520,15176,1,944,483,50,50
520,15179,0,952,458,50,50
520,15188,1,-59,1005,50,50
520,15191,2,728,632,50,50
520,15193,1,-136,1025,50,50
520,15197,2,943,483,50,50
520,15204,2,763,527,50,50
520,15209,1,165,870,50,50
520,15213,1,620,688,50,50
520,15216,2,1144,222,50,50
520,15230,1,503,758,50,50
520,15231,2,1005,366,50,50
520,15232,1,485,755,50,50
520,15234,1,352,837,50,50
520,15239,1,567,645,50,50
520,15242,2,1192,216,50,50
520,15243,2,831,469,50,50
521,15112,1,54,947,50,50
521,15138,1,-251,1149,50,50
521,15161,1,1041,349,50,50
521,15168,1,968,396,50,50
521,15176,1,945,481,50,50
521,15179,0,954,457,50,50
521,15188,1,-68,1010,50,50
521,15191,2,731,630,50,50
521,15193,1,-142,1029,50,50
521,15197,2,946,482,50,50
521,15204,2,760,528,50,50
521,15209,1,157,874,50,50
521,15213,1,624,686,50,50
521,15230,1,514,755,50,50
521,15231,2,1004,367,50,50
521,15232,1,492,752,50,50
521,15234,1,359,833,50,50
521,15239,1,562,648,50,50
521,15242,2,1192,216,50,50
521,15243,2,829,471,50,50
522,15112,1,41,954,50,50
522,15138,1,-261,1155,50,50
522,15161,1,1040,351,50,50
522,15168,1,966,397,50,50
522,15176,1,947,480,50,50
522,15179,0,956,455,50,50
522,15188,1,-76,1015,50,50
522,15191,2,734,628,50,50
522,15193,1,-149,1033,50,50
522,15197,2,950,480,50,50
522,15204,2,758,530,50,50
522,15209,1,149,879,50,50
522,15213,1,629,683,50,50
522,15230,1,521,752,50,50
522,15231,2,1003,368,50,50
522,15232,1,498,748,50,50
522,15234,1,366,830,50,50
522,15239,1,558,650,50,50
522,15242,2,1192,216,50,50
522,15243,2,827,472,50,50
523,15112,1,29,960,50,50
523,15138,1,-272,1162,50,50
523,15161,1,1038,352,50,50
523,15168,1,964,398,50,50
523,15176,1,949,478,50,50
523,15179,0,958,454,50,50
523,15188,1,-84,1021,50,50
523,15191,2,736,627,50,50
523,15193,1,-155,1037,50,50
523,15197,2,953,478,50,50
523,15204,2,756,531,50,50
523,15209,1,138,885,50,50
523,15213,1,633,680,50,50
523,15230,1,527,748,50,50
523,15231,2,1002,369,50,50
523,15232,1,504,745,50,50
523,15234,1,372,825,50,50
523,15239,1,553,653,50,50
523,15242,2,1191,216,50,50
523,15243,2,825,473,50,50
524,15112,1,21,967,49,50
524,15138,1,-282,1169,50,50
524,15161,1,1036,353,50,50
524,15168,1,963,399,50,50
524,15176,1,950,477,50,50
524,15179,0,960,452,50,50
524,15188,1,-93,1026,50,50
524,15191,2,738,626,50,50
524,15193,1,-162,1041,50,50
524,15197,2,956,477,50,50
524,15204,2,753,532,50,50
524,15209,1,130,890,50,50
524,15213,2,637,678,50,50
524,15230,1,531,745,50,50
524,15231,2,1000,370,50,50
524,15232,1,509,741,50,50
524,15234,1,378,821,50,50
524,15239,1,548,655,50,50
524,15242,2,1191,216,50,50
524,15243,2,823,474,50,50
525,15112,1,14,972,49,50
525,15138,1,-292,1175,50,50
525,15161,1,1036,353,50,50
525,15168,1,961,400,50,50
525,15176,1,952,476,50,50
525,15179,0,962,451,50,50
525,15188,1,-101,1031,50,50
525,15191,2,739,624,50,50
525,15193,1,-168,1045,50,50
525,15197,2,959,475,50,50
525,15204,2,751,534,50,50
525,15209,1,120,896,50,50
525,15213,2,641,675,50,50
525,15230,1,536,742,50,50
525,15231,2,999,371,50,50
525,15232,1,516,738,50,50
525,15234,1,386,817,50,50
525,15239,1,543,658,50,50
525,15242,2,1191,216,50,50
525,15243,2,822,476,50,50
526,15112,1,8,979,49,50
526,15138,1,-303,1182,50,50
526,15161,1,1035,354,50,50
526,15168,1,959,402,50,50
526,15176,1,954,474,50,50
526,15179,0,964,449,50,50
526,15188,1,-110,1037,50,50
526,15191,2,741,623,50,50
526,15193,1,-175,1049,50,50
526,15197,2,963,474,50,50
526,15204,2,749,535,50,50
526,15209,1,111,901,50,50
526,15213,2,644,673,50,50
526,15230,1,542,739,50,50
526,15231,2,997,372,50,50
526,15232,1,522,734,50,50
526,15234,1,392,813,50,50
526,15239,1,538,661,50,50
526,15242,2,1191,216,50,50
526,15243,2,820,477,50,50
527,15112,1,2,982,49,50
527,15161,1,1033,355,50,50
527,15168,1,958,403,50,50
527,15176,1,956,473,50,50
527,15179,0,966,448,50,50
527,15188,1,-118,1042,50,50
527,15191,2,744,621,50,50
527,15193,1,-181,1053,50,50
527,15197,2,966,472,50,50
527,15204,2,746,537,50,50
527,15209,1,101,906,50,50
527,15213,2,647,670,50,50
527,15230,1,545,735,50,50
527,15231,2,996,373,50,50
527,15232,1,529,730,50,50
527,15234,1,399,810,50,50
527,15239,1,533,663,50,50
527,15242,2,1191,216,50,50
527,15243,2,818,478,50,50
528,15112,1,-8,988,49,50
528,15161,1,1031,356,50,50
528,15168,1,956,404,50,50
528,15176,1,957,471,50,50
528,15179,0,968,446,50,50
528,15188,1,-127,1047,50,50
528,15191,2,746,620,50,50
528,15193,1,-188,1057,50,50
528,15197,2,969,470,50,50
528,15204,2,744,538,50,50
528,15209,1,92,911,50,50
528,15213,2,651,667,50,50
528,15230,1,550,732,50,50
528,15231,2,995,374,50,50
528,15232,1,535,726,50,50
528,15234,1,405,806,50,50
528,15239,1,528,666,50,50
528,15242,2,1191,216,50,50
528,15243,2,817,479,50,50
529,15112,1,-17,994,49,50
529,15161,1,1030,358,50,50
529,15168,1,954,405,50,50
529,15176,1,959,470,50,50
529,15179,0,970,445,50,50
529,15188,1,-135,1053,50,50
529,15191,2,748,618,50,50
529,15197,2,972,469,50,50
529,15204,2,731,547,50,50
529,15209,1,84,916,50,50
529,15213,2,654,665,50,50
529,15230,1,556,729,50,50
529,15231,2,993,375,50,50
529,15232,1,541,722,50,50
529,15234,1,412,803,50,50
529,15239,1,523,669,50,50
529,15242,2,1191,216,50,50
529,15243,2,815,480,50,50
530,15112,1,-26,1000,50,50
530,15161,1,1028,359,50,50
530,15168,1,953,406,50,50
530,15176,1,961,469,50,50
530,15179,0,972,443,50,50
530,15188,1,-144,1058,50,50
530,15191,2,752,617,50,50
530,15197,2,976,467,50,50
530,15204,2,728,549,50,50
530,15209,1,75,921,50,50
530,15213,2,658,662,50,50
530,15230,1,561,725,50,50
530,15231,2,992,376,50,50
530,15232,1,548,718,50,50
530,15234,1,419,799,50,50
530,15239,1,519,672,50,50
530,15242,2,1191,216,50,50
530,15243,2,813,481,50,50
531,15112,1,-36,1005,50,50
531,15161,1,1026,360,50,50
531,15168,1,951,407,50,50
531,15176,1,962,467,50,50
531,15179,0,974,442,50,50
531,15188,1,-152,1063,50,50
531,15191,2,754,615,50,50
531,15197,2,979,466,50,50
531,15204,2,724,551,50,50
531,15209,1,66,926,50,50
531,15213,1,662,660,50,50
531,15230,1,565,722,50,50
531,15231,2,990,376,50,50
531,15232,1,554,714,50,50
531,15234,1,425,795,50,50
531,15239,1,515,675,50,50
531,15242,2,1191,216,50,50
531,15243,2,812,482,50,50
532,15112,1,-45,1011,50,50
532,15161,1,1025,362,50,50
532,15168,1,949,408,50,50
532,15176,1,964,466,50,50
532,15179,0,976,441,50,50
532,15188,1,-161,1069,50,50
532,15191,2,755,614,50,50
532,15197,2,982,464,50,50
532,15204,2,720,553,50,50
532,15209,2,50,932,50,50
532,15213,1,666,657,50,50
532,15230,1,570,719,50,50
532,15231,2,989,377,50,50
532,15232,1,555,711,50,50
532,15234,1,432,790,50,50
532,15239,1,510,678,50,50
532,15242,2,1191,216,50,50
532,15243,2,810,483,50,50
533,15112,1,-55,1017,50,50
533,15161,1,1023,363,50,50
533,15168,1,948,409,50,50
533,15176,1,966,464,50,50
533,15179,0,978,439,50,50
533,15188,1,-169,1074,50,50
533,15191,2,757,612,50,50
533,15197,2,985,462,50,50
533,15204,2,716,555,50,50
533,15209,1,40,938,50,50
533,15213,1,670,655,50,50
533,15230,1,576,716,50,50
533,15231,2,988,378,50,50
533,15232,1,561,708,50,50
533,15234,1,439,786,50,50
533,15239,1,504,681,50,50
533,15242,2,1191,216,50,50
533,15243,2,808,484,50,50
534,15112,1,-65,1023,50,50
534,15161,1,1021,364,50,50
534,15168,1,946,410,50,50
534,15176,1,968,463,50,50
534,15179,0,980,438,50,50
534,15188,1,-177,1079,50,50
534,15191,2,760,610,50,50
534,15197,2,989,461,50,50
534,15204,2,713,557,50,50
534,15209,1,30,944,50,50
534,15213,1,674,653,50,50
534,15230,1,580,713,50,50
534,15231,2,986,379,50,50
534,15232,1,567,704,50,50
534,15234,1,445,782,50,50
534,15239,1,499,683,50,50
534,15242,2,1191,216,50,50
534,15243,2,807,485,50,50
535,15112,1,-75,1029,50,50
535,15161,1,1020,365,50,50
535,15168,1,945,411,50,50
535,15176,1,969,462,50,50
535,15179,0,982,436,50,50
535,15188,1,-186,1085,50,50
535,15191,2,763,608,50,50
535,15197,2,992,459,50,50
535,15204,2,709,559,50,50
535,15209,1,22,949,49,50
535,15213,2,678,650,50,50
535,15230,1,585,710,50,50
535,15231,2,985,380,50,50
535,15232,1,572,701,50,50
535,15234,1,450,779,50,50
535,15239,1,494,686,50,50
535,15242,2,1191,216,50,50
535,15243,2,805,486,50,50
536,15112,1,-84,1035,50,50
536,15161,1,1018,366,50,50
536,15168,1,943,412,50,50
536,15176,1,971,460,50,50
536,15179,0,984,435,50,50
536,15188,1,-194,1090,50,50
536,15191,2,764,606,50,50
536,15197,2,995,458,50,50
536,15204,2,705,561,50,50
536,15209,1,13,954,49,50
536,15213,2,682,648,50,50
536,15230,1,589,708,50,50
536,15231,1,1023,354,50,50
536,15232,1,578,697,50,50
536,15234,1,457,775,50,50
536,15239,1,488,689,50,50
536,15242,2,1191,216,50,50
536,15243,2,803,487,50,50
537,15112,1,-94,1041,50,50
537,15161,1,1017,367,50,50
537,15168,1,941,413,50,50
537,15176,1,973,459,50,50
537,15179,0,986,433,50,50
537,15188,1,-203,1095,50,50
537,15191,2,766,605,50,50
537,15197,2,998,456,50,50
537,15204,2,702,563,50,50
537,15209,1,4,959,49,50
537,15213,2,685,645,50,50
537,15230,1,594,705,50,50
537,15231,1,1024,353,50,50
537,15232,1,583,694,50,50
537,15234,1,463,772,50,50
537,15239,1,482,692,50,50
537,15242,2,1191,216,50,50
537,15243,2,802,488,50,50
538,15112,1,-104,1046,50,50
538,15161,1,1016,367,50,50
538,15168,1,940,414,50,50
538,15176,1,975,457,50,50
538,15179,0,988,432,50,50
538,15188,1,-211,1101,50,50
538,15191,2,768,603,50,50
538,15197,0,975,459,50,50
538,15204,2,699,565,50,50
538,15209,2,6,962,49,50
538,15213,2,689,642,50,50
538,15230,1,597,701,50,50
538,15231,1,1025,353,50,50
538,15232,1,589,691,50,50
538,15234,1,469,769,50,50
538,15239,1,477,695,50,50
538,15242,2,1191,216,50,50
538,15243,2,800,489,50,50
539,15112,1,-113,1052,50,50
539,15161,1,1015,368,50,50
539,15168,1,938,416,50,50
539,15176,1,976,456,50,50
539,15179,0,990,430,50,50
539,15188,1,-220,1106,50,50
539,15191,2,769,601,50,50
539,15197,0,977,458,50,50
539,15204,2,695,567,50,50
539,15209,2,-2,967,49,50
539,15213,2,692,640,50,50
539,15230,1,602,698,50,50
539,15231,1,1026,352,50,50
539,15232,1,593,688,50,50
539,15234,1,474,765,50,50
539,15239,1,472,698,50,50
539,15242,2,1190,216,50,50
539,15243,2,798,490,50,50
540,15112,1,-123,1058,50,50
540,15161,1,1014,369,50,50
540,15168,1,936,417,50,50
540,15176,1,978,455,50,50
540,15179,0,992,429,50,50
540,15188,1,-228,1111,50,50
540,15191,2,773,600,50,50
540,15197,0,978,457,50,50
540,15204,2,692,569,50,50
540,15209,2,-10,972,49,50
540,15213,2,696,637,50,50
540,15230,1,607,694,50,50
540,15231,1,1027,351,50,50
540,15232,1,599,684,50,50
540,15234,1,481,762,50,50
540,15239,1,467,701,50,50
540,15242,2,1190,216,50,50
540,15243,2,797,491,50,50
541,15112,1,-133,1064,50,50
541,15161,1,1012,371,50,50
541,15176,2,928,423,50,50
541,15179,0,993,427,50,50
541,15188,1,-237,1116,50,50
541,15191,2,775,599,50,50
541,15197,0,980,455,50,50
541,15204,2,688,571,50,50
541,15209,2,-18,977,49,50
541,15213,1,698,635,50,50
541,15230,1,612,691,50,50
541,15231,1,1020,356,50,50
541,15232,1,604,681,50,50
541,15234,1,485,759,50,50
541,15239,1,462,704,50,50
541,15242,2,1190,216,50,50
541,15243,2,795,492,50,50
542,15112,1,-142,1070,50,50
542,15161,1,1011,372,50,50
542,15176,2,927,420,50,50
542,15188,1,-245,1122,50,50
542,15191,2,777,598,50,50
542,15197,0,982,454,50,50
542,15204,2,685,574,50,50
542,15209,2,-25,982,50,50
542,15213,1,702,632,50,50
542,15230,1,616,688,50,50
542,15231,1,1020,356,50,50
542,15232,1,610,679,50,50
542,15234,1,492,755,50,50
542,15239,1,456,707,50,50
542,15242,2,1190,216,50,50
542,15243,2,793,493,50,50
543,15112,1,-152,1076,50,50
543,15161,1,1008,373,50,50
543,15176,2,927,417,50,50
543,15191,2,778,596,50,50
543,15197,0,984,453,50,50
543,15204,2,682,576,50,50
543,15209,2,-33,986,50,50
543,15213,1,706,629,50,50
543,15230,1,621,685,50,50
543,15231,1,1021,356,50,50
543,15232,1,614,676,50,50
543,15234,1,496,751,50,50
543,15239,1,451,710,50,50
543,15242,2,1190,216,50,50
543,15243,2,792,494,50,50
544,15112,1,-162,1082,50,50
544,15161,1,1006,375,50,50
544,15176,2,926,415,50,50
544,15191,2,779,595,50,50
544,15197,0,986,451,50,50
544,15204,2,678,579,50,50
544,15209,2,-41,991,50,50
544,15213,1,708,627,50,50
544,15230,1,626,682,50,50
544,15231,1,1021,355,50,50
544,15232,1,620,672,50,50
544,15234,1,502,748,50,50
544,15239,1,446,713,50,50
544,15242,2,1190,216,50,50
544,15243,2,790,495,50,50
545,15112,1,-172,1087,50,50
545,15161,1,1004,376,50,50
545,15176,2,926,412,50,50
545,15191,2,781,594,50,50
545,15197,0,986,451,50,50
545,15204,2,674,581,50,50
545,15209,2,-49,996,50,50
545,15213,2,712,626,50,50
545,15230,1,631,678,50,50
545,15231,1,1021,355,50,50
545,15232,1,627,679,50,50
545,15234,1,508,744,50,50
545,15239,1,441,717,50,50
545,15242,2,1190,216,50,50
545,15243,2,788,496,50,50
546,15112,1,-181,1093,50,50
546,15161,1,1003,377,50,50
546,15176,2,925,409,50,50
546,15191,2,784,592,50,50
546,15197,0,987,450,50,50
546,15204,2,670,583,50,50
546,15209,2,-57,1001,50,50
546,15213,2,715,623,50,50
546,15230,1,636,675,50,50
546,15231,1,1021,355,50,50
546,15232,1,633,676,50,50
546,15234,1,514,741,50,50
546,15239,1,434,720,50,50
546,15242,2,1190,216,50,50
546,15243,2,787,498,50,50
547,15112,1,-191,1099,50,50
547,15161,1,1002,377,50,50
547,15176,2,925,406,50,50
547,15191,2,787,590,50,50
547,15197,0,989,449,50,50
547,15204,1,666,585,50,50
547,15209,2,-66,1006,50,50
547,15213,2,719,621,50,50
547,15230,1,641,672,50,50
547,15231,1,1022,355,50,50
547,15232,1,634,665,50,50
547,15234,1,519,738,50,50
547,15239,1,429,723,50,50
547,15242,2,1190,216,50,50
547,15243,2,785,499,50,50
548,15112,1,-201,1105,50,50
548,15161,1,1001,378,50,50
548,15176,2,924,404,50,50
548,15191,2,790,588,50,50
548,15197,0,991,448,50,50
548,15204,1,663,587,50,50
548,15209,2,-74,1011,50,50
548,15213,2,723,620,50,50
548,15230,1,645,669,50,50
548,15231,1,1022,355,50,50
548,15232,1,639,662,50,50
548,15234,1,524,735,50,50
548,15239,1,423,726,50,50
548,15242,2,1190,216,50,50
548,15243,2,783,500,50,50
549,15112,1,-210,1111,50,50
549,15161,1,999,379,50,50
549,15176,2,924,401,50,50
549,15191,2,793,586,50,50
549,15197,0,991,447,50,50
549,15204,2,658,589,50,50
549,15209,2,-82,1016,50,50
549,15213,2,727,618,50,50
549,15230,1,650,665,50,50
549,15231,1,1022,355,50,50
549,15232,1,644,658,50,50
549,15234,1,530,731,50,50
549,15239,1,418,730,50,50
549,15242,2,1190,216,50,50
549,15243,2,782,501,50,50
550,15112,1,-220,1117,50,50
550,15161,1,998,380,50,50
550,15176,2,923,398,50,50
550,15191,2,796,585,50,50
550,15197,0,992,445,50,50
550,15204,2,654,592,50,50
550,15209,2,-90,1021,50,50
550,15213,2,731,615,50,50
550,15230,1,655,662,50,50
550,15231,1,1022,354,50,50
550,15232,1,649,655,50,50
550,15234,1,536,727,50,50
550,15239,1,412,733,50,50
550,15242,2,1190,216,50,50
550,15243,2,780,502,50,50
551,15112,1,-230,1123,50,50
551,15161,1,997,381,50,50
551,15176,2,923,396,50,50
551,15191,2,797,584,50,50
551,15197,0,994,443,50,50
551,15204,2,651,594,50,50
551,15209,2,-98,1026,50,50
551,15213,2,734,613,50,50
551,15230,1,660,659,50,50
551,15231,1,1008,363,50,50
551,15232,2,649,651,50,50
551,15234,1,540,725,50,50
551,15239,1,404,737,50,50
551,15242,2,1190,216,50,50
551,15243,2,778,503,50,50
552,15112,1,-239,1128,50,50
552,15161,1,995,382,50,50
552,15176,2,922,393,50,50
552,15191,2,799,582,50,50
552,15197,0,995,442,50,50
552,15204,2,647,597,50,50
552,15209,2,-106,1031,50,50
552,15213,2,738,611,50,50
552,15230,1,665,656,50,50
552,15231,1,1007,364,50,50
552,15232,2,654,647,50,50
552,15234,1,545,722,50,50
552,15239,1,398,740,50,50
552,15242,2,1190,216,50,50
552,15243,2,777,504,50,50
553,15112,1,-249,1134,50,50
553,15161,1,994,384,50,50
553,15176,2,922,390,50,50
553,15191,2,800,581,50,50
553,15197,0,997,441,50,50
553,15204,2,644,599,50,50
553,15209,2,-114,1036,50,50
553,15213,2,742,609,50,50
553,15230,1,669,653,50,50
553,15231,1,1006,364,50,50
553,15232,2,659,644,50,50
553,15234,1,551,719,50,50
553,15239,1,392,743,50,50
553,15242,2,1190,216,50,50
553,15248,2,1027,399,50,50
554,15112,1,-259,1140,50,50
554,15161,1,992,385,50,50
554,15176,2,921,387,50,50
554,15191,2,802,580,50,50
554,15197,0,999,440,50,50
554,15204,2,641,602,50,50
554,15209,2,-122,1040,50,50
554,15213,2,745,606,50,50
554,15230,1,674,649,50,50
554,15231,1,1006,365,50,50
554,15232,2,663,641,50,50
554,15234,1,556,716,50,50
554,15239,1,387,746,50,50
554,15248,2,1028,398,50,50
555,15112,1,-269,1146,50,50
555,15161,1,990,387,50,50
555,15176,2,921,385,50,50
555,15191,2,804,579,50,50
555,15197,0,1000,438,50,50
555,15204,2,637,604,50,50
555,15209,2,-130,1045,50,50
555,15213,2,749,604,50,50
555,15230,1,679,646,50,50
555,15231,1,1005,365,50,50
555,15232,2,667,639,50,50
555,15234,1,561,713,50,50
555,15239,1,381,749,50,50
555,15248,2,1029,398,50,50
556,15112,1,-278,1152,50,50
556,15161,1,988,388,50,50
556,15176,2,920,382,50,50
556,15191,2,804,577,50,50
556,15197,0,1002,437,50,50
556,15204,2,632,607,50,50
556,15209,2,-138,1050,50,50
556,15213,2,753,602,50,50
556,15230,1,684,643,50,50
556,15231,1,1004,366,50,50
556,15232,2,671,636,50,50
556,15234,1,565,709,50,50
556,15239,1,374,753,50,50
556,15248,2,1029,397,50,50
557,15112,1,-288,1158,50,50
557,15161,1,986,389,50,50
557,15176,2,920,379,50,50
557,15191,2,806,576,50,50
557,15197,0,1003,436,50,50
557,15204,2,628,609,50,50
557,15209,2,-147,1055,50,50
557,15213,2,756,600,50,50
557,15230,1,673,649,50,50
557,15231,1,1003,366,50,50
557,15232,2,676,633,50,50
557,15234,1,570,706,50,50
557,15239,1,367,757,50,50
557,15248,2,1030,397,50,50
558,15161,1,984,390,50,50
558,15176,2,919,377,50,50
558,15191,2,807,574,50,50
558,15197,0,1005,435,50,50
558,15204,2,623,611,50,50
558,15209,2,-155,1060,50,50
558,15213,2,760,597,50,50
558,15230,1,677,647,50,50
558,15231,1,1002,366,50,50
558,15232,2,680,630,50,50
558,15234,1,574,703,50,50
558,15239,1,361,760,50,50
558,15248,2,1031,396,50,50
559,15161,1,983,391,50,50
559,15176,2,919,374,50,50
559,15191,2,809,573,50,50
559,15197,0,1006,435,50,50
559,15204,2,619,612,50,50
559,15209,2,-163,1065,50,50
559,15213,2,763,595,50,50
559,15230,1,681,645,50,50
559,15231,1,1002,367,50,50
559,15232,2,685,626,50,50
559,15234,1,579,700,50,50
559,15239,1,355,764,50,50
559,15248,2,1031,396,50,50
559,15249,1,198,533,50,50
560,15161,1,981,392,50,50
560,15176,2,918,371,50,50
560,15191,2,811,571,50,50
560,15197,0,1007,434,50,50
560,15204,2,614,615,50,50
560,15209,2,-171,1070,50,50
560,15213,2,760,594,50,50
560,15230,1,685,643,50,50
560,15231,1,1001,367,50,50
560,15232,2,690,623,50,50
560,15234,1,583,697,50,50
560,15239,1,349,768,50,50
560,15248,2,1032,395,50,50
560,15249,1,198,533,50,50
561,15161,1,980,393,50,50
561,15176,2,885,449,50,50
561,15191,2,813,570,50,50
561,15197,0,1009,433,50,50
561,15204,2,609,618,50,50
561,15209,2,-179,1075,50,50
561,15213,2,763,592,50,50
561,15230,1,687,640,50,50
561,15231,1,1000,368,50,50
561,15232,1,692,623,50,50
561,15234,1,587,694,50,50
561,15239,1,342,771,50,50
561,15248,2,1033,395,50,50
561,15249,1,198,533,50,50
562,15161,1,978,394,50,50
562,15176,2,883,451,50,50
562,15191,2,816,569,50,50
562,15197,0,1010,432,50,50
562,15204,2,603,620,50,50
562,15209,2,-187,1080,50,50
562,15213,2,766,590,50,50
562,15230,1,691,637,50,50
562,15231,1,999,368,50,50
562,15232,1,696,620,50,50
562,15234,1,592,691,50,50
562,15239,1,335,774,50,50
562,15248,2,1034,394,50,50
562,15249,1,198,533,50,50
563,15161,1,976,395,50,50
563,15176,2,880,453,50,50
563,15191,2,817,567,50,50
563,15197,0,1012,431,50,50
563,15204,2,600,623,50,50
563,15209,2,-195,1085,50,50
563,15213,2,769,587,50,50
563,15230,1,694,635,50,50
563,15231,1,998,369,50,50
563,15232,1,700,617,50,50
563,15234,1,597,688,50,50
563,15239,1,327,778,50,50
563,15248,2,1034,394,50,50
563,15249,1,198,533,50,50
564,15161,1,975,396,50,50
564,15176,2,878,455,50,50
564,15191,2,819,566,50,50
564,15197,0,1013,429,50,50
564,15204,2,596,626,50,50
564,15209,2,-203,1090,50,50
564,15213,2,772,585,50,50
564,15230,1,697,633,50,50
564,15231,1,998,369,50,50
564,15232,2,704,614,50,50
564,15234,1,602,685,50,50
564,15239,1,320,782,50,50
564,15248,2,992,375,50,50
564,15249,1,198,533,50,50
565,15161,1,973,397,50,50
565,15176,2,876,456,50,50
565,15191,2,821,565,50,50
565,15197,0,1015,428,50,50
565,15204,2,593,628,50,50
565,15209,2,-211,1094,50,50
565,15213,2,775,583,50,50
565,15230,1,701,630,50,50
565,15231,1,997,370,50,50
565,15232,2,708,611,50,50
565,15234,1,607,682,50,50
565,15239,1,314,785,50,50
565,15248,2,989,373,50,50
565,15249,1,198,533,50,50
566,15161,1,971,398,50,50
566,15176,2,873,457,50,50
566,15191,2,823,563,50,50
566,15197,0,1016,427,50,50
566,15204,2,589,630,50,50
566,15209,2,-219,1099,50,50
566,15213,2,778,581,50,50
566,15230,1,705,628,50,50
566,15231,1,996,370,50,50
566,15232,2,711,608,50,50
566,15234,1,612,679,50,50
566,15239,1,307,790,50,50
566,15248,2,986,371,50,50
566,15249,1,198,533,50,50
567,15161,1,969,400,50,50
567,15176,2,870,459,50,50
567,15191,2,825,562,50,50
567,15197,0,1017,426,50,50
567,15204,2,585,633,50,50
567,15209,2,-228,1104,50,50
567,15213,2,781,579,50,50
567,15230,1,708,626,50,50
567,15231,1,995,371,50,50
567,15232,2,715,605,50,50
567,15234,1,616,676,50,50
567,15239,1,300,794,50,50
567,15248,2,983,369,50,50
567,15249,1,198,533,50,50
568,15161,1,967,401,50,50
568,15176,2,867,460,50,50
568,15191,2,827,561,50,50
568,15197,0,1019,425,50,50
568,15204,2,581,636,50,50
568,15209,2,-236,1109,50,50
568,15213,2,784,576,50,50
568,15230,1,711,624,50,50
568,15231,1,994,371,50,50
568,15232,2,719,602,50,50
568,15234,1,619,674,50,50
568,15239,1,294,798,50,50
568,15248,2,980,367,50,50
568,15249,1,198,533,50,50
569,15161,1,966,402,50,50
569,15176,2,864,462,50,50
569,15191,2,828,560,50,50
569,15197,0,1020,424,50,50
569,15204,2,576,639,50,50
569,15213,2,787,574,50,50
569,15230,1,714,622,50,50
569,15231,1,994,372,50,50
569,15232,2,723,600,50,50
569,15234,1,623,671,50,50
569,15239,1,287,801,50,50
569,15248,2,978,365,50,50
569,15249,1,198,533,50,50
570,15161,1,964,403,50,50
570,15176,2,862,463,50,50
570,15191,2,830,558,50,50
570,15197,0,1021,424,50,50
570,15204,2,572,642,50,50
570,15213,2,790,572,50,50
570,15230,1,719,619,50,50
570,15231,1,993,372,50,50
570,15232,2,727,597,50,50
570,15234,1,627,670,50,50
570,15239,1,281,805,50,50
570,15248,1,984,379,50,50
570,15249,1,198,533,50,50
571,15161,1,962,404,50,50
571,15176,2,860,464,50,50
571,15191,2,833,558,50,50
571,15197,0,1022,423,50,50
571,15204,2,567,645,50,50
571,15213,2,793,570,50,50
571,15230,1,723,617,50,50
571,15231,1,992,373,50,50
571,15232,2,731,595,50,50
571,15234,1,631,667,50,50
571,15239,1,275,809,50,50
571,15248,1,984,381,50,50
571,15249,1,198,533,50,50
572,15161,1,960,405,50,50
572,15176,2,858,465,50,50
572,15191,2,835,557,50,50
572,15197,0,1023,422,50,50
572,15204,2,563,648,50,50
572,15213,2,796,568,50,50
572,15230,1,726,615,50,50
572,15231,1,991,373,50,50
572,15232,2,734,592,50,50
572,15234,1,635,664,50,50
572,15239,1,268,812,50,50
572,15248,1,983,382,50,50
572,15249,1,198,533,50,50
572,15250,2,712,542,50,50
572,15251,2,664,716,50,50
573,15161,1,959,406,50,50
573,15176,1,855,468,50,50
573,15191,2,837,555,50,50
573,15197,0,1025,422,50,50
573,15204,2,558,650,50,50
573,15213,2,799,565,50,50
573,15230,1,729,613,50,50
573,15231,1,990,373,50,50
573,15232,2,738,590,50,50
573,15234,2,639,661,50,50
573,15239,1,262,816,50,50
573,15248,1,981,382,50,50
573,15249,1,198,533,50,50
573,15250,2,710,543,50,50
573,15251,2,664,716,50,50
574,15161,1,957,408,50,50
574,15176,1,853,470,50,50
574,15191,2,841,554,50,50
574,15197,0,1027,421,50,50
574,15204,2,553,652,50,50
574,15213,2,803,563,50,50
574,15230,1,732,610,50,50
574,15231,1,990,374,50,50
574,15232,2,742,588,50,50
574,15234,2,643,659,50,50
574,15239,1,255,820,50,50
574,15248,1,980,383,50,50
574,15249,1,198,533,50,50
574,15250,2,708,545,50,50
574,15251,2,664,715,50,50
575,15161,1,955,409,50,50
575,15176,1,851,471,50,50
575,15191,2,842,553,50,50
575,15197,0,1028,420,50,50
575,15204,2,549,655,50,50
575,15213,2,806,561,50,50
575,15230,1,735,607,50,50
575,15231,1,989,374,50,50
575,15232,2,746,585,50,50
575,15234,2,647,656,50,50
575,15239,1,249,823,50,50
575,15248,1,978,384,50,50
575,15249,1,198,533,50,50
575,15250,2,706,547,50,50
575,15251,2,664,715,50,50
576,15161,1,954,410,50,50
576,15176,1,848,473,50,50
576,15191,2,844,552,50,50
576,15197,0,1030,419,50,50
576,15204,2,544,657,50,50
576,15213,2,809,559,50,50
576,15230,1,739,605,50,50
576,15231,1,988,375,50,50
576,15232,2,750,582,50,50
576,15234,2,652,653,50,50
576,15239,1,232,830,50,50
576,15248,1,976,385,50,50
576,15249,1,198,533,50,50
576,15250,2,704,548,50,50
576,15251,2,664,715,50,50
577,15161,1,952,411,50,50
577,15176,2,846,475,50,50
577,15191,1,846,551,50,50
577,15197,0,1031,418,50,50
577,15204,2,539,661,50,50
577,15213,2,812,557,50,50
577,15230,1,742,603,50,50
577,15231,1,987,375,50,50
577,15232,2,753,581,50,50
577,15234,2,655,651,50,50
577,15239,1,224,834,50,50
577,15248,1,974,386,50,50
577,15249,1,198,533,50,50
577,15250,2,702,549,50,50
577,15251,2,665,715,50,50
578,15161,1,950,412,50,50
578,15176,2,843,477,50,50
578,15191,2,848,549,50,50
578,15197,0,1033,417,50,50
578,15204,2,533,664,50,50
578,15213,2,815,554,50,50
578,15230,1,745,601,50,50
578,15231,1,986,376,50,50
578,15232,2,757,578,50,50
578,15234,2,659,648,50,50
578,15239,1,217,838,50,50
578,15248,1,973,386,50,50
578,15249,1,198,533,50,50
578,15250,2,698,551,50,50
578,15251,2,665,715,50,50
579,15161,1,948,414,50,50
579,15176,1,841,478,50,50
579,15191,2,850,548,50,50
579,15197,0,1034,416,50,50
579,15204,2,529,666,50,50
579,15213,1,834,550,50,50
579,15230,1,748,599,50,50
579,15231,1,986,376,50,50
579,15232,2,761,576,50,50
579,15234,2,663,646,50,50
579,15239,1,209,841,50,50
579,15248,1,972,387,50,50
579,15249,1,198,533,50,50
579,15250,2,696,553,50,50
579,15251,2,665,715,50,50
580,15161,1,946,415,50,50
580,15176,1,838,479,50,50
580,15191,2,852,547,50,50
580,15197,0,1036,415,50,50
580,15204,2,525,669,50,50
580,15213,1,837,549,50,50
580,15230,1,751,597,50,50
580,15231,1,985,377,50,50
580,15232,1,765,574,50,50
580,15234,2,667,644,50,50
580,15239,1,200,847,50,50
580,15248,1,970,389,50,50
580,15249,1,198,533,50,50
580,15250,2,693,554,50,50
580,15251,2,665,714,50,50
581,15161,1,944,416,50,50
581,15176,1,836,481,50,50
581,15191,2,854,546,50,50
581,15197,0,1037,414,50,50
581,15204,2,520,672,50,50
581,15213,1,841,547,50,50
581,15230,1,754,595,50,50
581,15231,1,984,377,50,50
581,15232,1,769,571,50,50
581,15234,2,671,641,50,50
581,15239,1,190,851,50,50
581,15248,1,968,389,50,50
581,15249,1,198,533,50,50
581,15250,2,689,556,50,50
581,15251,2,665,714,50,50
582,15161,1,942,417,50,50
582,15176,1,834,483,50,50
582,15191,2,856,544,50,50
582,15197,0,1039,413,50,50
582,15204,2,515,675,50,50
582,15213,1,841,544,50,50
582,15230,1,757,592,50,50
582,15232,1,772,568,50,50
582,15234,2,674,638,50,50
582,15239,1,181,855,50,50
582,15248,1,967,390,50,50
582,15249,1,198,533,50,50
582,15250,2,686,557,50,50
582,15251,2,665,714,50,50
583,15161,1,940,418,50,50
583,15176,2,831,485,50,50
583,15191,2,859,543,50,50
583,15197,0,1040,412,50,50
583,15204,2,510,678,50,50
583,15213,1,843,543,50,50
583,15230,1,759,591,50,50
583,15232,1,776,566,50,50
583,15234,2,678,635,50,50
583,15239,1,174,860,50,50
583,15248,1,966,391,50,50
583,15249,1,198,533,50,50
583,15250,2,684,559,50,50
583,15251,2,665,714,50,50
584,15161,1,938,419,50,50
584,15176,2,828,487,50,50
584,15191,2,861,542,50,50
584,15197,0,1042,411,50,50
584,15204,2,505,681,50,50
584,15213,1,845,542,50,50
584,15230,1,762,589,50,50
584,15232,2,777,564,50,50
584,15234,2,682,633,50,50
584,15239,1,166,863,50,50
584,15248,1,965,391,50,50
584,15249,1,198,533,50,50
584,15250,2,681,560,50,50
584,15251,2,665,714,50,50
585,15161,1,936,421,50,50
585,15176,1,825,489,50,50
585,15191,2,863,541,50,50
585,15197,0,1039,410,50,50
585,15204,2,500,684,50,50
585,15213,1,847,541,50,50
585,15230,1,765,587,50,50
585,15232,2,780,562,50,50
585,15234,2,686,630,50,50
585,15239,1,156,870,50,50
585,15248,1,964,392,50,50
585,15249,1,198,533,50,50
585,15250,2,678,562,50,50
585,15251,2,665,714,50,50
586,15161,1,935,423,50,50
586,15176,1,822,491,50,50
586,15191,2,865,540,50,50
586,15197,0,1040,409,50,50
586,15204,2,494,687,50,50
586,15213,1,849,539,50,50
586,15230,1,768,585,50,50
586,15232,2,784,560,50,50
586,15234,1,690,627,50,50
586,15239,1,147,875,50,50
586,15248,1,962,393,50,50
586,15249,1,198,533,50,50
586,15250,2,675,563,50,50
586,15251,2,665,714,50,50
587,15161,1,933,424,50,50
587,15176,1,819,493,50,50
587,15191,2,867,538,50,50
587,15197,0,1042,408,50,50
587,15204,2,489,690,50,50
587,15213,1,851,538,50,50
587,15230,1,771,583,50,50
587,15232,2,787,557,50,50
587,15234,1,693,625,50,50
587,15239,1,138,880,50,50
587,15248,1,961,394,50,50
587,15249,1,194,532,50,50
587,15250,2,672,565,50,50
587,15251,2,666,714,50,50
588,15161,1,931,426,50,50
588,15176,1,816,494,50,50
588,15191,2,869,537,50,50
588,15197,0,1043,407,50,50
588,15204,2,484,692,50,50
588,15213,1,853,537,50,50
588,15230,1,774,581,50,50
588,15232,2,790,554,50,50
588,15234,1,697,623,50,50
588,15239,1,130,885,50,50
588,15248,1,959,395,50,50
588,15249,1,193,531,50,50
588,15250,2,670,567,50,50
588,15251,2,666,714,50,50
589,15161,1,929,427,50,50
589,15176,2,813,495,50,50
589,15191,2,871,536,50,50
589,15197,0,1045,406,50,50
589,15204,2,478,696,50,50
589,15213,1,854,535,50,50
589,15230,1,776,578,50,50
589,15232,2,795,552,50,50
589,15234,1,700,620,50,50
589,15239,1,121,890,50,50
589,15248,1,958,395,50,50
589,15249,1,193,531,50,50
589,15250,2,667,569,50,50
589,15251,2,666,713,50,50
590,15161,1,926,429,50,50
590,15176,2,810,497,50,50
590,15191,2,873,535,50,50
590,15197,0,1046,406,50,50
590,15204,2,472,699,50,50
590,15213,1,856,534,50,50
590,15230,1,779,576,50,50
590,15232,2,799,550,50,50
590,15234,1,704,618,50,50
590,15239,1,112,895,50,50
590,15248,1,956,396,50,50
590,15249,1,193,531,50,50
590,15250,2,664,570,50,50
590,15251,2,666,713,50,50
591,15161,1,924,430,50,50
591,15176,2,807,499,50,50
591,15191,2,875,533,50,50
591,15197,0,1047,405,50,50
591,15204,2,467,702,50,50
591,15213,1,858,533,50,50
591,15230,1,782,574,50,50
591,15232,2,802,548,50,50
591,15234,2,708,616,50,50
591,15239,1,102,901,50,50
591,15248,1,955,397,50,50
591,15249,1,193,532,50,50
591,15250,2,662,571,50,50
591,15251,2,666,713,50,50
592,15161,1,922,431,50,50
592,15176,2,804,501,50,50
592,15191,2,877,532,50,50
592,15197,0,1048,404,50,50
592,15204,2,462,705,50,50
592,15213,1,860,532,50,50
592,15230,1,785,573,50,50
592,15232,2,804,545,50,50
592,15234,2,711,613,50,50
592,15239,1,93,906,50,50
592,15248,1,953,400,50,50
592,15249,1,193,532,50,50
592,15250,2,658,574,50,50
592,15251,2,666,713,50,50
592,15259,2,68,1046,50,50
593,15161,1,920,433,50,50
593,15176,2,801,503,50,50
593,15191,2,879,531,50,50
593,15197,0,1049,403,50,50
593,15204,2,457,708,50,50
593,15213,1,861,530,50,50
593,15230,1,788,571,50,50
593,15232,2,807,543,50,50
593,15234,1,715,611,50,50
593,15239,1,82,911,50,50
593,15248,1,951,401,50,50
593,15249,1,193,532,50,50
593,15250,2,655,576,50,50
593,15251,0,665,715,50,50
593,15259,2,80,1039,50,50
594,15161,1,919,434,50,50
594,15176,2,798,505,50,50
594,15191,2,881,530,50,50
594,15197,0,1050,402,50,50
594,15204,2,452,711,50,50
594,15213,1,863,529,50,50
594,15230,1,792,569,50,50
594,15232,2,810,541,50,50
594,15234,2,718,609,50,50
594,15239,1,72,916,50,50
594,15248,1,950,402,50,50
594,15249,1,193,533,50,50
594,15250,2,653,578,50,50
594,15251,0,665,716,50,50
594,15259,2,89,1034,50,50
595,15161,1,916,435,50,50
595,15176,2,795,507,50,50
595,15191,2,883,528,50,50
595,15197,0,1052,400,50,50
595,15204,2,446,714,50,50
595,15213,1,866,527,50,50
595,15230,1,794,567,50,50
595,15232,2,813,538,50,50
595,15234,2,721,607,50,50
595,15239,1,62,921,50,50
595,15248,1,948,403,50,50
595,15249,1,193,533,50,50
595,15250,2,649,580,50,50
595,15251,0,665,716,50,50
595,15259,2,97,1029,50,50
596,15161,1,914,436,50,50
596,15176,1,792,509,50,50
596,15191,2,885,527,50,50
596,15197,2,1053,399,50,50
596,15204,2,441,717,50,50
596,15213,1,869,526,50,50
596,15230,1,796,566,50,50
596,15232,2,816,536,50,50
596,15234,2,724,604,50,50
596,15239,1,52,926,50,50
596,15248,1,947,403,50,50
596,15249,1,193,533,50,50
596,15250,2,646,581,50,50
596,15251,0,665,716,50,50
596,15259,2,106,1022,50,50
597,15161,1,911,438,50,50
597,15176,1,790,510,50,50
597,15191,1,875,453,50,50
597,15197,0,1054,398,50,50
597,15204,2,435,721,50,50
597,15213,1,873,525,50,50
597,15230,1,799,564,50,50
597,15232,2,819,534,50,50
597,15234,2,728,602,50,50
597,15239,1,42,931,50,50
597,15248,1,946,404,50,50
597,15249,1,193,533,50,50
597,15250,2,643,582,50,50
597,15251,0,665,716,50,50
597,15259,2,116,1017,50,50
598,15161,1,909,440,50,50
598,15176,1,787,512,50,50
598,15191,1,876,448,50,50
598,15197,0,1055,397,50,50
598,15204,2,429,724,50,50
598,15213,1,875,524,50,50
598,15230,1,802,562,50,50
598,15232,2,822,532,50,50
598,15234,2,732,600,50,50
598,15239,1,33,937,50,50
598,15248,1,944,405,50,50
598,15249,1,193,533,50,50
598,15250,2,640,584,50,50
598,15251,0,665,716,50,50
598,15259,2,124,1011,50,50
599,15161,1,906,441,50,50
599,15176,1,784,513,50,50
599,15191,1,877,443,50,50
599,15197,0,1057,396,50,50
599,15204,2,424,727,50,50
599,15213,1,877,523,50,50
599,15230,1,805,560,50,50
599,15232,2,825,531,50,50
599,15234,2,735,597,50,50
599,15239,1,26,942,50,50
599,15248,1,943,406,50,50
599,15249,1,192,533,50,50
599,15250,2,637,586,50,50
599,15251,0,665,716,50,50
599,15259,2,137,1006,50,50
600,15161,1,904,442,50,50
600,15176,2,781,515,50,50
600,15191,1,879,438,50,50
600,15197,0,1058,395,50,50
600,15204,2,418,731,50,50
600,15213,1,880,521,50,50
600,15230,1,807,558,50,50
600,15232,2,828,529,50,50
600,15234,2,739,595,50,50
600,15239,1,19,947,49,50
600,15248,1,941,407,50,50
600,15249,1,195,533,50,50
600,15250,2,633,587,50,50
600,15251,0,665,716,50,50
600,15259,2,145,1000,50,50
601,15161,1,902,444,50,50
601,15176,1,778,517,50,50
601,15191,1,880,433,50,50
601,15197,0,1060,394,50,50
601,15204,2,413,734,50,50
601,15213,1,881,519,50,50
601,15230,1,810,557,50,50
601,15232,2,831,527,50,50
601,15234,2,742,593,50,50
601,15239,1,14,952,49,50
601,15248,1,939,408,50,50
601,15249,1,195,533,50,50
601,15250,2,630,589,50,50
601,15251,0,665,716,50,50
601,15259,2,154,994,50,50
602,15161,1,900,445,50,50
602,15176,1,775,519,50,50
602,15191,1,882,428,50,50
602,15197,0,1062,394,50,50
602,15204,2,408,737,50,50
602,15213,1,883,518,50,50
602,15230,1,812,555,50,50
602,15232,2,834,525,50,50
602,15234,1,745,591,50,50
602,15239,1,9,956,49,50
602,15248,1,937,409,50,50
602,15249,1,195,533,50,50
602,15250,2,627,591,50,50
602,15251,0,665,716,50,50
602,15259,2,161,989,50,50
603,15161,1,897,447,50,50
603,15176,1,772,521,50,50
603,15191,1,883,423,50,50
603,15197,0,1063,393,50,50
603,15204,2,402,740,50,50
603,15213,1,886,517,50,50
603,15230,1,815,552,50,50
603,15232,2,837,522,50,50
603,15234,1,748,589,50,50
603,15239,1,1,961,49,50
603,15248,1,935,410,50,50
603,15249,1,195,533,50,50
603,15250,2,624,593,50,50
603,15251,0,665,716,50,50
603,15259,1,170,984,50,50
604,15161,1,895,448,50,50
604,15176,2,769,523,50,50
604,15191,1,884,419,50,50
604,15197,0,1064,392,50,50
604,15204,2,397,743,50,50
604,15213,1,888,516,50,50
604,15230,1,818,550,50,50
604,15232,2,840,520,50,50
604,15234,1,750,587,50,50
604,15239,1,-7,966,49,50
604,15248,1,933,411,50,50
604,15249,1,195,533,50,50
604,15250,2,621,596,50,50
604,15251,0,665,716,50,50
604,15259,2,179,978,50,50
605,15161,1,893,449,50,50
605,15176,2,766,525,50,50
605,15191,1,886,414,50,50
605,15197,0,1065,391,50,50
605,15204,2,387,746,50,50
605,15213,1,890,515,50,50
605,15230,1,820,548,50,50
605,15232,2,844,518,50,50
605,15234,1,753,585,50,50
605,15239,1,-15,970,49,50
605,15248,1,931,412,50,50
605,15249,1,195,533,50,50
605,15250,2,618,598,50,50
605,15251,0,665,716,50,50
605,15259,2,188,974,50,50
606,15161,1,891,451,50,50
606,15176,2,763,527,50,50
606,15191,1,887,409,50,50
606,15197,0,1067,390,50,50
606,15204,2,381,750,50,50
606,15213,1,890,514,50,50
606,15230,1,823,546,50,50
606,15232,2,846,516,50,50
606,15234,1,756,583,50,50
606,15239,1,-23,975,49,50
606,15248,1,929,413,50,50
606,15249,1,195,533,50,50
606,15250,2,616,599,50,50
606,15251,0,665,716,50,50
606,15259,2,195,969,50,50
607,15161,1,890,453,50,50
607,15176,1,760,529,50,50
607,15191,1,889,404,50,50
607,15197,0,1068,389,50,50
607,15204,2,375,753,50,50
607,15213,0,892,512,50,50
607,15230,1,825,545,50,50
607,15232,2,849,514,50,50
607,15234,1,760,580,50,50
607,15239,1,-30,980,50,50
607,15248,1,928,413,50,50
607,15249,1,195,533,50,50
607,15250,2,613,601,50,50
607,15251,0,665,716,50,50
607,15259,2,204,963,50,50
607,15267,1,854,466,50,50
608,15161,1,888,455,50,50
608,15176,1,757,531,50,50
608,15191,1,890,399,50,50
608,15197,2,1074,368,50,50
608,15204,2,370,756,50,50
608,15213,0,895,511,50,50
608,15230,2,827,543,50,50
608,15232,2,851,512,50,50
608,15234,1,763,578,50,50
608,15239,1,-38,985,50,50
608,15248,1,926,414,50,50
608,15249,1,195,533,50,50
608,15250,2,610,603,50,50
608,15251,0,665,716,50,50
608,15259,2,213,958,50,50
608,15267,1,852,468,50,50
609,15161,1,886,456,50,50
609,15176,1,753,533,50,50
609,15191,1,892,394,50,50
609,15197,2,1076,366,50,50
609,15204,1,361,762,50,50
609,15213,0,897,510,50,50
609,15230,1,830,542,50,50
609,15232,2,854,510,50,50
609,15234,2,766,576,50,50
609,15239,1,-46,990,50,50
609,15248,1,924,415,50,50
609,15249,1,195,533,50,50
609,15250,2,607,605,50,50
609,15251,0,665,716,50,50
609,15259,2,221,953,50,50
609,15267,1,849,470,50,50
610,15161,1,883,457,50,50
610,15176,1,750,535,50,50
610,15191,1,893,389,50,50
610,15197,2,1076,364,50,50
610,15204,1,354,766,50,50
610,15213,2,899,510,50,50
610,15230,1,833,540,50,50
610,15232,2,855,508,50,50
610,15234,2,768,574,50,50
610,15239,1,-54,995,50,50
610,15248,1,922,416,50,50
610,15249,1,195,533,50,50
610,15250,2,604,607,50,50
610,15251,0,665,716,50,50
610,15259,2,230,949,50,50
610,15267,1,847,471,50,50
611,15161,1,881,459,50,50
611,15176,1,747,537,50,50
611,15191,1,894,384,50,50
611,15197,2,1077,363,50,50
611,15204,1,347,769,50,50
611,15213,1,901,509,50,50
611,15230,1,836,538,50,50
611,15232,2,858,505,50,50
611,15234,2,771,572,50,50
611,15239,1,-63,1000,50,50
611,15248,1,921,417,50,50
611,15249,1,195,533,50,50
611,15250,2,601,609,50,50
611,15251,0,665,716,50,50
611,15259,2,239,945,50,50
611,15267,1,845,473,50,50
612,15161,1,879,461,50,50
612,15176,2,743,539,50,50
612,15191,1,896,379,50,50
612,15197,2,1075,376,50,50
612,15204,1,340,773,50,50
612,15213,1,901,507,50,50
612,15230,1,838,536,50,50
612,15232,2,861,504,50,50
612,15234,2,774,570,50,50
612,15239,1,-71,1005,50,50
612,15248,1,919,418,50,50
612,15249,1,195,533,50,50
612,15250,2,598,610,50,50
612,15251,0,665,716,50,50
612,15259,2,248,940,50,50
612,15267,1,841,474,50,50
613,15161,1,876,462,50,50
613,15176,2,740,542,50,50
613,15191,1,897,374,50,50
613,15197,2,1076,375,50,50
613,15204,1,334,777,50,50
613,15213,1,901,506,50,50
613,15230,1,840,535,50,50
613,15232,2,864,502,50,50
613,15234,2,777,568,50,50
613,15239,1,-79,1009,50,50
613,15248,1,917,419,50,50
613,15249,1,195,533,50,50
613,15250,2,595,612,50,50
613,15251,0,665,716,50,50
613,15259,2,256,935,50,50
613,15267,1,839,475,50,50
614,15161,1,874,464,50,50
614,15176,2,736,544,50,50
614,15191,1,899,369,50,50
614,15197,2,1077,374,50,50
614,15204,1,327,780,50,50
614,15213,1,904,505,50,50
614,15230,1,842,533,50,50
614,15232,2,867,500,50,50
614,15234,2,780,566,50,50
614,15239,1,-87,1014,50,50
614,15248,1,915,420,50,50
614,15249,1,195,533,50,50
614,15250,2,592,614,50,50
614,15251,0,665,716,50,50
614,15259,1,263,930,50,50
614,15267,1,836,477,50,50
615,15161,1,872,465,50,50
615,15176,2,733,547,50,50
615,15191,1,900,364,50,50
615,15197,2,1078,373,50,50
615,15204,1,319,784,50,50
615,15213,1,905,504,50,50
615,15230,1,845,532,50,50
615,15232,2,869,499,50,50
615,15234,2,784,564,50,50
615,15239,1,-95,1019,50,50
615,15248,1,914,421,50,50
615,15249,1,195,533,50,50
615,15250,2,589,616,50,50
615,15251,0,665,716,50,50
615,15259,1,270,925,50,50
615,15267,1,834,478,50,50
616,15161,1,870,466,50,50
616,15176,2,729,549,50,50
616,15191,1,901,359,50,50
616,15197,2,1079,373,50,50
616,15204,1,313,787,50,50
616,15213,1,906,504,50,50
616,15230,1,847,530,50,50
616,15232,2,872,498,50,50
616,15234,2,787,561,50,50
616,15239,1,-103,1024,50,50
616,15248,1,912,421,50,50
616,15249,1,195,533,50,50
616,15250,2,586,618,50,50
616,15251,0,665,716,50,50
616,15259,1,278,920,50,50
616,15267,1,832,479,50,50
616,15271,2,1188,216,50,50
617,15161,1,868,468,50,50
617,15176,2,725,552,50,50
617,15191,1,903,354,50,50
617,15197,2,1080,372,50,50
617,15204,1,306,791,50,50
617,15213,1,906,503,50,50
617,15230,1,850,528,50,50
617,15232,2,875,496,50,50
617,15234,2,790,559,50,50
617,15239,1,-111,1029,50,50
617,15248,1,910,422,50,50
617,15249,1,195,533,50,50
617,15250,2,583,620,50,50
617,15251,0,665,716,50,50
617,15259,2,287,916,50,50
617,15267,2,830,480,50,50
617,15271,2,1188,216,50,50
618,15161,1,866,470,50,50
618,15176,2,721,554,50,50
618,15191,1,904,349,50,50
618,15197,2,1081,371,50,50
618,15204,1,300,794,50,50
618,15213,1,908,502,50,50
618,15230,1,852,526,50,50
618,15232,2,878,494,50,50
618,15234,2,793,557,50,50
618,15239,1,-119,1034,50,50
618,15248,1,909,423,50,50
618,15249,1,195,533,50,50
618,15250,2,580,621,50,50
618,15251,0,665,716,50,50
618,15259,2,295,911,50,50
618,15267,2,828,482,50,50
618,15271,2,1188,216,50,50
619,15161,1,863,471,50,50
619,15176,2,718,556,50,50
619,15191,1,906,344,50,50
619,15197,2,1082,370,50,50
619,15204,1,293,798,50,50
619,15213,1,909,501,50,50
619,15230,1,855,524,50,50
619,15232,2,881,492,50,50
619,15234,2,796,555,50,50
619,15239,1,-127,1039,50,50
619,15248,1,907,424,50,50
619,15249,1,195,533,50,50
619,15250,2,577,623,50,50
619,15251,0,665,716,50,50
619,15259,2,300,907,50,50
619,15267,1,826,484,50,50
619,15271,2,1188,216,50,50
620,15161,1,861,473,50,50
620,15176,2,715,558,50,50
620,15191,1,907,339,50,50
620,15197,2,1083,370,50,50
620,15204,1,287,801,50,50
620,15213,1,911,500,50,50
620,15230,1,857,522,50,50
620,15232,2,884,490,50,50
620,15234,2,799,553,50,50
620,15239,1,-135,1044,50,50
620,15248,1,905,425,50,50
620,15249,1,195,533,50,50
620,15250,2,574,625,50,50
620,15251,0,665,716,50,50
620,15259,2,308,902,50,50
620,15267,1,824,486,50,50
620,15271,2,1188,216,50,50
621,15161,1,858,475,50,50
621,15176,2,712,560,50,50
621,15191,1,908,334,50,50
621,15197,2,1084,369,50,50
621,15204,1,280,805,50,50
621,15213,1,912,499,50,50
621,15230,1,860,520,50,50
621,15232,2,887,488,50,50
621,15234,2,802,550,50,50
621,15239,1,-143,1048,50,50
621,15248,1,903,426,50,50
621,15249,1,195,533,50,50
621,15250,2,571,627,50,50
621,15251,0,665,716,50,50
621,15259,2,316,898,50,50
621,15267,1,822,488,50,50
621,15271,2,1187,216,50,50
622,15161,1,856,477,50,50
622,15176,2,708,562,50,50
622,15191,1,910,329,50,50
622,15197,2,1085,368,50,50
622,15204,1,274,808,50,50
622,15213,1,914,498,50,50
622,15230,1,862,519,50,50
622,15232,2,890,486,50,50
622,15234,2,805,548,50,50
622,15239,1,-151,1053,50,50
622,15248,1,902,427,50,50
622,15249,1,195,533,50,50
622,15250,2,568,629,50,50
622,15251,0,665,716,50,50
622,15259,2,324,893,50,50
622,15267,1,820,490,50,50
622,15271,2,1187,216,50,50
623,15161,1,853,478,50,50
623,15176,2,704,564,50,50
623,15191,1,911,324,50,50
623,15197,2,1086,367,50,50
623,15204,1,267,812,50,50
623,15213,1,915,497,50,50
623,15230,1,865,517,50,50
623,15232,2,893,484,50,50
623,15234,2,809,546,50,50
623,15239,1,-159,1058,50,50
623,15248,1,900,428,50,50
623,15249,1,195,533,50,50
623,15250,2,565,630,50,50
623,15251,0,665,716,50,50
623,15259,2,332,888,50,50
623,15267,1,817,491,50,50
623,15271,2,1187,216,50,50
624,15161,1,851,479,50,50
624,15176,1,700,566,50,50
624,15191,1,913,320,50,50
624,15197,2,1087,367,50,50
624,15204,1,261,815,50,50
624,15213,1,917,496,50,50
624,15230,1,867,516,50,50
624,15232,2,895,482,50,50
624,15234,2,812,544,50,50
624,15239,1,-167,1063,50,50
624,15248,1,898,428,50,50
624,15249,1,195,533,50,50
624,15250,2,555,633,50,50
624,15251,0,665,716,50,50
624,15259,2,337,885,50,50
624,15267,1,815,492,50,50
624,15271,2,1187,216,50,50
625,15161,1,849,481,50,50
625,15176,2,696,569,50,50
625,15191,1,914,315,50,50
625,15197,2,1089,366,50,50
625,15204,1,254,819,50,50
625,15213,1,918,495,50,50
625,15230,1,869,514,50,50
625,15232,2,898,481,50,50
625,15234,2,815,542,50,50
625,15239,1,-175,1068,50,50
625,15248,1,897,429,50,50
625,15249,1,195,533,50,50
625,15250,2,551,636,50,50
625,15251,0,665,716,50,50
625,15259,2,344,881,50,50
625,15267,1,813,493,50,50
625,15271,2,1187,216,50,50
626,15161,1,847,483,50,50
626,15176,2,693,571,50,50
626,15191,1,916,310,50,50
626,15197,2,1090,365,50,50
626,15204,1,248,822,50,50
626,15213,1,920,494,50,50
626,15230,1,872,512,50,50
626,15232,2,901,479,50,50
626,15234,2,818,540,50,50
626,15239,1,-183,1073,50,50
626,15248,1,895,430,50,50
626,15249,1,195,533,50,50
626,15250,2,547,638,50,50
626,15251,0,665,716,50,50
626,15259,2,350,877,50,50
626,15267,1,810,494,50,50
626,15271,2,1186,216,50,50
627,15161,1,844,484,50,50
627,15176,1,689,573,50,50
627,15191,1,917,305,50,50
627,15197,2,1091,365,50,50
627,15204,1,241,826,50,50
627,15213,1,921,493,50,50
627,15230,1,874,510,50,50
627,15232,2,901,477,50,50
627,15234,2,821,537,50,50
627,15239,1,-191,1078,50,50
627,15248,1,893,431,50,50
627,15249,1,195,533,50,50
627,15250,2,543,640,50,50
627,15251,0,665,716,50,50
627,15259,2,357,873,50,50
627,15267,1,807,496,50,50
627,15271,2,1186,216,50,50
628,15161,1,841,486,50,50
628,15176,1,684,576,50,50
628,15197,2,1092,364,50,50
628,15204,1,235,829,50,50
628,15213,1,923,492,50,50
628,15230,1,877,509,50,50
628,15232,2,903,476,50,50
628,15234,2,824,535,50,50
628,15239,1,-199,1083,50,50
628,15248,1,894,438,50,50
628,15249,1,195,533,50,50
628,15250,2,539,642,50,50
628,15251,0,665,716,50,50
628,15259,1,364,869,50,50
628,15267,1,804,497,50,50
628,15271,2,1186,216,50,50
629,15161,1,839,488,50,50
629,15176,1,680,578,50,50
629,15197,2,1093,363,50,50
629,15204,1,228,833,50,50
629,15213,1,924,491,50,50
629,15230,1,877,508,50,50
629,15232,2,906,474,50,50
629,15234,2,827,533,50,50
629,15239,1,-207,1087,50,50
629,15248,1,893,440,50,50
629,15249,1,195,533,50,50
629,15250,2,535,645,50,50
629,15259,1,370,865,50,50
629,15267,1,802,498,50,50
629,15271,2,1186,216,50,50
630,15161,1,836,490,50,50
630,15176,1,677,581,50,50
630,15197,2,1094,362,50,50
630,15204,1,222,836,50,50
630,15213,1,926,490,50,50
630,15230,1,879,507,50,50
630,15232,2,908,473,50,50
630,15234,2,830,531,50,50
630,15239,1,-215,1092,50,50
630,15248,1,891,441,50,50
630,15249,1,195,533,50,50
630,15250,2,532,647,50,50
630,15259,1,378,861,50,50
630,15267,1,800,500,50,50
630,15271,2,1186,216,50,50
631,15161,1,833,492,50,50
631,15176,1,674,583,50,50
631,15197,2,1095,362,50,50
631,15204,1,215,839,50,50
631,15213,0,927,488,50,50
631,15230,1,881,506,50,50
631,15232,2,911,471,50,50
631,15234,2,834,529,50,50
631,15239,1,-223,1097,50,50
631,15248,1,889,442,50,50
631,15249,1,195,533,50,50
631,15250,2,529,649,50,50
631,15259,2,384,857,50,50
631,15267,2,797,503,50,50
631,15271,2,1186,216,50,50
632,15161,1,831,493,50,50
632,15176,1,669,585,50,50
632,15197,2,1096,361,50,50
632,15204,1,209,843,50,50
632,15213,0,928,486,50,50
632,15230,1,883,504,50,50
632,15232,2,914,469,50,50
632,15234,2,837,526,50,50
632,15239,1,-231,1102,50,50
632,15248,1,888,443,50,50
632,15249,1,195,533,50,50
632,15250,2,525,651,50,50
632,15259,2,390,853,50,50
632,15267,2,794,505,50,50
632,15271,2,1186,216,50,50
633,15161,1,828,495,50,50
633,15176,2,665,587,50,50
633,15197,2,1097,360,50,50
633,15204,1,202,846,50,50
633,15213,0,929,485,50,50
633,15230,1,885,503,50,50
633,15232,2,917,467,50,50
633,15234,2,840,524,50,50
633,15248,1,886,444,50,50
633,15250,2,521,653,50,50
633,15259,2,395,849,50,50
633,15267,1,792,507,50,50
633,15271,2,1186,216,50,50
634,15161,1,826,497,50,50
634,15176,2,661,589,50,50
634,15197,2,1098,359,50,50
634,15204,1,196,850,50,50
634,15213,0,931,484,50,50
634,15230,1,888,501,50,50
634,15232,2,920,465,50,50
634,15234,2,843,522,50,50
634,15248,1,885,445,50,50
634,15250,2,516,655,50,50
634,15259,2,403,845,50,50
634,15267,1,790,508,50,50
634,15271,2,1186,216,50,50
635,15161,1,824,498,50,50
635,15176,2,657,592,50,50
635,15197,2,1099,359,50,50
635,15204,1,189,853,50,50
635,15213,0,932,483,50,50
635,15230,1,890,499,50,50
635,15232,2,922,463,50,50
635,15234,2,846,520,50,50
635,15248,1,883,446,50,50
635,15250,2,512,658,50,50
635,15259,2,408,841,50,50
635,15267,1,788,509,50,50
635,15271,2,1186,216,50,50
636,15161,1,821,500,50,50
636,15176,2,653,595,50,50
636,15197,2,1100,358,50,50
636,15204,1,183,857,50,50
636,15213,0,934,482,50,50
636,15230,1,892,498,50,50
636,15232,2,925,462,50,50
636,15234,2,849,518,50,50
636,15248,1,881,448,50,50
636,15250,2,508,660,50,50
636,15259,2,415,837,50,50
636,15267,1,784,510,50,50
636,15271,2,1187,216,50,50
637,15161,1,819,502,50,50
637,15176,2,649,598,50,50
637,15197,2,1101,357,50,50
637,15204,1,176,860,50,50
637,15213,0,935,481,50,50
637,15230,1,894,496,50,50
637,15232,2,928,460,50,50
637,15234,2,852,516,50,50
637,15248,1,880,449,50,50
637,15250,2,504,662,50,50
637,15259,2,422,833,50,50
637,15267,1,781,512,50,50
637,15271,2,1187,216,50,50
637,15273,0,664,716,50,50
638,15161,1,816,504,50,50
638,15176,2,644,600,50,50
638,15197,2,1103,356,50,50
638,15204,1,170,864,50,50
638,15213,0,937,480,50,50
638,15230,1,896,495,50,50
638,15232,2,930,458,50,50
638,15234,2,855,513,50,50
638,15248,1,875,450,50,50
638,15250,2,500,664,50,50
638,15259,2,426,830,50,50
638,15267,1,778,513,50,50
638,15271,2,1187,216,50,50
638,15273,0,664,716,50,50
639,15161,1,813,506,50,50
639,15176,2,639,603,50,50
639,15197,2,1104,356,50,50
639,15204,1,131,887,50,50
639,15213,0,938,479,50,50
639,15230,1,899,493,50,50
639,15232,2,933,456,50,50
639,15234,2,859,511,50,50
639,15248,1,873,451,50,50
639,15250,2,497,666,50,50
639,15259,2,432,826,50,50
639,15267,1,776,515,50,50
639,15271,2,1188,216,50,50
639,15273,0,664,716,50,50
640,15161,1,810,508,50,50
640,15176,1,635,606,50,50
640,15197,2,1105,355,50,50
640,15204,1,121,892,50,50
640,15213,0,940,478,50,50
640,15230,1,901,492,50,50
640,15232,1,940,478,50,50
640,15234,2,862,509,50,50
640,15248,1,871,452,50,50
640,15250,2,493,668,50,50
640,15259,2,439,822,50,50
640,15267,1,773,516,50,50
640,15271,2,1188,216,50,50
640,15273,0,664,716,50,50
641,15161,1,807,510,50,50
641,15176,1,630,609,50,50
641,15197,2,1106,354,50,50
641,15204,1,112,897,50,50
641,15213,0,941,476,50,50
641,15230,1,903,490,50,50
641,15232,1,942,478,50,50
641,15248,1,869,454,50,50
641,15250,2,488,671,50,50
641,15259,2,443,819,50,50
641,15267,1,771,518,50,50
641,15271,2,1188,216,50,50
641,15273,0,664,716,50,50
642,15161,1,804,512,50,50
642,15176,1,626,612,50,50
642,15197,2,1107,353,50,50
642,15204,1,102,902,50,50
642,15213,0,943,475,50,50
642,15230,1,905,488,50,50
642,15232,1,944,477,50,50
642,15248,1,867,455,50,50
642,15250,2,484,673,50,50
642,15259,2,449,815,50,50
642,15267,2,767,522,50,50
642,15271,2,1188,216,50,50
642,15273,0,664,716,50,50
643,15161,1,801,514,50,50
643,15176,1,621,614,50,50
643,15204,1,93,907,50,50
643,15213,0,944,474,50,50
643,15230,1,908,487,50,50
643,15232,1,947,477,50,50
643,15248,1,865,456,50,50
643,15250,2,480,675,50,50
643,15259,2,455,811,50,50
643,15267,2,764,524,50,50
643,15271,2,1188,216,50,50
643,15273,0,664,716,50,50
643,15274,2,855,514,50,50
644,15161,1,798,516,50,50
644,15176,2,617,616,50,50
644,15204,1,82,912,50,50
644,15213,0,945,473,50,50
644,15230,1,910,485,50,50
644,15232,1,946,475,50,50
644,15248,1,863,457,50,50
644,15250,2,475,677,50,50
644,15259,2,461,807,50,50
644,15267,2,761,526,50,50
644,15271,2,1188,216,50,50
644,15273,0,664,716,50,50
644,15274,2,857,512,50,50
645,15161,1,795,518,50,50
645,15176,2,612,618,50,50
645,15204,1,72,917,50,50
645,15213,0,947,472,50,50
645,15230,1,912,484,50,50
645,15232,1,949,475,50,50
645,15248,1,861,458,50,50
645,15250,2,471,679,50,50
645,15259,2,468,803,50,50
645,15267,2,759,528,50,50
645,15271,2,1188,216,50,50
645,15273,0,664,716,50,50
645,15274,2,858,511,50,50
646,15161,1,792,519,50,50
646,15176,1,607,621,50,50
646,15204,1,62,923,50,50
646,15213,0,948,471,50,50
646,15230,1,914,482,50,50
646,15232,1,951,474,50,50
646,15248,1,859,459,50,50
646,15250,2,467,682,50,50
646,15259,2,473,801,50,50
646,15267,2,756,530,50,50
646,15271,2,1188,216,50,50
646,15273,0,664,716,50,50
646,15274,2,862,508,50,50
647,15161,1,789,521,50,50
647,15176,2,602,624,50,50
647,15204,1,53,928,50,50
647,15213,0,950,470,50,50
647,15230,1,917,480,50,50
647,15232,1,954,474,50,50
647,15248,2,857,461,50,50
647,15250,2,463,684,50,50
647,15259,2,477,798,50,50
647,15267,2,753,532,50,50
647,15271,2,1188,216,50,50
647,15273,0,664,716,50,50
647,15274,2,864,506,50,50
648,15161,1,786,523,50,50
648,15176,1,597,627,50,50
648,15204,1,43,934,50,50
648,15213,0,951,469,50,50
648,15230,1,919,479,50,50
648,15232,1,953,471,50,50
648,15248,2,855,462,50,50
648,15250,2,459,686,50,50
648,15259,2,483,795,50,50
648,15267,2,748,534,50,50
648,15271,2,1188,216,50,50
648,15273,0,664,716,50,50
648,15274,2,865,504,50,50
649,15161,1,783,525,50,50
649,15176,2,593,630,50,50
649,15204,1,33,939,50,50
649,15213,0,953,468,50,50
649,15230,1,921,477,50,50
649,15232,1,954,470,50,50
649,15248,2,853,463,50,50
649,15250,2,455,688,50,50
649,15259,2,488,791,50,50
649,15267,2,745,535,50,50
649,15271,2,1188,216,50,50
649,15273,0,664,716,50,50
649,15274,2,867,503,50,50
650,15161,1,780,527,50,50
650,15176,2,588,632,50,50
650,15204,1,25,944,50,50
650,15213,0,954,466,50,50
650,15230,1,923,476,50,50
650,15232,1,956,469,50,50
650,15248,2,852,465,50,50
650,15250,2,449,691,50,50
650,15259,2,494,788,50,50
650,15267,2,741,537,50,50
650,15271,2,1189,216,50,50
650,15273,0,664,716,50,50
650,15274,2,869,501,50,50
651,15161,1,777,529,50,50
651,15176,2,583,636,50,50
651,15204,1,16,949,49,50
651,15213,0,956,465,50,50
651,15230,1,925,474,50,50
651,15232,1,958,468,50,50
651,15248,2,850,466,50,50
651,15250,2,445,693,50,50
651,15259,2,499,784,50,50
651,15267,2,738,539,50,50
651,15271,2,1189,217,50,50
651,15273,0,664,716,50,50
651,15274,2,871,499,50,50
652,15161,1,774,531,50,50
652,15176,1,578,639,50,50
652,15204,1,7,954,49,50
652,15213,0,957,464,50,50
652,15230,1,928,473,50,50
652,15232,1,960,468,50,50
652,15248,1,849,468,50,50
652,15250,2,440,696,50,50
652,15259,2,505,781,50,50
652,15267,2,735,541,50,50
652,15271,2,1190,217,50,50
652,15273,0,664,716,50,50
652,15274,2,874,498,50,50
653,15161,1,770,533,50,50
653,15176,1,573,642,50,50
653,15204,1,-3,959,49,50
653,15213,0,959,463,50,50
653,15230,1,930,471,50,50
653,15232,1,962,467,50,50
653,15248,1,847,469,50,50
653,15250,2,436,699,50,50
653,15259,2,511,777,50,50
653,15267,2,731,543,50,50
653,15271,2,1190,217,50,50
653,15273,0,664,716,50,50
653,15274,2,876,497,50,50
654,15161,1,767,535,50,50
654,15176,1,568,645,50,50
654,15204,2,4,963,49,50
654,15213,0,960,462,50,50
654,15230,1,932,469,50,50
654,15232,1,964,467,50,50
654,15248,1,844,471,50,50
654,15250,2,431,701,50,50
654,15259,2,517,773,50,50
654,15267,2,729,545,50,50
654,15271,2,1190,217,50,50
654,15273,0,664,716,50,50
654,15274,2,878,495,50,50
655,15161,1,764,537,50,50
655,15176,2,563,648,50,50
655,15204,2,-3,968,49,50
655,15213,0,962,461,50,50
655,15230,1,934,468,50,50
655,15232,1,966,466,50,50
655,15248,1,841,472,50,50
655,15250,2,427,704,50,50
655,15259,2,523,770,50,50
655,15267,2,726,547,50,50
655,15271,2,1191,217,50,50
655,15273,0,664,716,50,50
655,15274,2,880,494,50,50
656,15161,1,760,539,50,50
656,15176,1,558,651,50,50
656,15204,2,-11,972,49,50
656,15213,0,963,460,50,50
656,15230,1,937,466,50,50
656,15232,1,968,465,50,50
656,15248,1,839,473,50,50
656,15250,2,423,707,50,50
656,15259,2,527,767,50,50
656,15267,2,723,549,50,50
656,15271,2,1192,217,50,50
656,15273,0,664,716,50,50
656,15274,2,882,492,50,50
657,15161,1,757,541,50,50
657,15176,1,554,653,50,50
657,15204,2,-18,977,49,50
657,15213,0,964,459,50,50
657,15230,1,939,465,50,50
657,15232,1,970,465,50,50
657,15248,1,837,474,50,50
657,15250,2,418,709,50,50
657,15259,2,531,764,50,50
657,15267,2,720,551,50,50
657,15271,2,1192,217,50,50
657,15273,0,664,716,50,50
657,15274,2,884,491,50,50
657,15276,1,49,1030,50,50
658,15161,1,754,543,50,50
658,15176,1,548,656,50,50
658,15204,2,-25,982,50,50
658,15213,0,966,457,50,50
658,15230,1,941,463,50,50
658,15232,2,963,463,50,50
658,15248,1,834,475,50,50
658,15250,2,414,711,50,50
658,15259,2,535,761,50,50
658,15267,2,717,553,50,50
658,15271,2,1192,217,50,50
658,15273,0,664,716,50,50
658,15274,2,886,489,50,50
658,15276,1,58,1023,50,50
659,15161,1,751,546,50,50
659,15176,2,543,659,50,50
659,15204,2,-33,987,50,50
659,15213,0,967,456,50,50
659,15230,1,943,462,50,50
659,15232,2,964,462,50,50
659,15248,2,832,477,50,50
659,15250,2,409,714,50,50
659,15259,2,542,758,50,50
659,15267,2,714,555,50,50
659,15271,2,1192,217,50,50
659,15273,0,664,716,50,50
659,15274,2,888,488,50,50
659,15276,1,71,1016,50,50
659,15279,2,719,533,50,50
660,15161,1,747,548,50,50
660,15176,2,538,662,50,50
660,15204,2,-40,992,50,50
660,15213,0,969,455,50,50
660,15230,1,945,460,50,50
660,15232,2,965,461,50,50
660,15248,1,830,478,50,50
660,15250,2,404,717,50,50
660,15259,2,546,754,50,50
660,15267,2,710,557,50,50
660,15271,2,1193,217,50,50
660,15273,0,664,716,50,50
660,15274,2,890,486,50,50
660,15276,1,82,1010,50,50
660,15279,2,716,534,50,50
661,15161,1,744,550,50,50
661,15176,1,533,665,50,50
661,15204,2,-48,997,50,50
661,15213,1,960,458,50,50
661,15232,2,962,459,50,50
661,15248,1,828,480,50,50
661,15250,2,400,719,50,50
661,15259,2,551,751,50,50
661,15267,2,707,558,50,50
661,15271,2,1193,217,50,50
661,15273,0,664,716,50,50
661,15274,2,892,485,50,50
661,15276,1,93,1004,50,50
661,15279,2,714,535,50,50
662,15161,1,740,553,50,50
662,15176,1,528,668,50,50
662,15204,2,-55,1002,50,50
662,15213,1,961,458,50,50
662,15232,2,966,458,50,50
662,15248,1,826,481,50,50
662,15250,2,395,722,50,50
662,15259,2,557,748,50,50
662,15267,2,703,560,50,50
662,15271,2,1193,217,50,50
662,15273,0,664,716,50,50
662,15274,2,894,483,50,50
662,15276,1,105,997,50,50
662,15279,2,712,536,50,50
663,15161,1,737,555,50,50
663,15176,1,521,672,50,50
663,15204,2,-63,1006,50,50
663,15213,1,962,457,50,50
663,15232,1,962,457,50,50
663,15248,1,824,482,50,50
663,15250,2,390,725,50,50
663,15259,2,558,745,50,50
663,15267,2,700,563,50,50
663,15271,2,1194,217,50,50
663,15273,0,664,716,50,50
663,15274,2,895,482,50,50
663,15276,1,115,990,50,50
663,15279,2,710,537,50,50
664,15161,2,733,557,50,50
664,15176,1,515,676,50,50
664,15204,2,-71,1011,50,50
664,15213,1,963,456,50,50
664,15232,1,961,456,50,50
664,15248,1,822,484,50,50
664,15250,2,385,727,50,50
664,15259,2,563,742,50,50
664,15267,2,696,565,50,50
664,15271,2,1194,217,50,50
664,15273,0,664,716,50,50
664,15274,2,897,480,50,50
664,15276,1,125,984,50,50
664,15279,2,708,538,50,50
665,15161,1,730,559,50,50
665,15176,2,510,679,50,50
665,15204,2,-78,1016,50,50
665,15213,1,964,455,50,50
665,15232,1,962,455,50,50
665,15248,1,820,485,50,50
665,15250,2,381,730,50,50
665,15259,2,568,739,50,50
665,15267,2,693,567,50,50
665,15271,2,1194,217,50,50
665,15273,0,664,716,50,50
665,15274,2,899,479,50,50
665,15276,1,136,978,50,50
665,15279,2,706,539,50,50
666,15161,1,726,561,50,50
666,15176,2,504,682,50,50
666,15204,2,-86,1021,50,50
666,15213,1,965,454,50,50
666,15232,1,962,454,50,50
666,15248,2,818,487,50,50
666,15250,2,376,733,50,50
666,15259,2,575,736,50,50
666,15267,2,689,569,50,50
666,15271,2,1195,217,50,50
666,15273,0,664,716,50,50
666,15274,2,901,477,50,50
666,15276,1,147,972,50,50
666,15279,2,704,540,50,50
667,15161,1,722,563,50,50
667,15176,1,498,686,50,50
667,15204,2,-93,1026,50,50
667,15213,1,966,453,50,50
667,15232,1,963,453,50,50
667,15248,2,816,488,50,50
667,15250,2,370,735,50,50
667,15259,2,579,732,50,50
667,15267,2,686,571,50,50
667,15271,2,1195,217,50,50
667,15273,0,664,716,50,50
667,15274,2,903,476,50,50
667,15276,1,157,966,50,50
667,15279,2,702,541,50,50
668,15161,1,718,565,50,50
668,15176,1,492,688,50,50
668,15204,2,-101,1031,50,50
668,15213,1,967,452,50,50
668,15232,1,965,452,50,50
668,15248,2,814,490,50,50
668,15250,2,365,738,50,50
668,15259,2,584,730,50,50
668,15267,2,683,574,50,50
668,15271,2,1195,217,50,50
668,15273,0,664,716,50,50
668,15274,2,905,474,50,50
668,15276,1,168,960,50,50
668,15279,2,700,542,50,50
669,15161,1,715,568,50,50
669,15176,2,487,691,50,50
669,15204,2,-109,1036,50,50
669,15213,1,968,451,50,50
669,15232,1,967,452,50,50
669,15248,2,811,491,50,50
669,15250,2,360,741,50,50
669,15259,2,589,727,50,50
669,15267,2,679,576,50,50
669,15271,2,1195,217,50,50
669,15273,0,664,716,50,50
669,15274,2,907,472,50,50
669,15276,1,178,954,50,50
669,15279,2,694,548,50,50
670,15161,1,711,570,50,50
670,15176,2,481,694,50,50
670,15204,2,-116,1040,50,50
670,15213,1,969,450,50,50
670,15232,1,970,450,50,50
670,15248,1,809,492,50,50
670,15250,2,355,743,50,50
670,15259,2,592,724,50,50
670,15267,2,675,578,50,50
670,15271,2,1196,217,50,50
670,15274,2,909,471,50,50
670,15276,1,187,949,50,50
670,15279,2,691,550,50,50
671,15161,1,708,573,50,50
671,15176,2,474,698,50,50
671,15204,2,-124,1045,50,50
671,15213,1,970,449,50,50
671,15232,1,972,449,50,50
671,15248,1,806,494,50,50
671,15250,2,350,746,50,50
671,15259,2,597,721,50,50
671,15267,2,672,580,50,50
671,15271,2,1196,217,50,50
671,15274,2,911,469,50,50
671,15276,1,198,943,50,50
671,15279,2,689,551,50,50
672,15161,1,704,575,50,50
672,15176,1,469,702,50,50
672,15204,2,-131,1050,50,50
672,15213,1,971,448,50,50
672,15232,1,976,448,50,50
672,15248,1,804,495,50,50
672,15250,2,345,748,50,50
672,15259,2,601,718,50,50
672,15267,2,668,583,50,50
672,15271,2,1196,217,50,50
672,15274,2,913,468,50,50
672,15276,1,208,937,50,50
672,15279,2,687,553,50,50
673,15161,1,700,577,50,50
673,15176,1,463,705,50,50
673,15204,2,-139,1055,50,50
673,15213,1,972,447,50,50
673,15232,1,977,447,50,50
673,15248,1,802,496,50,50
673,15250,2,339,751,50,50
673,15259,2,606,715,50,50
673,15267,2,665,585,50,50
673,15271,2,1197,217,50,50
673,15274,2,915,466,50,50
673,15276,1,218,932,50,50
673,15279,2,684,554,50,50
674,15161,1,696,579,50,50
674,15176,1,457,709,50,50
674,15204,2,-147,1060,50,50
674,15213,1,973,446,50,50
674,15232,1,980,446,50,50
674,15248,1,800,497,50,50
674,15250,2,334,754,50,50
674,15259,2,611,712,50,50
674,15267,2,660,587,50,50
674,15271,2,1197,217,50,50
674,15274,2,917,465,50,50
674,15276,1,228,926,50,50
674,15279,2,682,555,50,50
675,15161,1,692,582,50,50
675,15176,1,449,713,50,50
675,15204,2,-154,1065,50,50
675,15213,1,967,445,50,50
675,15232,1,982,445,50,50
675,15248,2,796,499,50,50
675,15250,2,328,757,50,50
675,15259,2,614,709,50,50
675,15267,2,657,589,50,50
675,15271,2,1197,217,50,50
675,15274,2,919,463,50,50
675,15276,1,236,920,50,50
675,15279,2,679,556,50,50
676,15161,1,689,585,50,50
676,15176,1,444,717,50,50
676,15204,2,-162,1070,50,50
676,15213,1,967,445,50,50
676,15232,1,984,444,50,50
676,15248,1,794,501,50,50
676,15250,2,323,760,50,50
676,15259,2,618,706,50,50
676,15267,2,653,591,50,50
676,15271,2,1198,217,50,50
676,15274,2,921,462,50,50
676,15276,1,245,915,50,50
676,15279,2,677,557,50,50
677,15161,1,684,587,50,50
677,15176,1,437,721,50,50
677,15204,2,-169,1075,50,50
677,15213,1,968,444,50,50
677,15232,1,985,443,50,50
677,15248,1,792,502,50,50
677,15250,2,318,763,50,50
677,15259,2,622,704,50,50
677,15267,2,649,594,50,50
677,15271,2,1198,217,50,50
677,15274,2,923,460,50,50
677,15276,1,254,909,50,50
677,15279,2,673,560,50,50
678,15161,1,680,590,50,50
678,15176,2,431,723,50,50
678,15204,2,-177,1079,50,50
678,15213,1,968,443,50,50
678,15232,1,987,442,50,50
678,15248,1,790,503,50,50
678,15250,2,312,765,50,50
678,15259,2,626,701,50,50
678,15267,1,645,596,50,50
678,15271,2,1198,217,50,50
678,15274,2,925,459,50,50
678,15276,1,262,904,50,50
678,15279,2,670,562,50,50
679,15161,1,677,592,50,50
679,15176,1,425,727,50,50
679,15204,2,-185,1084,50,50
679,15213,1,969,442,50,50
679,15232,1,988,441,50,50
679,15248,1,787,505,50,50
679,15250,2,307,768,50,50
679,15259,2,631,698,50,50
679,15267,1,641,599,50,50
679,15271,2,1198,217,50,50
679,15274,2,927,457,50,50
679,15276,1,272,899,50,50
679,15279,2,668,564,50,50
680,15161,1,673,594,50,50
680,15176,1,418,731,50,50
680,15204,2,-192,1089,50,50
680,15213,1,969,441,50,50
680,15232,1,989,440,50,50
680,15248,1,785,507,50,50
680,15250,2,302,770,50,50
680,15259,2,635,695,50,50
680,15267,2,637,601,50,50
680,15271,2,1199,217,50,50
680,15274,2,928,456,50,50
680,15276,1,280,893,50,50
680,15279,2,666,565,50,50
681,15161,1,668,597,50,50
681,15176,1,412,734,50,50
681,15204,2,-200,1094,50,50
681,15213,1,970,440,50,50
681,15232,1,989,440,50,50
681,15248,1,783,508,50,50
681,15250,2,297,773,50,50
681,15259,2,640,692,50,50
681,15267,1,634,604,50,50
681,15271,2,1199,217,50,50
681,15274,2,930,454,50,50
681,15276,1,289,888,50,50
681,15279,2,663,567,50,50
682,15161,1,664,599,50,50
682,15176,1,404,738,50,50
682,15204,2,-207,1099,50,50
682,15213,1,971,439,50,50
682,15232,1,990,439,50,50
682,15248,2,780,509,50,50
682,15250,2,292,776,50,50
682,15259,2,644,689,50,50
682,15267,1,628,606,50,50
682,15271,2,1199,217,50,50
682,15274,2,1010,413,50,50
682,15276,1,298,883,50,50
682,15279,2,660,568,50,50
683,15161,1,660,602,50,50
683,15176,1,397,742,50,50
683,15204,2,-215,1104,50,50
683,15213,1,971,438,50,50
683,15232,1,992,438,50,50
683,15248,1,777,511,50,50
683,15250,2,287,778,50,50
683,15259,2,649,687,50,50
683,15267,1,624,608,50,50
683,15271,2,1200,218,50,50
683,15274,2,1015,410,50,50
683,15276,1,307,878,50,50
683,15279,2,657,569,50,50
684,15161,1,656,605,50,50
684,15176,1,390,746,50,50
684,15204,2,-223,1109,50,50
684,15213,1,972,437,50,50
684,15232,1,993,437,50,50
684,15248,1,775,513,50,50
684,15250,2,282,781,50,50
684,15259,2,653,684,50,50
684,15267,1,621,611,50,50
684,15271,2,1200,218,50,50
684,15274,2,1020,407,50,50
684,15276,1,315,873,50,50
684,15279,2,655,571,50,50
685,15161,1,651,607,50,50
685,15176,1,383,750,50,50
685,15213,1,972,436,50,50
685,15232,1,994,436,50,50
685,15248,1,781,513,50,50
685,15250,2,277,784,50,50
685,15259,2,656,682,50,50
685,15267,1,617,613,50,50
685,15271,2,1200,218,50,50
685,15274,2,1025,404,50,50
685,15276,1,323,868,50,50
685,15279,2,652,572,50,50
686,15161,1,647,610,50,50
686,15176,1,376,755,50,50
686,15213,1,973,435,50,50
686,15232,1,996,435,50,50
686,15248,1,780,514,50,50
686,15250,2,272,786,50,50
686,15259,2,660,680,50,50
686,15267,1,613,615,50,50
686,15271,2,1201,218,50,50
686,15274,2,1030,401,50,50
686,15276,1,330,863,50,50
686,15279,2,649,574,50,50
687,15161,1,643,612,50,50
687,15176,1,369,759,50,50
687,15213,1,974,434,50,50
687,15232,1,994,434,50,50
687,15248,2,778,516,50,50
687,15250,2,266,789,50,50
687,15259,2,662,677,50,50
687,15267,1,609,617,50,50
687,15274,2,1034,398,50,50
687,15276,1,337,859,50,50
687,15279,2,647,575,50,50
688,15161,1,638,615,50,50
688,15176,1,361,762,50,50
688,15213,1,974,433,50,50
688,15232,1,996,433,50,50
688,15248,2,769,519,50,50
688,15250,2,261,792,50,50
688,15259,2,666,674,50,50
688,15267,1,605,619,50,50
688,15274,2,1039,395,50,50
688,15276,1,346,854,50,50
688,15279,2,644,577,50,50
689,15161,1,634,618,50,50
689,15176,1,354,766,50,50
689,15213,1,975,432,50,50
689,15232,1,997,432,50,50
689,15248,2,767,520,50,50
689,15250,2,256,794,50,50
689,15259,2,669,671,50,50
689,15267,1,600,624,50,50
689,15274,2,1044,392,50,50
689,15276,1,354,850,50,50
689,15279,2,642,578,50,50
690,15161,1,630,621,50,50
690,15176,1,347,770,50,50
690,15213,1,975,432,50,50
690,15232,1,999,431,50,50
690,15248,2,764,522,50,50
690,15250,2,251,797,50,50
690,15259,2,674,669,50,50
690,15267,1,595,627,50,50
690,15274,2,1049,389,50,50
690,15276,1,362,845,50,50
690,15279,2,639,580,50,50
691,15161,1,626,624,50,50
691,15176,1,339,774,50,50
691,15213,1,976,431,50,50
691,15232,1,1000,430,50,50
691,15248,1,758,524,50,50
691,15250,2,246,800,50,50
691,15259,2,678,666,50,50
691,15267,1,591,628,50,50
691,15274,2,1054,386,50,50
691,15276,1,369,840,50,50
691,15279,2,635,582,50,50
692,15161,1,621,626,50,50
692,15176,1,331,779,50,50
692,15213,1,976,430,50,50
692,15232,1,1001,429,50,50
692,15248,1,756,526,50,50
692,15250,2,241,802,50,50
692,15259,2,681,664,50,50
692,15267,1,587,631,50,50
692,15274,2,1059,383,50,50
692,15276,1,376,836,50,50
692,15279,2,632,584,50,50
693,15161,1,615,629,50,50
693,15176,1,324,783,50,50
693,15213,1,977,429,50,50
693,15232,1,1002,428,50,50
693,15248,1,753,528,50,50
693,15250,2,236,805,50,50
693,15259,2,685,662,50,50
693,15267,2,583,634,50,50
693,15274,2,1064,380,50,50
693,15276,1,382,831,50,50
693,15279,2,629,586,50,50
694,15161,1,611,632,50,50
694,15176,1,316,787,50,50
694,15213,1,978,428,50,50
694,15232,1,1003,428,50,50
694,15248,1,750,529,50,50
694,15250,2,231,808,50,50
694,15259,2,689,659,50,50
694,15267,2,579,637,50,50
694,15274,2,1068,377,50,50
694,15276,1,390,827,50,50
694,15279,2,626,588,50,50
695,15161,1,606,635,50,50
695,15176,1,308,791,50,50
695,15213,1,978,427,50,50
695,15232,1,1005,427,50,50
695,15248,1,747,531,50,50
695,15250,2,225,810,50,50
695,15259,2,693,657,50,50
695,15267,1,574,640,50,50
695,15274,2,1073,373,50,50
695,15276,1,398,824,50,50
695,15279,2,623,590,50,50
696,15161,1,602,638,50,50
696,15176,1,300,795,50,50
696,15213,1,979,426,50,50
696,15232,1,1006,426,50,50
696,15248,1,747,532,50,50
696,15250,2,220,813,50,50
696,15259,2,697,655,50,50
696,15267,1,570,642,50,50
696,15274,2,1078,370,50,50
696,15276,1,405,819,50,50
696,15279,2,621,592,50,50
696,15290,1,53,1024,50,50
697,15161,1,597,641,50,50
697,15176,1,293,800,50,50
697,15213,1,979,425,50,50
697,15232,1,1007,425,50,50
697,15248,1,748,533,50,50
697,15250,2,215,816,50,50
697,15259,2,701,652,50,50
697,15267,1,564,645,50,50
697,15274,2,1083,367,50,50
697,15276,1,411,815,50,50
697,15279,2,618,594,50,50
697,15290,1,58,1020,50,50
698,15161,1,592,644,50,50
698,15176,1,286,804,50,50
698,15213,1,980,424,50,50
698,15232,1,1008,424,50,50
698,15248,1,747,534,50,50
698,15250,2,210,818,50,50
698,15259,2,704,650,50,50
698,15267,1,559,648,50,50
698,15274,2,1088,364,50,50
698,15276,1,419,811,50,50
698,15279,2,615,595,50,50
698,15290,1,73,1013,50,50
699,15161,2,587,647,50,50
699,15176,1,279,808,50,50
699,15213,1,980,423,50,50
699,15232,1,1009,423,50,50
699,15248,1,745,536,50,50
699,15250,2,205,821,50,50
699,15259,2,706,648,50,50
699,15267,1,554,651,50,50
699,15274,2,1093,361,50,50
699,15276,1,426,807,50,50
699,15279,2,613,597,50,50
699,15290,1,81,1008,50,50
700,15161,1,582,650,50,50
700,15176,1,267,813,50,50
700,15213,1,981,422,50,50
700,15232,1,1011,422,50,50
700,15248,1,743,538,50,50
700,15250,2,200,823,50,50
700,15259,2,709,646,50,50
700,15267,1,550,653,50,50
700,15274,2,1097,358,50,50
700,15276,1,433,803,50,50
700,15279,2,610,599,50,50
700,15290,1,92,1001,50,50
701,15161,1,576,653,50,50
701,15176,1,260,818,50,50
701,15213,1,982,421,50,50
701,15232,1,1012,421,50,50
701,15248,1,741,539,50,50
701,15250,2,195,826,50,50
701,15259,2,711,643,50,50
701,15267,1,544,656,50,50
701,15274,2,1102,355,50,50
701,15276,1,440,799,50,50
701,15279,2,607,601,50,50
701,15290,1,105,993,50,50
702,15161,1,571,656,50,50
702,15176,1,252,822,50,50
702,15213,1,982,420,50,50
702,15232,1,1013,420,50,50
702,15248,1,737,541,50,50
702,15250,2,190,829,50,50
702,15259,2,714,641,50,50
702,15267,1,539,659,50,50
702,15274,2,1107,352,50,50
702,15276,1,446,795,50,50
702,15279,2,604,602,50,50
702,15290,1,117,987,50,50
703,15161,1,566,659,50,50
703,15176,1,241,828,50,50
703,15213,1,983,419,50,50
703,15232,1,1014,419,50,50
703,15248,1,734,544,50,50
703,15250,1,162,844,50,50
703,15259,2,717,639,50,50
703,15267,1,534,662,50,50
703,15274,2,1112,349,50,50
703,15276,1,453,790,50,50
703,15279,2,602,604,50,50
703,15290,1,128,981,50,50
704,15161,1,561,663,50,50
704,15176,1,232,833,50,50
704,15213,1,983,419,50,50
704,15232,1,1015,418,50,50
704,15248,1,729,546,50,50
704,15250,1,156,848,50,50
704,15259,2,721,636,50,50
704,15267,1,530,664,50,50
704,15274,2,1117,346,50,50
704,15276,1,459,786,50,50
704,15279,2,599,606,50,50
704,15290,1,140,975,50,50
705,15161,1,555,666,50,50
705,15176,1,224,839,50,50
705,15213,1,984,418,50,50
705,15232,1,1017,418,50,50
705,15248,1,726,548,50,50
705,15250,1,149,851,50,50
705,15259,2,724,634,50,50
705,15267,1,525,668,50,50
705,15274,2,1122,343,50,50
705,15276,1,466,782,50,50
705,15279,2,596,608,50,50
705,15290,1,151,969,50,50
706,15161,1,550,669,50,50
706,15176,1,212,843,50,50
706,15232,1,1018,417,50,50
706,15248,1,723,550,50,50
706,15250,1,143,854,50,50
706,15259,2,728,631,50,50
706,15267,1,520,671,50,50
706,15274,2,1126,340,50,50
706,15276,1,472,778,50,50
706,15279,2,593,609,50,50
706,15290,1,161,963,50,50
707,15161,1,545,672,50,50
707,15176,1,205,848,50,50
707,15232,1,1019,416,50,50
707,15248,1,720,551,50,50
707,15250,1,137,857,50,50
707,15259,2,731,629,50,50
707,15267,1,514,674,50,50
707,15274,2,1131,337,50,50
707,15276,1,479,774,50,50
707,15279,2,591,611,50,50
707,15290,1,173,957,50,50
708,15161,1,539,676,50,50
708,15176,1,196,852,50,50
708,15232,1,1020,415,50,50
708,15248,1,717,554,50,50
708,15250,1,126,863,50,50
708,15259,2,734,626,50,50
708,15267,1,509,677,50,50
708,15274,2,1136,334,50,50
708,15276,1,485,770,50,50
708,15279,2,588,613,50,50
708,15290,1,183,951,50,50
709,15161,1,533,679,50,50
709,15176,1,185,858,50,50
709,15232,1,1021,414,50,50
709,15248,1,715,557,50,50
709,15250,1,119,867,50,50
709,15259,2,738,624,50,50
709,15267,1,503,679,50,50
709,15274,2,1141,331,50,50
709,15276,1,492,766,50,50
709,15279,2,585,614,50,50
709,15290,1,191,945,50,50
710,15161,1,528,683,50,50
710,15176,1,176,863,50,50
710,15232,1,1023,413,50,50
710,15248,1,713,559,50,50
710,15250,1,113,870,50,50
710,15259,2,742,622,50,50
710,15267,1,498,682,50,50
710,15274,2,1146,328,50,50
710,15276,1,497,763,50,50
710,15279,2,582,616,50,50
710,15290,1,201,940,50,50
711,15161,1,521,686,50,50
711,15176,1,167,868,50,50
711,15232,1,1024,412,50,50
711,15248,1,711,561,50,50
711,15250,1,106,874,50,50
711,15259,2,745,620,50,50
711,15267,1,493,685,50,50
711,15274,2,1151,325,50,50
711,15276,1,503,759,50,50
711,15279,2,580,618,50,50
711,15290,1,211,934,50,50
712,15161,1,515,689,50,50
712,15176,1,157,873,50,50
712,15232,1,1025,411,50,50
712,15248,1,708,562,50,50
712,15250,1,99,878,50,50
712,15259,2,748,618,50,50
712,15267,1,488,688,50,50
712,15274,2,1155,322,50,50
712,15276,1,510,755,50,50
712,15279,2,577,620,50,50
712,15290,1,221,928,50,50
713,15161,1,509,692,50,50
713,15176,1,147,878,50,50
713,15232,1,1026,410,50,50
713,15248,1,705,564,50,50
713,15250,1,92,882,50,50
713,15259,2,752,615,50,50
713,15267,1,482,691,50,50
713,15276,1,516,751,50,50
713,15279,2,574,621,50,50
713,15290,1,231,922,50,50
713,15294,2,19,1021,49,50
714,15161,1,503,696,50,50
714,15176,1,138,884,50,50
714,15232,1,1027,409,50,50
714,15248,1,702,567,50,50
714,15250,1,85,886,50,50
714,15259,2,754,613,50,50
714,15267,1,477,694,50,50
714,15276,1,522,747,50,50
714,15279,2,571,623,50,50
714,15290,1,239,918,50,50
714,15294,2,25,1015,50,50
715,15161,1,498,700,50,50
715,15176,1,128,889,50,50
715,15232,1,1029,408,50,50
715,15248,1,697,569,50,50
715,15250,1,77,889,50,50
715,15259,2,757,612,50,50
715,15267,1,471,699,50,50
715,15276,1,527,743,50,50
715,15279,2,569,625,50,50
715,15290,1,249,912,50,50
715,15294,2,35,1009,50,50
716,15161,1,492,703,50,50
716,15176,1,117,895,50,50
716,15232,1,1030,408,50,50
716,15248,2,694,571,50,50
716,15250,1,69,893,50,50
716,15259,2,760,610,50,50
716,15267,1,466,701,50,50
716,15276,1,533,740,50,50
716,15279,2,566,627,50,50
716,15290,1,257,907,50,50
716,15294,2,46,1002,50,50
717,15161,1,486,707,50,50
717,15176,1,106,900,50,50
717,15232,1,1031,407,50,50
717,15248,2,691,573,50,50
717,15250,1,62,897,50,50
717,15259,2,762,608,50,50
717,15267,1,460,704,50,50
717,15276,1,539,736,50,50
717,15279,2,563,628,50,50
717,15290,1,266,901,50,50
717,15294,1,59,995,50,50
717,15295,2,20,1049,49,50
718,15161,1,480,710,50,50
718,15176,1,96,907,50,50
718,15232,1,1032,406,50,50
718,15248,2,687,575,50,50
718,15250,1,55,900,50,50
718,15259,2,765,606,50,50
718,15267,1,456,707,50,50
718,15276,1,545,732,50,50
718,15279,2,560,630,50,50
718,15290,1,276,896,50,50
718,15294,1,71,990,50,50
718,15295,1,25,1044,50,50
719,15161,1,474,714,50,50
719,15176,1,84,913,50,50
719,15232,1,1033,405,50,50
719,15248,2,684,577,50,50
719,15250,1,47,905,50,50
719,15259,2,768,604,50,50
719,15267,1,450,710,50,50
719,15276,2,550,729,50,50
719,15279,2,558,632,50,50
719,15290,1,284,890,50,50
719,15294,1,83,982,50,50
719,15295,1,31,1038,50,50
720,15161,1,467,718,50,50
720,15176,1,73,919,50,50
720,15232,1,1035,404,50,50
720,15248,2,681,580,50,50
720,15250,1,40,910,50,50
720,15259,2,771,602,50,50
720,15267,1,444,714,50,50
720,15276,2,556,726,50,50
720,15279,1,541,636,50,50
720,15290,1,293,885,50,50
720,15294,1,96,976,50,50
720,15295,1,40,1031,50,50
721,15161,1,460,721,50,50
721,15176,1,63,925,50,50
721,15248,2,678,582,50,50
721,15250,1,32,914,50,50
721,15259,2,773,599,50,50
721,15267,1,439,717,50,50
721,15276,1,560,722,50,50
721,15279,1,537,638,50,50
721,15290,1,303,879,50,50
721,15294,1,108,968,50,50
721,15295,1,50,1025,50,50
722,15161,1,453,725,50,50
722,15176,1,53,930,50,50
722,15248,2,675,584,50,50
722,15250,1,25,918,50,50
722,15259,2,776,597,50,50
722,15267,1,434,721,50,50
722,15276,2,566,719,50,50
722,15279,1,533,640,50,50
722,15290,1,309,876,50,50
722,15294,1,120,962,50,50
722,15295,1,60,1019,50,50
723,15161,1,447,729,50,50
723,15176,1,41,937,50,50
723,15248,2,671,586,50,50
723,15250,1,21,922,49,50
723,15259,2,779,596,50,50
723,15267,1,429,724,50,50
723,15276,1,571,716,50,50
723,15279,1,529,642,50,50
723,15290,1,318,871,50,50
723,15294,1,130,956,50,50
723,15295,1,71,1013,50,50
724,15161,1,440,733,50,50
724,15176,1,31,942,50,50
724,15248,2,667,588,50,50
724,15250,1,17,925,49,50
724,15259,2,783,594,50,50
724,15267,1,424,727,50,50
724,15276,1,577,712,50,50
724,15279,1,526,644,50,50
724,15290,1,326,866,50,50
724,15294,1,141,949,50,50
724,15295,1,80,1008,50,50
725,15161,1,433,736,50,50
725,15176,1,23,948,49,50
725,15248,2,664,589,50,50
725,15250,1,13,929,49,50
725,15259,2,785,592,50,50
725,15267,1,419,730,50,50
725,15276,2,583,709,50,50
725,15279,1,522,647,50,50
725,15290,1,333,862,50,50
725,15294,1,153,943,50,50
725,15295,1,90,1001,50,50
726,15161,1,427,739,50,50
726,15176,1,17,954,49,50
726,15248,2,659,591,50,50
726,15250,1,9,931,49,50
726,15259,2,787,590,50,50
726,15267,1,414,733,50,50
726,15276,2,588,705,50,50
726,15279,1,518,649,50,50
726,15290,1,342,858,50,50
726,15294,1,164,937,50,50
726,15295,2,101,996,50,50
727,15161,1,420,743,50,50
727,15176,1,11,960,49,50
727,15248,2,656,594,50,50
727,15250,1,5,930,49,50
727,15259,2,789,588,50,50
727,15267,1,404,737,50,50
727,15276,1,593,702,50,50
727,15279,1,514,651,50,50
727,15290,1,350,853,50,50
727,15294,1,176,931,50,50
727,15295,1,113,990,50,50
728,15161,1,413,747,50,50
728,15176,1,5,965,49,50
728,15248,2,652,596,50,50
728,15250,1,-1,933,49,50
728,15259,2,792,586,50,50
728,15267,1,398,741,50,50
728,15276,2,597,699,50,50
728,15279,1,510,654,50,50
728,15290,1,357,848,50,50
728,15294,1,186,925,50,50
728,15295,1,122,984,50,50
729,15161,1,406,751,50,50
729,15176,1,-3,971,49,50
729,15248,2,649,598,50,50
729,15250,1,-7,936,49,50
729,15259,2,794,584,50,50
729,15267,1,393,744,50,50
729,15276,2,602,696,50,50
729,15279,1,506,656,50,50
729,15290,1,364,844,50,50
729,15294,1,196,919,50,50
729,15295,1,131,979,50,50
730,15161,1,399,755,50,50
730,15176,1,-12,976,49,50
730,15248,2,646,601,50,50
730,15250,1,-13,939,49,50
730,15259,2,797,583,50,50
730,15267,1,387,747,50,50
730,15276,1,608,692,50,50
730,15279,1,502,658,50,50
730,15290,1,372,839,50,50
730,15294,1,206,913,50,50
730,15295,1,142,974,50,50
731,15161,1,392,760,50,50
731,15176,1,-21,982,49,50
731,15248,2,643,603,50,50
731,15250,1,-19,942,49,50
731,15259,2,800,581,50,50
731,15267,1,382,750,50,50
731,15276,2,613,689,50,50
731,15279,2,499,660,50,50
731,15290,1,379,835,50,50
731,15294,1,216,908,50,50
731,15295,1,151,968,50,50
732,15161,1,384,764,50,50
732,15176,1,-28,987,50,50
732,15248,2,639,606,50,50
732,15250,1,-25,946,49,50
732,15259,2,802,579,50,50
732,15267,1,376,754,50,50
732,15276,1,618,686,50,50
732,15279,2,495,662,50,50
732,15290,1,386,831,50,50
732,15294,1,227,902,50,50
732,15295,1,160,963,50,50
733,15161,1,377,768,50,50
733,15176,1,-37,993,50,50
733,15248,2,635,608,50,50
733,15250,1,-29,949,50,50
733,15259,2,805,577,50,50
733,15267,1,370,757,50,50
733,15276,1,622,683,50,50
733,15279,2,490,664,50,50
733,15290,1,393,826,50,50
733,15294,1,238,896,50,50
733,15295,1,170,957,50,50
733,15301,2,1190,216,50,50
734,15161,1,370,772,50,50
734,15176,1,-46,999,50,50
734,15248,2,632,611,50,50
734,15250,1,-35,952,50,50
734,15259,2,808,575,50,50
734,15267,1,361,762,50,50
734,15276,1,626,680,50,50
734,15279,2,486,667,50,50
734,15290,1,400,822,50,50
734,15294,1,247,891,50,50
734,15295,1,179,952,50,50
734,15301,2,1189,216,50,50
735,15161,1,362,776,50,50
735,15176,1,-55,1004,50,50
735,15248,2,627,614,50,50
735,15250,1,-41,955,50,50
735,15259,2,811,573,50,50
735,15267,1,353,766,50,50
735,15276,2,631,677,50,50
735,15279,2,482,669,50,50
735,15290,1,408,818,50,50
735,15294,1,256,885,50,50
735,15295,1,186,947,50,50
735,15301,2,1188,216,50,50
736,15161,1,355,781,50,50
736,15176,1,-63,1010,50,50
736,15248,2,623,617,50,50
736,15250,1,-47,958,50,50
736,15259,2,813,571,50,50
736,15267,1,347,769,50,50
736,15276,1,636,674,50,50
736,15279,2,478,672,50,50
736,15290,2,415,813,50,50
736,15294,1,265,879,50,50
736,15295,1,195,942,50,50
736,15301,2,1187,216,50,50
737,15161,1,347,785,50,50
737,15176,1,-72,1015,50,50
737,15248,2,619,619,50,50
737,15250,1,-53,961,50,50
737,15259,2,816,569,50,50
737,15267,1,341,774,50,50
737,15276,2,639,671,50,50
737,15279,2,475,674,50,50
737,15290,1,423,809,50,50
737,15294,1,276,874,50,50
737,15295,1,204,937,50,50
737,15301,2,1187,216,50,50
737,15302,1,638,671,50,50
738,15161,1,338,788,50,50
738,15176,1,-81,1021,50,50
738,15248,2,615,621,50,50
738,15250,1,-59,964,50,50
738,15259,2,819,567,50,50
738,15267,1,335,777,50,50
738,15276,2,644,667,50,50
738,15279,2,471,676,50,50
738,15290,1,431,805,50,50
738,15294,1,286,869,50,50
738,15295,1,213,932,50,50
738,15301,2,1188,216,50,50
738,15302,1,640,669,50,50
739,15161,1,331,794,50,50
739,15176,1,-90,1026,50,50
739,15248,2,611,623,50,50
739,15250,1,-64,967,50,50
739,15259,2,822,565,50,50
739,15267,1,329,781,50,50
739,15276,2,649,664,50,50
739,15279,1,467,678,50,50
739,15290,1,437,801,50,50
739,15294,1,295,863,50,50
739,15295,1,222,927,50,50
739,15301,2,1188,216,50,50
739,15302,1,642,668,50,50
740,15161,1,324,799,50,50
740,15176,1,-98,1032,50,50
740,15248,2,607,627,50,50
740,15250,1,-70,970,50,50
740,15259,2,824,563,50,50
740,15267,1,320,785,50,50
740,15276,2,653,661,50,50
740,15279,1,462,681,50,50
740,15290,1,443,798,50,50
740,15294,1,306,858,50,50
740,15295,1,230,922,50,50
740,15301,2,1188,216,50,50
740,15302,1,644,666,50,50
741,15161,1,316,804,50,50
741,15176,1,-107,1038,50,50
741,15248,2,603,630,50,50
741,15250,1,-76,974,50,50
741,15259,2,827,561,50,50
741,15267,1,312,789,50,50
741,15276,2,657,660,50,50
741,15279,1,458,684,50,50
741,15290,1,450,794,50,50
741,15294,1,315,853,50,50
741,15295,1,239,918,50,50
741,15301,2,1188,216,50,50
741,15302,1,645,664,50,50
742,15161,1,307,806,50,50
742,15176,1,-116,1043,50,50
742,15248,2,598,632,50,50
742,15250,1,-82,977,50,50
742,15259,2,830,560,50,50
742,15267,1,306,793,50,50
742,15276,2,661,657,50,50
742,15279,1,454,686,50,50
742,15290,1,457,790,50,50
742,15294,1,323,848,50,50
742,15295,1,246,913,50,50
742,15301,2,1188,216,50,50
742,15302,1,647,662,50,50
743,15161,1,299,810,50,50
743,15176,1,-124,1049,50,50
743,15248,2,594,634,50,50
743,15250,1,-88,980,50,50
743,15259,2,832,559,50,50
743,15267,1,299,797,50,50
743,15276,2,666,654,50,50
743,15279,1,449,687,50,50
743,15290,1,464,786,50,50
743,15294,1,331,843,50,50
743,15295,1,254,908,50,50
743,15301,2,1187,216,50,50
743,15302,1,649,660,50,50
744,15161,1,291,812,50,50
744,15176,1,-133,1054,50,50
744,15248,2,590,636,50,50
744,15250,1,-94,983,50,50
744,15259,0,834,557,50,50
744,15267,1,293,800,50,50
744,15276,2,670,652,50,50
744,15279,2,445,690,50,50
744,15290,1,471,782,50,50
744,15294,1,339,837,50,50
744,15295,1,264,902,50,50
744,15301,2,1187,216,50,50
744,15302,1,651,658,50,50
745,15161,1,284,819,50,50
745,15176,1,-142,1060,50,50
745,15248,2,586,639,50,50
745,15250,1,-99,986,50,50
745,15259,0,836,555,50,50
745,15267,1,286,804,50,50
745,15276,2,675,649,50,50
745,15279,2,441,692,50,50
745,15290,1,479,778,50,50
745,15294,1,347,832,50,50
745,15295,1,271,897,50,50
745,15301,2,1186,216,50,50
745,15302,1,653,657,50,50
746,15161,1,276,825,50,50
746,15176,1,-151,1065,50,50
746,15248,2,582,641,50,50
746,15250,1,-105,989,50,50
746,15259,0,839,553,50,50
746,15267,1,280,808,50,50
746,15276,2,679,647,50,50
746,15279,1,436,695,50,50
746,15290,1,486,774,50,50
746,15294,1,358,828,50,50
746,15295,1,279,892,50,50
746,15301,2,1185,216,50,50
746,15302,1,678,647,50,50
747,15161,1,268,829,50,50
747,15176,1,-159,1071,50,50
747,15248,2,577,644,50,50
747,15250,1,-111,992,50,50
747,15259,0,842,551,50,50
747,15267,1,273,811,50,50
747,15276,2,683,644,50,50
747,15279,1,432,698,50,50
747,15290,2,488,769,50,50
747,15294,1,365,823,50,50
747,15295,1,286,889,50,50
747,15301,2,1185,216,50,50
747,15302,1,682,644,50,50
748,15161,1,259,833,50,50
748,15176,1,-168,1077,50,50
748,15248,2,572,647,50,50
748,15250,1,-117,995,50,50
748,15259,0,843,550,50,50
748,15267,1,266,815,50,50
748,15276,2,686,641,50,50
748,15279,1,428,700,50,50
748,15290,1,494,766,50,50
748,15294,1,373,818,50,50
748,15295,1,294,884,50,50
748,15301,2,1185,216,50,50
748,15302,1,687,641,50,50
749,15161,1,250,840,50,50
749,15176,1,-177,1082,50,50
749,15248,2,568,650,50,50
749,15250,1,-123,999,50,50
749,15259,0,846,549,50,50
749,15267,1,260,819,50,50
749,15276,2,691,638,50,50
749,15279,1,424,703,50,50
749,15290,1,500,763,50,50
749,15294,1,381,813,50,50
749,15295,1,304,879,50,50
749,15301,2,1185,216,50,50
749,15302,1,691,639,50,50
750,15161,1,241,846,50,50
750,15176,1,-186,1088,50,50
750,15248,2,563,652,50,50
750,15250,1,-128,1002,50,50
750,15259,0,849,547,50,50
750,15267,1,253,822,50,50
750,15276,2,695,635,50,50
750,15279,1,420,705,50,50
750,15290,1,506,759,50,50
750,15294,1,390,809,50,50
750,15295,1,311,875,50,50
750,15301,2,1185,216,50,50
750,15302,1,695,636,50,50
751,15161,1,232,851,50,50
751,15176,1,-194,1093,50,50
751,15248,2,559,655,50,50
751,15250,1,-134,1005,50,50
751,15259,0,851,545,50,50
751,15267,1,247,826,50,50
751,15276,2,699,632,50,50
751,15279,2,414,707,50,50
751,15290,1,512,755,50,50
751,15294,1,398,805,50,50
751,15295,2,319,871,50,50
751,15301,2,1185,216,50,50
751,15302,1,699,633,50,50
751,15304,2,509,756,50,50
751,15305,1,1055,387,50,50
752,15161,1,224,856,50,50
752,15176,1,-203,1099,50,50
752,15248,2,555,656,50,50
752,15250,1,-140,1008,50,50
752,15259,0,854,543,50,50
752,15267,1,240,830,50,50
752,15276,2,703,629,50,50
752,15279,2,410,710,50,50
752,15290,2,518,751,50,50
752,15294,1,406,800,50,50
752,15295,1,326,866,50,50
752,15301,2,1185,216,50,50
752,15302,1,703,631,50,50
752,15304,1,517,752,50,50
752,15305,1,1056,386,50,50
753,15161,1,214,861,50,50
753,15176,1,-212,1105,50,50
753,15248,2,551,658,50,50
753,15250,1,-146,1011,50,50
753,15259,0,856,541,50,50
753,15267,1,234,834,50,50
753,15276,2,707,626,50,50
753,15279,2,405,713,50,50
753,15290,2,525,747,50,50
753,15294,1,414,795,50,50
753,15295,1,332,862,50,50
753,15301,2,1185,216,50,50
753,15302,1,707,628,50,50
753,15304,2,524,747,50,50
753,15305,1,1058,385,50,50
754,15161,1,203,866,50,50
754,15176,1,-221,1110,50,50
754,15248,2,547,661,50,50
754,15250,1,-152,1014,50,50
754,15259,2,857,539,50,50
754,15267,1,227,837,50,50
754,15276,2,711,624,50,50
754,15279,2,401,715,50,50
754,15290,2,531,743,50,50
754,15294,1,421,791,50,50
754,15295,2,340,858,50,50
754,15301,2,1185,216,50,50
754,15302,1,710,625,50,50
754,15304,2,529,744,50,50
754,15305,1,1059,385,50,50
755,15161,1,194,872,50,50
755,15176,1,-229,1116,50,50
755,15248,2,543,663,50,50
755,15250,1,-158,1017,50,50
755,15259,2,859,537,50,50
755,15267,1,221,841,50,50
755,15276,2,715,621,50,50
755,15279,2,396,717,50,50
755,15290,2,538,739,50,50
755,15294,1,429,786,50,50
755,15295,1,348,854,50,50
755,15301,2,1185,216,50,50
755,15302,2,714,622,50,50
755,15304,2,534,741,50,50
755,15305,1,1060,384,50,50
756,15161,1,185,877,50,50
756,15176,1,-238,1121,50,50
756,15248,2,539,666,50,50
756,15250,1,-163,1020,50,50
756,15259,2,861,535,50,50
756,15267,1,214,845,50,50
756,15276,2,719,619,50,50
756,15279,2,392,720,50,50
756,15290,2,545,735,50,50
756,15294,1,435,781,50,50
756,15295,1,356,850,50,50
756,15301,2,1185,216,50,50
756,15302,2,718,620,50,50
756,15304,1,540,737,50,50
756,15305,1,1062,383,50,50
757,15161,1,176,882,50,50
757,15176,1,-247,1127,50,50
757,15248,2,535,668,50,50
757,15250,1,-169,1023,50,50
757,15259,0,864,534,50,50
757,15267,1,208,848,50,50
757,15276,2,724,616,50,50
757,15279,2,388,722,50,50
757,15290,2,551,731,50,50
757,15294,1,442,777,50,50
757,15295,2,362,846,50,50
757,15301,2,1185,216,50,50
757,15302,2,722,617,50,50
757,15304,1,546,733,50,50
757,15305,1,1063,383,50,50
757,15307,2,836,475,50,50
757,15308,2,1069,362,50,50
757,15309,0,662,715,50,50
758,15161,1,166,889,50,50
758,15176,1,-255,1132,50,50
758,15248,2,531,670,50,50
758,15259,0,867,532,50,50
758,15267,1,181,862,50,50
758,15276,2,728,613,50,50
758,15279,2,383,725,50,50
758,15290,2,558,727,50,50
758,15294,1,450,772,50,50
758,15295,2,369,841,50,50
758,15301,2,1184,216,50,50
758,15302,2,727,615,50,50
758,15304,1,551,730,50,50
758,15305,1,1064,382,50,50
758,15307,2,833,476,50,50
758,15308,2,1069,361,50,50
758,15309,0,662,715,50,50
759,15161,1,155,894,50,50
759,15248,2,526,673,50,50
759,15259,0,869,530,50,50
759,15267,1,173,867,50,50
759,15276,2,732,610,50,50
759,15279,2,379,727,50,50
759,15290,2,564,723,50,50
759,15294,1,457,769,50,50
759,15295,2,375,837,50,50
759,15301,2,1184,216,50,50
759,15302,2,730,612,50,50
759,15304,1,556,726,50,50
759,15305,1,1065,382,50,50
759,15307,2,830,478,50,50
759,15308,2,1070,360,50,50
759,15309,0,662,716,50,50
760,15161,1,146,900,50,50
760,15248,2,522,675,50,50
760,15259,2,871,529,50,50
760,15267,1,165,870,50,50
760,15276,2,736,607,50,50
760,15279,2,375,729,50,50
760,15290,2,562,722,50,50
760,15294,1,464,764,50,50
760,15295,1,381,834,50,50
760,15301,2,1184,216,50,50
760,15302,2,734,609,50,50
760,15304,1,561,722,50,50
760,15305,1,1065,381,50,50
760,15307,2,828,480,50,50
760,15308,2,1071,360,50,50
760,15309,0,662,716,50,50
761,15161,1,136,905,50,50
761,15248,2,518,678,50,50
761,15259,2,873,528,50,50
761,15267,1,157,874,50,50
761,15276,2,740,605,50,50
761,15279,1,367,733,50,50
761,15290,2,567,719,50,50
761,15294,1,470,760,50,50
761,15295,1,387,830,50,50
761,15301,2,1184,216,50,50
761,15302,2,738,607,50,50
761,15304,1,567,719,50,50
761,15305,1,1066,380,50,50
761,15307,2,826,481,50,50
761,15308,2,1072,359,50,50
761,15309,0,662,716,50,50
762,15161,1,125,911,50,50
762,15248,2,514,680,50,50
762,15259,2,875,526,50,50
762,15267,1,149,878,50,50
762,15276,2,745,602,50,50
762,15279,1,362,736,50,50
762,15290,1,573,716,50,50
762,15294,1,479,756,50,50
762,15295,2,394,825,50,50
762,15301,2,1184,216,50,50
762,15302,2,741,604,50,50
762,15304,1,572,716,50,50
762,15305,1,1067,379,50,50
762,15307,2,824,483,50,50
762,15308,2,1072,358,50,50
762,15309,0,662,716,50,50
762,15311,1,78,1013,50,50
763,15161,1,114,917,50,50
763,15248,2,510,683,50,50
763,15259,2,877,525,50,50
763,15267,1,139,883,50,50
763,15276,2,749,599,50,50
763,15279,2,356,738,50,50
763,15290,1,578,713,50,50
763,15294,1,486,751,50,50
763,15295,2,400,822,50,50
763,15301,2,1184,216,50,50
763,15302,2,745,601,50,50
763,15304,1,577,712,50,50
763,15305,1,1068,379,50,50
763,15307,2,822,484,50,50
763,15308,2,1073,358,50,50
763,15309,0,662,716,50,50
763,15311,1,84,1011,50,50
764,15161,1,102,924,50,50
764,15248,2,506,685,50,50
764,15259,2,879,523,50,50
764,15267,1,131,887,50,50
764,15276,2,753,596,50,50
764,15279,2,351,741,50,50
764,15290,1,584,709,50,50
764,15294,1,492,746,50,50
764,15295,2,407,818,50,50
764,15301,2,1184,216,50,50
764,15302,2,748,599,50,50
764,15304,1,582,709,50,50
764,15305,1,1069,378,50,50
764,15307,2,820,486,50,50
764,15308,2,1074,357,50,50
764,15309,0,662,716,50,50
764,15311,1,97,1003,50,50
765,15161,1,91,930,50,50
765,15248,2,502,687,50,50
765,15259,2,881,522,50,50
765,15267,1,122,892,50,50
765,15276,2,757,593,50,50
765,15279,1,346,744,50,50
765,15290,1,590,705,50,50
765,15294,1,499,743,50,50
765,15295,2,414,813,50,50
765,15301,2,1183,216,50,50
765,15302,2,752,597,50,50
765,15304,1,588,706,50,50
765,15305,1,1070,377,50,50
765,15307,2,818,487,50,50
765,15308,2,1074,356,50,50
765,15309,0,662,717,50,50
765,15311,1,110,996,50,50
766,15161,1,81,936,50,50
766,15248,2,497,690,50,50
766,15259,2,883,520,50,50
766,15267,1,112,897,50,50
766,15276,2,762,591,50,50
766,15279,1,341,747,50,50
766,15290,1,596,702,50,50
766,15294,1,506,739,50,50
766,15295,2,420,809,50,50
766,15301,2,1183,216,50,50
766,15302,2,755,595,50,50
766,15304,1,593,702,50,50
766,15305,2,1062,361,50,50
766,15307,2,816,488,50,50
766,15308,2,1075,356,50,50
766,15309,0,662,717,50,50
766,15311,1,121,990,50,50
767,15161,1,69,942,50,50
767,15248,2,493,692,50,50
767,15259,2,885,519,50,50
767,15267,1,102,902,50,50
767,15276,2,766,588,50,50
767,15279,1,336,750,50,50
767,15290,1,601,698,50,50
767,15294,1,513,735,50,50
767,15295,2,428,806,50,50
767,15301,2,1183,216,50,50
767,15302,2,759,592,50,50
767,15304,1,598,699,50,50
767,15305,2,1062,359,50,50
767,15307,2,814,490,50,50
767,15308,2,1076,355,50,50
767,15309,0,662,717,50,50
767,15311,1,133,985,50,50
768,15161,1,57,948,50,50
768,15248,2,489,695,50,50
768,15259,2,887,518,50,50
768,15267,1,93,907,50,50
768,15276,2,770,585,50,50
768,15279,1,332,752,50,50
768,15290,1,607,694,50,50
768,15294,1,520,731,50,50
768,15295,1,434,802,50,50
768,15301,2,1183,216,50,50
768,15302,2,763,590,50,50
768,15304,1,603,695,50,50
768,15305,2,1062,356,50,50
768,15307,2,812,491,50,50
768,15308,2,1076,354,50,50
768,15309,0,662,717,50,50
768,15311,1,143,979,50,50
769,15161,1,47,954,50,50
769,15248,2,485,697,50,50
769,15259,2,889,516,50,50
769,15267,1,84,912,50,50
769,15276,2,774,582,50,50
769,15279,1,326,754,50,50
769,15290,1,613,691,50,50
769,15294,1,527,727,50,50
769,15295,1,441,798,50,50
769,15301,2,1184,216,50,50
769,15302,2,766,588,50,50
769,15304,1,609,692,50,50
769,15305,2,1079,354,50,50
769,15307,2,810,493,50,50
769,15308,2,1077,354,50,50
769,15309,0,662,718,50,50
769,15311,1,153,973,50,50
770,15161,1,36,960,50,50
770,15248,2,481,699,50,50
770,15259,2,891,515,50,50
770,15267,1,73,917,50,50
770,15276,2,778,580,50,50
770,15279,1,321,757,50,50
770,15290,1,619,687,50,50
770,15294,1,531,723,50,50
770,15295,1,445,795,50,50
770,15301,2,1184,216,50,50
770,15302,2,770,585,50,50
770,15304,1,614,688,50,50
770,15305,2,1081,351,50,50
770,15307,2,808,494,50,50
770,15308,2,1078,353,50,50
770,15309,0,662,718,50,50
770,15311,1,162,968,50,50
770,15313,1,44,1008,50,50
771,15161,1,27,965,50,50
771,15248,1,454,721,50,50
771,15259,2,894,513,50,50
771,15267,1,64,923,50,50
771,15276,2,783,577,50,50
771,15279,1,316,760,50,50
771,15290,1,624,684,50,50
771,15294,1,538,719,50,50
771,15295,1,451,791,50,50
771,15301,2,1184,216,50,50
771,15302,2,773,583,50,50
771,15304,1,619,685,50,50
771,15305,2,1082,349,50,50
771,15307,2,806,496,50,50
771,15308,1,1075,373,50,50
771,15309,0,662,718,50,50
771,15311,1,170,963,50,50
771,15313,1,56,1001,50,50
772,15161,1,20,971,49,50
772,15248,1,448,725,50,50
772,15259,2,896,512,50,50
772,15267,1,54,928,50,50
772,15276,2,787,574,50,50
772,15279,1,311,763,50,50
772,15290,1,621,684,50,50
772,15294,1,545,715,50,50
772,15295,1,456,787,50,50
772,15301,2,1185,216,50,50
772,15302,2,777,580,50,50
772,15304,1,624,681,50,50
772,15305,0,1070,353,50,50
772,15307,2,803,497,50,50
772,15308,1,1075,373,50,50
772,15309,2,661,716,50,50
772,15311,1,179,958,50,50
772,15313,1,68,994,50,50
773,15161,1,14,976,49,50
773,15248,1,443,728,50,50
773,15259,2,898,510,50,50
773,15267,1,44,933,50,50
773,15276,2,791,571,50,50
773,15279,1,306,766,50,50
773,15290,1,626,681,50,50
773,15294,1,549,712,50,50
773,15295,1,461,784,50,50
773,15301,2,1185,216,50,50
773,15302,2,780,578,50,50
773,15304,1,630,678,50,50
773,15305,0,1070,352,50,50
773,15307,2,801,499,50,50
773,15308,1,1076,373,50,50
773,15309,2,660,716,50,50
773,15311,1,187,952,50,50
773,15313,1,81,987,50,50
774,15161,1,8,981,49,50
774,15248,1,438,732,50,50
774,15259,2,900,509,50,50
774,15267,1,35,938,50,50
774,15276,2,795,568,50,50
774,15279,1,301,768,50,50
774,15290,2,631,678,50,50
774,15294,1,554,709,50,50
774,15295,2,468,780,50,50
774,15301,2,1185,216,50,50
774,15302,2,783,575,50,50
774,15304,1,635,675,50,50
774,15305,0,1071,350,50,50
774,15307,2,799,500,50,50
774,15308,1,1076,372,50,50
774,15309,2,660,715,50,50
774,15311,1,197,947,50,50
774,15313,1,92,981,50,50
775,15161,1,-1,986,49,50
775,15248,1,430,735,50,50
775,15259,2,902,507,50,50
775,15267,1,26,943,50,50
775,15276,2,800,566,50,50
775,15279,1,296,771,50,50
775,15290,2,635,676,50,50
775,15294,1,561,705,50,50
775,15295,2,474,777,50,50
775,15301,2,1185,216,50,50
775,15302,2,786,573,50,50
775,15304,1,640,671,50,50
775,15305,0,1071,349,50,50
775,15307,2,797,502,50,50
775,15308,1,1076,372,50,50
775,15309,2,661,715,50,50
775,15311,1,206,942,50,50
775,15313,1,103,975,50,50
776,15161,1,-11,992,49,50
776,15248,1,424,739,50,50
776,15259,2,904,505,50,50
776,15267,1,20,949,49,50
776,15276,2,804,563,50,50
776,15279,1,291,774,50,50
776,15290,2,640,673,50,50
776,15294,1,567,701,50,50
776,15295,1,478,773,50,50
776,15301,2,1185,216,50,50
776,15302,2,789,571,50,50
776,15304,1,645,668,50,50
776,15305,0,1071,347,50,50
776,15307,2,795,503,50,50
776,15308,1,1077,371,50,50
776,15309,2,661,715,50,50
776,15311,1,215,937,50,50
776,15313,1,113,969,50,50
776,15317,1,450,712,50,50
777,15161,1,-20,998,49,50
777,15248,1,417,742,50,50
777,15259,2,906,504,50,50
777,15267,1,15,955,49,50
777,15276,2,808,560,50,50
777,15279,1,286,776,50,50
777,15290,2,638,671,50,50
777,15294,1,574,697,50,50
777,15295,2,486,769,50,50
777,15301,2,1185,216,50,50
777,15302,2,792,569,50,50
777,15304,1,651,664,50,50
777,15305,0,1072,346,50,50
777,15307,2,793,504,50,50
777,15308,1,1078,370,50,50
777,15309,2,662,714,50,50
777,15311,1,223,932,50,50
777,15313,1,124,963,50,50
777,15317,1,444,715,50,50
778,15161,1,-28,1003,50,50
778,15248,1,411,746,50,50
778,15259,0,907,503,50,50
778,15267,1,10,961,49,50
778,15276,2,812,557,50,50
778,15279,1,281,779,50,50
778,15290,2,643,668,50,50
778,15294,1,580,693,50,50
778,15295,2,490,767,50,50
778,15301,2,1185,216,50,50
778,15302,2,796,567,50,50
778,15304,1,656,661,50,50
778,15305,0,1072,344,50,50
778,15307,2,779,510,50,50
778,15308,1,1078,370,50,50
778,15309,2,662,714,50,50
778,15311,1,232,927,50,50
778,15313,1,134,957,50,50
778,15317,1,438,718,50,50
779,15161,1,-37,1009,50,50
779,15248,1,405,750,50,50
779,15259,0,909,502,50,50
779,15267,1,5,966,49,50
779,15276,2,816,554,50,50
779,15279,1,276,782,50,50
779,15290,2,649,664,50,50
779,15294,1,587,689,50,50
779,15295,1,496,763,50,50
779,15301,2,1185,216,50,50
779,15302,2,798,564,50,50
779,15304,1,661,657,50,50
779,15305,0,1073,343,50,50
779,15307,2,775,513,50,50
779,15308,1,1079,369,50,50
779,15309,2,662,714,50,50
779,15311,1,242,921,50,50
779,15313,1,144,951,50,50
779,15317,1,433,721,50,50
780,15161,1,-46,1014,50,50
780,15248,1,398,753,50,50
780,15259,0,911,501,50,50
780,15267,1,-3,972,49,50
780,15276,2,821,552,50,50
780,15279,1,271,784,50,50
780,15290,2,653,661,50,50
780,15294,1,593,685,50,50
780,15295,2,502,760,50,50
780,15301,2,1185,216,50,50
780,15302,2,801,562,50,50
780,15304,1,667,654,50,50
780,15305,0,1073,341,50,50
780,15307,2,772,515,50,50
780,15308,1,1080,369,50,50
780,15309,2,662,715,50,50
780,15311,1,251,916,50,50
780,15313,1,156,945,50,50
780,15317,1,428,723,50,50
781,15161,1,-55,1020,50,50
781,15248,1,392,757,50,50
781,15259,0,913,499,50,50
781,15267,1,-10,977,49,50
781,15276,2,825,549,50,50
781,15279,1,266,787,50,50
781,15290,2,655,659,50,50
781,15294,1,600,681,50,50
781,15295,2,508,756,50,50
781,15301,2,1185,216,50,50
781,15302,2,804,560,50,50
781,15304,1,672,650,50,50
781,15305,0,1073,339,50,50
781,15307,2,770,516,50,50
781,15308,1,1081,368,50,50
781,15309,2,662,715,50,50
781,15311,1,260,912,50,50
781,15313,1,166,940,50,50
781,15317,1,422,727,50,50
782,15161,1,-64,1025,50,50
782,15248,1,386,761,50,50
782,15259,0,914,498,50,50
782,15267,1,-18,982,49,50
782,15276,2,829,546,50,50
782,15279,1,261,790,50,50
782,15290,2,660,656,50,50
782,15294,1,600,681,50,50
782,15295,2,514,752,50,50
782,15301,2,1185,216,50,50
782,15302,2,808,558,50,50
782,15304,1,677,647,50,50
782,15305,0,1074,338,50,50
782,15307,2,767,518,50,50
782,15308,1,1082,368,50,50
782,15309,2,662,715,50,50
782,15311,1,268,907,50,50
782,15313,1,176,934,50,50
782,15317,1,415,730,50,50
783,15161,1,-73,1031,50,50
783,15248,1,379,764,50,50
783,15259,0,916,496,50,50
783,15267,1,-25,987,50,50
783,15276,2,833,543,50,50
783,15279,1,256,792,50,50
783,15290,2,665,653,50,50
783,15294,1,606,678,50,50
783,15295,2,518,749,50,50
783,15301,2,1185,216,50,50
783,15302,2,811,556,50,50
783,15304,1,682,644,50,50
783,15305,0,1074,336,50,50
783,15307,2,764,520,50,50
783,15308,1,1083,367,50,50
783,15309,2,662,716,50,50
783,15311,1,275,903,50,50
783,15313,1,185,929,50,50
783,15317,1,410,734,50,50
783,15319,1,22,1054,49,50
784,15161,1,-83,1037,50,50
784,15248,1,372,768,50,50
784,15259,0,917,495,50,50
784,15267,1,-32,992,50,50
784,15276,2,838,540,50,50
784,15279,1,251,795,50,50
784,15290,2,671,650,50,50
784,15294,1,612,674,50,50
784,15295,2,523,746,50,50
784,15301,2,1185,216,50,50
784,15302,2,814,554,50,50
784,15304,1,688,640,50,50
784,15305,0,1074,335,50,50
784,15307,2,761,522,50,50
784,15308,1,1084,367,50,50
784,15309,2,662,716,50,50
784,15311,1,282,898,50,50
784,15313,1,195,923,50,50
784,15317,1,405,737,50,50
784,15319,1,27,1047,50,50
785,15161,1,-92,1042,50,50
785,15248,1,365,772,50,50
785,15259,0,919,493,50,50
785,15267,1,-40,998,50,50
785,15279,1,246,798,50,50
785,15290,2,675,646,50,50
785,15294,1,618,670,50,50
785,15295,1,528,743,50,50
785,15301,2,1185,216,50,50
785,15302,1,817,552,50,50
785,15304,1,693,637,50,50
785,15305,0,1075,333,50,50
785,15307,2,758,524,50,50
785,15308,1,1084,366,50,50
785,15309,2,662,716,50,50
785,15311,1,290,893,50,50
785,15313,1,205,917,50,50
785,15317,1,398,740,50,50
785,15319,1,36,1041,50,50
786,15161,1,-101,1048,50,50
786,15248,1,358,776,50,50
786,15259,0,921,492,50,50
786,15267,1,-48,1003,50,50
786,15279,1,241,800,50,50
786,15290,2,680,643,50,50
786,15294,1,624,667,50,50
786,15295,1,532,740,50,50
786,15301,2,1185,216,50,50
786,15302,1,820,550,50,50
786,15304,1,698,633,50,50
786,15305,0,1075,332,50,50
786,15307,2,755,526,50,50
786,15308,1,1085,365,50,50
786,15309,2,662,716,50,50
786,15311,1,298,888,50,50
786,15313,1,215,912,50,50
786,15317,1,393,743,50,50
786,15319,1,43,1035,50,50
787,15161,1,-110,1053,50,50
787,15248,1,352,780,50,50
787,15259,0,923,490,50,50
787,15267,1,-55,1008,50,50
787,15279,1,236,803,50,50
787,15290,2,684,640,50,50
787,15294,2,624,663,50,50
787,15295,1,538,737,50,50
787,15301,2,1185,216,50,50
787,15302,1,823,548,50,50
787,15304,1,703,630,50,50
787,15305,0,1075,330,50,50
787,15307,2,753,527,50,50
787,15308,1,1085,364,50,50
787,15309,2,662,716,50,50
787,15311,1,305,883,50,50
787,15313,1,225,907,50,50
787,15317,1,387,746,50,50
787,15319,1,52,1029,50,50
788,15161,1,-119,1059,50,50
788,15248,1,345,784,50,50
788,15259,0,924,489,50,50
788,15267,1,-63,1013,50,50
788,15279,1,231,806,50,50
788,15290,2,689,637,50,50
788,15294,2,630,660,50,50
788,15295,1,543,733,50,50
788,15301,2,1185,216,50,50
788,15302,1,826,546,50,50
788,15304,1,709,626,50,50
788,15305,0,1076,329,50,50
788,15307,2,749,530,50,50
788,15308,1,1085,364,50,50
788,15309,2,662,716,50,50
788,15311,1,313,879,50,50
788,15313,1,235,901,50,50
788,15317,1,382,749,50,50
788,15319,1,63,1022,50,50
789,15161,1,-128,1064,50,50
789,15248,1,338,787,50,50
789,15259,0,926,488,50,50
789,15267,1,-71,1018,50,50
789,15279,1,226,808,50,50
789,15290,2,693,634,50,50
789,15294,2,635,656,50,50
789,15295,2,548,730,50,50
789,15301,2,1185,216,50,50
789,15302,1,830,544,50,50
789,15304,1,714,623,50,50
789,15305,0,1076,327,50,50
789,15307,2,744,532,50,50
789,15308,1,1086,364,50,50
789,15309,2,662,716,50,50
789,15311,1,320,875,50,50
789,15313,1,243,895,50,50
789,15317,1,377,752,50,50
789,15319,1,73,1017,50,50
790,15161,1,-137,1070,50,50
790,15248,1,330,791,50,50
790,15259,0,927,487,50,50
790,15267,1,-78,1024,50,50
790,15279,1,221,811,50,50
790,15290,2,697,632,50,50
790,15294,2,641,653,50,50
790,15295,2,551,727,50,50
790,15301,2,1185,216,50,50
790,15302,1,832,542,50,50
790,15304,1,719,619,50,50
790,15305,0,1077,326,50,50
790,15307,2,741,534,50,50
790,15308,1,1087,363,50,50
790,15309,2,662,716,50,50
790,15311,1,328,870,50,50
790,15313,1,252,890,50,50
790,15317,1,369,756,50,50
790,15319,1,82,1012,50,50
791,15161,1,-146,1075,50,50
791,15248,1,323,796,50,50
791,15259,0,928,486,50,50
791,15267,1,-86,1029,50,50
791,15279,1,216,814,50,50
791,15290,2,700,630,50,50
791,15294,1,646,651,50,50
791,15295,2,558,724,50,50
791,15301,2,1185,216,50,50
791,15302,1,835,540,50,50
791,15304,1,724,616,50,50
791,15305,0,1077,324,50,50
791,15307,2,738,536,50,50
791,15308,1,1087,363,50,50
791,15309,2,662,716,50,50
791,15311,1,336,866,50,50
791,15313,1,260,885,50,50
791,15317,1,363,759,50,50
791,15319,1,91,1006,50,50
792,15161,1,-155,1081,50,50
792,15248,1,316,800,50,50
792,15259,0,930,484,50,50
792,15267,1,-94,1034,50,50
792,15279,1,211,816,50,50
792,15290,2,704,627,50,50
792,15294,1,651,648,50,50
792,15295,2,562,721,50,50
792,15301,2,1185,216,50,50
792,15302,1,838,538,50,50
792,15305,0,1077,322,50,50
792,15307,2,734,538,50,50
792,15308,1,1088,362,50,50
792,15309,2,662,716,50,50
792,15311,1,345,862,50,50
792,15313,1,270,879,50,50
792,15317,1,357,763,50,50
792,15319,1,99,1001,50,50
793,15161,1,-165,1087,50,50
793,15248,1,309,804,50,50
793,15259,0,931,483,50,50
793,15267,1,-101,1039,50,50
793,15279,1,206,819,50,50
793,15290,2,709,624,50,50
793,15294,1,656,644,50,50
793,15295,1,568,718,50,50
793,15301,2,1185,216,50,50
793,15302,1,841,536,50,50
793,15305,0,1078,321,50,50
793,15307,2,731,540,50,50
793,15308,1,1089,362,50,50
793,15309,2,662,716,50,50
793,15311,1,352,858,50,50
793,15313,1,280,874,50,50
793,15317,1,350,766,50,50
793,15319,1,110,994,50,50
794,15161,1,-174,1092,50,50
794,15248,1,300,808,50,50
794,15259,0,933,482,50,50
794,15267,1,-109,1045,50,50
794,15279,1,201,822,50,50
794,15290,1,712,622,50,50
794,15294,1,662,641,50,50
794,15295,1,573,714,50,50
794,15301,2,1185,216,50,50
794,15302,1,844,534,50,50
794,15305,0,1078,319,50,50
794,15307,2,728,541,50,50
794,15308,1,1090,361,50,50
794,15309,2,662,716,50,50
794,15311,1,360,854,50,50
794,15313,1,288,869,50,50
794,15317,1,344,769,50,50
794,15319,1,122,989,50,50
795,15161,1,-183,1098,50,50
795,15248,1,294,812,50,50
795,15259,0,934,480,50,50
795,15267,1,-117,1050,50,50
795,15279,1,196,824,50,50
795,15290,1,716,620,50,50
795,15294,1,667,638,50,50
795,15295,1,578,711,50,50
795,15301,2,1185,216,50,50
795,15302,1,847,532,50,50
795,15305,0,1078,318,50,50
795,15307,2,725,543,50,50
795,15308,1,1091,360,50,50
795,15309,2,662,716,50,50
795,15311,1,367,849,50,50
795,15313,1,296,864,50,50
795,15317,1,338,773,50,50
795,15319,1,133,983,50,50
796,15161,1,-192,1103,50,50
796,15248,1,286,815,50,50
796,15259,0,936,479,50,50
796,15267,1,-124,1055,50,50
796,15279,1,191,827,50,50
796,15290,1,721,617,50,50
796,15294,1,673,634,50,50
796,15295,1,583,708,50,50
796,15301,2,1185,216,50,50
796,15302,1,848,529,50,50
796,15305,0,1079,316,50,50
796,15307,2,722,545,50,50
796,15308,1,1092,360,50,50
796,15309,2,662,716,50,50
796,15311,1,373,844,50,50
796,15313,1,305,859,50,50
796,15317,1,331,777,50,50
796,15319,1,142,977,50,50
797,15161,1,-201,1109,50,50
797,15248,1,279,819,50,50
797,15259,0,938,478,50,50
797,15267,1,-132,1060,50,50
797,15279,1,186,829,50,50
797,15290,1,725,615,50,50
797,15294,1,678,631,50,50
797,15295,1,588,705,50,50
797,15301,2,1185,216,50,50
797,15302,1,851,526,50,50
797,15305,0,1079,315,50,50
797,15307,2,719,547,50,50
797,15308,1,1093,359,50,50
797,15309,2,662,716,50,50
797,15311,1,379,840,50,50
797,15313,1,314,854,50,50
797,15317,1,324,780,50,50
797,15319,1,152,971,50,50
798,15161,1,-210,1114,50,50
798,15248,1,271,823,50,50
798,15259,0,939,476,50,50
798,15267,1,-140,1065,50,50
798,15279,1,181,832,50,50
798,15290,1,729,612,50,50
798,15294,1,684,627,50,50
798,15295,1,593,702,50,50
798,15301,2,1185,216,50,50
798,15302,1,853,524,50,50
798,15305,0,1080,313,50,50
798,15307,2,716,549,50,50
798,15308,1,1094,358,50,50
798,15309,2,662,716,50,50
798,15311,1,386,836,50,50
798,15313,1,321,849,50,50
798,15317,1,318,784,50,50
798,15319,1,161,966,50,50
799,15161,1,-219,1120,50,50
799,15248,1,262,829,50,50
799,15259,0,941,475,50,50
799,15267,1,-147,1071,50,50
799,15279,1,176,835,50,50
799,15290,1,733,609,50,50
799,15294,1,689,624,50,50
799,15295,1,598,698,50,50
799,15301,2,1185,216,50,50
799,15302,1,856,522,50,50
799,15305,0,1080,312,50,50
799,15307,2,713,551,50,50
799,15308,1,1095,357,50,50
799,15309,2,662,716,50,50
799,15311,1,393,832,50,50
799,15313,1,329,844,50,50
799,15317,1,312,788,50,50
799,15319,1,170,961,50,50
800,15161,1,-228,1125,50,50
800,15248,1,255,833,50,50
800,15259,0,943,474,50,50
800,15267,1,-155,1076,50,50
800,15279,1,171,837,50,50
800,15290,2,734,607,50,50
800,15294,1,687,622,50,50
800,15295,1,604,695,50,50
800,15301,2,1185,216,50,50
800,15302,1,859,520,50,50
800,15305,0,1080,310,50,50
800,15307,2,708,555,50,50
800,15308,1,1095,357,50,50
800,15309,2,662,716,50,50
800,15311,1,399,828,50,50
800,15313,1,336,840,50,50
800,15317,1,305,792,50,50
800,15319,1,178,956,50,50
801,15161,1,-238,1131,50,50
801,15248,1,248,837,50,50
801,15259,0,944,472,50,50
801,15267,1,-163,1081,50,50
801,15279,1,166,840,50,50
801,15290,2,738,604,50,50
801,15294,1,692,619,50,50
801,15295,2,605,693,50,50
801,15301,2,1185,216,50,50
801,15302,1,862,518,50,50
801,15305,0,1081,309,50,50
801,15307,2,704,557,50,50
801,15308,1,1096,357,50,50
801,15309,2,662,717,50,50
801,15311,1,406,823,50,50
801,15313,1,343,835,50,50
801,15317,1,299,795,50,50
801,15319,1,186,951,50,50
802,15161,1,-247,1137,50,50
802,15248,1,238,842,50,50
802,15259,0,946,471,50,50
802,15267,1,-170,1086,50,50
802,15279,1,161,843,50,50
802,15290,2,741,601,50,50
802,15294,1,697,616,50,50
802,15295,2,607,690,50,50
802,15301,2,1185,216,50,50
802,15302,1,864,519,50,50
802,15305,0,1081,307,50,50
802,15307,2,700,560,50,50
802,15308,1,1096,356,50,50
802,15309,2,662,717,50,50
802,15311,1,413,819,50,50
802,15313,1,350,831,50,50
802,15317,1,292,798,50,50
802,15319,1,195,947,50,50
803,15161,1,-256,1142,50,50
803,15248,1,230,846,50,50
803,15259,2,949,469,50,50
803,15267,1,-178,1091,50,50
803,15279,1,156,845,50,50
803,15290,2,745,599,50,50
803,15294,1,702,613,50,50
803,15295,2,612,687,50,50
803,15301,2,1185,216,50,50
803,15302,1,866,517,50,50
803,15307,2,696,562,50,50
803,15308,1,1097,356,50,50
803,15309,2,662,717,50,50
803,15311,1,419,816,50,50
803,15313,1,359,826,50,50
803,15317,1,286,801,50,50
803,15319,1,203,942,50,50
804,15161,1,-265,1148,50,50
804,15248,1,222,851,50,50
804,15259,2,951,467,50,50
804,15267,1,-185,1097,50,50
804,15290,1,747,597,50,50
804,15294,1,707,610,50,50
804,15295,2,617,685,50,50
804,15301,2,1185,216,50,50
804,15302,1,869,515,50,50
804,15307,2,692,564,50,50
804,15308,2,1098,355,50,50
804,15309,2,662,717,50,50
804,15311,1,426,812,50,50
804,15313,1,367,822,50,50
804,15317,1,280,804,50,50
804,15319,1,212,936,50,50
804,15323,2,19,1023,49,50
805,15248,1,213,856,50,50
805,15259,2,953,466,50,50
805,15267,1,-193,1102,50,50
805,15290,1,751,595,50,50
805,15294,1,712,606,50,50
805,15295,2,621,682,50,50
805,15301,2,1185,216,50,50
805,15302,1,871,514,50,50
805,15307,2,688,566,50,50
805,15308,2,1098,354,50,50
805,15309,2,662,717,50,50
805,15311,1,433,808,50,50
805,15313,1,375,818,50,50
805,15317,1,274,808,50,50
805,15319,1,221,931,50,50
805,15323,2,24,1019,49,50
806,15248,1,204,860,50,50
806,15259,2,955,464,50,50
806,15267,1,-201,1107,50,50
806,15290,1,754,592,50,50
806,15294,1,717,603,50,50
806,15295,2,625,680,50,50
806,15301,2,1185,216,50,50
806,15302,1,873,512,50,50
806,15307,2,685,569,50,50
806,15308,2,1099,354,50,50
806,15309,2,662,717,50,50
806,15311,1,440,804,50,50
806,15313,1,382,813,50,50
806,15317,1,268,811,50,50
806,15319,1,230,926,50,50
806,15323,1,31,1014,50,50
807,15248,1,196,865,50,50
807,15259,2,957,463,50,50
807,15267,1,-208,1112,50,50
807,15290,1,758,589,50,50
807,15294,1,722,600,50,50
807,15295,2,629,677,50,50
807,15301,2,1185,216,50,50
807,15302,2,875,510,50,50
807,15307,2,682,571,50,50
807,15308,2,1100,354,50,50
807,15309,2,662,717,50,50
807,15311,1,447,800,50,50
807,15313,1,390,809,50,50
807,15317,1,262,814,50,50
807,15319,1,237,922,50,50
807,15323,1,41,1008,50,50
807,15324,1,1218,226,50,50
808,15248,1,187,870,50,50
808,15259,2,958,461,50,50
808,15267,1,-216,1117,50,50
808,15290,1,762,587,50,50
808,15294,1,727,597,50,50
808,15295,2,633,675,50,50
808,15301,2,1185,216,50,50
808,15302,2,877,509,50,50
808,15307,2,679,573,50,50
808,15308,2,1101,353,50,50
808,15309,2,662,717,50,50
808,15311,1,452,796,50,50
808,15313,1,397,804,50,50
808,15317,1,255,818,50,50
808,15319,1,248,917,50,50
808,15323,1,52,1002,50,50
808,15324,1,1218,226,50,50
808,15325,1,876,435,50,50
809,15248,1,178,873,50,50
809,15259,2,960,460,50,50
809,15267,1,-224,1123,50,50
809,15290,1,765,584,50,50
809,15294,1,732,593,50,50
809,15295,2,638,672,50,50
809,15302,2,879,507,50,50
809,15307,2,675,575,50,50
809,15308,2,1102,353,50,50
809,15309,2,662,717,50,50
809,15311,1,457,793,50,50
809,15313,1,405,801,50,50
809,15317,1,249,821,50,50
809,15319,1,256,912,50,50
809,15323,1,63,996,50,50
809,15324,1,1218,226,50,50
809,15325,1,874,436,50,50
809,15326,1,75,888,50,50
810,15248,1,169,879,50,50
810,15259,2,962,459,50,50
810,15290,1,769,582,50,50
810,15294,1,737,590,50,50
810,15295,2,642,669,50,50
810,15302,2,881,506,50,50
810,15307,2,671,578,50,50
810,15308,2,1103,352,50,50
810,15309,2,662,717,50,50
810,15311,1,464,789,50,50
810,15313,1,411,796,50,50
810,15317,1,243,825,50,50
810,15319,1,263,907,50,50
810,15323,1,76,988,50,50
810,15324,1,1216,227,50,50
810,15325,1,871,437,50,50
810,15326,1,66,892,50,50
811,15248,1,161,885,50,50
811,15259,2,964,457,50,50
811,15290,1,772,579,50,50
811,15294,1,742,587,50,50
811,15295,2,647,666,50,50
811,15302,2,884,504,50,50
811,15307,2,667,580,50,50
811,15308,2,1103,352,50,50
811,15309,2,662,717,50,50
811,15311,1,470,786,50,50
811,15313,1,418,792,50,50
811,15317,1,230,832,50,50
811,15319,1,271,902,50,50
811,15323,1,89,982,50,50
811,15324,1,1215,227,50,50
811,15325,1,869,438,50,50
811,15326,1,59,895,50,50
812,15248,1,152,890,50,50
812,15259,2,965,456,50,50
812,15290,1,776,577,50,50
812,15294,1,746,584,50,50
812,15295,2,651,663,50,50
812,15302,2,887,502,50,50
812,15307,2,663,582,50,50
812,15308,2,1104,351,50,50
812,15309,2,662,717,50,50
812,15311,1,475,782,50,50
812,15313,1,425,788,50,50
812,15317,1,223,836,50,50
812,15319,1,278,898,50,50
812,15323,1,99,976,50,50
812,15324,1,1215,227,50,50
812,15325,1,868,440,50,50
812,15326,1,50,900,50,50
813,15248,1,143,895,50,50
813,15259,2,967,454,50,50
813,15290,0,779,577,50,50
813,15294,1,751,580,50,50
813,15295,2,652,660,50,50
813,15302,1,889,500,50,50
813,15307,2,659,584,50,50
813,15308,2,1105,351,50,50
813,15311,1,481,779,50,50
813,15313,1,432,784,50,50
813,15317,1,216,840,50,50
813,15319,1,285,894,50,50
813,15323,1,110,969,50,50
813,15324,1,1214,227,50,50
813,15325,1,866,441,50,50
813,15326,1,43,905,50,50
813,15327,1,189,534,50,50
814,15248,1,134,901,50,50
814,15259,2,969,453,50,50
814,15290,0,782,575,50,50
814,15294,1,756,577,50,50
814,15295,2,656,657,50,50
814,15302,1,892,498,50,50
814,15307,1,655,586,50,50
814,15308,2,1106,350,50,50
814,15311,1,487,774,50,50
814,15313,1,437,780,50,50
814,15317,1,209,844,50,50
814,15319,1,293,889,50,50
814,15323,1,121,962,50,50
814,15324,1,1214,228,50,50
814,15325,1,863,443,50,50
814,15326,1,36,909,50,50
814,15327,1,189,533,50,50
815,15248,1,124,906,50,50
815,15259,2,971,451,50,50
815,15290,0,785,573,50,50
815,15294,1,761,574,50,50
815,15295,2,658,654,50,50
815,15302,1,894,497,50,50
815,15307,2,652,589,50,50
815,15308,2,1107,350,50,50
815,15311,1,493,771,50,50
815,15313,1,445,776,50,50
815,15317,1,201,848,50,50
815,15319,1,302,885,50,50
815,15323,1,132,956,50,50
815,15324,1,1213,228,50,50
815,15325,1,861,444,50,50
815,15326,1,28,913,50,50
815,15327,1,189,533,50,50
816,15248,1,115,911,50,50
816,15259,2,972,450,50,50
816,15290,0,789,571,50,50
816,15294,1,766,571,50,50
816,15295,2,662,651,50,50
816,15302,1,897,495,50,50
816,15307,2,648,591,50,50
816,15308,2,1107,349,50,50
816,15311,1,499,768,50,50
816,15313,1,452,772,50,50
816,15317,1,193,851,50,50
816,15319,1,310,880,50,50
816,15323,1,143,950,50,50
816,15324,1,1212,228,50,50
816,15325,1,859,446,50,50
816,15326,1,21,918,49,50
816,15327,1,189,533,50,50
817,15248,1,105,916,50,50
817,15259,2,974,449,50,50
817,15290,0,792,568,50,50
817,15294,1,771,567,50,50
817,15295,2,668,649,50,50
817,15302,1,899,492,50,50
817,15307,2,644,594,50,50
817,15308,2,1108,348,50,50
817,15311,1,504,765,50,50
817,15313,1,458,767,50,50
817,15317,1,184,856,50,50
817,15319,1,318,875,50,50
817,15323,1,155,944,50,50
817,15324,1,1212,228,50,50
817,15325,1,858,447,50,50
817,15326,1,16,922,49,50
817,15327,1,189,532,50,50
818,15248,1,94,921,50,50
818,15259,2,976,447,50,50
818,15290,0,796,566,50,50
818,15294,1,776,564,50,50
818,15295,2,672,647,50,50
818,15302,1,901,490,50,50
818,15307,1,640,596,50,50
818,15308,2,1109,348,50,50
818,15311,1,508,762,50,50
818,15313,1,463,763,50,50
818,15317,1,176,860,50,50
818,15319,1,321,871,50,50
818,15323,1,168,937,50,50
818,15324,1,1211,228,50,50
818,15325,1,857,448,50,50
818,15326,1,12,924,49,50
818,15327,1,189,532,50,50
819,15248,1,84,927,50,50
819,15259,2,978,446,50,50
819,15290,0,799,564,50,50
819,15294,1,781,561,50,50
819,15295,2,676,644,50,50
819,15302,1,903,488,50,50
819,15307,1,635,599,50,50
819,15308,2,1110,347,50,50
819,15311,1,516,759,50,50
819,15313,1,470,760,50,50
819,15317,1,170,864,50,50
819,15319,1,327,867,50,50
819,15323,1,178,931,50,50
819,15324,1,1211,229,50,50
819,15325,1,856,448,50,50
819,15326,1,8,928,49,50
819,15327,1,189,532,50,50
820,15248,1,73,932,50,50
820,15259,2,980,444,50,50
820,15290,0,803,562,50,50
820,15294,1,786,558,50,50
820,15295,2,678,642,50,50
820,15302,1,905,487,50,50
820,15307,2,631,601,50,50
820,15308,2,1110,347,50,50
820,15311,1,521,755,50,50
820,15313,1,476,757,50,50
820,15317,1,161,869,50,50
820,15319,1,335,863,50,50
820,15323,1,187,925,50,50
820,15324,1,1210,229,50,50
820,15325,1,854,449,50,50
820,15326,1,2,931,49,50
820,15327,1,189,531,50,50
821,15248,1,63,938,50,50
821,15259,2,981,443,50,50
821,15290,0,806,559,50,50
821,15294,1,791,554,50,50
821,15295,2,681,640,50,50
821,15302,1,907,485,50,50
821,15307,2,627,604,50,50
821,15308,2,1111,346,50,50
821,15311,1,525,751,50,50
821,15313,1,482,752,50,50
821,15317,1,152,873,50,50
821,15319,1,343,860,50,50
821,15323,1,198,919,50,50
821,15324,1,1209,229,50,50
821,15325,1,851,450,50,50
821,15326,1,-4,935,49,50
821,15327,1,189,531,50,50
822,15248,1,53,943,50,50
822,15259,2,983,442,50,50
822,15290,0,810,557,50,50
822,15294,1,796,551,50,50
822,15295,2,685,637,50,50
822,15302,1,910,483,50,50
822,15307,2,622,607,50,50
822,15308,2,1112,346,50,50
822,15311,1,531,747,50,50
822,15313,1,489,749,50,50
822,15317,1,144,878,50,50
822,15319,1,349,855,50,50
822,15323,1,207,913,50,50
822,15324,1,1209,229,50,50
822,15325,1,849,452,50,50
822,15326,1,-10,939,49,50
822,15327,1,189,531,50,50
823,15248,1,42,949,50,50
823,15259,2,985,440,50,50
823,15290,0,813,555,50,50
823,15294,1,801,548,50,50
823,15295,2,689,635,50,50
823,15302,1,912,481,50,50
823,15307,2,618,609,50,50
823,15308,2,1113,345,50,50
823,15311,1,536,744,50,50
823,15313,1,494,745,50,50
823,15317,1,136,882,50,50
823,15319,1,355,851,50,50
823,15323,1,218,908,50,50
823,15324,1,1208,230,50,50
823,15325,1,847,453,50,50
823,15326,1,-16,942,49,50
823,15327,1,189,530,50,50
823,15332,1,128,988,50,50
824,15248,1,32,954,50,50
824,15259,2,987,439,50,50
824,15290,0,817,552,50,50
824,15294,1,806,545,50,50
824,15295,2,692,632,50,50
824,15302,1,914,479,50,50
824,15307,2,614,611,50,50
824,15308,2,1114,345,50,50
824,15311,1,542,741,50,50
824,15313,1,501,741,50,50
824,15317,1,128,887,50,50
824,15319,1,363,847,50,50
824,15323,1,228,902,50,50
824,15324,1,1208,230,50,50
824,15325,1,845,454,50,50
824,15326,1,-22,946,49,50
824,15327,1,189,530,50,50
824,15332,1,138,982,50,50
825,15248,1,25,959,50,50
825,15259,2,988,437,50,50
825,15290,0,820,550,50,50
825,15294,1,810,541,50,50
825,15295,2,696,629,50,50
825,15302,1,917,477,50,50
825,15307,1,609,614,50,50
825,15308,2,1114,344,50,50
825,15311,1,545,737,50,50
825,15313,1,523,737,50,50
825,15317,1,119,891,50,50
825,15319,1,370,843,50,50
825,15323,1,236,896,50,50
825,15324,1,1207,230,50,50
825,15325,1,843,455,50,50
825,15326,1,-27,950,50,50
825,15327,1,189,530,50,50
825,15332,1,148,977,50,50
826,15248,1,19,965,49,50
826,15259,2,990,436,50,50
826,15290,0,824,548,50,50
826,15294,1,815,538,50,50
826,15295,2,699,627,50,50
826,15302,1,919,475,50,50
826,15307,1,604,617,50,50
826,15308,2,1115,344,50,50
826,15311,1,551,733,50,50
826,15313,1,532,733,50,50
826,15317,1,110,896,50,50
826,15319,1,376,839,50,50
826,15323,1,246,890,50,50
826,15324,1,1206,230,50,50
826,15325,1,841,456,50,50
826,15326,1,-33,953,50,50
826,15327,1,189,530,50,50
826,15332,1,156,972,50,50
827,15248,1,14,969,49,50
827,15259,2,992,434,50,50
827,15290,0,827,546,50,50
827,15294,1,820,535,50,50
827,15295,2,703,625,50,50
827,15302,1,921,474,50,50
827,15307,1,599,619,50,50
827,15308,2,1116,343,50,50
827,15311,1,556,730,50,50
827,15313,1,540,729,50,50
827,15317,1,101,901,50,50
827,15319,1,383,835,50,50
827,15323,1,257,885,50,50
827,15324,1,1206,230,50,50
827,15325,1,839,458,50,50
827,15326,1,-39,957,50,50
827,15327,1,189,529,50,50
827,15332,1,164,967,50,50
828,15248,1,8,974,49,50
828,15259,2,994,433,50,50
828,15290,0,831,543,50,50
828,15294,1,825,532,50,50
828,15295,2,706,623,50,50
828,15302,1,924,472,50,50
828,15307,1,595,622,50,50
828,15308,2,1117,343,50,50
828,15311,1,562,726,50,50
828,15313,1,548,725,50,50
828,15317,1,92,905,50,50
828,15319,1,390,831,50,50
828,15323,1,265,880,50,50
828,15324,1,1205,231,50,50
828,15325,1,837,459,50,50
828,15326,1,-45,961,50,50
828,15327,1,189,529,50,50
828,15332,1,172,961,50,50
829,15248,1,3,979,49,50
829,15259,2,995,432,50,50
829,15290,0,835,541,50,50
829,15294,1,830,528,50,50
829,15295,2,710,620,50,50
829,15302,1,926,470,50,50
829,15307,1,591,624,50,50
829,15308,2,1117,342,50,50
829,15311,1,551,723,50,50
829,15313,1,557,721,50,50
829,15317,1,84,910,50,50
829,15319,1,398,826,50,50
829,15323,1,274,875,50,50
829,15324,1,1205,231,50,50
829,15325,1,835,461,50,50
829,15326,1,-51,964,50,50
829,15327,1,189,529,50,50
829,15332,1,181,956,50,50
830,15248,1,-5,984,49,50
830,15259,2,997,430,50,50
830,15290,0,838,539,50,50
830,15294,1,835,525,50,50
830,15295,2,713,618,50,50
830,15302,1,927,471,50,50
830,15307,1,586,627,50,50
830,15308,2,1118,342,50,50
830,15311,1,549,719,50,50
830,15313,1,572,721,50,50
830,15317,1,74,915,50,50
830,15319,1,405,822,50,50
830,15323,1,284,869,50,50
830,15324,1,1204,231,50,50
830,15325,1,833,462,50,50
830,15326,1,-57,968,50,50
830,15327,1,189,528,50,50
830,15332,1,190,951,50,50
831,15248,1,-13,990,49,50
831,15259,2,999,429,50,50
831,15290,1,818,540,50,50
831,15294,1,840,522,50,50
831,15295,2,717,616,50,50
831,15302,1,929,470,50,50
831,15307,1,582,629,50,50
831,15308,2,1119,341,50,50
831,15311,1,546,715,50,50
831,15313,1,579,717,50,50
831,15317,1,66,920,50,50
831,15319,1,412,818,50,50
831,15323,1,294,864,50,50
831,15324,1,1203,231,50,50
831,15325,1,831,463,50,50
831,15326,1,-63,972,50,50
831,15327,1,189,528,50,50
831,15332,1,198,946,50,50
832,15248,1,-21,995,49,50
832,15259,2,1001,427,50,50
832,15290,1,820,539,50,50
832,15295,2,721,613,50,50
832,15302,1,931,468,50,50
832,15307,1,578,632,50,50
832,15308,2,1120,341,50,50
832,15311,1,547,712,50,50
832,15313,1,585,714,50,50
832,15317,1,57,925,50,50
832,15319,1,419,813,50,50
832,15323,1,303,859,50,50
832,15324,1,1203,232,50,50
832,15325,1,829,464,50,50
832,15326,1,-69,975,50,50
832,15327,1,189,528,50,50
832,15332,1,207,941,50,50
833,15248,1,-28,1000,50,50
833,15259,2,1003,426,50,50
833,15290,1,820,537,50,50
833,15295,2,724,611,50,50
833,15302,1,933,467,50,50
833,15307,1,573,635,50,50
833,15308,2,1121,340,50,50
833,15311,1,552,709,50,50
833,15313,1,589,712,50,50
833,15317,1,47,930,50,50
833,15319,1,418,812,50,50
833,15323,1,311,854,50,50
833,15324,1,1202,232,50,50
833,15325,1,828,465,50,50
833,15326,1,-75,979,50,50
833,15327,1,189,527,50,50
833,15332,1,215,937,50,50
834,15248,1,-36,1005,50,50
834,15290,1,822,535,50,50
834,15295,2,728,609,50,50
834,15302,1,935,465,50,50
834,15307,1,568,638,50,50
834,15308,2,1121,340,50,50
834,15311,1,556,706,50,50
834,15313,1,592,708,50,50
834,15317,1,38,934,50,50
834,15319,1,426,809,50,50
834,15323,1,320,849,50,50
834,15324,1,1202,232,50,50
834,15325,1,826,466,50,50
834,15326,1,-81,983,50,50
834,15327,1,189,527,50,50
834,15332,1,224,932,50,50
835,15248,1,-44,1010,50,50
835,15290,1,824,534,50,50
835,15295,2,732,606,50,50
835,15302,1,938,463,50,50
835,15307,1,562,641,50,50
835,15308,2,1122,339,50,50
835,15311,1,561,702,50,50
835,15313,1,596,705,50,50
835,15317,1,29,939,50,50
835,15319,1,433,806,50,50
835,15323,1,327,844,50,50
835,15324,1,1201,232,50,50
835,15325,1,824,467,50,50
835,15326,1,-87,987,50,50
835,15327,1,189,527,50,50
835,15332,1,232,927,50,50
836,15248,1,-52,1015,50,50
836,15290,1,826,531,50,50
836,15295,2,735,604,50,50
836,15302,1,940,462,50,50
836,15307,1,558,644,50,50
836,15308,2,1123,339,50,50
836,15311,1,565,699,50,50
836,15313,1,601,702,50,50
836,15317,1,22,944,49,50
836,15319,1,439,802,50,50
836,15323,1,334,839,50,50
836,15324,1,1200,232,50,50
836,15325,1,823,469,50,50
836,15326,1,-94,990,50,50
836,15327,1,189,526,50,50
836,15332,1,243,921,50,50
836,15337,2,998,431,50,50
837,15248,1,-60,1020,50,50
837,15290,1,828,529,50,50
837,15295,2,739,601,50,50
837,15302,1,942,460,50,50
837,15307,1,553,647,50,50
837,15308,2,1124,338,50,50
837,15311,1,568,695,50,50
837,15313,1,606,699,50,50
837,15317,1,17,949,49,50
837,15319,1,443,798,50,50
837,15323,1,342,834,50,50
837,15324,1,1200,233,50,50
837,15325,1,820,470,50,50
837,15326,1,-100,994,50,50
837,15327,1,189,526,50,50
837,15332,1,252,916,50,50
837,15337,2,1000,430,50,50
838,15248,1,-68,1025,50,50
838,15290,1,831,527,50,50
838,15295,2,743,599,50,50
838,15302,1,944,458,50,50
838,15307,1,548,650,50,50
838,15311,1,571,692,50,50
838,15313,1,610,696,50,50
838,15317,1,12,953,49,50
838,15319,1,450,794,50,50
838,15323,1,350,830,50,50
838,15324,1,1199,233,50,50
838,15325,2,818,471,50,50
838,15326,1,-106,998,50,50
838,15327,1,189,526,50,50
838,15332,1,259,911,50,50
838,15337,2,1001,429,50,50
838,15338,2,949,410,50,50
839,15248,1,-76,1030,50,50
839,15290,1,840,524,50,50
839,15295,2,746,596,50,50
839,15302,1,946,457,50,50
839,15307,1,543,653,50,50
839,15311,1,574,688,50,50
839,15313,1,614,692,50,50
839,15317,1,8,958,49,50
839,15319,1,456,791,50,50
839,15323,1,359,825,50,50
839,15324,1,1199,233,50,50
839,15325,2,816,473,50,50
839,15326,1,-112,1001,50,50
839,15327,1,189,525,50,50
839,15332,1,267,907,50,50
839,15337,2,1002,428,50,50
839,15338,2,948,411,50,50
840,15248,1,-84,1036,50,50
840,15290,1,842,522,50,50
840,15295,2,747,595,50,50
840,15302,1,949,455,50,50
840,15307,1,539,656,50,50
840,15311,1,577,685,50,50
840,15313,1,619,690,50,50
840,15317,1,0,963,49,50
840,15319,1,463,787,50,50
840,15323,1,367,820,50,50
840,15324,1,1198,233,50,50
840,15325,2,814,474,50,50
840,15326,1,-118,1005,50,50
840,15327,1,186,533,50,50
840,15332,1,273,902,50,50
840,15337,2,1003,427,50,50
840,15338,2,947,412,50,50
841,15248,1,-92,1041,50,50
841,15290,1,845,520,50,50
841,15295,2,750,593,50,50
841,15302,1,951,454,50,50
841,15307,1,534,658,50,50
841,15311,1,605,683,50,50
841,15313,1,625,687,50,50
841,15317,1,-7,968,49,50
841,15319,1,469,783,50,50
841,15323,1,374,816,50,50
841,15324,1,1197,234,50,50
841,15325,2,812,476,50,50
841,15326,1,-124,1009,50,50
841,15327,1,185,533,50,50
841,15332,1,280,898,50,50
841,15337,2,1004,426,50,50
841,15338,2,946,413,50,50
842,15248,1,-99,1046,50,50
842,15290,1,849,518,50,50
842,15295,2,754,591,50,50
842,15302,1,953,452,50,50
842,15307,1,529,661,50,50
842,15311,1,608,680,50,50
842,15313,1,631,684,50,50
842,15317,1,-14,972,49,50
842,15319,1,475,779,50,50
842,15323,1,382,811,50,50
842,15325,2,810,477,50,50
842,15326,1,-130,1012,50,50
842,15327,1,185,533,50,50
842,15332,1,287,893,50,50
842,15337,2,1006,425,50,50
842,15338,2,945,413,50,50
843,15248,1,-107,1051,50,50
843,15290,1,852,516,50,50
843,15295,2,757,589,50,50
843,15302,1,955,450,50,50
843,15307,2,524,664,50,50
843,15311,1,613,676,50,50
843,15313,1,637,680,50,50
843,15317,1,-22,977,49,50
843,15319,1,482,775,50,50
843,15323,1,388,807,50,50
843,15325,2,808,478,50,50
843,15326,1,-136,1016,50,50
843,15327,1,185,533,50,50
843,15332,1,295,888,50,50
843,15337,2,1007,424,50,50
843,15338,2,944,414,50,50
844,15248,1,-115,1056,50,50
844,15290,1,855,514,50,50
844,15295,2,761,586,50,50
844,15302,1,957,449,50,50
844,15307,2,518,667,50,50
844,15311,1,618,673,50,50
844,15313,1,643,677,50,50
844,15317,1,-28,981,50,50
844,15319,1,484,771,50,50
844,15323,1,395,803,50,50
844,15325,2,806,480,50,50
844,15326,1,-142,1020,50,50
844,15327,1,184,533,50,50
844,15332,1,302,884,50,50
844,15337,2,1008,423,50,50
844,15338,2,943,415,50,50
845,15248,1,-123,1061,50,50
845,15290,1,857,512,50,50
845,15295,2,764,584,50,50
845,15302,1,960,447,50,50
845,15307,1,513,670,50,50
845,15311,1,623,670,50,50
845,15313,1,649,674,50,50
845,15317,1,-36,986,50,50
845,15319,1,490,768,50,50
845,15323,1,403,798,50,50
845,15325,1,804,481,50,50
845,15326,1,-148,1023,50,50
845,15327,1,184,533,50,50
845,15332,1,310,879,50,50
845,15337,2,1009,422,50,50
845,15338,2,942,416,50,50
846,15248,1,-131,1066,50,50
846,15290,1,860,510,50,50
846,15295,2,768,582,50,50
846,15302,1,962,445,50,50
846,15307,1,508,673,50,50
846,15311,1,628,666,50,50
846,15313,1,655,670,50,50
846,15317,1,-43,991,50,50
846,15319,1,496,764,50,50
846,15323,1,410,794,50,50
846,15325,1,802,482,50,50
846,15326,1,-154,1027,50,50
846,15327,1,184,533,50,50
846,15332,1,318,874,50,50
846,15337,2,1011,421,50,50
846,15338,2,935,420,50,50
847,15248,1,-139,1071,50,50
847,15290,1,863,508,50,50
847,15295,2,771,580,50,50
847,15302,1,964,444,50,50
847,15307,1,502,676,50,50
847,15311,1,633,663,50,50
847,15313,1,661,667,50,50
847,15317,1,-50,995,50,50
847,15319,1,502,760,50,50
847,15323,1,417,790,50,50
847,15325,1,800,484,50,50
847,15326,1,-160,1031,50,50
847,15327,1,185,533,50,50
847,15332,1,324,870,50,50
847,15337,2,1013,420,50,50
847,15338,2,933,422,50,50
848,15248,1,-147,1076,50,50
848,15290,1,872,507,50,50
848,15295,2,774,577,50,50
848,15302,1,966,442,50,50
848,15307,1,497,679,50,50
848,15311,1,638,660,50,50
848,15313,1,667,664,50,50
848,15317,1,-58,1000,50,50
848,15319,1,508,756,50,50
848,15323,1,424,786,50,50
848,15325,1,798,485,50,50
848,15326,1,-166,1034,50,50
848,15327,1,185,533,50,50
848,15332,1,330,868,50,50
848,15337,2,1014,419,50,50
848,15338,2,930,424,50,50
849,15248,1,-155,1082,50,50
849,15290,1,875,505,50,50
849,15295,2,778,575,50,50
849,15302,1,969,441,50,50
849,15307,1,491,683,50,50
849,15311,1,643,656,50,50
849,15313,1,673,661,50,50
849,15317,1,-65,1005,50,50
849,15319,1,513,755,50,50
849,15323,1,431,782,50,50
849,15325,1,796,487,50,50
849,15326,1,-172,1038,50,50
849,15327,1,185,534,50,50
849,15332,1,338,863,50,50
849,15337,2,1015,418,50,50
849,15338,2,928,426,50,50
850,15248,1,-163,1087,50,50
850,15290,1,879,504,50,50
850,15295,2,777,575,50,50
850,15302,1,971,439,50,50
850,15307,1,486,686,50,50
850,15311,1,635,654,50,50
850,15313,1,679,657,50,50
850,15317,1,-72,1009,50,50
850,15319,1,517,752,50,50
850,15323,1,438,777,50,50
850,15325,1,794,488,50,50
850,15327,1,185,534,50,50
850,15332,1,347,859,50,50
850,15337,2,1017,417,50,50
850,15338,2,926,427,50,50
851,15248,1,-171,1092,50,50
851,15290,1,882,502,50,50
851,15295,2,780,573,50,50
851,15302,1,973,437,50,50
851,15307,1,480,689,50,50
851,15311,1,639,652,50,50
851,15313,1,685,654,50,50
851,15317,1,-80,1014,50,50
851,15319,1,521,748,50,50
851,15323,1,445,772,50,50
851,15325,1,792,489,50,50
851,15327,1,185,535,50,50
851,15332,1,354,855,50,50
851,15337,2,1018,416,50,50
851,15338,2,924,428,50,50
852,15248,1,-179,1097,50,50
852,15290,2,879,502,50,50
852,15295,2,783,571,50,50
852,15302,1,975,436,50,50
852,15307,1,474,692,50,50
852,15311,1,645,649,50,50
852,15313,1,691,651,50,50
852,15317,1,-87,1019,50,50
852,15319,1,527,745,50,50
852,15323,1,451,768,50,50
852,15325,1,790,490,50,50
852,15327,1,184,535,50,50
852,15332,1,361,852,50,50
852,15337,2,1019,415,50,50
852,15338,2,923,430,50,50
853,15248,1,-187,1102,50,50
853,15290,2,882,500,50,50
853,15295,2,786,569,50,50
853,15302,1,977,434,50,50
853,15307,1,469,695,50,50
853,15311,1,649,646,50,50
853,15313,1,697,648,50,50
853,15317,1,-95,1023,50,50
853,15319,1,530,742,50,50
853,15323,1,458,765,50,50
853,15325,1,787,492,50,50
853,15327,1,185,535,50,50
853,15332,1,366,848,50,50
853,15337,2,1020,414,50,50
853,15338,2,921,431,50,50
854,15248,1,-195,1107,50,50
854,15290,2,885,499,50,50
854,15295,2,789,567,50,50
854,15302,1,980,432,50,50
854,15307,1,463,699,50,50
854,15311,1,653,643,50,50
854,15313,1,703,644,50,50
854,15317,1,-102,1028,50,50
854,15319,1,536,739,50,50
854,15323,1,465,761,50,50
854,15325,1,785,493,50,50
854,15327,1,185,535,50,50
854,15332,1,372,843,50,50
854,15337,2,1022,413,50,50
854,15338,2,919,432,50,50
855,15248,1,-203,1112,50,50
855,15290,2,888,497,50,50
855,15295,2,792,565,50,50
855,15302,1,982,431,50,50
855,15307,1,457,702,50,50
855,15311,1,657,640,50,50
855,15313,1,709,641,50,50
855,15317,1,-109,1033,50,50
855,15319,1,541,735,50,50
855,15323,1,472,757,50,50
855,15325,1,783,494,50,50
855,15327,1,185,535,50,50
855,15332,1,377,840,50,50
855,15337,2,1023,412,50,50
855,15338,2,917,434,50,50
856,15248,1,-211,1117,50,50
856,15290,2,891,495,50,50
856,15295,2,795,563,50,50
856,15302,1,984,429,50,50
856,15307,1,451,705,50,50
856,15311,1,662,637,50,50
856,15313,1,715,638,50,50
856,15317,1,-117,1037,50,50
856,15319,1,547,732,50,50
856,15323,1,478,753,50,50
856,15325,2,779,496,50,50
856,15327,1,185,535,50,50
856,15332,1,384,836,50,50
856,15337,2,1024,411,50,50
856,15338,2,915,435,50,50
856,15342,1,1453,174,50,50
857,15248,1,-219,1122,50,50
857,15290,2,893,494,50,50
857,15295,2,798,561,50,50
857,15302,1,986,428,50,50
857,15307,1,445,708,50,50
857,15311,1,666,634,50,50
857,15313,1,721,635,50,50
857,15317,1,-124,1042,50,50
857,15319,1,552,728,50,50
857,15323,1,483,750,50,50
857,15325,2,777,498,50,50
857,15327,1,184,535,50,50
857,15332,1,391,832,50,50
857,15337,2,1026,410,50,50
857,15338,2,914,437,50,50
857,15342,1,1453,174,50,50
858,15248,1,-227,1128,50,50
858,15290,2,896,492,50,50
858,15295,2,801,559,50,50
858,15302,1,988,426,50,50
858,15307,1,440,712,50,50
858,15311,1,670,631,50,50
858,15313,1,727,631,50,50
858,15317,1,-131,1047,50,50
858,15319,1,557,725,50,50
858,15323,1,490,746,50,50
858,15325,2,774,499,50,50
858,15327,1,184,535,50,50
858,15332,1,398,828,50,50
858,15337,2,1027,409,50,50
858,15338,2,912,438,50,50
858,15342,1,1453,174,50,50
859,15248,1,-235,1133,50,50
859,15290,2,899,490,50,50
859,15295,2,805,557,50,50
859,15302,1,991,424,50,50
859,15307,1,434,715,50,50
859,15311,1,674,628,50,50
859,15313,1,733,628,50,50
859,15317,1,-139,1051,50,50
859,15319,1,563,722,50,50
859,15323,1,497,742,50,50
859,15325,2,772,500,50,50
859,15327,1,184,535,50,50
859,15332,1,405,824,50,50
859,15337,2,1028,408,50,50
859,15338,2,907,439,50,50
859,15342,1,1453,174,50,50
860,15290,2,902,489,50,50
860,15295,2,808,554,50,50
860,15302,1,993,423,50,50
860,15307,1,428,719,50,50
860,15311,1,678,624,50,50
860,15313,1,739,625,50,50
860,15317,1,-146,1056,50,50
860,15319,1,567,721,50,50
860,15323,1,504,738,50,50
860,15325,2,770,502,50,50
860,15327,1,184,535,50,50
860,15332,1,412,820,50,50
860,15337,2,1029,407,50,50
860,15338,2,905,441,50,50
860,15342,1,1453,174,50,50
861,15290,2,905,487,50,50
861,15295,2,811,552,50,50
861,15307,1,422,722,50,50
861,15311,1,685,625,50,50
861,15313,1,745,622,50,50
861,15317,1,-153,1061,50,50
861,15319,1,571,718,50,50
861,15323,1,510,734,50,50
861,15325,2,768,503,50,50
861,15327,1,184,535,50,50
861,15332,1,419,816,50,50
861,15337,2,1031,406,50,50
861,15338,2,902,443,50,50
861,15342,1,1453,174,50,50
862,15290,2,907,485,50,50
862,15295,2,814,550,50,50
862,15307,1,416,726,50,50
862,15311,1,690,623,50,50
862,15313,1,751,618,50,50
862,15317,1,-161,1065,50,50
862,15319,1,576,715,50,50
862,15323,1,515,731,50,50
862,15325,2,765,505,50,50
862,15327,1,184,535,50,50
862,15332,1,425,812,50,50
862,15337,2,1032,405,50,50
862,15338,2,900,444,50,50
862,15342,1,1453,174,50,50
863,15290,2,910,484,50,50
863,15295,2,817,548,50,50
863,15307,1,411,729,50,50
863,15311,1,694,620,50,50
863,15313,1,757,615,50,50
863,15317,1,-168,1070,50,50
863,15319,1,580,712,50,50
863,15323,1,522,727,50,50
863,15325,2,764,506,50,50
863,15327,1,184,535,50,50
863,15332,1,432,808,50,50
863,15337,2,1033,404,50,50
863,15338,2,898,446,50,50
863,15342,1,1453,174,50,50
864,15290,2,913,482,50,50
864,15295,2,820,546,50,50
864,15307,1,404,733,50,50
864,15311,1,699,617,50,50
864,15313,1,763,612,50,50
864,15317,1,-176,1075,50,50
864,15319,1,584,709,50,50
864,15323,1,529,723,50,50
864,15325,1,762,508,50,50
864,15327,1,184,535,50,50
864,15332,1,437,806,50,50
864,15337,1,989,424,50,50
864,15338,2,896,447,50,50
864,15342,1,1453,174,50,50
865,15290,2,916,480,50,50
865,15295,2,823,544,50,50
865,15307,1,396,737,50,50
865,15311,1,703,614,50,50
865,15313,1,769,609,50,50
865,15317,1,-183,1079,50,50
865,15319,1,589,706,50,50
865,15323,1,533,719,50,50
865,15325,1,760,509,50,50
865,15327,1,184,535,50,50
865,15332,1,443,802,50,50
865,15337,1,988,424,50,50
865,15338,2,894,448,50,50
865,15342,1,1453,174,50,50
866,15290,2,919,478,50,50
866,15295,2,826,542,50,50
866,15307,1,389,741,50,50
866,15311,1,707,611,50,50
866,15313,1,775,605,50,50
866,15317,1,-190,1084,50,50
866,15319,1,594,703,50,50
866,15323,1,540,716,50,50
866,15325,2,760,510,50,50
866,15327,1,184,535,50,50
866,15332,1,448,799,50,50
866,15337,1,987,425,50,50
866,15338,2,892,450,50,50
866,15342,1,1453,174,50,50
867,15290,2,922,477,50,50
867,15295,2,829,540,50,50
867,15307,1,383,744,50,50
867,15311,1,712,609,50,50
867,15313,1,781,602,50,50
867,15317,1,-198,1089,50,50
867,15319,1,599,700,50,50
867,15323,1,546,712,50,50
867,15325,2,758,512,50,50
867,15327,1,184,535,50,50
867,15332,1,452,795,50,50
867,15337,1,986,425,50,50
867,15338,2,889,452,50,50
867,15342,1,1453,174,50,50
868,15290,2,924,475,50,50
868,15295,2,832,538,50,50
868,15307,1,377,748,50,50
868,15311,1,716,606,50,50
868,15313,1,787,599,50,50
868,15317,1,-205,1093,50,50
868,15319,1,604,697,50,50
868,15323,1,550,709,50,50
868,15325,2,757,513,50,50
868,15327,1,184,536,50,50
868,15332,1,459,791,50,50
868,15337,1,984,425,50,50
868,15338,2,887,454,50,50
868,15342,1,1453,174,50,50
869,15290,2,927,473,50,50
869,15295,2,835,536,50,50
869,15307,1,371,751,50,50
869,15311,1,721,603,50,50
869,15313,1,793,596,50,50
869,15317,1,-212,1098,50,50
869,15319,1,609,694,50,50
869,15323,1,557,705,50,50
869,15325,1,752,515,50,50
869,15327,1,184,536,50,50
869,15332,1,465,788,50,50
869,15337,1,983,425,50,50
869,15338,2,884,456,50,50
869,15342,1,1453,174,50,50
870,15290,2,930,472,50,50
870,15295,2,839,533,50,50
870,15307,1,363,755,50,50
870,15311,1,725,600,50,50
870,15313,1,799,592,50,50
870,15319,1,609,691,50,50
870,15323,1,562,702,50,50
870,15325,1,750,517,50,50
870,15327,1,185,536,50,50
870,15332,1,469,784,50,50
870,15337,1,982,425,50,50
870,15338,2,882,457,50,50
870,15342,1,1453,174,50,50
871,15290,2,933,470,50,50
871,15295,2,842,531,50,50
871,15307,1,356,759,50,50
871,15311,1,729,597,50,50
871,15319,1,613,689,50,50
871,15323,1,568,698,50,50
871,15325,1,748,518,50,50
871,15327,1,185,536,50,50
871,15332,1,475,781,50,50
871,15337,1,981,425,50,50
871,15338,2,880,458,50,50
871,15342,1,1453,174,50,50
872,15290,2,936,468,50,50
872,15295,2,845,529,50,50
872,15307,1,349,763,50,50
872,15311,1,734,594,50,50
872,15319,1,615,687,50,50
872,15323,1,574,694,50,50
872,15325,1,746,520,50,50
872,15327,1,185,536,50,50
872,15332,1,481,778,50,50
872,15337,1,980,425,50,50
872,15338,2,878,460,50,50
872,15342,1,1453,174,50,50
873,15290,2,938,467,50,50
873,15295,2,848,527,50,50
873,15307,1,342,766,50,50
873,15311,1,738,592,50,50
873,15319,1,622,684,50,50
873,15323,1,580,690,50,50
873,15325,1,743,521,50,50
873,15327,1,185,536,50,50
873,15332,1,486,774,50,50
873,15337,1,979,426,50,50
873,15338,2,876,461,50,50
873,15342,1,1453,174,50,50
874,15290,2,941,465,50,50
874,15295,2,851,525,50,50
874,15307,1,334,771,50,50
874,15311,1,743,589,50,50
874,15319,1,627,682,50,50
874,15323,1,586,686,50,50
874,15325,1,741,523,50,50
874,15327,1,185,536,50,50
874,15332,1,492,771,50,50
874,15337,1,978,426,50,50
874,15338,2,873,462,50,50
874,15342,1,1453,174,50,50
875,15290,2,944,463,50,50
875,15295,2,854,523,50,50
875,15307,1,326,775,50,50
875,15311,1,747,586,50,50
875,15319,1,631,679,50,50
875,15323,1,592,683,50,50
875,15325,1,739,524,50,50
875,15327,1,185,536,50,50
875,15332,1,498,767,50,50
875,15337,1,977,426,50,50
875,15338,2,871,464,50,50
875,15342,1,1453,174,50,50
876,15290,2,947,461,50,50
876,15295,2,857,521,50,50
876,15307,1,319,778,50,50
876,15311,1,752,583,50,50
876,15319,1,636,676,50,50
876,15323,1,598,679,50,50
876,15325,2,739,529,50,50
876,15327,1,185,536,50,50
876,15332,1,503,763,50,50
876,15337,1,976,426,50,50
876,15338,2,868,465,50,50
876,15342,1,1453,174,50,50
877,15290,2,950,460,50,50
877,15295,2,860,519,50,50
877,15307,1,312,782,50,50
877,15311,1,756,580,50,50
877,15319,1,640,673,50,50
877,15323,1,599,678,50,50
877,15325,2,737,531,50,50
877,15327,1,185,536,50,50
877,15332,1,509,760,50,50
877,15337,1,974,426,50,50
877,15338,2,866,467,50,50
877,15342,1,1453,174,50,50
878,15290,2,953,458,50,50
878,15295,2,863,517,50,50
878,15307,1,305,786,50,50
878,15311,1,760,578,50,50
878,15319,1,645,670,50,50
878,15323,1,604,675,50,50
878,15325,2,735,533,50,50
878,15327,1,185,536,50,50
878,15332,1,513,758,50,50
878,15337,1,973,426,50,50
878,15338,2,863,469,50,50
878,15342,1,1453,174,50,50
879,15290,2,955,456,50,50
879,15295,2,866,515,50,50
879,15307,1,298,790,50,50
879,15311,1,765,575,50,50
879,15319,1,649,667,50,50
879,15323,1,609,672,50,50
879,15325,2,734,535,50,50
879,15327,1,185,536,50,50
879,15332,1,517,755,50,50
879,15337,1,972,426,50,50
879,15338,2,861,470,50,50
879,15342,1,1453,174,50,50
880,15290,2,958,455,50,50
880,15295,2,869,512,50,50
880,15307,1,292,794,50,50
880,15311,1,769,572,50,50
880,15319,2,651,664,50,50
880,15323,1,614,669,50,50
880,15325,2,732,536,50,50
880,15327,1,185,536,50,50
880,15332,1,522,752,50,50
880,15337,1,971,427,50,50
880,15338,2,859,472,50,50
880,15342,1,1453,174,50,50
881,15290,2,859,516,50,50
881,15307,1,285,798,50,50
881,15311,1,774,569,50,50
881,15319,1,654,662,50,50
881,15323,1,619,665,50,50
881,15325,2,722,537,50,50
881,15327,1,185,536,50,50
881,15332,1,526,748,50,50
881,15337,1,970,427,50,50
881,15338,2,856,474,50,50
881,15342,1,1453,174,50,50
882,15290,2,860,516,50,50
882,15307,1,278,801,50,50
882,15311,1,778,566,50,50
882,15319,1,658,659,50,50
882,15323,1,622,662,50,50
882,15325,2,720,539,50,50
882,15327,1,184,536,50,50
882,15332,1,531,745,50,50
882,15337,1,969,427,50,50
882,15338,2,854,476,50,50
882,15342,1,1453,174,50,50
882,15346,1,28,1062,50,50
883,15290,2,859,517,50,50
883,15307,1,271,805,50,50
883,15311,1,782,564,50,50
883,15319,1,662,657,50,50
883,15323,1,628,659,50,50
883,15325,2,717,541,50,50
883,15327,1,184,536,50,50
883,15332,1,536,742,50,50
883,15337,1,968,427,50,50
883,15338,2,850,478,50,50
883,15342,1,1453,174,50,50
883,15346,1,30,1061,50,50
883,15347,1,534,644,50,50
884,15290,2,858,517,50,50
884,15307,1,264,809,50,50
884,15311,1,787,561,50,50
884,15319,1,666,654,50,50
884,15323,1,633,656,50,50
884,15325,2,714,542,50,50
884,15327,1,184,536,50,50
884,15332,1,541,739,50,50
884,15337,1,967,427,50,50
884,15338,2,847,479,50,50
884,15342,1,1453,174,50,50
884,15346,1,40,1056,50,50
884,15347,1,531,646,50,50
885,15290,2,857,518,50,50
885,15307,1,257,813,50,50
885,15311,1,791,558,50,50
885,15319,1,671,651,50,50
885,15323,1,638,652,50,50
885,15325,2,712,544,50,50
885,15327,1,184,536,50,50
885,15332,1,546,736,50,50
885,15337,1,966,427,50,50
885,15338,2,845,480,50,50
885,15342,1,1453,174,50,50
885,15346,1,45,1053,50,50
885,15347,1,526,648,50,50
886,15290,2,856,518,50,50
886,15307,1,251,816,50,50
886,15311,1,796,555,50,50
886,15319,1,675,648,50,50
886,15323,1,643,649,50,50
886,15325,2,709,546,50,50
886,15327,1,184,536,50,50
886,15332,1,552,732,50,50
886,15337,1,964,427,50,50
886,15338,2,842,482,50,50
886,15342,1,1453,174,50,50
886,15346,1,56,1048,50,50
886,15347,1,523,650,50,50
887,15290,2,855,519,50,50
887,15307,1,244,820,50,50
887,15311,1,800,552,50,50
887,15319,1,679,646,50,50
887,15323,1,648,645,50,50
887,15325,2,706,547,50,50
887,15327,1,184,536,50,50
887,15332,1,557,729,50,50
887,15337,1,963,428,50,50
887,15338,2,839,484,50,50
887,15342,1,1453,174,50,50
887,15346,1,64,1043,50,50
887,15347,1,518,653,50,50
888,15290,2,854,520,50,50
888,15307,1,237,824,50,50
888,15311,1,804,550,50,50
888,15319,1,683,643,50,50
888,15323,1,654,642,50,50
888,15325,2,701,549,50,50
888,15327,1,184,536,50,50
888,15332,1,562,726,50,50
888,15337,1,962,428,50,50
888,15338,2,837,486,50,50
888,15342,1,1453,174,50,50
888,15346,1,70,1040,50,50
888,15347,1,515,655,50,50
889,15290,2,853,520,50,50
889,15307,1,230,828,50,50
889,15311,1,809,547,50,50
889,15319,1,687,640,50,50
889,15323,1,659,639,50,50
889,15325,2,697,550,50,50
889,15327,1,184,536,50,50
889,15332,1,567,722,50,50
889,15337,1,961,428,50,50
889,15338,2,834,488,50,50
889,15346,1,76,1037,50,50
889,15347,1,510,658,50,50
890,15290,2,852,521,50,50
890,15307,1,223,831,50,50
890,15311,1,813,544,50,50
890,15319,1,691,637,50,50
890,15323,1,664,635,50,50
890,15325,2,694,552,50,50
890,15327,1,184,536,50,50
890,15332,1,573,719,50,50
890,15337,1,960,428,50,50
890,15338,2,831,490,50,50
890,15346,1,82,1034,50,50
890,15347,1,505,660,50,50
891,15290,2,851,522,50,50
891,15307,1,216,835,50,50
891,15311,1,818,541,50,50
891,15319,1,696,634,50,50
891,15323,1,669,632,50,50
891,15325,2,691,553,50,50
891,15327,1,184,536,50,50
891,15332,1,576,718,50,50
891,15337,1,959,428,50,50
891,15338,2,829,491,50,50
891,15346,1,88,1031,50,50
891,15347,1,501,663,50,50
892,15290,2,851,522,50,50
892,15307,1,210,839,50,50
892,15319,1,700,632,50,50
892,15323,1,674,629,50,50
892,15325,2,688,555,50,50
892,15327,1,184,536,50,50
892,15332,1,580,715,50,50
892,15337,1,958,428,50,50
892,15338,2,826,493,50,50
892,15346,1,94,1028,50,50
892,15347,1,497,666,50,50
893,15290,2,850,523,50,50
893,15307,1,181,852,50,50
893,15319,1,704,629,50,50
893,15323,1,680,625,50,50
893,15325,2,685,557,50,50
893,15327,1,184,536,50,50
893,15332,1,584,713,50,50
893,15337,1,957,429,50,50
893,15338,2,824,495,50,50
893,15346,1,101,1024,50,50
893,15347,1,493,668,50,50
894,15290,2,849,523,50,50
894,15307,1,173,858,50,50
894,15319,1,708,626,50,50
894,15323,1,700,628,50,50
894,15325,2,682,558,50,50
894,15327,1,184,536,50,50
894,15332,1,588,710,50,50
894,15337,1,956,429,50,50
894,15338,2,821,497,50,50
894,15346,1,107,1021,50,50
894,15347,1,488,671,50,50
895,15290,2,848,524,50,50
895,15307,1,164,862,50,50
895,15319,1,712,623,50,50
895,15323,1,704,627,50,50
895,15325,2,680,560,50,50
895,15327,1,184,536,50,50
895,15332,1,592,707,50,50
895,15338,2,819,498,50,50
895,15346,1,113,1018,50,50
895,15347,1,483,674,50,50
896,15290,2,847,525,50,50
896,15307,1,155,867,50,50
896,15319,1,716,620,50,50
896,15323,1,710,624,50,50
896,15325,2,677,561,50,50
896,15327,1,184,536,50,50
896,15332,1,597,703,50,50
896,15338,2,816,500,50,50
896,15346,1,119,1015,50,50
896,15347,1,478,676,50,50
897,15290,2,846,525,50,50
897,15307,1,147,871,50,50
897,15319,1,721,618,50,50
897,15323,1,716,621,50,50
897,15325,2,674,563,50,50
897,15327,1,184,536,50,50
897,15332,1,601,700,50,50
897,15338,2,813,502,50,50
897,15346,1,125,1012,50,50
897,15347,1,473,678,50,50
898,15290,2,845,526,50,50
898,15307,1,138,875,50,50
898,15319,1,725,615,50,50
898,15323,1,722,618,50,50
898,15325,2,671,565,50,50
898,15327,1,184,536,50,50
898,15332,1,606,697,50,50
898,15338,2,811,505,50,50
898,15346,1,144,996,50,50
898,15347,1,469,680,50,50
899,15290,2,844,527,50,50
899,15307,1,130,880,50,50
899,15319,1,729,612,50,50
899,15323,1,728,616,50,50
899,15325,2,668,566,50,50
899,15327,1,184,536,50,50
899,15332,1,611,694,50,50
899,15338,2,808,507,50,50
899,15346,1,154,991,50,50
899,15347,1,464,682,50,50
900,15290,2,843,527,50,50
900,15307,1,117,889,50,50
900,15319,1,700,612,50,50
900,15323,1,734,613,50,50
900,15325,2,665,568,50,50
900,15327,1,184,536,50,50
900,15332,1,615,692,50,50
900,15338,2,805,509,50,50
900,15346,1,161,986,50,50
900,15347,1,459,685,50,50
900,15349,1,16,1061,49,50
901,15290,2,842,528,50,50
901,15307,1,108,894,50,50
901,15319,1,702,610,50,50
901,15323,1,741,610,50,50
901,15325,2,662,570,50,50
901,15327,1,184,536,50,50
901,15332,1,619,689,50,50
901,15338,2,803,511,50,50
901,15346,1,169,981,50,50
901,15347,1,455,688,50,50
901,15349,1,22,1059,49,50
902,15290,2,841,528,50,50
902,15307,1,98,899,50,50
902,15319,1,705,607,50,50
902,15323,1,747,607,50,50
902,15325,2,659,571,50,50
902,15327,1,184,536,50,50
902,15332,1,620,687,50,50
902,15338,2,800,513,50,50
902,15346,1,176,977,50,50
902,15347,1,450,690,50,50
902,15349,1,26,1057,50,50
903,15290,2,841,529,50,50
903,15307,1,88,904,50,50
903,15319,1,707,605,50,50
903,15323,1,753,604,50,50
903,15325,2,656,571,50,50
903,15327,1,184,536,50,50
903,15332,1,625,684,50,50
903,15338,2,795,515,50,50
903,15346,1,182,972,50,50
903,15347,1,445,693,50,50
903,15349,1,30,1052,50,50
904,15290,2,840,530,50,50
904,15307,1,78,910,50,50
904,15319,1,710,602,50,50
904,15323,1,759,602,50,50
904,15325,1,654,572,50,50
904,15327,1,184,536,50,50
904,15332,1,629,682,50,50
904,15338,2,792,516,50,50
904,15346,1,189,969,50,50
904,15347,1,441,696,50,50
904,15349,1,36,1046,50,50
905,15290,2,839,530,50,50
905,15307,1,66,915,50,50
905,15319,1,712,599,50,50
905,15323,1,765,599,50,50
905,15325,2,652,574,50,50
905,15327,1,184,536,50,50
905,15332,1,633,679,50,50
905,15338,2,789,518,50,50
905,15346,1,196,965,50,50
905,15347,1,436,698,50,50
905,15349,1,44,1041,50,50
906,15290,2,838,531,50,50
906,15307,1,56,920,50,50
906,15319,1,715,597,50,50
906,15323,1,771,596,50,50
906,15325,2,649,576,50,50
906,15327,1,184,536,50,50
906,15332,1,637,676,50,50
906,15338,2,786,520,50,50
906,15346,1,203,960,50,50
906,15347,1,432,700,50,50
906,15349,1,51,1036,50,50
907,15290,2,837,532,50,50
907,15307,1,45,926,50,50
907,15319,1,717,594,50,50
907,15323,1,777,593,50,50
907,15325,1,647,578,50,50
907,15327,1,183,535,50,50
907,15332,1,642,673,50,50
907,15338,2,783,522,50,50
907,15346,1,209,956,50,50
907,15347,1,427,703,50,50
907,15349,1,63,1030,50,50
908,15290,2,836,532,50,50
908,15307,1,35,932,50,50
908,15319,1,720,591,50,50
908,15323,1,783,590,50,50
908,15325,1,644,579,50,50
908,15327,1,182,534,50,50
908,15332,1,646,670,50,50
908,15338,2,780,524,50,50
908,15346,1,216,952,50,50
908,15347,1,422,706,50,50
908,15349,1,71,1024,50,50
909,15290,2,835,533,50,50
909,15307,1,26,938,50,50
909,15319,1,748,597,50,50
909,15323,1,789,587,50,50
909,15325,1,640,581,50,50
909,15327,1,182,534,50,50
909,15332,1,650,667,50,50
909,15338,2,778,526,50,50
909,15346,1,223,948,50,50
909,15347,1,417,708,50,50
909,15349,1,82,1018,50,50
910,15290,2,834,533,50,50
910,15307,1,17,943,49,50
910,15319,1,752,595,50,50
910,15323,1,795,585,50,50
910,15325,1,637,582,50,50
910,15327,1,182,535,50,50
910,15332,1,655,664,50,50
910,15338,2,775,528,50,50
910,15346,1,228,945,50,50
910,15347,1,412,711,50,50
910,15349,1,87,1014,50,50
910,15352,1,615,611,50,50
911,15290,2,833,534,50,50
911,15307,1,14,948,49,50
911,15319,1,756,593,50,50
911,15323,1,801,582,50,50
911,15325,1,634,584,50,50
911,15327,1,181,535,50,50
911,15332,1,659,661,50,50
911,15338,2,772,529,50,50
911,15346,1,235,941,50,50
911,15347,1,408,714,50,50
911,15349,1,95,1009,50,50
911,15352,1,610,614,50,50
912,15290,2,832,535,50,50
912,15307,1,9,954,49,50
912,15319,1,759,590,50,50
912,15323,1,748,582,50,50
912,15325,1,630,587,50,50
912,15327,1,181,535,50,50
912,15332,1,663,658,50,50
912,15338,2,769,531,50,50
912,15346,1,240,937,50,50
912,15347,1,403,717,50,50
912,15349,1,104,1003,50,50
912,15352,2,606,616,50,50
913,15307,1,0,959,49,50
913,15319,1,763,588,50,50
913,15323,1,751,580,50,50
913,15325,1,627,589,50,50
913,15327,1,181,535,50,50
913,15332,1,667,656,50,50
913,15338,2,766,533,50,50
913,15346,1,247,933,50,50
913,15347,1,397,720,50,50
913,15349,1,111,998,50,50
913,15352,2,601,619,50,50
914,15307,1,-8,965,49,50
914,15319,1,767,586,50,50
914,15323,1,754,577,50,50
914,15325,2,623,591,50,50
914,15327,1,181,536,50,50
914,15332,1,672,653,50,50
914,15338,2,763,535,50,50
914,15346,1,253,929,50,50
914,15347,1,392,723,50,50
914,15349,1,120,993,50,50
914,15352,1,596,622,50,50
915,15307,1,-17,970,49,50
915,15319,1,772,583,50,50
915,15323,1,757,575,50,50
915,15325,2,620,593,50,50
915,15327,1,181,536,50,50
915,15332,1,676,650,50,50
915,15338,2,761,537,50,50
915,15346,1,260,925,50,50
915,15347,1,387,725,50,50
915,15349,1,132,987,50,50
915,15352,1,592,625,50,50
916,15307,1,-25,975,49,50
916,15319,1,776,581,50,50
916,15323,1,759,572,50,50
916,15325,2,616,595,50,50
916,15327,1,181,536,50,50
916,15332,1,675,652,50,50
916,15338,2,758,539,50,50
916,15346,1,266,921,50,50
916,15347,1,383,728,50,50
916,15349,1,141,982,50,50
916,15352,1,587,627,50,50
917,15307,1,-33,981,50,50
917,15319,1,780,579,50,50
917,15323,1,762,569,50,50
917,15325,2,613,597,50,50
917,15327,1,180,536,50,50
917,15332,1,679,650,50,50
917,15338,2,755,541,50,50
917,15346,1,269,918,50,50
917,15347,1,378,730,50,50
917,15349,1,149,977,50,50
917,15352,1,583,630,50,50
918,15307,1,-41,986,50,50
918,15319,1,784,577,50,50
918,15323,1,765,567,50,50
918,15325,1,610,599,50,50
918,15327,1,180,536,50,50
918,15332,1,682,647,50,50
918,15338,2,752,543,50,50
918,15346,1,275,914,50,50
918,15347,1,372,733,50,50
918,15349,1,157,972,50,50
918,15352,1,578,633,50,50
919,15307,1,-50,991,50,50
919,15319,1,789,575,50,50
919,15323,1,768,564,50,50
919,15325,1,606,601,50,50
919,15327,1,180,536,50,50
919,15332,1,686,645,50,50
919,15338,2,749,544,50,50
919,15346,1,282,911,50,50
919,15347,1,367,736,50,50
919,15349,1,164,967,50,50
919,15352,1,572,636,50,50
919,15355,2,1011,395,50,50
920,15307,1,-58,997,50,50
920,15319,1,793,573,50,50
920,15323,1,771,561,50,50
920,15325,1,603,604,50,50
920,15327,1,181,536,50,50
920,15332,1,690,642,50,50
920,15338,2,746,546,50,50
920,15346,1,289,907,50,50
920,15347,1,361,739,50,50
920,15349,1,171,963,50,50
920,15352,1,568,639,50,50
920,15355,2,1013,393,50,50
921,15307,1,-67,1002,50,50
921,15319,1,797,571,50,50
921,15323,1,774,559,50,50
921,15325,1,600,606,50,50
921,15327,1,181,536,50,50
921,15332,1,694,640,50,50
921,15338,2,743,548,50,50
921,15346,1,295,904,50,50
921,15347,1,356,742,50,50
921,15349,1,179,958,50,50
921,15352,1,563,642,50,50
921,15355,2,1015,391,50,50
922,15307,1,-75,1007,50,50
922,15319,1,801,569,50,50
922,15323,1,776,556,50,50
922,15325,1,597,608,50,50
922,15327,1,181,536,50,50
922,15332,1,698,637,50,50
922,15338,2,741,550,50,50
922,15346,1,302,900,50,50
922,15347,1,350,744,50,50
922,15349,1,187,954,50,50
922,15352,1,558,645,50,50
922,15355,2,1016,390,50,50
922,15357,0,1010,407,50,50
923,15307,1,-84,1013,50,50
923,15319,1,806,566,50,50
923,15323,1,779,554,50,50
923,15325,1,593,610,50,50
923,15327,1,181,536,50,50
923,15332,1,702,635,50,50
923,15338,2,738,552,50,50
923,15346,1,308,896,50,50
923,15347,1,344,748,50,50
923,15349,1,194,949,50,50
923,15352,1,554,648,50,50
923,15355,2,1017,389,50,50
923,15357,0,1011,406,50,50
924,15307,1,-92,1018,50,50
924,15319,1,810,564,50,50
924,15323,1,782,551,50,50
924,15325,1,590,611,50,50
924,15327,1,181,536,50,50
924,15332,1,706,632,50,50
924,15338,2,735,554,50,50
924,15346,1,313,892,50,50
924,15347,1,339,751,50,50
924,15349,1,201,945,50,50
924,15352,1,549,650,50,50
924,15355,2,1018,388,50,50
924,15357,0,1012,405,50,50
925,15307,1,-101,1023,50,50
925,15319,1,814,562,50,50
925,15323,1,785,548,50,50
925,15325,1,586,613,50,50
925,15327,1,181,536,50,50
925,15332,1,710,629,50,50
925,15338,2,732,556,50,50
925,15346,1,319,888,50,50
925,15347,1,333,754,50,50
925,15349,1,209,940,50,50
925,15352,1,544,654,50,50
925,15355,2,1020,387,50,50
925,15357,0,1013,404,50,50
926,15307,1,-109,1029,50,50
926,15319,1,818,560,50,50
926,15323,1,788,546,50,50
926,15325,1,582,615,50,50
926,15327,1,181,536,50,50
926,15332,1,714,627,50,50
926,15338,2,729,557,50,50
926,15346,1,325,884,50,50
926,15347,1,327,757,50,50
926,15349,1,217,934,50,50
926,15352,1,538,657,50,50
926,15355,2,1021,386,50,50
926,15357,0,1014,403,50,50
927,15307,1,-118,1034,50,50
927,15319,1,822,558,50,50
927,15323,1,790,543,50,50
927,15325,1,578,617,50,50
927,15327,1,181,536,50,50
927,15332,1,718,624,50,50
927,15338,2,726,559,50,50
927,15346,1,331,880,50,50
927,15347,1,322,760,50,50
927,15349,1,225,929,50,50
927,15352,2,533,659,50,50
927,15355,2,1022,385,50,50
927,15357,0,1015,402,50,50
928,15307,1,-126,1039,50,50
928,15319,1,827,556,50,50
928,15323,1,793,540,50,50
928,15325,1,575,619,50,50
928,15327,1,181,536,50,50
928,15332,1,722,622,50,50
928,15338,2,723,561,50,50
928,15346,1,337,876,50,50
928,15347,1,317,763,50,50
928,15349,1,233,924,50,50
928,15352,1,528,662,50,50
928,15355,2,1023,384,50,50
928,15357,2,1025,383,50,50
928,15358,1,1127,287,50,50
929,15307,1,-135,1045,50,50
929,15319,1,831,554,50,50
929,15323,1,796,538,50,50
929,15325,1,570,621,50,50
929,15327,1,181,536,50,50
929,15332,1,726,619,50,50
929,15338,2,721,563,50,50
929,15346,1,344,872,50,50
929,15347,1,311,766,50,50
929,15349,1,240,920,50,50
929,15352,1,523,665,50,50
929,15355,2,1025,382,50,50
929,15357,2,1027,380,50,50
929,15358,1,1125,288,50,50
930,15307,1,-143,1050,50,50
930,15319,1,835,552,50,50
930,15323,1,799,535,50,50
930,15325,1,566,623,50,50
930,15327,1,181,536,50,50
930,15332,1,730,617,50,50
930,15338,2,718,565,50,50
930,15346,1,350,868,50,50
930,15347,1,305,769,50,50
930,15349,1,248,915,50,50
930,15352,1,517,668,50,50
930,15355,2,1026,381,50,50
930,15357,2,1030,379,50,50
930,15358,1,1124,289,50,50
931,15307,1,-152,1055,50,50
931,15319,1,839,549,50,50
931,15323,1,802,533,50,50
931,15325,1,563,625,50,50
931,15327,1,181,536,50,50
931,15332,1,734,614,50,50
931,15338,1,701,575,50,50
931,15346,1,356,864,50,50
931,15347,1,300,772,50,50
931,15349,1,254,911,50,50
931,15352,1,512,672,50,50
931,15355,2,1027,380,50,50
931,15357,2,1032,377,50,50
931,15358,1,1124,290,50,50
932,15307,1,-160,1061,50,50
932,15319,1,844,547,50,50
932,15323,1,805,530,50,50
932,15325,1,560,627,50,50
932,15327,1,180,536,50,50
932,15332,1,738,612,50,50
932,15338,2,697,578,50,50
932,15346,1,362,861,50,50
932,15347,1,295,775,50,50
932,15349,1,261,907,50,50
932,15352,1,506,675,50,50
932,15355,2,1029,379,50,50
932,15357,2,1034,374,50,50
932,15358,1,1123,291,50,50
933,15307,1,-169,1066,50,50
933,15319,1,848,545,50,50
933,15323,1,807,527,50,50
933,15325,1,556,630,50,50
933,15327,1,181,536,50,50
933,15332,1,741,609,50,50
933,15338,2,694,581,50,50
933,15346,1,363,860,50,50
933,15347,1,289,778,50,50
933,15349,1,267,903,50,50
933,15352,1,501,678,50,50
933,15355,2,1030,378,50,50
933,15357,2,1036,371,50,50
933,15358,1,1122,291,50,50
934,15307,1,-177,1071,50,50
934,15319,1,852,543,50,50
934,15323,1,810,525,50,50
934,15325,1,553,632,50,50
934,15327,1,181,536,50,50
934,15332,1,745,607,50,50
934,15338,1,689,583,50,50
934,15346,1,368,857,50,50
934,15347,1,283,781,50,50
934,15349,1,274,898,50,50
934,15352,1,496,681,50,50
934,15355,2,1031,377,50,50
934,15357,2,1038,368,50,50
934,15358,1,1121,292,50,50
935,15307,1,-186,1076,50,50
935,15319,1,856,541,50,50
935,15323,1,813,522,50,50
935,15325,1,549,634,50,50
935,15327,1,181,536,50,50
935,15332,1,749,604,50,50
935,15338,1,685,586,50,50
935,15346,1,374,854,50,50
935,15347,1,278,784,50,50
935,15349,1,281,894,50,50
935,15352,1,490,684,50,50
935,15355,2,1033,376,50,50
935,15357,2,1040,365,50,50
935,15358,1,1120,293,50,50
936,15307,1,-194,1082,50,50
936,15319,1,861,539,50,50
936,15323,1,816,519,50,50
936,15325,1,545,637,50,50
936,15327,1,180,536,50,50
936,15332,1,753,601,50,50
936,15338,2,681,588,50,50
936,15346,1,380,850,50,50
936,15347,1,272,787,50,50
936,15349,1,289,889,50,50
936,15352,1,484,688,50,50
936,15355,2,1034,375,50,50
936,15357,2,1043,362,50,50
936,15358,1,1119,293,50,50
937,15307,1,-203,1087,50,50
937,15319,1,865,537,50,50
937,15323,1,819,517,50,50
937,15325,1,541,639,50,50
937,15327,1,180,536,50,50
937,15332,1,757,599,50,50
937,15338,2,676,591,50,50
937,15346,1,386,847,50,50
937,15347,1,267,790,50,50
937,15349,1,295,886,50,50
937,15352,2,479,691,50,50
937,15355,2,1035,374,50,50
937,15357,2,1045,359,50,50
937,15358,1,1118,294,50,50
938,15307,1,-211,1092,50,50
938,15319,1,869,535,50,50
938,15323,1,821,514,50,50
938,15325,1,538,641,50,50
938,15327,1,180,536,50,50
938,15332,1,761,596,50,50
938,15338,1,672,593,50,50
938,15346,1,392,843,50,50
938,15347,1,262,793,50,50
938,15349,1,301,882,50,50
938,15352,1,473,694,50,50
938,15355,2,1037,372,50,50
938,15357,2,1047,356,50,50
938,15358,1,1117,294,50,50
939,15307,1,-220,1098,50,50
939,15319,2,831,540,50,50
939,15323,1,824,512,50,50
939,15325,2,534,644,50,50
939,15327,1,180,535,50,50
939,15332,1,735,535,50,50
939,15338,1,669,596,50,50
939,15346,1,397,839,50,50
939,15347,1,256,796,50,50
939,15349,1,309,877,50,50
939,15352,1,467,697,50,50
939,15355,2,1038,371,50,50
939,15357,2,1049,353,50,50
939,15358,1,1116,295,50,50
940,15307,1,-228,1103,50,50
940,15319,2,833,539,50,50
940,15323,1,827,509,50,50
940,15325,2,530,646,50,50
940,15327,1,180,535,50,50
940,15332,1,737,530,50,50
940,15338,2,665,598,50,50
940,15346,1,403,836,50,50
940,15347,1,251,799,50,50
940,15349,1,316,872,50,50
940,15352,1,461,701,50,50
940,15355,2,1039,370,50,50
940,15357,2,1051,350,50,50
940,15358,1,1115,296,50,50
941,15307,1,-237,1108,50,50
941,15319,2,835,537,50,50
941,15323,1,830,506,50,50
941,15325,2,526,648,50,50
941,15327,1,180,535,50,50
941,15332,1,740,524,50,50
941,15338,2,661,600,50,50
941,15346,1,409,832,50,50
941,15347,1,245,802,50,50
941,15349,1,321,868,50,50
941,15352,1,455,704,50,50
941,15355,0,974,433,50,50
941,15357,2,1053,348,50,50
941,15358,1,1114,296,50,50
942,15307,1,-245,1114,50,50
942,15319,2,838,535,50,50
942,15323,1,833,504,50,50
942,15325,2,522,650,50,50
942,15327,1,180,535,50,50
942,15332,1,742,519,50,50
942,15338,2,656,603,50,50
942,15346,1,415,829,50,50
942,15347,1,240,805,50,50
942,15349,1,326,865,50,50
942,15352,1,449,708,50,50
942,15355,0,972,435,50,50
942,15357,2,1056,345,50,50
942,15358,1,1113,297,50,50
943,15319,2,840,533,50,50
943,15325,2,518,652,50,50
943,15327,1,180,535,50,50
943,15332,1,745,514,50,50
943,15338,2,652,606,50,50
943,15346,1,420,825,50,50
943,15347,1,234,808,50,50
943,15349,1,333,861,50,50
943,15352,1,444,711,50,50
943,15355,0,970,437,50,50
943,15357,2,1058,342,50,50
943,15358,1,1110,299,50,50
944,15319,2,843,531,50,50
944,15325,2,514,654,50,50
944,15327,1,180,535,50,50
944,15332,1,747,509,50,50
944,15338,2,648,609,50,50
944,15346,1,417,824,50,50
944,15347,1,229,811,50,50
944,15349,1,340,858,50,50
944,15352,1,438,714,50,50
944,15355,0,968,440,50,50
944,15357,2,1060,339,50,50
944,15358,1,1108,300,50,50
945,15319,2,845,529,50,50
945,15325,2,509,657,50,50
945,15327,1,180,535,50,50
945,15332,1,750,504,50,50
945,15338,2,645,612,50,50
945,15346,1,420,821,50,50
945,15347,1,223,814,50,50
945,15349,1,347,854,50,50
945,15352,1,431,718,50,50
945,15355,0,966,442,50,50
945,15357,2,1062,336,50,50
945,15358,1,1107,300,50,50
946,15319,2,847,528,50,50
946,15325,2,505,659,50,50
946,15327,1,180,535,50,50
946,15332,1,753,498,50,50
946,15338,2,639,614,50,50
946,15346,1,424,818,50,50
946,15347,1,218,817,50,50
946,15349,1,353,850,50,50
946,15352,1,425,722,50,50
946,15355,0,963,444,50,50
946,15357,2,1064,333,50,50
946,15358,1,1107,301,50,50
947,15319,2,850,526,50,50
947,15325,2,501,662,50,50
947,15327,1,180,535,50,50
947,15332,1,755,493,50,50
947,15338,2,633,617,50,50
947,15346,1,429,815,50,50
947,15347,1,213,820,50,50
947,15349,1,359,846,50,50
947,15352,1,419,726,50,50
947,15355,0,961,446,50,50
947,15357,2,1067,330,50,50
947,15358,1,1105,301,50,50
948,15319,2,852,524,50,50
948,15325,2,497,665,50,50
948,15327,1,180,535,50,50
948,15332,1,758,488,50,50
948,15338,1,629,619,50,50
948,15346,1,440,812,50,50
948,15347,1,207,823,50,50
948,15349,1,364,843,50,50
948,15352,1,413,729,50,50
948,15355,0,959,448,50,50
948,15357,2,1069,327,50,50
948,15358,1,1104,301,50,50
949,15319,2,855,522,50,50
949,15325,2,492,667,50,50
949,15327,1,180,535,50,50
949,15332,1,760,483,50,50
949,15338,2,625,621,50,50
949,15346,1,442,809,50,50
949,15347,1,202,826,50,50
949,15349,1,369,839,50,50
949,15352,1,406,733,50,50
949,15355,0,957,450,50,50
949,15357,2,1071,324,50,50
949,15358,1,1103,301,50,50
950,15319,2,857,520,50,50
950,15325,2,488,669,50,50
950,15327,1,180,535,50,50
950,15332,1,763,478,50,50
950,15338,2,621,624,50,50
950,15346,1,447,806,50,50
950,15347,1,196,829,50,50
950,15349,1,376,836,50,50
950,15352,1,399,738,50,50
950,15355,0,955,452,50,50
950,15357,2,1073,321,50,50
950,15358,1,1102,302,50,50
951,15319,2,859,520,50,50
951,15325,1,484,671,50,50
951,15327,1,180,535,50,50
951,15332,1,765,472,50,50
951,15338,2,617,626,50,50
951,15346,1,452,802,50,50
951,15347,1,191,832,50,50
951,15349,1,381,832,50,50
951,15352,1,391,741,50,50
951,15355,0,953,455,50,50
951,15357,1,1083,304,50,50
951,15358,1,1102,302,50,50
952,15319,2,860,519,50,50
952,15325,1,480,674,50,50
952,15327,1,180,535,50,50
952,15332,1,768,467,50,50
952,15338,2,612,629,50,50
952,15346,1,456,799,50,50
952,15347,1,185,835,50,50
952,15349,1,387,829,50,50
952,15352,1,384,745,50,50
952,15355,0,951,457,50,50
952,15357,1,1086,300,50,50
952,15358,1,1101,303,50,50
953,15319,2,862,518,50,50
953,15325,1,476,676,50,50
953,15327,1,180,535,50,50
953,15332,1,771,462,50,50
953,15338,2,607,632,50,50
953,15346,1,461,796,50,50
953,15347,1,180,838,50,50
953,15349,1,392,826,50,50
953,15352,1,378,748,50,50
953,15355,0,949,459,50,50
953,15357,1,1084,304,50,50
953,15358,1,1100,304,50,50
954,15319,2,865,516,50,50
954,15325,1,471,678,50,50
954,15327,1,180,535,50,50
954,15332,1,773,457,50,50
954,15338,2,600,636,50,50
954,15346,1,469,792,50,50
954,15347,1,174,841,50,50
954,15349,1,398,822,50,50
954,15352,1,372,752,50,50
954,15355,0,947,461,50,50
954,15357,1,1084,304,50,50
954,15358,1,1099,305,50,50
955,15319,2,867,514,50,50
955,15325,1,467,681,50,50
955,15327,1,180,535,50,50
955,15332,1,776,452,50,50
955,15338,2,596,639,50,50
955,15346,1,474,789,50,50
955,15347,1,145,852,50,50
955,15349,1,404,818,50,50
955,15352,1,364,756,50,50
955,15355,0,945,463,50,50
955,15357,1,1082,304,50,50
955,15358,1,1098,306,50,50
956,15319,2,869,512,50,50
956,15325,1,463,683,50,50
956,15327,1,180,535,50,50
956,15332,1,778,446,50,50
956,15338,2,591,642,50,50
956,15346,1,479,786,50,50
956,15347,1,138,856,50,50
956,15349,1,409,815,50,50
956,15352,1,357,760,50,50
956,15355,0,943,465,50,50
956,15357,1,1084,302,50,50
956,15358,1,1096,306,50,50
957,15319,2,871,510,50,50
957,15325,1,458,686,50,50
957,15327,1,180,535,50,50
957,15332,1,781,441,50,50
957,15338,2,587,644,50,50
957,15346,1,485,783,50,50
957,15347,1,132,859,50,50
957,15349,1,415,811,50,50
957,15352,1,350,764,50,50
957,15355,0,940,468,50,50
957,15357,1,1085,300,50,50
957,15358,1,1095,307,50,50
958,15319,1,873,509,50,50
958,15325,1,453,688,50,50
958,15327,1,180,535,50,50
958,15332,1,783,436,50,50
958,15338,2,582,647,50,50
958,15346,1,490,779,50,50
958,15347,1,125,863,50,50
958,15349,1,420,808,50,50
958,15352,1,343,768,50,50
958,15355,0,938,470,50,50
958,15357,1,1086,298,50,50
958,15358,1,1094,308,50,50
959,15319,1,875,508,50,50
959,15325,1,448,691,50,50
959,15327,1,180,535,50,50
959,15332,1,786,431,50,50
959,15338,2,577,650,50,50
959,15346,1,488,778,50,50
959,15347,1,118,866,50,50
959,15349,1,427,805,50,50
959,15352,1,336,771,50,50
959,15355,0,936,472,50,50
959,15357,1,1088,295,50,50
959,15358,1,1093,308,50,50
960,15319,1,877,506,50,50
960,15325,1,443,693,50,50
960,15327,1,179,535,50,50
960,15332,1,789,426,50,50
960,15338,1,572,653,50,50
960,15346,1,493,775,50,50
960,15347,1,112,869,50,50
960,15349,1,433,802,50,50
960,15352,1,327,775,50,50
960,15355,0,934,474,50,50
960,15357,1,1089,293,50,50
960,15358,1,1092,309,50,50
960,15360,1,56,1029,50,50
961,15319,2,879,505,50,50
961,15325,1,439,696,50,50
961,15327,1,179,536,50,50
961,15332,1,791,420,50,50
961,15338,1,567,656,50,50
961,15346,1,497,772,50,50
961,15347,1,105,873,50,50
961,15349,1,439,798,50,50
961,15352,1,320,779,50,50
961,15355,0,932,476,50,50
961,15357,1,1091,291,50,50
961,15358,1,1091,310,50,50
961,15360,1,67,1022,50,50
962,15319,2,882,504,50,50
962,15325,1,434,699,50,50
962,15327,1,178,536,50,50
962,15332,1,794,415,50,50
962,15338,2,562,659,50,50
962,15346,1,502,769,50,50
962,15347,1,93,881,50,50
962,15349,1,443,795,50,50
962,15352,1,313,783,50,50
962,15355,0,930,478,50,50
962,15357,1,1092,289,50,50
962,15358,1,1090,310,50,50
962,15360,1,77,1017,50,50
963,15319,2,884,502,50,50
963,15325,1,429,702,50,50
963,15327,1,178,536,50,50
963,15332,1,796,410,50,50
963,15338,1,557,662,50,50
963,15346,1,506,766,50,50
963,15347,1,86,885,50,50
963,15349,1,447,793,50,50
963,15352,1,305,788,50,50
963,15355,0,928,480,50,50
963,15357,1,1094,287,50,50
963,15358,1,1089,311,50,50
963,15360,1,87,1011,50,50
964,15319,2,886,501,50,50
964,15325,1,425,704,50,50
964,15327,1,178,536,50,50
964,15332,1,799,405,50,50
964,15338,2,551,665,50,50
964,15346,1,512,763,50,50
964,15347,1,78,889,50,50
964,15349,1,451,790,50,50
964,15352,1,298,792,50,50
964,15355,0,926,483,50,50
964,15357,1,1095,284,50,50
964,15358,1,1088,312,50,50
964,15360,0,98,1005,50,50
965,15319,2,888,499,50,50
965,15325,1,420,707,50,50
965,15327,1,178,536,50,50
965,15332,1,801,399,50,50
965,15338,1,546,668,50,50
965,15346,1,516,760,50,50
965,15347,1,69,894,50,50
965,15349,1,457,787,50,50
965,15352,1,290,796,50,50
965,15355,0,924,485,50,50
965,15357,1,1096,282,50,50
965,15358,1,1087,313,50,50
965,15360,1,107,999,50,50
966,15319,2,890,497,50,50
966,15325,2,415,710,50,50
966,15327,1,178,537,50,50
966,15332,1,804,394,50,50
966,15338,1,540,671,50,50
966,15346,1,521,757,50,50
966,15347,1,61,898,50,50
966,15349,1,462,783,50,50
966,15352,1,283,800,50,50
966,15355,0,922,487,50,50
966,15357,1,1098,280,50,50
966,15358,1,1086,313,50,50
966,15360,1,117,993,50,50
966,15363,1,1113,329,50,50
967,15319,2,892,496,50,50
967,15325,1,410,713,50,50
967,15327,1,178,537,50,50
967,15332,1,806,389,50,50
967,15338,1,535,674,50,50
967,15346,1,525,754,50,50
967,15347,1,54,902,50,50
967,15349,1,466,780,50,50
967,15352,1,276,804,50,50
967,15355,0,920,489,50,50
967,15357,1,1099,278,50,50
967,15358,1,1085,314,50,50
967,15360,1,127,987,50,50
967,15363,1,1113,329,50,50
968,15319,2,894,494,50,50
968,15325,2,405,715,50,50
968,15327,1,178,537,50,50
968,15332,1,809,384,50,50
968,15338,1,529,677,50,50
968,15346,1,529,752,50,50
968,15347,1,45,906,50,50
968,15349,1,471,777,50,50
968,15352,1,268,808,50,50
968,15355,0,918,491,50,50
968,15357,1,1101,276,50,50
968,15358,1,1084,315,50,50
968,15360,1,137,981,50,50
968,15363,1,1113,328,50,50
969,15319,2,896,493,50,50
969,15325,2,400,718,50,50
969,15327,1,178,537,50,50
969,15332,1,812,379,50,50
969,15338,1,524,681,50,50
969,15346,1,532,750,50,50
969,15347,1,37,910,50,50
969,15349,1,475,774,50,50
969,15352,1,261,812,50,50
969,15355,0,915,493,50,50
969,15357,1,1102,273,50,50
969,15358,1,1082,315,50,50
969,15360,1,147,975,50,50
969,15363,1,1114,328,50,50
970,15319,2,899,491,50,50
970,15325,1,394,720,50,50
970,15327,1,178,537,50,50
970,15338,1,517,685,50,50
970,15346,1,537,747,50,50
970,15347,1,29,915,50,50
970,15349,1,480,772,50,50
970,15352,1,254,816,50,50
970,15355,0,913,496,50,50
970,15357,1,1104,271,50,50
970,15358,1,1079,316,50,50
970,15360,1,156,970,50,50
970,15363,1,1115,327,50,50
971,15319,2,901,490,50,50
971,15325,1,389,724,50,50
971,15327,1,178,537,50,50
971,15338,1,511,688,50,50
971,15346,1,542,745,50,50
971,15347,1,23,919,49,50
971,15349,1,485,769,50,50
971,15352,1,247,820,50,50
971,15355,0,911,498,50,50
971,15357,1,1105,269,50,50
971,15358,1,1079,317,50,50
971,15360,1,166,965,50,50
971,15363,1,1115,327,50,50
971,15365,1,33,1065,50,50
972,15319,2,903,488,50,50
972,15325,2,384,727,50,50
972,15327,1,178,537,50,50
972,15338,1,505,692,50,50
972,15346,1,548,741,50,50
972,15347,1,18,923,49,50
972,15349,1,490,766,50,50
972,15352,1,240,824,50,50
972,15357,1,1106,267,50,50
972,15358,1,1079,318,50,50
972,15360,1,176,959,50,50
972,15363,1,1116,326,50,50
972,15365,0,41,1062,50,50
973,15319,2,905,487,50,50
973,15325,1,379,729,50,50
973,15327,1,178,537,50,50
973,15338,1,499,695,50,50
973,15346,1,553,738,50,50
973,15347,1,14,927,49,50
973,15349,1,496,763,50,50
973,15352,1,233,828,50,50
973,15357,1,1108,265,50,50
973,15358,1,1078,318,50,50
973,15360,1,185,954,50,50
973,15363,1,1116,326,50,50
973,15365,0,46,1061,50,50
974,15319,2,907,485,50,50
974,15325,2,374,732,50,50
974,15327,1,178,537,50,50
974,15338,1,494,698,50,50
974,15346,1,555,735,50,50
974,15347,1,7,931,49,50
974,15349,1,501,760,50,50
974,15352,1,214,837,50,50
974,15357,1,1109,262,50,50
974,15358,1,1076,319,50,50
974,15360,1,193,949,50,50
974,15363,1,1117,325,50,50
974,15365,1,58,1055,50,50
975,15319,2,909,483,50,50
975,15325,2,369,735,50,50
975,15327,1,178,537,50,50
975,15338,1,488,702,50,50
975,15346,1,558,732,50,50
975,15347,1,0,935,49,50
975,15349,1,506,757,50,50
975,15352,1,203,844,50,50
975,15357,1,1061,317,50,50
975,15358,1,1075,320,50,50
975,15360,1,202,944,50,50
975,15363,1,1117,325,50,50
975,15365,1,65,1053,50,50
976,15319,2,911,482,50,50
976,15325,2,364,737,50,50
976,15327,1,178,537,50,50
976,15338,1,482,706,50,50
976,15346,1,561,730,50,50
976,15347,1,-7,939,49,50
976,15349,1,511,754,50,50
976,15352,1,196,848,50,50
976,15357,1,1060,318,50,50
976,15358,1,1074,321,50,50
976,15360,1,212,938,50,50
976,15363,1,1118,325,50,50
976,15365,1,75,1046,50,50
977,15319,2,914,480,50,50
977,15325,2,358,741,50,50
977,15327,1,178,537,50,50
977,15338,1,476,710,50,50
977,15346,1,565,727,50,50
977,15347,1,-13,943,49,50
977,15349,1,514,750,50,50
977,15352,1,188,852,50,50
977,15357,1,1059,318,50,50
977,15358,1,1073,321,50,50
977,15360,1,220,933,50,50
977,15363,1,1118,324,50,50
977,15365,1,82,1043,50,50
978,15319,2,916,479,50,50
978,15325,1,352,744,50,50
978,15327,1,178,537,50,50
978,15338,1,470,713,50,50
978,15346,1,569,725,50,50
978,15347,1,-20,947,49,50
978,15349,1,517,747,50,50
978,15352,1,178,856,50,50
978,15357,1,1058,319,50,50
978,15358,1,1071,323,50,50
978,15360,1,228,928,50,50
978,15363,1,1119,324,50,50
978,15365,1,89,1040,50,50
979,15319,0,923,456,50,50
979,15325,2,346,746,50,50
979,15327,1,178,537,50,50
979,15338,1,464,716,50,50
979,15346,1,574,722,50,50
979,15347,1,-26,951,50,50
979,15349,1,522,745,50,50
979,15352,1,169,860,50,50
979,15357,1,1056,320,50,50
979,15358,1,1070,324,50,50
979,15360,1,237,923,50,50
979,15363,1,1101,304,50,50
979,15365,1,96,1037,50,50
980,15319,0,926,453,50,50
980,15325,2,341,749,50,50
980,15327,1,178,537,50,50
980,15338,1,458,720,50,50
980,15346,1,579,720,50,50
980,15347,1,-33,955,50,50
980,15349,1,526,742,50,50
980,15352,1,160,865,50,50
980,15357,1,1053,321,50,50
980,15358,1,1069,324,50,50
980,15360,1,245,918,50,50
980,15363,1,1100,302,50,50
980,15365,1,103,1034,50,50
981,15319,0,928,450,50,50
981,15325,2,335,752,50,50
981,15327,1,178,537,50,50
981,15338,1,451,723,50,50
981,15346,1,583,717,50,50
981,15347,1,-40,959,50,50
981,15349,1,531,739,50,50
981,15352,1,150,870,50,50
981,15357,1,1052,321,50,50
981,15358,1,1069,325,50,50
981,15360,1,253,913,50,50
981,15363,1,1099,300,50,50
981,15365,1,110,1031,50,50
982,15319,0,931,447,50,50
982,15325,1,329,755,50,50
982,15327,1,178,537,50,50
982,15338,1,445,726,50,50
982,15346,1,587,714,50,50
982,15347,1,-47,963,50,50
982,15349,1,535,736,50,50
982,15352,1,142,875,50,50
982,15357,1,1051,322,50,50
982,15358,1,1068,326,50,50
982,15360,1,262,908,50,50
982,15363,1,1098,298,50,50
982,15365,1,117,1028,50,50
983,15319,0,933,445,50,50
983,15325,1,323,758,50,50
983,15327,1,178,537,50,50
983,15338,1,439,730,50,50
983,15346,1,592,712,50,50
983,15347,1,-54,967,50,50
983,15349,1,539,734,50,50
983,15352,1,130,882,50,50
983,15357,1,1049,323,50,50
983,15358,1,1067,327,50,50
983,15360,1,270,903,50,50
983,15363,1,1097,296,50,50
983,15365,1,124,1025,50,50
983,15372,0,921,473,50,50
983,15373,1,564,639,50,50
984,15319,0,936,442,50,50
984,15325,1,317,761,50,50
984,15327,1,178,537,50,50
984,15338,1,432,734,50,50
984,15346,1,596,709,50,50
984,15347,1,-60,971,50,50
984,15349,1,544,731,50,50
984,15352,1,120,887,50,50
984,15357,1,1048,323,50,50
984,15358,1,1065,327,50,50
984,15360,1,278,898,50,50
984,15363,1,1096,294,50,50
984,15365,1,131,1022,50,50
984,15372,0,923,472,50,50
984,15373,2,560,642,50,50
985,15319,0,938,439,50,50
985,15325,2,312,764,50,50
985,15327,1,178,537,50,50
985,15338,1,425,738,50,50
985,15346,1,600,706,50,50
985,15347,1,-67,975,50,50
985,15349,1,549,729,50,50
985,15352,1,111,892,50,50
985,15357,1,1047,324,50,50
985,15358,1,1064,328,50,50
985,15360,1,286,893,50,50
985,15363,1,1095,292,50,50
985,15365,1,138,1019,50,50
985,15372,0,924,471,50,50
985,15373,1,555,645,50,50
986,15319,0,941,436,50,50
986,15325,1,307,767,50,50
986,15327,1,178,537,50,50
986,15338,1,419,741,50,50
986,15346,1,604,704,50,50
986,15347,1,-74,979,50,50
986,15349,1,553,726,50,50
986,15352,1,102,897,50,50
986,15357,1,1045,325,50,50
986,15358,1,1063,328,50,50
986,15360,1,293,889,50,50
986,15363,1,1094,290,50,50
986,15365,1,145,1016,50,50
986,15372,0,925,470,50,50
986,15373,2,551,647,50,50
986,15376,1,1191,277,50,50
987,15319,0,943,433,50,50
987,15325,1,301,770,50,50
987,15327,1,178,537,50,50
987,15338,1,411,744,50,50
987,15346,1,609,701,50,50
987,15347,1,-81,983,50,50
987,15349,1,557,724,50,50
987,15352,1,91,903,50,50
987,15357,1,1044,325,50,50
987,15358,1,1062,329,50,50
987,15360,1,301,884,50,50
987,15363,1,1093,288,50,50
987,15365,1,152,1013,50,50
987,15372,0,926,470,50,50
987,15373,2,546,650,50,50
987,15376,1,1192,277,50,50
987,15377,1,30,1039,50,50
988,15319,0,946,431,50,50
988,15325,1,295,773,50,50
988,15327,1,178,537,50,50
988,15338,1,404,748,50,50
988,15346,1,613,698,50,50
988,15347,1,-88,987,50,50
988,15349,1,561,721,50,50
988,15352,1,81,908,50,50
988,15357,1,1043,326,50,50
988,15358,1,1060,330,50,50
988,15360,1,308,879,50,50
988,15363,1,1092,286,50,50
988,15365,1,159,1010,50,50
988,15372,0,927,469,50,50
988,15373,1,541,653,50,50
988,15376,1,1192,277,50,50
988,15377,1,40,1032,50,50
989,15319,0,948,428,50,50
989,15325,1,290,776,50,50
989,15327,1,178,537,50,50
989,15338,1,398,752,50,50
989,15346,1,617,695,50,50
989,15347,1,-95,991,50,50
989,15349,1,565,718,50,50
989,15352,1,70,914,50,50
989,15357,1,1041,327,50,50
989,15358,1,1059,331,50,50
989,15360,1,316,875,50,50
989,15363,1,1091,284,50,50
989,15365,1,171,988,50,50
989,15372,0,929,468,50,50
989,15373,1,536,656,50,50
989,15376,1,1192,276,50,50
989,15377,1,50,1027,50,50
990,15319,0,951,425,50,50
990,15325,1,285,779,50,50
990,15327,1,178,537,50,50
990,15338,1,391,756,50,50
990,15346,1,622,693,50,50
990,15347,1,-101,995,50,50
990,15349,1,571,715,50,50
990,15352,1,59,919,50,50
990,15357,1,1040,327,50,50
990,15358,1,1057,331,50,50
990,15360,1,324,871,50,50
990,15363,1,1090,282,50,50
990,15365,1,177,984,50,50
990,15372,0,930,468,50,50
990,15373,2,531,658,50,50
990,15376,1,1192,276,50,50
990,15377,1,60,1022,50,50
991,15319,0,953,422,50,50
991,15325,2,279,782,50,50
991,15327,1,178,537,50,50
991,15338,1,384,760,50,50
991,15346,1,626,690,50,50
991,15347,1,-108,999,50,50
991,15349,1,574,713,50,50
991,15352,1,49,926,50,50
991,15357,1,1039,328,50,50
991,15358,1,1056,332,50,50
991,15360,1,331,867,50,50
991,15363,1,1089,280,50,50
991,15365,1,186,979,50,50
991,15372,0,949,436,50,50
991,15373,2,527,661,50,50
991,15376,1,1193,276,50,50
991,15377,1,70,1016,50,50
992,15319,0,956,419,50,50
992,15325,2,273,784,50,50
992,15327,1,178,537,50,50
992,15338,1,377,765,50,50
992,15346,1,630,687,50,50
992,15347,1,-115,1003,50,50
992,15349,1,577,710,50,50
992,15352,1,39,932,50,50
992,15357,1,1038,329,50,50
992,15358,1,1055,333,50,50
992,15360,1,337,863,50,50
992,15363,1,1088,278,50,50
992,15365,1,192,975,50,50
992,15372,0,950,435,50,50
992,15373,1,522,664,50,50
992,15376,1,1193,276,50,50
992,15377,1,80,1011,50,50
993,15319,0,958,417,50,50
993,15325,2,268,787,50,50
993,15327,1,178,537,50,50
993,15338,1,369,769,50,50
993,15346,1,634,685,50,50
993,15347,1,-122,1007,50,50
993,15349,1,581,708,50,50
993,15352,1,29,937,50,50
993,15357,1,1036,329,50,50
993,15358,1,1054,334,50,50
993,15360,1,344,859,50,50
993,15363,1,1087,276,50,50
993,15365,1,199,971,50,50
993,15372,0,953,431,50,50
993,15373,1,517,667,50,50
993,15376,1,1193,276,50,50
993,15377,1,89,1005,50,50
994,15319,0,961,414,50,50
994,15325,2,262,790,50,50
994,15327,1,178,537,50,50
994,15338,1,362,772,50,50
994,15346,1,639,682,50,50
994,15347,1,-129,1011,50,50
994,15349,1,585,705,50,50
994,15352,1,21,943,49,50
994,15357,1,1035,330,50,50
994,15358,1,1053,335,50,50
994,15360,1,351,855,50,50
994,15363,1,1087,274,50,50
994,15365,1,205,967,50,50
994,15372,0,956,427,50,50
994,15373,1,511,670,50,50
994,15376,1,1193,276,50,50
994,15377,1,98,999,50,50
995,15319,0,963,411,50,50
995,15325,2,257,793,50,50
995,15327,1,177,537,50,50
995,15338,1,355,777,50,50
995,15346,1,643,679,50,50
995,15347,1,-136,1015,50,50
995,15349,1,590,703,50,50
995,15352,1,15,947,49,50
995,15357,1,1034,330,50,50
995,15358,1,1051,336,50,50
995,15360,1,358,851,50,50
995,15363,1,1086,272,50,50
995,15365,1,210,963,50,50
995,15372,0,957,430,50,50
995,15373,1,506,673,50,50
995,15376,1,1193,276,50,50
995,15377,1,109,994,50,50
996,15319,0,966,408,50,50
996,15325,2,251,796,50,50
996,15327,1,177,537,50,50
996,15338,1,348,781,50,50
996,15346,1,647,676,50,50
996,15347,1,-143,1019,50,50
996,15349,1,594,700,50,50
996,15352,1,10,954,49,50
996,15357,1,1032,331,50,50
996,15358,1,1049,337,50,50
996,15360,1,364,846,50,50
996,15363,1,1085,270,50,50
996,15365,1,216,959,50,50
996,15372,0,958,429,50,50
996,15373,2,502,676,50,50
996,15376,1,1194,276,50,50
996,15377,1,119,988,50,50
997,15319,0,968,405,50,50
997,15325,2,246,799,50,50
997,15327,1,177,537,50,50
997,15338,1,339,786,50,50
997,15346,1,651,674,50,50
997,15347,1,-149,1023,50,50
997,15349,1,598,697,50,50
997,15352,1,5,959,49,50
997,15357,1,1031,332,50,50
997,15358,1,1048,337,50,50
997,15360,1,371,842,50,50
997,15363,1,1084,268,50,50
997,15365,1,221,955,50,50
997,15372,0,961,428,50,50
997,15373,2,497,678,50,50
997,15376,1,1194,276,50,50
997,15377,1,128,983,50,50
998,15319,0,970,403,50,50
998,15325,2,240,802,50,50
998,15327,1,178,537,50,50
998,15338,1,332,790,50,50
998,15346,1,656,671,50,50
998,15347,1,-156,1027,50,50
998,15349,1,600,695,50,50
998,15352,1,-4,965,49,50
998,15357,1,1030,332,50,50
998,15358,1,1046,338,50,50
998,15360,1,378,838,50,50
998,15363,1,1083,266,50,50
998,15365,1,231,951,50,50
998,15372,0,963,426,50,50
998,15373,2,491,682,50,50
998,15376,1,1194,275,50,50
998,15377,1,137,978,50,50
999,15319,0,973,400,50,50
999,15325,2,235,805,50,50
999,15327,1,178,537,50,50
999,15338,1,324,795,50,50
999,15346,1,660,668,50,50
999,15347,1,-163,1031,50,50
999,15349,1,604,693,50,50
999,15352,1,-12,970,49,50
999,15357,1,1029,333,50,50
999,15358,1,1045,339,50,50
999,15360,1,384,835,50,50
999,15363,1,1082,264,50,50
999,15365,1,236,947,50,50
999,15372,0,964,425,50,50
999,15373,2,486,685,50,50
999,15376,1,1195,275,50,50
999,15377,1,145,973,50,50
1000,15319,0,975,397,50,50
1000,15325,1,220,815,50,50
1000,15327,1,178,537,50,50
1000,15338,1,316,799,50,50
1000,15346,1,664,665,50,50
1000,15347,1,-170,1035,50,50
1000,15349,1,608,691,50,50
1000,15352,1,-21,976,49,50
1000,15357,1,1027,334,50,50
1000,15358,1,1044,339,50,50
1000,15360,1,390,831,50,50
1000,15363,1,1081,262,50,50
1000,15365,1,242,943,50,50
1000,15372,0,966,425,50,50
1000,15373,2,480,688,50,50
1000,15376,1,1195,275,50,50
1000,15377,1,153,968,50,50
1001,15319,0,978,394,50,50
1001,15325,1,214,818,50,50
1001,15327,1,179,538,50,50
1001,15338,1,307,804,50,50
1001,15346,1,668,663,50,50
1001,15347,1,-177,1039,50,50
1001,15349,1,612,689,50,50
1001,15352,1,-28,981,50,50
1001,15357,1,1026,334,50,50
1001,15358,1,1042,341,50,50
1001,15360,1,396,827,50,50
1001,15363,1,1080,260,50,50
1001,15365,1,249,939,50,50
1001,15372,0,968,423,50,50
1001,15373,2,474,691,50,50
1001,15376,1,1195,275,50,50
1001,15377,1,162,962,50,50
1002,15319,0,980,391,50,50
1002,15325,1,207,821,50,50
1002,15327,1,179,537,50,50
1002,15338,1,300,808,50,50
1002,15346,1,673,660,50,50
1002,15347,1,-184,1043,50,50
1002,15349,1,616,686,50,50
1002,15352,1,-36,987,50,50
1002,15357,1,1025,335,50,50
1002,15358,1,1041,342,50,50
1002,15360,1,403,823,50,50
1002,15363,1,1079,258,50,50
1002,15365,1,256,935,50,50
1002,15372,0,970,422,50,50
1002,15373,2,469,693,50,50
1002,15376,1,1195,275,50,50
1002,15377,1,170,957,50,50
1002,15382,2,19,1022,49,50
1003,15319,0,983,389,50,50
1003,15325,1,201,825,50,50
1003,15327,1,179,537,50,50
1003,15338,1,292,813,50,50
1003,15346,1,677,657,50,50
1003,15347,1,-190,1047,50,50
1003,15349,1,619,683,50,50
1003,15352,1,-45,992,50,50
1003,15357,1,1023,336,50,50
1003,15358,1,1040,342,50,50
1003,15360,1,410,819,50,50
1003,15363,1,1078,256,50,50
1003,15365,1,263,931,50,50
1003,15372,0,972,420,50,50
1003,15373,2,463,697,50,50
1003,15376,1,1196,275,50,50
1003,15377,1,178,953,50,50
1003,15382,1,25,1017,50,50
1004,15319,0,985,386,50,50
1004,15325,1,196,828,50,50
1004,15327,1,179,537,50,50
1004,15338,1,285,817,50,50
1004,15346,1,681,655,50,50
1004,15349,1,622,681,50,50
1004,15352,1,-53,997,50,50
1004,15357,1,1022,336,50,50
1004,15358,1,1039,343,50,50
1004,15360,1,415,816,50,50
1004,15363,1,1077,254,50,50
1004,15365,1,267,928,50,50
1004,15372,0,974,418,50,50
1004,15373,2,458,700,50,50
1004,15376,1,1196,274,50,50
1004,15377,1,186,948,50,50
1004,15382,1,32,1011,50,50
1005,15319,0,988,383,50,50
1005,15325,1,190,832,50,50
1005,15327,1,179,537,50,50
1005,15338,1,277,821,50,50
1005,15346,1,685,652,50,50
1005,15349,1,626,680,50,50
1005,15352,1,-61,1003,50,50
1005,15357,1,1021,337,50,50
1005,15358,1,1038,344,50,50
1005,15360,1,421,812,50,50
1005,15363,1,1076,252,50,50
1005,15365,1,273,924,50,50
1005,15372,0,976,416,50,50
1005,15373,1,452,703,50,50
1005,15376,1,1196,274,50,50
1005,15377,1,194,943,50,50
1005,15382,1,42,1005,50,50
1005,15383,1,500,665,50,50
1006,15319,0,990,380,50,50
1006,15325,1,184,835,50,50
1006,15327,1,179,536,50,50
1006,15338,1,267,825,50,50
1006,15346,1,690,649,50,50
1006,15349,1,628,678,50,50
1006,15352,1,-70,1008,50,50
1006,15357,1,1019,338,50,50
1006,15358,1,1036,345,50,50
1006,15360,1,427,808,50,50
1006,15363,1,1075,250,50,50
1006,15365,1,280,920,50,50
1006,15372,0,978,414,50,50
1006,15373,1,447,706,50,50
1006,15376,1,1197,274,50,50
1006,15377,1,203,938,50,50
1006,15382,1,54,999,50,50
1006,15383,1,495,668,50,50
1007,15319,0,993,377,50,50
1007,15325,1,178,839,50,50
1007,15327,1,179,536,50,50
1007,15338,1,259,829,50,50
1007,15346,1,694,646,50,50
1007,15349,1,632,675,50,50
1007,15352,1,-78,1014,50,50
1007,15357,1,1018,338,50,50
1007,15358,1,1035,346,50,50
1007,15360,1,433,805,50,50
1007,15363,1,1074,248,50,50
1007,15365,1,288,916,50,50
1007,15372,0,981,412,50,50
1007,15373,1,441,710,50,50
1007,15376,1,1197,274,50,50
1007,15377,1,211,933,50,50
1007,15382,1,66,992,50,50
1007,15383,1,490,671,50,50
1008,15319,0,995,375,50,50
1008,15325,1,166,843,50,50
1008,15327,1,179,536,50,50
1008,15338,1,251,834,50,50
1008,15346,1,698,644,50,50
1008,15349,1,635,673,50,50
1008,15352,1,-86,1019,50,50
1008,15357,1,1017,339,50,50
1008,15358,1,1034,347,50,50
1008,15360,1,438,801,50,50
1008,15363,1,1073,246,50,50
1008,15365,1,294,912,50,50
1008,15372,0,983,410,50,50
1008,15373,1,436,713,50,50
1008,15376,1,1197,274,50,50
1008,15377,1,219,928,50,50
1008,15382,1,76,985,50,50
1008,15383,1,485,674,50,50
1009,15319,0,998,372,50,50
1009,15325,1,159,848,50,50
1009,15327,1,179,536,50,50
1009,15338,1,244,838,50,50
1009,15346,1,703,641,50,50
1009,15349,1,639,670,50,50
1009,15352,1,-95,1025,50,50
1009,15357,1,1016,340,50,50
1009,15358,1,1033,348,50,50
1009,15360,1,444,797,50,50
1009,15363,1,1072,244,50,50
1009,15365,1,298,909,50,50
1009,15372,0,985,408,50,50
1009,15373,1,430,716,50,50
1009,15376,1,1197,274,50,50
1009,15377,1,227,923,50,50
1009,15382,1,87,979,50,50
1009,15383,1,480,677,50,50
1010,15325,1,151,852,50,50
1010,15327,1,179,536,50,50
1010,15338,1,234,846,50,50
1010,15346,1,707,638,50,50
1010,15349,1,643,668,50,50
1010,15352,1,-103,1030,50,50
1010,15357,1,1014,340,50,50
1010,15358,1,1032,349,50,50
1010,15360,1,449,794,50,50
1010,15365,1,306,905,50,50
1010,15372,0,987,406,50,50
1010,15373,2,424,720,50,50
1010,15376,1,1198,273,50,50
1010,15377,1,236,918,50,50
1010,15382,1,98,973,50,50
1010,15383,1,476,680,50,50
1011,15325,1,144,855,50,50
1011,15327,1,179,537,50,50
1011,15338,1,224,850,50,50
1011,15346,1,711,636,50,50
1011,15349,1,646,666,50,50
1011,15352,1,-112,1035,50,50
1011,15358,1,1030,350,50,50
1011,15360,1,455,790,50,50
1011,15365,1,311,901,50,50
1011,15372,0,989,404,50,50
1011,15373,1,418,723,50,50
1011,15376,1,1198,273,50,50
1011,15377,1,244,915,50,50
1011,15382,1,109,967,50,50
1011,15383,1,472,683,50,50
1012,15325,1,137,858,50,50
1012,15327,1,179,537,50,50
1012,15338,1,216,854,50,50
1012,15346,1,715,633,50,50
1012,15349,1,650,663,50,50
1012,15352,1,-120,1041,50,50
1012,15358,1,1028,351,50,50
1012,15360,1,461,786,50,50
1012,15365,1,317,898,50,50
1012,15372,0,992,402,50,50
1012,15373,1,411,727,50,50
1012,15376,1,1198,273,50,50
1012,15377,1,251,910,50,50
1012,15382,1,121,961,50,50
1012,15383,1,467,686,50,50
1013,15325,1,128,861,50,50
1013,15327,1,179,537,50,50
1013,15338,1,205,858,50,50
1013,15349,1,654,661,50,50
1013,15352,1,-128,1046,50,50
1013,15358,1,1026,352,50,50
1013,15360,0,467,783,50,50
1013,15365,1,323,894,50,50
1013,15372,0,994,401,50,50
1013,15373,2,406,730,50,50
1013,15376,1,1198,273,50,50
1013,15377,1,259,905,50,50
1013,15382,1,131,955,50,50
1013,15383,1,461,688,50,50
1014,15325,1,121,866,50,50
1014,15327,1,178,537,50,50
1014,15338,1,195,863,50,50
1014,15349,1,653,659,50,50
1014,15352,1,-137,1052,50,50
1014,15358,1,1025,353,50,50
1014,15360,1,472,780,50,50
1014,15365,1,329,891,50,50
1014,15372,0,996,399,50,50
1014,15373,2,401,734,50,50
1014,15376,1,1199,273,50,50
1014,15377,1,266,901,50,50
1014,15382,1,141,949,50,50
1014,15383,1,457,691,50,50
1015,15325,1,113,870,50,50
1015,15327,1,178,537,50,50
1015,15338,1,185,868,50,50
1015,15349,1,657,657,50,50
1015,15352,1,-145,1057,50,50
1015,15358,1,1023,354,50,50
1015,15360,1,478,776,50,50
1015,15365,1,333,887,50,50
1015,15372,0,998,397,50,50
1015,15373,1,393,737,50,50
1015,15376,1,1199,272,50,50
1015,15377,1,274,896,50,50
1015,15382,1,152,943,50,50
1015,15383,1,452,694,50,50
1016,15325,1,106,873,50,50
1016,15327,1,178,537,50,50
1016,15338,1,176,874,50,50
1016,15349,1,661,655,50,50
1016,15352,1,-153,1063,50,50
1016,15358,1,1022,355,50,50
1016,15360,1,484,773,50,50
1016,15365,1,337,884,50,50
1016,15372,0,1000,395,50,50
1016,15373,1,387,741,50,50
1016,15376,1,1199,272,50,50
1016,15377,1,281,892,50,50
1016,15382,1,163,937,50,50
1016,15383,1,447,696,50,50
1017,15325,1,98,877,50,50
1017,15327,1,177,537,50,50
1017,15338,1,167,880,50,50
1017,15349,1,665,653,50,50
1017,15352,1,-162,1068,50,50
1017,15358,1,1020,356,50,50
1017,15360,1,488,770,50,50
1017,15365,1,344,881,50,50
1017,15372,0,1002,393,50,50
1017,15373,1,381,744,50,50
1017,15376,1,1200,272,50,50
1017,15377,1,289,888,50,50
1017,15382,1,173,931,50,50
1017,15383,1,442,699,50,50
1018,15325,1,91,881,50,50
1018,15327,1,178,536,50,50
1018,15338,1,157,885,50,50
1018,15349,1,667,650,50,50
1018,15352,1,-170,1074,50,50
1018,15358,1,1018,357,50,50
1018,15360,1,494,767,50,50
1018,15365,1,349,877,50,50
1018,15372,0,1005,391,50,50
1018,15373,2,375,747,50,50
1018,15376,1,1200,272,50,50
1018,15377,1,295,883,50,50
1018,15382,1,183,925,50,50
1018,15383,1,437,702,50,50
1019,15325,1,83,885,50,50
1019,15327,1,178,536,50,50
1019,15338,1,148,891,50,50
1019,15349,1,670,648,50,50
1019,15352,1,-178,1079,50,50
1019,15358,1,1016,358,50,50
1019,15360,1,498,764,50,50
1019,15365,1,355,874,50,50
1019,15372,0,1007,389,50,50
1019,15373,1,369,750,50,50
1019,15376,1,1200,272,50,50
1019,15377,1,301,879,50,50
1019,15382,1,193,919,50,50
1019,15383,1,432,704,50,50
1020,15325,1,74,891,50,50
1020,15327,1,178,536,50,50
1020,15338,1,138,896,50,50
1020,15349,1,673,646,50,50
1020,15352,1,-187,1084,50,50
1020,15358,1,1015,359,50,50
1020,15360,1,504,760,50,50
1020,15365,1,360,871,50,50
1020,15372,0,1009,387,50,50
1020,15373,1,362,755,50,50
1020,15376,1,1200,272,50,50
1020,15377,1,309,875,50,50
1020,15382,1,203,914,50,50
1020,15383,1,427,708,50,50
1021,15325,1,66,894,50,50
1021,15327,1,178,536,50,50
1021,15338,1,129,902,50,50
1021,15349,1,676,644,50,50
1021,15352,1,-195,1090,50,50
1021,15358,1,1013,360,50,50
1021,15360,1,508,757,50,50
1021,15365,1,367,867,50,50
1021,15372,0,1011,385,50,50
1021,15373,1,355,759,50,50
1021,15376,1,1201,271,50,50
1021,15377,1,316,871,50,50
1021,15382,1,213,908,50,50
1021,15383,1,422,711,50,50
1022,15325,1,58,898,50,50
1022,15327,1,178,536,50,50
1022,15338,1,118,908,50,50
1022,15349,1,679,642,50,50
1022,15352,1,-203,1095,50,50
1022,15358,1,1012,360,50,50
1022,15360,1,513,754,50,50
1022,15365,1,373,863,50,50
1022,15372,1,1065,318,50,50
1022,15373,1,349,763,50,50
1022,15376,1,1201,271,50,50
1022,15377,1,322,867,50,50
1022,15382,1,221,902,50,50
1022,15383,1,416,714,50,50
1023,15325,2,50,902,50,50
1023,15327,1,177,536,50,50
1023,15338,1,107,914,50,50
1023,15349,1,682,640,50,50
1023,15352,1,-212,1101,50,50
1023,15358,1,1010,361,50,50
1023,15360,1,518,750,50,50
1023,15365,1,378,860,50,50
1023,15372,1,1070,313,50,50
1023,15373,1,342,766,50,50
1023,15377,1,329,863,50,50
1023,15382,1,230,897,50,50
1023,15383,1,411,717,50,50
1024,15325,2,41,908,50,50
1024,15327,1,177,536,50,50
1024,15338,1,98,920,50,50
1024,15349,1,686,637,50,50
1024,15352,1,-220,1106,50,50
1024,15358,1,1008,362,50,50
1024,15360,1,523,747,50,50
1024,15365,1,383,857,50,50
1024,15372,1,1066,317,50,50
1024,15373,1,336,769,50,50
1024,15377,1,337,859,50,50
1024,15382,1,240,892,50,50
1024,15383,1,407,720,50,50
1025,15325,2,34,912,50,50
1025,15327,1,177,536,50,50
1025,15338,1,86,925,50,50
1025,15349,1,688,635,50,50
1025,15352,1,-229,1112,50,50
1025,15358,1,1007,363,50,50
1025,15360,1,527,744,50,50
1025,15365,1,389,854,50,50
1025,15372,1,1065,318,50,50
1025,15373,1,328,773,50,50
1025,15377,1,343,855,50,50
1025,15382,1,249,887,50,50
1025,15383,1,401,723,50,50
1026,15325,1,26,916,50,50
1026,15327,1,177,536,50,50
1026,15338,1,75,931,50,50
1026,15349,1,691,633,50,50
1026,15352,1,-237,1117,50,50
1026,15358,1,1005,364,50,50
1026,15360,1,531,742,50,50
1026,15365,1,394,850,50,50
1026,15372,1,1068,314,50,50
1026,15373,1,321,777,50,50
1026,15377,1,350,851,50,50
1026,15382,1,258,882,50,50
1026,15383,1,395,726,50,50
1027,15325,1,20,921,49,50
1027,15327,1,177,536,50,50
1027,15338,1,64,937,50,50
1027,15349,1,694,631,50,50
1027,15352,1,-245,1122,50,50
1027,15358,1,1004,364,50,50
1027,15360,1,536,739,50,50
1027,15365,1,399,847,50,50
1027,15372,1,1062,319,50,50
1027,15373,1,314,781,50,50
1027,15377,1,355,847,50,50
1027,15382,1,267,876,50,50
1027,15383,1,390,729,50,50
1028,15325,2,16,925,49,50
1028,15327,1,177,536,50,50
1028,15338,1,52,943,50,50
1028,15349,1,697,629,50,50
1028,15358,1,1003,365,50,50
1028,15360,1,541,735,50,50
1028,15365,1,405,844,50,50
1028,15372,1,1064,317,50,50
1028,15373,1,307,785,50,50
1028,15377,1,361,843,50,50
1028,15382,1,276,871,50,50
1028,15383,1,385,732,50,50
1029,15325,1,13,928,49,50
1029,15327,1,177,536,50,50
1029,15338,1,41,949,50,50
1029,15349,1,699,627,50,50
1029,15358,1,1001,367,50,50
1029,15360,1,544,733,50,50
1029,15365,1,409,841,50,50
1029,15372,1,1066,314,50,50
1029,15373,1,300,788,50,50
1029,15377,1,368,839,50,50
1029,15382,1,285,866,50,50
1029,15383,1,381,735,50,50
1030,15325,1,8,933,49,50
1030,15327,1,177,536,50,50
1030,15338,1,30,955,50,50
1030,15349,1,702,625,50,50
1030,15358,1,1000,368,50,50
1030,15360,1,549,730,50,50
1030,15365,1,414,838,50,50
1030,15372,1,1069,311,50,50
1030,15373,1,294,792,50,50
1030,15377,1,374,836,50,50
1030,15382,1,293,861,50,50
1030,15383,1,376,738,50,50
1031,15325,2,4,933,49,50
1031,15327,1,177,536,50,50
1031,15338,1,21,962,49,50
1031,15349,1,705,624,50,50
1031,15358,1,999,369,50,50
1031,15360,1,554,727,50,50
1031,15365,1,420,835,50,50
1031,15372,1,1071,309,50,50
1031,15373,1,287,796,50,50
1031,15377,1,380,832,50,50
1031,15382,1,301,856,50,50
1031,15383,1,370,742,50,50
1032,15325,2,-2,937,49,50
1032,15327,1,177,536,50,50
1032,15338,1,15,968,49,50
1032,15349,1,708,622,50,50
1032,15358,1,998,370,50,50
1032,15360,1,559,724,50,50
1032,15365,1,425,831,50,50
1032,15372,1,1073,306,50,50
1032,15373,1,280,800,50,50
1032,15377,1,386,828,50,50
1032,15382,1,309,852,50,50
1032,15383,1,364,745,50,50
1033,15325,2,-8,941,49,50
1033,15327,1,177,536,50,50
1033,15338,1,10,974,49,50
1033,15349,1,711,620,50,50
1033,15358,1,996,371,50,50
1033,15360,1,563,721,50,50
1033,15365,1,429,828,50,50
1033,15372,1,1075,303,50,50
1033,15373,1,274,804,50,50
1033,15377,1,392,824,50,50
1033,15382,1,317,847,50,50
1033,15383,1,357,748,50,50
1033,15389,0,1015,385,50,50
1034,15325,2,-14,945,49,50
1034,15327,1,177,536,50,50
1034,15338,2,4,979,49,50
1034,15349,1,714,618,50,50
1034,15358,1,994,372,50,50
1034,15360,1,567,718,50,50
1034,15365,1,433,825,50,50
1034,15372,1,1078,301,50,50
1034,15373,1,267,807,50,50
1034,15377,1,398,820,50,50
1034,15382,1,325,842,50,50
1034,15383,1,351,752,50,50
1034,15389,0,1016,384,50,50
1035,15325,2,-21,948,49,50
1035,15327,1,177,536,50,50
1035,15338,2,-4,985,49,50
1035,15349,1,717,616,50,50
1035,15358,1,992,373,50,50
1035,15360,1,571,715,50,50
1035,15365,1,436,822,50,50
1035,15372,1,1080,298,50,50
1035,15373,1,261,811,50,50
1035,15377,1,405,817,50,50
1035,15382,1,332,838,50,50
1035,15383,1,344,755,50,50
1035,15389,0,1017,383,50,50
1036,15325,2,-26,952,50,50
1036,15327,1,177,536,50,50
1036,15338,2,-13,991,49,50
1036,15349,1,719,614,50,50
1036,15358,1,990,374,50,50
1036,15360,1,575,713,50,50
1036,15365,1,441,820,50,50
1036,15372,1,1082,295,50,50
1036,15373,1,254,815,50,50
1036,15377,1,410,814,50,50
1036,15382,1,340,833,50,50
1036,15383,1,338,758,50,50
1036,15389,0,1020,382,50,50
1037,15325,2,-32,956,50,50
1037,15327,1,177,536,50,50
1037,15338,2,-22,996,49,50
1037,15349,1,722,612,50,50
1037,15358,1,988,375,50,50
1037,15360,1,579,710,50,50
1037,15365,1,447,817,50,50
1037,15372,1,1084,293,50,50
1037,15373,1,247,819,50,50
1037,15377,1,416,810,50,50
1037,15382,1,348,828,50,50
1037,15383,1,332,762,50,50
1037,15389,0,1021,381,50,50
1038,15325,2,-38,960,50,50
1038,15327,1,177,536,50,50
1038,15338,2,-30,1002,50,50
1038,15349,1,725,610,50,50
1038,15358,1,987,376,50,50
1038,15360,1,584,707,50,50
1038,15365,1,451,814,50,50
1038,15372,1,1086,290,50,50
1038,15373,1,241,822,50,50
1038,15377,1,423,807,50,50
1038,15382,1,355,824,50,50
1038,15383,1,327,765,50,50
1038,15389,0,1023,380,50,50
1038,15393,0,1020,355,50,50
1039,15325,2,-44,963,50,50
1039,15327,1,176,536,50,50
1039,15338,2,-39,1008,50,50
1039,15349,1,728,608,50,50
1039,15358,1,986,377,50,50
1039,15360,1,588,705,50,50
1039,15365,1,456,811,50,50
1039,15372,1,1089,287,50,50
1039,15373,1,234,826,50,50
1039,15377,1,429,804,50,50
1039,15382,1,363,819,50,50
1039,15383,1,321,768,50,50
1039,15389,0,1024,379,50,50
1039,15393,0,1020,356,50,50
1040,15325,2,-51,967,50,50
1040,15327,1,176,536,50,50
1040,15338,2,-48,1013,50,50
1040,15349,1,731,606,50,50
1040,15358,1,984,378,50,50
1040,15360,1,592,702,50,50
1040,15365,1,461,807,50,50
1040,15372,1,1091,285,50,50
1040,15373,1,216,833,50,50
1040,15377,1,435,800,50,50
1040,15382,1,371,815,50,50
1040,15383,1,314,772,50,50
1040,15389,0,1026,378,50,50
1040,15393,0,1019,357,50,50
1041,15325,2,-57,971,50,50
1041,15327,1,176,536,50,50
1041,15338,2,-56,1019,50,50
1041,15349,1,734,604,50,50
1041,15358,1,983,380,50,50
1041,15360,1,596,699,50,50
1041,15365,1,466,804,50,50
1041,15372,1,1093,282,50,50
1041,15373,1,208,837,50,50
1041,15377,1,439,797,50,50
1041,15382,1,379,810,50,50
1041,15383,1,308,775,50,50
1041,15389,0,1028,377,50,50
1041,15393,0,1019,358,50,50
1042,15325,2,-63,975,50,50
1042,15327,1,176,536,50,50
1042,15338,2,-65,1025,50,50
1042,15349,1,737,602,50,50
1042,15358,1,982,381,50,50
1042,15360,2,599,697,50,50
1042,15365,1,471,801,50,50
1042,15372,1,1095,280,50,50
1042,15373,1,201,842,50,50
1042,15377,1,444,794,50,50
1042,15382,1,386,806,50,50
1042,15383,1,302,779,50,50
1042,15389,0,1030,376,50,50
1042,15393,0,1018,358,50,50
1043,15325,2,-69,978,50,50
1043,15327,1,176,536,50,50
1043,15338,2,-74,1031,50,50
1043,15349,1,740,600,50,50
1043,15358,1,980,382,50,50
1043,15360,1,603,694,50,50
1043,15365,1,476,798,50,50
1043,15372,1,1098,277,50,50
1043,15373,1,192,848,50,50
1043,15377,1,450,791,50,50
1043,15382,1,392,802,50,50
1043,15383,1,296,782,50,50
1043,15389,0,1030,374,50,50
1043,15393,0,1018,359,50,50
1044,15325,2,-75,982,50,50
1044,15327,1,176,536,50,50
1044,15338,2,-83,1036,50,50
1044,15349,1,743,598,50,50
1044,15358,1,978,382,50,50
1044,15360,1,607,691,50,50
1044,15365,1,480,795,50,50
1044,15372,1,1100,274,50,50
1044,15373,1,184,852,50,50
1044,15377,1,456,787,50,50
1044,15382,1,400,797,50,50
1044,15383,1,290,786,50,50
1044,15389,0,1031,373,50,50
1044,15393,0,1017,360,50,50
1045,15325,2,-82,986,50,50
1045,15327,1,176,536,50,50
1045,15338,2,-92,1042,50,50
1045,15349,1,746,596,50,50
1045,15358,1,976,383,50,50
1045,15360,1,611,689,50,50
1045,15365,1,485,793,50,50
1045,15372,1,1102,272,50,50
1045,15373,1,176,856,50,50
1045,15377,1,461,783,50,50
1045,15382,1,407,793,50,50
1045,15383,1,284,790,50,50
1045,15389,0,1032,372,50,50
1045,15393,0,1016,360,50,50
1046,15325,2,-88,990,50,50
1046,15327,1,176,536,50,50
1046,15338,2,-101,1048,50,50
1046,15349,1,746,595,50,50
1046,15358,1,974,384,50,50
1046,15360,1,615,686,50,50
1046,15365,1,488,790,50,50
1046,15372,1,1104,269,50,50
1046,15373,1,168,860,50,50
1046,15377,1,467,779,50,50
1046,15382,1,415,789,50,50
1046,15383,1,278,793,50,50
1046,15389,0,1033,371,50,50
1046,15393,0,1016,399,50,50
1047,15325,2,-94,993,50,50
1047,15327,1,176,536,50,50
1047,15338,2,-109,1053,50,50
1047,15349,1,748,594,50,50
1047,15358,1,972,385,50,50
1047,15360,1,619,684,50,50
1047,15365,1,493,787,50,50
1047,15372,1,1106,266,50,50
1047,15373,1,159,865,50,50
1047,15377,1,472,776,50,50
1047,15382,1,421,785,50,50
1047,15383,1,272,796,50,50
1047,15389,0,1036,370,50,50
1047,15393,0,1016,403,50,50
1048,15325,2,-100,997,50,50
1048,15327,1,176,536,50,50
1048,15338,2,-118,1059,50,50
1048,15349,1,750,592,50,50
1048,15358,1,970,387,50,50
1048,15360,1,622,681,50,50
1048,15365,1,495,785,50,50
1048,15372,1,1109,264,50,50
1048,15373,1,149,870,50,50
1048,15377,1,478,774,50,50
1048,15382,1,427,781,50,50
1048,15383,1,266,800,50,50
1048,15389,0,1038,369,50,50
1048,15393,0,1016,408,50,50
1049,15325,2,-107,1001,50,50
1049,15327,1,176,536,50,50
1049,15338,2,-127,1065,50,50
1049,15349,1,752,590,50,50
1049,15358,1,968,388,50,50
1049,15360,2,625,679,50,50
1049,15365,1,498,782,50,50
1049,15372,1,1111,261,50,50
1049,15373,1,141,874,50,50
1049,15377,1,483,771,50,50
1049,15382,1,435,776,50,50
1049,15383,1,260,803,50,50
1049,15389,0,1040,368,50,50
1049,15393,0,1015,413,50,50
1049,15395,0,1004,365,50,50
1050,15325,2,-113,1005,50,50
1050,15327,1,176,536,50,50
1050,15338,2,-136,1071,50,50
1050,15349,1,755,588,50,50
1050,15358,1,967,389,50,50
1050,15360,2,628,677,50,50
1050,15365,1,503,779,50,50
1050,15372,1,1113,258,50,50
1050,15373,1,132,879,50,50
1050,15377,1,487,768,50,50
1050,15382,1,441,773,50,50
1050,15383,1,254,806,50,50
1050,15389,0,1041,367,50,50
1050,15393,0,1021,398,50,50
1050,15395,0,1003,367,50,50
1051,15325,2,-119,1008,50,50
1051,15327,1,176,536,50,50
1051,15338,2,-145,1076,50,50
1051,15349,1,758,586,50,50
1051,15358,1,965,390,50,50
1051,15360,2,632,674,50,50
1051,15365,1,507,776,50,50
1051,15372,1,1115,256,50,50
1051,15373,1,123,883,50,50
1051,15377,1,492,764,50,50
1051,15382,1,448,769,50,50
1051,15383,1,248,810,50,50
1051,15389,0,1042,366,50,50
1051,15393,0,1021,401,50,50
1051,15395,0,1002,368,50,50
1052,15325,2,-125,1012,50,50
1052,15327,1,176,536,50,50
1052,15338,2,-154,1082,50,50
1052,15349,1,760,584,50,50
1052,15358,1,964,391,50,50
1052,15360,1,636,671,50,50
1052,15365,1,511,773,50,50
1052,15372,1,1118,253,50,50
1052,15373,1,114,888,50,50
1052,15377,1,497,761,50,50
1052,15382,1,455,765,50,50
1052,15383,1,242,813,50,50
1052,15389,0,1043,366,50,50
1052,15393,0,1021,403,50,50
1052,15395,0,1000,370,50,50
1053,15325,2,-131,1016,50,50
1053,15338,2,-162,1088,50,50
1053,15349,1,763,582,50,50
1053,15358,1,962,392,50,50
1053,15360,1,638,668,50,50
1053,15365,1,516,770,50,50
1053,15372,1,1120,250,50,50
1053,15373,1,105,894,50,50
1053,15377,1,502,758,50,50
1053,15382,1,462,761,50,50
1053,15383,1,236,817,50,50
1053,15389,0,1045,365,50,50
1053,15393,0,1021,406,50,50
1053,15395,0,998,371,50,50
1054,15325,2,-138,1019,50,50
1054,15338,2,-171,1093,50,50
1054,15349,1,766,580,50,50
1054,15358,1,960,393,50,50
1054,15360,2,642,666,50,50
1054,15365,1,521,767,50,50
1054,15372,1,1122,248,50,50
1054,15373,1,96,899,50,50
1054,15377,1,508,755,50,50
1054,15382,1,467,757,50,50
1054,15383,1,230,820,50,50
1054,15389,0,1046,364,50,50
1054,15393,0,1021,409,50,50
1054,15395,0,997,372,50,50
1055,15325,2,-144,1023,50,50
1055,15338,2,-180,1099,50,50
1055,15349,1,768,578,50,50
1055,15358,1,958,394,50,50
1055,15360,2,646,663,50,50
1055,15365,1,525,764,50,50
1055,15372,1,1124,245,50,50
1055,15373,1,86,904,50,50
1055,15377,1,512,751,50,50
1055,15382,1,474,753,50,50
1055,15383,1,224,823,50,50
1055,15389,0,1048,363,50,50
1055,15393,0,1022,412,50,50
1055,15395,0,996,373,50,50
1056,15325,2,-150,1027,50,50
1056,15338,2,-189,1105,50,50
1056,15349,1,771,576,50,50
1056,15358,1,956,395,50,50
1056,15360,2,649,661,50,50
1056,15365,1,529,761,50,50
1056,15372,1,1126,242,50,50
1056,15373,1,78,909,50,50
1056,15377,1,517,748,50,50
1056,15382,1,480,749,50,50
1056,15383,1,219,827,50,50
1056,15389,0,1049,362,50,50
1056,15393,0,1022,414,50,50
1056,15395,0,994,374,50,50
1057,15325,2,-156,1031,50,50
1057,15338,2,-198,1111,50,50
1057,15349,1,773,574,50,50
1057,15358,1,954,396,50,50
1057,15360,2,652,659,50,50
1057,15365,1,534,758,50,50
1057,15372,1,1129,240,50,50
1057,15373,1,68,914,50,50
1057,15377,1,522,746,50,50
1057,15382,1,487,745,50,50
1057,15383,1,213,830,50,50
1057,15389,0,1050,361,50,50
1057,15393,0,995,417,50,50
1057,15395,0,993,375,50,50
1058,15325,2,-162,1034,50,50
1058,15338,2,-207,1116,50,50
1058,15349,1,776,572,50,50
1058,15358,1,952,397,50,50
1058,15360,1,656,657,50,50
1058,15365,1,538,755,50,50
1058,15373,1,57,920,50,50
1058,15377,1,527,743,50,50
1058,15382,1,493,741,50,50
1058,15383,1,207,833,50,50
1058,15389,0,1052,360,50,50
1058,15393,0,994,417,50,50
1058,15395,0,992,376,50,50
1059,15325,2,-169,1038,50,50
1059,15338,2,-215,1122,50,50
1059,15349,1,779,570,50,50
1059,15358,1,950,398,50,50
1059,15360,1,660,654,50,50
1059,15365,1,542,752,50,50
1059,15373,1,47,925,50,50
1059,15377,1,532,740,50,50
1059,15382,1,500,737,50,50
1059,15383,1,201,837,50,50
1059,15389,0,1053,359,50,50
1059,15393,0,995,416,50,50
1059,15395,0,991,377,50,50
1060,15325,2,-175,1042,50,50
1060,15338,2,-224,1128,50,50
1060,15349,1,781,568,50,50
1060,15358,1,948,400,50,50
1060,15360,1,663,652,50,50
1060,15365,1,547,749,50,50
1060,15373,1,37,930,50,50
1060,15377,1,537,736,50,50
1060,15382,1,507,733,50,50
1060,15383,1,195,840,50,50
1060,15389,0,1055,358,50,50
1060,15393,0,993,418,50,50
1060,15395,0,984,379,50,50
1060,15400,2,767,498,50,50
1060,15401,1,19,1019,49,50
1061,15325,2,-181,1046,50,50
1061,15338,2,-233,1133,50,50
1061,15349,1,784,566,50,50
1061,15358,1,946,400,50,50
1061,15360,2,667,650,50,50
1061,15365,1,551,746,50,50
1061,15373,1,27,935,50,50
1061,15377,1,542,733,50,50
1061,15382,1,514,729,50,50
1061,15383,1,189,844,50,50
1061,15389,0,1056,357,50,50
1061,15393,0,992,420,50,50
1061,15395,0,982,381,50,50
1061,15400,2,765,500,50,50
1061,15401,1,27,1012,50,50
1062,15338,2,-242,1139,50,50
1062,15349,1,787,564,50,50
1062,15358,1,945,401,50,50
1062,15360,2,670,647,50,50
1062,15365,1,556,743,50,50
1062,15373,1,20,941,49,50
1062,15377,1,548,730,50,50
1062,15382,1,521,728,50,50
1062,15383,1,183,847,50,50
1062,15389,1,1016,350,50,50
1062,15393,0,990,422,50,50
1062,15395,0,980,382,50,50
1062,15400,2,763,501,50,50
1062,15401,1,39,1005,50,50
1063,15338,2,-251,1145,50,50
1063,15349,1,789,562,50,50
1063,15358,1,943,402,50,50
1063,15360,2,673,645,50,50
1063,15365,1,560,740,50,50
1063,15373,1,11,946,49,50
1063,15377,1,553,727,50,50
1063,15382,1,528,724,50,50
1063,15383,1,177,850,50,50
1063,15389,1,1014,350,50,50
1063,15393,0,988,425,50,50
1063,15395,0,978,383,50,50
1063,15400,2,760,503,50,50
1063,15401,2,51,997,50,50
1063,15404,1,18,1052,49,50
1064,15338,2,-259,1151,50,50
1064,15349,1,792,560,50,50
1064,15358,1,942,404,50,50
1064,15360,2,676,643,50,50
1064,15365,1,564,737,50,50
1064,15373,1,9,952,49,50
1064,15377,1,558,724,50,50
1064,15382,1,530,721,50,50
1064,15383,1,147,861,50,50
1064,15389,1,1012,350,50,50
1064,15393,0,987,427,50,50
1064,15395,0,977,384,50,50
1064,15400,2,758,505,50,50
1064,15401,1,64,989,50,50
1064,15404,1,24,1047,49,50
1064,15406,1,1051,316,50,50
1065,15349,1,795,559,50,50
1065,15358,1,940,405,50,50
1065,15360,2,680,641,50,50
1065,15365,1,569,734,50,50
1065,15373,1,4,955,49,50
1065,15377,1,563,721,50,50
1065,15382,1,534,718,50,50
1065,15383,1,141,865,50,50
1065,15389,1,1011,349,50,50
1065,15393,0,985,429,50,50
1065,15395,0,975,385,50,50
1065,15400,2,756,506,50,50
1065,15401,1,78,982,50,50
1065,15404,1,30,1040,50,50
1065,15406,1,1050,317,50,50
1066,15349,1,797,557,50,50
1066,15358,1,938,407,50,50
1066,15360,2,683,638,50,50
1066,15365,1,573,731,50,50
1066,15373,1,-4,960,49,50
1066,15377,1,568,717,50,50
1066,15382,1,541,714,50,50
1066,15383,1,133,869,50,50
1066,15389,1,1009,351,50,50
1066,15393,0,984,431,50,50
1066,15395,0,973,386,50,50
1066,15400,2,754,507,50,50
1066,15401,1,93,974,50,50
1066,15404,1,39,1033,50,50
1066,15406,1,1049,317,50,50
1067,15349,1,800,555,50,50
1067,15358,1,936,408,50,50
1067,15360,2,686,636,50,50
1067,15365,1,577,728,50,50
1067,15373,1,-12,965,49,50
1067,15377,1,574,714,50,50
1067,15382,1,547,710,50,50
1067,15383,1,125,874,50,50
1067,15389,1,1008,351,50,50
1067,15393,0,982,433,50,50
1067,15395,0,971,388,50,50
1067,15400,2,752,508,50,50
1067,15401,1,105,967,50,50
1067,15404,1,47,1028,50,50
1067,15406,1,1048,318,50,50
1068,15349,1,802,553,50,50
1068,15358,1,934,409,50,50
1068,15360,2,689,634,50,50
1068,15365,1,582,725,50,50
1068,15373,1,-20,970,49,50
1068,15377,1,579,711,50,50
1068,15382,1,553,706,50,50
1068,15383,1,118,879,50,50
1068,15389,1,1006,354,50,50
1068,15393,0,980,435,50,50
1068,15395,0,970,389,50,50
1068,15400,2,750,509,50,50
1068,15401,1,118,960,50,50
1068,15404,1,57,1022,50,50
1068,15406,1,1047,319,50,50
1068,15408,1,1028,351,50,50
1069,15349,1,805,551,50,50
1069,15358,1,932,410,50,50
1069,15360,2,692,632,50,50
1069,15365,1,586,722,50,50
1069,15373,1,-27,975,50,50
1069,15377,1,584,708,50,50
1069,15382,1,559,703,50,50
1069,15383,1,109,884,50,50
1069,15389,1,1004,353,50,50
1069,15393,0,979,437,50,50
1069,15395,0,968,390,50,50
1069,15400,2,748,511,50,50
1069,15401,1,131,953,50,50
1069,15404,1,67,1015,50,50
1069,15406,1,1046,320,50,50
1069,15408,1,1027,352,50,50
1070,15349,1,808,549,50,50
1070,15358,1,930,411,50,50
1070,15360,2,695,630,50,50
1070,15365,1,591,719,50,50
1070,15373,1,-35,980,50,50
1070,15377,1,589,705,50,50
1070,15382,1,565,699,50,50
1070,15383,1,101,888,50,50
1070,15389,1,1002,353,50,50
1070,15393,0,977,439,50,50
1070,15395,0,966,391,50,50
1070,15400,2,746,512,50,50
1070,15401,1,143,947,50,50
1070,15404,1,78,1009,50,50
1070,15406,1,1045,321,50,50
1070,15408,1,1026,352,50,50
1071,15349,1,810,547,50,50
1071,15358,1,928,412,50,50
1071,15360,2,699,628,50,50
1071,15365,1,595,716,50,50
1071,15373,1,-43,985,50,50
1071,15377,1,594,701,50,50
1071,15382,1,571,695,50,50
1071,15383,1,93,893,50,50
1071,15389,1,1001,358,50,50
1071,15393,0,975,442,50,50
1071,15395,0,964,392,50,50
1071,15400,2,744,513,50,50
1071,15401,1,155,940,50,50
1071,15404,1,88,1003,50,50
1071,15406,1,1044,321,50,50
1071,15408,1,1023,354,50,50
1072,15349,1,813,545,50,50
1072,15358,1,926,414,50,50
1072,15360,2,703,625,50,50
1072,15365,1,599,713,50,50
1072,15373,1,-51,990,50,50
1072,15377,1,600,698,50,50
1072,15382,1,578,691,50,50
1072,15383,1,84,898,50,50
1072,15389,1,1000,358,50,50
1072,15393,0,974,444,50,50
1072,15395,0,963,394,50,50
1072,15400,2,742,514,50,50
1072,15401,1,167,933,50,50
1072,15404,1,96,997,50,50
1072,15406,1,1044,322,50,50
1072,15408,1,1021,355,50,50
1073,15349,1,816,543,50,50
1073,15358,1,925,415,50,50
1073,15360,2,706,623,50,50
1073,15365,1,604,710,50,50
1073,15373,1,-59,995,50,50
1073,15377,1,605,695,50,50
1073,15382,1,584,688,50,50
1073,15383,1,76,903,50,50
1073,15389,1,998,358,50,50
1073,15393,0,972,446,50,50
1073,15395,0,961,395,50,50
1073,15400,2,740,516,50,50
1073,15401,1,178,926,50,50
1073,15404,1,109,990,50,50
1073,15406,1,1043,323,50,50
1073,15408,1,1020,355,50,50
1074,15349,1,818,541,50,50
1074,15358,1,923,416,50,50
1074,15360,2,709,621,50,50
1074,15365,1,608,707,50,50
1074,15373,1,-67,1000,50,50
1074,15377,1,610,692,50,50
1074,15382,1,590,684,50,50
1074,15383,1,67,908,50,50
1074,15389,1,997,358,50,50
1074,15393,0,970,448,50,50
1074,15395,0,959,396,50,50
1074,15400,2,738,517,50,50
1074,15401,1,190,919,50,50
1074,15404,1,120,984,50,50
1074,15406,1,1042,323,50,50
1074,15408,1,1019,356,50,50
1075,15349,1,821,539,50,50
1075,15358,1,921,417,50,50
1075,15360,2,712,619,50,50
1075,15365,1,612,704,50,50
1075,15373,1,-75,1005,50,50
1075,15377,1,615,689,50,50
1075,15382,1,596,680,50,50
1075,15383,1,58,913,50,50
1075,15389,1,995,358,50,50
1075,15393,0,969,450,50,50
1075,15395,0,957,397,50,50
1075,15400,2,736,518,50,50
1075,15401,1,201,913,50,50
1075,15404,1,129,979,50,50
1075,15406,1,1041,324,50,50
1075,15408,1,1018,357,50,50
1075,15409,1,22,1068,49,50
1076,15349,1,823,537,50,50
1076,15358,1,919,418,50,50
1076,15360,2,714,617,50,50
1076,15365,1,617,701,50,50
1076,15373,1,-83,1010,50,50
1076,15377,1,620,686,50,50
1076,15382,1,602,676,50,50
1076,15383,1,50,918,50,50
1076,15389,1,994,358,50,50
1076,15393,0,967,452,50,50
1076,15395,0,956,398,50,50
1076,15400,2,734,519,50,50
1076,15401,1,212,906,50,50
1076,15404,1,141,973,50,50
1076,15406,1,1041,324,50,50
1076,15408,1,1016,358,50,50
1076,15409,1,28,1065,50,50
1077,15349,1,826,535,50,50
1077,15358,1,917,419,50,50
1077,15360,2,717,615,50,50
1077,15365,1,621,698,50,50
1077,15373,1,-91,1015,50,50
1077,15377,1,626,682,50,50
1077,15382,1,608,673,50,50
1077,15383,1,40,922,50,50
1077,15389,1,992,359,50,50
1077,15393,0,966,454,50,50
1077,15395,0,954,399,50,50
1077,15400,2,732,521,50,50
1077,15401,1,223,900,50,50
1077,15404,1,150,967,50,50
1077,15406,1,1040,325,50,50
1077,15408,1,1013,360,50,50
1077,15409,1,33,1062,50,50
1078,15349,1,829,533,50,50
1078,15358,1,915,421,50,50
1078,15360,2,720,613,50,50
1078,15365,1,625,695,50,50
1078,15373,1,-99,1020,50,50
1078,15377,1,631,679,50,50
1078,15382,1,615,669,50,50
1078,15383,1,32,927,50,50
1078,15389,1,991,364,50,50
1078,15393,0,964,456,50,50
1078,15395,0,952,401,50,50
1078,15400,2,730,522,50,50
1078,15401,1,235,894,50,50
1078,15404,1,159,962,50,50
1078,15406,1,1039,326,50,50
1078,15408,1,1011,361,50,50
1078,15409,1,39,1058,50,50
1079,15358,1,914,422,50,50
1079,15360,1,724,611,50,50
1079,15365,1,630,692,50,50
1079,15373,1,-107,1025,50,50
1079,15377,1,636,676,50,50
1079,15382,1,615,684,50,50
1079,15383,1,25,931,50,50
1079,15389,1,990,365,50,50
1079,15393,0,962,459,50,50
1079,15395,0,950,402,50,50
1079,15400,2,729,523,50,50
1079,15401,1,245,887,50,50
1079,15404,1,170,956,50,50
1079,15406,1,1038,326,50,50
1079,15408,1,1010,362,50,50
1079,15409,1,49,1056,50,50
1080,15358,1,912,423,50,50
1080,15360,1,727,608,50,50
1080,15365,1,634,689,50,50
1080,15373,1,-114,1029,50,50
1080,15377,1,609,669,50,50
1080,15382,1,618,682,50,50
1080,15383,1,19,936,49,50
1080,15389,1,988,366,50,50
1080,15393,0,961,461,50,50
1080,15395,0,949,403,50,50
1080,15400,2,727,524,50,50
1080,15401,1,255,882,50,50
1080,15404,1,178,951,50,50
1080,15406,2,1055,369,50,50
1080,15408,1,1008,363,50,50
1080,15409,1,57,1051,50,50
1081,15358,1,910,424,50,50
1081,15360,0,730,606,50,50
1081,15365,1,639,686,50,50
1081,15373,1,-122,1034,50,50
1081,15377,1,612,665,50,50
1081,15382,1,624,680,50,50
1081,15383,1,14,941,49,50
1081,15389,1,987,366,50,50
1081,15393,0,959,463,50,50
1081,15395,0,947,404,50,50
1081,15400,2,725,526,50,50
1081,15401,1,266,875,50,50
1081,15404,1,186,946,50,50
1081,15406,2,1056,370,50,50
1081,15408,1,1006,364,50,50
1081,15409,1,68,1046,50,50
1082,15358,1,908,425,50,50
1082,15360,0,733,603,50,50
1082,15365,2,624,697,50,50
1082,15373,1,-130,1039,50,50
1082,15377,1,616,662,50,50
1082,15382,1,630,677,50,50
1082,15383,1,7,946,49,50
1082,15389,1,986,368,50,50
1082,15393,0,957,465,50,50
1082,15395,0,945,405,50,50
1082,15400,2,723,527,50,50
1082,15401,1,277,870,50,50
1082,15404,1,195,940,50,50
1082,15406,2,1057,373,50,50
1082,15408,1,1004,365,50,50
1082,15409,1,77,1040,50,50
1083,15358,1,906,426,50,50
1083,15360,2,736,602,50,50
1083,15365,2,627,695,50,50
1083,15373,1,-138,1044,50,50
1083,15377,1,620,658,50,50
1083,15382,1,635,675,50,50
1083,15383,1,-1,951,49,50
1083,15389,1,985,369,50,50
1083,15393,0,956,467,50,50
1083,15395,0,943,406,50,50
1083,15400,2,721,528,50,50
1083,15401,1,287,864,50,50
1083,15404,1,204,935,50,50
1083,15406,2,1058,369,50,50
1083,15408,1,1003,366,50,50
1083,15409,1,85,1036,50,50
1084,15358,1,904,427,50,50
1084,15360,2,738,600,50,50
1084,15365,2,631,693,50,50
1084,15373,1,-146,1049,50,50
1084,15377,1,627,655,50,50
1084,15382,1,641,672,50,50
1084,15383,1,-8,955,49,50
1084,15389,1,983,370,50,50
1084,15393,0,954,469,50,50
1084,15395,0,942,408,50,50
1084,15400,2,719,529,50,50
1084,15401,1,296,859,50,50
1084,15404,1,213,930,50,50
1084,15406,2,1059,368,50,50
1084,15408,1,1001,367,50,50
1084,15409,1,95,1030,50,50
1085,15358,1,903,429,50,50
1085,15360,1,741,598,50,50
1085,15365,2,634,690,50,50
1085,15373,1,-154,1054,50,50
1085,15377,1,632,653,50,50
1085,15382,1,646,670,50,50
1085,15383,1,-16,960,49,50
1085,15389,1,982,371,50,50
1085,15393,0,953,471,50,50
1085,15395,0,940,409,50,50
1085,15400,2,717,530,50,50
1085,15401,1,306,853,50,50
1085,15404,1,223,924,50,50
1085,15406,2,1060,367,50,50
1085,15408,1,1000,368,50,50
1085,15409,1,103,1026,50,50
1086,15358,1,901,430,50,50
1086,15360,1,744,596,50,50
1086,15365,2,638,688,50,50
1086,15373,1,-162,1059,50,50
1086,15377,1,637,650,50,50
1086,15382,1,652,667,50,50
1086,15383,1,-23,964,49,50
1086,15389,1,980,372,50,50
1086,15393,0,951,474,50,50
1086,15395,0,938,410,50,50
1086,15400,2,715,532,50,50
1086,15401,1,315,847,50,50
1086,15404,1,231,919,50,50
1086,15406,2,1061,369,50,50
1086,15408,1,998,369,50,50
1086,15409,1,114,1018,50,50
1087,15358,1,899,431,50,50
1087,15360,2,746,595,50,50
1087,15365,2,642,685,50,50
1087,15373,1,-170,1064,50,50
1087,15377,1,641,646,50,50
1087,15382,1,658,665,50,50
1087,15383,1,-30,969,50,50
1087,15389,1,979,372,50,50
1087,15393,0,949,476,50,50
1087,15395,0,936,411,50,50
1087,15400,2,713,533,50,50
1087,15401,1,324,841,50,50
1087,15404,1,240,914,50,50
1087,15406,2,1062,371,50,50
1087,15408,1,996,370,50,50
1087,15409,1,122,1013,50,50
1088,15358,1,897,432,50,50
1088,15360,2,749,593,50,50
1088,15365,2,645,683,50,50
1088,15373,1,-178,1069,50,50
1088,15377,1,646,643,50,50
1088,15382,1,663,662,50,50
1088,15383,1,-37,974,50,50
1088,15389,1,978,373,50,50
1088,15393,0,948,478,50,50
1088,15395,0,935,412,50,50
1088,15400,1,749,593,50,50
1088,15401,1,333,835,50,50
1088,15404,1,250,908,50,50
1088,15406,2,1062,372,50,50
1088,15408,1,995,371,50,50
1088,15409,1,130,1008,50,50
1089,15358,1,895,433,50,50
1089,15360,2,752,591,50,50
1089,15365,2,649,680,50,50
1089,15373,1,-186,1074,50,50
1089,15377,1,650,640,50,50
1089,15382,1,669,659,50,50
1089,15383,1,-45,978,50,50
1089,15389,1,976,374,50,50
1089,15393,0,946,480,50,50
1089,15395,0,933,414,50,50
1089,15400,2,751,593,50,50
1089,15401,1,342,831,50,50
1089,15404,1,258,903,50,50
1089,15406,2,1063,374,50,50
1089,15408,1,993,372,50,50
1089,15409,1,140,1003,50,50
1090,15358,1,893,434,50,50
1090,15360,2,755,589,50,50
1090,15365,2,653,678,50,50
1090,15373,1,-194,1079,50,50
1090,15377,1,654,637,50,50
1090,15382,1,674,657,50,50
1090,15383,1,-52,983,50,50
1090,15389,1,975,375,50,50
1090,15395,0,931,415,50,50
1090,15400,2,753,592,50,50
1090,15401,1,351,825,50,50
1090,15404,1,266,897,50,50
1090,15406,2,1064,376,50,50
1090,15408,1,992,373,50,50
1090,15409,1,149,998,50,50
1091,15358,1,892,436,50,50
1091,15360,2,758,587,50,50
1091,15365,2,656,676,50,50
1091,15373,1,-202,1084,50,50
1091,15377,1,658,633,50,50
1091,15382,1,680,654,50,50
1091,15383,1,-60,988,50,50
1091,15389,1,973,376,50,50
1091,15400,2,754,595,50,50
1091,15401,1,361,820,50,50
1091,15404,1,275,892,50,50
1091,15406,2,1065,378,50,50
1091,15408,1,990,374,50,50
1091,15409,1,157,992,50,50
1092,15358,1,882,442,50,50
1092,15360,2,761,585,50,50
1092,15365,2,660,673,50,50
1092,15373,1,-210,1089,50,50
1092,15377,1,663,630,50,50
1092,15382,1,686,652,50,50
1092,15383,1,-67,992,50,50
1092,15389,1,972,376,50,50
1092,15400,2,754,598,50,50
1092,15401,1,369,815,50,50
1092,15404,1,284,888,50,50
1092,15406,2,1065,379,50,50
1092,15408,1,988,375,50,50
1092,15409,1,166,987,50,50
1093,15358,1,879,444,50,50
1093,15360,2,764,583,50,50
1093,15365,2,663,671,50,50
1093,15373,1,-218,1094,50,50
1093,15377,1,667,627,50,50
1093,15382,1,691,649,50,50
1093,15383,1,-75,997,50,50
1093,15389,1,970,377,50,50
1093,15400,2,754,600,50,50
1093,15401,1,377,809,50,50
1093,15404,1,291,884,50,50
1093,15406,2,1066,381,50,50
1093,15408,1,987,376,50,50
1093,15409,1,174,982,50,50
1094,15358,1,877,445,50,50
1094,15360,2,767,581,50,50
1094,15365,2,667,668,50,50
1094,15373,1,-226,1099,50,50
1094,15377,1,671,624,50,50
1094,15382,1,697,647,50,50
1094,15383,1,-82,1001,50,50
1094,15389,1,969,378,50,50
1094,15400,2,754,603,50,50
1094,15401,1,386,804,50,50
1094,15404,1,299,879,50,50
1094,15406,2,1067,383,50,50
1094,15408,1,985,377,50,50
1094,15409,1,182,977,50,50
1095,15358,1,875,447,50,50
1095,15360,2,770,578,50,50
1095,15365,2,671,666,50,50
1095,15373,1,-234,1103,50,50
1095,15377,1,676,623,50,50
1095,15382,1,702,644,50,50
1095,15383,1,-90,1006,50,50
1095,15389,1,968,379,50,50
1095,15400,2,754,606,50,50
1095,15401,1,394,800,50,50
1095,15404,1,307,873,50,50
1095,15406,2,1067,385,50,50
1095,15408,1,984,378,50,50
1095,15409,1,190,973,50,50
1096,15358,1,873,448,50,50
1096,15360,2,773,576,50,50
1096,15365,2,674,663,50,50
1096,15377,1,680,620,50,50
1096,15382,1,708,642,50,50
1096,15383,1,-98,1011,50,50
1096,15389,1,966,380,50,50
1096,15400,2,755,609,50,50
1096,15401,1,402,795,50,50
1096,15404,1,314,869,50,50
1096,15406,2,1068,386,50,50
1096,15408,1,982,379,50,50
1096,15409,1,199,968,50,50
1097,15358,1,869,449,50,50
1097,15360,2,776,574,50,50
1097,15365,2,678,661,50,50
1097,15377,1,683,617,50,50
1097,15382,1,714,639,50,50
1097,15383,1,-105,1015,50,50
1097,15389,1,965,380,50,50
1097,15400,2,755,612,50,50
1097,15401,1,410,790,50,50
1097,15404,1,321,865,50,50
1097,15406,2,1069,388,50,50
1097,15408,1,980,380,50,50
1097,15409,1,207,962,50,50
1098,15358,1,866,451,50,50
1098,15360,2,779,572,50,50
1098,15365,2,682,659,50,50
1098,15377,1,687,614,50,50
1098,15382,1,719,637,50,50
1098,15383,1,-113,1020,50,50
1098,15389,1,974,384,50,50
1098,15400,2,755,614,50,50
1098,15401,1,418,785,50,50
1098,15404,1,329,861,50,50
1098,15406,2,1070,390,50,50
1098,15408,1,979,381,50,50
1098,15409,1,215,957,50,50
1098,15412,1,27,1063,50,50
1099,15358,1,864,453,50,50
1099,15360,2,782,570,50,50
1099,15365,2,685,656,50,50
1099,15377,1,691,611,50,50
1099,15382,1,725,634,50,50
1099,15383,1,-120,1025,50,50
1099,15389,1,974,385,50,50
1099,15400,2,755,617,50,50
1099,15401,1,426,780,50,50
1099,15404,1,337,856,50,50
1099,15406,2,1070,392,50,50
1099,15408,1,977,382,50,50
1099,15409,1,223,952,50,50
1099,15412,1,33,1061,50,50
1100,15358,1,861,454,50,50
1100,15360,2,780,571,50,50
1100,15365,2,689,654,50,50
1100,15377,2,695,609,50,50
1100,15382,1,731,632,50,50
1100,15383,1,-128,1029,50,50
1100,15389,1,973,386,50,50
1100,15400,2,755,620,50,50
1100,15401,1,434,775,50,50
1100,15404,1,344,852,50,50
1100,15406,2,1071,394,50,50
1100,15408,1,976,383,50,50
1100,15409,1,231,948,50,50
1100,15412,1,43,1056,50,50
1101,15358,1,858,456,50,50
1101,15360,2,782,570,50,50
1101,15365,2,688,633,50,50
1101,15377,2,700,606,50,50
1101,15382,1,736,629,50,50
1101,15383,1,-135,1034,50,50
1101,15389,1,972,387,50,50
1101,15400,2,756,623,50,50
1101,15401,1,442,771,50,50
1101,15404,1,351,847,50,50
1101,15406,2,1072,395,50,50
1101,15408,1,974,384,50,50
1101,15409,1,239,943,50,50
1101,15412,1,53,1050,50,50
1101,15413,2,658,563,50,50
1102,15358,1,856,457,50,50
1102,15360,2,785,568,50,50
1102,15365,2,691,629,50,50
1102,15377,2,703,604,50,50
1102,15382,1,742,627,50,50
1102,15383,1,-143,1039,50,50
1102,15389,1,971,388,50,50
1102,15400,2,756,626,50,50
1102,15401,1,449,766,50,50
1102,15404,1,359,843,50,50
1102,15406,2,1072,397,50,50
1102,15408,1,972,385,50,50
1102,15409,1,247,938,50,50
1102,15412,1,65,1044,50,50
1102,15413,2,656,564,50,50
1103,15358,1,854,459,50,50
1103,15360,2,787,566,50,50
1103,15365,2,694,626,50,50
1103,15377,2,707,601,50,50
1103,15382,1,747,624,50,50
1103,15383,1,-150,1043,50,50
1103,15389,1,970,389,50,50
1103,15400,2,756,629,50,50
1103,15401,1,457,761,50,50
1103,15404,1,365,839,50,50
1103,15406,2,1073,399,50,50
1103,15408,1,971,386,50,50
1103,15409,1,255,933,50,50
1103,15412,1,75,1038,50,50
1103,15413,2,655,565,50,50
1104,15358,1,852,460,50,50
1104,15360,2,790,564,50,50
1104,15365,2,698,622,50,50
1104,15377,2,711,598,50,50
1104,15382,1,753,622,50,50
1104,15383,1,-158,1048,50,50
1104,15389,1,970,390,50,50
1104,15400,2,756,631,50,50
1104,15401,1,465,757,50,50
1104,15404,1,371,835,50,50
1104,15406,2,1074,401,50,50
1104,15408,1,969,387,50,50
1104,15409,1,262,929,50,50
1104,15412,1,85,1032,50,50
1104,15413,2,653,566,50,50
1105,15358,2,849,462,50,50
1105,15360,2,793,562,50,50
1105,15365,2,701,619,50,50
1105,15377,2,715,596,50,50
1105,15382,1,759,619,50,50
1105,15383,1,-165,1052,50,50
1105,15389,1,969,391,50,50
1105,15400,2,756,634,50,50
1105,15401,1,472,752,50,50
1105,15404,1,377,831,50,50
1105,15406,2,1075,402,50,50
1105,15408,1,893,441,50,50
1105,15409,1,269,924,50,50
1105,15412,1,95,1025,50,50
1105,15413,2,651,566,50,50
1105,15415,1,48,1070,50,50
1106,15358,2,847,463,50,50
1106,15360,2,795,560,50,50
1106,15365,2,704,616,50,50
1106,15377,2,719,593,50,50
1106,15382,1,764,617,50,50
1106,15383,1,-173,1057,50,50
1106,15389,1,968,392,50,50
1106,15400,2,757,637,50,50
1106,15401,1,479,747,50,50
1106,15404,1,385,827,50,50
1106,15406,2,1075,404,50,50
1106,15408,1,890,443,50,50
1106,15409,1,277,920,50,50
1106,15412,1,105,1019,50,50
1106,15413,2,650,567,50,50
1106,15415,1,55,1067,50,50
1107,15358,2,845,464,50,50
1107,15360,2,798,559,50,50
1107,15365,2,708,612,50,50
1107,15377,1,722,590,50,50
1107,15382,1,770,614,50,50
1107,15383,1,-180,1062,50,50
1107,15389,1,967,393,50,50
1107,15400,2,757,640,50,50
1107,15401,1,486,743,50,50
1107,15404,1,392,822,50,50
1107,15406,2,1076,406,50,50
1107,15408,1,888,445,50,50
1107,15409,1,285,915,50,50
1107,15412,1,115,1013,50,50
1107,15413,2,648,568,50,50
1107,15415,1,62,1065,50,50
1108,15358,2,842,466,50,50
1108,15360,2,801,557,50,50
1108,15365,2,711,609,50,50
1108,15377,1,726,588,50,50
1108,15382,1,775,612,50,50
1108,15383,1,-188,1066,50,50
1108,15389,1,967,394,50,50
1108,15400,2,757,643,50,50
1108,15401,1,493,739,50,50
1108,15404,1,399,818,50,50
1108,15406,2,1002,347,50,50
1108,15408,1,886,447,50,50
1108,15409,1,292,911,50,50
1108,15412,1,123,1007,50,50
1108,15413,2,646,569,50,50
1108,15415,1,67,1063,50,50
1109,15358,1,839,467,50,50
1109,15360,2,803,555,50,50
1109,15365,2,715,606,50,50
1109,15377,1,729,585,50,50
1109,15382,1,781,609,50,50
1109,15383,1,-195,1071,50,50
1109,15389,1,966,395,50,50
1109,15400,2,757,646,50,50
1109,15401,1,501,735,50,50
1109,15404,1,406,814,50,50
1109,15406,2,999,348,50,50
1109,15408,1,883,448,50,50
1109,15409,1,298,907,50,50
1109,15412,1,134,1001,50,50
1109,15413,2,645,570,50,50
1109,15415,1,71,1061,50,50
1110,15358,1,836,469,50,50
1110,15360,1,804,553,50,50
1110,15365,2,718,602,50,50
1110,15377,1,733,583,50,50
1110,15382,1,787,606,50,50
1110,15383,1,-203,1076,50,50
1110,15389,1,944,399,50,50
1110,15400,2,757,648,50,50
1110,15401,1,508,730,50,50
1110,15404,1,413,809,50,50
1110,15406,2,999,348,50,50
1110,15408,1,882,449,50,50
1110,15409,1,304,902,50,50
1110,15412,1,143,996,50,50
1110,15413,2,643,571,50,50
1110,15415,1,75,1059,50,50
1111,15358,1,833,471,50,50
1111,15360,1,806,551,50,50
1111,15365,2,721,599,50,50
1111,15377,1,736,581,50,50
1111,15383,1,-210,1080,50,50
1111,15389,1,942,401,50,50
1111,15400,2,758,651,50,50
1111,15401,1,516,726,50,50
1111,15404,1,420,805,50,50
1111,15406,2,998,349,50,50
1111,15408,1,879,450,50,50
1111,15409,1,311,898,50,50
1111,15412,1,153,990,50,50
1111,15413,2,641,571,50,50
1111,15415,1,81,1057,50,50
1112,15358,1,831,472,50,50
1112,15360,1,808,550,50,50
1112,15365,2,725,595,50,50
1112,15377,1,739,578,50,50
1112,15389,1,939,402,50,50
1112,15400,2,758,654,50,50
1112,15401,1,524,721,50,50
1112,15404,1,426,802,50,50
1112,15406,2,995,348,50,50
1112,15408,1,877,452,50,50
1112,15409,1,317,894,50,50
1112,15412,1,162,984,50,50
1112,15413,2,639,572,50,50
1112,15415,1,88,1053,50,50
1113,15358,1,828,474,50,50
1113,15360,1,810,548,50,50
1113,15365,2,728,592,50,50
1113,15377,1,743,576,50,50
1113,15389,1,937,403,50,50
1113,15400,2,758,657,50,50
1113,15401,1,528,718,50,50
1113,15404,1,432,798,50,50
1113,15406,2,993,348,50,50
1113,15408,1,874,454,50,50
1113,15409,1,324,890,50,50
1113,15412,1,170,979,50,50
1113,15413,2,621,586,50,50
1113,15415,1,96,1049,50,50
1114,15358,1,826,476,50,50
1114,15360,1,812,547,50,50
1114,15365,2,727,604,50,50
1114,15377,1,747,574,50,50
1114,15389,1,935,405,50,50
1114,15400,2,758,660,50,50
1114,15401,1,534,715,50,50
1114,15404,1,438,794,50,50
1114,15406,2,991,347,50,50
1114,15408,1,872,456,50,50
1114,15409,1,331,886,50,50
1114,15412,1,179,973,50,50
1114,15413,2,618,588,50,50
1114,15415,1,102,1046,50,50
1115,15358,1,823,477,50,50
1115,15360,1,815,546,50,50
1115,15365,2,730,602,50,50
1115,15377,1,751,571,50,50
1115,15389,1,933,406,50,50
1115,15400,2,758,662,50,50
1115,15401,1,539,711,50,50
1115,15404,1,444,791,50,50
1115,15406,2,989,347,50,50
1115,15408,1,869,458,50,50
1115,15409,1,336,883,50,50
1115,15412,1,189,968,50,50
1115,15413,2,615,590,50,50
1115,15415,1,108,1042,50,50
1115,15419,2,844,457,50,50
1116,15358,1,821,478,50,50
1116,15360,1,817,544,50,50
1116,15365,2,733,599,50,50
1116,15377,1,755,569,50,50
1116,15389,1,931,407,50,50
1116,15400,2,759,665,50,50
1116,15401,1,547,706,50,50
1116,15404,1,449,787,50,50
1116,15406,2,987,346,50,50
1116,15408,1,866,460,50,50
1116,15409,1,343,879,50,50
1116,15412,1,198,963,50,50
1116,15413,2,612,592,50,50
1116,15415,1,114,1038,50,50
1116,15419,2,843,458,50,50
1117,15358,2,818,480,50,50
1117,15360,1,819,542,50,50
1117,15365,2,736,597,50,50
1117,15377,1,758,566,50,50
1117,15389,1,929,408,50,50
1117,15400,2,759,668,50,50
1117,15401,1,554,702,50,50
1117,15404,1,455,783,50,50
1117,15406,2,984,346,50,50
1117,15408,1,863,462,50,50
1117,15409,1,350,874,50,50
1117,15412,1,208,958,50,50
1117,15413,2,609,594,50,50
1117,15415,1,120,1034,50,50
1117,15419,2,842,458,50,50
1118,15358,2,815,482,50,50
1118,15360,1,822,541,50,50
1118,15365,2,739,595,50,50
1118,15377,1,762,563,50,50
1118,15389,1,926,410,50,50
1118,15400,2,759,671,50,50
1118,15401,1,561,697,50,50
1118,15404,1,462,779,50,50
1118,15406,2,988,354,50,50
1118,15408,1,862,464,50,50
1118,15409,1,357,870,50,50
1118,15412,1,217,952,50,50
1118,15413,2,606,596,50,50
1118,15415,1,126,1031,50,50
1118,15419,2,841,459,50,50
1119,15358,1,812,483,50,50
1119,15360,1,824,539,50,50
1119,15365,2,742,592,50,50
1119,15377,1,763,563,50,50
1119,15389,1,924,411,50,50
1119,15400,2,759,674,50,50
1119,15401,1,568,693,50,50
1119,15404,1,467,775,50,50
1119,15406,2,986,354,50,50
1119,15408,1,860,465,50,50
1119,15409,1,363,866,50,50
1119,15412,1,225,947,50,50
1119,15413,2,604,598,50,50
1119,15415,1,132,1028,50,50
1119,15419,2,840,460,50,50
1120,15358,1,810,485,50,50
1120,15360,1,827,537,50,50
1120,15365,2,744,593,50,50
1120,15377,1,766,561,50,50
1120,15389,1,922,412,50,50
1120,15400,2,759,677,50,50
1120,15401,1,575,689,50,50
1120,15404,1,474,771,50,50
1120,15406,2,985,355,50,50
1120,15408,1,858,467,50,50
1120,15409,1,370,862,50,50
1120,15412,1,233,942,50,50
1120,15413,2,601,600,50,50
1120,15415,1,140,1021,50,50
1120,15419,2,839,460,50,50
1121,15358,1,808,487,50,50
1121,15360,1,829,536,50,50
1121,15365,2,747,591,50,50
1121,15377,1,770,559,50,50
1121,15389,1,920,413,50,50
1121,15401,1,577,685,50,50
1121,15404,1,480,767,50,50
1121,15406,2,983,355,50,50
1121,15408,1,855,469,50,50
1121,15409,2,376,858,50,50
1121,15412,1,242,937,50,50
1121,15413,2,598,601,50,50
1121,15415,1,147,1017,50,50
1121,15419,2,838,461,50,50
1122,15358,1,804,489,50,50
1122,15360,1,831,534,50,50
1122,15365,2,749,589,50,50
1122,15377,1,773,556,50,50
1122,15389,1,918,415,50,50
1122,15401,1,583,682,50,50
1122,15404,1,486,764,50,50
1122,15406,2,981,355,50,50
1122,15408,1,853,471,50,50
1122,15409,1,382,855,50,50
1122,15412,1,251,933,50,50
1122,15413,2,595,603,50,50
1122,15415,1,153,1014,50,50
1122,15419,2,837,462,50,50
1122,15420,1,27,1014,50,50
1123,15358,1,801,491,50,50
1123,15360,1,834,532,50,50
1123,15365,2,752,587,50,50
1123,15377,1,777,554,50,50
1123,15389,1,915,416,50,50
1123,15401,1,589,679,50,50
1123,15404,1,492,761,50,50
1123,15406,2,980,355,50,50
1123,15408,1,849,472,50,50
1123,15409,1,387,851,50,50
1123,15412,1,259,928,50,50
1123,15413,2,592,605,50,50
1123,15415,1,158,1010,50,50
1123,15419,2,836,462,50,50
1123,15420,1,37,1007,50,50
1124,15358,1,799,493,50,50
1124,15360,1,835,530,50,50
1124,15365,2,755,585,50,50
1124,15377,1,780,552,50,50
1124,15389,1,913,417,50,50
1124,15401,1,594,675,50,50
1124,15404,1,498,757,50,50
1124,15406,2,978,356,50,50
1124,15408,1,846,474,50,50
1124,15409,2,393,847,50,50
1124,15412,1,267,923,50,50
1124,15413,2,589,607,50,50
1124,15415,1,164,1006,50,50
1124,15419,2,825,469,50,50
1124,15420,1,50,1000,50,50
1125,15358,1,797,494,50,50
1125,15360,1,837,529,50,50
1125,15365,2,758,583,50,50
1125,15377,1,783,549,50,50
1125,15389,1,911,418,50,50
1125,15401,1,599,671,50,50
1125,15404,1,503,754,50,50
1125,15406,2,979,359,50,50
1125,15408,1,844,475,50,50
1125,15409,1,399,843,50,50
1125,15412,1,274,918,50,50
1125,15413,2,586,609,50,50
1125,15415,1,168,1002,50,50
1125,15419,2,823,471,50,50
1125,15420,1,63,992,50,50
1126,15358,1,794,496,50,50
1126,15360,1,839,527,50,50
1126,15365,2,761,581,50,50
1126,15377,1,786,547,50,50
1126,15389,1,909,420,50,50
1126,15401,1,606,667,50,50
1126,15404,1,507,750,50,50
1126,15406,2,978,360,50,50
1126,15408,1,840,477,50,50
1126,15409,1,406,840,50,50
1126,15412,1,283,913,50,50
1126,15413,2,583,611,50,50
1126,15415,1,174,999,50,50
1126,15419,2,821,472,50,50
1126,15420,1,75,985,50,50
1127,15358,1,791,497,50,50
1127,15360,1,841,526,50,50
1127,15365,2,764,579,50,50
1127,15377,1,789,545,50,50
1127,15389,1,907,421,50,50
1127,15401,2,611,663,50,50
1127,15404,1,512,746,50,50
1127,15406,2,976,361,50,50
1127,15408,1,837,479,50,50
1127,15409,1,411,836,50,50
1127,15412,1,291,908,50,50
1127,15413,2,580,613,50,50
1127,15415,1,179,995,50,50
1127,15419,1,819,473,50,50
1127,15420,1,88,979,50,50
1128,15358,1,787,499,50,50
1128,15360,1,843,525,50,50
1128,15365,2,767,576,50,50
1128,15377,1,793,542,50,50
1128,15389,1,905,422,50,50
1128,15401,2,617,659,50,50
1128,15404,1,517,744,50,50
1128,15406,2,975,362,50,50
1128,15408,1,834,481,50,50
1128,15409,1,417,832,50,50
1128,15412,1,298,904,50,50
1128,15413,2,577,615,50,50
1128,15415,1,185,991,50,50
1128,15419,1,817,475,50,50
1128,15420,1,99,972,50,50
1129,15358,1,784,500,50,50
1129,15360,1,846,524,50,50
1129,15365,2,770,574,50,50
1129,15377,1,796,540,50,50
1129,15389,1,839,451,50,50
1129,15401,2,623,655,50,50
1129,15404,1,523,740,50,50
1129,15406,2,974,362,50,50
1129,15408,1,832,482,50,50
1129,15409,1,423,829,50,50
1129,15412,1,305,899,50,50
1129,15413,2,567,618,50,50
1129,15415,1,190,987,50,50
1129,15419,1,815,477,50,50
1129,15420,1,111,965,50,50
1130,15358,2,781,502,50,50
1130,15360,1,848,522,50,50
1130,15365,2,773,572,50,50
1130,15377,1,800,538,50,50
1130,15389,1,834,454,50,50
1130,15401,1,627,653,50,50
1130,15404,1,529,736,50,50
1130,15406,2,972,363,50,50
1130,15408,1,828,484,50,50
1130,15409,1,428,825,50,50
1130,15412,1,312,896,50,50
1130,15413,2,563,620,50,50
1130,15415,1,196,983,50,50
1130,15419,1,813,479,50,50
1130,15420,1,123,959,50,50
1131,15358,1,778,504,50,50
1131,15360,1,849,521,50,50
1131,15365,2,776,570,50,50
1131,15377,1,803,535,50,50
1131,15389,1,832,455,50,50
1131,15401,1,632,650,50,50
1131,15404,1,534,732,50,50
1131,15406,2,970,364,50,50
1131,15408,1,825,486,50,50
1131,15409,1,434,822,50,50
1131,15412,1,319,891,50,50
1131,15413,2,559,623,50,50
1131,15415,1,202,980,50,50
1131,15419,1,811,480,50,50
1131,15420,1,135,952,50,50
1132,15358,1,775,506,50,50
1132,15360,1,851,519,50,50
1132,15365,2,779,568,50,50
1132,15377,1,806,533,50,50
1132,15389,1,830,456,50,50
1132,15401,2,637,647,50,50
1132,15404,1,539,729,50,50
1132,15406,2,969,365,50,50
1132,15408,1,822,488,50,50
1132,15409,1,439,819,50,50
1132,15412,1,326,887,50,50
1132,15413,2,555,625,50,50
1132,15415,1,207,976,50,50
1132,15419,1,809,481,50,50
1132,15420,1,146,946,50,50
1133,15358,1,772,508,50,50
1133,15360,1,853,517,50,50
1133,15365,2,782,566,50,50
1133,15377,1,810,531,50,50
1133,15389,1,827,458,50,50
1133,15401,2,642,643,50,50
1133,15404,1,545,726,50,50
1133,15406,2,967,365,50,50
1133,15408,1,820,490,50,50
1133,15409,1,445,815,50,50
1133,15412,1,333,882,50,50
1133,15413,2,551,627,50,50
1133,15415,1,212,973,50,50
1133,15419,1,807,483,50,50
1133,15420,1,157,940,50,50
1134,15358,1,769,510,50,50
1134,15360,1,855,516,50,50
1134,15365,2,785,564,50,50
1134,15377,1,813,528,50,50
1134,15389,1,826,458,50,50
1134,15401,2,647,640,50,50
1134,15404,1,550,722,50,50
1134,15406,2,966,366,50,50
1134,15408,1,818,492,50,50
1134,15409,1,451,812,50,50
1134,15412,1,340,878,50,50
1134,15413,2,548,629,50,50
1134,15415,1,218,969,50,50
1134,15419,2,802,484,50,50
1134,15420,1,167,933,50,50
1135,15358,1,766,511,50,50
1135,15360,1,857,515,50,50
1135,15365,2,788,562,50,50
1135,15377,1,813,528,50,50
1135,15389,1,822,461,50,50
1135,15401,2,652,636,50,50
1135,15404,1,556,719,50,50
1135,15406,2,964,367,50,50
1135,15408,1,815,493,50,50
1135,15409,1,456,809,50,50
1135,15412,1,348,874,50,50
1135,15413,2,543,631,50,50
1135,15415,1,223,966,50,50
1135,15419,2,800,486,50,50
1135,15420,1,178,927,50,50
1136,15358,1,764,513,50,50
1136,15360,1,858,513,50,50
1136,15365,2,791,560,50,50
1136,15377,1,816,526,50,50
1136,15389,1,818,463,50,50
1136,15401,2,657,633,50,50
1136,15404,1,562,716,50,50
1136,15406,2,963,367,50,50
1136,15408,1,811,495,50,50
1136,15409,1,462,805,50,50
1136,15412,1,354,869,50,50
1136,15413,2,539,633,50,50
1136,15415,1,229,962,50,50
1136,15419,2,797,487,50,50
1136,15420,1,188,921,50,50
1137,15358,1,761,514,50,50
1137,15360,1,860,511,50,50
1137,15365,2,794,558,50,50
1137,15377,1,819,524,50,50
1137,15389,1,813,465,50,50
1137,15401,2,663,629,50,50
1137,15404,1,565,713,50,50
1137,15406,2,961,368,50,50
1137,15408,1,808,497,50,50
1137,15409,1,468,802,50,50
1137,15412,1,362,865,50,50
1137,15413,2,536,635,50,50
1137,15415,1,234,959,50,50
1137,15419,2,795,489,50,50
1137,15420,1,199,915,50,50
1138,15358,1,757,516,50,50
1138,15360,1,862,510,50,50
1138,15365,2,797,556,50,50
1138,15377,1,822,522,50,50
1138,15389,1,809,467,50,50
1138,15401,2,668,625,50,50
1138,15404,1,569,710,50,50
1138,15406,2,960,369,50,50
1138,15408,1,805,499,50,50
1138,15409,1,473,798,50,50
1138,15412,1,368,861,50,50
1138,15413,2,533,637,50,50
1138,15415,1,239,955,50,50
1138,15419,2,793,490,50,50
1138,15420,1,210,909,50,50
1139,15358,1,754,518,50,50
1139,15360,1,864,509,50,50
1139,15365,2,800,553,50,50
1139,15377,1,825,520,50,50
1139,15389,1,805,469,50,50
1139,15401,2,674,622,50,50
1139,15404,1,573,707,50,50
1139,15406,2,958,369,50,50
1139,15408,1,802,501,50,50
1139,15409,1,477,795,50,50
1139,15412,1,374,857,50,50
1139,15413,2,529,639,50,50
1139,15415,1,245,952,50,50
1139,15419,2,790,492,50,50
1139,15420,1,219,903,50,50
1140,15358,1,751,520,50,50
1140,15360,1,866,507,50,50
1140,15365,2,803,551,50,50
1140,15377,1,828,518,50,50
1140,15389,1,815,466,50,50
1140,15401,2,679,618,50,50
1140,15404,1,578,704,50,50
1140,15406,2,957,370,50,50
1140,15408,1,798,503,50,50
1140,15409,1,482,792,50,50
1140,15412,1,381,853,50,50
1140,15413,2,526,642,50,50
1140,15415,1,250,948,50,50
1140,15419,2,788,493,50,50
1140,15420,1,229,897,50,50
1141,15358,1,748,522,50,50
1141,15360,1,868,506,50,50
1141,15365,2,805,549,50,50
1141,15377,1,831,517,50,50
1141,15389,1,812,468,50,50
1141,15401,2,685,614,50,50
1141,15404,1,584,700,50,50
1141,15406,2,955,371,50,50
1141,15408,1,794,506,50,50
1141,15409,2,487,788,50,50
1141,15412,1,388,848,50,50
1141,15413,2,522,644,50,50
1141,15415,1,256,945,50,50
1141,15419,2,786,495,50,50
1141,15420,1,239,891,50,50
1142,15358,1,745,524,50,50
1142,15360,1,870,505,50,50
1142,15365,2,808,547,50,50
1142,15377,1,834,515,50,50
1142,15389,1,809,469,50,50
1142,15401,2,690,611,50,50
1142,15404,1,589,696,50,50
1142,15406,2,954,371,50,50
1142,15408,1,791,508,50,50
1142,15409,2,493,785,50,50
1142,15412,1,394,844,50,50
1142,15413,2,519,646,50,50
1142,15415,1,261,941,50,50
1142,15419,2,784,496,50,50
1142,15420,1,249,885,50,50
1142,15426,1,877,446,50,50
1143,15358,1,742,526,50,50
1143,15360,1,872,503,50,50
1143,15365,2,811,545,50,50
1143,15377,1,837,513,50,50
1143,15389,1,806,471,50,50
1143,15401,2,696,607,50,50
1143,15404,1,593,693,50,50
1143,15406,2,952,372,50,50
1143,15408,1,789,510,50,50
1143,15409,2,498,781,50,50
1143,15412,1,401,840,50,50
1143,15413,2,515,648,50,50
1143,15415,1,266,938,50,50
1143,15419,2,781,497,50,50
1143,15420,1,259,880,50,50
1143,15426,1,874,448,50,50
1144,15358,1,739,528,50,50
1144,15360,1,874,502,50,50
1144,15365,2,814,543,50,50
1144,15377,1,840,511,50,50
1144,15389,1,803,472,50,50
1144,15401,2,701,603,50,50
1144,15404,1,598,690,50,50
1144,15406,2,951,372,50,50
1144,15408,1,786,512,50,50
1144,15409,2,503,778,50,50
1144,15412,1,408,837,50,50
1144,15413,2,509,651,50,50
1144,15415,1,271,935,50,50
1144,15419,2,779,499,50,50
1144,15420,1,268,874,50,50
1144,15426,1,872,449,50,50
1145,15358,1,736,530,50,50
1145,15360,1,876,500,50,50
1145,15365,2,817,541,50,50
1145,15377,1,843,509,50,50
1145,15389,1,801,474,50,50
1145,15401,2,707,600,50,50
1145,15404,1,604,687,50,50
1145,15406,2,949,373,50,50
1145,15408,1,782,515,50,50
1145,15409,1,508,775,50,50
1145,15412,1,413,833,50,50
1145,15413,2,505,654,50,50
1145,15415,1,276,932,50,50
1145,15419,2,777,500,50,50
1145,15420,1,277,869,50,50
1145,15426,1,869,451,50,50
1146,15358,1,733,532,50,50
1146,15360,1,878,499,50,50
1146,15365,2,810,547,50,50
1146,15377,1,846,507,50,50
1146,15389,1,798,476,50,50
1146,15401,2,712,596,50,50
1146,15404,1,608,685,50,50
1146,15406,2,948,374,50,50
1146,15408,1,779,517,50,50
1146,15409,1,513,772,50,50
1146,15412,1,419,829,50,50
1146,15413,2,501,656,50,50
1146,15415,1,281,928,50,50
1146,15419,2,774,502,50,50
1146,15420,1,286,863,50,50
1146,15426,1,866,455,50,50
1147,15358,1,729,534,50,50
1147,15360,1,880,497,50,50
1147,15365,2,811,546,50,50
1147,15377,1,849,505,50,50
1147,15389,1,795,477,50,50
1147,15401,2,718,593,50,50
1147,15404,1,613,683,50,50
1147,15406,2,946,374,50,50
1147,15408,1,775,520,50,50
1147,15409,1,518,769,50,50
1147,15412,1,425,825,50,50
1147,15413,2,497,658,50,50
1147,15415,1,286,925,50,50
1147,15419,2,772,503,50,50
1147,15420,1,296,858,50,50
1147,15426,1,863,457,50,50
