frame,track_id,class,x_center,y_center,width,height
0,882106,1,646.0,622.0,50,50
0,882107,2,572.0,646.0,50,50
0,882108,2,754.0,557.0,50,50
0,882109,2,903.0,491.0,50,50
0,882110,1,127.0,867.0,50,50
0,882111,2,782.0,589.0,50,50
1,882106,1,640.0,624.0,50,50
1,882107,1,568.0,649.0,50,50
1,882108,2,749.0,559.0,50,50
1,882109,2,905.0,488.0,50,50
1,882110,-1,121.0,870.0,50,50
2,882106,1,636.0,627.0,50,50
2,882107,2,564.0,651.0,50,50
2,882108,-1,746.0,561.0,50,50
2,882110,1,113.0,874.0,50,50
2,882121,1,1098.0,318.0,50,50
3,882106,1,630.0,630.0,50,50
3,882107,2,560.0,654.0,50,50
3,882110,1,106.0,880.0,50,50
3,882121,1,1096.0,318.0,50,50
3,882127,1,114.0,918.0,50,50
4,882106,1,625.0,633.0,50,50
4,882107,1,555.0,656.0,50,50
4,882110,1,96.0,883.0,50,50
4,882121,1,1095.0,319.0,50,50
5,882106,1,620.0,636.0,50,50
5,882107,2,550.0,659.0,50,50
5,882110,1,86.0,888.0,50,50
5,882121,1,1095.0,320.0,50,50
6,882106,1,615.0,639.0,50,50
6,882107,1,546.0,662.0,50,50
6,882110,1,76.0,893.0,50,50
6,882143,1,76.0,938.0,50,50
7,882106,1,609.0,643.0,50,50
7,882107,1,541.0,665.0,50,50
7,882110,1,68.0,898.0,50,50
7,882143,1,63.0,945.0,50,50
7,882150,2,807.0,573.0,50,50
8,882106,1,604.0,647.0,50,50
8,882107,2,536.0,668.0,50,50
8,882143,1,50.0,952.0,50,50
8,882150,2,809.0,570.0,50,50
9,882106,1,598.0,650.0,50,50
9,882107,1,532.0,671.0,50,50
9,882143,1,36.0,960.0,50,50
9,882150,-1,813.0,568.0,50,50
9,882108,1,715.0,580.0,50,50
9,882110,1,49.0,907.0,50,50
10,882106,1,593.0,653.0,50,50
10,882107,2,526.0,674.0,50,50
10,882143,1,26.0,968.0,50,50
10,882150,2,818.0,565.0,50,50
10,882170,1,65.0,925.0,50,50
10,882110,1,41.0,912.0,50,50
11,882106,1,587.0,655.0,50,50
11,882107,2,521.0,676.0,50,50
11,882143,1,19.0,974.0,50,50
11,882150,2,821.0,563.0,50,50
11,882170,1,55.0,929.0,50,50
11,882110,1,31.0,917.0,50,50
12,882106,1,581.0,659.0,50,50
12,882107,1,516.0,679.0,50,50
12,882143,1,11.0,980.0,50,50
12,882150,2,825.0,561.0,50,50
12,882170,1,46.0,934.0,50,50
12,882186,2,832.0,489.0,50,50
13,882106,1,575.0,662.0,50,50
13,882107,2,511.0,682.0,50,50
13,882143,1,4.0,987.0,50,50
13,882150,2,828.0,559.0,50,50
13,882170,1,35.0,940.0,50,50
13,882186,2,830.0,491.0,50,50
14,882106,1,569.0,667.0,50,50
14,882107,1,506.0,685.0,50,50
14,882150,2,831.0,556.0,50,50
14,882170,1,26.0,944.0,50,50
14,882186,2,827.0,493.0,50,50
15,882106,1,563.0,670.0,50,50
15,882107,1,501.0,688.0,50,50
15,882150,2,835.0,553.0,50,50
15,882170,1,21.0,950.0,50,50
15,882186,2,825.0,495.0,50,50
16,882106,1,557.0,674.0,50,50
16,882107,2,496.0,691.0,50,50
16,882150,2,838.0,551.0,50,50
16,882186,2,821.0,498.0,50,50
17,882106,1,551.0,677.0,50,50
17,882107,2,491.0,694.0,50,50
17,882150,2,842.0,549.0,50,50
17,882186,2,818.0,500.0,50,50
18,882106,1,545.0,680.0,50,50
18,882107,1,485.0,697.0,50,50
18,882150,2,845.0,546.0,50,50
18,882186,2,815.0,502.0,50,50
19,882106,1,539.0,684.0,50,50
19,882107,1,480.0,700.0,50,50
19,882150,-1,848.0,545.0,50,50
19,882186,2,812.0,503.0,50,50
20,882106,1,532.0,688.0,50,50
20,882107,1,474.0,704.0,50,50
20,882108,1,663.0,612.0,50,50
21,882106,1,527.0,692.0,50,50
21,882107,2,469.0,707.0,50,50
22,882106,1,520.0,695.0,50,50
22,882107,2,464.0,710.0,50,50
22,882186,2,803.0,508.0,50,50
22,882108,1,654.0,618.0,50,50
23,882106,1,514.0,699.0,50,50
23,882107,1,458.0,713.0,50,50
23,882186,2,800.0,510.0,50,50
23,882108,1,649.0,622.0,50,50
24,882106,1,506.0,704.0,50,50
24,882107,1,452.0,716.0,50,50
24,882186,2,797.0,512.0,50,50
24,882108,1,643.0,625.0,50,50
24,882251,1,142.0,883.0,50,50
24,882150,2,864.0,534.0,50,50
25,882106,1,500.0,708.0,50,50
25,882107,1,447.0,720.0,50,50
25,882251,1,134.0,887.0,50,50
25,882259,1,707.0,569.0,50,50
25,882150,2,868.0,531.0,50,50
26,882106,1,494.0,711.0,50,50
26,882107,1,441.0,723.0,50,50
26,882251,1,125.0,893.0,50,50
26,882150,2,870.0,529.0,50,50
27,882106,1,487.0,715.0,50,50
27,882107,1,434.0,727.0,50,50
27,882251,1,116.0,897.0,50,50
27,882150,-1,873.0,528.0,50,50
27,882186,1,787.0,520.0,50,50
27,882108,2,628.0,635.0,50,50
28,882106,1,479.0,719.0,50,50
28,882107,1,427.0,730.0,50,50
28,882251,1,106.0,902.0,50,50
28,882186,1,783.0,522.0,50,50
29,882106,1,473.0,723.0,50,50
29,882107,1,422.0,734.0,50,50
29,882251,1,97.0,907.0,50,50
29,882186,1,780.0,524.0,50,50
30,882106,1,466.0,727.0,50,50
30,882107,1,416.0,737.0,50,50
30,882186,1,776.0,526.0,50,50
31,882106,1,458.0,732.0,50,50
31,882107,1,410.0,740.0,50,50
31,882186,1,773.0,528.0,50,50
31,882286,1,686.0,583.0,50,50
31,882108,1,604.0,649.0,50,50
32,882106,1,451.0,736.0,50,50
32,882107,1,405.0,743.0,50,50
32,882186,1,770.0,530.0,50,50
32,882286,-1,683.0,585.0,50,50
32,882108,1,598.0,653.0,50,50
32,882251,1,67.0,923.0,50,50
33,882106,1,443.0,740.0,50,50
33,882107,1,399.0,746.0,50,50
33,882186,-1,767.0,532.0,50,50
33,882286,1,677.0,587.0,50,50
33,882108,1,593.0,656.0,50,50
33,882251,1,58.0,928.0,50,50
34,882106,1,436.0,744.0,50,50
34,882107,1,393.0,749.0,50,50
34,882286,1,674.0,590.0,50,50
34,882108,1,587.0,659.0,50,50
34,882251,1,48.0,933.0,50,50
35,882106,1,428.0,748.0,50,50
35,882107,1,385.0,754.0,50,50
35,882286,1,669.0,593.0,50,50
35,882108,1,582.0,662.0,50,50
35,882251,1,39.0,938.0,50,50
36,882106,1,421.0,752.0,50,50
36,882107,1,380.0,757.0,50,50
36,882108,1,576.0,666.0,50,50
36,882251,1,30.0,942.0,50,50
36,882316,0,932.0,441.0,50,50
36,882317,1,983.0,395.0,50,50
37,882106,1,414.0,757.0,50,50
37,882107,1,374.0,761.0,50,50
37,882108,1,569.0,670.0,50,50
37,882251,1,25.0,947.0,50,50
37,882316,0,929.0,443.0,50,50
37,882317,-1,982.0,396.0,50,50
37,882286,1,661.0,597.0,50,50
38,882106,1,406.0,761.0,50,50
38,882107,1,368.0,764.0,50,50
38,882108,1,564.0,674.0,50,50
38,882251,1,20.0,952.0,50,50
38,882316,0,927.0,445.0,50,50
39,882106,1,399.0,765.0,50,50
39,882107,1,360.0,767.0,50,50
39,882108,1,558.0,678.0,50,50
39,882316,0,924.0,447.0,50,50
40,882106,1,390.0,770.0,50,50
40,882107,1,354.0,771.0,50,50
40,882108,1,550.0,681.0,50,50
40,882316,-1,921.0,449.0,50,50
40,882251,1,10.0,959.0,50,50
41,882106,1,382.0,775.0,50,50
41,882107,1,348.0,774.0,50,50
41,882108,1,544.0,685.0,50,50
41,882346,1,37.0,1022.0,50,50
41,882251,2,6.0,962.0,50,50
41,882286,1,644.0,608.0,50,50
42,882106,1,373.0,779.0,50,50
42,882107,1,340.0,778.0,50,50
42,882108,1,537.0,688.0,50,50
42,882346,1,49.0,1015.0,50,50
42,882286,1,639.0,611.0,50,50
42,882186,2,735.0,551.0,50,50
42,882316,0,915.0,452.0,50,50
43,882106,1,365.0,784.0,50,50
43,882107,1,334.0,782.0,50,50
43,882108,1,531.0,692.0,50,50
43,882346,1,65.0,1005.0,50,50
43,882286,1,635.0,613.0,50,50
43,882316,0,912.0,454.0,50,50
44,882106,1,357.0,789.0,50,50
44,882107,1,327.0,785.0,50,50
44,882108,-1,524.0,696.0,50,50
44,882346,1,80.0,997.0,50,50
44,882286,1,630.0,615.0,50,50
44,882316,0,910.0,455.0,50,50
45,882106,1,347.0,794.0,50,50
45,882107,1,320.0,789.0,50,50
45,882346,1,93.0,990.0,50,50
45,882286,1,626.0,618.0,50,50
45,882316,0,908.0,457.0,50,50
46,882106,1,338.0,798.0,50,50
46,882107,1,315.0,792.0,50,50
46,882346,1,107.0,982.0,50,50
46,882286,1,622.0,621.0,50,50
46,882316,0,906.0,459.0,50,50
46,882379,1,1047.0,358.0,50,50
46,882108,1,511.0,704.0,50,50
47,882106,1,329.0,803.0,50,50
47,882346,1,122.0,975.0,50,50
47,882286,1,618.0,623.0,50,50
47,882316,0,903.0,461.0,50,50
47,882388,0,965.0,477.0,50,50
47,882108,1,505.0,708.0,50,50
48,882106,1,321.0,807.0,50,50
48,882346,1,136.0,967.0,50,50
48,882286,1,613.0,626.0,50,50
48,882316,0,901.0,463.0,50,50
48,882388,0,967.0,476.0,50,50
48,882108,1,498.0,712.0,50,50
48,882259,2,710.0,567.0,50,50
49,882106,1,306.0,811.0,50,50
49,882346,1,150.0,959.0,50,50
49,882286,1,609.0,629.0,50,50
49,882388,0,969.0,475.0,50,50
49,882108,1,491.0,716.0,50,50
50,882106,1,299.0,816.0,50,50
50,882346,1,163.0,952.0,50,50
50,882286,1,605.0,632.0,50,50
50,882108,1,483.0,720.0,50,50
50,882186,2,704.0,570.0,50,50
50,882107,1,294.0,812.0,50,50
51,882106,-1,290.0,821.0,50,50
51,882346,1,176.0,944.0,50,50
51,882286,1,600.0,634.0,50,50
51,882108,1,476.0,724.0,50,50
51,882186,2,700.0,573.0,50,50
51,882107,1,286.0,815.0,50,50
52,882106,1,282.0,827.0,50,50
52,882346,1,189.0,937.0,50,50
52,882286,1,595.0,637.0,50,50
52,882108,1,469.0,728.0,50,50
52,882107,1,275.0,819.0,50,50
52,882426,1,35.0,1064.0,50,50
52,882388,0,974.0,471.0,50,50
53,882346,1,202.0,930.0,50,50
53,882286,1,591.0,640.0,50,50
53,882108,1,462.0,732.0,50,50
53,882107,1,265.0,822.0,50,50
53,882426,1,46.0,1061.0,50,50
53,882388,-1,975.0,470.0,50,50
53,882186,1,691.0,578.0,50,50
54,882346,1,215.0,923.0,50,50
54,882286,1,586.0,643.0,50,50
54,882108,1,454.0,736.0,50,50
54,882107,1,257.0,826.0,50,50
54,882426,1,56.0,1058.0,50,50
54,882186,1,687.0,581.0,50,50
54,882106,1,263.0,838.0,50,50
55,882346,1,226.0,917.0,50,50
55,882286,1,581.0,645.0,50,50
55,882108,1,446.0,740.0,50,50
55,882107,1,248.0,829.0,50,50
55,882426,1,66.0,1053.0,50,50
55,882186,1,683.0,583.0,50,50
55,882106,1,254.0,843.0,50,50
56,882286,1,575.0,648.0,50,50
56,882108,1,439.0,745.0,50,50
56,882426,1,75.0,1047.0,50,50
56,882106,1,244.0,849.0,50,50
56,882150,0,947.0,473.0,50,50
57,882286,1,571.0,651.0,50,50
57,882108,1,431.0,749.0,50,50
57,882426,1,83.0,1042.0,50,50
57,882106,1,233.0,853.0,50,50
57,882468,1,527.0,657.0,50,50
57,882150,-1,949.0,472.0,50,50
57,882346,1,249.0,904.0,50,50
57,882186,2,674.0,588.0,50,50
58,882286,1,565.0,654.0,50,50
58,882108,1,423.0,754.0,50,50
58,882426,1,93.0,1036.0,50,50
58,882106,1,223.0,860.0,50,50
58,882468,1,522.0,660.0,50,50
58,882346,1,261.0,897.0,50,50
58,882107,1,224.0,842.0,50,50
59,882286,1,560.0,657.0,50,50
59,882108,1,415.0,759.0,50,50
59,882426,1,102.0,1032.0,50,50
59,882106,1,213.0,867.0,50,50
59,882468,1,517.0,662.0,50,50
59,882346,1,273.0,890.0,50,50
59,882107,1,215.0,847.0,50,50
59,882186,2,665.0,594.0,50,50
60,882286,1,555.0,659.0,50,50
60,882108,1,406.0,764.0,50,50
60,882426,1,111.0,1026.0,50,50
60,882106,1,203.0,873.0,50,50
60,882468,1,512.0,665.0,50,50
60,882346,1,284.0,883.0,50,50
60,882107,1,206.0,851.0,50,50
60,882186,2,661.0,597.0,50,50
61,882286,1,549.0,663.0,50,50
61,882108,1,397.0,768.0,50,50
61,882426,1,120.0,1021.0,50,50
61,882106,1,192.0,879.0,50,50
61,882468,1,506.0,668.0,50,50
61,882346,1,296.0,876.0,50,50
61,882107,1,198.0,855.0,50,50
61,882186,1,656.0,599.0,50,50
61,882504,1,1024.0,373.0,50,50
61,882316,2,861.0,489.0,50,50
62,882286,1,544.0,666.0,50,50
62,882108,1,390.0,772.0,50,50
62,882426,1,128.0,1016.0,50,50
62,882106,1,181.0,885.0,50,50
62,882468,1,502.0,670.0,50,50
62,882107,1,190.0,859.0,50,50
62,882186,2,652.0,602.0,50,50
62,882504,1,1023.0,373.0,50,50
62,882516,0,1056.0,384.0,50,50
63,882286,1,539.0,669.0,50,50
63,882108,1,381.0,777.0,50,50
63,882426,1,137.0,1011.0,50,50
63,882106,1,171.0,891.0,50,50
63,882468,1,497.0,673.0,50,50
63,882107,1,182.0,863.0,50,50
63,882516,0,1059.0,383.0,50,50
64,882286,1,535.0,672.0,50,50
64,882108,1,372.0,782.0,50,50
64,882426,1,145.0,1005.0,50,50
64,882106,1,159.0,896.0,50,50
64,882468,1,492.0,675.0,50,50
64,882107,1,173.0,867.0,50,50
64,882186,2,643.0,607.0,50,50
64,882504,1,1019.0,376.0,50,50
65,882286,1,528.0,675.0,50,50
65,882108,1,363.0,787.0,50,50
65,882426,1,154.0,1000.0,50,50
65,882106,1,148.0,903.0,50,50
65,882468,1,487.0,678.0,50,50
65,882107,1,164.0,872.0,50,50
65,882186,1,639.0,609.0,50,50
65,882504,1,1018.0,377.0,50,50
66,882286,1,523.0,678.0,50,50
66,882108,1,355.0,792.0,50,50
66,882426,1,162.0,995.0,50,50
66,882106,1,137.0,910.0,50,50
66,882468,1,481.0,681.0,50,50
66,882107,1,156.0,877.0,50,50
66,882186,2,634.0,612.0,50,50
66,882504,1,1016.0,378.0,50,50
66,882346,1,349.0,846.0,50,50
66,882316,1,844.0,500.0,50,50
67,882286,1,517.0,681.0,50,50
67,882108,1,346.0,796.0,50,50
67,882426,1,170.0,990.0,50,50
67,882106,1,125.0,916.0,50,50
67,882468,1,476.0,684.0,50,50
67,882107,1,146.0,881.0,50,50
67,882504,1,1015.0,380.0,50,50
67,882346,1,358.0,840.0,50,50
67,882316,-1,841.0,502.0,50,50
68,882286,1,512.0,684.0,50,50
68,882108,1,337.0,801.0,50,50
68,882426,1,178.0,985.0,50,50
68,882106,1,112.0,922.0,50,50
68,882468,1,471.0,686.0,50,50
68,882107,1,137.0,886.0,50,50
68,882504,1,1014.0,381.0,50,50
68,882346,1,367.0,835.0,50,50
68,882316,1,837.0,505.0,50,50
68,882186,2,624.0,617.0,50,50
69,882286,1,505.0,688.0,50,50
69,882108,1,329.0,805.0,50,50
69,882426,1,186.0,980.0,50,50
69,882106,1,100.0,928.0,50,50
69,882468,1,466.0,689.0,50,50
69,882107,1,128.0,891.0,50,50
69,882504,1,1012.0,382.0,50,50
69,882346,1,376.0,829.0,50,50
69,882186,1,619.0,620.0,50,50
70,882286,1,500.0,691.0,50,50
70,882108,-1,322.0,810.0,50,50
70,882426,1,195.0,976.0,50,50
70,882106,1,88.0,934.0,50,50
70,882468,1,461.0,693.0,50,50
70,882107,1,118.0,896.0,50,50
70,882504,1,1010.0,384.0,50,50
70,882346,1,385.0,824.0,50,50
70,882186,1,614.0,623.0,50,50
71,882286,1,493.0,694.0,50,50
71,882426,1,203.0,971.0,50,50
71,882106,1,75.0,940.0,50,50
71,882468,1,456.0,696.0,50,50
71,882107,1,109.0,901.0,50,50
71,882504,1,1008.0,385.0,50,50
71,882186,1,609.0,626.0,50,50
71,882316,1,827.0,512.0,50,50
72,882286,1,488.0,698.0,50,50
72,882426,1,212.0,966.0,50,50
72,882106,1,63.0,947.0,50,50
72,882468,1,449.0,699.0,50,50
72,882107,1,99.0,906.0,50,50
72,882504,1,1006.0,386.0,50,50
72,882186,1,604.0,628.0,50,50
73,882286,1,482.0,701.0,50,50
73,882426,1,220.0,961.0,50,50
73,882106,1,50.0,954.0,50,50
73,882468,1,444.0,701.0,50,50
73,882107,1,89.0,911.0,50,50
73,882504,1,1004.0,387.0,50,50
73,882186,1,599.0,632.0,50,50
74,882286,1,476.0,704.0,50,50
74,882426,1,226.0,957.0,50,50
74,882106,1,37.0,960.0,50,50
74,882107,1,80.0,917.0,50,50
74,882504,1,1003.0,388.0,50,50
74,882186,1,594.0,635.0,50,50
74,882629,1,918.0,435.0,50,50
75,882286,1,470.0,708.0,50,50
75,882426,1,235.0,952.0,50,50
75,882106,1,28.0,967.0,50,50
75,882107,1,70.0,922.0,50,50
75,882504,1,1001.0,389.0,50,50
75,882186,1,589.0,638.0,50,50
75,882629,1,915.0,436.0,50,50
75,882316,1,812.0,521.0,50,50
76,882286,1,465.0,711.0,50,50
76,882426,1,241.0,948.0,50,50
76,882106,1,21.0,974.0,50,50
76,882107,1,60.0,927.0,50,50
76,882186,1,583.0,640.0,50,50
76,882629,1,913.0,438.0,50,50
76,882316,1,809.0,523.0,50,50
76,882108,1,261.0,842.0,50,50
77,882286,1,459.0,715.0,50,50
77,882426,1,249.0,944.0,50,50
77,882106,1,14.0,980.0,50,50
77,882107,1,50.0,931.0,50,50
77,882186,1,578.0,644.0,50,50
77,882629,1,911.0,439.0,50,50
77,882108,1,251.0,847.0,50,50
78,882286,1,453.0,718.0,50,50
78,882426,1,257.0,939.0,50,50
78,882106,1,7.0,986.0,50,50
78,882107,1,41.0,936.0,50,50
78,882186,1,574.0,647.0,50,50
78,882108,1,240.0,853.0,50,50
78,882662,1,1487.0,177.0,50,50
78,882346,1,459.0,781.0,50,50
79,882286,1,447.0,721.0,50,50
79,882426,1,265.0,935.0,50,50
79,882107,1,31.0,942.0,50,50
79,882186,1,569.0,649.0,50,50
79,882108,1,229.0,859.0,50,50
79,882662,1,1487.0,177.0,50,50
79,882346,1,469.0,776.0,50,50
80,882286,1,441.0,725.0,50,50
80,882426,1,273.0,931.0,50,50
80,882107,1,24.0,947.0,50,50
80,882186,1,563.0,653.0,50,50
80,882108,1,219.0,864.0,50,50
80,882346,1,477.0,771.0,50,50
81,882286,1,433.0,729.0,50,50
81,882426,1,278.0,926.0,50,50
81,882107,1,18.0,952.0,50,50
81,882186,1,558.0,656.0,50,50
81,882108,1,208.0,871.0,50,50
81,882346,1,485.0,766.0,50,50
81,882468,1,400.0,726.0,50,50
81,882504,1,991.0,395.0,50,50
82,882286,1,425.0,733.0,50,50
82,882426,1,285.0,922.0,50,50
82,882107,-1,13.0,958.0,50,50
82,882186,-1,551.0,659.0,50,50
82,882108,1,198.0,877.0,50,50
82,882468,-1,393.0,729.0,50,50
82,882504,1,989.0,397.0,50,50
82,882662,1,1488.0,177.0,50,50
83,882286,1,417.0,737.0,50,50
83,882426,1,293.0,918.0,50,50
83,882107,1,8.0,967.0,50,50
83,882186,2,546.0,662.0,50,50
83,882662,1,1488.0,177.0,50,50
84,882286,1,412.0,739.0,50,50
84,882426,1,300.0,914.0,50,50
84,882186,1,541.0,665.0,50,50
84,882108,1,177.0,889.0,50,50
84,882468,1,382.0,735.0,50,50
84,882504,1,986.0,399.0,50,50
85,882286,1,407.0,742.0,50,50
85,882426,1,307.0,910.0,50,50
85,882186,1,535.0,669.0,50,50
85,882108,1,165.0,896.0,50,50
85,882504,1,984.0,401.0,50,50
85,882346,1,515.0,747.0,50,50
86,882286,1,401.0,746.0,50,50
86,882426,1,314.0,906.0,50,50
86,882186,1,529.0,672.0,50,50
86,882108,1,154.0,902.0,50,50
86,882346,1,522.0,743.0,50,50
86,882468,1,371.0,741.0,50,50
87,882286,1,394.0,749.0,50,50
87,882426,1,321.0,902.0,50,50
87,882186,1,524.0,675.0,50,50
87,882108,1,142.0,908.0,50,50
87,882346,1,529.0,739.0,50,50
87,882629,1,891.0,453.0,50,50
88,882286,1,386.0,753.0,50,50
88,882426,1,327.0,898.0,50,50
88,882186,1,518.0,679.0,50,50
88,882108,1,130.0,915.0,50,50
88,882629,-1,889.0,455.0,50,50
89,882286,1,378.0,758.0,50,50
89,882426,1,335.0,894.0,50,50
89,882186,2,512.0,683.0,50,50
89,882108,1,118.0,921.0,50,50
89,882629,1,887.0,456.0,50,50
90,882286,1,372.0,761.0,50,50
90,882426,1,341.0,890.0,50,50
90,882186,2,506.0,686.0,50,50
90,882108,1,106.0,928.0,50,50
90,882629,1,885.0,457.0,50,50
90,882468,1,346.0,754.0,50,50
91,882286,1,363.0,765.0,50,50
91,882426,1,347.0,886.0,50,50
91,882186,2,500.0,690.0,50,50
91,882108,1,93.0,935.0,50,50
91,882468,-1,339.0,758.0,50,50
92,882286,1,356.0,769.0,50,50
92,882426,1,354.0,882.0,50,50
92,882186,2,494.0,694.0,50,50
92,882108,1,80.0,941.0,50,50
92,882504,1,971.0,409.0,50,50
93,882286,1,349.0,773.0,50,50
93,882426,1,359.0,879.0,50,50
93,882186,2,487.0,697.0,50,50
93,882108,1,66.0,948.0,50,50
93,882504,1,969.0,411.0,50,50
94,882286,1,342.0,776.0,50,50
94,882426,1,366.0,875.0,50,50
94,882186,1,481.0,700.0,50,50
94,882108,1,54.0,955.0,50,50
94,882629,1,877.0,463.0,50,50
95,882286,1,335.0,781.0,50,50
95,882426,1,373.0,871.0,50,50
95,882186,1,475.0,704.0,50,50
95,882108,1,41.0,962.0,50,50
95,882629,1,875.0,464.0,50,50
95,882504,1,965.0,414.0,50,50
96,882286,1,328.0,785.0,50,50
96,882426,1,377.0,867.0,50,50
96,882186,2,469.0,707.0,50,50
96,882108,1,29.0,969.0,50,50
96,882629,1,873.0,466.0,50,50
96,882504,1,963.0,416.0,50,50
97,882286,-1,320.0,789.0,50,50
97,882426,1,384.0,864.0,50,50
97,882186,2,463.0,711.0,50,50
97,882108,1,22.0,975.0,50,50
97,882629,1,871.0,467.0,50,50
97,882504,1,961.0,417.0,50,50
98,882426,1,390.0,860.0,50,50
98,882186,1,456.0,714.0,50,50
98,882108,1,14.0,980.0,50,50
98,882629,1,869.0,469.0,50,50
98,882504,1,958.0,418.0,50,50
99,882426,1,397.0,857.0,50,50
99,882186,1,449.0,718.0,50,50
99,882108,1,8.0,985.0,50,50
99,882504,1,956.0,420.0,50,50
100,882426,1,402.0,853.0,50,50
100,882186,1,443.0,721.0,50,50
100,882504,2,954.0,421.0,50,50
100,882286,1,296.0,800.0,50,50
100,882629,2,864.0,471.0,50,50
101,882426,1,409.0,849.0,50,50
101,882186,1,436.0,726.0,50,50
101,882504,1,953.0,422.0,50,50
101,882629,2,861.0,473.0,50,50
102,882426,1,414.0,846.0,50,50
102,882186,1,428.0,730.0,50,50
102,882504,1,950.0,423.0,50,50
102,882629,2,859.0,474.0,50,50
102,882805,1,1083.0,331.0,50,50
103,882426,1,420.0,842.0,50,50
103,882186,1,421.0,733.0,50,50
103,882629,2,856.0,475.0,50,50
103,882813,1,45.0,1059.0,50,50
104,882426,1,425.0,839.0,50,50
104,882186,1,415.0,737.0,50,50
104,882813,1,48.0,1057.0,50,50
104,882504,2,945.0,427.0,50,50
105,882426,1,432.0,836.0,50,50
105,882186,1,410.0,740.0,50,50
105,882813,1,60.0,1054.0,50,50
105,882504,2,943.0,429.0,50,50
106,882426,1,436.0,833.0,50,50
106,882813,1,71.0,1049.0,50,50
106,882504,2,941.0,430.0,50,50
106,882629,2,850.0,481.0,50,50
107,882426,1,442.0,829.0,50,50
107,882813,1,80.0,1043.0,50,50
107,882504,1,939.0,431.0,50,50
107,882629,2,847.0,482.0,50,50
108,882426,1,448.0,826.0,50,50
108,882813,1,88.0,1038.0,50,50
108,882629,2,845.0,483.0,50,50
108,882186,1,386.0,753.0,50,50
109,882426,1,454.0,823.0,50,50
109,882813,1,96.0,1032.0,50,50
109,882629,2,843.0,484.0,50,50
109,882842,2,656.0,620.0,50,50
109,882186,1,380.0,757.0,50,50
110,882426,1,459.0,819.0,50,50
110,882813,1,106.0,1026.0,50,50
110,882629,2,841.0,486.0,50,50
110,882842,2,652.0,623.0,50,50
110,882186,1,372.0,761.0,50,50
111,882426,2,465.0,815.0,50,50
111,882813,1,116.0,1021.0,50,50
111,882629,1,838.0,488.0,50,50
111,882842,2,646.0,626.0,50,50
111,882186,1,364.0,765.0,50,50
111,882504,1,930.0,437.0,50,50
112,882426,1,470.0,812.0,50,50
112,882813,1,124.0,1016.0,50,50
112,882629,2,836.0,489.0,50,50
112,882842,2,640.0,630.0,50,50
112,882186,1,356.0,769.0,50,50
112,882504,1,927.0,439.0,50,50
113,882426,1,474.0,810.0,50,50
113,882813,1,132.0,1012.0,50,50
113,882629,-1,834.0,491.0,50,50
113,882842,2,633.0,633.0,50,50
113,882186,1,349.0,773.0,50,50
113,882504,1,925.0,440.0,50,50
114,882426,1,480.0,807.0,50,50
114,882813,1,142.0,1006.0,50,50
114,882629,1,831.0,492.0,50,50
114,882842,2,627.0,637.0,50,50
114,882186,1,341.0,778.0,50,50
114,882504,1,923.0,442.0,50,50
115,882426,1,485.0,804.0,50,50
115,882813,1,152.0,1001.0,50,50
115,882842,2,622.0,640.0,50,50
115,882186,1,333.0,782.0,50,50
115,882504,1,920.0,443.0,50,50
115,882882,0,1052.0,414.0,50,50
116,882426,1,492.0,801.0,50,50
116,882813,1,159.0,996.0,50,50
116,882842,2,616.0,644.0,50,50
116,882186,1,326.0,786.0,50,50
116,882504,1,919.0,445.0,50,50
116,882882,0,1052.0,413.0,50,50
117,882426,1,497.0,797.0,50,50
117,882813,1,168.0,992.0,50,50
117,882842,2,609.0,647.0,50,50
117,882186,1,319.0,790.0,50,50
117,882504,1,917.0,446.0,50,50
117,882882,0,1053.0,412.0,50,50
117,882629,2,824.0,497.0,50,50
118,882426,1,502.0,794.0,50,50
118,882813,1,176.0,987.0,50,50
118,882842,2,603.0,651.0,50,50
118,882504,1,916.0,448.0,50,50
118,882906,1,138.0,886.0,50,50
119,882426,1,507.0,791.0,50,50
119,882813,1,184.0,982.0,50,50
119,882842,2,597.0,655.0,50,50
119,882504,1,913.0,449.0,50,50
119,882906,1,129.0,891.0,50,50
120,882426,2,511.0,788.0,50,50
120,882813,1,192.0,978.0,50,50
120,882842,2,591.0,658.0,50,50
120,882504,2,910.0,451.0,50,50
120,882906,1,118.0,896.0,50,50
121,882426,-1,516.0,784.0,50,50
121,882813,1,201.0,973.0,50,50
121,882842,2,585.0,662.0,50,50
121,882504,2,908.0,452.0,50,50
121,882906,1,107.0,902.0,50,50
121,882629,2,814.0,504.0,50,50
122,882426,2,521.0,781.0,50,50
122,882813,1,209.0,968.0,50,50
122,882842,2,578.0,666.0,50,50
122,882906,1,96.0,907.0,50,50
122,882629,2,811.0,505.0,50,50
123,882426,2,526.0,778.0,50,50
123,882813,1,217.0,963.0,50,50
123,882842,2,572.0,669.0,50,50
123,882906,1,85.0,914.0,50,50
123,882629,-1,809.0,506.0,50,50
123,882504,1,902.0,455.0,50,50
124,882426,1,530.0,775.0,50,50
124,882813,1,224.0,958.0,50,50
124,882842,1,565.0,673.0,50,50
124,882906,1,75.0,919.0,50,50
124,882629,2,807.0,508.0,50,50
124,882504,1,900.0,458.0,50,50
125,882426,2,535.0,772.0,50,50
125,882813,1,233.0,953.0,50,50
125,882842,1,559.0,677.0,50,50
125,882906,1,64.0,925.0,50,50
125,882629,2,804.0,509.0,50,50
125,882504,1,897.0,460.0,50,50
125,882186,1,249.0,828.0,50,50
126,882426,1,539.0,770.0,50,50
126,882813,1,241.0,949.0,50,50
126,882842,1,552.0,681.0,50,50
126,882906,1,55.0,930.0,50,50
126,882629,2,801.0,511.0,50,50
126,882504,1,895.0,461.0,50,50
126,882967,1,72.0,896.0,50,50
126,882186,1,238.0,834.0,50,50
127,882426,1,544.0,767.0,50,50
127,882813,1,249.0,945.0,50,50
127,882842,1,545.0,685.0,50,50
127,882906,1,44.0,936.0,50,50
127,882629,-1,798.0,512.0,50,50
127,882504,1,893.0,462.0,50,50
127,882967,1,64.0,901.0,50,50
127,882186,1,228.0,839.0,50,50
128,882426,1,549.0,764.0,50,50
128,882813,1,257.0,941.0,50,50
128,882842,2,537.0,689.0,50,50
128,882906,1,33.0,941.0,50,50
128,882504,2,891.0,464.0,50,50
128,882967,1,55.0,906.0,50,50
128,882186,1,222.0,842.0,50,50
129,882426,1,553.0,761.0,50,50
129,882813,1,264.0,936.0,50,50
129,882842,2,531.0,694.0,50,50
129,882906,1,25.0,947.0,50,50
129,882504,2,889.0,466.0,50,50
129,882967,1,43.0,912.0,50,50
129,882186,1,213.0,847.0,50,50
130,882426,1,558.0,758.0,50,50
130,882813,1,272.0,932.0,50,50
130,882842,1,524.0,698.0,50,50
130,882906,1,20.0,953.0,50,50
130,882504,2,887.0,468.0,50,50
130,882186,1,203.0,852.0,50,50
130,883005,2,697.0,560.0,50,50
131,882426,2,563.0,755.0,50,50
131,882813,1,278.0,928.0,50,50
131,882842,1,517.0,703.0,50,50
131,882906,1,14.0,957.0,50,50
131,882504,2,884.0,469.0,50,50
131,882186,1,194.0,857.0,50,50
131,883005,2,694.0,563.0,50,50
131,882629,1,788.0,519.0,50,50
132,882426,2,568.0,752.0,50,50
132,882813,1,286.0,924.0,50,50
132,882842,1,508.0,707.0,50,50
132,882906,1,9.0,962.0,50,50
132,882504,2,882.0,470.0,50,50
132,882186,1,184.0,863.0,50,50
132,883005,2,691.0,564.0,50,50
132,883027,1,15.0,1061.0,50,50
132,882629,1,786.0,521.0,50,50
133,882426,1,572.0,749.0,50,50
133,882813,1,293.0,920.0,50,50
133,882842,1,501.0,711.0,50,50
133,882906,-1,4.0,968.0,50,50
133,882504,2,878.0,473.0,50,50
133,882186,1,175.0,868.0,50,50
133,883005,2,687.0,566.0,50,50
133,883027,1,21.0,1058.0,50,50
133,882629,1,783.0,523.0,50,50
134,882426,2,576.0,747.0,50,50
134,882813,1,301.0,916.0,50,50
134,882842,1,493.0,715.0,50,50
134,882504,1,874.0,475.0,50,50
134,882186,1,166.0,873.0,50,50
134,883005,1,684.0,568.0,50,50
134,883027,1,26.0,1052.0,50,50
134,882629,1,780.0,524.0,50,50
135,882426,2,581.0,744.0,50,50
135,882813,1,307.0,912.0,50,50
135,882842,1,485.0,720.0,50,50
135,882504,1,872.0,477.0,50,50
135,882186,1,155.0,878.0,50,50
135,883005,2,682.0,569.0,50,50
135,883027,1,34.0,1045.0,50,50
135,882629,1,777.0,526.0,50,50
135,882967,1,7.0,936.0,50,50
136,882426,2,585.0,742.0,50,50
136,882813,1,314.0,908.0,50,50
136,882842,1,478.0,724.0,50,50
136,882504,1,869.0,478.0,50,50
136,882186,1,146.0,883.0,50,50
136,883005,-1,678.0,571.0,50,50
136,883027,1,44.0,1038.0,50,50
136,882629,1,775.0,528.0,50,50
137,882426,1,590.0,739.0,50,50
137,882813,1,323.0,903.0,50,50
137,882842,1,470.0,729.0,50,50
137,882504,2,867.0,479.0,50,50
137,882186,1,136.0,888.0,50,50
137,883027,1,56.0,1031.0,50,50
137,882629,1,771.0,530.0,50,50
138,882426,2,593.0,737.0,50,50
138,882813,1,329.0,898.0,50,50
138,882842,1,463.0,733.0,50,50
138,882504,2,865.0,481.0,50,50
138,882186,1,125.0,894.0,50,50
138,883027,1,68.0,1024.0,50,50
138,882629,-1,768.0,531.0,50,50
139,882426,1,598.0,734.0,50,50
139,882813,1,334.0,894.0,50,50
139,882842,1,455.0,737.0,50,50
139,882504,1,862.0,483.0,50,50
139,882186,1,115.0,899.0,50,50
139,883027,1,80.0,1017.0,50,50
139,882629,1,766.0,533.0,50,50
140,882426,1,602.0,731.0,50,50
140,882813,1,342.0,890.0,50,50
140,882842,1,446.0,742.0,50,50
140,882186,1,104.0,906.0,50,50
140,883027,1,91.0,1011.0,50,50
140,882629,-1,764.0,535.0,50,50
141,882426,2,605.0,728.0,50,50
141,882813,1,350.0,886.0,50,50
141,882842,1,439.0,746.0,50,50
141,882186,1,93.0,911.0,50,50
141,883027,1,103.0,1005.0,50,50
142,882426,2,610.0,726.0,50,50
142,882813,1,356.0,882.0,50,50
142,882842,1,431.0,751.0,50,50
142,882186,1,81.0,917.0,50,50
142,883027,1,113.0,999.0,50,50
142,882504,1,854.0,488.0,50,50
143,882426,2,614.0,723.0,50,50
143,882813,1,362.0,879.0,50,50
143,882842,1,421.0,756.0,50,50
143,882186,1,70.0,924.0,50,50
143,883027,1,124.0,992.0,50,50
143,882504,1,851.0,490.0,50,50
143,882629,2,755.0,541.0,50,50
144,882426,2,619.0,720.0,50,50
144,882813,1,368.0,875.0,50,50
144,882842,1,412.0,761.0,50,50
144,882186,1,59.0,929.0,50,50
144,883027,1,135.0,986.0,50,50
144,882504,1,848.0,492.0,50,50
144,883127,0,7.0,411.0,50,50
144,882629,2,752.0,543.0,50,50
144,883005,2,651.0,587.0,50,50
145,882426,1,623.0,717.0,50,50
145,882813,1,376.0,871.0,50,50
145,882842,1,404.0,766.0,50,50
145,882186,1,48.0,935.0,50,50
145,883027,1,143.0,980.0,50,50
145,882504,2,845.0,494.0,50,50
145,883127,0,7.0,411.0,50,50
145,882629,1,749.0,544.0,50,50
145,883138,1,617.0,621.0,50,50
146,882426,-1,627.0,715.0,50,50
146,882813,1,381.0,868.0,50,50
146,882842,1,395.0,771.0,50,50
146,882186,1,37.0,940.0,50,50
146,883027,1,155.0,974.0,50,50
146,882504,2,842.0,496.0,50,50
146,883127,0,7.0,411.0,50,50
146,882629,1,746.0,547.0,50,50
146,883138,1,613.0,623.0,50,50
147,882813,1,387.0,864.0,50,50
147,882842,1,386.0,776.0,50,50
147,882186,1,26.0,946.0,50,50
147,883027,1,167.0,968.0,50,50
147,882504,2,839.0,497.0,50,50
147,883127,0,7.0,411.0,50,50
147,882629,1,744.0,549.0,50,50
147,883138,1,609.0,625.0,50,50
148,882813,1,393.0,861.0,50,50
148,882842,1,376.0,781.0,50,50
148,882186,1,21.0,952.0,50,50
148,883027,1,177.0,962.0,50,50
148,882504,2,837.0,500.0,50,50
148,883127,0,7.0,411.0,50,50
148,882629,2,740.0,551.0,50,50
148,883165,1,1126.0,306.0,50,50
149,882813,1,400.0,857.0,50,50
149,882842,1,367.0,787.0,50,50
149,882186,1,15.0,957.0,50,50
149,883027,1,188.0,957.0,50,50
149,882504,2,835.0,502.0,50,50
149,883127,0,7.0,411.0,50,50
149,882629,2,737.0,553.0,50,50
149,883165,-1,1125.0,306.0,50,50
150,882813,1,406.0,853.0,50,50
150,882842,1,358.0,793.0,50,50
150,882186,1,9.0,962.0,50,50
150,883027,1,198.0,951.0,50,50
150,882504,2,832.0,504.0,50,50
150,883127,0,7.0,411.0,50,50
150,882629,2,734.0,554.0,50,50
150,883165,1,1124.0,307.0,50,50
150,883138,2,596.0,633.0,50,50
151,882813,1,413.0,849.0,50,50
151,882842,1,348.0,798.0,50,50
151,882186,-1,3.0,965.0,50,50
151,883027,1,207.0,946.0,50,50
151,882504,1,829.0,506.0,50,50
151,883127,0,7.0,411.0,50,50
151,882629,2,731.0,556.0,50,50
152,882813,1,418.0,846.0,50,50
152,882842,1,338.0,803.0,50,50
152,883027,1,217.0,940.0,50,50
152,882504,1,827.0,508.0,50,50
152,883127,0,7.0,412.0,50,50
152,882629,2,728.0,557.0,50,50
152,882426,2,651.0,699.0,50,50
153,882813,1,424.0,842.0,50,50
153,882842,1,329.0,807.0,50,50
153,883027,1,228.0,935.0,50,50
153,882504,1,824.0,509.0,50,50
153,883127,0,7.0,412.0,50,50
153,882629,2,724.0,559.0,50,50
153,882426,2,654.0,696.0,50,50
154,882813,1,431.0,838.0,50,50
154,883027,1,236.0,929.0,50,50
154,882504,1,820.0,511.0,50,50
154,883127,-1,7.0,412.0,50,50
154,882629,2,721.0,561.0,50,50
154,882426,2,657.0,694.0,50,50
154,883138,1,579.0,643.0,50,50
155,882813,1,438.0,836.0,50,50
155,883027,1,246.0,923.0,50,50
155,882504,1,817.0,513.0,50,50
155,882629,2,718.0,564.0,50,50
155,882426,2,661.0,692.0,50,50
155,883138,1,575.0,646.0,50,50
156,882813,1,442.0,832.0,50,50
156,883027,1,254.0,918.0,50,50
156,882504,1,813.0,515.0,50,50
156,882629,-1,714.0,566.0,50,50
156,882426,2,663.0,690.0,50,50
156,883138,1,571.0,648.0,50,50
157,882813,1,449.0,829.0,50,50
157,883027,1,263.0,913.0,50,50
157,882504,1,810.0,517.0,50,50
157,882426,2,667.0,688.0,50,50
157,883138,1,566.0,651.0,50,50
158,882813,1,453.0,825.0,50,50
158,883027,1,273.0,908.0,50,50
158,882504,1,807.0,519.0,50,50
158,882426,2,670.0,685.0,50,50
158,883240,2,879.0,514.0,50,50
158,882629,2,708.0,569.0,50,50
159,882813,1,459.0,822.0,50,50
159,883027,1,282.0,903.0,50,50
159,882504,1,804.0,521.0,50,50
159,882426,2,675.0,683.0,50,50
159,883240,2,882.0,512.0,50,50
159,882629,2,705.0,572.0,50,50
159,883005,1,596.0,621.0,50,50
159,882842,1,271.0,843.0,50,50
160,882813,2,465.0,819.0,50,50
160,883027,1,291.0,897.0,50,50
160,882426,2,679.0,681.0,50,50
160,882629,1,702.0,574.0,50,50
160,883256,2,464.0,820.0,50,50
160,883005,1,592.0,624.0,50,50
160,882842,1,257.0,848.0,50,50
161,882813,1,470.0,816.0,50,50
161,883027,1,300.0,892.0,50,50
161,882426,2,683.0,678.0,50,50
161,882629,1,699.0,576.0,50,50
161,883256,2,468.0,817.0,50,50
161,883005,-1,589.0,626.0,50,50
161,882842,1,245.0,854.0,50,50
161,882504,1,798.0,525.0,50,50
162,882813,1,475.0,812.0,50,50
162,883027,1,307.0,888.0,50,50
162,882426,2,686.0,676.0,50,50
162,882629,1,695.0,578.0,50,50
162,883005,1,585.0,628.0,50,50
162,882842,1,233.0,860.0,50,50
162,882504,1,795.0,528.0,50,50
162,883138,1,544.0,663.0,50,50
163,882813,1,481.0,809.0,50,50
163,883027,1,316.0,883.0,50,50
163,882426,-1,690.0,674.0,50,50
163,882629,1,692.0,580.0,50,50
163,882842,1,222.0,865.0,50,50
163,882504,1,791.0,530.0,50,50
163,883138,1,539.0,666.0,50,50
164,882813,1,486.0,806.0,50,50
164,883027,1,324.0,878.0,50,50
164,882426,2,693.0,671.0,50,50
164,882629,1,688.0,582.0,50,50
164,882842,1,210.0,872.0,50,50
164,882504,1,787.0,532.0,50,50
164,883138,1,534.0,669.0,50,50
164,883005,1,576.0,632.0,50,50
165,883027,1,333.0,873.0,50,50
165,882426,2,696.0,668.0,50,50
165,882629,1,685.0,584.0,50,50
165,882842,1,200.0,879.0,50,50
165,882504,1,783.0,535.0,50,50
165,883138,1,530.0,672.0,50,50
165,883005,1,572.0,635.0,50,50
166,883027,1,341.0,868.0,50,50
166,882426,2,699.0,666.0,50,50
166,882629,2,681.0,586.0,50,50
166,882842,1,188.0,886.0,50,50
166,882504,1,780.0,537.0,50,50
166,883138,1,525.0,674.0,50,50
166,883005,1,568.0,637.0,50,50
166,882813,2,498.0,799.0,50,50
167,883027,1,350.0,863.0,50,50
167,882426,2,702.0,664.0,50,50
167,882629,1,677.0,588.0,50,50
167,882842,1,177.0,892.0,50,50
167,882504,1,776.0,539.0,50,50
167,883138,1,520.0,677.0,50,50
167,883005,1,563.0,640.0,50,50
167,883314,1,1081.0,331.0,50,50
167,882813,2,503.0,796.0,50,50
168,883027,1,357.0,859.0,50,50
168,882426,2,705.0,662.0,50,50
168,882842,1,164.0,899.0,50,50
168,882504,1,774.0,541.0,50,50
168,883138,1,515.0,680.0,50,50
168,883005,1,559.0,642.0,50,50
168,882813,-1,507.0,793.0,50,50
169,883027,1,364.0,855.0,50,50
169,882426,2,708.0,660.0,50,50
169,882842,1,152.0,906.0,50,50
169,882504,1,771.0,543.0,50,50
169,883138,1,510.0,683.0,50,50
169,883005,1,555.0,644.0,50,50
169,882813,-1,513.0,790.0,50,50
170,883027,1,372.0,851.0,50,50
170,882426,2,711.0,658.0,50,50
170,882842,1,139.0,913.0,50,50
170,882504,1,768.0,545.0,50,50
170,883138,1,505.0,686.0,50,50
170,883005,1,551.0,647.0,50,50
170,882813,1,519.0,787.0,50,50
170,882629,1,666.0,595.0,50,50
171,883027,1,380.0,846.0,50,50
171,882426,2,715.0,656.0,50,50
171,882842,1,126.0,920.0,50,50
171,882504,1,764.0,548.0,50,50
171,883005,1,547.0,649.0,50,50
171,882813,1,524.0,783.0,50,50
171,882629,1,662.0,597.0,50,50
172,883027,1,388.0,842.0,50,50
172,882426,2,718.0,653.0,50,50
172,882842,1,113.0,927.0,50,50
172,882504,1,761.0,550.0,50,50
172,883005,1,542.0,651.0,50,50
172,882813,1,529.0,780.0,50,50
172,882629,1,659.0,600.0,50,50
173,883027,1,395.0,837.0,50,50
173,882426,2,722.0,651.0,50,50
173,882842,1,100.0,935.0,50,50
173,882504,1,757.0,552.0,50,50
173,883005,1,537.0,654.0,50,50
173,882813,1,534.0,777.0,50,50
173,882629,1,655.0,602.0,50,50
173,883138,2,490.0,694.0,50,50
174,883027,1,402.0,833.0,50,50
174,882426,1,726.0,649.0,50,50
174,882842,1,87.0,942.0,50,50
174,882504,1,753.0,555.0,50,50
174,883005,1,533.0,657.0,50,50
174,882813,1,538.0,774.0,50,50
174,882629,1,651.0,604.0,50,50
174,883138,1,485.0,697.0,50,50
175,883027,1,409.0,828.0,50,50
175,882426,-1,729.0,647.0,50,50
175,882842,1,71.0,950.0,50,50
175,882504,1,749.0,557.0,50,50
175,882813,1,542.0,771.0,50,50
175,882629,1,647.0,607.0,50,50
175,883138,1,480.0,700.0,50,50
175,883377,1,52.0,1062.0,50,50
176,883027,1,416.0,825.0,50,50
176,882842,1,58.0,957.0,50,50
176,882504,1,744.0,560.0,50,50
176,882813,2,548.0,768.0,50,50
176,882629,1,644.0,609.0,50,50
176,883138,1,475.0,703.0,50,50
176,883377,1,64.0,1060.0,50,50
177,883027,1,423.0,820.0,50,50
177,882842,1,44.0,964.0,50,50
177,882504,1,740.0,562.0,50,50
177,882813,2,553.0,764.0,50,50
177,882629,1,640.0,612.0,50,50
177,883138,1,470.0,706.0,50,50
177,883377,1,73.0,1057.0,50,50
177,883005,1,519.0,664.0,50,50
177,882426,1,735.0,642.0,50,50
178,883027,1,430.0,816.0,50,50
178,882842,1,32.0,971.0,50,50
178,882504,1,737.0,565.0,50,50
178,882813,2,559.0,762.0,50,50
178,882629,1,636.0,614.0,50,50
178,883138,1,465.0,708.0,50,50
178,883377,1,83.0,1052.0,50,50
178,883005,1,515.0,667.0,50,50
178,882426,1,737.0,640.0,50,50
179,883027,1,438.0,811.0,50,50
179,882842,1,24.0,978.0,50,50
179,882504,1,734.0,567.0,50,50
179,882813,2,564.0,759.0,50,50
179,882629,2,632.0,616.0,50,50
179,883138,1,460.0,712.0,50,50
179,883377,1,89.0,1047.0,50,50
179,883005,1,511.0,670.0,50,50
179,882426,-1,740.0,638.0,50,50
179,883414,1,687.0,581.0,50,50
179,883415,1,900.0,464.0,50,50
180,883027,1,444.0,807.0,50,50
180,882842,1,16.0,984.0,50,50
180,882504,1,731.0,569.0,50,50
180,882813,2,567.0,756.0,50,50
180,882629,2,628.0,619.0,50,50
180,883138,1,455.0,715.0,50,50
180,883377,1,96.0,1041.0,50,50
180,883005,1,505.0,673.0,50,50
180,882426,1,743.0,636.0,50,50
180,883414,1,684.0,583.0,50,50
180,883415,1,898.0,466.0,50,50
180,883127,0,7.0,412.0,50,50
181,883027,1,451.0,803.0,50,50
181,882842,1,9.0,989.0,50,50
181,882504,1,727.0,571.0,50,50
181,882813,2,572.0,753.0,50,50
181,882629,1,624.0,621.0,50,50
181,883138,1,449.0,717.0,50,50
181,883377,1,105.0,1035.0,50,50
181,883005,1,501.0,675.0,50,50
181,882426,1,746.0,634.0,50,50
181,883414,1,681.0,586.0,50,50
181,883415,1,896.0,467.0,50,50
181,883127,0,6.0,412.0,50,50
182,883027,1,458.0,799.0,50,50
182,882504,1,723.0,574.0,50,50
182,882813,2,577.0,750.0,50,50
182,882629,2,620.0,623.0,50,50
182,883377,1,112.0,1031.0,50,50
182,883005,1,496.0,678.0,50,50
182,882426,2,749.0,632.0,50,50
182,883414,1,677.0,588.0,50,50
182,883415,1,893.0,469.0,50,50
182,883127,-1,6.0,411.0,50,50
182,883314,1,1077.0,342.0,50,50
183,883027,1,465.0,796.0,50,50
183,882504,1,717.0,576.0,50,50
183,882813,2,583.0,747.0,50,50
183,882629,1,616.0,626.0,50,50
183,883377,1,121.0,1026.0,50,50
183,883005,1,491.0,680.0,50,50
183,882426,2,752.0,630.0,50,50
183,883414,-1,672.0,591.0,50,50
183,883415,1,890.0,471.0,50,50
183,883314,1,1076.0,343.0,50,50
184,883027,1,471.0,792.0,50,50
184,882504,1,714.0,579.0,50,50
184,882813,1,586.0,745.0,50,50
184,882629,1,612.0,628.0,50,50
184,883377,1,130.0,1021.0,50,50
184,883005,1,486.0,682.0,50,50
184,882426,2,755.0,628.0,50,50
184,883414,1,669.0,593.0,50,50
184,883415,1,887.0,473.0,50,50
185,883027,1,476.0,787.0,50,50
185,882504,1,710.0,582.0,50,50
185,882813,1,590.0,742.0,50,50
185,882629,1,608.0,630.0,50,50
185,883377,1,138.0,1017.0,50,50
185,883005,1,481.0,685.0,50,50
185,882426,2,758.0,626.0,50,50
185,883414,2,664.0,596.0,50,50
185,883415,1,885.0,476.0,50,50
186,883027,1,483.0,783.0,50,50
186,882504,1,705.0,584.0,50,50
186,882813,1,593.0,739.0,50,50
186,882629,1,604.0,632.0,50,50
186,883377,1,146.0,1012.0,50,50
186,883005,1,476.0,687.0,50,50
186,882426,2,761.0,624.0,50,50
186,883415,1,881.0,478.0,50,50
187,883027,1,489.0,779.0,50,50
187,882504,1,700.0,587.0,50,50
187,882813,2,597.0,737.0,50,50
187,882629,1,599.0,634.0,50,50
187,883377,1,155.0,1006.0,50,50
187,883005,1,471.0,690.0,50,50
187,882426,2,764.0,622.0,50,50
187,883415,-1,878.0,480.0,50,50
187,883500,1,30.0,1047.0,50,50
187,883127,0,6.0,410.0,50,50
188,883027,1,496.0,775.0,50,50
188,882504,1,696.0,590.0,50,50
188,882629,1,595.0,637.0,50,50
188,883377,1,164.0,1001.0,50,50
188,883005,1,466.0,693.0,50,50
188,882426,2,767.0,620.0,50,50
188,883415,1,875.0,481.0,50,50
188,883500,1,40.0,1040.0,50,50
188,883127,-1,6.0,410.0,50,50
188,883138,1,411.0,739.0,50,50
189,883027,1,502.0,771.0,50,50
189,882504,1,692.0,592.0,50,50
189,882629,1,591.0,639.0,50,50
189,883377,1,172.0,996.0,50,50
189,883005,1,461.0,696.0,50,50
189,882426,2,770.0,619.0,50,50
189,883415,-1,873.0,483.0,50,50
189,883500,1,53.0,1034.0,50,50
189,883127,-1,6.0,410.0,50,50
189,883138,1,406.0,742.0,50,50
190,883027,1,507.0,768.0,50,50
190,882504,1,688.0,595.0,50,50
190,882629,1,587.0,642.0,50,50
190,883377,1,182.0,991.0,50,50
190,883005,1,456.0,699.0,50,50
190,882426,2,773.0,617.0,50,50
190,883415,1,870.0,484.0,50,50
190,883500,1,64.0,1026.0,50,50
190,883127,-1,7.0,410.0,50,50
190,883314,1,1057.0,350.0,50,50
190,882813,1,612.0,728.0,50,50
191,883027,1,512.0,764.0,50,50
191,882504,1,684.0,597.0,50,50
191,882629,1,582.0,645.0,50,50
191,883377,1,190.0,986.0,50,50
191,883005,1,450.0,702.0,50,50
191,882426,2,775.0,615.0,50,50
191,883415,1,867.0,486.0,50,50
191,883500,1,74.0,1020.0,50,50
191,883127,-1,7.0,409.0,50,50
191,883314,-1,1059.0,354.0,50,50
191,882813,1,617.0,725.0,50,50
192,883027,1,519.0,760.0,50,50
192,882504,1,680.0,599.0,50,50
192,882629,1,578.0,647.0,50,50
192,883377,1,198.0,982.0,50,50
192,883005,1,445.0,705.0,50,50
192,882426,2,778.0,614.0,50,50
192,883500,1,86.0,1013.0,50,50
192,883127,0,7.0,409.0,50,50
192,883314,-1,1058.0,355.0,50,50
192,882813,1,621.0,723.0,50,50
193,883027,1,525.0,757.0,50,50
193,882504,1,677.0,602.0,50,50
193,882629,1,573.0,650.0,50,50
193,883377,1,206.0,977.0,50,50
193,883005,1,440.0,708.0,50,50
193,882426,2,781.0,612.0,50,50
193,883500,1,99.0,1006.0,50,50
193,882813,1,625.0,720.0,50,50
194,883027,1,532.0,753.0,50,50
194,882504,1,671.0,605.0,50,50
194,882629,1,569.0,652.0,50,50
194,883377,1,213.0,973.0,50,50
194,883005,1,435.0,711.0,50,50
194,882426,2,783.0,610.0,50,50
194,883500,1,109.0,1000.0,50,50
194,882813,1,629.0,717.0,50,50
194,883138,1,374.0,759.0,50,50
194,883415,1,858.0,493.0,50,50
194,883314,1,1053.0,357.0,50,50
195,883027,1,538.0,749.0,50,50
195,882504,1,666.0,608.0,50,50
195,882629,1,564.0,655.0,50,50
195,883377,1,219.0,969.0,50,50
195,883005,1,429.0,713.0,50,50
195,883500,1,118.0,994.0,50,50
195,882813,1,633.0,715.0,50,50
195,883138,1,367.0,763.0,50,50
195,883415,1,854.0,495.0,50,50
195,883127,0,8.0,409.0,50,50
196,883027,1,544.0,746.0,50,50
196,882504,1,662.0,611.0,50,50
196,882629,2,560.0,658.0,50,50
196,883377,1,227.0,965.0,50,50
196,883005,1,423.0,716.0,50,50
196,883500,1,130.0,988.0,50,50
196,882813,1,637.0,712.0,50,50
196,883138,1,361.0,766.0,50,50
196,883415,1,851.0,497.0,50,50
196,883127,-1,8.0,409.0,50,50
196,882426,2,789.0,606.0,50,50
197,883027,1,549.0,742.0,50,50
197,882504,1,657.0,613.0,50,50
197,882629,2,555.0,660.0,50,50
197,883377,1,235.0,960.0,50,50
197,883005,1,418.0,719.0,50,50
197,883500,1,140.0,982.0,50,50
197,882813,1,641.0,709.0,50,50
197,883138,1,354.0,770.0,50,50
197,883415,-1,848.0,498.0,50,50
197,883127,0,8.0,409.0,50,50
197,882426,2,791.0,604.0,50,50
198,883027,1,554.0,738.0,50,50
198,882504,1,653.0,616.0,50,50
198,882629,2,551.0,663.0,50,50
198,883377,1,241.0,956.0,50,50
198,883005,1,412.0,723.0,50,50
198,883500,1,152.0,976.0,50,50
198,882813,1,645.0,706.0,50,50
198,883138,1,348.0,774.0,50,50
198,883415,1,845.0,500.0,50,50
198,883127,-1,8.0,410.0,50,50
198,882426,-1,793.0,602.0,50,50
199,883027,1,559.0,735.0,50,50
199,882504,1,649.0,619.0,50,50
199,882629,1,546.0,666.0,50,50
199,883377,1,249.0,952.0,50,50
199,883005,1,407.0,726.0,50,50
199,883500,1,164.0,970.0,50,50
199,882813,1,650.0,704.0,50,50
199,883138,1,342.0,777.0,50,50
199,883415,1,842.0,502.0,50,50
199,882426,-1,796.0,601.0,50,50
200,883027,1,565.0,731.0,50,50
200,882504,1,644.0,622.0,50,50
200,882629,1,540.0,668.0,50,50
200,883377,1,258.0,947.0,50,50
200,883005,1,401.0,729.0,50,50
200,883500,1,174.0,963.0,50,50
200,882813,1,653.0,701.0,50,50
200,883138,1,335.0,781.0,50,50
200,883415,1,839.0,504.0,50,50
201,883027,1,571.0,728.0,50,50
201,882504,1,638.0,626.0,50,50
201,882629,1,536.0,671.0,50,50
201,883377,1,266.0,943.0,50,50
201,883005,1,395.0,732.0,50,50
201,883500,1,184.0,958.0,50,50
201,882813,1,656.0,699.0,50,50
201,883415,1,836.0,507.0,50,50
202,883027,1,576.0,724.0,50,50
202,882504,1,633.0,629.0,50,50
202,882629,1,531.0,674.0,50,50
202,883377,1,274.0,939.0,50,50
202,883005,1,389.0,735.0,50,50
202,883500,1,195.0,952.0,50,50
202,882813,1,659.0,697.0,50,50
202,883415,1,832.0,509.0,50,50
202,883138,1,323.0,787.0,50,50
203,883027,1,582.0,720.0,50,50
203,882504,1,628.0,631.0,50,50
203,882629,2,527.0,677.0,50,50
203,883377,1,280.0,934.0,50,50
203,883005,1,383.0,738.0,50,50
203,883500,1,203.0,946.0,50,50
203,882813,1,664.0,694.0,50,50
203,883415,-1,829.0,511.0,50,50
204,883027,1,587.0,718.0,50,50
204,882504,1,623.0,634.0,50,50
204,882629,2,522.0,679.0,50,50
204,883377,1,287.0,930.0,50,50
204,883005,1,378.0,741.0,50,50
204,883500,1,213.0,941.0,50,50
204,882813,1,668.0,691.0,50,50
205,883027,1,593.0,714.0,50,50
205,882504,1,618.0,637.0,50,50
205,882629,1,517.0,682.0,50,50
205,883377,1,295.0,926.0,50,50
205,883005,1,371.0,744.0,50,50
205,883500,1,224.0,935.0,50,50
205,882813,1,672.0,689.0,50,50
206,883027,1,598.0,711.0,50,50
206,882504,1,609.0,640.0,50,50
206,882629,1,511.0,685.0,50,50
206,883377,1,300.0,921.0,50,50
206,883005,1,365.0,747.0,50,50
206,883500,1,233.0,929.0,50,50
206,882813,1,676.0,686.0,50,50
206,883676,1,1056.0,349.0,50,50
207,883027,1,603.0,707.0,50,50
207,882504,1,606.0,643.0,50,50
207,882629,2,506.0,687.0,50,50
207,883377,1,308.0,917.0,50,50
207,883005,1,359.0,750.0,50,50
207,883500,1,243.0,924.0,50,50
207,882813,2,680.0,684.0,50,50
207,883676,1,1055.0,349.0,50,50
208,883027,1,607.0,704.0,50,50
208,882504,1,598.0,646.0,50,50
208,882629,2,501.0,690.0,50,50
208,883377,1,315.0,913.0,50,50
208,883005,1,353.0,753.0,50,50
208,883500,1,253.0,918.0,50,50
208,882813,2,684.0,682.0,50,50
208,883676,1,1054.0,350.0,50,50
209,883027,1,613.0,701.0,50,50
209,882504,1,589.0,649.0,50,50
209,882629,2,497.0,693.0,50,50
209,883377,1,321.0,909.0,50,50
209,883005,1,347.0,757.0,50,50
209,883500,1,263.0,913.0,50,50
209,883676,1,1053.0,351.0,50,50
210,883027,1,618.0,698.0,50,50
210,882504,1,587.0,652.0,50,50
210,882629,2,491.0,696.0,50,50
210,883377,1,327.0,905.0,50,50
210,883005,1,341.0,760.0,50,50
210,883500,1,271.0,908.0,50,50
210,883676,1,1051.0,353.0,50,50
210,882426,2,825.0,580.0,50,50
210,883415,1,805.0,526.0,50,50
210,882813,2,691.0,676.0,50,50
211,883027,1,623.0,695.0,50,50
211,882504,1,579.0,655.0,50,50
211,882629,1,486.0,699.0,50,50
211,883377,1,336.0,901.0,50,50
211,883005,1,335.0,763.0,50,50
211,883500,1,281.0,903.0,50,50
211,883676,1,1050.0,354.0,50,50
211,882426,2,827.0,579.0,50,50
212,883027,1,628.0,691.0,50,50
212,882504,1,573.0,658.0,50,50
212,882629,1,481.0,702.0,50,50
212,883377,1,341.0,896.0,50,50
212,883005,1,329.0,767.0,50,50
212,883500,1,291.0,898.0,50,50
212,883415,1,798.0,531.0,50,50
212,882813,2,698.0,671.0,50,50
213,883027,1,631.0,689.0,50,50
213,882504,1,568.0,661.0,50,50
213,882629,2,475.0,705.0,50,50
213,883377,1,347.0,893.0,50,50
213,883005,1,323.0,770.0,50,50
213,883500,1,300.0,892.0,50,50
213,883415,1,794.0,533.0,50,50
213,882813,2,701.0,668.0,50,50
213,883414,2,568.0,660.0,50,50
214,883027,1,636.0,686.0,50,50
214,882504,1,563.0,664.0,50,50
214,882629,1,470.0,708.0,50,50
214,883377,1,353.0,889.0,50,50
214,883500,1,306.0,887.0,50,50
214,883415,1,790.0,535.0,50,50
214,882813,2,704.0,666.0,50,50
214,883314,2,1016.0,384.0,50,50
215,883027,1,640.0,683.0,50,50
215,882504,2,558.0,668.0,50,50
215,882629,1,465.0,711.0,50,50
215,883377,1,359.0,885.0,50,50
215,883415,1,787.0,538.0,50,50
215,882813,2,707.0,663.0,50,50
216,883027,2,645.0,680.0,50,50
216,882504,2,553.0,671.0,50,50
216,882629,1,459.0,714.0,50,50
216,883377,1,365.0,881.0,50,50
216,883415,1,783.0,540.0,50,50
216,882813,2,710.0,662.0,50,50
217,883027,2,650.0,678.0,50,50
217,882504,2,547.0,675.0,50,50
217,882629,1,454.0,717.0,50,50
217,883377,1,371.0,877.0,50,50
217,882813,2,713.0,660.0,50,50
217,883500,1,335.0,872.0,50,50
218,883027,2,654.0,675.0,50,50
218,882504,2,542.0,678.0,50,50
218,882629,1,449.0,720.0,50,50
218,883377,1,377.0,874.0,50,50
218,882813,2,717.0,658.0,50,50
218,883500,1,344.0,867.0,50,50
219,883027,2,659.0,672.0,50,50
219,882504,1,537.0,682.0,50,50
219,882629,1,443.0,724.0,50,50
219,883377,1,384.0,870.0,50,50
219,882813,2,720.0,655.0,50,50
219,883500,1,351.0,863.0,50,50
220,883027,2,662.0,668.0,50,50
220,882504,2,531.0,685.0,50,50
220,882629,1,438.0,727.0,50,50
220,883377,1,390.0,866.0,50,50
220,882813,2,724.0,653.0,50,50
220,883500,1,358.0,859.0,50,50
221,882504,2,525.0,688.0,50,50
221,882629,1,430.0,730.0,50,50
221,882813,2,728.0,651.0,50,50
221,883500,1,366.0,854.0,50,50
222,882504,2,519.0,691.0,50,50
222,882629,1,425.0,733.0,50,50
222,882813,2,731.0,648.0,50,50
222,883500,1,374.0,850.0,50,50
222,883415,1,761.0,553.0,50,50
222,883027,2,672.0,662.0,50,50
222,883377,1,403.0,858.0,50,50
223,882504,2,513.0,695.0,50,50
223,882629,1,418.0,737.0,50,50
223,882813,2,734.0,646.0,50,50
223,883500,1,381.0,845.0,50,50
223,883415,1,757.0,557.0,50,50
223,883027,2,676.0,659.0,50,50
223,883377,1,408.0,855.0,50,50
224,882504,2,507.0,699.0,50,50
224,882629,1,413.0,740.0,50,50
224,882813,2,738.0,644.0,50,50
224,883500,1,388.0,841.0,50,50
224,883415,1,752.0,559.0,50,50
224,883027,2,680.0,656.0,50,50
224,883377,1,412.0,852.0,50,50
225,882504,2,501.0,703.0,50,50
225,882629,1,408.0,743.0,50,50
225,882813,-1,741.0,642.0,50,50
225,883500,1,395.0,837.0,50,50
225,883415,1,747.0,562.0,50,50
225,883027,2,683.0,654.0,50,50
225,883377,1,417.0,848.0,50,50
225,882426,0,860.0,555.0,50,50
226,882504,1,495.0,707.0,50,50
226,882629,1,404.0,745.0,50,50
226,882813,2,743.0,640.0,50,50
226,883500,1,403.0,832.0,50,50
226,883415,1,743.0,565.0,50,50
226,883027,2,687.0,652.0,50,50
226,883377,1,423.0,845.0,50,50
226,883834,1,139.0,884.0,50,50
226,882426,0,862.0,554.0,50,50
227,882504,2,489.0,711.0,50,50
227,882813,2,746.0,638.0,50,50
227,883500,1,410.0,828.0,50,50
227,883415,1,740.0,567.0,50,50
227,883027,2,692.0,649.0,50,50
227,883377,1,429.0,841.0,50,50
227,883834,1,132.0,888.0,50,50
227,882426,0,864.0,552.0,50,50
228,882504,2,483.0,714.0,50,50
228,882813,2,750.0,636.0,50,50
228,883500,1,417.0,824.0,50,50
228,883415,1,736.0,569.0,50,50
228,883027,1,697.0,646.0,50,50
228,883834,1,123.0,894.0,50,50
228,882629,1,390.0,754.0,50,50
229,882504,2,476.0,718.0,50,50
229,882813,2,753.0,634.0,50,50
229,883500,1,423.0,819.0,50,50
229,883415,1,731.0,572.0,50,50
229,883834,1,114.0,898.0,50,50
229,882629,1,383.0,757.0,50,50
230,882504,2,470.0,722.0,50,50
230,882813,2,756.0,632.0,50,50
230,883500,1,430.0,814.0,50,50
230,883834,1,104.0,903.0,50,50
230,882629,1,377.0,761.0,50,50
230,883027,1,705.0,641.0,50,50
231,882504,2,464.0,725.0,50,50
231,883500,1,437.0,810.0,50,50
231,882629,1,371.0,764.0,50,50
231,882426,0,873.0,547.0,50,50
231,883415,1,723.0,577.0,50,50
232,882504,1,456.0,729.0,50,50
232,883500,1,443.0,807.0,50,50
232,882629,1,365.0,767.0,50,50
232,883881,1,1112.0,319.0,50,50
232,882426,0,875.0,546.0,50,50
232,883415,-1,719.0,580.0,50,50
233,882629,1,358.0,771.0,50,50
233,883881,1,1111.0,320.0,50,50
233,883415,1,714.0,583.0,50,50
233,883834,1,75.0,918.0,50,50
234,882629,1,351.0,774.0,50,50
234,883881,1,1110.0,321.0,50,50
234,883834,1,66.0,923.0,50,50
234,882504,1,439.0,738.0,50,50
234,883500,1,460.0,798.0,50,50
235,882629,1,345.0,778.0,50,50
235,883881,1,1110.0,321.0,50,50
235,883834,1,56.0,928.0,50,50
235,883899,2,854.0,477.0,50,50
235,882504,1,432.0,742.0,50,50
236,882629,1,339.0,782.0,50,50
236,883834,1,46.0,933.0,50,50
236,882504,1,427.0,746.0,50,50
236,883027,2,728.0,625.0,50,50
236,883415,1,701.0,591.0,50,50
237,882629,1,332.0,786.0,50,50
237,883834,1,37.0,938.0,50,50
237,882504,1,419.0,750.0,50,50
237,883415,1,697.0,593.0,50,50
238,883834,1,28.0,943.0,50,50
238,882504,1,411.0,754.0,50,50
238,883415,1,691.0,596.0,50,50
239,883834,1,22.0,947.0,50,50
239,882504,1,404.0,758.0,50,50
239,883415,1,687.0,599.0,50,50
239,882629,1,319.0,793.0,50,50
240,883834,1,16.0,952.0,50,50
240,882504,1,397.0,762.0,50,50
240,883415,-1,682.0,602.0,50,50
241,883834,1,11.0,958.0,50,50
241,882504,1,389.0,768.0,50,50
241,882813,2,790.0,609.0,50,50
242,883834,1,6.0,962.0,50,50
242,882504,1,382.0,772.0,50,50
242,882813,-1,792.0,607.0,50,50
242,882426,0,896.0,530.0,50,50
242,883881,1,1100.0,327.0,50,50
242,883027,2,751.0,610.0,50,50
243,882504,1,373.0,776.0,50,50
243,882813,2,795.0,605.0,50,50
243,882426,0,898.0,529.0,50,50
243,883027,2,755.0,607.0,50,50
243,883415,1,668.0,611.0,50,50
244,882504,1,366.0,780.0,50,50
244,882813,2,798.0,604.0,50,50
244,882426,0,900.0,527.0,50,50
244,883027,2,759.0,604.0,50,50
244,883415,1,662.0,614.0,50,50
244,883881,1,1096.0,330.0,50,50
245,882504,1,358.0,784.0,50,50
245,882813,2,801.0,602.0,50,50
245,882426,0,902.0,525.0,50,50
245,883027,2,762.0,602.0,50,50
245,883415,1,657.0,617.0,50,50
246,882504,1,349.0,788.0,50,50
246,882426,0,903.0,524.0,50,50
246,883027,2,765.0,600.0,50,50
246,883415,1,652.0,620.0,50,50
246,883957,1,73.0,899.0,50,50
247,882504,1,340.0,793.0,50,50
247,883027,2,769.0,598.0,50,50
247,883415,1,647.0,623.0,50,50
247,883957,1,63.0,903.0,50,50
247,882813,1,806.0,598.0,50,50
248,882504,1,333.0,797.0,50,50
248,883027,2,772.0,596.0,50,50
248,883415,1,642.0,626.0,50,50
248,883957,1,53.0,909.0,50,50
248,882813,-1,809.0,597.0,50,50
248,882426,0,907.0,521.0,50,50
249,882504,1,326.0,801.0,50,50
249,883027,2,775.0,593.0,50,50
249,883415,1,637.0,629.0,50,50
249,883957,1,44.0,913.0,50,50
249,882426,0,909.0,519.0,50,50
249,882629,1,245.0,831.0,50,50
250,882504,1,317.0,805.0,50,50
250,883027,2,779.0,591.0,50,50
250,883415,1,632.0,632.0,50,50
250,883957,2,34.0,918.0,50,50
250,882426,-1,911.0,518.0,50,50
251,882504,1,307.0,810.0,50,50
251,883027,2,781.0,589.0,50,50
251,883415,1,627.0,635.0,50,50
251,883957,2,26.0,922.0,50,50
251,883993,1,954.0,411.0,50,50
252,882504,1,299.0,815.0,50,50
252,883027,2,785.0,586.0,50,50
252,883415,1,622.0,638.0,50,50
252,883957,2,21.0,927.0,50,50
252,883993,-1,952.0,412.0,50,50
252,884002,2,809.0,505.0,50,50
252,882629,1,223.0,845.0,50,50
252,882426,2,915.0,515.0,50,50
253,882504,1,292.0,820.0,50,50
253,883957,2,15.0,931.0,50,50
253,884002,1,806.0,507.0,50,50
253,882629,1,214.0,849.0,50,50
253,882426,2,916.0,514.0,50,50
254,882504,1,284.0,825.0,50,50
254,884002,1,803.0,508.0,50,50
254,882629,1,205.0,853.0,50,50
254,882426,2,918.0,512.0,50,50
255,882504,1,274.0,833.0,50,50
255,884002,2,801.0,510.0,50,50
255,882629,1,197.0,857.0,50,50
255,882426,2,919.0,510.0,50,50
255,883027,1,796.0,579.0,50,50
256,882504,1,265.0,837.0,50,50
256,882629,1,188.0,861.0,50,50
256,882426,2,921.0,508.0,50,50
256,883027,1,800.0,576.0,50,50
256,883377,1,593.0,717.0,50,50
256,883415,1,599.0,651.0,50,50
257,882504,1,257.0,842.0,50,50
257,882629,1,180.0,866.0,50,50
257,882426,2,922.0,507.0,50,50
257,883027,1,802.0,574.0,50,50
257,883415,1,594.0,654.0,50,50
258,882504,1,247.0,846.0,50,50
258,882629,1,171.0,870.0,50,50
258,882426,2,924.0,506.0,50,50
258,883415,1,588.0,658.0,50,50
258,882813,0,834.0,577.0,50,50
259,882504,1,234.0,851.0,50,50
259,882629,1,162.0,875.0,50,50
259,882426,-1,927.0,505.0,50,50
259,883415,1,583.0,661.0,50,50
259,882813,-1,836.0,576.0,50,50
259,884002,2,787.0,519.0,50,50
259,883027,2,808.0,570.0,50,50
260,882504,1,226.0,856.0,50,50
260,882629,1,154.0,879.0,50,50
260,882426,2,929.0,504.0,50,50
260,883415,1,577.0,665.0,50,50
260,884051,2,888.0,469.0,50,50
260,884002,2,784.0,521.0,50,50
260,883027,2,811.0,568.0,50,50
260,883881,1,1074.0,345.0,50,50
261,882504,1,217.0,861.0,50,50
261,882629,1,145.0,884.0,50,50
261,882426,0,930.0,502.0,50,50
261,883415,1,571.0,668.0,50,50
261,884051,2,884.0,471.0,50,50
261,884002,2,781.0,522.0,50,50
261,883027,1,814.0,566.0,50,50
261,883881,1,1073.0,346.0,50,50
262,882504,1,207.0,866.0,50,50
262,882629,1,137.0,888.0,50,50
262,882426,0,932.0,502.0,50,50
262,883415,1,566.0,672.0,50,50
262,884051,2,881.0,474.0,50,50
262,883027,2,817.0,564.0,50,50
262,883881,1,1071.0,347.0,50,50
263,882504,1,197.0,871.0,50,50
263,882629,1,128.0,893.0,50,50
263,882426,-1,933.0,501.0,50,50
263,883415,1,560.0,676.0,50,50
263,884051,2,878.0,476.0,50,50
263,883027,1,821.0,561.0,50,50
263,883881,1,1070.0,347.0,50,50
263,884002,2,775.0,526.0,50,50
264,882504,1,186.0,877.0,50,50
264,882629,1,120.0,898.0,50,50
264,882426,0,935.0,499.0,50,50
264,883415,1,554.0,679.0,50,50
264,884051,2,874.0,478.0,50,50
264,883027,1,825.0,559.0,50,50
264,883881,1,1068.0,348.0,50,50
264,884002,2,773.0,527.0,50,50
264,882813,2,849.0,566.0,50,50
265,882504,1,176.0,882.0,50,50
265,882629,1,111.0,903.0,50,50
265,882426,0,937.0,498.0,50,50
265,883415,1,548.0,682.0,50,50
265,884051,2,871.0,480.0,50,50
265,883027,2,827.0,557.0,50,50
265,883881,1,1067.0,349.0,50,50
265,882813,2,851.0,565.0,50,50
266,882504,1,166.0,888.0,50,50
266,882629,1,101.0,908.0,50,50
266,882426,0,939.0,496.0,50,50
266,883415,1,541.0,685.0,50,50
266,884051,2,868.0,482.0,50,50
266,883027,1,830.0,555.0,50,50
266,883881,1,1065.0,350.0,50,50
266,882813,2,853.0,563.0,50,50
267,882504,1,155.0,894.0,50,50
267,882629,1,91.0,913.0,50,50
267,882426,0,941.0,495.0,50,50
267,883415,1,534.0,689.0,50,50
267,884051,2,863.0,485.0,50,50
267,883027,1,833.0,552.0,50,50
267,883881,1,1063.0,350.0,50,50
267,882813,2,856.0,561.0,50,50
268,882504,1,144.0,900.0,50,50
268,882629,1,82.0,918.0,50,50
268,882426,2,943.0,494.0,50,50
268,883415,1,528.0,693.0,50,50
268,884051,2,860.0,488.0,50,50
268,883027,1,836.0,550.0,50,50
268,883881,1,1061.0,351.0,50,50
268,882813,2,858.0,559.0,50,50
269,882504,1,134.0,906.0,50,50
269,882629,1,71.0,923.0,50,50
269,882426,2,944.0,492.0,50,50
269,883415,1,522.0,697.0,50,50
269,883027,1,838.0,548.0,50,50
270,882504,1,122.0,912.0,50,50
270,882629,2,61.0,928.0,50,50
270,882426,2,945.0,492.0,50,50
270,883415,1,515.0,701.0,50,50
270,883027,1,841.0,546.0,50,50
270,884131,1,628.0,713.0,50,50
271,882504,1,111.0,918.0,50,50
271,882629,1,51.0,933.0,50,50
271,882426,2,947.0,491.0,50,50
271,883415,1,509.0,704.0,50,50
271,883881,1,1057.0,355.0,50,50
272,882504,1,99.0,924.0,50,50
272,882629,1,41.0,938.0,50,50
272,882426,2,949.0,489.0,50,50
272,883415,1,502.0,708.0,50,50
272,883881,1,1055.0,356.0,50,50
272,884051,2,846.0,497.0,50,50
272,882813,0,866.0,553.0,50,50
272,883027,2,847.0,543.0,50,50
273,882504,1,87.0,929.0,50,50
273,882629,1,31.0,943.0,50,50
273,882426,0,951.0,487.0,50,50
273,883415,1,496.0,711.0,50,50
273,883881,1,1053.0,357.0,50,50
273,884157,1,912.0,439.0,50,50
273,884051,2,842.0,500.0,50,50
274,882504,1,76.0,936.0,50,50
274,882629,1,24.0,948.0,50,50
274,882426,-1,953.0,486.0,50,50
274,883415,1,489.0,715.0,50,50
274,883881,1,1051.0,358.0,50,50
274,884157,1,909.0,440.0,50,50
274,884051,2,839.0,502.0,50,50
274,882813,2,871.0,550.0,50,50
274,883027,2,852.0,539.0,50,50
275,882504,1,65.0,942.0,50,50
275,882629,1,18.0,954.0,50,50
275,882426,0,955.0,485.0,50,50
275,883415,1,482.0,719.0,50,50
275,883881,1,1050.0,359.0,50,50
275,884157,1,907.0,441.0,50,50
275,884051,2,835.0,504.0,50,50
275,882813,2,874.0,548.0,50,50
275,883027,2,855.0,537.0,50,50
276,882504,1,53.0,949.0,50,50
276,882629,1,12.0,959.0,50,50
276,882426,0,957.0,484.0,50,50
276,883415,1,475.0,723.0,50,50
276,883881,1,1048.0,360.0,50,50
276,884157,1,904.0,443.0,50,50
276,884051,2,831.0,507.0,50,50
276,882813,2,876.0,546.0,50,50
276,883027,2,857.0,536.0,50,50
277,882504,1,41.0,955.0,50,50
277,882629,1,7.0,963.0,50,50
277,882426,0,959.0,482.0,50,50
277,883415,1,468.0,727.0,50,50
277,883881,1,1047.0,361.0,50,50
277,884157,1,902.0,444.0,50,50
277,884051,2,827.0,510.0,50,50
277,882813,2,878.0,544.0,50,50
277,883027,-1,860.0,534.0,50,50
277,884002,1,732.0,551.0,50,50
278,882504,1,32.0,961.0,50,50
278,882426,-1,960.0,481.0,50,50
278,883415,1,461.0,731.0,50,50
278,884157,-1,900.0,446.0,50,50
278,884051,2,824.0,512.0,50,50
278,883027,-1,863.0,532.0,50,50
278,884002,1,728.0,553.0,50,50
279,882504,1,25.0,967.0,50,50
279,882426,0,961.0,480.0,50,50
279,883415,1,454.0,735.0,50,50
279,884157,1,898.0,447.0,50,50
279,884051,-1,820.0,514.0,50,50
279,883027,-1,866.0,530.0,50,50
279,884002,1,725.0,555.0,50,50
279,884213,1,144.0,886.0,50,50
279,883881,1,1044.0,362.0,50,50
280,882504,1,20.0,972.0,50,50
280,883415,1,447.0,739.0,50,50
280,884051,2,814.0,517.0,50,50
280,883027,2,869.0,528.0,50,50
280,884002,1,722.0,556.0,50,50
280,884213,1,137.0,890.0,50,50
280,883881,1,1042.0,364.0,50,50
281,882504,1,14.0,978.0,50,50
281,883415,1,440.0,743.0,50,50
281,884051,2,811.0,520.0,50,50
281,883027,2,871.0,526.0,50,50
281,884002,-1,719.0,558.0,50,50
281,884213,1,127.0,896.0,50,50
281,883881,1,1040.0,365.0,50,50
282,882504,1,8.0,983.0,50,50
282,883415,1,432.0,747.0,50,50
282,883027,-1,873.0,524.0,50,50
282,884002,1,715.0,561.0,50,50
282,884213,1,119.0,901.0,50,50
282,883881,-1,1039.0,366.0,50,50
282,882426,0,966.0,476.0,50,50
283,883415,1,425.0,751.0,50,50
283,884002,1,712.0,563.0,50,50
283,884213,1,109.0,905.0,50,50
283,884241,2,677.0,680.0,50,50
283,882426,-1,967.0,474.0,50,50
283,882813,2,891.0,534.0,50,50
284,883415,1,418.0,756.0,50,50
284,884002,1,709.0,565.0,50,50
284,884213,1,100.0,910.0,50,50
284,884241,2,680.0,677.0,50,50
284,882426,2,969.0,473.0,50,50
284,884248,1,1072.0,343.0,50,50
284,882813,2,892.0,533.0,50,50
284,883027,2,879.0,521.0,50,50
285,883415,1,410.0,760.0,50,50
285,884213,1,91.0,915.0,50,50
285,882426,2,970.0,472.0,50,50
285,884248,1,1070.0,343.0,50,50
285,882813,-1,894.0,532.0,50,50
285,883027,2,881.0,519.0,50,50
285,884157,1,885.0,455.0,50,50
286,883415,1,402.0,764.0,50,50
286,884213,1,81.0,920.0,50,50
286,882426,2,972.0,471.0,50,50
286,884248,1,1068.0,344.0,50,50
286,883027,2,883.0,517.0,50,50
286,884157,1,883.0,457.0,50,50
286,883881,1,1032.0,371.0,50,50
287,883415,1,394.0,768.0,50,50
287,884213,1,72.0,925.0,50,50
287,884248,1,1066.0,345.0,50,50
287,883027,2,885.0,515.0,50,50
288,883415,1,387.0,773.0,50,50
288,884213,1,62.0,930.0,50,50
288,884248,1,1064.0,346.0,50,50
288,884051,2,781.0,537.0,50,50
288,884002,1,692.0,575.0,50,50
288,884157,2,879.0,460.0,50,50
289,883415,1,378.0,778.0,50,50
289,884213,1,53.0,935.0,50,50
289,884248,1,1063.0,348.0,50,50
289,884051,-1,777.0,540.0,50,50
289,884157,1,877.0,461.0,50,50
289,882426,0,976.0,468.0,50,50
289,883027,1,891.0,511.0,50,50
290,883415,1,370.0,782.0,50,50
290,884213,1,43.0,940.0,50,50
290,882426,0,978.0,467.0,50,50
290,883027,1,894.0,510.0,50,50
290,884002,1,685.0,580.0,50,50
291,883415,1,362.0,787.0,50,50
291,884213,1,34.0,945.0,50,50
291,882426,0,980.0,466.0,50,50
291,883027,1,896.0,508.0,50,50
291,884002,-1,681.0,582.0,50,50
291,884248,1,1060.0,350.0,50,50
291,884157,1,873.0,464.0,50,50
292,883415,1,354.0,791.0,50,50
292,884213,1,25.0,949.0,50,50
292,882426,0,982.0,464.0,50,50
292,883027,2,898.0,507.0,50,50
292,884002,1,678.0,584.0,50,50
292,884157,2,871.0,466.0,50,50
293,883415,1,346.0,796.0,50,50
293,884213,1,21.0,955.0,50,50
293,882426,0,983.0,462.0,50,50
293,883027,2,900.0,505.0,50,50
293,884002,1,674.0,586.0,50,50
293,884157,2,868.0,467.0,50,50
293,883881,1,1019.0,378.0,50,50
293,884248,1,1058.0,351.0,50,50
294,883415,1,338.0,800.0,50,50
294,884213,1,16.0,959.0,50,50
294,882426,0,984.0,461.0,50,50
294,883027,2,902.0,503.0,50,50
294,884002,1,670.0,588.0,50,50
294,884157,2,866.0,469.0,50,50
294,883881,1,1017.0,380.0,50,50
295,883415,1,329.0,805.0,50,50
295,884213,1,11.0,962.0,50,50
295,882426,0,986.0,460.0,50,50
295,883027,2,905.0,501.0,50,50
295,884002,2,664.0,592.0,50,50
295,884157,2,864.0,471.0,50,50
295,884248,1,1055.0,353.0,50,50
296,883415,1,321.0,810.0,50,50
296,884213,1,6.0,968.0,50,50
296,882426,0,988.0,459.0,50,50
296,883027,2,907.0,500.0,50,50
296,884002,2,661.0,594.0,50,50
296,884157,2,861.0,472.0,50,50
296,884332,1,32.0,1048.0,50,50
296,884051,2,744.0,561.0,50,50
297,883027,2,909.0,498.0,50,50
297,884002,2,657.0,596.0,50,50
297,884157,2,858.0,473.0,50,50
297,884332,1,38.0,1043.0,50,50
297,884051,2,739.0,564.0,50,50
297,884248,1,1051.0,355.0,50,50
298,883027,2,911.0,497.0,50,50
298,884002,2,653.0,598.0,50,50
298,884157,2,855.0,475.0,50,50
298,884332,1,48.0,1037.0,50,50
298,884051,2,735.0,567.0,50,50
298,883881,1,1010.0,384.0,50,50
299,883027,2,913.0,495.0,50,50
299,884002,2,650.0,600.0,50,50
299,884157,1,852.0,476.0,50,50
299,884332,1,57.0,1031.0,50,50
299,884051,2,730.0,570.0,50,50
300,883027,2,915.0,493.0,50,50
300,884002,2,646.0,603.0,50,50
300,884157,1,849.0,477.0,50,50
300,884332,1,67.0,1023.0,50,50
300,884051,2,725.0,572.0,50,50
300,884362,1,898.0,457.0,50,50
300,884363,0,8.0,414.0,50,50
300,882426,0,993.0,455.0,50,50
300,883881,1,1006.0,386.0,50,50
301,883027,2,917.0,491.0,50,50
301,884002,2,641.0,605.0,50,50
301,884332,1,77.0,1018.0,50,50
301,884051,2,720.0,576.0,50,50
301,884362,2,896.0,458.0,50,50
301,884363,0,8.0,414.0,50,50
301,882426,0,994.0,454.0,50,50
301,883881,1,1004.0,387.0,50,50
302,883027,2,919.0,490.0,50,50
302,884002,2,637.0,607.0,50,50
302,884332,1,87.0,1012.0,50,50
302,884051,2,715.0,579.0,50,50
302,884363,0,8.0,414.0,50,50
302,882426,0,996.0,453.0,50,50
302,884383,2,737.0,635.0,50,50
302,883415,1,267.0,842.0,50,50
302,884157,2,844.0,481.0,50,50
303,883027,2,922.0,488.0,50,50
303,884002,1,633.0,610.0,50,50
303,884332,1,97.0,1006.0,50,50
303,884051,2,710.0,582.0,50,50
303,884363,0,8.0,414.0,50,50
303,884383,2,739.0,634.0,50,50
303,883415,1,257.0,846.0,50,50
303,884157,1,841.0,483.0,50,50
303,884362,1,891.0,461.0,50,50
304,883027,2,924.0,486.0,50,50
304,884002,2,628.0,613.0,50,50
304,884332,1,106.0,1001.0,50,50
304,884051,2,704.0,585.0,50,50
304,883415,1,247.0,851.0,50,50
304,884157,1,839.0,484.0,50,50
304,884362,1,889.0,462.0,50,50
305,883027,2,927.0,485.0,50,50
305,884002,2,623.0,615.0,50,50
305,884332,1,117.0,994.0,50,50
305,884051,2,699.0,589.0,50,50
305,883415,1,237.0,855.0,50,50
305,884157,1,837.0,486.0,50,50
305,884362,1,887.0,464.0,50,50
306,883027,2,928.0,483.0,50,50
306,884002,2,619.0,618.0,50,50
306,884332,1,126.0,989.0,50,50
306,884051,2,692.0,592.0,50,50
306,883415,1,226.0,860.0,50,50
306,884157,1,835.0,488.0,50,50
306,884362,1,885.0,465.0,50,50
307,883027,-1,930.0,482.0,50,50
307,884002,2,614.0,620.0,50,50
307,884332,1,137.0,983.0,50,50
307,884051,2,686.0,596.0,50,50
307,883415,1,215.0,866.0,50,50
308,884002,2,609.0,622.0,50,50
308,884332,1,147.0,978.0,50,50
308,884051,2,681.0,599.0,50,50
308,883415,1,205.0,871.0,50,50
309,884002,1,605.0,625.0,50,50
309,884332,1,157.0,972.0,50,50
309,884051,2,675.0,603.0,50,50
309,883415,1,195.0,878.0,50,50
309,884433,1,29.0,1069.0,50,50
310,884002,2,600.0,627.0,50,50
310,884332,1,166.0,967.0,50,50
310,884051,2,670.0,606.0,50,50
310,883415,1,185.0,884.0,50,50
310,884433,1,35.0,1067.0,50,50
310,884362,1,875.0,472.0,50,50
310,883027,1,936.0,477.0,50,50
311,884002,2,596.0,630.0,50,50
311,884332,1,175.0,962.0,50,50
311,884051,2,664.0,609.0,50,50
311,883415,1,173.0,889.0,50,50
311,884433,1,42.0,1064.0,50,50
311,884362,1,873.0,474.0,50,50
311,883027,-1,939.0,475.0,50,50
311,884157,2,820.0,495.0,50,50
312,884002,2,591.0,632.0,50,50
312,884332,1,183.0,957.0,50,50
312,884051,1,658.0,613.0,50,50
312,883415,1,162.0,896.0,50,50
312,884433,1,51.0,1062.0,50,50
312,884362,1,870.0,476.0,50,50
312,883027,1,941.0,473.0,50,50
312,884157,2,817.0,497.0,50,50
313,884002,2,587.0,635.0,50,50
313,884332,1,192.0,951.0,50,50
313,884051,2,652.0,616.0,50,50
313,883415,1,152.0,902.0,50,50
313,884433,1,62.0,1058.0,50,50
313,884362,1,868.0,477.0,50,50
313,883027,1,943.0,472.0,50,50
313,884157,2,814.0,500.0,50,50
313,882813,2,945.0,490.0,50,50
314,884002,2,582.0,638.0,50,50
314,884332,1,200.0,946.0,50,50
314,884051,2,646.0,620.0,50,50
314,883415,1,142.0,908.0,50,50
314,884433,1,71.0,1054.0,50,50
314,884362,1,865.0,479.0,50,50
314,883027,2,945.0,470.0,50,50
314,884157,2,810.0,502.0,50,50
314,882813,2,946.0,489.0,50,50
315,884002,1,577.0,641.0,50,50
315,884332,1,209.0,941.0,50,50
315,884051,2,640.0,624.0,50,50
315,883415,1,130.0,914.0,50,50
315,884433,1,81.0,1049.0,50,50
315,884157,2,808.0,504.0,50,50
315,882813,2,948.0,488.0,50,50
315,882426,0,1014.0,438.0,50,50
316,884002,2,573.0,644.0,50,50
316,884332,1,218.0,935.0,50,50
316,884051,2,633.0,627.0,50,50
316,883415,1,118.0,920.0,50,50
316,884433,1,90.0,1043.0,50,50
316,884157,2,806.0,505.0,50,50
316,882813,2,950.0,487.0,50,50
316,882426,0,1015.0,436.0,50,50
317,884002,2,568.0,647.0,50,50
317,884332,1,228.0,930.0,50,50
317,884051,2,627.0,631.0,50,50
317,883415,1,106.0,926.0,50,50
317,884433,1,99.0,1037.0,50,50
317,884157,2,804.0,507.0,50,50
318,884002,2,563.0,649.0,50,50
318,884332,1,236.0,925.0,50,50
318,884051,2,621.0,635.0,50,50
318,883415,1,94.0,933.0,50,50
318,884433,1,109.0,1032.0,50,50
318,884157,2,802.0,508.0,50,50
318,884509,1,19.0,1054.0,50,50
319,884002,2,558.0,652.0,50,50
319,884332,1,243.0,921.0,50,50
319,884051,2,615.0,639.0,50,50
319,883415,1,83.0,939.0,50,50
319,884433,1,119.0,1026.0,50,50
319,884157,2,798.0,510.0,50,50
319,884509,1,24.0,1049.0,50,50
320,884002,2,554.0,655.0,50,50
320,884332,1,252.0,916.0,50,50
320,884051,2,609.0,643.0,50,50
320,883415,1,70.0,945.0,50,50
320,884433,1,129.0,1019.0,50,50
320,884157,2,795.0,511.0,50,50
320,884509,1,29.0,1043.0,50,50
321,884002,2,548.0,658.0,50,50
321,884332,1,260.0,912.0,50,50
321,884051,2,602.0,646.0,50,50
321,883415,1,57.0,952.0,50,50
321,884433,1,139.0,1015.0,50,50
321,884157,2,792.0,512.0,50,50
321,884509,1,37.0,1036.0,50,50
321,884248,1,1011.0,380.0,50,50
321,884362,2,848.0,490.0,50,50
321,883027,1,959.0,460.0,50,50
322,884002,2,543.0,660.0,50,50
322,884332,1,269.0,907.0,50,50
322,884051,2,596.0,650.0,50,50
322,883415,1,46.0,958.0,50,50
322,884433,1,147.0,1009.0,50,50
322,884157,2,789.0,514.0,50,50
322,884509,1,47.0,1029.0,50,50
322,884362,2,845.0,492.0,50,50
322,883027,1,961.0,459.0,50,50
322,882426,0,1024.0,429.0,50,50
323,884002,2,538.0,663.0,50,50
323,884332,1,277.0,902.0,50,50
323,884051,2,590.0,653.0,50,50
323,883415,1,34.0,965.0,50,50
323,884433,1,156.0,1003.0,50,50
323,884157,2,787.0,515.0,50,50
323,884509,1,57.0,1023.0,50,50
323,884362,2,843.0,495.0,50,50
323,882426,0,1025.0,429.0,50,50
324,884002,2,533.0,666.0,50,50
324,884332,1,285.0,897.0,50,50
324,884051,2,582.0,657.0,50,50
324,883415,1,25.0,971.0,50,50
324,884433,1,165.0,998.0,50,50
324,884157,2,784.0,517.0,50,50
324,884509,1,67.0,1017.0,50,50
324,884362,2,840.0,497.0,50,50
324,882426,-1,1026.0,428.0,50,50
325,884002,2,528.0,670.0,50,50
325,884332,1,292.0,892.0,50,50
325,884051,2,575.0,661.0,50,50
325,883415,1,19.0,977.0,50,50
325,884433,1,174.0,993.0,50,50
325,884157,2,781.0,519.0,50,50
325,884509,1,77.0,1011.0,50,50
325,884362,2,838.0,498.0,50,50
325,882426,0,1027.0,427.0,50,50
326,884002,2,522.0,673.0,50,50
326,884332,1,298.0,888.0,50,50
326,884051,2,569.0,665.0,50,50
326,883415,1,12.0,982.0,50,50
326,884433,1,182.0,988.0,50,50
326,884157,2,778.0,521.0,50,50
326,884509,1,87.0,1005.0,50,50
326,884362,2,835.0,500.0,50,50
326,882426,0,1028.0,427.0,50,50
326,884581,2,788.0,499.0,50,50
327,884002,2,517.0,676.0,50,50
327,884332,1,307.0,883.0,50,50
327,884051,2,562.0,669.0,50,50
327,883415,1,6.0,986.0,50,50
327,884433,1,191.0,983.0,50,50
327,884157,2,775.0,523.0,50,50
327,884509,1,98.0,999.0,50,50
327,884362,0,833.0,501.0,50,50
327,884581,2,787.0,500.0,50,50
327,884248,1,1000.0,388.0,50,50
328,884002,2,511.0,679.0,50,50
328,884332,1,315.0,879.0,50,50
328,884051,2,555.0,673.0,50,50
328,884433,1,199.0,978.0,50,50
328,884157,2,772.0,525.0,50,50
328,884509,1,109.0,993.0,50,50
328,884362,2,830.0,503.0,50,50
328,884581,2,784.0,501.0,50,50
328,883027,2,973.0,449.0,50,50
329,884002,2,505.0,681.0,50,50
329,884332,1,321.0,875.0,50,50
329,884051,1,546.0,677.0,50,50
329,884433,1,207.0,973.0,50,50
329,884157,2,770.0,527.0,50,50
329,884509,1,120.0,987.0,50,50
329,884362,2,827.0,504.0,50,50
329,884581,2,782.0,502.0,50,50
329,882426,0,1031.0,424.0,50,50
330,884002,2,500.0,685.0,50,50
330,884332,1,329.0,870.0,50,50
330,884051,1,540.0,681.0,50,50
330,884433,1,216.0,968.0,50,50
330,884157,1,767.0,529.0,50,50
330,884509,1,129.0,981.0,50,50
330,884362,1,825.0,506.0,50,50
330,884581,2,780.0,503.0,50,50
330,882426,0,1033.0,423.0,50,50
331,884002,2,494.0,688.0,50,50
331,884332,1,336.0,865.0,50,50
331,884051,1,532.0,685.0,50,50
331,884433,1,224.0,963.0,50,50
331,884157,1,763.0,531.0,50,50
331,884509,1,139.0,975.0,50,50
331,884362,1,822.0,508.0,50,50
331,884581,2,779.0,504.0,50,50
332,884002,2,488.0,691.0,50,50
332,884332,1,343.0,861.0,50,50
332,884051,2,525.0,690.0,50,50
332,884433,1,232.0,958.0,50,50
332,884157,1,760.0,533.0,50,50
332,884509,1,150.0,970.0,50,50
332,884362,1,820.0,509.0,50,50
333,884002,2,483.0,694.0,50,50
333,884332,1,349.0,858.0,50,50
333,884051,1,518.0,694.0,50,50
333,884433,1,240.0,954.0,50,50
333,884157,-1,757.0,535.0,50,50
333,884509,1,159.0,965.0,50,50
333,884362,1,816.0,511.0,50,50
334,884002,2,477.0,697.0,50,50
334,884332,1,357.0,854.0,50,50
334,884051,1,510.0,699.0,50,50
334,884433,1,248.0,949.0,50,50
334,884157,2,753.0,537.0,50,50
334,884509,1,169.0,959.0,50,50
334,884362,1,813.0,513.0,50,50
334,882813,1,980.0,463.0,50,50
334,883027,2,984.0,441.0,50,50
335,884002,1,471.0,700.0,50,50
335,884332,1,366.0,850.0,50,50
335,884051,1,503.0,704.0,50,50
335,884433,1,256.0,944.0,50,50
335,884157,2,750.0,539.0,50,50
335,884509,1,179.0,953.0,50,50
335,884362,1,810.0,515.0,50,50
335,882813,1,981.0,463.0,50,50
336,884002,2,466.0,703.0,50,50
336,884332,1,373.0,845.0,50,50
336,884051,1,494.0,708.0,50,50
336,884433,1,265.0,939.0,50,50
336,884157,2,747.0,541.0,50,50
336,884509,1,188.0,948.0,50,50
336,884362,1,808.0,517.0,50,50
337,884002,2,461.0,706.0,50,50
337,884332,1,380.0,841.0,50,50
337,884051,1,486.0,713.0,50,50
337,884433,1,271.0,935.0,50,50
337,884157,2,743.0,543.0,50,50
337,884509,1,197.0,943.0,50,50
337,884362,1,805.0,519.0,50,50
338,884002,1,455.0,709.0,50,50
338,884332,1,385.0,837.0,50,50
338,884051,1,477.0,717.0,50,50
338,884433,1,279.0,930.0,50,50
338,884157,2,740.0,546.0,50,50
338,884509,1,206.0,938.0,50,50
338,884362,1,803.0,521.0,50,50
338,884688,1,456.0,709.0,50,50
339,884002,1,449.0,712.0,50,50
339,884332,1,390.0,833.0,50,50
339,884051,1,469.0,721.0,50,50
339,884433,1,287.0,926.0,50,50
339,884157,2,737.0,548.0,50,50
339,884509,1,215.0,933.0,50,50
339,884362,1,799.0,523.0,50,50
339,883027,2,993.0,434.0,50,50
340,884002,1,442.0,716.0,50,50
340,884332,1,397.0,830.0,50,50
340,884051,1,461.0,726.0,50,50
340,884433,1,294.0,921.0,50,50
340,884157,2,733.0,550.0,50,50
340,884509,1,225.0,927.0,50,50
340,884362,1,796.0,525.0,50,50
340,884707,1,921.0,442.0,50,50
340,883027,2,995.0,433.0,50,50
341,884002,1,437.0,719.0,50,50
341,884332,1,404.0,826.0,50,50
341,884051,1,452.0,731.0,50,50
341,884433,1,302.0,917.0,50,50
341,884157,2,730.0,553.0,50,50
341,884509,1,234.0,922.0,50,50
341,884362,1,793.0,527.0,50,50
341,884707,1,919.0,444.0,50,50
341,883027,2,997.0,431.0,50,50
342,884332,1,410.0,822.0,50,50
342,884051,1,443.0,736.0,50,50
342,884433,1,310.0,913.0,50,50
342,884157,2,727.0,554.0,50,50
342,884509,1,242.0,917.0,50,50
342,884362,1,790.0,529.0,50,50
342,884707,1,917.0,445.0,50,50
342,883027,2,999.0,430.0,50,50
343,884332,1,417.0,818.0,50,50
343,884051,1,434.0,741.0,50,50
343,884433,1,318.0,908.0,50,50
343,884157,2,723.0,556.0,50,50
343,884509,1,251.0,913.0,50,50
343,884362,1,787.0,531.0,50,50
343,884707,1,915.0,446.0,50,50
343,883027,2,1000.0,428.0,50,50
344,884332,1,423.0,814.0,50,50
344,884051,1,425.0,746.0,50,50
344,884433,1,324.0,904.0,50,50
344,884157,2,720.0,558.0,50,50
344,884509,1,260.0,908.0,50,50
344,884362,1,783.0,533.0,50,50
344,884707,1,913.0,448.0,50,50
344,883027,2,1002.0,427.0,50,50
345,884332,1,429.0,810.0,50,50
345,884051,1,417.0,751.0,50,50
345,884433,1,330.0,899.0,50,50
345,884157,2,716.0,560.0,50,50
345,884509,1,269.0,902.0,50,50
345,884362,1,780.0,535.0,50,50
345,883027,2,1003.0,426.0,50,50
346,884332,1,436.0,806.0,50,50
346,884051,1,409.0,756.0,50,50
346,884433,1,337.0,895.0,50,50
346,884157,2,713.0,562.0,50,50
346,884509,1,278.0,897.0,50,50
346,884362,1,777.0,537.0,50,50
346,883027,2,1004.0,425.0,50,50
346,884002,1,404.0,736.0,50,50
347,884332,1,442.0,803.0,50,50
347,884433,1,344.0,891.0,50,50
347,884157,2,709.0,565.0,50,50
347,884509,1,286.0,892.0,50,50
347,884362,1,774.0,539.0,50,50
347,884707,1,905.0,455.0,50,50
348,884332,1,449.0,799.0,50,50
348,884433,1,351.0,887.0,50,50
348,884157,2,706.0,567.0,50,50
348,884509,1,294.0,887.0,50,50
348,884362,1,770.0,541.0,50,50
348,884779,2,855.0,551.0,50,50
348,884707,1,902.0,457.0,50,50
348,884051,1,389.0,767.0,50,50
349,884332,1,456.0,795.0,50,50
349,884433,1,358.0,883.0,50,50
349,884157,2,702.0,569.0,50,50
349,884509,1,302.0,883.0,50,50
349,884362,1,767.0,543.0,50,50
349,884779,2,858.0,549.0,50,50
349,884707,1,899.0,458.0,50,50
349,884051,1,379.0,772.0,50,50
350,884332,1,462.0,792.0,50,50
350,884433,1,366.0,879.0,50,50
350,884157,2,698.0,571.0,50,50
350,884509,1,310.0,878.0,50,50
350,884362,1,764.0,545.0,50,50
350,884779,2,860.0,548.0,50,50
350,884707,2,896.0,460.0,50,50
350,884051,1,369.0,777.0,50,50
351,884332,1,467.0,789.0,50,50
351,884433,1,372.0,875.0,50,50
351,884157,1,694.0,574.0,50,50
351,884509,1,319.0,873.0,50,50
351,884362,1,761.0,547.0,50,50
351,884779,2,862.0,546.0,50,50
351,884707,2,893.0,462.0,50,50
351,884051,1,359.0,783.0,50,50
352,884332,1,472.0,785.0,50,50
352,884433,1,379.0,871.0,50,50
352,884157,1,691.0,576.0,50,50
352,884509,1,326.0,869.0,50,50
352,884362,1,757.0,550.0,50,50
352,884779,2,864.0,544.0,50,50
352,884707,1,891.0,463.0,50,50
352,884051,1,349.0,789.0,50,50
352,884816,2,847.0,476.0,50,50
352,884002,1,366.0,758.0,50,50
353,884332,1,477.0,782.0,50,50
353,884433,1,385.0,867.0,50,50
353,884157,1,687.0,578.0,50,50
353,884509,1,334.0,864.0,50,50
353,884362,1,754.0,552.0,50,50
353,884779,2,865.0,542.0,50,50
353,884707,1,889.0,465.0,50,50
353,884051,1,339.0,795.0,50,50
353,884816,2,844.0,478.0,50,50
353,884002,1,358.0,762.0,50,50
354,884332,1,483.0,778.0,50,50
354,884433,1,391.0,863.0,50,50
354,884157,2,683.0,580.0,50,50
354,884509,1,340.0,860.0,50,50
354,884362,1,750.0,554.0,50,50
354,884779,2,868.0,540.0,50,50
354,884707,1,886.0,467.0,50,50
354,884051,1,329.0,801.0,50,50
354,884002,1,352.0,766.0,50,50
355,884332,1,490.0,774.0,50,50
355,884433,1,397.0,859.0,50,50
355,884157,1,680.0,583.0,50,50
355,884509,1,347.0,856.0,50,50
355,884362,1,747.0,557.0,50,50
355,884779,2,871.0,539.0,50,50
355,884707,1,883.0,469.0,50,50
355,884051,1,320.0,806.0,50,50
355,884002,1,344.0,770.0,50,50
355,882813,1,1010.0,440.0,50,50
356,884332,1,496.0,771.0,50,50
356,884433,1,404.0,856.0,50,50
356,884157,2,676.0,585.0,50,50
356,884509,1,355.0,852.0,50,50
356,884362,1,743.0,559.0,50,50
356,884707,1,880.0,470.0,50,50
356,884051,1,310.0,812.0,50,50
356,884002,1,337.0,775.0,50,50
357,884332,1,501.0,767.0,50,50
357,884433,1,410.0,852.0,50,50
357,884157,2,672.0,587.0,50,50
357,884509,1,363.0,847.0,50,50
357,884362,2,739.0,561.0,50,50
357,884707,1,877.0,472.0,50,50
357,884051,1,299.0,817.0,50,50
357,884002,1,329.0,779.0,50,50
358,884332,1,506.0,764.0,50,50
358,884433,1,415.0,848.0,50,50
358,884157,2,668.0,589.0,50,50
358,884509,1,371.0,843.0,50,50
358,884362,2,736.0,563.0,50,50
358,884707,1,875.0,474.0,50,50
358,884051,1,287.0,823.0,50,50
358,884002,1,322.0,782.0,50,50
358,884876,1,44.0,1060.0,50,50
359,884332,1,512.0,761.0,50,50
359,884433,1,421.0,844.0,50,50
359,884157,2,664.0,591.0,50,50
359,884509,1,377.0,839.0,50,50
359,884362,2,732.0,565.0,50,50
359,884707,1,872.0,476.0,50,50
359,884002,1,315.0,787.0,50,50
359,884876,1,49.0,1058.0,50,50
359,882813,2,1015.0,436.0,50,50
360,884332,1,518.0,757.0,50,50
360,884433,1,428.0,840.0,50,50
360,884157,2,659.0,594.0,50,50
360,884509,1,383.0,835.0,50,50
360,884362,1,729.0,567.0,50,50
360,884707,1,869.0,477.0,50,50
360,884876,1,58.0,1056.0,50,50
360,882813,-1,1017.0,435.0,50,50
360,884816,1,827.0,490.0,50,50
360,884051,1,264.0,838.0,50,50
361,884332,1,524.0,754.0,50,50
361,884433,1,433.0,837.0,50,50
361,884157,-1,655.0,596.0,50,50
361,884509,1,390.0,831.0,50,50
361,884362,1,725.0,569.0,50,50
361,884707,1,867.0,479.0,50,50
361,884876,1,66.0,1053.0,50,50
361,884906,2,885.0,455.0,50,50
361,884816,1,825.0,492.0,50,50
361,884051,1,253.0,843.0,50,50
362,884332,1,528.0,750.0,50,50
362,884433,1,439.0,833.0,50,50
362,884157,2,652.0,599.0,50,50
362,884509,1,397.0,827.0,50,50
362,884362,2,722.0,572.0,50,50
362,884707,1,864.0,480.0,50,50
362,884876,1,74.0,1051.0,50,50
362,884906,2,882.0,457.0,50,50
362,884816,1,823.0,493.0,50,50
362,884051,1,241.0,848.0,50,50
363,884332,1,533.0,747.0,50,50
363,884433,1,445.0,830.0,50,50
363,884157,2,648.0,602.0,50,50
363,884509,1,404.0,823.0,50,50
363,884362,2,718.0,574.0,50,50
363,884707,1,861.0,482.0,50,50
363,884876,1,80.0,1049.0,50,50
363,884906,2,880.0,458.0,50,50
363,884816,1,820.0,494.0,50,50
363,884051,1,229.0,854.0,50,50
364,884332,1,537.0,744.0,50,50
364,884433,1,450.0,826.0,50,50
364,884157,2,644.0,605.0,50,50
364,884509,1,412.0,819.0,50,50
364,884362,1,714.0,577.0,50,50
364,884707,1,858.0,484.0,50,50
364,884876,1,86.0,1045.0,50,50
364,884906,2,878.0,459.0,50,50
364,884816,1,818.0,496.0,50,50
364,884051,1,216.0,860.0,50,50
365,884332,1,543.0,741.0,50,50
365,884433,1,456.0,823.0,50,50
365,884157,1,640.0,607.0,50,50
365,884509,1,419.0,815.0,50,50
365,884362,1,710.0,579.0,50,50
365,884707,1,855.0,486.0,50,50
365,884876,1,93.0,1042.0,50,50
365,884906,2,875.0,461.0,50,50
365,884051,1,204.0,866.0,50,50
366,884433,1,462.0,820.0,50,50
366,884157,2,635.0,609.0,50,50
366,884509,1,425.0,811.0,50,50
366,884362,2,707.0,581.0,50,50
366,884707,1,853.0,488.0,50,50
366,884876,1,99.0,1037.0,50,50
366,884906,-1,873.0,462.0,50,50
366,884051,1,192.0,874.0,50,50
366,884960,2,707.0,581.0,50,50
366,884816,1,811.0,499.0,50,50
367,884433,1,468.0,816.0,50,50
367,884157,2,630.0,612.0,50,50
367,884509,1,431.0,807.0,50,50
367,884362,2,703.0,583.0,50,50
367,884707,1,849.0,490.0,50,50
367,884876,1,106.0,1033.0,50,50
367,884051,1,179.0,882.0,50,50
367,884960,1,704.0,583.0,50,50
367,884816,1,808.0,501.0,50,50
368,884433,1,473.0,813.0,50,50
368,884157,2,626.0,614.0,50,50
368,884509,1,437.0,803.0,50,50
368,884362,2,699.0,586.0,50,50
368,884707,1,846.0,493.0,50,50
368,884876,1,112.0,1030.0,50,50
368,884051,1,167.0,889.0,50,50
368,884816,1,806.0,503.0,50,50
368,884002,1,241.0,826.0,50,50
368,884906,2,868.0,465.0,50,50
369,884433,1,479.0,809.0,50,50
369,884157,2,622.0,617.0,50,50
369,884509,1,444.0,800.0,50,50
369,884362,2,695.0,589.0,50,50
369,884707,1,843.0,495.0,50,50
369,884876,1,119.0,1025.0,50,50
369,884051,1,155.0,896.0,50,50
369,884816,1,804.0,505.0,50,50
369,884995,2,679.0,565.0,50,50
369,884002,1,234.0,831.0,50,50
370,884433,1,485.0,806.0,50,50
370,884157,1,618.0,619.0,50,50
370,884509,1,452.0,796.0,50,50
370,884362,2,691.0,591.0,50,50
370,884707,1,840.0,497.0,50,50
370,884876,1,126.0,1020.0,50,50
370,884051,1,141.0,903.0,50,50
370,884816,1,801.0,507.0,50,50
370,884995,2,676.0,567.0,50,50
370,884002,1,225.0,835.0,50,50
370,884332,1,568.0,724.0,50,50
370,884906,2,864.0,469.0,50,50
371,884433,1,491.0,803.0,50,50
371,884157,1,613.0,622.0,50,50
371,884509,1,459.0,792.0,50,50
371,884362,2,686.0,594.0,50,50
371,884707,1,837.0,499.0,50,50
371,884876,1,132.0,1016.0,50,50
371,884051,1,128.0,910.0,50,50
371,884816,2,798.0,509.0,50,50
371,884995,2,673.0,568.0,50,50
371,884002,1,218.0,840.0,50,50
371,885019,1,910.0,448.0,50,50
371,884332,1,573.0,721.0,50,50
371,884906,2,862.0,471.0,50,50
371,884779,2,904.0,515.0,50,50
372,884433,1,496.0,799.0,50,50
372,884157,1,609.0,624.0,50,50
372,884509,1,464.0,788.0,50,50
372,884362,1,682.0,596.0,50,50
372,884707,1,834.0,500.0,50,50
372,884876,1,138.0,1012.0,50,50
372,884051,1,114.0,918.0,50,50
372,884816,1,795.0,510.0,50,50
372,884002,1,210.0,844.0,50,50
372,884332,1,577.0,718.0,50,50
372,884779,2,905.0,514.0,50,50
373,884433,1,501.0,795.0,50,50
373,884157,1,604.0,627.0,50,50
373,884509,1,469.0,784.0,50,50
373,884362,2,678.0,599.0,50,50
373,884707,1,831.0,502.0,50,50
373,884876,1,144.0,1008.0,50,50
373,884051,1,100.0,925.0,50,50
373,884002,1,200.0,848.0,50,50
373,884332,1,583.0,715.0,50,50
373,884906,1,858.0,473.0,50,50
374,884433,1,506.0,792.0,50,50
374,884157,1,599.0,629.0,50,50
374,884509,1,476.0,780.0,50,50
374,884362,2,674.0,601.0,50,50
374,884707,1,828.0,504.0,50,50
374,884876,1,151.0,1004.0,50,50
374,884051,1,85.0,933.0,50,50
374,884002,1,192.0,853.0,50,50
374,884332,1,588.0,713.0,50,50
374,884906,1,856.0,474.0,50,50
375,884433,1,511.0,789.0,50,50
375,884157,1,594.0,632.0,50,50
375,884509,1,481.0,776.0,50,50
375,884362,2,671.0,604.0,50,50
375,884707,1,825.0,507.0,50,50
375,884876,1,157.0,1001.0,50,50
375,884051,1,70.0,940.0,50,50
375,884002,1,183.0,857.0,50,50
375,884332,1,592.0,710.0,50,50
375,884906,1,854.0,475.0,50,50
375,883027,2,1049.0,392.0,50,50
375,885019,1,900.0,456.0,50,50
375,884816,1,788.0,515.0,50,50
376,884433,1,517.0,785.0,50,50
376,884157,1,590.0,635.0,50,50
376,884509,1,486.0,773.0,50,50
376,884362,2,667.0,607.0,50,50
376,884707,1,821.0,509.0,50,50
376,884876,1,163.0,997.0,50,50
376,884051,1,56.0,949.0,50,50
376,884002,1,173.0,861.0,50,50
376,884332,1,596.0,707.0,50,50
376,883027,2,1049.0,391.0,50,50
376,885019,1,898.0,458.0,50,50
376,884995,1,658.0,576.0,50,50
377,884433,1,522.0,781.0,50,50
377,884157,1,586.0,638.0,50,50
377,884509,1,493.0,769.0,50,50
377,884362,2,661.0,609.0,50,50
377,884707,1,818.0,511.0,50,50
377,884876,1,169.0,994.0,50,50
377,884051,1,41.0,956.0,50,50
377,884002,1,164.0,867.0,50,50
377,884332,1,600.0,704.0,50,50
377,883027,2,1050.0,390.0,50,50
377,885019,1,895.0,459.0,50,50
377,884779,2,914.0,506.0,50,50
377,884816,1,780.0,518.0,50,50
378,884433,1,526.0,779.0,50,50
378,884157,1,581.0,641.0,50,50
378,884509,1,499.0,766.0,50,50
378,884362,2,657.0,612.0,50,50
378,884707,1,814.0,513.0,50,50
378,884876,1,175.0,990.0,50,50
378,884051,1,28.0,964.0,50,50
378,884002,1,154.0,872.0,50,50
378,883027,2,1051.0,388.0,50,50
378,885019,1,893.0,461.0,50,50
378,884779,2,915.0,505.0,50,50
378,884816,1,777.0,520.0,50,50
378,884995,2,652.0,579.0,50,50
379,884433,1,531.0,775.0,50,50
379,884157,1,577.0,644.0,50,50
379,884509,1,505.0,762.0,50,50
379,884362,2,653.0,615.0,50,50
379,884707,1,811.0,516.0,50,50
379,884876,1,181.0,986.0,50,50
379,884051,1,19.0,972.0,50,50
379,884002,1,144.0,877.0,50,50
379,883027,2,1052.0,387.0,50,50
379,885019,1,890.0,462.0,50,50
379,884779,2,918.0,504.0,50,50
379,884816,1,775.0,522.0,50,50
379,884995,2,649.0,581.0,50,50
379,884906,1,843.0,481.0,50,50
379,884332,1,609.0,698.0,50,50
380,884433,1,536.0,772.0,50,50
380,884157,1,571.0,646.0,50,50
380,884509,1,511.0,760.0,50,50
380,884362,2,648.0,617.0,50,50
380,884707,1,807.0,518.0,50,50
380,884876,1,188.0,982.0,50,50
380,884051,1,11.0,979.0,50,50
380,884002,1,136.0,881.0,50,50
380,883027,2,1053.0,386.0,50,50
380,885019,1,887.0,464.0,50,50
380,884779,2,920.0,503.0,50,50
380,884816,1,772.0,524.0,50,50
380,884995,2,645.0,583.0,50,50
380,884332,1,614.0,694.0,50,50
380,882813,0,1042.0,415.0,50,50
381,884433,1,541.0,769.0,50,50
381,884157,1,567.0,649.0,50,50
381,884509,1,517.0,756.0,50,50
381,884362,2,644.0,619.0,50,50
381,884707,1,804.0,520.0,50,50
381,884876,1,194.0,978.0,50,50
381,884051,1,4.0,987.0,50,50
381,884002,1,127.0,886.0,50,50
381,883027,2,1054.0,385.0,50,50
381,885019,1,884.0,465.0,50,50
381,884816,1,769.0,526.0,50,50
381,884995,2,642.0,586.0,50,50
381,884332,1,619.0,691.0,50,50
381,885152,1,32.0,1018.0,50,50
382,884433,1,546.0,766.0,50,50
382,884157,2,562.0,651.0,50,50
382,884509,1,522.0,752.0,50,50
382,884362,2,639.0,622.0,50,50
382,884707,1,801.0,522.0,50,50
382,884876,1,200.0,975.0,50,50
382,884002,1,116.0,891.0,50,50
382,883027,2,1056.0,384.0,50,50
382,885019,1,882.0,468.0,50,50
382,884816,1,766.0,527.0,50,50
382,884995,2,639.0,588.0,50,50
382,884332,1,622.0,688.0,50,50
382,885152,1,45.0,1011.0,50,50
383,884433,1,551.0,763.0,50,50
383,884157,2,558.0,653.0,50,50
383,884509,1,528.0,749.0,50,50
383,884362,1,634.0,625.0,50,50
383,884707,1,798.0,524.0,50,50
383,884876,1,206.0,971.0,50,50
383,884002,1,107.0,896.0,50,50
383,883027,2,1057.0,383.0,50,50
383,885019,1,880.0,470.0,50,50
383,884816,1,763.0,529.0,50,50
383,884995,2,636.0,589.0,50,50
383,884332,1,626.0,685.0,50,50
383,885152,1,60.0,1003.0,50,50
384,884433,1,556.0,760.0,50,50
384,884157,2,553.0,656.0,50,50
384,884509,1,533.0,745.0,50,50
384,884362,1,629.0,628.0,50,50
384,884707,1,794.0,526.0,50,50
384,884876,1,212.0,968.0,50,50
384,884002,1,97.0,901.0,50,50
384,883027,2,1059.0,381.0,50,50
384,885019,1,877.0,471.0,50,50
384,884816,1,760.0,531.0,50,50
384,884995,2,633.0,591.0,50,50
384,884332,1,631.0,682.0,50,50
384,885152,1,74.0,995.0,50,50
385,884433,1,562.0,757.0,50,50
385,884157,2,548.0,659.0,50,50
385,884509,1,539.0,742.0,50,50
385,884362,1,624.0,630.0,50,50
385,884707,2,791.0,528.0,50,50
385,884876,1,218.0,964.0,50,50
385,884002,1,87.0,908.0,50,50
385,883027,2,1061.0,380.0,50,50
385,885019,1,874.0,473.0,50,50
385,884995,2,630.0,593.0,50,50
385,884332,1,635.0,680.0,50,50
385,885152,1,89.0,987.0,50,50
386,884433,1,566.0,753.0,50,50
386,884157,2,542.0,662.0,50,50
386,884509,1,544.0,738.0,50,50
386,884362,1,620.0,633.0,50,50
386,884707,2,787.0,531.0,50,50
386,884876,1,223.0,960.0,50,50
386,884002,1,76.0,913.0,50,50
386,883027,0,1062.0,379.0,50,50
386,885019,1,871.0,475.0,50,50
386,884332,1,639.0,677.0,50,50
386,885152,1,102.0,980.0,50,50
386,884816,1,752.0,535.0,50,50
387,884433,1,570.0,750.0,50,50
387,884157,1,537.0,665.0,50,50
387,884509,1,549.0,735.0,50,50
387,884362,2,616.0,635.0,50,50
387,884707,2,783.0,533.0,50,50
387,884876,1,229.0,957.0,50,50
387,884002,1,65.0,919.0,50,50
387,885019,1,868.0,476.0,50,50
387,884332,-1,643.0,674.0,50,50
387,885152,1,115.0,973.0,50,50
387,884816,1,749.0,537.0,50,50
387,884906,2,822.0,494.0,50,50
387,882813,2,1050.0,409.0,50,50
388,884433,1,575.0,747.0,50,50
388,884157,1,532.0,669.0,50,50
388,884509,1,553.0,732.0,50,50
388,884362,1,612.0,638.0,50,50
388,884707,1,779.0,535.0,50,50
388,884876,1,235.0,953.0,50,50
388,884002,1,55.0,924.0,50,50
388,885019,1,865.0,478.0,50,50
388,884332,2,646.0,672.0,50,50
388,885152,1,127.0,966.0,50,50
388,884816,1,746.0,539.0,50,50
388,882813,2,1052.0,408.0,50,50
389,884433,1,579.0,744.0,50,50
389,884157,1,526.0,672.0,50,50
389,884509,1,559.0,728.0,50,50
389,884362,1,607.0,641.0,50,50
389,884707,1,775.0,538.0,50,50
389,884876,1,241.0,949.0,50,50
389,884002,1,45.0,929.0,50,50
389,885019,1,863.0,480.0,50,50
389,884332,2,650.0,669.0,50,50
389,885152,1,139.0,958.0,50,50
389,884816,-1,743.0,541.0,50,50
389,882813,2,1054.0,407.0,50,50
389,884779,2,938.0,491.0,50,50
390,884433,1,584.0,740.0,50,50
390,884157,1,521.0,675.0,50,50
390,884509,1,564.0,724.0,50,50
390,884362,2,602.0,644.0,50,50
390,884707,1,773.0,540.0,50,50
390,884876,1,247.0,946.0,50,50
390,884002,1,34.0,935.0,50,50
390,885019,1,860.0,481.0,50,50
390,884332,2,655.0,667.0,50,50
390,885152,1,153.0,951.0,50,50
390,884816,-1,740.0,543.0,50,50
390,882813,2,1055.0,406.0,50,50
390,884906,2,814.0,499.0,50,50
391,884433,1,589.0,737.0,50,50
391,884157,1,516.0,678.0,50,50
391,884509,1,569.0,721.0,50,50
391,884362,2,597.0,647.0,50,50
391,884707,2,769.0,542.0,50,50
391,884876,1,253.0,943.0,50,50
391,884002,1,26.0,940.0,50,50
391,885019,1,857.0,483.0,50,50
391,884332,2,659.0,664.0,50,50
391,885152,1,165.0,944.0,50,50
391,884816,1,737.0,545.0,50,50
391,882813,2,1056.0,405.0,50,50
391,884906,2,810.0,501.0,50,50
391,884779,2,940.0,489.0,50,50
392,884433,1,592.0,734.0,50,50
392,884157,1,511.0,681.0,50,50
392,884509,1,574.0,718.0,50,50
392,884362,2,591.0,650.0,50,50
392,884707,1,765.0,544.0,50,50
392,884876,1,258.0,940.0,50,50
392,884002,1,20.0,945.0,50,50
392,885019,1,854.0,485.0,50,50
392,884332,2,663.0,661.0,50,50
392,885152,1,178.0,937.0,50,50
392,884816,1,734.0,547.0,50,50
392,882813,2,1057.0,404.0,50,50
392,884906,-1,808.0,503.0,50,50
392,885302,2,674.0,714.0,50,50
392,884779,2,942.0,487.0,50,50
393,884433,1,596.0,732.0,50,50
393,884157,1,505.0,684.0,50,50
393,884509,1,578.0,715.0,50,50
393,884362,1,586.0,653.0,50,50
393,884707,1,761.0,547.0,50,50
393,884876,1,262.0,936.0,50,50
393,884002,1,15.0,950.0,50,50
393,885019,1,851.0,487.0,50,50
393,884332,1,667.0,658.0,50,50
393,885152,1,191.0,930.0,50,50
393,884816,1,731.0,549.0,50,50
393,882813,2,1058.0,403.0,50,50
393,885302,2,674.0,714.0,50,50
393,884779,2,943.0,485.0,50,50
394,884433,1,601.0,729.0,50,50
394,884157,1,500.0,687.0,50,50
394,884509,1,583.0,712.0,50,50
394,884362,1,581.0,656.0,50,50
394,884707,1,757.0,549.0,50,50
394,884876,1,268.0,933.0,50,50
394,884002,1,9.0,954.0,50,50
394,885019,1,849.0,488.0,50,50
394,885152,1,201.0,923.0,50,50
394,884816,1,727.0,551.0,50,50
394,882813,2,1059.0,402.0,50,50
394,885302,2,675.0,714.0,50,50
394,884779,2,945.0,484.0,50,50
395,884433,1,605.0,726.0,50,50
395,884157,1,495.0,690.0,50,50
395,884509,1,589.0,708.0,50,50
395,884362,1,576.0,659.0,50,50
395,884707,1,753.0,552.0,50,50
395,884876,1,273.0,930.0,50,50
395,884002,1,4.0,954.0,50,50
395,885019,1,847.0,490.0,50,50
395,885152,1,214.0,917.0,50,50
395,884816,1,723.0,553.0,50,50
395,882813,2,1060.0,401.0,50,50
395,885302,2,676.0,714.0,50,50
395,884332,1,675.0,653.0,50,50
396,884433,1,610.0,723.0,50,50
396,884157,1,489.0,693.0,50,50
396,884509,1,594.0,706.0,50,50
396,884362,1,571.0,663.0,50,50
396,884707,1,749.0,554.0,50,50
396,884876,1,279.0,926.0,50,50
396,885019,1,844.0,492.0,50,50
396,885152,1,225.0,911.0,50,50
396,884816,1,719.0,555.0,50,50
396,885302,-1,676.0,714.0,50,50
396,884332,2,679.0,651.0,50,50
397,884433,1,615.0,720.0,50,50
397,884157,1,484.0,696.0,50,50
397,884509,1,599.0,703.0,50,50
397,884362,1,566.0,666.0,50,50
397,884707,1,745.0,557.0,50,50
397,884876,1,284.0,923.0,50,50
397,885019,1,841.0,494.0,50,50
397,885152,1,236.0,904.0,50,50
397,884816,1,716.0,556.0,50,50
397,884332,2,682.0,648.0,50,50
398,884433,1,620.0,718.0,50,50
398,884157,1,478.0,700.0,50,50
398,884509,2,604.0,699.0,50,50
398,884362,1,561.0,669.0,50,50
398,884707,1,741.0,559.0,50,50
398,884876,1,290.0,919.0,50,50
398,885019,1,838.0,496.0,50,50
398,885152,1,247.0,898.0,50,50
398,884816,1,713.0,558.0,50,50
398,884995,1,583.0,619.0,50,50
399,884433,1,624.0,715.0,50,50
399,884157,1,472.0,703.0,50,50
399,884509,1,607.0,696.0,50,50
399,884362,1,555.0,672.0,50,50
399,884707,1,737.0,562.0,50,50
399,884876,1,295.0,917.0,50,50
399,885019,1,835.0,498.0,50,50
399,885152,1,258.0,892.0,50,50
399,884816,1,709.0,560.0,50,50
400,884433,1,628.0,713.0,50,50
400,884157,1,466.0,706.0,50,50
400,884509,1,612.0,693.0,50,50
400,884362,1,549.0,675.0,50,50
400,884707,1,732.0,564.0,50,50
400,884876,1,301.0,913.0,50,50
400,885019,1,832.0,499.0,50,50
400,885152,1,268.0,885.0,50,50
400,884816,1,705.0,562.0,50,50
400,884995,1,576.0,624.0,50,50
401,884433,1,632.0,710.0,50,50
401,884157,1,460.0,710.0,50,50
401,884509,1,617.0,690.0,50,50
401,884362,1,544.0,678.0,50,50
401,884707,1,728.0,566.0,50,50
401,884876,1,306.0,909.0,50,50
401,885152,1,280.0,879.0,50,50
401,884816,1,702.0,565.0,50,50
401,884995,1,571.0,626.0,50,50
402,884433,1,637.0,707.0,50,50
402,884157,1,455.0,713.0,50,50
402,884509,1,621.0,687.0,50,50
402,884362,1,538.0,681.0,50,50
402,884707,1,724.0,568.0,50,50
402,884876,1,312.0,906.0,50,50
402,885152,1,290.0,873.0,50,50
402,884816,1,700.0,567.0,50,50
402,884995,1,567.0,628.0,50,50
402,884332,1,700.0,635.0,50,50
403,884433,1,641.0,704.0,50,50
403,884157,1,449.0,716.0,50,50
403,884509,1,626.0,684.0,50,50
403,884362,1,533.0,684.0,50,50
403,884707,1,719.0,571.0,50,50
403,884876,2,317.0,902.0,50,50
403,885152,1,300.0,867.0,50,50
403,884816,1,696.0,569.0,50,50
403,884995,1,563.0,630.0,50,50
403,884332,1,704.0,633.0,50,50
403,885019,1,821.0,505.0,50,50
404,884433,1,644.0,701.0,50,50
404,884157,1,442.0,720.0,50,50
404,884509,1,631.0,682.0,50,50
404,884362,2,526.0,688.0,50,50
404,884707,1,715.0,574.0,50,50
404,884876,1,322.0,898.0,50,50
404,885152,1,310.0,862.0,50,50
404,884816,1,691.0,571.0,50,50
404,884995,1,560.0,632.0,50,50
404,885442,0,1004.0,373.0,50,50
404,885019,1,818.0,507.0,50,50
405,884433,1,648.0,699.0,50,50
405,884157,1,437.0,723.0,50,50
405,884509,1,636.0,679.0,50,50
405,884362,2,520.0,692.0,50,50
405,884707,1,711.0,576.0,50,50
405,884876,1,327.0,895.0,50,50
405,885152,1,321.0,856.0,50,50
405,884816,1,687.0,574.0,50,50
405,884995,1,556.0,634.0,50,50
405,885019,2,815.0,509.0,50,50
405,885456,1,521.0,692.0,50,50
406,884433,1,651.0,696.0,50,50
406,884157,1,431.0,726.0,50,50
406,884509,1,641.0,676.0,50,50
406,884362,1,515.0,695.0,50,50
406,884707,1,706.0,579.0,50,50
406,884876,1,332.0,892.0,50,50
406,885152,1,330.0,849.0,50,50
406,884816,1,683.0,576.0,50,50
406,884995,1,551.0,637.0,50,50
406,885019,2,812.0,511.0,50,50
406,885456,2,515.0,695.0,50,50
407,884433,1,655.0,693.0,50,50
407,884157,1,425.0,730.0,50,50
407,884509,1,644.0,673.0,50,50
407,884362,1,508.0,699.0,50,50
407,884707,1,702.0,582.0,50,50
407,884876,1,337.0,889.0,50,50
407,885152,1,339.0,844.0,50,50
407,884816,1,679.0,578.0,50,50
407,884995,1,547.0,639.0,50,50
407,885019,1,809.0,513.0,50,50
408,884433,1,659.0,691.0,50,50
408,884157,1,417.0,733.0,50,50
408,884362,1,502.0,702.0,50,50
408,884707,1,698.0,585.0,50,50
408,884876,1,342.0,887.0,50,50
408,885152,1,348.0,839.0,50,50
408,884816,1,676.0,580.0,50,50
408,884995,1,543.0,642.0,50,50
408,885019,1,805.0,515.0,50,50
408,884332,2,722.0,620.0,50,50
409,884433,1,663.0,689.0,50,50
409,884157,1,410.0,736.0,50,50
409,884362,1,496.0,706.0,50,50
409,884707,1,693.0,587.0,50,50
409,884876,1,347.0,884.0,50,50
409,885152,1,356.0,833.0,50,50
409,884816,1,673.0,583.0,50,50
409,884995,1,539.0,644.0,50,50
409,885019,1,802.0,517.0,50,50
409,884332,2,725.0,618.0,50,50
409,884509,2,650.0,668.0,50,50
410,884433,2,667.0,686.0,50,50
410,884157,1,406.0,740.0,50,50
410,884362,1,490.0,709.0,50,50
410,884707,1,688.0,589.0,50,50
410,884876,1,352.0,880.0,50,50
410,885152,1,366.0,828.0,50,50
410,884816,1,671.0,585.0,50,50
410,884995,1,535.0,646.0,50,50
410,885019,-1,799.0,519.0,50,50
410,884332,-1,728.0,616.0,50,50
410,884509,2,655.0,665.0,50,50
411,884433,1,671.0,684.0,50,50
411,884157,1,400.0,742.0,50,50
411,884362,1,485.0,713.0,50,50
411,884707,1,683.0,592.0,50,50
411,884876,1,357.0,877.0,50,50
411,885152,1,374.0,823.0,50,50
411,884816,1,665.0,587.0,50,50
411,884995,1,531.0,648.0,50,50
411,885019,1,795.0,522.0,50,50
411,884332,2,731.0,614.0,50,50
411,884509,2,658.0,663.0,50,50
411,885521,1,670.0,684.0,50,50
412,884433,2,675.0,681.0,50,50
412,884157,1,393.0,745.0,50,50
412,884362,1,478.0,716.0,50,50
412,884707,1,679.0,595.0,50,50
412,884876,1,361.0,875.0,50,50
412,885152,1,383.0,817.0,50,50
412,884816,1,660.0,590.0,50,50
412,884995,1,527.0,650.0,50,50
412,884332,2,733.0,611.0,50,50
412,884509,2,662.0,660.0,50,50
412,885521,1,673.0,681.0,50,50
413,884433,1,678.0,678.0,50,50
413,884157,1,385.0,750.0,50,50
413,884362,1,472.0,720.0,50,50
413,884707,1,673.0,598.0,50,50
413,884876,1,366.0,872.0,50,50
413,885152,1,392.0,812.0,50,50
413,884816,1,656.0,592.0,50,50
413,884995,1,523.0,653.0,50,50
413,884332,2,735.0,610.0,50,50
413,884509,1,666.0,657.0,50,50
413,885521,2,677.0,678.0,50,50
414,884157,1,378.0,755.0,50,50
414,884362,2,465.0,723.0,50,50
414,884707,1,668.0,601.0,50,50
414,884876,1,371.0,868.0,50,50
414,885152,1,401.0,807.0,50,50
414,884816,1,652.0,594.0,50,50
414,884995,1,518.0,655.0,50,50
414,884332,1,740.0,607.0,50,50
414,884509,1,670.0,654.0,50,50
415,884157,1,371.0,759.0,50,50
415,884362,1,459.0,727.0,50,50
415,884707,1,663.0,604.0,50,50
415,884876,1,375.0,865.0,50,50
415,885152,1,410.0,802.0,50,50
415,884816,1,649.0,597.0,50,50
415,884995,1,514.0,657.0,50,50
415,884332,1,744.0,604.0,50,50
415,884509,1,674.0,651.0,50,50
415,885019,1,782.0,530.0,50,50
415,884433,1,684.0,672.0,50,50
416,884157,1,364.0,763.0,50,50
416,884362,1,452.0,731.0,50,50
416,884707,1,659.0,607.0,50,50
416,884876,1,380.0,863.0,50,50
416,885152,1,419.0,797.0,50,50
416,884816,1,645.0,599.0,50,50
416,884995,1,509.0,659.0,50,50
416,884332,1,747.0,602.0,50,50
416,884509,2,678.0,649.0,50,50
416,885019,1,778.0,532.0,50,50
416,884433,1,688.0,670.0,50,50
416,884779,0,982.0,456.0,50,50
417,884157,1,356.0,767.0,50,50
417,884362,1,445.0,735.0,50,50
417,884707,1,654.0,610.0,50,50
417,884876,1,384.0,860.0,50,50
417,885152,1,426.0,792.0,50,50
417,884816,1,642.0,602.0,50,50
417,884995,1,505.0,662.0,50,50
417,884332,1,751.0,599.0,50,50
417,884509,1,682.0,646.0,50,50
417,885019,1,774.0,534.0,50,50
417,884433,1,691.0,667.0,50,50
417,884779,0,983.0,455.0,50,50
418,884157,1,349.0,771.0,50,50
418,884362,1,439.0,739.0,50,50
418,884707,1,649.0,613.0,50,50
418,884876,1,388.0,858.0,50,50
418,885152,1,433.0,787.0,50,50
418,884816,1,637.0,604.0,50,50
418,884995,1,501.0,664.0,50,50
418,884332,1,754.0,597.0,50,50
418,884509,2,686.0,643.0,50,50
418,885019,1,770.0,536.0,50,50
418,884433,1,694.0,664.0,50,50
418,884779,0,985.0,455.0,50,50
419,884157,1,342.0,775.0,50,50
419,884362,1,432.0,743.0,50,50
419,884707,1,643.0,616.0,50,50
419,884876,1,393.0,855.0,50,50
419,885152,1,442.0,782.0,50,50
419,884995,1,496.0,667.0,50,50
419,884332,1,757.0,595.0,50,50
419,884509,2,690.0,641.0,50,50
419,885019,1,766.0,539.0,50,50
419,884433,2,698.0,662.0,50,50
419,884779,0,986.0,454.0,50,50
420,884157,1,335.0,779.0,50,50
420,884362,1,425.0,747.0,50,50
420,884707,1,639.0,620.0,50,50
420,884876,1,399.0,851.0,50,50
420,885152,1,450.0,777.0,50,50
420,884995,1,491.0,670.0,50,50
420,884332,1,760.0,593.0,50,50
420,884509,2,694.0,638.0,50,50
420,885019,1,762.0,541.0,50,50
420,884433,2,702.0,660.0,50,50
420,884779,-1,988.0,452.0,50,50
420,884816,1,629.0,609.0,50,50
421,884157,1,327.0,783.0,50,50
421,884362,2,417.0,751.0,50,50
421,884707,1,634.0,623.0,50,50
421,884876,1,404.0,848.0,50,50
421,885152,1,458.0,772.0,50,50
421,884995,1,487.0,672.0,50,50
421,884332,1,764.0,591.0,50,50
421,884509,2,698.0,636.0,50,50
421,885019,1,759.0,544.0,50,50
421,884433,1,705.0,657.0,50,50
421,884779,0,990.0,451.0,50,50
421,884816,1,625.0,612.0,50,50
422,884157,1,320.0,786.0,50,50
422,884362,2,411.0,755.0,50,50
422,884707,1,628.0,626.0,50,50
422,884876,1,409.0,845.0,50,50
422,885152,1,466.0,768.0,50,50
422,884995,1,482.0,674.0,50,50
422,884332,1,767.0,589.0,50,50
422,884509,1,702.0,633.0,50,50
422,885019,1,756.0,546.0,50,50
422,884433,1,709.0,656.0,50,50
422,884816,1,621.0,615.0,50,50
422,885657,2,408.0,846.0,50,50
423,884157,1,314.0,790.0,50,50
423,884362,2,403.0,760.0,50,50
423,884707,1,622.0,629.0,50,50
423,884876,1,413.0,842.0,50,50
423,885152,1,474.0,764.0,50,50
423,884995,1,477.0,677.0,50,50
423,884332,1,770.0,587.0,50,50
423,884509,1,705.0,630.0,50,50
423,885019,1,752.0,549.0,50,50
423,884433,2,713.0,653.0,50,50
423,884816,1,617.0,617.0,50,50
424,884157,1,307.0,794.0,50,50
424,884362,1,394.0,765.0,50,50
424,884707,2,617.0,633.0,50,50
424,884876,1,418.0,839.0,50,50
424,885152,1,482.0,759.0,50,50
424,884995,1,473.0,679.0,50,50
424,884332,1,773.0,584.0,50,50
424,884509,1,709.0,628.0,50,50
424,885019,1,749.0,551.0,50,50
424,884433,2,716.0,651.0,50,50
424,884816,1,611.0,619.0,50,50
425,884362,1,387.0,769.0,50,50
425,884707,2,611.0,636.0,50,50
425,884876,1,422.0,835.0,50,50
425,885152,1,489.0,754.0,50,50
425,884995,1,469.0,682.0,50,50
425,884509,1,713.0,626.0,50,50
425,885019,1,745.0,553.0,50,50
425,884433,2,719.0,648.0,50,50
425,884816,1,607.0,621.0,50,50
426,884362,1,381.0,773.0,50,50
426,884707,1,606.0,639.0,50,50
426,884876,1,426.0,833.0,50,50
426,885152,1,496.0,750.0,50,50
426,884995,1,464.0,685.0,50,50
426,884509,1,715.0,624.0,50,50
426,885019,1,741.0,555.0,50,50
426,884433,2,722.0,646.0,50,50
426,884816,1,603.0,624.0,50,50
427,884362,1,374.0,776.0,50,50
427,884707,2,600.0,642.0,50,50
427,884876,1,431.0,830.0,50,50
427,885152,1,503.0,745.0,50,50
427,884995,2,459.0,687.0,50,50
427,884509,1,719.0,621.0,50,50
427,885019,2,737.0,558.0,50,50
427,884433,1,726.0,644.0,50,50
427,884816,1,598.0,627.0,50,50
427,885718,2,699.0,568.0,50,50
428,884362,1,367.0,780.0,50,50
428,884707,2,594.0,645.0,50,50
428,884876,1,436.0,827.0,50,50
428,885152,1,511.0,741.0,50,50
428,884509,1,722.0,619.0,50,50
428,885019,1,733.0,561.0,50,50
428,884433,1,729.0,642.0,50,50
428,884816,1,593.0,629.0,50,50
428,885718,2,696.0,571.0,50,50
429,884362,1,358.0,784.0,50,50
429,884707,1,589.0,649.0,50,50
429,884876,1,440.0,825.0,50,50
429,885152,1,518.0,736.0,50,50
429,884509,1,726.0,616.0,50,50
429,885019,1,729.0,563.0,50,50
429,884433,1,732.0,639.0,50,50
429,884816,1,589.0,631.0,50,50
429,885718,-1,692.0,573.0,50,50
429,885743,1,22.0,1056.0,50,50
430,884362,1,351.0,788.0,50,50
430,884707,1,583.0,652.0,50,50
430,884876,1,443.0,823.0,50,50
430,885152,1,525.0,732.0,50,50
430,884509,1,731.0,614.0,50,50
430,885019,1,724.0,566.0,50,50
430,884433,1,735.0,636.0,50,50
430,884816,1,584.0,634.0,50,50
430,885743,1,26.0,1050.0,50,50
430,884995,2,444.0,695.0,50,50
431,884362,1,343.0,793.0,50,50
431,884707,1,577.0,656.0,50,50
431,884876,1,448.0,820.0,50,50
431,885152,1,532.0,728.0,50,50
431,884509,1,734.0,612.0,50,50
431,885019,1,720.0,568.0,50,50
431,884433,1,738.0,634.0,50,50
431,884816,1,581.0,638.0,50,50
431,885743,1,34.0,1044.0,50,50
431,884995,1,439.0,698.0,50,50
432,884362,1,334.0,797.0,50,50
432,884707,1,571.0,659.0,50,50
432,884876,1,453.0,818.0,50,50
432,885152,1,538.0,724.0,50,50
432,884509,1,737.0,610.0,50,50
432,885019,1,716.0,571.0,50,50
432,884433,1,741.0,632.0,50,50
432,884816,1,576.0,640.0,50,50
432,885743,1,43.0,1039.0,50,50
432,884995,2,434.0,701.0,50,50
432,884157,1,243.0,829.0,50,50
433,884362,1,325.0,802.0,50,50
433,884707,1,565.0,662.0,50,50
433,884876,1,457.0,815.0,50,50
433,885152,1,545.0,720.0,50,50
433,884509,1,740.0,608.0,50,50
433,885019,1,712.0,573.0,50,50
433,884433,1,744.0,631.0,50,50
433,884816,1,571.0,643.0,50,50
433,885743,1,52.0,1032.0,50,50
433,884995,1,430.0,704.0,50,50
433,884157,1,234.0,834.0,50,50
433,884779,0,1007.0,436.0,50,50
433,885718,2,677.0,582.0,50,50
434,884362,1,317.0,806.0,50,50
434,884707,1,560.0,666.0,50,50
434,884876,1,459.0,813.0,50,50
434,885152,1,552.0,716.0,50,50
434,884509,1,743.0,605.0,50,50
434,885019,1,708.0,576.0,50,50
434,884433,1,747.0,629.0,50,50
434,884816,1,566.0,646.0,50,50
434,885743,1,62.0,1026.0,50,50
434,884995,1,424.0,707.0,50,50
434,884157,1,223.0,839.0,50,50
434,884779,0,1008.0,436.0,50,50
434,885718,-1,673.0,584.0,50,50
435,884362,1,309.0,811.0,50,50
435,884707,1,554.0,670.0,50,50
435,884876,1,464.0,811.0,50,50
435,885152,1,558.0,712.0,50,50
435,884509,2,746.0,603.0,50,50
435,885019,2,703.0,579.0,50,50
435,884433,1,750.0,626.0,50,50
435,884816,1,561.0,648.0,50,50
435,885743,1,71.0,1021.0,50,50
435,884995,1,419.0,709.0,50,50
435,884157,1,215.0,843.0,50,50
435,884779,0,1009.0,435.0,50,50
435,884332,2,805.0,563.0,50,50
436,884362,1,302.0,815.0,50,50
436,884707,1,548.0,674.0,50,50
436,884876,1,468.0,808.0,50,50
436,885152,1,565.0,708.0,50,50
436,885019,1,699.0,582.0,50,50
436,884433,1,754.0,624.0,50,50
436,884816,1,557.0,651.0,50,50
436,885743,1,81.0,1015.0,50,50
436,884995,1,414.0,712.0,50,50
436,884157,1,207.0,847.0,50,50
437,884362,1,292.0,821.0,50,50
437,884707,2,541.0,678.0,50,50
437,884876,1,473.0,805.0,50,50
437,885152,1,571.0,703.0,50,50
437,885019,-1,694.0,585.0,50,50
437,884433,1,757.0,622.0,50,50
437,884816,1,553.0,654.0,50,50
437,885743,1,91.0,1010.0,50,50
437,884995,1,409.0,715.0,50,50
437,884157,1,198.0,852.0,50,50
437,884509,1,753.0,599.0,50,50
438,884362,1,285.0,826.0,50,50
438,884707,1,535.0,681.0,50,50
438,884876,1,477.0,803.0,50,50
438,885152,1,578.0,700.0,50,50
438,885019,-1,689.0,588.0,50,50
438,884433,1,761.0,620.0,50,50
438,884816,1,546.0,657.0,50,50
438,885743,1,99.0,1005.0,50,50
438,884995,2,403.0,717.0,50,50
438,884157,1,190.0,857.0,50,50
439,884362,1,277.0,831.0,50,50
439,884707,1,529.0,684.0,50,50
439,884876,1,481.0,800.0,50,50
439,885152,1,585.0,696.0,50,50
439,885019,1,685.0,590.0,50,50
439,884433,2,764.0,618.0,50,50
439,884816,1,541.0,659.0,50,50
439,885743,1,109.0,999.0,50,50
439,884995,2,397.0,720.0,50,50
439,884157,1,183.0,861.0,50,50
439,884509,1,760.0,594.0,50,50
440,884707,1,522.0,687.0,50,50
440,884876,1,484.0,798.0,50,50
440,885152,1,590.0,691.0,50,50
440,885019,1,680.0,593.0,50,50
440,884433,2,768.0,616.0,50,50
440,884816,1,536.0,662.0,50,50
440,885743,1,118.0,992.0,50,50
440,884995,2,392.0,723.0,50,50
440,884157,1,173.0,868.0,50,50
440,884509,1,763.0,592.0,50,50
440,884779,0,1015.0,430.0,50,50
441,884707,1,516.0,691.0,50,50
441,884876,1,488.0,796.0,50,50
441,885152,1,596.0,687.0,50,50
441,885019,1,676.0,596.0,50,50
441,884433,-1,771.0,614.0,50,50
441,884816,1,531.0,665.0,50,50
441,885743,1,126.0,988.0,50,50
441,884995,2,387.0,726.0,50,50
441,884157,1,164.0,872.0,50,50
441,884509,-1,766.0,590.0,50,50
441,884779,0,1017.0,429.0,50,50
441,885718,2,645.0,600.0,50,50
441,884362,1,260.0,840.0,50,50
442,884707,1,509.0,696.0,50,50
442,884876,2,493.0,793.0,50,50
442,885152,1,602.0,684.0,50,50
442,885019,1,671.0,598.0,50,50
442,884433,1,773.0,611.0,50,50
442,884816,1,526.0,668.0,50,50
442,885743,1,136.0,983.0,50,50
442,884995,2,382.0,730.0,50,50
442,884157,1,155.0,877.0,50,50
442,884509,1,769.0,588.0,50,50
442,884779,0,1018.0,428.0,50,50
442,885718,2,641.0,603.0,50,50
442,884362,1,249.0,845.0,50,50
443,884707,1,502.0,699.0,50,50
443,884876,1,497.0,790.0,50,50
443,885152,1,609.0,680.0,50,50
443,885019,1,666.0,602.0,50,50
443,884433,1,775.0,609.0,50,50
443,884816,1,521.0,671.0,50,50
443,885743,1,146.0,978.0,50,50
443,884995,2,376.0,733.0,50,50
443,884157,1,145.0,882.0,50,50
443,884509,1,773.0,586.0,50,50
443,884362,1,240.0,850.0,50,50
444,884707,1,495.0,703.0,50,50
444,884876,1,501.0,787.0,50,50
444,885152,1,614.0,677.0,50,50
444,885019,1,662.0,605.0,50,50
444,884433,-1,777.0,607.0,50,50
444,884816,1,515.0,673.0,50,50
444,885743,1,157.0,972.0,50,50
444,884995,2,370.0,735.0,50,50
444,884157,1,135.0,888.0,50,50
444,884509,1,776.0,583.0,50,50
444,884362,1,230.0,856.0,50,50
444,884779,0,1020.0,426.0,50,50
444,885718,1,632.0,607.0,50,50
445,884707,1,488.0,707.0,50,50
445,884876,1,505.0,785.0,50,50
445,885152,1,619.0,673.0,50,50
445,885019,1,657.0,607.0,50,50
445,884433,0,780.0,605.0,50,50
445,884816,1,510.0,676.0,50,50
445,885743,1,166.0,966.0,50,50
445,884995,2,365.0,738.0,50,50
445,884157,1,126.0,893.0,50,50
445,884362,1,220.0,861.0,50,50
445,885940,1,1080.0,326.0,50,50
445,884779,0,1021.0,425.0,50,50
445,885718,1,628.0,610.0,50,50
446,884707,1,481.0,711.0,50,50
446,884876,1,508.0,782.0,50,50
446,885152,1,624.0,669.0,50,50
446,885019,1,652.0,609.0,50,50
446,884433,0,783.0,603.0,50,50
446,884816,1,504.0,679.0,50,50
446,885743,1,174.0,961.0,50,50
446,884995,1,359.0,741.0,50,50
446,884157,1,116.0,899.0,50,50
446,884362,1,211.0,866.0,50,50
446,885940,1,1080.0,326.0,50,50
446,884779,0,1023.0,424.0,50,50
446,885718,1,623.0,612.0,50,50
447,884707,1,474.0,716.0,50,50
447,884876,1,512.0,779.0,50,50
447,885152,1,630.0,665.0,50,50
447,885019,1,647.0,612.0,50,50
447,884816,1,499.0,682.0,50,50
447,885743,1,182.0,956.0,50,50
447,884995,1,353.0,744.0,50,50
447,884157,1,107.0,904.0,50,50
447,884362,1,202.0,871.0,50,50
447,885940,1,1078.0,327.0,50,50
447,884779,0,1024.0,423.0,50,50
447,885718,1,618.0,615.0,50,50
448,884707,1,467.0,720.0,50,50
448,884876,1,516.0,777.0,50,50
448,885152,1,635.0,662.0,50,50
448,885019,1,640.0,615.0,50,50
448,884816,1,494.0,686.0,50,50
448,885743,1,190.0,951.0,50,50
448,884995,1,348.0,747.0,50,50
448,884157,1,97.0,909.0,50,50
448,884362,1,192.0,877.0,50,50
448,885940,1,1076.0,328.0,50,50
448,884779,0,1026.0,422.0,50,50
448,885718,1,614.0,618.0,50,50
449,884707,1,460.0,723.0,50,50
449,884876,1,519.0,774.0,50,50
449,885152,2,641.0,658.0,50,50
449,885019,1,635.0,618.0,50,50
449,884816,1,488.0,689.0,50,50
449,885743,1,198.0,947.0,50,50
449,884995,1,342.0,750.0,50,50
449,884157,1,86.0,914.0,50,50
449,884362,1,181.0,882.0,50,50
449,885940,-1,1075.0,329.0,50,50
449,884779,0,1027.0,421.0,50,50
449,885718,1,609.0,620.0,50,50
450,884707,1,453.0,727.0,50,50
450,884876,1,523.0,772.0,50,50
450,884816,1,482.0,692.0,50,50
450,885743,1,208.0,942.0,50,50
450,884995,1,337.0,753.0,50,50
450,884157,1,76.0,920.0,50,50
450,884362,1,172.0,887.0,50,50
450,885940,1,1074.0,329.0,50,50
450,884779,-1,1028.0,420.0,50,50
450,885718,1,613.0,623.0,50,50
451,884707,1,445.0,732.0,50,50
451,884876,1,527.0,769.0,50,50
451,884816,1,476.0,695.0,50,50
451,885743,1,216.0,937.0,50,50
451,884995,1,330.0,756.0,50,50
451,884157,1,65.0,926.0,50,50
451,884362,1,162.0,892.0,50,50
451,885940,1,1073.0,330.0,50,50
451,885718,1,613.0,625.0,50,50
451,885152,1,652.0,651.0,50,50
452,884707,1,438.0,736.0,50,50
452,884876,1,531.0,767.0,50,50
452,884816,1,471.0,698.0,50,50
452,885743,1,223.0,932.0,50,50
452,884995,1,325.0,759.0,50,50
452,884157,1,54.0,931.0,50,50
452,884362,1,152.0,899.0,50,50
452,885940,1,1071.0,330.0,50,50
452,885718,1,612.0,628.0,50,50
452,885152,1,657.0,648.0,50,50
453,884707,1,430.0,740.0,50,50
453,884876,1,534.0,765.0,50,50
453,884816,1,465.0,701.0,50,50
453,885743,1,232.0,927.0,50,50
453,884995,1,319.0,762.0,50,50
453,884157,1,44.0,937.0,50,50
453,884362,1,141.0,905.0,50,50
453,885940,1,1070.0,331.0,50,50
453,885718,1,610.0,631.0,50,50
453,885152,1,661.0,646.0,50,50
453,884509,1,803.0,565.0,50,50
453,884433,1,803.0,589.0,50,50
454,884707,1,422.0,744.0,50,50
454,884876,2,538.0,763.0,50,50
454,884816,1,460.0,705.0,50,50
454,885743,1,240.0,922.0,50,50
454,884995,1,313.0,765.0,50,50
454,884157,1,32.0,942.0,50,50
454,884362,1,130.0,910.0,50,50
454,885940,1,1068.0,332.0,50,50
454,885718,1,608.0,634.0,50,50
454,885152,1,667.0,642.0,50,50
455,884707,1,415.0,749.0,50,50
455,884876,2,541.0,761.0,50,50
455,884816,1,454.0,708.0,50,50
455,885743,1,248.0,918.0,50,50
455,884995,1,308.0,768.0,50,50
455,884157,1,25.0,948.0,50,50
455,884362,1,120.0,916.0,50,50
455,885940,1,1067.0,333.0,50,50
455,885152,1,672.0,638.0,50,50
455,884433,1,809.0,585.0,50,50
456,884707,1,407.0,754.0,50,50
456,884876,2,545.0,759.0,50,50
456,884816,1,449.0,712.0,50,50
456,885743,1,256.0,914.0,50,50
456,884157,1,19.0,954.0,50,50
456,884362,1,109.0,922.0,50,50
456,885940,1,1065.0,334.0,50,50
456,885152,1,677.0,635.0,50,50
456,886074,1,1116.0,302.0,50,50
456,884433,1,812.0,583.0,50,50
456,885019,1,599.0,641.0,50,50
456,884779,0,1036.0,414.0,50,50
457,884707,1,399.0,759.0,50,50
457,884876,2,549.0,757.0,50,50
457,884816,1,442.0,715.0,50,50
457,885743,1,264.0,909.0,50,50
457,884157,1,13.0,960.0,50,50
457,884362,1,99.0,928.0,50,50
457,885940,1,1064.0,335.0,50,50
457,885152,1,682.0,632.0,50,50
457,886074,1,1116.0,302.0,50,50
457,884433,1,814.0,582.0,50,50
457,886089,1,36.0,1037.0,50,50
457,885019,1,593.0,644.0,50,50
457,884779,0,1037.0,413.0,50,50
458,884707,1,391.0,763.0,50,50
458,884876,2,553.0,754.0,50,50
458,884816,1,436.0,719.0,50,50
458,885743,1,272.0,905.0,50,50
458,884157,1,8.0,967.0,50,50
458,884362,1,87.0,935.0,50,50
458,885940,1,1062.0,336.0,50,50
458,885152,1,687.0,628.0,50,50
458,886074,1,1115.0,303.0,50,50
458,884433,1,816.0,580.0,50,50
458,886089,1,44.0,1031.0,50,50
458,885019,1,587.0,648.0,50,50
458,884779,0,1038.0,413.0,50,50
459,884707,1,383.0,768.0,50,50
459,884876,2,557.0,751.0,50,50
459,884816,1,431.0,723.0,50,50
459,885743,1,280.0,900.0,50,50
459,884362,1,75.0,941.0,50,50
459,885940,1,1062.0,337.0,50,50
459,885152,1,691.0,625.0,50,50
459,886074,1,1114.0,303.0,50,50
459,884433,1,819.0,578.0,50,50
459,886089,1,54.0,1025.0,50,50
459,885019,1,580.0,650.0,50,50
459,884779,0,1039.0,412.0,50,50
459,886118,1,1080.0,319.0,50,50
460,884707,1,374.0,773.0,50,50
460,884876,1,560.0,749.0,50,50
460,884816,1,425.0,726.0,50,50
460,885743,1,287.0,896.0,50,50
460,884362,1,63.0,948.0,50,50
460,886074,1,1111.0,303.0,50,50
460,884433,1,821.0,576.0,50,50
460,886089,1,64.0,1020.0,50,50
460,885019,1,575.0,653.0,50,50
460,884779,0,1040.0,412.0,50,50
460,886118,1,1079.0,320.0,50,50
461,884707,1,366.0,777.0,50,50
461,884876,1,563.0,746.0,50,50
461,884816,1,419.0,730.0,50,50
461,885743,1,294.0,891.0,50,50
461,884362,1,51.0,954.0,50,50
461,886074,1,1110.0,305.0,50,50
461,884433,-1,824.0,574.0,50,50
461,886089,1,75.0,1013.0,50,50
461,885019,1,570.0,656.0,50,50
461,886118,1,1078.0,321.0,50,50
461,884509,2,825.0,549.0,50,50
462,884707,1,357.0,782.0,50,50
462,884876,1,566.0,744.0,50,50
462,884816,1,413.0,734.0,50,50
462,885743,1,301.0,887.0,50,50
462,884362,1,40.0,960.0,50,50
462,886074,1,1109.0,305.0,50,50
462,886089,1,84.0,1009.0,50,50
462,885019,1,564.0,660.0,50,50
462,886118,1,1077.0,321.0,50,50
462,884509,2,827.0,547.0,50,50
462,885940,1,1058.0,339.0,50,50
463,884707,1,348.0,787.0,50,50
463,884876,1,569.0,742.0,50,50
463,884816,1,405.0,738.0,50,50
463,885743,1,307.0,883.0,50,50
463,884362,1,29.0,966.0,50,50
463,886074,1,1107.0,305.0,50,50
463,886089,1,94.0,1003.0,50,50
463,885019,1,558.0,663.0,50,50
463,885940,1,1056.0,339.0,50,50
464,884707,1,339.0,792.0,50,50
464,884876,1,572.0,740.0,50,50
464,884816,1,399.0,740.0,50,50
464,885743,1,314.0,879.0,50,50
464,884362,1,23.0,972.0,50,50
464,886074,1,1106.0,306.0,50,50
464,886089,1,103.0,998.0,50,50
464,885019,1,552.0,667.0,50,50
464,885940,1,1054.0,339.0,50,50
464,885152,1,715.0,609.0,50,50
465,884707,1,331.0,797.0,50,50
465,884876,1,574.0,739.0,50,50
465,884816,1,393.0,743.0,50,50
465,885743,1,321.0,874.0,50,50
465,884362,1,16.0,978.0,50,50
465,886074,1,1105.0,306.0,50,50
465,886089,1,115.0,992.0,50,50
465,885019,1,547.0,670.0,50,50
465,885940,1,1053.0,340.0,50,50
465,885152,1,719.0,606.0,50,50
465,884433,1,834.0,567.0,50,50
466,884707,1,322.0,802.0,50,50
466,884876,1,577.0,737.0,50,50
466,884816,1,387.0,746.0,50,50
466,885743,1,328.0,870.0,50,50
466,884362,1,10.0,984.0,50,50
466,886074,1,1105.0,307.0,50,50
466,886089,1,124.0,987.0,50,50
466,885019,1,541.0,675.0,50,50
466,885940,1,1052.0,341.0,50,50
466,886199,1,27.0,1020.0,50,50
466,884433,1,836.0,566.0,50,50
466,884509,1,837.0,541.0,50,50
467,884707,1,314.0,807.0,50,50
467,884876,1,582.0,734.0,50,50
467,884816,1,380.0,750.0,50,50
467,885743,1,335.0,866.0,50,50
467,884362,-1,4.0,989.0,50,50
467,886074,1,1104.0,308.0,50,50
467,886089,1,134.0,981.0,50,50
467,885019,1,535.0,678.0,50,50
467,885940,1,1050.0,342.0,50,50
467,886199,1,35.0,1014.0,50,50
467,884433,1,839.0,564.0,50,50
467,884509,1,839.0,539.0,50,50
468,884707,1,305.0,811.0,50,50
468,884876,2,585.0,732.0,50,50
468,884816,1,373.0,754.0,50,50
468,885743,1,342.0,862.0,50,50
468,886074,1,1102.0,309.0,50,50
468,886089,1,145.0,976.0,50,50
468,885019,1,528.0,681.0,50,50
468,885940,1,1049.0,343.0,50,50
468,886199,2,46.0,1008.0,50,50
468,884433,1,841.0,562.0,50,50
469,884707,1,295.0,817.0,50,50
469,884876,2,590.0,729.0,50,50
469,884816,1,366.0,758.0,50,50
469,885743,1,349.0,858.0,50,50
469,886074,1,1101.0,310.0,50,50
469,886089,1,155.0,970.0,50,50
469,885019,1,522.0,685.0,50,50
469,885940,-1,1047.0,345.0,50,50
469,886199,2,59.0,1001.0,50,50
470,884707,1,286.0,823.0,50,50
470,884876,2,594.0,726.0,50,50
470,884816,1,360.0,762.0,50,50
470,885743,1,356.0,854.0,50,50
470,886074,1,1100.0,311.0,50,50
470,886089,1,163.0,965.0,50,50
470,885019,1,516.0,688.0,50,50
470,886199,1,70.0,995.0,50,50
470,885152,1,743.0,592.0,50,50
471,884707,1,276.0,828.0,50,50
471,884876,2,597.0,725.0,50,50
471,884816,1,352.0,766.0,50,50
471,885743,1,363.0,850.0,50,50
471,886074,1,1100.0,312.0,50,50
471,886089,1,173.0,960.0,50,50
471,885019,1,508.0,691.0,50,50
471,886199,2,81.0,989.0,50,50
471,884509,1,850.0,532.0,50,50
471,885940,1,1044.0,347.0,50,50
472,884707,-1,266.0,835.0,50,50
472,884876,2,600.0,723.0,50,50
472,884816,1,346.0,770.0,50,50
472,885743,1,370.0,846.0,50,50
472,886074,1,1100.0,312.0,50,50
472,886089,1,181.0,954.0,50,50
472,885019,-1,502.0,695.0,50,50
472,886199,1,92.0,983.0,50,50
472,885940,1,1043.0,347.0,50,50
473,884707,1,257.0,840.0,50,50
473,884876,1,603.0,721.0,50,50
473,884816,1,339.0,774.0,50,50
473,885743,1,376.0,843.0,50,50
473,886074,1,1099.0,313.0,50,50
473,886089,1,188.0,950.0,50,50
473,885019,2,496.0,699.0,50,50
473,886199,1,103.0,977.0,50,50
473,885940,1,1042.0,348.0,50,50
473,884433,1,853.0,553.0,50,50
473,884509,1,856.0,529.0,50,50
474,884707,1,246.0,845.0,50,50
474,884876,1,606.0,719.0,50,50
474,884816,1,332.0,779.0,50,50
474,885743,1,382.0,839.0,50,50
474,886074,1,1098.0,313.0,50,50
474,886089,1,198.0,945.0,50,50
474,885019,2,490.0,703.0,50,50
474,886199,1,113.0,971.0,50,50
474,885940,1,1040.0,349.0,50,50
474,884433,-1,855.0,552.0,50,50
474,884509,1,858.0,528.0,50,50
475,884707,1,236.0,850.0,50,50
475,884876,1,610.0,717.0,50,50
475,884816,1,324.0,783.0,50,50
475,885743,1,388.0,835.0,50,50
475,886074,1,1097.0,314.0,50,50
475,886089,1,206.0,940.0,50,50
475,885019,2,483.0,707.0,50,50
475,886199,1,123.0,965.0,50,50
475,885940,1,1038.0,350.0,50,50
475,884433,2,857.0,550.0,50,50
475,884509,1,860.0,526.0,50,50
476,884707,1,226.0,855.0,50,50
476,884876,1,612.0,715.0,50,50
476,884816,1,317.0,786.0,50,50
476,885743,1,393.0,831.0,50,50
476,886074,1,1095.0,315.0,50,50
476,886089,1,215.0,935.0,50,50
476,885019,1,476.0,713.0,50,50
476,886199,1,133.0,959.0,50,50
476,885940,1,1037.0,351.0,50,50
476,884433,2,859.0,549.0,50,50
476,884509,1,862.0,524.0,50,50
476,886305,1,167.0,844.0,50,50
477,884707,1,215.0,862.0,50,50
477,884876,1,615.0,713.0,50,50
477,884816,1,311.0,790.0,50,50
477,885743,1,400.0,827.0,50,50
477,886074,1,1094.0,316.0,50,50
477,886089,1,223.0,930.0,50,50
477,885019,1,469.0,717.0,50,50
477,886199,1,143.0,953.0,50,50
477,885940,1,1036.0,352.0,50,50
477,884433,2,861.0,547.0,50,50
477,884509,1,865.0,522.0,50,50
478,884707,1,204.0,867.0,50,50
478,884876,1,618.0,711.0,50,50
478,884816,1,305.0,793.0,50,50
478,885743,2,407.0,824.0,50,50
478,886074,1,1093.0,316.0,50,50
478,886089,1,231.0,925.0,50,50
478,885019,1,462.0,721.0,50,50
478,886199,1,153.0,948.0,50,50
478,885940,1,1034.0,353.0,50,50
479,884707,1,193.0,873.0,50,50
479,884876,1,621.0,708.0,50,50
479,885743,2,412.0,820.0,50,50
479,886074,1,1092.0,317.0,50,50
479,886089,1,238.0,920.0,50,50
479,885019,1,455.0,725.0,50,50
479,886199,1,163.0,942.0,50,50
479,885940,1,1033.0,354.0,50,50
479,884509,1,870.0,519.0,50,50
480,884707,1,182.0,880.0,50,50
480,884876,1,625.0,706.0,50,50
480,885743,2,419.0,816.0,50,50
480,886074,1,1091.0,318.0,50,50
480,886089,1,246.0,917.0,50,50
480,885019,1,447.0,730.0,50,50
480,886199,1,173.0,936.0,50,50
480,885940,1,1031.0,355.0,50,50
480,884509,1,871.0,518.0,50,50
481,884707,1,172.0,886.0,50,50
481,884876,1,627.0,705.0,50,50
481,885743,1,425.0,813.0,50,50
481,886074,1,1089.0,319.0,50,50
481,886089,1,256.0,912.0,50,50
481,885019,1,440.0,734.0,50,50
481,886199,1,183.0,931.0,50,50
481,885940,1,1030.0,356.0,50,50
481,884509,1,873.0,516.0,50,50
481,886360,2,911.0,487.0,50,50
481,886361,2,14.0,1039.0,50,50
481,886362,1,453.0,713.0,50,50
481,886118,1,1055.0,335.0,50,50
481,884433,1,871.0,540.0,50,50
482,884707,1,161.0,892.0,50,50
482,884876,1,628.0,703.0,50,50
482,885743,1,431.0,809.0,50,50
482,886074,1,1088.0,320.0,50,50
482,886089,1,264.0,907.0,50,50
482,885019,1,433.0,739.0,50,50
482,886199,1,192.0,926.0,50,50
482,885940,1,1029.0,357.0,50,50
482,884509,1,876.0,515.0,50,50
482,886360,2,913.0,485.0,50,50
482,886361,2,19.0,1034.0,50,50
482,886362,1,446.0,716.0,50,50
482,886118,1,1053.0,336.0,50,50
482,884433,1,872.0,539.0,50,50
482,885152,1,790.0,559.0,50,50
483,884707,1,150.0,898.0,50,50
483,884876,1,629.0,701.0,50,50
483,885743,1,437.0,805.0,50,50
483,886074,1,1087.0,321.0,50,50
483,886089,1,273.0,902.0,50,50
483,885019,1,425.0,743.0,50,50
483,886199,1,201.0,921.0,50,50
483,885940,1,1027.0,358.0,50,50
483,884509,-1,878.0,513.0,50,50
483,886360,2,915.0,484.0,50,50
483,886361,2,25.0,1028.0,50,50
483,886362,1,439.0,720.0,50,50
483,886118,1,1052.0,337.0,50,50
483,884433,1,874.0,537.0,50,50
483,886393,1,112.0,874.0,50,50
483,885152,1,793.0,557.0,50,50
484,884707,1,139.0,903.0,50,50
484,884876,2,635.0,699.0,50,50
484,885743,1,443.0,802.0,50,50
484,886074,1,1086.0,321.0,50,50
484,886089,1,280.0,897.0,50,50
484,885019,1,417.0,748.0,50,50
484,886199,1,211.0,916.0,50,50
484,885940,1,1026.0,358.0,50,50
484,886360,2,918.0,481.0,50,50
484,886361,1,31.0,1022.0,50,50
484,886118,1,1052.0,337.0,50,50
484,884433,-1,877.0,535.0,50,50
484,886393,1,105.0,877.0,50,50
485,884707,1,127.0,910.0,50,50
485,884876,1,639.0,697.0,50,50
485,885743,1,450.0,798.0,50,50
485,886074,1,1084.0,322.0,50,50
485,886089,1,289.0,892.0,50,50
485,885019,1,410.0,752.0,50,50
485,886199,1,221.0,910.0,50,50
485,885940,1,1025.0,359.0,50,50
485,886360,2,920.0,480.0,50,50
485,886361,1,40.0,1016.0,50,50
485,886118,1,1051.0,338.0,50,50
485,884433,1,878.0,533.0,50,50
485,886393,1,96.0,882.0,50,50
486,884707,1,115.0,916.0,50,50
486,884876,2,643.0,694.0,50,50
486,886074,1,1083.0,322.0,50,50
486,886089,1,295.0,888.0,50,50
486,885019,1,403.0,756.0,50,50
486,886199,1,230.0,905.0,50,50
486,885940,1,1023.0,359.0,50,50
486,886360,2,921.0,478.0,50,50
486,886361,1,50.0,1011.0,50,50
486,884433,1,880.0,532.0,50,50
486,886393,1,87.0,887.0,50,50
486,884816,1,239.0,828.0,50,50
486,886362,1,421.0,732.0,50,50
487,884707,1,103.0,922.0,50,50
487,884876,2,646.0,692.0,50,50
487,886074,1,1081.0,323.0,50,50
487,886089,1,303.0,884.0,50,50
487,885019,1,394.0,761.0,50,50
487,886199,1,238.0,900.0,50,50
487,885940,1,1022.0,360.0,50,50
487,886360,2,922.0,477.0,50,50
487,886361,1,60.0,1005.0,50,50
487,884433,1,883.0,531.0,50,50
487,886393,1,78.0,891.0,50,50
487,884816,1,232.0,833.0,50,50
487,884509,1,887.0,507.0,50,50
487,885152,1,808.0,547.0,50,50
487,885743,1,461.0,791.0,50,50
488,884707,1,91.0,930.0,50,50
488,884876,2,650.0,690.0,50,50
488,886074,1,1080.0,323.0,50,50
488,886089,1,310.0,880.0,50,50
488,885019,1,386.0,765.0,50,50
488,886199,1,247.0,895.0,50,50
488,885940,1,1020.0,361.0,50,50
488,886360,2,924.0,476.0,50,50
488,886361,1,70.0,999.0,50,50
488,884433,-1,885.0,529.0,50,50
488,886393,1,70.0,895.0,50,50
488,884816,1,221.0,837.0,50,50
488,885152,1,812.0,545.0,50,50
488,885743,1,465.0,788.0,50,50
488,886362,1,407.0,738.0,50,50
489,884707,1,78.0,937.0,50,50
489,884876,2,653.0,688.0,50,50
489,886074,1,1079.0,324.0,50,50
489,886089,1,318.0,875.0,50,50
489,885019,1,378.0,770.0,50,50
489,886199,1,256.0,889.0,50,50
489,885940,1,1019.0,362.0,50,50
489,886361,1,82.0,992.0,50,50
489,884433,1,887.0,528.0,50,50
489,886393,1,63.0,899.0,50,50
489,885743,1,470.0,785.0,50,50
489,886362,1,401.0,741.0,50,50
489,884509,2,891.0,503.0,50,50
490,884707,1,66.0,943.0,50,50
490,884876,2,655.0,687.0,50,50
490,886074,1,1079.0,325.0,50,50
490,886089,1,326.0,871.0,50,50
490,885019,1,371.0,774.0,50,50
490,886199,1,265.0,885.0,50,50
490,885940,1,1018.0,364.0,50,50
490,886361,1,94.0,986.0,50,50
490,884433,1,889.0,526.0,50,50
490,886393,1,53.0,903.0,50,50
490,885743,1,476.0,781.0,50,50
490,886362,1,396.0,743.0,50,50
490,884509,-1,894.0,502.0,50,50
491,884707,1,54.0,949.0,50,50
491,884876,2,656.0,686.0,50,50
491,886074,1,1078.0,326.0,50,50
491,886089,1,333.0,866.0,50,50
491,885019,1,361.0,778.0,50,50
491,886199,-1,273.0,880.0,50,50
491,886361,1,105.0,980.0,50,50
491,884433,-1,891.0,524.0,50,50
491,886393,1,44.0,909.0,50,50
491,885743,1,481.0,778.0,50,50
491,884509,1,896.0,501.0,50,50
491,884816,1,197.0,851.0,50,50
492,884707,1,41.0,956.0,50,50
492,884876,2,657.0,684.0,50,50
492,886074,1,1077.0,327.0,50,50
492,886089,1,339.0,862.0,50,50
492,885019,1,353.0,783.0,50,50
492,886199,1,282.0,874.0,50,50
492,886361,1,115.0,975.0,50,50
492,884433,1,893.0,523.0,50,50
492,886393,1,36.0,913.0,50,50
492,885743,1,487.0,774.0,50,50
492,884816,1,189.0,856.0,50,50
492,885152,1,826.0,534.0,50,50
492,885940,1,1014.0,366.0,50,50
493,884707,1,29.0,963.0,50,50
493,884876,2,660.0,682.0,50,50
493,886074,1,1077.0,327.0,50,50
493,886089,1,347.0,858.0,50,50
493,885019,1,345.0,788.0,50,50
493,886199,1,290.0,869.0,50,50
493,886361,1,124.0,969.0,50,50
493,884433,1,895.0,522.0,50,50
493,886393,1,29.0,918.0,50,50
493,885743,1,492.0,771.0,50,50
493,884816,1,182.0,860.0,50,50
493,885940,1,1013.0,367.0,50,50
494,884707,1,22.0,971.0,50,50
494,884876,2,661.0,680.0,50,50
494,886074,1,1076.0,328.0,50,50
494,886089,1,354.0,854.0,50,50
494,885019,1,336.0,792.0,50,50
494,886199,1,299.0,865.0,50,50
494,886361,1,136.0,963.0,50,50
494,884433,1,897.0,521.0,50,50
494,886393,1,24.0,923.0,50,50
494,885743,1,498.0,767.0,50,50
494,884816,1,172.0,864.0,50,50
494,885940,1,1012.0,368.0,50,50
494,886362,1,368.0,759.0,50,50
495,884707,1,14.0,977.0,50,50
495,884876,2,664.0,678.0,50,50
495,886074,1,1074.0,329.0,50,50
495,886089,1,361.0,850.0,50,50
495,885019,1,327.0,797.0,50,50
495,886199,1,307.0,860.0,50,50
495,886361,1,143.0,957.0,50,50
495,884433,1,899.0,519.0,50,50
495,886393,1,20.0,926.0,50,50
495,885743,1,503.0,764.0,50,50
495,884816,1,164.0,870.0,50,50
495,885940,1,1010.0,369.0,50,50
495,886362,1,362.0,763.0,50,50
496,884707,1,8.0,985.0,50,50
496,884876,1,669.0,676.0,50,50
496,886074,1,1073.0,330.0,50,50
496,886089,1,367.0,846.0,50,50
496,885019,1,319.0,802.0,50,50
496,886199,1,315.0,856.0,50,50
496,886361,1,154.0,952.0,50,50
496,886393,1,15.0,929.0,50,50
496,885743,1,509.0,761.0,50,50
496,884816,1,154.0,875.0,50,50
496,885940,1,1009.0,370.0,50,50
496,886362,1,355.0,767.0,50,50
497,884876,2,672.0,674.0,50,50
497,886074,1,1072.0,330.0,50,50
497,886089,1,374.0,842.0,50,50
497,885019,1,311.0,807.0,50,50
497,886199,1,324.0,851.0,50,50
497,886361,1,164.0,947.0,50,50
497,886393,1,11.0,932.0,50,50
497,885743,-1,514.0,758.0,50,50
497,884816,1,144.0,881.0,50,50
497,885940,1,1007.0,371.0,50,50
497,886362,1,348.0,770.0,50,50
497,884509,0,908.0,492.0,50,50
498,884876,2,674.0,672.0,50,50
498,886074,1,1070.0,331.0,50,50
498,886089,1,379.0,838.0,50,50
498,885019,1,303.0,811.0,50,50
498,886199,1,331.0,846.0,50,50
498,886361,1,172.0,942.0,50,50
498,886393,1,7.0,936.0,50,50
498,885743,1,519.0,754.0,50,50
498,884816,1,135.0,886.0,50,50
498,885940,1,1006.0,372.0,50,50
498,886362,1,341.0,775.0,50,50
498,886595,1,657.0,591.0,50,50
499,884876,2,679.0,669.0,50,50
499,886074,1,1069.0,332.0,50,50
499,886089,1,386.0,834.0,50,50
499,885019,1,294.0,816.0,50,50
499,886199,1,338.0,841.0,50,50
499,886361,1,181.0,936.0,50,50
499,885743,1,524.0,751.0,50,50
499,884816,1,125.0,891.0,50,50
499,885940,1,1004.0,373.0,50,50
499,886362,1,332.0,779.0,50,50
499,886595,1,654.0,594.0,50,50
499,884509,1,912.0,488.0,50,50
500,884876,2,682.0,667.0,50,50
500,886074,1,1068.0,332.0,50,50
500,886089,1,393.0,830.0,50,50
500,885019,1,284.0,822.0,50,50
500,886199,1,346.0,837.0,50,50
500,886361,1,191.0,931.0,50,50
500,885743,1,529.0,748.0,50,50
500,884816,1,116.0,896.0,50,50
500,885940,1,1003.0,373.0,50,50
500,886362,-1,324.0,783.0,50,50
500,886595,1,650.0,596.0,50,50
500,884509,1,913.0,487.0,50,50
501,884876,2,684.0,665.0,50,50
501,886074,1,1067.0,334.0,50,50
501,886089,1,400.0,827.0,50,50
501,885019,1,273.0,828.0,50,50
501,886199,1,353.0,833.0,50,50
501,886361,1,200.0,926.0,50,50
501,885743,1,533.0,745.0,50,50
501,884816,1,106.0,902.0,50,50
501,886595,1,647.0,598.0,50,50
501,884509,1,915.0,485.0,50,50
502,884876,2,687.0,662.0,50,50
502,886074,1,1066.0,335.0,50,50
502,886089,1,407.0,823.0,50,50
502,885019,-1,263.0,834.0,50,50
502,886199,1,361.0,828.0,50,50
502,886361,1,209.0,921.0,50,50
502,885743,1,538.0,742.0,50,50
502,884816,1,97.0,907.0,50,50
502,884509,-1,917.0,484.0,50,50
503,884876,2,690.0,660.0,50,50
503,886074,1,1064.0,335.0,50,50
503,886089,1,414.0,819.0,50,50
503,885019,1,256.0,839.0,50,50
503,886199,1,368.0,824.0,50,50
503,886361,1,218.0,916.0,50,50
503,884816,1,86.0,913.0,50,50
504,884876,2,693.0,658.0,50,50
504,886074,1,1063.0,336.0,50,50
504,886089,1,421.0,815.0,50,50
504,885019,1,245.0,844.0,50,50
504,886199,1,375.0,820.0,50,50
504,886361,1,227.0,912.0,50,50
504,884816,1,75.0,918.0,50,50
504,885940,1,996.0,377.0,50,50
505,884876,2,696.0,657.0,50,50
505,886074,1,1062.0,337.0,50,50
505,886089,1,426.0,811.0,50,50
505,885019,1,236.0,849.0,50,50
505,886199,1,383.0,816.0,50,50
505,886361,1,233.0,907.0,50,50
505,884816,1,65.0,924.0,50,50
506,884876,2,696.0,656.0,50,50
506,886074,1,1061.0,338.0,50,50
506,886089,1,433.0,808.0,50,50
506,885019,1,225.0,855.0,50,50
506,886199,1,390.0,811.0,50,50
506,886361,1,243.0,901.0,50,50
506,884816,1,55.0,929.0,50,50
506,885940,1,993.0,379.0,50,50
507,884876,2,700.0,654.0,50,50
507,886074,1,1060.0,338.0,50,50
507,886089,1,439.0,804.0,50,50
507,885019,1,214.0,861.0,50,50
507,886199,1,397.0,807.0,50,50
507,886361,1,252.0,896.0,50,50
507,884816,1,44.0,935.0,50,50
507,885940,1,992.0,380.0,50,50
507,885743,1,563.0,726.0,50,50
508,884876,2,702.0,653.0,50,50
508,886074,1,1058.0,339.0,50,50
508,886089,1,444.0,800.0,50,50
508,885019,1,203.0,866.0,50,50
508,886199,-1,405.0,803.0,50,50
508,886361,1,261.0,891.0,50,50
508,884816,1,33.0,940.0,50,50
508,885940,1,990.0,381.0,50,50
509,884876,2,704.0,651.0,50,50
509,886074,1,1057.0,340.0,50,50
509,886089,1,451.0,797.0,50,50
509,885019,1,192.0,872.0,50,50
509,886199,1,411.0,798.0,50,50
509,886361,1,270.0,886.0,50,50
509,884816,1,25.0,946.0,50,50
509,885940,1,988.0,383.0,50,50
509,886595,1,615.0,617.0,50,50
509,885743,1,571.0,721.0,50,50
510,884876,2,707.0,649.0,50,50
510,886074,1,1056.0,340.0,50,50
510,886089,1,457.0,794.0,50,50
510,885019,1,181.0,878.0,50,50
510,886199,-1,417.0,795.0,50,50
510,886361,1,277.0,881.0,50,50
510,884816,1,19.0,952.0,50,50
510,885940,1,986.0,384.0,50,50
510,886595,1,610.0,620.0,50,50
510,885743,1,577.0,718.0,50,50
510,886118,1,1021.0,357.0,50,50
510,884509,0,932.0,472.0,50,50
511,884876,2,709.0,647.0,50,50
511,886074,1,1055.0,342.0,50,50
511,886089,1,462.0,790.0,50,50
511,885019,1,171.0,884.0,50,50
511,886199,1,425.0,791.0,50,50
511,886361,1,285.0,877.0,50,50
511,884816,1,14.0,957.0,50,50
511,886595,1,606.0,623.0,50,50
511,885743,1,582.0,715.0,50,50
511,886118,-1,1019.0,358.0,50,50
511,884509,0,934.0,471.0,50,50
512,884876,2,712.0,646.0,50,50
512,886074,1,1053.0,343.0,50,50
512,886089,1,467.0,787.0,50,50
512,885019,1,160.0,890.0,50,50
512,886199,1,433.0,786.0,50,50
512,886361,1,293.0,872.0,50,50
512,884816,1,9.0,962.0,50,50
512,886595,1,601.0,625.0,50,50
512,885743,1,586.0,712.0,50,50
513,884876,2,713.0,645.0,50,50
513,886074,1,1052.0,343.0,50,50
513,886089,1,474.0,783.0,50,50
513,885019,1,150.0,896.0,50,50
513,886361,1,300.0,867.0,50,50
513,886595,1,597.0,628.0,50,50
514,884876,2,715.0,643.0,50,50
514,886074,1,1050.0,344.0,50,50
514,886089,1,479.0,779.0,50,50
514,885019,1,139.0,902.0,50,50
514,886361,1,309.0,864.0,50,50
514,886595,1,592.0,630.0,50,50
514,884433,2,935.0,490.0,50,50
515,884876,2,718.0,642.0,50,50
515,886074,1,1049.0,345.0,50,50
515,886089,1,478.0,776.0,50,50
515,885019,1,127.0,908.0,50,50
515,886361,1,318.0,859.0,50,50
515,886595,1,588.0,632.0,50,50
515,884433,2,935.0,489.0,50,50
515,886199,1,461.0,774.0,50,50
516,884876,2,721.0,640.0,50,50
516,886074,1,1048.0,346.0,50,50
516,886089,1,483.0,772.0,50,50
516,885019,1,115.0,915.0,50,50
516,886361,1,325.0,855.0,50,50
516,886595,1,584.0,635.0,50,50
516,884433,2,937.0,488.0,50,50
516,886767,2,1191.0,216.0,50,50
516,886118,2,1012.0,362.0,50,50
517,884876,2,723.0,638.0,50,50
517,886074,1,1047.0,346.0,50,50
517,886089,1,492.0,769.0,50,50
517,885019,1,103.0,921.0,50,50
517,886361,1,331.0,851.0,50,50
517,886595,1,579.0,637.0,50,50
517,884433,2,939.0,487.0,50,50
517,886767,2,1191.0,216.0,50,50
517,886118,-1,1009.0,363.0,50,50
517,886199,1,467.0,767.0,50,50
518,884876,2,724.0,636.0,50,50
518,886074,1,1045.0,347.0,50,50
518,886089,1,498.0,765.0,50,50
518,885019,1,91.0,927.0,50,50
518,886361,1,337.0,846.0,50,50
518,886595,1,575.0,640.0,50,50
518,884433,2,940.0,485.0,50,50
518,886767,2,1191.0,216.0,50,50
518,886199,1,472.0,763.0,50,50
518,886362,1,182.0,859.0,50,50
519,884876,2,726.0,634.0,50,50
519,886074,1,1044.0,348.0,50,50
519,886089,1,505.0,762.0,50,50
519,885019,1,79.0,934.0,50,50
519,886361,1,345.0,842.0,50,50
519,886595,1,571.0,643.0,50,50
519,884433,2,942.0,484.0,50,50
519,886767,2,1192.0,216.0,50,50
519,886199,1,478.0,759.0,50,50
520,884876,2,728.0,632.0,50,50
520,886074,1,1042.0,349.0,50,50
520,886089,1,503.0,758.0,50,50
520,885019,1,67.0,940.0,50,50
520,886361,1,352.0,837.0,50,50
520,886595,1,567.0,645.0,50,50
520,884433,-1,942.0,483.0,50,50
520,886767,2,1192.0,216.0,50,50
520,886809,2,831.0,469.0,50,50
520,885743,1,620.0,688.0,50,50
520,886362,1,165.0,870.0,50,50
521,884876,2,731.0,630.0,50,50
521,886074,1,1041.0,349.0,50,50
521,886089,1,514.0,755.0,50,50
521,885019,1,54.0,947.0,50,50
521,886361,1,359.0,833.0,50,50
521,886595,1,562.0,648.0,50,50
521,886767,2,1192.0,216.0,50,50
521,886809,-1,829.0,471.0,50,50
521,885743,1,624.0,686.0,50,50
521,886199,1,492.0,752.0,50,50
522,884876,2,734.0,628.0,50,50
522,886074,1,1040.0,351.0,50,50
522,886089,1,521.0,752.0,50,50
522,885019,1,41.0,954.0,50,50
522,886361,1,366.0,830.0,50,50
522,886595,1,558.0,650.0,50,50
522,886767,2,1192.0,216.0,50,50
522,886809,-1,827.0,472.0,50,50
522,885743,1,629.0,683.0,50,50
523,884876,2,736.0,627.0,50,50
523,886074,1,1038.0,352.0,50,50
523,886089,1,527.0,748.0,50,50
523,885019,1,29.0,960.0,50,50
523,886361,1,372.0,825.0,50,50
523,886595,1,553.0,653.0,50,50
523,886767,2,1191.0,216.0,50,50
523,886362,1,138.0,885.0,50,50
523,886199,1,504.0,745.0,50,50
524,884876,2,738.0,626.0,50,50
524,886074,1,1036.0,353.0,50,50
524,886089,1,531.0,745.0,50,50
524,885019,1,22.0,967.0,50,50
524,886361,1,378.0,821.0,50,50
524,886595,1,548.0,655.0,50,50
524,886362,1,130.0,890.0,50,50
524,886199,1,509.0,741.0,50,50
524,885743,2,637.0,678.0,50,50
525,884876,2,739.0,624.0,50,50
525,886074,1,1036.0,353.0,50,50
525,886089,-1,536.0,742.0,50,50
525,885019,1,15.0,972.0,50,50
525,886361,1,386.0,817.0,50,50
525,886595,1,543.0,658.0,50,50
525,886362,1,120.0,896.0,50,50
525,885743,2,641.0,675.0,50,50
526,884876,2,741.0,623.0,50,50
526,886074,1,1035.0,354.0,50,50
526,885019,1,9.0,979.0,50,50
526,886361,1,392.0,813.0,50,50
526,886595,1,538.0,661.0,50,50
526,886362,-1,111.0,901.0,50,50
526,885743,2,644.0,673.0,50,50
527,884876,2,744.0,621.0,50,50
527,886074,1,1033.0,355.0,50,50
527,886361,1,399.0,810.0,50,50
527,886595,1,533.0,663.0,50,50
527,886362,1,101.0,906.0,50,50
527,885743,2,647.0,670.0,50,50
527,886089,1,545.0,735.0,50,50
528,884876,2,746.0,620.0,50,50
528,886074,1,1031.0,356.0,50,50
528,886361,1,405.0,806.0,50,50
528,886595,1,528.0,666.0,50,50
528,885743,2,651.0,667.0,50,50
529,884876,2,748.0,618.0,50,50
529,886074,1,1030.0,358.0,50,50
529,886361,1,412.0,803.0,50,50
529,886595,1,523.0,669.0,50,50
529,885743,2,654.0,665.0,50,50
530,884876,2,752.0,617.0,50,50
530,886074,-1,1028.0,359.0,50,50
530,886361,1,419.0,799.0,50,50
530,886595,1,519.0,672.0,50,50
530,885743,2,658.0,662.0,50,50
531,884876,2,754.0,615.0,50,50
531,886074,1,1026.0,360.0,50,50
531,886361,1,425.0,795.0,50,50
531,886595,1,515.0,675.0,50,50
531,885743,1,662.0,660.0,50,50
531,886892,2,724.0,551.0,50,50
531,886089,1,565.0,722.0,50,50
532,884876,2,755.0,614.0,50,50
532,886074,1,1025.0,362.0,50,50
532,886361,1,432.0,790.0,50,50
532,886595,1,510.0,678.0,50,50
532,885743,1,666.0,657.0,50,50
532,886892,2,721.0,553.0,50,50
532,886089,1,570.0,719.0,50,50
532,886199,1,555.0,711.0,50,50
532,886362,1,50.0,932.0,50,50
533,884876,2,757.0,612.0,50,50
533,886074,-1,1023.0,363.0,50,50
533,886361,1,439.0,786.0,50,50
533,886595,1,504.0,681.0,50,50
533,885743,2,670.0,655.0,50,50
533,886892,2,716.0,554.0,50,50
533,886089,1,576.0,716.0,50,50
533,886199,1,561.0,708.0,50,50
533,886362,1,40.0,938.0,50,50
534,884876,2,760.0,610.0,50,50
534,886074,1,1021.0,364.0,50,50
534,886361,1,445.0,782.0,50,50
534,886595,1,499.0,683.0,50,50
534,885743,1,674.0,652.0,50,50
534,886892,2,713.0,557.0,50,50
534,886089,1,580.0,713.0,50,50
534,886199,1,567.0,704.0,50,50
534,886362,1,30.0,944.0,50,50
535,884876,2,763.0,608.0,50,50
535,886074,1,1020.0,365.0,50,50
535,886361,1,450.0,779.0,50,50
535,886595,1,494.0,686.0,50,50
535,885743,2,678.0,650.0,50,50
535,886892,2,709.0,559.0,50,50
535,886089,1,585.0,710.0,50,50
535,886199,1,572.0,701.0,50,50
535,886362,1,23.0,949.0,50,50
536,884876,2,764.0,606.0,50,50
536,886074,1,1018.0,366.0,50,50
536,886361,1,457.0,775.0,50,50
536,886595,1,488.0,689.0,50,50
536,885743,2,682.0,648.0,50,50
536,886892,2,706.0,560.0,50,50
536,886089,1,589.0,708.0,50,50
536,886199,1,578.0,697.0,50,50
537,884876,2,766.0,605.0,50,50
537,886074,1,1017.0,367.0,50,50
537,886361,1,463.0,772.0,50,50
537,886595,1,482.0,692.0,50,50
537,885743,2,685.0,645.0,50,50
537,886892,2,702.0,563.0,50,50
537,886089,1,594.0,705.0,50,50
537,886199,1,583.0,694.0,50,50
538,884876,2,768.0,603.0,50,50
538,886074,1,1016.0,367.0,50,50
538,886361,1,469.0,769.0,50,50
538,886595,1,477.0,695.0,50,50
538,886892,2,699.0,565.0,50,50
538,886089,1,597.0,701.0,50,50
538,886199,1,589.0,691.0,50,50
538,884433,0,974.0,459.0,50,50
539,884876,2,769.0,601.0,50,50
539,886074,1,1015.0,368.0,50,50
539,886361,1,474.0,765.0,50,50
539,886595,1,472.0,698.0,50,50
539,886892,2,695.0,567.0,50,50
539,886199,1,593.0,688.0,50,50
539,885743,2,692.0,640.0,50,50
540,884876,2,773.0,600.0,50,50
540,886074,1,1014.0,369.0,50,50
540,886361,1,481.0,762.0,50,50
540,886595,1,467.0,701.0,50,50
540,886892,2,692.0,569.0,50,50
540,886199,1,599.0,684.0,50,50
540,885743,2,696.0,637.0,50,50
541,884876,2,775.0,599.0,50,50
541,886074,1,1012.0,371.0,50,50
541,886361,1,485.0,759.0,50,50
541,886595,1,462.0,704.0,50,50
541,886892,2,688.0,571.0,50,50
541,885743,1,698.0,635.0,50,50
542,884876,2,777.0,598.0,50,50
542,886074,1,1011.0,372.0,50,50
542,886361,1,492.0,755.0,50,50
542,886595,1,456.0,707.0,50,50
542,886892,2,685.0,574.0,50,50
542,885743,1,702.0,632.0,50,50
542,886199,1,610.0,679.0,50,50
543,884876,2,778.0,596.0,50,50
543,886074,1,1008.0,373.0,50,50
543,886361,1,496.0,751.0,50,50
543,886595,1,451.0,710.0,50,50
543,886892,2,682.0,576.0,50,50
543,885743,1,706.0,629.0,50,50
543,886199,1,614.0,676.0,50,50
544,884876,2,779.0,595.0,50,50
544,886074,1,1006.0,375.0,50,50
544,886361,1,502.0,748.0,50,50
544,886595,1,446.0,713.0,50,50
544,886892,2,678.0,579.0,50,50
544,885743,2,709.0,628.0,50,50
545,884876,2,781.0,594.0,50,50
545,886074,1,1004.0,376.0,50,50
545,886361,1,508.0,744.0,50,50
545,886595,1,441.0,717.0,50,50
545,886892,2,674.0,581.0,50,50
545,885743,2,712.0,626.0,50,50
545,884433,0,986.0,451.0,50,50
546,884876,2,784.0,592.0,50,50
546,886074,1,1003.0,377.0,50,50
546,886361,1,514.0,741.0,50,50
546,886595,1,434.0,720.0,50,50
546,886892,2,670.0,583.0,50,50
546,885743,2,715.0,624.0,50,50
546,884433,0,987.0,450.0,50,50
547,884876,2,787.0,590.0,50,50
547,886074,1,1002.0,377.0,50,50
547,886361,1,519.0,738.0,50,50
547,886595,1,429.0,723.0,50,50
547,886892,1,666.0,585.0,50,50
547,886199,1,633.0,662.0,50,50
548,884876,2,790.0,588.0,50,50
548,886361,1,524.0,735.0,50,50
548,886595,1,423.0,726.0,50,50
548,886892,1,663.0,587.0,50,50
548,885743,2,723.0,620.0,50,50
549,884876,2,793.0,586.0,50,50
549,886595,1,418.0,730.0,50,50
549,886892,2,658.0,589.0,50,50
549,885743,-1,727.0,618.0,50,50
549,886074,1,999.0,379.0,50,50
550,884876,2,796.0,585.0,50,50
550,886595,1,412.0,733.0,50,50
550,886892,2,654.0,592.0,50,50
550,885743,-1,731.0,615.0,50,50
550,886074,1,998.0,380.0,50,50
551,884876,2,797.0,584.0,50,50
551,886595,1,404.0,737.0,50,50
551,886892,2,651.0,594.0,50,50
551,886074,1,997.0,381.0,50,50
551,886199,2,649.0,650.0,50,50
551,886361,1,540.0,725.0,50,50
552,884876,2,799.0,582.0,50,50
552,886595,1,398.0,740.0,50,50
552,886892,2,647.0,597.0,50,50
552,886074,1,995.0,382.0,50,50
553,884876,2,800.0,581.0,50,50
553,886595,1,392.0,743.0,50,50
553,886892,2,644.0,599.0,50,50
553,886074,1,994.0,384.0,50,50
553,886361,1,551.0,719.0,50,50
554,884876,2,802.0,580.0,50,50
554,886595,1,387.0,746.0,50,50
554,886892,2,641.0,602.0,50,50
554,886074,1,992.0,385.0,50,50
554,886361,1,556.0,716.0,50,50
555,884876,2,804.0,579.0,50,50
555,886595,1,381.0,749.0,50,50
555,886892,2,637.0,604.0,50,50
555,886074,1,990.0,387.0,50,50
555,886361,1,561.0,713.0,50,50
555,886199,2,667.0,639.0,50,50
556,884876,2,804.0,577.0,50,50
556,886595,1,374.0,753.0,50,50
556,886892,2,632.0,607.0,50,50
556,886074,1,988.0,388.0,50,50
556,886361,1,565.0,709.0,50,50
557,884876,2,806.0,576.0,50,50
557,886595,1,367.0,757.0,50,50
557,886892,2,628.0,609.0,50,50
557,886074,-1,986.0,389.0,50,50
557,886199,1,673.0,646.0,50,50
558,884876,2,807.0,574.0,50,50
558,886595,1,361.0,760.0,50,50
558,886892,2,623.0,611.0,50,50
558,886199,1,678.0,646.0,50,50
558,886361,1,574.0,703.0,50,50
559,884876,2,809.0,573.0,50,50
559,886595,1,355.0,764.0,50,50
559,886892,2,619.0,612.0,50,50
559,886199,-1,681.0,645.0,50,50
559,886361,1,579.0,700.0,50,50
559,884433,0,1006.0,435.0,50,50
559,886074,1,983.0,391.0,50,50
560,884876,2,811.0,571.0,50,50
560,886595,1,349.0,768.0,50,50
560,886892,2,614.0,615.0,50,50
560,886361,1,583.0,697.0,50,50
560,884433,0,1007.0,434.0,50,50
560,886074,1,981.0,392.0,50,50
561,884876,2,813.0,570.0,50,50
561,886595,1,342.0,771.0,50,50
561,886892,2,609.0,618.0,50,50
561,886361,1,587.0,694.0,50,50
561,884433,0,1009.0,433.0,50,50
561,886074,-1,980.0,393.0,50,50
561,887095,1,198.0,533.0,50,50
561,886199,1,687.0,640.0,50,50
562,884876,2,816.0,569.0,50,50
562,886595,1,335.0,774.0,50,50
562,886892,2,603.0,620.0,50,50
562,884433,0,1010.0,432.0,50,50
562,886074,1,978.0,394.0,50,50
562,887095,1,198.0,533.0,50,50
562,885743,2,766.0,589.0,50,50
563,884876,2,817.0,567.0,50,50
563,886595,1,327.0,778.0,50,50
563,886892,2,600.0,623.0,50,50
563,884433,0,1012.0,431.0,50,50
563,886074,1,976.0,395.0,50,50
563,887095,1,198.0,533.0,50,50
563,886199,1,694.0,636.0,50,50
564,884876,2,819.0,566.0,50,50
564,886595,1,320.0,782.0,50,50
564,886892,2,596.0,626.0,50,50
564,884433,0,1013.0,429.0,50,50
564,886074,1,975.0,396.0,50,50
564,887095,1,198.0,533.0,50,50
564,887121,2,879.0,454.0,50,50
564,886199,1,697.0,633.0,50,50
565,884876,2,821.0,565.0,50,50
565,886595,1,314.0,785.0,50,50
565,886892,2,593.0,628.0,50,50
565,884433,-1,1015.0,428.0,50,50
565,886074,1,973.0,397.0,50,50
565,887095,1,198.0,533.0,50,50
565,887121,2,877.0,455.0,50,50
565,886199,1,701.0,631.0,50,50
565,886361,1,607.0,682.0,50,50
566,884876,2,823.0,563.0,50,50
566,886595,1,307.0,790.0,50,50
566,886892,2,589.0,630.0,50,50
566,884433,-1,1016.0,427.0,50,50
566,886074,1,971.0,398.0,50,50
566,887095,1,198.0,533.0,50,50
566,887121,2,873.0,457.0,50,50
566,886199,1,705.0,629.0,50,50
566,886361,1,612.0,679.0,50,50
567,884876,2,825.0,562.0,50,50
567,886595,1,300.0,794.0,50,50
567,886892,2,585.0,633.0,50,50
567,884433,-1,1017.0,426.0,50,50
567,886074,1,969.0,400.0,50,50
567,887121,2,870.0,458.0,50,50
567,886199,1,708.0,626.0,50,50
567,886361,1,616.0,676.0,50,50
568,886892,2,581.0,636.0,50,50
568,886074,1,967.0,401.0,50,50
568,887121,2,867.0,460.0,50,50
568,886199,1,711.0,624.0,50,50
568,886361,1,619.0,674.0,50,50
569,886892,2,576.0,639.0,50,50
569,886074,1,966.0,402.0,50,50
569,887121,-1,864.0,461.0,50,50
569,886199,1,715.0,622.0,50,50
569,886361,1,623.0,671.0,50,50
570,886892,2,572.0,642.0,50,50
570,886074,1,964.0,403.0,50,50
570,887121,2,862.0,463.0,50,50
570,886199,1,719.0,620.0,50,50
570,886361,1,627.0,670.0,50,50
570,886089,2,727.0,598.0,50,50
570,884433,0,1021.0,424.0,50,50
571,886892,2,567.0,645.0,50,50
571,886074,1,962.0,404.0,50,50
571,886199,1,723.0,617.0,50,50
571,886361,1,631.0,667.0,50,50
571,886089,2,731.0,595.0,50,50
571,884433,0,1022.0,423.0,50,50
571,884876,2,833.0,558.0,50,50
572,886892,2,563.0,648.0,50,50
572,886074,1,960.0,405.0,50,50
572,886199,1,726.0,615.0,50,50
572,886361,1,635.0,664.0,50,50
572,886089,2,734.0,592.0,50,50
572,884433,0,1023.0,422.0,50,50
572,887182,1,984.0,382.0,50,50
572,887183,2,664.0,716.0,50,50
572,884876,2,835.0,557.0,50,50
573,886892,2,558.0,650.0,50,50
573,886074,1,959.0,406.0,50,50
573,886199,1,729.0,613.0,50,50
573,886361,2,639.0,661.0,50,50
573,886089,2,738.0,590.0,50,50
573,884433,0,1025.0,421.0,50,50
573,887182,-1,982.0,382.0,50,50
573,887183,2,664.0,716.0,50,50
573,884876,2,837.0,555.0,50,50
573,887121,1,855.0,468.0,50,50
574,886892,2,553.0,652.0,50,50
574,886074,1,957.0,408.0,50,50
574,886199,1,732.0,610.0,50,50
574,886361,2,643.0,659.0,50,50
574,886089,2,742.0,588.0,50,50
574,884433,0,1027.0,421.0,50,50
574,887182,1,980.0,383.0,50,50
574,887183,2,664.0,715.0,50,50
574,884876,-1,841.0,554.0,50,50
574,887121,1,853.0,470.0,50,50
575,886892,2,549.0,655.0,50,50
575,886074,1,955.0,409.0,50,50
575,886199,1,735.0,608.0,50,50
575,886361,2,647.0,656.0,50,50
575,886089,2,746.0,585.0,50,50
575,884433,0,1028.0,420.0,50,50
575,887182,1,978.0,384.0,50,50
575,887183,2,664.0,714.0,50,50
575,884876,2,842.0,553.0,50,50
575,887121,1,851.0,471.0,50,50
575,887214,2,706.0,546.0,50,50
576,886892,2,544.0,657.0,50,50
576,886074,1,954.0,410.0,50,50
576,886199,1,739.0,605.0,50,50
576,886361,2,652.0,653.0,50,50
576,886089,2,750.0,582.0,50,50
576,887182,1,976.0,385.0,50,50
576,887183,2,664.0,715.0,50,50
576,887121,1,848.0,473.0,50,50
576,886595,1,232.0,830.0,50,50
577,886892,2,539.0,661.0,50,50
577,886074,1,952.0,411.0,50,50
577,886199,1,742.0,603.0,50,50
577,886361,2,655.0,651.0,50,50
577,886089,2,753.0,581.0,50,50
577,887182,1,974.0,386.0,50,50
577,887183,2,665.0,715.0,50,50
577,887121,2,846.0,475.0,50,50
577,886595,1,224.0,834.0,50,50
577,884433,0,1031.0,418.0,50,50
577,884876,1,846.0,551.0,50,50
578,886892,2,533.0,664.0,50,50
578,886074,1,950.0,412.0,50,50
578,886199,1,745.0,601.0,50,50
578,886361,2,659.0,648.0,50,50
578,886089,2,757.0,578.0,50,50
578,887182,-1,973.0,387.0,50,50
578,887183,2,665.0,715.0,50,50
578,884876,2,848.0,549.0,50,50
578,887214,2,698.0,551.0,50,50
579,886892,2,529.0,666.0,50,50
579,886074,1,948.0,414.0,50,50
579,886199,1,748.0,599.0,50,50
579,886361,2,663.0,646.0,50,50
579,886089,2,761.0,576.0,50,50
579,887183,-1,665.0,715.0,50,50
579,884876,1,840.0,549.0,50,50
579,887121,1,841.0,478.0,50,50
580,886892,2,525.0,669.0,50,50
580,886074,1,946.0,415.0,50,50
580,886199,1,751.0,597.0,50,50
580,886089,1,765.0,573.0,50,50
580,884876,1,838.0,549.0,50,50
580,887121,1,838.0,479.0,50,50
580,886595,1,200.0,847.0,50,50
581,886892,2,520.0,672.0,50,50
581,886074,1,944.0,416.0,50,50
581,886199,1,754.0,595.0,50,50
581,886595,1,190.0,851.0,50,50
581,887182,1,969.0,389.0,50,50
581,887214,2,689.0,555.0,50,50
581,886361,2,671.0,641.0,50,50
582,886892,2,515.0,675.0,50,50
582,886199,1,757.0,593.0,50,50
582,886595,1,181.0,855.0,50,50
582,887182,1,967.0,390.0,50,50
582,887214,2,686.0,557.0,50,50
582,886361,2,674.0,638.0,50,50
582,884876,1,840.0,545.0,50,50
583,886892,2,510.0,678.0,50,50
583,886199,1,759.0,591.0,50,50
583,886595,1,174.0,860.0,50,50
583,887182,1,966.0,391.0,50,50
583,887214,2,684.0,559.0,50,50
583,886361,-1,678.0,635.0,50,50
583,884876,1,841.0,544.0,50,50
584,886892,2,505.0,681.0,50,50
584,886199,1,762.0,589.0,50,50
584,886595,1,166.0,863.0,50,50
584,887182,1,965.0,391.0,50,50
584,887214,2,681.0,560.0,50,50
584,884876,1,844.0,542.0,50,50
584,887121,2,828.0,487.0,50,50
585,886892,2,500.0,684.0,50,50
585,886199,1,765.0,587.0,50,50
585,886595,1,156.0,870.0,50,50
585,887182,1,964.0,392.0,50,50
585,887214,2,678.0,562.0,50,50
585,884876,1,846.0,541.0,50,50
585,887121,2,825.0,489.0,50,50
585,884433,0,1039.0,410.0,50,50
585,886074,1,936.0,421.0,50,50
586,886892,2,494.0,687.0,50,50
586,886199,1,768.0,585.0,50,50
586,886595,1,147.0,875.0,50,50
586,887182,1,962.0,393.0,50,50
586,887214,2,675.0,563.0,50,50
586,884876,1,848.0,540.0,50,50
586,887121,1,822.0,491.0,50,50
586,884433,0,1040.0,409.0,50,50
586,886361,1,690.0,627.0,50,50
587,886892,2,489.0,690.0,50,50
587,886199,1,771.0,583.0,50,50
587,886595,1,138.0,880.0,50,50
587,887182,1,961.0,394.0,50,50
587,887214,2,672.0,565.0,50,50
587,884876,1,850.0,538.0,50,50
587,887121,1,819.0,493.0,50,50
587,884433,0,1042.0,408.0,50,50
587,886361,1,693.0,625.0,50,50
587,886074,1,933.0,424.0,50,50
588,886892,2,484.0,692.0,50,50
588,886199,1,774.0,581.0,50,50
588,886595,1,130.0,885.0,50,50
588,887182,1,959.0,395.0,50,50
588,887214,2,670.0,567.0,50,50
588,884876,1,852.0,537.0,50,50
588,887121,1,816.0,494.0,50,50
588,884433,0,1043.0,407.0,50,50
588,886361,1,697.0,623.0,50,50
588,886074,1,931.0,426.0,50,50
589,886892,2,478.0,696.0,50,50
589,886199,1,776.0,578.0,50,50
589,886595,1,121.0,890.0,50,50
589,887214,2,667.0,569.0,50,50
589,884876,1,853.0,536.0,50,50
589,887121,2,813.0,495.0,50,50
589,884433,0,1045.0,406.0,50,50
589,886361,1,700.0,620.0,50,50
589,886074,1,929.0,427.0,50,50
590,886892,2,472.0,699.0,50,50
590,886199,1,779.0,576.0,50,50
590,886595,1,112.0,895.0,50,50
590,887214,2,664.0,570.0,50,50
590,884876,1,855.0,534.0,50,50
590,887121,2,810.0,497.0,50,50
590,884433,0,1046.0,406.0,50,50
590,886361,1,704.0,618.0,50,50
590,886074,1,926.0,429.0,50,50
591,886892,-1,467.0,702.0,50,50
591,886199,1,782.0,574.0,50,50
591,886595,1,102.0,901.0,50,50
591,887214,2,662.0,571.0,50,50
591,884876,1,857.0,533.0,50,50
591,887121,-1,807.0,499.0,50,50
591,886361,2,708.0,616.0,50,50
592,886892,2,462.0,705.0,50,50
592,886199,1,785.0,573.0,50,50
592,886595,1,93.0,906.0,50,50
592,887214,2,658.0,574.0,50,50
592,884876,1,859.0,532.0,50,50
592,887121,2,804.0,501.0,50,50
592,886361,2,711.0,613.0,50,50
593,886892,2,457.0,708.0,50,50
593,886199,1,788.0,571.0,50,50
593,886595,1,82.0,911.0,50,50
593,887214,-1,655.0,576.0,50,50
593,884876,1,861.0,530.0,50,50
593,887121,2,801.0,503.0,50,50
593,886361,1,715.0,611.0,50,50
593,887377,2,807.0,544.0,50,50
593,887182,1,952.0,401.0,50,50
593,886074,1,920.0,433.0,50,50
594,886892,2,452.0,711.0,50,50
594,886199,1,792.0,569.0,50,50
594,886595,1,72.0,916.0,50,50
594,884876,1,863.0,529.0,50,50
594,887121,2,798.0,505.0,50,50
594,886361,2,718.0,609.0,50,50
594,887377,2,809.0,541.0,50,50
594,887388,2,88.0,1035.0,50,50
594,887182,1,950.0,402.0,50,50
595,886892,2,446.0,714.0,50,50
595,886199,1,794.0,567.0,50,50
595,886595,1,62.0,921.0,50,50
595,884876,1,866.0,527.0,50,50
595,887121,2,795.0,507.0,50,50
595,886361,2,721.0,607.0,50,50
595,887377,2,812.0,538.0,50,50
595,887388,2,95.0,1030.0,50,50
595,887182,1,948.0,403.0,50,50
595,887183,0,665.0,715.0,50,50
595,884433,0,1052.0,400.0,50,50
596,886892,2,441.0,717.0,50,50
596,886199,1,796.0,566.0,50,50
596,886595,1,52.0,926.0,50,50
596,884876,1,869.0,526.0,50,50
596,887121,1,792.0,509.0,50,50
596,886361,2,724.0,604.0,50,50
596,887377,2,815.0,536.0,50,50
596,887388,2,105.0,1023.0,50,50
596,887182,1,947.0,404.0,50,50
596,887183,0,665.0,716.0,50,50
596,884433,-1,1053.0,399.0,50,50
596,887214,2,646.0,581.0,50,50
596,886074,1,914.0,436.0,50,50
597,886892,2,435.0,721.0,50,50
597,886199,1,799.0,564.0,50,50
597,886595,1,42.0,931.0,50,50
597,884876,1,873.0,525.0,50,50
597,887121,1,790.0,510.0,50,50
597,887377,2,818.0,534.0,50,50
597,887388,1,115.0,1017.0,50,50
597,887182,1,946.0,404.0,50,50
597,887183,-1,665.0,716.0,50,50
597,884433,0,1054.0,398.0,50,50
597,886074,1,911.0,438.0,50,50
598,886892,2,429.0,724.0,50,50
598,886199,1,802.0,562.0,50,50
598,886595,1,33.0,937.0,50,50
598,884876,1,875.0,524.0,50,50
598,887121,1,787.0,512.0,50,50
598,887377,2,821.0,533.0,50,50
598,887182,1,944.0,405.0,50,50
598,887183,-1,665.0,716.0,50,50
598,886074,1,909.0,440.0,50,50
599,886199,1,805.0,560.0,50,50
599,886595,1,26.0,942.0,50,50
599,884876,1,877.0,523.0,50,50
599,887121,1,784.0,513.0,50,50
599,887377,2,824.0,531.0,50,50
599,887182,1,943.0,406.0,50,50
599,886074,1,906.0,441.0,50,50
599,887388,2,136.0,1006.0,50,50
600,886199,1,807.0,558.0,50,50
600,886595,1,20.0,947.0,50,50
600,884876,1,879.0,521.0,50,50
600,887121,2,781.0,515.0,50,50
600,887182,1,941.0,407.0,50,50
600,886074,1,904.0,442.0,50,50
600,887388,2,145.0,1000.0,50,50
600,886361,2,739.0,595.0,50,50
600,887214,2,633.0,587.0,50,50
600,884433,0,1058.0,395.0,50,50
601,886199,1,810.0,557.0,50,50
601,886595,1,15.0,952.0,50,50
601,884876,1,881.0,519.0,50,50
601,887121,1,778.0,517.0,50,50
601,887182,1,939.0,408.0,50,50
601,886074,1,902.0,444.0,50,50
601,887388,2,153.0,995.0,50,50
601,887464,1,867.0,457.0,50,50
601,886361,2,742.0,593.0,50,50
601,887214,2,630.0,589.0,50,50
601,884433,0,1060.0,394.0,50,50
602,886199,1,812.0,555.0,50,50
602,886595,1,10.0,956.0,50,50
602,884876,1,883.0,518.0,50,50
602,887121,1,775.0,519.0,50,50
602,887182,1,937.0,409.0,50,50
602,886074,-1,900.0,445.0,50,50
602,887388,2,161.0,989.0,50,50
602,886361,1,745.0,591.0,50,50
602,887214,2,627.0,591.0,50,50
602,884433,0,1062.0,394.0,50,50
603,886199,1,815.0,552.0,50,50
603,884876,1,885.0,517.0,50,50
603,887121,1,772.0,521.0,50,50
603,887182,-1,935.0,410.0,50,50
603,886074,1,897.0,447.0,50,50
603,887388,1,170.0,984.0,50,50
603,886361,1,748.0,589.0,50,50
603,887214,2,624.0,593.0,50,50
603,884433,0,1063.0,393.0,50,50
604,886199,1,818.0,550.0,50,50
604,884876,1,888.0,516.0,50,50
604,887121,2,769.0,523.0,50,50
604,887182,1,933.0,411.0,50,50
604,886074,1,895.0,448.0,50,50
604,887388,2,179.0,978.0,50,50
604,886361,1,750.0,587.0,50,50
604,887214,2,621.0,596.0,50,50
605,886199,1,820.0,548.0,50,50
605,884876,1,890.0,515.0,50,50
605,887121,2,766.0,525.0,50,50
605,886074,1,893.0,449.0,50,50
605,887388,2,188.0,974.0,50,50
605,886361,1,753.0,585.0,50,50
605,887214,2,618.0,598.0,50,50
605,886892,2,387.0,746.0,50,50
606,886199,1,823.0,547.0,50,50
606,884876,1,890.0,514.0,50,50
606,887121,2,763.0,527.0,50,50
606,886074,1,891.0,451.0,50,50
606,887388,2,195.0,969.0,50,50
606,886361,-1,756.0,583.0,50,50
606,887377,2,845.0,517.0,50,50
606,887464,1,856.0,465.0,50,50
607,886199,1,825.0,545.0,50,50
607,884876,-1,892.0,512.0,50,50
607,887121,1,760.0,529.0,50,50
607,886074,-1,890.0,453.0,50,50
607,887388,2,204.0,963.0,50,50
607,887377,2,848.0,515.0,50,50
607,887464,1,854.0,467.0,50,50
608,886199,2,827.0,543.0,50,50
608,887121,1,757.0,531.0,50,50
608,886074,1,888.0,455.0,50,50
608,887388,2,213.0,958.0,50,50
608,887377,2,851.0,513.0,50,50
608,887464,1,852.0,468.0,50,50
609,886199,1,830.0,542.0,50,50
609,887121,1,753.0,533.0,50,50
609,886074,1,886.0,456.0,50,50
609,887377,2,854.0,510.0,50,50
609,887464,1,849.0,470.0,50,50
609,886892,1,361.0,762.0,50,50
609,886361,2,766.0,576.0,50,50
610,886199,1,833.0,540.0,50,50
610,887121,1,750.0,535.0,50,50
610,886074,1,883.0,457.0,50,50
610,887377,2,855.0,508.0,50,50
610,887464,1,847.0,472.0,50,50
610,886892,1,354.0,766.0,50,50
610,886361,-1,768.0,574.0,50,50
610,884876,2,898.0,510.0,50,50
610,887388,2,230.0,949.0,50,50
611,886199,1,836.0,538.0,50,50
611,887121,1,747.0,537.0,50,50
611,886074,1,881.0,459.0,50,50
611,887377,-1,858.0,505.0,50,50
611,887464,1,845.0,473.0,50,50
611,886892,1,347.0,769.0,50,50
611,884876,1,900.0,509.0,50,50
611,887388,2,239.0,945.0,50,50
612,886199,1,838.0,536.0,50,50
612,887121,2,743.0,539.0,50,50
612,886074,1,879.0,461.0,50,50
612,887377,2,861.0,504.0,50,50
612,887464,1,841.0,474.0,50,50
612,886892,1,340.0,773.0,50,50
612,884876,1,901.0,508.0,50,50
612,887388,2,248.0,940.0,50,50
613,886199,1,840.0,535.0,50,50
613,887121,2,740.0,542.0,50,50
613,886074,1,876.0,462.0,50,50
613,887377,2,864.0,502.0,50,50
613,887464,1,839.0,475.0,50,50
613,886892,1,334.0,777.0,50,50
613,884876,1,901.0,506.0,50,50
614,887121,2,736.0,544.0,50,50
614,886074,1,874.0,464.0,50,50
614,887377,2,866.0,500.0,50,50
614,887464,1,836.0,477.0,50,50
614,886892,1,327.0,780.0,50,50
614,884876,1,904.0,505.0,50,50
614,887388,1,263.0,930.0,50,50
615,887121,2,733.0,547.0,50,50
615,886074,1,872.0,465.0,50,50
615,887377,2,869.0,499.0,50,50
615,886892,1,319.0,784.0,50,50
615,884876,1,905.0,504.0,50,50
615,887388,1,270.0,925.0,50,50
616,887121,2,729.0,549.0,50,50
616,886074,1,870.0,466.0,50,50
616,887377,2,872.0,498.0,50,50
616,884876,1,906.0,504.0,50,50
616,886199,1,847.0,530.0,50,50
617,887121,2,725.0,552.0,50,50
617,886074,1,868.0,468.0,50,50
617,887377,2,875.0,496.0,50,50
617,884876,1,906.0,503.0,50,50
617,886199,1,850.0,528.0,50,50
617,887464,2,830.0,481.0,50,50
617,887388,2,287.0,916.0,50,50
618,887121,2,721.0,554.0,50,50
618,886074,1,866.0,470.0,50,50
618,887464,2,828.0,482.0,50,50
618,887388,2,295.0,911.0,50,50
619,887121,2,718.0,556.0,50,50
619,886074,1,863.0,471.0,50,50
619,887464,-1,826.0,484.0,50,50
619,887388,2,300.0,907.0,50,50
620,887121,2,715.0,558.0,50,50
620,886074,1,861.0,473.0,50,50
620,887464,1,824.0,486.0,50,50
620,887388,2,308.0,902.0,50,50
621,887121,2,712.0,560.0,50,50
621,886074,1,858.0,475.0,50,50
621,887464,1,822.0,488.0,50,50
622,887121,2,708.0,562.0,50,50
622,886074,1,856.0,477.0,50,50
622,887464,1,820.0,490.0,50,50
623,887121,2,704.0,564.0,50,50
623,886074,1,853.0,478.0,50,50
623,887464,1,817.0,491.0,50,50
624,887121,-1,700.0,566.0,50,50
624,886074,1,851.0,479.0,50,50
624,887464,1,815.0,492.0,50,50
624,887214,2,555.0,633.0,50,50
624,887388,2,337.0,885.0,50,50
625,887121,2,696.0,569.0,50,50
625,886074,1,849.0,481.0,50,50
625,887464,1,813.0,493.0,50,50
625,887214,2,551.0,636.0,50,50
625,887388,2,344.0,881.0,50,50
626,887121,2,693.0,571.0,50,50
626,886074,1,847.0,483.0,50,50
626,887464,1,810.0,494.0,50,50
626,887214,2,547.0,638.0,50,50
626,887388,2,350.0,877.0,50,50
627,887121,1,689.0,573.0,50,50
627,886074,1,844.0,484.0,50,50
627,887464,1,807.0,496.0,50,50
627,887214,2,543.0,640.0,50,50
627,887388,2,357.0,873.0,50,50
627,887377,2,901.0,477.0,50,50
628,887121,1,684.0,576.0,50,50
628,886074,1,841.0,486.0,50,50
628,887214,2,539.0,642.0,50,50
628,887388,1,364.0,869.0,50,50
628,887377,2,903.0,476.0,50,50
628,887182,1,894.0,438.0,50,50
629,887121,1,680.0,578.0,50,50
629,886074,1,839.0,488.0,50,50
629,887214,2,535.0,645.0,50,50
629,887388,1,370.0,865.0,50,50
629,887377,2,906.0,474.0,50,50
629,887182,1,893.0,440.0,50,50
629,886199,1,877.0,508.0,50,50
630,887121,1,677.0,581.0,50,50
630,886074,1,836.0,490.0,50,50
630,887214,2,532.0,647.0,50,50
630,887377,2,908.0,473.0,50,50
630,886199,1,879.0,507.0,50,50
631,887121,1,674.0,583.0,50,50
631,886074,1,833.0,492.0,50,50
631,887214,2,529.0,649.0,50,50
631,887377,2,911.0,471.0,50,50
631,884876,0,927.0,488.0,50,50
631,887464,2,797.0,503.0,50,50
631,887388,2,384.0,857.0,50,50
632,887121,1,669.0,585.0,50,50
632,886074,1,831.0,493.0,50,50
632,887214,2,525.0,651.0,50,50
632,887377,-1,914.0,469.0,50,50
632,887464,2,794.0,505.0,50,50
632,887388,2,390.0,853.0,50,50
633,887121,2,665.0,587.0,50,50
633,886074,1,828.0,495.0,50,50
633,887214,2,521.0,653.0,50,50
633,887464,1,792.0,507.0,50,50
633,887388,2,395.0,849.0,50,50
634,887121,2,661.0,589.0,50,50
634,886074,1,826.0,497.0,50,50
634,887214,2,516.0,655.0,50,50
634,887464,1,790.0,508.0,50,50
634,887388,2,403.0,845.0,50,50
635,887121,2,657.0,592.0,50,50
635,886074,1,824.0,498.0,50,50
635,887214,2,512.0,658.0,50,50
635,887464,1,788.0,509.0,50,50
635,887388,2,408.0,841.0,50,50
636,887121,2,653.0,595.0,50,50
636,886074,1,821.0,500.0,50,50
636,887214,2,508.0,660.0,50,50
636,887464,1,784.0,510.0,50,50
637,887121,2,649.0,598.0,50,50
637,886074,1,819.0,502.0,50,50
637,887214,2,504.0,662.0,50,50
637,887464,1,781.0,512.0,50,50
638,887121,2,644.0,600.0,50,50
638,886074,1,816.0,504.0,50,50
638,887214,2,500.0,664.0,50,50
638,887700,0,664.0,716.0,50,50
639,887121,2,639.0,603.0,50,50
639,886074,1,813.0,506.0,50,50
639,887214,2,497.0,666.0,50,50
639,887700,0,664.0,716.0,50,50
639,887182,1,873.0,451.0,50,50
639,887388,2,433.0,826.0,50,50
640,887121,1,635.0,606.0,50,50
640,886074,1,810.0,508.0,50,50
640,887214,2,493.0,668.0,50,50
640,887712,1,123.0,892.0,50,50
640,887182,1,871.0,453.0,50,50
640,887388,2,439.0,822.0,50,50
641,887121,1,630.0,609.0,50,50
641,886074,1,807.0,510.0,50,50
641,887214,2,488.0,671.0,50,50
641,887182,1,869.0,454.0,50,50
641,887388,2,443.0,819.0,50,50
641,884876,1,941.0,478.0,50,50
642,887121,1,626.0,612.0,50,50
642,886074,1,804.0,512.0,50,50
642,887182,1,867.0,455.0,50,50
642,884876,1,943.0,477.0,50,50
642,886361,2,855.0,514.0,50,50
642,887464,2,767.0,522.0,50,50
642,887712,1,104.0,901.0,50,50
643,887121,1,621.0,614.0,50,50
643,886074,1,801.0,514.0,50,50
643,887182,1,865.0,456.0,50,50
643,886361,2,856.0,513.0,50,50
643,887464,2,764.0,524.0,50,50
643,887712,1,94.0,906.0,50,50
644,887121,2,617.0,616.0,50,50
644,886074,1,798.0,516.0,50,50
644,887182,-1,863.0,457.0,50,50
644,886361,2,858.0,511.0,50,50
644,887464,2,761.0,526.0,50,50
644,887712,1,83.0,912.0,50,50
644,887214,2,475.0,677.0,50,50
644,884876,1,946.0,475.0,50,50
645,887121,2,612.0,618.0,50,50
645,886074,1,795.0,518.0,50,50
645,887464,2,759.0,528.0,50,50
645,887712,1,72.0,917.0,50,50
645,887214,2,471.0,679.0,50,50
646,887121,1,607.0,621.0,50,50
646,886074,1,792.0,519.0,50,50
646,887464,2,756.0,530.0,50,50
646,887712,1,62.0,923.0,50,50
646,887214,2,467.0,682.0,50,50
646,887388,2,473.0,801.0,50,50
647,887121,2,602.0,624.0,50,50
647,886074,1,789.0,521.0,50,50
647,887464,2,753.0,532.0,50,50
647,887712,1,53.0,928.0,50,50
647,887214,2,463.0,684.0,50,50
647,887762,2,1188.0,216.0,50,50
647,887388,2,477.0,798.0,50,50
648,887121,1,597.0,627.0,50,50
648,886074,1,786.0,523.0,50,50
648,887464,2,748.0,534.0,50,50
648,887712,1,43.0,934.0,50,50
648,887214,2,459.0,686.0,50,50
648,887762,2,1188.0,216.0,50,50
648,887388,2,483.0,795.0,50,50
648,887771,2,865.0,505.0,50,50
648,884876,1,952.0,470.0,50,50
649,887121,2,593.0,630.0,50,50
649,886074,1,783.0,525.0,50,50
649,887464,2,745.0,535.0,50,50
649,887712,1,33.0,939.0,50,50
649,887214,2,455.0,688.0,50,50
649,887762,2,1188.0,217.0,50,50
649,887388,-1,488.0,791.0,50,50
649,887771,2,867.0,503.0,50,50
649,884876,1,954.0,469.0,50,50
649,887182,2,854.0,463.0,50,50
650,887121,2,588.0,632.0,50,50
650,886074,1,780.0,527.0,50,50
650,887464,-1,741.0,537.0,50,50
650,887712,1,25.0,944.0,50,50
650,887214,2,449.0,691.0,50,50
650,887762,2,1189.0,217.0,50,50
650,887388,2,494.0,788.0,50,50
650,887771,2,869.0,501.0,50,50
650,887182,2,852.0,465.0,50,50
651,887121,2,583.0,636.0,50,50
651,886074,1,777.0,529.0,50,50
651,887214,2,445.0,693.0,50,50
651,887762,2,1190.0,217.0,50,50
651,887388,2,499.0,784.0,50,50
651,887771,2,871.0,500.0,50,50
651,887182,2,850.0,466.0,50,50
652,887121,1,578.0,639.0,50,50
652,886074,1,774.0,531.0,50,50
652,887214,2,440.0,696.0,50,50
652,887762,2,1190.0,217.0,50,50
652,887771,2,874.0,498.0,50,50
652,887182,1,849.0,468.0,50,50
652,887464,2,735.0,541.0,50,50
653,887121,1,573.0,642.0,50,50
653,886074,1,770.0,533.0,50,50
653,887214,2,436.0,699.0,50,50
653,887762,2,1190.0,217.0,50,50
653,887182,1,847.0,469.0,50,50
653,887464,2,731.0,543.0,50,50
654,887121,1,568.0,645.0,50,50
654,886074,1,767.0,535.0,50,50
654,887214,2,431.0,701.0,50,50
654,887762,2,1191.0,217.0,50,50
654,887182,1,844.0,471.0,50,50
654,887464,2,729.0,545.0,50,50
655,887121,2,563.0,648.0,50,50
655,886074,1,764.0,537.0,50,50
655,887214,2,427.0,704.0,50,50
655,887762,2,1191.0,217.0,50,50
655,887182,1,841.0,472.0,50,50
655,887464,2,726.0,547.0,50,50
655,887388,2,523.0,770.0,50,50
656,887121,1,558.0,651.0,50,50
656,886074,1,760.0,539.0,50,50
656,887214,2,423.0,707.0,50,50
656,887762,2,1192.0,217.0,50,50
656,887182,1,839.0,473.0,50,50
656,887464,2,723.0,549.0,50,50
656,887836,1,37.0,1037.0,50,50
656,887388,2,527.0,767.0,50,50
657,887121,1,554.0,653.0,50,50
657,886074,1,757.0,541.0,50,50
657,887214,2,418.0,709.0,50,50
657,887182,1,837.0,474.0,50,50
657,887464,2,720.0,551.0,50,50
657,887836,1,48.0,1030.0,50,50
657,887388,2,531.0,764.0,50,50
658,887121,1,548.0,656.0,50,50
658,886074,1,754.0,543.0,50,50
658,887214,2,414.0,711.0,50,50
658,887182,-1,834.0,475.0,50,50
658,887464,2,717.0,553.0,50,50
658,887836,1,58.0,1024.0,50,50
658,887388,2,535.0,761.0,50,50
658,884876,2,963.0,462.0,50,50
659,887121,2,543.0,659.0,50,50
659,886074,1,751.0,546.0,50,50
659,887214,2,409.0,714.0,50,50
659,887182,-1,832.0,477.0,50,50
659,887464,2,714.0,555.0,50,50
659,887836,1,71.0,1016.0,50,50
659,887388,2,542.0,758.0,50,50
659,887860,2,719.0,533.0,50,50
659,884876,2,964.0,462.0,50,50
660,887121,2,538.0,662.0,50,50
660,886074,1,747.0,548.0,50,50
660,887214,2,404.0,717.0,50,50
660,887182,1,830.0,478.0,50,50
660,887464,2,710.0,557.0,50,50
660,887836,1,82.0,1010.0,50,50
660,887388,2,546.0,754.0,50,50
660,887860,2,716.0,534.0,50,50
660,884876,2,965.0,461.0,50,50
661,887121,1,533.0,665.0,50,50
661,886074,1,744.0,550.0,50,50
661,887214,2,400.0,719.0,50,50
661,887182,1,828.0,480.0,50,50
661,887464,2,707.0,558.0,50,50
661,887836,1,93.0,1004.0,50,50
661,887860,2,714.0,535.0,50,50
661,884876,2,962.0,459.0,50,50
661,886199,1,959.0,458.0,50,50
662,887121,1,528.0,668.0,50,50
662,886074,1,740.0,553.0,50,50
662,887214,2,395.0,722.0,50,50
662,887182,1,826.0,481.0,50,50
662,887464,2,703.0,560.0,50,50
662,887836,1,105.0,997.0,50,50
662,884876,2,966.0,458.0,50,50
663,887121,1,521.0,672.0,50,50
663,886074,1,737.0,555.0,50,50
663,887214,2,390.0,725.0,50,50
663,887182,1,824.0,482.0,50,50
663,887464,2,700.0,563.0,50,50
663,887836,1,115.0,990.0,50,50
663,887388,2,558.0,745.0,50,50
663,886199,1,961.0,456.0,50,50
664,887121,1,515.0,676.0,50,50
664,886074,2,733.0,557.0,50,50
664,887214,2,385.0,727.0,50,50
664,887182,1,822.0,484.0,50,50
664,887464,2,696.0,565.0,50,50
664,887836,1,125.0,984.0,50,50
664,887388,2,563.0,742.0,50,50
664,886199,1,961.0,455.0,50,50
665,887121,2,510.0,679.0,50,50
665,886074,1,730.0,559.0,50,50
665,887214,2,381.0,730.0,50,50
665,887182,1,820.0,485.0,50,50
665,887464,2,693.0,567.0,50,50
665,887836,1,136.0,978.0,50,50
665,887388,2,568.0,739.0,50,50
665,886199,1,962.0,454.0,50,50
666,887121,2,504.0,682.0,50,50
666,886074,1,726.0,561.0,50,50
666,887214,2,376.0,733.0,50,50
666,887182,2,818.0,487.0,50,50
666,887464,2,689.0,569.0,50,50
666,887836,1,147.0,972.0,50,50
666,887388,2,575.0,736.0,50,50
666,886199,1,963.0,453.0,50,50
667,887121,1,498.0,686.0,50,50
667,886074,1,722.0,563.0,50,50
667,887214,2,370.0,735.0,50,50
667,887182,2,816.0,488.0,50,50
667,887464,2,686.0,571.0,50,50
667,887836,1,157.0,966.0,50,50
667,887388,2,579.0,732.0,50,50
667,886199,1,964.0,453.0,50,50
668,887121,1,492.0,688.0,50,50
668,886074,1,718.0,565.0,50,50
668,887214,2,365.0,738.0,50,50
668,887182,2,814.0,490.0,50,50
668,887464,2,683.0,574.0,50,50
668,887836,1,168.0,960.0,50,50
668,887388,2,584.0,730.0,50,50
668,886199,1,966.0,452.0,50,50
669,887121,2,487.0,691.0,50,50
669,886074,1,715.0,568.0,50,50
669,887214,2,360.0,741.0,50,50
669,887182,2,811.0,491.0,50,50
669,887464,2,679.0,576.0,50,50
669,887836,1,178.0,954.0,50,50
669,887388,2,589.0,727.0,50,50
669,886199,1,967.0,451.0,50,50
670,887121,2,481.0,694.0,50,50
670,886074,1,711.0,570.0,50,50
670,887214,2,355.0,743.0,50,50
670,887182,1,809.0,492.0,50,50
670,887464,2,675.0,578.0,50,50
670,887836,1,187.0,949.0,50,50
670,887388,2,592.0,724.0,50,50
670,886199,1,970.0,450.0,50,50
671,887121,2,474.0,698.0,50,50
671,886074,1,708.0,573.0,50,50
671,887214,2,350.0,746.0,50,50
671,887182,1,806.0,494.0,50,50
671,887464,2,672.0,580.0,50,50
671,887836,1,198.0,943.0,50,50
671,887388,-1,597.0,721.0,50,50
672,887121,1,469.0,702.0,50,50
672,886074,1,704.0,575.0,50,50
672,887214,2,345.0,748.0,50,50
672,887182,1,804.0,495.0,50,50
672,887464,2,668.0,583.0,50,50
672,887836,1,208.0,937.0,50,50
672,884876,1,977.0,448.0,50,50
673,887121,1,463.0,705.0,50,50
673,886074,1,700.0,577.0,50,50
673,887214,2,339.0,751.0,50,50
673,887464,2,665.0,585.0,50,50
673,887836,1,218.0,932.0,50,50
673,884876,1,977.0,447.0,50,50
674,887121,1,457.0,709.0,50,50
674,886074,1,696.0,579.0,50,50
674,887214,2,334.0,754.0,50,50
674,887464,2,660.0,587.0,50,50
674,887836,1,228.0,926.0,50,50
674,884876,1,980.0,446.0,50,50
675,887121,1,449.0,713.0,50,50
675,886074,1,692.0,582.0,50,50
675,887214,2,328.0,757.0,50,50
675,887464,2,657.0,589.0,50,50
675,887836,1,236.0,920.0,50,50
675,884876,1,982.0,445.0,50,50
676,887121,1,444.0,717.0,50,50
676,886074,1,689.0,585.0,50,50
676,887214,2,323.0,760.0,50,50
676,887464,2,653.0,591.0,50,50
676,887836,1,245.0,915.0,50,50
676,884876,1,983.0,444.0,50,50
676,887182,1,795.0,500.0,50,50
677,887121,1,437.0,721.0,50,50
677,886074,1,684.0,587.0,50,50
677,887214,2,318.0,763.0,50,50
677,887464,2,649.0,594.0,50,50
677,887836,1,254.0,909.0,50,50
677,884876,1,985.0,443.0,50,50
677,887388,2,622.0,704.0,50,50
678,887121,2,431.0,723.0,50,50
678,886074,1,680.0,590.0,50,50
678,887214,2,312.0,765.0,50,50
678,887464,1,645.0,596.0,50,50
678,887836,1,262.0,904.0,50,50
678,884876,1,987.0,442.0,50,50
679,887121,1,425.0,727.0,50,50
679,886074,1,677.0,592.0,50,50
679,887214,2,307.0,768.0,50,50
679,887836,1,272.0,899.0,50,50
679,884876,1,988.0,441.0,50,50
679,888026,2,669.0,563.0,50,50
679,887182,1,788.0,505.0,50,50
680,887121,1,418.0,731.0,50,50
680,886074,1,673.0,594.0,50,50
680,887836,1,280.0,893.0,50,50
680,888026,2,666.0,565.0,50,50
680,887182,1,785.0,507.0,50,50
680,887464,2,637.0,601.0,50,50
681,887121,1,412.0,734.0,50,50
681,886074,1,668.0,597.0,50,50
681,887836,1,290.0,888.0,50,50
681,888026,2,663.0,566.0,50,50
681,887464,1,634.0,604.0,50,50
681,884876,1,989.0,440.0,50,50
682,887121,1,404.0,738.0,50,50
682,886074,1,664.0,599.0,50,50
682,887836,1,298.0,883.0,50,50
682,888026,2,660.0,567.0,50,50
682,887464,1,628.0,606.0,50,50
682,887182,2,780.0,509.0,50,50
683,887121,1,397.0,742.0,50,50
683,886074,1,660.0,602.0,50,50
683,887836,1,307.0,878.0,50,50
683,887464,1,624.0,608.0,50,50
683,887182,1,777.0,511.0,50,50
684,887121,1,390.0,746.0,50,50
684,886074,1,656.0,605.0,50,50
684,887836,1,315.0,873.0,50,50
684,887464,1,621.0,611.0,50,50
685,887121,1,383.0,750.0,50,50
685,886074,1,651.0,607.0,50,50
685,887836,1,323.0,868.0,50,50
685,887464,1,617.0,613.0,50,50
685,887388,2,656.0,682.0,50,50
685,887182,1,781.0,513.0,50,50
686,887121,-1,376.0,755.0,50,50
686,886074,1,647.0,610.0,50,50
686,887836,1,330.0,863.0,50,50
686,887182,1,780.0,514.0,50,50
687,887121,1,369.0,759.0,50,50
687,886074,1,643.0,612.0,50,50
687,887836,1,337.0,859.0,50,50
687,887182,-1,778.0,516.0,50,50
687,884876,1,994.0,434.0,50,50
688,887121,1,361.0,762.0,50,50
688,886074,1,638.0,615.0,50,50
688,887836,1,346.0,854.0,50,50
688,887182,2,769.0,519.0,50,50
688,884876,1,996.0,433.0,50,50
688,887388,2,666.0,674.0,50,50
689,887121,1,354.0,766.0,50,50
689,886074,1,634.0,618.0,50,50
689,887836,1,354.0,850.0,50,50
689,884876,1,997.0,432.0,50,50
689,887388,2,669.0,672.0,50,50
689,887464,1,600.0,624.0,50,50
690,887121,1,347.0,770.0,50,50
690,886074,1,630.0,621.0,50,50
690,887836,1,362.0,845.0,50,50
690,884876,1,998.0,431.0,50,50
690,887388,2,674.0,669.0,50,50
690,887464,1,595.0,627.0,50,50
691,887121,1,339.0,774.0,50,50
691,886074,1,626.0,624.0,50,50
691,887836,1,369.0,840.0,50,50
691,887388,2,678.0,666.0,50,50
691,887464,1,591.0,628.0,50,50
691,888026,2,635.0,582.0,50,50
692,887121,1,331.0,779.0,50,50
692,886074,1,621.0,626.0,50,50
692,887836,1,376.0,836.0,50,50
692,887388,2,681.0,664.0,50,50
692,887464,1,587.0,631.0,50,50
692,888026,2,632.0,584.0,50,50
693,887121,1,324.0,783.0,50,50
693,886074,1,615.0,629.0,50,50
693,887836,1,382.0,831.0,50,50
693,887388,2,685.0,662.0,50,50
693,887464,2,583.0,634.0,50,50
694,887121,1,316.0,787.0,50,50
694,886074,1,611.0,632.0,50,50
694,887836,1,390.0,827.0,50,50
694,887388,2,689.0,659.0,50,50
694,887464,2,579.0,637.0,50,50
695,887121,1,308.0,791.0,50,50
695,886074,1,606.0,635.0,50,50
695,887836,1,398.0,824.0,50,50
695,887388,2,693.0,657.0,50,50
695,887464,1,574.0,640.0,50,50
695,888116,1,43.0,1030.0,50,50
695,888026,2,623.0,590.0,50,50
696,887121,1,300.0,795.0,50,50
696,886074,1,602.0,638.0,50,50
696,887836,1,405.0,819.0,50,50
696,887388,2,697.0,655.0,50,50
696,888116,1,52.0,1024.0,50,50
697,887121,1,293.0,800.0,50,50
697,886074,1,597.0,641.0,50,50
697,887836,1,411.0,815.0,50,50
697,887388,2,701.0,652.0,50,50
697,887182,1,749.0,533.0,50,50
697,887464,1,564.0,645.0,50,50
698,886074,1,592.0,644.0,50,50
698,887836,1,419.0,811.0,50,50
698,887388,2,704.0,650.0,50,50
698,887182,1,747.0,534.0,50,50
698,887464,1,559.0,648.0,50,50
699,886074,1,587.0,647.0,50,50
699,887836,1,426.0,807.0,50,50
699,887388,2,706.0,648.0,50,50
699,887182,1,745.0,536.0,50,50
699,887464,1,554.0,651.0,50,50
700,886074,1,582.0,650.0,50,50
700,887836,1,433.0,803.0,50,50
700,887388,2,709.0,646.0,50,50
700,887182,1,743.0,538.0,50,50
700,887464,-1,550.0,653.0,50,50
700,887121,1,267.0,813.0,50,50
701,886074,1,576.0,653.0,50,50
701,887836,1,440.0,799.0,50,50
701,887388,2,711.0,643.0,50,50
701,887182,1,741.0,539.0,50,50
701,887464,1,544.0,656.0,50,50
701,887121,-1,260.0,818.0,50,50
702,886074,1,571.0,656.0,50,50
702,887836,1,446.0,795.0,50,50
702,887388,2,714.0,641.0,50,50
702,887182,1,737.0,541.0,50,50
702,887464,1,539.0,659.0,50,50
703,886074,1,566.0,659.0,50,50
703,887836,1,453.0,790.0,50,50
703,887388,2,717.0,639.0,50,50
703,887182,-1,734.0,544.0,50,50
703,887464,1,534.0,662.0,50,50
703,888169,1,126.0,982.0,50,50
703,887121,1,241.0,828.0,50,50
704,886074,1,561.0,663.0,50,50
704,887836,1,459.0,786.0,50,50
704,887388,2,721.0,636.0,50,50
704,887182,1,729.0,546.0,50,50
704,888169,1,137.0,976.0,50,50
704,887121,1,232.0,833.0,50,50
705,886074,1,555.0,666.0,50,50
705,887836,1,466.0,782.0,50,50
705,887388,2,724.0,634.0,50,50
705,887182,1,726.0,548.0,50,50
705,888169,1,149.0,970.0,50,50
705,887121,1,224.0,839.0,50,50
705,887464,1,525.0,668.0,50,50
706,886074,1,550.0,669.0,50,50
706,887836,1,472.0,778.0,50,50
706,887182,1,723.0,550.0,50,50
706,888169,1,160.0,963.0,50,50
706,887121,1,212.0,843.0,50,50
706,887464,1,520.0,671.0,50,50
707,886074,1,545.0,672.0,50,50
707,887836,1,479.0,774.0,50,50
707,887182,1,720.0,552.0,50,50
707,888169,1,172.0,957.0,50,50
707,887121,1,205.0,848.0,50,50
707,887464,1,514.0,674.0,50,50
708,886074,1,539.0,676.0,50,50
708,887836,1,485.0,770.0,50,50
708,887182,1,717.0,554.0,50,50
708,887121,1,196.0,852.0,50,50
708,887464,1,509.0,677.0,50,50
709,886074,1,533.0,679.0,50,50
709,887836,1,492.0,766.0,50,50
709,887182,1,715.0,557.0,50,50
709,887121,1,185.0,858.0,50,50
709,887464,1,503.0,679.0,50,50
709,887388,2,738.0,624.0,50,50
709,888169,1,191.0,946.0,50,50
710,886074,1,528.0,683.0,50,50
710,887836,1,497.0,763.0,50,50
710,887182,1,713.0,559.0,50,50
710,887121,1,176.0,863.0,50,50
710,887464,1,498.0,682.0,50,50
710,888218,1,114.0,869.0,50,50
710,887388,2,742.0,622.0,50,50
711,886074,1,521.0,686.0,50,50
711,887836,1,503.0,759.0,50,50
711,887182,1,710.0,561.0,50,50
711,887121,1,167.0,868.0,50,50
711,887464,1,493.0,685.0,50,50
711,888218,1,107.0,873.0,50,50
712,886074,1,515.0,689.0,50,50
712,887836,1,510.0,755.0,50,50
712,887182,1,708.0,562.0,50,50
712,887121,1,157.0,873.0,50,50
712,887464,1,488.0,688.0,50,50
712,888218,1,100.0,877.0,50,50
712,888233,2,14.0,1027.0,50,50
712,888169,1,220.0,928.0,50,50
713,886074,1,509.0,692.0,50,50
713,887836,1,516.0,751.0,50,50
713,887182,1,705.0,564.0,50,50
713,887121,1,147.0,878.0,50,50
713,887464,1,482.0,691.0,50,50
713,888218,1,92.0,882.0,50,50
713,888233,2,19.0,1021.0,50,50
713,888169,1,231.0,922.0,50,50
714,886074,1,503.0,696.0,50,50
714,887836,1,522.0,747.0,50,50
714,887182,1,702.0,567.0,50,50
714,887121,1,138.0,884.0,50,50
714,887464,1,477.0,694.0,50,50
714,888218,1,85.0,885.0,50,50
714,888233,2,25.0,1015.0,50,50
714,888169,1,239.0,918.0,50,50
714,887388,2,754.0,613.0,50,50
715,886074,1,498.0,700.0,50,50
715,887836,1,527.0,743.0,50,50
715,887182,2,698.0,569.0,50,50
715,887121,1,128.0,889.0,50,50
715,887464,1,471.0,699.0,50,50
715,888218,1,77.0,889.0,50,50
715,888233,2,35.0,1009.0,50,50
715,888169,1,249.0,912.0,50,50
715,887388,2,757.0,612.0,50,50
716,886074,1,492.0,703.0,50,50
716,887836,1,533.0,740.0,50,50
716,887182,2,694.0,571.0,50,50
716,887121,1,117.0,895.0,50,50
716,887464,1,466.0,701.0,50,50
716,888218,1,69.0,893.0,50,50
716,888233,2,46.0,1002.0,50,50
716,888169,1,257.0,907.0,50,50
716,887388,2,760.0,610.0,50,50
717,886074,1,486.0,707.0,50,50
717,887836,1,539.0,736.0,50,50
717,887182,2,691.0,573.0,50,50
717,887121,1,106.0,900.0,50,50
717,887464,1,460.0,704.0,50,50
717,888218,1,62.0,897.0,50,50
717,888233,1,59.0,995.0,50,50
717,888169,1,266.0,901.0,50,50
717,887388,2,762.0,608.0,50,50
718,886074,1,480.0,710.0,50,50
718,887836,1,545.0,732.0,50,50
718,887182,2,687.0,575.0,50,50
718,887121,1,96.0,907.0,50,50
718,887464,1,456.0,707.0,50,50
718,888218,1,55.0,900.0,50,50
718,888233,1,71.0,990.0,50,50
718,888169,1,275.0,896.0,50,50
718,887388,2,765.0,606.0,50,50
718,888289,2,25.0,1044.0,50,50
719,886074,1,474.0,714.0,50,50
719,887836,2,550.0,729.0,50,50
719,887182,2,684.0,577.0,50,50
719,887121,1,84.0,913.0,50,50
719,887464,1,450.0,710.0,50,50
719,888218,1,47.0,905.0,50,50
719,888233,1,83.0,982.0,50,50
719,888169,1,284.0,890.0,50,50
719,887388,2,768.0,604.0,50,50
719,888289,1,30.0,1038.0,50,50
720,886074,1,467.0,718.0,50,50
720,887836,2,556.0,726.0,50,50
720,887182,2,680.0,580.0,50,50
720,887121,1,73.0,919.0,50,50
720,887464,1,444.0,714.0,50,50
720,888218,1,40.0,910.0,50,50
720,888233,1,96.0,976.0,50,50
720,887388,2,771.0,602.0,50,50
720,888289,1,40.0,1031.0,50,50
721,886074,1,460.0,721.0,50,50
721,887836,1,560.0,722.0,50,50
721,887182,2,678.0,582.0,50,50
721,887121,1,63.0,925.0,50,50
721,887464,1,439.0,717.0,50,50
721,888218,1,32.0,914.0,50,50
721,888233,1,108.0,968.0,50,50
721,887388,2,773.0,599.0,50,50
721,888289,1,50.0,1025.0,50,50
721,888026,1,537.0,638.0,50,50
722,886074,1,453.0,725.0,50,50
722,887836,2,566.0,719.0,50,50
722,887182,2,675.0,584.0,50,50
722,887121,1,53.0,930.0,50,50
722,887464,1,434.0,721.0,50,50
722,888218,1,25.0,918.0,50,50
722,888233,1,120.0,962.0,50,50
722,887388,2,776.0,597.0,50,50
722,888289,1,61.0,1019.0,50,50
722,888026,1,533.0,640.0,50,50
722,888169,1,309.0,876.0,50,50
723,886074,1,447.0,729.0,50,50
723,887836,1,571.0,716.0,50,50
723,887182,2,671.0,586.0,50,50
723,887121,1,41.0,937.0,50,50
723,887464,1,429.0,724.0,50,50
723,888218,1,22.0,922.0,50,50
723,888233,1,130.0,956.0,50,50
723,887388,2,779.0,596.0,50,50
723,888289,1,71.0,1013.0,50,50
724,886074,1,440.0,733.0,50,50
724,887836,1,577.0,712.0,50,50
724,887182,2,667.0,588.0,50,50
724,887121,1,31.0,942.0,50,50
724,888218,1,18.0,925.0,50,50
724,888233,1,141.0,949.0,50,50
724,887388,2,783.0,594.0,50,50
724,888289,1,81.0,1008.0,50,50
724,888169,1,326.0,866.0,50,50
725,886074,1,433.0,736.0,50,50
725,887836,2,583.0,709.0,50,50
725,887182,2,664.0,589.0,50,50
725,887121,1,24.0,948.0,50,50
725,888218,1,14.0,929.0,50,50
725,888233,1,154.0,943.0,50,50
725,887388,2,785.0,592.0,50,50
725,888289,1,90.0,1001.0,50,50
725,888169,1,333.0,862.0,50,50
725,888026,1,522.0,647.0,50,50
726,886074,1,427.0,739.0,50,50
726,887836,2,588.0,705.0,50,50
726,887182,2,659.0,591.0,50,50
726,887121,1,18.0,954.0,50,50
726,888218,1,10.0,931.0,50,50
726,888233,1,164.0,937.0,50,50
726,887388,2,787.0,590.0,50,50
726,888289,2,101.0,995.0,50,50
726,888169,1,342.0,858.0,50,50
726,888026,1,518.0,649.0,50,50
727,886074,1,420.0,743.0,50,50
727,887836,1,593.0,702.0,50,50
727,887182,2,656.0,594.0,50,50
727,887121,1,12.0,960.0,50,50
727,888218,-1,6.0,930.0,50,50
727,888233,1,176.0,931.0,50,50
727,887388,2,789.0,588.0,50,50
727,888289,1,113.0,990.0,50,50
727,888169,1,350.0,853.0,50,50
727,888026,1,514.0,651.0,50,50
727,887464,1,404.0,737.0,50,50
728,886074,1,413.0,747.0,50,50
728,887836,2,597.0,699.0,50,50
728,887182,2,652.0,596.0,50,50
728,887121,1,6.0,965.0,50,50
728,888233,1,186.0,925.0,50,50
728,887388,2,792.0,586.0,50,50
728,888289,1,122.0,984.0,50,50
728,888169,1,356.0,848.0,50,50
728,888026,1,510.0,654.0,50,50
729,886074,1,406.0,751.0,50,50
729,887836,2,602.0,696.0,50,50
729,887182,2,649.0,598.0,50,50
729,888233,1,196.0,919.0,50,50
729,887388,2,794.0,584.0,50,50
729,888289,1,131.0,979.0,50,50
729,888169,1,364.0,844.0,50,50
729,888026,1,506.0,656.0,50,50
730,886074,1,399.0,755.0,50,50
730,887836,1,608.0,692.0,50,50
730,887182,2,646.0,601.0,50,50
730,888233,1,207.0,913.0,50,50
730,887388,2,797.0,583.0,50,50
730,888289,1,142.0,974.0,50,50
730,888169,1,372.0,839.0,50,50
730,888026,1,502.0,658.0,50,50
731,886074,1,392.0,760.0,50,50
731,887836,1,613.0,689.0,50,50
731,887182,2,643.0,603.0,50,50
731,888233,1,216.0,908.0,50,50
731,887388,2,800.0,581.0,50,50
731,888289,1,151.0,968.0,50,50
731,888169,1,379.0,835.0,50,50
731,888026,2,499.0,660.0,50,50
732,886074,1,384.0,764.0,50,50
732,887836,1,618.0,686.0,50,50
732,887182,2,639.0,606.0,50,50
732,888233,1,227.0,902.0,50,50
732,888289,1,160.0,963.0,50,50
732,888169,1,386.0,831.0,50,50
733,886074,1,377.0,768.0,50,50
733,887836,1,622.0,683.0,50,50
733,887182,2,635.0,608.0,50,50
733,888233,1,238.0,896.0,50,50
733,888289,1,170.0,957.0,50,50
733,888169,1,393.0,826.0,50,50
733,888026,2,490.0,664.0,50,50
734,886074,1,370.0,772.0,50,50
734,887836,1,626.0,680.0,50,50
734,887182,2,632.0,611.0,50,50
734,888233,1,247.0,891.0,50,50
734,888289,1,179.0,952.0,50,50
734,888169,1,400.0,822.0,50,50
734,888026,2,486.0,667.0,50,50
734,887464,1,361.0,762.0,50,50
735,886074,1,362.0,776.0,50,50
735,887836,2,631.0,677.0,50,50
735,887182,2,627.0,614.0,50,50
735,888233,1,256.0,885.0,50,50
735,888289,1,186.0,947.0,50,50
735,888169,1,408.0,818.0,50,50
735,888026,-1,482.0,669.0,50,50
735,887464,1,353.0,766.0,50,50
736,886074,1,355.0,781.0,50,50
736,887836,1,636.0,674.0,50,50
736,887182,2,623.0,617.0,50,50
736,888233,1,265.0,879.0,50,50
736,888289,1,195.0,942.0,50,50
736,888169,2,415.0,813.0,50,50
736,887464,1,347.0,769.0,50,50
737,886074,1,347.0,785.0,50,50
737,887836,2,639.0,671.0,50,50
737,887182,2,619.0,619.0,50,50
737,888233,1,276.0,874.0,50,50
737,888289,1,204.0,937.0,50,50
737,888169,1,423.0,809.0,50,50
737,887464,1,341.0,774.0,50,50
737,888471,2,1188.0,216.0,50,50
738,886074,1,338.0,788.0,50,50
738,887836,2,644.0,667.0,50,50
738,887182,2,615.0,621.0,50,50
738,888233,1,286.0,869.0,50,50
738,888289,1,213.0,932.0,50,50
738,888169,1,431.0,805.0,50,50
738,888471,2,1188.0,216.0,50,50
739,886074,1,331.0,794.0,50,50
739,887836,2,649.0,664.0,50,50
739,887182,2,611.0,623.0,50,50
739,888233,1,295.0,863.0,50,50
739,888289,1,222.0,927.0,50,50
739,888169,1,436.0,801.0,50,50
739,888471,2,1189.0,216.0,50,50
739,888026,1,467.0,678.0,50,50
740,886074,1,324.0,799.0,50,50
740,887836,2,653.0,661.0,50,50
740,887182,2,607.0,627.0,50,50
740,888233,1,306.0,858.0,50,50
740,888289,1,230.0,922.0,50,50
740,888169,1,443.0,798.0,50,50
740,888471,2,1189.0,216.0,50,50
740,888026,1,462.0,681.0,50,50
740,887464,1,320.0,785.0,50,50
741,886074,1,316.0,804.0,50,50
741,887836,2,657.0,660.0,50,50
741,887182,2,603.0,630.0,50,50
741,888233,1,315.0,853.0,50,50
741,888289,1,239.0,918.0,50,50
741,888169,1,450.0,794.0,50,50
741,888471,2,1188.0,216.0,50,50
741,888026,1,458.0,684.0,50,50
741,887464,1,312.0,789.0,50,50
742,886074,1,307.0,806.0,50,50
742,887836,2,661.0,657.0,50,50
742,887182,2,598.0,632.0,50,50
742,888233,1,323.0,848.0,50,50
742,888289,1,246.0,913.0,50,50
742,888169,1,457.0,790.0,50,50
742,888471,2,1188.0,216.0,50,50
742,888026,1,454.0,686.0,50,50
742,887388,2,830.0,560.0,50,50
743,886074,1,299.0,810.0,50,50
743,887836,2,666.0,654.0,50,50
743,887182,2,594.0,634.0,50,50
743,888233,1,331.0,843.0,50,50
743,888289,1,254.0,907.0,50,50
743,888471,2,1187.0,216.0,50,50
743,888026,1,449.0,687.0,50,50
743,887388,2,832.0,559.0,50,50
744,886074,1,291.0,812.0,50,50
744,887836,2,670.0,652.0,50,50
744,887182,2,590.0,636.0,50,50
744,888233,1,339.0,837.0,50,50
744,888289,1,264.0,902.0,50,50
744,888471,-1,1187.0,216.0,50,50
744,888026,2,445.0,690.0,50,50
744,887388,0,834.0,557.0,50,50
745,886074,1,284.0,819.0,50,50
745,887836,2,675.0,649.0,50,50
745,887182,2,586.0,639.0,50,50
745,888233,1,347.0,832.0,50,50
745,888289,1,271.0,897.0,50,50
745,888471,2,1186.0,216.0,50,50
746,886074,1,276.0,825.0,50,50
746,887836,2,679.0,647.0,50,50
746,887182,2,582.0,641.0,50,50
746,888233,1,358.0,828.0,50,50
746,888289,1,279.0,892.0,50,50
746,888471,2,1185.0,216.0,50,50
746,888026,1,436.0,695.0,50,50
747,886074,1,268.0,829.0,50,50
747,887836,2,683.0,644.0,50,50
747,887182,2,577.0,644.0,50,50
747,888233,1,365.0,823.0,50,50
747,888289,1,286.0,889.0,50,50
747,888471,2,1185.0,216.0,50,50
747,888026,-1,432.0,698.0,50,50
747,888169,2,488.0,769.0,50,50
748,886074,-1,259.0,833.0,50,50
748,887836,2,686.0,641.0,50,50
748,887182,2,572.0,647.0,50,50
748,888233,1,373.0,818.0,50,50
748,888289,1,294.0,884.0,50,50
748,888471,2,1185.0,216.0,50,50
748,888026,1,428.0,700.0,50,50
748,888169,1,494.0,766.0,50,50
749,886074,1,250.0,840.0,50,50
749,887836,2,691.0,638.0,50,50
749,887182,2,568.0,650.0,50,50
749,888233,1,381.0,813.0,50,50
749,888289,1,304.0,879.0,50,50
749,888471,2,1185.0,216.0,50,50
749,888169,2,500.0,763.0,50,50
749,887388,0,847.0,548.0,50,50
750,886074,1,241.0,846.0,50,50
750,887836,2,695.0,635.0,50,50
750,887182,2,563.0,652.0,50,50
750,888233,1,390.0,809.0,50,50
750,888289,2,311.0,875.0,50,50
750,888471,2,1185.0,216.0,50,50
750,888169,1,506.0,759.0,50,50
751,886074,1,232.0,851.0,50,50
751,887836,2,699.0,632.0,50,50
751,887182,2,559.0,655.0,50,50
751,888233,1,398.0,805.0,50,50
751,888289,2,319.0,871.0,50,50
751,888471,2,1185.0,216.0,50,50
751,888169,2,511.0,755.0,50,50
751,888588,1,1055.0,387.0,50,50
751,888589,2,510.0,756.0,50,50
751,888026,2,414.0,707.0,50,50
752,886074,1,224.0,856.0,50,50
752,887836,2,703.0,629.0,50,50
752,887182,2,555.0,656.0,50,50
752,888233,1,406.0,800.0,50,50
752,888289,1,326.0,866.0,50,50
752,888471,2,1185.0,216.0,50,50
752,888169,2,518.0,752.0,50,50
752,888588,1,1056.0,386.0,50,50
752,888589,1,517.0,752.0,50,50
752,888026,2,410.0,710.0,50,50
753,886074,1,214.0,861.0,50,50
753,887836,2,707.0,626.0,50,50
753,888233,1,414.0,795.0,50,50
753,888289,1,332.0,862.0,50,50
753,888471,2,1185.0,216.0,50,50
753,888169,-1,525.0,747.0,50,50
753,888588,1,1058.0,385.0,50,50
753,888026,2,405.0,713.0,50,50
754,886074,1,203.0,866.0,50,50
754,887836,2,711.0,624.0,50,50
754,888233,1,421.0,791.0,50,50
754,888289,2,340.0,858.0,50,50
754,888471,2,1185.0,216.0,50,50
754,888588,1,1059.0,385.0,50,50
755,886074,1,194.0,872.0,50,50
755,887836,2,715.0,622.0,50,50
755,888233,1,429.0,786.0,50,50
755,888289,1,348.0,854.0,50,50
755,888471,2,1185.0,216.0,50,50
755,888588,1,1060.0,384.0,50,50
755,887388,2,859.0,538.0,50,50
756,886074,1,185.0,877.0,50,50
756,887836,2,718.0,619.0,50,50
756,888233,1,435.0,781.0,50,50
756,888289,1,356.0,850.0,50,50
756,888471,2,1185.0,216.0,50,50
756,888588,1,1062.0,383.0,50,50
756,887388,-1,861.0,536.0,50,50
757,886074,1,176.0,882.0,50,50
757,887836,2,722.0,617.0,50,50
757,888233,1,442.0,777.0,50,50
757,888289,2,362.0,846.0,50,50
757,888471,2,1185.0,216.0,50,50
757,888588,1,1063.0,383.0,50,50
757,887388,0,864.0,534.0,50,50
757,888640,2,836.0,475.0,50,50
758,886074,1,166.0,889.0,50,50
758,887836,2,727.0,615.0,50,50
758,888233,1,450.0,772.0,50,50
758,888289,2,369.0,841.0,50,50
758,888471,2,1184.0,216.0,50,50
758,888588,1,1064.0,382.0,50,50
758,888640,2,833.0,476.0,50,50
758,888169,1,551.0,729.0,50,50
759,886074,1,155.0,894.0,50,50
759,887836,2,730.0,612.0,50,50
759,888233,1,457.0,769.0,50,50
759,888289,2,375.0,837.0,50,50
759,888471,2,1184.0,216.0,50,50
759,888588,1,1065.0,382.0,50,50
759,888640,2,830.0,478.0,50,50
759,888169,1,556.0,725.0,50,50
760,886074,1,146.0,900.0,50,50
760,887836,2,734.0,609.0,50,50
760,888233,1,464.0,764.0,50,50
760,888289,1,381.0,834.0,50,50
760,888471,2,1184.0,216.0,50,50
760,888588,-1,1065.0,381.0,50,50
760,888169,1,562.0,722.0,50,50
760,887464,1,166.0,869.0,50,50
760,887388,2,871.0,529.0,50,50
761,886074,1,136.0,905.0,50,50
761,887836,2,738.0,607.0,50,50
761,888233,1,470.0,760.0,50,50
761,888289,1,387.0,830.0,50,50
761,888471,2,1184.0,216.0,50,50
761,888169,1,567.0,719.0,50,50
761,887464,1,157.0,874.0,50,50
761,888026,1,367.0,733.0,50,50
762,886074,1,125.0,911.0,50,50
762,887836,2,741.0,604.0,50,50
762,888233,1,479.0,756.0,50,50
762,888289,2,394.0,825.0,50,50
762,888471,2,1184.0,216.0,50,50
762,888169,1,573.0,716.0,50,50
762,887464,-1,149.0,878.0,50,50
762,888690,1,79.0,1014.0,50,50
762,887388,2,875.0,526.0,50,50
763,886074,1,114.0,917.0,50,50
763,887836,2,745.0,601.0,50,50
763,888233,1,486.0,751.0,50,50
763,888289,2,400.0,822.0,50,50
763,888471,2,1184.0,216.0,50,50
763,887464,1,139.0,883.0,50,50
763,887388,2,877.0,525.0,50,50
763,888026,2,356.0,738.0,50,50
764,886074,1,102.0,924.0,50,50
764,887836,2,748.0,599.0,50,50
764,888233,1,492.0,746.0,50,50
764,888289,2,407.0,818.0,50,50
764,888471,2,1184.0,216.0,50,50
764,887464,1,131.0,887.0,50,50
764,887388,2,879.0,523.0,50,50
765,886074,1,91.0,930.0,50,50
765,887836,2,752.0,597.0,50,50
765,888233,1,499.0,743.0,50,50
765,888289,2,414.0,813.0,50,50
765,888471,2,1183.0,216.0,50,50
765,887464,1,122.0,892.0,50,50
765,888715,1,109.0,997.0,50,50
765,888026,1,346.0,744.0,50,50
766,886074,1,81.0,936.0,50,50
766,887836,2,755.0,595.0,50,50
766,888233,1,506.0,739.0,50,50
766,888289,2,420.0,809.0,50,50
766,888471,2,1183.0,216.0,50,50
766,887464,1,112.0,897.0,50,50
766,888715,1,119.0,991.0,50,50
767,886074,1,69.0,942.0,50,50
767,887836,2,759.0,592.0,50,50
767,888233,1,513.0,735.0,50,50
767,888289,2,428.0,806.0,50,50
767,888471,2,1183.0,216.0,50,50
767,887464,1,102.0,902.0,50,50
767,888715,1,132.0,985.0,50,50
767,887388,2,885.0,519.0,50,50
767,888026,1,336.0,750.0,50,50
768,886074,1,57.0,948.0,50,50
768,887836,2,763.0,590.0,50,50
768,888289,1,434.0,802.0,50,50
768,888471,2,1183.0,216.0,50,50
768,887464,1,93.0,907.0,50,50
768,888715,1,143.0,979.0,50,50
768,888026,1,332.0,752.0,50,50
769,886074,1,47.0,954.0,50,50
769,887836,2,766.0,588.0,50,50
769,888289,1,441.0,798.0,50,50
769,888471,2,1184.0,216.0,50,50
769,887464,1,84.0,912.0,50,50
769,888715,1,153.0,973.0,50,50
769,888026,1,326.0,754.0,50,50
769,888751,1,33.0,1014.0,50,50
770,886074,1,36.0,960.0,50,50
770,887836,2,770.0,585.0,50,50
770,888289,1,445.0,795.0,50,50
770,888471,2,1184.0,216.0,50,50
770,887464,1,73.0,917.0,50,50
770,888715,1,162.0,968.0,50,50
770,888026,1,321.0,757.0,50,50
770,888751,1,43.0,1008.0,50,50
770,888233,1,531.0,723.0,50,50
771,886074,1,27.0,965.0,50,50
771,888289,1,451.0,791.0,50,50
771,888471,-1,1184.0,216.0,50,50
771,887464,1,64.0,923.0,50,50
771,888715,1,170.0,963.0,50,50
771,888026,1,316.0,760.0,50,50
771,888751,1,55.0,1001.0,50,50
772,886074,1,21.0,971.0,50,50
772,888289,1,456.0,787.0,50,50
772,888471,2,1185.0,216.0,50,50
772,887464,1,54.0,928.0,50,50
772,888715,1,179.0,958.0,50,50
772,888026,1,311.0,763.0,50,50
772,888751,1,68.0,994.0,50,50
772,888169,1,621.0,684.0,50,50
773,886074,1,15.0,976.0,50,50
773,888289,1,461.0,784.0,50,50
773,888471,2,1185.0,216.0,50,50
773,887464,1,44.0,933.0,50,50
773,888715,1,187.0,952.0,50,50
773,888026,1,306.0,766.0,50,50
773,888751,1,81.0,987.0,50,50
773,888169,1,626.0,681.0,50,50
773,888588,1,1076.0,372.0,50,50
773,887836,2,780.0,578.0,50,50
773,888233,1,549.0,712.0,50,50
774,886074,1,9.0,981.0,50,50
774,888289,2,468.0,780.0,50,50
774,888471,2,1185.0,216.0,50,50
774,887464,1,35.0,938.0,50,50
774,888715,1,197.0,947.0,50,50
774,888751,1,92.0,981.0,50,50
774,888169,2,631.0,678.0,50,50
774,888800,2,661.0,715.0,50,50
774,888588,1,1076.0,372.0,50,50
774,887836,2,783.0,575.0,50,50
774,888233,1,554.0,709.0,50,50
775,888289,2,474.0,777.0,50,50
775,888471,2,1185.0,216.0,50,50
775,887464,1,26.0,943.0,50,50
775,888715,1,206.0,942.0,50,50
775,888751,1,103.0,975.0,50,50
775,888169,-1,635.0,676.0,50,50
775,888800,2,661.0,715.0,50,50
775,888588,1,1077.0,371.0,50,50
775,887836,2,786.0,573.0,50,50
775,887182,1,454.0,710.0,50,50
776,888289,1,478.0,773.0,50,50
776,888471,2,1185.0,216.0,50,50
776,887464,1,21.0,949.0,50,50
776,888715,1,215.0,937.0,50,50
776,888751,1,113.0,969.0,50,50
776,888800,2,662.0,714.0,50,50
776,888588,1,1077.0,371.0,50,50
776,888822,1,425.0,739.0,50,50
776,887182,1,449.0,712.0,50,50
777,888289,2,486.0,769.0,50,50
777,888471,2,1185.0,216.0,50,50
777,887464,1,16.0,955.0,50,50
777,888715,1,223.0,932.0,50,50
777,888751,1,124.0,963.0,50,50
777,888800,2,662.0,714.0,50,50
777,888588,1,1078.0,370.0,50,50
777,888822,1,418.0,742.0,50,50
777,887182,1,443.0,715.0,50,50
777,888169,2,638.0,671.0,50,50
777,887836,2,792.0,569.0,50,50
778,888289,2,490.0,767.0,50,50
778,888471,-1,1185.0,216.0,50,50
778,887464,1,11.0,961.0,50,50
778,888715,1,232.0,927.0,50,50
778,888751,1,135.0,957.0,50,50
778,888800,2,662.0,714.0,50,50
778,888588,1,1078.0,369.0,50,50
778,888822,1,412.0,746.0,50,50
778,887182,1,438.0,718.0,50,50
778,887836,2,796.0,567.0,50,50
779,888289,1,496.0,763.0,50,50
779,887464,1,6.0,966.0,50,50
779,888715,1,242.0,921.0,50,50
779,888751,1,144.0,951.0,50,50
779,888800,2,662.0,714.0,50,50
779,888588,1,1079.0,369.0,50,50
779,888822,1,405.0,749.0,50,50
779,887182,1,433.0,721.0,50,50
779,887836,2,798.0,564.0,50,50
779,888169,2,649.0,664.0,50,50
780,888289,2,502.0,760.0,50,50
780,888715,1,251.0,916.0,50,50
780,888751,1,156.0,945.0,50,50
780,888800,2,662.0,715.0,50,50
780,888588,1,1080.0,368.0,50,50
780,888822,1,398.0,752.0,50,50
780,887182,1,428.0,723.0,50,50
780,887836,2,801.0,562.0,50,50
780,888865,2,773.0,514.0,50,50
780,888169,2,653.0,661.0,50,50
781,888289,2,508.0,756.0,50,50
781,888715,1,260.0,912.0,50,50
781,888751,1,166.0,940.0,50,50
781,888800,2,662.0,715.0,50,50
781,888588,1,1081.0,368.0,50,50
781,888822,1,392.0,757.0,50,50
781,887182,1,422.0,727.0,50,50
781,887836,-1,804.0,560.0,50,50
781,888169,2,655.0,659.0,50,50
782,888289,2,514.0,752.0,50,50
782,888715,1,268.0,907.0,50,50
782,888751,1,176.0,934.0,50,50
782,888800,2,662.0,716.0,50,50
782,888588,1,1082.0,367.0,50,50
782,888822,1,386.0,760.0,50,50
782,887182,1,415.0,730.0,50,50
782,887836,-1,808.0,558.0,50,50
782,888169,2,660.0,656.0,50,50
782,887388,0,914.0,497.0,50,50
783,888289,2,518.0,749.0,50,50
783,888715,1,275.0,903.0,50,50
783,888751,1,185.0,929.0,50,50
783,888588,1,1083.0,367.0,50,50
783,888822,1,379.0,764.0,50,50
783,887182,1,410.0,734.0,50,50
783,888169,2,665.0,653.0,50,50
783,888895,1,23.0,1054.0,50,50
783,887388,0,916.0,496.0,50,50
784,888289,2,523.0,746.0,50,50
784,888715,1,282.0,898.0,50,50
784,888751,1,195.0,923.0,50,50
784,888588,1,1084.0,367.0,50,50
784,888822,1,372.0,768.0,50,50
784,887182,1,405.0,737.0,50,50
784,888169,2,671.0,650.0,50,50
784,888895,1,26.0,1047.0,50,50
784,887388,0,917.0,495.0,50,50
785,888289,1,528.0,743.0,50,50
785,888715,1,290.0,893.0,50,50
785,888751,1,205.0,917.0,50,50
785,888588,1,1085.0,366.0,50,50
785,888822,1,365.0,772.0,50,50
785,887182,1,398.0,740.0,50,50
785,888895,1,35.0,1041.0,50,50
785,887388,0,919.0,493.0,50,50
785,887836,1,817.0,551.0,50,50
786,888289,-1,532.0,740.0,50,50
786,888715,1,298.0,888.0,50,50
786,888751,1,215.0,912.0,50,50
786,888588,1,1085.0,365.0,50,50
786,888822,1,358.0,776.0,50,50
786,887182,1,393.0,743.0,50,50
786,888895,1,43.0,1035.0,50,50
786,887388,0,921.0,492.0,50,50
786,887836,1,820.0,550.0,50,50
787,888715,1,305.0,883.0,50,50
787,888751,1,225.0,907.0,50,50
787,888588,1,1085.0,364.0,50,50
787,888822,1,352.0,780.0,50,50
787,887182,1,387.0,746.0,50,50
787,888895,1,52.0,1029.0,50,50
787,887388,0,923.0,490.0,50,50
788,888715,1,313.0,879.0,50,50
788,888751,1,235.0,901.0,50,50
788,888588,1,1085.0,364.0,50,50
788,888822,1,345.0,784.0,50,50
788,888895,1,63.0,1022.0,50,50
788,887388,0,924.0,489.0,50,50
789,888715,1,320.0,875.0,50,50
789,888751,1,243.0,895.0,50,50
789,888588,1,1086.0,364.0,50,50
789,888822,1,338.0,787.0,50,50
789,888895,1,73.0,1017.0,50,50
789,887388,0,926.0,488.0,50,50
789,888289,2,548.0,730.0,50,50
790,888715,1,328.0,870.0,50,50
790,888751,1,252.0,890.0,50,50
790,888588,1,1087.0,363.0,50,50
790,888822,1,330.0,791.0,50,50
790,888895,1,82.0,1012.0,50,50
790,887388,0,927.0,487.0,50,50
790,888289,2,551.0,727.0,50,50
790,887836,1,832.0,542.0,50,50
790,887182,1,369.0,756.0,50,50
791,888715,1,336.0,866.0,50,50
791,888751,1,260.0,885.0,50,50
791,888588,1,1087.0,363.0,50,50
791,888822,1,323.0,796.0,50,50
791,888895,1,91.0,1006.0,50,50
791,887388,0,928.0,486.0,50,50
791,888289,2,558.0,724.0,50,50
791,887836,1,835.0,540.0,50,50
791,887182,1,363.0,759.0,50,50
791,888233,1,646.0,651.0,50,50
791,888169,2,700.0,630.0,50,50
792,888715,1,345.0,862.0,50,50
792,888751,1,270.0,879.0,50,50
792,888588,1,1088.0,362.0,50,50
792,888822,1,316.0,800.0,50,50
792,887388,0,930.0,484.0,50,50
792,888289,2,562.0,721.0,50,50
792,887182,1,357.0,763.0,50,50
793,888715,1,352.0,858.0,50,50
793,888751,1,280.0,874.0,50,50
793,888588,1,1089.0,362.0,50,50
793,888822,1,309.0,804.0,50,50
793,888289,1,568.0,718.0,50,50
793,887182,1,350.0,766.0,50,50
793,888895,1,111.0,994.0,50,50
794,888715,1,360.0,854.0,50,50
794,888751,1,288.0,869.0,50,50
794,888588,1,1090.0,361.0,50,50
794,888822,1,300.0,808.0,50,50
794,888289,1,573.0,714.0,50,50
794,887182,1,344.0,769.0,50,50
794,888895,1,122.0,988.0,50,50
794,888169,1,712.0,622.0,50,50
795,888715,1,367.0,849.0,50,50
795,888751,1,296.0,864.0,50,50
795,888588,1,1091.0,360.0,50,50
795,888822,1,294.0,811.0,50,50
795,888289,1,578.0,711.0,50,50
795,887182,1,338.0,773.0,50,50
795,888895,1,133.0,983.0,50,50
795,888169,1,716.0,620.0,50,50
796,888715,1,373.0,844.0,50,50
796,888751,1,305.0,859.0,50,50
796,888588,1,1092.0,360.0,50,50
796,888822,1,286.0,815.0,50,50
796,887182,1,331.0,777.0,50,50
796,888895,1,143.0,977.0,50,50
796,887836,1,848.0,529.0,50,50
797,888715,1,379.0,840.0,50,50
797,888751,1,314.0,854.0,50,50
797,888588,1,1093.0,359.0,50,50
797,888822,1,279.0,819.0,50,50
797,887182,1,324.0,780.0,50,50
797,888895,1,152.0,971.0,50,50
798,888715,1,386.0,836.0,50,50
798,888751,1,321.0,849.0,50,50
798,888588,1,1094.0,358.0,50,50
798,888822,1,271.0,823.0,50,50
798,887182,1,318.0,784.0,50,50
798,888895,1,161.0,966.0,50,50
799,888715,1,393.0,832.0,50,50
799,888751,1,329.0,844.0,50,50
799,888588,1,1095.0,357.0,50,50
799,888822,1,262.0,829.0,50,50
799,887182,1,312.0,788.0,50,50
799,888895,1,170.0,961.0,50,50
800,888715,1,399.0,828.0,50,50
800,888751,1,336.0,840.0,50,50
800,888588,1,1095.0,357.0,50,50
800,887182,1,305.0,792.0,50,50
800,888895,1,178.0,956.0,50,50
800,888233,1,687.0,622.0,50,50
800,888169,2,734.0,607.0,50,50
801,888715,1,406.0,823.0,50,50
801,888751,1,343.0,835.0,50,50
801,888588,1,1096.0,357.0,50,50
801,887182,1,299.0,795.0,50,50
801,888895,1,186.0,951.0,50,50
801,888233,1,692.0,619.0,50,50
801,888289,2,605.0,693.0,50,50
802,888715,1,413.0,819.0,50,50
802,888751,1,350.0,831.0,50,50
802,887182,1,292.0,798.0,50,50
802,888895,1,195.0,947.0,50,50
802,889047,2,701.0,559.0,50,50
802,888289,2,607.0,690.0,50,50
802,887836,1,864.0,519.0,50,50
802,888822,1,238.0,842.0,50,50
802,888169,2,741.0,601.0,50,50
803,888715,1,419.0,816.0,50,50
803,888751,1,359.0,826.0,50,50
803,889047,2,697.0,561.0,50,50
803,888289,2,612.0,687.0,50,50
803,889060,2,14.0,1029.0,50,50
803,888822,1,230.0,846.0,50,50
803,887388,2,949.0,469.0,50,50
804,888715,1,426.0,812.0,50,50
804,888751,1,367.0,822.0,50,50
804,889047,2,692.0,564.0,50,50
804,888289,2,617.0,685.0,50,50
804,889060,2,20.0,1023.0,50,50
804,888822,1,222.0,851.0,50,50
804,888588,2,1098.0,355.0,50,50
804,888169,1,747.0,597.0,50,50
805,888715,1,433.0,808.0,50,50
805,888751,1,375.0,818.0,50,50
805,889047,2,689.0,566.0,50,50
805,888289,2,621.0,682.0,50,50
805,889060,2,25.0,1019.0,50,50
805,888822,1,213.0,856.0,50,50
805,887836,1,871.0,514.0,50,50
806,888715,1,440.0,804.0,50,50
806,888751,1,382.0,813.0,50,50
806,889047,2,686.0,568.0,50,50
806,888289,2,625.0,680.0,50,50
806,889060,1,31.0,1014.0,50,50
806,888822,1,204.0,860.0,50,50
806,889084,1,1219.0,226.0,50,50
806,888895,1,230.0,926.0,50,50
806,888588,2,1099.0,354.0,50,50
807,888715,1,447.0,800.0,50,50
807,888751,1,390.0,809.0,50,50
807,889047,2,682.0,570.0,50,50
807,888289,2,629.0,677.0,50,50
807,889060,1,41.0,1008.0,50,50
807,888822,1,196.0,865.0,50,50
807,889084,1,1219.0,226.0,50,50
807,889095,1,878.0,434.0,50,50
807,888895,1,237.0,922.0,50,50
807,888588,2,1100.0,354.0,50,50
808,888715,1,452.0,796.0,50,50
808,888751,1,397.0,804.0,50,50
808,889047,2,679.0,573.0,50,50
808,888289,2,633.0,675.0,50,50
808,889060,1,52.0,1002.0,50,50
808,888822,1,187.0,870.0,50,50
808,889095,1,876.0,435.0,50,50
808,888895,1,248.0,917.0,50,50
808,889107,1,83.0,884.0,50,50
808,887836,2,877.0,508.0,50,50
809,888715,1,457.0,793.0,50,50
809,888751,1,405.0,801.0,50,50
809,889047,2,675.0,575.0,50,50
809,889060,1,64.0,995.0,50,50
809,888822,1,178.0,873.0,50,50
809,889095,1,874.0,436.0,50,50
809,888895,1,256.0,912.0,50,50
809,889107,1,76.0,888.0,50,50
809,887836,2,879.0,507.0,50,50
810,888715,1,464.0,789.0,50,50
810,888751,1,411.0,796.0,50,50
810,889047,-1,671.0,578.0,50,50
810,889060,1,76.0,988.0,50,50
810,888822,1,169.0,879.0,50,50
810,889095,1,871.0,437.0,50,50
810,888895,1,263.0,907.0,50,50
810,889107,1,66.0,892.0,50,50
810,887836,2,881.0,506.0,50,50
810,889084,1,1216.0,227.0,50,50
811,888715,1,470.0,786.0,50,50
811,888751,1,418.0,792.0,50,50
811,889060,1,89.0,982.0,50,50
811,888822,1,161.0,885.0,50,50
811,889095,1,869.0,438.0,50,50
811,888895,1,271.0,902.0,50,50
811,889107,1,59.0,895.0,50,50
811,887836,2,884.0,504.0,50,50
811,889084,1,1215.0,227.0,50,50
811,887182,1,230.0,832.0,50,50
812,888715,1,475.0,782.0,50,50
812,888751,1,425.0,788.0,50,50
812,889060,1,99.0,976.0,50,50
812,888822,1,152.0,890.0,50,50
812,889095,1,868.0,440.0,50,50
812,888895,1,278.0,898.0,50,50
812,889107,1,50.0,900.0,50,50
812,887182,1,223.0,836.0,50,50
812,889047,2,663.0,582.0,50,50
813,888715,1,481.0,779.0,50,50
813,888751,1,432.0,784.0,50,50
813,889060,1,110.0,969.0,50,50
813,888822,1,143.0,895.0,50,50
813,889095,1,866.0,441.0,50,50
813,888895,1,285.0,894.0,50,50
813,889107,1,43.0,905.0,50,50
813,888169,0,779.0,577.0,50,50
813,888289,2,652.0,660.0,50,50
814,888715,1,487.0,774.0,50,50
814,888751,1,437.0,780.0,50,50
814,889060,1,121.0,962.0,50,50
814,888822,1,134.0,901.0,50,50
814,889095,1,863.0,443.0,50,50
814,888895,1,293.0,889.0,50,50
814,889107,-1,36.0,909.0,50,50
814,888169,0,782.0,575.0,50,50
814,888289,2,656.0,657.0,50,50
814,887836,1,892.0,499.0,50,50
814,887182,1,209.0,844.0,50,50
814,889047,1,656.0,586.0,50,50
815,888715,1,493.0,771.0,50,50
815,888751,1,445.0,776.0,50,50
815,889060,1,132.0,956.0,50,50
815,888822,1,124.0,906.0,50,50
815,889095,1,861.0,444.0,50,50
815,889107,1,28.0,913.0,50,50
815,888289,2,658.0,654.0,50,50
815,887836,-1,894.0,497.0,50,50
815,887182,1,201.0,848.0,50,50
815,889047,2,652.0,589.0,50,50
816,888715,1,499.0,768.0,50,50
816,888751,1,452.0,772.0,50,50
816,889060,1,144.0,950.0,50,50
816,888822,1,115.0,911.0,50,50
816,889107,1,22.0,918.0,50,50
816,888289,2,662.0,651.0,50,50
816,887182,1,193.0,851.0,50,50
816,889047,2,648.0,591.0,50,50
817,888715,1,504.0,765.0,50,50
817,888751,1,458.0,767.0,50,50
817,889060,1,156.0,944.0,50,50
817,888822,1,105.0,916.0,50,50
817,889107,1,17.0,922.0,50,50
817,888289,2,668.0,649.0,50,50
817,887182,1,184.0,856.0,50,50
817,889047,-1,644.0,594.0,50,50
817,887836,1,899.0,492.0,50,50
818,888715,1,508.0,762.0,50,50
818,888751,1,463.0,763.0,50,50
818,889060,1,168.0,937.0,50,50
818,888822,1,94.0,921.0,50,50
818,889107,1,13.0,924.0,50,50
818,888289,2,672.0,647.0,50,50
818,887182,1,176.0,860.0,50,50
818,889047,-1,640.0,596.0,50,50
818,888895,1,321.0,871.0,50,50
818,889095,1,857.0,448.0,50,50
819,888715,1,516.0,759.0,50,50
819,888751,1,470.0,760.0,50,50
819,889060,1,178.0,931.0,50,50
819,888822,1,84.0,927.0,50,50
819,889107,1,9.0,928.0,50,50
819,888289,2,676.0,644.0,50,50
819,887182,1,170.0,864.0,50,50
819,889047,-1,635.0,599.0,50,50
819,888895,1,327.0,867.0,50,50
819,889095,1,856.0,448.0,50,50
819,887836,1,903.0,488.0,50,50
820,888715,1,521.0,755.0,50,50
820,888751,1,476.0,757.0,50,50
820,889060,1,187.0,925.0,50,50
820,888822,1,73.0,932.0,50,50
820,888289,2,678.0,642.0,50,50
820,887182,1,161.0,869.0,50,50
820,889047,2,631.0,601.0,50,50
820,889095,1,854.0,449.0,50,50
821,888715,1,525.0,751.0,50,50
821,888751,1,482.0,752.0,50,50
821,889060,1,198.0,919.0,50,50
821,888822,1,63.0,938.0,50,50
821,888289,2,681.0,640.0,50,50
821,887182,1,152.0,873.0,50,50
821,889047,2,627.0,604.0,50,50
821,889095,1,851.0,450.0,50,50
821,888895,1,343.0,860.0,50,50
822,888715,1,531.0,747.0,50,50
822,888751,1,489.0,749.0,50,50
822,889060,1,207.0,913.0,50,50
822,888822,1,53.0,943.0,50,50
822,888289,2,685.0,637.0,50,50
822,887182,1,144.0,878.0,50,50
822,889047,-1,622.0,607.0,50,50
822,889095,1,849.0,452.0,50,50
822,889242,1,114.0,994.0,50,50
822,888895,1,349.0,855.0,50,50
823,888715,1,536.0,744.0,50,50
823,888751,1,494.0,745.0,50,50
823,889060,1,218.0,908.0,50,50
823,888822,1,42.0,949.0,50,50
823,888289,2,689.0,635.0,50,50
823,887182,1,136.0,882.0,50,50
823,889095,1,847.0,453.0,50,50
823,889242,1,127.0,988.0,50,50
823,888895,-1,355.0,851.0,50,50
824,888715,1,542.0,741.0,50,50
824,888751,1,501.0,741.0,50,50
824,889060,1,228.0,902.0,50,50
824,888822,1,32.0,954.0,50,50
824,888289,2,692.0,632.0,50,50
824,887182,1,128.0,887.0,50,50
824,889095,1,845.0,454.0,50,50
824,889242,1,138.0,982.0,50,50
824,888895,1,363.0,847.0,50,50
825,888715,1,545.0,737.0,50,50
825,888751,1,523.0,737.0,50,50
825,889060,1,236.0,896.0,50,50
825,888822,1,25.0,959.0,50,50
825,888289,2,696.0,629.0,50,50
825,887182,1,119.0,891.0,50,50
825,889095,1,843.0,455.0,50,50
825,889242,1,148.0,977.0,50,50
825,888895,1,370.0,843.0,50,50
825,889047,1,609.0,614.0,50,50
826,889060,1,246.0,890.0,50,50
826,888822,1,20.0,965.0,50,50
826,888289,2,699.0,627.0,50,50
826,887182,1,110.0,896.0,50,50
826,889095,1,841.0,456.0,50,50
826,889242,1,156.0,972.0,50,50
826,888895,1,376.0,839.0,50,50
826,889047,1,604.0,617.0,50,50
827,889060,1,257.0,885.0,50,50
827,888822,1,15.0,969.0,50,50
827,888289,2,703.0,625.0,50,50
827,887182,1,101.0,901.0,50,50
827,889095,1,839.0,458.0,50,50
827,889242,1,164.0,967.0,50,50
827,889047,1,599.0,619.0,50,50
828,889060,1,265.0,880.0,50,50
828,888822,1,9.0,974.0,50,50
828,888289,2,706.0,623.0,50,50
828,887182,1,92.0,905.0,50,50
828,889095,1,837.0,459.0,50,50
828,889242,1,172.0,961.0,50,50
828,889047,1,595.0,622.0,50,50
829,889060,-1,274.0,875.0,50,50
829,888822,1,4.0,979.0,50,50
829,888289,2,710.0,620.0,50,50
829,887182,1,84.0,910.0,50,50
829,889095,1,835.0,461.0,50,50
829,889242,1,181.0,956.0,50,50
829,889047,1,591.0,624.0,50,50
829,888751,1,549.0,723.0,50,50
830,888289,2,713.0,618.0,50,50
830,887182,1,74.0,915.0,50,50
830,889095,1,833.0,462.0,50,50
830,889242,1,190.0,951.0,50,50
830,889047,1,586.0,627.0,50,50
830,888751,1,550.0,719.0,50,50
830,888715,1,573.0,721.0,50,50
831,887182,1,66.0,920.0,50,50
831,889095,1,831.0,463.0,50,50
831,889242,1,198.0,946.0,50,50
831,889047,1,582.0,629.0,50,50
831,888751,1,547.0,715.0,50,50
831,888715,1,578.0,718.0,50,50
832,887182,1,57.0,925.0,50,50
832,889095,1,829.0,464.0,50,50
832,889047,1,578.0,632.0,50,50
832,888751,1,549.0,712.0,50,50
832,888715,1,583.0,714.0,50,50
832,889324,1,819.0,540.0,50,50
832,889060,1,303.0,859.0,50,50
833,887182,1,47.0,930.0,50,50
833,889095,1,828.0,465.0,50,50
833,889047,1,573.0,635.0,50,50
833,888751,1,553.0,709.0,50,50
833,888715,1,587.0,712.0,50,50
833,889324,1,819.0,538.0,50,50
833,889060,1,311.0,854.0,50,50
833,888895,1,418.0,812.0,50,50
834,887182,1,38.0,934.0,50,50
834,889095,1,826.0,466.0,50,50
834,889047,1,568.0,638.0,50,50
834,888751,1,558.0,705.0,50,50
834,888715,1,591.0,709.0,50,50
834,889324,1,821.0,536.0,50,50
834,889060,1,320.0,849.0,50,50
834,888895,1,426.0,809.0,50,50
835,887182,1,29.0,939.0,50,50
835,889095,1,824.0,467.0,50,50
835,889047,1,562.0,641.0,50,50
835,888751,1,563.0,702.0,50,50
835,888715,1,595.0,705.0,50,50
835,889324,1,824.0,534.0,50,50
835,889060,1,327.0,844.0,50,50
835,888895,1,433.0,806.0,50,50
835,887388,2,997.0,431.0,50,50
836,887182,1,23.0,944.0,50,50
836,889095,1,823.0,469.0,50,50
836,889047,1,558.0,644.0,50,50
836,888715,1,600.0,702.0,50,50
836,889324,1,826.0,531.0,50,50
836,889060,1,334.0,839.0,50,50
836,888895,1,439.0,802.0,50,50
836,887388,2,998.0,430.0,50,50
836,889242,1,243.0,921.0,50,50
837,887182,1,18.0,949.0,50,50
837,889095,1,820.0,470.0,50,50
837,889047,1,553.0,647.0,50,50
837,888715,1,605.0,699.0,50,50
837,889324,1,828.0,529.0,50,50
837,889060,1,342.0,834.0,50,50
837,888895,1,443.0,798.0,50,50
837,887388,2,1000.0,429.0,50,50
837,889242,1,252.0,916.0,50,50
838,887182,1,13.0,953.0,50,50
838,889095,2,818.0,471.0,50,50
838,889047,1,548.0,650.0,50,50
838,888715,1,609.0,696.0,50,50
838,889060,1,350.0,830.0,50,50
838,887388,2,1001.0,428.0,50,50
838,889242,1,259.0,911.0,50,50
839,887182,1,9.0,958.0,50,50
839,889095,2,816.0,473.0,50,50
839,889047,1,543.0,653.0,50,50
839,888715,1,614.0,692.0,50,50
839,889060,1,359.0,825.0,50,50
839,887388,2,1002.0,427.0,50,50
839,889242,1,267.0,907.0,50,50
839,889324,1,840.0,524.0,50,50
840,889095,2,814.0,474.0,50,50
840,889047,1,539.0,656.0,50,50
840,888715,1,619.0,690.0,50,50
840,889060,1,367.0,820.0,50,50
840,887388,2,1003.0,426.0,50,50
840,889242,1,273.0,902.0,50,50
840,889324,1,842.0,522.0,50,50
840,888289,2,747.0,595.0,50,50
841,889095,2,812.0,476.0,50,50
841,889047,-1,534.0,658.0,50,50
841,889060,1,374.0,816.0,50,50
841,889242,1,280.0,898.0,50,50
841,889324,1,845.0,520.0,50,50
841,888289,2,750.0,593.0,50,50
841,888751,1,606.0,683.0,50,50
842,889095,2,810.0,477.0,50,50
842,889060,1,382.0,811.0,50,50
842,889242,1,287.0,893.0,50,50
842,889324,1,849.0,518.0,50,50
842,888751,1,608.0,680.0,50,50
843,889095,2,808.0,478.0,50,50
843,889060,1,388.0,807.0,50,50
843,889242,1,295.0,888.0,50,50
843,889417,1,185.0,534.0,50,50
843,889047,2,524.0,664.0,50,50
844,889095,2,806.0,480.0,50,50
844,889060,1,395.0,803.0,50,50
844,889417,1,185.0,534.0,50,50
844,889047,-1,518.0,667.0,50,50
844,888895,1,484.0,771.0,50,50
845,889095,1,804.0,481.0,50,50
845,889060,1,403.0,798.0,50,50
845,889417,1,185.0,534.0,50,50
845,889047,1,513.0,670.0,50,50
846,889095,1,802.0,482.0,50,50
846,889060,1,410.0,794.0,50,50
846,889417,1,185.0,534.0,50,50
846,889047,1,508.0,673.0,50,50
847,889095,1,800.0,484.0,50,50
847,889060,1,417.0,790.0,50,50
847,889417,1,185.0,534.0,50,50
847,889047,1,502.0,676.0,50,50
847,889242,1,324.0,870.0,50,50
848,889095,1,798.0,485.0,50,50
848,889060,1,424.0,786.0,50,50
848,889417,1,185.0,534.0,50,50
848,889047,1,497.0,679.0,50,50
848,889242,1,330.0,868.0,50,50
849,889095,1,796.0,487.0,50,50
849,889060,1,431.0,782.0,50,50
849,889417,1,185.0,534.0,50,50
849,889047,1,491.0,683.0,50,50
849,888895,1,513.0,755.0,50,50
850,889095,1,794.0,488.0,50,50
850,889060,1,438.0,777.0,50,50
850,889417,1,185.0,534.0,50,50
850,889047,1,486.0,686.0,50,50
850,888895,1,517.0,752.0,50,50
850,888289,2,777.0,575.0,50,50
850,889242,1,347.0,859.0,50,50
851,889095,1,792.0,489.0,50,50
851,889060,1,445.0,772.0,50,50
851,889417,1,185.0,535.0,50,50
851,889047,1,480.0,689.0,50,50
851,888895,1,521.0,748.0,50,50
851,889242,1,354.0,855.0,50,50
852,889095,1,790.0,490.0,50,50
852,889060,1,451.0,768.0,50,50
852,889417,1,185.0,535.0,50,50
852,889047,1,474.0,692.0,50,50
852,888895,1,527.0,745.0,50,50
852,889242,1,361.0,852.0,50,50
852,889324,2,879.0,502.0,50,50
853,889095,1,787.0,492.0,50,50
853,889060,1,458.0,765.0,50,50
853,889417,1,185.0,535.0,50,50
853,889047,1,469.0,695.0,50,50
853,888895,1,530.0,742.0,50,50
853,889242,1,366.0,848.0,50,50
854,889095,1,785.0,493.0,50,50
854,889060,1,465.0,761.0,50,50
854,889417,1,185.0,535.0,50,50
854,889047,1,463.0,699.0,50,50
854,889242,1,372.0,843.0,50,50
855,889095,1,783.0,494.0,50,50
855,889060,1,472.0,757.0,50,50
855,889417,1,185.0,535.0,50,50
855,889047,1,457.0,702.0,50,50
855,889242,1,377.0,840.0,50,50
856,889095,2,779.0,496.0,50,50
856,889060,1,478.0,753.0,50,50
856,889417,1,185.0,535.0,50,50
856,889047,1,451.0,705.0,50,50
856,889242,1,384.0,836.0,50,50
857,889095,2,777.0,498.0,50,50
857,889060,1,483.0,750.0,50,50
857,889417,1,185.0,535.0,50,50
857,889047,1,445.0,708.0,50,50
857,889242,1,391.0,832.0,50,50
858,889095,2,774.0,499.0,50,50
858,889060,1,490.0,746.0,50,50
858,889417,1,184.0,535.0,50,50
858,889047,1,440.0,712.0,50,50
858,889242,1,398.0,828.0,50,50
859,889095,2,772.0,500.0,50,50
859,889060,1,497.0,742.0,50,50
859,889417,1,184.0,535.0,50,50
859,889047,1,434.0,715.0,50,50
860,889095,2,770.0,502.0,50,50
860,889060,1,504.0,738.0,50,50
860,889417,1,184.0,535.0,50,50
860,889047,1,428.0,719.0,50,50
861,889095,2,768.0,503.0,50,50
861,889060,1,510.0,734.0,50,50
861,889417,1,184.0,535.0,50,50
861,889047,1,422.0,722.0,50,50
861,888895,1,571.0,717.0,50,50
862,889095,2,765.0,505.0,50,50
862,889060,1,515.0,731.0,50,50
862,889417,1,184.0,535.0,50,50
862,889047,1,416.0,726.0,50,50
862,888895,1,576.0,715.0,50,50
863,889095,2,764.0,506.0,50,50
863,889417,1,184.0,535.0,50,50
863,889047,1,411.0,729.0,50,50
863,888895,1,580.0,712.0,50,50
864,889095,-1,762.0,508.0,50,50
864,889417,1,184.0,535.0,50,50
864,889047,1,404.0,733.0,50,50
864,888895,1,584.0,709.0,50,50
864,889242,1,437.0,806.0,50,50
865,889095,1,760.0,509.0,50,50
865,889417,1,184.0,535.0,50,50
865,889047,1,396.0,737.0,50,50
865,889242,1,443.0,802.0,50,50
865,889060,1,533.0,719.0,50,50
866,889095,-1,760.0,510.0,50,50
866,889417,1,184.0,535.0,50,50
866,889047,1,389.0,741.0,50,50
866,889242,1,448.0,799.0,50,50
866,889060,1,540.0,716.0,50,50
867,889417,1,184.0,535.0,50,50
867,889047,1,383.0,744.0,50,50
867,889242,1,452.0,795.0,50,50
867,889060,1,546.0,712.0,50,50
868,889417,1,185.0,536.0,50,50
868,889047,1,377.0,748.0,50,50
868,889242,1,459.0,791.0,50,50
868,889060,1,550.0,709.0,50,50
869,889417,1,185.0,536.0,50,50
869,889047,-1,371.0,751.0,50,50
869,889567,2,885.0,455.0,50,50
870,889417,-1,185.0,536.0,50,50
870,889047,1,363.0,755.0,50,50
870,889567,2,883.0,456.0,50,50
870,888895,1,609.0,691.0,50,50
870,889242,1,469.0,784.0,50,50
870,889060,1,562.0,702.0,50,50
871,889047,1,356.0,759.0,50,50
871,889567,2,881.0,457.0,50,50
871,888895,1,613.0,689.0,50,50
871,889242,1,475.0,781.0,50,50
872,889047,1,349.0,763.0,50,50
872,889567,2,879.0,460.0,50,50
872,888895,1,615.0,687.0,50,50
872,889417,1,185.0,536.0,50,50
873,889047,1,342.0,766.0,50,50
873,889567,2,877.0,461.0,50,50
873,888895,1,622.0,684.0,50,50
873,889417,1,185.0,536.0,50,50
873,889242,1,486.0,774.0,50,50
874,889047,-1,334.0,771.0,50,50
874,889567,2,873.0,462.0,50,50
874,889417,1,185.0,536.0,50,50
875,889047,1,326.0,775.0,50,50
875,889567,2,871.0,464.0,50,50
875,889417,1,185.0,536.0,50,50
876,889047,1,319.0,778.0,50,50
876,889567,2,869.0,465.0,50,50
876,889417,1,185.0,536.0,50,50
876,889095,2,740.0,529.0,50,50
877,889047,1,312.0,782.0,50,50
877,889567,2,866.0,467.0,50,50
877,889417,1,185.0,536.0,50,50
878,889047,1,305.0,786.0,50,50
878,889567,2,864.0,469.0,50,50
878,889417,1,185.0,536.0,50,50
878,889242,1,513.0,758.0,50,50
879,889567,2,861.0,470.0,50,50
879,889417,1,185.0,536.0,50,50
879,889242,1,517.0,755.0,50,50
879,889060,1,609.0,672.0,50,50
880,889567,2,859.0,472.0,50,50
880,889417,1,185.0,536.0,50,50
880,889242,1,522.0,752.0,50,50
881,889567,2,856.0,474.0,50,50
881,889417,1,185.0,536.0,50,50
881,889242,1,526.0,748.0,50,50
881,888289,2,859.0,516.0,50,50
881,888895,1,654.0,662.0,50,50
881,889095,2,722.0,537.0,50,50
881,889060,1,619.0,665.0,50,50
882,889567,2,854.0,476.0,50,50
882,889417,1,184.0,536.0,50,50
882,889242,1,531.0,745.0,50,50
882,888289,-1,861.0,515.0,50,50
882,889095,2,720.0,539.0,50,50
882,889060,1,622.0,662.0,50,50
883,889567,2,850.0,478.0,50,50
883,889417,1,184.0,536.0,50,50
883,889242,-1,536.0,742.0,50,50
883,889095,2,717.0,541.0,50,50
883,889626,1,534.0,644.0,50,50
884,889567,2,847.0,479.0,50,50
884,889417,1,184.0,536.0,50,50
884,889626,1,531.0,646.0,50,50
885,889567,2,845.0,480.0,50,50
885,889417,1,184.0,536.0,50,50
885,889626,1,527.0,648.0,50,50
886,889567,2,842.0,482.0,50,50
886,889417,1,184.0,536.0,50,50
886,889626,1,523.0,650.0,50,50
887,889567,2,839.0,484.0,50,50
887,889417,-1,184.0,536.0,50,50
887,889626,1,518.0,653.0,50,50
888,889567,2,837.0,486.0,50,50
888,889095,2,701.0,549.0,50,50
889,889095,2,697.0,550.0,50,50
889,889626,1,510.0,658.0,50,50
890,889095,2,694.0,552.0,50,50
890,889626,1,505.0,660.0,50,50
891,889626,1,501.0,663.0,50,50
891,889242,1,576.0,718.0,50,50
892,889626,1,497.0,666.0,50,50
892,889242,-1,580.0,715.0,50,50
893,889626,1,493.0,669.0,50,50
893,889242,1,584.0,713.0,50,50
894,889626,1,488.0,671.0,50,50
894,889242,1,588.0,710.0,50,50
894,889047,1,173.0,858.0,50,50
894,888895,1,701.0,628.0,50,50
895,889626,1,483.0,674.0,50,50
895,889242,1,592.0,707.0,50,50
895,888895,1,704.0,627.0,50,50
895,889567,2,819.0,498.0,50,50
896,889626,1,478.0,676.0,50,50
896,889047,1,155.0,867.0,50,50
897,889626,1,473.0,678.0,50,50
898,889626,1,469.0,680.0,50,50
899,889626,1,464.0,682.0,50,50
899,889676,1,153.0,992.0,50,50
900,889626,1,459.0,685.0,50,50
900,889676,1,159.0,987.0,50,50
900,889680,1,17.0,1061.0,50,50
900,889047,1,117.0,889.0,50,50
901,889626,1,455.0,688.0,50,50
901,889676,1,167.0,981.0,50,50
901,889680,1,22.0,1059.0,50,50
901,889047,1,108.0,894.0,50,50
902,889626,1,450.0,690.0,50,50
902,889676,1,175.0,977.0,50,50
902,889680,1,26.0,1057.0,50,50
902,889047,1,98.0,899.0,50,50
902,889242,1,620.0,687.0,50,50
903,889626,1,445.0,693.0,50,50
903,889676,1,181.0,973.0,50,50
903,889680,1,30.0,1052.0,50,50
903,889047,1,88.0,904.0,50,50
903,889095,2,656.0,571.0,50,50
903,889567,2,795.0,514.0,50,50
904,889626,1,441.0,696.0,50,50
904,889676,1,188.0,969.0,50,50
904,889680,1,36.0,1046.0,50,50
904,889047,1,78.0,910.0,50,50
904,889095,1,654.0,572.0,50,50
905,889626,1,436.0,698.0,50,50
905,889676,1,195.0,965.0,50,50
905,889680,1,44.0,1041.0,50,50
905,889047,1,66.0,915.0,50,50
905,889095,2,652.0,574.0,50,50
906,889626,1,432.0,700.0,50,50
906,889676,1,202.0,961.0,50,50
906,889680,1,51.0,1035.0,50,50
906,889047,1,56.0,920.0,50,50
906,889095,2,649.0,576.0,50,50
907,889626,1,427.0,703.0,50,50
907,889676,1,209.0,957.0,50,50
907,889680,1,63.0,1029.0,50,50
907,889047,1,45.0,926.0,50,50
907,889095,1,647.0,578.0,50,50
908,889626,1,422.0,706.0,50,50
908,889676,1,215.0,953.0,50,50
908,889680,1,71.0,1024.0,50,50
908,889047,1,35.0,932.0,50,50
908,889095,1,644.0,579.0,50,50
909,889626,1,417.0,708.0,50,50
909,889676,1,222.0,949.0,50,50
909,889680,1,82.0,1018.0,50,50
909,889047,1,26.0,938.0,50,50
909,889095,1,640.0,581.0,50,50
909,888895,1,749.0,597.0,50,50
910,889626,1,412.0,711.0,50,50
910,889676,1,228.0,945.0,50,50
910,889680,1,87.0,1013.0,50,50
910,889095,1,637.0,582.0,50,50
911,889626,1,408.0,714.0,50,50
911,889676,1,234.0,941.0,50,50
911,889680,1,95.0,1009.0,50,50
911,889095,1,634.0,584.0,50,50
911,889738,1,610.0,614.0,50,50
911,889047,1,15.0,948.0,50,50
911,888895,1,755.0,593.0,50,50
912,889626,1,403.0,717.0,50,50
912,889676,1,240.0,938.0,50,50
912,889680,1,104.0,1003.0,50,50
912,889095,1,630.0,587.0,50,50
912,889738,2,607.0,616.0,50,50
912,889047,1,10.0,954.0,50,50
912,888895,1,759.0,590.0,50,50
913,889626,1,397.0,720.0,50,50
913,889680,1,111.0,998.0,50,50
913,889738,2,601.0,619.0,50,50
914,889626,1,392.0,723.0,50,50
914,889680,1,120.0,993.0,50,50
914,889738,1,596.0,622.0,50,50
914,889676,1,253.0,930.0,50,50
914,889095,2,623.0,591.0,50,50
915,889626,1,387.0,725.0,50,50
915,889680,1,132.0,987.0,50,50
915,889738,1,593.0,624.0,50,50
915,889095,2,620.0,593.0,50,50
916,889626,1,383.0,728.0,50,50
916,889680,1,141.0,982.0,50,50
916,889738,1,587.0,627.0,50,50
916,889095,2,616.0,595.0,50,50
916,889242,1,675.0,652.0,50,50
916,889676,1,266.0,922.0,50,50
917,889680,1,149.0,977.0,50,50
917,889738,2,583.0,630.0,50,50
917,889095,2,613.0,597.0,50,50
917,889676,1,269.0,918.0,50,50
918,889680,1,157.0,972.0,50,50
918,889738,1,578.0,633.0,50,50
918,889095,1,610.0,599.0,50,50
918,889676,1,275.0,914.0,50,50
918,889626,1,372.0,733.0,50,50
919,889680,1,164.0,967.0,50,50
919,889738,1,572.0,636.0,50,50
919,889095,1,606.0,601.0,50,50
919,889676,-1,281.0,911.0,50,50
919,889787,2,1011.0,395.0,50,50
919,889626,1,367.0,736.0,50,50
920,889680,1,171.0,963.0,50,50
920,889738,1,568.0,639.0,50,50
920,889095,1,603.0,604.0,50,50
920,889676,1,289.0,907.0,50,50
920,889787,2,1013.0,393.0,50,50
920,889626,1,361.0,739.0,50,50
921,889680,1,179.0,958.0,50,50
921,889738,1,563.0,642.0,50,50
921,889095,1,600.0,606.0,50,50
921,889787,2,1014.0,391.0,50,50
921,889626,1,356.0,742.0,50,50
921,889800,0,1008.0,409.0,50,50
922,889680,1,187.0,954.0,50,50
922,889738,1,558.0,645.0,50,50
922,889095,1,597.0,608.0,50,50
922,889787,2,1015.0,390.0,50,50
922,889626,1,350.0,744.0,50,50
922,889800,0,1010.0,407.0,50,50
923,889680,1,194.0,949.0,50,50
923,889738,1,554.0,648.0,50,50
923,889095,1,593.0,610.0,50,50
923,889626,1,344.0,748.0,50,50
923,889800,-1,1011.0,406.0,50,50
923,889814,1,182.0,536.0,50,50
924,889680,1,201.0,945.0,50,50
924,889738,1,549.0,650.0,50,50
924,889095,1,590.0,611.0,50,50
924,889626,1,339.0,751.0,50,50
924,889814,1,182.0,536.0,50,50
924,889676,1,313.0,892.0,50,50
925,889680,1,209.0,940.0,50,50
925,889738,1,544.0,654.0,50,50
925,889095,1,586.0,613.0,50,50
925,889626,1,333.0,754.0,50,50
925,889814,1,182.0,536.0,50,50
926,889680,1,217.0,934.0,50,50
926,889738,1,538.0,657.0,50,50
926,889095,1,582.0,615.0,50,50
926,889626,1,327.0,757.0,50,50
926,889814,1,182.0,536.0,50,50
927,889680,1,225.0,929.0,50,50
927,889738,2,533.0,659.0,50,50
927,889095,1,578.0,617.0,50,50
927,889626,1,322.0,760.0,50,50
927,889814,1,182.0,536.0,50,50
927,889837,1,1128.0,287.0,50,50
928,889680,1,233.0,924.0,50,50
928,889738,1,528.0,662.0,50,50
928,889095,1,575.0,619.0,50,50
928,889626,1,317.0,763.0,50,50
928,889814,1,182.0,536.0,50,50
928,889837,1,1127.0,287.0,50,50
928,889787,2,1025.0,383.0,50,50
929,889680,1,240.0,920.0,50,50
929,889738,1,523.0,665.0,50,50
929,889095,1,570.0,621.0,50,50
929,889626,1,311.0,766.0,50,50
929,889814,1,182.0,536.0,50,50
929,889837,1,1125.0,288.0,50,50
929,889787,2,1027.0,381.0,50,50
930,889680,1,248.0,915.0,50,50
930,889738,1,517.0,668.0,50,50
930,889095,1,566.0,623.0,50,50
930,889626,1,305.0,769.0,50,50
930,889814,1,181.0,536.0,50,50
930,889837,1,1124.0,289.0,50,50
930,889787,-1,1029.0,379.0,50,50
931,889680,1,254.0,911.0,50,50
931,889738,1,512.0,672.0,50,50
931,889095,1,563.0,625.0,50,50
931,889626,1,300.0,772.0,50,50
931,889814,1,181.0,536.0,50,50
931,889787,2,1031.0,378.0,50,50
932,889680,1,261.0,907.0,50,50
932,889738,1,506.0,675.0,50,50
932,889095,1,560.0,627.0,50,50
932,889626,1,295.0,775.0,50,50
932,889814,1,180.0,536.0,50,50
932,889837,1,1123.0,291.0,50,50
933,889680,1,267.0,902.0,50,50
933,889738,1,501.0,678.0,50,50
933,889095,1,556.0,630.0,50,50
933,889626,1,289.0,778.0,50,50
933,889814,1,181.0,536.0,50,50
933,889676,1,363.0,860.0,50,50
934,889680,1,274.0,898.0,50,50
934,889738,1,496.0,681.0,50,50
934,889095,1,553.0,632.0,50,50
934,889814,1,181.0,536.0,50,50
934,889676,1,368.0,857.0,50,50
935,889680,1,281.0,894.0,50,50
935,889738,1,490.0,684.0,50,50
935,889095,1,549.0,634.0,50,50
935,889814,1,181.0,536.0,50,50
936,889680,1,289.0,889.0,50,50
936,889738,1,484.0,688.0,50,50
936,889095,1,545.0,637.0,50,50
936,889814,1,180.0,536.0,50,50
937,889680,1,295.0,886.0,50,50
937,889738,2,479.0,691.0,50,50
937,889095,1,541.0,639.0,50,50
937,889814,-1,180.0,536.0,50,50
937,889899,2,677.0,590.0,50,50
938,889680,1,301.0,882.0,50,50
938,889738,1,473.0,694.0,50,50
938,889095,1,538.0,641.0,50,50
938,889899,1,673.0,593.0,50,50
938,889837,1,1117.0,295.0,50,50
939,889680,1,309.0,877.0,50,50
939,889738,1,467.0,697.0,50,50
939,889095,2,534.0,644.0,50,50
939,889899,1,669.0,595.0,50,50
940,889680,1,316.0,872.0,50,50
940,889738,1,461.0,701.0,50,50
940,889095,2,530.0,646.0,50,50
940,889899,-1,665.0,597.0,50,50
941,889680,1,321.0,868.0,50,50
941,889738,1,455.0,704.0,50,50
941,889095,2,526.0,648.0,50,50
942,889680,1,326.0,865.0,50,50
942,889738,1,449.0,708.0,50,50
942,889095,2,522.0,650.0,50,50
943,889680,1,333.0,861.0,50,50
943,889738,1,444.0,711.0,50,50
943,889095,2,518.0,652.0,50,50
943,889837,1,1110.0,299.0,50,50
943,889899,2,653.0,606.0,50,50
944,889680,1,340.0,858.0,50,50
944,889738,1,438.0,714.0,50,50
944,889095,2,514.0,654.0,50,50
944,889837,1,1108.0,300.0,50,50
944,889899,2,649.0,609.0,50,50
944,889676,1,417.0,824.0,50,50
945,889680,1,347.0,854.0,50,50
945,889738,1,431.0,718.0,50,50
945,889095,2,509.0,657.0,50,50
945,889837,-1,1107.0,300.0,50,50
945,889676,1,420.0,821.0,50,50
946,889680,1,353.0,850.0,50,50
946,889738,1,425.0,722.0,50,50
946,889095,2,505.0,659.0,50,50
946,889837,1,1107.0,301.0,50,50
947,889680,1,359.0,846.0,50,50
947,889738,1,419.0,726.0,50,50
947,889095,2,501.0,662.0,50,50
947,889837,-1,1105.0,301.0,50,50
947,889899,2,633.0,617.0,50,50
948,889680,1,364.0,843.0,50,50
948,889738,1,413.0,729.0,50,50
948,889095,2,497.0,665.0,50,50
948,889837,1,1104.0,301.0,50,50
948,889899,1,629.0,619.0,50,50
948,889676,1,440.0,812.0,50,50
949,889680,1,369.0,839.0,50,50
949,889738,1,406.0,733.0,50,50
949,889095,2,492.0,667.0,50,50
949,889837,1,1103.0,301.0,50,50
949,889899,2,625.0,621.0,50,50
949,889676,1,442.0,809.0,50,50
950,889680,1,376.0,836.0,50,50
950,889738,1,399.0,738.0,50,50
950,889095,2,488.0,669.0,50,50
950,889837,-1,1102.0,302.0,50,50
950,889676,1,447.0,806.0,50,50
951,889680,1,381.0,832.0,50,50
951,889738,1,391.0,741.0,50,50
951,889095,1,484.0,671.0,50,50
951,889837,1,1102.0,302.0,50,50
951,889676,1,452.0,802.0,50,50
952,889680,1,387.0,829.0,50,50
952,889738,1,384.0,745.0,50,50
952,889095,1,480.0,674.0,50,50
952,889837,1,1101.0,303.0,50,50
952,889676,1,456.0,799.0,50,50
952,889972,2,859.0,520.0,50,50
953,889680,1,392.0,826.0,50,50
953,889738,1,378.0,748.0,50,50
953,889095,1,476.0,676.0,50,50
953,889837,1,1100.0,304.0,50,50
953,889676,1,461.0,796.0,50,50
953,889972,2,862.0,518.0,50,50
953,889899,2,607.0,632.0,50,50
954,889680,1,398.0,822.0,50,50
954,889738,1,372.0,752.0,50,50
954,889095,1,471.0,678.0,50,50
954,889837,1,1099.0,305.0,50,50
954,889676,-1,469.0,792.0,50,50
954,889972,2,864.0,516.0,50,50
954,889899,2,600.0,636.0,50,50
955,889680,1,404.0,818.0,50,50
955,889738,1,364.0,756.0,50,50
955,889095,1,467.0,681.0,50,50
955,889837,1,1098.0,306.0,50,50
955,889972,-1,866.0,514.0,50,50
955,889899,2,596.0,639.0,50,50
955,889994,1,1081.0,306.0,50,50
956,889680,1,409.0,815.0,50,50
956,889738,1,357.0,760.0,50,50
956,889095,1,463.0,683.0,50,50
956,889837,1,1096.0,306.0,50,50
956,889899,2,591.0,642.0,50,50
957,889680,1,415.0,811.0,50,50
957,889738,1,350.0,764.0,50,50
957,889095,1,458.0,686.0,50,50
957,889899,2,587.0,644.0,50,50
958,889680,1,420.0,808.0,50,50
958,889738,1,343.0,768.0,50,50
958,889095,1,453.0,688.0,50,50
958,889899,2,582.0,647.0,50,50
958,889972,1,872.0,509.0,50,50
959,889680,1,427.0,805.0,50,50
959,889738,1,336.0,771.0,50,50
959,889095,1,448.0,691.0,50,50
959,889899,2,577.0,650.0,50,50
959,890016,1,45.0,1035.0,50,50
959,889814,1,179.0,535.0,50,50
959,889676,1,488.0,778.0,50,50
959,889837,1,1093.0,308.0,50,50
960,889680,1,433.0,802.0,50,50
960,889738,1,327.0,775.0,50,50
960,889095,1,443.0,693.0,50,50
960,889899,1,572.0,653.0,50,50
960,890016,1,55.0,1029.0,50,50
960,889814,1,179.0,535.0,50,50
960,889676,1,493.0,775.0,50,50
961,889680,1,439.0,798.0,50,50
961,889738,1,320.0,779.0,50,50
961,889095,1,439.0,696.0,50,50
961,889899,1,567.0,656.0,50,50
961,890016,1,67.0,1023.0,50,50
961,889814,1,179.0,536.0,50,50
962,889680,1,443.0,795.0,50,50
962,889738,1,313.0,783.0,50,50
962,889095,1,434.0,699.0,50,50
962,889899,2,562.0,659.0,50,50
962,890016,1,77.0,1017.0,50,50
962,889814,1,178.0,536.0,50,50
962,889676,1,502.0,769.0,50,50
963,889680,1,447.0,793.0,50,50
963,889738,1,305.0,788.0,50,50
963,889095,1,429.0,702.0,50,50
963,889899,1,557.0,662.0,50,50
963,890016,1,87.0,1011.0,50,50
963,889814,1,178.0,536.0,50,50
963,890046,1,87.0,885.0,50,50
964,889680,1,451.0,790.0,50,50
964,889738,1,298.0,792.0,50,50
964,889095,1,425.0,704.0,50,50
964,889899,2,551.0,665.0,50,50
964,890016,0,98.0,1005.0,50,50
964,889814,1,178.0,536.0,50,50
964,890046,1,80.0,888.0,50,50
964,889676,1,512.0,763.0,50,50
965,889680,1,457.0,787.0,50,50
965,889738,1,290.0,796.0,50,50
965,889095,1,420.0,707.0,50,50
965,889899,1,546.0,668.0,50,50
965,890016,1,107.0,999.0,50,50
965,889814,1,178.0,536.0,50,50
965,890046,1,70.0,894.0,50,50
965,890064,1,1112.0,330.0,50,50
965,889676,1,516.0,760.0,50,50
965,889837,1,1087.0,312.0,50,50
966,889680,1,462.0,783.0,50,50
966,889095,2,415.0,710.0,50,50
966,889899,1,540.0,671.0,50,50
966,890016,1,117.0,993.0,50,50
966,889814,1,178.0,537.0,50,50
966,890046,1,61.0,898.0,50,50
966,890064,1,1112.0,330.0,50,50
966,889837,1,1085.0,313.0,50,50
967,889680,1,466.0,780.0,50,50
967,889095,1,410.0,713.0,50,50
967,889899,1,535.0,674.0,50,50
967,890016,1,127.0,987.0,50,50
967,889814,1,178.0,537.0,50,50
967,890046,1,54.0,902.0,50,50
967,890064,1,1113.0,329.0,50,50
967,889837,1,1085.0,314.0,50,50
968,889680,1,471.0,777.0,50,50
968,889095,2,405.0,715.0,50,50
968,889899,1,529.0,677.0,50,50
968,890016,1,137.0,981.0,50,50
968,889814,1,178.0,537.0,50,50
968,890046,1,45.0,906.0,50,50
968,890064,1,1113.0,328.0,50,50
968,889837,1,1084.0,315.0,50,50
968,889676,1,529.0,752.0,50,50
969,889680,1,475.0,774.0,50,50
969,889095,2,400.0,718.0,50,50
969,889899,1,524.0,681.0,50,50
969,890016,1,147.0,975.0,50,50
969,889814,1,178.0,537.0,50,50
969,890046,1,37.0,910.0,50,50
969,890064,-1,1114.0,328.0,50,50
969,889837,1,1082.0,315.0,50,50
969,889676,1,532.0,750.0,50,50
970,889680,1,480.0,772.0,50,50
970,889095,1,394.0,720.0,50,50
970,889899,1,517.0,685.0,50,50
970,890016,1,156.0,970.0,50,50
970,889814,1,178.0,537.0,50,50
970,890046,1,30.0,915.0,50,50
970,889837,1,1079.0,316.0,50,50
970,889676,1,537.0,747.0,50,50
970,890109,1,27.0,1066.0,50,50
971,889680,1,485.0,769.0,50,50
971,889095,1,389.0,724.0,50,50
971,889899,1,511.0,688.0,50,50
971,890016,1,166.0,965.0,50,50
971,889814,1,178.0,537.0,50,50
971,890046,1,24.0,919.0,50,50
971,889837,1,1079.0,317.0,50,50
971,890109,1,33.0,1065.0,50,50
972,889680,1,490.0,766.0,50,50
972,889095,2,384.0,727.0,50,50
972,889899,1,505.0,692.0,50,50
972,890016,1,176.0,959.0,50,50
972,889814,1,178.0,537.0,50,50
972,890046,1,19.0,923.0,50,50
972,889837,1,1079.0,318.0,50,50
972,890109,1,40.0,1062.0,50,50
972,889676,1,548.0,741.0,50,50
973,889680,1,496.0,763.0,50,50
973,889095,1,379.0,729.0,50,50
973,889899,1,499.0,695.0,50,50
973,890016,1,185.0,954.0,50,50
973,889814,1,178.0,537.0,50,50
973,890046,1,15.0,926.0,50,50
973,889837,1,1078.0,318.0,50,50
973,889676,1,553.0,738.0,50,50
974,889680,1,501.0,760.0,50,50
974,889095,2,374.0,732.0,50,50
974,889899,1,494.0,698.0,50,50
974,890016,1,193.0,949.0,50,50
974,889814,1,178.0,537.0,50,50
974,889837,1,1076.0,319.0,50,50
974,889676,1,555.0,735.0,50,50
974,889738,1,214.0,837.0,50,50
974,890109,1,58.0,1055.0,50,50
975,889680,1,506.0,757.0,50,50
975,889095,2,369.0,735.0,50,50
975,889899,1,488.0,702.0,50,50
975,890016,1,202.0,944.0,50,50
975,889814,1,178.0,537.0,50,50
975,889837,1,1075.0,320.0,50,50
975,889676,1,558.0,732.0,50,50
975,889738,1,203.0,844.0,50,50
976,889680,1,511.0,754.0,50,50
976,889095,2,364.0,737.0,50,50
976,889899,1,482.0,706.0,50,50
976,890016,1,212.0,938.0,50,50
976,889814,1,178.0,537.0,50,50
976,889837,1,1074.0,321.0,50,50
976,889676,1,561.0,730.0,50,50
976,889738,1,196.0,848.0,50,50
976,890109,1,75.0,1046.0,50,50
977,889680,1,514.0,750.0,50,50
977,889095,2,358.0,741.0,50,50
977,889899,1,476.0,710.0,50,50
977,890016,1,220.0,933.0,50,50
977,889814,1,178.0,537.0,50,50
977,889837,-1,1073.0,321.0,50,50
978,889680,1,517.0,747.0,50,50
978,889095,1,352.0,744.0,50,50
978,889899,1,470.0,713.0,50,50
978,890016,1,228.0,928.0,50,50
978,889814,1,178.0,537.0,50,50
978,889837,-1,1071.0,323.0,50,50
978,889738,1,178.0,856.0,50,50
979,889680,1,522.0,745.0,50,50
979,889095,1,347.0,746.0,50,50
979,889899,1,464.0,716.0,50,50
979,890016,1,237.0,923.0,50,50
979,889814,1,178.0,537.0,50,50
979,889837,1,1070.0,324.0,50,50
979,889738,1,169.0,860.0,50,50
979,889676,1,574.0,722.0,50,50
980,889680,1,526.0,742.0,50,50
980,889095,2,341.0,749.0,50,50
980,889899,1,458.0,720.0,50,50
980,890016,1,245.0,918.0,50,50
980,889814,1,178.0,537.0,50,50
980,889837,1,1069.0,324.0,50,50
980,889738,1,160.0,865.0,50,50
981,889680,1,531.0,739.0,50,50
981,889095,2,335.0,752.0,50,50
981,889899,1,451.0,723.0,50,50
981,890016,1,253.0,913.0,50,50
981,889814,1,178.0,537.0,50,50
981,889837,1,1069.0,325.0,50,50
981,889738,1,150.0,870.0,50,50
981,889972,0,918.0,475.0,50,50
982,889680,1,535.0,736.0,50,50
982,889095,1,329.0,755.0,50,50
982,889899,1,445.0,726.0,50,50
982,890016,1,262.0,908.0,50,50
982,889814,1,178.0,537.0,50,50
982,889837,1,1068.0,326.0,50,50
982,890218,1,569.0,637.0,50,50
982,889972,0,920.0,473.0,50,50
982,889676,1,587.0,714.0,50,50
983,889680,1,539.0,734.0,50,50
983,889095,1,323.0,758.0,50,50
983,889899,1,439.0,730.0,50,50
983,890016,1,270.0,903.0,50,50
983,889814,1,178.0,537.0,50,50
983,889837,1,1067.0,327.0,50,50
983,890218,1,565.0,639.0,50,50
983,889972,0,922.0,472.0,50,50
983,889738,1,130.0,882.0,50,50
984,889680,1,544.0,731.0,50,50
984,889095,1,317.0,761.0,50,50
984,889899,1,432.0,734.0,50,50
984,890016,1,278.0,898.0,50,50
984,889814,1,178.0,537.0,50,50
984,889837,1,1065.0,327.0,50,50
984,890218,2,560.0,642.0,50,50
984,889972,0,924.0,471.0,50,50
984,889738,1,120.0,887.0,50,50
985,889680,1,549.0,729.0,50,50
985,889095,2,312.0,764.0,50,50
985,889899,1,425.0,738.0,50,50
985,890016,1,286.0,893.0,50,50
985,889814,1,178.0,537.0,50,50
985,890218,1,555.0,645.0,50,50
985,889738,1,111.0,892.0,50,50
985,890248,1,1190.0,278.0,50,50
986,889680,1,553.0,726.0,50,50
986,889095,1,307.0,767.0,50,50
986,889899,1,419.0,741.0,50,50
986,890016,1,293.0,889.0,50,50
986,889814,1,178.0,537.0,50,50
986,890218,2,551.0,647.0,50,50
986,889738,1,102.0,897.0,50,50
986,890248,1,1191.0,278.0,50,50
986,890259,1,25.0,1045.0,50,50
987,889680,1,557.0,724.0,50,50
987,889095,1,301.0,770.0,50,50
987,889899,1,411.0,744.0,50,50
987,890016,1,301.0,884.0,50,50
987,889814,1,178.0,537.0,50,50
987,890218,2,546.0,650.0,50,50
987,889738,1,91.0,903.0,50,50
987,890248,1,1192.0,277.0,50,50
987,890259,1,30.0,1039.0,50,50
988,889680,1,561.0,721.0,50,50
988,889095,1,295.0,773.0,50,50
988,889899,1,404.0,748.0,50,50
988,890016,1,308.0,879.0,50,50
988,889814,1,178.0,537.0,50,50
988,890218,1,541.0,653.0,50,50
988,889738,1,81.0,908.0,50,50
988,890248,1,1192.0,277.0,50,50
988,890259,1,39.0,1033.0,50,50
989,889680,1,565.0,718.0,50,50
989,889095,1,290.0,776.0,50,50
989,889899,1,398.0,752.0,50,50
989,890016,1,316.0,875.0,50,50
989,889814,1,178.0,537.0,50,50
989,890218,1,536.0,656.0,50,50
989,889738,1,70.0,914.0,50,50
989,890248,1,1192.0,276.0,50,50
989,890259,1,50.0,1027.0,50,50
989,890109,1,171.0,988.0,50,50
989,889837,1,1059.0,330.0,50,50
990,889680,1,571.0,715.0,50,50
990,889899,1,391.0,756.0,50,50
990,890016,1,324.0,871.0,50,50
990,889814,1,178.0,537.0,50,50
990,890218,2,531.0,658.0,50,50
990,889738,1,59.0,919.0,50,50
990,890248,1,1192.0,276.0,50,50
990,890259,1,60.0,1022.0,50,50
990,890109,1,177.0,983.0,50,50
990,889837,1,1057.0,331.0,50,50
991,889680,1,574.0,713.0,50,50
991,889899,1,384.0,760.0,50,50
991,890016,1,331.0,867.0,50,50
991,889814,1,178.0,537.0,50,50
991,890218,2,526.0,661.0,50,50
991,889738,1,49.0,926.0,50,50
991,890248,1,1193.0,276.0,50,50
991,890259,1,70.0,1016.0,50,50
991,890109,1,186.0,979.0,50,50
991,889837,1,1056.0,332.0,50,50
991,889095,2,279.0,782.0,50,50
992,889680,1,577.0,710.0,50,50
992,889899,1,377.0,765.0,50,50
992,890016,1,337.0,863.0,50,50
992,889814,1,178.0,537.0,50,50
992,890218,1,522.0,664.0,50,50
992,889738,1,39.0,932.0,50,50
992,890248,1,1193.0,276.0,50,50
992,890259,1,80.0,1011.0,50,50
992,890109,1,192.0,975.0,50,50
992,889837,1,1055.0,333.0,50,50
992,890320,0,950.0,436.0,50,50
993,889680,1,581.0,708.0,50,50
993,889899,1,369.0,769.0,50,50
993,890016,1,344.0,859.0,50,50
993,889814,1,178.0,537.0,50,50
993,890218,1,517.0,667.0,50,50
993,889738,1,29.0,937.0,50,50
993,890259,1,89.0,1005.0,50,50
993,890109,1,199.0,971.0,50,50
993,889837,1,1054.0,334.0,50,50
994,889680,1,585.0,705.0,50,50
994,889899,1,362.0,772.0,50,50
994,890016,1,351.0,855.0,50,50
994,889814,1,178.0,537.0,50,50
994,890218,1,511.0,670.0,50,50
994,889738,1,22.0,943.0,50,50
994,890259,1,98.0,999.0,50,50
994,890109,1,205.0,967.0,50,50
994,889837,1,1053.0,335.0,50,50
995,889680,1,590.0,703.0,50,50
995,889899,1,355.0,777.0,50,50
995,890016,1,358.0,851.0,50,50
995,889814,1,177.0,537.0,50,50
995,890218,1,506.0,673.0,50,50
995,889738,1,16.0,947.0,50,50
995,890259,1,109.0,994.0,50,50
995,890109,1,210.0,963.0,50,50
995,889837,1,1051.0,336.0,50,50
996,889899,1,348.0,781.0,50,50
996,890016,1,364.0,846.0,50,50
996,889814,1,177.0,537.0,50,50
996,890218,2,502.0,676.0,50,50
996,889738,1,11.0,954.0,50,50
996,890259,1,119.0,988.0,50,50
996,890109,1,216.0,959.0,50,50
996,889837,1,1049.0,337.0,50,50
996,890320,0,957.0,430.0,50,50
997,889899,1,339.0,786.0,50,50
997,890016,1,371.0,842.0,50,50
997,889814,1,177.0,537.0,50,50
997,890218,2,497.0,678.0,50,50
997,889738,-1,6.0,959.0,50,50
997,890259,1,128.0,983.0,50,50
997,890109,1,221.0,955.0,50,50
997,889837,1,1048.0,337.0,50,50
997,890320,0,960.0,428.0,50,50
998,889899,1,332.0,790.0,50,50
998,890016,1,378.0,838.0,50,50
998,889814,1,178.0,537.0,50,50
998,890218,2,491.0,682.0,50,50
998,890259,1,137.0,978.0,50,50
998,890109,1,231.0,951.0,50,50
998,889837,1,1046.0,338.0,50,50
998,890320,0,962.0,427.0,50,50
998,889680,1,600.0,695.0,50,50
999,889899,1,324.0,795.0,50,50
999,890016,1,384.0,835.0,50,50
999,889814,1,178.0,537.0,50,50
999,890218,2,486.0,685.0,50,50
999,890259,1,145.0,973.0,50,50
999,890109,1,236.0,947.0,50,50
999,889837,1,1045.0,339.0,50,50
999,890320,0,964.0,426.0,50,50
1000,889899,1,316.0,799.0,50,50
1000,890016,1,390.0,831.0,50,50
1000,889814,1,178.0,537.0,50,50
1000,890218,2,480.0,688.0,50,50
1000,890259,1,153.0,967.0,50,50
1000,890109,1,242.0,943.0,50,50
1000,889837,1,1044.0,340.0,50,50
1000,890320,0,966.0,425.0,50,50
1000,889680,1,608.0,691.0,50,50
1001,889899,1,307.0,804.0,50,50
1001,890016,1,396.0,827.0,50,50
1001,889814,1,179.0,538.0,50,50
1001,890218,2,474.0,691.0,50,50
1001,890259,1,162.0,962.0,50,50
1001,890109,1,249.0,939.0,50,50
1001,889837,1,1042.0,341.0,50,50
1001,890320,0,967.0,424.0,50,50
1001,890408,2,15.0,1026.0,50,50
1001,889680,1,612.0,689.0,50,50
1001,889095,1,214.0,817.0,50,50
1002,889899,1,300.0,808.0,50,50
1002,890016,1,403.0,823.0,50,50
1002,889814,1,179.0,537.0,50,50
1002,890218,2,469.0,693.0,50,50
1002,890259,1,170.0,957.0,50,50
1002,890109,1,256.0,935.0,50,50
1002,889837,1,1041.0,342.0,50,50
1002,890320,0,969.0,423.0,50,50
1002,890408,2,20.0,1022.0,50,50
1002,889680,1,616.0,686.0,50,50
1003,889899,1,292.0,813.0,50,50
1003,890016,1,410.0,819.0,50,50
1003,889814,1,179.0,537.0,50,50
1003,890218,2,463.0,697.0,50,50
1003,890259,1,178.0,953.0,50,50
1003,890109,1,263.0,931.0,50,50
1003,889837,1,1040.0,342.0,50,50
1003,890408,1,25.0,1017.0,50,50
1003,889680,1,619.0,683.0,50,50
1004,889899,1,285.0,817.0,50,50
1004,890016,1,415.0,816.0,50,50
1004,889814,1,179.0,537.0,50,50
1004,890218,2,458.0,700.0,50,50
1004,890259,1,186.0,948.0,50,50
1004,890109,1,267.0,928.0,50,50
1004,889837,1,1039.0,343.0,50,50
1004,890408,1,32.0,1011.0,50,50
1004,889680,1,622.0,681.0,50,50
1004,890440,1,504.0,663.0,50,50
1005,889899,1,277.0,821.0,50,50
1005,890016,1,421.0,812.0,50,50
1005,889814,1,179.0,537.0,50,50
1005,890218,1,452.0,703.0,50,50
1005,890259,1,194.0,943.0,50,50
1005,890109,1,273.0,924.0,50,50
1005,889837,1,1038.0,344.0,50,50
1005,890408,1,42.0,1005.0,50,50
1005,889680,1,626.0,680.0,50,50
1005,890440,1,500.0,665.0,50,50
1006,889899,1,267.0,825.0,50,50
1006,890016,1,427.0,808.0,50,50
1006,889814,1,179.0,536.0,50,50
1006,890218,1,447.0,706.0,50,50
1006,890259,1,203.0,938.0,50,50
1006,890109,1,280.0,920.0,50,50
1006,889837,1,1036.0,345.0,50,50
1006,890408,1,54.0,998.0,50,50
1006,889680,-1,628.0,678.0,50,50
1006,890440,1,495.0,668.0,50,50
1007,890016,1,433.0,805.0,50,50
1007,889814,1,179.0,536.0,50,50
1007,890218,1,441.0,710.0,50,50
1007,890259,1,211.0,933.0,50,50
1007,890109,1,288.0,916.0,50,50
1007,889837,1,1035.0,346.0,50,50
1007,890408,1,66.0,992.0,50,50
1007,890440,1,490.0,671.0,50,50
1008,890016,1,438.0,801.0,50,50
1008,889814,1,179.0,536.0,50,50
1008,890218,1,436.0,713.0,50,50
1008,890259,1,219.0,928.0,50,50
1008,890109,1,294.0,912.0,50,50
1008,889837,1,1034.0,347.0,50,50
1008,890408,1,76.0,985.0,50,50
1008,890440,1,485.0,674.0,50,50
1008,889095,1,166.0,843.0,50,50
1009,890016,1,444.0,797.0,50,50
1009,889814,1,179.0,536.0,50,50
1009,890218,1,430.0,716.0,50,50
1009,890259,1,227.0,923.0,50,50
1009,890109,1,298.0,909.0,50,50
1009,889837,1,1033.0,348.0,50,50
1009,890408,1,87.0,979.0,50,50
1009,890440,1,480.0,677.0,50,50
1009,889095,1,159.0,848.0,50,50
1010,890016,1,449.0,794.0,50,50
1010,889814,1,179.0,536.0,50,50
1010,890218,2,424.0,720.0,50,50
1010,890259,1,236.0,918.0,50,50
1010,890109,1,306.0,905.0,50,50
1010,889837,1,1032.0,349.0,50,50
1010,890408,1,98.0,973.0,50,50
1010,890440,1,476.0,680.0,50,50
1010,889095,1,151.0,852.0,50,50
1010,889899,1,234.0,846.0,50,50
1011,890016,1,455.0,790.0,50,50
1011,889814,1,179.0,537.0,50,50
1011,890218,1,418.0,723.0,50,50
1011,890259,1,244.0,915.0,50,50
1011,890109,1,311.0,901.0,50,50
1011,889837,1,1030.0,350.0,50,50
1011,890408,1,110.0,967.0,50,50
1011,890440,1,472.0,683.0,50,50
1011,889095,1,144.0,855.0,50,50
1011,889899,1,224.0,850.0,50,50
1012,890016,1,461.0,786.0,50,50
1012,889814,1,179.0,537.0,50,50
1012,890218,1,411.0,727.0,50,50
1012,890259,1,251.0,910.0,50,50
1012,890109,1,317.0,898.0,50,50
1012,889837,-1,1028.0,351.0,50,50
1012,890408,1,121.0,961.0,50,50
1012,890440,1,467.0,686.0,50,50
1012,889095,1,137.0,858.0,50,50
1012,889899,1,216.0,854.0,50,50
1013,890016,0,467.0,783.0,50,50
1013,889814,1,179.0,537.0,50,50
1013,890218,2,406.0,730.0,50,50
1013,890259,1,259.0,905.0,50,50
1013,890109,1,323.0,894.0,50,50
1013,889837,-1,1026.0,352.0,50,50
1013,890408,1,131.0,955.0,50,50
1013,890440,1,461.0,688.0,50,50
1013,889095,1,128.0,861.0,50,50
1013,889899,1,205.0,858.0,50,50
1014,890016,1,472.0,780.0,50,50
1014,889814,1,178.0,537.0,50,50
1014,890259,1,266.0,901.0,50,50
1014,890109,1,329.0,891.0,50,50
1014,890408,1,141.0,949.0,50,50
1014,890440,1,457.0,691.0,50,50
1014,889095,1,121.0,866.0,50,50
1014,889899,1,195.0,863.0,50,50
1015,890016,1,478.0,776.0,50,50
1015,889814,1,178.0,537.0,50,50
1015,890259,1,274.0,896.0,50,50
1015,890109,1,333.0,887.0,50,50
1015,890408,1,152.0,943.0,50,50
1015,890440,1,452.0,694.0,50,50
1015,889095,1,113.0,870.0,50,50
1015,889899,1,185.0,868.0,50,50
1015,889680,1,658.0,656.0,50,50
1015,889837,1,1023.0,354.0,50,50
1016,890016,1,484.0,773.0,50,50
1016,889814,1,178.0,537.0,50,50
1016,890259,1,281.0,892.0,50,50
1016,890109,1,337.0,884.0,50,50
1016,890408,1,163.0,937.0,50,50
1016,890440,1,447.0,696.0,50,50
1016,889095,1,106.0,873.0,50,50
1016,889899,1,176.0,874.0,50,50
1016,889680,1,661.0,655.0,50,50
1016,889837,-1,1022.0,355.0,50,50
1017,890016,1,488.0,770.0,50,50
1017,889814,1,177.0,537.0,50,50
1017,890259,1,289.0,888.0,50,50
1017,890109,1,344.0,881.0,50,50
1017,890408,1,173.0,931.0,50,50
1017,890440,1,442.0,699.0,50,50
1017,889095,1,98.0,877.0,50,50
1017,889899,1,167.0,880.0,50,50
1017,889680,1,665.0,653.0,50,50
1017,889837,1,1020.0,356.0,50,50
1017,890218,1,381.0,744.0,50,50
1018,890016,1,494.0,767.0,50,50
1018,889814,1,178.0,536.0,50,50
1018,890259,1,295.0,883.0,50,50
1018,890109,1,349.0,877.0,50,50
1018,890408,1,183.0,925.0,50,50
1018,890440,1,437.0,702.0,50,50
1018,889095,1,91.0,881.0,50,50
1018,889899,1,157.0,885.0,50,50
1018,889680,1,667.0,650.0,50,50
1018,889837,1,1018.0,357.0,50,50
1018,890218,1,375.0,748.0,50,50
1019,890016,1,498.0,764.0,50,50
1019,889814,1,178.0,536.0,50,50
1019,890259,1,301.0,879.0,50,50
1019,890109,1,355.0,874.0,50,50
1019,890408,1,193.0,919.0,50,50
1019,890440,1,432.0,704.0,50,50
1019,889095,1,83.0,885.0,50,50
1019,889899,1,148.0,891.0,50,50
1019,890218,1,369.0,751.0,50,50
1020,890016,1,504.0,760.0,50,50
1020,889814,1,178.0,536.0,50,50
1020,890259,1,309.0,875.0,50,50
1020,890109,1,360.0,871.0,50,50
1020,890408,1,203.0,914.0,50,50
1020,890440,1,427.0,708.0,50,50
1020,889095,1,74.0,891.0,50,50
1020,889899,1,138.0,896.0,50,50
1020,890218,1,362.0,755.0,50,50
1020,889680,1,673.0,646.0,50,50
1021,890016,1,508.0,757.0,50,50
1021,889814,1,178.0,536.0,50,50
1021,890259,1,316.0,871.0,50,50
1021,890109,1,367.0,867.0,50,50
1021,890408,1,213.0,908.0,50,50
1021,890440,1,422.0,711.0,50,50
1021,889095,1,66.0,894.0,50,50
1021,889899,1,129.0,902.0,50,50
1021,890218,1,355.0,759.0,50,50
1022,890016,1,513.0,754.0,50,50
1022,889814,-1,178.0,536.0,50,50
1022,890259,1,322.0,867.0,50,50
1022,890109,1,373.0,863.0,50,50
1022,890408,1,221.0,902.0,50,50
1022,890440,1,416.0,714.0,50,50
1022,889095,1,58.0,898.0,50,50
1022,889899,1,118.0,908.0,50,50
1022,890218,1,349.0,763.0,50,50
1023,890016,1,518.0,750.0,50,50
1023,890259,1,329.0,863.0,50,50
1023,890109,1,378.0,860.0,50,50
1023,890408,1,230.0,897.0,50,50
1023,890440,1,411.0,717.0,50,50
1023,889095,2,50.0,902.0,50,50
1023,889899,1,107.0,914.0,50,50
1023,890218,1,342.0,766.0,50,50
1023,890622,2,52.0,902.0,50,50
1024,890016,1,523.0,747.0,50,50
1024,890259,1,337.0,859.0,50,50
1024,890109,1,383.0,857.0,50,50
1024,890408,1,240.0,892.0,50,50
1024,890440,1,407.0,720.0,50,50
1024,889095,2,41.0,908.0,50,50
1024,889899,1,98.0,920.0,50,50
1024,890218,1,336.0,769.0,50,50
1025,890016,1,527.0,744.0,50,50
1025,890259,1,343.0,855.0,50,50
1025,890109,1,389.0,854.0,50,50
1025,890408,1,249.0,887.0,50,50
1025,890440,1,401.0,723.0,50,50
1025,889095,2,34.0,912.0,50,50
1025,889899,1,86.0,925.0,50,50
1025,890218,1,328.0,773.0,50,50
1025,889680,1,688.0,635.0,50,50
1026,890016,1,531.0,742.0,50,50
1026,890259,1,350.0,851.0,50,50
1026,890109,1,394.0,850.0,50,50
1026,890408,1,258.0,882.0,50,50
1026,890440,1,395.0,726.0,50,50
1026,889095,1,26.0,916.0,50,50
1026,889899,1,75.0,931.0,50,50
1026,890218,1,321.0,777.0,50,50
1026,889837,1,1005.0,364.0,50,50
1027,890016,-1,536.0,739.0,50,50
1027,890259,1,355.0,847.0,50,50
1027,890109,1,399.0,847.0,50,50
1027,890408,1,267.0,876.0,50,50
1027,890440,1,390.0,729.0,50,50
1027,889095,1,21.0,921.0,50,50
1027,889899,1,64.0,937.0,50,50
1027,890218,1,314.0,781.0,50,50
1027,889837,1,1004.0,364.0,50,50
1028,890016,1,541.0,735.0,50,50
1028,890259,1,361.0,843.0,50,50
1028,890408,1,276.0,871.0,50,50
1028,890440,1,385.0,732.0,50,50
1028,889095,2,17.0,925.0,50,50
1028,889899,1,52.0,943.0,50,50
1028,890218,1,307.0,785.0,50,50
1028,889837,1,1003.0,365.0,50,50
1029,890016,1,544.0,733.0,50,50
1029,890259,1,368.0,839.0,50,50
1029,890408,1,285.0,866.0,50,50
1029,890440,1,381.0,735.0,50,50
1029,889095,1,14.0,928.0,50,50
1029,889899,1,41.0,949.0,50,50
1029,890218,1,300.0,788.0,50,50
1029,889837,1,1001.0,367.0,50,50
1029,889680,1,699.0,627.0,50,50
1029,890109,1,409.0,841.0,50,50
1030,890016,1,549.0,730.0,50,50
1030,890259,1,374.0,836.0,50,50
1030,890408,1,293.0,861.0,50,50
1030,890440,1,376.0,738.0,50,50
1030,889095,1,9.0,933.0,50,50
1030,889899,1,30.0,955.0,50,50
1030,890218,1,294.0,792.0,50,50
1030,889837,1,1000.0,368.0,50,50
1030,889680,1,702.0,625.0,50,50
1031,890016,1,554.0,727.0,50,50
1031,890259,1,380.0,832.0,50,50
1031,890408,1,301.0,856.0,50,50
1031,890440,1,370.0,742.0,50,50
1031,889095,2,5.0,933.0,50,50
1031,889899,1,22.0,962.0,50,50
1031,890218,1,287.0,796.0,50,50
1031,889837,1,999.0,369.0,50,50
1031,889680,1,705.0,624.0,50,50
1031,890320,0,1015.0,387.0,50,50
1032,890016,1,559.0,724.0,50,50
1032,890259,1,386.0,828.0,50,50
1032,890408,1,309.0,852.0,50,50
1032,890440,1,364.0,745.0,50,50
1032,889899,1,16.0,968.0,50,50
1032,890218,1,280.0,800.0,50,50
1032,889837,1,998.0,370.0,50,50
1032,889680,1,708.0,622.0,50,50
1032,890320,0,1015.0,385.0,50,50
1033,890016,1,563.0,721.0,50,50
1033,890259,1,392.0,824.0,50,50
1033,890408,1,317.0,847.0,50,50
1033,890440,1,357.0,748.0,50,50
1033,889899,1,11.0,974.0,50,50
1033,889837,1,996.0,371.0,50,50
1033,890320,0,1016.0,384.0,50,50
1033,890109,1,429.0,828.0,50,50
1034,890016,1,567.0,718.0,50,50
1034,890259,1,398.0,820.0,50,50
1034,890408,1,325.0,842.0,50,50
1034,890440,1,351.0,752.0,50,50
1034,889899,-1,5.0,979.0,50,50
1034,889837,1,994.0,372.0,50,50
1034,890320,0,1017.0,383.0,50,50
1034,890109,1,433.0,825.0,50,50
1035,890016,1,571.0,715.0,50,50
1035,890259,1,405.0,817.0,50,50
1035,890408,1,332.0,838.0,50,50
1035,890440,1,344.0,755.0,50,50
1035,889837,1,992.0,373.0,50,50
1035,890109,1,436.0,822.0,50,50
1036,890016,1,575.0,713.0,50,50
1036,890259,1,410.0,814.0,50,50
1036,890408,1,340.0,833.0,50,50
1036,890440,1,338.0,758.0,50,50
1036,889837,1,990.0,374.0,50,50
1036,890109,1,441.0,820.0,50,50
1036,890320,0,1020.0,381.0,50,50
1037,890016,1,579.0,710.0,50,50
1037,890259,1,416.0,810.0,50,50
1037,890408,1,348.0,828.0,50,50
1037,890440,1,332.0,762.0,50,50
1037,889837,1,988.0,375.0,50,50
1037,890109,1,447.0,817.0,50,50
1037,890320,0,1022.0,380.0,50,50
1038,890259,1,423.0,807.0,50,50
1038,890408,1,355.0,824.0,50,50
1038,890440,1,327.0,765.0,50,50
1038,889837,1,987.0,376.0,50,50
1038,890109,1,451.0,814.0,50,50
1038,890320,0,1023.0,379.0,50,50
1039,890259,1,429.0,804.0,50,50
1039,890408,1,363.0,819.0,50,50
1039,890440,1,321.0,768.0,50,50
1039,889837,1,986.0,377.0,50,50
1039,890109,1,456.0,811.0,50,50
1039,890320,0,1024.0,378.0,50,50
1040,890259,1,435.0,800.0,50,50
1040,890408,1,371.0,815.0,50,50
1040,890440,1,314.0,772.0,50,50
1040,889837,1,984.0,378.0,50,50
1040,890109,1,461.0,807.0,50,50
1040,890320,0,1026.0,377.0,50,50
1040,890218,1,216.0,833.0,50,50
1040,890016,1,592.0,702.0,50,50
1041,890259,1,439.0,797.0,50,50
1041,890408,1,379.0,810.0,50,50
1041,890440,1,308.0,775.0,50,50
1041,889837,1,983.0,380.0,50,50
1041,890320,0,1028.0,376.0,50,50
1041,890218,1,208.0,837.0,50,50
1042,890259,1,444.0,794.0,50,50
1042,890408,1,386.0,806.0,50,50
1042,890440,1,302.0,779.0,50,50
1042,889837,1,982.0,381.0,50,50
1042,890320,0,1030.0,375.0,50,50
1042,890218,1,201.0,842.0,50,50
1042,890109,1,471.0,801.0,50,50
1042,890016,2,599.0,697.0,50,50
1043,890259,1,450.0,791.0,50,50
1043,890408,1,392.0,802.0,50,50
1043,890440,1,296.0,782.0,50,50
1043,889837,1,980.0,382.0,50,50
1043,890320,0,1030.0,374.0,50,50
1043,890218,1,192.0,848.0,50,50
1043,890016,1,603.0,694.0,50,50
1044,890259,1,456.0,787.0,50,50
1044,890408,1,400.0,797.0,50,50
1044,890440,1,290.0,786.0,50,50
1044,889837,1,978.0,382.0,50,50
1044,890320,0,1031.0,373.0,50,50
1044,890218,1,184.0,852.0,50,50
1044,890016,1,607.0,691.0,50,50
1044,890109,1,480.0,795.0,50,50
1045,890259,1,461.0,783.0,50,50
1045,890408,1,407.0,793.0,50,50
1045,889837,1,976.0,383.0,50,50
1045,890218,1,176.0,856.0,50,50
1045,890016,1,611.0,689.0,50,50
1045,890109,1,485.0,793.0,50,50
1046,890259,1,467.0,779.0,50,50
1046,890408,1,415.0,789.0,50,50
1046,889837,1,974.0,384.0,50,50
1046,890218,1,168.0,860.0,50,50
1046,890016,1,615.0,686.0,50,50
1046,890109,-1,488.0,790.0,50,50
1047,890259,1,472.0,776.0,50,50
1047,890408,1,421.0,785.0,50,50
1047,889837,1,972.0,385.0,50,50
1047,890218,1,159.0,865.0,50,50
1047,890016,1,619.0,684.0,50,50
1047,890109,-1,493.0,787.0,50,50
1047,890320,0,1036.0,370.0,50,50
1048,890259,1,478.0,774.0,50,50
1048,890408,1,427.0,781.0,50,50
1048,889837,1,970.0,387.0,50,50
1048,890218,1,149.0,870.0,50,50
1048,890016,1,622.0,681.0,50,50
1048,890109,-1,495.0,785.0,50,50
1048,890320,0,1038.0,368.0,50,50
1048,889680,1,750.0,591.0,50,50
1049,890259,1,483.0,771.0,50,50
1049,890408,1,435.0,776.0,50,50
1049,889837,-1,968.0,388.0,50,50
1049,890218,1,141.0,874.0,50,50
1049,890016,2,625.0,679.0,50,50
1049,890109,1,498.0,782.0,50,50
1049,890320,0,1040.0,368.0,50,50
1050,890259,1,487.0,768.0,50,50
1050,890408,1,441.0,773.0,50,50
1050,889837,1,967.0,389.0,50,50
1050,890218,1,132.0,879.0,50,50
1050,890016,2,628.0,677.0,50,50
1050,890320,0,1041.0,367.0,50,50
1051,890259,1,492.0,764.0,50,50
1051,890408,1,448.0,769.0,50,50
1051,889837,1,965.0,390.0,50,50
1051,890218,1,123.0,883.0,50,50
1051,890016,2,632.0,674.0,50,50
1051,890320,0,1042.0,366.0,50,50
1051,890845,0,1002.0,368.0,50,50
1052,890259,1,497.0,761.0,50,50
1052,890408,1,455.0,765.0,50,50
1052,890218,1,114.0,888.0,50,50
1052,890016,1,636.0,671.0,50,50
1052,890320,0,1043.0,365.0,50,50
1052,890845,0,1000.0,370.0,50,50
1052,890109,1,511.0,773.0,50,50
1053,890259,1,502.0,758.0,50,50
1053,890408,1,462.0,761.0,50,50
1053,890218,1,105.0,894.0,50,50
1053,890016,1,638.0,668.0,50,50
1053,890845,0,998.0,371.0,50,50
1053,890109,1,516.0,770.0,50,50
1054,890259,1,508.0,755.0,50,50
1054,890408,1,467.0,757.0,50,50
1054,890218,1,96.0,899.0,50,50
1054,890016,2,642.0,666.0,50,50
1055,890259,1,512.0,751.0,50,50
1055,890408,1,474.0,753.0,50,50
1055,890218,1,86.0,904.0,50,50
1055,890016,2,646.0,663.0,50,50
1055,889837,1,958.0,394.0,50,50
1056,890259,1,517.0,748.0,50,50
1056,890408,1,480.0,749.0,50,50
1056,890218,1,78.0,909.0,50,50
1056,890016,2,649.0,661.0,50,50
1057,890259,1,522.0,746.0,50,50
1057,890408,1,487.0,745.0,50,50
1057,890218,1,68.0,914.0,50,50
1057,890016,2,652.0,659.0,50,50
1057,889837,1,954.0,396.0,50,50
1058,890218,1,57.0,920.0,50,50
1058,890016,1,656.0,657.0,50,50
1058,889837,1,952.0,397.0,50,50
1059,890218,1,47.0,925.0,50,50
1059,890016,1,660.0,654.0,50,50
1059,889837,1,950.0,398.0,50,50
1059,890893,2,13.0,1025.0,50,50
1060,890218,1,37.0,930.0,50,50
1060,890016,1,663.0,652.0,50,50
1060,889837,1,948.0,400.0,50,50
1060,890893,1,20.0,1019.0,50,50
1060,890845,0,984.0,379.0,50,50
1061,890218,1,27.0,935.0,50,50
1061,890016,2,667.0,650.0,50,50
1061,889837,1,946.0,400.0,50,50
1061,890893,1,27.0,1013.0,50,50
1062,890218,1,21.0,941.0,50,50
1062,890016,2,670.0,647.0,50,50
1062,889837,1,945.0,401.0,50,50
1062,890893,2,38.0,1005.0,50,50
1062,890914,1,14.0,1056.0,50,50
1062,890915,1,1015.0,349.0,50,50
1062,890408,1,521.0,728.0,50,50
1063,890016,2,673.0,645.0,50,50
1063,889837,1,943.0,402.0,50,50
1063,890893,1,51.0,997.0,50,50
1063,890914,1,19.0,1053.0,50,50
1063,890915,1,1014.0,350.0,50,50
1064,889837,-1,942.0,404.0,50,50
1064,890893,1,65.0,989.0,50,50
1064,890914,1,25.0,1047.0,50,50
1064,890915,1,1013.0,351.0,50,50
1064,890933,1,1051.0,316.0,50,50
1064,890218,1,10.0,952.0,50,50
1064,890408,1,530.0,721.0,50,50
1065,889837,1,940.0,405.0,50,50
1065,890893,1,78.0,982.0,50,50
1065,890914,1,30.0,1040.0,50,50
1065,890933,1,1050.0,316.0,50,50
1065,890943,1,143.0,865.0,50,50
1065,890218,-1,5.0,955.0,50,50
1065,890408,1,534.0,718.0,50,50
1066,889837,1,938.0,407.0,50,50
1066,890893,1,93.0,974.0,50,50
1066,890914,1,39.0,1033.0,50,50
1066,890933,1,1049.0,317.0,50,50
1066,890943,1,135.0,868.0,50,50
1066,890320,0,1061.0,352.0,50,50
1066,890915,1,1028.0,350.0,50,50
1067,889837,1,936.0,408.0,50,50
1067,890893,1,106.0,967.0,50,50
1067,890914,1,47.0,1028.0,50,50
1067,890933,1,1048.0,318.0,50,50
1067,890943,1,126.0,874.0,50,50
1067,890320,0,1061.0,352.0,50,50
1067,890915,1,1029.0,350.0,50,50
1068,890893,1,119.0,960.0,50,50
1068,890914,1,57.0,1022.0,50,50
1068,890933,1,1047.0,319.0,50,50
1068,890943,1,118.0,879.0,50,50
1068,890915,1,1029.0,351.0,50,50
1068,890016,2,689.0,633.0,50,50
1069,890893,1,131.0,953.0,50,50
1069,890914,1,67.0,1015.0,50,50
1069,890943,1,109.0,884.0,50,50
1069,890016,2,692.0,632.0,50,50
1070,890893,1,143.0,946.0,50,50
1070,890914,1,78.0,1009.0,50,50
1070,890943,1,101.0,888.0,50,50
1070,890016,2,695.0,630.0,50,50
1071,890893,1,155.0,940.0,50,50
1071,890914,1,88.0,1003.0,50,50
1071,890943,1,93.0,893.0,50,50
1071,890016,2,699.0,628.0,50,50
1072,890893,1,167.0,933.0,50,50
1072,890914,1,96.0,997.0,50,50
1072,890943,1,84.0,898.0,50,50
1072,890016,2,703.0,625.0,50,50
1073,890893,1,178.0,926.0,50,50
1073,890914,1,109.0,990.0,50,50
1073,890943,1,76.0,903.0,50,50
1073,890016,2,706.0,623.0,50,50
1074,890893,1,190.0,919.0,50,50
1074,890914,1,120.0,984.0,50,50
1074,890943,1,67.0,908.0,50,50
1074,890016,2,709.0,621.0,50,50
1075,890893,1,201.0,913.0,50,50
1075,890914,1,129.0,979.0,50,50
1075,890943,1,58.0,913.0,50,50
1075,890016,2,712.0,619.0,50,50
1075,890998,1,23.0,1068.0,50,50
1076,890893,1,212.0,906.0,50,50
1076,890914,1,141.0,973.0,50,50
1076,890943,1,50.0,918.0,50,50
1076,890016,2,714.0,617.0,50,50
1076,890998,1,27.0,1065.0,50,50
1077,890893,1,223.0,900.0,50,50
1077,890914,1,150.0,967.0,50,50
1077,890943,1,40.0,922.0,50,50
1077,890998,1,33.0,1062.0,50,50
1078,890893,1,235.0,894.0,50,50
1078,890914,1,159.0,961.0,50,50
1078,890943,1,32.0,927.0,50,50
1078,890998,1,39.0,1058.0,50,50
1079,890893,1,245.0,887.0,50,50
1079,890914,1,170.0,956.0,50,50
1079,890943,1,25.0,931.0,50,50
1079,890998,1,49.0,1056.0,50,50
1080,890893,1,255.0,882.0,50,50
1080,890914,1,178.0,951.0,50,50
1080,890943,1,20.0,936.0,50,50
1080,890998,1,58.0,1051.0,50,50
1080,891022,1,989.0,366.0,50,50
1080,890109,1,618.0,683.0,50,50
1080,890016,1,727.0,608.0,50,50
1081,890893,1,266.0,875.0,50,50
1081,890914,1,186.0,946.0,50,50
1081,890943,1,15.0,941.0,50,50
1081,890998,1,68.0,1046.0,50,50
1081,891022,1,988.0,366.0,50,50
1081,891032,1,1006.0,364.0,50,50
1081,890016,0,730.0,605.0,50,50
1082,890893,1,277.0,870.0,50,50
1082,890914,1,195.0,940.0,50,50
1082,890998,1,77.0,1040.0,50,50
1082,891022,1,987.0,368.0,50,50
1082,891032,1,1005.0,365.0,50,50
1082,890016,0,733.0,603.0,50,50
1083,890893,1,287.0,864.0,50,50
1083,890914,1,204.0,935.0,50,50
1083,890998,1,85.0,1036.0,50,50
1083,891022,1,985.0,369.0,50,50
1083,890016,2,736.0,602.0,50,50
1083,890915,2,1059.0,366.0,50,50
1084,890893,1,296.0,859.0,50,50
1084,890914,1,213.0,930.0,50,50
1084,890998,1,95.0,1030.0,50,50
1084,890016,2,738.0,600.0,50,50
1084,890915,2,1060.0,367.0,50,50
1084,890109,1,628.0,657.0,50,50
1085,890893,1,306.0,853.0,50,50
1085,890914,1,223.0,924.0,50,50
1085,890016,1,741.0,598.0,50,50
1085,890915,2,1061.0,366.0,50,50
1085,890109,1,632.0,653.0,50,50
1085,890933,1,1030.0,331.0,50,50
1086,890893,1,315.0,847.0,50,50
1086,890914,1,231.0,919.0,50,50
1086,890016,-1,744.0,596.0,50,50
1086,890109,1,637.0,649.0,50,50
1086,890998,1,114.0,1018.0,50,50
1087,890893,1,324.0,841.0,50,50
1087,890914,1,240.0,914.0,50,50
1087,890016,2,746.0,595.0,50,50
1087,890998,1,122.0,1013.0,50,50
1088,890893,1,333.0,835.0,50,50
1088,890914,1,250.0,908.0,50,50
1088,890016,2,749.0,593.0,50,50
1088,890998,1,130.0,1008.0,50,50
1089,890893,1,342.0,831.0,50,50
1089,890914,1,258.0,903.0,50,50
1089,890016,2,752.0,591.0,50,50
1089,890998,1,140.0,1003.0,50,50
1090,890893,1,351.0,825.0,50,50
1090,890914,1,266.0,897.0,50,50
1090,890016,2,755.0,589.0,50,50
1090,890998,1,149.0,998.0,50,50
1091,890893,1,361.0,820.0,50,50
1091,890914,1,275.0,892.0,50,50
1091,890998,1,157.0,992.0,50,50
1092,890893,1,369.0,815.0,50,50
1092,890914,1,284.0,888.0,50,50
1092,890998,1,166.0,987.0,50,50
1093,890893,1,377.0,809.0,50,50
1093,890914,1,291.0,884.0,50,50
1093,890998,1,174.0,982.0,50,50
1094,890893,1,386.0,804.0,50,50
1094,890914,1,299.0,879.0,50,50
1095,890893,1,394.0,800.0,50,50
1095,890914,1,307.0,873.0,50,50
1095,890109,1,675.0,623.0,50,50
1096,890893,1,402.0,795.0,50,50
1096,890914,1,314.0,869.0,50,50
1096,890109,1,679.0,620.0,50,50
1097,890893,1,410.0,790.0,50,50
1097,890914,1,321.0,865.0,50,50
1097,890109,1,683.0,617.0,50,50
1097,890998,1,207.0,962.0,50,50
1098,890893,-1,418.0,785.0,50,50
1098,890914,1,329.0,861.0,50,50
1098,890998,1,215.0,957.0,50,50
1098,891022,1,974.0,385.0,50,50
1099,890893,1,426.0,780.0,50,50
1099,890914,1,337.0,856.0,50,50
1099,890998,1,223.0,952.0,50,50
1099,891117,1,33.0,1061.0,50,50
1100,890893,1,434.0,775.0,50,50
1100,890914,1,344.0,852.0,50,50
1100,890998,1,231.0,948.0,50,50
1100,891117,1,42.0,1056.0,50,50
1100,891125,2,661.0,561.0,50,50
1100,890016,2,780.0,571.0,50,50
1101,890893,1,442.0,771.0,50,50
1101,890914,1,351.0,847.0,50,50
1101,890998,1,239.0,943.0,50,50
1101,891117,1,53.0,1050.0,50,50
1101,891125,2,658.0,563.0,50,50
1101,891133,1,859.0,455.0,50,50
1101,890109,2,700.0,606.0,50,50
1102,890893,1,449.0,766.0,50,50
1102,890914,1,359.0,843.0,50,50
1102,890998,1,247.0,938.0,50,50
1102,891117,1,66.0,1044.0,50,50
1102,891133,1,857.0,457.0,50,50
1102,890109,2,703.0,604.0,50,50
1103,890893,-1,457.0,761.0,50,50
1103,890914,1,365.0,839.0,50,50
1103,890998,1,255.0,933.0,50,50
1103,891117,1,76.0,1037.0,50,50
1103,891133,1,855.0,458.0,50,50
1104,890893,1,465.0,757.0,50,50
1104,890914,1,371.0,835.0,50,50
1104,890998,1,262.0,929.0,50,50
1104,891117,1,85.0,1032.0,50,50
1104,891133,1,852.0,460.0,50,50
1104,891154,1,41.0,1072.0,50,50
1105,890893,1,472.0,752.0,50,50
1105,890914,1,377.0,831.0,50,50
1105,890998,1,269.0,924.0,50,50
1105,891117,1,96.0,1025.0,50,50
1105,891133,2,850.0,461.0,50,50
1105,891154,1,48.0,1070.0,50,50
1106,890893,1,479.0,747.0,50,50
1106,890914,1,385.0,827.0,50,50
1106,890998,1,277.0,920.0,50,50
1106,891117,1,105.0,1019.0,50,50
1106,891133,2,848.0,463.0,50,50
1106,891154,1,55.0,1067.0,50,50
1107,890893,1,486.0,743.0,50,50
1107,890914,1,392.0,822.0,50,50
1107,890998,1,285.0,915.0,50,50
1107,891117,1,115.0,1013.0,50,50
1107,891133,2,845.0,464.0,50,50
1107,891154,1,62.0,1065.0,50,50
1107,891176,1,890.0,444.0,50,50
1108,890893,1,493.0,739.0,50,50
1108,890914,1,399.0,818.0,50,50
1108,890998,1,292.0,911.0,50,50
1108,891117,1,123.0,1007.0,50,50
1108,891133,2,842.0,466.0,50,50
1108,891154,1,67.0,1063.0,50,50
1108,891176,1,887.0,446.0,50,50
1108,890933,2,1002.0,347.0,50,50
1108,890109,1,726.0,588.0,50,50
1109,890893,1,501.0,735.0,50,50
1109,890914,1,406.0,814.0,50,50
1109,890998,1,298.0,907.0,50,50
1109,891117,1,134.0,1001.0,50,50
1109,891133,1,839.0,467.0,50,50
1109,891154,1,71.0,1061.0,50,50
1109,891176,1,885.0,447.0,50,50
1109,890933,2,1000.0,348.0,50,50
1109,890109,1,729.0,586.0,50,50
1110,890914,1,413.0,809.0,50,50
1110,890998,1,304.0,902.0,50,50
1110,891117,1,143.0,995.0,50,50
1110,891133,1,836.0,469.0,50,50
1110,891154,1,75.0,1059.0,50,50
1110,891176,1,883.0,448.0,50,50
1110,890933,-1,999.0,349.0,50,50
1110,890109,1,733.0,583.0,50,50
1110,891022,1,944.0,399.0,50,50
1110,890016,1,804.0,553.0,50,50
1111,890914,1,420.0,805.0,50,50
1111,890998,1,311.0,898.0,50,50
1111,891117,1,153.0,990.0,50,50
1111,891133,1,833.0,471.0,50,50
1111,891154,1,81.0,1057.0,50,50
1111,891176,1,880.0,450.0,50,50
1111,890933,2,998.0,349.0,50,50
1111,890109,1,736.0,581.0,50,50
1111,891022,1,942.0,401.0,50,50
1112,890914,1,426.0,802.0,50,50
1112,890998,1,317.0,894.0,50,50
1112,891117,1,163.0,984.0,50,50
1112,891133,1,831.0,472.0,50,50
1112,891154,1,88.0,1053.0,50,50
1112,891176,1,878.0,451.0,50,50
1112,890109,1,739.0,578.0,50,50
1112,891022,1,939.0,402.0,50,50
1112,890016,1,808.0,550.0,50,50
1113,890914,1,432.0,798.0,50,50
1113,890998,1,324.0,890.0,50,50
1113,891117,1,170.0,979.0,50,50
1113,891133,1,828.0,474.0,50,50
1113,891154,1,96.0,1049.0,50,50
1113,891176,1,875.0,454.0,50,50
1113,890109,1,743.0,576.0,50,50
1113,890016,1,810.0,548.0,50,50
1113,890893,1,528.0,718.0,50,50
1114,890914,1,438.0,794.0,50,50
1114,890998,1,331.0,886.0,50,50
1114,891117,1,180.0,973.0,50,50
1114,891133,1,826.0,476.0,50,50
1114,891154,1,102.0,1046.0,50,50
1114,891176,1,873.0,455.0,50,50
1114,890016,1,812.0,547.0,50,50
1114,891240,2,846.0,456.0,50,50
1114,890893,1,534.0,715.0,50,50
1115,890914,1,444.0,791.0,50,50
1115,890998,1,336.0,883.0,50,50
1115,891117,1,189.0,968.0,50,50
1115,891133,1,823.0,477.0,50,50
1115,891154,1,108.0,1042.0,50,50
1115,891176,1,870.0,457.0,50,50
1115,891240,-1,844.0,457.0,50,50
1115,890893,1,539.0,711.0,50,50
1116,890914,1,449.0,787.0,50,50
1116,890998,1,343.0,879.0,50,50
1116,891117,1,199.0,963.0,50,50
1116,891133,1,821.0,478.0,50,50
1116,891154,1,114.0,1038.0,50,50
1116,891176,1,867.0,460.0,50,50
1117,890914,1,455.0,783.0,50,50
1117,890998,1,350.0,874.0,50,50
1117,891117,1,208.0,958.0,50,50
1117,891133,2,818.0,480.0,50,50
1117,891154,1,120.0,1034.0,50,50
1118,890914,1,462.0,779.0,50,50
1118,890998,1,357.0,870.0,50,50
1118,891117,1,217.0,952.0,50,50
1118,891133,2,815.0,482.0,50,50
1118,891154,1,126.0,1031.0,50,50
1118,890933,2,989.0,355.0,50,50
1118,891176,1,862.0,463.0,50,50
1119,890914,1,467.0,775.0,50,50
1119,890998,1,363.0,866.0,50,50
1119,891117,1,225.0,947.0,50,50
1119,891133,1,812.0,483.0,50,50
1119,891176,1,860.0,465.0,50,50
1119,890109,1,763.0,563.0,50,50
1120,890914,1,474.0,771.0,50,50
1120,890998,1,370.0,862.0,50,50
1120,891117,1,233.0,942.0,50,50
1120,891133,1,810.0,485.0,50,50
1120,891176,1,858.0,467.0,50,50
1120,891154,1,140.0,1021.0,50,50
1121,890914,1,480.0,767.0,50,50
1121,890998,2,376.0,858.0,50,50
1121,891117,1,242.0,937.0,50,50
1121,891133,1,808.0,487.0,50,50
1121,891176,1,856.0,469.0,50,50
1121,891291,1,21.0,1020.0,50,50
1121,891154,1,147.0,1017.0,50,50
1121,890893,1,577.0,685.0,50,50
1122,890914,1,486.0,764.0,50,50
1122,890998,1,382.0,855.0,50,50
1122,891117,1,251.0,933.0,50,50
1122,891133,1,804.0,489.0,50,50
1122,891176,1,853.0,470.0,50,50
1122,891291,1,27.0,1014.0,50,50
1122,891154,1,153.0,1013.0,50,50
1122,890893,1,583.0,682.0,50,50
1123,890914,1,492.0,761.0,50,50
1123,890998,1,387.0,851.0,50,50
1123,891117,1,260.0,928.0,50,50
1123,891133,1,801.0,491.0,50,50
1123,891176,1,849.0,472.0,50,50
1123,891291,1,37.0,1007.0,50,50
1123,891154,1,158.0,1010.0,50,50
1123,890893,1,589.0,679.0,50,50
1123,890016,1,834.0,532.0,50,50
1124,890914,1,498.0,757.0,50,50
1124,890998,2,393.0,847.0,50,50
1124,891117,1,267.0,923.0,50,50
1124,891133,1,799.0,493.0,50,50
1124,891176,1,847.0,473.0,50,50
1124,891291,1,50.0,999.0,50,50
1124,891154,1,164.0,1006.0,50,50
1124,890893,1,594.0,675.0,50,50
1124,890016,1,835.0,530.0,50,50
1125,890914,1,503.0,754.0,50,50
1125,890998,1,399.0,843.0,50,50
1125,891117,1,274.0,918.0,50,50
1125,891133,1,797.0,494.0,50,50
1125,891176,1,844.0,475.0,50,50
1125,891291,1,64.0,992.0,50,50
1125,891154,1,168.0,1002.0,50,50
1125,890893,1,599.0,671.0,50,50
1125,890016,1,837.0,529.0,50,50
1126,890914,1,507.0,750.0,50,50
1126,890998,1,406.0,840.0,50,50
1126,891117,1,283.0,913.0,50,50
1126,891133,1,794.0,496.0,50,50
1126,891176,1,840.0,477.0,50,50
1126,891291,1,75.0,985.0,50,50
1126,891154,1,174.0,999.0,50,50
1126,890016,1,839.0,527.0,50,50
1126,890933,2,978.0,360.0,50,50
1127,890914,1,512.0,746.0,50,50
1127,890998,1,411.0,836.0,50,50
1127,891117,1,291.0,908.0,50,50
1127,891133,1,791.0,497.0,50,50
1127,891176,1,837.0,479.0,50,50
1127,891291,1,88.0,979.0,50,50
1127,891154,1,179.0,995.0,50,50
1127,890933,2,976.0,361.0,50,50
1127,890893,2,611.0,663.0,50,50
1128,890914,1,517.0,744.0,50,50
1128,890998,1,417.0,832.0,50,50
1128,891117,1,298.0,904.0,50,50
1128,891133,1,787.0,499.0,50,50
1128,891176,1,835.0,480.0,50,50
1128,891291,1,99.0,972.0,50,50
1128,891154,1,185.0,991.0,50,50
1128,890933,2,975.0,362.0,50,50
1128,891240,1,839.0,451.0,50,50
1128,890016,1,843.0,525.0,50,50
1129,890914,1,523.0,740.0,50,50
1129,890998,1,423.0,829.0,50,50
1129,891117,1,305.0,899.0,50,50
1129,891133,1,784.0,500.0,50,50
1129,891176,1,832.0,482.0,50,50
1129,891291,1,112.0,965.0,50,50
1129,891154,1,190.0,987.0,50,50
1129,890933,-1,974.0,362.0,50,50
1129,891374,1,815.0,477.0,50,50
1129,891240,-1,839.0,451.0,50,50
1130,890914,1,529.0,736.0,50,50
1130,890998,1,428.0,825.0,50,50
1130,891117,1,312.0,896.0,50,50
1130,891133,2,781.0,502.0,50,50
1130,891176,1,828.0,484.0,50,50
1130,891291,1,123.0,958.0,50,50
1130,891154,1,196.0,983.0,50,50
1130,890933,-1,972.0,363.0,50,50
1130,891240,1,836.0,453.0,50,50
1130,891384,2,563.0,620.0,50,50
1130,890893,1,627.0,653.0,50,50
1131,890914,1,534.0,732.0,50,50
1131,890998,1,434.0,822.0,50,50
1131,891117,1,319.0,891.0,50,50
1131,891133,1,778.0,504.0,50,50
1131,891291,1,135.0,952.0,50,50
1131,891154,1,202.0,980.0,50,50
1131,891240,1,834.0,454.0,50,50
1131,891384,2,560.0,623.0,50,50
1131,890893,1,632.0,650.0,50,50
1131,890016,1,849.0,521.0,50,50
1132,890914,1,539.0,729.0,50,50
1132,890998,1,439.0,819.0,50,50
1132,891117,1,326.0,887.0,50,50
1132,891133,1,775.0,506.0,50,50
1132,891291,1,146.0,946.0,50,50
1132,891154,1,207.0,976.0,50,50
1132,891240,1,832.0,455.0,50,50
1132,891384,-1,556.0,624.0,50,50
1132,890893,2,637.0,647.0,50,50
1132,890016,1,851.0,519.0,50,50
1132,891176,1,822.0,488.0,50,50
1133,890914,1,545.0,726.0,50,50
1133,890998,1,445.0,815.0,50,50
1133,891117,1,333.0,882.0,50,50
1133,891133,1,772.0,508.0,50,50
1133,891291,1,157.0,940.0,50,50
1133,891154,1,212.0,973.0,50,50
1133,891240,1,829.0,457.0,50,50
1133,891384,2,552.0,626.0,50,50
1133,890893,2,642.0,643.0,50,50
1133,890016,1,853.0,517.0,50,50
1133,891176,1,820.0,490.0,50,50
1134,890914,1,550.0,722.0,50,50
1134,890998,1,451.0,812.0,50,50
1134,891117,1,340.0,878.0,50,50
1134,891133,1,769.0,510.0,50,50
1134,891291,1,167.0,933.0,50,50
1134,891154,1,218.0,969.0,50,50
1134,891240,1,828.0,457.0,50,50
1134,891384,-1,548.0,629.0,50,50
1134,890893,2,647.0,640.0,50,50
1134,890016,1,855.0,516.0,50,50
1134,891176,1,818.0,491.0,50,50
1135,890914,1,556.0,719.0,50,50
1135,890998,1,456.0,809.0,50,50
1135,891117,1,348.0,874.0,50,50
1135,891133,1,766.0,511.0,50,50
1135,891291,1,178.0,927.0,50,50
1135,891154,1,223.0,966.0,50,50
1135,891384,-1,543.0,631.0,50,50
1135,890893,2,652.0,636.0,50,50
1135,890016,1,857.0,515.0,50,50
1135,891176,1,815.0,493.0,50,50
1136,890914,1,562.0,716.0,50,50
1136,890998,1,462.0,805.0,50,50
1136,891117,1,354.0,869.0,50,50
1136,891133,1,764.0,513.0,50,50
1136,891291,1,188.0,921.0,50,50
1136,891154,1,229.0,962.0,50,50
1136,891384,2,540.0,632.0,50,50
1136,890016,1,858.0,513.0,50,50
1136,891176,1,811.0,495.0,50,50
1137,890914,1,565.0,713.0,50,50
1137,890998,1,468.0,802.0,50,50
1137,891117,1,362.0,865.0,50,50
1137,891133,1,761.0,514.0,50,50
1137,891291,1,199.0,915.0,50,50
1137,891154,1,234.0,959.0,50,50
1137,891384,2,536.0,635.0,50,50
1137,890016,1,860.0,511.0,50,50
1137,891176,1,808.0,497.0,50,50
1138,890914,1,569.0,710.0,50,50
1138,890998,1,473.0,798.0,50,50
1138,891117,1,368.0,861.0,50,50
1138,891133,1,757.0,516.0,50,50
1138,891291,1,210.0,909.0,50,50
1138,891154,1,239.0,955.0,50,50
1138,891384,2,533.0,637.0,50,50
1138,890016,1,862.0,510.0,50,50
1138,890109,1,823.0,521.0,50,50
1139,890914,1,573.0,707.0,50,50
1139,890998,1,477.0,795.0,50,50
1139,891117,1,374.0,857.0,50,50
1139,891291,1,219.0,903.0,50,50
1139,891154,1,245.0,952.0,50,50
1139,891384,2,529.0,639.0,50,50
1139,890109,1,825.0,520.0,50,50
1140,890914,1,578.0,704.0,50,50
1140,890998,1,482.0,792.0,50,50
1140,891117,1,381.0,853.0,50,50
1140,891291,1,229.0,897.0,50,50
1140,891154,1,250.0,948.0,50,50
1140,890109,1,828.0,518.0,50,50
1140,891022,1,880.0,443.0,50,50
1140,891240,1,816.0,465.0,50,50
1140,891176,1,798.0,503.0,50,50
1140,890016,1,866.0,507.0,50,50
1141,890998,2,487.0,788.0,50,50
1141,891117,1,388.0,848.0,50,50
1141,891291,1,239.0,891.0,50,50
1141,891154,1,256.0,945.0,50,50
1141,890109,1,831.0,517.0,50,50
1141,891022,1,878.0,445.0,50,50
1141,891240,1,813.0,467.0,50,50
1141,891176,1,794.0,506.0,50,50
1141,890016,1,868.0,506.0,50,50
1141,891133,1,748.0,522.0,50,50
1142,890998,2,493.0,785.0,50,50
1142,891117,1,394.0,844.0,50,50
1142,891291,1,249.0,885.0,50,50
1142,891154,1,261.0,941.0,50,50
1142,890109,1,834.0,515.0,50,50
1142,891022,1,876.0,446.0,50,50
1142,891176,1,791.0,508.0,50,50
1142,890016,1,870.0,505.0,50,50
1142,891133,1,745.0,524.0,50,50
1142,890914,1,589.0,696.0,50,50
1143,890998,2,498.0,781.0,50,50
1143,891117,1,401.0,840.0,50,50
1143,891291,1,259.0,880.0,50,50
1143,891154,1,266.0,938.0,50,50
1143,891022,1,874.0,448.0,50,50
1143,891176,1,789.0,510.0,50,50
1143,890016,1,872.0,503.0,50,50
1143,891133,1,742.0,526.0,50,50
1143,890914,1,593.0,693.0,50,50
1144,890998,2,503.0,778.0,50,50
1144,891117,1,408.0,837.0,50,50
1144,891291,1,268.0,874.0,50,50
1144,891154,1,271.0,935.0,50,50
1144,891176,1,786.0,512.0,50,50
1144,890016,1,874.0,502.0,50,50
1144,891133,1,739.0,528.0,50,50
1144,890914,1,598.0,690.0,50,50
1144,891384,2,509.0,651.0,50,50
1145,890998,1,508.0,775.0,50,50
1145,891117,1,413.0,833.0,50,50
1145,891291,1,277.0,869.0,50,50
1145,891154,1,276.0,932.0,50,50
1145,891176,1,782.0,515.0,50,50
1145,890016,1,876.0,500.0,50,50
1145,891133,1,736.0,530.0,50,50
1145,890914,1,604.0,687.0,50,50
1145,891384,2,505.0,654.0,50,50
1145,891022,1,869.0,451.0,50,50
1146,890998,1,513.0,772.0,50,50
1146,891117,1,419.0,829.0,50,50
1146,891291,1,286.0,863.0,50,50
1146,891154,1,281.0,928.0,50,50
1146,891176,1,779.0,517.0,50,50
1146,890016,1,878.0,499.0,50,50
1146,891133,1,733.0,532.0,50,50
1146,890914,1,608.0,685.0,50,50
1146,891384,2,501.0,656.0,50,50
1146,891022,1,866.0,455.0,50,50
1147,890998,1,518.0,769.0,50,50
1147,891117,1,425.0,825.0,50,50
1147,891291,1,296.0,858.0,50,50
1147,891154,1,286.0,925.0,50,50
1147,891176,1,775.0,520.0,50,50
1147,890016,1,880.0,497.0,50,50
1147,891133,1,729.0,534.0,50,50
1147,890914,1,613.0,683.0,50,50
1147,891384,2,497.0,658.0,50,50
1147,891022,-1,863.0,457.0,50,50
