frame,class,label,confidence,x_center,y_center
0,1,Fast,0.8674286007881165,890,843
0,1,Fast,0.7816400527954102,904,407
0,1,Fast,0.7401688098907471,954,556
0,2,Slow,0.6054577827453613,935,413
1,1,Fast,0.8753620982170105,891,851
1,1,Fast,0.7866090536117554,951,552
1,1,Fast,0.7456328272819519,903,405
1,1,Fast,0.740505039691925,967,502
1,1,Fast,0.6209390759468079,936,820
1,2,Slow,0.5393746495246887,934,412
2,1,Fast,0.8795993328094482,894,857
2,1,Fast,0.8445418477058411,949,548
2,1,Fast,0.8001783490180969,903,402
2,1,Fast,0.6981823444366455,940,827
2,1,Fast,0.6673107147216797,965,500
2,2,Slow,0.5000100135803223,933,410
3,1,Fast,0.8855993747711182,896,864
3,1,Fast,0.8206659555435181,903,400
3,1,Fast,0.7908849120140076,948,545
3,1,Fast,0.7271398901939392,943,834
3,1,Fast,0.4792459011077881,964,498
3,1,Fast,0.37448546290397644,826,621
4,1,Fast,0.8740547895431519,900,873
4,1,Fast,0.8334775567054749,902,397
4,1,Fast,0.806090772151947,947,541
4,1,Fast,0.7993159890174866,945,843
4,1,Fast,0.7438482046127319,828,626
4,1,Fast,0.5148791074752808,963,496
4,1,Fast,0.4353390336036682,1004,753
5,1,Fast,0.8898036479949951,902,880
5,1,Fast,0.8086397647857666,902,395
5,1,Fast,0.7943896055221558,945,537
5,1,Fast,0.6420726776123047,949,851
5,1,Fast,0.5480273962020874,829,630
5,1,Fast,0.4459647238254547,962,493
6,1,Fast,0.8818960189819336,904,887
6,1,Fast,0.8213369250297546,944,533
6,1,Fast,0.795580267906189,902,393
6,1,Fast,0.6948764324188232,953,860
6,1,Fast,0.575892448425293,830,635
6,1,Fast,0.42118674516677856,998,738
7,1,Fast,0.8811100125312805,906,896
7,1,Fast,0.7663723826408386,901,392
7,1,Fast,0.7526121139526367,832,640
7,1,Fast,0.6640222668647766,955,868
7,1,Fast,0.5582350492477417,943,530
8,1,Fast,0.8799745440483093,909,904
8,1,Fast,0.722963273525238,959,876
8,1,Fast,0.6882311105728149,900,389
8,2,Slow,0.4379570782184601,929,397
8,2,Slow,0.3948069214820862,942,526
8,1,Fast,0.3131762146949768,833,644
9,1,Fast,0.8918085694313049,912,912
9,1,Fast,0.7136339545249939,835,649
9,1,Fast,0.7083067893981934,962,886
9,1,Fast,0.6869536638259888,988,718
9,1,Fast,0.6612421870231628,900,387
9,1,Fast,0.6474379897117615,940,522
9,2,Slow,0.531583309173584,929,396
10,1,Fast,0.8852134943008423,914,920
10,1,Fast,0.8389217257499695,837,654
10,1,Fast,0.8206520676612854,939,519
10,2,Slow,0.6329925060272217,928,394
10,1,Fast,0.6014145612716675,965,894
10,1,Fast,0.4126792252063751,986,712
10,1,Fast,0.33847397565841675,899,386
11,1,Fast,0.879680335521698,917,928
11,1,Fast,0.7698982954025269,838,659
11,1,Fast,0.7554307579994202,938,516
11,1,Fast,0.6673539280891418,983,705
11,1,Fast,0.6227035522460938,898,384
11,2,Slow,0.5683554410934448,927,392
12,1,Fast,0.8773758411407471,920,936
12,1,Fast,0.7591621279716492,980,699
12,1,Fast,0.755392849445343,839,664
12,1,Fast,0.7494573593139648,935,512
12,1,Fast,0.6971391439437866,898,381
12,1,Fast,0.5950904488563538,973,912
12,1,Fast,0.4977056682109833,1212,1049
13,1,Fast,0.8782890439033508,923,945
13,1,Fast,0.8295916318893433,840,669
13,1,Fast,0.7831131815910339,977,694
13,1,Fast,0.7813168168067932,898,378
13,1,Fast,0.748805820941925,977,922
13,1,Fast,0.6630121469497681,934,509
14,1,Fast,0.8847358822822571,926,953
14,1,Fast,0.8294892907142639,841,675
14,1,Fast,0.8242143988609314,932,506
14,1,Fast,0.7546523213386536,897,377
14,1,Fast,0.7159436345100403,975,687
14,1,Fast,0.6451652646064758,980,930
14,2,Slow,0.38185977935791016,925,388
15,1,Fast,0.8878327012062073,929,962
15,1,Fast,0.8566864132881165,842,681
15,1,Fast,0.8476791381835938,931,503
15,1,Fast,0.7030463814735413,897,375
15,2,Slow,0.5947457551956177,925,387
15,1,Fast,0.5847911238670349,984,940
15,1,Fast,0.3571183383464813,1195,1018
16,1,Fast,0.8846973180770874,932,971
16,1,Fast,0.8579645752906799,844,686
16,1,Fast,0.7160418033599854,930,500
16,1,Fast,0.6737574934959412,896,373
16,2,Slow,0.5967457890510559,925,386
16,1,Fast,0.5525661110877991,1189,1009
16,1,Fast,0.5163256525993347,988,951
16,2,Slow,0.33639320731163025,953,469
16,1,Fast,0.32396402955055237,969,675
17,1,Fast,0.8735756278038025,935,980
17,1,Fast,0.864302933216095,845,692
17,1,Fast,0.6665966510772705,896,371
17,2,Slow,0.6429684162139893,924,384
17,1,Fast,0.6084282398223877,1183,1000
17,2,Slow,0.5551111698150635,929,497
17,1,Fast,0.4309222400188446,967,669
17,1,Fast,0.39834722876548767,992,959
17,1,Fast,0.3701184391975403,929,497
18,1,Fast,0.8698118329048157,938,989
18,1,Fast,0.8527189493179321,847,696
18,1,Fast,0.7843351364135742,896,369
18,1,Fast,0.7237894535064697,996,970
18,2,Slow,0.6801512241363525,924,382
18,1,Fast,0.6504685878753662,928,493
18,1,Fast,0.6416504383087158,964,665
19,1,Fast,0.8895297646522522,941,999
19,1,Fast,0.7791512608528137,895,367
19,1,Fast,0.7685086131095886,848,702
19,2,Slow,0.706179141998291,924,381
19,1,Fast,0.545086145401001,926,490
19,2,Slow,0.37215933203697205,948,461
19,1,Fast,0.35494691133499146,1001,980
19,1,Fast,0.30841466784477234,1171,981
20,1,Fast,0.8928993344306946,945,1009
20,1,Fast,0.7887092232704163,925,486
20,1,Fast,0.7769747376441956,894,366
20,1,Fast,0.7233579754829407,850,708
20,2,Slow,0.623586893081665,923,380
20,1,Fast,0.5854016542434692,1005,990
20,2,Slow,0.45696982741355896,947,459
20,1,Fast,0.44382035732269287,1166,973
20,2,Slow,0.4021192491054535,950,458
20,1,Fast,0.3106386363506317,958,653
21,1,Fast,0.8901510238647461,948,1018
21,1,Fast,0.8433992266654968,852,714
21,1,Fast,0.715960681438446,893,365
21,1,Fast,0.642367422580719,924,483
21,2,Slow,0.6186214089393616,922,378
21,1,Fast,0.5782830715179443,956,647
21,1,Fast,0.5592623353004456,1009,1001
21,2,Slow,0.48206549882888794,946,457
21,2,Slow,0.4371180236339569,950,455
22,1,Fast,0.8760862350463867,952,1029
22,1,Fast,0.8051414489746094,854,720
22,1,Fast,0.6658554673194885,893,363
22,1,Fast,0.5060960650444031,922,480
22,2,Slow,0.4690065383911133,922,377
22,2,Slow,0.376628041267395,949,453
23,1,Fast,0.868442714214325,955,1039
23,1,Fast,0.8156898021697998,855,726
23,1,Fast,0.6959906220436096,952,637
23,1,Fast,0.6124124526977539,893,361
23,1,Fast,0.595657467842102,921,478
23,1,Fast,0.563382089138031,1149,946
23,2,Slow,0.32324740290641785,948,452
24,1,Fast,0.8574994206428528,960,1047
24,1,Fast,0.8282846808433533,857,732
24,1,Fast,0.6672539710998535,949,632
24,1,Fast,0.655119776725769,921,475
24,1,Fast,0.5402270555496216,893,358
24,1,Fast,0.514239490032196,1024,1034
24,2,Slow,0.38798967003822327,921,373
24,1,Fast,0.35158616304397583,1145,937
25,1,Fast,0.8557896018028259,858,739
25,1,Fast,0.833351194858551,964,1052
25,1,Fast,0.6385505199432373,920,472
25,1,Fast,0.57524573802948,892,357
25,2,Slow,0.45091307163238525,920,372
25,1,Fast,0.318736732006073,947,625
26,1,Fast,0.8558552861213684,860,745
26,1,Fast,0.7853471636772156,970,1057
26,2,Slow,0.5969949960708618,919,370
26,1,Fast,0.5603762269020081,945,620
26,1,Fast,0.5130760669708252,1136,922
26,1,Fast,0.5127550363540649,891,355
26,1,Fast,0.503929078578949,919,469
27,1,Fast,0.8745929002761841,862,751
27,1,Fast,0.7631608843803406,974,1062
27,2,Slow,0.5869429707527161,919,369
27,1,Fast,0.5162475109100342,891,353
27,1,Fast,0.4514372646808624,943,615
28,1,Fast,0.8602856993675232,863,757
28,1,Fast,0.5753062963485718,979,1067
28,1,Fast,0.5521317720413208,941,611
28,1,Fast,0.5297122001647949,917,464
28,2,Slow,0.5053527355194092,918,368
28,1,Fast,0.3538318872451782,892,351
29,1,Fast,0.8497910499572754,866,763
29,1,Fast,0.7201895713806152,939,606
29,1,Fast,0.4786361753940582,891,349
29,2,Slow,0.4781266748905182,918,366
29,1,Fast,0.47705116868019104,916,460
29,2,Slow,0.4553726017475128,943,441
30,1,Fast,0.8189176321029663,868,770
30,1,Fast,0.5660911202430725,891,347
30,2,Slow,0.5270203351974487,918,365
30,2,Slow,0.42102310061454773,939,440
30,1,Fast,0.38571035861968994,937,602
30,1,Fast,0.36412566900253296,916,456
30,2,Slow,0.35090842843055725,943,439
31,1,Fast,0.7917524576187134,871,778
31,1,Fast,0.6748356819152832,916,453
31,1,Fast,0.5385149121284485,935,597
31,2,Slow,0.5040578246116638,939,438
31,2,Slow,0.4280673861503601,918,363
31,1,Fast,0.4206312298774719,890,345
31,2,Slow,0.40642353892326355,942,437
32,1,Fast,0.8134891390800476,873,784
32,1,Fast,0.7314521670341492,933,592
32,1,Fast,0.5656640529632568,890,343
32,2,Slow,0.5533831715583801,938,436
32,2,Slow,0.33335888385772705,914,451
32,1,Fast,0.32905569672584534,914,451
32,2,Slow,0.32478854060173035,917,362
33,1,Fast,0.7919207215309143,932,588
33,1,Fast,0.7696045637130737,875,790
33,1,Fast,0.5485032200813293,889,342
33,1,Fast,0.4662429690361023,913,449
33,2,Slow,0.41478678584098816,937,435
34,1,Fast,0.8064694404602051,877,796
34,1,Fast,0.6174283623695374,931,583
34,1,Fast,0.5595932602882385,912,447
34,1,Fast,0.47975125908851624,889,340
34,2,Slow,0.45454469323158264,937,432
35,1,Fast,0.8523622751235962,878,803
35,1,Fast,0.609137773513794,1114,785
35,1,Fast,0.5650596618652344,911,444
35,1,Fast,0.5393877029418945,929,578
35,2,Slow,0.5159229040145874,935,430
36,1,Fast,0.879663348197937,881,811
36,1,Fast,0.7680894732475281,927,574
36,1,Fast,0.7058095932006836,910,441
36,2,Slow,0.5319246649742126,935,429
36,1,Fast,0.5005650520324707,1111,780
36,1,Fast,0.43171563744544983,888,336
37,1,Fast,0.8707556128501892,883,818
37,1,Fast,0.7021352648735046,925,569
37,1,Fast,0.6864474415779114,909,439
37,1,Fast,0.49688199162483215,1107,775
37,2,Slow,0.4845825135707855,934,427
37,1,Fast,0.40602266788482666,888,335
37,1,Fast,0.3951053321361542,1090,839
38,1,Fast,0.8710486888885498,885,826
38,1,Fast,0.7210794687271118,908,436
38,1,Fast,0.7107157707214355,1104,770
38,1,Fast,0.5893911719322205,924,565
38,1,Fast,0.5190887451171875,888,333
39,1,Fast,0.8750370144844055,888,833
39,1,Fast,0.8069677352905273,922,561
39,1,Fast,0.7649210691452026,908,434
39,1,Fast,0.6111862063407898,1101,765
39,1,Fast,0.3915599584579468,888,331
40,1,Fast,0.8765765428543091,891,840
40,1,Fast,0.7770943641662598,907,431
40,1,Fast,0.6752690076828003,1098,760
40,1,Fast,0.6421443819999695,920,557
40,2,Slow,0.3474447727203369,914,350
41,1,Fast,0.8763713240623474,893,848
41,1,Fast,0.8066957592964172,919,553
41,1,Fast,0.7373369932174683,907,427
41,1,Fast,0.6220470666885376,1095,756
42,1,Fast,0.8780921101570129,896,855
42,1,Fast,0.8206995129585266,918,549
42,1,Fast,0.769027054309845,906,425
42,2,Slow,0.40104711055755615,931,418
42,1,Fast,0.3853062093257904,1093,751
43,1,Fast,0.8604605793952942,899,864
43,1,Fast,0.8009018301963806,916,544
43,1,Fast,0.7556193470954895,905,422
43,1,Fast,0.421031653881073,887,325
43,2,Slow,0.4121825695037842,930,415
43,2,Slow,0.37626585364341736,912,346
44,1,Fast,0.8793275356292725,902,872
44,1,Fast,0.7426343560218811,905,420
44,2,Slow,0.4882071614265442,912,345
44,1,Fast,0.37712031602859497,887,324
45,1,Fast,0.8739486932754517,905,880
45,1,Fast,0.7489201426506042,904,418
45,2,Slow,0.38179269433021545,928,412
45,1,Fast,0.33765920996665955,1084,736
46,1,Fast,0.8807904720306396,907,888
46,1,Fast,0.673183262348175,902,416
46,2,Slow,0.4156394302845001,928,410
46,1,Fast,0.3378635346889496,1081,732
47,1,Fast,0.8795546293258667,910,898
47,1,Fast,0.6844996809959412,911,528
47,1,Fast,0.513706624507904,901,413
47,1,Fast,0.42143741250038147,963,564
47,1,Fast,0.38992828130722046,886,319
47,2,Slow,0.3247529864311218,927,409
48,1,Fast,0.8840621709823608,912,906
48,1,Fast,0.7270925641059875,901,411
48,1,Fast,0.7249752283096313,961,560
48,1,Fast,0.6680750250816345,909,524
49,1,Fast,0.8724618554115295,915,915
49,1,Fast,0.7128715515136719,908,521
49,1,Fast,0.6025371551513672,901,408
50,1,Fast,0.8722079992294312,919,924
50,1,Fast,0.7631805539131165,906,517
50,1,Fast,0.592143177986145,900,405
51,1,Fast,0.8729499578475952,922,933
51,1,Fast,0.7761633396148682,905,514
51,1,Fast,0.6023113131523132,899,403
52,1,Fast,0.8798984885215759,925,942
52,1,Fast,0.7311695218086243,903,510
52,1,Fast,0.6549268364906311,899,401
52,1,Fast,0.5215244889259338,1064,703
52,1,Fast,0.39734187722206116,1039,745
53,1,Fast,0.8799058794975281,929,951
53,1,Fast,0.7579777240753174,903,507
53,1,Fast,0.6058869361877441,899,398
53,1,Fast,0.4963439702987671,1062,699
54,1,Fast,0.8831788301467896,932,960
54,1,Fast,0.7919109463691711,902,503
54,1,Fast,0.6853342056274414,898,396
55,1,Fast,0.881606936454773,936,970
55,1,Fast,0.7945593595504761,900,500
55,1,Fast,0.48964717984199524,898,394
56,1,Fast,0.8800238370895386,939,980
56,1,Fast,0.6882996559143066,900,496
56,1,Fast,0.3782616853713989,897,392
57,1,Fast,0.8878934979438782,943,990
57,1,Fast,0.7211444973945618,898,493
57,1,Fast,0.4312833547592163,948,530
57,1,Fast,0.3755944073200226,897,390
58,1,Fast,0.9006919264793396,946,1000
58,1,Fast,0.7380300760269165,897,489
58,1,Fast,0.41161200404167175,946,527
59,1,Fast,0.8755552172660828,950,1011
59,1,Fast,0.79005366563797,896,486
59,1,Fast,0.4554663598537445,945,524
60,1,Fast,0.8647886514663696,954,1022
60,1,Fast,0.7853711247444153,894,482
60,1,Fast,0.42428794503211975,944,519
61,1,Fast,0.875143826007843,958,1033
61,1,Fast,0.6828282475471497,894,480
61,1,Fast,0.4887818992137909,943,517
62,1,Fast,0.8398509621620178,962,1044
62,1,Fast,0.7435750365257263,892,476
62,1,Fast,0.5113524794578552,942,514
62,1,Fast,0.3956489562988281,1010,692
63,1,Fast,0.7959246635437012,967,1050
63,1,Fast,0.7649953961372375,891,473
63,1,Fast,0.544093668460846,940,512
63,1,Fast,0.3249591290950775,1008,687
64,1,Fast,0.7741979956626892,890,470
64,1,Fast,0.7112562656402588,1005,682
64,1,Fast,0.6532366871833801,972,1056
65,1,Fast,0.7227416634559631,978,1061
65,1,Fast,0.7175757884979248,1002,677
65,1,Fast,0.572648823261261,889,467
65,1,Fast,0.474068820476532,936,506
66,1,Fast,0.6972144246101379,935,503
66,1,Fast,0.6965827345848083,888,462
66,1,Fast,0.5713900923728943,1000,672
66,1,Fast,0.47259578108787537,986,1068
67,1,Fast,0.5641355514526367,887,460
68,1,Fast,0.7606458067893982,886,456
68,1,Fast,0.4189276397228241,933,497
69,1,Fast,0.7581944465637207,885,453
69,1,Fast,0.32787075638771057,932,493
70,1,Fast,0.7136620283126831,885,450
70,1,Fast,0.5866312980651855,931,491
70,1,Fast,0.3817062973976135,990,654
71,1,Fast,0.6815405488014221,883,448
71,1,Fast,0.48453494906425476,989,649
71,1,Fast,0.47888195514678955,930,487
72,1,Fast,0.5450962781906128,883,445
73,1,Fast,0.6926632523536682,882,442
74,1,Fast,0.7526106834411621,882,439
74,1,Fast,0.3504610061645508,928,481
74,1,Fast,0.30598220229148865,983,635
75,1,Fast,0.6070873737335205,881,436
76,1,Fast,0.6788222193717957,881,433
76,1,Fast,0.3926817774772644,977,626
77,1,Fast,0.6682820320129395,975,622
77,1,Fast,0.4002213776111603,880,430
78,1,Fast,0.7185577750205994,880,427
78,1,Fast,0.6471394896507263,974,618
79,1,Fast,0.7114500403404236,880,424
80,1,Fast,0.6529229283332825,880,422
81,1,Fast,0.37840303778648376,967,606
82,1,Fast,0.44157564640045166,877,417
83,2,Slow,0.45644429326057434,919,454
83,1,Fast,0.4159516990184784,962,597
84,1,Fast,0.7072198987007141,961,594
84,1,Fast,0.6826221346855164,877,411
84,1,Fast,0.5776917934417725,823,416
85,1,Fast,0.7492072582244873,960,590
85,1,Fast,0.46429452300071716,875,408
85,1,Fast,0.46156400442123413,823,419
86,1,Fast,0.5848541259765625,959,586
86,1,Fast,0.36203742027282715,823,423
87,1,Fast,0.5480249524116516,823,425
87,1,Fast,0.4512556493282318,915,445
87,1,Fast,0.3304186463356018,957,582
88,1,Fast,0.5481188893318176,823,428
88,1,Fast,0.5423146486282349,956,579
89,1,Fast,0.6581795811653137,954,574
89,1,Fast,0.5876240134239197,824,431
89,2,Slow,0.4195995032787323,913,440
90,1,Fast,0.6491773724555969,824,434
90,1,Fast,0.5320404767990112,873,395
90,1,Fast,0.5112411975860596,952,571
90,2,Slow,0.4402846693992615,913,438
91,1,Fast,0.4537392556667328,950,567
91,1,Fast,0.4305162727832794,872,393
91,1,Fast,0.36946994066238403,912,436
92,1,Fast,0.6631459593772888,948,563
92,1,Fast,0.5928381085395813,825,439
93,1,Fast,0.6681729555130005,947,559
93,1,Fast,0.3401879072189331,825,443
94,1,Fast,0.6317309737205505,946,556
94,1,Fast,0.4028531610965729,826,445
97,1,Fast,0.5539572834968567,869,381
97,1,Fast,0.34278085827827454,826,454
98,1,Fast,0.4958159029483795,868,378
98,1,Fast,0.4410362243652344,826,458
99,1,Fast,0.3991932272911072,868,376
99,1,Fast,0.3677903413772583,826,461
100,1,Fast,0.3964482843875885,828,464
100,1,Fast,0.3144896328449249,868,374
101,1,Fast,0.6750783920288086,828,467
101,1,Fast,0.6328039765357971,935,532
101,2,Slow,0.5870306491851807,904,413
102,1,Fast,0.8038501739501953,828,470
102,2,Slow,0.40940871834754944,903,411
102,1,Fast,0.3508131206035614,934,528
102,1,Fast,0.32366612553596497,868,370
103,1,Fast,0.7169644236564636,829,474
103,1,Fast,0.6504126191139221,932,526
104,1,Fast,0.7164889574050903,831,477
104,1,Fast,0.6541809439659119,931,522
105,1,Fast,0.7244773507118225,832,481
105,1,Fast,0.45223352313041687,928,520
105,1,Fast,0.3596957325935364,801,485
105,2,Slow,0.3392035961151123,903,404
106,1,Fast,0.612034797668457,928,516
106,1,Fast,0.41685646772384644,832,484
107,1,Fast,0.725692629814148,832,488
107,1,Fast,0.5823664665222168,927,512
107,1,Fast,0.37221771478652954,865,359
108,1,Fast,0.7436130046844482,832,491
108,1,Fast,0.47471848130226135,866,358
108,1,Fast,0.37432152032852173,926,509
109,1,Fast,0.6355445384979248,834,494
109,1,Fast,0.6073352694511414,925,506
109,1,Fast,0.5665807127952576,865,356
110,1,Fast,0.7758914828300476,923,503
110,1,Fast,0.7133076190948486,834,498
110,1,Fast,0.6063336730003357,900,393
110,1,Fast,0.5286489129066467,865,353
111,1,Fast,0.761991560459137,922,500
112,1,Fast,0.7038465738296509,921,497
112,1,Fast,0.4380176365375519,837,506
113,1,Fast,0.5515074133872986,920,494
113,1,Fast,0.5170429348945618,838,509
114,1,Fast,0.6713418364524841,838,513
114,1,Fast,0.5728277564048767,919,491
115,1,Fast,0.6690737009048462,918,488
115,1,Fast,0.6601479649543762,839,517
116,1,Fast,0.7145529389381409,840,520
116,1,Fast,0.40855905413627625,916,485
117,1,Fast,0.3341353237628937,913,482
118,1,Fast,0.446389377117157,841,527
119,1,Fast,0.3635939359664917,842,531
120,1,Fast,0.39261746406555176,1161,933
121,1,Fast,0.323434978723526,844,539
123,1,Fast,0.5630936026573181,895,368
123,1,Fast,0.3631065785884857,909,466
124,1,Fast,0.4866774380207062,894,367
124,1,Fast,0.3504553437232971,908,464
125,1,Fast,0.40899473428726196,907,461
127,2,Slow,0.35351669788360596,892,362
127,1,Fast,0.31755563616752625,905,454
131,2,Slow,0.40084943175315857,891,355
132,1,Fast,0.495505690574646,903,443
139,1,Fast,0.6201378107070923,898,424
140,1,Fast,0.617576539516449,897,421
141,1,Fast,0.3283917307853699,896,420
142,1,Fast,0.3879620134830475,896,417
144,1,Fast,0.49111077189445496,1041,723
144,1,Fast,0.43721190094947815,896,413
147,1,Fast,0.8121086955070496,839,650
147,1,Fast,0.5653512477874756,894,407
148,1,Fast,0.6159554123878479,841,653
148,1,Fast,0.43403956294059753,894,405
149,1,Fast,0.6268777847290039,841,658
149,1,Fast,0.3068583905696869,893,403
150,1,Fast,0.5539801716804504,892,401
151,1,Fast,0.6841535568237305,891,398
151,1,Fast,0.5810319185256958,842,669
152,1,Fast,0.8433918952941895,844,676
152,1,Fast,0.6319679021835327,891,396
153,1,Fast,0.8050128817558289,844,680
153,1,Fast,0.6161931753158569,890,393
154,1,Fast,0.7735466361045837,844,685
154,1,Fast,0.40544387698173523,889,392
155,1,Fast,0.5604711174964905,846,692
158,1,Fast,0.6243669390678406,855,708
159,1,Fast,0.5625187158584595,887,381
159,1,Fast,0.3358412981033325,857,714
160,1,Fast,0.5425795316696167,887,380
163,1,Fast,0.3916851580142975,860,738
164,1,Fast,0.3392893075942993,861,745
167,1,Fast,0.38212114572525024,871,766
168,1,Fast,0.5578442215919495,873,773
171,1,Fast,0.6331391930580139,949,842
171,1,Fast,0.4769587814807892,880,791
171,1,Fast,0.4027402698993683,817,442
171,1,Fast,0.37285035848617554,961,567
172,1,Fast,0.3755358159542084,817,445
173,1,Fast,0.4752476215362549,956,860
173,1,Fast,0.41432851552963257,958,558
173,1,Fast,0.3093741834163666,818,448
174,1,Fast,0.7221714854240417,959,870
174,2,Slow,0.354570209980011,916,380
175,1,Fast,0.7550451755523682,963,878
175,1,Fast,0.5536547303199768,819,454
175,1,Fast,0.5263960361480713,887,822
176,1,Fast,0.6321936845779419,967,888
176,1,Fast,0.36551108956336975,820,458
177,1,Fast,0.710191547870636,892,837
177,1,Fast,0.5165385603904724,820,462
177,1,Fast,0.43862760066986084,971,898
178,1,Fast,0.6325056552886963,821,464
178,1,Fast,0.5632648468017578,895,846
178,1,Fast,0.490163654088974,976,908
179,1,Fast,0.7981418967247009,899,855
179,1,Fast,0.6732909083366394,821,468
180,1,Fast,0.7912728786468506,983,928
180,1,Fast,0.7339983582496643,822,470
180,1,Fast,0.414968341588974,902,862
181,1,Fast,0.8040607571601868,822,474
181,1,Fast,0.7505070567131042,987,939
181,1,Fast,0.5079231858253479,905,871
182,1,Fast,0.8343464732170105,908,878
182,1,Fast,0.7705256342887878,823,478
182,1,Fast,0.7273401021957397,991,949
183,1,Fast,0.6680130362510681,824,481
183,1,Fast,0.6130451560020447,911,886
183,1,Fast,0.4266168773174286,996,960
184,1,Fast,0.6327698230743408,825,485
184,1,Fast,0.4784160256385803,1000,971
185,1,Fast,0.7816218733787537,826,488
185,1,Fast,0.3622067868709564,916,906
186,1,Fast,0.726622462272644,919,915
186,1,Fast,0.6360988020896912,826,492
186,1,Fast,0.4250280559062958,880,334
186,1,Fast,0.3362869918346405,1009,995
187,1,Fast,0.6691372990608215,922,925
187,1,Fast,0.5905200242996216,827,496
188,1,Fast,0.8344342708587646,925,934
188,1,Fast,0.4731213450431824,827,500
188,1,Fast,0.31659579277038574,1020,1018
189,1,Fast,0.8486841320991516,928,943
190,1,Fast,0.7872726321220398,932,952
190,1,Fast,0.5621189475059509,828,507
191,1,Fast,0.7299491763114929,935,962
191,1,Fast,0.617853581905365,829,511
192,1,Fast,0.7666264772415161,939,973
192,1,Fast,0.6856964826583862,831,514
193,1,Fast,0.7823946475982666,832,518
193,1,Fast,0.7032056450843811,945,983
194,1,Fast,0.8077430725097656,833,523
194,1,Fast,0.7088884711265564,949,992
195,1,Fast,0.8243752121925354,833,526
195,1,Fast,0.4009362459182739,951,1003
195,1,Fast,0.33627551794052124,827,463
195,1,Fast,0.3216842710971832,880,320
196,1,Fast,0.7901495099067688,834,530
196,1,Fast,0.5961695909500122,954,1016
196,1,Fast,0.3016953468322754,879,318
197,1,Fast,0.7877169251441956,835,535
197,1,Fast,0.46649622917175293,958,1026
198,1,Fast,0.8245060443878174,963,1039
198,1,Fast,0.8045007586479187,836,539
199,1,Fast,0.8042197823524475,836,543
200,1,Fast,0.8187515139579773,838,547
200,2,Slow,0.3611798882484436,830,479
201,1,Fast,0.8492439389228821,839,551
201,1,Fast,0.5287848114967346,981,1058
201,2,Slow,0.370205819606781,831,482
202,1,Fast,0.8413339853286743,841,555
202,2,Slow,0.5769481658935547,832,486
202,1,Fast,0.34768277406692505,983,1063
203,1,Fast,0.8356598615646362,842,560
203,2,Slow,0.5325357913970947,833,490
204,1,Fast,0.8361771106719971,843,564
204,2,Slow,0.5319574475288391,834,493
205,1,Fast,0.8447203636169434,845,569
205,2,Slow,0.5926269888877869,835,498
206,1,Fast,0.7547922134399414,846,574
206,2,Slow,0.6176252365112305,836,501
207,1,Fast,0.8087082505226135,847,579
207,2,Slow,0.5925717353820801,835,505
208,1,Fast,0.8120172023773193,848,583
208,2,Slow,0.312785804271698,837,509
209,1,Fast,0.820612370967865,850,589
209,2,Slow,0.5146585702896118,838,513
210,1,Fast,0.8436610698699951,850,594
210,2,Slow,0.3896789848804474,838,516
211,1,Fast,0.8399849534034729,852,598
211,2,Slow,0.35474714636802673,840,521
212,1,Fast,0.8472141623497009,855,603
212,2,Slow,0.45774781703948975,841,525
213,1,Fast,0.8491598963737488,856,608
213,1,Fast,0.5928208231925964,824,913
213,2,Slow,0.5090999007225037,841,529
214,1,Fast,0.8760960102081299,857,613
214,2,Slow,0.5436593294143677,842,532
214,1,Fast,0.41960322856903076,826,919
214,1,Fast,0.3788546919822693,794,508
215,1,Fast,0.8710448741912842,859,619
215,2,Slow,0.5229161977767944,843,536
215,1,Fast,0.5032457709312439,795,510
215,1,Fast,0.4972591698169708,827,928
216,1,Fast,0.8788973093032837,861,624
216,1,Fast,0.3835461437702179,796,513
217,1,Fast,0.8840909600257874,862,629
217,2,Slow,0.3338456451892853,846,544
218,1,Fast,0.86198890209198,864,636
218,2,Slow,0.47170302271842957,847,548
218,1,Fast,0.45903491973876953,834,948
219,1,Fast,0.8633226752281189,865,642
219,1,Fast,0.7383537888526917,836,958
219,1,Fast,0.47896432876586914,724,534
220,1,Fast,0.8670847415924072,867,647
220,1,Fast,0.7899770140647888,839,964
220,1,Fast,0.626624584197998,724,535
220,2,Slow,0.4585575461387634,848,557
220,1,Fast,0.38806936144828796,799,525
221,1,Fast,0.856113076210022,869,652
221,1,Fast,0.7535733580589294,841,972
221,2,Slow,0.44564688205718994,849,561
221,1,Fast,0.37879273295402527,725,537
222,1,Fast,0.8690740466117859,872,658
222,2,Slow,0.30997204780578613,851,564
223,1,Fast,0.8605573177337646,873,664
223,1,Fast,0.3791157007217407,725,542
224,1,Fast,0.8697545528411865,875,670
224,1,Fast,0.46135419607162476,725,544
224,2,Slow,0.4477819502353668,854,573
225,1,Fast,0.8879702687263489,877,676
225,1,Fast,0.4081343710422516,726,547
225,2,Slow,0.30686163902282715,855,577
226,1,Fast,0.8759574294090271,879,682
227,1,Fast,0.8774938583374023,881,689
228,1,Fast,0.8646548390388489,883,695
229,1,Fast,0.8637868165969849,886,702
230,1,Fast,0.8740411996841431,888,708
230,1,Fast,0.3241608142852783,949,902
231,1,Fast,0.8599556684494019,891,715
231,1,Fast,0.4193272590637207,953,912
232,1,Fast,0.875931441783905,894,722
232,1,Fast,0.5119459629058838,808,564
232,1,Fast,0.4888748824596405,730,563
233,1,Fast,0.8589932918548584,896,729
233,1,Fast,0.636284589767456,809,567
233,1,Fast,0.632626473903656,731,565
234,1,Fast,0.865355908870697,898,736
234,1,Fast,0.7175441384315491,810,572
234,1,Fast,0.4833488464355469,731,568
235,1,Fast,0.8694254755973816,901,743
235,1,Fast,0.7942249774932861,810,575
235,1,Fast,0.5772654414176941,732,571
235,1,Fast,0.32954373955726624,966,952
236,1,Fast,0.8706640601158142,903,751
236,1,Fast,0.7619736194610596,811,579
236,1,Fast,0.6500833630561829,732,574
236,1,Fast,0.303914338350296,839,527
237,1,Fast,0.8638997077941895,907,757
237,1,Fast,0.7556831240653992,812,582
237,1,Fast,0.6357848644256592,733,576
237,1,Fast,0.5772612690925598,839,530
238,1,Fast,0.8626798391342163,909,766
238,1,Fast,0.5637935996055603,813,587
238,1,Fast,0.5572592616081238,734,578
238,1,Fast,0.48718926310539246,978,986
239,1,Fast,0.8554226160049438,912,775
239,1,Fast,0.5554060339927673,734,581
239,1,Fast,0.46741417050361633,842,538
239,1,Fast,0.4278550446033478,813,591
240,1,Fast,0.8637678027153015,915,783
240,1,Fast,0.4190979599952698,815,595
240,1,Fast,0.32422056794166565,843,542
241,1,Fast,0.8695733547210693,918,790
242,1,Fast,0.8748407363891602,921,799
242,1,Fast,0.6287876963615417,1202,1001
243,1,Fast,0.8766684532165527,924,808
243,1,Fast,0.4678286910057068,1194,991
243,1,Fast,0.396694540977478,818,605
244,1,Fast,0.8726156949996948,928,816
244,1,Fast,0.5788626670837402,1189,981
244,1,Fast,0.5727970004081726,737,594
244,1,Fast,0.5504323840141296,819,609
244,1,Fast,0.46000778675079346,1008,1052
245,1,Fast,0.8723329305648804,930,826
245,1,Fast,0.6349143385887146,737,597
245,1,Fast,0.4985818564891815,1183,972
245,1,Fast,0.4332762658596039,1012,1057
246,1,Fast,0.8666660189628601,934,834
246,1,Fast,0.5105737447738647,821,617
246,1,Fast,0.49662071466445923,737,600
246,1,Fast,0.4225129783153534,1178,963
247,1,Fast,0.8740524053573608,938,843
247,1,Fast,0.6535014510154724,822,621
247,1,Fast,0.6188461184501648,1173,955
247,1,Fast,0.34102827310562134,738,602
248,1,Fast,0.876558244228363,941,852
248,1,Fast,0.7397394180297852,824,625
248,1,Fast,0.33084142208099365,738,605
249,1,Fast,0.862419068813324,945,862
249,1,Fast,0.7251759767532349,825,629
250,1,Fast,0.8741201758384705,949,871
250,1,Fast,0.7807620763778687,826,634
250,1,Fast,0.3274151682853699,740,610
251,1,Fast,0.8861355781555176,953,881
251,1,Fast,0.784189760684967,827,637
252,1,Fast,0.8788414001464844,957,892
252,1,Fast,0.7037340402603149,828,642
252,1,Fast,0.43270236253738403,1365,880
252,1,Fast,0.3507707417011261,741,617
253,1,Fast,0.876659095287323,961,901
253,1,Fast,0.5367447733879089,829,647
253,1,Fast,0.39770835638046265,742,619
253,1,Fast,0.364675909280777,1365,879
254,1,Fast,0.8800730109214783,965,912
254,1,Fast,0.5932233929634094,743,622
254,1,Fast,0.5266461372375488,831,651
254,1,Fast,0.3693532943725586,1364,879
255,1,Fast,0.8774501085281372,969,922
255,1,Fast,0.8191725015640259,743,625
255,1,Fast,0.772650957107544,832,655
255,1,Fast,0.5061571002006531,1134,889
255,1,Fast,0.3296831250190735,1365,879
256,1,Fast,0.8921600580215454,974,933
256,1,Fast,0.8317834734916687,744,627
256,1,Fast,0.8034406304359436,833,660
257,1,Fast,0.8950915932655334,978,944
257,1,Fast,0.8086159825325012,744,631
257,1,Fast,0.7832136750221252,834,664
257,1,Fast,0.6017512679100037,1124,873
258,1,Fast,0.8880620002746582,983,955
258,1,Fast,0.8325117230415344,835,669
258,1,Fast,0.7850781083106995,744,633
258,1,Fast,0.3723340332508087,1119,866
259,1,Fast,0.8862730264663696,987,967
259,1,Fast,0.8515099883079529,837,674
259,1,Fast,0.7771687507629395,745,636
260,1,Fast,0.8831712603569031,992,979
260,1,Fast,0.8297685980796814,838,678
260,1,Fast,0.7302286028862,746,639
261,1,Fast,0.8811501264572144,998,992
261,1,Fast,0.837528645992279,839,684
261,1,Fast,0.7002078294754028,747,642
261,1,Fast,0.5037974715232849,800,476
262,1,Fast,0.8837080001831055,1002,1005
262,1,Fast,0.8462321758270264,841,689
262,1,Fast,0.6157968044281006,748,646
262,1,Fast,0.5337551236152649,800,478
263,1,Fast,0.8702395558357239,1008,1017
263,1,Fast,0.8538817167282104,842,693
263,1,Fast,0.7326529622077942,749,649
263,1,Fast,0.4747122526168823,876,657
264,1,Fast,0.8597789406776428,844,698
264,1,Fast,0.8545200228691101,1014,1030
264,1,Fast,0.8162774443626404,749,652
265,1,Fast,0.8473652005195618,846,703
265,1,Fast,0.8212271928787231,1020,1042
265,1,Fast,0.8081579804420471,750,655
265,1,Fast,0.3910127580165863,880,668
266,1,Fast,0.8245571255683899,848,709
266,1,Fast,0.7744094729423523,750,658
266,1,Fast,0.6485415697097778,1026,1049
266,1,Fast,0.36723417043685913,882,674
267,1,Fast,0.8554664254188538,849,714
267,1,Fast,0.7582921981811523,884,681
267,1,Fast,0.7544898390769958,752,661
268,1,Fast,0.8742839097976685,851,720
268,1,Fast,0.7733349204063416,887,686
268,1,Fast,0.7140995264053345,753,665
269,1,Fast,0.8561047315597534,853,725
269,1,Fast,0.8053452968597412,889,693
269,1,Fast,0.7178049683570862,754,668
270,1,Fast,0.8549237847328186,854,730
270,1,Fast,0.6892141103744507,755,671
270,1,Fast,0.6494675278663635,958,874
270,1,Fast,0.5863861441612244,892,699
271,1,Fast,0.8713113069534302,855,736
271,1,Fast,0.7942779064178467,756,675
271,1,Fast,0.5630393028259277,894,707
271,1,Fast,0.4762606918811798,805,506
272,1,Fast,0.8723832368850708,857,741
272,1,Fast,0.8302984237670898,757,678
272,1,Fast,0.7385154962539673,806,509
272,1,Fast,0.6628848910331726,897,713
273,1,Fast,0.8816078305244446,859,747
273,1,Fast,0.8463038802146912,758,681
273,1,Fast,0.7224012017250061,807,511
273,1,Fast,0.7138710618019104,899,720
273,1,Fast,0.5884420871734619,1195,1065
273,1,Fast,0.5760641694068909,970,904
273,1,Fast,0.4489153325557709,1213,1016
274,1,Fast,0.8829366564750671,861,753
274,1,Fast,0.8159631490707397,759,685
274,1,Fast,0.7340019941329956,901,726
274,1,Fast,0.6425673961639404,1186,1059
274,1,Fast,0.5331987738609314,807,514
275,1,Fast,0.8822372555732727,863,758
275,1,Fast,0.784169614315033,760,688
275,1,Fast,0.6135500073432922,807,518
275,1,Fast,0.6117965579032898,1173,1054
275,1,Fast,0.6010785102844238,904,733
275,1,Fast,0.3917953372001648,979,925
276,1,Fast,0.8887876272201538,865,763
276,1,Fast,0.7856884002685547,983,934
276,1,Fast,0.743484377861023,761,692
276,1,Fast,0.6812312006950378,1166,1046
276,1,Fast,0.5198147296905518,907,741
277,1,Fast,0.8724949359893799,867,768
277,1,Fast,0.7732153534889221,1158,1034
277,1,Fast,0.7311967611312866,761,696
277,1,Fast,0.7260520458221436,988,944
277,1,Fast,0.4420907199382782,946,531
277,1,Fast,0.3908425569534302,909,747
278,1,Fast,0.8636276721954346,869,775
278,1,Fast,0.7673850655555725,1153,1023
278,1,Fast,0.6658724546432495,762,699
278,1,Fast,0.4690224528312683,945,527
278,1,Fast,0.4307245910167694,991,956
279,1,Fast,0.8430106043815613,763,703
279,1,Fast,0.8237103819847107,871,781
279,1,Fast,0.6118694543838501,1148,1012
279,1,Fast,0.3307713270187378,943,525
280,1,Fast,0.8487766981124878,764,707
280,1,Fast,0.8363643288612366,873,787
280,1,Fast,0.7730674743652344,1141,1002
280,1,Fast,0.5069825649261475,810,536
280,1,Fast,0.35972562432289124,943,521
280,1,Fast,0.302783727645874,1040,726
281,1,Fast,0.8357785940170288,875,794
281,1,Fast,0.8167070746421814,765,710
281,1,Fast,0.6649882793426514,1135,993
281,1,Fast,0.4853750467300415,811,539
282,1,Fast,0.8535011410713196,877,800
282,1,Fast,0.8290725946426392,766,714
282,1,Fast,0.7678732872009277,1129,982
282,1,Fast,0.6986852884292603,812,542
283,1,Fast,0.8832802772521973,878,806
283,1,Fast,0.8370253443717957,768,719
283,1,Fast,0.7394933104515076,813,546
283,1,Fast,0.716032862663269,1123,972
283,1,Fast,0.5141013264656067,1031,710
284,1,Fast,0.8740274906158447,880,812
284,1,Fast,0.824707567691803,769,722
284,1,Fast,0.775021493434906,814,549
284,1,Fast,0.7259204387664795,1118,963
285,1,Fast,0.8770120739936829,883,819
285,1,Fast,0.8539555668830872,770,726
285,1,Fast,0.7978562712669373,815,552
285,1,Fast,0.7107902765274048,1114,953
285,1,Fast,0.3246162235736847,933,810
286,1,Fast,0.8685712218284607,885,826
286,1,Fast,0.8009456992149353,816,556
286,1,Fast,0.7936551570892334,772,730
286,1,Fast,0.4655764698982239,1108,945
287,1,Fast,0.8844404220581055,887,833
287,1,Fast,0.8627433180809021,772,734
287,1,Fast,0.709888756275177,1103,935
287,1,Fast,0.6961346864700317,817,560
287,2,Slow,0.3345229923725128,797,457
288,1,Fast,0.8791396617889404,890,839
288,1,Fast,0.8575873374938965,773,738
288,1,Fast,0.736915647983551,1099,926
288,1,Fast,0.7322396636009216,818,564
288,1,Fast,0.6608511805534363,1185,1065
289,1,Fast,0.8782477378845215,892,846
289,1,Fast,0.8284454345703125,774,743
289,1,Fast,0.8110063076019287,1094,917
289,1,Fast,0.7308586239814758,1177,1058
289,1,Fast,0.5933318138122559,819,567
290,1,Fast,0.8779847025871277,895,852
290,1,Fast,0.8467572331428528,776,747
290,1,Fast,0.823148787021637,1168,1053
290,1,Fast,0.8186113834381104,1090,908
290,1,Fast,0.6239203810691833,820,572
290,1,Fast,0.3592078387737274,770,493
291,1,Fast,0.8717148900032043,897,859
291,1,Fast,0.8395227789878845,777,751
291,1,Fast,0.8176959156990051,1161,1045
291,1,Fast,0.7543642520904541,1085,899
291,1,Fast,0.6354137659072876,821,576
291,1,Fast,0.3340151309967041,1011,669
292,1,Fast,0.8656731247901917,900,867
292,1,Fast,0.8372335433959961,1154,1032
292,1,Fast,0.8087041974067688,778,755
292,1,Fast,0.6435003876686096,822,579
292,1,Fast,0.6428323984146118,1080,891
292,1,Fast,0.39502638578414917,799,470
292,1,Fast,0.3413028419017792,1008,665
293,1,Fast,0.8768903017044067,903,874
293,1,Fast,0.8517510890960693,1147,1020
293,1,Fast,0.8046416640281677,1076,883
293,1,Fast,0.7723348140716553,800,473
293,1,Fast,0.7320998311042786,780,759
293,1,Fast,0.4267843961715698,1007,661
293,1,Fast,0.41074228286743164,1109,844
294,1,Fast,0.8821426033973694,905,882
294,1,Fast,0.8616626262664795,1141,1009
294,1,Fast,0.80451899766922,1071,874
294,1,Fast,0.7953813672065735,800,475
294,1,Fast,0.690963864326477,781,763
294,1,Fast,0.47455793619155884,1004,656
294,1,Fast,0.39454591274261475,1105,836
295,1,Fast,0.8877419233322144,907,889
295,1,Fast,0.8542711734771729,1135,999
295,1,Fast,0.8109714984893799,782,769
295,1,Fast,0.7821439504623413,1067,866
295,1,Fast,0.7612425088882446,801,478
295,1,Fast,0.7009336352348328,826,592
295,1,Fast,0.5979589223861694,1101,830
295,1,Fast,0.4698081612586975,1001,651
296,1,Fast,0.8905047178268433,910,897
296,1,Fast,0.8473517894744873,827,595
296,1,Fast,0.841735303401947,783,773
296,1,Fast,0.8312640190124512,1130,988
296,1,Fast,0.81871098279953,801,481
296,1,Fast,0.7887678742408752,1063,858
296,1,Fast,0.6309623718261719,1097,822
296,1,Fast,0.4605284035205841,999,645
297,1,Fast,0.8926731944084167,912,905
297,1,Fast,0.8528307676315308,1124,978
297,1,Fast,0.8238785862922668,786,778
297,1,Fast,0.7997215390205383,801,483
297,1,Fast,0.760134220123291,981,922
297,1,Fast,0.7589895725250244,1059,849
297,1,Fast,0.7434202432632446,829,599
298,1,Fast,0.8883832097053528,915,913
298,1,Fast,0.8674767017364502,787,782
298,1,Fast,0.8595719933509827,1119,968
298,1,Fast,0.8254898190498352,985,933
298,1,Fast,0.8166199922561646,801,487
298,1,Fast,0.8044065237045288,1055,842
298,1,Fast,0.7284003496170044,830,603
298,1,Fast,0.46951717138290405,1090,808
298,1,Fast,0.4502224624156952,772,514
298,1,Fast,0.3767735958099365,995,637
299,1,Fast,0.8937608599662781,917,922
299,1,Fast,0.856408417224884,1113,958
299,1,Fast,0.8473367094993591,788,787
299,1,Fast,0.824201226234436,1051,834
299,1,Fast,0.8029460906982422,801,490
299,1,Fast,0.7421876788139343,990,944
299,1,Fast,0.6375142335891724,830,607
299,1,Fast,0.4749099016189575,1086,803
299,1,Fast,0.3194766640663147,772,517
299,1,Fast,0.31076565384864807,992,633
300,1,Fast,0.8821317553520203,920,929
300,1,Fast,0.8626276850700378,1108,949
300,1,Fast,0.8600333333015442,789,791
300,1,Fast,0.8456705808639526,1047,827
300,1,Fast,0.8194673657417297,802,493
300,1,Fast,0.6782755255699158,995,955
300,1,Fast,0.6515147089958191,831,611
300,1,Fast,0.6005727648735046,773,520
300,1,Fast,0.3033422827720642,990,629
301,1,Fast,0.8837037086486816,923,937
301,1,Fast,0.8475333452224731,790,796
301,1,Fast,0.8442047238349915,1104,940
301,1,Fast,0.8321618437767029,803,497
301,1,Fast,0.8072974681854248,1044,819
301,1,Fast,0.6596094369888306,832,617
301,1,Fast,0.6523550152778625,772,523
301,1,Fast,0.43485596776008606,988,625
302,1,Fast,0.8840212821960449,925,946
302,1,Fast,0.8643938899040222,1098,930
302,1,Fast,0.844983696937561,1040,811
302,1,Fast,0.7897769808769226,803,500
302,1,Fast,0.7649807929992676,833,621
302,1,Fast,0.7350194454193115,793,800
302,1,Fast,0.642863929271698,773,525
302,1,Fast,0.5437643527984619,986,621
302,1,Fast,0.48122739791870117,1075,782
303,1,Fast,0.8871325254440308,929,954
303,1,Fast,0.8629494309425354,1093,920
303,1,Fast,0.8403913378715515,804,503
303,1,Fast,0.800848662853241,1037,804
303,1,Fast,0.6542487144470215,834,626
303,1,Fast,0.5437220335006714,1010,990
303,1,Fast,0.5140001177787781,774,529
303,1,Fast,0.4831368327140808,985,616
304,1,Fast,0.8907496333122253,932,963
304,1,Fast,0.8432489633560181,1089,912
304,1,Fast,0.824135422706604,805,506
304,1,Fast,0.8140389323234558,1033,798
304,1,Fast,0.7265028953552246,797,813
304,1,Fast,0.6645570993423462,836,631
304,1,Fast,0.3887186348438263,983,611
304,1,Fast,0.3068748116493225,774,532
305,1,Fast,0.889943540096283,935,971
305,1,Fast,0.8723612427711487,1083,901
305,1,Fast,0.8226324915885925,806,510
305,1,Fast,0.8142482042312622,799,817
305,1,Fast,0.7583367228507996,1029,791
305,1,Fast,0.5656593441963196,1020,1014
305,1,Fast,0.5163139700889587,1160,1035
305,1,Fast,0.46915778517723083,981,608
305,1,Fast,0.4230627417564392,774,535
305,1,Fast,0.4071623682975769,838,635
306,1,Fast,0.8904369473457336,938,980
306,1,Fast,0.8548564314842224,1079,894
306,1,Fast,0.8315438628196716,800,821
306,1,Fast,0.826007604598999,806,512
306,1,Fast,0.7675231099128723,1026,785
306,1,Fast,0.7574586868286133,1025,1026
306,1,Fast,0.7012625932693481,839,639
306,1,Fast,0.5948716998100281,774,537
306,1,Fast,0.5198633670806885,979,604
306,1,Fast,0.3851650357246399,1153,1022
307,1,Fast,0.8981773257255554,941,990
307,1,Fast,0.8708366751670837,1074,886
307,1,Fast,0.8334718346595764,807,516
307,1,Fast,0.8133715987205505,801,826
307,1,Fast,0.7977355122566223,1023,777
307,1,Fast,0.7500267624855042,841,644
307,1,Fast,0.6330558657646179,977,600
307,1,Fast,0.49140822887420654,774,541
307,1,Fast,0.4825766086578369,1058,753
307,1,Fast,0.40835919976234436,1032,1040
308,1,Fast,0.9041280746459961,944,999
308,1,Fast,0.8590450882911682,803,831
308,1,Fast,0.8423775434494019,808,518
308,1,Fast,0.8344670534133911,841,648
308,1,Fast,0.8305190801620483,1019,771
308,1,Fast,0.8160865306854248,1070,877
308,1,Fast,0.611262321472168,975,596
308,1,Fast,0.48489242792129517,775,543
309,1,Fast,0.8894570469856262,947,1010
309,1,Fast,0.8517303466796875,804,837
309,1,Fast,0.8484808802604675,1065,869
309,1,Fast,0.8458549380302429,843,654
309,1,Fast,0.841475784778595,808,521
309,1,Fast,0.8104085922241211,1015,764
309,1,Fast,0.6299178004264832,973,591
310,1,Fast,0.8702321648597717,951,1019
310,1,Fast,0.8571071624755859,1013,757
310,1,Fast,0.8553642630577087,845,657
310,1,Fast,0.8216962814331055,1061,860
310,1,Fast,0.8114278316497803,809,525
310,1,Fast,0.7166440486907959,805,843
310,1,Fast,0.6830785274505615,971,587
310,1,Fast,0.633771538734436,1128,981
311,1,Fast,0.8665138483047485,954,1029
311,1,Fast,0.8572901487350464,1010,751
311,1,Fast,0.8497639298439026,846,662
311,1,Fast,0.8423137664794922,809,529
311,1,Fast,0.8060503005981445,1057,853
311,1,Fast,0.6587861180305481,1046,728
311,1,Fast,0.6551653742790222,970,583
311,1,Fast,0.4358426630496979,776,553
311,1,Fast,0.32381197810173035,806,848
312,1,Fast,0.8523048758506775,1007,745
312,1,Fast,0.8506594300270081,957,1039
312,1,Fast,0.8244187235832214,810,532
312,1,Fast,0.823458194732666,847,667
312,1,Fast,0.7668017148971558,1054,844
312,1,Fast,0.7222139239311218,1117,962
312,1,Fast,0.6961613297462463,808,855
312,1,Fast,0.6761297583580017,968,579
312,1,Fast,0.5422739386558533,1043,723
312,1,Fast,0.31169331073760986,776,556
313,1,Fast,0.8386931419372559,1004,738
313,1,Fast,0.8314663767814636,1051,836
313,1,Fast,0.8153206706047058,810,536
313,1,Fast,0.8152597546577454,961,1046
313,1,Fast,0.7719126343727112,849,672
313,1,Fast,0.6562369465827942,967,576
313,1,Fast,0.5698788166046143,1112,952
313,1,Fast,0.4458751678466797,811,860
313,1,Fast,0.3911038339138031,778,559
314,1,Fast,0.8546001315116882,850,678
314,1,Fast,0.844348132610321,811,540
314,1,Fast,0.8236292004585266,1001,732
314,1,Fast,0.7588360905647278,1047,829
314,1,Fast,0.7528113126754761,965,1051
314,1,Fast,0.7477016448974609,965,572
314,1,Fast,0.6980658173561096,813,865
314,1,Fast,0.42621102929115295,1108,943
315,1,Fast,0.8339365124702454,811,543
315,1,Fast,0.8297800421714783,998,727
315,1,Fast,0.8243608474731445,852,683
315,1,Fast,0.7601434588432312,1042,821
315,1,Fast,0.6778448820114136,970,1057
315,1,Fast,0.6536298990249634,963,568
315,1,Fast,0.6180969476699829,779,566
315,1,Fast,0.6095500588417053,815,871
315,1,Fast,0.5610864162445068,1103,933
316,1,Fast,0.8461557030677795,812,547
316,1,Fast,0.837868869304657,817,877
316,1,Fast,0.8210179209709167,853,689
316,1,Fast,0.7967844605445862,996,720
316,1,Fast,0.7425041198730469,962,565
316,1,Fast,0.7098538279533386,1038,813
316,1,Fast,0.6812823414802551,1097,924
316,1,Fast,0.4922458231449127,973,1062
316,1,Fast,0.4607504606246948,780,570
317,1,Fast,0.8493697047233582,819,883
317,1,Fast,0.8420650362968445,814,550
317,1,Fast,0.7970297932624817,854,695
317,1,Fast,0.7824466228485107,1035,806
317,1,Fast,0.7739401459693909,992,714
317,1,Fast,0.7007490396499634,960,561
317,1,Fast,0.5625461935997009,780,573
317,1,Fast,0.37814509868621826,1092,915
317,1,Fast,0.33035537600517273,977,1067
318,1,Fast,0.8516749143600464,815,555
318,1,Fast,0.8226133584976196,1031,799
318,1,Fast,0.8131317496299744,990,709
318,1,Fast,0.7965021729469299,856,699
318,1,Fast,0.775978147983551,821,889
318,1,Fast,0.6424922943115234,781,577
318,1,Fast,0.61848384141922,958,558
318,1,Fast,0.48816949129104614,1088,907
319,1,Fast,0.8714898228645325,1027,792
319,1,Fast,0.8431547284126282,815,558
319,1,Fast,0.8323215842247009,858,705
319,1,Fast,0.8215764760971069,987,703
319,1,Fast,0.795470118522644,781,581
319,1,Fast,0.5772997736930847,823,896
319,1,Fast,0.5680924654006958,956,555
319,1,Fast,0.46114522218704224,1023,686
320,1,Fast,0.8445142507553101,816,561
320,1,Fast,0.8395079970359802,860,711
320,1,Fast,0.8389891386032104,1024,785
320,1,Fast,0.8193601369857788,984,698
320,1,Fast,0.799075722694397,780,584
320,1,Fast,0.5999162197113037,955,550
320,1,Fast,0.5495343804359436,825,902
321,1,Fast,0.872856855392456,863,716
321,1,Fast,0.8506304621696472,817,565
321,1,Fast,0.8414969444274902,827,909
321,1,Fast,0.8381121158599854,1020,778
321,1,Fast,0.8311257362365723,983,692
321,1,Fast,0.7982321977615356,781,586
321,1,Fast,0.5937905311584473,954,547
321,1,Fast,0.30025672912597656,1076,881
322,1,Fast,0.861553430557251,817,569
322,1,Fast,0.8609179258346558,864,721
322,1,Fast,0.8560137748718262,980,686
322,1,Fast,0.8480532765388489,1018,772
322,1,Fast,0.8226184248924255,829,915
322,1,Fast,0.7849493026733398,782,590
322,1,Fast,0.5606379508972168,953,544
322,1,Fast,0.5180692672729492,1016,670
322,1,Fast,0.45860064029693604,1071,873
323,1,Fast,0.8628801107406616,1015,766
323,1,Fast,0.8554532527923584,978,681
323,1,Fast,0.8495894074440002,817,573
323,1,Fast,0.8441850543022156,831,921
323,1,Fast,0.806812047958374,866,727
323,1,Fast,0.7678486704826355,783,593
323,1,Fast,0.6828321218490601,952,541
323,1,Fast,0.642052948474884,800,475
323,1,Fast,0.596942663192749,1066,865
324,1,Fast,0.8795333504676819,1012,758
324,1,Fast,0.852891743183136,833,928
324,1,Fast,0.8455973267555237,818,577
324,1,Fast,0.8175933957099915,975,674
324,1,Fast,0.8098368644714355,868,734
324,1,Fast,0.7888718843460083,783,596
324,1,Fast,0.6730563044548035,950,538
324,1,Fast,0.42580339312553406,799,477
325,1,Fast,0.8594233393669128,834,934
325,1,Fast,0.8430074453353882,820,581
325,1,Fast,0.8420990109443665,1008,752
325,1,Fast,0.8314684629440308,869,740
325,1,Fast,0.8188437819480896,972,669
325,1,Fast,0.7948412895202637,784,601
325,1,Fast,0.6918882131576538,800,480
325,1,Fast,0.6798918843269348,949,534
325,1,Fast,0.4468099772930145,1058,849
326,1,Fast,0.8546661138534546,837,941
326,1,Fast,0.8481224775314331,1005,745
326,1,Fast,0.8398546576499939,821,586
326,1,Fast,0.8293132185935974,871,746
326,1,Fast,0.7912564277648926,971,665
326,1,Fast,0.7355478405952454,947,531
326,1,Fast,0.6846083998680115,784,604
326,1,Fast,0.6302953958511353,800,483
327,1,Fast,0.8579292893409729,822,590
327,1,Fast,0.8557071089744568,872,752
327,1,Fast,0.8549548387527466,1002,739
327,1,Fast,0.8503674864768982,840,948
327,1,Fast,0.7451456189155579,968,658
327,1,Fast,0.6978358030319214,946,527
327,1,Fast,0.5388836860656738,801,487
328,1,Fast,0.8564367890357971,999,733
328,1,Fast,0.8529084324836731,823,595
328,1,Fast,0.8171005845069885,842,955
328,1,Fast,0.8140342235565186,874,757
328,1,Fast,0.6266156435012817,965,654
328,1,Fast,0.5413645505905151,944,524
328,1,Fast,0.49550381302833557,786,612
328,1,Fast,0.3089379072189331,1255,1066
329,1,Fast,0.8789392709732056,996,727
329,1,Fast,0.8581900000572205,824,599
329,1,Fast,0.8204770088195801,844,963
329,1,Fast,0.8052567839622498,877,763
329,1,Fast,0.7704084515571594,963,649
329,1,Fast,0.6728598475456238,786,615
329,1,Fast,0.6720424890518188,943,521
329,1,Fast,0.4446714520454407,1247,1059
329,1,Fast,0.416079580783844,802,493
330,1,Fast,0.8615987300872803,993,722
330,1,Fast,0.8525551557540894,847,969
330,1,Fast,0.8523595929145813,878,770
330,1,Fast,0.8507465720176697,825,603
330,1,Fast,0.7868996262550354,961,644
330,1,Fast,0.7345753312110901,1237,1054
330,1,Fast,0.674905002117157,942,518
330,1,Fast,0.5582576394081116,787,619
331,1,Fast,0.8641452789306641,990,716
331,1,Fast,0.854262113571167,826,607
331,1,Fast,0.8329070210456848,849,977
331,1,Fast,0.832766056060791,1229,1047
331,1,Fast,0.8231396675109863,958,639
331,1,Fast,0.7862294316291809,881,777
331,1,Fast,0.6977300047874451,941,515
331,1,Fast,0.5354854464530945,787,623
331,1,Fast,0.336078405380249,1035,805
332,1,Fast,0.8666654825210571,987,710
332,1,Fast,0.8595870733261108,852,984
332,1,Fast,0.8585538864135742,827,611
332,1,Fast,0.8405641913414001,957,635
332,1,Fast,0.8372181057929993,883,783
332,1,Fast,0.8106092810630798,1222,1037
332,1,Fast,0.7120088934898376,939,512
332,1,Fast,0.39557120203971863,788,627
333,1,Fast,0.8701372146606445,855,991
333,1,Fast,0.8674147725105286,985,704
333,1,Fast,0.859066903591156,1215,1026
333,1,Fast,0.8580864667892456,885,790
333,1,Fast,0.8506661653518677,828,615
333,1,Fast,0.8348807692527771,955,629
333,1,Fast,0.7278251051902771,938,509
333,1,Fast,0.6437182426452637,789,631
333,1,Fast,0.3865185081958771,991,620
334,1,Fast,0.897850751876831,982,699
334,1,Fast,0.8762799501419067,1209,1016
334,1,Fast,0.8476963639259338,828,619
334,1,Fast,0.8448615074157715,888,795
334,1,Fast,0.8436038494110107,953,625
334,1,Fast,0.8283668160438538,858,999
334,1,Fast,0.7666488885879517,790,635
334,1,Fast,0.6659392714500427,938,507
334,1,Fast,0.45105260610580444,806,508
335,1,Fast,0.8680160641670227,980,693
335,1,Fast,0.8622576594352722,830,625
335,1,Fast,0.8508561849594116,951,620
335,1,Fast,0.8264023661613464,890,803
335,1,Fast,0.8213002681732178,860,1008
335,1,Fast,0.7247673273086548,1204,1005
335,1,Fast,0.718459963798523,936,503
335,1,Fast,0.6779538989067078,808,511
335,1,Fast,0.6333425045013428,987,611
335,1,Fast,0.6308563351631165,791,639
335,1,Fast,0.3597474694252014,1021,776
336,1,Fast,0.8785611987113953,892,809
336,1,Fast,0.8683343529701233,831,629
336,1,Fast,0.8584572076797485,977,687
336,1,Fast,0.842323362827301,1196,996
336,1,Fast,0.8091544508934021,950,616
336,1,Fast,0.8082517385482788,863,1016
336,1,Fast,0.7830533981323242,935,500
336,1,Fast,0.7378866076469421,805,514
336,1,Fast,0.6876459717750549,1018,769
336,1,Fast,0.5401924848556519,986,608
337,1,Fast,0.868573009967804,974,681
337,1,Fast,0.856522262096405,832,633
337,1,Fast,0.8454042077064514,1190,987
337,1,Fast,0.8433725237846375,894,816
337,1,Fast,0.8260270357131958,948,611
337,1,Fast,0.8128759860992432,866,1025
337,1,Fast,0.7431690692901611,806,517
337,1,Fast,0.7419191002845764,934,497
337,1,Fast,0.6034595370292664,1016,764
338,1,Fast,0.875056803226471,1185,977
338,1,Fast,0.8681665658950806,833,638
338,1,Fast,0.8611767292022705,869,1033
338,1,Fast,0.8593839406967163,972,676
338,1,Fast,0.8355157971382141,897,825
338,1,Fast,0.8163757920265198,947,606
338,1,Fast,0.7706806063652039,933,494
338,1,Fast,0.35900983214378357,807,521
339,1,Fast,0.8779022693634033,970,669
339,1,Fast,0.8706980347633362,835,643
339,1,Fast,0.8647653460502625,899,832
339,1,Fast,0.8628737330436707,872,1040
339,1,Fast,0.8572795391082764,1179,968
339,1,Fast,0.7936879992485046,932,491
339,1,Fast,0.7394341826438904,945,602
339,1,Fast,0.5198894739151001,1009,751
340,1,Fast,0.8923033475875854,968,666
340,1,Fast,0.87255859375,1174,959
340,1,Fast,0.8698399662971497,836,647
340,1,Fast,0.8689212799072266,901,839
340,1,Fast,0.840176522731781,875,1045
340,1,Fast,0.8058909773826599,941,596
340,1,Fast,0.7720044851303101,931,488
340,1,Fast,0.7674993276596069,1006,745
340,1,Fast,0.4385257065296173,809,529
340,1,Fast,0.43794652819633484,797,660
341,1,Fast,0.8772958517074585,1169,950
341,1,Fast,0.8759881854057312,903,846
341,1,Fast,0.8652167916297913,964,661
341,1,Fast,0.862673282623291,838,652
341,1,Fast,0.8082318902015686,877,1049
341,1,Fast,0.7856014370918274,1003,739
341,1,Fast,0.7318419814109802,930,485
341,1,Fast,0.7116397619247437,939,592
341,1,Fast,0.648084282875061,797,665
342,1,Fast,0.8778344392776489,907,853
342,1,Fast,0.8617555499076843,963,655
342,1,Fast,0.858543336391449,839,657
342,1,Fast,0.849784791469574,1164,942
342,1,Fast,0.7835805416107178,937,588
342,1,Fast,0.7373953461647034,882,1053
342,1,Fast,0.7105498313903809,930,483
342,1,Fast,0.7063289284706116,1001,733
342,1,Fast,0.5766909718513489,798,668
342,1,Fast,0.534583568572998,811,536
343,1,Fast,0.884949803352356,909,860
343,1,Fast,0.8705782294273376,841,662
343,1,Fast,0.8562589287757874,960,650
343,1,Fast,0.834982693195343,1158,933
343,1,Fast,0.7925683856010437,936,584
343,1,Fast,0.7018639445304871,885,1057
343,1,Fast,0.6132912635803223,928,480
343,1,Fast,0.5752184987068176,799,672
343,1,Fast,0.4378843307495117,811,539
343,1,Fast,0.4255770146846771,997,727
344,1,Fast,0.8714712262153625,842,666
344,1,Fast,0.8668738007545471,913,869
344,1,Fast,0.8518204092979431,959,645
344,1,Fast,0.8386580944061279,935,580
344,1,Fast,0.8340771794319153,800,677
344,1,Fast,0.8166657090187073,1153,924
344,1,Fast,0.6512154340744019,927,477
344,1,Fast,0.5433129072189331,811,541
344,1,Fast,0.4354802072048187,995,721
344,1,Fast,0.39445650577545166,888,1062
345,1,Fast,0.8896758556365967,915,877
345,1,Fast,0.8712844252586365,843,672
345,1,Fast,0.8625181317329407,956,641
345,1,Fast,0.8405625224113464,800,680
345,1,Fast,0.8352289795875549,933,575
345,1,Fast,0.8294290900230408,1148,916
345,1,Fast,0.5914813280105591,992,715
345,1,Fast,0.44143784046173096,925,475
345,1,Fast,0.39597827196121216,824,454
345,1,Fast,0.38981419801712036,896,1066
346,1,Fast,0.8911817073822021,918,884
346,1,Fast,0.8772417306900024,844,677
346,1,Fast,0.8765550255775452,955,635
346,1,Fast,0.7984929084777832,933,572
346,1,Fast,0.7439397573471069,802,685
346,1,Fast,0.7094258666038513,925,472
346,1,Fast,0.6748775839805603,1143,907
346,1,Fast,0.6137182712554932,989,709
346,1,Fast,0.49360454082489014,811,549
347,1,Fast,0.8753064870834351,920,893
347,1,Fast,0.8703379034996033,846,682
347,1,Fast,0.8674726486206055,953,631
347,1,Fast,0.8434755206108093,1138,898
347,1,Fast,0.7917236089706421,930,567
347,1,Fast,0.7727367281913757,803,690
347,1,Fast,0.7722986340522766,924,469
347,1,Fast,0.6993025541305542,812,553
347,1,Fast,0.4930918216705322,987,704
347,1,Fast,0.4596734344959259,967,564
348,1,Fast,0.8848004341125488,923,902
348,1,Fast,0.8685860633850098,951,626
348,1,Fast,0.8578060269355774,847,688
348,1,Fast,0.8244492411613464,804,695
348,1,Fast,0.8062580823898315,1134,891
348,1,Fast,0.7828746438026428,929,563
348,1,Fast,0.7430915236473083,814,557
348,1,Fast,0.7287581562995911,966,561
348,1,Fast,0.6882258057594299,924,466
348,1,Fast,0.5595518946647644,984,698
348,1,Fast,0.3704681992530823,825,465
349,1,Fast,0.8958107233047485,926,911
349,1,Fast,0.886771559715271,849,693
349,1,Fast,0.8601216077804565,949,620
349,1,Fast,0.7991814613342285,927,559
349,1,Fast,0.7251938581466675,1129,883
349,1,Fast,0.7232396006584167,923,464
349,1,Fast,0.7158672213554382,814,561
349,1,Fast,0.7113228440284729,806,700
349,1,Fast,0.5194717645645142,982,693
349,1,Fast,0.356094092130661,826,468
350,1,Fast,0.880925178527832,929,919
350,1,Fast,0.8686704635620117,851,699
350,1,Fast,0.8453584909439087,947,615
350,1,Fast,0.8116931915283203,1124,875
350,1,Fast,0.7808100581169128,925,554
350,1,Fast,0.7239487767219543,980,687
350,1,Fast,0.6506133675575256,817,564
350,1,Fast,0.6080109477043152,806,704
351,1,Fast,0.8776401281356812,932,928
351,1,Fast,0.84840327501297,945,611
351,1,Fast,0.845503568649292,853,705
351,1,Fast,0.822102963924408,924,551
351,1,Fast,0.7724223732948303,976,682
351,1,Fast,0.7634999752044678,818,568
351,1,Fast,0.6994857788085938,922,458
351,1,Fast,0.65754234790802,1119,868
351,1,Fast,0.4319222867488861,807,710
351,1,Fast,0.367391973733902,963,551
352,1,Fast,0.8731601238250732,935,937
352,1,Fast,0.8489176630973816,944,608
352,1,Fast,0.8487266302108765,855,711
352,1,Fast,0.8225151300430298,923,548
352,1,Fast,0.7997690439224243,974,676
352,1,Fast,0.7836142182350159,819,572
352,1,Fast,0.6865260004997253,921,456
352,1,Fast,0.6408742666244507,1115,861
352,1,Fast,0.5973241925239563,961,547
352,1,Fast,0.3857695758342743,808,714
353,1,Fast,0.8584908843040466,938,945
353,1,Fast,0.8555258512496948,942,604
353,1,Fast,0.8434138298034668,857,717
353,1,Fast,0.8114187121391296,971,671
353,1,Fast,0.8003588318824768,922,543
353,1,Fast,0.6919288635253906,960,544
353,1,Fast,0.6664719581604004,810,718
353,1,Fast,0.6236374378204346,819,575
353,1,Fast,0.6129555702209473,1111,854
353,1,Fast,0.444446325302124,920,453
354,1,Fast,0.872161865234375,941,954
354,1,Fast,0.8510293364524841,859,722
354,1,Fast,0.8409864902496338,940,600
354,1,Fast,0.7711814641952515,812,723
354,1,Fast,0.7456622123718262,921,540
354,1,Fast,0.7292027473449707,968,666
354,1,Fast,0.6965752840042114,820,581
354,1,Fast,0.6950995922088623,919,451
354,1,Fast,0.6715382933616638,959,541
354,1,Fast,0.6226950883865356,1107,847
355,1,Fast,0.8750519156455994,945,963
355,1,Fast,0.8608578443527222,938,596
355,1,Fast,0.8578367233276367,861,728
355,1,Fast,0.8190361261367798,919,536
355,1,Fast,0.7623463273048401,967,662
355,1,Fast,0.7193934321403503,821,585
355,1,Fast,0.6671239733695984,813,728
355,1,Fast,0.6536193490028381,918,448
355,1,Fast,0.6395584344863892,1103,840
355,1,Fast,0.42692533135414124,957,537
355,1,Fast,0.34954404830932617,830,488
356,1,Fast,0.880297839641571,948,972
356,1,Fast,0.8671857118606567,936,590
356,1,Fast,0.858002781867981,862,734
356,1,Fast,0.8140943646430969,917,534
356,1,Fast,0.7832507491111755,917,446
356,1,Fast,0.6907666921615601,1099,832
356,1,Fast,0.6869848370552063,965,657
356,1,Fast,0.5296953320503235,823,589
356,1,Fast,0.5292486548423767,831,492
356,1,Fast,0.35883933305740356,813,734
357,1,Fast,0.8831543326377869,952,982
357,1,Fast,0.8751760721206665,863,740
357,1,Fast,0.8384084105491638,935,586
357,1,Fast,0.8047025203704834,916,529
357,1,Fast,0.7665483951568604,814,740
357,1,Fast,0.7572802305221558,1094,825
357,1,Fast,0.63944011926651,916,444
357,1,Fast,0.4590103030204773,961,651
357,1,Fast,0.4363352358341217,824,593
357,1,Fast,0.302456259727478,831,496
358,1,Fast,0.8863466382026672,955,991
358,1,Fast,0.869728147983551,865,746
358,1,Fast,0.845977246761322,933,582
358,1,Fast,0.7897617816925049,959,647
358,1,Fast,0.771245539188385,915,525
358,1,Fast,0.7353304624557495,816,745
358,1,Fast,0.6669989824295044,952,527
358,1,Fast,0.5348156094551086,916,441
358,1,Fast,0.44882914423942566,832,500
359,1,Fast,0.8776476383209229,959,1001
359,1,Fast,0.8654693365097046,867,753
359,1,Fast,0.8566400408744812,932,578
359,1,Fast,0.8277889490127563,958,642
359,1,Fast,0.7973237633705139,914,522
359,1,Fast,0.7699341177940369,818,750
359,1,Fast,0.6174725294113159,827,601
359,1,Fast,0.6088292002677917,833,503
359,1,Fast,0.5973705053329468,950,524
359,1,Fast,0.5968356728553772,1087,810
359,1,Fast,0.3196728229522705,915,439
360,1,Fast,0.8651180863380432,962,1013
360,1,Fast,0.8642571568489075,868,760
360,1,Fast,0.8240687847137451,931,574
360,1,Fast,0.80577552318573,912,518
360,1,Fast,0.7653133869171143,819,755
360,1,Fast,0.7525997161865234,956,637
360,1,Fast,0.6683741807937622,914,436
360,1,Fast,0.600066602230072,949,521
361,1,Fast,0.8457016944885254,871,766
361,1,Fast,0.8202560544013977,966,1023
361,1,Fast,0.8119135499000549,911,514
361,1,Fast,0.7905404567718506,930,569
361,1,Fast,0.724452018737793,949,517
361,1,Fast,0.6524645686149597,828,611
361,1,Fast,0.6421605944633484,955,633
361,1,Fast,0.505224347114563,914,434
361,1,Fast,0.5044159889221191,820,760
362,1,Fast,0.8462657928466797,873,773
362,1,Fast,0.8396369814872742,928,565
362,1,Fast,0.7968668937683105,948,514
362,1,Fast,0.7933710217475891,953,627
362,1,Fast,0.784727931022644,910,511
362,1,Fast,0.7730430364608765,828,615
362,1,Fast,0.7575380206108093,970,1034
362,1,Fast,0.39784517884254456,836,514
363,1,Fast,0.8583976030349731,927,562
363,1,Fast,0.8259620070457458,974,1044
363,1,Fast,0.8053070306777954,876,779
363,1,Fast,0.800860583782196,908,507
363,1,Fast,0.7747184634208679,951,623
363,1,Fast,0.7039860486984253,947,511
363,1,Fast,0.6798607707023621,830,620
363,1,Fast,0.48471716046333313,912,428
363,1,Fast,0.3217174708843231,837,518
364,1,Fast,0.8608993291854858,949,618
364,1,Fast,0.8509148359298706,877,786
364,1,Fast,0.8433738350868225,925,558
364,1,Fast,0.8191487193107605,907,505
364,1,Fast,0.7717702984809875,979,1050
364,1,Fast,0.7149835824966431,911,426
364,1,Fast,0.674079418182373,945,508
364,1,Fast,0.6262384653091431,837,522
364,1,Fast,0.6102071404457092,831,624
365,1,Fast,0.8612670302391052,880,794
365,1,Fast,0.8554867506027222,947,613
365,1,Fast,0.8189051747322083,923,554
365,1,Fast,0.81514972448349,985,1056
365,1,Fast,0.8145853281021118,906,503
365,1,Fast,0.7703225612640381,911,424
365,1,Fast,0.6571944952011108,944,506
365,1,Fast,0.6343464851379395,831,629
365,1,Fast,0.5538109540939331,838,525
365,1,Fast,0.4566854238510132,1066,773
365,2,Slow,0.3821972906589508,831,464
366,1,Fast,0.8546376824378967,882,801
366,1,Fast,0.8416866660118103,922,550
366,1,Fast,0.8172022700309753,945,609
366,1,Fast,0.8021235466003418,905,499
366,1,Fast,0.7946113348007202,989,1061
366,1,Fast,0.7551009058952332,910,421
366,1,Fast,0.7302597761154175,831,634
366,1,Fast,0.6859444975852966,943,502
366,1,Fast,0.6082716584205627,838,529
366,1,Fast,0.5632635354995728,1062,767
366,1,Fast,0.3691771328449249,827,789
367,1,Fast,0.8515903949737549,885,807
367,1,Fast,0.8489164710044861,920,547
367,1,Fast,0.8399137854576111,943,606
367,1,Fast,0.7825794219970703,829,795
367,1,Fast,0.7272579669952393,904,495
367,1,Fast,0.6914562582969666,941,499
367,1,Fast,0.6802719831466675,910,420
367,1,Fast,0.6189706921577454,995,1067
367,1,Fast,0.5650151371955872,834,638
367,1,Fast,0.5396128296852112,840,533
368,1,Fast,0.8559156656265259,887,815
368,1,Fast,0.8347540497779846,919,543
368,1,Fast,0.809539258480072,903,491
368,1,Fast,0.7849559187889099,830,800
368,1,Fast,0.7782479524612427,940,495
368,1,Fast,0.7297598123550415,909,418
368,1,Fast,0.6650155186653137,942,602
368,1,Fast,0.46545201539993286,840,537
369,1,Fast,0.8485072255134583,888,822
369,1,Fast,0.8079527020454407,939,597
369,1,Fast,0.8011334538459778,902,488
369,1,Fast,0.7813794612884521,918,539
369,1,Fast,0.7771345376968384,940,491
369,1,Fast,0.6626738905906677,833,806
369,1,Fast,0.6436399817466736,908,416
369,1,Fast,0.347044438123703,841,541
370,1,Fast,0.8589977025985718,891,829
370,1,Fast,0.8482343554496765,937,592
370,1,Fast,0.8368515372276306,917,535
370,1,Fast,0.8270668387413025,939,489
370,1,Fast,0.7969855666160583,901,485
370,1,Fast,0.7532169222831726,841,651
370,1,Fast,0.5820822715759277,834,812
370,1,Fast,0.36263564229011536,842,545
371,1,Fast,0.8656973242759705,893,836
371,1,Fast,0.826262354850769,938,486
371,1,Fast,0.8136881589889526,916,531
371,1,Fast,0.7933828234672546,935,589
371,1,Fast,0.7441021203994751,842,655
371,1,Fast,0.7422757744789124,835,819
371,1,Fast,0.7261465191841125,900,482
371,1,Fast,0.5904670357704163,843,549
372,1,Fast,0.8698782920837402,896,844
372,1,Fast,0.8080139756202698,936,484
372,1,Fast,0.8032796382904053,835,825
372,1,Fast,0.794754683971405,933,583
372,1,Fast,0.7742116451263428,915,527
372,1,Fast,0.7697772979736328,842,662
372,1,Fast,0.6756538152694702,844,553
372,1,Fast,0.6407688856124878,899,480
372,1,Fast,0.3792308568954468,907,410
373,1,Fast,0.864066481590271,899,852
373,1,Fast,0.8114636540412903,838,829
373,1,Fast,0.7930781245231628,846,558
373,1,Fast,0.7873063087463379,844,666
373,1,Fast,0.7658088803291321,898,476
373,1,Fast,0.7413709759712219,914,523
373,1,Fast,0.6851727962493896,931,580
373,1,Fast,0.5835732817649841,935,481
373,1,Fast,0.3913918733596802,907,408
374,1,Fast,0.8467497825622559,901,860
374,1,Fast,0.8092998266220093,847,562
374,1,Fast,0.8020318150520325,913,520
374,1,Fast,0.7977682948112488,846,673
374,1,Fast,0.7931350469589233,897,473
374,1,Fast,0.7644402384757996,841,837
374,1,Fast,0.7310845851898193,934,479
374,1,Fast,0.7132658362388611,930,575
374,1,Fast,0.6290016174316406,907,406
375,1,Fast,0.8524560928344727,847,678
375,1,Fast,0.8431559801101685,905,868
375,1,Fast,0.8221755623817444,848,566
375,1,Fast,0.8198386430740356,843,844
375,1,Fast,0.8139601349830627,912,518
375,1,Fast,0.7996746897697449,896,471
375,1,Fast,0.7545916438102722,929,572
375,1,Fast,0.5472495555877686,933,477
375,1,Fast,0.4336165189743042,906,403
375,1,Fast,0.42942118644714355,1034,714
376,1,Fast,0.8435404896736145,907,876
376,1,Fast,0.8123344779014587,910,515
376,1,Fast,0.8114668726921082,844,852
376,1,Fast,0.8091989755630493,849,684
376,1,Fast,0.798800528049469,849,571
376,1,Fast,0.7881156802177429,927,568
376,1,Fast,0.7805122137069702,894,468
376,1,Fast,0.6501044034957886,932,475
376,1,Fast,0.6134209036827087,1031,708
376,1,Fast,0.47923544049263,905,401
377,1,Fast,0.8479480743408203,910,885
377,1,Fast,0.838802695274353,925,564
377,1,Fast,0.8056977391242981,909,512
377,1,Fast,0.801957905292511,846,858
377,1,Fast,0.7455635666847229,851,689
377,1,Fast,0.7309269309043884,893,463
377,1,Fast,0.6625937819480896,850,575
377,1,Fast,0.6599151492118835,905,399
378,1,Fast,0.8610561490058899,923,560
378,1,Fast,0.8603255748748779,913,893
378,1,Fast,0.8034715056419373,892,461
378,1,Fast,0.7778910994529724,907,507
378,1,Fast,0.7733678221702576,852,695
378,1,Fast,0.7534013986587524,905,396
378,1,Fast,0.7492486834526062,848,866
378,1,Fast,0.7236860990524292,852,579
378,1,Fast,0.5248651504516602,929,468
379,1,Fast,0.8626545667648315,915,902
379,1,Fast,0.8405160903930664,921,556
379,1,Fast,0.8164224028587341,850,872
379,1,Fast,0.8104355931282043,892,458
379,1,Fast,0.8086671233177185,906,504
379,1,Fast,0.7522881031036377,904,394
379,1,Fast,0.6764048933982849,854,700
379,1,Fast,0.5677765011787415,854,585
379,1,Fast,0.4103235602378845,928,465
379,1,Fast,0.34909942746162415,1024,692
380,1,Fast,0.85243159532547,920,553
380,1,Fast,0.8346819877624512,918,911
380,1,Fast,0.8269988298416138,905,502
380,1,Fast,0.8038671016693115,854,590
380,1,Fast,0.7975029349327087,892,454
380,1,Fast,0.7948798537254333,852,879
380,1,Fast,0.7072281837463379,903,393
380,1,Fast,0.5363999009132385,928,462
380,1,Fast,0.4067952632904053,856,706
380,1,Fast,0.33905288577079773,1021,687
381,1,Fast,0.8588079214096069,855,886
381,1,Fast,0.8490034937858582,918,548
381,1,Fast,0.835210919380188,922,921
381,1,Fast,0.816353440284729,856,594
381,1,Fast,0.7763001918792725,905,496
381,1,Fast,0.763317346572876,891,451
381,1,Fast,0.6000187397003174,902,392
381,1,Fast,0.36618348956108093,857,711
381,1,Fast,0.3503412902355194,1018,683
382,1,Fast,0.847399890422821,857,892
382,1,Fast,0.8462533950805664,924,929
382,1,Fast,0.8266953825950623,917,545
382,1,Fast,0.7952051758766174,890,448
382,1,Fast,0.7805927395820618,858,598
382,1,Fast,0.7704467177391052,926,456
382,1,Fast,0.7453827857971191,904,493
382,1,Fast,0.7285671234130859,859,715
382,1,Fast,0.6173712015151978,1015,678
382,1,Fast,0.5464951992034912,903,389
382,1,Fast,0.3859768211841583,1237,1063
383,1,Fast,0.8697262406349182,927,938
383,1,Fast,0.8212259411811829,889,446
383,1,Fast,0.8156710863113403,859,604
383,1,Fast,0.8026154637336731,902,490
383,1,Fast,0.7910972237586975,859,900
383,1,Fast,0.7317277789115906,916,542
383,1,Fast,0.7231200933456421,1225,1056
383,1,Fast,0.7228743433952332,925,454
383,1,Fast,0.5430230498313904,1013,672
383,1,Fast,0.48198381066322327,860,721
384,1,Fast,0.8749141693115234,931,947
384,1,Fast,0.8658494353294373,1212,1049
384,1,Fast,0.8541785478591919,860,608
384,1,Fast,0.8493589758872986,861,908
384,1,Fast,0.7893450260162354,889,442
384,1,Fast,0.7697286009788513,915,538
384,1,Fast,0.7548881769180298,902,487
384,2,Slow,0.5836905241012573,843,534
384,1,Fast,0.5425570607185364,1010,667
384,1,Fast,0.41750967502593994,924,452
385,1,Fast,0.8881906270980835,862,613
385,1,Fast,0.8743687272071838,1204,1039
385,1,Fast,0.8698164224624634,934,957
385,1,Fast,0.8147673010826111,863,916
385,1,Fast,0.8043062686920166,913,534
385,1,Fast,0.7970114946365356,888,440
385,1,Fast,0.7767452001571655,901,484
385,1,Fast,0.508475661277771,1008,663
385,2,Slow,0.45718690752983093,845,538
385,1,Fast,0.4030247926712036,924,448
386,1,Fast,0.8846808075904846,1197,1027
386,1,Fast,0.8783019781112671,937,966
386,1,Fast,0.868472158908844,864,619
386,1,Fast,0.8448247313499451,913,531
386,1,Fast,0.8423312306404114,866,924
386,1,Fast,0.7431501746177673,887,438
386,1,Fast,0.7080479264259338,900,482
386,1,Fast,0.5694775581359863,1005,658
386,1,Fast,0.4837893843650818,922,447
386,1,Fast,0.43013685941696167,865,741
387,1,Fast,0.8930597901344299,1190,1015
387,1,Fast,0.8689034581184387,942,976
387,1,Fast,0.8685920238494873,865,623
387,1,Fast,0.851134181022644,868,932
387,1,Fast,0.8057491183280945,911,527
387,1,Fast,0.6892780065536499,886,435
387,1,Fast,0.5721282362937927,899,479
387,1,Fast,0.5712953209877014,1003,654
387,1,Fast,0.510901153087616,868,747
387,1,Fast,0.43074217438697815,922,445
387,1,Fast,0.33443671464920044,900,381
388,1,Fast,0.8963746428489685,1183,1002
388,1,Fast,0.8691112399101257,946,987
388,1,Fast,0.8690884709358215,866,628
388,1,Fast,0.864077627658844,870,939
388,1,Fast,0.6543248295783997,898,477
388,1,Fast,0.6526308655738831,886,432
388,1,Fast,0.5519548654556274,871,754
388,1,Fast,0.5432528257369995,910,524
388,1,Fast,0.4042366147041321,1001,648
388,1,Fast,0.3598734438419342,920,441
389,1,Fast,0.8867611289024353,1176,990
389,1,Fast,0.8835158348083496,949,997
389,1,Fast,0.8534764051437378,868,635
389,1,Fast,0.8423435688018799,872,947
389,1,Fast,0.8052457571029663,871,759
389,1,Fast,0.7353289723396301,885,429
389,1,Fast,0.627936065196991,908,520
390,1,Fast,0.8924236297607422,1169,979
390,1,Fast,0.8814688920974731,953,1006
390,1,Fast,0.8505185842514038,907,517
390,1,Fast,0.8481871485710144,870,640
390,1,Fast,0.8282857537269592,875,956
390,1,Fast,0.6959645748138428,874,766
390,1,Fast,0.6771373748779297,896,471
390,1,Fast,0.6383171081542969,884,426
390,1,Fast,0.5000295639038086,997,639
391,1,Fast,0.8791451454162598,1163,968
391,1,Fast,0.8766651153564453,956,1017
391,1,Fast,0.8715577125549316,871,645
391,1,Fast,0.8137887716293335,877,964
391,1,Fast,0.791703462600708,905,514
391,1,Fast,0.7909239530563354,876,773
391,1,Fast,0.6399065852165222,883,423
391,1,Fast,0.5659899115562439,895,467
391,1,Fast,0.45235711336135864,995,635
392,1,Fast,0.8674939870834351,1157,957
392,1,Fast,0.8623444437980652,874,651
392,1,Fast,0.8525158762931824,961,1028
392,1,Fast,0.7793645262718201,903,511
392,1,Fast,0.7515968680381775,880,973
392,1,Fast,0.7057721614837646,878,779
392,1,Fast,0.692327618598938,883,422
392,1,Fast,0.5730718970298767,893,464
393,1,Fast,0.8790851831436157,875,656
393,1,Fast,0.8732048273086548,1150,946
393,1,Fast,0.8422539830207825,965,1037
393,1,Fast,0.8074555993080139,902,507
393,1,Fast,0.769523024559021,883,981
393,1,Fast,0.7113886475563049,893,461
393,1,Fast,0.6736650466918945,880,786
393,1,Fast,0.6060689091682434,883,419
393,1,Fast,0.5201038122177124,897,369
393,1,Fast,0.43082866072654724,990,626
394,1,Fast,0.8797751665115356,877,663
394,1,Fast,0.8795658946037292,1144,935
394,1,Fast,0.8033802509307861,885,989
394,1,Fast,0.7945020794868469,882,791
394,1,Fast,0.7662847638130188,969,1043
394,1,Fast,0.750095009803772,882,417
394,1,Fast,0.6654373407363892,901,504
394,1,Fast,0.5878012180328369,893,458
394,1,Fast,0.4912227988243103,988,622
394,1,Fast,0.4523332118988037,896,367
395,1,Fast,0.9004278182983398,1138,925
395,1,Fast,0.8673937916755676,879,668
395,1,Fast,0.8121569156646729,884,798
395,1,Fast,0.8116296529769897,889,997
395,1,Fast,0.8080872893333435,900,502
395,1,Fast,0.7786387801170349,892,455
395,1,Fast,0.7477577328681946,883,415
395,1,Fast,0.6876582503318787,973,1048
395,1,Fast,0.6448958516120911,986,617
395,1,Fast,0.5736324191093445,915,424
395,1,Fast,0.49659183621406555,896,365
395,1,Fast,0.38333556056022644,821,398
396,1,Fast,0.8845760226249695,881,674
396,1,Fast,0.8838527202606201,1132,915
396,1,Fast,0.8211954236030579,900,498
396,1,Fast,0.780568540096283,974,1053
396,1,Fast,0.7667465806007385,882,412
396,1,Fast,0.7508378028869629,892,1006
396,1,Fast,0.7249056100845337,886,806
396,1,Fast,0.7169288396835327,892,451
396,1,Fast,0.5828792452812195,915,422
396,1,Fast,0.5557606816291809,984,613
396,1,Fast,0.3040943443775177,896,364
397,1,Fast,0.8714661598205566,883,681
397,1,Fast,0.8428969979286194,1126,905
397,1,Fast,0.8077366948127747,899,494
397,1,Fast,0.7748597264289856,881,410
397,1,Fast,0.7400302290916443,888,816
397,1,Fast,0.6461585164070129,891,449
397,1,Fast,0.5452970862388611,983,609
397,1,Fast,0.5122441649436951,980,1059
397,1,Fast,0.4533720016479492,914,421
397,1,Fast,0.44011884927749634,893,1016
398,1,Fast,0.8690159916877747,886,686
398,1,Fast,0.8098220229148865,1120,896
398,1,Fast,0.7990133762359619,891,822
398,1,Fast,0.793943464756012,898,491
398,1,Fast,0.7602410316467285,890,446
398,1,Fast,0.7421126961708069,881,407
398,1,Fast,0.6485946178436279,895,1025
398,1,Fast,0.569603443145752,914,418
398,1,Fast,0.41202500462532043,981,605
399,1,Fast,0.8742522597312927,887,692
399,1,Fast,0.8387428522109985,1115,885
399,1,Fast,0.8181433081626892,898,488
399,1,Fast,0.7544969320297241,889,444
399,1,Fast,0.7521315217018127,894,830
399,1,Fast,0.6898486614227295,881,404
399,1,Fast,0.4950634837150574,978,601
399,1,Fast,0.4710783064365387,914,416
399,1,Fast,0.3980851173400879,986,1070
400,1,Fast,0.878108561038971,889,699
400,1,Fast,0.8207880854606628,895,838
400,1,Fast,0.8126996159553528,896,486
400,1,Fast,0.7674369812011719,1110,876
400,1,Fast,0.7361325025558472,880,402
400,1,Fast,0.7147279977798462,889,442
400,1,Fast,0.6927406191825867,913,414
400,1,Fast,0.5547682046890259,976,596
401,1,Fast,0.8868851661682129,891,706
401,1,Fast,0.8179214596748352,1105,867
401,1,Fast,0.8086268901824951,895,483
401,1,Fast,0.7873346209526062,879,400
401,1,Fast,0.7678276300430298,912,411
401,1,Fast,0.7452433705329895,898,846
401,1,Fast,0.7274141907691956,887,439
401,1,Fast,0.7135704159736633,974,593
402,1,Fast,0.8753711581230164,894,712
402,1,Fast,0.8307662010192871,900,853
402,1,Fast,0.8064577579498291,1101,858
402,1,Fast,0.7685126662254333,879,397
402,1,Fast,0.7308169603347778,894,479
402,1,Fast,0.6740349531173706,973,588
402,1,Fast,0.5364814400672913,887,437
402,1,Fast,0.4878652095794678,912,409
403,1,Fast,0.8849376440048218,897,718
403,1,Fast,0.8238537907600403,904,861
403,1,Fast,0.7908449172973633,1095,849
403,1,Fast,0.7901121377944946,971,584
403,1,Fast,0.7696458101272583,879,395
403,1,Fast,0.6869056224822998,893,476
403,1,Fast,0.6572288870811462,886,434
403,1,Fast,0.47143638134002686,912,407
403,2,Slow,0.3567083775997162,870,622
403,1,Fast,0.3203273415565491,893,352
404,1,Fast,0.8743520379066467,899,725
404,1,Fast,0.8051204085350037,1091,840
404,1,Fast,0.7927194833755493,907,869
404,1,Fast,0.7777544856071472,879,393
404,1,Fast,0.7595784068107605,969,580
404,1,Fast,0.7591724395751953,891,474
404,2,Slow,0.4453500509262085,871,628
404,1,Fast,0.412946492433548,911,403
405,1,Fast,0.867727518081665,901,731
405,1,Fast,0.8390777707099915,910,877
405,1,Fast,0.7973151206970215,1086,832
405,1,Fast,0.7759020924568176,968,576
405,1,Fast,0.7472869157791138,890,470
405,1,Fast,0.7132498621940613,878,391
405,1,Fast,0.6171116232872009,910,401
405,1,Fast,0.53397536277771,886,428
406,1,Fast,0.8801441192626953,904,738
406,1,Fast,0.8297866582870483,913,885
406,1,Fast,0.7097579836845398,966,572
406,1,Fast,0.7038660645484924,889,468
406,1,Fast,0.6936677694320679,1081,824
406,1,Fast,0.5113388895988464,885,425
406,1,Fast,0.4879903197288513,910,400
406,1,Fast,0.39515697956085205,878,389
406,2,Slow,0.3877045810222626,874,638
407,1,Fast,0.8658653497695923,906,745
407,1,Fast,0.7975434064865112,909,397
407,1,Fast,0.7671022415161133,964,569
407,1,Fast,0.6884469389915466,877,387
407,1,Fast,0.6779267191886902,889,464
407,1,Fast,0.5566523671150208,885,422
407,1,Fast,0.5412567853927612,1076,815
407,1,Fast,0.5049155354499817,824,431
408,1,Fast,0.8764896392822266,908,752
408,1,Fast,0.8236011266708374,963,565
408,1,Fast,0.7806603908538818,909,396
408,1,Fast,0.732136070728302,877,384
408,1,Fast,0.5044840574264526,888,461
408,1,Fast,0.4468643069267273,918,904
408,1,Fast,0.32693716883659363,884,421
409,1,Fast,0.8566561341285706,911,759
409,1,Fast,0.8526210784912109,961,562
409,1,Fast,0.8386883735656738,921,912
409,1,Fast,0.7606120705604553,909,394
409,1,Fast,0.7388259172439575,887,459
409,1,Fast,0.7198055982589722,876,382
409,1,Fast,0.5173531174659729,1067,798
410,1,Fast,0.849707305431366,924,922
410,1,Fast,0.8418373465538025,914,767
410,1,Fast,0.8237212300300598,959,558
410,1,Fast,0.7235928177833557,908,393
410,1,Fast,0.696241557598114,876,380
410,1,Fast,0.5753035545349121,886,456
410,1,Fast,0.4266192317008972,1063,790
410,1,Fast,0.3198854327201843,883,415
411,1,Fast,0.8578128814697266,917,775
411,1,Fast,0.8119618892669678,957,555
411,1,Fast,0.8016178011894226,927,931
411,1,Fast,0.7680243849754333,886,454
411,1,Fast,0.7233289480209351,875,378
411,1,Fast,0.6286401152610779,882,413
411,1,Fast,0.47405096888542175,907,390
411,1,Fast,0.46015381813049316,1059,782
411,1,Fast,0.44972580671310425,826,443
412,1,Fast,0.8723428845405579,920,783
412,1,Fast,0.8488317131996155,930,940
412,1,Fast,0.7655912637710571,956,551
412,1,Fast,0.7487310767173767,885,672
412,1,Fast,0.7163279056549072,885,451
412,1,Fast,0.663957953453064,875,376
412,1,Fast,0.6575942635536194,826,446
412,1,Fast,0.5764376521110535,882,411
412,1,Fast,0.5184333324432373,906,387
413,1,Fast,0.8805687427520752,923,791
413,1,Fast,0.8394994735717773,933,949
413,1,Fast,0.7954146862030029,887,679
413,1,Fast,0.7776645421981812,955,547
413,1,Fast,0.6555100679397583,875,372
413,1,Fast,0.6071387529373169,884,449
413,1,Fast,0.5275917649269104,1052,768
413,1,Fast,0.4223938584327698,881,409
414,1,Fast,0.8812409043312073,926,799
414,1,Fast,0.8253110647201538,937,959
414,1,Fast,0.7316920757293701,827,451
414,1,Fast,0.7174239158630371,883,446
414,1,Fast,0.6669960618019104,954,544
414,1,Fast,0.5613319873809814,889,685
414,1,Fast,0.5425376296043396,875,371
414,1,Fast,0.5368597507476807,880,407
414,1,Fast,0.5101504325866699,905,385
414,1,Fast,0.4583733379840851,1047,761
415,1,Fast,0.8746722340583801,929,806
415,1,Fast,0.8418322801589966,940,969
415,1,Fast,0.7645968794822693,904,382
415,1,Fast,0.7238401174545288,828,455
415,1,Fast,0.7207176089286804,952,540
415,1,Fast,0.7032832503318787,874,369
415,1,Fast,0.702002227306366,882,443
415,1,Fast,0.5648276805877686,891,692
415,1,Fast,0.501319408416748,1043,754
416,1,Fast,0.8808362483978271,933,815
416,1,Fast,0.7691632509231567,944,979
416,1,Fast,0.7689678072929382,828,458
416,1,Fast,0.7291658520698547,874,367
416,1,Fast,0.7070078253746033,881,441
416,1,Fast,0.6123300194740295,950,537
416,2,Slow,0.43849799036979675,904,381
416,1,Fast,0.3891826272010803,1040,746
417,1,Fast,0.8787886500358582,935,824
417,1,Fast,0.7889527678489685,829,461
417,1,Fast,0.7879820466041565,1247,1058
417,1,Fast,0.7590832710266113,949,534
417,1,Fast,0.6679671406745911,949,989
417,1,Fast,0.6607202887535095,874,364
417,1,Fast,0.5673233866691589,881,438
417,1,Fast,0.441668301820755,879,398
417,1,Fast,0.4094195067882538,1036,740
417,1,Fast,0.32135453820228577,895,703
418,1,Fast,0.8813682198524475,938,832
418,1,Fast,0.7648603916168213,948,530
418,1,Fast,0.7400125861167908,903,376
418,1,Fast,0.7251051068305969,1234,1054
418,1,Fast,0.6563315987586975,829,464
418,1,Fast,0.5892349481582642,873,362
418,1,Fast,0.4380183219909668,878,396
418,1,Fast,0.4277142882347107,953,997
418,1,Fast,0.3416064977645874,898,710
418,1,Fast,0.3378000557422638,1033,733
419,1,Fast,0.8793891072273254,942,841
419,1,Fast,0.7086532115936279,903,373
419,1,Fast,0.6889000535011292,829,468
419,1,Fast,0.6597924828529358,1228,1047
419,1,Fast,0.6579167246818542,946,526
419,1,Fast,0.4725850522518158,1029,725
419,1,Fast,0.3741861879825592,878,394
419,1,Fast,0.3692519962787628,900,717
419,1,Fast,0.3668459951877594,872,361
420,1,Fast,0.8811456561088562,945,850
420,1,Fast,0.7796451449394226,945,523
420,1,Fast,0.7375576496124268,902,371
420,1,Fast,0.7197831273078918,829,471
420,1,Fast,0.6693781614303589,1223,1035
420,1,Fast,0.5864741802215576,960,1023
420,1,Fast,0.5649129152297974,872,357
420,1,Fast,0.4635632038116455,1024,718
421,1,Fast,0.8713563084602356,949,858
421,1,Fast,0.7998950481414795,944,520
421,1,Fast,0.751362681388855,1216,1025
421,1,Fast,0.7440402507781982,964,1033
421,1,Fast,0.6863215565681458,830,475
421,1,Fast,0.6621187925338745,901,370
421,1,Fast,0.5374143719673157,871,356
421,1,Fast,0.4249740242958069,1022,712
422,1,Fast,0.868392825126648,953,868
422,1,Fast,0.7813192009925842,942,517
422,1,Fast,0.7752500772476196,1209,1014
422,1,Fast,0.666737973690033,967,1043
422,1,Fast,0.639047384262085,901,368
422,1,Fast,0.488262414932251,1017,705
422,1,Fast,0.4717070460319519,871,355
422,1,Fast,0.4443493187427521,878,424
422,1,Fast,0.42064374685287476,829,477
423,1,Fast,0.8797921538352966,956,878
423,1,Fast,0.8099556565284729,1202,1004
423,1,Fast,0.7035452723503113,974,1050
423,1,Fast,0.6810416579246521,830,481
423,1,Fast,0.4953595697879791,877,422
423,1,Fast,0.43567126989364624,899,367
423,1,Fast,0.4356311857700348,875,384
423,1,Fast,0.4355852007865906,871,353
423,1,Fast,0.43228572607040405,1014,699
424,1,Fast,0.8757587671279907,961,887
424,1,Fast,0.8309620022773743,1196,995
424,1,Fast,0.6112621426582336,831,484
424,1,Fast,0.5335232615470886,871,350
424,1,Fast,0.4964795708656311,875,382
424,1,Fast,0.4442148208618164,898,365
424,1,Fast,0.35697972774505615,876,420
424,1,Fast,0.32771095633506775,1011,693
425,1,Fast,0.8739820122718811,964,896
425,1,Fast,0.8131001591682434,1189,985
425,1,Fast,0.719877302646637,833,489
425,1,Fast,0.5995611548423767,865,616
425,1,Fast,0.5939115285873413,875,380
425,1,Fast,0.5494843125343323,871,349
425,1,Fast,0.4321223497390747,797,479
425,1,Fast,0.3807254731655121,938,507
425,1,Fast,0.3353233337402344,876,418
426,1,Fast,0.8685197830200195,969,906
426,1,Fast,0.8252514004707336,1184,975
426,1,Fast,0.6826857328414917,834,492
426,1,Fast,0.605761706829071,874,378
426,1,Fast,0.48726001381874084,871,347
426,1,Fast,0.4212258458137512,875,415
426,1,Fast,0.34957826137542725,797,483
426,1,Fast,0.3328932225704193,937,505
426,1,Fast,0.30903124809265137,867,622
427,1,Fast,0.8853557109832764,973,916
427,1,Fast,0.8279667496681213,1179,966
427,1,Fast,0.6917491555213928,935,502
427,1,Fast,0.652754545211792,868,627
427,1,Fast,0.592214822769165,875,413
427,1,Fast,0.5699241757392883,834,495
427,1,Fast,0.47285640239715576,1003,675
427,1,Fast,0.47269201278686523,874,376
427,1,Fast,0.34997454285621643,870,345
427,1,Fast,0.3052588701248169,888,315
428,1,Fast,0.8949912786483765,977,926
428,1,Fast,0.8260276317596436,1174,956
428,1,Fast,0.7254632711410522,875,410
428,1,Fast,0.5905725955963135,934,498
428,2,Slow,0.46421128511428833,836,498
428,1,Fast,0.4153082072734833,870,632
428,1,Fast,0.3157537877559662,898,357
428,1,Fast,0.3146930932998657,875,372
429,1,Fast,0.8822031021118164,981,936
429,1,Fast,0.767646312713623,1168,948
429,1,Fast,0.6874496936798096,874,408
429,1,Fast,0.6740578413009644,933,495
429,1,Fast,0.38629308342933655,874,370
429,1,Fast,0.3413340449333191,835,503
430,1,Fast,0.8823673129081726,985,947
430,1,Fast,0.6870604157447815,1163,939
430,1,Fast,0.6374800801277161,932,492
430,1,Fast,0.5991450548171997,873,369
430,1,Fast,0.41951510310173035,873,406
430,1,Fast,0.3114899694919586,995,657
431,1,Fast,0.8939244151115417,990,957
431,1,Fast,0.707310140132904,1159,931
431,1,Fast,0.6886508464813232,873,403
431,1,Fast,0.6191326379776001,872,367
431,1,Fast,0.5423809289932251,932,489
431,1,Fast,0.41699928045272827,992,651
432,1,Fast,0.8697195053100586,995,969
432,1,Fast,0.8050913214683533,874,401
432,1,Fast,0.750062882900238,1151,922
432,1,Fast,0.7247846722602844,930,486
432,1,Fast,0.614992082118988,897,351
432,1,Fast,0.6055726408958435,873,364
432,1,Fast,0.4917815029621124,838,514
432,1,Fast,0.47783687710762024,989,645
432,1,Fast,0.40931716561317444,936,812
432,1,Fast,0.3384513556957245,870,336
433,1,Fast,0.8555698990821838,999,980
433,1,Fast,0.7999287247657776,873,398
433,1,Fast,0.7217440009117126,939,819
433,1,Fast,0.6824067831039429,930,484
433,1,Fast,0.6401412487030029,897,350
433,1,Fast,0.6026984453201294,1146,915
433,1,Fast,0.5677224397659302,872,364
433,1,Fast,0.5590300559997559,839,518
433,1,Fast,0.4040664732456207,986,639
433,1,Fast,0.40053409337997437,870,334
434,1,Fast,0.8842933177947998,1004,993
434,1,Fast,0.6670367121696472,873,396
434,1,Fast,0.6055124998092651,897,349
434,1,Fast,0.604049563407898,942,829
434,1,Fast,0.5999366641044617,1142,906
434,1,Fast,0.47513535618782043,872,362
434,1,Fast,0.38445478677749634,839,521
434,1,Fast,0.32705533504486084,870,333
434,1,Fast,0.32313379645347595,984,635
434,1,Fast,0.3177821934223175,928,481
435,1,Fast,0.8357548117637634,1009,1004
435,1,Fast,0.819023072719574,1137,897
435,1,Fast,0.7916251420974731,873,394
435,1,Fast,0.5865436792373657,897,347
435,1,Fast,0.43456536531448364,945,837
435,1,Fast,0.3768887221813202,982,629
435,1,Fast,0.31980735063552856,869,331
435,1,Fast,0.3083370625972748,928,479
435,1,Fast,0.30373239517211914,840,525
436,1,Fast,0.8372300267219543,1014,1017
436,1,Fast,0.8198719024658203,1132,890
436,1,Fast,0.7539058327674866,873,392
436,1,Fast,0.6900479793548584,802,514
436,1,Fast,0.6599665880203247,949,845
436,1,Fast,0.4324161112308502,897,345
436,1,Fast,0.3527052104473114,1198,1062
436,1,Fast,0.3494800329208374,872,357
436,1,Fast,0.32921352982521057,870,329
436,1,Fast,0.3180170953273773,979,624
436,1,Fast,0.31618744134902954,926,476
437,1,Fast,0.8155006766319275,1128,882
437,1,Fast,0.7890448570251465,1019,1029
437,1,Fast,0.746307373046875,802,517
437,1,Fast,0.6307910680770874,953,854
437,1,Fast,0.48551249504089355,977,618
437,1,Fast,0.4750635325908661,843,533
437,1,Fast,0.37020137906074524,925,474
438,1,Fast,0.789919912815094,1123,874
438,1,Fast,0.7893757820129395,1026,1041
438,1,Fast,0.7649016976356506,803,520
438,1,Fast,0.6474654674530029,1178,1050
438,1,Fast,0.642983078956604,844,537
438,1,Fast,0.5790144205093384,956,862
438,1,Fast,0.4678497612476349,974,614
438,1,Fast,0.414264440536499,872,389
438,1,Fast,0.3814863860607147,924,471
439,1,Fast,0.8166456818580627,1118,866
439,1,Fast,0.7950551509857178,845,541
439,1,Fast,0.7192642688751221,1170,1044
439,1,Fast,0.6999031901359558,803,524
439,1,Fast,0.6783044934272766,1033,1048
439,1,Fast,0.6061902046203613,871,387
439,1,Fast,0.48592129349708557,972,608
439,1,Fast,0.37324199080467224,923,468
440,1,Fast,0.783078134059906,1163,1034
440,1,Fast,0.7753331065177917,1114,858
440,1,Fast,0.6006706953048706,846,544
440,1,Fast,0.5792672038078308,804,527
440,1,Fast,0.49809905886650085,871,385
440,1,Fast,0.4283146858215332,969,603
441,1,Fast,0.8670357465744019,1157,1022
441,1,Fast,0.7629594802856445,1110,851
441,1,Fast,0.6756561398506165,870,382
441,1,Fast,0.5916836261749268,805,530
441,1,Fast,0.5582108497619629,921,462
441,1,Fast,0.5507411360740662,1047,1061
441,1,Fast,0.4040738046169281,847,549
442,1,Fast,0.8762369751930237,1152,1012
442,1,Fast,0.7447794675827026,870,380
442,1,Fast,0.7128931283950806,1106,844
442,1,Fast,0.701724648475647,806,533
442,1,Fast,0.5502600073814392,921,459
442,1,Fast,0.4432676136493683,966,593
442,1,Fast,0.3076001703739166,899,718
443,1,Fast,0.8622849583625793,1146,1001
443,1,Fast,0.7444009184837341,871,378
443,1,Fast,0.7284560203552246,964,588
443,1,Fast,0.6316937208175659,920,456
443,1,Fast,0.623522162437439,807,536
443,1,Fast,0.5812283158302307,1102,837
443,1,Fast,0.5311561822891235,849,557
443,1,Fast,0.4924326539039612,901,725
444,1,Fast,0.7396292686462402,1139,990
444,1,Fast,0.7344886660575867,1098,829
444,1,Fast,0.69847571849823,871,377
444,1,Fast,0.6930864453315735,919,454
444,1,Fast,0.661140501499176,962,584
444,1,Fast,0.4408716559410095,808,540
445,1,Fast,0.8304558396339417,1134,980
445,1,Fast,0.730988085269928,960,578
445,1,Fast,0.6472936868667603,918,451
445,1,Fast,0.5832223296165466,870,375
445,1,Fast,0.46813005208969116,1094,822
445,1,Fast,0.3263452351093292,985,931
446,1,Fast,0.8471363186836243,1129,971
446,1,Fast,0.7526206970214844,957,574
446,1,Fast,0.733332097530365,918,449
446,1,Fast,0.6254090666770935,809,547
446,1,Fast,0.5827169418334961,870,372
446,1,Fast,0.4719015061855316,1090,814
447,1,Fast,0.8770301342010498,1123,961
447,1,Fast,0.7883622646331787,917,447
447,1,Fast,0.7772765755653381,1086,807
447,1,Fast,0.7042852640151978,810,550
447,1,Fast,0.6874713897705078,955,570
447,1,Fast,0.5350099205970764,869,371
448,1,Fast,0.8579801917076111,1117,952
448,1,Fast,0.8043020367622375,1083,802
448,1,Fast,0.6083820462226868,811,554
448,1,Fast,0.5845285058021545,953,565
448,1,Fast,0.4754585921764374,869,369
448,1,Fast,0.3228501081466675,915,760
449,1,Fast,0.8464978933334351,1112,942
449,1,Fast,0.7887896299362183,811,558
449,1,Fast,0.7074854373931885,868,367
449,1,Fast,0.70374995470047,1078,796
449,1,Fast,0.6587631106376648,916,769
449,1,Fast,0.49353253841400146,951,561
449,1,Fast,0.48956137895584106,915,441
450,1,Fast,0.8824192881584167,1107,932
450,1,Fast,0.7916023135185242,1075,789
450,1,Fast,0.7260296940803528,811,561
450,1,Fast,0.6980340480804443,868,365
450,1,Fast,0.6517636179924011,914,439
450,1,Fast,0.5479353666305542,950,557
451,1,Fast,0.8918909430503845,1101,924
451,1,Fast,0.7654786705970764,812,565
451,1,Fast,0.757529079914093,1071,783
451,1,Fast,0.6542279720306396,913,436
451,1,Fast,0.6535511612892151,868,363
452,1,Fast,0.8770254254341125,1096,914
452,1,Fast,0.7402870059013367,813,569
452,1,Fast,0.6360931396484375,1068,775
452,1,Fast,0.6245556473731995,868,361
452,1,Fast,0.5911350846290588,913,434
452,1,Fast,0.36434322595596313,946,548
453,1,Fast,0.9006299376487732,1092,906
453,1,Fast,0.7969571948051453,814,573
453,1,Fast,0.7768600583076477,912,431
453,1,Fast,0.6410436630249023,1064,769
453,1,Fast,0.54995197057724,868,359
453,1,Fast,0.3858000934123993,944,543
454,1,Fast,0.8674398064613342,1088,897
454,1,Fast,0.7821559309959412,815,577
454,1,Fast,0.7668577432632446,911,429
454,1,Fast,0.5213317275047302,868,357
454,1,Fast,0.3772711157798767,1061,765
454,1,Fast,0.362185001373291,933,809
455,1,Fast,0.8162251114845276,1083,888
455,1,Fast,0.7698192596435547,911,426
455,1,Fast,0.7590290904045105,816,581
455,1,Fast,0.4938032925128937,868,355
455,1,Fast,0.32528620958328247,940,535
455,1,Fast,0.32430925965309143,936,817
456,1,Fast,0.8432028889656067,1078,880
456,1,Fast,0.8204523324966431,911,424
456,1,Fast,0.7002996206283569,1054,752
456,1,Fast,0.6826276779174805,939,532
456,1,Fast,0.5164130330085754,868,353
456,1,Fast,0.41230320930480957,817,585
457,1,Fast,0.7953757643699646,1074,872
457,1,Fast,0.7784987092018127,911,422
457,1,Fast,0.7218996286392212,867,351
457,1,Fast,0.6630266308784485,937,527
457,1,Fast,0.461118221282959,818,589
458,1,Fast,0.7749046087265015,867,349
458,1,Fast,0.7173457145690918,1070,864
458,1,Fast,0.6323950290679932,936,523
458,1,Fast,0.6226390600204468,909,420
458,1,Fast,0.5321421027183533,819,594
458,1,Fast,0.35878515243530273,1049,739
459,1,Fast,0.7820691466331482,1066,856
459,1,Fast,0.7002301812171936,867,348
459,1,Fast,0.6352330446243286,820,598
459,1,Fast,0.6073748469352722,908,418
459,1,Fast,0.5999388694763184,933,519
459,1,Fast,0.46561896800994873,1046,734
460,1,Fast,0.7576395869255066,1061,849
460,1,Fast,0.5839062929153442,821,602
460,1,Fast,0.5758503079414368,867,347
460,1,Fast,0.4411827325820923,799,479
460,1,Fast,0.4408150315284729,1043,729
461,1,Fast,0.7915026545524597,1057,841
461,1,Fast,0.7132642865180969,1040,723
461,1,Fast,0.6261826753616333,821,605
461,1,Fast,0.34417882561683655,866,345
461,1,Fast,0.3229733407497406,906,414
461,1,Fast,0.3075123429298401,800,482
462,1,Fast,0.8213921785354614,1052,833
462,1,Fast,0.7457847595214844,822,609
462,1,Fast,0.7051076889038086,1036,718
462,1,Fast,0.4801158010959625,962,880
462,1,Fast,0.3743554949760437,801,484
462,1,Fast,0.32430967688560486,930,507
463,1,Fast,0.8707641959190369,1048,825
463,1,Fast,0.7799933552742004,823,613
463,1,Fast,0.6799072027206421,1034,713
463,1,Fast,0.5458919405937195,928,504
464,1,Fast,0.8758460879325867,1044,817
464,1,Fast,0.8393121957778931,824,618
464,1,Fast,0.7780213952064514,1031,707
464,1,Fast,0.7719817161560059,927,500
465,1,Fast,0.874868631362915,1040,810
465,1,Fast,0.835146427154541,825,623
465,1,Fast,0.7879359722137451,974,911
465,1,Fast,0.7626095414161682,925,496
465,1,Fast,0.6770479679107666,1028,702
465,1,Fast,0.3609132766723633,867,337
466,1,Fast,0.8609495759010315,826,627
466,1,Fast,0.8350533843040466,1037,804
466,1,Fast,0.8115843534469604,1026,696
466,1,Fast,0.7942535877227783,924,493
466,1,Fast,0.6298902630805969,979,922
466,1,Fast,0.5645477175712585,904,402
466,1,Fast,0.4258306920528412,867,335
467,1,Fast,0.8679649829864502,827,631
467,1,Fast,0.8451704978942871,1033,796
467,1,Fast,0.8106895089149475,922,489
467,1,Fast,0.7988414764404297,1022,691
467,1,Fast,0.67507004737854,983,932
467,1,Fast,0.6312569379806519,904,399
467,1,Fast,0.47694694995880127,867,334
467,1,Fast,0.4159616231918335,884,681
468,1,Fast,0.8405889868736267,828,635
468,1,Fast,0.7922455668449402,1030,789
468,1,Fast,0.734207034111023,921,486
468,1,Fast,0.5570247173309326,988,943
468,1,Fast,0.4571523368358612,903,398
468,1,Fast,0.4201817810535431,1020,686
468,1,Fast,0.372897207736969,867,332
469,1,Fast,0.8171758651733398,830,640
469,1,Fast,0.7628211379051208,1026,782
469,1,Fast,0.6614245772361755,920,483
469,1,Fast,0.3129175007343292,903,396
470,1,Fast,0.759625256061554,1023,775
470,1,Fast,0.7013779878616333,918,480
470,1,Fast,0.6139641404151917,831,644
470,1,Fast,0.46885761618614197,1015,675
471,1,Fast,0.8280120491981506,1020,770
471,1,Fast,0.737958550453186,917,477
471,1,Fast,0.691471517086029,832,650
471,1,Fast,0.4155527949333191,1013,670
471,1,Fast,0.33669641613960266,804,511
472,1,Fast,0.8127837777137756,1017,763
472,1,Fast,0.7579284310340881,916,473
472,1,Fast,0.630159854888916,833,654
472,1,Fast,0.6071064472198486,805,514
472,1,Fast,0.44830548763275146,1011,666
473,1,Fast,0.8264350891113281,1013,756
473,1,Fast,0.7451865077018738,915,469
473,1,Fast,0.6367008686065674,805,516
473,1,Fast,0.6187552213668823,1008,662
473,1,Fast,0.5839292407035828,834,658
473,1,Fast,0.32471492886543274,866,326
474,1,Fast,0.8303788304328918,1010,750
474,1,Fast,0.8029608130455017,835,663
474,1,Fast,0.6674305200576782,914,466
474,1,Fast,0.6140224933624268,806,520
474,1,Fast,0.3709810972213745,1006,657
474,1,Fast,0.36156925559043884,866,324
475,1,Fast,0.8161162734031677,837,668
475,1,Fast,0.8027005791664124,1007,743
475,1,Fast,0.7294318675994873,913,462
475,1,Fast,0.6206889748573303,807,524
475,1,Fast,0.4386799931526184,866,322
475,1,Fast,0.39321616291999817,1002,652
476,1,Fast,0.8334082961082458,838,673
476,1,Fast,0.8179771900177002,1003,737
476,1,Fast,0.7519254088401794,911,459
476,1,Fast,0.4531840980052948,808,528
476,1,Fast,0.4163423478603363,866,320
476,1,Fast,0.35067692399024963,903,739
477,1,Fast,0.8440625667572021,839,678
477,1,Fast,0.7799588441848755,910,455
477,1,Fast,0.6815746426582336,1000,732
477,1,Fast,0.32940563559532166,808,533
477,1,Fast,0.32210832834243774,999,642
477,1,Fast,0.3165431618690491,906,746
478,1,Fast,0.8277516961097717,841,683
478,1,Fast,0.7107549905776978,909,452
478,1,Fast,0.6214547753334045,996,637
478,1,Fast,0.4000837802886963,997,726
478,1,Fast,0.389482319355011,897,378
478,1,Fast,0.3764030635356903,755,639
479,1,Fast,0.8076512217521667,843,688
479,1,Fast,0.7294744253158569,995,632
479,1,Fast,0.7214029431343079,908,450
479,1,Fast,0.5861835479736328,994,719
479,1,Fast,0.5021820068359375,913,760
480,1,Fast,0.8334165811538696,844,694
480,1,Fast,0.745359480381012,907,447
480,1,Fast,0.7292562127113342,991,713
480,1,Fast,0.6901712417602539,915,767
480,1,Fast,0.42060142755508423,993,629
480,1,Fast,0.3777935206890106,810,541
481,1,Fast,0.8350381851196289,845,699
481,1,Fast,0.7771850824356079,988,707
481,1,Fast,0.7483078837394714,906,444
481,1,Fast,0.7072301506996155,811,544
481,1,Fast,0.6025719046592712,756,647
482,1,Fast,0.7966461777687073,905,440
482,1,Fast,0.7350130081176758,812,548
482,1,Fast,0.7067441940307617,986,701
482,1,Fast,0.6954212784767151,989,619
482,1,Fast,0.6348307728767395,846,704
482,1,Fast,0.3492403030395508,1194,1060
482,1,Fast,0.3367379903793335,921,782
482,1,Fast,0.3153809905052185,757,651
483,1,Fast,0.7388343811035156,904,438
483,1,Fast,0.7028542160987854,986,614
483,1,Fast,0.6318691968917847,848,710
483,1,Fast,0.6185372471809387,812,551
483,1,Fast,0.4953380823135376,983,696
483,1,Fast,0.3875117301940918,1181,1053
484,1,Fast,0.8006711602210999,985,610
484,1,Fast,0.7501711845397949,981,690
484,1,Fast,0.7459543347358704,903,434
484,1,Fast,0.7248019576072693,813,555
484,1,Fast,0.6238908767700195,1173,1047
484,1,Fast,0.33787673711776733,849,716
485,1,Fast,0.787907600402832,903,431
485,1,Fast,0.7661477327346802,979,685
485,1,Fast,0.7654372453689575,1166,1036
485,1,Fast,0.7645840048789978,814,557
485,1,Fast,0.733701229095459,983,607
485,1,Fast,0.5767123699188232,851,721
486,1,Fast,0.8327756524085999,1160,1024
486,1,Fast,0.7972713112831116,901,429
486,1,Fast,0.7721525430679321,976,679
486,1,Fast,0.736716628074646,853,727
486,1,Fast,0.7094382643699646,815,562
486,1,Fast,0.6352003216743469,980,603
486,1,Fast,0.35262760519981384,932,815
487,1,Fast,0.8628810048103333,1153,1013
487,1,Fast,0.8452094793319702,855,733
487,1,Fast,0.8312554955482483,974,674
487,1,Fast,0.7960544228553772,900,426
487,1,Fast,0.7547098994255066,979,600
487,1,Fast,0.638464629650116,816,566
487,1,Fast,0.635853111743927,934,823
488,1,Fast,0.8570421934127808,856,739
488,1,Fast,0.8569149971008301,1146,1002
488,1,Fast,0.8271545767784119,971,669
488,1,Fast,0.7758817076683044,977,596
488,1,Fast,0.7656785249710083,817,570
488,1,Fast,0.7364798188209534,900,423
488,1,Fast,0.599284291267395,938,831
489,1,Fast,0.8610612750053406,858,745
489,1,Fast,0.8359614610671997,1140,991
489,1,Fast,0.7387690544128418,899,421
489,1,Fast,0.7303580641746521,975,591
489,1,Fast,0.7167205810546875,941,840
489,1,Fast,0.6984409093856812,969,664
489,1,Fast,0.6666585206985474,818,574
490,1,Fast,0.8673970103263855,859,751
490,1,Fast,0.8232492804527283,1134,981
490,1,Fast,0.7619487047195435,899,418
490,1,Fast,0.7143198251724243,967,658
490,1,Fast,0.7138153314590454,973,587
490,1,Fast,0.687882125377655,945,849
490,1,Fast,0.6564162969589233,819,578
491,1,Fast,0.8316497206687927,1129,971
491,1,Fast,0.8257366418838501,861,757
491,1,Fast,0.798986554145813,964,653
491,1,Fast,0.7835102081298828,897,416
491,1,Fast,0.7253025770187378,949,858
491,1,Fast,0.6602697372436523,971,583
491,1,Fast,0.3333749771118164,820,582
492,1,Fast,0.8727847337722778,863,763
492,1,Fast,0.8556783199310303,1123,960
492,1,Fast,0.8415058851242065,962,648
492,1,Fast,0.7878766655921936,970,579
492,1,Fast,0.7805660963058472,897,414
492,1,Fast,0.5198907852172852,953,867
492,1,Fast,0.44921332597732544,763,683
493,1,Fast,0.8685380220413208,865,769
493,1,Fast,0.8327785134315491,960,643
493,1,Fast,0.8192419409751892,956,877
493,1,Fast,0.8138239979743958,896,410
493,1,Fast,0.8073002696037292,1118,950
493,1,Fast,0.7988249659538269,968,574
494,1,Fast,0.8330173492431641,959,886
494,1,Fast,0.827540397644043,867,775
494,1,Fast,0.802039384841919,1112,940
494,1,Fast,0.7981950640678406,896,407
494,1,Fast,0.766419529914856,958,638
494,1,Fast,0.747337818145752,966,571
494,1,Fast,0.5617192387580872,823,593
495,1,Fast,0.8488035798072815,869,782
495,1,Fast,0.8310049772262573,1107,931
495,1,Fast,0.7510669827461243,956,633
495,1,Fast,0.7460930943489075,963,896
495,1,Fast,0.7302793860435486,965,567
495,1,Fast,0.7271798253059387,896,404
495,1,Fast,0.5517445206642151,825,596
496,1,Fast,0.8450322151184082,1102,922
496,1,Fast,0.8392090797424316,871,789
496,1,Fast,0.8348367810249329,967,906
496,1,Fast,0.7676900029182434,826,600
496,1,Fast,0.7654876112937927,895,402
496,1,Fast,0.7309805750846863,963,563
496,1,Fast,0.7155598998069763,954,627
497,1,Fast,0.8308947682380676,873,795
497,1,Fast,0.8275267481803894,1097,913
497,1,Fast,0.8241252899169922,971,915
497,1,Fast,0.7980411052703857,894,399
497,1,Fast,0.7824481129646301,952,623
497,1,Fast,0.6930996179580688,961,560
497,1,Fast,0.6639265418052673,826,604
498,1,Fast,0.8821110725402832,1091,904
498,1,Fast,0.8484618067741394,950,618
498,1,Fast,0.8389135599136353,976,924
498,1,Fast,0.8151107430458069,894,396
498,1,Fast,0.7904152870178223,874,801
498,1,Fast,0.7558236122131348,827,609
498,1,Fast,0.7119207382202148,958,557
499,1,Fast,0.8689888119697571,980,935
499,1,Fast,0.8431129455566406,947,613
499,1,Fast,0.8328496217727661,1087,895
499,1,Fast,0.7909958362579346,877,808
499,1,Fast,0.7833961248397827,893,394
499,1,Fast,0.7412421703338623,957,553
499,1,Fast,0.7225006222724915,828,614
499,1,Fast,0.3796629011631012,771,709
500,1,Fast,0.8664762377738953,984,944
500,1,Fast,0.8536393642425537,879,815
500,1,Fast,0.8199397921562195,828,618
500,1,Fast,0.8052158355712891,1081,886
500,1,Fast,0.7963154911994934,945,609
500,1,Fast,0.7780964970588684,956,550
500,1,Fast,0.7224719524383545,892,392
500,1,Fast,0.3130143880844116,771,712
501,1,Fast,0.8770438432693481,988,955
501,1,Fast,0.8685694336891174,881,822
501,1,Fast,0.8270547389984131,830,622
501,1,Fast,0.7913128733634949,955,546
501,1,Fast,0.7601053714752197,1076,878
501,1,Fast,0.6468363404273987,891,390
501,1,Fast,0.6112609505653381,943,605
501,1,Fast,0.3426707684993744,773,715
502,1,Fast,0.841564416885376,883,828
502,1,Fast,0.8047157526016235,993,965
502,1,Fast,0.7537317872047424,1072,869
502,1,Fast,0.7366529703140259,954,543
502,1,Fast,0.7054581642150879,830,627
502,1,Fast,0.6999434232711792,891,388
502,1,Fast,0.32102152705192566,941,600
503,1,Fast,0.8725799322128296,886,836
503,1,Fast,0.8162797093391418,997,977
503,1,Fast,0.7392257452011108,939,596
503,1,Fast,0.7005916237831116,1068,861
503,1,Fast,0.6987722516059875,891,385
503,1,Fast,0.6983640193939209,833,633
503,1,Fast,0.6666052937507629,952,540
504,1,Fast,0.8794896006584167,888,843
504,1,Fast,0.7642353773117065,951,536
504,1,Fast,0.7165115475654602,890,383
504,1,Fast,0.6882215142250061,1065,852
504,1,Fast,0.6245588064193726,938,592
504,1,Fast,0.5456626415252686,834,636
504,1,Fast,0.5271791219711304,1002,988
505,1,Fast,0.8720189929008484,891,850
505,1,Fast,0.8285959959030151,937,587
505,1,Fast,0.7825474143028259,950,533
505,1,Fast,0.6344017386436462,890,381
505,1,Fast,0.6317713856697083,1007,1001
505,1,Fast,0.5907418131828308,1061,844
505,1,Fast,0.503055989742279,837,641
506,1,Fast,0.8648881316184998,894,857
506,1,Fast,0.8284061551094055,935,582
506,1,Fast,0.7897989749908447,948,528
506,1,Fast,0.7273109555244446,888,378
506,1,Fast,0.42349758744239807,837,646
506,1,Fast,0.37958016991615295,1056,837
507,1,Fast,0.8768347501754761,896,865
507,1,Fast,0.7728068828582764,933,578
507,1,Fast,0.7597459554672241,1052,829
507,1,Fast,0.7319196462631226,947,524
507,1,Fast,0.6677215099334717,839,650
507,1,Fast,0.6117358803749084,888,376
508,1,Fast,0.8470954298973083,899,874
508,1,Fast,0.8232107162475586,840,654
508,1,Fast,0.7771512866020203,931,574
508,1,Fast,0.7586838603019714,946,521
508,1,Fast,0.6554389595985413,887,373
508,1,Fast,0.5376781821250916,1048,821
508,1,Fast,0.3452966809272766,1023,1038
509,1,Fast,0.8492224812507629,902,881
509,1,Fast,0.8266324996948242,1044,813
509,1,Fast,0.8221285343170166,841,659
509,1,Fast,0.765735387802124,930,569
509,1,Fast,0.7222996354103088,887,371
509,1,Fast,0.69710773229599,944,518
509,1,Fast,0.6951064467430115,780,747
510,1,Fast,0.8338747024536133,905,889
510,1,Fast,0.8003746271133423,841,664
510,1,Fast,0.7742331624031067,928,565
510,1,Fast,0.6759325861930847,1040,807
510,1,Fast,0.5976188778877258,943,515
510,1,Fast,0.5938917398452759,886,369
510,1,Fast,0.48063725233078003,782,753
511,1,Fast,0.8078018426895142,908,898
511,1,Fast,0.7949758768081665,843,669
511,1,Fast,0.7590236663818359,927,562
511,1,Fast,0.7079803347587585,1037,799
511,1,Fast,0.6727538108825684,942,512
511,1,Fast,0.5877305269241333,885,366
512,1,Fast,0.8670087456703186,910,906
512,1,Fast,0.8150888085365295,845,675
512,1,Fast,0.7512605786323547,925,558
512,1,Fast,0.6815007925033569,941,509
512,1,Fast,0.4960460960865021,1033,792
512,1,Fast,0.4429042339324951,885,364
512,1,Fast,0.3973863124847412,798,464
513,1,Fast,0.864048957824707,913,915
513,1,Fast,0.858623206615448,846,680
513,1,Fast,0.7318342924118042,939,506
513,1,Fast,0.6723728775978088,1029,785
513,1,Fast,0.5675415396690369,924,554
513,1,Fast,0.40932777523994446,885,362
514,1,Fast,0.8646774888038635,916,924
514,1,Fast,0.8413369655609131,847,685
514,1,Fast,0.7920497059822083,922,550
514,1,Fast,0.7567805051803589,938,504
514,1,Fast,0.40818390250205994,1025,778
515,1,Fast,0.8456345796585083,849,691
515,1,Fast,0.8310351371765137,919,932
515,1,Fast,0.7649622559547424,936,500
515,1,Fast,0.7641693353652954,921,546
515,1,Fast,0.5727167129516602,1022,771
515,1,Fast,0.5532382130622864,800,473
516,1,Fast,0.8668593168258667,922,940
516,1,Fast,0.7785756587982178,920,542
516,1,Fast,0.7216510772705078,936,496
516,1,Fast,0.6539824604988098,851,696
516,1,Fast,0.5941668152809143,1019,764
516,1,Fast,0.48875901103019714,799,476
516,1,Fast,0.46616819500923157,790,778
516,1,Fast,0.3470313549041748,883,356
516,1,Fast,0.32693538069725037,1122,971
517,1,Fast,0.8723204135894775,925,949
517,1,Fast,0.8478959798812866,918,539
517,1,Fast,0.7680308222770691,852,701
517,1,Fast,0.7450443506240845,935,493
517,1,Fast,0.5628824830055237,1016,758
517,1,Fast,0.5404890179634094,799,477
518,1,Fast,0.8894753456115723,929,958
518,1,Fast,0.8602840900421143,917,535
518,1,Fast,0.7663246989250183,934,491
518,1,Fast,0.7109384536743164,854,707
518,1,Fast,0.5726555585861206,1012,751
518,1,Fast,0.5137189626693726,882,351
518,1,Fast,0.4590921998023987,800,481
519,1,Fast,0.8820251822471619,932,967
519,1,Fast,0.844860315322876,916,531
519,1,Fast,0.7749411463737488,933,488
519,1,Fast,0.6566125154495239,856,713
519,1,Fast,0.6142774224281311,801,485
519,1,Fast,0.5841602087020874,882,349
519,1,Fast,0.3933454155921936,1009,744
520,1,Fast,0.826125979423523,858,718
520,1,Fast,0.8124813437461853,935,976
520,1,Fast,0.8038628101348877,915,527
520,1,Fast,0.7292076349258423,933,485
520,1,Fast,0.6308870315551758,1006,738
520,1,Fast,0.5990570783615112,882,347
520,1,Fast,0.4847678542137146,802,489
521,1,Fast,0.8236940503120422,913,523
521,1,Fast,0.7769215703010559,938,987
521,1,Fast,0.7133873701095581,930,483
521,1,Fast,0.7003182768821716,860,723
521,1,Fast,0.6647726893424988,882,346
521,1,Fast,0.6419692039489746,1003,732
521,1,Fast,0.5746768712997437,803,492
522,1,Fast,0.8495292067527771,943,996
522,1,Fast,0.8419322371482849,911,521
522,1,Fast,0.4687543213367462,1000,726
522,1,Fast,0.3962824046611786,802,495
522,1,Fast,0.37693551182746887,861,729
523,1,Fast,0.8427363038063049,910,517
523,1,Fast,0.7901371717453003,947,1007
523,1,Fast,0.5809992551803589,928,477
523,1,Fast,0.5168079137802124,996,720
523,1,Fast,0.42367297410964966,863,735
524,1,Fast,0.841259241104126,951,1016
524,1,Fast,0.6834256649017334,910,513
524,1,Fast,0.6734430193901062,865,742
524,1,Fast,0.5919435024261475,928,475
524,1,Fast,0.5234032273292542,993,715
525,1,Fast,0.7542905211448669,926,472
525,1,Fast,0.7092519998550415,908,509
525,1,Fast,0.6719323992729187,954,1027
525,1,Fast,0.619850218296051,990,709
525,1,Fast,0.5828690528869629,867,748
526,1,Fast,0.7532286643981934,907,506
526,1,Fast,0.6924894452095032,926,470
526,1,Fast,0.6872431635856628,869,754
526,1,Fast,0.5437615513801575,988,702
526,1,Fast,0.4125317633152008,958,1037
527,1,Fast,0.803253710269928,906,503
527,1,Fast,0.7581371068954468,925,466
527,1,Fast,0.7129634618759155,871,760
527,1,Fast,0.42035558819770813,1265,1063
528,1,Fast,0.7970663905143738,905,499
528,1,Fast,0.7759524583816528,873,766
528,1,Fast,0.6601064801216125,1255,1057
528,1,Fast,0.49738553166389465,925,463
529,1,Fast,0.7652919888496399,904,496
529,1,Fast,0.7508843541145325,924,460
529,1,Fast,0.7412559390068054,875,773
529,1,Fast,0.7190157771110535,1245,1051
530,1,Fast,0.8280927538871765,1239,1043
530,1,Fast,0.7878524661064148,903,493
530,1,Fast,0.7358874678611755,923,457
530,1,Fast,0.43065738677978516,878,780
531,1,Fast,0.847709596157074,1233,1033
531,1,Fast,0.8122383952140808,902,489
531,1,Fast,0.7650798559188843,923,454
531,1,Fast,0.39237233996391296,880,786
532,1,Fast,0.8563035130500793,1227,1022
532,1,Fast,0.8379732370376587,882,791
532,1,Fast,0.8234936594963074,901,486
532,1,Fast,0.7671079635620117,922,452
532,1,Fast,0.5318728685379028,973,668
533,1,Fast,0.8695564270019531,1222,1012
533,1,Fast,0.8325675129890442,883,797
533,1,Fast,0.8034061789512634,901,483
533,1,Fast,0.5925804972648621,920,449
533,1,Fast,0.5352673530578613,970,662
534,1,Fast,0.8672575950622559,1216,1003
534,1,Fast,0.7462013363838196,900,480
534,1,Fast,0.7270042300224304,919,447
534,1,Fast,0.7048615217208862,886,806
534,1,Fast,0.4752632975578308,817,871
534,1,Fast,0.3553273677825928,807,535
534,1,Fast,0.35442063212394714,968,657
535,1,Fast,0.8751357197761536,1210,993
535,1,Fast,0.752564549446106,888,814
535,1,Fast,0.7424986958503723,899,477
535,1,Fast,0.739371657371521,919,445
535,1,Fast,0.6643538475036621,966,652
535,1,Fast,0.3856543302536011,808,537
536,1,Fast,0.8762581944465637,1205,984
536,1,Fast,0.8116034269332886,891,821
536,1,Fast,0.7292728424072266,963,647
536,1,Fast,0.7234973907470703,918,442
536,1,Fast,0.5013434886932373,822,883
536,1,Fast,0.4303755462169647,898,475
536,1,Fast,0.39439934492111206,818,546
537,1,Fast,0.8169521689414978,894,828
537,1,Fast,0.7998948693275452,1200,974
537,1,Fast,0.6407864689826965,917,440
537,1,Fast,0.6358432173728943,813,549
537,1,Fast,0.6098634004592896,961,642
537,1,Fast,0.5726557970046997,897,471
537,1,Fast,0.34085318446159363,824,888
538,1,Fast,0.8494508862495422,1195,965
538,1,Fast,0.798507809638977,896,836
538,1,Fast,0.6028075814247131,812,551
538,1,Fast,0.5919222831726074,959,637
538,1,Fast,0.5784799456596375,915,438
539,1,Fast,0.8313928842544556,1190,956
539,1,Fast,0.7557454109191895,898,843
539,1,Fast,0.6333456039428711,813,555
539,1,Fast,0.5425456762313843,957,631
539,1,Fast,0.4185868501663208,915,434
539,1,Fast,0.3845559060573578,895,466
540,1,Fast,0.8328350782394409,901,851
540,1,Fast,0.7786979675292969,1185,948
540,1,Fast,0.37855419516563416,894,463
540,1,Fast,0.32909053564071655,955,626
541,1,Fast,0.8194908499717712,904,858
541,1,Fast,0.5420239567756653,834,914
541,1,Fast,0.5373562574386597,953,621
541,1,Fast,0.5331854820251465,1181,939
541,1,Fast,0.3791033625602722,894,460
542,1,Fast,0.7318614721298218,951,616
542,1,Fast,0.7205145955085754,908,866
542,1,Fast,0.627007782459259,835,920
542,1,Fast,0.5880115032196045,893,456
542,1,Fast,0.5153926610946655,1176,931
543,1,Fast,0.8050799369812012,911,875
543,1,Fast,0.7465412616729736,837,928
543,1,Fast,0.7282461524009705,949,612
543,1,Fast,0.5646231770515442,913,424
543,1,Fast,0.4444941282272339,892,453
543,1,Fast,0.33129391074180603,1171,922
544,1,Fast,0.8503109216690063,913,883
544,1,Fast,0.7924742698669434,839,934
544,1,Fast,0.7316375374794006,947,608
544,1,Fast,0.5716694593429565,912,422
544,1,Fast,0.5119460821151733,891,450
545,1,Fast,0.8290128707885742,916,890
545,1,Fast,0.7270206809043884,841,940
545,1,Fast,0.6564697027206421,945,604
545,1,Fast,0.42823106050491333,890,448
545,1,Fast,0.37149372696876526,911,420
545,1,Fast,0.3517647981643677,1162,905
546,1,Fast,0.7375430464744568,918,900
546,1,Fast,0.7070516347885132,843,947
546,1,Fast,0.5379359722137451,1157,897
546,1,Fast,0.5219254493713379,911,417
546,1,Fast,0.44524991512298584,944,599
546,1,Fast,0.403098464012146,889,445
546,1,Fast,0.3781343102455139,796,735
547,1,Fast,0.8376131057739258,922,909
547,1,Fast,0.7440341711044312,1153,890
547,1,Fast,0.7419312000274658,910,415
547,1,Fast,0.6387072205543518,845,953
547,1,Fast,0.5570143461227417,941,594
548,1,Fast,0.8482641577720642,925,918
548,1,Fast,0.7260255217552185,909,413
548,1,Fast,0.6290984153747559,888,440
548,1,Fast,0.5739313960075378,940,591
548,1,Fast,0.4511418342590332,1149,882
549,1,Fast,0.8331989645957947,928,927
549,1,Fast,0.7702063322067261,849,967
549,1,Fast,0.6898080706596375,1146,874
549,1,Fast,0.6242022514343262,938,586
549,1,Fast,0.5975576639175415,1257,1068
549,1,Fast,0.37902751564979553,887,437
550,1,Fast,0.8437093496322632,931,936
550,1,Fast,0.7960166335105896,852,974
550,1,Fast,0.6816040277481079,1255,1063
550,1,Fast,0.6679500341415405,937,582
550,1,Fast,0.5395410060882568,1141,867
550,1,Fast,0.422586053609848,887,435
551,1,Fast,0.8509165644645691,934,945
551,1,Fast,0.829696774482727,1248,1057
551,1,Fast,0.8148602843284607,854,981
551,1,Fast,0.7471449375152588,1137,860
551,1,Fast,0.6483967900276184,935,578
551,1,Fast,0.5701097846031189,887,432
551,1,Fast,0.42846226692199707,907,407
552,1,Fast,0.8602414727210999,938,953
552,1,Fast,0.8369659185409546,1239,1052
552,1,Fast,0.7851292490959167,856,988
552,1,Fast,0.7261994481086731,886,428
552,1,Fast,0.6905766129493713,933,573
552,1,Fast,0.6265839338302612,829,614
552,1,Fast,0.5767843127250671,1135,853
552,1,Fast,0.49843212962150574,908,404
553,1,Fast,0.8624451160430908,940,963
553,1,Fast,0.8481395244598389,1232,1046
553,1,Fast,0.7780609130859375,886,426
553,1,Fast,0.7552571296691895,932,568
553,1,Fast,0.7489258646965027,1176,1066
553,1,Fast,0.6677378416061401,1130,846
553,1,Fast,0.6433255672454834,859,995
553,1,Fast,0.6047812700271606,908,402
554,1,Fast,0.8827961683273315,944,972
554,1,Fast,0.8599541187286377,1226,1036
554,1,Fast,0.8212710022926331,930,565
554,1,Fast,0.8037144541740417,1167,1058
554,1,Fast,0.6815241575241089,907,400
554,1,Fast,0.6221814155578613,885,423
554,1,Fast,0.5593938231468201,1126,838
554,1,Fast,0.3649919331073761,780,567
554,1,Fast,0.30079832673072815,832,625
555,1,Fast,0.8584176898002625,1155,1051
555,1,Fast,0.8477380871772766,1219,1025
555,1,Fast,0.8468421101570129,949,982
555,1,Fast,0.8190315365791321,928,561
555,1,Fast,0.7139257788658142,907,398
555,1,Fast,0.5681968331336975,884,421
555,1,Fast,0.5077804327011108,1123,830
555,1,Fast,0.44734710454940796,781,570
556,1,Fast,0.8756952285766602,1213,1016
556,1,Fast,0.8438316583633423,1146,1038
556,1,Fast,0.8378933668136597,953,992
556,1,Fast,0.7861560583114624,927,557
556,1,Fast,0.6535934805870056,884,418
556,1,Fast,0.6487406492233276,907,396
556,1,Fast,0.46734318137168884,781,573
556,1,Fast,0.3670584261417389,1119,823
557,1,Fast,0.8701444864273071,1208,1007
557,1,Fast,0.8583081960678101,1139,1025
557,1,Fast,0.829214870929718,957,1001
557,1,Fast,0.7681092023849487,883,416
557,1,Fast,0.7617060542106628,907,394
557,1,Fast,0.7369807362556458,926,554
558,1,Fast,0.8688797950744629,1201,997
558,1,Fast,0.8420355916023254,1131,1010
558,1,Fast,0.7384204864501953,883,413
558,1,Fast,0.6674582958221436,961,1013
558,1,Fast,0.6391410827636719,906,392
558,1,Fast,0.6348674893379211,782,580
558,1,Fast,0.6323151588439941,924,550
559,1,Fast,0.883481502532959,1195,988
559,1,Fast,0.8509429097175598,1124,997
559,1,Fast,0.7828798294067383,965,1024
559,1,Fast,0.7016878724098206,883,411
559,1,Fast,0.7003310918807983,1107,802
559,1,Fast,0.6586679816246033,923,546
559,1,Fast,0.31398212909698486,905,390
560,1,Fast,0.8788439035415649,1191,979
560,1,Fast,0.8112230896949768,969,1034
560,1,Fast,0.7905659675598145,1118,985
560,1,Fast,0.7732130289077759,882,409
560,1,Fast,0.6445159912109375,842,654
560,1,Fast,0.6097012162208557,921,542
560,1,Fast,0.5221688747406006,1105,796
561,1,Fast,0.8693885207176208,1186,971
561,1,Fast,0.8455541133880615,1111,972
561,1,Fast,0.7167823314666748,920,538
561,1,Fast,0.6833187937736511,882,408
561,1,Fast,0.6729058027267456,844,658
561,1,Fast,0.6534479260444641,973,1044
561,1,Fast,0.4583015739917755,956,638
562,1,Fast,0.8780204057693481,1181,962
562,1,Fast,0.8686312437057495,1104,958
562,1,Fast,0.7064062356948853,979,1050
562,1,Fast,0.6680813431739807,919,535
562,1,Fast,0.5312892198562622,881,405
562,1,Fast,0.5290711522102356,1099,783
562,1,Fast,0.30176788568496704,954,633
563,1,Fast,0.8694450855255127,1098,946
563,1,Fast,0.8604186773300171,1176,953
563,1,Fast,0.7139443159103394,917,531
563,1,Fast,0.6872890591621399,881,403
563,1,Fast,0.5458110570907593,1095,777
563,1,Fast,0.4324982464313507,889,1063
563,2,Slow,0.32472726702690125,904,383
564,1,Fast,0.8755649328231812,1172,944
564,1,Fast,0.8622676730155945,1091,933
564,1,Fast,0.7632960081100464,848,679
564,1,Fast,0.7447513341903687,881,400
564,1,Fast,0.7341601252555847,917,528
564,1,Fast,0.6468759775161743,1093,771
564,1,Fast,0.42193126678466797,950,622
565,1,Fast,0.859291136264801,1168,937
565,1,Fast,0.8345431089401245,1085,922
565,1,Fast,0.811000406742096,916,523
565,1,Fast,0.7770212292671204,880,397
565,1,Fast,0.6817586421966553,849,684
565,1,Fast,0.5113472938537598,1090,765
565,1,Fast,0.48067909479141235,948,617
565,1,Fast,0.35814082622528076,785,601
566,1,Fast,0.8737666606903076,1079,911
566,1,Fast,0.8357829451560974,1163,929
566,1,Fast,0.8099871277809143,914,520
566,1,Fast,0.783594012260437,947,613
566,1,Fast,0.6955610513687134,880,394
566,1,Fast,0.46514472365379333,1086,759
567,1,Fast,0.8634163737297058,1073,900
567,1,Fast,0.8223350644111633,913,516
567,1,Fast,0.8052036762237549,1158,921
567,1,Fast,0.5105272531509399,945,609
567,1,Fast,0.4601391851902008,880,393
567,1,Fast,0.4295910894870758,1084,753
567,1,Fast,0.37206128239631653,788,609
567,1,Fast,0.3132650554180145,854,696
568,1,Fast,0.8492583632469177,1068,888
568,1,Fast,0.7982006072998047,912,513
568,1,Fast,0.7678847312927246,1153,913
568,1,Fast,0.4744485914707184,854,701
568,1,Fast,0.45335260033607483,879,391
569,1,Fast,0.8137360215187073,1062,877
569,1,Fast,0.7498985528945923,910,510
569,1,Fast,0.7181150913238525,1149,905
569,1,Fast,0.7049371004104614,856,707
569,1,Fast,0.37176939845085144,900,370
569,1,Fast,0.32994726300239563,1077,741
570,1,Fast,0.8353899121284485,1056,867
570,1,Fast,0.8343146443367004,1144,895
570,1,Fast,0.7636762857437134,909,506
570,1,Fast,0.44252002239227295,938,594
571,1,Fast,0.8609163761138916,1140,889
571,1,Fast,0.8429669737815857,1051,855
571,1,Fast,0.74168860912323,908,503
571,1,Fast,0.7398631572723389,860,718
571,1,Fast,0.6684424877166748,791,620
571,1,Fast,0.36672449111938477,936,589
572,1,Fast,0.860621452331543,1134,882
572,1,Fast,0.8527176976203918,1046,847
572,1,Fast,0.820264995098114,907,499
572,1,Fast,0.4944947063922882,1069,725
573,1,Fast,0.8598713874816895,1041,837
573,1,Fast,0.859029233455658,1131,874
573,1,Fast,0.7879613637924194,906,496
573,1,Fast,0.6598042845726013,1066,720
573,1,Fast,0.4139009416103363,933,580
573,1,Fast,0.34421682357788086,875,379
573,1,Fast,0.3371484577655792,863,731
574,1,Fast,0.8620120882987976,1037,826
574,1,Fast,0.8358719944953918,1127,866
574,1,Fast,0.8281799554824829,905,493
574,1,Fast,0.5545364618301392,1063,714
574,1,Fast,0.46155282855033875,875,377
574,1,Fast,0.37736451625823975,932,576
575,1,Fast,0.8572728633880615,1123,860
575,1,Fast,0.8498274087905884,904,489
575,1,Fast,0.8197972178459167,1031,818
575,1,Fast,0.514539897441864,929,572
575,1,Fast,0.506564736366272,875,375
575,1,Fast,0.31336674094200134,869,746
576,1,Fast,0.869231104850769,1119,853
576,1,Fast,0.8459916710853577,903,486
576,1,Fast,0.8234108090400696,1027,808
576,1,Fast,0.7078657746315002,871,754
576,1,Fast,0.6292585730552673,927,567
576,1,Fast,0.4711248576641083,861,620
576,1,Fast,0.41693246364593506,1237,1056
577,1,Fast,0.8434407711029053,1116,847
577,1,Fast,0.8277280926704407,902,484
577,1,Fast,0.8236109018325806,1023,798
577,1,Fast,0.747869610786438,872,760
577,1,Fast,0.7370737195014954,1228,1051
577,1,Fast,0.6705037951469421,926,564
577,1,Fast,0.4794546663761139,1056,698
577,1,Fast,0.400033175945282,1307,1070
578,1,Fast,0.8640787601470947,1221,1043
578,1,Fast,0.8556836843490601,1112,841
578,1,Fast,0.8390510082244873,1018,790
578,1,Fast,0.8235054612159729,925,560
578,1,Fast,0.7942482233047485,902,481
578,1,Fast,0.7906545996665955,874,766
578,1,Fast,0.6962921619415283,848,903
578,1,Fast,0.6738052368164062,1303,1066
578,1,Fast,0.6620895266532898,1054,693
579,1,Fast,0.877890408039093,1216,1033
579,1,Fast,0.8564048409461975,1014,781
579,1,Fast,0.8183668255805969,901,477
579,1,Fast,0.8095449209213257,1108,834
579,1,Fast,0.7778171896934509,850,909
579,1,Fast,0.7750622630119324,923,556
579,1,Fast,0.7365121841430664,1299,1062
579,1,Fast,0.6827666759490967,877,773
579,1,Fast,0.5982523560523987,1051,688
579,1,Fast,0.5707991123199463,874,367
580,1,Fast,0.8938739895820618,1210,1023
580,1,Fast,0.8322581052780151,1104,826
580,1,Fast,0.7994349598884583,1010,772
580,1,Fast,0.7514921426773071,900,475
580,1,Fast,0.7386134266853333,921,552
580,1,Fast,0.6966790556907654,1293,1058
580,1,Fast,0.6839792132377625,852,916
580,1,Fast,0.6449714303016663,874,365
580,1,Fast,0.6371079683303833,1049,684
581,1,Fast,0.9094381332397461,1204,1013
581,1,Fast,0.869924783706665,1005,764
581,1,Fast,0.8410412669181824,1284,1053
581,1,Fast,0.8247992992401123,920,549
581,1,Fast,0.7886197566986084,1100,819
581,1,Fast,0.7876895070075989,854,922
581,1,Fast,0.7527284026145935,898,472
581,1,Fast,0.5122026801109314,896,349
581,1,Fast,0.4794374704360962,1047,679
581,1,Fast,0.3880324363708496,874,363
582,1,Fast,0.8935631513595581,1198,1004
582,1,Fast,0.8605823516845703,918,544
582,1,Fast,0.832885205745697,1001,756
582,1,Fast,0.827427327632904,1277,1048
582,1,Fast,0.7705069780349731,1097,812
582,1,Fast,0.7391160130500793,898,469
582,1,Fast,0.6329357624053955,856,929
582,1,Fast,0.465935617685318,895,347
582,1,Fast,0.4298211634159088,872,653
582,1,Fast,0.3098102807998657,886,792
583,1,Fast,0.8920862078666687,1192,995
583,1,Fast,0.8736653327941895,1093,805
583,1,Fast,0.8064860105514526,997,747
583,1,Fast,0.7862032651901245,917,540
583,1,Fast,0.77196204662323,1273,1041
583,1,Fast,0.6765804290771484,897,466
583,1,Fast,0.664210319519043,858,936
584,1,Fast,0.8958547115325928,1187,986
584,1,Fast,0.8735522627830505,1090,800
584,1,Fast,0.8329960703849792,994,739
584,1,Fast,0.8172752261161804,916,537
584,1,Fast,0.7660537362098694,897,462
584,1,Fast,0.7428262233734131,861,942
584,1,Fast,0.6824336647987366,1268,1033
585,1,Fast,0.8940358757972717,1182,977
585,1,Fast,0.8566391468048096,1086,793
585,1,Fast,0.819022536277771,915,533
585,1,Fast,0.8084671497344971,991,732
585,1,Fast,0.6587473154067993,896,460
585,1,Fast,0.5845009684562683,863,948
585,1,Fast,0.5536990165710449,1263,1025
586,1,Fast,0.8955578804016113,1176,968
586,1,Fast,0.8663666248321533,1081,788
586,1,Fast,0.7971257567405701,987,725
586,1,Fast,0.7881841659545898,914,529
586,1,Fast,0.7390193939208984,1257,1017
586,1,Fast,0.7036500573158264,895,457
586,1,Fast,0.6024848818778992,865,956
586,2,Slow,0.4311612546443939,894,341
587,1,Fast,0.8948280811309814,1172,959
587,1,Fast,0.8706110119819641,1078,781
587,1,Fast,0.8089781403541565,983,717
587,1,Fast,0.7156183123588562,868,963
587,1,Fast,0.7127493023872375,895,454
587,1,Fast,0.6842710375785828,899,836
587,1,Fast,0.5519782304763794,913,525
587,1,Fast,0.5362080931663513,1253,1009
587,2,Slow,0.4942634105682373,894,339
588,1,Fast,0.8944499492645264,1167,951
588,1,Fast,0.8573697209358215,981,710
588,1,Fast,0.8515796661376953,1074,774
588,1,Fast,0.791729748249054,899,842
588,1,Fast,0.7848248481750488,870,970
588,1,Fast,0.773589551448822,911,521
588,1,Fast,0.616412341594696,894,451
588,2,Slow,0.5802217125892639,894,337
588,1,Fast,0.523618757724762,1248,1002
589,1,Fast,0.8856152892112732,1162,943
589,1,Fast,0.8438794612884521,903,849
589,1,Fast,0.8361721634864807,977,703
589,1,Fast,0.8173208832740784,1071,769
589,1,Fast,0.7693107724189758,910,518
589,1,Fast,0.7179621458053589,892,448
589,1,Fast,0.6587705016136169,1243,994
589,2,Slow,0.5315834283828735,894,336
589,1,Fast,0.47662344574928284,872,348
590,1,Fast,0.8869178891181946,1157,933
590,1,Fast,0.8388190269470215,1238,988
590,1,Fast,0.8350984454154968,908,514
590,1,Fast,0.8088207244873047,1069,764
590,1,Fast,0.8019614219665527,974,695
590,1,Fast,0.7921026349067688,907,858
590,1,Fast,0.6343708038330078,891,446
590,1,Fast,0.564635157585144,871,346
590,2,Slow,0.360888808965683,894,333
591,1,Fast,0.9009969830513,1152,925
591,1,Fast,0.8225706815719604,1233,980
591,1,Fast,0.7805187702178955,1067,759
591,1,Fast,0.7454517483711243,971,688
591,1,Fast,0.6798765063285828,911,867
591,1,Fast,0.4475805163383484,891,443
591,1,Fast,0.3975774645805359,871,344
592,1,Fast,0.8850734233856201,1147,917
592,1,Fast,0.8734914064407349,1228,973
592,1,Fast,0.7940252423286438,1063,752
592,1,Fast,0.7689845561981201,968,681
592,1,Fast,0.599663257598877,890,440
592,1,Fast,0.5903350710868835,906,507
592,1,Fast,0.5743787288665771,913,874
592,1,Fast,0.30704668164253235,881,1001
593,1,Fast,0.8740932941436768,1143,910
593,1,Fast,0.8723487854003906,1223,966
593,1,Fast,0.7720503211021423,965,675
593,1,Fast,0.7631929516792297,916,883
593,1,Fast,0.5099698305130005,1061,747
593,1,Fast,0.3625332713127136,890,437
594,1,Fast,0.8852380514144897,1139,901
594,1,Fast,0.8477799296379089,903,501
594,1,Fast,0.8231188058853149,1219,960
594,1,Fast,0.7348166704177856,961,669
594,1,Fast,0.701057493686676,1057,741
594,1,Fast,0.5189452171325684,889,434
594,1,Fast,0.4967356324195862,920,892
595,1,Fast,0.8875884413719177,1215,952
595,1,Fast,0.8677697777748108,1135,895
595,1,Fast,0.823274552822113,1055,735
595,1,Fast,0.7721842527389526,959,661
595,1,Fast,0.7443856596946716,902,497
595,1,Fast,0.7087246775627136,889,431
595,1,Fast,0.4425428509712219,900,739
596,1,Fast,0.8703555464744568,1130,888
596,1,Fast,0.8666561245918274,1211,945
596,1,Fast,0.8344724774360657,1051,729
596,1,Fast,0.8261533975601196,902,493
596,1,Fast,0.7654526829719543,956,655
596,1,Fast,0.7290593981742859,888,428
596,1,Fast,0.5516641736030579,904,746
596,1,Fast,0.5069084763526917,812,719
597,1,Fast,0.8766239881515503,1126,880
597,1,Fast,0.8424015641212463,954,649
597,1,Fast,0.8185676336288452,900,490
597,1,Fast,0.7925840616226196,1206,939
597,1,Fast,0.7180429100990295,887,426
597,1,Fast,0.7112770080566406,906,754
597,1,Fast,0.6818554401397705,1049,726
597,1,Fast,0.6816746592521667,813,723
597,2,Slow,0.4246232807636261,892,323
598,1,Fast,0.8858734965324402,1121,872
598,1,Fast,0.8680267333984375,1202,932
598,1,Fast,0.8408843278884888,952,642
598,1,Fast,0.8403490781784058,934,932
598,1,Fast,0.8016964197158813,899,487
598,1,Fast,0.7308751344680786,1045,721
598,1,Fast,0.7218520045280457,886,424
598,2,Slow,0.5293489098548889,892,321
598,1,Fast,0.42500561475753784,815,727
599,1,Fast,0.8644075989723206,1117,864
599,1,Fast,0.8351022601127625,937,941
599,1,Fast,0.8343647718429565,1198,926
599,1,Fast,0.7894198894500732,949,636
599,1,Fast,0.7768920063972473,898,484
599,1,Fast,0.7441253662109375,1042,715
599,1,Fast,0.6041693091392517,886,422
599,1,Fast,0.5176140069961548,913,768
599,2,Slow,0.3074585199356079,892,320
600,1,Fast,0.8464055061340332,1113,859
600,1,Fast,0.824772834777832,947,630
600,1,Fast,0.823774516582489,1039,710
600,1,Fast,0.7789075970649719,940,950
600,1,Fast,0.7762312889099121,897,481
600,1,Fast,0.7654570937156677,1194,919
600,1,Fast,0.591339111328125,814,568
600,1,Fast,0.5335166454315186,916,777
600,1,Fast,0.49462053179740906,885,419
600,1,Fast,0.32410314679145813,1007,595
601,1,Fast,0.8487730026245117,944,959
601,1,Fast,0.8313042521476746,1036,705
601,1,Fast,0.8242954015731812,945,623
601,1,Fast,0.7966399788856506,1110,852
601,1,Fast,0.7276862263679504,896,478
601,1,Fast,0.5335189700126648,815,572
601,1,Fast,0.5175632834434509,884,417
601,1,Fast,0.4635670781135559,918,785
601,1,Fast,0.36637139320373535,1190,913
602,1,Fast,0.8331703543663025,1105,844
602,1,Fast,0.798644483089447,943,618
602,1,Fast,0.7975229620933533,921,793
602,1,Fast,0.7823424339294434,949,969
602,1,Fast,0.7791334986686707,1034,700
602,1,Fast,0.5548704266548157,1186,907
602,1,Fast,0.47741806507110596,895,475
602,1,Fast,0.4751686453819275,817,576
602,1,Fast,0.41828471422195435,883,414
603,1,Fast,0.8015964031219482,955,981
603,1,Fast,0.8012915849685669,941,612
603,1,Fast,0.7910112738609314,1102,838
603,1,Fast,0.7201861143112183,1032,694
603,1,Fast,0.6919463872909546,925,801
603,1,Fast,0.6517947912216187,895,471
604,1,Fast,0.8394706845283508,927,810
604,1,Fast,0.8080798983573914,938,606
604,1,Fast,0.7979402542114258,1098,830
604,1,Fast,0.7513706684112549,957,991
604,1,Fast,0.6733860969543457,1030,690
604,1,Fast,0.5258344411849976,893,468
604,1,Fast,0.43731874227523804,1178,895
604,1,Fast,0.3458446264266968,818,584
605,1,Fast,0.8189982175827026,930,819
605,1,Fast,0.8087850213050842,1094,824
605,1,Fast,0.7812505960464478,937,602
605,1,Fast,0.7414261102676392,1174,889
605,1,Fast,0.6877626776695251,1027,684
605,1,Fast,0.41415542364120483,893,465
605,1,Fast,0.3723946511745453,962,1001
606,1,Fast,0.8262714147567749,934,827
606,1,Fast,0.8048105239868164,934,596
606,1,Fast,0.779956579208374,1170,882
606,1,Fast,0.7552116513252258,892,462
606,1,Fast,0.6824731230735779,1090,816
606,1,Fast,0.5586538910865784,1024,680
606,1,Fast,0.3221145570278168,882,405
607,1,Fast,0.824033796787262,1087,809
607,1,Fast,0.8024222254753113,932,590
607,1,Fast,0.7892798185348511,1022,674
607,1,Fast,0.7890967130661011,938,836
607,1,Fast,0.7546696066856384,1166,877
607,1,Fast,0.688144326210022,891,459
607,1,Fast,0.4760163724422455,882,402
608,1,Fast,0.8263019919395447,941,845
608,1,Fast,0.8098743557929993,1162,871
608,1,Fast,0.7700935006141663,930,585
608,1,Fast,0.7672156691551208,1084,804
608,1,Fast,0.7137462496757507,890,456
608,1,Fast,0.6654351949691772,1019,668
608,1,Fast,0.3642071485519409,881,400
609,1,Fast,0.8420589566230774,1080,797
609,1,Fast,0.8043800592422485,946,854
609,1,Fast,0.7904532551765442,927,580
609,1,Fast,0.6981154084205627,889,453
609,1,Fast,0.6624414920806885,1017,665
609,1,Fast,0.6279609799385071,1159,865
609,1,Fast,0.49214282631874084,881,398
609,1,Fast,0.35871562361717224,1190,1070
610,1,Fast,0.8109448552131653,1076,791
610,1,Fast,0.8027259111404419,926,574
610,1,Fast,0.8007575273513794,1155,859
610,1,Fast,0.7512357831001282,950,863
610,1,Fast,0.6259294748306274,889,450
610,1,Fast,0.6114055514335632,1015,662
610,1,Fast,0.6109468340873718,880,395
610,1,Fast,0.5538003444671631,1190,1064
611,1,Fast,0.7892780900001526,924,569
611,1,Fast,0.7764098048210144,1073,784
611,1,Fast,0.7219105958938599,888,448
611,1,Fast,0.6139189600944519,953,873
611,1,Fast,0.6114145517349243,1152,854
611,1,Fast,0.4139656722545624,880,394
611,1,Fast,0.4020417332649231,1181,1057
611,1,Fast,0.3664245307445526,1013,657
612,1,Fast,0.8409877419471741,922,564
612,1,Fast,0.8102104067802429,1169,1050
612,1,Fast,0.8019930720329285,1069,778
612,1,Fast,0.7998010516166687,956,883
612,1,Fast,0.7573515772819519,1009,651
612,1,Fast,0.6240801215171814,887,446
612,1,Fast,0.4845573306083679,1149,848
612,1,Fast,0.30632397532463074,879,392
613,1,Fast,0.8258304595947266,887,442
613,1,Fast,0.8183619976043701,1160,1037
613,1,Fast,0.8179465532302856,920,559
613,1,Fast,0.810032844543457,1066,773
613,1,Fast,0.8056925535202026,961,893
613,1,Fast,0.7946332693099976,1007,647
613,1,Fast,0.7651045918464661,1145,842
613,1,Fast,0.37654879689216614,829,624
614,1,Fast,0.8446748852729797,965,903
614,1,Fast,0.8236895799636841,1063,767
614,1,Fast,0.8060872554779053,919,554
614,1,Fast,0.8038062453269958,1152,1024
614,1,Fast,0.7220583558082581,886,439
614,1,Fast,0.7103395462036133,1005,643
614,1,Fast,0.6335816383361816,1142,837
614,1,Fast,0.5858158469200134,831,629
614,1,Fast,0.3253350853919983,833,807
615,1,Fast,0.8301512598991394,970,914
615,1,Fast,0.8301088809967041,918,550
615,1,Fast,0.8213997483253479,1144,1010
615,1,Fast,0.7922664284706116,1003,638
615,1,Fast,0.7525137662887573,1061,761
615,1,Fast,0.6936423778533936,1139,831
615,1,Fast,0.6224185228347778,886,436
615,1,Fast,0.5544468760490417,832,632
616,1,Fast,0.8561844825744629,974,925
616,1,Fast,0.8182187676429749,1001,633
616,1,Fast,0.80057293176651,916,545
616,1,Fast,0.7930342555046082,1138,999
616,1,Fast,0.7424516677856445,1057,755
616,1,Fast,0.46375197172164917,885,433
617,1,Fast,0.8605548739433289,979,935
617,1,Fast,0.8181591033935547,1131,987
617,1,Fast,0.7849349975585938,1054,749
617,1,Fast,0.7581897377967834,999,629
617,1,Fast,0.7555718421936035,915,541
617,1,Fast,0.4863819479942322,885,431
617,1,Fast,0.4442979693412781,835,822
618,1,Fast,0.860526978969574,983,945
618,1,Fast,0.8250535130500793,1126,975
618,1,Fast,0.7974019050598145,913,536
618,1,Fast,0.782008707523346,997,625
618,1,Fast,0.7668926119804382,1051,744
618,1,Fast,0.6661388278007507,837,827
618,1,Fast,0.5903772711753845,884,427
619,1,Fast,0.8464654684066772,988,956
619,1,Fast,0.8258783221244812,1119,964
619,1,Fast,0.8039042949676514,912,531
619,1,Fast,0.7806704640388489,1048,737
619,1,Fast,0.7523877024650574,995,621
619,1,Fast,0.6437401175498962,840,833
619,1,Fast,0.5894865393638611,884,424
619,1,Fast,0.36347654461860657,838,530
620,1,Fast,0.8318701982498169,1046,732
620,1,Fast,0.8149622678756714,992,967
620,1,Fast,0.8054440021514893,1113,953
620,1,Fast,0.7867310643196106,910,527
620,1,Fast,0.7663056254386902,842,840
620,1,Fast,0.7547401189804077,993,617
620,1,Fast,0.694954514503479,883,423
620,1,Fast,0.3485182225704193,877,374
620,1,Fast,0.3387487828731537,839,535
621,1,Fast,0.8171254396438599,908,522
621,1,Fast,0.7774348855018616,1108,942
621,1,Fast,0.7601760029792786,991,612
621,1,Fast,0.720082700252533,1043,728
621,1,Fast,0.6982772350311279,997,979
621,1,Fast,0.6881013512611389,883,420
621,1,Fast,0.6386066675186157,843,846
621,1,Fast,0.45822182297706604,827,433
621,1,Fast,0.4514734148979187,840,540
621,1,Fast,0.38594403862953186,876,372
622,1,Fast,0.8312192559242249,906,518
622,1,Fast,0.7932624220848083,1040,722
622,1,Fast,0.792533278465271,1102,931
622,1,Fast,0.7847818732261658,989,608
622,1,Fast,0.7160022854804993,1003,991
622,1,Fast,0.697823703289032,799,455
622,1,Fast,0.6555225253105164,841,543
622,1,Fast,0.5686174631118774,875,370
622,1,Fast,0.46308383345603943,882,418
622,1,Fast,0.38755837082862854,842,667
623,1,Fast,0.8107510805130005,1095,919
623,1,Fast,0.7991562485694885,987,605
623,1,Fast,0.7971391677856445,905,514
623,1,Fast,0.7678728103637695,1037,716
623,1,Fast,0.5577811002731323,875,369
623,1,Fast,0.4437243640422821,842,547
623,1,Fast,0.4420587122440338,843,672
623,1,Fast,0.4279177188873291,1008,1004
623,1,Fast,0.4123799502849579,799,458
624,1,Fast,0.8022631406784058,1090,909
624,1,Fast,0.793598473072052,904,510
624,1,Fast,0.7840953469276428,1034,711
624,1,Fast,0.7448961734771729,984,602
624,1,Fast,0.7049077153205872,880,413
624,1,Fast,0.6780611872673035,845,677
624,1,Fast,0.6377365589141846,874,366
624,1,Fast,0.597521185874939,799,460
624,1,Fast,0.47069311141967773,1111,785
624,1,Fast,0.41748368740081787,1013,1017
624,1,Fast,0.41664227843284607,848,866
625,1,Fast,0.8266822695732117,1032,706
625,1,Fast,0.8133218288421631,1084,898
625,1,Fast,0.8097183704376221,903,506
625,1,Fast,0.7853558659553528,983,598
625,1,Fast,0.669654905796051,880,410
625,1,Fast,0.5615675449371338,1108,780
625,1,Fast,0.45046383142471313,845,555
625,1,Fast,0.41071587800979614,874,364
626,1,Fast,0.7882481813430786,902,502
626,1,Fast,0.7593273520469666,981,594
626,1,Fast,0.7028372883796692,1079,888
626,1,Fast,0.6858608722686768,1030,700
626,1,Fast,0.647927463054657,852,879
626,1,Fast,0.5470433831214905,846,559
626,1,Fast,0.48831772804260254,880,408
626,1,Fast,0.47344085574150085,874,362
627,1,Fast,0.8215882182121277,979,590
627,1,Fast,0.7945014834403992,1027,695
627,1,Fast,0.7842651009559631,901,498
627,1,Fast,0.7084226012229919,1075,879
627,1,Fast,0.7037850618362427,847,564
627,1,Fast,0.6200207471847534,854,885
627,1,Fast,0.4475192129611969,879,406
627,1,Fast,0.4457321763038635,874,361
628,1,Fast,0.8205087780952454,1024,691
628,1,Fast,0.8047455549240112,978,587
628,1,Fast,0.7917146682739258,1070,868
628,1,Fast,0.7162697911262512,899,494
628,1,Fast,0.6319301724433899,849,567
628,1,Fast,0.5957531332969666,856,890
628,1,Fast,0.5497229099273682,1100,767
628,1,Fast,0.37635135650634766,878,403
628,1,Fast,0.3476318418979645,874,358
629,1,Fast,0.8135878443717957,976,583
629,1,Fast,0.7967098355293274,898,490
629,1,Fast,0.7427348494529724,1064,860
629,1,Fast,0.7381510734558105,858,897
629,1,Fast,0.6912633776664734,1023,686
629,1,Fast,0.6035932898521423,850,572
629,1,Fast,0.5204463005065918,878,401
629,1,Fast,0.3669472336769104,873,356
629,1,Fast,0.32782137393951416,1097,761
630,1,Fast,0.8363638520240784,974,579
630,1,Fast,0.8111153244972229,897,486
630,1,Fast,0.7792292237281799,859,904
630,1,Fast,0.7292747497558594,1020,681
630,1,Fast,0.7194962501525879,852,577
630,1,Fast,0.7074670195579529,802,478
630,1,Fast,0.7004117369651794,877,398
630,1,Fast,0.6682255864143372,1060,850
630,1,Fast,0.5791849493980408,833,461
630,1,Fast,0.48831674456596375,961,493
630,1,Fast,0.3201032280921936,873,355
631,1,Fast,0.8317506909370422,973,575
631,1,Fast,0.8253151774406433,861,911
631,1,Fast,0.7765916585922241,897,482
631,1,Fast,0.7650846838951111,1018,676
631,1,Fast,0.7520081400871277,1056,841
631,1,Fast,0.7315778136253357,803,481
631,1,Fast,0.6814223527908325,877,396
631,1,Fast,0.6536452770233154,853,582
631,1,Fast,0.5432142615318298,834,464
631,1,Fast,0.41176578402519226,873,353
632,1,Fast,0.8167619705200195,972,571
632,1,Fast,0.7730574607849121,803,485
632,1,Fast,0.7691330313682556,1015,670
632,1,Fast,0.7678556442260742,896,479
632,1,Fast,0.7413719892501831,878,394
632,1,Fast,0.6238142848014832,1051,832
632,1,Fast,0.6184659004211426,864,917
632,1,Fast,0.573738157749176,854,588
632,1,Fast,0.5113591551780701,834,466
632,1,Fast,0.5040031671524048,874,351
632,1,Fast,0.31559544801712036,959,487
633,1,Fast,0.8284595608711243,1013,666
633,1,Fast,0.8102200627326965,970,567
633,1,Fast,0.7941514849662781,895,476
633,1,Fast,0.7797490954399109,1046,823
633,1,Fast,0.7771264910697937,803,489
633,1,Fast,0.7297577857971191,855,593
633,1,Fast,0.7273570895195007,865,925
633,1,Fast,0.6067606210708618,835,470
633,1,Fast,0.3722167909145355,873,349
633,1,Fast,0.37126415967941284,877,392
634,1,Fast,0.8478890657424927,968,564
634,1,Fast,0.8275355100631714,867,931
634,1,Fast,0.8230746388435364,1010,662
634,1,Fast,0.7910240292549133,893,472
634,1,Fast,0.7856935262680054,804,492
634,1,Fast,0.7601232528686523,857,597
634,1,Fast,0.7420860528945923,835,474
634,1,Fast,0.6870590448379517,1041,814
634,1,Fast,0.3811253309249878,874,348
634,1,Fast,0.3619585633277893,957,482
635,1,Fast,0.8357455730438232,869,939
635,1,Fast,0.8295197486877441,967,561
635,1,Fast,0.769087016582489,1008,657
635,1,Fast,0.7571608424186707,1037,805
635,1,Fast,0.735851526260376,893,468
635,1,Fast,0.7326740622520447,805,496
635,1,Fast,0.6895557641983032,836,477
635,1,Fast,0.6478686928749084,859,602
635,1,Fast,0.3000044524669647,876,388
636,1,Fast,0.8180641531944275,965,558
636,1,Fast,0.8009688854217529,871,946
636,1,Fast,0.7615864276885986,1006,653
636,1,Fast,0.7457466721534729,805,498
636,1,Fast,0.7411615252494812,891,465
636,1,Fast,0.7400949597358704,1032,798
636,1,Fast,0.7123584747314453,836,480
636,1,Fast,0.5312665700912476,954,477
636,1,Fast,0.5013015270233154,861,607
636,1,Fast,0.4612836241722107,873,343
636,1,Fast,0.44544094800949097,875,386
637,1,Fast,0.8092727661132812,873,952
637,1,Fast,0.7933049201965332,1004,649
637,1,Fast,0.7805987596511841,862,611
637,1,Fast,0.7566342353820801,891,461
637,1,Fast,0.7495298981666565,963,555
637,1,Fast,0.7449431419372559,1028,789
637,1,Fast,0.657070517539978,837,484
637,1,Fast,0.4646762013435364,805,502
637,1,Fast,0.3687383830547333,872,342
637,1,Fast,0.35535773634910583,875,384
638,1,Fast,0.8152003288269043,875,959
638,1,Fast,0.8081201314926147,890,458
638,1,Fast,0.7951400279998779,1002,644
638,1,Fast,0.775040864944458,838,488
638,1,Fast,0.7640337347984314,1025,782
638,1,Fast,0.7553573846817017,863,617
638,1,Fast,0.7546039819717407,962,552
638,1,Fast,0.6985029578208923,805,506
638,1,Fast,0.36833512783050537,875,381
639,1,Fast,0.8338737487792969,878,967
639,1,Fast,0.8236283659934998,865,622
639,1,Fast,0.7902253270149231,890,454
639,1,Fast,0.7772618532180786,999,640
639,1,Fast,0.7697702050209045,839,492
639,1,Fast,0.753230631351471,960,549
639,1,Fast,0.526342511177063,1021,774
639,1,Fast,0.4967725872993469,806,509
639,1,Fast,0.359385222196579,875,379
639,1,Fast,0.34857192635536194,872,338
640,1,Fast,0.8443285226821899,998,636
640,1,Fast,0.824638843536377,867,628
640,1,Fast,0.8075615763664246,958,545
640,1,Fast,0.7941323518753052,839,495
640,1,Fast,0.7772555947303772,889,451
640,1,Fast,0.7552162408828735,1018,767
640,1,Fast,0.6268724203109741,807,511
640,1,Fast,0.45779189467430115,880,975
640,1,Fast,0.38503026962280273,872,337
640,1,Fast,0.30137407779693604,874,377
641,1,Fast,0.8593496084213257,996,631
641,1,Fast,0.8123904466629028,869,634
641,1,Fast,0.8112885355949402,957,541
641,1,Fast,0.7932573556900024,888,448
641,1,Fast,0.7548433542251587,840,498
641,1,Fast,0.658659815788269,808,515
641,1,Fast,0.6533623337745667,1014,759
641,1,Fast,0.6182081699371338,883,984
642,1,Fast,0.8322973847389221,956,538
642,1,Fast,0.8048943281173706,1011,752
642,1,Fast,0.7975791692733765,841,502
642,1,Fast,0.7923006415367126,994,627
642,1,Fast,0.7837451696395874,870,639
642,1,Fast,0.7659734487533569,887,446
642,1,Fast,0.7386550903320312,808,519
642,1,Fast,0.5662468671798706,886,991
643,1,Fast,0.8451488018035889,956,535
643,1,Fast,0.8333541750907898,871,644
643,1,Fast,0.7961814999580383,1007,744
643,1,Fast,0.7953805327415466,841,505
643,1,Fast,0.7937248349189758,992,623
643,1,Fast,0.7659925222396851,886,442
643,1,Fast,0.6507884860038757,809,523
643,1,Fast,0.3671025335788727,888,998
644,1,Fast,0.8303343653678894,1003,736
644,1,Fast,0.8194029927253723,990,619
644,1,Fast,0.809116542339325,954,532
644,1,Fast,0.7972727417945862,842,509
644,1,Fast,0.7758957743644714,873,650
644,1,Fast,0.6220629811286926,810,527
644,1,Fast,0.53940749168396,886,438
645,1,Fast,0.8127228021621704,952,527
645,1,Fast,0.7953194379806519,988,614
645,1,Fast,0.7922690510749817,876,656
645,1,Fast,0.7659566402435303,810,532
645,1,Fast,0.7309637069702148,1000,729
645,1,Fast,0.7119787931442261,843,513
645,1,Fast,0.6109567880630493,885,435
645,1,Fast,0.32665497064590454,894,1014
646,1,Fast,0.838626503944397,986,611
646,1,Fast,0.8010382056236267,951,524
646,1,Fast,0.7982503771781921,811,536
646,1,Fast,0.794284462928772,996,723
646,1,Fast,0.7376728057861328,878,661
646,1,Fast,0.7133535742759705,845,518
646,1,Fast,0.6870250105857849,885,431
647,1,Fast,0.864258885383606,984,607
647,1,Fast,0.824438750743866,950,521
647,1,Fast,0.8011627197265625,880,667
647,1,Fast,0.7577586770057678,846,522
647,1,Fast,0.7220127582550049,812,540
647,1,Fast,0.7134978771209717,993,716
647,1,Fast,0.678013026714325,899,1032
647,1,Fast,0.509107768535614,884,428
648,1,Fast,0.8609833121299744,982,604
648,1,Fast,0.8536205887794495,949,518
648,1,Fast,0.8125698566436768,881,673
648,1,Fast,0.7820711135864258,990,709
648,1,Fast,0.7751809358596802,846,526
648,1,Fast,0.7106837630271912,812,543
648,1,Fast,0.4390699565410614,900,1041
648,1,Fast,0.40000343322753906,883,425
648,1,Fast,0.3454819321632385,872,323
649,1,Fast,0.8466998934745789,948,517
649,1,Fast,0.8336828947067261,980,600
649,1,Fast,0.8214976191520691,883,679
649,1,Fast,0.7371276617050171,847,530
649,1,Fast,0.728784441947937,987,702
649,1,Fast,0.6048963069915771,883,422
649,1,Fast,0.33386707305908203,901,1048
650,1,Fast,0.8331894278526306,978,596
650,1,Fast,0.8113133311271667,984,697
650,1,Fast,0.7960627675056458,886,685
650,1,Fast,0.7786723375320435,947,514
650,1,Fast,0.7760287523269653,848,534
650,1,Fast,0.548485517501831,813,551
650,1,Fast,0.4327360689640045,882,419
651,1,Fast,0.834326982498169,887,691
651,1,Fast,0.8236397504806519,981,690
651,1,Fast,0.8195534348487854,976,592
651,1,Fast,0.7788415551185608,945,510
651,1,Fast,0.7651218771934509,849,537
651,1,Fast,0.6595826745033264,814,554
652,1,Fast,0.8383048176765442,978,683
652,1,Fast,0.8347644209861755,889,698
652,1,Fast,0.8294009566307068,975,588
652,1,Fast,0.7755736112594604,944,508
652,1,Fast,0.7585116624832153,815,558
652,1,Fast,0.7353061437606812,850,542
652,1,Fast,0.4362638592720032,881,414
653,1,Fast,0.8423276543617249,974,584
653,1,Fast,0.834526538848877,976,677
653,1,Fast,0.8299219012260437,943,505
653,1,Fast,0.7978768944740295,891,705
653,1,Fast,0.7781111598014832,817,562
653,1,Fast,0.5935642123222351,851,546
653,1,Fast,0.5282325148582458,880,411
653,1,Fast,0.36241579055786133,939,433
654,1,Fast,0.8366679549217224,973,670
654,1,Fast,0.8312236070632935,972,580
654,1,Fast,0.8239619731903076,942,502
654,1,Fast,0.8165005445480347,894,711
654,1,Fast,0.783421516418457,818,566
654,1,Fast,0.4534592032432556,852,550
654,1,Fast,0.38465049862861633,880,408
655,1,Fast,0.8605613112449646,897,718
655,1,Fast,0.8501160740852356,970,577
655,1,Fast,0.8255574107170105,941,499
655,1,Fast,0.792175829410553,820,571
655,1,Fast,0.7819423675537109,969,665
655,1,Fast,0.749265730381012,854,554
655,1,Fast,0.4874322712421417,879,405
656,1,Fast,0.8584313988685608,966,658
656,1,Fast,0.8506647348403931,899,725
656,1,Fast,0.839221179485321,969,573
656,1,Fast,0.8081766963005066,940,496
656,1,Fast,0.7848334312438965,855,558
656,1,Fast,0.7665156126022339,820,576
656,1,Fast,0.34766730666160583,878,403
657,1,Fast,0.8612136840820312,967,569
657,1,Fast,0.8474827408790588,901,731
657,1,Fast,0.8287605047225952,964,652
657,1,Fast,0.81296306848526,939,493
657,1,Fast,0.7995530366897583,856,563
657,1,Fast,0.7519668340682983,821,580
657,1,Fast,0.4651528298854828,879,399
658,1,Fast,0.8703073263168335,965,566
658,1,Fast,0.8514347076416016,961,646
658,1,Fast,0.8451130390167236,903,738
658,1,Fast,0.8239531517028809,938,490
658,1,Fast,0.8110127449035645,857,567
658,1,Fast,0.7093818187713623,823,584
659,1,Fast,0.8777276277542114,964,563
659,1,Fast,0.8513302206993103,906,745
659,1,Fast,0.8421341180801392,959,640
659,1,Fast,0.8401451110839844,937,486
659,1,Fast,0.8195036053657532,859,572
659,1,Fast,0.7219449877738953,824,589
660,1,Fast,0.8511340618133545,963,559
660,1,Fast,0.8509528636932373,908,753
660,1,Fast,0.8233820199966431,860,577
660,1,Fast,0.8156555891036987,957,634
660,1,Fast,0.7578883171081543,937,484
660,1,Fast,0.7139729261398315,825,593
660,1,Fast,0.6730561256408691,877,392
661,1,Fast,0.856833815574646,955,628
661,1,Fast,0.8489780426025391,911,760
661,1,Fast,0.8404529690742493,961,556
661,1,Fast,0.8396777510643005,862,581
661,1,Fast,0.8038765788078308,936,482
661,1,Fast,0.5954835414886475,1260,1063
661,1,Fast,0.42962709069252014,826,598
662,1,Fast,0.8832052946090698,952,622
662,1,Fast,0.8608856201171875,914,768
662,1,Fast,0.8480745553970337,863,585
662,1,Fast,0.8335375189781189,960,553
662,1,Fast,0.792297899723053,935,479
662,1,Fast,0.7084946632385254,827,601
662,1,Fast,0.6655253767967224,1253,1057
662,1,Fast,0.32147789001464844,876,386
663,1,Fast,0.8679214119911194,917,776
663,1,Fast,0.8558081984519958,950,617
663,1,Fast,0.8424304127693176,865,590
663,1,Fast,0.8406988382339478,958,549
663,1,Fast,0.8255836963653564,934,476
663,1,Fast,0.7509134411811829,1244,1053
663,1,Fast,0.6910263299942017,828,606
663,1,Fast,0.4093729555606842,876,384
664,1,Fast,0.8665867447853088,920,783
664,1,Fast,0.8595696091651917,1235,1048
664,1,Fast,0.8495952486991882,948,612
664,1,Fast,0.8478724360466003,957,546
664,1,Fast,0.8401021957397461,866,595
664,1,Fast,0.8322345614433289,933,474
664,1,Fast,0.531241238117218,829,612
664,1,Fast,0.30429792404174805,876,381
665,1,Fast,0.8643076419830322,923,791
665,1,Fast,0.847544252872467,946,607
665,1,Fast,0.8225329518318176,1229,1040
665,1,Fast,0.8181441426277161,868,600
665,1,Fast,0.8153528571128845,955,542
665,1,Fast,0.8151537775993347,831,616
665,1,Fast,0.7841879725456238,931,471
665,1,Fast,0.5052810311317444,876,379
666,1,Fast,0.8710630536079407,926,799
666,1,Fast,0.8655493855476379,1223,1030
666,1,Fast,0.839323878288269,954,539
666,1,Fast,0.8297982215881348,869,605
666,1,Fast,0.8286535143852234,943,602
666,1,Fast,0.8222802877426147,833,620
666,1,Fast,0.7969670295715332,931,469
666,1,Fast,0.4998627007007599,876,376
667,1,Fast,0.8777855038642883,1217,1019
667,1,Fast,0.8669539093971252,929,807
667,1,Fast,0.8507047295570374,953,536
667,1,Fast,0.8485023379325867,941,597
667,1,Fast,0.8070434927940369,871,609
667,1,Fast,0.7657724618911743,834,625
667,1,Fast,0.725643515586853,931,466
667,1,Fast,0.44732213020324707,876,373
668,1,Fast,0.8881621360778809,1211,1009
668,1,Fast,0.8707547187805176,939,592
668,1,Fast,0.86672443151474,932,815
668,1,Fast,0.8589907288551331,952,532
668,1,Fast,0.8293362855911255,872,615
668,1,Fast,0.8198243379592896,835,630
668,1,Fast,0.5368325114250183,876,370
668,1,Fast,0.35773709416389465,930,463
669,1,Fast,0.8772425055503845,1206,1001
669,1,Fast,0.8648574352264404,935,824
669,1,Fast,0.8524325489997864,937,587
669,1,Fast,0.8437406420707703,951,530
669,1,Fast,0.7954297661781311,873,620
669,1,Fast,0.7617532014846802,836,635
669,1,Fast,0.6137369871139526,930,461
669,1,Fast,0.5772000551223755,875,368
670,1,Fast,0.8701616525650024,1200,991
670,1,Fast,0.8688656091690063,939,832
670,1,Fast,0.8567495346069336,935,583
670,1,Fast,0.8216217756271362,949,526
670,1,Fast,0.7868131399154663,875,625
670,1,Fast,0.7476872205734253,928,458
670,1,Fast,0.589392364025116,837,641
670,1,Fast,0.5245835185050964,875,365
671,1,Fast,0.8800520896911621,1194,983
671,1,Fast,0.8738114237785339,942,841
671,1,Fast,0.8335343599319458,948,524
671,1,Fast,0.8244397044181824,933,577
671,1,Fast,0.8155519962310791,928,455
671,1,Fast,0.8045466542243958,877,630
671,1,Fast,0.7791631817817688,838,646
671,1,Fast,0.5429574847221375,875,363
672,1,Fast,0.8866316080093384,945,849
672,1,Fast,0.8739445805549622,1189,974
672,1,Fast,0.8483174443244934,947,521
672,1,Fast,0.8306847810745239,927,453
672,1,Fast,0.8211407661437988,932,573
672,1,Fast,0.8207019567489624,879,636
672,1,Fast,0.779120683670044,841,651
673,1,Fast,0.8797709345817566,949,858
673,1,Fast,0.868984043598175,1185,966
673,1,Fast,0.8390690684318542,946,518
673,1,Fast,0.8320857882499695,929,567
673,1,Fast,0.8136675953865051,881,641
673,1,Fast,0.8104211688041687,926,451
673,1,Fast,0.6735813617706299,842,655
673,1,Fast,0.4655187129974365,1006,596
674,1,Fast,0.8703630566596985,1180,957
674,1,Fast,0.86777263879776,953,867
674,1,Fast,0.8467034101486206,928,564
674,1,Fast,0.8304126262664795,945,515
674,1,Fast,0.8176080584526062,843,660
674,1,Fast,0.8161337375640869,883,647
674,1,Fast,0.6536620855331421,925,448
675,1,Fast,0.8821209669113159,956,876
675,1,Fast,0.8713397979736328,1175,949
675,1,Fast,0.8336470127105713,884,653
675,1,Fast,0.8326830267906189,926,559
675,1,Fast,0.7921609878540039,943,512
675,1,Fast,0.7819533348083496,844,665
675,1,Fast,0.7730193138122559,925,445
676,1,Fast,0.8736786246299744,960,885
676,1,Fast,0.8550373315811157,886,659
676,1,Fast,0.8358997106552124,1170,942
676,1,Fast,0.8114229440689087,924,555
676,1,Fast,0.7863105535507202,942,508
676,1,Fast,0.7474306225776672,847,671
676,1,Fast,0.7172811627388,923,444
676,1,Fast,0.5003929138183594,845,537
677,1,Fast,0.8802177309989929,963,895
677,1,Fast,0.8477165699005127,1166,933
677,1,Fast,0.8382572531700134,888,665
677,1,Fast,0.8246240019798279,924,550
677,1,Fast,0.8227196931838989,848,677
677,1,Fast,0.7254708409309387,941,506
677,1,Fast,0.5839797258377075,923,441
677,1,Fast,0.34478551149368286,845,541
678,1,Fast,0.8705615997314453,1160,925
678,1,Fast,0.8495923280715942,968,906
678,1,Fast,0.8464043140411377,890,672
678,1,Fast,0.8372361660003662,921,546
678,1,Fast,0.7997227907180786,940,502
678,1,Fast,0.7789962887763977,849,683
678,1,Fast,0.5447713136672974,922,439
679,1,Fast,0.8714101314544678,972,916
679,1,Fast,0.8453900814056396,893,677
679,1,Fast,0.8418484926223755,1155,917
679,1,Fast,0.8265295028686523,939,499
679,1,Fast,0.8085232377052307,851,690
679,1,Fast,0.7810336351394653,920,541
679,1,Fast,0.6559714078903198,922,436
680,1,Fast,0.8906652927398682,977,926
680,1,Fast,0.8764664530754089,1151,909
680,1,Fast,0.8436704874038696,895,683
680,1,Fast,0.8358039259910583,918,537
680,1,Fast,0.7976608872413635,938,497
680,1,Fast,0.7773306965827942,854,696
680,1,Fast,0.5234426856040955,921,434
681,1,Fast,0.8819268941879272,981,935
681,1,Fast,0.8677176833152771,1146,900
681,1,Fast,0.8556863069534302,918,533
681,1,Fast,0.8454553484916687,896,689
681,1,Fast,0.8105870485305786,936,493
681,1,Fast,0.7751606702804565,921,431
681,1,Fast,0.6257948279380798,855,701
682,1,Fast,0.8839643597602844,985,946
682,1,Fast,0.8764893412590027,1142,894
682,1,Fast,0.8385506868362427,898,695
682,1,Fast,0.8336729407310486,935,491
682,1,Fast,0.8294807076454163,916,528
682,1,Fast,0.822999119758606,921,428
682,1,Fast,0.7377700805664062,856,707
683,1,Fast,0.8918851613998413,989,956
683,1,Fast,0.8792340755462646,1137,886
683,1,Fast,0.8388490676879883,934,488
683,1,Fast,0.8164682388305664,920,426
683,1,Fast,0.7842907905578613,914,524
683,1,Fast,0.765313982963562,901,702
683,1,Fast,0.7158934473991394,859,714
683,1,Fast,0.32038620114326477,853,569
684,1,Fast,0.8672810196876526,994,967
684,1,Fast,0.8567397594451904,1133,879
684,1,Fast,0.8371407389640808,934,485
684,1,Fast,0.8217722773551941,920,424
684,1,Fast,0.8215228319168091,913,521
684,1,Fast,0.8101810216903687,903,709
684,1,Fast,0.726887047290802,861,719
684,1,Fast,0.6613218784332275,855,574
685,1,Fast,0.8727350234985352,1129,871
685,1,Fast,0.8640814423561096,999,979
685,1,Fast,0.8541070222854614,911,517
685,1,Fast,0.8333088159561157,932,483
685,1,Fast,0.8160487413406372,906,715
685,1,Fast,0.8152914047241211,920,422
685,1,Fast,0.7414627075195312,862,725
686,1,Fast,0.8911198973655701,1003,990
686,1,Fast,0.860348105430603,1125,864
686,1,Fast,0.832862377166748,908,722
686,1,Fast,0.8306928277015686,910,512
686,1,Fast,0.7873585820198059,931,480
686,1,Fast,0.7607076168060303,919,420
686,1,Fast,0.6621050834655762,864,731
687,1,Fast,0.8673465251922607,1121,858
687,1,Fast,0.8475709557533264,1008,1002
687,1,Fast,0.8094304800033569,910,729
687,1,Fast,0.8035516142845154,908,509
687,1,Fast,0.7959550023078918,930,478
687,1,Fast,0.7665808200836182,860,588
687,1,Fast,0.7569970488548279,919,418
687,1,Fast,0.7104129791259766,866,738
688,1,Fast,0.8508723974227905,1118,852
688,1,Fast,0.8284747004508972,907,505
688,1,Fast,0.8210660219192505,1014,1014
688,1,Fast,0.8141460418701172,913,736
688,1,Fast,0.7692902088165283,929,476
688,1,Fast,0.7632213830947876,918,416
688,1,Fast,0.7324629426002502,868,745
688,1,Fast,0.5469255447387695,862,594
689,1,Fast,0.8316336274147034,1019,1027
689,1,Fast,0.8271757960319519,906,501
689,1,Fast,0.807208776473999,915,743
689,1,Fast,0.8039806485176086,1115,846
689,1,Fast,0.7927116751670837,871,752
689,1,Fast,0.7748320698738098,928,474
689,1,Fast,0.649005115032196,917,414
689,1,Fast,0.49784231185913086,863,599
690,1,Fast,0.8044524192810059,918,749
690,1,Fast,0.7965887188911438,905,497
690,1,Fast,0.795159637928009,927,470
690,1,Fast,0.7744795083999634,1111,839
690,1,Fast,0.7620696425437927,872,757
690,1,Fast,0.7592846751213074,1025,1039
690,1,Fast,0.6695245504379272,865,603
690,1,Fast,0.6123010516166687,917,412
691,1,Fast,0.844192624092102,921,756
691,1,Fast,0.8059715032577515,1106,832
691,1,Fast,0.7801562547683716,904,493
691,1,Fast,0.7631877660751343,874,764
691,1,Fast,0.7490782141685486,927,468
691,1,Fast,0.7178318500518799,866,609
691,1,Fast,0.6944052577018738,1031,1048
691,1,Fast,0.4489326477050781,916,411
692,1,Fast,0.8376840353012085,1103,826
692,1,Fast,0.8275890350341797,868,615
692,1,Fast,0.8200076818466187,903,489
692,1,Fast,0.775884211063385,926,465
692,1,Fast,0.7582535743713379,924,763
692,1,Fast,0.7467593550682068,877,771
692,1,Fast,0.675951361656189,1037,1054
692,1,Fast,0.4471806287765503,916,409
693,1,Fast,0.8233012557029724,902,486
693,1,Fast,0.8230102062225342,869,621
693,1,Fast,0.822753369808197,926,772
693,1,Fast,0.8063138723373413,925,462
693,1,Fast,0.7435781359672546,1099,819
693,1,Fast,0.6675879955291748,879,779
693,1,Fast,0.5843369364738464,1046,1061
694,1,Fast,0.8345637917518616,1095,812
694,1,Fast,0.8332729339599609,930,780
694,1,Fast,0.8264868259429932,924,459
694,1,Fast,0.7998071908950806,871,626
694,1,Fast,0.7709454298019409,901,483
694,1,Fast,0.3069431781768799,978,537
695,1,Fast,0.8424506783485413,1091,805
695,1,Fast,0.8358852863311768,924,457
695,1,Fast,0.8223503828048706,873,632
695,1,Fast,0.7708147168159485,932,787
695,1,Fast,0.7419474720954895,899,480
695,1,Fast,0.524092435836792,916,401
695,1,Fast,0.4863300621509552,976,534
696,1,Fast,0.8504472970962524,874,637
696,1,Fast,0.8447831273078918,1088,799
696,1,Fast,0.8218605518341064,923,455
696,1,Fast,0.7388176321983337,916,398
696,1,Fast,0.721800684928894,898,477
696,1,Fast,0.7204939126968384,886,799
696,1,Fast,0.5268816351890564,936,795
697,1,Fast,0.8542121648788452,876,643
697,1,Fast,0.8220086097717285,1085,793
697,1,Fast,0.8162388801574707,897,473
697,1,Fast,0.7993101477622986,939,803
697,1,Fast,0.7949251532554626,922,453
697,1,Fast,0.7169749140739441,888,808
697,1,Fast,0.6290939450263977,916,396
697,1,Fast,0.5766969919204712,975,529
698,1,Fast,0.8175733089447021,942,811
698,1,Fast,0.7962626814842224,1081,787
698,1,Fast,0.7748796343803406,896,470
698,1,Fast,0.7600700855255127,921,450
698,1,Fast,0.7531967163085938,891,816
698,1,Fast,0.7423393130302429,878,649
698,1,Fast,0.6592942476272583,916,395
699,1,Fast,0.8337342739105225,945,820
699,1,Fast,0.8104037046432495,894,824
699,1,Fast,0.7813443541526794,920,448
699,1,Fast,0.7768127918243408,1077,782
699,1,Fast,0.7529947757720947,896,466
699,1,Fast,0.6674568057060242,880,654
699,1,Fast,0.6357181668281555,915,393
700,1,Fast,0.8352174162864685,949,828
700,1,Fast,0.8320745825767517,881,661
700,1,Fast,0.7961039543151855,896,831
700,1,Fast,0.7841912508010864,1074,776
700,1,Fast,0.7726853489875793,894,463
700,1,Fast,0.7379928827285767,919,446
700,1,Fast,0.3249855935573578,915,391
701,1,Fast,0.8485183715820312,898,840
701,1,Fast,0.8293873071670532,883,666
701,1,Fast,0.8066850304603577,952,836
701,1,Fast,0.804050624370575,1071,771
701,1,Fast,0.7733817100524902,893,460
701,1,Fast,0.7664145231246948,918,443
702,1,Fast,0.848296582698822,955,845
702,1,Fast,0.8435941338539124,885,673
702,1,Fast,0.8263684511184692,1069,766
702,1,Fast,0.8261530995368958,902,848
702,1,Fast,0.7996089458465576,892,456
702,1,Fast,0.7440734505653381,918,441
702,1,Fast,0.5358211994171143,1066,673
703,1,Fast,0.8598131537437439,887,679
703,1,Fast,0.798808217048645,959,854
703,1,Fast,0.78701251745224,905,855
703,1,Fast,0.7402855157852173,892,452
703,1,Fast,0.7248666882514954,1066,760
703,1,Fast,0.6111199855804443,917,438
703,1,Fast,0.5484722852706909,1063,670
704,1,Fast,0.8498400449752808,889,685
704,1,Fast,0.7064513564109802,963,863
704,1,Fast,0.6673895120620728,890,449
704,1,Fast,0.6612045168876648,908,864
704,1,Fast,0.6490228772163391,1063,755
704,1,Fast,0.5586621165275574,917,436
704,1,Fast,0.42505887150764465,1062,666
705,1,Fast,0.865968644618988,891,692
705,1,Fast,0.8021141886711121,890,446
705,1,Fast,0.7319679260253906,967,873
705,1,Fast,0.7085815668106079,910,873
705,1,Fast,0.6704464554786682,916,433
705,1,Fast,0.32593902945518494,1059,748
706,1,Fast,0.8438335061073303,893,698
706,1,Fast,0.8156278133392334,889,443
706,1,Fast,0.7673503756523132,970,883
706,1,Fast,0.6919599771499634,914,882
706,1,Fast,0.6514566540718079,916,430
706,1,Fast,0.5454298257827759,1057,743
706,1,Fast,0.47484952211380005,964,507
707,1,Fast,0.8347769975662231,975,893
707,1,Fast,0.8299500942230225,895,705
707,1,Fast,0.8023420572280884,888,440
707,1,Fast,0.7110177874565125,1055,738
707,1,Fast,0.6633546948432922,915,428
707,1,Fast,0.6558631658554077,963,504
707,1,Fast,0.5495277643203735,836,539
708,1,Fast,0.8122101426124573,898,713
708,1,Fast,0.807417094707489,979,903
708,1,Fast,0.7815148234367371,1051,731
708,1,Fast,0.7683510184288025,887,437
708,1,Fast,0.6806151866912842,962,502
708,1,Fast,0.6300829648971558,914,426
708,1,Fast,0.6146364212036133,837,542
708,1,Fast,0.457150936126709,920,898
708,1,Fast,0.3340356945991516,914,376
709,1,Fast,0.7800154685974121,983,913
709,1,Fast,0.7796176075935364,838,547
709,1,Fast,0.7630709409713745,887,434
709,1,Fast,0.7556585073471069,1048,728
709,1,Fast,0.7251178622245789,901,720
709,1,Fast,0.7101860642433167,914,423
709,1,Fast,0.6087357997894287,922,911
709,1,Fast,0.32363763451576233,962,500
709,1,Fast,0.311105877161026,914,374
710,1,Fast,0.8338297009468079,986,923
710,1,Fast,0.7930148839950562,903,726
710,1,Fast,0.7660775184631348,886,432
710,1,Fast,0.7612918019294739,913,422
710,1,Fast,0.7590206861495972,839,550
710,1,Fast,0.7390207052230835,1045,723
710,1,Fast,0.6719254851341248,927,920
710,1,Fast,0.4971652626991272,961,497
711,1,Fast,0.8027380704879761,840,555
711,1,Fast,0.7934182286262512,1042,717
711,1,Fast,0.7837016582489014,906,733
711,1,Fast,0.7565103769302368,886,427
711,1,Fast,0.7546858787536621,991,933
711,1,Fast,0.6983398795127869,913,420
711,1,Fast,0.697683572769165,930,930
711,1,Fast,0.6586267948150635,960,495
712,1,Fast,0.8347466588020325,908,741
712,1,Fast,0.8276950120925903,933,938
712,1,Fast,0.815396785736084,1040,712
712,1,Fast,0.8104628324508667,995,944
712,1,Fast,0.718030571937561,912,417
712,1,Fast,0.5967879891395569,885,424
712,1,Fast,0.5556334853172302,959,493
712,1,Fast,0.4866098165512085,841,559
713,1,Fast,0.8582648634910583,911,748
713,1,Fast,0.8325557112693787,1000,955
713,1,Fast,0.8107325434684753,1037,707
713,1,Fast,0.7733585238456726,937,948
713,1,Fast,0.7191155552864075,911,415
713,1,Fast,0.4768146574497223,842,564
713,1,Fast,0.3487984836101532,885,422
714,1,Fast,0.8308521509170532,915,756
714,1,Fast,0.7779607772827148,844,569
714,1,Fast,0.7310859560966492,1005,966
714,1,Fast,0.7077133059501648,1035,702
714,1,Fast,0.6395395398139954,940,959
714,1,Fast,0.5809711217880249,911,413
714,1,Fast,0.5464873909950256,884,419
715,1,Fast,0.8492490649223328,918,764
715,1,Fast,0.766165554523468,846,574
715,1,Fast,0.7629213333129883,1010,977
715,1,Fast,0.7156363725662231,1032,698
715,1,Fast,0.678778350353241,910,411
715,1,Fast,0.6083000302314758,944,969
715,1,Fast,0.5420689582824707,883,416
716,1,Fast,0.8224639296531677,920,772
716,1,Fast,0.7589247822761536,1015,988
716,1,Fast,0.6825770139694214,1030,693
716,1,Fast,0.654694676399231,882,414
716,1,Fast,0.5783695578575134,848,579
716,1,Fast,0.5564461946487427,910,409
717,1,Fast,0.8398314118385315,923,780
717,1,Fast,0.805596649646759,1020,1001
717,1,Fast,0.7524327635765076,882,410
717,1,Fast,0.5789588093757629,909,407
717,1,Fast,0.5758852362632751,1027,688
717,1,Fast,0.5516631007194519,849,584
717,2,Slow,0.38559675216674805,837,494
718,1,Fast,0.7998872399330139,926,788
718,1,Fast,0.7670296430587769,881,408
718,1,Fast,0.7663202881813049,850,589
718,1,Fast,0.74831223487854,1025,1013
718,1,Fast,0.6700363159179688,909,404
718,1,Fast,0.5594362616539001,1025,684
718,1,Fast,0.3019217252731323,1034,617
719,1,Fast,0.8485731482505798,929,796
719,1,Fast,0.8265951871871948,852,594
719,1,Fast,0.7490259408950806,908,402
719,1,Fast,0.7485131621360779,1031,1025
719,1,Fast,0.7198337316513062,1023,679
719,1,Fast,0.6786602139472961,881,405
719,1,Fast,0.4026015102863312,1032,614
720,1,Fast,0.8353033065795898,932,806
720,1,Fast,0.8299248218536377,853,599
720,1,Fast,0.7922442555427551,1020,673
720,1,Fast,0.7828278541564941,908,399
720,1,Fast,0.7636483311653137,1035,1038
720,1,Fast,0.6624402403831482,880,403
720,1,Fast,0.30380138754844666,839,505
721,1,Fast,0.8457056283950806,935,814
721,1,Fast,0.8182592988014221,854,604
721,1,Fast,0.800860583782196,907,398
721,1,Fast,0.7335700392723083,880,400
721,1,Fast,0.7183293104171753,1042,1049
721,1,Fast,0.6904914379119873,1018,669
721,1,Fast,0.48061224818229675,840,508
722,1,Fast,0.859344482421875,938,823
722,1,Fast,0.7976171374320984,907,395
722,1,Fast,0.7619314193725586,856,609
722,1,Fast,0.7450217604637146,880,397
722,1,Fast,0.6050549745559692,1015,665
722,1,Fast,0.5105479955673218,1053,1056
723,1,Fast,0.8601858615875244,943,832
723,1,Fast,0.8405978679656982,858,615
723,1,Fast,0.7605242133140564,907,394
723,1,Fast,0.6931724548339844,1013,661
723,1,Fast,0.6831648349761963,879,395
724,1,Fast,0.8634290099143982,946,841
724,1,Fast,0.844274640083313,860,621
724,1,Fast,0.7406938076019287,906,392
724,1,Fast,0.7243162393569946,1011,657
724,1,Fast,0.5974652171134949,879,393
724,1,Fast,0.4289401173591614,843,520
724,1,Fast,0.4275169372558594,1022,597
724,1,Fast,0.4048391878604889,986,1060
725,1,Fast,0.8709429502487183,861,626
725,1,Fast,0.8480917811393738,950,851
725,1,Fast,0.7144177556037903,1009,653
725,1,Fast,0.681354820728302,905,391
725,1,Fast,0.5928319096565247,843,524
725,1,Fast,0.5852757096290588,878,391
725,1,Fast,0.4590531587600708,1022,594
726,1,Fast,0.8208023905754089,953,859
726,1,Fast,0.7788419127464294,863,632
726,1,Fast,0.7406082153320312,1007,647
726,1,Fast,0.7261821627616882,904,389
726,1,Fast,0.6359116435050964,1020,591
726,1,Fast,0.39927971363067627,845,528
726,1,Fast,0.38095414638519287,878,388
727,1,Fast,0.8282895088195801,957,870
727,1,Fast,0.7721309065818787,903,387
727,1,Fast,0.7670772075653076,864,638
727,1,Fast,0.6880679726600647,1005,644
727,1,Fast,0.4746730327606201,846,533
727,1,Fast,0.4496503174304962,877,385
727,1,Fast,0.4438970386981964,1018,588
728,1,Fast,0.8268440365791321,960,879
728,1,Fast,0.7469520568847656,866,644
728,1,Fast,0.7330418229103088,904,385
728,1,Fast,0.4576832354068756,1003,639
728,1,Fast,0.42772579193115234,876,383
728,1,Fast,0.4105510711669922,1017,586
728,1,Fast,0.32809534668922424,848,536
729,1,Fast,0.7858431935310364,868,650
729,1,Fast,0.7276586294174194,903,383
729,1,Fast,0.6865705847740173,964,890
729,1,Fast,0.35792773962020874,1001,635
730,1,Fast,0.8147254586219788,870,656
730,1,Fast,0.7939338088035583,969,900
730,1,Fast,0.6983808875083923,903,381
730,1,Fast,0.5238580703735352,999,630
731,1,Fast,0.8003097176551819,974,911
731,1,Fast,0.7907068133354187,872,661
731,1,Fast,0.7063136696815491,903,379
731,1,Fast,0.4048619270324707,997,626
732,1,Fast,0.8461873531341553,979,922
732,1,Fast,0.7875670194625854,874,668
732,1,Fast,0.7063124775886536,903,377
732,1,Fast,0.4429697096347809,1011,572
732,1,Fast,0.44127556681632996,995,623
733,1,Fast,0.8330163359642029,876,673
733,1,Fast,0.8148568272590637,983,932
733,1,Fast,0.7655378580093384,1010,569
733,1,Fast,0.5977293848991394,993,619
733,1,Fast,0.589144229888916,903,375
733,1,Fast,0.319866806268692,854,557
734,1,Fast,0.8491071462631226,878,681
734,1,Fast,0.8451910018920898,987,943
734,1,Fast,0.7582760453224182,1009,567
734,1,Fast,0.7044848203659058,991,615
734,1,Fast,0.6666281819343567,902,373
734,1,Fast,0.4471037983894348,855,562
735,1,Fast,0.8450706601142883,880,687
735,1,Fast,0.8025645613670349,991,954
735,1,Fast,0.7389721870422363,1007,565
735,1,Fast,0.727512538433075,989,612
735,1,Fast,0.706028938293457,902,372
735,1,Fast,0.3944729268550873,1213,1066
735,1,Fast,0.3304762542247772,875,365
736,1,Fast,0.8036335110664368,882,694
736,1,Fast,0.7618094086647034,996,964
736,1,Fast,0.7270021438598633,902,370
736,1,Fast,0.6152799725532532,987,608
736,1,Fast,0.4730744957923889,875,364
736,1,Fast,0.42489317059516907,1006,562
736,1,Fast,0.4011456072330475,1204,1058
737,1,Fast,0.737277626991272,884,702
737,1,Fast,0.6477755308151245,1000,977
737,1,Fast,0.6373504400253296,901,368
737,1,Fast,0.5791317224502563,1187,1052
737,1,Fast,0.5495001673698425,984,604
737,1,Fast,0.42485374212265015,875,362
737,1,Fast,0.38163989782333374,1003,560
738,1,Fast,0.8559247851371765,886,709
738,1,Fast,0.8146973848342896,1005,988
738,1,Fast,0.5187754034996033,900,366
738,1,Fast,0.47550827264785767,983,600
739,1,Fast,0.8491264581680298,889,715
739,1,Fast,0.5808606147766113,1010,1001
739,1,Fast,0.3263731002807617,981,597
739,1,Fast,0.32425397634506226,1001,552
740,1,Fast,0.8310715556144714,891,722
740,1,Fast,0.5419101119041443,1160,1014
740,1,Fast,0.3281589448451996,900,363
741,1,Fast,0.7391592264175415,894,729
741,1,Fast,0.6027719378471375,1153,1001
741,1,Fast,0.5754426121711731,979,589
741,1,Fast,0.4784184396266937,999,546
742,1,Fast,0.8021140098571777,898,737
742,1,Fast,0.6364678740501404,1145,987
742,1,Fast,0.5612756609916687,1028,1040
742,1,Fast,0.5263349413871765,977,585
743,1,Fast,0.8197208642959595,900,744
743,1,Fast,0.6129320859909058,975,581
743,1,Fast,0.482115775346756,1138,975
743,1,Fast,0.3220144212245941,899,358
744,1,Fast,0.8470905423164368,902,752
744,1,Fast,0.652015745639801,1132,963
744,1,Fast,0.5187845230102539,973,577
744,1,Fast,0.43224406242370605,899,355
745,1,Fast,0.7786144018173218,905,758
745,1,Fast,0.756344199180603,1125,951
745,1,Fast,0.5091385245323181,899,353
745,1,Fast,0.46945706009864807,971,573
746,1,Fast,0.835510790348053,908,767
746,1,Fast,0.6741141676902771,1119,939
746,1,Fast,0.5858556628227234,898,351
746,1,Fast,0.35752588510513306,970,569
747,1,Fast,0.8420754075050354,911,777
747,1,Fast,0.6677547693252563,898,349
747,1,Fast,0.5692278146743774,1113,929
747,1,Fast,0.30721622705459595,873,340
748,1,Fast,0.8485414981842041,913,785
748,1,Fast,0.7692771553993225,1107,917
748,1,Fast,0.6966637372970581,875,632
748,1,Fast,0.545975387096405,898,349
749,1,Fast,0.8614317178726196,917,792
749,1,Fast,0.7530206441879272,1100,907
749,1,Fast,0.4737618863582611,898,347
749,1,Fast,0.46291592717170715,965,561
749,1,Fast,0.45866385102272034,990,527
750,1,Fast,0.859453558921814,920,801
750,1,Fast,0.7314251661300659,1095,896
750,1,Fast,0.7238607406616211,962,557
750,1,Fast,0.5235033631324768,988,524
750,1,Fast,0.43413329124450684,898,346
751,1,Fast,0.8656468391418457,924,810
751,1,Fast,0.7699868083000183,1090,884
751,1,Fast,0.7646055817604065,961,554
751,1,Fast,0.727817177772522,987,522
751,1,Fast,0.5607056021690369,897,344
752,1,Fast,0.8629336357116699,927,819
752,1,Fast,0.7656642198562622,960,551
752,1,Fast,0.5146718621253967,986,521
752,1,Fast,0.4070539176464081,897,342
752,1,Fast,0.3393074870109558,1084,874
753,1,Fast,0.8692433834075928,931,828
753,1,Fast,0.6938835382461548,958,548
753,1,Fast,0.6669977307319641,884,661
753,1,Fast,0.41451898217201233,1078,865
753,1,Fast,0.3666101098060608,1253,1068
754,1,Fast,0.8668055534362793,934,837
754,1,Fast,0.750393271446228,957,545
754,1,Fast,0.40435078740119934,1246,1061
754,1,Fast,0.3307318687438965,1073,855
754,1,Fast,0.3226803243160248,897,339
755,1,Fast,0.8699465394020081,938,845
755,1,Fast,0.7736650705337524,1232,1053
755,1,Fast,0.7240665555000305,956,541
755,1,Fast,0.5861647725105286,897,337
755,1,Fast,0.5592171549797058,888,675
756,1,Fast,0.8714428544044495,941,854
756,1,Fast,0.8370283842086792,1221,1044
756,1,Fast,0.810846745967865,955,538
757,1,Fast,0.8645110130310059,945,865
757,1,Fast,0.8229469060897827,954,535
757,1,Fast,0.8212804794311523,1213,1029
757,1,Fast,0.6286537051200867,1058,826
757,1,Fast,0.37478622794151306,980,506
758,1,Fast,0.8708536028862,949,874
758,1,Fast,0.8100916147232056,952,532
758,1,Fast,0.7797242403030396,1205,1015
758,1,Fast,0.49801474809646606,1054,816
758,1,Fast,0.48408040404319763,896,332
758,1,Fast,0.43091848492622375,978,504
759,1,Fast,0.8795153498649597,953,884
759,1,Fast,0.8693276643753052,1196,1002
759,1,Fast,0.8010354042053223,951,529
759,1,Fast,0.6124805808067322,1049,809
759,1,Fast,0.3252454996109009,977,502
760,1,Fast,0.8823983073234558,957,895
760,1,Fast,0.8296141624450684,1188,989
760,1,Fast,0.7411031723022461,1044,800
760,1,Fast,0.7124080657958984,950,525
760,1,Fast,0.35067692399024963,898,708
761,1,Fast,0.8710289597511292,962,906
761,1,Fast,0.8699530363082886,1181,976
761,1,Fast,0.6464423537254333,949,522
762,1,Fast,0.8726438283920288,967,917
762,1,Fast,0.8642178773880005,1174,963
762,1,Fast,0.6072069406509399,948,520
763,1,Fast,0.8847651481628418,971,928
763,1,Fast,0.8639935851097107,1167,951
763,1,Fast,0.3226906359195709,947,517
764,1,Fast,0.9026421308517456,976,939
764,1,Fast,0.8485482335090637,1160,940
764,1,Fast,0.5655398964881897,1028,766
764,1,Fast,0.49371373653411865,946,514
764,1,Fast,0.46751508116722107,824,576
765,1,Fast,0.887310266494751,980,950
765,1,Fast,0.8829326629638672,1152,928
765,1,Fast,0.37789157032966614,1024,758
765,1,Fast,0.35778266191482544,945,511
766,1,Fast,0.8848066926002502,984,961
766,1,Fast,0.8525242209434509,1145,916
766,1,Fast,0.534798800945282,943,509
766,1,Fast,0.4998217821121216,1020,751
767,1,Fast,0.897436261177063,989,974
767,1,Fast,0.7846153974533081,1140,904
767,1,Fast,0.6888520121574402,941,506
767,1,Fast,0.31793972849845886,1016,742
768,1,Fast,0.8842129707336426,995,985
768,1,Fast,0.7984841465950012,1133,894
768,1,Fast,0.7572283744812012,941,503
768,1,Fast,0.652858555316925,1012,735
769,1,Fast,0.8840730786323547,1000,998
769,1,Fast,0.8546860218048096,1127,883
769,1,Fast,0.7860414981842041,940,500
769,1,Fast,0.32072678208351135,895,317
770,1,Fast,0.8733229041099548,1006,1011
770,1,Fast,0.8193238377571106,1121,873
770,1,Fast,0.6998921632766724,939,497
771,1,Fast,0.8672915101051331,1011,1024
771,1,Fast,0.7338468432426453,1115,862
771,1,Fast,0.6340703964233398,938,495
772,1,Fast,0.8662688732147217,1017,1038
772,1,Fast,0.8324203491210938,1109,852
772,1,Fast,0.673242449760437,937,491
772,1,Fast,0.4196000099182129,998,706
772,1,Fast,0.3806723952293396,1123,981
772,1,Fast,0.3672272861003876,831,617
773,1,Fast,0.8345586657524109,1103,842
773,1,Fast,0.7957523465156555,1024,1048
773,1,Fast,0.6494835615158081,936,489
773,1,Fast,0.6349934935569763,834,623
773,1,Fast,0.5407078862190247,996,698
773,1,Fast,0.377816379070282,936,806
774,1,Fast,0.8027193546295166,1099,832
774,1,Fast,0.8010658025741577,992,691
774,1,Fast,0.7144412994384766,935,487
774,1,Fast,0.6504286527633667,1031,1055
774,1,Fast,0.5631792545318604,837,629
775,1,Fast,0.831643283367157,1094,823
775,1,Fast,0.7313588261604309,935,484
775,1,Fast,0.6000396013259888,989,684
775,1,Fast,0.5840645432472229,1038,1062
775,1,Fast,0.5588565468788147,838,635
775,1,Fast,0.3837094008922577,965,468
776,1,Fast,0.6775631904602051,933,482
776,1,Fast,0.4940129220485687,986,678
776,1,Fast,0.4362225830554962,1088,814
777,1,Fast,0.5447966456413269,984,672
777,1,Fast,0.5409726500511169,932,480
777,1,Fast,0.3402778208255768,840,646
778,1,Fast,0.6552035212516785,931,477
778,1,Fast,0.6344322562217712,982,665
778,1,Fast,0.5996765494346619,1077,796
778,1,Fast,0.5381655693054199,842,650
778,1,Fast,0.3654772639274597,954,852
779,1,Fast,0.5603769421577454,1072,787
779,1,Fast,0.5474040508270264,930,476
779,1,Fast,0.3946720361709595,841,655
779,1,Fast,0.30398255586624146,1004,568
780,1,Fast,0.7746785879135132,845,662
780,1,Fast,0.7052363753318787,1068,779
780,1,Fast,0.6579036116600037,1072,883
780,1,Fast,0.5818238258361816,960,871
780,1,Fast,0.5448610186576843,929,472
781,1,Fast,0.6403185129165649,928,469
781,1,Fast,0.6191726922988892,846,669
781,1,Fast,0.5027907490730286,1063,771
781,1,Fast,0.32452309131622314,1066,871
782,1,Fast,0.7931428551673889,848,676
782,1,Fast,0.6192613244056702,927,467
782,1,Fast,0.6046647429466248,1059,763
783,1,Fast,0.7621895670890808,851,682
783,1,Fast,0.646296501159668,927,464
783,1,Fast,0.615450382232666,966,634
783,1,Fast,0.5921940803527832,1056,754
783,1,Fast,0.3974253535270691,974,901
784,1,Fast,0.8389943838119507,853,690
784,1,Fast,0.8247551918029785,964,628
784,1,Fast,0.7558334469795227,926,461
784,1,Fast,0.5723193287849426,1050,745
785,1,Fast,0.7792496681213379,924,459
785,1,Fast,0.7010439038276672,961,622
785,1,Fast,0.6409673094749451,855,696
786,1,Fast,0.7398486733436584,924,456
786,1,Fast,0.7051904201507568,959,617
786,1,Fast,0.3510212004184723,856,704
787,1,Fast,0.8045158386230469,956,612
787,1,Fast,0.7549850344657898,923,454
787,1,Fast,0.5330245494842529,1038,723
788,1,Fast,0.8409291505813599,954,607
788,1,Fast,0.776194155216217,1034,716
788,1,Fast,0.6985092163085938,922,452
788,1,Fast,0.5855873823165894,996,958
788,1,Fast,0.3734912574291229,1031,800
789,1,Fast,0.7558232545852661,1030,708
789,1,Fast,0.6391146779060364,921,449
790,1,Fast,0.7236586213111877,1027,701
790,1,Fast,0.6937767267227173,921,447
790,1,Fast,0.6217069029808044,950,597
790,1,Fast,0.37371352314949036,953,437
790,1,Fast,0.33502528071403503,1022,781
791,1,Fast,0.788180947303772,948,592
791,1,Fast,0.7634000778198242,920,445
791,1,Fast,0.7517092227935791,1023,694
791,1,Fast,0.30638447403907776,1019,772
792,1,Fast,0.7893653512001038,919,443
792,1,Fast,0.7008194327354431,1020,687
792,1,Fast,0.6905827522277832,1014,763
792,1,Fast,0.6355059146881104,946,585
792,1,Fast,0.45664355158805847,868,747
793,1,Fast,0.7784589529037476,919,441
793,1,Fast,0.7419337630271912,872,754
793,1,Fast,0.697038471698761,945,581
793,1,Fast,0.6932085156440735,1016,681
794,1,Fast,0.7501168847084045,918,438
794,1,Fast,0.6555414795875549,874,764
794,1,Fast,0.5772528648376465,942,574
794,1,Fast,0.4782686233520508,1006,745
794,1,Fast,0.3893052637577057,1013,674
794,1,Fast,0.31945788860321045,741,559
795,1,Fast,0.727168083190918,917,436
795,1,Fast,0.67119300365448,940,569
795,1,Fast,0.5892626643180847,1009,668
795,1,Fast,0.5464552044868469,1002,737
795,1,Fast,0.3192092478275299,877,771
796,1,Fast,0.7722486257553101,917,433
796,1,Fast,0.7303706407546997,1006,661
796,1,Fast,0.3084469139575958,939,566
797,1,Fast,0.786666989326477,1003,654
797,1,Fast,0.7838188409805298,917,431
797,1,Fast,0.7833239436149597,936,561
797,1,Fast,0.662043035030365,994,721
797,1,Fast,0.40702012181282043,743,565
798,1,Fast,0.8093191385269165,1000,648
798,1,Fast,0.7175862789154053,916,429
798,1,Fast,0.4845677316188812,936,557
799,1,Fast,0.825542151927948,997,642
799,1,Fast,0.7467433214187622,988,706
799,1,Fast,0.7413259744644165,933,552
799,1,Fast,0.7155641317367554,916,426
800,1,Fast,0.7782124280929565,993,636
800,1,Fast,0.6059523224830627,890,814
800,1,Fast,0.5816400647163391,915,424
800,1,Fast,0.455434650182724,931,548
800,1,Fast,0.45110654830932617,984,698
800,1,Fast,0.38578924536705017,744,570
801,1,Fast,0.74139404296875,991,630
801,1,Fast,0.7254967093467712,929,543
801,1,Fast,0.6931440234184265,892,824
801,1,Fast,0.6356074810028076,981,692
801,1,Fast,0.3441475033760071,914,423
802,1,Fast,0.7358422875404358,928,539
802,1,Fast,0.7186175584793091,896,834
802,1,Fast,0.6796186566352844,988,625
802,1,Fast,0.6430946588516235,978,684
802,1,Fast,0.45404380559921265,913,421
803,1,Fast,0.7955709099769592,985,619
803,1,Fast,0.7800263166427612,975,677
803,1,Fast,0.7640082240104675,926,534
803,1,Fast,0.6779597997665405,898,841
803,1,Fast,0.32782506942749023,913,419
804,1,Fast,0.8199099898338318,982,612
804,1,Fast,0.8178511261940002,925,529
804,1,Fast,0.7791696190834045,902,851
804,1,Fast,0.48444730043411255,972,670
804,1,Fast,0.3787144124507904,746,580
804,1,Fast,0.37133854627609253,912,417
805,1,Fast,0.8493790626525879,980,607
805,1,Fast,0.8005539178848267,924,525
805,1,Fast,0.5697736144065857,912,415
805,1,Fast,0.45018917322158813,906,861
806,1,Fast,0.8290789723396301,977,601
806,1,Fast,0.8246489763259888,923,521
806,1,Fast,0.7372333407402039,911,413
807,1,Fast,0.8379499316215515,974,596
807,1,Fast,0.6938130259513855,923,517
807,1,Fast,0.6604354977607727,910,411
807,1,Fast,0.37603870034217834,913,881
808,1,Fast,0.856926679611206,972,591
808,1,Fast,0.7639781832695007,920,513
808,1,Fast,0.6233950257301331,910,409
809,1,Fast,0.8454635143280029,969,586
809,1,Fast,0.7303364276885986,919,510
809,1,Fast,0.6389219760894775,909,407
810,1,Fast,0.8507431149482727,967,580
810,1,Fast,0.7913985252380371,918,506
810,1,Fast,0.70252925157547,923,913
810,1,Fast,0.5832251906394958,909,405
810,1,Fast,0.3860816955566406,750,593
811,1,Fast,0.8514413833618164,964,575
811,1,Fast,0.7789407968521118,916,501
811,1,Fast,0.7367558479309082,927,924
811,1,Fast,0.6880665421485901,952,623
811,1,Fast,0.618018627166748,908,403
811,1,Fast,0.46982356905937195,792,687
811,1,Fast,0.4271225035190582,750,595
812,1,Fast,0.8244022130966187,962,570
812,1,Fast,0.7841441631317139,950,617
812,1,Fast,0.764592707157135,931,935
812,1,Fast,0.7639607787132263,915,498
812,1,Fast,0.5988380908966064,907,402
812,1,Fast,0.420075386762619,751,598
813,1,Fast,0.8339658975601196,959,565
813,1,Fast,0.7764468789100647,948,611
813,1,Fast,0.755317747592926,913,493
813,1,Fast,0.7250528335571289,935,946
813,1,Fast,0.6975670456886292,908,400
813,1,Fast,0.6381031274795532,752,600
814,1,Fast,0.8538035750389099,956,560
814,1,Fast,0.8206839561462402,945,606
814,1,Fast,0.8015105724334717,913,489
814,1,Fast,0.7323911190032959,939,958
814,1,Fast,0.612575888633728,752,603
814,1,Fast,0.49584925174713135,907,397
815,1,Fast,0.8380681276321411,944,971
815,1,Fast,0.8337337374687195,955,556
815,1,Fast,0.8272154927253723,943,600
815,1,Fast,0.8161486983299255,911,486
816,1,Fast,0.861303448677063,953,551
816,1,Fast,0.815922737121582,910,483
816,1,Fast,0.7888057231903076,941,594
816,1,Fast,0.5703585743904114,950,984
816,1,Fast,0.3996947109699249,902,739
817,1,Fast,0.8787115812301636,939,589
817,1,Fast,0.8634129166603088,951,547
817,1,Fast,0.7881032228469849,908,479
817,1,Fast,0.7495192885398865,954,997
817,1,Fast,0.45182693004608154,798,710
817,1,Fast,0.3016665279865265,754,610
818,1,Fast,0.8373218774795532,949,542
818,1,Fast,0.8093444108963013,907,476
818,1,Fast,0.7731039524078369,937,583
818,1,Fast,0.6274569034576416,958,1009
819,1,Fast,0.8448016047477722,947,537
819,1,Fast,0.8005480170249939,934,577
819,1,Fast,0.7844464778900146,906,472
819,1,Fast,0.555342435836792,963,1025
820,1,Fast,0.8592748641967773,932,573
820,1,Fast,0.8325097560882568,945,532
820,1,Fast,0.7774764895439148,905,468
820,1,Fast,0.5059918761253357,967,1038
820,0,VRU,0.4236673414707184,1516,999
820,1,Fast,0.36217132210731506,914,771
821,1,Fast,0.8552590012550354,931,568
821,1,Fast,0.8479599356651306,943,528
821,1,Fast,0.7308575510978699,905,465
821,1,Fast,0.6199104189872742,1184,866
821,0,VRU,0.3609110414981842,1516,999
822,1,Fast,0.8460426926612854,929,564
822,1,Fast,0.8443881869316101,940,523
822,1,Fast,0.8286067247390747,904,461
822,1,Fast,0.6138023138046265,1179,859
822,1,Fast,0.4349002242088318,956,464
823,1,Fast,0.864168107509613,939,520
823,1,Fast,0.8266716003417969,927,558
823,1,Fast,0.82426917552948,902,457
823,1,Fast,0.435403972864151,956,462
823,1,Fast,0.3972792327404022,759,626
823,1,Fast,0.3777637183666229,985,1062
824,1,Fast,0.8545371890068054,937,515
824,1,Fast,0.8290733695030212,925,553
824,1,Fast,0.8153929114341736,901,454
824,1,Fast,0.5499663352966309,955,460
824,1,Fast,0.3432205021381378,760,629
825,1,Fast,0.8186656832695007,923,549
825,1,Fast,0.8081693053245544,936,511
825,1,Fast,0.775444746017456,900,451
825,1,Fast,0.6459288597106934,928,813
825,1,Fast,0.6218948364257812,761,631
826,1,Fast,0.8562553524971008,922,543
826,1,Fast,0.8178204298019409,934,507
826,1,Fast,0.7524157762527466,899,448
826,1,Fast,0.7013997435569763,931,822
826,1,Fast,0.3151646852493286,953,456
827,1,Fast,0.8334550261497498,933,503
827,1,Fast,0.7956032156944275,899,445
827,1,Fast,0.7361995577812195,921,538
827,1,Fast,0.6021997928619385,934,831
827,1,Fast,0.36656448245048523,762,636
828,1,Fast,0.8209547996520996,932,498
828,1,Fast,0.8207186460494995,919,534
828,1,Fast,0.7898396849632263,898,441
828,1,Fast,0.745731770992279,938,840
828,1,Fast,0.4301469027996063,763,639
829,1,Fast,0.843998908996582,918,530
829,1,Fast,0.8086014986038208,897,438
829,1,Fast,0.7251125574111938,763,642
829,1,Fast,0.7141649127006531,930,495
829,1,Fast,0.6829649806022644,942,848
830,1,Fast,0.8030992746353149,916,525
830,1,Fast,0.7740160822868347,946,857
830,1,Fast,0.7707575559616089,928,491
830,1,Fast,0.7630552053451538,897,435
830,1,Fast,0.7372610569000244,764,645
830,1,Fast,0.34013330936431885,987,693
831,1,Fast,0.8060893416404724,927,487
831,1,Fast,0.7951713800430298,896,432
831,1,Fast,0.7888525724411011,915,521
831,1,Fast,0.775923490524292,765,649
831,1,Fast,0.6675262451171875,950,869
831,1,Fast,0.6475677490234375,949,446
832,1,Fast,0.8358983993530273,895,429
832,1,Fast,0.8337466716766357,924,482
832,1,Fast,0.8043563961982727,913,517
832,1,Fast,0.6150551438331604,949,444
832,1,Fast,0.5283589959144592,953,878
832,1,Fast,0.36598584055900574,767,652
833,1,Fast,0.8258216381072998,895,426
833,1,Fast,0.814491868019104,912,512
833,1,Fast,0.7691139578819275,923,480
833,1,Fast,0.6326002478599548,957,887
833,1,Fast,0.5199397802352905,979,670
833,2,Slow,0.47674962878227234,948,441
833,1,Fast,0.4028052091598511,768,654
834,1,Fast,0.818888783454895,894,423
834,1,Fast,0.8131474256515503,910,507
834,1,Fast,0.7882571816444397,922,476
834,1,Fast,0.76870197057724,961,898
834,1,Fast,0.663827121257782,975,665
834,1,Fast,0.5539523363113403,948,440
834,2,Slow,0.37528088688850403,948,440
835,1,Fast,0.8282510042190552,909,504
835,1,Fast,0.7998560667037964,921,472
835,1,Fast,0.7917954325675964,893,421
835,1,Fast,0.7889194488525391,965,909
835,1,Fast,0.6327304244041443,947,439
835,2,Slow,0.37888675928115845,947,439
836,1,Fast,0.8539855480194092,908,499
836,1,Fast,0.8415501713752747,969,918
836,1,Fast,0.8163484334945679,921,469
836,1,Fast,0.7760673761367798,892,418
836,2,Slow,0.43146249651908875,946,436
837,1,Fast,0.8171883821487427,974,931
837,1,Fast,0.8131393194198608,907,495
837,1,Fast,0.7864875197410583,891,415
837,1,Fast,0.7436966300010681,919,465
838,1,Fast,0.8516006469726562,905,491
838,1,Fast,0.8045555949211121,918,462
838,1,Fast,0.7454381585121155,979,942
838,1,Fast,0.734070360660553,890,413
838,1,Fast,0.335520476102829,945,432
839,1,Fast,0.8291319608688354,904,487
839,1,Fast,0.7663505673408508,917,459
839,1,Fast,0.758428156375885,889,410
839,1,Fast,0.6958267092704773,983,952
839,2,Slow,0.4873879849910736,944,431
840,1,Fast,0.8378709554672241,903,484
840,1,Fast,0.7705327272415161,916,455
840,1,Fast,0.7641191482543945,988,964
840,1,Fast,0.7626971006393433,890,407
840,1,Fast,0.6025394797325134,1244,1053
840,1,Fast,0.4427569508552551,774,676
840,1,Fast,0.3608415722846985,958,625
841,1,Fast,0.7893757820129395,902,480
841,1,Fast,0.7275182008743286,889,403
841,1,Fast,0.701300323009491,914,452
841,1,Fast,0.4171980917453766,956,619
841,1,Fast,0.39774855971336365,774,678
841,1,Fast,0.3851867616176605,834,458
842,1,Fast,0.8091733455657959,901,477
842,1,Fast,0.7746520042419434,889,401
842,1,Fast,0.7170668244361877,913,448
842,1,Fast,0.5775391459465027,835,462
842,1,Fast,0.48683375120162964,943,425
842,1,Fast,0.4762420654296875,776,681
842,1,Fast,0.33856508135795593,954,614
843,1,Fast,0.8036012053489685,888,399
843,1,Fast,0.8020206093788147,900,473
843,1,Fast,0.7840940952301025,1003,1001
843,1,Fast,0.7123560309410095,912,445
843,1,Fast,0.6701459288597107,777,685
843,1,Fast,0.6503011584281921,951,608
843,1,Fast,0.567094624042511,942,424
843,1,Fast,0.5030527710914612,1222,1022
843,1,Fast,0.4635528326034546,835,465
844,1,Fast,0.7693122029304504,887,396
844,1,Fast,0.7290999293327332,899,469
844,1,Fast,0.660247266292572,949,603
844,1,Fast,0.48287561535835266,779,688
844,1,Fast,0.4631221890449524,1009,1015
844,1,Fast,0.4574914872646332,1215,1012
844,1,Fast,0.3701362609863281,911,442
845,1,Fast,0.7542734146118164,886,394
845,1,Fast,0.681646466255188,898,465
845,1,Fast,0.6116271018981934,1209,1003
845,1,Fast,0.42806726694107056,1014,1027
845,1,Fast,0.4055919647216797,947,596
845,1,Fast,0.3586429953575134,909,439
845,1,Fast,0.31986793875694275,780,691
846,1,Fast,0.7752309441566467,897,460
846,1,Fast,0.6922719478607178,836,828
846,1,Fast,0.6746360659599304,886,392
846,1,Fast,0.5572658181190491,945,591
846,1,Fast,0.5455299615859985,1202,992
846,1,Fast,0.47097837924957275,1019,1041
846,1,Fast,0.40965476632118225,837,476
847,1,Fast,0.6487734317779541,1196,982
847,1,Fast,0.6327314376831055,896,457
847,1,Fast,0.44696328043937683,838,831
847,1,Fast,0.44432833790779114,943,586
847,1,Fast,0.4094108045101166,838,479
847,2,Slow,0.3084298372268677,939,417
848,1,Fast,0.7526718378067017,895,454
848,1,Fast,0.6088661551475525,1190,972
848,1,Fast,0.5428704023361206,885,386
848,2,Slow,0.5356251001358032,939,415
848,1,Fast,0.3885641098022461,838,483
848,1,Fast,0.33072659373283386,840,839
849,1,Fast,0.8116311430931091,784,705
849,1,Fast,0.6600656509399414,895,451
849,1,Fast,0.6266236901283264,1184,962
849,1,Fast,0.5720075368881226,905,425
849,1,Fast,0.4769419729709625,885,384
849,2,Slow,0.4448370039463043,939,413
849,1,Fast,0.3479563295841217,839,487
850,1,Fast,0.8343561291694641,786,708
850,1,Fast,0.7385843992233276,893,448
850,1,Fast,0.702705442905426,905,423
850,1,Fast,0.5639845132827759,840,490
850,1,Fast,0.48273223638534546,885,381
850,1,Fast,0.46684059500694275,1178,953
851,1,Fast,0.7862505912780762,787,712
851,1,Fast,0.7572415471076965,892,445
851,1,Fast,0.7094919085502625,934,564
851,1,Fast,0.6163445115089417,904,420
851,1,Fast,0.5454351305961609,841,494
851,1,Fast,0.5376421809196472,938,409
851,1,Fast,0.537070095539093,884,379
852,1,Fast,0.8527499437332153,932,560
852,1,Fast,0.8157781958580017,788,715
852,1,Fast,0.784168004989624,890,441
852,1,Fast,0.770835280418396,903,417
852,1,Fast,0.700322687625885,937,407
852,1,Fast,0.6401300430297852,883,377
852,1,Fast,0.5563322305679321,842,499
853,1,Fast,0.841806173324585,930,555
853,1,Fast,0.7729386687278748,789,719
853,1,Fast,0.7530282735824585,890,438
853,1,Fast,0.7454709410667419,902,414
853,1,Fast,0.4879777133464813,884,374
853,1,Fast,0.47847509384155273,842,502
853,1,Fast,0.33507147431373596,937,405
854,1,Fast,0.816308856010437,929,551
854,1,Fast,0.6990804672241211,790,722
854,1,Fast,0.6815050840377808,888,435
854,1,Fast,0.6511512398719788,901,412
854,1,Fast,0.41216638684272766,883,371
855,1,Fast,0.821846604347229,889,431
855,1,Fast,0.7871816754341125,927,546
855,1,Fast,0.6284129619598389,901,409
855,1,Fast,0.4312478005886078,882,370
856,1,Fast,0.8178457021713257,888,428
856,1,Fast,0.7058942914009094,926,541
856,1,Fast,0.588886559009552,881,367
856,1,Fast,0.49235594272613525,900,406
856,1,Fast,0.3513520359992981,1147,900
857,1,Fast,0.8350287079811096,887,424
857,1,Fast,0.5526613593101501,935,399
857,1,Fast,0.5238252282142639,900,403
857,1,Fast,0.5003335475921631,881,365
857,1,Fast,0.37408527731895447,924,536
857,1,Fast,0.36958691477775574,1142,893
858,1,Fast,0.8007084131240845,887,422
858,1,Fast,0.6318567991256714,859,897
858,1,Fast,0.5677616596221924,922,531
858,1,Fast,0.5340762138366699,899,400
858,1,Fast,0.5224389433860779,795,737
858,1,Fast,0.49650365114212036,881,363
858,1,Fast,0.40189021825790405,935,398
859,1,Fast,0.7864676713943481,796,740
859,1,Fast,0.7312849760055542,920,526
859,1,Fast,0.7186680436134338,886,420
859,1,Fast,0.7095467448234558,898,397
859,1,Fast,0.44473811984062195,861,902
859,1,Fast,0.43935900926589966,935,396
859,1,Fast,0.3890679180622101,881,361
860,1,Fast,0.7799791693687439,797,743
860,1,Fast,0.7707163095474243,919,522
860,1,Fast,0.7399545907974243,886,416
860,1,Fast,0.7284331917762756,897,394
860,1,Fast,0.6929650902748108,863,909
860,1,Fast,0.40923649072647095,934,395
860,1,Fast,0.35425862669944763,1127,868
860,1,Fast,0.33870527148246765,850,531
860,1,Fast,0.3063672184944153,881,358
861,1,Fast,0.7969449758529663,798,748
861,1,Fast,0.7454056143760681,885,414
861,1,Fast,0.7246469259262085,917,518
861,1,Fast,0.6755978465080261,897,392
861,1,Fast,0.5543842315673828,851,536
861,1,Fast,0.5379418134689331,934,393
861,1,Fast,0.5016689300537109,864,915
861,1,Fast,0.4659712314605713,881,356
862,1,Fast,0.8119356632232666,799,751
862,1,Fast,0.7247839570045471,852,540
862,1,Fast,0.7190943360328674,866,922
862,1,Fast,0.5999714136123657,884,410
862,1,Fast,0.5765796899795532,917,514
862,1,Fast,0.47209829092025757,880,353
863,1,Fast,0.8325845003128052,868,930
863,1,Fast,0.7817578911781311,801,755
863,1,Fast,0.6316644549369812,853,544
863,1,Fast,0.6018993258476257,883,407
863,1,Fast,0.5790229439735413,880,351
864,1,Fast,0.8547632694244385,870,936
864,1,Fast,0.7076430916786194,854,548
864,1,Fast,0.686364471912384,883,404
864,1,Fast,0.5487164258956909,803,758
864,1,Fast,0.4823019206523895,880,350
865,1,Fast,0.8146357536315918,872,942
865,1,Fast,0.6822250485420227,883,401
865,1,Fast,0.6482332944869995,855,552
865,1,Fast,0.5244534611701965,912,501
865,1,Fast,0.45411044359207153,880,348
865,1,Fast,0.3816702365875244,894,381
866,1,Fast,0.8119402527809143,857,557
866,1,Fast,0.7075349688529968,874,948
866,1,Fast,0.6333398818969727,883,398
866,1,Fast,0.42396873235702515,893,379
866,1,Fast,0.417360782623291,911,497
867,1,Fast,0.8317698836326599,858,562
867,1,Fast,0.7243242859840393,876,956
867,1,Fast,0.5645291805267334,882,395
867,1,Fast,0.45150572061538696,805,772
867,1,Fast,0.3588109314441681,909,492
868,1,Fast,0.8013756275177002,859,566
868,1,Fast,0.7248626351356506,878,962
868,1,Fast,0.5784672498703003,807,776
868,1,Fast,0.570839524269104,881,393
868,1,Fast,0.3729146122932434,891,372
869,1,Fast,0.8310099244117737,861,571
869,1,Fast,0.6577617526054382,880,390
869,1,Fast,0.498699426651001,890,371
869,1,Fast,0.4864520728588104,807,780
869,1,Fast,0.4772215485572815,881,969
869,1,Fast,0.40867680311203003,877,339
869,1,Fast,0.38141530752182007,1091,802
870,1,Fast,0.8324097990989685,862,576
870,1,Fast,0.6802512407302856,809,784
870,1,Fast,0.5115955471992493,890,369
870,1,Fast,0.4605066180229187,879,389
871,1,Fast,0.832514762878418,864,581
871,1,Fast,0.7638503909111023,810,788
871,1,Fast,0.4277099370956421,1081,789
871,1,Fast,0.4093678891658783,889,366
871,1,Fast,0.39610812067985535,879,386
871,1,Fast,0.3662547469139099,904,477
872,1,Fast,0.8130059838294983,865,587
872,1,Fast,0.811258852481842,811,792
872,1,Fast,0.6234619617462158,878,384
872,1,Fast,0.361489862203598,1077,782
872,1,Fast,0.3590157926082611,889,364
873,1,Fast,0.827572226524353,867,591
873,1,Fast,0.7866945266723633,813,796
873,1,Fast,0.6480477452278137,902,470
873,1,Fast,0.49256473779678345,877,381
874,1,Fast,0.8332328796386719,869,596
874,1,Fast,0.7912588119506836,815,800
874,1,Fast,0.5915601253509521,901,466
874,1,Fast,0.3534602224826813,877,378
875,1,Fast,0.8385433554649353,870,603
875,1,Fast,0.7508101463317871,817,805
875,1,Fast,0.718219518661499,900,462
876,1,Fast,0.8239046931266785,871,607
876,1,Fast,0.7822030186653137,818,810
876,1,Fast,0.683052122592926,900,458
877,1,Fast,0.8570931553840637,873,613
877,1,Fast,0.8077581524848938,820,816
877,1,Fast,0.7081578373908997,900,454
877,1,Fast,0.3015289008617401,875,370
878,1,Fast,0.8641458749771118,874,619
878,1,Fast,0.8465132713317871,820,820
878,1,Fast,0.46886566281318665,874,368
878,1,Fast,0.37701526284217834,898,451
879,1,Fast,0.8686251044273376,876,624
879,1,Fast,0.8659393191337585,821,825
879,1,Fast,0.6989031434059143,875,365
879,1,Fast,0.36406826972961426,898,448
880,1,Fast,0.8593588471412659,822,829
880,1,Fast,0.8449465036392212,878,630
880,1,Fast,0.6456297636032104,874,363
880,1,Fast,0.467852383852005,896,445
881,1,Fast,0.8558035492897034,823,833
881,1,Fast,0.8264510035514832,880,635
881,1,Fast,0.4217476546764374,874,361
882,1,Fast,0.860897958278656,824,838
882,1,Fast,0.8312070369720459,882,641
882,1,Fast,0.31435835361480713,894,438
883,1,Fast,0.860341489315033,825,841
883,1,Fast,0.8551124930381775,884,647
884,1,Fast,0.8645930886268616,827,847
884,1,Fast,0.8498899340629578,886,654
885,1,Fast,0.8665648102760315,888,660
885,1,Fast,0.8637222051620483,829,853
885,1,Fast,0.3104904890060425,891,428
886,1,Fast,0.8559992909431458,890,666
886,1,Fast,0.8549407124519348,831,859
886,1,Fast,0.6197890639305115,890,425
887,1,Fast,0.8802008628845215,892,672
887,1,Fast,0.8527504205703735,833,864
888,1,Fast,0.866086483001709,834,870
888,1,Fast,0.8600770235061646,894,679
889,1,Fast,0.865152895450592,835,874
889,1,Fast,0.8520584106445312,895,686
890,1,Fast,0.8693811893463135,837,879
890,1,Fast,0.8553187847137451,898,692
891,1,Fast,0.8682703971862793,838,884
891,1,Fast,0.8329949378967285,900,700
891,1,Fast,0.3162096440792084,885,409
892,1,Fast,0.8767566680908203,841,889
892,1,Fast,0.8553749322891235,902,707
893,1,Fast,0.8678010702133179,843,895
893,1,Fast,0.8325639367103577,905,714
894,1,Fast,0.8631548285484314,846,901
894,1,Fast,0.7149791717529297,908,721
895,1,Fast,0.860537052154541,847,908
895,1,Fast,0.7893506288528442,910,728
896,1,Fast,0.8605310320854187,848,913
896,1,Fast,0.8314469456672668,913,737
897,1,Fast,0.8622350692749023,850,919
897,1,Fast,0.8271152377128601,916,744
898,1,Fast,0.8672022819519043,851,925
898,1,Fast,0.84212726354599,918,752
899,1,Fast,0.8590796589851379,854,930
899,1,Fast,0.823682963848114,921,759
900,1,Fast,0.8667608499526978,856,937
900,1,Fast,0.8510659337043762,924,768
901,1,Fast,0.8670309782028198,858,942
901,1,Fast,0.8435077667236328,927,777
902,1,Fast,0.8520711660385132,861,949
902,1,Fast,0.8410971760749817,930,786
903,1,Fast,0.838677704334259,862,956
903,1,Fast,0.8308374285697937,934,793
903,1,Fast,0.30598655343055725,880,377
904,1,Fast,0.8287312984466553,864,962
904,1,Fast,0.8104958534240723,936,802
904,1,Fast,0.3179232180118561,880,374
905,1,Fast,0.8528650999069214,866,969
905,1,Fast,0.8151557445526123,940,810
906,1,Fast,0.8533328175544739,943,820
906,1,Fast,0.842276930809021,869,975
907,1,Fast,0.8241307139396667,946,829
907,1,Fast,0.8199619054794312,872,982
908,1,Fast,0.8414453268051147,874,989
908,1,Fast,0.8215396404266357,950,838
909,1,Fast,0.8576188683509827,876,996
909,1,Fast,0.8089088201522827,954,847
910,1,Fast,0.8536924123764038,878,1003
910,1,Fast,0.8260416984558105,958,858
911,1,Fast,0.853674590587616,881,1010
911,1,Fast,0.8244444131851196,962,868
912,1,Fast,0.8512582778930664,883,1018
912,1,Fast,0.6809157133102417,966,878
913,1,Fast,0.8273283243179321,885,1026
913,1,Fast,0.640528678894043,970,888
914,1,Fast,0.8367878198623657,887,1032
914,1,Fast,0.816929280757904,974,899
915,1,Fast,0.7904189229011536,978,909
915,1,Fast,0.7660426497459412,890,1040
916,1,Fast,0.8229638338088989,983,920
916,1,Fast,0.7833449840545654,893,1046
917,1,Fast,0.8597542643547058,987,931
917,1,Fast,0.7689439058303833,896,1051
918,1,Fast,0.8055533170700073,992,943
918,1,Fast,0.5738297700881958,900,1055
919,1,Fast,0.7218130826950073,997,954
919,1,Fast,0.4995950162410736,903,1059
920,1,Fast,0.7564404606819153,1002,966
920,1,Fast,0.35252562165260315,908,1063
921,1,Fast,0.6610443592071533,1007,979
921,1,Fast,0.40606358647346497,912,1067
922,1,Fast,0.716882586479187,1013,991
923,1,Fast,0.8558118939399719,1018,1004
924,1,Fast,0.6407789587974548,1024,1018
925,1,Fast,0.6512500047683716,1031,1031
926,1,Fast,0.5136556029319763,1036,1044
933,1,Fast,0.5023226737976074,1199,1010
934,1,Fast,0.6059520840644836,1193,999
935,1,Fast,0.48606398701667786,1185,988
936,1,Fast,0.5732911825180054,805,477
936,1,Fast,0.4725727140903473,1179,977
937,1,Fast,0.6594989895820618,805,480
937,1,Fast,0.4407808184623718,1173,966
938,1,Fast,0.45571041107177734,806,483
938,1,Fast,0.43329474329948425,1167,956
939,1,Fast,0.4740171730518341,807,486
940,1,Fast,0.6577823162078857,807,488
940,1,Fast,0.5061892867088318,1155,935
941,1,Fast,0.6957175135612488,807,492
941,1,Fast,0.39268407225608826,1148,927
942,1,Fast,0.690109133720398,808,494
942,1,Fast,0.31760111451148987,875,294
943,1,Fast,0.6207141876220703,808,496
943,1,Fast,0.3488721251487732,1139,908
944,1,Fast,0.38437241315841675,808,499
945,1,Fast,0.4499521851539612,807,502
946,1,Fast,0.662822425365448,1124,881
947,1,Fast,0.5868255496025085,1118,872
947,1,Fast,0.5600742697715759,809,508
948,1,Fast,0.5175799131393433,810,511
949,1,Fast,0.5694164037704468,810,514
950,1,Fast,0.6967270374298096,811,518
950,1,Fast,0.4254322350025177,1104,846
950,2,Slow,0.32204896211624146,923,458
951,1,Fast,0.7281017899513245,811,521
952,1,Fast,0.6111965775489807,811,523
952,1,Fast,0.48433148860931396,837,494
953,1,Fast,0.7063813805580139,812,527
954,1,Fast,0.6469801068305969,812,530
955,1,Fast,0.5560092926025391,813,534
956,1,Fast,0.567958414554596,814,537
956,2,Slow,0.513379693031311,918,442
957,1,Fast,0.6090435981750488,816,541
957,1,Fast,0.5063353776931763,1074,792
957,2,Slow,0.4876983165740967,917,440
958,2,Slow,0.5436263084411621,916,438
959,1,Fast,0.7055494785308838,816,547
959,1,Fast,0.42931485176086426,844,519
959,2,Slow,0.42021048069000244,915,435
960,1,Fast,0.6788003444671631,817,550
960,1,Fast,0.6341040134429932,981,925
961,1,Fast,0.6833423376083374,818,553
961,1,Fast,0.6612898111343384,986,937
961,2,Slow,0.5405702590942383,914,430
961,2,Slow,0.3942885100841522,846,525
962,1,Fast,0.6895257234573364,818,558
962,2,Slow,0.5216628909111023,848,529
962,2,Slow,0.48331430554389954,914,428
963,1,Fast,0.6966859102249146,819,561
963,2,Slow,0.4937356412410736,849,533
964,1,Fast,0.474647581577301,819,564
965,1,Fast,0.5306189656257629,821,570
966,1,Fast,0.41206449270248413,823,575
967,1,Fast,0.5910226702690125,823,578
968,1,Fast,0.5535292029380798,824,580
968,1,Fast,0.3848484456539154,1034,719
969,1,Fast,0.6353859305381775,826,585
969,1,Fast,0.35062938928604126,776,475
970,1,Fast,0.6251201033592224,827,590
970,1,Fast,0.43746909499168396,1028,706
970,1,Fast,0.42747631669044495,777,478
971,1,Fast,0.6549007296562195,827,593
971,1,Fast,0.5686778426170349,777,480
972,1,Fast,0.6584814190864563,828,597
972,1,Fast,0.6413736343383789,777,483
973,1,Fast,0.7138065695762634,777,486
973,1,Fast,0.6410568356513977,829,602
974,1,Fast,0.815129280090332,778,489
974,1,Fast,0.744867742061615,830,607
975,1,Fast,0.6423641443252563,778,491
975,1,Fast,0.5798700451850891,830,610
975,1,Fast,0.3792135715484619,1015,677
976,1,Fast,0.5249426960945129,778,494
976,1,Fast,0.373066246509552,831,615
977,1,Fast,0.49650460481643677,778,497
977,1,Fast,0.48908597230911255,833,619
978,1,Fast,0.6815632581710815,778,499
979,1,Fast,0.770175039768219,778,502
979,1,Fast,0.3333040773868561,836,627
979,1,Fast,0.3086192309856415,1191,1066
980,1,Fast,0.7269150614738464,778,504
980,1,Fast,0.6618248820304871,836,633
981,1,Fast,0.7148228883743286,838,637
981,1,Fast,0.6984171867370605,1254,1057
981,1,Fast,0.6856703758239746,780,507
981,1,Fast,0.6360727548599243,1167,1051
982,1,Fast,0.8132936954498291,1244,1053
982,1,Fast,0.7582851648330688,839,641
982,1,Fast,0.7474524974822998,781,510
982,1,Fast,0.7382540702819824,1160,1040
983,1,Fast,0.7950559854507446,781,512
983,1,Fast,0.7656422853469849,1152,1028
983,1,Fast,0.7579540014266968,841,646
983,1,Fast,0.6055960655212402,1238,1044
984,1,Fast,0.8285536170005798,1145,1015
984,1,Fast,0.8222047686576843,782,515
984,1,Fast,0.7672358155250549,842,650
984,1,Fast,0.6148039698600769,1233,1035
985,1,Fast,0.8237135410308838,782,519
985,1,Fast,0.7700861096382141,1139,1004
985,1,Fast,0.7446490526199341,843,655
985,1,Fast,0.5967327952384949,1227,1025
986,1,Fast,0.7970927953720093,1132,991
986,1,Fast,0.7908542156219482,844,660
986,1,Fast,0.7779262065887451,782,522
986,1,Fast,0.42551523447036743,1221,1015
987,1,Fast,0.7876985669136047,845,664
987,1,Fast,0.7837391495704651,1126,980
987,1,Fast,0.781656801700592,782,524
987,1,Fast,0.733786940574646,1216,1006
987,1,Fast,0.4633413553237915,986,616
988,1,Fast,0.7995390892028809,1121,969
988,1,Fast,0.7902745604515076,1210,997
988,1,Fast,0.7240798473358154,847,669
988,1,Fast,0.7239754796028137,782,528
989,1,Fast,0.8281888365745544,1114,958
989,1,Fast,0.8166183829307556,1204,988
989,1,Fast,0.7178769707679749,782,531
989,1,Fast,0.6349791288375854,848,674
990,1,Fast,0.8758791089057922,1199,980
990,1,Fast,0.8330853581428528,1109,947
990,1,Fast,0.7610040307044983,783,534
990,1,Fast,0.664557933807373,849,679
991,1,Fast,0.8019724488258362,1103,936
991,1,Fast,0.7582176923751831,1194,971
991,1,Fast,0.627249538898468,851,685
991,1,Fast,0.41563522815704346,783,537
992,1,Fast,0.8368824124336243,1098,926
992,1,Fast,0.8119458556175232,1189,963
992,1,Fast,0.6465717554092407,784,539
992,1,Fast,0.6200704574584961,852,691
993,1,Fast,0.8659657835960388,1093,915
993,1,Fast,0.7801718711853027,1184,954
993,1,Fast,0.7322497963905334,854,696
993,1,Fast,0.5039932131767273,785,543
994,1,Fast,0.8248630166053772,1179,948
994,1,Fast,0.7960544228553772,1087,906
994,1,Fast,0.7209959626197815,786,546
994,1,Fast,0.6647477746009827,856,701
995,1,Fast,0.7346292734146118,1082,897
995,1,Fast,0.6695250272750854,786,548
995,1,Fast,0.5847658514976501,857,707
995,1,Fast,0.3050461411476135,1174,940
996,1,Fast,0.8311390280723572,1077,887
996,1,Fast,0.7574774026870728,858,712
996,1,Fast,0.6975340247154236,787,551
996,1,Fast,0.42495277523994446,1170,932
997,1,Fast,0.7490473985671997,1072,878
997,1,Fast,0.7329427599906921,788,554
997,1,Fast,0.6484370231628418,859,718
998,1,Fast,0.7911272644996643,789,557
998,1,Fast,0.76736980676651,1067,868
998,1,Fast,0.6949411034584045,861,724
999,1,Fast,0.7972855567932129,789,561
999,1,Fast,0.7873226404190063,1063,859
999,1,Fast,0.7367281317710876,863,729
1000,1,Fast,0.80919349193573,790,564
1000,1,Fast,0.6481142640113831,1059,850
1000,1,Fast,0.5848154425621033,1239,1055
1001,1,Fast,0.8178530931472778,1229,1050
1001,1,Fast,0.7897006869316101,790,568
1001,1,Fast,0.7427111864089966,1148,892
1001,1,Fast,0.7286645770072937,1053,841
1001,1,Fast,0.6244205236434937,866,742
1001,1,Fast,0.5020558834075928,959,556
1002,1,Fast,0.8487396240234375,1222,1041
1002,1,Fast,0.782921314239502,790,571
1002,1,Fast,0.7531676292419434,1143,884
1002,1,Fast,0.7134251594543457,1049,832
1002,1,Fast,0.4784798324108124,868,748
1003,1,Fast,0.8733275532722473,1217,1031
1003,1,Fast,0.8012848496437073,790,575
1003,1,Fast,0.6991288661956787,1138,877
1003,1,Fast,0.6837093234062195,1045,824
1003,1,Fast,0.6537528038024902,869,754
1003,1,Fast,0.4771135151386261,956,548
1004,1,Fast,0.8389739990234375,1211,1020
1004,1,Fast,0.7961885333061218,791,579
1004,1,Fast,0.6327547430992126,1134,870
1004,1,Fast,0.6306265592575073,872,759
1004,1,Fast,0.6154987215995789,1041,816
1005,1,Fast,0.8376264572143555,1205,1011
1005,1,Fast,0.7380922436714172,792,583
1005,1,Fast,0.7335944771766663,1130,863
1005,1,Fast,0.5039867758750916,874,764
1005,1,Fast,0.40731269121170044,1036,807
1006,1,Fast,0.8609215617179871,1199,1001
1006,1,Fast,0.8157679438591003,1126,857
1006,1,Fast,0.7804599404335022,792,587
1006,1,Fast,0.7783045768737793,1032,799
1006,1,Fast,0.45878878235816956,876,770
1007,1,Fast,0.774297833442688,1193,992
1007,1,Fast,0.7068166732788086,793,591
1007,1,Fast,0.6985198855400085,1029,791
1007,1,Fast,0.45012959837913513,1123,850
1008,1,Fast,0.8518403172492981,1187,983
1008,1,Fast,0.8238295912742615,1025,784
1008,1,Fast,0.7242058515548706,794,596
1008,1,Fast,0.5411028861999512,949,528
1008,1,Fast,0.5348417162895203,1119,844
1009,1,Fast,0.8537814021110535,1182,974
1009,1,Fast,0.7389881610870361,795,598
1009,1,Fast,0.7295984029769897,1021,776
1009,1,Fast,0.6225969195365906,948,525
1010,1,Fast,0.8420159816741943,1177,966
1010,1,Fast,0.8237714767456055,1017,769
1010,1,Fast,0.722557544708252,796,601
1010,1,Fast,0.5082758665084839,946,521
1011,1,Fast,0.8251562118530273,1172,957
1011,1,Fast,0.7055497169494629,1013,761
1011,1,Fast,0.6722131967544556,797,604
1011,1,Fast,0.6670517325401306,886,803
1011,1,Fast,0.5571394562721252,945,518
1012,1,Fast,0.8582866787910461,1168,949
1012,1,Fast,0.8098261952400208,887,811
1012,1,Fast,0.5536754131317139,1009,754
1012,1,Fast,0.445025235414505,797,609
1012,1,Fast,0.3613581955432892,944,514
1013,1,Fast,0.8389058709144592,1163,941
1013,1,Fast,0.830784797668457,889,817
1013,1,Fast,0.7694860696792603,797,612
1013,1,Fast,0.4388536214828491,1006,747
1013,1,Fast,0.3563532531261444,1101,809
1013,1,Fast,0.3029533624649048,943,511
1014,1,Fast,0.8510766625404358,1158,932
1014,1,Fast,0.8430108428001404,891,823
1014,1,Fast,0.7546078562736511,798,617
1014,1,Fast,0.6569619178771973,1002,740
1014,1,Fast,0.62543785572052,1098,805
1015,1,Fast,0.8828206658363342,1153,923
1015,1,Fast,0.8121522068977356,798,621
1015,1,Fast,0.804729163646698,893,830
1015,1,Fast,0.569717288017273,1094,799
1016,1,Fast,0.8671220541000366,1148,915
1016,1,Fast,0.8367453217506409,895,838
1016,1,Fast,0.8134011626243591,799,624
1016,1,Fast,0.4404880702495575,1090,792
1016,1,Fast,0.3892320692539215,997,727
1017,1,Fast,0.8092195987701416,897,844
1017,1,Fast,0.7994881868362427,1144,907
1017,1,Fast,0.7593078017234802,799,628
1017,1,Fast,0.630847692489624,1086,786
1018,1,Fast,0.8278433680534363,900,852
1018,1,Fast,0.8104985356330872,1139,900
1018,1,Fast,0.6934043765068054,800,631
1018,1,Fast,0.6822808980941772,1084,779
1018,1,Fast,0.3773362636566162,936,493
1018,1,Fast,0.3742292821407318,991,713
1019,1,Fast,0.8272742629051208,1134,891
1019,1,Fast,0.7871164083480835,903,859
1019,1,Fast,0.7468967437744141,801,636
1019,1,Fast,0.5716138482093811,988,706
1020,1,Fast,0.8600866794586182,1130,884
1020,1,Fast,0.7954055666923523,905,868
1020,1,Fast,0.7606926560401917,802,639
1020,1,Fast,0.4831201732158661,933,487
1020,1,Fast,0.413728803396225,1078,769
1020,1,Fast,0.31591904163360596,985,699
1021,1,Fast,0.8492908477783203,1126,876
1021,1,Fast,0.6660408973693848,908,875
1021,1,Fast,0.4993724226951599,802,643
1021,1,Fast,0.4610537886619568,982,693
1021,1,Fast,0.31749477982521057,1075,764
1022,1,Fast,0.8526840209960938,1121,869
1022,1,Fast,0.5055389404296875,911,884
1022,1,Fast,0.3185199499130249,803,647
1022,1,Fast,0.31783387064933777,980,686
1023,1,Fast,0.8313634991645813,1117,862
1023,1,Fast,0.743487536907196,913,892
1023,1,Fast,0.7155177593231201,1069,753
1023,1,Fast,0.6548729538917542,804,652
1023,1,Fast,0.33982524275779724,977,681
1024,1,Fast,0.817218005657196,916,900
1024,1,Fast,0.8116182684898376,1114,856
1024,1,Fast,0.7732665538787842,805,655
1024,1,Fast,0.5080356597900391,974,675
1025,1,Fast,0.8258780837059021,1109,849
1025,1,Fast,0.8057838678359985,918,908
1025,1,Fast,0.6942314505577087,806,659
1025,1,Fast,0.5389453172683716,928,472
1026,1,Fast,0.8392008543014526,1105,842
1026,1,Fast,0.811617374420166,806,664
1026,1,Fast,0.7797866463661194,921,917
1026,1,Fast,0.4898008704185486,928,469
1027,1,Fast,0.8192242980003357,1102,835
1027,1,Fast,0.8175004720687866,807,669
1027,1,Fast,0.6599946022033691,923,926
1027,1,Fast,0.6177462339401245,927,466
1027,1,Fast,0.464065819978714,1056,730
1027,1,Fast,0.30967459082603455,1188,1065
1027,1,Fast,0.308430939912796,966,657
1028,1,Fast,0.8421269655227661,1098,828
1028,1,Fast,0.8118747472763062,808,673
1028,1,Fast,0.7451876401901245,1179,1059
1028,1,Fast,0.7392908334732056,926,933
1028,1,Fast,0.6181953549385071,1055,727
1028,1,Fast,0.4090366065502167,927,463
1028,1,Fast,0.318462073802948,964,652
1029,1,Fast,0.8668963313102722,1095,821
1029,1,Fast,0.8428484797477722,809,678
1029,1,Fast,0.8039214015007019,929,943
1029,1,Fast,0.7717258930206299,1170,1053
1029,1,Fast,0.7055001854896545,1051,721
1029,1,Fast,0.49890732765197754,961,646
1029,1,Fast,0.3582172989845276,925,460
1030,1,Fast,0.835218071937561,1091,815
1030,1,Fast,0.8251867294311523,810,682
1030,1,Fast,0.7619113326072693,1048,716
1030,1,Fast,0.747326672077179,1165,1046
1030,1,Fast,0.7454700469970703,932,952
1030,1,Fast,0.4444008469581604,959,640
1030,1,Fast,0.33038657903671265,924,456
1031,1,Fast,0.8413700461387634,811,687
1031,1,Fast,0.7884202003479004,1087,808
1031,1,Fast,0.7836224436759949,936,960
1031,1,Fast,0.715540885925293,1157,1033
1031,1,Fast,0.6933484673500061,1045,711
1031,1,Fast,0.43689465522766113,956,634
1032,1,Fast,0.8505535125732422,812,691
1032,1,Fast,0.8335984349250793,1231,1030
1032,1,Fast,0.8199682235717773,1151,1021
1032,1,Fast,0.7540334463119507,1083,802
1032,1,Fast,0.6541170477867126,939,970
1032,1,Fast,0.6414346694946289,1041,706
1032,1,Fast,0.46295079588890076,955,629
1033,1,Fast,0.8443874716758728,813,696
1033,1,Fast,0.8434213399887085,1226,1020
1033,1,Fast,0.8408119678497314,1079,795
1033,1,Fast,0.7404248118400574,1144,1010
1033,1,Fast,0.5447716116905212,1039,701
1033,1,Fast,0.45495808124542236,952,623
1033,1,Fast,0.34268471598625183,944,979
1034,1,Fast,0.854108452796936,1220,1011
1034,1,Fast,0.823999285697937,1076,789
1034,1,Fast,0.81736159324646,814,700
1034,1,Fast,0.6841220259666443,1138,1000
1034,1,Fast,0.5872054696083069,951,617
1034,1,Fast,0.38074544072151184,1037,697
1034,1,Fast,0.3697545826435089,946,989
1035,1,Fast,0.8663155436515808,1215,1001
1035,1,Fast,0.8368228673934937,815,705
1035,1,Fast,0.8187794089317322,1072,782
1035,1,Fast,0.67169189453125,949,998
1035,1,Fast,0.6269029974937439,949,613
1035,1,Fast,0.594884991645813,1133,989
1035,1,Fast,0.39401352405548096,1035,692
1036,1,Fast,0.8378323316574097,816,711
1036,1,Fast,0.8281384110450745,1070,777
1036,1,Fast,0.7965317964553833,1128,980
1036,1,Fast,0.6209700703620911,952,1008
1036,1,Fast,0.5955646634101868,946,608
1036,1,Fast,0.49257734417915344,1208,992
1037,1,Fast,0.8615277409553528,817,716
1037,1,Fast,0.8595396876335144,1067,772
1037,1,Fast,0.8220778107643127,1122,970
1037,1,Fast,0.8185785412788391,956,1019
1037,1,Fast,0.5976486802101135,944,603
1037,1,Fast,0.5270348191261292,1203,982
1038,1,Fast,0.8718385100364685,1063,766
1038,1,Fast,0.8485477566719055,819,721
1038,1,Fast,0.8207001090049744,960,1029
1038,1,Fast,0.557740330696106,942,599
1038,1,Fast,0.5199828743934631,1197,973
1038,1,Fast,0.4858362376689911,1117,959
1039,1,Fast,0.8556647896766663,819,725
1039,1,Fast,0.852238118648529,1060,760
1039,1,Fast,0.7513172626495361,940,593
1039,1,Fast,0.7350830435752869,1111,949
1040,1,Fast,0.8520442247390747,820,730
1040,1,Fast,0.8296414017677307,1057,754
1040,1,Fast,0.8109202980995178,939,588
1040,1,Fast,0.735660195350647,1105,939
1040,1,Fast,0.4414472281932831,969,1048
1040,1,Fast,0.4071197509765625,1023,667
1041,1,Fast,0.8464305400848389,821,736
1041,1,Fast,0.8318191766738892,1054,748
1041,1,Fast,0.7808281779289246,937,583
1041,1,Fast,0.6671739220619202,1021,664
1041,1,Fast,0.42185768485069275,1101,929
1042,1,Fast,0.8406280279159546,823,741
1042,1,Fast,0.8040369749069214,935,578
1042,1,Fast,0.7797625660896301,1051,743
1042,1,Fast,0.6209271550178528,1096,920
1042,1,Fast,0.42166462540626526,1018,660
1043,1,Fast,0.841086208820343,823,746
1043,1,Fast,0.7845435738563538,1049,738
1043,1,Fast,0.7580458521842957,933,574
1043,1,Fast,0.5690649151802063,1015,655
1043,1,Fast,0.5638293027877808,982,1065
1044,1,Fast,0.8514975309371948,825,752
1044,1,Fast,0.7431728839874268,931,569
1044,1,Fast,0.7408320307731628,1046,732
1044,1,Fast,0.5823029279708862,1087,901
1044,1,Fast,0.46414244174957275,1013,650
1045,1,Fast,0.8348900675773621,826,758
1045,1,Fast,0.7634339928627014,1043,727
1045,1,Fast,0.7202637791633606,929,565
1045,1,Fast,0.6532720923423767,1011,646
1045,1,Fast,0.3264460861682892,1081,893
1046,1,Fast,0.8558914065361023,827,763
1046,1,Fast,0.8223444819450378,1040,721
1046,1,Fast,0.7489218711853027,927,560
1046,1,Fast,0.6508030295372009,1009,642
1046,1,Fast,0.3662109076976776,1157,904
1047,1,Fast,0.85236656665802,828,768
1047,1,Fast,0.8293889164924622,1037,716
1047,1,Fast,0.766194760799408,926,556
1047,1,Fast,0.5886314511299133,1007,637
1047,1,Fast,0.4237954616546631,1153,896
1048,1,Fast,0.8444548845291138,830,774
1048,1,Fast,0.831175684928894,1034,711
1048,1,Fast,0.728890597820282,924,551
1048,1,Fast,0.6620684266090393,1005,633
1048,1,Fast,0.6299015283584595,1069,866
1049,1,Fast,0.8772940039634705,831,780
1049,1,Fast,0.8586824536323547,1032,706
1049,1,Fast,0.7511072754859924,1065,859
1049,1,Fast,0.7473238110542297,923,547
1049,1,Fast,0.6371833682060242,1003,629
1050,1,Fast,0.8684918284416199,833,786
1050,1,Fast,0.853830873966217,1029,701
1050,1,Fast,0.7861319184303284,1061,849
1050,1,Fast,0.7323217391967773,921,543
1050,1,Fast,0.5919738411903381,1001,625
1051,1,Fast,0.8659954071044922,834,791
1051,1,Fast,0.8263266086578369,1027,696
1051,1,Fast,0.708479106426239,920,539
1051,1,Fast,0.607901394367218,1000,621
1051,1,Fast,0.570225179195404,1057,842
1052,1,Fast,0.8655288815498352,835,796
1052,1,Fast,0.833794355392456,1024,691
1052,1,Fast,0.7118009924888611,919,535
1052,1,Fast,0.43908655643463135,998,616
1052,1,Fast,0.37981274724006653,818,570
1053,1,Fast,0.8583360314369202,837,802
1053,1,Fast,0.8333836197853088,1022,686
1053,1,Fast,0.7743391394615173,917,531
1053,1,Fast,0.7040621638298035,819,575
1053,1,Fast,0.6135097742080688,996,613
1054,1,Fast,0.8668691515922546,839,809
1054,1,Fast,0.8291106224060059,1019,681
1054,1,Fast,0.7659556269645691,916,526
1054,1,Fast,0.7316759824752808,994,609
1054,1,Fast,0.6099283695220947,820,579
1055,1,Fast,0.8639740943908691,840,815
1055,1,Fast,0.7885848879814148,915,522
1055,1,Fast,0.7824299335479736,1017,677
1055,1,Fast,0.7438523769378662,992,606
1055,1,Fast,0.3755970895290375,821,584
1056,1,Fast,0.8650843501091003,841,821
1056,1,Fast,0.7441900372505188,990,602
1056,1,Fast,0.6930111646652222,1015,672
1056,1,Fast,0.6879691481590271,913,518
1056,1,Fast,0.6036014556884766,1037,803
1056,1,Fast,0.46521520614624023,822,589
1057,1,Fast,0.8689545392990112,842,827
1057,1,Fast,0.7705122232437134,912,514
1057,1,Fast,0.7393772006034851,988,599
1057,1,Fast,0.6656674146652222,1012,668
1057,1,Fast,0.4347650110721588,823,595
1058,1,Fast,0.8685302138328552,844,834
1058,1,Fast,0.7655166387557983,1105,814
1058,1,Fast,0.7392005920410156,986,595
1058,1,Fast,0.7381473779678345,911,510
1058,1,Fast,0.6104289889335632,1010,664
1058,1,Fast,0.4472424387931824,823,598
1058,1,Fast,0.32714349031448364,1030,789
1059,1,Fast,0.8692366480827332,846,840
1059,1,Fast,0.7581984996795654,1007,659
1059,1,Fast,0.7534111738204956,909,507
1059,1,Fast,0.6304560899734497,985,591
1059,1,Fast,0.3775045871734619,1102,808
1060,1,Fast,0.8695980310440063,848,847
1060,1,Fast,0.7642317414283752,1005,655
1060,1,Fast,0.7235199213027954,908,503
1060,1,Fast,0.602724015712738,983,587
1061,1,Fast,0.8760602474212646,849,853
1061,1,Fast,0.7683022022247314,908,499
1061,1,Fast,0.7523645162582397,1003,649
1061,1,Fast,0.6460403203964233,981,584
1062,1,Fast,0.8690990805625916,851,860
1062,1,Fast,0.7711383700370789,1001,645
1062,1,Fast,0.7407866716384888,906,496
1062,1,Fast,0.7017940878868103,979,580
1062,1,Fast,0.5725375413894653,1089,787
1063,1,Fast,0.8703393936157227,854,867
1063,1,Fast,0.8250648379325867,905,491
1063,1,Fast,0.7857725620269775,978,578
1063,1,Fast,0.7617462277412415,998,641
1063,1,Fast,0.5783495903015137,829,621
1064,1,Fast,0.8745684027671814,856,874
1064,1,Fast,0.8369190692901611,904,488
1064,1,Fast,0.785222053527832,996,636
1064,1,Fast,0.6131501793861389,830,627
1064,1,Fast,0.48048892617225647,977,573
1065,1,Fast,0.8773260116577148,858,881
1065,1,Fast,0.8444774746894836,995,632
1065,1,Fast,0.834629476070404,903,484
1065,1,Fast,0.6348803043365479,832,632
1065,1,Fast,0.6245800256729126,976,570
1066,1,Fast,0.8695322275161743,860,888
1066,1,Fast,0.8122168183326721,993,628
1066,1,Fast,0.786243200302124,902,482
1066,1,Fast,0.7046296000480652,833,637
1066,1,Fast,0.46365225315093994,974,564
1067,1,Fast,0.867858350276947,862,895
1067,1,Fast,0.8175733089447021,991,624
1067,1,Fast,0.7891029715538025,901,478
1067,1,Fast,0.7243922352790833,973,562
1067,1,Fast,0.4528045356273651,834,642
1068,1,Fast,0.8792318105697632,864,902
1068,1,Fast,0.808542013168335,989,619
1068,1,Fast,0.7147400379180908,971,559
1068,1,Fast,0.6377943158149719,900,475
1068,1,Fast,0.4613066017627716,836,648
1069,1,Fast,0.8809466361999512,866,910
1069,1,Fast,0.7704015374183655,987,616
1069,1,Fast,0.7510666847229004,898,471
1069,1,Fast,0.6517482995986938,837,652
1069,1,Fast,0.6348824501037598,970,557
1070,1,Fast,0.873646080493927,868,917
1070,1,Fast,0.769863486289978,897,468
1070,1,Fast,0.7261685132980347,839,657
1070,1,Fast,0.6732155680656433,968,553
1070,1,Fast,0.6520670652389526,986,612
1070,1,Fast,0.35968345403671265,993,710
1071,1,Fast,0.8801267743110657,870,926
1071,1,Fast,0.757622480392456,841,663
1071,1,Fast,0.7518681287765503,897,465
1071,1,Fast,0.749761700630188,983,608
1071,1,Fast,0.6411067247390747,966,550
1071,1,Fast,0.3688938021659851,1062,734
1071,1,Fast,0.303453654050827,990,705
1072,1,Fast,0.8812571167945862,873,933
1072,1,Fast,0.8077163696289062,965,547
1072,1,Fast,0.798626720905304,895,461
1072,1,Fast,0.7860402464866638,842,669
1072,1,Fast,0.7469225525856018,981,605
1072,1,Fast,0.6039665341377258,1058,729
1073,1,Fast,0.8636123538017273,875,941
1073,1,Fast,0.8294798731803894,895,458
1073,1,Fast,0.8042335510253906,964,543
1073,1,Fast,0.742649257183075,979,601
1073,1,Fast,0.6875216364860535,1055,723
1073,1,Fast,0.6860706806182861,844,674
1074,1,Fast,0.8584169745445251,877,948
1074,1,Fast,0.8262914419174194,894,455
1074,1,Fast,0.778978705406189,846,680
1074,1,Fast,0.7716180682182312,978,597
1074,1,Fast,0.7631243467330933,962,541
1075,1,Fast,0.8652384877204895,879,957
1075,1,Fast,0.8201259970664978,976,593
1075,1,Fast,0.7938582301139832,847,686
1075,1,Fast,0.7786300778388977,893,451
1075,1,Fast,0.7379886507987976,979,680
1075,1,Fast,0.5083901286125183,961,537
1076,1,Fast,0.8761391043663025,882,965
1076,1,Fast,0.8515170812606812,975,589
1076,1,Fast,0.7738531827926636,892,448
1076,1,Fast,0.7682014107704163,849,692
1076,1,Fast,0.6999354362487793,960,534
1077,1,Fast,0.8733583688735962,884,973
1077,1,Fast,0.8376526832580566,974,585
1077,1,Fast,0.7634354829788208,890,446
1077,1,Fast,0.7372530698776245,850,698
1077,1,Fast,0.7146204710006714,958,531
1078,1,Fast,0.8804829716682434,887,982
1078,1,Fast,0.8220707178115845,972,582
1078,1,Fast,0.7731178998947144,890,443
1078,1,Fast,0.7317360639572144,957,527
1078,1,Fast,0.6483963131904602,853,704
1079,1,Fast,0.8798227310180664,889,990
1079,1,Fast,0.8655141592025757,970,578
1079,1,Fast,0.8016357421875,889,439
1079,1,Fast,0.7160449028015137,957,524
1079,1,Fast,0.5179185271263123,854,711
1080,1,Fast,0.8791986107826233,892,999
1080,1,Fast,0.8759433627128601,969,575
1080,1,Fast,0.7773533463478088,956,520
1080,1,Fast,0.7696539163589478,889,437
1080,1,Fast,0.7450239062309265,1224,1008
1080,1,Fast,0.5215151906013489,967,653
1080,1,Fast,0.3807324171066284,856,717
1080,1,Fast,0.3235666751861572,1035,686
1081,1,Fast,0.8797845244407654,895,1008
1081,1,Fast,0.8567327857017517,967,571
1081,1,Fast,0.8055849671363831,954,518
1081,1,Fast,0.7985072135925293,888,433
1081,1,Fast,0.6987391710281372,1217,999
1081,1,Fast,0.5810558199882507,858,723
1081,1,Fast,0.5030562877655029,1032,681
1082,1,Fast,0.8748030662536621,898,1018
1082,1,Fast,0.8620012402534485,966,568
1082,1,Fast,0.8204079270362854,888,430
1082,1,Fast,0.8194397687911987,953,516
1082,1,Fast,0.6271772980690002,1211,987
1082,1,Fast,0.5512665510177612,860,729
1083,1,Fast,0.869458794593811,901,1027
1083,1,Fast,0.8628625273704529,965,564
1083,1,Fast,0.8101100921630859,887,428
1083,1,Fast,0.7383323907852173,952,513
1083,1,Fast,0.7025159597396851,862,737
1083,1,Fast,0.40316957235336304,1028,672
1083,1,Fast,0.40308305621147156,1204,977
1084,1,Fast,0.8606489896774292,904,1036
1084,1,Fast,0.8133817911148071,887,424
1084,1,Fast,0.796309232711792,864,744
1084,1,Fast,0.7847086787223816,963,561
1084,1,Fast,0.7708190679550171,1025,667
1084,1,Fast,0.7472706437110901,1199,968
1084,1,Fast,0.7404398322105408,951,510
1085,1,Fast,0.8539409637451172,907,1045
1085,1,Fast,0.8361542820930481,961,558
1085,1,Fast,0.8088202476501465,866,751
1085,1,Fast,0.747310996055603,886,422
1085,1,Fast,0.727270245552063,950,507
1085,1,Fast,0.7242343425750732,1024,662
1085,1,Fast,0.6665673851966858,1193,957
1086,1,Fast,0.809450626373291,909,1050
1086,1,Fast,0.8028101921081543,868,757
1086,1,Fast,0.7866342067718506,959,555
1086,1,Fast,0.684973418712616,886,419
1086,1,Fast,0.6025723814964294,948,505
1086,1,Fast,0.5927932262420654,1020,658
1087,1,Fast,0.8339422941207886,871,764
1087,1,Fast,0.747957706451416,959,551
1087,1,Fast,0.6846320629119873,914,1055
1087,1,Fast,0.55797278881073,885,416
1087,1,Fast,0.5310706496238708,948,502
1087,1,Fast,0.5064069032669067,1182,940
1087,2,Slow,0.4840293526649475,1018,653
1088,1,Fast,0.8584432601928711,874,771
1088,1,Fast,0.8147290349006653,957,548
1088,1,Fast,0.7716295123100281,952,613
1088,1,Fast,0.7463324666023254,947,500
1088,1,Fast,0.7177323698997498,919,1060
1088,1,Fast,0.5749430060386658,884,413
1088,1,Fast,0.5251176953315735,1176,930
1088,1,Fast,0.3378750681877136,1015,647
1089,1,Fast,0.8494595885276794,876,779
1089,1,Fast,0.8424289226531982,956,545
1089,1,Fast,0.7141922116279602,946,497
1089,1,Fast,0.679003119468689,883,410
1089,1,Fast,0.5478487014770508,922,1065
1089,2,Slow,0.5315781831741333,1012,644
1089,1,Fast,0.371084988117218,1170,921
1090,1,Fast,0.8336942195892334,955,542
1090,1,Fast,0.7995297908782959,1165,911
1090,1,Fast,0.7339760065078735,883,408
1090,1,Fast,0.714876115322113,945,494
1090,1,Fast,0.6916946768760681,879,786
1090,1,Fast,0.37749767303466797,925,1069
1090,2,Slow,0.3487412929534912,1011,639
1091,1,Fast,0.8311381936073303,954,539
1091,1,Fast,0.7206255793571472,1008,634
1091,1,Fast,0.7010602951049805,1160,902
1091,1,Fast,0.663943886756897,882,406
1091,1,Fast,0.5898903608322144,944,490
1091,1,Fast,0.470390647649765,881,793
1092,1,Fast,0.8428958058357239,952,536
1092,1,Fast,0.8419053554534912,1006,630
1092,1,Fast,0.8206197619438171,883,800
1092,1,Fast,0.8004820346832275,1155,893
1092,1,Fast,0.7701627612113953,881,402
1092,1,Fast,0.7389169335365295,943,488
1092,1,Fast,0.6629083752632141,945,595
1093,1,Fast,0.8568068742752075,885,808
1093,1,Fast,0.8509145379066467,951,532
1093,1,Fast,0.8327821493148804,1004,626
1093,1,Fast,0.7910260558128357,881,400
1093,1,Fast,0.7006539702415466,942,484
1093,1,Fast,0.6080636382102966,942,590
1093,1,Fast,0.4714922308921814,1151,886
1094,1,Fast,0.8605855107307434,888,815
1094,1,Fast,0.8466492295265198,951,529
1094,1,Fast,0.8212067484855652,881,396
1094,1,Fast,0.8145211935043335,1002,621
1094,1,Fast,0.7863731384277344,942,483
1094,1,Fast,0.7248477935791016,1146,876
1094,1,Fast,0.6486458778381348,942,586
1095,1,Fast,0.874298095703125,891,824
1095,1,Fast,0.8318525552749634,949,526
1095,1,Fast,0.825093150138855,1000,617
1095,1,Fast,0.7829102873802185,1141,868
1095,1,Fast,0.7711527943611145,881,394
1095,1,Fast,0.7443187832832336,941,480
1095,1,Fast,0.5747486352920532,940,581
1096,1,Fast,0.8685737252235413,998,613
1096,1,Fast,0.8677273392677307,893,832
1096,1,Fast,0.8417524695396423,1137,860
1096,1,Fast,0.8345472812652588,948,523
1096,1,Fast,0.7636309266090393,940,477
1096,1,Fast,0.6854203939437866,939,577
1096,1,Fast,0.6612874865531921,881,392
1097,1,Fast,0.8671966195106506,896,841
1097,1,Fast,0.8518732786178589,996,610
1097,1,Fast,0.8337432742118835,947,520
1097,1,Fast,0.8323959708213806,1132,851
1097,1,Fast,0.7437523007392883,939,475
1097,1,Fast,0.6275309324264526,879,389
1097,1,Fast,0.6150463223457336,938,572
1098,1,Fast,0.8687780499458313,899,849
1098,1,Fast,0.8573915958404541,994,606
1098,1,Fast,0.7910005450248718,946,517
1098,1,Fast,0.7798935174942017,935,568
1098,1,Fast,0.6439732313156128,938,473
1098,1,Fast,0.6083818674087524,879,387
1098,1,Fast,0.4568813145160675,1128,844
1099,1,Fast,0.8773534297943115,902,857
1099,1,Fast,0.8720597624778748,992,602
1099,1,Fast,0.7907769083976746,945,514
1099,1,Fast,0.7754117250442505,934,565
1099,1,Fast,0.7004047632217407,936,470
1099,1,Fast,0.599132239818573,1124,837
1099,1,Fast,0.5608143210411072,878,385
1100,1,Fast,0.8474296927452087,932,560
1100,1,Fast,0.8320653438568115,906,866
1100,1,Fast,0.8264995217323303,990,598
1100,1,Fast,0.7009463906288147,943,511
1100,1,Fast,0.6912667751312256,877,383
1100,1,Fast,0.633141815662384,936,468
1101,1,Fast,0.8522341251373291,909,875
1101,1,Fast,0.7828363180160522,942,509
1101,1,Fast,0.7790512442588806,931,558
1101,2,Slow,0.6067183017730713,988,594
1101,1,Fast,0.5826366543769836,877,380
1101,1,Fast,0.536653459072113,935,465
1101,1,Fast,0.4495540261268616,1000,712
1102,1,Fast,0.823959469795227,942,506
1102,1,Fast,0.7552973628044128,930,553
1102,1,Fast,0.6952936053276062,935,462
1102,1,Fast,0.6807298064231873,877,378
1102,1,Fast,0.6726841330528259,912,884
1102,1,Fast,0.6000638604164124,1111,812
1102,1,Fast,0.5440970063209534,986,590
1102,2,Slow,0.3382927179336548,986,590
1103,1,Fast,0.8861750960350037,914,893
1103,1,Fast,0.8122443556785583,940,502
1103,1,Fast,0.7832345366477966,1108,806
1103,1,Fast,0.7661904692649841,934,459
1103,1,Fast,0.5765112638473511,877,376
1103,2,Slow,0.543355405330658,985,586
1103,1,Fast,0.528513491153717,985,586
1104,1,Fast,0.884292483329773,918,903
1104,1,Fast,0.8278382420539856,939,500
1104,1,Fast,0.7820377945899963,933,456
1104,1,Fast,0.752970278263092,1104,799
1104,1,Fast,0.7188754677772522,984,582
1104,1,Fast,0.43802937865257263,876,373
1104,1,Fast,0.42866894602775574,992,694
1104,2,Slow,0.4170495569705963,984,582
1105,1,Fast,0.8800184726715088,921,913
1105,1,Fast,0.8125170469284058,939,496
1105,1,Fast,0.7516310811042786,933,454
1105,1,Fast,0.6907135248184204,982,578
1105,1,Fast,0.5858949422836304,1100,792
1105,1,Fast,0.4917028546333313,875,371
1106,1,Fast,0.8814389705657959,925,923
1106,1,Fast,0.8352165222167969,980,574
1106,1,Fast,0.8099198341369629,937,494
1106,1,Fast,0.6734325289726257,932,453
1106,1,Fast,0.5869578123092651,1096,784
1106,1,Fast,0.5325407385826111,875,369
1106,1,Fast,0.3073570132255554,924,539
1107,1,Fast,0.8764370083808899,979,570
1107,1,Fast,0.8715552091598511,928,933
1107,1,Fast,0.8338699340820312,937,492
1107,1,Fast,0.7975591421127319,923,534
1107,1,Fast,0.628911018371582,932,450
1107,1,Fast,0.5638536214828491,1093,778
1107,1,Fast,0.33318573236465454,875,366
1108,1,Fast,0.8739785552024841,977,568
1108,1,Fast,0.852003812789917,932,943
1108,1,Fast,0.8402437567710876,922,530
1108,1,Fast,0.8358018398284912,936,490
1108,1,Fast,0.7424260973930359,931,448
1108,1,Fast,0.7187948822975159,982,669
1109,1,Fast,0.872251570224762,936,952
1109,1,Fast,0.8624386787414551,976,565
1109,1,Fast,0.8327872157096863,935,487
1109,1,Fast,0.811362087726593,921,526
1109,1,Fast,0.6842681169509888,930,446
1109,1,Fast,0.48830583691596985,980,665
1110,1,Fast,0.8838208317756653,940,963
1110,1,Fast,0.8576899170875549,974,561
1110,1,Fast,0.8389162421226501,920,522
1110,1,Fast,0.8365674614906311,935,484
1110,1,Fast,0.8171000480651855,976,660
1110,1,Fast,0.6347779035568237,929,444
1111,1,Fast,0.8746264576911926,945,974
1111,1,Fast,0.8670060634613037,972,557
1111,1,Fast,0.8224499821662903,918,519
1111,1,Fast,0.8202273845672607,934,481
1111,1,Fast,0.7779914736747742,975,655
1111,1,Fast,0.32736971974372864,928,441
1112,1,Fast,0.8583464622497559,971,554
1112,1,Fast,0.8338822722434998,949,985
1112,1,Fast,0.7981090545654297,933,478
1112,1,Fast,0.7479080557823181,972,649
1112,1,Fast,0.6652172803878784,916,516
1112,1,Fast,0.45228075981140137,927,440
1112,1,Fast,0.3911263048648834,1075,744
1112,1,Fast,0.3873150050640106,873,355
1112,2,Slow,0.3372691869735718,834,445
1113,1,Fast,0.8671295046806335,952,997
1113,1,Fast,0.8628849983215332,969,550
1113,1,Fast,0.8127712607383728,932,477
1113,1,Fast,0.691229522228241,915,513
1113,1,Fast,0.5544939637184143,970,643
1113,1,Fast,0.488267183303833,746,529
1113,1,Fast,0.45492473244667053,873,353
1113,1,Fast,0.39955008029937744,927,438
1113,1,Fast,0.3940753638744354,1072,737
1114,1,Fast,0.8654157519340515,957,1009
1114,1,Fast,0.8472809195518494,968,547
1114,1,Fast,0.7404030561447144,1070,732
1114,1,Fast,0.7348597049713135,931,474
1114,1,Fast,0.6912940740585327,967,638
1114,1,Fast,0.6870419979095459,915,509
1114,1,Fast,0.3571268618106842,746,530
1115,1,Fast,0.8826038837432861,961,1021
1115,1,Fast,0.8683770298957825,965,544
1115,1,Fast,0.8045409321784973,964,633
1115,1,Fast,0.7783557772636414,914,504
1115,1,Fast,0.6579156517982483,930,471
1115,1,Fast,0.6331506371498108,1066,726
1116,1,Fast,0.8656139969825745,964,541
1116,1,Fast,0.8371329307556152,963,628
1116,1,Fast,0.8279383778572083,1063,720
1116,1,Fast,0.8251180648803711,913,502
1116,1,Fast,0.8114960789680481,966,1032
1116,1,Fast,0.7451391220092773,930,469
1116,1,Fast,0.6916535496711731,926,431
1117,1,Fast,0.859978973865509,963,538
1117,1,Fast,0.8086463809013367,961,623
1117,1,Fast,0.8072283267974854,969,1044
1117,1,Fast,0.7680315375328064,912,499
1117,1,Fast,0.7486558556556702,928,466
1117,1,Fast,0.6815369725227356,1060,715
1117,1,Fast,0.5596959590911865,925,429
1118,1,Fast,0.8496357202529907,962,534
1118,1,Fast,0.7705572247505188,975,1051
1118,1,Fast,0.717517614364624,912,495
1118,1,Fast,0.7071077227592468,928,464
1118,1,Fast,0.7051770687103271,959,618
1118,1,Fast,0.41547125577926636,924,426
1118,1,Fast,0.3354707360267639,1057,709
1119,1,Fast,0.8367260694503784,961,531
1119,1,Fast,0.817369282245636,911,491
1119,1,Fast,0.8170684576034546,957,613
1119,1,Fast,0.7768069505691528,928,461
1119,1,Fast,0.5733914971351624,923,424
1119,1,Fast,0.5619863271713257,983,1058
1119,1,Fast,0.4310281574726105,873,340
1119,1,Fast,0.3898414075374603,840,470
1120,1,Fast,0.8054739832878113,959,527
1120,1,Fast,0.7772896885871887,927,459
1120,1,Fast,0.6726114749908447,910,489
1120,1,Fast,0.6454715728759766,840,474
1120,1,Fast,0.6267713904380798,955,608
1120,1,Fast,0.5050447583198547,1051,697
1120,1,Fast,0.4648666977882385,872,338
1120,1,Fast,0.38501399755477905,989,1064
1121,1,Fast,0.7765030860900879,909,484
1121,1,Fast,0.7644895911216736,926,456
1121,1,Fast,0.7635305523872375,953,604
1121,1,Fast,0.6048280000686646,958,525
1121,1,Fast,0.4209566116333008,871,336
1122,1,Fast,0.8489429354667664,950,599
1122,1,Fast,0.8049708008766174,925,454
1122,1,Fast,0.7939241528511047,909,482
1122,1,Fast,0.7007564306259155,956,521
1122,1,Fast,0.609235405921936,922,417
1122,1,Fast,0.5547192096710205,1046,685
1122,1,Fast,0.51507967710495,872,334
1122,2,Slow,0.36250656843185425,956,521
1123,1,Fast,0.8565049767494202,949,595
1123,1,Fast,0.7709292769432068,924,451
1123,1,Fast,0.6982060670852661,907,479
1123,1,Fast,0.6817578077316284,921,415
1123,1,Fast,0.5717341303825378,956,518
1123,2,Slow,0.5632144212722778,956,518
1123,1,Fast,0.551267683506012,1044,680
1123,1,Fast,0.3978392779827118,872,332
1124,1,Fast,0.869498610496521,947,590
1124,1,Fast,0.8597912192344666,955,516
1124,1,Fast,0.7685890197753906,906,475
1124,1,Fast,0.6993582844734192,1040,675
1124,1,Fast,0.6836408376693726,923,449
1124,1,Fast,0.5754109621047974,920,413
1124,1,Fast,0.30102160573005676,872,330
1125,1,Fast,0.8782055377960205,953,513
1125,1,Fast,0.849743664264679,945,586
1125,1,Fast,0.8106929659843445,905,473
1125,1,Fast,0.7478160262107849,923,447
1125,1,Fast,0.6934481859207153,919,411
1125,1,Fast,0.5804685950279236,1038,669
1125,1,Fast,0.3426121175289154,751,552
1126,1,Fast,0.8762896656990051,952,510
1126,1,Fast,0.8131564259529114,904,470
1126,1,Fast,0.7945711016654968,944,581
1126,1,Fast,0.6734519600868225,1036,664
1126,1,Fast,0.6429860591888428,923,445
1126,1,Fast,0.6266747713088989,918,410
1127,1,Fast,0.8731637597084045,950,507
1127,1,Fast,0.7593508958816528,942,577
1127,1,Fast,0.7183104157447815,903,467
1127,1,Fast,0.6825041174888611,922,442
1127,1,Fast,0.6285668611526489,918,407
1127,1,Fast,0.6228218674659729,1033,659
1127,1,Fast,0.346845418214798,845,500
1128,1,Fast,0.8322113752365112,940,572
1128,1,Fast,0.7723885178565979,903,463
1128,1,Fast,0.7245905995368958,949,504
1128,1,Fast,0.6991336941719055,921,441
1128,1,Fast,0.6863203644752502,1031,654
1128,1,Fast,0.6786554455757141,917,405
1128,1,Fast,0.3771187365055084,751,557
1128,1,Fast,0.3393095135688782,872,322
1129,1,Fast,0.8265649676322937,948,501
1129,1,Fast,0.728964626789093,938,567
1129,1,Fast,0.6493250131607056,917,403
1129,1,Fast,0.5954119563102722,901,461
1129,1,Fast,0.5588452219963074,920,438
1129,1,Fast,0.3311038911342621,1029,650
1129,2,Slow,0.3117216229438782,846,508
1129,1,Fast,0.3068750202655792,872,321
1130,1,Fast,0.8365767002105713,936,564
1130,1,Fast,0.8087393045425415,947,499
1130,1,Fast,0.7821375131607056,901,457
1130,1,Fast,0.6166414618492126,917,401
1130,1,Fast,0.4675632417201996,920,437
1131,1,Fast,0.8706852793693542,934,561
1131,1,Fast,0.8257758617401123,946,495
1131,1,Fast,0.6401262879371643,899,456
1131,1,Fast,0.5188763737678528,918,434
1131,1,Fast,0.509444534778595,916,399
1132,1,Fast,0.8473280072212219,933,557
1132,1,Fast,0.7483697533607483,945,493
1132,1,Fast,0.7188818454742432,899,452
1132,1,Fast,0.7079107761383057,918,432
1132,1,Fast,0.5692896246910095,1022,634
1132,1,Fast,0.5045679807662964,916,396
1133,1,Fast,0.8475356698036194,944,490
1133,1,Fast,0.8241045475006104,932,553
1133,1,Fast,0.7200238704681396,917,430
1133,1,Fast,0.5820261836051941,897,451
1134,1,Fast,0.8564518690109253,943,487
1134,1,Fast,0.7880999445915222,897,447
1134,1,Fast,0.7766225934028625,930,549
1134,1,Fast,0.7068758010864258,917,427
1134,1,Fast,0.4231283664703369,915,393
1134,1,Fast,0.375343918800354,1017,623
1135,1,Fast,0.8237618803977966,942,485
1135,1,Fast,0.7961498498916626,896,445
1135,1,Fast,0.7741591334342957,929,545
1135,1,Fast,0.7545853853225708,916,425
1135,1,Fast,0.540589451789856,854,537
1135,1,Fast,0.5047973394393921,1015,619
1136,1,Fast,0.8702738285064697,941,482
1136,1,Fast,0.7663359642028809,895,441
1136,1,Fast,0.7096043229103088,928,541
1136,1,Fast,0.6399723291397095,916,422
1136,1,Fast,0.5872172117233276,758,575
1136,1,Fast,0.5704507827758789,802,473
1136,1,Fast,0.5439376831054688,1013,615
1137,1,Fast,0.8754286766052246,940,480
1137,1,Fast,0.8022555708885193,927,537
1137,1,Fast,0.7755460143089294,894,438
1137,1,Fast,0.6845455765724182,802,476
1137,1,Fast,0.6249721646308899,916,421
1137,1,Fast,0.49800705909729004,757,576
1137,1,Fast,0.42104679346084595,835,454
1137,1,Fast,0.39992448687553406,1012,609
1138,1,Fast,0.8738230466842651,939,477
1138,1,Fast,0.7180324792861938,926,533
1138,1,Fast,0.6584209203720093,893,436
1138,1,Fast,0.5484533905982971,915,418
1138,1,Fast,0.5453135967254639,1010,606
1138,1,Fast,0.4941895008087158,802,480
1138,1,Fast,0.3042322099208832,835,458
1139,1,Fast,0.8740622401237488,938,475
1139,1,Fast,0.8404951691627502,924,530
1139,1,Fast,0.7231586575508118,893,432
1139,1,Fast,0.6685931086540222,1008,601
1139,1,Fast,0.5901094675064087,915,417
1139,1,Fast,0.5422175526618958,759,581
1139,1,Fast,0.3081459403038025,836,460
1140,1,Fast,0.8761879205703735,937,473
1140,1,Fast,0.8077464699745178,922,526
1140,1,Fast,0.7769169807434082,804,486
1140,1,Fast,0.7154950499534607,892,429
1140,1,Fast,0.5865468978881836,760,583
1140,1,Fast,0.5122660994529724,836,464
1140,1,Fast,0.4274088442325592,914,415
1140,1,Fast,0.4014095962047577,1006,597
1141,1,Fast,0.8747761249542236,935,470
1141,1,Fast,0.8366267681121826,921,522
1141,1,Fast,0.7746530175209045,805,489
1141,1,Fast,0.6199555993080139,892,426
1141,1,Fast,0.5856682062149048,837,467
1141,1,Fast,0.5769056081771851,913,413
1141,1,Fast,0.5417301654815674,761,585
1141,1,Fast,0.5333195924758911,1004,592
1142,1,Fast,0.8534204959869385,919,519
1142,1,Fast,0.8524495959281921,934,467
1142,1,Fast,0.6559425592422485,805,493
1142,1,Fast,0.6111404299736023,838,472
1142,1,Fast,0.5911996960639954,912,410
1142,1,Fast,0.5526320934295654,891,423
1142,1,Fast,0.5183209180831909,762,588
1142,1,Fast,0.37106597423553467,1002,589
1143,1,Fast,0.8310472369194031,918,515
1143,1,Fast,0.7798082828521729,933,464
1143,1,Fast,0.633202075958252,839,476
1143,1,Fast,0.5560519099235535,912,408
1143,1,Fast,0.5506885647773743,761,590
1143,1,Fast,0.4447672665119171,891,421
1143,1,Fast,0.3776361346244812,805,495
1144,1,Fast,0.7516741156578064,917,513
1144,1,Fast,0.7046867609024048,932,461
1144,1,Fast,0.6406139135360718,839,481
1144,1,Fast,0.5709103345870972,912,407
1144,1,Fast,0.4432932436466217,761,592
1144,1,Fast,0.3866327404975891,888,419
1145,1,Fast,0.7261256575584412,931,459
1145,1,Fast,0.7020223736763,840,484
1145,1,Fast,0.6509267687797546,888,418
1145,1,Fast,0.5754009485244751,915,509
1145,1,Fast,0.5559934973716736,911,404
1145,2,Slow,0.5276755690574646,931,459
1146,1,Fast,0.7793257832527161,841,489
1146,1,Fast,0.7143142819404602,914,506
1146,1,Fast,0.6751790642738342,887,414
1146,1,Fast,0.6680373549461365,911,402
1146,2,Slow,0.6547893285751343,930,456
1146,1,Fast,0.6348011493682861,930,456
1146,1,Fast,0.39141181111335754,910,371
1147,1,Fast,0.8021677732467651,930,454
1147,1,Fast,0.7940754294395447,842,493
1147,1,Fast,0.7685174942016602,913,502
1147,1,Fast,0.6675143241882324,911,400
1147,1,Fast,0.6668705940246582,887,412
1147,1,Fast,0.6631684899330139,910,370
1147,2,Slow,0.4470101296901703,930,455
1147,1,Fast,0.3222011923789978,807,509
1148,1,Fast,0.8500555157661438,930,452
1148,1,Fast,0.7592725157737732,843,497
1148,1,Fast,0.7343361377716064,910,398
1148,1,Fast,0.703323483467102,912,498
1148,1,Fast,0.6736924648284912,887,410
1148,1,Fast,0.6666994094848633,809,514
1148,1,Fast,0.5858131051063538,909,368
1149,1,Fast,0.7976825833320618,929,450
1149,1,Fast,0.7569793462753296,910,396
1149,1,Fast,0.7370145320892334,911,495
1149,1,Fast,0.7295640110969543,809,518
1149,1,Fast,0.7220246195793152,887,407
1149,1,Fast,0.6252155900001526,844,500
1149,1,Fast,0.4715809226036072,909,366
1150,1,Fast,0.8256440758705139,928,447
1150,1,Fast,0.7613767385482788,910,394
1150,1,Fast,0.7508037090301514,810,522
1150,1,Fast,0.7218841910362244,887,404
1150,1,Fast,0.7216632962226868,910,492
1150,1,Fast,0.6296123266220093,845,505
1151,1,Fast,0.8402284979820251,928,445
1151,1,Fast,0.8278848528862,908,489
1151,1,Fast,0.7648360729217529,811,524
1151,1,Fast,0.7043344974517822,886,403
1151,1,Fast,0.6159712672233582,910,392
1151,1,Fast,0.5568606853485107,846,509
1151,1,Fast,0.5074514746665955,764,608
1152,1,Fast,0.8545080423355103,927,442
1152,1,Fast,0.8378737568855286,907,485
1152,1,Fast,0.7077938318252563,812,529
1152,1,Fast,0.5780309438705444,886,401
1152,1,Fast,0.5286574363708496,909,391
1152,1,Fast,0.452444463968277,765,611
1152,1,Fast,0.3550906181335449,847,513
1153,1,Fast,0.8367055058479309,926,440
1153,1,Fast,0.802407443523407,905,482
1153,1,Fast,0.7698087096214294,813,533
1153,1,Fast,0.5893478393554688,766,615
1153,1,Fast,0.34543123841285706,848,518
1153,1,Fast,0.32941773533821106,909,389
1154,1,Fast,0.7939637303352356,925,438
1154,1,Fast,0.7405486702919006,766,616
1154,1,Fast,0.6950543522834778,849,522
1154,1,Fast,0.6071890592575073,814,537
1154,1,Fast,0.3931947946548462,904,480
1154,1,Fast,0.3413003981113434,907,387
1155,1,Fast,0.7560600638389587,924,436
1155,1,Fast,0.5617994666099548,903,477
1155,1,Fast,0.5488527417182922,815,540
1155,1,Fast,0.5288236141204834,766,618
1155,1,Fast,0.5105629563331604,850,526
1156,1,Fast,0.7620033025741577,902,474
1156,1,Fast,0.6872570514678955,852,530
1156,1,Fast,0.6204074025154114,907,384
1156,2,Slow,0.5335240960121155,923,434
1156,1,Fast,0.4447489380836487,906,355
1156,1,Fast,0.41423407196998596,883,391
1156,1,Fast,0.39237910509109497,766,621
1156,1,Fast,0.3860207796096802,816,546
1156,1,Fast,0.31699952483177185,886,649
1157,1,Fast,0.7612743377685547,900,470
1157,1,Fast,0.718013346195221,853,535
1157,1,Fast,0.6054993271827698,815,549
1157,1,Fast,0.5309065580368042,767,624
1157,1,Fast,0.5178059339523315,906,353
1157,1,Fast,0.47698602080345154,906,382
1157,2,Slow,0.4658418595790863,922,431
1157,1,Fast,0.39828211069107056,883,389
1158,1,Fast,0.7408769130706787,854,539
1158,1,Fast,0.6711978316307068,815,553
1158,2,Slow,0.6377008557319641,921,429
1158,1,Fast,0.6364903450012207,900,467
1158,1,Fast,0.6044824123382568,906,381
1158,1,Fast,0.5185233354568481,906,351
1158,1,Fast,0.4365723133087158,766,625
1159,1,Fast,0.7666118741035461,855,544
1159,2,Slow,0.7338037490844727,921,427
1159,1,Fast,0.7146634459495544,816,557
1159,1,Fast,0.45125046372413635,899,463
1159,1,Fast,0.4294130206108093,977,524
1159,1,Fast,0.4288109838962555,905,378
1159,1,Fast,0.3822058439254761,905,349
1160,1,Fast,0.7983033061027527,857,549
1160,1,Fast,0.7560523748397827,817,561
1160,2,Slow,0.7411009669303894,920,425
1160,1,Fast,0.7155560255050659,898,460
1160,1,Fast,0.553766667842865,905,377
1160,1,Fast,0.49150165915489197,905,347
1160,1,Fast,0.48191335797309875,975,520
1160,1,Fast,0.36467698216438293,882,383
1161,1,Fast,0.833666980266571,858,554
1161,1,Fast,0.7554987668991089,898,456
1161,1,Fast,0.7380765676498413,818,564
1161,1,Fast,0.68601393699646,920,423
1161,1,Fast,0.644841730594635,882,380
1161,1,Fast,0.5970298051834106,974,517
1161,1,Fast,0.5052130222320557,905,375
1161,1,Fast,0.47694510221481323,905,346
1161,2,Slow,0.3196956515312195,920,423
1162,1,Fast,0.8152450919151306,920,421
1162,1,Fast,0.8049293160438538,859,559
1162,1,Fast,0.8026821613311768,898,454
1162,1,Fast,0.6956276297569275,905,373
1162,1,Fast,0.6827220320701599,819,567
1162,1,Fast,0.6675289273262024,882,376
1162,1,Fast,0.5604974627494812,973,513
1162,1,Fast,0.31778156757354736,905,345
1163,1,Fast,0.8169038891792297,919,419
1163,1,Fast,0.7963385581970215,897,452
1163,1,Fast,0.7892184853553772,861,564
1163,1,Fast,0.7421608567237854,905,371
1163,1,Fast,0.7037988305091858,821,572
1163,1,Fast,0.6698899865150452,882,375
1163,1,Fast,0.4115634858608246,904,343
1164,1,Fast,0.836193859577179,918,417
1164,1,Fast,0.8033305406570435,863,569
1164,1,Fast,0.7918760776519775,896,448
1164,1,Fast,0.7287384867668152,822,577
1164,1,Fast,0.6935604810714722,905,369
1164,1,Fast,0.641444742679596,882,373
1164,1,Fast,0.5531172752380371,904,342
1164,1,Fast,0.4840729236602783,1205,1000
1165,1,Fast,0.8372509479522705,918,415
1165,1,Fast,0.800076425075531,894,446
1165,1,Fast,0.7794436812400818,864,574
1165,1,Fast,0.5726742744445801,823,583
1165,1,Fast,0.4876249432563782,882,372
1165,1,Fast,0.4563615024089813,904,341
1165,1,Fast,0.42526090145111084,905,367
1166,1,Fast,0.8437448143959045,917,413
1166,1,Fast,0.7677636742591858,893,444
1166,1,Fast,0.7011838555335999,866,579
1166,1,Fast,0.4983973801136017,1164,1046
1166,1,Fast,0.47700077295303345,904,366
1166,1,Fast,0.4507312476634979,1194,982
1166,1,Fast,0.3806539475917816,824,587
1166,1,Fast,0.3013381361961365,904,340
1167,1,Fast,0.8130363821983337,917,411
1167,1,Fast,0.7983934283256531,868,585
1167,1,Fast,0.7064343690872192,892,441
1167,1,Fast,0.3338456451892853,1188,972
1168,1,Fast,0.8100569844245911,869,590
1168,1,Fast,0.7274062633514404,916,409
1168,1,Fast,0.6331482529640198,891,438
1168,1,Fast,0.4719262421131134,1183,963
1168,1,Fast,0.3608866333961487,1103,738
1169,1,Fast,0.824766993522644,871,595
1169,1,Fast,0.7286968231201172,891,436
1169,1,Fast,0.6697201728820801,915,407
1169,1,Fast,0.4236658811569214,1178,953
1169,1,Fast,0.30063268542289734,962,492
1170,1,Fast,0.8519399762153625,873,600
1170,1,Fast,0.7378431558609009,890,431
1170,1,Fast,0.6997551918029785,915,405
1171,1,Fast,0.8245841860771179,875,606
1171,1,Fast,0.7439208626747131,890,429
1171,1,Fast,0.6080245971679688,914,402
1171,1,Fast,0.5610367655754089,959,485
1171,1,Fast,0.40903496742248535,829,610
1171,1,Fast,0.3267941474914551,902,358
1171,1,Fast,0.3238108456134796,878,359
1172,1,Fast,0.831838846206665,876,612
1172,1,Fast,0.7726774215698242,889,426
1172,1,Fast,0.7103652358055115,914,401
1172,1,Fast,0.6697098612785339,958,482
1172,1,Fast,0.4333561360836029,902,356
1172,1,Fast,0.350341796875,1123,972
1173,1,Fast,0.8367279171943665,878,617
1173,1,Fast,0.7558144927024841,889,423
1173,1,Fast,0.722906231880188,913,398
1173,1,Fast,0.6586201786994934,957,479
1173,1,Fast,0.6010460257530212,902,354
1173,1,Fast,0.5749602317810059,832,619
1173,1,Fast,0.5243744850158691,877,355
1174,1,Fast,0.7983176112174988,880,623
1174,1,Fast,0.7594972848892212,913,397
1174,1,Fast,0.7034062147140503,888,421
1174,1,Fast,0.6727267503738403,902,353
1174,1,Fast,0.6608361601829529,877,354
1174,1,Fast,0.660419225692749,957,477
1174,1,Fast,0.41802534461021423,834,624
1175,1,Fast,0.7453556656837463,882,630
1175,1,Fast,0.7406216263771057,888,418
1175,1,Fast,0.7329809665679932,913,395
1175,1,Fast,0.5638100504875183,902,352
1175,1,Fast,0.5075144171714783,877,352
1175,1,Fast,0.44088059663772583,937,794
1175,1,Fast,0.4085554778575897,1106,939
1175,1,Fast,0.3403344452381134,782,674
1176,1,Fast,0.773880124092102,887,416
1176,1,Fast,0.7704834938049316,913,394
1176,1,Fast,0.7447883486747742,883,636
1176,1,Fast,0.5676555633544922,902,350
1176,1,Fast,0.5310830473899841,1099,928
1176,1,Fast,0.38919711112976074,877,350
1176,1,Fast,0.3233153223991394,837,634
1177,1,Fast,0.775496244430542,887,414
1177,1,Fast,0.7493029832839966,913,392
1177,1,Fast,0.6918680667877197,886,641
1177,1,Fast,0.5540897250175476,878,348
1177,1,Fast,0.5442218780517578,902,349
1177,1,Fast,0.45586565136909485,955,468
1177,1,Fast,0.45421528816223145,1096,917
1177,1,Fast,0.39573922753334045,783,678
1178,1,Fast,0.811208188533783,886,411
1178,1,Fast,0.7590440511703491,913,390
1178,1,Fast,0.7464089393615723,888,648
1178,1,Fast,0.6072385907173157,901,347
1178,1,Fast,0.6002217531204224,1090,907
1178,1,Fast,0.5304564833641052,877,346
1178,1,Fast,0.3398686945438385,784,681
1178,1,Fast,0.3131604492664337,954,466
1179,1,Fast,0.8091034293174744,890,655
1179,1,Fast,0.7646284103393555,912,388
1179,1,Fast,0.7545908689498901,885,409
1179,1,Fast,0.4157498776912689,901,345
1179,1,Fast,0.3843406140804291,1085,898
1179,1,Fast,0.3629637062549591,878,343
1180,1,Fast,0.8539503812789917,891,661
1180,1,Fast,0.7464748620986938,843,652
1180,1,Fast,0.712933361530304,912,386
1180,1,Fast,0.6363763213157654,886,406
1180,1,Fast,0.4984132647514343,1080,888
1181,1,Fast,0.7548147439956665,894,668
1181,1,Fast,0.7276652455329895,911,384
1181,1,Fast,0.7232951521873474,1075,879
1181,1,Fast,0.7117847204208374,844,657
1181,1,Fast,0.6769883036613464,885,403
1181,1,Fast,0.3536847233772278,950,457
1182,1,Fast,0.720911979675293,911,382
1182,1,Fast,0.7157341837882996,896,675
1182,1,Fast,0.6865494847297668,846,663
1182,1,Fast,0.5733833312988281,884,401
1182,1,Fast,0.34794530272483826,1071,870
1182,1,Fast,0.3372066020965576,949,454
1183,1,Fast,0.7644334435462952,899,681
1183,1,Fast,0.6819051504135132,848,669
1183,1,Fast,0.6763197779655457,910,380
1183,1,Fast,0.5933374166488647,883,399
1183,1,Fast,0.32208147644996643,877,338
1184,1,Fast,0.763200044631958,850,676
1184,1,Fast,0.6787548065185547,901,688
1184,1,Fast,0.5999864935874939,910,378
1184,1,Fast,0.5943507552146912,883,396
1184,1,Fast,0.4828939735889435,945,449
1184,1,Fast,0.47262144088745117,1059,852
1184,1,Fast,0.31961071491241455,877,336
1185,1,Fast,0.7465881705284119,851,682
1185,1,Fast,0.6825055480003357,904,696
1185,1,Fast,0.66047203540802,882,393
1185,1,Fast,0.5611945986747742,909,377
1185,1,Fast,0.5609921813011169,944,446
1185,1,Fast,0.39452940225601196,877,333
1185,1,Fast,0.36372965574264526,1242,1063
1186,1,Fast,0.8089339733123779,852,687
1186,1,Fast,0.6918020248413086,882,392
1186,1,Fast,0.5804362297058105,909,375
1186,1,Fast,0.5716444849967957,1237,1058
1186,1,Fast,0.564653217792511,944,444
1186,1,Fast,0.3309633433818817,876,332
1187,1,Fast,0.7279480695724487,1047,825
1187,1,Fast,0.7127456068992615,854,693
1187,1,Fast,0.7085333466529846,1225,1053
1187,1,Fast,0.6972354054450989,943,441
1187,1,Fast,0.6444550156593323,882,391
1187,1,Fast,0.5916965007781982,908,374
1187,1,Fast,0.389194130897522,909,710
1187,1,Fast,0.3731708824634552,789,710
1188,1,Fast,0.776431679725647,1218,1047
1188,1,Fast,0.7351568937301636,857,699
1188,1,Fast,0.697040855884552,909,372
1188,1,Fast,0.6483561396598816,882,388
1188,1,Fast,0.635387659072876,943,438
1188,1,Fast,0.6212645173072815,1044,816
1188,1,Fast,0.5094807744026184,992,931
1188,1,Fast,0.47990483045578003,789,714
1188,1,Fast,0.47102221846580505,912,718
1188,0,VRU,0.34030747413635254,1729,363
1189,1,Fast,0.6904380321502686,909,371
1189,1,Fast,0.6652742624282837,881,385
1189,1,Fast,0.6432205438613892,915,726
1189,1,Fast,0.6322016716003418,1039,807
1189,1,Fast,0.5540270805358887,997,942
1189,1,Fast,0.540575385093689,1211,1038
1189,1,Fast,0.5357787609100342,790,717
1189,1,Fast,0.4706408381462097,944,436
1189,0,VRU,0.3622913956642151,1729,363
1190,1,Fast,0.7473111748695374,909,369
1190,1,Fast,0.7083747386932373,881,383
1190,1,Fast,0.6902095079421997,918,734
1190,1,Fast,0.6545959711074829,1205,1022
1190,1,Fast,0.4646250307559967,860,711
1190,1,Fast,0.4578254818916321,792,720
1190,1,Fast,0.4474232494831085,1002,955
1190,1,Fast,0.37159663438796997,942,433
1190,1,Fast,0.36387312412261963,1036,798
1191,1,Fast,0.7827578783035278,921,741
1191,1,Fast,0.7601064443588257,908,367
1191,1,Fast,0.733382523059845,1199,1013
1191,1,Fast,0.6823166012763977,880,380
1191,1,Fast,0.661936342716217,862,717
1191,1,Fast,0.5237786173820496,1008,968
1191,1,Fast,0.43975555896759033,1032,791
1192,1,Fast,0.7847056984901428,924,749
1192,1,Fast,0.7145414352416992,864,723
1192,1,Fast,0.6681358814239502,1193,1004
1192,1,Fast,0.640556812286377,907,365
1192,1,Fast,0.5817558765411377,880,379
1193,1,Fast,0.7842643857002258,927,757
1193,1,Fast,0.7718085646629333,866,728
1193,1,Fast,0.6793540120124817,1188,993
1193,1,Fast,0.6158449053764343,880,377
1193,1,Fast,0.5684752464294434,907,364
1194,1,Fast,0.7816327214241028,867,736
1194,1,Fast,0.7663580179214478,1182,985
1194,1,Fast,0.7638887166976929,930,766
1194,1,Fast,0.5911931991577148,879,375
1194,1,Fast,0.5558298826217651,794,734
1194,1,Fast,0.4888095259666443,906,362
1195,1,Fast,0.8172031044960022,934,774
1195,1,Fast,0.7685030698776245,869,743
1195,1,Fast,0.7155424356460571,1177,976
1195,1,Fast,0.6325443983078003,795,739
1195,1,Fast,0.468938946723938,879,373
1195,1,Fast,0.3634923994541168,905,361
1196,1,Fast,0.8314988017082214,938,784
1196,1,Fast,0.8073322176933289,871,750
1196,1,Fast,0.6812105178833008,1171,967
1196,1,Fast,0.668552577495575,795,741
1196,1,Fast,0.4252080023288727,1013,753
1196,1,Fast,0.4195123016834259,905,359
1197,1,Fast,0.8340805768966675,1165,957
1197,1,Fast,0.8048679232597351,873,756
1197,1,Fast,0.7284509539604187,797,744
1197,1,Fast,0.5594311952590942,941,793
1197,1,Fast,0.5017366409301758,905,358
1197,1,Fast,0.417158305644989,1010,746
1197,1,Fast,0.35436564683914185,897,319
1197,1,Fast,0.32810744643211365,878,369
1198,1,Fast,0.8213968276977539,875,763
1198,1,Fast,0.8159975409507751,1160,949
1198,1,Fast,0.78254634141922,946,802
1198,1,Fast,0.776108980178833,797,748
1198,1,Fast,0.4856666326522827,1005,739
1199,1,Fast,0.8481002449989319,949,812
1199,1,Fast,0.8191989064216614,1156,940
1199,1,Fast,0.7829928994178772,878,769
1199,1,Fast,0.6145616769790649,797,752
1199,1,Fast,0.3807152509689331,905,355
1199,1,Fast,0.3318958878517151,1002,733
1200,1,Fast,0.8381901383399963,953,822
1200,1,Fast,0.8156773447990417,1151,931
1200,1,Fast,0.5136412978172302,880,776
1200,1,Fast,0.4056239426136017,799,756
1200,1,Fast,0.3418269455432892,904,353
1201,1,Fast,0.8537386655807495,957,832
1201,1,Fast,0.7927746176719666,1146,922
1201,1,Fast,0.506656289100647,904,352
1201,1,Fast,0.4280139207839966,876,308
1201,1,Fast,0.41637665033340454,878,361
1202,1,Fast,0.8546063899993896,960,842
1202,1,Fast,0.7829421162605286,1141,915
1202,1,Fast,0.6617700457572937,904,350
1202,1,Fast,0.4343830347061157,876,307
1202,1,Fast,0.3523964285850525,885,790
1202,1,Fast,0.31914347410202026,993,711
1203,1,Fast,0.8339494466781616,965,852
1203,1,Fast,0.7876821756362915,1136,907
1203,1,Fast,0.6906744241714478,904,349
1203,1,Fast,0.6426918506622314,888,797
1203,1,Fast,0.4990870952606201,990,705
1203,1,Fast,0.40060004591941833,1151,1015
1203,1,Fast,0.39922666549682617,897,312
1203,1,Fast,0.39598971605300903,877,306
1203,1,Fast,0.3369874358177185,850,524
1203,1,Fast,0.32927289605140686,878,357
1204,1,Fast,0.8192816376686096,970,863
1204,1,Fast,0.8000624179840088,1132,898
1204,1,Fast,0.6524563431739807,904,347
1204,1,Fast,0.62010657787323,851,528
1204,1,Fast,0.6004729866981506,1143,1001
1204,1,Fast,0.5202111601829529,988,699
1204,1,Fast,0.5185161828994751,897,310
1204,1,Fast,0.4932761490345001,890,803
1204,1,Fast,0.3962748646736145,877,355
1205,1,Fast,0.8431121706962585,974,873
1205,1,Fast,0.8198437690734863,1137,988
1205,1,Fast,0.7096575498580933,852,532
1205,1,Fast,0.6802939772605896,904,346
1205,1,Fast,0.6304754018783569,897,310
1205,1,Fast,0.6030842661857605,1128,890
1205,1,Fast,0.5952178239822388,876,302
1205,1,Fast,0.5743173360824585,877,353
1205,1,Fast,0.431386262178421,892,814
1206,1,Fast,0.8455767035484314,1123,881
1206,1,Fast,0.7764322757720947,903,344
1206,1,Fast,0.7649788856506348,853,536
1206,1,Fast,0.7473138570785522,1130,977
1206,1,Fast,0.7417762875556946,979,884
1206,1,Fast,0.6360200047492981,897,307
1206,1,Fast,0.5828101634979248,983,686
1206,1,Fast,0.5444172620773315,895,823
1206,1,Fast,0.5280866026878357,877,351
1206,1,Fast,0.49821043014526367,876,301
1207,1,Fast,0.7967209815979004,903,343
1207,1,Fast,0.7610611915588379,855,540
1207,1,Fast,0.7583540678024292,897,832
1207,1,Fast,0.7196925282478333,983,896
1207,1,Fast,0.7178378105163574,1123,964
1207,1,Fast,0.6632477641105652,897,306
1207,1,Fast,0.6343531012535095,980,680
1207,1,Fast,0.549748957157135,1119,874
1207,1,Fast,0.300696462392807,876,298
1208,1,Fast,0.8389966487884521,988,908
1208,1,Fast,0.8088900446891785,903,341
1208,1,Fast,0.7887383103370667,1117,951
1208,1,Fast,0.7103042602539062,896,305
1208,1,Fast,0.6961340308189392,899,840
1208,1,Fast,0.6493200063705444,856,544
1208,1,Fast,0.5998507738113403,978,673
1208,1,Fast,0.5931695699691772,1010,570
1208,1,Fast,0.4993278980255127,875,298
1208,1,Fast,0.4847066104412079,1114,866
1208,1,Fast,0.3558279871940613,804,788
1209,1,Fast,0.8029347658157349,993,920
1209,1,Fast,0.7426627278327942,903,340
1209,1,Fast,0.7352942824363708,856,549
1209,1,Fast,0.7222378849983215,1110,860
1209,1,Fast,0.6631936430931091,903,849
1209,1,Fast,0.6414756774902344,975,668
1209,1,Fast,0.6237176060676575,1010,567
1209,1,Fast,0.5912773609161377,1111,939
1209,1,Fast,0.5866153836250305,895,304
1209,1,Fast,0.4073246419429779,876,297
1209,1,Fast,0.3568255305290222,804,791
1210,1,Fast,0.7799732685089111,997,931
1210,1,Fast,0.7308650016784668,858,553
1210,1,Fast,0.7297921776771545,1106,852
1210,1,Fast,0.7141684293746948,1008,564
1210,1,Fast,0.6107553243637085,902,339
1210,1,Fast,0.4794694185256958,972,662
1210,1,Fast,0.46491190791130066,906,858
1210,1,Fast,0.3717055022716522,896,303
1211,1,Fast,0.8409227132797241,1002,943
1211,1,Fast,0.6947459578514099,859,558
1211,1,Fast,0.6715139150619507,1007,561
1211,1,Fast,0.6404173374176025,1102,845
1211,1,Fast,0.5293595790863037,902,337
1211,1,Fast,0.4559895992279053,896,302
1211,1,Fast,0.452303946018219,877,294
1211,1,Fast,0.44855672121047974,1098,916
1212,1,Fast,0.8418546319007874,1008,955
1212,1,Fast,0.7373528480529785,860,563
1212,1,Fast,0.6355803608894348,967,649
1212,1,Fast,0.6000949740409851,902,336
1212,1,Fast,0.5316259264945984,1005,557
1212,1,Fast,0.4569545090198517,913,876
1212,1,Fast,0.36995458602905273,895,301
1212,1,Fast,0.3410572111606598,1093,905
1212,1,Fast,0.32564473152160645,875,342
1213,1,Fast,0.8209959268569946,861,567
1213,1,Fast,0.7811829447746277,1014,968
1213,1,Fast,0.7372714281082153,875,340
1213,1,Fast,0.5956023931503296,902,334
1213,1,Fast,0.5729080438613892,965,645
1213,1,Fast,0.405394047498703,1096,831
1214,1,Fast,0.7965551018714905,863,572
1214,1,Fast,0.7702223658561707,875,337
1214,1,Fast,0.7476220726966858,1091,823
1214,1,Fast,0.7149786949157715,963,639
1214,1,Fast,0.5439845323562622,1020,980
1214,2,Slow,0.4904220402240753,902,333
1215,1,Fast,0.7321594953536987,864,577
1215,1,Fast,0.6265324354171753,961,633
1215,1,Fast,0.6254483461380005,874,336
1215,1,Fast,0.5549933910369873,1088,816
1215,1,Fast,0.5061425566673279,1026,993
1215,1,Fast,0.48772770166397095,927,377
1215,2,Slow,0.3645842373371124,901,331
1216,1,Fast,0.825925350189209,865,582
1216,1,Fast,0.695664644241333,958,627
1216,1,Fast,0.6819947957992554,812,821
1216,1,Fast,0.6576210856437683,925,913
1216,1,Fast,0.6409375071525574,1294,1026
1216,1,Fast,0.571306049823761,1032,1008
1216,1,Fast,0.5525180101394653,874,334
1216,1,Fast,0.5338536500930786,901,330
1216,1,Fast,0.531584620475769,896,295
1216,1,Fast,0.4019092321395874,926,376
1216,1,Fast,0.39858564734458923,1085,811
1216,1,Fast,0.3742496073246002,876,287
1217,1,Fast,0.8255613446235657,929,923
1217,1,Fast,0.8186904191970825,867,587
1217,1,Fast,0.6960640549659729,814,825
1217,1,Fast,0.6833125948905945,1038,1022
1217,1,Fast,0.6482893824577332,901,329
1217,1,Fast,0.5731353163719177,874,332
1217,1,Fast,0.5639071464538574,896,294
1217,1,Fast,0.5019218921661377,1081,802
1217,1,Fast,0.4900459051132202,956,621
1217,1,Fast,0.4412551522254944,995,541
1218,1,Fast,0.7845396399497986,931,931
1218,1,Fast,0.697216272354126,868,592
1218,1,Fast,0.6956444382667542,901,327
1218,1,Fast,0.643083930015564,955,616
1218,1,Fast,0.6238230466842651,1045,1037
1218,1,Fast,0.6103708744049072,815,829
1219,1,Fast,0.7705450654029846,901,326
1219,1,Fast,0.7634549736976624,870,597
1219,1,Fast,0.6329030394554138,895,291
1219,1,Fast,0.6164723634719849,1054,1049
1219,1,Fast,0.5651230812072754,816,835
1219,1,Fast,0.5617534518241882,935,941
1219,1,Fast,0.3240277171134949,953,611
1220,1,Fast,0.7542271018028259,900,325
1220,1,Fast,0.7114852666854858,939,951
1220,1,Fast,0.6588407158851624,872,603
1220,1,Fast,0.6007114052772522,951,607
1220,1,Fast,0.48902684450149536,992,533
1221,1,Fast,0.7496152520179749,873,608
1221,1,Fast,0.700190007686615,900,323
1221,1,Fast,0.679650604724884,942,962
1221,1,Fast,0.663020670413971,949,601
1221,1,Fast,0.5424268245697021,991,529
1221,1,Fast,0.41323477029800415,1266,986
1222,1,Fast,0.8048807978630066,947,974
1222,1,Fast,0.7766581773757935,874,613
1222,1,Fast,0.7547498345375061,900,323
1222,1,Fast,0.7375513315200806,1198,996
1222,1,Fast,0.5617194175720215,990,527
1222,1,Fast,0.4877605736255646,874,324
1222,1,Fast,0.4670065641403198,947,597
1222,1,Fast,0.35912638902664185,1262,977
1223,1,Fast,0.6908093094825745,900,321
1223,1,Fast,0.6064130663871765,876,619
1223,1,Fast,0.5521615743637085,1037,795
1223,1,Fast,0.5159693360328674,1193,987
1223,1,Fast,0.37909457087516785,873,323
1223,1,Fast,0.3303508460521698,944,592
1224,1,Fast,0.7400778532028198,1034,787
1224,1,Fast,0.6966460347175598,900,319
1224,1,Fast,0.6398100852966309,943,587
1224,1,Fast,0.638231098651886,877,624
1224,1,Fast,0.5305555462837219,987,522
1224,1,Fast,0.4303659200668335,1057,759
1224,1,Fast,0.4130980968475342,1251,962
1224,1,Fast,0.40786024928092957,956,995
1224,1,Fast,0.341332346200943,1187,977
1225,1,Fast,0.6766083836555481,900,318
1225,1,Fast,0.6333373785018921,1030,778
1225,1,Fast,0.5512158870697021,941,582
1225,1,Fast,0.4467817544937134,1182,968
1225,1,Fast,0.41412419080734253,997,610
1225,1,Fast,0.39779308438301086,985,518
1225,1,Fast,0.33678919076919556,879,629
1225,1,Fast,0.3274337947368622,1054,754
1226,1,Fast,0.6445979475975037,900,317
1226,1,Fast,0.48367536067962646,1026,770
1226,1,Fast,0.47869592905044556,881,635
1226,1,Fast,0.32987260818481445,940,577
1226,2,Slow,0.31353408098220825,819,541
1226,1,Fast,0.30695271492004395,964,1018
1227,1,Fast,0.6335679292678833,900,316
1227,1,Fast,0.5967082977294922,1023,761
1227,1,Fast,0.5615924000740051,883,641
1228,1,Fast,0.7580974102020264,885,647
1228,1,Fast,0.5615353584289551,900,315
1228,1,Fast,0.32252371311187744,824,879
1229,1,Fast,0.8464854955673218,887,652
1229,1,Fast,0.6950988173484802,825,884
1229,1,Fast,0.6227582097053528,900,313
1229,1,Fast,0.6225893497467041,935,563
1229,1,Fast,0.5661258101463318,980,506
1230,1,Fast,0.8846457004547119,888,658
1230,1,Fast,0.7942207455635071,934,559
1230,1,Fast,0.7270264029502869,979,504
1230,1,Fast,0.6279650330543518,900,312
1230,1,Fast,0.5688746571540833,827,888
1230,2,Slow,0.4826124906539917,835,443
1230,1,Fast,0.40014123916625977,810,453
1230,1,Fast,0.3601030707359314,1156,924
1231,1,Fast,0.8811600804328918,890,664
1231,1,Fast,0.733046293258667,1007,731
1231,1,Fast,0.67873615026474,977,501
1231,1,Fast,0.6019805073738098,899,310
1231,1,Fast,0.47625115513801575,933,555
1232,1,Fast,0.8916486501693726,892,670
1232,1,Fast,0.714718222618103,931,551
1232,1,Fast,0.5842674374580383,1004,724
1232,1,Fast,0.5566603541374207,1212,905
1232,1,Fast,0.5210870504379272,899,309
1232,1,Fast,0.5107314586639404,976,499
1233,1,Fast,0.858583390712738,894,677
1233,1,Fast,0.7281529307365417,930,547
1233,1,Fast,0.4645305573940277,1141,898
1233,1,Fast,0.4576040506362915,975,497
1233,1,Fast,0.41506227850914,1208,897
1233,1,Fast,0.38519418239593506,899,308
1234,1,Fast,0.8575543761253357,896,683
1234,1,Fast,0.5559353232383728,1135,889
1234,1,Fast,0.4635457694530487,929,543
1234,1,Fast,0.38695842027664185,899,306
1234,1,Fast,0.3433937430381775,997,710
1234,1,Fast,0.3253346383571625,1203,891
1235,1,Fast,0.8283018469810486,898,690
1235,1,Fast,0.5014023780822754,927,538
1235,1,Fast,0.3582758605480194,1132,882
1235,1,Fast,0.33080825209617615,994,703
1235,1,Fast,0.33051803708076477,898,304
1236,1,Fast,0.7902215719223022,900,696
1236,1,Fast,0.7403758764266968,836,922
1236,1,Fast,0.4439276456832886,812,469
1236,1,Fast,0.41699928045272827,898,303
1236,1,Fast,0.40160322189331055,1195,876
1236,1,Fast,0.37453487515449524,1126,873
1237,1,Fast,0.7779967188835144,837,927
1237,1,Fast,0.6995611786842346,902,704
1237,1,Fast,0.6666555404663086,924,530
1237,1,Fast,0.35961511731147766,898,302
1238,1,Fast,0.7556806802749634,838,932
1238,1,Fast,0.6579819321632385,923,525
1238,1,Fast,0.5689598917961121,973,561
1238,2,Slow,0.42190834879875183,828,587
1238,1,Fast,0.4135402739048004,904,710
1239,1,Fast,0.7806141972541809,922,521
1239,1,Fast,0.7568418979644775,839,939
1239,1,Fast,0.5614308714866638,972,558
1239,2,Slow,0.40098026394844055,841,473
1239,1,Fast,0.3273507058620453,908,717
1240,1,Fast,0.6415883898735046,977,669
1240,1,Fast,0.6008095145225525,910,724
1240,1,Fast,0.5728655457496643,921,517
1240,1,Fast,0.5621863603591919,841,945
1240,1,Fast,0.5079873204231262,813,481
1240,2,Slow,0.4313858151435852,841,475
1240,1,Fast,0.3793853521347046,897,298
1240,1,Fast,0.3220404386520386,1110,843
1241,1,Fast,0.6342369318008423,912,731
1241,1,Fast,0.5866851806640625,920,514
1241,1,Fast,0.5802258849143982,1105,836
1241,1,Fast,0.5741691589355469,842,951
1241,1,Fast,0.44607120752334595,897,297
1242,1,Fast,0.8368063569068909,915,739
1242,1,Fast,0.5652448534965515,919,510
1242,1,Fast,0.5400039553642273,972,657
1242,2,Slow,0.468517541885376,843,482
1242,1,Fast,0.3408556580543518,813,488
1243,1,Fast,0.8394213914871216,918,746
1243,1,Fast,0.6597083806991577,917,506
1243,2,Slow,0.5031115412712097,843,486
1243,1,Fast,0.4281962513923645,898,295
1243,1,Fast,0.31142091751098633,813,490
1244,1,Fast,0.8633344173431396,920,753
1244,1,Fast,0.7193101048469543,916,502
1244,1,Fast,0.6025686860084534,847,969
1244,1,Fast,0.5883508324623108,898,294
1244,1,Fast,0.4488074481487274,963,541
1244,1,Fast,0.3868946433067322,813,493
1244,2,Slow,0.3415130078792572,844,490
1245,1,Fast,0.8504023551940918,923,760
1245,1,Fast,0.7465944886207581,849,974
1245,1,Fast,0.7030957341194153,916,499
1245,1,Fast,0.6413682103157043,963,638
1245,1,Fast,0.5237353444099426,814,495
1245,2,Slow,0.41181567311286926,845,493
1246,1,Fast,0.8426803350448608,926,768
1246,1,Fast,0.5454607009887695,961,632
1246,1,Fast,0.4760136008262634,851,980
1246,1,Fast,0.4754445254802704,916,495
1246,1,Fast,0.4331512153148651,960,535
1246,1,Fast,0.3882414996623993,898,292
1246,1,Fast,0.36085784435272217,814,497
1247,1,Fast,0.8435530066490173,928,776
1247,1,Fast,0.7627573013305664,853,986
1247,1,Fast,0.38180914521217346,898,290
1247,2,Slow,0.37230929732322693,846,500
1248,1,Fast,0.8643383979797363,931,783
1248,1,Fast,0.6872709393501282,855,992
1248,1,Fast,0.5694285035133362,815,504
1248,2,Slow,0.5636667013168335,846,504
1248,1,Fast,0.43407145142555237,898,289
1249,1,Fast,0.8515409231185913,934,792
1249,1,Fast,0.6671061515808105,956,524
1249,1,Fast,0.6492663621902466,857,998
1249,1,Fast,0.6209080219268799,816,505
1249,2,Slow,0.5667581558227539,846,507
1249,1,Fast,0.31954270601272583,1074,780
1250,1,Fast,0.8608094453811646,937,800
1250,1,Fast,0.6732726097106934,955,521
1250,1,Fast,0.6445841789245605,816,509
1250,2,Slow,0.5819283127784729,847,512
1250,1,Fast,0.5147514343261719,952,609
1250,1,Fast,0.3440178334712982,897,286
1251,1,Fast,0.8692633509635925,941,809
1251,1,Fast,0.7052928805351257,817,513
1251,1,Fast,0.691581130027771,949,604
1251,1,Fast,0.5273017883300781,953,519
1251,2,Slow,0.5124042630195618,849,516
1252,1,Fast,0.8551473617553711,944,818
1252,1,Fast,0.7885288000106812,947,599
1252,1,Fast,0.7173269391059875,818,517
1252,1,Fast,0.5130478143692017,851,520
1252,1,Fast,0.3246532380580902,987,619
1253,1,Fast,0.8703365921974182,948,828
1253,1,Fast,0.662606954574585,945,593
1253,1,Fast,0.6202021241188049,818,520
1253,1,Fast,0.46464797854423523,950,512
1253,1,Fast,0.3975626230239868,865,1027
1253,1,Fast,0.337705135345459,1060,757
1254,1,Fast,0.8663226962089539,951,837
1254,1,Fast,0.7887775301933289,867,1033
1254,1,Fast,0.6733301281929016,1057,751
1254,1,Fast,0.6236829161643982,820,523
1254,1,Fast,0.527107834815979,944,588
1254,1,Fast,0.4697200357913971,948,510
1254,2,Slow,0.4229174852371216,851,529
1254,1,Fast,0.394214391708374,897,282
1255,1,Fast,0.8696650266647339,954,845
1255,1,Fast,0.7751387357711792,868,1040
1255,1,Fast,0.764948844909668,821,526
1255,1,Fast,0.6852793097496033,981,607
1255,1,Fast,0.5687811970710754,947,507
1255,2,Slow,0.5072872042655945,850,534
1256,1,Fast,0.8521621823310852,957,854
1256,1,Fast,0.7594118714332581,871,1044
1256,1,Fast,0.6343858242034912,820,529
1257,1,Fast,0.8651793599128723,961,864
1257,1,Fast,0.6836745142936707,874,1048
1257,1,Fast,0.5961514711380005,821,534
1257,1,Fast,0.30591902136802673,945,500
1258,1,Fast,0.8727446794509888,965,873
1258,1,Fast,0.771009087562561,944,497
1258,1,Fast,0.6652845740318298,821,535
1258,1,Fast,0.5306588411331177,878,1052
1258,1,Fast,0.34429413080215454,897,276
1258,2,Slow,0.33847203850746155,950,436
1259,1,Fast,0.8623580932617188,969,883
1259,1,Fast,0.6949053406715393,821,539
1259,1,Fast,0.45054587721824646,1042,721
1259,1,Fast,0.372476190328598,879,1055
1259,1,Fast,0.35143113136291504,943,495
1260,1,Fast,0.8596400022506714,973,895
1260,1,Fast,0.8017515540122986,942,491
1260,1,Fast,0.6609323620796204,898,274
1260,1,Fast,0.5149067640304565,821,545
1260,1,Fast,0.48130694031715393,832,544
1260,1,Fast,0.47175320982933044,822,539
1260,1,Fast,0.47141382098197937,859,551
1260,1,Fast,0.46551084518432617,972,588
1260,1,Fast,0.35556507110595703,880,1058
1261,1,Fast,0.8713531494140625,978,905
1261,1,Fast,0.764570415019989,940,488
1261,1,Fast,0.6346295475959778,822,546
1261,1,Fast,0.524183452129364,898,273
1261,1,Fast,0.4671577513217926,831,547
1261,1,Fast,0.45419129729270935,929,553
1262,1,Fast,0.8499974608421326,982,915
1262,1,Fast,0.7177948951721191,939,485
1262,1,Fast,0.6530383229255676,826,549
1262,1,Fast,0.46041208505630493,823,545
1262,1,Fast,0.4549654424190521,897,271
1263,1,Fast,0.8749192953109741,986,925
1263,1,Fast,0.7016962766647339,827,552
1263,1,Fast,0.5302091836929321,937,482
1263,2,Slow,0.35250818729400635,859,567
1264,1,Fast,0.8596252799034119,990,937
1264,1,Fast,0.735904335975647,829,555
1264,1,Fast,0.4427051842212677,936,480
1264,1,Fast,0.38993892073631287,924,539
1264,2,Slow,0.3609541654586792,860,570
1264,2,Slow,0.3165503740310669,965,572
1265,1,Fast,0.7872939705848694,994,947
1265,1,Fast,0.6474277973175049,828,561
1265,2,Slow,0.31240585446357727,963,567
1266,1,Fast,0.7026207447052002,999,958
1266,1,Fast,0.6762018203735352,828,564
1266,1,Fast,0.5105836391448975,922,529
1266,1,Fast,0.361887663602829,934,475
1267,1,Fast,0.692730724811554,1004,969
1267,1,Fast,0.6799086928367615,829,567
1267,1,Fast,0.6795195937156677,920,525
1267,1,Fast,0.4556868076324463,1018,677
1268,1,Fast,0.7565618753433228,829,571
1268,1,Fast,0.7064834237098694,919,521
1268,1,Fast,0.648399829864502,1016,672
1268,1,Fast,0.43234097957611084,897,423
1269,1,Fast,0.72567218542099,830,577
1269,1,Fast,0.3814317286014557,917,517
1269,1,Fast,0.309647798538208,897,421
1270,1,Fast,0.7513453960418701,831,580
1270,1,Fast,0.7224084138870239,916,512
1270,1,Fast,0.594789445400238,931,463
1270,1,Fast,0.49302560091018677,1019,1006
1270,2,Slow,0.4697347581386566,940,411
1271,1,Fast,0.6804269552230835,831,584
1271,1,Fast,0.5360062122344971,930,461
1271,2,Slow,0.357035368680954,955,547
1271,1,Fast,0.3498880863189697,897,262
1271,2,Slow,0.3343610167503357,939,409
1271,1,Fast,0.308729350566864,1025,1018
1272,1,Fast,0.63416987657547,930,458
1272,1,Fast,0.6316420435905457,832,588
1272,2,Slow,0.3301379084587097,954,543
1272,1,Fast,0.3185536563396454,1031,1032
1273,1,Fast,0.6294302940368652,833,592
1273,1,Fast,0.5486605167388916,928,455
1273,1,Fast,0.4296700954437256,911,500
1273,2,Slow,0.3104557693004608,875,617
1273,1,Fast,0.30211150646209717,1036,1044
1274,2,Slow,0.6071178317070007,876,621
1274,1,Fast,0.580642819404602,928,453
1274,1,Fast,0.43259888887405396,835,594
1275,1,Fast,0.6861571073532104,839,599
1275,1,Fast,0.6329007744789124,927,450
1275,2,Slow,0.5001068115234375,878,627
1275,1,Fast,0.375423789024353,1068,669
1276,1,Fast,0.665858805179596,840,602
1276,1,Fast,0.5318314433097839,926,447
1276,2,Slow,0.5170984864234924,949,530
1276,1,Fast,0.5134292840957642,998,634
1276,1,Fast,0.40807583928108215,892,402
1276,1,Fast,0.3352821171283722,935,400
1277,1,Fast,0.8109042048454285,906,485
1277,1,Fast,0.5436093807220459,934,397
1277,1,Fast,0.4635506868362427,948,527
1277,1,Fast,0.41732528805732727,924,445
1277,1,Fast,0.31352487206459045,995,630
1278,1,Fast,0.7435528039932251,905,481
1278,1,Fast,0.6977169513702393,924,443
1278,1,Fast,0.6430482268333435,933,396
1278,1,Fast,0.5600740909576416,993,624
1279,1,Fast,0.8015751838684082,991,621
1279,1,Fast,0.6858382821083069,933,394
1279,1,Fast,0.5511245727539062,903,478
1279,1,Fast,0.54721599817276,923,440
1279,1,Fast,0.4912199378013611,892,395
1280,1,Fast,0.5820428729057312,989,617
1280,1,Fast,0.5747607350349426,922,437
1280,1,Fast,0.31263288855552673,944,518
1281,1,Fast,0.6217477321624756,922,436
1281,1,Fast,0.6176135540008545,892,391
1281,1,Fast,0.5359967350959778,844,626
1281,1,Fast,0.49227845668792725,987,613
1281,1,Fast,0.3567919433116913,932,390
1282,1,Fast,0.7869839072227478,844,630
1282,2,Slow,0.5925464034080505,941,511
1282,1,Fast,0.5780774354934692,891,388
1282,1,Fast,0.45750975608825684,985,609
1282,1,Fast,0.4399040639400482,921,433
1283,1,Fast,0.7957795262336731,845,635
1283,2,Slow,0.4362828731536865,940,508
1283,2,Slow,0.3931422233581543,897,464
1283,2,Slow,0.35604795813560486,932,387
1283,1,Fast,0.3170951306819916,920,431
1284,1,Fast,0.7411501407623291,845,638
1284,2,Slow,0.48553964495658875,939,505
1284,2,Slow,0.4097041189670563,932,386
1285,1,Fast,0.6500215530395508,919,426
1285,2,Slow,0.6051934957504272,939,502
1285,2,Slow,0.48063725233078003,931,383
1285,1,Fast,0.3342982828617096,897,457
1286,2,Slow,0.7784085869789124,938,499
1286,1,Fast,0.6721394062042236,918,424
1287,1,Fast,0.6801454424858093,918,422
1287,2,Slow,0.6731853485107422,937,495
1287,1,Fast,0.6187586188316345,851,653
1288,1,Fast,0.7920837998390198,853,657
1288,2,Slow,0.728191077709198,935,493
1288,1,Fast,0.6960930824279785,889,373
1288,1,Fast,0.3567044138908386,929,378
1288,1,Fast,0.32211384177207947,917,419
1289,1,Fast,0.745093047618866,889,371
1289,1,Fast,0.6582055687904358,854,660
1289,2,Slow,0.6416469812393188,934,490
1289,1,Fast,0.3353530764579773,917,416
1290,2,Slow,0.7959560751914978,933,487
1290,1,Fast,0.706706166267395,889,370
1290,1,Fast,0.6834694147109985,855,664
1290,1,Fast,0.5187919735908508,971,577
1291,2,Slow,0.73636394739151,931,484
1291,1,Fast,0.7239440083503723,889,368
1291,1,Fast,0.6323506832122803,891,437
1291,1,Fast,0.5500853061676025,969,572
1291,1,Fast,0.3784160017967224,928,373
1291,1,Fast,0.3666132092475891,857,670
1292,1,Fast,0.7320635318756104,890,366
1292,1,Fast,0.7264691591262817,892,435
1292,1,Fast,0.6006972193717957,858,676
1292,1,Fast,0.36105701327323914,914,409
1292,2,Slow,0.31547948718070984,932,481
1293,1,Fast,0.7691704630851746,859,681
1293,1,Fast,0.6772785186767578,889,364
1293,2,Slow,0.5930027365684509,930,479
1293,1,Fast,0.5401849150657654,913,408
1293,1,Fast,0.4970923960208893,891,431
1293,1,Fast,0.4743296504020691,928,370
1294,1,Fast,0.7876985669136047,861,686
1294,1,Fast,0.7324298024177551,1274,1062
1294,1,Fast,0.6539703011512756,913,406
1294,1,Fast,0.6392006874084473,890,427
1294,1,Fast,0.6270229816436768,889,361
1294,2,Slow,0.5955036282539368,929,477
1294,1,Fast,0.5211820006370544,927,368
1294,1,Fast,0.34032878279685974,963,562
1295,1,Fast,0.801044225692749,1262,1056
1295,1,Fast,0.7591134905815125,890,425
1295,1,Fast,0.6985029578208923,913,403
1295,2,Slow,0.6477236151695251,928,473
1295,1,Fast,0.6131967306137085,926,366
1295,1,Fast,0.6075535416603088,861,693
1295,1,Fast,0.5988463163375854,961,558
1295,1,Fast,0.5084816813468933,889,358
1296,1,Fast,0.8451953530311584,1251,1050
1296,1,Fast,0.838051974773407,863,697
1296,2,Slow,0.7798237800598145,928,470
1296,1,Fast,0.7505420446395874,889,421
1296,1,Fast,0.7422145009040833,926,364
1296,1,Fast,0.6935191750526428,890,357
1296,1,Fast,0.6858528852462769,960,555
1296,1,Fast,0.640332818031311,913,401
1297,1,Fast,0.7872738838195801,864,702
1297,2,Slow,0.7848300337791443,927,467
1297,1,Fast,0.7385751605033875,1243,1041
1297,1,Fast,0.7019293904304504,925,363
1297,1,Fast,0.6945074796676636,889,355
1297,1,Fast,0.6849052906036377,959,551
1297,1,Fast,0.6061627268791199,912,399
1297,1,Fast,0.5651702880859375,888,419
1298,1,Fast,0.7577511072158813,867,709
1298,1,Fast,0.7511386275291443,887,416
1298,1,Fast,0.747487485408783,890,353
1298,2,Slow,0.7427613139152527,926,465
1298,1,Fast,0.6803035140037537,959,548
1298,1,Fast,0.6543886661529541,912,396
1298,1,Fast,0.6423873901367188,925,362
1298,1,Fast,0.4982682466506958,1236,1030
1299,1,Fast,0.801528811454773,1228,1017
1299,2,Slow,0.7845087051391602,925,461
1299,1,Fast,0.7652533054351807,889,351
1299,1,Fast,0.6861515641212463,957,544
1299,1,Fast,0.6643767952919006,911,394
1299,1,Fast,0.463161826133728,870,715
1299,1,Fast,0.41523343324661255,925,360
1300,1,Fast,0.8599660992622375,1223,1007
1300,1,Fast,0.8416592478752136,872,719
1300,2,Slow,0.8069905042648315,924,459
1300,1,Fast,0.7323141098022461,890,350
1300,1,Fast,0.6824220418930054,956,540
1300,1,Fast,0.6477547287940979,886,408
1300,1,Fast,0.6162044405937195,910,392
1300,1,Fast,0.516147255897522,924,358
1301,2,Slow,0.8332982063293457,924,457
1301,1,Fast,0.8310393691062927,872,723
1301,1,Fast,0.8285624980926514,1215,996
1301,1,Fast,0.7360450029373169,955,536
1301,1,Fast,0.562381386756897,890,348
1301,1,Fast,0.4696686863899231,924,357
1302,1,Fast,0.860744297504425,1207,985
1302,2,Slow,0.823353111743927,923,454
1302,1,Fast,0.7586657404899597,954,533
1302,1,Fast,0.6991352438926697,873,726
1302,1,Fast,0.656395673751831,924,355
1302,1,Fast,0.5159095525741577,890,346
1302,1,Fast,0.42757076025009155,884,404
1303,1,Fast,0.8438695073127747,1201,974
1303,1,Fast,0.7700199484825134,953,530
1303,2,Slow,0.7688996195793152,922,451
1303,1,Fast,0.6454303860664368,884,402
1303,1,Fast,0.5201735496520996,924,353
1303,1,Fast,0.4568244516849518,890,344
1303,1,Fast,0.4023813307285309,909,386
1303,1,Fast,0.328138142824173,875,735
1304,1,Fast,0.8501209020614624,1195,964
1304,1,Fast,0.7571275234222412,951,526
1304,2,Slow,0.5277623534202576,923,449
1304,1,Fast,0.4526297152042389,909,385
1304,1,Fast,0.35636934638023376,889,342
1305,1,Fast,0.7996819615364075,1187,955
1305,1,Fast,0.7845131754875183,949,524
1305,1,Fast,0.701677143573761,880,747
1305,2,Slow,0.6745602488517761,920,447
1305,1,Fast,0.5994045734405518,908,384
1305,1,Fast,0.5535646677017212,885,396
1306,1,Fast,0.8049128651618958,881,752
1306,1,Fast,0.785764217376709,949,521
1306,1,Fast,0.6606611013412476,1182,946
1306,1,Fast,0.5766215920448303,908,381
1306,2,Slow,0.5205686688423157,920,444
1306,1,Fast,0.49109938740730286,890,338
1306,1,Fast,0.46647247672080994,923,350
1307,1,Fast,0.7710117697715759,948,518
1307,1,Fast,0.6984282732009888,907,379
1307,2,Slow,0.578090488910675,920,442
1307,1,Fast,0.5702808499336243,923,348
1307,1,Fast,0.5238105058670044,890,336
1307,1,Fast,0.5112652778625488,1177,936
1307,1,Fast,0.49955034255981445,882,759
1308,1,Fast,0.8594865202903748,884,765
1308,2,Slow,0.7781773805618286,918,438
1308,1,Fast,0.7411960363388062,947,514
1308,1,Fast,0.6374756693840027,907,378
1308,1,Fast,0.6217517852783203,1171,926
1308,1,Fast,0.529442548751831,890,334
1308,1,Fast,0.4733082056045532,923,346
1309,1,Fast,0.8522415161132812,886,771
1309,2,Slow,0.7424906492233276,918,436
1309,1,Fast,0.6589213609695435,946,511
1309,1,Fast,0.5197758078575134,1166,917
1309,1,Fast,0.3998972475528717,906,376
1309,1,Fast,0.3383788466453552,890,333
1310,1,Fast,0.8410940170288086,888,777
1310,2,Slow,0.7501083016395569,918,433
1310,1,Fast,0.7342814207077026,1160,906
1310,1,Fast,0.49987223744392395,943,508
1310,1,Fast,0.46645063161849976,907,373
1310,1,Fast,0.45153576135635376,890,330
1310,1,Fast,0.3676905632019043,922,343
1311,1,Fast,0.8308219909667969,1154,899
1311,2,Slow,0.7286080718040466,916,431
1311,1,Fast,0.6910265684127808,891,783
1311,1,Fast,0.5931205153465271,907,371
1311,1,Fast,0.5732622742652893,943,504
1311,1,Fast,0.5665881633758545,922,341
1312,1,Fast,0.850235104560852,893,790
1312,1,Fast,0.8111979961395264,1149,890
1312,2,Slow,0.7610446214675903,916,429
1312,1,Fast,0.7219982147216797,941,501
1312,1,Fast,0.6938928365707397,906,370
1312,1,Fast,0.6202607154846191,922,341
1312,1,Fast,0.3418925106525421,890,327
1313,1,Fast,0.8242031931877136,895,795
1313,2,Slow,0.750465989112854,916,427
1313,1,Fast,0.7243255972862244,941,498
1313,1,Fast,0.6822339296340942,906,367
1313,1,Fast,0.653175950050354,1143,881
1313,1,Fast,0.6333518028259277,922,339
1313,1,Fast,0.31193673610687256,890,326
1314,1,Fast,0.7576318979263306,1138,872
1314,1,Fast,0.6999871134757996,897,800
1314,2,Slow,0.661169707775116,915,425
1314,1,Fast,0.6274296641349792,939,495
1314,1,Fast,0.5937079787254333,922,337
1314,1,Fast,0.5767161250114441,906,366
1315,1,Fast,0.7934024930000305,1133,863
1315,1,Fast,0.7402178049087524,938,492
1315,1,Fast,0.7137773633003235,899,810
1315,2,Slow,0.6428604125976562,915,422
1316,1,Fast,0.7683175802230835,901,816
1316,1,Fast,0.5876103639602661,937,489
1316,2,Slow,0.5753659605979919,914,420
1316,1,Fast,0.4213825464248657,921,335
1316,1,Fast,0.3460363447666168,891,320
1317,1,Fast,0.8122665286064148,904,824
1317,1,Fast,0.6426081657409668,935,486
1317,1,Fast,0.42162808775901794,921,333
1317,1,Fast,0.35256895422935486,891,318
1317,2,Slow,0.3525369465351105,913,419
1318,1,Fast,0.8069800734519958,907,830
1319,1,Fast,0.738075315952301,908,838
1319,1,Fast,0.424124538898468,990,518
1319,2,Slow,0.37950482964515686,912,413
1320,1,Fast,0.8654604554176331,911,845
1320,2,Slow,0.6965750455856323,911,411
1320,1,Fast,0.4416164457798004,1111,824
1321,1,Fast,0.878864586353302,914,852
1321,2,Slow,0.6557714343070984,910,408
1321,1,Fast,0.6513662934303284,1106,815
1321,1,Fast,0.4947693347930908,904,355
1322,1,Fast,0.8703017830848694,916,860
1322,1,Fast,0.8234348893165588,1102,808
1322,2,Slow,0.52486652135849,911,406
1322,1,Fast,0.40327146649360657,904,352
1323,1,Fast,0.8589218854904175,918,867
1323,1,Fast,0.7635040879249573,1099,803
1323,1,Fast,0.5980197191238403,904,350
1323,2,Slow,0.47281062602996826,910,405
1324,1,Fast,0.8745895028114319,923,875
1324,1,Fast,0.7307972311973572,1094,794
1324,2,Slow,0.7017673850059509,909,402
1324,1,Fast,0.6688756346702576,903,349
1325,1,Fast,0.8805989027023315,926,884
1325,1,Fast,0.6167677044868469,903,347
1325,2,Slow,0.4701887369155884,909,400
1325,1,Fast,0.44971218705177307,983,503
1326,1,Fast,0.8679790496826172,929,891
1326,2,Slow,0.5825297832489014,908,398
1326,1,Fast,0.38973116874694824,903,346
1327,1,Fast,0.815754234790802,931,898
1327,2,Slow,0.42311185598373413,908,396
1327,2,Slow,0.30771464109420776,927,458
1328,1,Fast,0.8226732015609741,934,909
1329,1,Fast,0.800385594367981,937,917
1330,1,Fast,0.8199083209037781,940,927
1330,1,Fast,0.3911265432834625,902,339
1331,1,Fast,0.8365606665611267,943,934
1332,1,Fast,0.8701690435409546,947,943
1332,2,Slow,0.570636510848999,905,387
1332,1,Fast,0.551124095916748,1062,739
1333,1,Fast,0.870868980884552,950,952
1333,1,Fast,0.4171750247478485,972,655
1333,1,Fast,0.3578484058380127,1060,734
1333,2,Slow,0.35042136907577515,905,386
1334,1,Fast,0.8696863055229187,952,961
1334,1,Fast,0.32232481241226196,1056,728
1335,1,Fast,0.8756898641586304,955,970
1336,1,Fast,0.8635177612304688,960,980
1337,1,Fast,0.8659165501594543,964,990
1338,1,Fast,0.8686528205871582,967,1000
1339,1,Fast,0.8073775768280029,971,1009
1339,1,Fast,0.6032237410545349,959,617
1340,1,Fast,0.753765881061554,975,1021
1341,1,Fast,0.7209651470184326,979,1031
1342,1,Fast,0.3532279431819916,983,1042
1343,1,Fast,0.728926956653595,986,1048
1343,1,Fast,0.5204249024391174,951,596
1344,1,Fast,0.7669814229011536,949,591
1344,1,Fast,0.44111621379852295,993,1053
1344,2,Slow,0.3040751814842224,902,364
1345,1,Fast,0.6703580021858215,947,586
1345,1,Fast,0.6094115376472473,998,1059
1346,1,Fast,0.5669820308685303,1001,1064
1352,1,Fast,0.5906044840812683,907,398
1353,1,Fast,0.577223539352417,906,396
1355,1,Fast,0.34926843643188477,831,608
1356,1,Fast,0.6718762516975403,831,611
1359,1,Fast,0.7268147468566895,834,626
1360,1,Fast,0.8652258515357971,836,630
1361,1,Fast,0.683570921421051,836,634
1362,1,Fast,0.4715266823768616,838,638
1362,1,Fast,0.41176509857177734,902,379
1363,1,Fast,0.4698162078857422,902,377
1363,1,Fast,0.40517082810401917,917,502
1364,1,Fast,0.5960028767585754,915,498
1364,1,Fast,0.4428384006023407,841,648
1365,1,Fast,0.6652485132217407,842,652
1365,1,Fast,0.3716830313205719,914,494
1366,1,Fast,0.5880808234214783,913,489
1366,1,Fast,0.3613035976886749,843,657
1366,2,Slow,0.33407920598983765,942,410
1366,1,Fast,0.33326807618141174,976,565
1367,1,Fast,0.6300703287124634,844,662
1367,1,Fast,0.3562067151069641,974,561
1368,1,Fast,0.5751075744628906,845,667
1370,1,Fast,0.714199960231781,849,679
1371,1,Fast,0.5829191207885742,850,684
1372,1,Fast,0.716509222984314,852,689
1373,1,Fast,0.8274635672569275,854,695
1374,1,Fast,0.5591449737548828,856,700
1375,1,Fast,0.7511363625526428,858,706
1375,1,Fast,0.551864504814148,960,529
1376,1,Fast,0.7219653129577637,859,710
1376,1,Fast,0.7170217633247375,902,453
1376,1,Fast,0.5201245546340942,960,526
1377,1,Fast,0.8041771054267883,861,716
1377,1,Fast,0.7059865593910217,958,524
1377,1,Fast,0.46076372265815735,901,450
1378,1,Fast,0.8577345013618469,863,723
1378,1,Fast,0.5351558327674866,957,520
1379,1,Fast,0.8724057674407959,865,728
1379,1,Fast,0.31196168065071106,956,516
1380,1,Fast,0.8725395798683167,867,734
1380,1,Fast,0.584852933883667,952,513
1380,1,Fast,0.3801839351654053,897,441
1381,1,Fast,0.881680965423584,868,738
1381,1,Fast,0.37742191553115845,951,509
1382,1,Fast,0.8170105218887329,871,744
1382,1,Fast,0.7069564461708069,950,506
1383,1,Fast,0.6243131756782532,949,503
1383,1,Fast,0.4973507523536682,873,751
1384,1,Fast,0.7722174525260925,875,757
1384,1,Fast,0.6229938864707947,947,499
1385,1,Fast,0.8139623999595642,877,763
1385,1,Fast,0.5795024037361145,947,496
1386,1,Fast,0.7814674973487854,945,492
1386,1,Fast,0.6064904928207397,879,769
1387,1,Fast,0.7748397588729858,881,776
1387,1,Fast,0.7123115062713623,945,489
1388,1,Fast,0.7074196934700012,883,785
1388,1,Fast,0.6333670616149902,943,486
1389,1,Fast,0.848812460899353,886,790
1389,1,Fast,0.6732298135757446,942,482
1390,1,Fast,0.8835468888282776,888,796
1390,1,Fast,0.3119487762451172,942,480
1391,1,Fast,0.884773850440979,891,804
1392,1,Fast,0.8861008882522583,893,811
1392,1,Fast,0.3785017132759094,888,404
1393,1,Fast,0.8662251830101013,895,818
1394,1,Fast,0.775179922580719,897,824
1395,1,Fast,0.8323085308074951,901,833
1396,1,Fast,0.8256224989891052,904,839
1397,1,Fast,0.8695164918899536,906,846
1398,1,Fast,0.8618116974830627,909,853
1399,1,Fast,0.8548992872238159,912,863
1400,1,Fast,0.8602004051208496,914,870
1401,1,Fast,0.8445483446121216,917,879
1401,1,Fast,0.43127351999282837,883,381
1402,1,Fast,0.8514947891235352,919,886
1403,1,Fast,0.859772801399231,921,895
1403,1,Fast,0.7207703590393066,858,570
1404,1,Fast,0.8654323220252991,925,904
1404,1,Fast,0.31988173723220825,861,575
1405,1,Fast,0.8586859703063965,929,912
1406,1,Fast,0.8775389194488525,932,921
1407,1,Fast,0.8506657481193542,935,931
1408,1,Fast,0.813822865486145,940,940
1408,1,Fast,0.30778583884239197,841,490
1409,1,Fast,0.8195066452026367,943,948
1409,1,Fast,0.4399033784866333,842,494
1410,1,Fast,0.8073942065238953,946,957
1410,1,Fast,0.39232292771339417,809,525
1410,1,Fast,0.38258153200149536,843,497
1411,1,Fast,0.8185804486274719,949,966
1412,1,Fast,0.8413870930671692,952,977
1413,1,Fast,0.8576411008834839,956,986
1414,1,Fast,0.8682577610015869,959,992
1415,1,Fast,0.8497810959815979,963,998
1416,1,Fast,0.38888612389564514,965,1002
1417,1,Fast,0.8072645664215088,968,1007
1417,1,Fast,0.38410839438438416,850,525
1418,1,Fast,0.6018815040588379,851,529
1419,1,Fast,0.5096415281295776,852,533
1419,1,Fast,0.40404602885246277,816,556
1420,1,Fast,0.6475187540054321,853,538
1420,1,Fast,0.572905957698822,817,560
1421,1,Fast,0.7145829200744629,854,542
1421,1,Fast,0.6975469589233398,818,564
1422,1,Fast,0.7439248561859131,855,546
1422,1,Fast,0.673642635345459,819,568
1422,1,Fast,0.4124404489994049,889,673
1423,1,Fast,0.7439740896224976,856,551
1423,1,Fast,0.7207108736038208,820,572
1424,1,Fast,0.7265515923500061,820,576
1424,1,Fast,0.6618187427520752,858,556
1425,1,Fast,0.7539835572242737,859,560
1425,1,Fast,0.6982860565185547,821,580
1425,1,Fast,0.4248570203781128,1266,1060
1426,1,Fast,0.6552334427833557,1254,1054
1426,1,Fast,0.6523426175117493,822,584
1426,1,Fast,0.5489305257797241,860,565
1427,1,Fast,0.7052142024040222,1245,1047
1427,1,Fast,0.5978142619132996,823,589
1427,1,Fast,0.5952568054199219,861,570
1427,1,Fast,0.3978123366832733,1002,1058
1428,1,Fast,0.7115041017532349,1240,1037
1428,1,Fast,0.7025838494300842,863,575
1428,1,Fast,0.5961558222770691,823,594
1428,1,Fast,0.34679359197616577,1003,1065
1429,1,Fast,0.7081546187400818,1233,1028
1429,1,Fast,0.3935839533805847,864,579
1429,1,Fast,0.3300400376319885,1009,1070
1430,1,Fast,0.6935899257659912,866,584
1430,1,Fast,0.5944193005561829,1226,1015
1431,1,Fast,0.8085293173789978,1220,1006
1431,1,Fast,0.7636337280273438,867,589
1432,1,Fast,0.7324817180633545,868,594
1432,1,Fast,0.6733901500701904,1214,997
1432,1,Fast,0.5191420912742615,828,609
1433,1,Fast,0.8244701623916626,1208,987
1433,1,Fast,0.7909273505210876,870,600
1433,1,Fast,0.44277462363243103,829,613
1433,1,Fast,0.3894692063331604,807,457
1434,1,Fast,0.8229826092720032,1202,978
1434,1,Fast,0.7754586935043335,872,604
1435,1,Fast,0.7775101065635681,873,610
1435,1,Fast,0.6478051543235779,1196,969
1435,1,Fast,0.51580810546875,831,622
1436,1,Fast,0.7672643661499023,1190,960
1436,1,Fast,0.7121948003768921,875,616
1436,1,Fast,0.6573614478111267,832,627
1437,1,Fast,0.7740290760993958,1185,952
1437,1,Fast,0.6932347416877747,876,621
1437,1,Fast,0.44204553961753845,833,631
1438,1,Fast,0.7193222045898438,834,636
1438,1,Fast,0.6990576386451721,877,626
1438,1,Fast,0.5224338173866272,1180,944
1438,1,Fast,0.4733280837535858,1090,902
1439,1,Fast,0.7108298540115356,1175,935
1439,1,Fast,0.7097267508506775,836,640
1439,1,Fast,0.6531784534454346,879,632
1439,1,Fast,0.6028696894645691,1085,893
1440,1,Fast,0.7244651317596436,934,802
1440,1,Fast,0.7148153185844421,837,644
1440,1,Fast,0.5951203107833862,1081,884
1440,1,Fast,0.5594637393951416,809,478
1440,1,Fast,0.4078151285648346,1169,926
1440,1,Fast,0.3928648829460144,881,638
1441,1,Fast,0.6279783844947815,838,649
1441,1,Fast,0.5340427756309509,1077,875
1441,2,Slow,0.3975985050201416,904,354
1441,1,Fast,0.37458667159080505,883,643
1442,1,Fast,0.6879117488861084,839,654
1442,1,Fast,0.5711864829063416,1073,867
1442,2,Slow,0.38804763555526733,904,352
1443,1,Fast,0.7348184585571289,1155,901
1443,1,Fast,0.5468900203704834,944,828
1443,1,Fast,0.5466367602348328,1068,858
1443,1,Fast,0.4559134244918823,841,658
1444,1,Fast,0.6742302179336548,1150,893
1444,1,Fast,0.5042697787284851,811,492
1444,1,Fast,0.47755104303359985,842,663
1444,1,Fast,0.3179302215576172,890,662
1444,1,Fast,0.3094536364078522,1064,850
1445,1,Fast,0.8194286823272705,1146,885
1445,1,Fast,0.7932636737823486,844,668
1445,1,Fast,0.4764278531074524,891,668
1445,1,Fast,0.3100121319293976,950,845
1446,1,Fast,0.7845970392227173,845,673
1446,1,Fast,0.5657448172569275,893,674
1446,1,Fast,0.5648027658462524,1141,877
1447,1,Fast,0.8659120798110962,846,678
1447,1,Fast,0.7036043405532837,958,863
1447,1,Fast,0.6933890581130981,895,681
1447,1,Fast,0.3664635121822357,1136,870
1448,1,Fast,0.8600450754165649,848,684
1448,1,Fast,0.7597196698188782,897,687
1448,1,Fast,0.750389039516449,962,873
1448,1,Fast,0.7247447371482849,1132,863
1448,1,Fast,0.480605810880661,811,506
1449,1,Fast,0.8496682643890381,849,689
1449,1,Fast,0.7337533831596375,899,695
1449,1,Fast,0.7144272923469543,1128,857
1449,1,Fast,0.6123889088630676,1045,811
1449,1,Fast,0.36798369884490967,812,509
1449,1,Fast,0.3344832956790924,965,883
1450,1,Fast,0.8425358533859253,851,694
1450,1,Fast,0.488757461309433,1041,803
1450,1,Fast,0.34840133786201477,902,701
1450,1,Fast,0.34151560068130493,1123,849
1451,1,Fast,0.8398412466049194,852,699
1451,1,Fast,0.5695863366127014,1037,795
1451,1,Fast,0.42317819595336914,814,517
1451,1,Fast,0.4161287248134613,904,707
1451,1,Fast,0.4014909267425537,974,904
1452,1,Fast,0.8279529213905334,854,704
1452,1,Fast,0.5750964283943176,814,520
1452,1,Fast,0.3498517572879791,978,915
1453,1,Fast,0.7957185506820679,856,711
1453,1,Fast,0.5436441898345947,815,525
1453,1,Fast,0.4606153964996338,1111,828
1454,1,Fast,0.7920590043067932,858,716
1454,1,Fast,0.556023359298706,817,529
1454,1,Fast,0.5312958359718323,986,935
1455,1,Fast,0.8280445337295532,859,722
1455,1,Fast,0.6685383915901184,1103,811
1455,1,Fast,0.6461262702941895,990,945
1455,1,Fast,0.41137874126434326,819,534
1455,1,Fast,0.40558895468711853,914,736
1455,1,Fast,0.3348067104816437,1005,570
1456,1,Fast,0.8244155645370483,861,727
1456,1,Fast,0.7991205453872681,1100,806
1456,1,Fast,0.7115623950958252,917,743
1456,1,Fast,0.6583771705627441,994,956
1456,1,Fast,0.38784974813461304,819,537
1457,1,Fast,0.8614506125450134,863,733
1457,1,Fast,0.8054364919662476,919,751
1457,1,Fast,0.7135859727859497,999,967
1457,1,Fast,0.6800931692123413,1096,800
1457,1,Fast,0.38018035888671875,1002,564
1457,1,Fast,0.35165995359420776,819,540
1458,1,Fast,0.8371233344078064,864,739
1458,1,Fast,0.7599254846572876,923,758
1458,1,Fast,0.6632149815559387,1092,792
1458,1,Fast,0.3018689751625061,818,545
1459,1,Fast,0.8489164710044861,866,744
1459,1,Fast,0.7471351623535156,1088,786
1459,1,Fast,0.7440752983093262,925,766
1459,1,Fast,0.38873040676116943,1000,558
1460,1,Fast,0.8604646325111389,868,751
1460,1,Fast,0.6725497245788574,929,774
1460,1,Fast,0.559648871421814,1085,780
1460,1,Fast,0.37511077523231506,821,553
1461,1,Fast,0.8421269655227661,870,757
1461,1,Fast,0.7426609396934509,931,782
1461,1,Fast,0.5757764577865601,823,557
1462,1,Fast,0.847909152507782,873,764
1462,1,Fast,0.38363319635391235,935,791
1462,1,Fast,0.36110904812812805,824,562
1463,1,Fast,0.8695478439331055,874,770
1463,1,Fast,0.6319537162780762,938,800
1463,1,Fast,0.5986360311508179,825,567
1464,1,Fast,0.8739703893661499,877,776
1464,1,Fast,0.7055804133415222,941,809
1464,1,Fast,0.44849300384521484,826,572
1464,1,Fast,0.3789716064929962,996,709
1465,1,Fast,0.8779628276824951,878,782
1465,1,Fast,0.863101601600647,944,817
1465,1,Fast,0.7817162275314331,828,578
1466,1,Fast,0.870418131351471,948,827
1466,1,Fast,0.8443812131881714,880,789
1466,1,Fast,0.4754559397697449,828,582
1467,1,Fast,0.8646317720413208,951,837
1467,1,Fast,0.8305289149284363,882,796
1468,1,Fast,0.8728162050247192,954,845
1468,1,Fast,0.8642627000808716,885,802
1468,1,Fast,0.5590721368789673,1059,733
1468,1,Fast,0.46609699726104736,1272,1063
1468,1,Fast,0.37643998861312866,988,531
1469,1,Fast,0.8809741139411926,886,809
1469,1,Fast,0.8645181655883789,958,855
1469,1,Fast,0.7816866040229797,1057,728
1469,1,Fast,0.6956207752227783,987,527
1469,1,Fast,0.4655236601829529,983,678
1470,1,Fast,0.8764804005622864,888,815
1470,1,Fast,0.8578829765319824,962,865
1470,1,Fast,0.778516948223114,1053,721
1470,1,Fast,0.5555039644241333,985,525
1470,1,Fast,0.4269229769706726,1256,1052
1470,1,Fast,0.3236151933670044,981,672
1471,1,Fast,0.873685896396637,890,823
1471,1,Fast,0.8620730042457581,966,874
1471,1,Fast,0.7871668934822083,1247,1047
1471,1,Fast,0.6919679045677185,1050,717
1471,1,Fast,0.3871317505836487,984,522
1472,1,Fast,0.8724995851516724,892,830
1472,1,Fast,0.8654851913452148,970,885
1472,1,Fast,0.7933024168014526,1047,711
1472,1,Fast,0.6144362688064575,1241,1038
1472,1,Fast,0.3509906530380249,982,520
1473,1,Fast,0.8782225847244263,895,837
1473,1,Fast,0.8718976974487305,974,896
1473,1,Fast,0.7943128943443298,1234,1024
1473,1,Fast,0.662994921207428,1044,706
1474,1,Fast,0.8791331648826599,897,844
1474,1,Fast,0.8697843551635742,979,906
1474,1,Fast,0.7958049178123474,1228,1013
1474,1,Fast,0.5000042915344238,1042,701
1475,1,Fast,0.8831069469451904,900,852
1475,1,Fast,0.875073254108429,983,917
1475,1,Fast,0.4793429970741272,1222,1005
1475,1,Fast,0.38575443625450134,970,646
1475,1,Fast,0.3453318476676941,1040,695
1476,1,Fast,0.8836727142333984,903,859
1476,1,Fast,0.8810473680496216,987,928
1476,1,Fast,0.7819544076919556,1216,994
1476,1,Fast,0.5382527709007263,841,632
1477,1,Fast,0.8816143274307251,992,938
1477,1,Fast,0.87453293800354,905,866
1477,1,Fast,0.7040156722068787,1211,986
1477,1,Fast,0.583973228931427,843,637
1478,1,Fast,0.8900429010391235,908,874
1478,1,Fast,0.877609372138977,996,949
1478,1,Fast,0.45354408025741577,843,643
1478,1,Fast,0.3297456204891205,964,631
1478,1,Fast,0.32146894931793213,1203,976
1479,1,Fast,0.8868042826652527,910,882
1479,1,Fast,0.8785624504089355,1001,960
1479,1,Fast,0.7641990780830383,1198,966
1479,1,Fast,0.3000432848930359,962,624
1480,1,Fast,0.8859267234802246,913,890
1480,1,Fast,0.8396450877189636,1006,972
1480,1,Fast,0.7418026328086853,1191,957
1480,1,Fast,0.7034268975257874,1133,992
1480,1,Fast,0.6820807456970215,1028,669
1480,1,Fast,0.48652881383895874,960,621
1481,1,Fast,0.8871291279792786,916,899
1481,1,Fast,0.8178976774215698,1012,984
1481,1,Fast,0.7702206373214722,1187,947
1481,1,Fast,0.7388332486152649,1026,666
1481,1,Fast,0.7194960713386536,958,616
1481,1,Fast,0.5942234396934509,1128,982
1482,1,Fast,0.8901398777961731,919,908
1482,1,Fast,0.8649353384971619,1017,997
1482,1,Fast,0.7836678624153137,1183,939
1482,1,Fast,0.6497730612754822,1023,662
1482,1,Fast,0.6323351263999939,1123,971
1482,1,Fast,0.40164560079574585,956,612
1483,1,Fast,0.8770623803138733,922,916
1483,1,Fast,0.8278713822364807,1022,1010
1483,1,Fast,0.7234140634536743,1020,658
1483,1,Fast,0.6649303436279297,955,607
1483,1,Fast,0.6298021674156189,1176,930
1484,1,Fast,0.8848317265510559,924,925
1484,1,Fast,0.8183055520057678,1028,1023
1484,1,Fast,0.7954449653625488,1018,652
1484,1,Fast,0.7757783532142639,952,602
1484,1,Fast,0.7691691517829895,1171,922
1484,1,Fast,0.4732884466648102,1111,949
1484,1,Fast,0.4552454352378845,853,678
1485,1,Fast,0.8855649828910828,927,934
1485,1,Fast,0.8376187086105347,1033,1036
1485,1,Fast,0.6667129993438721,1105,939
1485,1,Fast,0.47665935754776,1166,913
1485,1,Fast,0.46970245242118835,1015,647
1485,1,Fast,0.43108898401260376,950,598
1486,1,Fast,0.885913610458374,930,943
1486,1,Fast,0.8383486270904541,1039,1049
1486,1,Fast,0.7257731556892395,857,690
1486,1,Fast,0.6233549118041992,949,593
1486,1,Fast,0.6205558180809021,1100,929
1486,1,Fast,0.5737320780754089,1161,903
1486,1,Fast,0.38404276967048645,1013,643
1487,1,Fast,0.8815912008285522,934,951
1487,1,Fast,0.7283616662025452,1096,919
1487,1,Fast,0.6620417833328247,858,696
1487,1,Fast,0.6038309931755066,1010,637
1487,1,Fast,0.6005380153656006,1157,897
1487,1,Fast,0.5838972926139832,1047,1056
1487,1,Fast,0.5122928023338318,947,589
1488,1,Fast,0.8817429542541504,937,960
1488,1,Fast,0.7714881300926208,1090,909
1488,1,Fast,0.6317703127861023,1152,889
1488,1,Fast,0.626155436038971,1009,634
1488,2,Slow,0.4898061454296112,1056,1063
1488,1,Fast,0.37687212228775024,860,702
1489,1,Fast,0.8897554278373718,940,970
1489,1,Fast,0.7040995359420776,1085,900
1489,1,Fast,0.5777261257171631,1147,881
1489,2,Slow,0.4055140018463135,1070,1070
1489,1,Fast,0.3813369572162628,861,709
1490,1,Fast,0.8855158686637878,945,979
1490,1,Fast,0.7402178049087524,1081,890
1491,1,Fast,0.8770698308944702,947,989
1491,1,Fast,0.8444838523864746,1077,882
1491,1,Fast,0.3424093723297119,1003,620
1492,1,Fast,0.8760401010513306,951,999
1492,1,Fast,0.8356711268424988,1073,872
1492,1,Fast,0.5342345237731934,939,567
1493,1,Fast,0.8710768818855286,955,1010
1493,1,Fast,0.8161760568618774,1068,864
1493,1,Fast,0.6693946123123169,1130,851
1493,1,Fast,0.6344159245491028,938,564
1493,1,Fast,0.6069385409355164,999,612
1494,1,Fast,0.8688998222351074,958,1020
1494,1,Fast,0.8235369324684143,1064,855
1494,1,Fast,0.7821484804153442,937,561
1494,1,Fast,0.7381398677825928,1126,845
1494,1,Fast,0.6960636377334595,996,608
1495,1,Fast,0.8790362477302551,962,1030
1495,1,Fast,0.6893795132637024,994,605
1495,1,Fast,0.6198047995567322,1059,847
1495,1,Fast,0.48550084233283997,895,675
1495,1,Fast,0.3521483838558197,1122,837
1496,1,Fast,0.7995665669441223,966,1041
1496,1,Fast,0.7800524830818176,1054,838
1496,1,Fast,0.6022637486457825,993,602
1496,1,Fast,0.35821932554244995,897,682
1497,1,Fast,0.8082520365715027,970,1049
1497,1,Fast,0.7509655356407166,1050,829
1497,1,Fast,0.497570276260376,899,689
1497,1,Fast,0.4427868723869324,991,598
1498,1,Fast,0.8391214609146118,1046,821
1498,1,Fast,0.6997956037521362,901,696
1498,1,Fast,0.6962296366691589,975,1054
1498,1,Fast,0.44621822237968445,988,594
1498,1,Fast,0.4171690046787262,930,544
1499,1,Fast,0.7960364818572998,981,1060
1499,1,Fast,0.6256137490272522,1042,813
1499,1,Fast,0.5473591685295105,904,703
1499,1,Fast,0.5455985069274902,987,590
1500,1,Fast,0.7628107666969299,985,1066
1500,1,Fast,0.745505154132843,1037,804
1500,1,Fast,0.7340247631072998,907,711
1500,1,Fast,0.5347468256950378,985,587
1500,1,Fast,0.482498437166214,1219,1023
1500,1,Fast,0.32230740785598755,872,600
1501,1,Fast,0.809762179851532,1033,797
1501,1,Fast,0.6125473380088806,984,582
1501,1,Fast,0.594185471534729,1213,1012
1501,1,Fast,0.5270113945007324,1097,796
1501,1,Fast,0.4261881709098816,989,1071
1502,1,Fast,0.8662985563278198,1029,790
1502,1,Fast,0.628684401512146,982,579
1502,1,Fast,0.4542132318019867,1206,1002
1502,1,Fast,0.41230690479278564,925,528
1502,1,Fast,0.4095897674560547,1093,790
1503,1,Fast,0.7568882703781128,1026,783
1503,1,Fast,0.4950805902481079,980,575
1503,1,Fast,0.4647552967071533,915,734
1503,1,Fast,0.36886516213417053,924,524
1503,1,Fast,0.3345169425010681,1199,993
1504,1,Fast,0.7088811993598938,1023,775
1504,1,Fast,0.6192790865898132,978,571
1504,1,Fast,0.5880964994430542,918,741
1504,1,Fast,0.5788016319274902,1193,982
1504,1,Fast,0.331602543592453,878,623
1505,1,Fast,0.8183526396751404,976,566
1505,1,Fast,0.5994459986686707,1020,769
1505,1,Fast,0.5413082242012024,1188,971
1505,1,Fast,0.4122699201107025,921,517
1505,1,Fast,0.3686968982219696,881,630
1506,1,Fast,0.8402986526489258,975,563
1506,1,Fast,0.6951385736465454,1183,963
1506,1,Fast,0.6350739598274231,947,437
1506,1,Fast,0.5857043862342834,1017,762
1507,1,Fast,0.8498404622077942,973,559
1507,1,Fast,0.7680712938308716,1013,755
1507,1,Fast,0.6442744731903076,946,435
1507,1,Fast,0.47103217244148254,1177,953
1508,1,Fast,0.8141220808029175,972,556
1508,1,Fast,0.7607173323631287,886,648
1508,1,Fast,0.5715922117233276,930,773
1508,1,Fast,0.4751332104206085,1009,747
1508,1,Fast,0.31530261039733887,917,507
1509,1,Fast,0.7991722822189331,970,552
1509,1,Fast,0.6939319372177124,933,782
1509,1,Fast,0.4942893981933594,1004,741
1509,1,Fast,0.40117722749710083,888,653
1510,1,Fast,0.795299232006073,968,549
1510,1,Fast,0.7050158381462097,1001,734
1510,1,Fast,0.46794456243515015,890,660
1510,1,Fast,0.301847368478775,936,790
1511,1,Fast,0.8216204047203064,999,727
1511,1,Fast,0.821325957775116,967,546
1511,1,Fast,0.43906867504119873,893,667
1512,1,Fast,0.8532299399375916,996,721
1512,1,Fast,0.7882949113845825,965,542
1512,1,Fast,0.5586484670639038,894,674
1512,1,Fast,0.42838308215141296,1150,909
1512,1,Fast,0.34591928124427795,914,492
1513,1,Fast,0.7858417630195618,964,540
1513,1,Fast,0.7695291042327881,993,714
1513,1,Fast,0.6203272342681885,896,681
1513,1,Fast,0.35830336809158325,1146,901
1514,1,Fast,0.8123842477798462,991,709
1514,1,Fast,0.7922671437263489,963,537
1514,1,Fast,0.4908985495567322,1140,892
1515,1,Fast,0.8268256783485413,989,702
1515,1,Fast,0.7785085439682007,962,533
1515,1,Fast,0.6042277216911316,901,695
1515,1,Fast,0.5772421956062317,1135,885
1516,1,Fast,0.7679384350776672,986,696
1516,1,Fast,0.6622081398963928,960,530
1516,1,Fast,0.30010661482810974,1131,876
1517,1,Fast,0.7786663770675659,983,690
1517,1,Fast,0.6733534336090088,959,526
1518,1,Fast,0.7137690186500549,958,522
1518,1,Fast,0.6531317234039307,980,685
1518,1,Fast,0.5799591541290283,939,950
1518,1,Fast,0.36113324761390686,1213,920
1519,1,Fast,0.7994758486747742,956,519
1519,1,Fast,0.5757691264152527,977,678
1519,1,Fast,0.3170146942138672,906,471
1520,1,Fast,0.7903385162353516,955,517
1520,1,Fast,0.5012750625610352,974,672
1521,1,Fast,0.696867823600769,954,514
1521,1,Fast,0.6209774613380432,971,666
1522,1,Fast,0.7638668417930603,969,661
1522,1,Fast,0.6940917372703552,952,510
1522,1,Fast,0.506205677986145,1241,1058
1522,1,Fast,0.37158679962158203,1104,830
1523,1,Fast,0.8045730590820312,951,508
1523,1,Fast,0.7949078679084778,966,655
1523,1,Fast,0.60281902551651,1228,1051
1523,1,Fast,0.5806848406791687,1017,593
1523,1,Fast,0.3127058446407318,903,457
1524,1,Fast,0.8368864059448242,963,649
1524,1,Fast,0.753861129283905,950,504
1524,1,Fast,0.6387842297554016,1015,590
1524,1,Fast,0.5457995533943176,902,454
1524,1,Fast,0.5210442543029785,1024,665
1524,1,Fast,0.5118743181228638,926,764
1524,1,Fast,0.4738369882106781,994,936
1525,1,Fast,0.7525173425674438,949,502
1525,1,Fast,0.7418797016143799,962,644
1525,1,Fast,0.7037240862846375,1183,870
1525,1,Fast,0.5187954306602478,901,451
1525,1,Fast,0.4424379765987396,1000,947
1525,1,Fast,0.4264080226421356,1014,586
1525,1,Fast,0.3801296651363373,929,773
1525,1,Fast,0.33140748739242554,936,399
1526,1,Fast,0.7395334243774414,1179,864
1526,1,Fast,0.735839307308197,949,499
1526,1,Fast,0.7153682708740234,960,639
1526,1,Fast,0.7029010653495789,933,782
1526,1,Fast,0.48920461535453796,1206,1016
1526,1,Fast,0.4297701120376587,1006,959
1526,1,Fast,0.3588514029979706,901,449
1526,1,Fast,0.3169611096382141,1089,802
1527,1,Fast,0.7875681519508362,958,633
1527,1,Fast,0.7518880367279053,947,496
1527,1,Fast,0.620975911617279,1175,858
1527,1,Fast,0.40318793058395386,935,791
1528,1,Fast,0.8048194050788879,956,627
1528,1,Fast,0.7590495944023132,946,493
1528,1,Fast,0.5345299243927002,1191,995
1528,1,Fast,0.4504764676094055,900,444
1528,1,Fast,0.37602749466896057,1009,576
1529,1,Fast,0.8294987678527832,955,622
1529,1,Fast,0.7035552263259888,1185,984
1529,1,Fast,0.6906458735466003,945,488
1529,1,Fast,0.49852415919303894,1007,572
1530,1,Fast,0.8355626463890076,952,617
1530,1,Fast,0.7937992811203003,1005,569
1530,1,Fast,0.7864466309547424,1178,974
1530,1,Fast,0.7597637176513672,943,486
1531,1,Fast,0.8526180386543274,950,613
1531,1,Fast,0.7795764207839966,943,483
1531,1,Fast,0.7719516754150391,1172,964
1531,1,Fast,0.6566154956817627,950,828
1531,1,Fast,0.6510831713676453,1004,567
1531,1,Fast,0.4758010804653168,1006,632
1531,1,Fast,0.3150993287563324,1258,989
1532,1,Fast,0.8445098400115967,949,608
1532,1,Fast,0.7781656384468079,942,481
1532,1,Fast,0.7703611850738525,954,838
1532,1,Fast,0.7358377575874329,1166,955
1532,1,Fast,0.6786237955093384,1254,981
1532,1,Fast,0.5898833870887756,1002,564
1532,1,Fast,0.42399874329566956,1004,627
1532,1,Fast,0.3286517858505249,896,431
1533,1,Fast,0.8245062232017517,946,603
1533,1,Fast,0.8100506067276001,1160,945
1533,1,Fast,0.7411105036735535,940,479
1533,1,Fast,0.626714289188385,1248,973
1533,1,Fast,0.6015747785568237,958,848
1533,1,Fast,0.5566175580024719,1153,821
1533,1,Fast,0.4651331305503845,1002,622
1534,1,Fast,0.8276762366294861,1154,934
1534,1,Fast,0.82646244764328,1243,965
1534,1,Fast,0.8170818090438843,944,598
1534,1,Fast,0.7801519632339478,961,858
1534,1,Fast,0.5753554701805115,939,476
1534,1,Fast,0.4333341121673584,1000,618
1535,1,Fast,0.8265960216522217,1239,957
1535,1,Fast,0.8189422488212585,942,593
1535,1,Fast,0.7591577172279358,965,868
1535,1,Fast,0.7525798678398132,1148,924
1535,1,Fast,0.5920754671096802,938,474
1535,1,Fast,0.47273698449134827,997,613
1535,1,Fast,0.41754236817359924,998,555
1536,1,Fast,0.8665364384651184,996,610
1536,1,Fast,0.8496403694152832,940,589
1536,1,Fast,0.793692946434021,1142,916
1536,1,Fast,0.6538151502609253,1234,951
1536,1,Fast,0.5291892290115356,970,879
1536,1,Fast,0.46628496050834656,996,551
1536,1,Fast,0.4315416216850281,937,471
1537,1,Fast,0.8792350888252258,1228,943
1537,1,Fast,0.807503342628479,938,584
1537,1,Fast,0.5579286813735962,1137,908
1538,1,Fast,0.8511994481086731,936,580
1538,1,Fast,0.8424838185310364,1224,936
1538,1,Fast,0.6808280944824219,1132,898
1538,2,Slow,0.4508294463157654,992,603
1538,1,Fast,0.4085811376571655,935,466
1538,1,Fast,0.34359151124954224,979,902
1539,1,Fast,0.8660557270050049,1219,928
1539,1,Fast,0.8413723111152649,935,576
1539,1,Fast,0.7396812438964844,984,913
1539,2,Slow,0.6953511834144592,989,599
1539,1,Fast,0.6635949015617371,1127,889
1539,1,Fast,0.5793824791908264,935,462
1540,1,Fast,0.8859020471572876,1216,921
1540,1,Fast,0.8012508749961853,933,571
1540,1,Fast,0.6364266276359558,988,925
1540,2,Slow,0.6284735202789307,987,593
1540,1,Fast,0.6093929409980774,1121,880
1540,1,Fast,0.4525337815284729,1129,781
1540,1,Fast,0.3238673210144043,935,461
1541,1,Fast,0.8415478467941284,1212,914
1541,1,Fast,0.8313812017440796,932,567
1541,1,Fast,0.7092224955558777,933,458
1541,1,Fast,0.6905566453933716,1116,870
1541,2,Slow,0.6825282573699951,986,590
1541,1,Fast,0.6552442312240601,992,936
1541,1,Fast,0.6502716541290283,1125,777
1541,1,Fast,0.5081765651702881,810,512
1542,1,Fast,0.8399325609207153,1207,908
1542,1,Fast,0.8179238438606262,930,562
1542,1,Fast,0.7596383690834045,811,516
1542,2,Slow,0.6878863573074341,984,585
1542,1,Fast,0.6753587126731873,997,947
1542,1,Fast,0.645809531211853,1122,773
1542,1,Fast,0.5763012170791626,932,455
1542,1,Fast,0.5465126633644104,1111,862
1542,2,Slow,0.38572442531585693,988,535
1543,1,Fast,0.8016501069068909,1002,960
1543,1,Fast,0.8015565276145935,929,559
1543,1,Fast,0.7148520350456238,931,452
1543,1,Fast,0.7095392346382141,1105,855
1543,1,Fast,0.6408211588859558,1202,902
1543,1,Fast,0.5746395587921143,811,519
1543,1,Fast,0.5540215969085693,981,582
1543,2,Slow,0.4560912847518921,988,530
1543,2,Slow,0.4405611753463745,981,582
1543,1,Fast,0.33761289715766907,1119,768
1544,1,Fast,0.8051239252090454,979,577
1544,1,Fast,0.7816722393035889,927,555
1544,1,Fast,0.7290260791778564,931,451
1544,1,Fast,0.5981370806694031,1101,847
1544,1,Fast,0.5898759961128235,1198,895
1544,1,Fast,0.47570517659187317,811,523
1544,1,Fast,0.3696058988571167,1008,972
1544,2,Slow,0.3224530518054962,988,528
1545,1,Fast,0.8308759927749634,925,551
1545,1,Fast,0.6506214141845703,977,574
1545,1,Fast,0.5833113789558411,812,527
1545,1,Fast,0.5087795853614807,930,448
1545,1,Fast,0.4606383740901947,1097,839
1545,1,Fast,0.40598106384277344,1193,889
1545,1,Fast,0.3670061528682709,985,526
1546,1,Fast,0.8349762558937073,925,546
1546,1,Fast,0.7749212980270386,1189,882
1546,1,Fast,0.7734143137931824,976,570
1546,1,Fast,0.6106183528900146,1091,831
1546,1,Fast,0.609937846660614,1109,751
1546,1,Fast,0.3930680453777313,985,523
1547,1,Fast,0.8274148106575012,973,565
1547,1,Fast,0.823733925819397,1186,875
1547,1,Fast,0.8139621019363403,923,543
1547,1,Fast,0.5371295809745789,983,520
1547,1,Fast,0.37033411860466003,1087,822
1548,1,Fast,0.8680518269538879,1181,869
1548,1,Fast,0.792991042137146,922,538
1548,1,Fast,0.7783595323562622,972,561
1548,1,Fast,0.6952937841415405,1105,742
1548,1,Fast,0.5047973394393921,1083,815
1549,1,Fast,0.8561827540397644,1178,863
1549,1,Fast,0.8047145009040833,920,534
1549,1,Fast,0.5208936929702759,1101,737
1549,1,Fast,0.3676646053791046,1079,807
1550,1,Fast,0.8691079020500183,1173,857
1550,1,Fast,0.7946859002113342,919,530
1550,2,Slow,0.5643936991691589,969,554
1550,1,Fast,0.5179547071456909,1074,801
1551,1,Fast,0.8396255970001221,1170,851
1551,1,Fast,0.7550233006477356,917,526
1551,2,Slow,0.5474567413330078,966,551
1551,1,Fast,0.3447234630584717,1070,793
1552,1,Fast,0.8343578577041626,1165,844
1552,2,Slow,0.7435511350631714,965,547
1552,1,Fast,0.7155455350875854,916,522
1552,1,Fast,0.36509716510772705,1066,785
1553,1,Fast,0.8141607642173767,1162,839
1553,1,Fast,0.7253636121749878,914,519
1553,1,Fast,0.48199719190597534,818,558
1553,2,Slow,0.48005566000938416,963,544
1553,1,Fast,0.31750282645225525,1062,778
1554,1,Fast,0.842317521572113,1160,833
1554,1,Fast,0.6882356405258179,913,515
1554,2,Slow,0.6217073798179626,962,540
1554,1,Fast,0.5590958595275879,1057,771
1554,1,Fast,0.38536766171455383,819,561
1554,1,Fast,0.3381260931491852,1087,712
1555,1,Fast,0.8466512560844421,1156,827
1555,1,Fast,0.7262818813323975,1085,709
1555,2,Slow,0.612794041633606,960,537
1555,1,Fast,0.4942359924316406,912,511
1555,1,Fast,0.4167029857635498,1054,764
1556,1,Fast,0.8347333073616028,1153,822
1556,2,Slow,0.5476258993148804,959,533
1556,1,Fast,0.5279953479766846,910,507
1557,1,Fast,0.8381298780441284,1149,816
1557,1,Fast,0.6007198095321655,822,574
1557,1,Fast,0.5684391856193542,909,504
1558,1,Fast,0.8274134397506714,1145,811
1558,1,Fast,0.7423345446586609,908,500
1558,1,Fast,0.6315561532974243,823,579
1558,1,Fast,0.3294655680656433,920,417
1558,2,Slow,0.32066673040390015,957,526
1559,1,Fast,0.751757800579071,907,497
1559,1,Fast,0.708870530128479,824,583
1559,1,Fast,0.6809936165809631,955,522
1559,1,Fast,0.584068238735199,1143,805
1560,1,Fast,0.826974093914032,953,520
1560,1,Fast,0.7835307717323303,1138,798
1560,1,Fast,0.7615670561790466,824,588
1560,1,Fast,0.7424592971801758,906,494
1560,2,Slow,0.3768112063407898,935,384
1561,1,Fast,0.8217988610267639,1134,792
1561,1,Fast,0.7850119471549988,826,593
1561,1,Fast,0.7622412443161011,905,490
1561,1,Fast,0.6465441584587097,952,517
1561,2,Slow,0.47030678391456604,935,382
1561,1,Fast,0.32778796553611755,1032,724
1562,1,Fast,0.8175010681152344,1131,787
1562,1,Fast,0.7894734740257263,903,487
1562,1,Fast,0.7543870210647583,828,598
1562,1,Fast,0.6307599544525146,950,513
1562,1,Fast,0.467601478099823,1029,718
1562,1,Fast,0.31548988819122314,986,607
1563,1,Fast,0.8403303623199463,1129,782
1563,1,Fast,0.8218114972114563,948,510
1563,1,Fast,0.7620818614959717,902,484
1563,1,Fast,0.4970422685146332,1026,712
1563,1,Fast,0.39928996562957764,828,601
1564,1,Fast,0.8397456407546997,1126,777
1564,1,Fast,0.7068176865577698,947,507
1564,1,Fast,0.6928542852401733,901,480
1564,1,Fast,0.6188141703605652,1023,706
1565,1,Fast,0.8380496501922607,1123,772
1565,1,Fast,0.756636381149292,946,504
1565,1,Fast,0.6244684457778931,901,478
1565,1,Fast,0.6036808490753174,1019,700
1565,1,Fast,0.5819886326789856,831,610
1566,1,Fast,0.795318603515625,1120,767
1566,1,Fast,0.650807797908783,900,474
1566,1,Fast,0.539386510848999,1015,694
1566,1,Fast,0.4577133059501648,831,616
1566,1,Fast,0.33702588081359863,945,501
1567,1,Fast,0.8043359518051147,832,620
1567,1,Fast,0.7220091819763184,899,471
1567,1,Fast,0.7106049656867981,944,498
1567,1,Fast,0.568664014339447,1013,688
1567,1,Fast,0.38685640692710876,914,399
1567,1,Fast,0.360903799533844,1116,761
1568,1,Fast,0.7858033776283264,833,625
1568,1,Fast,0.7057470083236694,898,468
1568,1,Fast,0.7043331861495972,1009,682
1568,1,Fast,0.6538568735122681,944,495
1568,1,Fast,0.5211080312728882,1113,755
1569,1,Fast,0.7680356502532959,834,629
1569,1,Fast,0.6946062445640564,1110,750
1569,1,Fast,0.6608904600143433,942,492
1569,1,Fast,0.628247082233429,1007,677
1569,1,Fast,0.6106964945793152,897,464
1570,1,Fast,0.7861365675926208,836,635
1570,1,Fast,0.7169104814529419,941,489
1570,1,Fast,0.701571524143219,897,461
1570,1,Fast,0.5662120580673218,1107,746
1570,1,Fast,0.44715049862861633,1003,671
1570,1,Fast,0.32989928126335144,913,394
1571,1,Fast,0.836398720741272,837,639
1571,1,Fast,0.8215813040733337,939,485
1571,1,Fast,0.8025354743003845,895,459
1571,1,Fast,0.6412069797515869,1104,741
1571,1,Fast,0.5780246257781982,913,392
1571,1,Fast,0.5422945022583008,1148,964
1571,1,Fast,0.4877389073371887,1000,666
1572,1,Fast,0.8363780975341797,838,644
1572,1,Fast,0.8090188503265381,1102,737
1572,1,Fast,0.7979384660720825,939,483
1572,1,Fast,0.7630525827407837,895,455
1572,1,Fast,0.4471410810947418,997,660
1573,1,Fast,0.8258711099624634,840,650
1573,1,Fast,0.7367498874664307,937,480
1573,1,Fast,0.7148170471191406,895,452
1573,1,Fast,0.5537312030792236,1100,732
1573,1,Fast,0.45035985112190247,995,654
1573,1,Fast,0.3011583685874939,965,562
1574,1,Fast,0.7915892004966736,842,655
1574,1,Fast,0.7154624462127686,894,449
1574,1,Fast,0.7110873460769653,936,477
1574,1,Fast,0.4603850543498993,1132,934
1574,1,Fast,0.4384916424751282,993,649
1575,1,Fast,0.8381363153457642,843,660
1575,1,Fast,0.7000772953033447,893,446
1575,1,Fast,0.6471428275108337,935,475
1575,1,Fast,0.5870382785797119,1127,924
1575,1,Fast,0.5808081030845642,1096,722
1575,1,Fast,0.3621896207332611,962,555
1576,1,Fast,0.8228570818901062,844,665
1576,1,Fast,0.7924697995185852,934,471
1576,1,Fast,0.7631353139877319,892,444
1576,1,Fast,0.7181257009506226,1091,717
1576,1,Fast,0.6547807455062866,1122,914
1576,1,Fast,0.6001631617546082,986,639
1576,1,Fast,0.39155539870262146,910,383
1576,1,Fast,0.3407205045223236,961,552
1577,1,Fast,0.8573604226112366,846,670
1577,1,Fast,0.8369877934455872,1118,905
1577,1,Fast,0.7699628472328186,891,441
1577,1,Fast,0.7370692491531372,1088,712
1577,1,Fast,0.5991164445877075,984,634
1577,1,Fast,0.4959810674190521,933,469
1577,1,Fast,0.4806010127067566,909,381
1577,1,Fast,0.43836885690689087,960,548
1578,1,Fast,0.8599368333816528,847,677
1578,1,Fast,0.7719228863716125,890,438
1578,1,Fast,0.7439157962799072,1086,708
1578,1,Fast,0.7203724980354309,932,466
1578,1,Fast,0.533755362033844,909,379
1578,1,Fast,0.5244408249855042,981,629
1579,1,Fast,0.8636869788169861,848,682
1579,1,Fast,0.7203632593154907,890,435
1579,1,Fast,0.6606467962265015,1083,704
1579,1,Fast,0.6453757286071777,978,624
1579,1,Fast,0.5935255289077759,908,378
1580,1,Fast,0.8654239773750305,850,688
1580,1,Fast,0.7974517345428467,889,432
1580,1,Fast,0.6935400366783142,1105,879
1580,1,Fast,0.6627486944198608,930,460
1580,1,Fast,0.5819918513298035,976,618
1580,1,Fast,0.44832462072372437,956,537
1580,1,Fast,0.3758404552936554,908,374
1580,1,Fast,0.33271509408950806,1081,699
1581,1,Fast,0.8409048914909363,852,693
1581,1,Fast,0.805149495601654,889,429
1581,1,Fast,0.7145804166793823,1101,871
1581,1,Fast,0.6111075282096863,930,457
1581,1,Fast,0.5997477173805237,1079,694
1581,1,Fast,0.4791492521762848,974,612
1581,2,Slow,0.3258160650730133,955,534
1582,1,Fast,0.8444546461105347,853,699
1582,1,Fast,0.8093372583389282,888,426
1582,1,Fast,0.7381576895713806,1096,862
1582,1,Fast,0.6153470277786255,929,455
1582,1,Fast,0.5201818943023682,971,609
1582,1,Fast,0.47093528509140015,953,531
1582,1,Fast,0.43614986538887024,908,371
1583,1,Fast,0.8396962285041809,855,705
1583,1,Fast,0.7900618314743042,888,423
1583,1,Fast,0.7440106272697449,952,527
1583,1,Fast,0.698645830154419,927,452
1583,1,Fast,0.6032262444496155,1093,854
1583,1,Fast,0.5104178786277771,907,369
1584,1,Fast,0.7547587752342224,857,712
1584,1,Fast,0.7470429539680481,950,524
1584,1,Fast,0.7140606045722961,887,420
1584,1,Fast,0.7081928253173828,1070,682
1584,1,Fast,0.6364484429359436,907,367
1584,1,Fast,0.5251535773277283,927,449
1584,1,Fast,0.3789368271827698,966,600
1585,1,Fast,0.8417192101478577,949,520
1585,1,Fast,0.7799821496009827,888,418
1585,1,Fast,0.7647773623466492,860,718
1585,1,Fast,0.7621902823448181,1068,678
1585,1,Fast,0.722098171710968,925,447
1585,1,Fast,0.5190808773040771,906,366
1586,1,Fast,0.8118757009506226,947,517
1586,1,Fast,0.7815889120101929,887,416
1586,1,Fast,0.7351433634757996,1067,674
1586,1,Fast,0.7248314619064331,925,445
1586,1,Fast,0.6328540444374084,861,724
1586,1,Fast,0.572687566280365,963,590
1586,1,Fast,0.4603571593761444,1081,830
1586,1,Fast,0.3282907009124756,906,365
1587,1,Fast,0.7953220009803772,886,412
1587,1,Fast,0.7628915309906006,863,730
1587,1,Fast,0.7540741562843323,924,441
1587,1,Fast,0.7486172914505005,947,514
1587,1,Fast,0.6660540103912354,1064,670
1587,1,Fast,0.6035505533218384,1078,823
1587,1,Fast,0.4291529357433319,905,363
1588,1,Fast,0.8399861454963684,865,737
1588,1,Fast,0.7933326363563538,886,410
1588,1,Fast,0.788226306438446,956,581
1588,1,Fast,0.7750552892684937,946,511
1588,1,Fast,0.7677479982376099,923,438
1588,1,Fast,0.6926333904266357,1063,665
1588,1,Fast,0.667434573173523,1075,815
1589,1,Fast,0.858708381652832,867,743
1589,1,Fast,0.7894160151481628,1060,661
1589,1,Fast,0.7426000833511353,885,407
1589,1,Fast,0.7083777189254761,945,507
1589,1,Fast,0.6854549646377563,1072,808
1589,1,Fast,0.6808255314826965,923,436
1589,1,Fast,0.4299654960632324,955,577
1590,1,Fast,0.86665940284729,869,750
1590,1,Fast,0.7524551749229431,944,505
1590,1,Fast,0.7118839025497437,885,404
1590,1,Fast,0.6457388997077942,1057,657
1590,1,Fast,0.6248367428779602,953,572
1590,1,Fast,0.3916335701942444,922,433
1591,1,Fast,0.8511380553245544,871,756
1591,1,Fast,0.7902060747146606,942,501
1591,1,Fast,0.7673038840293884,921,430
1591,1,Fast,0.7597574591636658,951,567
1591,1,Fast,0.727008581161499,885,402
1591,1,Fast,0.5391194820404053,1053,652
1591,1,Fast,0.38741961121559143,905,356
1592,1,Fast,0.8527140021324158,873,763
1592,1,Fast,0.8345991969108582,1051,649
1592,1,Fast,0.8269885778427124,949,564
1592,1,Fast,0.8228150606155396,941,498
1592,1,Fast,0.7855345606803894,920,428
1592,1,Fast,0.7332722544670105,884,399
1592,1,Fast,0.5765629410743713,904,353
1592,1,Fast,0.3364909291267395,878,307
1593,1,Fast,0.8309946060180664,1050,646
1593,1,Fast,0.8293970227241516,876,770
1593,1,Fast,0.7930522561073303,948,559
1593,1,Fast,0.7532020807266235,940,495
1593,1,Fast,0.7516298294067383,919,425
1593,1,Fast,0.6745660901069641,884,396
1593,1,Fast,0.54204261302948,904,351
1594,1,Fast,0.8369906544685364,878,777
1594,1,Fast,0.7972438931465149,1048,642
1594,1,Fast,0.7426587343215942,918,423
1594,1,Fast,0.7295826077461243,883,393
1594,1,Fast,0.6459504961967468,904,350
1594,1,Fast,0.5796934366226196,939,492
1594,1,Fast,0.37310928106307983,945,556
1595,1,Fast,0.8260604739189148,938,488
1595,1,Fast,0.8230029940605164,881,785
1595,1,Fast,0.7760718464851379,1046,638
1595,1,Fast,0.7404003143310547,883,391
1595,1,Fast,0.7267559766769409,917,422
1595,1,Fast,0.6458706259727478,904,349
1595,1,Fast,0.6097231507301331,942,552
1596,1,Fast,0.8172112107276917,1044,634
1596,1,Fast,0.7949249744415283,883,792
1596,1,Fast,0.6839882731437683,882,390
1596,1,Fast,0.5898364782333374,941,547
1596,1,Fast,0.5512590408325195,903,347
1596,1,Fast,0.4624398946762085,916,419
1596,1,Fast,0.3684358596801758,937,485
1597,1,Fast,0.845024049282074,885,799
1597,1,Fast,0.8273104429244995,1042,630
1597,1,Fast,0.7811622619628906,916,417
1597,1,Fast,0.751100480556488,882,388
1597,1,Fast,0.6579716205596924,936,483
1597,1,Fast,0.6411887407302856,940,543
1597,1,Fast,0.5136942267417908,1045,753
1598,1,Fast,0.8610720038414001,887,807
1598,1,Fast,0.7743842005729675,938,539
1598,1,Fast,0.7312169671058655,1039,626
1598,1,Fast,0.7032573819160461,935,480
1598,1,Fast,0.5965986847877502,882,386
1599,1,Fast,0.8629967570304871,889,814
1599,1,Fast,0.8379331231117249,936,535
1599,1,Fast,0.8322016000747681,1037,623
1599,1,Fast,0.7373812794685364,882,383
1599,1,Fast,0.37817874550819397,1039,739
1599,1,Fast,0.3166656196117401,902,343
1600,1,Fast,0.8638288974761963,892,822
1600,1,Fast,0.8420904874801636,1035,619
1600,1,Fast,0.8274104595184326,934,532
1600,1,Fast,0.7739037871360779,932,475
1600,1,Fast,0.7625402808189392,881,380
1600,1,Fast,0.6800819635391235,914,408
1600,1,Fast,0.3568475544452667,901,341
1601,1,Fast,0.8669652342796326,895,830
1601,1,Fast,0.8471157550811768,1034,616
1601,1,Fast,0.7807825207710266,881,378
1601,1,Fast,0.6945928335189819,913,406
1601,1,Fast,0.5995790362358093,933,528
1601,1,Fast,0.47986355423927307,936,400
1601,1,Fast,0.4239465892314911,901,339
1601,2,Slow,0.4211079180240631,931,471
1602,1,Fast,0.8697310090065002,897,838
1602,1,Fast,0.8496007919311523,1032,612
1602,1,Fast,0.7770349383354187,930,469
1602,1,Fast,0.7508893609046936,881,376
1602,1,Fast,0.7066059708595276,913,404
1602,1,Fast,0.5604321360588074,935,398
1602,1,Fast,0.5411462187767029,931,524
1603,1,Fast,0.8815392255783081,900,846
1603,1,Fast,0.8327317833900452,1032,609
1603,1,Fast,0.7620284557342529,930,466
1603,1,Fast,0.7526586651802063,913,402
1603,1,Fast,0.7416953444480896,929,520
1603,1,Fast,0.7208639979362488,881,374
1603,1,Fast,0.5369626879692078,935,396
1603,1,Fast,0.34996160864830017,901,337
1604,1,Fast,0.8797518610954285,903,854
1604,1,Fast,0.8358314037322998,1030,605
1604,1,Fast,0.7861447334289551,880,371
1604,1,Fast,0.7748949527740479,913,400
1604,1,Fast,0.7725005149841309,929,463
1604,1,Fast,0.7050663828849792,927,516
1604,1,Fast,0.4718884527683258,901,335
1604,1,Fast,0.3462904095649719,935,394
1605,1,Fast,0.8752564787864685,907,862
1605,1,Fast,0.8364754915237427,1028,602
1605,1,Fast,0.7723015546798706,880,369
1605,1,Fast,0.7404215335845947,912,398
1605,1,Fast,0.7388612627983093,928,460
1605,1,Fast,0.4493699371814728,901,333
1606,1,Fast,0.883341372013092,910,871
1606,1,Fast,0.827596127986908,1025,599
1606,1,Fast,0.8128249645233154,928,458
1606,1,Fast,0.809286892414093,881,367
1606,1,Fast,0.7673619389533997,911,396
1606,1,Fast,0.47428539395332336,901,331
1606,1,Fast,0.4297775626182556,925,510
1607,1,Fast,0.8992829918861389,913,880
1607,1,Fast,0.8386136889457703,1023,595
1607,1,Fast,0.7977598309516907,880,365
1607,1,Fast,0.7870893478393555,910,394
1607,1,Fast,0.6286857724189758,1018,694
1607,1,Fast,0.5927080512046814,927,455
1607,1,Fast,0.5322470664978027,923,506
1608,1,Fast,0.895047128200531,916,889
1608,1,Fast,0.8386290073394775,1021,592
1608,1,Fast,0.7789307832717896,880,363
1608,1,Fast,0.7751550078392029,911,392
1608,1,Fast,0.7132997512817383,927,452
1608,1,Fast,0.44179949164390564,1016,688
1608,1,Fast,0.40696924924850464,921,503
1609,1,Fast,0.8953312039375305,919,898
1609,1,Fast,0.8529316186904907,1019,589
1609,1,Fast,0.7534319162368774,880,362
1609,1,Fast,0.7052863240242004,909,390
1609,1,Fast,0.5871374607086182,925,449
1609,1,Fast,0.43189141154289246,919,500
1609,1,Fast,0.40349507331848145,1013,683
1610,1,Fast,0.8920897245407104,922,908
1610,1,Fast,0.8370302319526672,1019,586
1610,1,Fast,0.7531700134277344,909,388
1610,1,Fast,0.7152631878852844,924,447
1610,1,Fast,0.6986287236213684,1011,678
1610,1,Fast,0.6604042649269104,879,359
1610,1,Fast,0.6296327114105225,919,497
1610,1,Fast,0.33559033274650574,900,325
1611,1,Fast,0.8887951970100403,925,917
1611,1,Fast,0.803504228591919,923,445
1611,1,Fast,0.7769771218299866,879,357
1611,1,Fast,0.7654892802238464,908,387
1611,1,Fast,0.7515819072723389,916,492
1611,1,Fast,0.6950638294219971,1017,581
1611,1,Fast,0.5540621280670166,1009,673
1612,1,Fast,0.8923792839050293,929,926
1612,1,Fast,0.7871825695037842,1015,578
1612,1,Fast,0.7854352593421936,908,385
1612,1,Fast,0.7822546362876892,879,355
1612,1,Fast,0.5812757015228271,1006,668
1612,2,Slow,0.4239911139011383,922,443
1613,1,Fast,0.8871732354164124,933,936
1613,1,Fast,0.8040159344673157,907,382
1613,1,Fast,0.8016884922981262,1012,575
1613,1,Fast,0.7860159873962402,913,486
1613,1,Fast,0.7826777100563049,879,353
1613,1,Fast,0.7334723472595215,1004,664
1613,1,Fast,0.6775460839271545,921,440
1614,1,Fast,0.8860579133033752,937,946
1614,1,Fast,0.8571532368659973,1011,572
1614,1,Fast,0.8175622224807739,912,483
1614,1,Fast,0.7967578768730164,907,380
1614,1,Fast,0.7869296669960022,879,351
1614,1,Fast,0.5318443775177002,1002,658
1614,1,Fast,0.48502564430236816,920,437
1615,1,Fast,0.8890881538391113,940,955
1615,1,Fast,0.852864146232605,1009,569
1615,1,Fast,0.7945438623428345,911,480
1615,1,Fast,0.7748678922653198,906,378
1615,1,Fast,0.7663984894752502,878,349
1615,1,Fast,0.5487515330314636,919,434
1615,1,Fast,0.4544707238674164,1000,653
1615,1,Fast,0.34433943033218384,898,318
1616,1,Fast,0.8979389667510986,945,966
1616,1,Fast,0.8450930118560791,1008,566
1616,1,Fast,0.7727799415588379,919,432
1616,1,Fast,0.7362980246543884,878,347
1616,1,Fast,0.6635282635688782,906,376
1616,1,Fast,0.3832296133041382,910,477
1616,1,Fast,0.3712220788002014,998,649
1617,1,Fast,0.8831943273544312,949,976
1617,1,Fast,0.8276296257972717,1006,562
1617,1,Fast,0.7979636192321777,919,429
1617,1,Fast,0.7416423559188843,907,373
1617,1,Fast,0.6233384013175964,878,346
1618,1,Fast,0.8975396752357483,952,987
1618,1,Fast,0.8248003721237183,1005,560
1618,1,Fast,0.7750595808029175,905,371
1618,1,Fast,0.5044335126876831,905,471
1618,1,Fast,0.44620904326438904,878,344
1618,2,Slow,0.4290756285190582,918,426
1619,1,Fast,0.8981334567070007,958,998
1619,1,Fast,0.8004410862922668,1004,556
1619,1,Fast,0.7751629948616028,905,369
1619,1,Fast,0.678516685962677,878,342
1619,1,Fast,0.5397670269012451,904,467
1619,1,Fast,0.47264161705970764,917,424
1619,1,Fast,0.4258483946323395,992,635
1620,1,Fast,0.8983218669891357,961,1010
1620,1,Fast,0.8091720342636108,1002,553
1620,1,Fast,0.7600480318069458,877,340
1620,1,Fast,0.7188053727149963,916,421
1620,1,Fast,0.5095070004463196,904,367
1621,1,Fast,0.888257622718811,966,1022
1621,1,Fast,0.8284115195274353,1001,551
1621,1,Fast,0.8268396258354187,903,461
1621,1,Fast,0.7714793086051941,877,339
1621,1,Fast,0.4710927903652191,916,419
1621,1,Fast,0.3993467092514038,988,625
1622,1,Fast,0.864033579826355,970,1033
1622,1,Fast,0.8234761357307434,999,548
1622,1,Fast,0.8181552290916443,902,458
1622,1,Fast,0.75550776720047,877,337
1622,1,Fast,0.5316206812858582,916,417
1622,1,Fast,0.45430001616477966,986,621
1623,1,Fast,0.8585435152053833,974,1043
1623,1,Fast,0.8262287378311157,998,545
1623,1,Fast,0.8141772150993347,901,453
1623,1,Fast,0.7596299648284912,877,335
1623,1,Fast,0.6202676892280579,916,415
1623,1,Fast,0.47472965717315674,984,616
1623,1,Fast,0.3836631774902344,897,307
1624,1,Fast,0.818515956401825,997,543
1624,1,Fast,0.7603616118431091,900,451
1624,1,Fast,0.7576525807380676,877,334
1624,1,Fast,0.754132866859436,980,1050
1624,1,Fast,0.5351102948188782,903,360
1624,1,Fast,0.44301605224609375,914,413
1625,1,Fast,0.8308504223823547,995,539
1625,1,Fast,0.7292823791503906,986,1056
1625,1,Fast,0.7091855406761169,877,332
1625,1,Fast,0.66768878698349,899,449
1625,1,Fast,0.6093666553497314,902,358
1625,1,Fast,0.4461689889431,897,305
1625,1,Fast,0.3820033073425293,913,410
1626,1,Fast,0.8051212430000305,994,536
1626,1,Fast,0.717241108417511,898,446
1626,1,Fast,0.623632550239563,901,357
1626,1,Fast,0.6188341975212097,993,1063
1626,1,Fast,0.3583815395832062,876,330
1627,1,Fast,0.8203095197677612,992,533
1627,1,Fast,0.7629233002662659,896,443
1627,1,Fast,0.6561842560768127,901,356
1627,1,Fast,0.5904718637466431,976,600
1627,1,Fast,0.589648962020874,912,405
1627,1,Fast,0.5094714760780334,876,328
1628,1,Fast,0.8208565711975098,990,531
1628,1,Fast,0.701052188873291,895,441
1628,1,Fast,0.6462343335151672,876,327
1628,1,Fast,0.5608735680580139,900,354
1628,1,Fast,0.5600084066390991,911,403
1628,1,Fast,0.40214651823043823,975,596
1629,1,Fast,0.8311058282852173,988,529
1629,1,Fast,0.7204470634460449,876,325
1629,1,Fast,0.6733506917953491,911,401
1629,1,Fast,0.6642534136772156,894,438
1629,1,Fast,0.6590304970741272,973,592
1629,1,Fast,0.5303643345832825,900,352
1630,1,Fast,0.8283811211585999,987,526
1630,1,Fast,0.7018543481826782,875,323
1630,1,Fast,0.6362237930297852,910,399
1630,1,Fast,0.6237728595733643,971,588
1630,1,Fast,0.5511453151702881,900,351
1630,1,Fast,0.5144526958465576,893,435
1631,1,Fast,0.7999539375305176,986,523
1631,1,Fast,0.7628787755966187,891,432
1631,1,Fast,0.7145840525627136,875,322
1631,1,Fast,0.5422266125679016,900,349
1631,1,Fast,0.465322345495224,969,583
1631,1,Fast,0.38478320837020874,909,396
1632,1,Fast,0.7991231083869934,891,428
1632,1,Fast,0.7766225934028625,984,520
1632,1,Fast,0.6432176828384399,875,320
1632,1,Fast,0.5853002071380615,910,394
1633,1,Fast,0.812666118144989,891,425
1633,1,Fast,0.8047847151756287,983,517
1633,1,Fast,0.6852336525917053,876,318
1633,1,Fast,0.40174856781959534,910,392
1633,1,Fast,0.3954486548900604,967,576
1634,1,Fast,0.7797985672950745,890,422
1634,1,Fast,0.7341645359992981,982,514
1634,1,Fast,0.5707879066467285,876,316
1635,1,Fast,0.8267231583595276,980,512
1635,1,Fast,0.7432411909103394,889,420
1635,1,Fast,0.4657336473464966,921,348
1635,1,Fast,0.4028664529323578,963,569
1636,1,Fast,0.769883394241333,889,418
1636,1,Fast,0.7296059727668762,979,509
1636,1,Fast,0.446327805519104,876,313
1636,1,Fast,0.36169275641441345,1154,1017
1636,1,Fast,0.34775567054748535,961,565
1637,1,Fast,0.8111163377761841,978,506
1637,1,Fast,0.7005606293678284,888,415
1637,1,Fast,0.6725727915763855,1147,1005
1637,1,Fast,0.5381143689155579,876,312
1637,1,Fast,0.3668776750564575,960,562
1638,1,Fast,0.8202321529388428,976,504
1638,1,Fast,0.7979128956794739,887,414
1638,1,Fast,0.7900156378746033,1140,991
1638,1,Fast,0.5855141282081604,877,310
1638,1,Fast,0.46110305190086365,907,383
1638,1,Fast,0.34553197026252747,919,344
1639,1,Fast,0.792799711227417,975,501
1639,1,Fast,0.5562178492546082,1134,979
1639,1,Fast,0.5081508159637451,886,411
1639,1,Fast,0.469150185585022,876,308
1639,1,Fast,0.3581024408340454,957,555
1640,1,Fast,0.7967129349708557,975,499
1640,1,Fast,0.6838154792785645,1127,968
1640,1,Fast,0.42896655201911926,886,408
1640,1,Fast,0.42372721433639526,876,306
1641,1,Fast,0.7791568040847778,974,497
1641,1,Fast,0.5724871754646301,1121,956
1641,1,Fast,0.4718984365463257,906,377
1641,1,Fast,0.4561854302883148,886,406
1641,1,Fast,0.3632080554962158,876,305
1641,1,Fast,0.324169784784317,920,340
1642,1,Fast,0.7900123000144958,972,494
1642,1,Fast,0.49236688017845154,919,338
1642,1,Fast,0.4232307970523834,875,303
1643,1,Fast,0.777360737323761,972,491
1643,1,Fast,0.5515381097793579,884,400
1643,1,Fast,0.47474390268325806,919,337
1643,1,Fast,0.45044198632240295,905,372
1643,1,Fast,0.38559675216674805,876,302
1643,1,Fast,0.3265193700790405,1109,933
1644,1,Fast,0.8053656220436096,970,489
1644,1,Fast,0.6466033458709717,883,398
1644,1,Fast,0.6254886388778687,905,371
1644,1,Fast,0.5762866139411926,1102,922
1644,1,Fast,0.4271138310432434,951,537
1644,1,Fast,0.40759244561195374,898,327
1644,1,Fast,0.3136647343635559,919,335
1645,1,Fast,0.8226178884506226,969,486
1645,1,Fast,0.7292413711547852,904,369
1645,1,Fast,0.5328619480133057,882,395
1645,1,Fast,0.49572980403900146,898,326
1645,1,Fast,0.4330044090747833,919,335
1646,1,Fast,0.8206738233566284,967,484
1646,1,Fast,0.7406362891197205,904,367
1646,1,Fast,0.711004912853241,882,393
1646,1,Fast,0.6973960399627686,949,532
1646,1,Fast,0.5895903706550598,919,333
1646,1,Fast,0.48838943243026733,1094,902
1646,1,Fast,0.4474472999572754,876,298
1646,1,Fast,0.33087193965911865,897,324
1647,1,Fast,0.81556636095047,967,482
1647,1,Fast,0.7469692230224609,882,391
1647,1,Fast,0.7464792132377625,948,528
1647,1,Fast,0.6645321846008301,876,296
1647,1,Fast,0.5836960673332214,904,365
1647,1,Fast,0.4944823384284973,1088,892
1648,1,Fast,0.8359313607215881,966,479
1648,1,Fast,0.7014870643615723,1082,882
1648,1,Fast,0.6939268708229065,947,526
1648,1,Fast,0.6880067586898804,876,294
1648,1,Fast,0.38864612579345703,882,389
1648,1,Fast,0.3385630249977112,903,364
1648,1,Fast,0.3195386528968811,897,322
1649,1,Fast,0.8351736664772034,965,477
1649,1,Fast,0.7162162661552429,946,522
1649,1,Fast,0.5740596055984497,1078,872
1649,1,Fast,0.5719683766365051,876,293
1650,1,Fast,0.8124497532844543,964,475
1650,1,Fast,0.7753957509994507,945,520
1650,1,Fast,0.5642958879470825,881,384
1650,1,Fast,0.45765912532806396,876,291
1650,1,Fast,0.4022364020347595,897,320
1650,1,Fast,0.3847971260547638,1072,862
1651,1,Fast,0.8151592016220093,963,472
1651,1,Fast,0.6907603740692139,944,518
1651,1,Fast,0.6177040934562683,880,382
1651,1,Fast,0.3769034743309021,876,290
1652,1,Fast,0.815255343914032,962,470
1652,1,Fast,0.7364634871482849,942,514
1652,1,Fast,0.5909758806228638,879,379
1653,1,Fast,0.7924168705940247,960,467
1653,1,Fast,0.6403192281723022,878,378
1653,1,Fast,0.46930792927742004,942,511
1654,1,Fast,0.7579877376556396,959,465
1654,1,Fast,0.46099498867988586,941,508
1654,1,Fast,0.4049173593521118,878,375
1655,1,Fast,0.7358683943748474,959,462
1655,1,Fast,0.5106452107429504,877,373
1655,2,Slow,0.44405075907707214,944,411
1655,1,Fast,0.41914278268814087,1049,815
1656,1,Fast,0.7783015966415405,959,460
1656,1,Fast,0.7130610346794128,877,371
1656,1,Fast,0.5384594798088074,939,503
1656,2,Slow,0.38395166397094727,944,409
1657,1,Fast,0.7971049547195435,958,458
1657,1,Fast,0.7563311457633972,877,369
1657,1,Fast,0.6889384984970093,1040,799
1657,1,Fast,0.644314706325531,939,500
1658,1,Fast,0.8180320858955383,957,456
1658,1,Fast,0.7358593344688416,877,366
1658,1,Fast,0.6479566097259521,938,497
1658,1,Fast,0.31527596712112427,1037,791
1658,1,Fast,0.3055707514286041,878,280
1659,1,Fast,0.8014073967933655,956,454
1659,1,Fast,0.68438720703125,938,495
1659,1,Fast,0.6406533718109131,876,364
1659,1,Fast,0.3831857740879059,917,316
1659,1,Fast,0.3310531973838806,1033,783
1660,1,Fast,0.7785095572471619,955,452
1660,1,Fast,0.7171159386634827,936,491
1660,1,Fast,0.6994140148162842,874,362
1660,1,Fast,0.34613507986068726,878,277
1660,2,Slow,0.30709394812583923,942,402
1661,1,Fast,0.7173569798469543,955,450
1661,1,Fast,0.6756051182746887,935,489
1661,1,Fast,0.5336151123046875,1026,767
1661,1,Fast,0.5168452858924866,874,360
1662,1,Fast,0.7558704018592834,954,447
1662,1,Fast,0.748229444026947,935,487
1662,1,Fast,0.37458401918411255,874,358
1662,1,Fast,0.32968461513519287,1021,759
1663,1,Fast,0.7904791235923767,934,484
1663,1,Fast,0.7581538558006287,953,445
1663,1,Fast,0.7019489407539368,873,356
1663,1,Fast,0.46836602687835693,1017,752
1664,1,Fast,0.8002759218215942,952,443
1664,1,Fast,0.7282963991165161,873,354
1664,1,Fast,0.5659496784210205,933,482
1664,1,Fast,0.30780699849128723,1014,744
1665,1,Fast,0.8042425513267517,951,441
1665,1,Fast,0.6643444895744324,873,351
1665,1,Fast,0.4513581097126007,932,480
1665,1,Fast,0.41724762320518494,1011,737
1666,1,Fast,0.7873588800430298,950,439
1666,1,Fast,0.6557977199554443,873,350
1666,1,Fast,0.6211572289466858,931,477
1666,1,Fast,0.44409406185150146,1007,730
1667,1,Fast,0.7975472807884216,949,437
1667,1,Fast,0.7268906235694885,873,348
1667,1,Fast,0.5408594608306885,930,475
1668,1,Fast,0.8040659427642822,948,434
1668,1,Fast,0.6143307685852051,930,474
1668,1,Fast,0.5060402750968933,873,346
1669,1,Fast,0.7900830507278442,948,432
1669,1,Fast,0.5470165610313416,879,265
1669,1,Fast,0.5227975249290466,929,471
1669,1,Fast,0.3085666298866272,873,343
1670,1,Fast,0.8006067872047424,947,430
1670,1,Fast,0.6444427967071533,928,468
1670,1,Fast,0.6217818260192871,873,342
1670,1,Fast,0.4961179196834564,879,264
1671,1,Fast,0.8098461031913757,946,428
1671,1,Fast,0.7121344804763794,872,340
1671,1,Fast,0.6432293057441711,928,466
1671,2,Slow,0.4875710904598236,936,383
1672,1,Fast,0.7974751591682434,945,426
1672,1,Fast,0.7208825945854187,928,463
1672,1,Fast,0.7108529806137085,872,339
1672,2,Slow,0.4650111794471741,935,381
1673,1,Fast,0.726586103439331,927,461
1673,1,Fast,0.7130241394042969,944,424
1673,1,Fast,0.6718451380729675,871,337
1673,1,Fast,0.388750821352005,986,682
1673,2,Slow,0.35815396904945374,934,379
1674,1,Fast,0.76301109790802,927,459
1674,1,Fast,0.6905277371406555,983,676
1674,1,Fast,0.6679605841636658,871,335
1674,1,Fast,0.6568530797958374,944,423
1675,1,Fast,0.7949426770210266,926,456
1675,1,Fast,0.7828750610351562,943,420
1675,1,Fast,0.7759081125259399,980,669
1675,1,Fast,0.6500675082206726,871,333
1676,1,Fast,0.8020418882369995,942,418
1676,1,Fast,0.7997345328330994,978,664
1676,1,Fast,0.783757746219635,926,454
1676,1,Fast,0.4648287296295166,871,331
1677,1,Fast,0.7926892042160034,942,416
1677,1,Fast,0.777560293674469,926,452
1677,1,Fast,0.4985034167766571,974,658
1677,1,Fast,0.46222054958343506,871,330
1678,1,Fast,0.7966527342796326,942,415
1678,1,Fast,0.6563345789909363,925,449
1678,1,Fast,0.47308212518692017,972,652
1679,1,Fast,0.7890130877494812,941,412
1679,1,Fast,0.5773640871047974,925,447
1679,1,Fast,0.5364603996276855,871,325
1680,1,Fast,0.7887445092201233,941,410
1680,1,Fast,0.6687729954719543,924,445
1681,1,Fast,0.7456786632537842,940,409
1681,1,Fast,0.659792959690094,923,443
1681,1,Fast,0.4122861325740814,871,322
1681,1,Fast,0.37733402848243713,897,309
1682,1,Fast,0.8021482229232788,940,407
1682,1,Fast,0.6781352758407593,922,441
1682,1,Fast,0.3093492090702057,897,307
1683,1,Fast,0.7829310297966003,939,405
1683,1,Fast,0.36274847388267517,870,319
1684,1,Fast,0.7691152691841125,938,403
1684,1,Fast,0.36488673090934753,921,436
1685,1,Fast,0.8150146007537842,938,401
1685,1,Fast,0.5237067341804504,921,434
1686,1,Fast,0.8196072578430176,937,399
1686,1,Fast,0.5446691513061523,921,432
1687,1,Fast,0.8203786611557007,936,397
1687,1,Fast,0.6447609066963196,921,430
1687,1,Fast,0.3993092179298401,950,601
1688,1,Fast,0.823483407497406,936,395
1688,1,Fast,0.7125213742256165,948,595
1688,1,Fast,0.6368495225906372,920,428
1688,0,VRU,0.36850157380104065,1731,363
1689,1,Fast,0.82884681224823,935,393
1689,1,Fast,0.7117739915847778,947,590
1689,1,Fast,0.6451262831687927,920,426
1689,0,VRU,0.31506264209747314,1731,363
1690,1,Fast,0.820539116859436,935,391
1690,1,Fast,0.6699004769325256,945,585
1690,1,Fast,0.6602498292922974,920,424
1690,0,VRU,0.42031723260879517,1731,363
1691,1,Fast,0.8107550144195557,934,389
1691,1,Fast,0.6856099963188171,920,422
1691,1,Fast,0.5928381085395813,943,580
1691,0,VRU,0.5709400177001953,1116,929
1692,1,Fast,0.801136314868927,935,388
1692,1,Fast,0.6000757813453674,920,419
1693,1,Fast,0.7704703211784363,934,387
1693,1,Fast,0.6264638900756836,920,418
1694,1,Fast,0.7863559722900391,933,385
1694,1,Fast,0.5830387473106384,919,416
1695,1,Fast,0.7673750519752502,932,383
1696,1,Fast,0.6803240776062012,932,381
1697,1,Fast,0.5494862198829651,932,379
1697,1,Fast,0.4734242558479309,932,552
1697,2,Slow,0.3735387623310089,1085,873
1698,1,Fast,0.6076444983482361,931,378
1698,1,Fast,0.49776673316955566,930,548
1699,1,Fast,0.5998113751411438,931,377
1699,1,Fast,0.5862696170806885,918,406
1699,1,Fast,0.3832399845123291,928,544
1700,1,Fast,0.7016907334327698,917,404
1700,1,Fast,0.6602804064750671,930,375
1700,0,VRU,0.6105566620826721,1073,849
1700,2,Slow,0.5016064643859863,986,611
1700,1,Fast,0.4396951496601105,927,539
1701,1,Fast,0.7221896052360535,917,402
1701,1,Fast,0.5791663527488708,930,373
1701,2,Slow,0.5531172752380371,985,606
1701,0,VRU,0.38715752959251404,1070,841
1701,1,Fast,0.34748098254203796,925,535
1702,1,Fast,0.7145007848739624,917,400
1702,1,Fast,0.6563679575920105,923,530
1702,1,Fast,0.4595528542995453,930,372
1702,0,VRU,0.39681345224380493,1063,832
1703,1,Fast,0.7136446833610535,917,399
1703,1,Fast,0.515972375869751,922,526
1703,1,Fast,0.46655839681625366,930,370
1703,0,VRU,0.42801380157470703,1060,823
1704,1,Fast,0.7188130617141724,917,398
1704,1,Fast,0.6833447813987732,929,368
1704,1,Fast,0.48530885577201843,921,522
1705,1,Fast,0.5303202867507935,917,396
1706,1,Fast,0.40543195605278015,918,514
1707,1,Fast,0.6477316617965698,916,393
1707,1,Fast,0.30829861760139465,927,364
1708,1,Fast,0.5317223072052002,916,392
1708,2,Slow,0.4572046399116516,1039,785
1708,1,Fast,0.41513705253601074,928,363
1708,2,Slow,0.3346463441848755,1021,662
1709,1,Fast,0.46422505378723145,916,391
1709,1,Fast,0.4394080936908722,914,502
1709,1,Fast,0.42880746722221375,927,361
1710,1,Fast,0.39950090646743774,927,360
1710,1,Fast,0.38899150490760803,916,389
1710,1,Fast,0.38708311319351196,913,499
1711,1,Fast,0.4272853434085846,916,387
1711,0,VRU,0.3887759745121002,1030,765
1711,1,Fast,0.3162477910518646,927,358
1712,1,Fast,0.4245699942111969,910,491
1713,1,Fast,0.5607572793960571,908,487
1713,1,Fast,0.417081356048584,1259,1066
1714,1,Fast,0.4587237536907196,907,484
1714,1,Fast,0.4366663694381714,1252,1060
1714,0,VRU,0.34951281547546387,1019,745
1715,1,Fast,0.6566745638847351,1240,1054
1716,1,Fast,0.7952947020530701,1229,1050
1716,0,VRU,0.3247492015361786,1012,732
1717,1,Fast,0.7367220520973206,1222,1041
1718,1,Fast,0.5740296244621277,1217,1031
1718,1,Fast,0.3722841143608093,903,470
1718,0,VRU,0.33380812406539917,1006,719
1719,1,Fast,0.5361193418502808,1211,1021
1719,2,Slow,0.4346780478954315,995,608
1719,0,VRU,0.3138704001903534,1003,713
1720,2,Slow,0.7107792496681213,993,605
1720,1,Fast,0.6431506872177124,914,373
1720,1,Fast,0.5198274254798889,1204,1011
1721,1,Fast,0.7744861245155334,1198,1001
1721,1,Fast,0.6815966367721558,914,371
1721,2,Slow,0.5834316611289978,991,601
1722,1,Fast,0.7953391075134277,1192,991
1722,1,Fast,0.4763932526111603,913,370
1722,1,Fast,0.33169078826904297,899,455
1723,1,Fast,0.8031024932861328,1186,982
1723,1,Fast,0.5765053033828735,913,369
1724,1,Fast,0.7910074591636658,1181,973
1724,0,VRU,0.6400002241134644,989,682
1724,1,Fast,0.5721188187599182,913,368
1725,1,Fast,0.6616936326026917,1176,964
1725,1,Fast,0.4711645543575287,913,367
1726,1,Fast,0.7343606948852539,1171,956
1726,1,Fast,0.524820864200592,913,365
1727,1,Fast,0.710464358329773,1165,947
1727,0,VRU,0.4080779254436493,982,666
1727,1,Fast,0.3322840631008148,913,363
1728,1,Fast,0.783661425113678,1160,938
1729,1,Fast,0.810455322265625,1155,929
1729,0,VRU,0.4375566244125366,975,654
1730,1,Fast,0.8168034553527832,1150,921
1730,0,VRU,0.3308882713317871,974,649
1731,1,Fast,0.630250096321106,1146,913
1732,1,Fast,0.6101914644241333,1141,904
1733,1,Fast,0.7004685997962952,1136,897
1734,1,Fast,0.762854278087616,1131,888
1735,1,Fast,0.6963716745376587,1127,881
1736,1,Fast,0.7866849303245544,1122,873
1737,1,Fast,0.8066417574882507,1118,866
1737,0,VRU,0.5580565333366394,959,613
1738,1,Fast,0.8084653615951538,1114,859
1738,0,VRU,0.7267340421676636,957,610
1739,1,Fast,0.7058567404747009,1111,851
1739,0,VRU,0.635385274887085,957,605
1739,2,Slow,0.4136672616004944,958,531
1739,2,Slow,0.38999828696250916,933,448
1740,1,Fast,0.7767344117164612,1106,844
1740,0,VRU,0.6771165728569031,954,599
1740,2,Slow,0.48833394050598145,957,528
1740,2,Slow,0.4089288115501404,932,446
1740,1,Fast,0.3278461694717407,884,402
1741,1,Fast,0.6627810597419739,1102,837
1741,2,Slow,0.5921130180358887,956,523
1741,2,Slow,0.5528888702392578,931,443
1741,0,VRU,0.5171939134597778,952,595
1742,1,Fast,0.7824437022209167,1098,830
1742,2,Slow,0.6699852347373962,955,520
1742,2,Slow,0.5663697719573975,930,442
1742,2,Slow,0.3170650005340576,927,471
1742,2,Slow,0.3153991997241974,950,590
1743,1,Fast,0.7128322720527649,1095,823
1743,2,Slow,0.694028913974762,953,518
1743,2,Slow,0.4263609051704407,930,441
1744,1,Fast,0.8052452802658081,1091,816
1744,2,Slow,0.5881466269493103,952,515
1745,1,Fast,0.8033287525177002,1087,810
1745,2,Slow,0.32015460729599,924,462
1746,1,Fast,0.6878241300582886,1082,803
1746,2,Slow,0.5084275603294373,927,432
1746,2,Slow,0.39926251769065857,923,460
1747,1,Fast,0.6950527429580688,1079,796
1747,2,Slow,0.6691439747810364,926,428
1747,2,Slow,0.34083008766174316,923,458
1748,1,Fast,0.7655097842216492,1076,790
1748,2,Slow,0.7143290042877197,926,427
1748,0,VRU,0.6361434459686279,939,563
1748,2,Slow,0.6026033759117126,922,456
1748,2,Slow,0.30010661482810974,946,503
1749,2,Slow,0.7275170683860779,925,424
1749,0,VRU,0.7235096096992493,938,561
1749,1,Fast,0.6936659216880798,1072,783
1749,2,Slow,0.39106935262680054,921,453
1749,2,Slow,0.32756075263023376,945,500
1750,0,VRU,0.7615832090377808,936,557
1750,1,Fast,0.7407963871955872,1069,777
1750,2,Slow,0.6731759309768677,924,422
1750,2,Slow,0.44345366954803467,944,498
1751,1,Fast,0.769271194934845,1066,772
1751,2,Slow,0.652348518371582,943,493
1751,0,VRU,0.47951558232307434,933,553
1751,2,Slow,0.4570581316947937,924,421
1751,2,Slow,0.4398559033870697,919,449
1752,1,Fast,0.8482879996299744,1063,766
1752,2,Slow,0.632994532585144,923,417
1752,2,Slow,0.5354808568954468,941,489
1752,2,Slow,0.4266367256641388,918,446
1752,0,VRU,0.3483794629573822,932,549
1753,1,Fast,0.7615087032318115,1059,760
1753,2,Slow,0.6251400709152222,922,416
1753,2,Slow,0.5796453356742859,940,486
1753,2,Slow,0.5637120008468628,917,443
1754,1,Fast,0.7676684260368347,1168,1047
1754,2,Slow,0.6897537708282471,922,415
1754,2,Slow,0.6098759174346924,940,483
1754,1,Fast,0.5457810759544373,1056,754
1754,2,Slow,0.43575799465179443,917,441
1755,1,Fast,0.7272810339927673,1160,1036
1755,2,Slow,0.6036527752876282,939,482
1755,2,Slow,0.5830637812614441,921,413
1755,2,Slow,0.5672566890716553,917,439
1755,1,Fast,0.4288821816444397,1053,748
1756,1,Fast,0.7694103717803955,1153,1023
1756,2,Slow,0.5089774131774902,916,437
1756,2,Slow,0.47534990310668945,920,410
1756,1,Fast,0.3347339332103729,1050,742
1756,2,Slow,0.32846421003341675,927,533
1757,1,Fast,0.7967174053192139,1147,1011
1757,1,Fast,0.7908892631530762,1047,737
1757,2,Slow,0.698583722114563,926,528
1757,2,Slow,0.5666278004646301,919,408
1757,2,Slow,0.4913032650947571,915,435
1757,1,Fast,0.4350247383117676,790,595
1758,1,Fast,0.7967348694801331,1140,1000
1758,1,Fast,0.7934291958808899,1044,731
1758,2,Slow,0.6060390472412109,915,432
1758,2,Slow,0.5181623697280884,919,407
1759,1,Fast,0.8120772242546082,1040,725
1759,1,Fast,0.8018779754638672,791,602
1759,2,Slow,0.598668098449707,914,430
1759,1,Fast,0.5693784952163696,1134,989
1759,2,Slow,0.531455397605896,918,403
1760,1,Fast,0.855790376663208,1038,719
1760,1,Fast,0.7560878396034241,793,606
1760,1,Fast,0.5852938890457153,1128,978
1760,2,Slow,0.5652158856391907,917,401
1760,2,Slow,0.49788904190063477,913,428
1760,1,Fast,0.38434648513793945,1199,1001
1760,0,VRU,0.3626420497894287,921,518
1761,1,Fast,0.8260424137115479,1035,714
1761,1,Fast,0.8213692307472229,793,610
1761,1,Fast,0.8148218393325806,1122,968
1761,2,Slow,0.6516532301902771,917,398
1761,2,Slow,0.48687946796417236,913,427
1762,1,Fast,0.8128554224967957,1032,709
1762,1,Fast,0.7868142127990723,794,613
1762,2,Slow,0.6252825856208801,917,398
1762,1,Fast,0.4307515025138855,1117,958
1763,1,Fast,0.7868225574493408,795,617
1763,1,Fast,0.72840416431427,1030,703
1763,2,Slow,0.5442384481430054,917,396
1763,1,Fast,0.46751341223716736,1112,948
1763,2,Slow,0.4254225492477417,931,458
1763,2,Slow,0.3519289791584015,911,422
1764,1,Fast,0.6501916646957397,1107,937
1764,1,Fast,0.6426703929901123,796,621
1764,1,Fast,0.6410744190216064,1027,698
1764,2,Slow,0.6094350814819336,930,457
1764,2,Slow,0.3746000826358795,911,420
1765,1,Fast,0.6340966820716858,797,626
1765,2,Slow,0.6328644156455994,929,455
1765,2,Slow,0.5035225749015808,910,418
1765,2,Slow,0.4710645377635956,916,501
1765,1,Fast,0.4184657633304596,1025,693
1765,1,Fast,0.32686182856559753,1103,929
1766,1,Fast,0.6784607172012329,1097,918
1766,1,Fast,0.6304481625556946,1022,687
1766,2,Slow,0.554715096950531,929,453
1766,2,Slow,0.4189520478248596,910,416
1767,1,Fast,0.7862154841423035,1093,909
1767,1,Fast,0.7734970450401306,1019,683
1767,1,Fast,0.6563602089881897,798,634
1767,2,Slow,0.42180487513542175,928,450
1767,2,Slow,0.4027368426322937,910,414
1768,1,Fast,0.6775719523429871,1017,677
1768,1,Fast,0.5457330346107483,1088,899
1768,1,Fast,0.48041653633117676,799,638
1768,2,Slow,0.4268433153629303,927,448
1768,2,Slow,0.349490225315094,909,412
1769,1,Fast,0.6721152663230896,1014,673
1769,1,Fast,0.6146027445793152,1083,889
1769,2,Slow,0.30173662304878235,926,447
1770,1,Fast,0.7303116321563721,801,646
1770,1,Fast,0.6966359615325928,1012,669
1770,1,Fast,0.5559711456298828,1079,881
1770,2,Slow,0.4913305342197418,911,484
1771,1,Fast,0.751565158367157,1009,664
1771,1,Fast,0.6617627739906311,802,650
1771,1,Fast,0.5372955799102783,1074,872
1772,1,Fast,0.8193655014038086,803,655
1772,1,Fast,0.7789437174797058,1007,659
1772,1,Fast,0.6557654142379761,1070,864
1773,1,Fast,0.7910326719284058,1005,654
1773,1,Fast,0.7667463421821594,804,659
1773,1,Fast,0.5182839632034302,1065,856
1774,1,Fast,0.8497326374053955,805,664
1774,1,Fast,0.7450594305992126,1003,650
1774,1,Fast,0.4784099757671356,1061,848
1774,1,Fast,0.3141705095767975,1130,882
1775,1,Fast,0.7887294888496399,806,667
1775,1,Fast,0.6942751407623291,1000,644
1775,1,Fast,0.4346746504306793,1057,840
1776,1,Fast,0.6532798409461975,806,672
1776,1,Fast,0.5849761366844177,1120,867
1776,1,Fast,0.5132834315299988,998,640
1776,1,Fast,0.477602481842041,1052,832
1777,1,Fast,0.7831131815910339,807,677
1777,1,Fast,0.6874894499778748,1048,823
1777,1,Fast,0.4143465757369995,996,636
1777,1,Fast,0.33135631680488586,1116,860
1778,1,Fast,0.8081671595573425,808,682
1778,1,Fast,0.5997635126113892,1045,815
1778,1,Fast,0.31822896003723145,993,631
1778,2,Slow,0.3172089159488678,911,369
1779,1,Fast,0.7944651246070862,810,688
1779,1,Fast,0.7608863711357117,1041,808
1779,2,Slow,0.36411288380622864,903,454
1779,2,Slow,0.36182400584220886,910,367
1779,1,Fast,0.3066536784172058,991,627
1780,1,Fast,0.7739413380622864,811,693
1780,1,Fast,0.7405111193656921,1037,799
1780,1,Fast,0.6964887380599976,989,623
1780,1,Fast,0.4446195065975189,1106,837
1781,1,Fast,0.8507879972457886,1034,792
1781,1,Fast,0.7254778742790222,988,618
1781,1,Fast,0.5846387147903442,812,697
1782,1,Fast,0.736221194267273,1031,785
1782,1,Fast,0.6669011116027832,985,614
1782,1,Fast,0.5576117038726807,813,702
1783,1,Fast,0.7942864894866943,1026,778
1783,1,Fast,0.655970573425293,815,708
1783,1,Fast,0.5097128748893738,984,610
1784,1,Fast,0.7216681241989136,1023,771
1784,1,Fast,0.6944981813430786,816,712
1784,1,Fast,0.46024289727211,981,606
1784,2,Slow,0.3568672239780426,908,356
1785,1,Fast,0.8295595049858093,1020,764
1785,1,Fast,0.7605728507041931,817,717
1785,1,Fast,0.7240028977394104,980,602
1785,2,Slow,0.35069191455841064,907,353
1786,1,Fast,0.7257761359214783,818,723
1786,1,Fast,0.7249177694320679,1016,757
1786,1,Fast,0.6372539401054382,978,598
1786,1,Fast,0.5987364053726196,1082,797
1786,2,Slow,0.35871273279190063,907,352
1786,2,Slow,0.35504209995269775,896,437
1787,1,Fast,0.8039971590042114,820,729
1787,1,Fast,0.7649083733558655,1013,750
1787,1,Fast,0.7093932032585144,976,594
1787,1,Fast,0.650564432144165,1080,791
1787,2,Slow,0.5225043892860413,907,350
1788,1,Fast,0.8549776673316956,822,733
1788,1,Fast,0.7634768486022949,974,590
1788,1,Fast,0.7552028298377991,1009,743
1788,2,Slow,0.6606361269950867,906,349
1788,1,Fast,0.6250705718994141,1076,785
1789,1,Fast,0.7997430562973022,1007,737
1789,1,Fast,0.7340074777603149,823,739
1789,1,Fast,0.7246294021606445,973,585
1789,1,Fast,0.6868116855621338,1073,778
1789,2,Slow,0.6052641868591309,906,348
1789,2,Slow,0.4398323893547058,896,427
1790,1,Fast,0.8331416845321655,825,745
1790,1,Fast,0.8280012607574463,1003,730
1790,1,Fast,0.6686283946037292,971,582
1790,1,Fast,0.5473229885101318,1069,773
1790,2,Slow,0.4609023332595825,895,425
1791,1,Fast,0.8678994178771973,826,750
1791,1,Fast,0.7541671395301819,1000,724
1791,1,Fast,0.6182547807693481,1066,766
1791,1,Fast,0.6062194108963013,970,578
1791,2,Slow,0.5031223297119141,895,423
1792,1,Fast,0.872864842414856,828,756
1792,1,Fast,0.7865853309631348,997,717
1792,1,Fast,0.7011846303939819,1063,760
1792,1,Fast,0.6742354035377502,968,574
1792,2,Slow,0.4426289498806,894,420
1793,1,Fast,0.8742631077766418,829,762
1793,1,Fast,0.827563464641571,995,711
1793,1,Fast,0.7387557625770569,1060,754
1793,1,Fast,0.5710577964782715,966,570
1794,1,Fast,0.8757710456848145,830,767
1794,1,Fast,0.7911133766174316,992,704
1794,1,Fast,0.5723679661750793,1057,748
1794,2,Slow,0.540763795375824,893,416
1794,1,Fast,0.448129802942276,965,566
1795,1,Fast,0.8637161254882812,832,773
1795,1,Fast,0.7752427458763123,988,698
1795,1,Fast,0.6579984426498413,963,563
1795,1,Fast,0.3913103938102722,1053,742
1795,2,Slow,0.3603762686252594,892,413
1796,1,Fast,0.8591400384902954,834,779
1796,1,Fast,0.7099822759628296,962,559
1796,1,Fast,0.6955166459083557,987,693
1797,1,Fast,0.8519492149353027,836,786
1797,1,Fast,0.7379729747772217,983,687
1797,1,Fast,0.6347525119781494,960,556
1797,1,Fast,0.5321230888366699,1048,731
1797,2,Slow,0.429208368062973,891,409
1798,1,Fast,0.8568677306175232,837,791
1798,1,Fast,0.7471503615379333,981,681
1798,1,Fast,0.643639087677002,959,552
1798,1,Fast,0.5431396961212158,1045,726
1799,1,Fast,0.8596458435058594,839,798
1799,1,Fast,0.8173490762710571,978,675
1799,1,Fast,0.7087196111679077,957,549
1799,1,Fast,0.5359659194946289,1042,721
1800,1,Fast,0.8566277623176575,840,804
1800,1,Fast,0.8318779468536377,976,669
1800,1,Fast,0.8304682374000549,1039,715
1800,1,Fast,0.7894318103790283,956,545
1801,1,Fast,0.854770302772522,842,811
1801,1,Fast,0.8358714580535889,1037,710
1801,1,Fast,0.8042723536491394,973,664
1801,1,Fast,0.7369629740715027,954,541
1802,1,Fast,0.8573598861694336,844,816
1802,1,Fast,0.8270713686943054,970,659
1802,1,Fast,0.7689236998558044,954,538
1802,1,Fast,0.7631536722183228,1034,704
1803,1,Fast,0.8605324625968933,846,822
1803,1,Fast,0.8551291227340698,968,653
1803,1,Fast,0.7818849086761475,952,535
1803,1,Fast,0.5494201183319092,1032,699
1804,1,Fast,0.8550636768341064,848,829
1804,1,Fast,0.8511496782302856,966,647
1804,1,Fast,0.8013486266136169,951,532
1804,1,Fast,0.4254874587059021,1029,694
1805,1,Fast,0.8525738716125488,849,836
1805,1,Fast,0.8472473621368408,964,642
1805,1,Fast,0.8214053511619568,950,528
1805,1,Fast,0.3923630118370056,1328,1061
1806,1,Fast,0.8607949018478394,850,843
1806,1,Fast,0.811612069606781,962,637
1806,1,Fast,0.8090019226074219,948,525
1806,1,Fast,0.6170804500579834,1024,683
1806,1,Fast,0.6167872548103333,1321,1057
1807,1,Fast,0.8650787472724915,852,849
1807,1,Fast,0.8363564014434814,959,632
1807,1,Fast,0.8273077607154846,947,522
1807,1,Fast,0.8030356764793396,1314,1051
1807,1,Fast,0.3884442448616028,1021,678
1808,1,Fast,0.848987877368927,855,857
1808,1,Fast,0.8342099189758301,957,627
1808,1,Fast,0.8188027739524841,946,519
1809,1,Fast,0.8547848463058472,955,622
1809,1,Fast,0.8454100489616394,857,864
1809,1,Fast,0.7909122109413147,945,516
1810,1,Fast,0.8503504991531372,861,871
1810,1,Fast,0.8493582010269165,953,617
1810,1,Fast,0.7620116472244263,943,512
1810,1,Fast,0.3767467141151428,1293,1024
1811,1,Fast,0.8748615980148315,951,612
1811,1,Fast,0.8592461347579956,862,879
1811,1,Fast,0.7000824809074402,943,510
1812,1,Fast,0.8731991052627563,949,608
1812,1,Fast,0.8417125940322876,865,887
1812,1,Fast,0.7997496128082275,942,507
1812,1,Fast,0.7404898405075073,1010,655
1812,1,Fast,0.5846389532089233,1283,1006
1813,1,Fast,0.8396492600440979,947,603
1813,1,Fast,0.8264946937561035,868,894
1813,1,Fast,0.7562671899795532,1007,651
1813,1,Fast,0.7143442034721375,940,503
1814,1,Fast,0.8467558026313782,946,598
1814,1,Fast,0.8293732404708862,939,501
1814,1,Fast,0.7862265706062317,870,901
1814,1,Fast,0.7828381061553955,1006,646
1814,1,Fast,0.4243038594722748,1271,990
1815,1,Fast,0.8526344895362854,944,594
1815,1,Fast,0.820013701915741,872,909
1815,1,Fast,0.7985599637031555,938,497
1815,1,Fast,0.6192810535430908,1003,641
1815,1,Fast,0.5384801030158997,1265,981
1816,1,Fast,0.8441118597984314,943,589
1816,1,Fast,0.8219441771507263,874,916
1816,1,Fast,0.7898258566856384,937,494
1816,1,Fast,0.6775044202804565,1002,636
1816,1,Fast,0.6341164112091064,1260,974
1817,1,Fast,0.8540175557136536,876,925
1817,1,Fast,0.8378548622131348,941,585
1817,1,Fast,0.8174480199813843,936,491
1817,1,Fast,0.5662035942077637,999,631
1817,1,Fast,0.4901464879512787,1254,966
1818,1,Fast,0.8605188727378845,939,580
1818,1,Fast,0.8516790866851807,878,932
1818,1,Fast,0.798919141292572,935,489
1818,1,Fast,0.7054879069328308,1251,959
1819,1,Fast,0.865628719329834,937,576
1819,1,Fast,0.8293943405151367,881,942
1819,1,Fast,0.7741764783859253,934,486
1819,1,Fast,0.5519547462463379,1247,950
1819,1,Fast,0.4504268765449524,994,622
1820,1,Fast,0.8448517918586731,935,572
1820,1,Fast,0.8187651038169861,884,950
1820,1,Fast,0.7793720364570618,933,483
1820,1,Fast,0.41168656945228577,1240,943
1820,1,Fast,0.30662721395492554,992,618
1821,1,Fast,0.8551872372627258,933,568
1821,1,Fast,0.813176691532135,886,959
1821,1,Fast,0.7060617804527283,933,481
1821,1,Fast,0.5098749995231628,1235,936
1821,1,Fast,0.41542306542396545,991,614
1822,1,Fast,0.8606727719306946,932,564
1822,1,Fast,0.7839656472206116,890,968
1822,1,Fast,0.7755563259124756,932,478
1822,1,Fast,0.47645679116249084,1231,927
1822,1,Fast,0.38937872648239136,989,611
1823,1,Fast,0.8469371199607849,930,560
1823,1,Fast,0.7496184706687927,893,975
1823,1,Fast,0.7396748661994934,1225,920
1823,1,Fast,0.7085714936256409,930,475
1823,1,Fast,0.5166640281677246,988,607
1824,1,Fast,0.8245685696601868,929,556
1824,1,Fast,0.8105748295783997,896,986
1824,1,Fast,0.7900052070617676,1220,913
1824,1,Fast,0.7230333685874939,929,472
1825,1,Fast,0.831606924533844,928,552
1825,1,Fast,0.695393979549408,928,470
1825,1,Fast,0.6521667838096619,898,995
1825,1,Fast,0.6414486765861511,1216,907
1825,1,Fast,0.42884203791618347,983,599
1826,1,Fast,0.8529744744300842,926,548
1826,1,Fast,0.7554689645767212,927,467
1826,1,Fast,0.45289674401283264,902,1004
1826,1,Fast,0.4162522256374359,982,595
1827,1,Fast,0.8601201176643372,925,544
1827,1,Fast,0.7653358578681946,979,591
1827,1,Fast,0.7585458755493164,927,464
1827,1,Fast,0.5625553131103516,1207,892
1827,1,Fast,0.44892168045043945,905,1013
1827,1,Fast,0.3167407512664795,981,505
1828,1,Fast,0.8385917544364929,924,539
1828,1,Fast,0.799411416053772,926,461
1828,1,Fast,0.7083185911178589,977,587
1828,1,Fast,0.3400086462497711,908,1022
1828,1,Fast,0.3263952434062958,1258,1066
1829,1,Fast,0.8525339365005493,923,536
1829,1,Fast,0.7300450205802917,976,583
1829,1,Fast,0.726141631603241,925,459
1829,1,Fast,0.4763491749763489,911,1029
1830,1,Fast,0.8598821759223938,921,532
1830,1,Fast,0.7714956402778625,975,579
1830,1,Fast,0.7421227097511292,926,455
1830,2,Slow,0.318208247423172,1243,1056
1830,1,Fast,0.3094482421875,1193,871
1831,1,Fast,0.851581871509552,919,529
1831,1,Fast,0.7573135495185852,974,575
1831,1,Fast,0.6854348182678223,1189,865
1831,1,Fast,0.6653755307197571,924,453
1832,1,Fast,0.8310399651527405,918,524
1832,1,Fast,0.7527486085891724,1184,858
1832,1,Fast,0.6472015976905823,972,571
1832,1,Fast,0.541047990322113,924,451
1832,1,Fast,0.3431052565574646,918,1044
1833,1,Fast,0.8609617948532104,917,521
1833,1,Fast,0.4767395555973053,922,448
1833,1,Fast,0.47134774923324585,970,568
1833,1,Fast,0.3894839286804199,1181,852
1834,1,Fast,0.845902144908905,916,517
1834,1,Fast,0.6142672300338745,1176,846
1834,1,Fast,0.530627965927124,968,565
1834,1,Fast,0.382624089717865,922,446
1835,1,Fast,0.8340105414390564,915,513
1835,1,Fast,0.6961802840232849,1172,839
1835,1,Fast,0.6127030253410339,967,561
1835,1,Fast,0.40958812832832336,921,444
1836,1,Fast,0.7665849924087524,913,510
1836,1,Fast,0.45637047290802,964,557
1836,1,Fast,0.44864845275878906,1200,997
1836,1,Fast,0.4149247705936432,1169,833
1836,1,Fast,0.39237409830093384,919,441
1836,1,Fast,0.31489574909210205,929,1064
1837,1,Fast,0.8254578113555908,912,506
1837,1,Fast,0.7682501673698425,1164,826
1837,1,Fast,0.7068787813186646,962,554
1838,1,Fast,0.8383733630180359,911,503
1838,1,Fast,0.807371973991394,1161,820
1838,1,Fast,0.7686138153076172,961,551
1838,1,Fast,0.3135324716567993,1004,561
1838,1,Fast,0.3111555576324463,1189,977
1839,1,Fast,0.8472848534584045,910,500
1839,1,Fast,0.8368303179740906,1156,815
1839,1,Fast,0.7942982316017151,960,548
1839,1,Fast,0.6914063692092896,918,434
1839,1,Fast,0.44351625442504883,1183,967
1840,1,Fast,0.8103215098381042,909,497
1840,1,Fast,0.8075832724571228,917,431
1840,1,Fast,0.7265518307685852,1154,809
1840,1,Fast,0.6432973742485046,1178,958
1840,1,Fast,0.6214191317558289,960,544
1841,1,Fast,0.8341167569160461,907,492
1841,1,Fast,0.7547963857650757,958,540
1841,1,Fast,0.7213737964630127,917,429
1841,1,Fast,0.6772577166557312,1172,949
1842,1,Fast,0.8369488716125488,906,489
1842,1,Fast,0.6389131546020508,956,537
1842,1,Fast,0.5245473980903625,915,426
1842,1,Fast,0.5235857963562012,1145,797
1843,1,Fast,0.8567681908607483,905,486
1843,1,Fast,0.5994656682014465,915,424
1843,1,Fast,0.38616082072257996,954,533
1844,1,Fast,0.8451575636863708,904,483
1844,1,Fast,0.7939677834510803,953,531
1844,1,Fast,0.5134792923927307,915,422
1845,1,Fast,0.7796942591667175,1134,780
1845,1,Fast,0.739531397819519,903,480
1845,1,Fast,0.6397729516029358,952,527
1845,1,Fast,0.30908408761024475,914,420
1846,1,Fast,0.823127269744873,902,477
1846,1,Fast,0.747845470905304,950,524
1846,1,Fast,0.45435357093811035,1131,774
1847,1,Fast,0.8170601725578308,902,474
1847,1,Fast,0.7820301055908203,1128,768
1847,1,Fast,0.5913955569267273,949,521
1848,1,Fast,0.838520884513855,948,518
1848,1,Fast,0.8197896480560303,901,470
1848,1,Fast,0.6445507407188416,1125,764
1848,1,Fast,0.5241645574569702,1135,887
1848,1,Fast,0.37219226360321045,912,413
1849,1,Fast,0.8161628246307373,946,515
1849,1,Fast,0.761361300945282,900,467
1849,1,Fast,0.42296311259269714,912,411
1850,1,Fast,0.7962754368782043,946,512
1850,1,Fast,0.730617344379425,899,463
1850,1,Fast,0.49636462330818176,988,526
1850,1,Fast,0.4822848439216614,912,409
1850,1,Fast,0.359569787979126,1118,752
1851,1,Fast,0.6962440013885498,899,459
1851,1,Fast,0.6333217024803162,911,407
1851,1,Fast,0.5509235858917236,944,509
1851,1,Fast,0.44091397523880005,1122,863
1851,1,Fast,0.41282933950424194,1115,747
1852,1,Fast,0.7734139561653137,898,457
1852,1,Fast,0.6857345104217529,910,404
1852,1,Fast,0.658857524394989,945,506
1852,1,Fast,0.5536829829216003,1112,743
1852,1,Fast,0.4656182527542114,1118,856
1853,1,Fast,0.7845011353492737,896,454
1853,1,Fast,0.6650137901306152,910,402
1853,1,Fast,0.6542035937309265,943,503
1853,1,Fast,0.5998349785804749,1108,738
1854,1,Fast,0.7861034274101257,941,499
1854,1,Fast,0.7610962390899658,896,452
1854,1,Fast,0.3893333673477173,909,400
1855,1,Fast,0.746736466884613,940,497
1855,1,Fast,0.6790573000907898,895,449
1855,1,Fast,0.3456540107727051,1103,729
1856,1,Fast,0.7861560583114624,938,493
1856,1,Fast,0.6558168530464172,894,446
1856,1,Fast,0.305359810590744,952,440
1857,1,Fast,0.7915807962417603,938,491
1857,1,Fast,0.7185589671134949,893,444
1857,1,Fast,0.3830026388168335,951,438
1857,1,Fast,0.36528992652893066,979,506
1858,1,Fast,0.7886980772018433,937,488
1858,1,Fast,0.7217807173728943,892,440
1858,1,Fast,0.6448662281036377,978,505
1858,1,Fast,0.3774123787879944,950,435
1859,1,Fast,0.8012363910675049,1091,709
1859,1,Fast,0.7114496827125549,891,437
1859,1,Fast,0.6250712275505066,935,485
1859,1,Fast,0.5244132280349731,1089,803
1859,1,Fast,0.43582409620285034,978,502
1860,1,Fast,0.7101271748542786,891,434
1860,1,Fast,0.700541615486145,977,499
1860,1,Fast,0.66485995054245,1088,704
1860,1,Fast,0.6636089086532593,934,482
1860,1,Fast,0.6397039294242859,1085,798
1860,1,Fast,0.44656750559806824,949,431
1861,1,Fast,0.7754102349281311,890,431
1861,1,Fast,0.6982724070549011,1085,699
1861,1,Fast,0.5160929560661316,976,496
1861,1,Fast,0.3360002338886261,932,480
1862,1,Fast,0.7636523246765137,890,428
1862,1,Fast,0.7461017966270447,932,477
1863,1,Fast,0.8088558316230774,889,425
1863,1,Fast,0.6957972049713135,931,475
1863,1,Fast,0.38988128304481506,1081,691
1864,1,Fast,0.7737401723861694,889,423
1864,1,Fast,0.7539660334587097,930,471
1864,1,Fast,0.5721840858459473,1078,687
1864,1,Fast,0.43159544467926025,904,381
1864,1,Fast,0.345196008682251,1072,770
1865,1,Fast,0.7017805576324463,888,421
1865,1,Fast,0.6783764362335205,1075,681
1865,1,Fast,0.635294497013092,930,469
1865,1,Fast,0.4522278606891632,904,379
1866,1,Fast,0.854763388633728,1072,678
1866,1,Fast,0.7747355699539185,887,418
1866,1,Fast,0.6477729678153992,929,466
1867,1,Fast,0.8457987308502197,1070,674
1867,1,Fast,0.7510174512863159,887,416
1867,1,Fast,0.6947652697563171,1063,752
1867,1,Fast,0.6107484698295593,928,462
1868,1,Fast,0.8339380621910095,1068,669
1868,1,Fast,0.7924538850784302,1058,745
1868,1,Fast,0.7876119613647461,887,413
1868,1,Fast,0.7370285987854004,927,461
1869,1,Fast,0.7593848705291748,885,410
1869,1,Fast,0.7297210693359375,926,457
1869,1,Fast,0.45797744393348694,1067,667
1869,1,Fast,0.4523067772388458,1056,739
1870,1,Fast,0.6859136819839478,925,454
1870,1,Fast,0.6756730675697327,885,407
1871,1,Fast,0.7130259275436401,924,452
1871,1,Fast,0.6655423641204834,885,405
1871,1,Fast,0.6249675154685974,1154,911
1872,1,Fast,0.7602862119674683,885,403
1872,1,Fast,0.6116504669189453,1058,652
1872,2,Slow,0.56059730052948,1046,722
1872,1,Fast,0.5587224364280701,1150,904
1872,1,Fast,0.5402692556381226,924,450
1872,1,Fast,0.4783760905265808,941,408
1872,1,Fast,0.336452841758728,989,531
1873,1,Fast,0.8533153533935547,1055,648
1873,1,Fast,0.7172188758850098,885,401
1873,1,Fast,0.4992541968822479,964,468
1873,2,Slow,0.32512032985687256,1042,717
1874,1,Fast,0.8094351887702942,1053,645
1874,1,Fast,0.6682382822036743,884,398
1874,1,Fast,0.4641391634941101,923,446
1874,1,Fast,0.4105014503002167,988,525
1874,2,Slow,0.387037068605423,1039,711
1875,1,Fast,0.7984906435012817,1051,640
1875,2,Slow,0.7100901007652283,1038,706
1875,1,Fast,0.7034635543823242,884,395
1875,1,Fast,0.6014653444290161,921,443
1876,2,Slow,0.7793528437614441,1035,700
1876,1,Fast,0.6956951022148132,884,393
1877,1,Fast,0.6611327528953552,883,392
1877,1,Fast,0.3213883340358734,920,437
1877,1,Fast,0.30574923753738403,1047,633
1878,1,Fast,0.6353516578674316,883,390
1878,1,Fast,0.47861430048942566,919,436
1878,1,Fast,0.43016231060028076,960,456
1878,2,Slow,0.4222002923488617,1030,690
1878,1,Fast,0.36508941650390625,1124,855
1878,1,Fast,0.317688524723053,1045,630
1879,1,Fast,0.7250379323959351,1043,625
1879,2,Slow,0.5640436410903931,1028,684
1880,1,Fast,0.8738828897476196,1041,621
1880,2,Slow,0.5134480595588684,841,462
1880,2,Slow,0.4665440320968628,1025,679
1880,1,Fast,0.3921426832675934,958,453
1881,1,Fast,0.8449340462684631,1038,618
1881,1,Fast,0.7408756017684937,881,383
1881,1,Fast,0.5823750495910645,917,428
1881,2,Slow,0.5523402094841003,1022,673
1881,2,Slow,0.4798150360584259,841,466
1881,1,Fast,0.4266347289085388,936,391
1881,1,Fast,0.35437262058258057,978,506
1882,1,Fast,0.8436733484268188,1037,614
1882,1,Fast,0.7787172198295593,881,381
1882,2,Slow,0.5162065029144287,1020,669
1882,1,Fast,0.43958359956741333,1106,822
1883,1,Fast,0.7103674411773682,881,379
1883,1,Fast,0.7085049748420715,1035,611
1883,1,Fast,0.4297904074192047,825,555
1884,1,Fast,0.6610248684883118,880,376
1884,1,Fast,0.5527886748313904,1033,608
1884,1,Fast,0.5034828782081604,935,387
1884,1,Fast,0.45771047472953796,826,558
1884,1,Fast,0.4450052082538605,1100,810
1884,1,Fast,0.43815988302230835,916,422
1884,2,Slow,0.3474825918674469,954,445
1884,2,Slow,0.30747273564338684,843,476
1885,1,Fast,0.6540290713310242,826,562
1885,1,Fast,0.5348844528198242,1031,603
1885,2,Slow,0.34889933466911316,1011,653
1885,1,Fast,0.32066795229911804,1097,804
1886,1,Fast,0.6619021892547607,827,565
1886,2,Slow,0.5068612694740295,1009,649
1886,1,Fast,0.48270323872566223,1029,600
1886,2,Slow,0.3701840341091156,844,483
1887,1,Fast,0.6004949808120728,827,568
1887,1,Fast,0.5961287617683411,1028,595
1887,2,Slow,0.4975596070289612,1007,643
1887,2,Slow,0.44413506984710693,845,486
1887,1,Fast,0.38005536794662476,970,492
1888,1,Fast,0.8325718641281128,1025,592
1888,2,Slow,0.678229570388794,1004,639
1888,1,Fast,0.662874698638916,879,367
1888,2,Slow,0.4658801555633545,846,490
1888,1,Fast,0.4587256610393524,828,572
1888,1,Fast,0.45483818650245667,913,412
1888,1,Fast,0.3108222484588623,969,489
1889,1,Fast,0.8218732476234436,1023,588
1889,1,Fast,0.5069394707679749,828,577
1889,1,Fast,0.3515414893627167,847,494
1889,2,Slow,0.3377818465232849,1003,634
1889,1,Fast,0.33607906103134155,879,365
1889,1,Fast,0.30954381823539734,912,409
1890,1,Fast,0.7972308397293091,1021,586
1890,1,Fast,0.4823962152004242,912,407
1890,1,Fast,0.34668850898742676,879,363
1891,1,Fast,0.6262081265449524,911,405
1891,1,Fast,0.49706321954727173,1020,583
1892,1,Fast,0.6666392087936401,910,403
1892,2,Slow,0.3697635531425476,997,620
1893,1,Fast,0.702481210231781,1016,575
1893,1,Fast,0.5649266839027405,909,401
1894,1,Fast,0.7475324273109436,1014,572
1894,1,Fast,0.5521779656410217,910,398
1894,2,Slow,0.5328206419944763,993,611
1894,1,Fast,0.37955039739608765,876,356
1895,1,Fast,0.7967640161514282,1013,569
1895,1,Fast,0.7081447839736938,909,396
1895,1,Fast,0.4249234199523926,876,353
1895,1,Fast,0.35438430309295654,1060,737
1895,2,Slow,0.3319089114665985,991,607
1896,1,Fast,0.742159366607666,908,394
1896,1,Fast,0.7091467976570129,1011,565
1896,1,Fast,0.6713771820068359,853,521
1896,1,Fast,0.5471762418746948,875,350
1896,1,Fast,0.46908438205718994,837,603
1896,1,Fast,0.35159528255462646,1058,732
1897,1,Fast,0.5059306025505066,1009,563
1897,1,Fast,0.47442713379859924,908,392
1897,1,Fast,0.46906137466430664,986,598
1897,1,Fast,0.3661571443080902,874,349
1897,1,Fast,0.312581330537796,854,525
1898,1,Fast,0.7326239347457886,984,594
1898,1,Fast,0.3869132101535797,1007,559
1898,1,Fast,0.3301830291748047,907,391
1900,1,Fast,0.42753279209136963,839,620
1901,1,Fast,0.6204127073287964,840,624
1901,1,Fast,0.5595406889915466,979,581
1901,1,Fast,0.4503079354763031,1003,549
1901,1,Fast,0.3168327212333679,1043,704
1902,1,Fast,0.7544543147087097,840,628
1902,1,Fast,0.7506657838821411,1002,546
1903,1,Fast,0.804466724395752,842,633
1903,1,Fast,0.7696677446365356,1001,543
1903,1,Fast,0.46023672819137573,975,573
1903,1,Fast,0.3120415210723877,905,381
1904,1,Fast,0.7972331047058105,842,637
1904,1,Fast,0.583927571773529,974,569
1904,1,Fast,0.5773620009422302,999,540
1904,1,Fast,0.49017077684402466,905,379
1905,1,Fast,0.702134907245636,843,640
1905,1,Fast,0.44960829615592957,972,565
1905,1,Fast,0.36789101362228394,905,378
1906,1,Fast,0.8015519976615906,846,646
1906,1,Fast,0.40308672189712524,783,510
1906,1,Fast,0.31352320313453674,904,376
1907,1,Fast,0.7860456705093384,848,650
1908,1,Fast,0.7837861776351929,849,654
1908,1,Fast,0.5219223499298096,950,444
1908,1,Fast,0.4041631519794464,866,573
1908,1,Fast,0.3715799152851105,903,372
1909,1,Fast,0.7280420660972595,850,658
1909,1,Fast,0.5568246841430664,992,526
1909,1,Fast,0.3205197751522064,950,441
1910,1,Fast,0.7912330031394958,851,662
1910,1,Fast,0.5024073123931885,990,522
1910,1,Fast,0.4383629560470581,903,368
1910,1,Fast,0.38440990447998047,874,326
1911,1,Fast,0.614782989025116,874,323
1911,1,Fast,0.6136619448661804,851,667
1911,1,Fast,0.6002268195152283,988,520
1911,1,Fast,0.40317943692207336,962,544
1911,1,Fast,0.38929787278175354,948,437
1912,1,Fast,0.7069101333618164,853,672
1912,1,Fast,0.59931480884552,873,322
1912,1,Fast,0.5695090293884277,961,540
1912,1,Fast,0.46829715371131897,987,518
1912,1,Fast,0.4638034999370575,1014,648
1912,1,Fast,0.34350472688674927,947,435
1913,1,Fast,0.7592726349830627,854,678
1913,1,Fast,0.5427643656730652,873,320
1913,1,Fast,0.49422958493232727,959,537
1913,1,Fast,0.45297497510910034,986,514
1914,1,Fast,0.8174796104431152,855,682
1914,1,Fast,0.6207648515701294,874,319
1915,1,Fast,0.8363358974456787,857,687
1915,1,Fast,0.7196567058563232,956,529
1915,1,Fast,0.3989971876144409,873,317
1916,1,Fast,0.8510566353797913,858,693
1916,1,Fast,0.6932345628738403,955,526
1916,1,Fast,0.5960037708282471,983,506
1917,1,Fast,0.8465217351913452,859,697
1917,1,Fast,0.7289678454399109,982,504
1917,1,Fast,0.7243914604187012,953,523
1918,1,Fast,0.870659351348877,861,702
1918,1,Fast,0.7367498874664307,952,520
1918,1,Fast,0.7172672152519226,980,502
1919,1,Fast,0.8328374028205872,862,708
1919,1,Fast,0.6137263774871826,949,517
1919,1,Fast,0.41391268372535706,999,615
1919,2,Slow,0.37834829092025757,883,628
1919,1,Fast,0.3477823734283447,979,499
1920,1,Fast,0.8122066259384155,864,713
1920,1,Fast,0.5097667574882507,978,497
1920,1,Fast,0.4279508888721466,948,513
1920,2,Slow,0.39895743131637573,885,633
1920,1,Fast,0.38623201847076416,873,309
1921,1,Fast,0.8083702325820923,866,718
1922,1,Fast,0.778397262096405,868,723
1922,1,Fast,0.7742765545845032,947,507
1922,1,Fast,0.6134464740753174,976,491
1922,1,Fast,0.4899607300758362,993,604
1922,1,Fast,0.3804287016391754,874,306
1922,1,Fast,0.35752198100090027,900,348
1923,1,Fast,0.7952444553375244,869,728
1923,1,Fast,0.7184180617332458,946,504
1923,1,Fast,0.40481528639793396,976,489
1924,1,Fast,0.8328790664672852,870,734
1924,1,Fast,0.6678287982940674,945,500
1924,1,Fast,0.42700791358947754,989,595
1924,1,Fast,0.34285616874694824,976,486
1925,1,Fast,0.8300104141235352,872,740
1925,1,Fast,0.7236616611480713,943,497
1925,1,Fast,0.4713769853115082,986,591
1925,1,Fast,0.3800688683986664,973,484
1926,1,Fast,0.8214481472969055,873,745
1926,1,Fast,0.7213327288627625,942,494
1926,1,Fast,0.6994192600250244,985,586
1927,1,Fast,0.8602240085601807,875,752
1927,1,Fast,0.7600709199905396,941,491
1927,1,Fast,0.682593584060669,984,584
1927,1,Fast,0.3245540261268616,972,478
1928,1,Fast,0.8433064818382263,877,758
1928,1,Fast,0.7558369636535645,940,487
1928,1,Fast,0.4804086685180664,982,579
1929,1,Fast,0.8697372674942017,879,763
1929,1,Fast,0.7731280326843262,939,485
1929,1,Fast,0.6832077503204346,968,474
1929,1,Fast,0.5592430233955383,980,575
1929,1,Fast,0.3105729818344116,897,336
1930,1,Fast,0.8563862442970276,881,769
1930,1,Fast,0.6626752018928528,937,482
1930,1,Fast,0.455276221036911,967,471
1930,1,Fast,0.3992236256599426,897,335
1930,1,Fast,0.3452320396900177,979,571
1931,1,Fast,0.8492954969406128,883,775
1931,1,Fast,0.77944415807724,977,568
1931,1,Fast,0.6228971481323242,936,479
1931,1,Fast,0.49779558181762695,967,469
1931,1,Fast,0.4869019091129303,934,398
1931,1,Fast,0.4564580023288727,897,333
1932,1,Fast,0.8454904556274414,884,782
1932,1,Fast,0.8070831894874573,935,477
1932,1,Fast,0.7918025255203247,975,564
1932,1,Fast,0.5924602746963501,966,467
1933,1,Fast,0.8174113035202026,934,474
1933,1,Fast,0.7703409790992737,974,560
1933,1,Fast,0.7441134452819824,887,788
1933,1,Fast,0.3059099316596985,1327,1067
1934,1,Fast,0.8149967789649963,933,471
1934,1,Fast,0.8081263899803162,890,794
1934,1,Fast,0.6619373559951782,973,556
1935,1,Fast,0.8196237683296204,891,799
1935,1,Fast,0.7930724620819092,932,468
1935,1,Fast,0.7240867614746094,1312,1056
1935,1,Fast,0.6406694650650024,971,553
1935,1,Fast,0.3872978389263153,963,461
1936,1,Fast,0.8105434775352478,892,806
1936,1,Fast,0.8031228184700012,1303,1051
1936,1,Fast,0.7209453582763672,931,465
1936,1,Fast,0.4417473077774048,968,549
1936,1,Fast,0.38809269666671753,962,458
1937,1,Fast,0.8573552370071411,894,812
1937,1,Fast,0.7439212799072266,930,462
1937,1,Fast,0.532310426235199,966,545
1937,1,Fast,0.5223256945610046,1295,1043
1937,1,Fast,0.3735302984714508,961,456
1938,1,Fast,0.855077862739563,896,818
1938,1,Fast,0.5233951210975647,929,460
1938,1,Fast,0.46785905957221985,1290,1034
1938,1,Fast,0.303650438785553,932,386
1939,1,Fast,0.8543967008590698,898,826
1939,1,Fast,0.7901058197021484,1283,1025
1939,1,Fast,0.7704687118530273,928,456
1939,1,Fast,0.4027099907398224,958,452
1939,1,Fast,0.3057290017604828,1146,940
1940,1,Fast,0.8466163277626038,899,833
1940,1,Fast,0.7883309125900269,1276,1015
1940,1,Fast,0.763870358467102,927,453
1940,1,Fast,0.5898815989494324,961,534
1940,1,Fast,0.39312469959259033,803,633
1941,1,Fast,0.8362388014793396,901,840
1941,1,Fast,0.7578533291816711,1272,1007
1941,1,Fast,0.7342749238014221,926,451
1941,1,Fast,0.6914310455322266,961,531
1941,1,Fast,0.6667498350143433,1134,918
1942,1,Fast,0.8601646423339844,904,847
1942,1,Fast,0.7845944762229919,960,527
1942,1,Fast,0.717207670211792,925,449
1942,1,Fast,0.7128072381019592,1128,908
1943,1,Fast,0.8677456378936768,906,854
1943,1,Fast,0.8011721968650818,924,447
1943,1,Fast,0.7932556867599487,958,525
1943,1,Fast,0.5838310122489929,1259,990
1943,1,Fast,0.5825842618942261,1123,897
1943,1,Fast,0.4343867599964142,956,441
1943,1,Fast,0.38166239857673645,936,784
1944,1,Fast,0.8730756640434265,909,860
1944,1,Fast,0.8157106041908264,924,445
1944,1,Fast,0.7951428294181824,957,522
1944,1,Fast,0.7341817021369934,1253,980
1944,1,Fast,0.6949309706687927,955,439
1944,1,Fast,0.3559682369232178,1117,887
1945,1,Fast,0.8836230039596558,911,868
1945,1,Fast,0.836234450340271,1248,972
1945,1,Fast,0.7916978001594543,923,442
1945,1,Fast,0.6730800271034241,954,438
1945,1,Fast,0.4951445460319519,956,518
1946,1,Fast,0.8783383965492249,1241,965
1946,1,Fast,0.8750336170196533,914,875
1946,1,Fast,0.8562707304954529,954,515
1946,1,Fast,0.8097891807556152,922,439
1946,1,Fast,0.6275507807731628,953,436
1946,1,Fast,0.5163958668708801,1106,868
1946,1,Fast,0.3858972489833832,811,657
1947,1,Fast,0.8596828579902649,917,883
1947,1,Fast,0.845648467540741,1237,956
1947,1,Fast,0.7646418213844299,951,512
1947,1,Fast,0.7543248534202576,922,437
1947,1,Fast,0.47909069061279297,811,661
1947,1,Fast,0.47581392526626587,951,433
1948,1,Fast,0.85901939868927,919,890
1948,1,Fast,0.8386444449424744,1232,949
1948,1,Fast,0.8179871439933777,949,508
1948,1,Fast,0.6351669430732727,921,433
1948,1,Fast,0.48206523060798645,951,431
1948,1,Fast,0.4192999005317688,1097,848
1948,1,Fast,0.32712921500205994,812,665
1949,1,Fast,0.8490027189254761,921,898
1949,1,Fast,0.7448024749755859,1093,838
1949,1,Fast,0.6949099898338318,920,431
1949,1,Fast,0.6127800345420837,948,505
1949,1,Fast,0.6001215577125549,1227,941
1949,1,Fast,0.589726984500885,950,429
1950,1,Fast,0.8801287412643433,923,906
1950,1,Fast,0.7726462483406067,948,502
1950,1,Fast,0.6522780060768127,920,428
1950,1,Fast,0.6277279257774353,1223,933
1950,1,Fast,0.46404948830604553,949,427
1950,1,Fast,0.43417543172836304,1088,830
1950,1,Fast,0.4135994017124176,959,843
1951,1,Fast,0.8716397881507874,926,914
1951,1,Fast,0.7801280617713928,947,499
1951,1,Fast,0.7321600317955017,919,425
1951,1,Fast,0.6601248383522034,1218,926
1951,1,Fast,0.4733985364437103,948,425
1952,1,Fast,0.8854508996009827,1214,918
1952,1,Fast,0.856827974319458,929,923
1952,1,Fast,0.7481421232223511,918,422
1952,1,Fast,0.746900737285614,946,496
1952,1,Fast,0.3831857740879059,966,860
1952,1,Fast,0.3707398772239685,926,364
1952,1,Fast,0.32735344767570496,948,423
1953,1,Fast,0.8459759950637817,931,932
1953,1,Fast,0.8411374092102051,945,493
1953,1,Fast,0.8407151103019714,1209,911
1953,1,Fast,0.7007200121879578,918,421
1953,1,Fast,0.4672410786151886,947,422
1954,1,Fast,0.8440659046173096,935,940
1954,1,Fast,0.8387817144393921,1203,903
1954,1,Fast,0.5183842778205872,943,490
1954,1,Fast,0.33142098784446716,916,418
1955,1,Fast,0.8481537103652954,938,947
1955,1,Fast,0.7994163036346436,943,487
1955,1,Fast,0.7992403507232666,1198,896
1955,1,Fast,0.44557666778564453,916,417
1956,1,Fast,0.870586097240448,941,956
1956,1,Fast,0.8440037369728088,941,484
1956,1,Fast,0.6627013683319092,1193,889
1956,1,Fast,0.5763906240463257,916,415
1956,1,Fast,0.37877365946769714,947,415
1957,1,Fast,0.882965624332428,944,964
1957,1,Fast,0.7391309142112732,940,482
1957,1,Fast,0.6163280606269836,915,412
1957,1,Fast,0.3307225704193115,946,413
1958,1,Fast,0.88560551404953,947,973
1958,1,Fast,0.8026566505432129,939,478
1958,1,Fast,0.6237536072731018,914,409
1958,1,Fast,0.5238242745399475,1185,874
1959,1,Fast,0.8663528561592102,950,982
1959,1,Fast,0.8380115628242493,1180,869
1959,1,Fast,0.6910432577133179,914,407
1959,1,Fast,0.5430270433425903,938,476
1959,1,Fast,0.47682616114616394,825,722
1959,1,Fast,0.3654285967350006,945,409
1960,1,Fast,0.8444873094558716,953,991
1960,1,Fast,0.7724486589431763,826,726
1960,1,Fast,0.7605605721473694,1177,862
1960,1,Fast,0.7246450185775757,914,404
1960,1,Fast,0.6094270348548889,936,473
1960,1,Fast,0.6091523170471191,944,407
1961,1,Fast,0.8350334167480469,957,1000
1961,1,Fast,0.7970577478408813,1173,856
1961,1,Fast,0.7281589508056641,913,401
1961,1,Fast,0.6607853174209595,935,469
1961,1,Fast,0.62950599193573,827,730
1961,1,Fast,0.31132951378822327,986,524
1962,1,Fast,0.8085138201713562,960,1009
1962,1,Fast,0.7620448470115662,1168,849
1962,1,Fast,0.746636688709259,912,400
1962,1,Fast,0.5189582705497742,942,402
1963,1,Fast,0.8449710607528687,1164,843
1963,1,Fast,0.7831458449363708,963,1020
1963,1,Fast,0.7608325481414795,912,398
1963,1,Fast,0.5577622652053833,941,401
1963,1,Fast,0.40799200534820557,933,464
1964,1,Fast,0.8351538777351379,967,1030
1964,1,Fast,0.7840356230735779,912,395
1964,1,Fast,0.6018418073654175,932,461
1964,1,Fast,0.5720696449279785,942,399
1964,1,Fast,0.30855098366737366,1160,836
1965,1,Fast,0.8250284790992737,1157,829
1965,1,Fast,0.7609208822250366,970,1040
1965,1,Fast,0.7061512470245361,911,393
1965,1,Fast,0.5554126501083374,931,458
1965,1,Fast,0.32718420028686523,941,396
1966,1,Fast,0.8362229466438293,975,1048
1966,1,Fast,0.7995158433914185,931,455
1966,1,Fast,0.7916091084480286,1153,823
1966,1,Fast,0.5928208231925964,911,391
1967,1,Fast,0.8267850875854492,931,453
1967,1,Fast,0.8115091919898987,980,1054
1967,1,Fast,0.8045767545700073,1149,818
1967,1,Fast,0.5015985369682312,976,507
1967,1,Fast,0.4325979948043823,911,389
1968,1,Fast,0.7956420183181763,985,1058
1968,1,Fast,0.7411152720451355,929,451
1968,1,Fast,0.6483391523361206,1146,811
1968,1,Fast,0.5166983604431152,910,388
1968,1,Fast,0.34062957763671875,829,332
1968,1,Fast,0.31879252195358276,975,504
1969,1,Fast,0.7751304507255554,991,1064
1969,1,Fast,0.5987798571586609,909,386
1969,1,Fast,0.5360007882118225,928,449
1969,1,Fast,0.43478959798812866,974,502
1969,1,Fast,0.3177153170108795,858,685
1970,1,Fast,0.6822860240936279,994,1069
1970,1,Fast,0.45896315574645996,909,384
1971,1,Fast,0.36054202914237976,909,381
1972,1,Fast,0.6076982021331787,908,379
1972,1,Fast,0.5049129128456116,844,799
1972,1,Fast,0.41479605436325073,813,523
1972,1,Fast,0.31421759724617004,1130,786
1973,1,Fast,0.7748283743858337,1127,780
1973,1,Fast,0.5573557615280151,846,804
1973,1,Fast,0.46880775690078735,908,377
1973,1,Fast,0.33347585797309875,813,526
1974,1,Fast,0.5721063017845154,1124,776
1974,1,Fast,0.5117361545562744,847,809
1974,1,Fast,0.42158809304237366,907,375
1975,1,Fast,0.6639072895050049,1120,769
1975,1,Fast,0.5899616479873657,849,817
1975,1,Fast,0.425246924161911,907,372
1976,1,Fast,0.6052664518356323,907,371
1976,1,Fast,0.33341631293296814,1117,763
1977,1,Fast,0.5500354766845703,906,369
1977,1,Fast,0.483666330575943,1114,758
1978,1,Fast,0.6513175964355469,1111,752
1978,1,Fast,0.4941690266132355,906,367
1979,1,Fast,0.6477990746498108,1108,747
1979,1,Fast,0.4607701003551483,905,366
1979,1,Fast,0.3811821937561035,856,846
1980,1,Fast,0.8070506453514099,1105,743
1980,1,Fast,0.5295097827911377,858,854
1980,1,Fast,0.3099214434623718,904,363
1981,1,Fast,0.7268260717391968,1102,739
1981,1,Fast,0.6144184470176697,787,679
1981,1,Fast,0.3550979197025299,860,861
1981,1,Fast,0.33263611793518066,904,361
1982,1,Fast,0.37832072377204895,1099,733
1982,1,Fast,0.31958791613578796,787,682
1983,1,Fast,0.3427213430404663,1096,729
1984,1,Fast,0.5170129537582397,867,883
1984,1,Fast,0.3938056528568268,904,356
1984,1,Fast,0.38221439719200134,1092,722
1985,1,Fast,0.7401391267776489,869,890
1985,1,Fast,0.6460429430007935,1090,717
1985,1,Fast,0.3899289667606354,903,355
1986,1,Fast,0.7946938872337341,1087,712
1986,1,Fast,0.771536648273468,871,897
1986,1,Fast,0.5077184438705444,974,590
1987,1,Fast,0.851193904876709,1084,707
1987,1,Fast,0.7296141982078552,874,904
1987,1,Fast,0.47467872500419617,903,351
1987,1,Fast,0.3369646370410919,972,584
1988,1,Fast,0.8464986681938171,1082,703
1988,1,Fast,0.5069661736488342,876,913
1988,1,Fast,0.5005512237548828,903,349
1988,1,Fast,0.37467941641807556,1314,1061
1988,1,Fast,0.3033072352409363,744,525
1989,1,Fast,0.8283867835998535,1078,698
1989,1,Fast,0.6686254739761353,968,575
1989,1,Fast,0.5766013264656067,879,922
1989,1,Fast,0.5136001110076904,902,347
1989,1,Fast,0.3164350688457489,744,527
1990,1,Fast,0.8444408774375916,1075,693
1990,1,Fast,0.6511607766151428,881,930
1990,1,Fast,0.594209611415863,745,527
1990,1,Fast,0.5633038282394409,966,570
1991,1,Fast,0.8448364734649658,1073,688
1991,1,Fast,0.7363606095314026,883,939
1991,1,Fast,0.3485293686389923,745,529
1992,1,Fast,0.815686821937561,886,948
1992,1,Fast,0.803206205368042,1070,684
1992,1,Fast,0.5290851593017578,962,561
1993,1,Fast,0.8331997990608215,1068,680
1993,1,Fast,0.7402631640434265,888,957
1994,1,Fast,0.8182032704353333,1066,675
1994,1,Fast,0.6896352171897888,890,965
1994,1,Fast,0.6422488689422607,904,833
1994,1,Fast,0.43301281332969666,745,535
1995,1,Fast,0.7238202691078186,906,840
1995,1,Fast,0.7013821601867676,1063,672
1995,1,Fast,0.6280706524848938,894,974
1996,1,Fast,0.6729629039764404,908,846
1996,1,Fast,0.6037269830703735,1060,666
1996,1,Fast,0.3168675899505615,896,983
1997,1,Fast,0.7339268326759338,900,992
1997,1,Fast,0.6289074420928955,911,854
1997,1,Fast,0.3617779612541199,1058,661
1998,1,Fast,0.688971757888794,903,1002
1998,1,Fast,0.5926997661590576,1056,657
1998,1,Fast,0.34117791056632996,802,740
1999,1,Fast,0.754357635974884,907,1010
1999,1,Fast,0.6467722654342651,951,530
1999,1,Fast,0.6325756907463074,917,868
1999,1,Fast,0.5943728685379028,839,630
1999,1,Fast,0.4876292943954468,1053,652
1999,1,Fast,0.3322077989578247,803,743
2000,1,Fast,0.7924474477767944,1051,648
2000,1,Fast,0.5379456281661987,949,526
2001,1,Fast,0.709896445274353,1049,645
2001,1,Fast,0.7079141139984131,947,523
2001,1,Fast,0.5880076885223389,922,883
2001,1,Fast,0.43808841705322266,912,1031
2001,1,Fast,0.36423420906066895,806,752
2002,1,Fast,0.7651385068893433,925,889
2002,1,Fast,0.5998706817626953,948,519
2002,1,Fast,0.4771410822868347,1046,641
2002,1,Fast,0.35204774141311646,939,519
2003,1,Fast,0.5142611861228943,1044,637
2003,1,Fast,0.507541298866272,946,514
2004,1,Fast,0.3791673481464386,1042,633
2006,1,Fast,0.4169037640094757,941,503
2006,1,Fast,0.395220011472702,935,926
2007,1,Fast,0.44876548647880554,940,499
2008,1,Fast,0.641933262348175,938,496
2008,1,Fast,0.5457848310470581,941,943
2008,1,Fast,0.35481545329093933,852,672
2009,1,Fast,0.7567985653877258,853,678
2009,1,Fast,0.49700143933296204,936,492
2009,1,Fast,0.4948402941226959,749,568
2010,1,Fast,0.7343454360961914,947,959
2010,1,Fast,0.7236597537994385,855,682
2010,1,Fast,0.35142356157302856,934,489
2011,1,Fast,0.8585939407348633,951,968
2011,1,Fast,0.7446694374084473,856,689
2011,1,Fast,0.3234691023826599,997,623
2011,1,Fast,0.3130885660648346,1026,606
2012,1,Fast,0.6784969568252563,954,977
2012,1,Fast,0.5858847498893738,858,695
2012,1,Fast,0.5519185662269592,1024,602
2012,1,Fast,0.5236672759056091,750,575
2012,1,Fast,0.3798063397407532,995,619
2013,1,Fast,0.6799505949020386,958,988
2013,1,Fast,0.5771956443786621,992,614
2013,1,Fast,0.3031206429004669,1023,600
2014,1,Fast,0.5338733196258545,903,351
2014,1,Fast,0.5005136728286743,962,997
2014,1,Fast,0.456676185131073,1021,594
2014,1,Fast,0.3548015058040619,752,581
2015,1,Fast,0.6957560777664185,751,583
2015,1,Fast,0.6628608107566833,1019,592
2015,1,Fast,0.5914241671562195,987,604
2015,1,Fast,0.5712355375289917,903,350
2016,1,Fast,0.7309524416923523,984,599
2016,1,Fast,0.5826830267906189,752,585
2016,1,Fast,0.5484744310379028,1127,885
2016,1,Fast,0.4235236644744873,1018,589
2016,1,Fast,0.3134174346923828,870,604
2017,1,Fast,0.7498523592948914,752,588
2017,1,Fast,0.7148967981338501,983,594
2017,1,Fast,0.6250054836273193,1123,877
2017,1,Fast,0.5845546722412109,1016,585
2017,1,Fast,0.4091050922870636,927,465
2017,1,Fast,0.3580007255077362,844,494
2017,1,Fast,0.3467877209186554,903,347
2018,1,Fast,0.825232982635498,753,590
2018,1,Fast,0.6894559264183044,981,589
2018,1,Fast,0.6387923955917358,1014,581
2018,1,Fast,0.5942134857177734,827,826
2018,1,Fast,0.5381413698196411,1118,867
2018,1,Fast,0.43116334080696106,845,498
2019,1,Fast,0.7059893608093262,1113,859
2019,1,Fast,0.6967665553092957,754,592
2019,1,Fast,0.6961826682090759,978,585
2019,1,Fast,0.6760069131851196,1012,577
2019,1,Fast,0.6461831331253052,828,830
2019,1,Fast,0.5313423871994019,924,458
2020,1,Fast,0.7641564011573792,1108,851
2020,1,Fast,0.7321469187736511,977,579
2020,1,Fast,0.7301944494247437,754,594
2020,1,Fast,0.713255763053894,872,740
2020,1,Fast,0.6830686330795288,1011,574
2020,1,Fast,0.4393705427646637,877,630
2021,1,Fast,0.7554724812507629,874,747
2021,1,Fast,0.7426568865776062,754,597
2021,1,Fast,0.7369847893714905,1009,570
2021,1,Fast,0.7349951267242432,1104,844
2021,1,Fast,0.6505242586135864,975,574
2022,1,Fast,0.7889825701713562,1007,567
2022,1,Fast,0.7575269341468811,1099,836
2022,1,Fast,0.7206939458847046,755,600
2022,1,Fast,0.7112134695053101,876,753
2022,1,Fast,0.6905727386474609,881,643
2022,1,Fast,0.6901036500930786,972,570
2022,1,Fast,0.49540889263153076,995,1063
2023,1,Fast,0.7341631054878235,1005,565
2023,1,Fast,0.7016404271125793,884,650
2023,1,Fast,0.5605881214141846,970,566
2023,1,Fast,0.4917953312397003,852,521
2023,1,Fast,0.44198861718177795,756,602
2023,1,Fast,0.30400747060775757,878,760
2024,1,Fast,0.8258663415908813,886,657
2024,1,Fast,0.7817790508270264,968,561
2024,1,Fast,0.6724434494972229,853,526
2024,1,Fast,0.6626573204994202,1003,562
2024,1,Fast,0.6307582855224609,756,605
2024,1,Fast,0.5736086368560791,881,766
2025,1,Fast,0.834726095199585,889,664
2025,1,Fast,0.7520620226860046,1087,814
2025,1,Fast,0.7267435193061829,756,607
2025,1,Fast,0.6550447344779968,966,556
2025,1,Fast,0.650409996509552,854,531
2025,1,Fast,0.5867341756820679,1001,556
2025,1,Fast,0.31100553274154663,882,773
2026,1,Fast,0.8035775423049927,892,672
2026,1,Fast,0.7386589050292969,1084,806
2026,1,Fast,0.6734418869018555,999,553
2026,1,Fast,0.6676753759384155,757,611
2026,1,Fast,0.6658948659896851,855,536
2026,1,Fast,0.539861798286438,964,551
2026,1,Fast,0.415897935628891,884,780
2027,1,Fast,0.7893241047859192,1080,800
2027,1,Fast,0.7854323983192444,894,679
2027,1,Fast,0.7155588865280151,999,551
2027,1,Fast,0.7023155689239502,857,541
2027,1,Fast,0.6975274682044983,964,548
2027,1,Fast,0.5336951017379761,840,873
2027,1,Fast,0.46859636902809143,758,613
2027,1,Fast,0.3828789293766022,902,330
2028,1,Fast,0.8098358511924744,841,879
2028,1,Fast,0.7481305599212646,997,547
2028,1,Fast,0.728986382484436,896,687
2028,1,Fast,0.6598926782608032,758,616
2028,1,Fast,0.6473934054374695,962,542
2028,1,Fast,0.5642574429512024,858,546
2028,1,Fast,0.5279608964920044,1076,792
2029,1,Fast,0.820708155632019,893,798
2029,1,Fast,0.8005175590515137,899,695
2029,1,Fast,0.7996398210525513,1072,785
2029,1,Fast,0.757074236869812,995,544
2029,1,Fast,0.6263601183891296,843,884
2029,1,Fast,0.5570183396339417,759,619
2029,1,Fast,0.5475439429283142,959,537
2029,1,Fast,0.48114311695098877,859,552
2030,1,Fast,0.7794864773750305,844,889
2030,1,Fast,0.7755239009857178,902,703
2030,1,Fast,0.7430325746536255,993,542
2030,1,Fast,0.6124858260154724,957,534
2030,1,Fast,0.5988044142723083,913,423
2030,1,Fast,0.514517068862915,861,557
2030,1,Fast,0.4076612889766693,894,805
2030,1,Fast,0.3960932493209839,760,621
2031,1,Fast,0.8160262703895569,904,710
2031,1,Fast,0.7465783953666687,956,529
2031,1,Fast,0.7379597425460815,759,624
2031,1,Fast,0.7298422455787659,992,540
2031,1,Fast,0.5787674784660339,863,563
2031,1,Fast,0.5590965747833252,1064,772
2032,1,Fast,0.8055064082145691,991,535
2032,1,Fast,0.7617905735969543,907,719
2032,1,Fast,0.7338953614234924,954,527
2032,1,Fast,0.7335354089736938,1061,766
2032,1,Fast,0.6353459358215332,898,820
2032,1,Fast,0.5780618190765381,812,518
2032,1,Fast,0.5560886263847351,761,628
2032,1,Fast,0.5244652032852173,864,568
2033,1,Fast,0.8165513277053833,901,828
2033,1,Fast,0.7511172294616699,989,532
2033,1,Fast,0.730881929397583,954,522
2033,1,Fast,0.5974960327148438,865,574
2033,1,Fast,0.4941022992134094,1057,759
2033,1,Fast,0.3051568567752838,911,726
2034,1,Fast,0.8175289630889893,903,835
2034,1,Fast,0.7906724214553833,951,519
2034,1,Fast,0.7892038822174072,915,736
2034,1,Fast,0.7585158348083496,988,529
2034,1,Fast,0.7169439196586609,867,580
2034,1,Fast,0.6833629608154297,1054,753
2034,1,Fast,0.6094356179237366,852,914
2035,1,Fast,0.7867087721824646,869,585
2035,1,Fast,0.7630022764205933,987,526
2035,1,Fast,0.735206663608551,905,844
2035,1,Fast,0.7339805960655212,854,919
2035,1,Fast,0.6974628567695618,950,514
2035,1,Fast,0.570449709892273,917,744
2035,1,Fast,0.3534601032733917,1051,745
2035,1,Fast,0.3191564977169037,762,635
2036,1,Fast,0.7987191677093506,855,925
2036,1,Fast,0.7553607821464539,908,852
2036,1,Fast,0.746613621711731,986,523
2036,1,Fast,0.6823856830596924,948,511
2036,1,Fast,0.6492262482643127,871,591
2036,1,Fast,0.6345552802085876,921,754
2036,1,Fast,0.37263959646224976,815,533
2036,1,Fast,0.329142689704895,1047,739
2036,1,Fast,0.3147472143173218,761,638
2037,1,Fast,0.8060746788978577,983,521
2037,1,Fast,0.7908194661140442,857,930
2037,1,Fast,0.6876287460327148,947,506
2037,1,Fast,0.6787625551223755,872,597
2037,1,Fast,0.6231645941734314,911,859
2037,1,Fast,0.3161492347717285,762,640
2038,1,Fast,0.8366972804069519,859,937
2038,1,Fast,0.7957202792167664,981,518
2038,1,Fast,0.7283822298049927,928,772
2038,1,Fast,0.7092272639274597,947,503
2038,1,Fast,0.6801334619522095,765,644
2038,1,Fast,0.6473788022994995,875,603
2038,1,Fast,0.5003070831298828,1041,727
2038,1,Fast,0.40028685331344604,817,541
2038,1,Fast,0.30910661816596985,913,868
2039,1,Fast,0.8184475898742676,981,515
2039,1,Fast,0.8120360970497131,931,781
2039,1,Fast,0.8098975419998169,1038,722
2039,1,Fast,0.7098345756530762,876,610
2039,1,Fast,0.6633868217468262,861,943
2039,1,Fast,0.6532465815544128,945,498
2039,1,Fast,0.4068549573421478,916,876
2040,1,Fast,0.8418213129043579,878,616
2040,1,Fast,0.8277339339256287,863,948
2040,1,Fast,0.7909270524978638,979,512
2040,1,Fast,0.7730152606964111,840,464
2040,1,Fast,0.7535311579704285,920,884
2040,1,Fast,0.7348546981811523,1034,715
2040,1,Fast,0.706504762172699,934,789
2040,1,Fast,0.6601450443267822,943,495
2040,1,Fast,0.5069196820259094,766,650
2040,1,Fast,0.5012238025665283,818,549
2041,1,Fast,0.8402511477470398,880,622
2041,1,Fast,0.8192439079284668,923,891
2041,1,Fast,0.7933605909347534,978,508
2041,1,Fast,0.7825453281402588,841,468
2041,1,Fast,0.7807469367980957,938,800
2041,1,Fast,0.7586604356765747,1032,710
2041,1,Fast,0.7196161150932312,865,954
2041,1,Fast,0.6434001922607422,820,553
2041,1,Fast,0.6308295130729675,943,490
2041,1,Fast,0.4982891380786896,767,654
2042,1,Fast,0.841709315776825,943,811
2042,1,Fast,0.8200443983078003,882,629
2042,1,Fast,0.7797943353652954,977,506
2042,1,Fast,0.7682146430015564,841,472
2042,1,Fast,0.7584309577941895,1029,705
2042,1,Fast,0.7359262108802795,926,900
2042,1,Fast,0.645109236240387,820,557
2042,1,Fast,0.6284759640693665,941,487
2042,1,Fast,0.5778096914291382,867,961
2042,1,Fast,0.3165851831436157,768,657
2043,1,Fast,0.8072452545166016,976,504
2043,1,Fast,0.8056236505508423,885,636
2043,1,Fast,0.8027751445770264,869,968
2043,1,Fast,0.7602729797363281,947,821
2043,1,Fast,0.7580437064170837,821,562
2043,1,Fast,0.7436842322349548,940,483
2043,1,Fast,0.7394649982452393,842,477
2043,1,Fast,0.6708315014839172,929,909
2043,1,Fast,0.5176299810409546,1025,699
2044,1,Fast,0.8694512844085693,887,642
2044,1,Fast,0.8185595273971558,1022,693
2044,1,Fast,0.7867826819419861,950,832
2044,1,Fast,0.6930795311927795,932,918
2044,1,Fast,0.6884528398513794,975,501
2044,1,Fast,0.6879848837852478,871,975
2044,1,Fast,0.5858392715454102,843,481
2044,1,Fast,0.5417104959487915,822,566
2044,1,Fast,0.4896397888660431,939,481
2044,2,Slow,0.3438278138637543,843,481
2045,1,Fast,0.8745672702789307,955,843
2045,1,Fast,0.8555732369422913,889,649
2045,1,Fast,0.8281194567680359,1019,687
2045,1,Fast,0.8223772644996643,935,928
2045,1,Fast,0.7041224241256714,824,570
2045,1,Fast,0.6685107350349426,973,498
2045,1,Fast,0.6085376739501953,872,981
2045,1,Fast,0.5239888429641724,844,486
2046,1,Fast,0.8676217794418335,891,656
2046,1,Fast,0.8351614475250244,960,854
2046,1,Fast,0.7824875712394714,938,936
2046,1,Fast,0.7592018246650696,825,575
2046,1,Fast,0.6658987402915955,1017,682
2046,1,Fast,0.6573418974876404,972,496
2046,1,Fast,0.6173712015151978,874,986
2046,1,Fast,0.5201725959777832,844,490
2046,1,Fast,0.35093364119529724,936,476
2047,1,Fast,0.8406505584716797,826,579
2047,1,Fast,0.8079854249954224,964,867
2047,1,Fast,0.7842264175415039,893,664
2047,1,Fast,0.7514545917510986,970,493
2047,1,Fast,0.7288048267364502,1014,677
2047,1,Fast,0.6379798054695129,941,946
2047,1,Fast,0.6284483671188354,935,473
2047,1,Fast,0.5629162192344666,845,495
2047,1,Fast,0.549267590045929,876,994
2047,2,Slow,0.44876596331596375,845,495
2047,1,Fast,0.41493356227874756,905,381
2048,1,Fast,0.8324110507965088,895,671
2048,1,Fast,0.8242603540420532,943,956
2048,1,Fast,0.8214263319969177,879,1000
2048,1,Fast,0.8114022016525269,969,878
2048,1,Fast,0.805756151676178,827,584
2048,1,Fast,0.7988993525505066,968,490
2048,1,Fast,0.7402777671813965,1012,671
2048,1,Fast,0.4951188266277313,846,499
2048,1,Fast,0.4141184091567993,906,378
2048,2,Slow,0.3565509021282196,846,500
2049,1,Fast,0.8501577973365784,898,679
2049,1,Fast,0.8484134078025818,946,965
2049,1,Fast,0.77587890625,974,890
2049,1,Fast,0.7292814254760742,828,589
2049,1,Fast,0.6912307739257812,1009,666
2049,1,Fast,0.673183262348175,967,487
2049,1,Fast,0.6520389318466187,882,1006
2049,1,Fast,0.5720773935317993,906,376
2049,1,Fast,0.530926525592804,847,503
2050,1,Fast,0.827802836894989,901,686
2050,1,Fast,0.7857099771499634,967,485
2050,1,Fast,0.716954231262207,950,975
2050,1,Fast,0.7154977321624756,978,903
2050,1,Fast,0.6726990342140198,1007,660
2050,1,Fast,0.5608129501342773,776,684
2050,1,Fast,0.5520817637443542,829,593
2050,1,Fast,0.5310697555541992,848,508
2050,1,Fast,0.36436617374420166,906,373
2051,1,Fast,0.8298892974853516,983,915
2051,1,Fast,0.8207289576530457,903,694
2051,1,Fast,0.7493911385536194,1004,655
2051,1,Fast,0.6945438981056213,1317,1066
2051,1,Fast,0.6652138829231262,849,512
2051,1,Fast,0.6065999865531921,830,597
2051,1,Fast,0.5771691203117371,778,687
2051,1,Fast,0.4579135477542877,965,482
2052,1,Fast,0.8616605997085571,989,928
2052,1,Fast,0.8437442779541016,850,517
2052,1,Fast,0.8127433061599731,1310,1061
2052,1,Fast,0.8056176900863647,906,701
2052,1,Fast,0.6579002141952515,1003,650
2052,1,Fast,0.5993667840957642,779,691
2052,1,Fast,0.5606572031974792,964,480
2052,1,Fast,0.48205092549324036,1221,1028
2052,1,Fast,0.38196220993995667,806,445
2052,1,Fast,0.35379213094711304,957,995
2053,1,Fast,0.8337759375572205,994,940
2053,1,Fast,0.8207622766494751,1300,1056
2053,1,Fast,0.7597819566726685,852,523
2053,1,Fast,0.7483566403388977,1214,1015
2053,1,Fast,0.6600009799003601,964,477
2053,1,Fast,0.6086640357971191,909,709
2053,1,Fast,0.5140815377235413,962,1005
2053,1,Fast,0.37634438276290894,891,1036
2054,1,Fast,0.8634961843490601,1292,1051
2054,1,Fast,0.8363147377967834,852,526
2054,1,Fast,0.8188028931617737,999,953
2054,1,Fast,0.715985119342804,997,641
2054,1,Fast,0.7068546414375305,963,475
2054,1,Fast,0.6657348871231079,912,718
2054,1,Fast,0.5868396759033203,893,1043
2054,1,Fast,0.5499861836433411,1207,1005
2054,1,Fast,0.4716814160346985,834,612
2054,1,Fast,0.40549561381340027,927,450
2055,1,Fast,0.838409423828125,1286,1041
2055,1,Fast,0.7981887459754944,854,532
2055,1,Fast,0.7713000774383545,915,727
2055,1,Fast,0.7469463348388672,962,472
2055,1,Fast,0.7440489530563354,1201,994
2055,1,Fast,0.7173035740852356,1006,967
2055,1,Fast,0.4744868278503418,835,617
2055,1,Fast,0.44972726702690125,781,703
2055,1,Fast,0.44670751690864563,970,1027
2055,1,Fast,0.4345187246799469,995,637
2055,1,Fast,0.39814797043800354,895,1048
2056,1,Fast,0.8595094680786133,919,735
2056,1,Fast,0.8447167277336121,855,536
2056,1,Fast,0.8388742208480835,1280,1033
2056,1,Fast,0.8062383532524109,782,707
2056,1,Fast,0.7387848496437073,1194,984
2056,1,Fast,0.7158501744270325,836,622
2056,1,Fast,0.6896567940711975,961,470
2056,1,Fast,0.6427057981491089,993,632
2056,1,Fast,0.5114749670028687,807,458
2056,1,Fast,0.45033764839172363,1011,981
2057,1,Fast,0.8728309273719788,922,744
2057,1,Fast,0.823652446269989,1275,1024
2057,1,Fast,0.8188249468803406,856,542
2057,1,Fast,0.8002603054046631,782,710
2057,1,Fast,0.7958676218986511,837,628
2057,1,Fast,0.7869670987129211,989,627
2057,1,Fast,0.7084683179855347,1017,996
2057,2,Slow,0.5541716814041138,1035,635
2057,1,Fast,0.5203059315681458,807,460
2057,1,Fast,0.40654027462005615,960,468
2057,1,Fast,0.3594779074192047,977,1047
2058,1,Fast,0.8803814649581909,925,753
2058,1,Fast,0.8537430763244629,857,546
2058,1,Fast,0.8278340697288513,1269,1015
2058,1,Fast,0.8145967125892639,838,633
2058,1,Fast,0.7416966557502747,784,714
2058,1,Fast,0.6481201648712158,987,622
2058,1,Fast,0.6470580697059631,1183,964
2058,1,Fast,0.6307225227355957,1023,1010
2058,1,Fast,0.5786560773849487,958,466
2058,1,Fast,0.5461207628250122,923,438
2059,1,Fast,0.8654787540435791,929,762
2059,1,Fast,0.8591352701187134,859,552
2059,1,Fast,0.8456127643585205,1263,1005
2059,1,Fast,0.8234091401100159,840,637
2059,1,Fast,0.7668329477310181,784,717
2059,1,Fast,0.6296322345733643,1177,954
2059,1,Fast,0.6178504228591919,986,617
2059,1,Fast,0.5890375971794128,958,464
2059,1,Fast,0.3076682388782501,922,435
2060,1,Fast,0.8736799359321594,932,771
2060,1,Fast,0.8599559664726257,860,558
2060,1,Fast,0.8294566869735718,1256,997
2060,1,Fast,0.8052352070808411,841,643
2060,1,Fast,0.7148139476776123,984,612
2060,1,Fast,0.6678267121315002,785,722
2060,1,Fast,0.4046128988265991,807,469
2060,1,Fast,0.4030720293521881,956,461
2060,1,Fast,0.35993099212646484,921,431
2061,1,Fast,0.8842889070510864,935,780
2061,1,Fast,0.8508660197257996,1250,988
2061,1,Fast,0.8377476930618286,862,563
2061,1,Fast,0.7974724769592285,981,608
2061,1,Fast,0.7838860750198364,843,649
2061,1,Fast,0.3873937726020813,954,458
2061,1,Fast,0.3267401456832886,808,472
2062,1,Fast,0.9034010171890259,1244,980
2062,1,Fast,0.8778094053268433,939,790
2062,1,Fast,0.8322345614433289,980,603
2062,1,Fast,0.8271300196647644,863,569
2062,1,Fast,0.8017273545265198,845,655
2062,1,Fast,0.7211989164352417,954,456
2062,1,Fast,0.6070677638053894,808,474
2062,1,Fast,0.42082688212394714,1160,925
2062,1,Fast,0.4003964960575104,921,424
2063,1,Fast,0.8800413012504578,1239,972
2063,1,Fast,0.8712786436080933,943,799
2063,1,Fast,0.8546620607376099,865,574
2063,1,Fast,0.7968863248825073,978,600
2063,1,Fast,0.7215874791145325,847,659
2063,1,Fast,0.7019354104995728,953,453
2063,1,Fast,0.6088001728057861,1155,915
2063,1,Fast,0.5995854139328003,809,476
2064,1,Fast,0.8798821568489075,1234,965
2064,1,Fast,0.8788055181503296,947,810
2064,1,Fast,0.8356592059135437,975,595
2064,1,Fast,0.8211738467216492,866,580
2064,1,Fast,0.7414993047714233,848,665
2064,1,Fast,0.656932532787323,790,739
2064,1,Fast,0.5716615319252014,809,481
2064,1,Fast,0.4625698924064636,1151,906
2064,1,Fast,0.4197942912578583,919,419
2065,1,Fast,0.885986864566803,1228,957
2065,1,Fast,0.878521203994751,951,819
2065,1,Fast,0.8111620545387268,974,590
2065,1,Fast,0.7948758602142334,868,586
2065,1,Fast,0.756586492061615,849,670
2065,1,Fast,0.5671929717063904,809,482
2065,1,Fast,0.49274399876594543,790,742
2065,1,Fast,0.48724472522735596,950,448
2065,1,Fast,0.397254079580307,1144,898
2066,1,Fast,0.8840463757514954,1223,949
2066,1,Fast,0.8833180069923401,955,830
2066,1,Fast,0.7917172908782959,973,586
2066,1,Fast,0.7841817140579224,870,592
2066,1,Fast,0.7682693004608154,850,676
2066,1,Fast,0.6971121430397034,792,745
2066,1,Fast,0.6439024209976196,810,487
2066,1,Fast,0.5960695147514343,1138,888
2066,1,Fast,0.581540048122406,950,446
2066,1,Fast,0.46651163697242737,1138,981
2067,1,Fast,0.8710466027259827,959,841
2067,1,Fast,0.8699111342430115,1219,942
2067,1,Fast,0.8137792348861694,852,683
2067,1,Fast,0.7421095371246338,871,598
2067,1,Fast,0.7062518000602722,810,490
2067,1,Fast,0.6962814927101135,950,444
2067,1,Fast,0.6696459054946899,1131,968
2067,1,Fast,0.5983483791351318,970,583
2067,1,Fast,0.4393627941608429,793,748
2067,1,Fast,0.3640249967575073,1134,879
2067,2,Slow,0.3482203483581543,916,412
2068,1,Fast,0.879811704158783,1214,934
2068,1,Fast,0.875284731388092,963,852
2068,1,Fast,0.8022655248641968,855,688
2068,1,Fast,0.7339083552360535,811,493
2068,1,Fast,0.6121230721473694,969,578
2068,2,Slow,0.6000409722328186,873,605
2068,1,Fast,0.5863378047943115,949,442
2068,1,Fast,0.5804198384284973,795,753
2068,1,Fast,0.5781207084655762,1124,957
2068,1,Fast,0.42480480670928955,898,337
2068,1,Fast,0.38969260454177856,1128,869
2069,1,Fast,0.8813269138336182,967,862
2069,1,Fast,0.8294264078140259,856,695
2069,1,Fast,0.8220601081848145,1210,927
2069,1,Fast,0.749920129776001,967,575
2069,2,Slow,0.7447383403778076,874,611
2069,1,Fast,0.7021871209144592,811,497
2069,1,Fast,0.6951783895492554,948,440
2069,1,Fast,0.5223054885864258,796,758
2069,1,Fast,0.4863205850124359,897,335
2070,1,Fast,0.8806331157684326,972,873
2070,1,Fast,0.8441778421401978,858,701
2070,2,Slow,0.7902392745018005,876,618
2070,1,Fast,0.7741193175315857,1118,855
2070,1,Fast,0.7587845921516418,947,437
2070,1,Fast,0.7516366243362427,1205,919
2070,1,Fast,0.6906045079231262,964,571
2070,1,Fast,0.6361321806907654,798,762
2070,1,Fast,0.6208591461181641,1112,933
2070,1,Fast,0.46681544184684753,811,500
2070,1,Fast,0.3336743116378784,898,333
2071,1,Fast,0.873248815536499,977,884
2071,1,Fast,0.8387376070022583,859,707
2071,1,Fast,0.7545017004013062,1200,912
2071,1,Fast,0.7210577726364136,946,436
2071,2,Slow,0.6389451026916504,878,623
2071,1,Fast,0.5829325318336487,812,504
2071,1,Fast,0.5696731209754944,962,567
2071,1,Fast,0.5639835596084595,1107,921
2071,1,Fast,0.5374578833580017,798,765
2071,1,Fast,0.5110284090042114,878,624
2071,1,Fast,0.40850383043289185,1115,847
2072,1,Fast,0.8724667429924011,981,896
2072,1,Fast,0.8387543559074402,861,714
2072,1,Fast,0.7913588285446167,960,562
2072,1,Fast,0.7063706517219543,1110,839
2072,1,Fast,0.6842836141586304,1196,905
2072,2,Slow,0.6304454207420349,1005,576
2072,1,Fast,0.5696478486061096,812,506
2072,1,Fast,0.541589617729187,1100,910
2072,1,Fast,0.5308074951171875,880,631
2072,1,Fast,0.4262968599796295,946,433
2072,1,Fast,0.3996727466583252,1262,1067
2073,1,Fast,0.8803947567939758,986,908
2073,1,Fast,0.8247650861740112,883,637
2073,1,Fast,0.8036997318267822,863,720
2073,1,Fast,0.7650344371795654,1192,899
2073,1,Fast,0.7415857315063477,959,558
2073,1,Fast,0.6685041785240173,811,507
2073,1,Fast,0.6445669531822205,1257,1061
2073,1,Fast,0.48807820677757263,1094,898
2073,1,Fast,0.3808504641056061,1106,830
2074,1,Fast,0.8804802298545837,992,921
2074,1,Fast,0.855618417263031,884,644
2074,1,Fast,0.798617959022522,865,726
2074,1,Fast,0.7559726238250732,1246,1056
2074,1,Fast,0.7437809705734253,957,554
2074,1,Fast,0.6907208561897278,1088,886
2074,1,Fast,0.647499680519104,1188,891
2074,1,Fast,0.5898907780647278,812,510
2074,1,Fast,0.5141218304634094,803,780
2074,2,Slow,0.5072583556175232,944,428
2074,1,Fast,0.3134864866733551,1001,570
2075,1,Fast,0.8822816014289856,998,933
2075,1,Fast,0.8586636185646057,887,651
2075,1,Fast,0.8097872734069824,868,731
2075,1,Fast,0.7615236043930054,1236,1049
2075,1,Fast,0.7191729545593262,1183,883
2075,1,Fast,0.6796726584434509,1081,875
2075,1,Fast,0.6768229007720947,804,783
2075,1,Fast,0.6527273058891296,813,513
2075,1,Fast,0.4893909990787506,1098,814
2076,1,Fast,0.8895447254180908,889,658
2076,1,Fast,0.8849121332168579,1002,946
2076,1,Fast,0.8352712392807007,869,739
2076,1,Fast,0.8320043087005615,1076,865
2076,1,Fast,0.7914305925369263,1228,1037
2076,1,Fast,0.7813698649406433,804,788
2076,1,Fast,0.7627542018890381,956,546
2076,1,Fast,0.7548221349716187,1178,876
2076,1,Fast,0.7205126881599426,813,518
2076,1,Fast,0.7060067653656006,1093,806
2076,1,Fast,0.3986896872520447,943,423
2077,1,Fast,0.8788735270500183,892,666
2077,1,Fast,0.8775718808174133,1008,959
2077,1,Fast,0.8365073800086975,870,745
2077,1,Fast,0.8105905055999756,1174,870
2077,1,Fast,0.7842105627059937,1089,799
2077,1,Fast,0.7295104265213013,804,793
2077,1,Fast,0.7064339518547058,813,521
2077,1,Fast,0.7006910443305969,1071,855
2077,1,Fast,0.6892423033714294,1220,1025
2077,1,Fast,0.6009277701377869,943,422
2077,1,Fast,0.4041702151298523,955,543
2078,1,Fast,0.884541928768158,894,672
2078,1,Fast,0.8673136234283447,1014,973
2078,1,Fast,0.8663017749786377,1213,1014
2078,1,Fast,0.8645663261413574,873,752
2078,1,Fast,0.8303951621055603,806,797
2078,1,Fast,0.7740667462348938,1170,864
2078,1,Fast,0.7560220956802368,1085,791
2078,1,Fast,0.7419328093528748,1067,844
2078,1,Fast,0.7073075175285339,815,525
2078,1,Fast,0.65838623046875,952,539
2078,1,Fast,0.6398483514785767,942,420
2079,1,Fast,0.8620392084121704,1166,858
2079,1,Fast,0.8606310486793518,875,759
2079,1,Fast,0.8540547490119934,897,681
2079,1,Fast,0.8537355065345764,1207,1004
2079,1,Fast,0.8434150815010071,1019,987
2079,1,Fast,0.7839884757995605,951,535
2079,1,Fast,0.7820055484771729,1062,834
2079,1,Fast,0.7553716897964478,815,528
2079,1,Fast,0.7528499960899353,1081,784
2079,1,Fast,0.683281660079956,808,802
2079,1,Fast,0.6012575030326843,940,417
2080,1,Fast,0.8696917295455933,877,766
2080,1,Fast,0.8660340905189514,899,689
2080,1,Fast,0.8333356976509094,1076,777
2080,1,Fast,0.8144863247871399,1162,850
2080,1,Fast,0.8067708611488342,949,532
2080,1,Fast,0.8046788573265076,1026,1001
2080,1,Fast,0.800357460975647,1200,993
2080,1,Fast,0.7717006802558899,817,532
2080,1,Fast,0.6697750091552734,1057,824
2080,1,Fast,0.5791963338851929,940,416
2081,1,Fast,0.8634714484214783,880,773
2081,1,Fast,0.860732913017273,902,696
2081,1,Fast,0.8376120924949646,1159,845
2081,1,Fast,0.8033308386802673,1052,816
2081,1,Fast,0.7947604060173035,818,535
2081,1,Fast,0.7889094352722168,1194,983
2081,1,Fast,0.7672926783561707,1073,770
2081,1,Fast,0.7647173404693604,947,528
2081,1,Fast,0.6802340149879456,1032,1016
2081,1,Fast,0.4426953196525574,939,414
2081,1,Fast,0.39702415466308594,772,487
2081,1,Fast,0.38241493701934814,813,814
2082,1,Fast,0.8811948299407959,905,704
2082,1,Fast,0.862974226474762,882,781
2082,1,Fast,0.8272762894630432,1156,838
2082,1,Fast,0.813977062702179,1188,973
2082,1,Fast,0.7522975206375122,817,538
2082,1,Fast,0.7145432233810425,1038,1031
2082,1,Fast,0.659353494644165,946,525
2082,1,Fast,0.6080318689346313,1047,806
2082,1,Fast,0.5408980250358582,815,819
2082,1,Fast,0.4087325632572174,1070,764
2083,1,Fast,0.8671085238456726,907,712
2083,1,Fast,0.8395534157752991,884,789
2083,1,Fast,0.8380802273750305,1152,833
2083,1,Fast,0.8308523893356323,1182,963
2083,1,Fast,0.795829176902771,815,824
2083,1,Fast,0.6944647431373596,817,541
2083,1,Fast,0.6775023937225342,1046,1045
2083,1,Fast,0.6707260012626648,1042,797
2083,1,Fast,0.5428897738456726,945,521
2083,2,Slow,0.4633399248123169,938,410
2084,1,Fast,0.8483760952949524,910,722
2084,1,Fast,0.8333446979522705,888,796
2084,1,Fast,0.825196385383606,816,827
2084,1,Fast,0.8228687644004822,1148,827
2084,1,Fast,0.7158435583114624,1175,954
2084,1,Fast,0.6544160842895508,817,545
2084,1,Fast,0.5944912433624268,1061,751
2084,1,Fast,0.5342960953712463,1037,789
2084,1,Fast,0.4126281440258026,772,494
2084,1,Fast,0.4112904667854309,1055,1054
2084,1,Fast,0.36979347467422485,937,407
2084,1,Fast,0.36226651072502136,944,518
2085,1,Fast,0.8408190608024597,890,803
2085,1,Fast,0.8401785492897034,914,730
2085,1,Fast,0.8209003210067749,818,832
2085,1,Fast,0.745039165019989,1145,820
2085,1,Fast,0.733896791934967,1032,780
2085,1,Fast,0.7154614329338074,1170,945
2085,1,Fast,0.6782849431037903,936,406
2085,1,Fast,0.6525169610977173,820,550
2085,1,Fast,0.5972244143486023,772,497
2085,1,Fast,0.5909086465835571,1058,744
2086,1,Fast,0.8604292869567871,819,836
2086,1,Fast,0.8512213826179504,892,811
2086,1,Fast,0.8479263782501221,917,738
2086,1,Fast,0.7473441958427429,1141,816
2086,1,Fast,0.6926464438438416,821,553
2086,1,Fast,0.6886789202690125,1054,738
2086,1,Fast,0.6848347187042236,1029,771
2086,1,Fast,0.5703780651092529,936,403
2086,1,Fast,0.4607604146003723,773,499
2086,1,Fast,0.3547050356864929,942,510
2087,1,Fast,0.8729645609855652,821,841
2087,1,Fast,0.8579355478286743,920,747
2087,1,Fast,0.834136426448822,894,819
2087,1,Fast,0.7484416961669922,1025,763
2087,1,Fast,0.7482236623764038,935,402
2087,1,Fast,0.740240752696991,1138,809
2087,1,Fast,0.7255533337593079,822,556
2087,1,Fast,0.6939252018928528,1159,925
2087,1,Fast,0.5692484974861145,774,501
2087,1,Fast,0.4482173025608063,940,508
2087,1,Fast,0.30937162041664124,1052,731
2088,1,Fast,0.8573501706123352,923,757
2088,1,Fast,0.8424919247627258,896,827
2088,1,Fast,0.8036239147186279,1133,802
2088,1,Fast,0.8029881119728088,1153,915
2088,1,Fast,0.7668527364730835,822,845
2088,1,Fast,0.7059861421585083,823,560
2088,1,Fast,0.6890518665313721,1021,754
2088,1,Fast,0.6784363985061646,934,400
2088,1,Fast,0.6712763905525208,1048,725
2088,1,Fast,0.5548155903816223,939,505
2088,1,Fast,0.44507792592048645,774,504
2088,1,Fast,0.39056798815727234,1245,1059
2089,1,Fast,0.8612918257713318,927,765
2089,1,Fast,0.8492082953453064,900,836
2089,1,Fast,0.8424316048622131,1130,796
2089,1,Fast,0.7653108239173889,1233,1052
2089,1,Fast,0.7621179819107056,934,399
2089,1,Fast,0.6994272470474243,823,850
2089,1,Fast,0.6484006643295288,1045,719
2089,1,Fast,0.6411977410316467,824,564
2089,1,Fast,0.47098085284233093,938,501
2089,1,Fast,0.4544934332370758,774,506
2089,1,Fast,0.44557690620422363,1018,745
2090,1,Fast,0.8663121461868286,1224,1046
2090,1,Fast,0.8540958166122437,931,776
2090,1,Fast,0.849859356880188,903,844
2090,1,Fast,0.8014808297157288,1143,898
2090,1,Fast,0.7770256996154785,934,396
2090,1,Fast,0.7700818777084351,1127,790
2090,1,Fast,0.7557333111763,1043,713
2090,1,Fast,0.7435493469238281,1014,739
2090,1,Fast,0.6477208137512207,825,857
2090,1,Fast,0.6313279867172241,825,569
2090,1,Fast,0.559075653553009,937,498
2090,1,Fast,0.44019946455955505,774,508
2091,1,Fast,0.8766480088233948,1217,1034
2091,1,Fast,0.8380711078643799,934,785
2091,1,Fast,0.8327800035476685,905,852
2091,1,Fast,0.8199942708015442,1123,784
2091,1,Fast,0.8021432757377625,1137,889
2091,1,Fast,0.7554858326911926,934,394
2091,1,Fast,0.7535849809646606,1039,707
2091,1,Fast,0.7310124039649963,826,574
2091,1,Fast,0.7179869413375854,827,865
2091,1,Fast,0.6537379026412964,774,511
2091,1,Fast,0.48051297664642334,936,496
2092,1,Fast,0.8911744356155396,1210,1022
2092,1,Fast,0.8537361025810242,909,860
2092,1,Fast,0.8242756724357605,827,578
2092,1,Fast,0.8184643387794495,938,795
2092,1,Fast,0.8090110421180725,1132,881
2092,1,Fast,0.7983426451683044,829,869
2092,1,Fast,0.7917370796203613,1121,780
2092,1,Fast,0.7605932950973511,933,492
2092,1,Fast,0.7189367413520813,933,393
2092,1,Fast,0.6776335835456848,775,514
2092,1,Fast,0.4275043308734894,1036,701
2092,1,Fast,0.32089006900787354,975,513
2093,1,Fast,0.8859769701957703,1202,1010
2093,1,Fast,0.8587210178375244,912,869
2093,1,Fast,0.8565107583999634,942,806
2093,1,Fast,0.8224226832389832,1117,774
2093,1,Fast,0.8046479821205139,830,875
2093,1,Fast,0.7991538643836975,827,582
2093,1,Fast,0.7976115942001343,1128,873
2093,1,Fast,0.7788699865341187,775,516
2093,1,Fast,0.6241939663887024,932,392
2093,1,Fast,0.4621269702911377,1032,696
2093,1,Fast,0.45757848024368286,1003,716
2094,1,Fast,0.8920221328735352,1195,1000
2094,1,Fast,0.8704863786697388,946,816
2094,1,Fast,0.8589951395988464,915,879
2094,1,Fast,0.85127192735672,832,881
2094,1,Fast,0.836258590221405,1114,769
2094,1,Fast,0.8247014284133911,1123,864
2094,1,Fast,0.788675844669342,828,585
2094,1,Fast,0.7849498391151428,775,518
2094,1,Fast,0.6038748025894165,999,709
2094,1,Fast,0.5966447591781616,1029,690
2094,1,Fast,0.5539118051528931,932,390
2094,1,Fast,0.47517579793930054,931,486
2094,1,Fast,0.42136767506599426,972,507
2095,1,Fast,0.8716499209403992,1189,988
2095,1,Fast,0.8715322017669678,834,886
2095,1,Fast,0.8675251603126526,950,828
2095,1,Fast,0.8657628297805786,918,888
2095,1,Fast,0.8057227730751038,1118,857
2095,1,Fast,0.7865074276924133,1111,764
2095,1,Fast,0.7599460482597351,776,521
2095,1,Fast,0.7594913840293884,829,589
2095,1,Fast,0.6371015906333923,1026,684
2095,1,Fast,0.6025251150131226,996,701
2095,1,Fast,0.40903520584106445,932,388
2096,1,Fast,0.8822327852249146,1183,977
2096,1,Fast,0.8657150864601135,835,892
2096,1,Fast,0.859470546245575,954,839
2096,1,Fast,0.8424010872840881,993,694
2096,1,Fast,0.8362102508544922,1108,759
2096,1,Fast,0.8303269743919373,921,896
2096,1,Fast,0.7820165157318115,1024,678
2096,1,Fast,0.7493888139724731,1114,850
2096,1,Fast,0.6980311870574951,776,523
2096,1,Fast,0.5521222949028015,829,593
2097,1,Fast,0.8877670764923096,1177,967
2097,1,Fast,0.8632827401161194,959,850
2097,1,Fast,0.851173996925354,837,897
2097,1,Fast,0.8371727466583252,924,906
2097,1,Fast,0.8232165575027466,1104,755
2097,1,Fast,0.7461803555488586,990,686
2097,1,Fast,0.6937400698661804,776,525
2097,1,Fast,0.6614734530448914,1021,672
2097,1,Fast,0.6086926460266113,1109,841
2097,1,Fast,0.41860172152519226,830,597
2098,1,Fast,0.8811478614807129,1171,957
2098,1,Fast,0.8500084280967712,927,916
2098,1,Fast,0.8220965266227722,1102,748
2098,1,Fast,0.8133575916290283,963,860
2098,1,Fast,0.8044403791427612,840,904
2098,1,Fast,0.7851104140281677,986,679
2098,1,Fast,0.6999689340591431,1105,833
2098,1,Fast,0.6366037726402283,1019,668
2098,1,Fast,0.6337904334068298,776,528
2098,1,Fast,0.31430914998054504,831,602
2099,1,Fast,0.8744131326675415,1166,947
2099,1,Fast,0.8550742864608765,930,926
2099,1,Fast,0.8486595749855042,983,672
2099,1,Fast,0.8073292374610901,842,911
2099,1,Fast,0.7911030054092407,968,872
2099,1,Fast,0.7905280590057373,1100,744
2099,1,Fast,0.7883603572845459,1016,662
2099,1,Fast,0.723445475101471,777,531
2099,1,Fast,0.6514367461204529,1101,827
2100,1,Fast,0.8761932849884033,1159,937
2100,1,Fast,0.8392855525016785,845,918
2100,1,Fast,0.8304569125175476,935,936
2100,1,Fast,0.8034003376960754,972,884
2100,1,Fast,0.7431119680404663,981,666
2100,1,Fast,0.6798291802406311,777,533
2100,1,Fast,0.6746236681938171,1013,656
2100,1,Fast,0.6464211940765381,1096,739
2100,1,Fast,0.5553106665611267,926,468
2100,1,Fast,0.5141956806182861,833,610
2101,1,Fast,0.8891150951385498,1154,927
2101,1,Fast,0.8606136441230774,847,924
2101,1,Fast,0.8351801633834839,938,946
2101,1,Fast,0.8044827580451965,1011,651
2101,1,Fast,0.7954459190368652,977,660
2101,1,Fast,0.7781715989112854,1094,733
2101,1,Fast,0.7578192353248596,977,897
2101,1,Fast,0.598827600479126,1093,811
2101,1,Fast,0.4055062234401703,778,536
2102,1,Fast,0.8748252391815186,941,956
2102,1,Fast,0.8663967847824097,848,929
2102,1,Fast,0.8614476323127747,1148,917
2102,1,Fast,0.8563666343688965,983,910
2102,1,Fast,0.8350875377655029,975,653
2102,1,Fast,0.7809031009674072,1087,804
2102,1,Fast,0.7781347036361694,1091,729
2102,1,Fast,0.70305335521698,1009,646
2102,1,Fast,0.5832645297050476,923,461
2102,1,Fast,0.42749473452568054,778,539
2102,2,Slow,0.3047492504119873,902,334
2103,1,Fast,0.8765138983726501,850,935
2103,1,Fast,0.8747330904006958,945,967
2103,1,Fast,0.8644461631774902,1142,908
2103,1,Fast,0.858125627040863,987,924
2103,1,Fast,0.8266058564186096,1083,797
2103,1,Fast,0.7832826375961304,1088,724
2103,1,Fast,0.6643153429031372,972,647
2103,1,Fast,0.593733012676239,1006,641
2103,1,Fast,0.5866641402244568,779,542
2103,2,Slow,0.3221326768398285,903,332
2104,1,Fast,0.8884920477867126,1137,899
2104,1,Fast,0.8754779100418091,949,977
2104,1,Fast,0.8690435290336609,851,941
2104,1,Fast,0.8436941504478455,993,937
2104,1,Fast,0.8036685585975647,1086,719
2104,1,Fast,0.7972511649131775,1079,790
2104,1,Fast,0.6414747834205627,779,544
2104,1,Fast,0.5826486945152283,1003,637
2104,1,Fast,0.5287986397743225,969,641
2104,1,Fast,0.4629021883010864,921,456
2104,1,Fast,0.3697867691516876,839,629
2105,1,Fast,0.8905410170555115,1131,889
2105,1,Fast,0.8698100447654724,952,988
2105,1,Fast,0.860578715801239,854,947
2105,1,Fast,0.8596298694610596,998,951
2105,1,Fast,0.7307119369506836,1075,783
2105,1,Fast,0.6565619111061096,779,547
2105,1,Fast,0.6465249061584473,1083,714
2105,1,Fast,0.6227613687515259,967,635
2105,1,Fast,0.6170473694801331,1001,630
2106,1,Fast,0.8919230699539185,1126,880
2106,1,Fast,0.8861037492752075,957,999
2106,1,Fast,0.8705224990844727,1004,964
2106,1,Fast,0.8678894639015198,857,956
2106,1,Fast,0.7913687229156494,1072,776
2106,1,Fast,0.7709066867828369,1080,710
2106,1,Fast,0.7334117293357849,964,628
2106,1,Fast,0.67821204662323,841,639
2106,1,Fast,0.6589570641517639,998,625
2106,1,Fast,0.575904369354248,780,550
2107,1,Fast,0.889392614364624,1121,872
2107,1,Fast,0.8749598860740662,961,1011
2107,1,Fast,0.8432314991950989,1068,769
2107,1,Fast,0.8423042893409729,859,961
2107,1,Fast,0.8091933727264404,1077,705
2107,1,Fast,0.7814272046089172,1010,978
2107,1,Fast,0.6943670511245728,997,620
2107,1,Fast,0.6333730220794678,962,622
2107,1,Fast,0.59697425365448,781,552
2107,1,Fast,0.3840418756008148,842,644
2108,1,Fast,0.864611804485321,1117,863
2108,1,Fast,0.8639445900917053,966,1023
2108,1,Fast,0.8431317806243896,1075,701
2108,1,Fast,0.8378844261169434,861,969
2108,1,Fast,0.8238009214401245,1065,762
2108,1,Fast,0.7745310664176941,994,615
2108,1,Fast,0.6987050175666809,959,616
2108,1,Fast,0.6829418540000916,781,555
2108,1,Fast,0.6769549250602722,1017,994
2108,1,Fast,0.6272651553153992,841,648
2109,1,Fast,0.8762331008911133,1112,855
2109,1,Fast,0.8682507276535034,863,976
2109,1,Fast,0.8670806288719177,970,1034
2109,1,Fast,0.8548467755317688,1072,696
2109,1,Fast,0.7509303689002991,1023,1009
2109,1,Fast,0.7409896850585938,992,611
2109,1,Fast,0.6996256709098816,843,652
2109,1,Fast,0.6652325987815857,782,558
2109,1,Fast,0.6385601758956909,1061,756
2110,1,Fast,0.8756276965141296,866,983
2110,1,Fast,0.8650861382484436,1108,847
2110,1,Fast,0.8612827658653259,975,1046
2110,1,Fast,0.8356148600578308,1070,692
2110,1,Fast,0.8222255110740662,783,560
2110,1,Fast,0.7638708353042603,989,607
2110,1,Fast,0.7231739163398743,955,605
2110,1,Fast,0.7001335620880127,1058,750
2110,1,Fast,0.43829628825187683,1030,1024
2111,1,Fast,0.8842387795448303,1103,839
2111,1,Fast,0.8677242398262024,869,990
2111,1,Fast,0.8405221104621887,981,1054
2111,1,Fast,0.8049483895301819,1067,688
2111,1,Fast,0.7952152490615845,783,564
2111,1,Fast,0.7119438052177429,987,602
2111,1,Fast,0.6575251221656799,952,599
2111,1,Fast,0.5558186769485474,1055,744
2111,1,Fast,0.4666478931903839,1037,1040
2111,1,Fast,0.37679317593574524,846,498
2111,2,Slow,0.3444887697696686,916,437
2112,1,Fast,0.8830372095108032,870,997
2112,1,Fast,0.8559556007385254,1099,831
2112,1,Fast,0.832872748374939,989,1060
2112,1,Fast,0.8006985187530518,783,567
2112,1,Fast,0.7890092730522156,984,597
2112,1,Fast,0.7646541595458984,1065,683
2112,1,Fast,0.7595719695091248,950,593
2112,1,Fast,0.5244875550270081,847,502
2112,1,Fast,0.44806259870529175,1051,737
2112,1,Fast,0.3018336892127991,915,434
2113,1,Fast,0.8852179646492004,1095,823
2113,1,Fast,0.8359496593475342,873,1004
2113,1,Fast,0.8338323831558228,784,569
2113,1,Fast,0.8211191892623901,983,592
2113,1,Fast,0.8195597529411316,948,587
2113,1,Fast,0.800531804561615,1064,678
2113,1,Fast,0.7714986801147461,993,1066
2113,1,Fast,0.5746719241142273,914,431
2113,1,Fast,0.5310072898864746,848,506
2113,1,Fast,0.39545729756355286,1047,732
2114,1,Fast,0.8605379462242126,1091,815
2114,1,Fast,0.8577178120613098,877,1012
2114,1,Fast,0.8248223066329956,784,573
2114,1,Fast,0.8179724216461182,981,588
2114,1,Fast,0.7620735764503479,945,583
2114,1,Fast,0.7044429183006287,1044,726
2114,1,Fast,0.6964311599731445,1061,674
2114,2,Slow,0.3455176055431366,914,429
2114,1,Fast,0.33812493085861206,853,681
2115,1,Fast,0.8633993864059448,879,1019
2115,1,Fast,0.8498784303665161,1086,807
2115,1,Fast,0.829265296459198,785,575
2115,1,Fast,0.8179094791412354,979,583
2115,1,Fast,0.783315896987915,1058,670
2115,1,Fast,0.6962351202964783,1041,719
2115,1,Fast,0.5332306027412415,943,577
2115,1,Fast,0.35002216696739197,853,685
2116,1,Fast,0.8610856533050537,1081,800
2116,1,Fast,0.8420699238777161,880,1028
2116,1,Fast,0.8377571105957031,977,579
2116,1,Fast,0.822938084602356,786,579
2116,1,Fast,0.8154042363166809,1056,666
2116,1,Fast,0.7277910709381104,855,689
2116,1,Fast,0.6719651818275452,1038,713
2116,1,Fast,0.6424552798271179,941,571
2117,1,Fast,0.8761684894561768,1078,792
2117,1,Fast,0.8360694050788879,883,1036
2117,1,Fast,0.8257928490638733,787,581
2117,1,Fast,0.8109241127967834,975,575
2117,1,Fast,0.8059574961662292,1054,662
2117,1,Fast,0.7943198680877686,856,694
2117,1,Fast,0.7704955339431763,1036,707
2117,1,Fast,0.7312688827514648,939,567
2117,1,Fast,0.5294587016105652,853,525
2117,1,Fast,0.3116019368171692,922,351
2117,1,Fast,0.3098553717136383,911,420
2118,1,Fast,0.8536635041236877,1073,785
2118,1,Fast,0.8481907248497009,886,1043
2118,1,Fast,0.8239282369613647,787,584
2118,1,Fast,0.8189694881439209,1051,658
2118,1,Fast,0.8073539137840271,973,569
2118,1,Fast,0.7857571244239807,937,562
2118,1,Fast,0.7632649540901184,857,700
2118,1,Fast,0.6418096423149109,1033,702
2118,1,Fast,0.5625361204147339,854,529
2118,1,Fast,0.46982431411743164,910,418
2119,1,Fast,0.8639525771141052,1070,778
2119,1,Fast,0.8355380296707153,888,1048
2119,1,Fast,0.8248746395111084,971,565
2119,1,Fast,0.8223459720611572,788,588
2119,1,Fast,0.820767879486084,1050,652
2119,1,Fast,0.8160808086395264,859,706
2119,1,Fast,0.7705119848251343,936,557
2119,1,Fast,0.5953252911567688,1029,696
2119,1,Fast,0.5207027196884155,855,534
2120,1,Fast,0.8605340123176575,1067,772
2120,1,Fast,0.8104907870292664,970,562
2120,1,Fast,0.808040976524353,892,1052
2120,1,Fast,0.8076456189155579,788,591
2120,1,Fast,0.8053920865058899,1048,649
2120,1,Fast,0.7474933862686157,933,552
2120,1,Fast,0.6623280048370361,859,712
2120,1,Fast,0.6166216135025024,1026,690
2120,1,Fast,0.5932270884513855,857,540
2121,1,Fast,0.8770275712013245,1063,765
2121,1,Fast,0.8028531074523926,968,558
2121,1,Fast,0.7980555891990662,932,547
2121,1,Fast,0.7949551343917847,789,595
2121,1,Fast,0.7854410409927368,1046,646
2121,1,Fast,0.7199698686599731,895,1056
2121,1,Fast,0.6602960228919983,1024,685
2121,1,Fast,0.560197651386261,858,545
2121,1,Fast,0.49957704544067383,861,716
2122,1,Fast,0.8547435402870178,1059,758
2122,1,Fast,0.80385422706604,1044,642
2122,1,Fast,0.8005894422531128,930,543
2122,1,Fast,0.7964380979537964,966,553
2122,1,Fast,0.7680662274360657,789,598
2122,1,Fast,0.7463405728340149,900,1060
2122,1,Fast,0.6319246888160706,1021,679
2122,1,Fast,0.4643585681915283,860,550
2122,2,Slow,0.329021692276001,909,409
2122,1,Fast,0.30243563652038574,862,722
2123,1,Fast,0.8575224876403809,1056,751
2123,1,Fast,0.8198899626731873,964,550
2123,1,Fast,0.8169029951095581,1042,638
2123,1,Fast,0.7266567945480347,903,1064
2123,1,Fast,0.7087154388427734,929,538
2123,1,Fast,0.6722190380096436,790,601
2123,1,Fast,0.5603398084640503,862,555
2123,2,Slow,0.44927462935447693,909,407
2124,1,Fast,0.8168962001800537,1052,745
2124,1,Fast,0.8149781823158264,962,547
2124,1,Fast,0.7855461239814758,1040,634
2124,1,Fast,0.7578880190849304,791,605
2124,1,Fast,0.7102735638618469,927,533
2124,1,Fast,0.673633337020874,863,561
2124,1,Fast,0.530953586101532,907,403
2124,1,Fast,0.48232388496398926,906,1068
2125,1,Fast,0.7856740951538086,962,543
2125,1,Fast,0.7837540507316589,791,607
2125,1,Fast,0.779427170753479,1049,739
2125,1,Fast,0.7555087804794312,1037,630
2125,1,Fast,0.6688128709793091,926,528
2125,1,Fast,0.5340062379837036,864,565
2125,1,Fast,0.31409966945648193,907,401
2126,1,Fast,0.8326062560081482,1046,732
2126,1,Fast,0.7981829047203064,792,611
2126,1,Fast,0.7790921330451965,960,538
2126,1,Fast,0.7244455814361572,1036,626
2126,1,Fast,0.5997087955474854,924,524
2126,1,Fast,0.5596773624420166,1010,659
2126,1,Fast,0.48724308609962463,866,571
2126,1,Fast,0.40264323353767395,872,750
2127,1,Fast,0.8273621201515198,1042,727
2127,1,Fast,0.7839024662971497,793,615
2127,1,Fast,0.762233316898346,958,535
2127,1,Fast,0.7497684359550476,873,755
2127,1,Fast,0.731455385684967,867,576
2127,1,Fast,0.6800395846366882,922,520
2127,1,Fast,0.6382017731666565,1034,623
2127,1,Fast,0.6136585474014282,1008,654
2128,1,Fast,0.8702418804168701,1038,721
2128,1,Fast,0.8061107993125916,956,530
2128,1,Fast,0.7806308269500732,920,516
2128,1,Fast,0.7586967349052429,869,582
2128,1,Fast,0.7305591106414795,794,618
2128,1,Fast,0.709639310836792,1032,620
2128,1,Fast,0.6008415222167969,1005,648
2128,1,Fast,0.3242698609828949,876,762
2129,1,Fast,0.8405687808990479,1036,715
2129,1,Fast,0.8223176598548889,871,587
2129,1,Fast,0.7958645224571228,955,526
2129,1,Fast,0.759235680103302,794,621
2129,1,Fast,0.7283443212509155,919,511
2129,1,Fast,0.67754065990448,1003,643
2129,1,Fast,0.5652303099632263,1031,617
2129,1,Fast,0.3612065017223358,918,334
2129,1,Fast,0.3075172007083893,878,768
2130,1,Fast,0.8602489233016968,1033,708
2130,1,Fast,0.8266120553016663,872,593
2130,1,Fast,0.808137059211731,795,624
2130,1,Fast,0.8030694127082825,918,507
2130,1,Fast,0.7959988117218018,1001,639
2130,1,Fast,0.7842212915420532,953,523
2130,1,Fast,0.6445074677467346,1029,614
2130,1,Fast,0.32978999614715576,881,775
2130,1,Fast,0.3134998083114624,904,391
2131,1,Fast,0.8617368340492249,1030,702
2131,1,Fast,0.8458681702613831,874,598
2131,1,Fast,0.840868353843689,796,627
2131,1,Fast,0.7731423377990723,952,521
2131,1,Fast,0.7428795695304871,916,503
2131,1,Fast,0.6461235880851746,999,635
2131,1,Fast,0.6304445266723633,1027,610
2131,1,Fast,0.3832845985889435,917,332
2132,1,Fast,0.8582941293716431,1027,697
2132,1,Fast,0.8436955213546753,876,604
2132,1,Fast,0.7984075546264648,950,518
2132,1,Fast,0.7888333201408386,796,631
2132,1,Fast,0.7600810527801514,915,498
2132,1,Fast,0.7149636149406433,997,629
2132,1,Fast,0.6458957195281982,1025,606
2132,1,Fast,0.3095979690551758,884,788
2133,1,Fast,0.8718485236167908,1024,691
2133,1,Fast,0.8009752035140991,797,634
2133,1,Fast,0.7976599335670471,949,514
2133,1,Fast,0.764613687992096,878,610
2133,1,Fast,0.7377408742904663,994,625
2133,1,Fast,0.6934803128242493,914,494
2133,1,Fast,0.631217896938324,1023,602
2134,1,Fast,0.8395657539367676,880,617
2134,1,Fast,0.8380599617958069,1022,685
2134,1,Fast,0.7601411938667297,948,510
2134,1,Fast,0.7533397674560547,798,637
2134,1,Fast,0.7428416609764099,1022,599
2134,1,Fast,0.6729493141174316,913,491
2134,1,Fast,0.4433360993862152,992,621
2135,1,Fast,0.8647428750991821,1019,680
2135,1,Fast,0.8494480848312378,882,623
2135,1,Fast,0.8088561296463013,799,641
2135,1,Fast,0.8060234189033508,947,506
2135,1,Fast,0.7408351898193359,1021,596
2135,1,Fast,0.6703963279724121,912,486
2135,1,Fast,0.40710777044296265,990,616
2135,1,Fast,0.3323085904121399,902,381
2136,1,Fast,0.8581070303916931,884,629
2136,1,Fast,0.844698965549469,1017,674
2136,1,Fast,0.8112221956253052,945,503
2136,1,Fast,0.7185826301574707,1019,594
2136,1,Fast,0.5475404858589172,799,644
2136,1,Fast,0.3240446448326111,986,612
2137,1,Fast,0.8496832251548767,886,635
2137,1,Fast,0.802790641784668,1013,669
2137,1,Fast,0.7339445352554321,944,499
2137,1,Fast,0.6955606341362,800,647
2137,1,Fast,0.5561693906784058,1018,591
2137,1,Fast,0.44004034996032715,909,478
2137,1,Fast,0.4236277937889099,985,607
2138,1,Fast,0.8576575517654419,888,642
2138,1,Fast,0.8469125628471375,1010,664
2138,1,Fast,0.7197267413139343,943,495
2138,1,Fast,0.6483855247497559,983,603
2138,1,Fast,0.5833102464675903,1016,588
2138,1,Fast,0.3273744285106659,801,651
2138,1,Fast,0.3205825686454773,908,476
2139,1,Fast,0.8726444244384766,890,649
2139,1,Fast,0.8664783835411072,1008,659
2139,1,Fast,0.7101688385009766,942,491
2139,1,Fast,0.695570707321167,981,599
2139,1,Fast,0.6568444967269897,907,471
2139,1,Fast,0.6056336760520935,1014,584
2140,1,Fast,0.8529495596885681,1006,653
2140,1,Fast,0.8071544170379639,893,655
2140,1,Fast,0.790212094783783,940,489
2140,1,Fast,0.6696524620056152,1012,580
2140,1,Fast,0.6614792346954346,979,594
2141,1,Fast,0.8555368185043335,1003,648
2141,1,Fast,0.7935723662376404,895,662
2141,1,Fast,0.7892990708351135,939,486
2141,1,Fast,0.7591389417648315,977,590
2141,1,Fast,0.7282565236091614,1011,576
2141,1,Fast,0.4727562665939331,804,662
2141,1,Fast,0.3042691648006439,907,462
2142,1,Fast,0.8563835024833679,1001,643
2142,1,Fast,0.7870593070983887,898,669
2142,1,Fast,0.6736119985580444,1010,573
2142,1,Fast,0.6690939664840698,938,483
2142,1,Fast,0.6675389409065247,805,665
2142,1,Fast,0.5564782023429871,975,586
2143,1,Fast,0.880416989326477,999,638
2143,1,Fast,0.8690398335456848,900,676
2143,1,Fast,0.7024407386779785,1009,571
2143,1,Fast,0.6877516508102417,805,668
2143,1,Fast,0.6647672653198242,936,481
2143,1,Fast,0.6429085731506348,973,582
2144,1,Fast,0.8688751459121704,997,633
2144,1,Fast,0.8571797609329224,903,683
2144,1,Fast,0.7638751268386841,935,477
2144,1,Fast,0.7448171377182007,1008,568
2144,1,Fast,0.7284637093544006,806,672
2144,1,Fast,0.6832060813903809,971,578
2144,1,Fast,0.43302756547927856,902,452
2145,1,Fast,0.8911313414573669,905,691
2145,1,Fast,0.8564749956130981,994,628
2145,1,Fast,0.8163102865219116,807,676
2145,1,Fast,0.8106818199157715,935,475
2145,1,Fast,0.7700452208518982,970,573
2145,1,Fast,0.6286959648132324,1007,566
2145,1,Fast,0.5521777272224426,901,448
2146,1,Fast,0.8732682466506958,908,698
2146,1,Fast,0.8249117136001587,992,623
2146,1,Fast,0.8153106570243835,808,681
2146,1,Fast,0.7656860947608948,933,471
2146,1,Fast,0.740151047706604,1005,562
2146,1,Fast,0.6600264310836792,901,446
2146,1,Fast,0.5691855549812317,969,570
2147,1,Fast,0.8515927791595459,911,707
2147,1,Fast,0.8336563110351562,809,685
2147,1,Fast,0.7853109836578369,991,619
2147,1,Fast,0.7484546899795532,900,442
2147,1,Fast,0.7343102693557739,1003,558
2147,1,Fast,0.6643795967102051,932,468
2148,1,Fast,0.8413410782814026,810,689
2148,1,Fast,0.8260498642921448,914,715
2148,1,Fast,0.8025470972061157,988,614
2148,1,Fast,0.768194317817688,1002,555
2148,1,Fast,0.6920516490936279,931,464
2148,1,Fast,0.6098005771636963,898,438
2148,1,Fast,0.42323917150497437,965,562
2149,1,Fast,0.8649718761444092,917,723
2149,1,Fast,0.8573847413063049,810,693
2149,1,Fast,0.8321747183799744,986,610
2149,1,Fast,0.799267053604126,1000,552
2149,1,Fast,0.7628273367881775,930,461
2149,1,Fast,0.7346002459526062,963,558
2149,1,Fast,0.5028614401817322,899,434
2150,1,Fast,0.8724318146705627,983,606
2150,1,Fast,0.8721742033958435,920,732
2150,1,Fast,0.8041539788246155,812,697
2150,1,Fast,0.794190526008606,999,549
2150,1,Fast,0.755719780921936,961,554
2150,1,Fast,0.6552523970603943,930,457
2150,1,Fast,0.6223961710929871,898,430
2151,1,Fast,0.8742169141769409,923,740
2151,1,Fast,0.8607870936393738,981,602
2151,1,Fast,0.8446340560913086,813,700
2151,1,Fast,0.8049311637878418,998,546
2151,1,Fast,0.734756588935852,929,455
2151,1,Fast,0.7108913660049438,960,550
2151,1,Fast,0.6922723650932312,898,427
2152,1,Fast,0.8748852610588074,926,749
2152,1,Fast,0.8574588298797607,980,597
2152,1,Fast,0.8243128061294556,814,705
2152,1,Fast,0.7427959442138672,940,947
2152,1,Fast,0.7320212721824646,897,423
2152,1,Fast,0.7223849296569824,997,544
2152,1,Fast,0.6695815324783325,958,547
2152,1,Fast,0.6628937125205994,928,452
2152,1,Fast,0.32124483585357666,809,484
2153,1,Fast,0.8630808591842651,929,758
2153,1,Fast,0.8590546250343323,978,593
2153,1,Fast,0.8334839344024658,815,709
2153,1,Fast,0.7835423946380615,942,956
2153,1,Fast,0.7785078883171082,957,543
2153,1,Fast,0.7092093825340271,996,541
2153,1,Fast,0.5928866863250732,927,450
2153,1,Fast,0.3894658088684082,896,421
2154,1,Fast,0.8682817220687866,933,766
2154,1,Fast,0.8381935954093933,976,588
2154,1,Fast,0.8307682275772095,946,965
2154,1,Fast,0.8008741140365601,816,713
2154,1,Fast,0.7526622414588928,955,539
2154,1,Fast,0.6531569361686707,996,538
2154,1,Fast,0.42688196897506714,810,490
2154,1,Fast,0.36590659618377686,896,418
2155,1,Fast,0.862594723701477,936,775
2155,1,Fast,0.8279860019683838,974,584
2155,1,Fast,0.8077854514122009,818,718
2155,1,Fast,0.790809690952301,994,535
2155,1,Fast,0.7771284580230713,953,535
2155,1,Fast,0.5119730234146118,949,975
2155,1,Fast,0.46171805262565613,894,415
2155,1,Fast,0.4241412878036499,924,444
2156,1,Fast,0.8611890077590942,940,785
2156,1,Fast,0.8384685516357422,973,580
2156,1,Fast,0.8343976736068726,819,722
2156,1,Fast,0.8094139695167542,993,532
2156,1,Fast,0.7942718267440796,952,532
2156,1,Fast,0.5349873900413513,953,984
2156,1,Fast,0.494156152009964,923,441
2156,1,Fast,0.41894811391830444,894,412
2157,1,Fast,0.8559061884880066,971,576
2157,1,Fast,0.8491595983505249,944,795
2157,1,Fast,0.8173977136611938,820,727
2157,1,Fast,0.8150880932807922,992,530
2157,1,Fast,0.7679941654205322,951,528
2157,1,Fast,0.5253424048423767,892,408
2157,1,Fast,0.39794689416885376,922,438
2158,1,Fast,0.857118546962738,948,804
2158,1,Fast,0.8385339975357056,969,572
2158,1,Fast,0.8227030038833618,821,731
2158,1,Fast,0.7904242873191833,991,528
2158,1,Fast,0.6834801435470581,950,526
2158,1,Fast,0.6350171566009521,921,435
2158,1,Fast,0.4493900239467621,892,405
2159,1,Fast,0.8612158298492432,952,814
2159,1,Fast,0.8419427275657654,968,568
2159,1,Fast,0.8112389445304871,822,735
2159,1,Fast,0.7897313833236694,1230,1012
2159,1,Fast,0.784115195274353,892,400
2159,1,Fast,0.7588633298873901,990,525
2159,1,Fast,0.7056947350502014,921,432
2159,1,Fast,0.5945324301719666,947,521
2160,1,Fast,0.8743273019790649,956,825
2160,1,Fast,0.871984601020813,966,565
2160,1,Fast,0.8245877623558044,823,740
2160,1,Fast,0.8003813624382019,946,518
2160,1,Fast,0.7504638433456421,921,429
2160,1,Fast,0.7361671328544617,989,523
2160,1,Fast,0.7011175155639648,892,398
2160,1,Fast,0.3793455958366394,1223,1002
2161,1,Fast,0.8649637699127197,960,835
2161,1,Fast,0.8457767963409424,964,560
2161,1,Fast,0.7959651350975037,919,426
2161,1,Fast,0.7877601385116577,824,745
2161,1,Fast,0.7358568906784058,945,514
2161,1,Fast,0.7256888747215271,988,519
2161,1,Fast,0.5175333023071289,891,395
2161,1,Fast,0.3496313989162445,1216,991
2162,1,Fast,0.8633936047554016,964,845
2162,1,Fast,0.8261253237724304,962,557
2162,1,Fast,0.788840651512146,825,749
2162,1,Fast,0.776801586151123,919,424
2162,1,Fast,0.7653166055679321,1210,981
2162,1,Fast,0.7511922717094421,987,516
2162,1,Fast,0.678318440914154,944,510
2162,1,Fast,0.40394219756126404,843,480
2162,1,Fast,0.3353189527988434,890,392
2163,1,Fast,0.8620193600654602,968,856
2163,1,Fast,0.8274884819984436,960,553
2163,1,Fast,0.822841227054596,826,754
2163,1,Fast,0.7617576718330383,943,507
2163,1,Fast,0.7535406947135925,986,513
2163,1,Fast,0.7377580404281616,918,421
2163,1,Fast,0.5877083539962769,984,1054
2163,1,Fast,0.4090174734592438,843,484
2163,1,Fast,0.4062581956386566,1204,971
2164,1,Fast,0.8549030423164368,973,867
2164,1,Fast,0.8417531251907349,959,550
2164,1,Fast,0.8158685564994812,827,758
2164,1,Fast,0.7351008653640747,942,504
2164,1,Fast,0.7109290361404419,985,511
2164,1,Fast,0.5421505570411682,917,419
2165,1,Fast,0.867034912109375,978,878
2165,1,Fast,0.8482401967048645,957,546
2165,1,Fast,0.8427757620811462,828,764
2165,1,Fast,0.791090726852417,940,502
2165,1,Fast,0.7514223456382751,983,508
2165,1,Fast,0.37755724787712097,846,494
2166,1,Fast,0.8671658635139465,983,890
2166,1,Fast,0.86564040184021,829,769
2166,1,Fast,0.8312674760818481,956,542
2166,1,Fast,0.7711390852928162,939,498
2166,1,Fast,0.7701631188392639,982,506
2166,1,Fast,0.5258679986000061,847,497
2167,1,Fast,0.8789970278739929,988,902
2167,1,Fast,0.8633293509483337,830,773
2167,1,Fast,0.8215130567550659,954,539
2167,1,Fast,0.7673600912094116,981,505
2167,1,Fast,0.6834725141525269,938,496
2167,1,Fast,0.5412883162498474,847,500
2167,1,Fast,0.4162765145301819,887,380
2168,1,Fast,0.8550928831100464,993,915
2168,1,Fast,0.8532925248146057,953,536
2168,1,Fast,0.8122117519378662,832,778
2168,1,Fast,0.7158627510070801,980,502
2168,1,Fast,0.6722602844238281,936,492
2168,1,Fast,0.5365839600563049,848,506
2169,1,Fast,0.8685482740402222,998,927
2169,1,Fast,0.8590410351753235,833,783
2169,1,Fast,0.8568887114524841,952,532
2169,1,Fast,0.6785162687301636,935,490
2169,1,Fast,0.610718309879303,979,498
2169,1,Fast,0.597158670425415,887,375
2169,1,Fast,0.5605183839797974,849,510
2170,1,Fast,0.8888416886329651,1003,939
2170,1,Fast,0.8780734539031982,834,788
2170,1,Fast,0.8436674475669861,951,529
2170,1,Fast,0.7198042869567871,934,486
2170,1,Fast,0.6407614350318909,978,496
2170,1,Fast,0.5333864688873291,1165,906
2170,1,Fast,0.5224573612213135,886,373
2170,1,Fast,0.5004558563232422,850,515
2171,1,Fast,0.8780666589736938,1008,952
2171,1,Fast,0.8764471411705017,835,793
2171,1,Fast,0.8161188960075378,950,525
2171,1,Fast,0.6972315907478333,934,484
2171,1,Fast,0.6252503991127014,977,493
2171,1,Fast,0.5246989130973816,1159,899
2171,1,Fast,0.3588773310184479,850,519
2172,1,Fast,0.8725976943969727,1013,964
2172,1,Fast,0.8587453961372375,837,799
2172,1,Fast,0.8244277238845825,949,522
2172,1,Fast,0.7296980023384094,976,491
2172,1,Fast,0.6773095726966858,852,524
2172,1,Fast,0.6738539338111877,932,482
2172,1,Fast,0.6629673838615417,886,368
2172,1,Fast,0.489667683839798,913,398
2173,1,Fast,0.8637520670890808,839,803
2173,1,Fast,0.8364715576171875,947,519
2173,1,Fast,0.790093183517456,1019,978
2173,1,Fast,0.7349938154220581,852,529
2173,1,Fast,0.5875405669212341,975,489
2173,1,Fast,0.5685343742370605,912,396
2173,1,Fast,0.5360795259475708,931,477
2173,1,Fast,0.4708760678768158,1149,881
2174,1,Fast,0.859970211982727,840,808
2174,1,Fast,0.8309675455093384,946,516
2174,1,Fast,0.7392776012420654,854,533
2174,1,Fast,0.6067653894424438,1025,992
2174,1,Fast,0.5563002228736877,973,486
2174,1,Fast,0.5416096448898315,930,475
2174,1,Fast,0.4225783944129944,912,394
2174,1,Fast,0.37739098072052,822,557
2175,1,Fast,0.8469498753547668,841,813
2175,1,Fast,0.817907989025116,854,538
2175,1,Fast,0.8126036524772644,944,513
2175,1,Fast,0.6947160363197327,928,471
2175,1,Fast,0.6224573254585266,973,484
2175,1,Fast,0.35381731390953064,1031,1007
2175,1,Fast,0.30601632595062256,823,562
2176,1,Fast,0.8498251438140869,843,820
2176,1,Fast,0.8024433255195618,855,542
2176,1,Fast,0.7875433564186096,943,510
2176,1,Fast,0.6914763450622559,971,482
2176,1,Fast,0.6127727627754211,927,469
2176,1,Fast,0.43899986147880554,1038,1022
2176,1,Fast,0.3708735704421997,824,565
2177,1,Fast,0.8320626616477966,844,825
2177,1,Fast,0.8243685364723206,856,547
2177,1,Fast,0.8164360523223877,942,506
2177,1,Fast,0.7154195308685303,926,466
2177,1,Fast,0.5992680191993713,971,480
2177,1,Fast,0.596251368522644,1045,1038
2178,1,Fast,0.8525731563568115,845,830
2178,1,Fast,0.826007068157196,941,503
2178,1,Fast,0.745259165763855,858,553
2178,1,Fast,0.6101059913635254,970,477
2179,1,Fast,0.8492708206176758,846,836
2179,1,Fast,0.8283493518829346,940,499
2179,1,Fast,0.751812219619751,924,460
2179,1,Fast,0.7254434823989868,969,475
2179,1,Fast,0.6573124527931213,908,385
2179,1,Fast,0.5668644905090332,859,558
2180,1,Fast,0.8458540439605713,848,842
2180,1,Fast,0.7868797779083252,939,496
2180,1,Fast,0.7585784196853638,968,473
2180,1,Fast,0.637999415397644,924,457
2180,1,Fast,0.5888028144836426,908,382
2180,1,Fast,0.5646698474884033,861,563
2181,1,Fast,0.8540682792663574,849,848
2181,1,Fast,0.8134071230888367,938,493
2181,1,Fast,0.7660845518112183,967,471
2181,1,Fast,0.7166621088981628,923,454
2181,1,Fast,0.6598458290100098,862,569
2181,1,Fast,0.43989160656929016,907,379
2182,1,Fast,0.8690961599349976,851,853
2182,1,Fast,0.8342152833938599,937,491
2182,1,Fast,0.7781047224998474,966,469
2182,1,Fast,0.5564780831336975,907,377
2182,1,Fast,0.3935001492500305,922,452
2182,1,Fast,0.33920636773109436,1107,811
2183,1,Fast,0.8664392232894897,853,859
2183,1,Fast,0.862167239189148,936,488
2183,1,Fast,0.7494494318962097,965,468
2183,1,Fast,0.6917275786399841,866,579
2183,1,Fast,0.6619138717651367,920,449
2183,1,Fast,0.4867401421070099,907,375
2183,1,Fast,0.40951523184776306,1103,804
2184,1,Fast,0.8683499693870544,855,865
2184,1,Fast,0.840915858745575,935,485
2184,1,Fast,0.6124835014343262,868,585
2184,1,Fast,0.5956512689590454,1101,797
2184,1,Fast,0.5876447558403015,964,465
2184,1,Fast,0.4675202965736389,921,446
2185,1,Fast,0.8556309938430786,857,871
2185,1,Fast,0.8218802809715271,934,482
2185,1,Fast,0.7595871090888977,919,444
2185,1,Fast,0.699034571647644,870,590
2185,1,Fast,0.6436327695846558,964,462
2186,1,Fast,0.867293119430542,858,877
2186,1,Fast,0.7936453223228455,871,596
2186,1,Fast,0.7834721207618713,932,480
2186,1,Fast,0.5690695643424988,920,441
2186,1,Fast,0.46882006525993347,963,460
2186,1,Fast,0.3423655927181244,1092,783
2187,1,Fast,0.8633978962898254,859,884
2187,1,Fast,0.8256338238716125,931,477
2187,1,Fast,0.7406076788902283,963,458
2187,1,Fast,0.6968221068382263,918,438
2187,1,Fast,0.40490493178367615,906,367
2188,1,Fast,0.8558799028396606,862,890
2188,1,Fast,0.8201491832733154,930,474
2188,1,Fast,0.7190951704978943,918,436
2188,1,Fast,0.6338351368904114,962,456
2188,1,Fast,0.3958113491535187,905,365
2189,1,Fast,0.853687584400177,863,896
2189,1,Fast,0.8089398145675659,929,471
2189,1,Fast,0.5592232942581177,961,454
2189,1,Fast,0.551261842250824,904,364
2189,1,Fast,0.5378676056861877,875,614
2189,1,Fast,0.3893510699272156,917,433
2190,1,Fast,0.854407012462616,865,902
2190,1,Fast,0.7931190729141235,929,468
2190,1,Fast,0.7865257859230042,877,620
2190,1,Fast,0.6435874700546265,916,430
2190,1,Fast,0.5826654434204102,904,362
2190,1,Fast,0.48104313015937805,960,452
2191,1,Fast,0.8693224787712097,867,909
2191,1,Fast,0.8045430183410645,879,627
2191,1,Fast,0.7825271487236023,928,465
2191,1,Fast,0.5098441243171692,916,428
2191,1,Fast,0.3478907644748688,958,449
2191,1,Fast,0.33546799421310425,903,360
2192,1,Fast,0.84210205078125,869,915
2192,1,Fast,0.8226238489151001,927,463
2192,1,Fast,0.7743028402328491,841,635
2192,1,Fast,0.5223420858383179,903,358
2192,1,Fast,0.497230589389801,916,425
2192,1,Fast,0.33955416083335876,881,634
2192,1,Fast,0.3064236640930176,958,447
2193,1,Fast,0.8489084839820862,871,923
2193,1,Fast,0.8343715667724609,926,460
2193,1,Fast,0.6177727580070496,957,445
2193,1,Fast,0.6019341349601746,913,424
2193,1,Fast,0.5442817211151123,903,356
2193,1,Fast,0.49334490299224854,842,639
2193,1,Fast,0.4333762228488922,1067,738
2193,1,Fast,0.4046158790588379,883,639
2194,1,Fast,0.8394724130630493,873,930
2194,1,Fast,0.8390730023384094,926,457
2194,1,Fast,0.6897473931312561,957,443
2194,1,Fast,0.6066605448722839,903,354
2194,1,Fast,0.5020935535430908,1063,732
2194,1,Fast,0.4921114146709442,913,421
2194,1,Fast,0.45745787024497986,885,646
2194,1,Fast,0.32468608021736145,843,643
2195,1,Fast,0.8479042649269104,874,937
2195,1,Fast,0.8301542401313782,924,455
2195,1,Fast,0.7521738409996033,956,441
2195,1,Fast,0.5848140716552734,902,352
2195,1,Fast,0.42651334404945374,913,419
2195,1,Fast,0.404095858335495,844,649
2196,1,Fast,0.8182189464569092,877,944
2196,1,Fast,0.8148900866508484,923,452
2196,1,Fast,0.7739096283912659,955,440
2196,1,Fast,0.5540583729743958,912,417
2196,1,Fast,0.5272520780563354,889,660
2196,1,Fast,0.39803346991539,902,351
2196,1,Fast,0.39532744884490967,846,653
2197,1,Fast,0.827553927898407,879,951
2197,1,Fast,0.7863329648971558,922,450
2197,1,Fast,0.7225520610809326,955,438
2197,1,Fast,0.6642881631851196,911,414
2197,1,Fast,0.5437319278717041,891,666
2197,1,Fast,0.31886377930641174,847,658
2198,1,Fast,0.838641345500946,880,957
2198,1,Fast,0.8134454488754272,921,447
2198,1,Fast,0.779967725276947,892,673
2198,1,Fast,0.6204001307487488,954,436
2198,1,Fast,0.5931373238563538,911,410
2198,1,Fast,0.5618101954460144,849,664
2199,1,Fast,0.8486753106117249,883,965
2199,1,Fast,0.8239849805831909,921,444
2199,1,Fast,0.7573904991149902,911,409
2199,1,Fast,0.7213337421417236,895,681
2199,1,Fast,0.37352314591407776,850,668
2200,1,Fast,0.833419144153595,885,972
2200,1,Fast,0.8274677991867065,920,442
2200,1,Fast,0.7433198094367981,910,406
2200,1,Fast,0.5796890258789062,897,688
2201,1,Fast,0.8178891539573669,887,980
2201,1,Fast,0.8124747276306152,920,439
2201,1,Fast,0.7803661227226257,899,696
2201,1,Fast,0.7285948395729065,853,680
2201,1,Fast,0.5630598068237305,951,430
2202,1,Fast,0.7917011976242065,890,987
2202,1,Fast,0.7900468111038208,919,436
2202,1,Fast,0.630871057510376,855,686
2202,1,Fast,0.36032965779304504,903,703
2202,1,Fast,0.3218528628349304,951,428
2203,1,Fast,0.8277919888496399,892,995
2203,1,Fast,0.7899712324142456,918,434
2203,1,Fast,0.7673859596252441,856,691
2203,1,Fast,0.7352690100669861,909,399
2203,1,Fast,0.4558980464935303,1036,682
2203,1,Fast,0.43195924162864685,950,426
2203,1,Fast,0.4180848300457001,906,711
2204,1,Fast,0.8403593301773071,894,1002
2204,1,Fast,0.82447350025177,918,431
2204,1,Fast,0.7829385995864868,857,696
2204,1,Fast,0.7130613923072815,1032,677
2204,1,Fast,0.6567081212997437,950,423
2204,1,Fast,0.34548819065093994,899,336
2204,1,Fast,0.3275734484195709,909,397
2205,1,Fast,0.8477743864059448,897,1011
2205,1,Fast,0.834610104560852,859,701
2205,1,Fast,0.8251003623008728,917,429
2205,1,Fast,0.6868842840194702,949,422
2205,1,Fast,0.6405884027481079,1030,671
2205,1,Fast,0.34842589497566223,899,335
2206,1,Fast,0.8270564079284668,861,708
2206,1,Fast,0.8230499029159546,917,427
2206,1,Fast,0.7956898808479309,900,1019
2206,1,Fast,0.5810110569000244,1027,667
2206,1,Fast,0.5801443457603455,948,420
2207,1,Fast,0.8204935789108276,902,1027
2207,1,Fast,0.8130486011505127,916,424
2207,1,Fast,0.7975262999534607,917,744
2207,1,Fast,0.7630892992019653,863,714
2207,1,Fast,0.7174343466758728,948,418
2207,1,Fast,0.5263384580612183,1024,661
2207,1,Fast,0.37358900904655457,906,391
2208,1,Fast,0.8044776916503906,920,753
2208,1,Fast,0.7863647937774658,916,422
2208,1,Fast,0.7752359509468079,865,719
2208,1,Fast,0.7215431928634644,948,416
2208,1,Fast,0.7031033635139465,905,1036
2208,1,Fast,0.34841248393058777,906,388
2209,1,Fast,0.8039789795875549,923,761
2209,1,Fast,0.8032764792442322,867,725
2209,1,Fast,0.7367410659790039,915,420
2209,1,Fast,0.7216137051582336,947,415
2209,1,Fast,0.6191927194595337,907,1043
2209,1,Fast,0.4734261631965637,1019,652
2209,1,Fast,0.4222375154495239,905,386
2210,1,Fast,0.8325228691101074,926,769
2210,1,Fast,0.7995598912239075,868,730
2210,1,Fast,0.740074634552002,914,417
2210,1,Fast,0.6643294095993042,946,413
2210,1,Fast,0.6121896505355835,909,1048
2210,1,Fast,0.5933870077133179,1017,647
2210,1,Fast,0.5760242938995361,905,385
2211,1,Fast,0.8012402653694153,869,737
2211,1,Fast,0.7894010543823242,930,779
2211,1,Fast,0.76554936170578,913,415
2211,1,Fast,0.5876094698905945,946,411
2211,1,Fast,0.5822725296020508,904,382
2211,1,Fast,0.34660911560058594,913,1053
2212,1,Fast,0.7874580025672913,871,743
2212,1,Fast,0.7873594760894775,913,413
2212,1,Fast,0.7181200981140137,933,787
2212,1,Fast,0.6044130921363831,945,410
2212,1,Fast,0.5911597609519958,903,379
2213,1,Fast,0.8266143202781677,872,751
2213,1,Fast,0.7964431047439575,912,410
2213,1,Fast,0.6708561778068542,944,407
2213,1,Fast,0.540935218334198,903,377
2213,1,Fast,0.5136221051216125,937,798
2213,1,Fast,0.47925853729248047,1010,631
2214,1,Fast,0.8217179775238037,874,757
2214,1,Fast,0.8017320036888123,912,407
2214,1,Fast,0.526479959487915,944,405
2214,1,Fast,0.4057779908180237,941,808
2214,1,Fast,0.40392041206359863,1008,627
2214,1,Fast,0.316244900226593,903,376
2215,1,Fast,0.8501442670822144,877,763
2215,1,Fast,0.8405123949050903,944,818
2215,1,Fast,0.776650071144104,912,406
2215,1,Fast,0.5731325149536133,1006,622
2215,1,Fast,0.3064013719558716,944,404
2216,1,Fast,0.853203296661377,879,770
2216,1,Fast,0.8248328566551208,948,828
2216,1,Fast,0.7932342886924744,911,403
2216,1,Fast,0.7495200634002686,1004,617
2216,1,Fast,0.32298606634140015,943,402
2217,1,Fast,0.8582746386528015,952,838
2217,1,Fast,0.8566533327102661,881,776
2217,1,Fast,0.8070831894874573,911,401
2217,1,Fast,0.7106596231460571,1002,613
2218,1,Fast,0.8615968823432922,955,849
2218,1,Fast,0.8181299567222595,883,784
2218,1,Fast,0.8101617097854614,910,399
2218,1,Fast,0.7381899952888489,1000,608
2219,1,Fast,0.811360776424408,960,859
2219,1,Fast,0.8084750771522522,910,396
2219,1,Fast,0.6374443769454956,885,790
2219,1,Fast,0.6160855889320374,998,606
2219,1,Fast,0.3982318043708801,941,396
2220,1,Fast,0.8013761043548584,909,394
2220,1,Fast,0.8004788160324097,964,870
2220,1,Fast,0.6564449667930603,887,796
2220,1,Fast,0.6175117492675781,996,601
2221,1,Fast,0.776817262172699,969,882
2221,1,Fast,0.7600631713867188,889,803
2221,1,Fast,0.74454665184021,909,392
2221,1,Fast,0.6764819622039795,993,597
2222,1,Fast,0.8695369958877563,974,894
2222,1,Fast,0.850803792476654,891,810
2222,1,Fast,0.7774338722229004,991,593
2222,1,Fast,0.7260311841964722,908,390
2223,1,Fast,0.8704869747161865,979,905
2223,1,Fast,0.8483738899230957,893,817
2223,1,Fast,0.7486772537231445,989,589
2223,1,Fast,0.6839566826820374,907,388
2224,1,Fast,0.8760563135147095,983,918
2224,1,Fast,0.8753774166107178,895,825
2224,1,Fast,0.7283121943473816,907,387
2224,1,Fast,0.7091119885444641,988,584
2225,1,Fast,0.8924944400787354,988,930
2225,1,Fast,0.8611086010932922,897,833
2225,1,Fast,0.7832576036453247,907,385
2225,1,Fast,0.713696300983429,986,580
2225,1,Fast,0.4552353024482727,938,386
2226,1,Fast,0.8801413774490356,993,942
2226,1,Fast,0.8637776970863342,899,841
2226,1,Fast,0.806352436542511,906,382
2226,1,Fast,0.751587986946106,984,576
2226,1,Fast,0.5462824702262878,937,384
2227,1,Fast,0.8710043430328369,902,848
2227,1,Fast,0.8477042317390442,998,955
2227,1,Fast,0.8210899233818054,982,571
2227,1,Fast,0.7862014770507812,906,380
2228,1,Fast,0.8768698573112488,905,855
2228,1,Fast,0.8384819626808167,1004,968
2228,1,Fast,0.8244677186012268,980,568
2228,1,Fast,0.7715081572532654,905,378
2229,1,Fast,0.8794329166412354,908,863
2229,1,Fast,0.8475098013877869,979,564
2229,1,Fast,0.7321019172668457,905,376
2229,1,Fast,0.6007228493690491,1010,981
2230,1,Fast,0.8838156461715698,911,871
2230,1,Fast,0.842110276222229,978,560
2230,1,Fast,0.6564984917640686,905,374
2230,1,Fast,0.5062910318374634,1017,995
2231,1,Fast,0.8850579857826233,914,879
2231,1,Fast,0.8145304322242737,976,557
2231,1,Fast,0.7480210065841675,904,372
2232,1,Fast,0.8869497776031494,917,887
2232,1,Fast,0.7737293243408203,904,371
2232,1,Fast,0.7493167519569397,974,553
2232,1,Fast,0.34057000279426575,897,341
2233,1,Fast,0.8863699436187744,920,896
2233,1,Fast,0.7440412640571594,903,369
2233,1,Fast,0.7075340151786804,973,550
2233,1,Fast,0.6735780239105225,1036,1039
2234,1,Fast,0.8887564539909363,922,905
2234,1,Fast,0.6785683035850525,903,366
2234,1,Fast,0.6430690288543701,971,546
2235,1,Fast,0.8896878957748413,925,914
2235,1,Fast,0.6760929822921753,969,542
2235,1,Fast,0.5676089525222778,903,364
2236,1,Fast,0.8863266706466675,928,924
2236,1,Fast,0.7262657880783081,968,538
2236,1,Fast,0.6526929140090942,902,362
2237,1,Fast,0.8736478090286255,931,933
2237,1,Fast,0.7695788741111755,967,535
2237,1,Fast,0.5138331055641174,902,360
2238,1,Fast,0.852144718170166,935,942
2238,1,Fast,0.7926151156425476,965,532
2238,1,Fast,0.6436461210250854,902,358
2238,1,Fast,0.3638080060482025,934,364
2238,1,Fast,0.3550185263156891,1254,1061
2239,1,Fast,0.8585975766181946,938,951
2239,1,Fast,0.8000569343566895,963,528
2239,1,Fast,0.70374995470047,901,357
2239,1,Fast,0.5746586918830872,933,363
2239,1,Fast,0.4976828098297119,1243,1055
2240,1,Fast,0.8774508237838745,942,961
2240,1,Fast,0.7847194075584412,962,525
2240,1,Fast,0.7217500805854797,901,355
2240,1,Fast,0.6612323522567749,1232,1048
2240,1,Fast,0.3140100836753845,933,361
2241,1,Fast,0.8917177319526672,946,970
2241,1,Fast,0.7916169166564941,961,521
2241,1,Fast,0.7033664584159851,1226,1037
2241,1,Fast,0.6479818224906921,901,353
2242,1,Fast,0.872244119644165,949,980
2242,1,Fast,0.6978623270988464,959,518
2242,1,Fast,0.6625424027442932,1219,1025
2242,1,Fast,0.5581138730049133,901,351
2243,1,Fast,0.8774460554122925,1212,1015
2243,1,Fast,0.8533756136894226,953,990
2243,1,Fast,0.7099846601486206,959,515
2243,1,Fast,0.34915900230407715,901,350
2244,1,Fast,0.8910412192344666,957,1001
2244,1,Fast,0.8771321177482605,1205,1005
2244,1,Fast,0.6745423078536987,957,512
2244,1,Fast,0.6537095904350281,932,355
2244,1,Fast,0.5107195377349854,1186,1066
2244,1,Fast,0.32192739844322205,900,348
2245,1,Fast,0.8920864462852478,960,1012
2245,1,Fast,0.8608661890029907,1200,995
2245,1,Fast,0.6023046970367432,956,509
2245,1,Fast,0.5832749605178833,1178,1059
2245,1,Fast,0.33093029260635376,932,354
2246,1,Fast,0.8370916247367859,1194,984
2246,1,Fast,0.8283470273017883,964,1023
2246,1,Fast,0.7624183893203735,1168,1053
2246,1,Fast,0.6949490308761597,955,506
2247,1,Fast,0.8782961368560791,1188,974
2247,1,Fast,0.8606918454170227,1160,1045
2247,1,Fast,0.7694871425628662,968,1034
2247,1,Fast,0.7168563008308411,954,502
2248,1,Fast,0.8940587639808655,1183,965
2248,1,Fast,0.8816978931427002,1154,1032
2248,1,Fast,0.8094196319580078,973,1045
2248,1,Fast,0.7965973019599915,952,499
2249,1,Fast,0.8906419277191162,1148,1019
2249,1,Fast,0.8794152140617371,1177,956
2249,1,Fast,0.8111243844032288,977,1052
2249,1,Fast,0.7576366066932678,951,495
2249,1,Fast,0.3513481318950653,898,339
2250,1,Fast,0.8856538534164429,1172,946
2250,1,Fast,0.8379412293434143,1141,1007
2250,1,Fast,0.8032813668251038,950,492
2250,1,Fast,0.7810645699501038,984,1057
2250,1,Fast,0.4924966096878052,898,336
2251,1,Fast,0.862078845500946,1135,996
2251,1,Fast,0.8586732149124146,1167,937
2251,1,Fast,0.8246628046035767,949,489
2251,1,Fast,0.662124752998352,989,1063
2251,1,Fast,0.5967879891395569,898,335
2251,1,Fast,0.33639419078826904,1311,1061
2252,1,Fast,0.8779221773147583,1129,985
2252,1,Fast,0.8592462539672852,1162,928
2252,1,Fast,0.8149289488792419,948,486
2252,1,Fast,0.5682876110076904,897,333
2252,1,Fast,0.5317641496658325,995,1069
2253,1,Fast,0.8911694884300232,1124,973
2253,1,Fast,0.8673518300056458,1156,918
2253,1,Fast,0.8030847907066345,947,483
2253,1,Fast,0.36520129442214966,897,331
2254,1,Fast,0.8807134628295898,1118,961
2254,1,Fast,0.8734732270240784,1151,908
2254,1,Fast,0.7604988217353821,947,481
2254,1,Fast,0.35376736521720886,805,456
2255,1,Fast,0.897624135017395,1146,899
2255,1,Fast,0.8882044553756714,1112,950
2255,1,Fast,0.7301914691925049,945,477
2255,1,Fast,0.67305988073349,805,459
2256,1,Fast,0.8926818370819092,1106,940
2256,1,Fast,0.8760190606117249,1140,891
2256,1,Fast,0.6519926190376282,806,462
2256,1,Fast,0.6026486754417419,944,475
2257,1,Fast,0.8931755423545837,1136,883
2257,1,Fast,0.8876636624336243,1101,929
2257,1,Fast,0.6535599231719971,943,472
2257,1,Fast,0.5314948558807373,806,464
2258,1,Fast,0.890602707862854,1096,918
2258,1,Fast,0.8787140846252441,1131,875
2258,1,Fast,0.645142138004303,942,468
2258,1,Fast,0.35750311613082886,896,324
2259,1,Fast,0.8678963780403137,1090,909
2259,1,Fast,0.8495005369186401,1127,867
2259,1,Fast,0.4848560094833374,896,322
2259,1,Fast,0.48215413093566895,941,466
2260,1,Fast,0.8704074025154114,1086,899
2260,1,Fast,0.8368284702301025,1123,860
2260,1,Fast,0.6298397779464722,941,462
2261,1,Fast,0.8779299855232239,1081,890
2261,1,Fast,0.8173386454582214,1119,852
2261,1,Fast,0.565456211566925,896,319
2261,1,Fast,0.5253334641456604,939,460
2261,1,Fast,0.396694540977478,807,475
2262,1,Fast,0.8705863356590271,1076,881
2262,1,Fast,0.8231954574584961,1115,844
2262,1,Fast,0.5340498685836792,939,456
2262,1,Fast,0.4775579869747162,896,317
2262,1,Fast,0.37427419424057007,807,477
2263,1,Fast,0.8846603631973267,1071,871
2263,1,Fast,0.8027992248535156,1111,836
2263,1,Fast,0.7114152312278748,938,454
2263,1,Fast,0.5054831504821777,808,480
2263,1,Fast,0.3822126090526581,896,316
2264,1,Fast,0.8779926896095276,1067,861
2264,1,Fast,0.8044013977050781,1106,828
2264,1,Fast,0.7465311884880066,808,483
2264,1,Fast,0.6046743392944336,937,452
2265,1,Fast,0.8810533881187439,1062,852
2265,1,Fast,0.7893482446670532,1102,819
2265,1,Fast,0.6465857028961182,936,450
2265,1,Fast,0.5740343332290649,808,485
2266,1,Fast,0.8845881819725037,1098,812
2266,1,Fast,0.8764099478721619,1058,843
2266,1,Fast,0.7058650255203247,809,490
2266,1,Fast,0.698280394077301,934,447
2266,1,Fast,0.3265794515609741,1261,1072
2267,1,Fast,0.8483870029449463,1054,833
2267,1,Fast,0.8364182710647583,1094,805
2267,1,Fast,0.6043165922164917,809,492
2267,1,Fast,0.4226663410663605,1252,1065
2268,1,Fast,0.8883229494094849,1050,825
2268,1,Fast,0.863723874092102,1089,798
2268,1,Fast,0.45528444647789,810,495
2268,1,Fast,0.41767874360084534,933,442
2268,1,Fast,0.3843117356300354,1242,1060
2269,1,Fast,0.8440897464752197,1046,817
2269,1,Fast,0.7059655785560608,1086,791
2269,1,Fast,0.4445899724960327,810,498
2269,1,Fast,0.4304811954498291,933,440
2270,1,Fast,0.8637837171554565,1041,809
2270,1,Fast,0.790662944316864,1082,785
2271,1,Fast,0.8655675649642944,1038,801
2271,1,Fast,0.7819156646728516,1079,778
2271,1,Fast,0.48374608159065247,931,435
2271,1,Fast,0.379690557718277,812,505
2272,1,Fast,0.8745030164718628,1034,794
2272,1,Fast,0.6619561910629272,1075,773
2272,1,Fast,0.5919835567474365,931,431
2272,1,Fast,0.361829936504364,1212,1023
2272,1,Fast,0.31921473145484924,812,507
2273,1,Fast,0.8363218307495117,1030,786
2273,1,Fast,0.5976917743682861,1072,766
2273,1,Fast,0.3181125521659851,930,429
2274,1,Fast,0.8106944561004639,1026,778
2274,1,Fast,0.6142123341560364,813,513
2274,1,Fast,0.45057281851768494,1069,760
2274,1,Fast,0.43255889415740967,1199,1002
2274,1,Fast,0.3838282525539398,930,426
2275,1,Fast,0.8325793147087097,1022,770
2275,1,Fast,0.775865912437439,813,517
2275,1,Fast,0.5352504849433899,929,424
2275,1,Fast,0.4253194034099579,1065,753
2275,1,Fast,0.37741899490356445,840,472
2276,1,Fast,0.8463271260261536,1019,762
2276,1,Fast,0.7733745574951172,814,520
2276,1,Fast,0.6998431086540222,1062,746
2276,1,Fast,0.6061708927154541,841,476
2276,1,Fast,0.5711923241615295,928,422
2276,1,Fast,0.42393958568573,1188,982
2277,1,Fast,0.8129178881645203,1016,755
2277,1,Fast,0.7710270881652832,814,523
2277,1,Fast,0.7040770649909973,1183,973
2277,1,Fast,0.6703853607177734,841,479
2277,1,Fast,0.6112790703773499,928,420
2277,1,Fast,0.5999242067337036,1058,739
2278,1,Fast,0.8383662700653076,1012,747
2278,1,Fast,0.7379150390625,815,526
2278,1,Fast,0.7250183820724487,842,482
2278,1,Fast,0.6785860061645508,1177,962
2278,1,Fast,0.6446022987365723,927,417
2278,1,Fast,0.6340079307556152,1056,734
2279,1,Fast,0.8288602828979492,1009,741
2279,1,Fast,0.7679591178894043,816,530
2279,1,Fast,0.7393261194229126,1172,953
2279,1,Fast,0.6303378343582153,1051,728
2279,1,Fast,0.5652171969413757,843,486
2279,1,Fast,0.4843226671218872,926,416
2280,1,Fast,0.863219678401947,1005,735
2280,1,Fast,0.7865578532218933,1048,722
2280,1,Fast,0.7691876292228699,817,534
2280,1,Fast,0.7387530207633972,1167,946
2280,1,Fast,0.540975034236908,843,490
2281,1,Fast,0.8394871354103088,1002,728
2281,1,Fast,0.7181108593940735,1045,716
2281,1,Fast,0.6887485980987549,818,537
2281,1,Fast,0.6391195058822632,844,493
2281,1,Fast,0.6335865259170532,1162,936
2281,1,Fast,0.4444778859615326,926,411
2281,1,Fast,0.43972069025039673,1154,828
2282,1,Fast,0.7879050970077515,999,721
2282,1,Fast,0.6031662225723267,1042,711
2282,1,Fast,0.5700660347938538,818,540
2282,1,Fast,0.5632135272026062,1157,927
2282,1,Fast,0.44895637035369873,845,497
2283,1,Fast,0.8377236723899841,996,714
2283,1,Fast,0.7141717076301575,1039,705
2283,1,Fast,0.5555025935173035,846,501
2283,1,Fast,0.5536268949508667,819,544
2283,1,Fast,0.33923301100730896,1152,919
2284,1,Fast,0.8450504541397095,993,708
2284,1,Fast,0.6805498600006104,1037,700
2284,1,Fast,0.5350512266159058,924,403
2284,1,Fast,0.5130207538604736,847,505
2284,1,Fast,0.37731829285621643,820,549
2285,1,Fast,0.7986042499542236,990,701
2285,1,Fast,0.7126297950744629,1034,694
2285,1,Fast,0.5483043193817139,923,401
2285,1,Fast,0.3821130692958832,821,552
2285,1,Fast,0.376747190952301,848,508
2286,1,Fast,0.7529841661453247,987,695
2286,1,Fast,0.6379555463790894,821,555
2286,1,Fast,0.5456652045249939,1137,893
2286,1,Fast,0.5399196147918701,849,513
2286,1,Fast,0.5344288349151611,922,399
2286,1,Fast,0.42029401659965515,1135,798
2286,1,Fast,0.3854729235172272,1032,688
2286,1,Fast,0.3339746296405792,834,460
2287,1,Fast,0.7356013655662537,984,687
2287,1,Fast,0.7236319184303284,821,558
2287,1,Fast,0.6274105310440063,922,398
2287,1,Fast,0.5100224614143372,850,517
2287,1,Fast,0.41836482286453247,1132,792
2287,1,Fast,0.3052500784397125,1132,884
2288,1,Fast,0.8310440182685852,982,682
2288,1,Fast,0.775017499923706,822,562
2288,1,Fast,0.7143064737319946,852,521
2288,1,Fast,0.7135797739028931,922,396
2288,1,Fast,0.5995854139328003,811,482
2288,1,Fast,0.5051944851875305,1027,677
2288,1,Fast,0.45113760232925415,835,468
2289,1,Fast,0.8486743569374084,979,676
2289,1,Fast,0.7536423802375793,823,566
2289,1,Fast,0.6874726414680481,812,485
2289,1,Fast,0.655903160572052,836,471
2289,1,Fast,0.6392220258712769,853,525
2289,1,Fast,0.558964192867279,1024,671
2289,1,Fast,0.5208704471588135,922,395
2289,1,Fast,0.36276811361312866,1124,868
2290,1,Fast,0.7795117497444153,976,671
2290,1,Fast,0.7557179927825928,812,488
2290,1,Fast,0.7519897818565369,1021,668
2290,1,Fast,0.7425559163093567,824,570
2290,1,Fast,0.6905121803283691,836,475
2290,1,Fast,0.630497395992279,854,529
2290,1,Fast,0.497098445892334,922,392
2290,1,Fast,0.41043394804000854,1119,861
2291,1,Fast,0.7714623808860779,1018,662
2291,1,Fast,0.7692837715148926,825,574
2291,1,Fast,0.7417746782302856,811,492
2291,1,Fast,0.6818615198135376,855,533
2291,1,Fast,0.6791481375694275,973,664
2291,1,Fast,0.663573145866394,837,478
2291,1,Fast,0.46348050236701965,1119,767
2291,1,Fast,0.40950003266334534,921,390
2291,1,Fast,0.4003908634185791,1115,853
2292,1,Fast,0.7953990697860718,826,579
2292,1,Fast,0.7667114734649658,1015,657
2292,1,Fast,0.73331218957901,838,481
2292,1,Fast,0.6645462512969971,812,493
2292,1,Fast,0.6194487810134888,971,658
2292,1,Fast,0.6193667650222778,856,538
2293,1,Fast,0.823336124420166,1012,653
2293,1,Fast,0.7927009463310242,827,583
2293,1,Fast,0.7371683120727539,857,542
2293,1,Fast,0.6484150290489197,968,653
2293,1,Fast,0.498341828584671,812,497
2293,1,Fast,0.46356284618377686,839,484
2294,1,Fast,0.826541543006897,966,647
2294,1,Fast,0.7967981696128845,828,587
2294,1,Fast,0.7877467274665833,1010,647
2294,1,Fast,0.6062676906585693,858,546
2294,1,Fast,0.400067538022995,840,488
2295,1,Fast,0.8301548957824707,965,641
2295,1,Fast,0.8116346001625061,1008,642
2295,1,Fast,0.7258288860321045,829,590
2295,1,Fast,0.7083331346511841,859,550
2295,1,Fast,0.6679900288581848,841,492
2296,1,Fast,0.7461510896682739,1007,637
2296,1,Fast,0.6904519200325012,962,636
2296,1,Fast,0.6125763058662415,860,555
2296,1,Fast,0.5347527265548706,830,595
2296,1,Fast,0.5256142020225525,841,495
2297,1,Fast,0.769075870513916,862,560
2297,1,Fast,0.7432309985160828,959,629
2297,1,Fast,0.6606061458587646,1004,632
2297,1,Fast,0.5121185779571533,830,599
2298,1,Fast,0.8214699625968933,863,565
2298,1,Fast,0.8052427172660828,957,624
2298,1,Fast,0.7190442681312561,1096,730
2298,1,Fast,0.6761450171470642,1002,627
2298,1,Fast,0.6474117040634155,832,604
2299,1,Fast,0.8247425556182861,955,619
2299,1,Fast,0.8058586120605469,864,570
2299,1,Fast,0.6861938834190369,843,508
2299,1,Fast,0.5728997588157654,833,608
2299,1,Fast,0.5398402214050293,1000,622
2299,1,Fast,0.35495978593826294,919,374
2300,1,Fast,0.8249601125717163,953,614
2300,1,Fast,0.8237279057502747,865,575
2300,1,Fast,0.7835453152656555,843,511
2300,1,Fast,0.7437937259674072,833,612
2300,1,Fast,0.719866931438446,998,617
2300,1,Fast,0.6320939064025879,816,521
2300,1,Fast,0.45277053117752075,919,373
2301,1,Fast,0.850224494934082,866,579
2301,1,Fast,0.8463471531867981,951,609
2301,1,Fast,0.8009335398674011,995,612
2301,1,Fast,0.7781877517700195,844,516
2301,1,Fast,0.7707698941230774,833,617
2301,1,Fast,0.5143216848373413,918,370
2301,1,Fast,0.4949549734592438,1088,714
2301,1,Fast,0.4893042743206024,817,523
2302,1,Fast,0.8491963744163513,868,585
2302,1,Fast,0.8454924821853638,949,604
2302,1,Fast,0.831879734992981,993,608
2302,1,Fast,0.8229548931121826,846,519
2302,1,Fast,0.8126739859580994,834,622
2302,1,Fast,0.562107503414154,918,368
2302,1,Fast,0.4886951744556427,818,528
2303,1,Fast,0.8394081592559814,947,599
2303,1,Fast,0.8336604237556458,869,591
2303,1,Fast,0.8180397152900696,991,605
2303,1,Fast,0.8060860633850098,836,627
2303,1,Fast,0.7879520654678345,847,524
2303,1,Fast,0.5590810775756836,1082,704
2304,1,Fast,0.8491073846817017,871,595
2304,1,Fast,0.843215823173523,945,594
2304,1,Fast,0.8186544179916382,837,632
2304,1,Fast,0.7464762926101685,988,600
2304,1,Fast,0.7400279641151428,849,527
2305,1,Fast,0.8195534348487854,873,600
2305,1,Fast,0.8187897205352783,944,589
2305,1,Fast,0.8160018920898438,987,597
2305,1,Fast,0.8056910037994385,838,635
2305,1,Fast,0.7215129137039185,849,532
2306,1,Fast,0.8236264586448669,985,592
2306,1,Fast,0.8121673464775085,839,640
2306,1,Fast,0.7891943454742432,874,605
2306,1,Fast,0.7143529653549194,941,585
2306,1,Fast,0.7067251801490784,850,536
2307,1,Fast,0.8456807732582092,876,611
2307,1,Fast,0.8195773959159851,841,645
2307,1,Fast,0.8080586791038513,983,588
2307,1,Fast,0.6522528529167175,940,580
2307,1,Fast,0.31982433795928955,851,540
2308,1,Fast,0.8176255226135254,877,616
2308,1,Fast,0.8013498783111572,841,649
2308,1,Fast,0.7827824950218201,981,584
2308,1,Fast,0.6471656560897827,851,545
2308,1,Fast,0.5618782043457031,938,575
2309,1,Fast,0.7955140471458435,879,621
2309,1,Fast,0.780424952507019,842,653
2309,1,Fast,0.762754499912262,979,580
2309,1,Fast,0.6127098202705383,852,549
2309,1,Fast,0.5157368779182434,936,571
2310,1,Fast,0.8307915925979614,880,625
2310,1,Fast,0.8206063508987427,844,658
2310,1,Fast,0.7039544582366943,853,553
2310,1,Fast,0.5687777400016785,978,576
2310,1,Fast,0.5232086181640625,915,353
2310,1,Fast,0.3569175601005554,935,566
2311,1,Fast,0.8418787717819214,882,631
2311,1,Fast,0.8351789116859436,845,663
2311,1,Fast,0.6491304039955139,854,558
2311,1,Fast,0.5524135231971741,915,352
2311,1,Fast,0.5300704836845398,933,562
2312,1,Fast,0.8545876741409302,884,637
2312,1,Fast,0.8226282596588135,846,667
2312,1,Fast,0.5733525156974792,974,567
2312,1,Fast,0.526573121547699,856,563
2312,1,Fast,0.47305598855018616,932,558
2313,1,Fast,0.8622877597808838,886,642
2313,1,Fast,0.8465734124183655,848,673
2313,1,Fast,0.7267029881477356,930,553
2313,1,Fast,0.5433510541915894,858,568
2313,1,Fast,0.5133234858512878,972,563
2314,1,Fast,0.8416587114334106,888,649
2314,1,Fast,0.840358555316925,849,678
2314,1,Fast,0.7044239044189453,859,571
2314,1,Fast,0.6877778768539429,929,549
2314,1,Fast,0.5323622226715088,970,560
2314,1,Fast,0.3205249309539795,827,570
2315,1,Fast,0.8526938557624817,891,655
2315,1,Fast,0.8334252238273621,851,684
2315,1,Fast,0.7115890979766846,927,545
2315,1,Fast,0.6249107122421265,968,555
2316,1,Fast,0.8487811088562012,892,662
2316,1,Fast,0.833446741104126,852,689
2316,1,Fast,0.6804225444793701,967,552
2316,1,Fast,0.5427606105804443,926,540
2316,1,Fast,0.35947537422180176,1320,1016
2317,1,Fast,0.8387261033058167,894,668
2317,1,Fast,0.8285054564476013,854,695
2317,1,Fast,0.679455041885376,965,549
2317,1,Fast,0.6200980544090271,925,537
2318,1,Fast,0.8531528115272522,896,674
2318,1,Fast,0.8419051170349121,855,700
2318,1,Fast,0.7630888223648071,964,545
2318,1,Fast,0.6604006290435791,924,532
2318,1,Fast,0.5246611833572388,1311,1008
2319,1,Fast,0.8256644010543823,898,681
2319,1,Fast,0.8245920538902283,856,707
2319,1,Fast,0.7353837490081787,963,542
2319,1,Fast,0.7132092714309692,922,529
2319,1,Fast,0.6549625992774963,865,596
2320,1,Fast,0.8048164248466492,900,687
2320,1,Fast,0.792091965675354,867,601
2320,1,Fast,0.784127950668335,962,538
2320,1,Fast,0.7809982299804688,858,712
2320,1,Fast,0.6955614686012268,920,525
2320,1,Fast,0.3493708074092865,1305,1001
2321,1,Fast,0.8522051572799683,903,694
2321,1,Fast,0.779358446598053,960,534
2321,1,Fast,0.6899298429489136,859,719
2321,1,Fast,0.6574321389198303,1303,996
2321,1,Fast,0.5226711630821228,919,521
2321,1,Fast,0.33800435066223145,869,606
2322,1,Fast,0.8050805926322937,905,699
2322,1,Fast,0.7620344758033752,959,529
2322,1,Fast,0.7389348149299622,861,724
2322,1,Fast,0.7355064153671265,1298,992
2322,1,Fast,0.6905533671379089,871,612
2322,1,Fast,0.6517195105552673,918,517
2322,1,Fast,0.3797000050544739,1212,1062
2323,1,Fast,0.8032596707344055,907,707
2323,1,Fast,0.7649799585342407,1294,988
2323,1,Fast,0.7601458430290222,957,526
2323,1,Fast,0.7428774237632751,863,730
2323,1,Fast,0.587162435054779,873,618
2323,1,Fast,0.47623753547668457,917,513
2323,1,Fast,0.47261860966682434,1203,1055
2324,1,Fast,0.8127402067184448,910,714
2324,1,Fast,0.7986739277839661,956,522
2324,1,Fast,0.7225337624549866,874,623
2324,1,Fast,0.7203219532966614,1190,1049
2324,1,Fast,0.6742444634437561,916,509
2324,1,Fast,0.6675867438316345,865,737
2324,1,Fast,0.4298214316368103,1289,987
2325,1,Fast,0.8157496452331543,876,628
2325,1,Fast,0.810527503490448,1183,1039
2325,1,Fast,0.8094378113746643,913,722
2325,1,Fast,0.7727426290512085,954,520
2325,1,Fast,0.7540766596794128,866,743
2325,1,Fast,0.7272258400917053,1285,982
2325,1,Fast,0.6529287695884705,915,505
2326,1,Fast,0.8807361721992493,1176,1027
2326,1,Fast,0.8154897689819336,868,749
2326,1,Fast,0.764595627784729,915,729
2326,1,Fast,0.7378250360488892,952,517
2326,1,Fast,0.7259637117385864,877,634
2326,1,Fast,0.6965484619140625,1279,980
2326,1,Fast,0.6694686412811279,913,502
2326,1,Fast,0.39842110872268677,839,623
2327,1,Fast,0.8827968239784241,1169,1015
2327,1,Fast,0.8564645051956177,1267,972
2327,1,Fast,0.8400844931602478,917,736
2327,1,Fast,0.806574821472168,870,755
2327,1,Fast,0.760844349861145,951,513
2327,1,Fast,0.7465848922729492,840,627
2327,1,Fast,0.629336416721344,913,497
2328,1,Fast,0.8915312886238098,1162,1003
2328,1,Fast,0.8311895728111267,919,744
2328,1,Fast,0.7962616682052612,949,510
2328,1,Fast,0.7921894192695618,872,761
2328,1,Fast,0.6949232816696167,1262,963
2328,1,Fast,0.6932251453399658,911,494
2328,1,Fast,0.426744282245636,842,633
2329,1,Fast,0.8748999238014221,1156,992
2329,1,Fast,0.8280946612358093,922,751
2329,1,Fast,0.8020630478858948,948,507
2329,1,Fast,0.7929328680038452,874,768
2329,1,Fast,0.5997012853622437,1256,954
2329,1,Fast,0.4217173755168915,910,491
2329,1,Fast,0.30131855607032776,843,637
2330,1,Fast,0.8831667304039001,1150,982
2330,1,Fast,0.8308269381523132,925,758
2330,1,Fast,0.8273017406463623,947,504
2330,1,Fast,0.8018041253089905,876,774
2330,1,Fast,0.6598286628723145,1252,947
2330,1,Fast,0.5257320404052734,909,487
2330,1,Fast,0.4379786550998688,844,643
2331,1,Fast,0.886460542678833,1143,971
2331,1,Fast,0.822584867477417,1245,938
2331,1,Fast,0.8198472857475281,946,500
2331,1,Fast,0.8080905675888062,928,765
2331,1,Fast,0.7467952966690063,878,780
2331,1,Fast,0.604977011680603,908,484
2332,1,Fast,0.8796855211257935,1138,960
2332,1,Fast,0.8319514989852905,931,773
2332,1,Fast,0.7993369698524475,1241,932
2332,1,Fast,0.772718608379364,946,497
2332,1,Fast,0.6546511650085449,879,787
2332,1,Fast,0.37628665566444397,906,480
2333,1,Fast,0.8664308190345764,1132,949
2333,1,Fast,0.8363729119300842,1236,923
2333,1,Fast,0.808191180229187,935,781
2333,1,Fast,0.6862295866012573,944,493
2333,1,Fast,0.6747404932975769,890,677
2333,1,Fast,0.5096094608306885,905,478
2333,1,Fast,0.3173828721046448,881,794
2334,1,Fast,0.8407265543937683,1229,916
2334,1,Fast,0.8302016258239746,1126,939
2334,1,Fast,0.7659980654716492,937,789
2334,1,Fast,0.7457286715507507,943,489
2334,1,Fast,0.6526904702186584,883,800
2334,1,Fast,0.5953200459480286,892,684
2334,1,Fast,0.5405295491218567,904,474
2335,1,Fast,0.8886028528213501,1224,908
2335,1,Fast,0.8798428177833557,1121,929
2335,1,Fast,0.8193170428276062,942,487
2335,1,Fast,0.8103983402252197,940,798
2335,1,Fast,0.7939086556434631,886,806
2335,1,Fast,0.7855544686317444,904,470
2335,1,Fast,0.6224530339241028,895,691
2335,1,Fast,0.33907949924468994,819,554
2336,1,Fast,0.8888719081878662,1115,918
2336,1,Fast,0.8556172251701355,887,813
2336,1,Fast,0.8345538973808289,944,806
2336,1,Fast,0.7906671762466431,941,483
2336,1,Fast,0.7726348638534546,1219,900
2336,1,Fast,0.7671840190887451,903,466
2336,1,Fast,0.4784681499004364,897,697
2336,1,Fast,0.3997308611869812,820,558
2337,1,Fast,0.9019970893859863,1109,910
2337,1,Fast,0.8501666784286499,947,815
2337,1,Fast,0.839322566986084,1215,894
2337,1,Fast,0.8259774446487427,890,820
2337,1,Fast,0.772348940372467,902,463
2337,1,Fast,0.7202302813529968,939,481
2337,1,Fast,0.5483905673027039,853,677
2337,1,Fast,0.5339428782463074,821,561
2338,1,Fast,0.8863756656646729,1209,885
2338,1,Fast,0.8847623467445374,1104,900
2338,1,Fast,0.853812575340271,892,827
2338,1,Fast,0.8323492407798767,950,824
2338,1,Fast,0.8239660263061523,901,460
2338,1,Fast,0.7006744742393494,902,710
2338,1,Fast,0.6635425090789795,856,683
2338,1,Fast,0.6558037400245667,937,479
2338,1,Fast,0.5915101170539856,823,565
2339,1,Fast,0.887478768825531,1099,890
2339,1,Fast,0.8623533844947815,1204,880
2339,1,Fast,0.8586239218711853,954,833
2339,1,Fast,0.8555763959884644,895,835
2339,1,Fast,0.7536442875862122,900,457
2339,1,Fast,0.6662291884422302,937,475
2339,1,Fast,0.6510649919509888,858,688
2339,1,Fast,0.3483002483844757,823,569
2340,1,Fast,0.8949527740478516,1094,881
2340,1,Fast,0.8877634406089783,1196,870
2340,1,Fast,0.8552054166793823,897,842
2340,1,Fast,0.8520179986953735,958,842
2340,1,Fast,0.8228719830513,859,693
2340,1,Fast,0.8153140544891357,936,473
2340,1,Fast,0.7327961921691895,900,454
2340,1,Fast,0.6702433228492737,825,573
2341,1,Fast,0.8901500105857849,1089,872
2341,1,Fast,0.8531246185302734,900,850
2341,1,Fast,0.8526727557182312,961,851
2341,1,Fast,0.7752150297164917,935,469
2341,1,Fast,0.7240052223205566,898,451
2341,1,Fast,0.6168416142463684,1191,864
2341,1,Fast,0.5617680549621582,861,700
2341,1,Fast,0.4635443389415741,826,577
2342,1,Fast,0.8656702637672424,1085,863
2342,1,Fast,0.8384706377983093,965,860
2342,1,Fast,0.815125584602356,902,857
2342,1,Fast,0.7760756611824036,1185,856
2342,1,Fast,0.7648690938949585,934,466
2342,1,Fast,0.7613579630851746,898,448
2342,1,Fast,0.5263789296150208,827,581
2342,1,Fast,0.32705196738243103,862,706
2343,1,Fast,0.8273563981056213,1080,855
2343,1,Fast,0.8221119046211243,969,870
2343,1,Fast,0.7994754910469055,905,865
2343,1,Fast,0.7620362043380737,934,463
2343,1,Fast,0.7416014671325684,897,446
2343,1,Fast,0.6613481044769287,1181,850
2343,2,Slow,0.36867648363113403,967,567
2343,1,Fast,0.3312406539916992,863,711
2343,1,Fast,0.3032177686691284,913,745
2344,1,Fast,0.8524476885795593,973,880
2344,1,Fast,0.8372073173522949,1075,845
2344,1,Fast,0.8363834619522095,908,873
2344,1,Fast,0.7846033573150635,933,460
2344,1,Fast,0.7724217176437378,896,442
2344,1,Fast,0.7502628564834595,1176,843
2344,1,Fast,0.5460136532783508,917,753
2344,1,Fast,0.37468546628952026,828,591
2344,2,Slow,0.34560075402259827,965,563
2345,1,Fast,0.8624951243400574,1070,837
2345,1,Fast,0.8222830891609192,978,891
2345,1,Fast,0.7950617074966431,932,457
2345,1,Fast,0.7604102492332458,895,438
2345,1,Fast,0.752697229385376,1172,835
2345,1,Fast,0.709990918636322,911,882
2345,1,Fast,0.6805363893508911,920,761
2345,2,Slow,0.36486726999282837,963,559
2346,1,Fast,0.8191295266151428,982,901
2346,1,Fast,0.7965352535247803,1066,828
2346,1,Fast,0.7778896689414978,931,454
2346,1,Fast,0.747259795665741,913,889
2346,1,Fast,0.7265051603317261,895,436
2346,1,Fast,0.696506917476654,922,768
2346,1,Fast,0.6861560940742493,1168,829
2347,1,Fast,0.8557270765304565,1061,820
2347,1,Fast,0.8172179460525513,985,913
2347,1,Fast,0.7411975860595703,930,453
2347,1,Fast,0.6959123611450195,916,897
2347,1,Fast,0.6943455338478088,894,433
2347,1,Fast,0.6476306319236755,925,777
2347,1,Fast,0.5989781022071838,1163,823
2348,1,Fast,0.8539227247238159,1057,812
2348,1,Fast,0.8408951759338379,1158,816
2348,1,Fast,0.7936615347862244,990,924
2348,1,Fast,0.7836012244224548,919,906
2348,1,Fast,0.776502788066864,927,786
2348,1,Fast,0.7393355369567871,893,431
2348,1,Fast,0.6539884805679321,929,451
2349,1,Fast,0.8241847157478333,1154,810
2349,1,Fast,0.8239349126815796,994,935
2349,1,Fast,0.8161121606826782,921,915
2349,1,Fast,0.8098616003990173,1053,803
2349,1,Fast,0.7986481189727783,892,428
2349,1,Fast,0.7304720282554626,928,447
2349,1,Fast,0.7134127616882324,931,794
2350,1,Fast,0.8611833453178406,925,925
2350,1,Fast,0.8596699833869934,1049,796
2350,1,Fast,0.8448875546455383,999,947
2350,1,Fast,0.8262665271759033,892,425
2350,1,Fast,0.7334061861038208,928,444
2350,1,Fast,0.7092418074607849,934,801
2350,1,Fast,0.6624383330345154,1151,803
2350,1,Fast,0.3201226592063904,877,755
2350,1,Fast,0.31046414375305176,834,617
2351,1,Fast,0.8750147223472595,1003,957
2351,1,Fast,0.833538830280304,928,933
2351,1,Fast,0.7942328453063965,891,422
2351,1,Fast,0.7627126574516296,1045,789
2351,1,Fast,0.7610982060432434,927,441
2351,1,Fast,0.7201480865478516,835,622
2351,1,Fast,0.6662953495979309,937,809
2351,1,Fast,0.6565288305282593,1146,796
2352,1,Fast,0.8494724035263062,931,943
2352,1,Fast,0.8087684512138367,836,626
2352,1,Fast,0.80846107006073,1008,969
2352,1,Fast,0.7580074667930603,941,817
2352,1,Fast,0.726538360118866,926,439
2352,1,Fast,0.7257063388824463,891,420
2352,1,Fast,0.7025921940803528,1041,781
2352,1,Fast,0.6861096620559692,1142,790
2352,1,Fast,0.5327780246734619,880,767
2353,1,Fast,0.8491979837417603,838,630
2353,1,Fast,0.8290155529975891,934,951
2353,1,Fast,0.8182653188705444,944,827
2353,1,Fast,0.8056581616401672,1013,981
2353,1,Fast,0.7764004468917847,890,417
2353,1,Fast,0.754420280456543,882,773
2353,1,Fast,0.7066670656204224,926,436
2353,1,Fast,0.6055237054824829,1038,774
2354,1,Fast,0.8464635014533997,839,635
2354,1,Fast,0.8293703198432922,884,779
2354,1,Fast,0.8108449578285217,948,836
2354,1,Fast,0.8060536980628967,937,961
2354,1,Fast,0.787640392780304,889,415
2354,1,Fast,0.7664817571640015,1034,767
2354,1,Fast,0.7637521028518677,1019,993
2354,1,Fast,0.7207271456718445,925,433
2354,2,Slow,0.4676836133003235,947,411
2354,1,Fast,0.30327075719833374,1132,777
2355,1,Fast,0.8472636342048645,941,971
2355,1,Fast,0.8416005373001099,840,639
2355,1,Fast,0.8183274269104004,889,412
2355,1,Fast,0.7927711606025696,951,845
2355,1,Fast,0.7614800930023193,1024,1007
2355,1,Fast,0.7509656548500061,924,431
2355,1,Fast,0.6753314733505249,1030,759
2355,1,Fast,0.45508602261543274,886,787
2355,2,Slow,0.34796279668807983,947,409
2356,1,Fast,0.8647904396057129,841,644
2356,1,Fast,0.8635560870170593,944,980
2356,1,Fast,0.8130068778991699,888,409
2356,1,Fast,0.7991945147514343,1030,1020
2356,1,Fast,0.7955628633499146,955,855
2356,1,Fast,0.7885405421257019,923,428
2356,1,Fast,0.7077611088752747,1026,752
2356,1,Fast,0.5806432962417603,888,793
2357,1,Fast,0.8171201944351196,843,649
2357,1,Fast,0.7955532670021057,1036,1032
2357,1,Fast,0.7876974940299988,923,425
2357,1,Fast,0.7595575451850891,1023,745
2357,1,Fast,0.7511151432991028,947,990
2357,1,Fast,0.7510985136032104,888,406
2357,1,Fast,0.6756149530410767,959,865
2358,1,Fast,0.8398129940032959,963,874
2358,1,Fast,0.8283163905143738,1020,739
2358,1,Fast,0.7792611718177795,844,654
2358,1,Fast,0.7759621143341064,922,423
2358,1,Fast,0.76096111536026,952,1000
2358,1,Fast,0.7510320544242859,1041,1044
2358,1,Fast,0.697593629360199,888,404
2359,1,Fast,0.7888860702514648,846,659
2359,1,Fast,0.7399630546569824,1016,732
2359,1,Fast,0.7338465452194214,921,421
2359,1,Fast,0.7294625639915466,887,401
2359,1,Fast,0.6263607740402222,966,885
2359,1,Fast,0.518011212348938,1049,1051
2359,1,Fast,0.4676622748374939,955,1010
2359,2,Slow,0.46008265018463135,944,400
2359,1,Fast,0.44154080748558044,944,511
2360,1,Fast,0.8161499500274658,847,664
2360,1,Fast,0.7688376307487488,886,399
2360,1,Fast,0.6777873635292053,1013,726
2360,1,Fast,0.5705949068069458,920,419
2360,1,Fast,0.5405324697494507,959,1021
2360,2,Slow,0.4931865334510803,944,398
2360,1,Fast,0.485320508480072,971,895
2361,1,Fast,0.743245005607605,849,668
2361,1,Fast,0.7117792963981628,919,416
2361,1,Fast,0.7055516839027405,1011,718
2361,1,Fast,0.7021480798721313,886,396
2361,1,Fast,0.6380738615989685,976,905
2361,1,Fast,0.5798658132553101,899,829
2362,1,Fast,0.8448358774185181,850,674
2362,1,Fast,0.8260113000869751,980,916
2362,1,Fast,0.7503954172134399,919,414
2362,1,Fast,0.7215110063552856,1007,712
2362,1,Fast,0.6350084543228149,902,837
2362,1,Fast,0.37491318583488464,885,394
2363,1,Fast,0.8427450060844421,1004,706
2363,1,Fast,0.8374982476234436,851,679
2363,1,Fast,0.8098581433296204,984,927
2363,1,Fast,0.7484754920005798,918,411
2363,1,Fast,0.6062965989112854,885,392
2363,1,Fast,0.4818340837955475,1103,726
2363,1,Fast,0.4120199382305145,972,1050
2364,1,Fast,0.8557896018028259,990,938
2364,1,Fast,0.850209653377533,853,684
2364,1,Fast,0.7400515079498291,918,409
2364,1,Fast,0.6410489678382874,1001,699
2364,1,Fast,0.4914942681789398,906,852
2364,1,Fast,0.3917676508426666,885,390
2365,1,Fast,0.8593271970748901,855,690
2365,1,Fast,0.7929577231407166,909,860
2365,1,Fast,0.7433860301971436,993,950
2365,1,Fast,0.6849694848060608,917,407
2365,1,Fast,0.6459707021713257,1183,1060
2365,1,Fast,0.610169529914856,998,693
2365,1,Fast,0.3391473591327667,883,387
2366,1,Fast,0.8414863348007202,857,696
2366,1,Fast,0.8276790976524353,999,961
2366,1,Fast,0.7875389456748962,1174,1054
2366,1,Fast,0.7775452733039856,912,867
2366,1,Fast,0.6758667230606079,917,405
2366,1,Fast,0.5738272070884705,996,687
2366,1,Fast,0.5085338354110718,883,384
2367,1,Fast,0.8543512225151062,858,701
2367,1,Fast,0.8338239192962646,1165,1047
2367,1,Fast,0.8256545662879944,914,875
2367,1,Fast,0.818520724773407,1005,973
2367,1,Fast,0.6637123823165894,883,383
2367,1,Fast,0.6384369134902954,992,681
2367,1,Fast,0.6250349879264832,916,403
2368,1,Fast,0.8586418628692627,860,707
2368,1,Fast,0.8249476552009583,989,675
2368,1,Fast,0.7737290859222412,1159,1034
2368,1,Fast,0.6680881381034851,916,399
2368,1,Fast,0.6093271374702454,883,381
2368,1,Fast,0.5856121182441711,1009,985
2368,2,Slow,0.5115431547164917,940,385
2369,1,Fast,0.8261103630065918,986,670
2369,1,Fast,0.8198299407958984,1152,1022
2369,1,Fast,0.6795961856842041,862,713
2369,1,Fast,0.622806191444397,915,397
2369,1,Fast,0.5653876066207886,883,378
2369,2,Slow,0.5643184185028076,940,383
2369,1,Fast,0.3377622067928314,1013,997
2370,1,Fast,0.8337990641593933,1145,1010
2370,1,Fast,0.8162818551063538,864,720
2370,1,Fast,0.7038375735282898,984,665
2370,1,Fast,0.5595730543136597,883,376
2370,2,Slow,0.5567563772201538,940,382
2370,1,Fast,0.5058491230010986,914,395
2370,1,Fast,0.3717596232891083,1020,1009
2371,1,Fast,0.850249707698822,1140,1000
2371,1,Fast,0.7848531603813171,866,725
2371,1,Fast,0.7168411612510681,982,658
2371,1,Fast,0.592771589756012,913,394
2371,2,Slow,0.5648955702781677,939,380
2371,1,Fast,0.4324715733528137,882,373
2372,1,Fast,0.856417715549469,979,653
2372,1,Fast,0.8280903100967407,868,731
2372,1,Fast,0.7874836921691895,1134,989
2372,1,Fast,0.6383182406425476,913,392
2372,2,Slow,0.541493833065033,939,378
2372,1,Fast,0.48197051882743835,882,372
2373,1,Fast,0.8680350184440613,976,647
2373,1,Fast,0.8435947299003601,869,737
2373,1,Fast,0.7444259524345398,1129,978
2373,1,Fast,0.6252924203872681,932,928
2373,2,Slow,0.504423975944519,938,376
2373,1,Fast,0.48854097723960876,882,369
2373,1,Fast,0.43419840931892395,912,391
2374,1,Fast,0.8521189093589783,871,743
2374,1,Fast,0.8428273797035217,1123,967
2374,1,Fast,0.7713238596916199,935,935
2374,1,Fast,0.7581580877304077,974,641
2374,1,Fast,0.4825015068054199,911,388
2374,2,Slow,0.3725288212299347,938,375
2374,1,Fast,0.31769371032714844,882,367
2375,1,Fast,0.8710024356842041,873,750
2375,1,Fast,0.8170371055603027,1117,956
2375,1,Fast,0.7102121710777283,972,636
2375,1,Fast,0.6998064517974854,939,945
2375,1,Fast,0.6900471448898315,911,386
2375,1,Fast,0.5380825996398926,881,365
2375,2,Slow,0.3899289667606354,937,373
2376,1,Fast,0.8749010562896729,875,756
2376,1,Fast,0.8524736166000366,1112,946
2376,1,Fast,0.8279585838317871,941,954
2376,1,Fast,0.6783292293548584,881,362
2376,1,Fast,0.658755898475647,911,383
2376,1,Fast,0.4487980306148529,969,629
2377,1,Fast,0.8740297555923462,877,763
2377,1,Fast,0.8678627610206604,1106,936
2377,1,Fast,0.8221721053123474,945,963
2377,1,Fast,0.73949134349823,967,624
2377,1,Fast,0.6988977193832397,910,382
2377,1,Fast,0.6663898825645447,880,360
2377,2,Slow,0.3814193606376648,936,371
2377,2,Slow,0.30686986446380615,924,456
2378,1,Fast,0.8751488327980042,879,769
2378,1,Fast,0.8377305269241333,1101,926
2378,1,Fast,0.8371829390525818,965,619
2378,1,Fast,0.7332783937454224,949,973
2378,1,Fast,0.6821810007095337,910,379
2378,1,Fast,0.5394187569618225,881,358
2379,1,Fast,0.8495965003967285,880,775
2379,1,Fast,0.8367000222206116,1097,916
2379,1,Fast,0.7953959107398987,963,614
2379,1,Fast,0.5568190217018127,910,377
2379,1,Fast,0.3389098346233368,952,983
2379,1,Fast,0.32951340079307556,880,356
2380,1,Fast,0.8434973359107971,1092,907
2380,1,Fast,0.8427044749259949,883,783
2380,1,Fast,0.5962828397750854,960,610
2380,1,Fast,0.4076177477836609,910,374
2381,1,Fast,0.7894224524497986,1087,898
2381,1,Fast,0.7223595380783081,886,789
2381,1,Fast,0.4856775999069214,958,606
2381,1,Fast,0.41619428992271423,908,373
2382,1,Fast,0.8027194738388062,888,795
2382,1,Fast,0.7669447660446167,1082,889
2382,1,Fast,0.5367208123207092,956,600
2382,1,Fast,0.3571583926677704,907,371
2383,1,Fast,0.849465012550354,890,802
2383,1,Fast,0.8094699382781982,1077,879
2383,1,Fast,0.7069103717803955,954,595
2383,1,Fast,0.493854820728302,907,369
2384,1,Fast,0.8528417944908142,892,809
2384,1,Fast,0.8349478840827942,1072,871
2384,1,Fast,0.7295060157775879,952,591
2384,1,Fast,0.5351465940475464,906,367
2384,1,Fast,0.44387298822402954,879,346
2385,1,Fast,0.8684073090553284,894,816
2385,1,Fast,0.7985328435897827,1068,862
2385,1,Fast,0.7635619640350342,950,586
2385,1,Fast,0.5885714292526245,906,366
2385,2,Slow,0.548935055732727,917,435
2385,0,VRU,0.48055580258369446,1042,622
2386,1,Fast,0.8751173615455627,896,823
2386,1,Fast,0.8639066815376282,1064,854
2386,1,Fast,0.6480157375335693,948,582
2386,1,Fast,0.638098955154419,906,363
2386,0,VRU,0.5323774218559265,1040,619
2387,1,Fast,0.8782639503479004,899,831
2387,1,Fast,0.8397670984268188,1059,845
2387,1,Fast,0.5040277242660522,905,362
2387,1,Fast,0.4299252927303314,946,576
2387,1,Fast,0.39243459701538086,879,340
2387,0,VRU,0.36758238077163696,1038,615
2388,1,Fast,0.8746907711029053,901,838
2388,1,Fast,0.7976383566856384,1055,837
2388,1,Fast,0.5990971922874451,945,572
2388,1,Fast,0.4868895411491394,879,338
2389,1,Fast,0.8801869750022888,904,846
2389,1,Fast,0.8115096688270569,1051,829
2389,1,Fast,0.5397329330444336,943,568
2389,1,Fast,0.39279621839523315,905,358
2390,1,Fast,0.8765340447425842,906,853
2390,1,Fast,0.8315298557281494,1048,820
2390,1,Fast,0.6142170429229736,941,563
2390,1,Fast,0.4672396779060364,905,356
2391,1,Fast,0.8865781426429749,909,861
2391,1,Fast,0.8077099323272705,1043,813
2391,1,Fast,0.5920476317405701,939,560
2391,1,Fast,0.3098897337913513,904,354
2392,1,Fast,0.8838192820549011,913,869
2392,1,Fast,0.8155943155288696,1040,805
2392,1,Fast,0.3830792307853699,1258,998
2393,1,Fast,0.8961288928985596,915,877
2393,1,Fast,0.8611368536949158,1036,798
2393,1,Fast,0.3491751551628113,904,351
2393,1,Fast,0.34382352232933044,936,552
2394,1,Fast,0.8844742178916931,919,885
2394,1,Fast,0.8678483366966248,1032,790
2395,1,Fast,0.8922522664070129,922,894
2395,1,Fast,0.8728583455085754,1029,783
2395,1,Fast,0.39869678020477295,932,543
2395,1,Fast,0.3685237765312195,1240,972
2395,1,Fast,0.35987982153892517,903,348
2395,2,Slow,0.3584543764591217,910,411
2396,1,Fast,0.8941511511802673,924,903
2396,1,Fast,0.8232828974723816,1026,776
2396,2,Slow,0.47829797863960266,909,409
2396,1,Fast,0.4662299156188965,931,539
2397,1,Fast,0.8911256790161133,927,911
2397,1,Fast,0.8415847420692444,1023,769
2397,1,Fast,0.47290360927581787,929,535
2397,2,Slow,0.31689515709877014,941,411
2398,1,Fast,0.8916091918945312,930,921
2398,1,Fast,0.8434666991233826,1020,761
2398,1,Fast,0.6105400919914246,927,531
2398,2,Slow,0.5177992582321167,908,403
2398,1,Fast,0.3607555329799652,1225,949
2398,1,Fast,0.33833393454551697,902,342
2399,1,Fast,0.8792711496353149,933,930
2399,1,Fast,0.8572070598602295,1016,754
2399,1,Fast,0.7218484878540039,926,527
2399,2,Slow,0.4511064291000366,907,402
2399,1,Fast,0.4491555094718933,739,538
2399,1,Fast,0.42961281538009644,902,341
2399,0,VRU,0.4005187451839447,1013,569
2400,1,Fast,0.8870435953140259,937,939
2400,1,Fast,0.8686443567276001,1013,747
2400,1,Fast,0.663127601146698,925,523
2400,2,Slow,0.6239409446716309,906,399
2400,1,Fast,0.5662021636962891,1016,661
2400,0,VRU,0.5105475187301636,1012,566
2400,1,Fast,0.4376174211502075,901,339
2401,1,Fast,0.8812112808227539,939,948
2401,1,Fast,0.8479628562927246,1010,741
2401,1,Fast,0.6664603352546692,923,519
2401,2,Slow,0.6059138178825378,905,396
2401,1,Fast,0.5527934432029724,740,542
2401,1,Fast,0.517572283744812,901,338
2401,1,Fast,0.46858924627304077,1014,657
2402,1,Fast,0.8900094628334045,943,957
2402,1,Fast,0.8189340233802795,1007,735
2402,1,Fast,0.6350655555725098,741,544
2402,1,Fast,0.6212016940116882,922,515
2402,1,Fast,0.47841888666152954,1013,652
2402,1,Fast,0.37604159116744995,901,336
2403,1,Fast,0.8837841749191284,947,966
2403,1,Fast,0.8210648894309998,1004,729
2403,1,Fast,0.6551724672317505,741,546
2403,1,Fast,0.4328474998474121,920,512
2404,1,Fast,0.8855681419372559,950,976
2404,1,Fast,0.811038613319397,1001,722
2404,2,Slow,0.42907094955444336,904,390
2404,1,Fast,0.4167252779006958,741,548
2404,1,Fast,0.4056342840194702,919,509
2404,1,Fast,0.39270567893981934,1008,643
2405,1,Fast,0.8777040243148804,955,986
2405,1,Fast,0.8236417174339294,998,715
2405,1,Fast,0.5587077140808105,742,550
2405,2,Slow,0.3951131999492645,903,388
2405,1,Fast,0.31816738843917847,918,505
2406,1,Fast,0.8850796818733215,959,997
2406,1,Fast,0.843153715133667,995,710
2406,1,Fast,0.6499484777450562,917,501
2406,1,Fast,0.6250130534172058,743,552
2406,2,Slow,0.5391268134117126,903,386
2406,1,Fast,0.47008419036865234,1003,632
2407,1,Fast,0.8833609819412231,963,1007
2407,1,Fast,0.7965521216392517,993,703
2407,1,Fast,0.6501964330673218,916,498
2407,2,Slow,0.5314199924468994,903,384
2407,1,Fast,0.4044282138347626,742,554
2408,1,Fast,0.8645176887512207,966,1019
2408,1,Fast,0.692719578742981,990,697
2408,1,Fast,0.6464981436729431,915,493
2408,1,Fast,0.5857710242271423,743,557
2408,2,Slow,0.4605177938938141,903,382
2409,1,Fast,0.8721095323562622,970,1029
2409,1,Fast,0.7941249012947083,987,691
2409,1,Fast,0.6725703477859497,914,490
2409,1,Fast,0.6072419881820679,743,559
2409,2,Slow,0.31829535961151123,903,380
2410,1,Fast,0.8571006059646606,974,1040
2410,1,Fast,0.8491629958152771,984,685
2410,1,Fast,0.7214527130126953,913,487
2410,1,Fast,0.7072696685791016,994,613
2410,1,Fast,0.5989943742752075,744,561
2410,2,Slow,0.42477869987487793,902,377
2411,1,Fast,0.8627824783325195,982,679
2411,1,Fast,0.8370268940925598,978,1047
2411,1,Fast,0.7887154817581177,912,483
2411,1,Fast,0.768706202507019,744,564
2411,2,Slow,0.3531420826911926,902,375
2412,1,Fast,0.8112111687660217,980,674
2412,1,Fast,0.8040350079536438,983,1053
2412,1,Fast,0.7478731870651245,745,567
2412,1,Fast,0.6667138338088989,911,480
2412,1,Fast,0.4691397547721863,991,605
2413,1,Fast,0.7801741361618042,745,569
2413,1,Fast,0.7435417175292969,990,1058
2413,1,Fast,0.6038414835929871,977,669
2413,1,Fast,0.588607907295227,909,477
2413,1,Fast,0.5560431480407715,988,602
2414,1,Fast,0.7733187079429626,746,572
2414,1,Fast,0.7479051947593689,975,663
2414,1,Fast,0.5283457040786743,994,1064
2414,2,Slow,0.312593549489975,901,370
2415,1,Fast,0.8120223879814148,973,657
2415,1,Fast,0.770611047744751,746,573
2415,1,Fast,0.619109034538269,908,470
2415,1,Fast,0.5208081007003784,1000,1070
2416,1,Fast,0.8232392072677612,970,652
2416,1,Fast,0.778249979019165,982,589
2416,1,Fast,0.7405073046684265,746,576
2416,1,Fast,0.7122888565063477,907,467
2417,1,Fast,0.8682406544685364,968,645
2417,1,Fast,0.7564109563827515,980,586
2417,1,Fast,0.7152476906776428,906,464
2417,1,Fast,0.7136779427528381,747,578
2418,1,Fast,0.8608487844467163,966,641
2418,1,Fast,0.7687870860099792,905,461
2418,1,Fast,0.7464104294776917,978,581
2418,1,Fast,0.6838794350624084,746,580
2419,1,Fast,0.7868199944496155,964,635
2419,1,Fast,0.7781047224998474,904,457
2419,1,Fast,0.7692441344261169,747,583
2419,1,Fast,0.5504775643348694,976,577
2420,1,Fast,0.7986549139022827,962,630
2420,1,Fast,0.7757055759429932,748,585
2420,1,Fast,0.7690486907958984,903,455
2421,1,Fast,0.824043333530426,959,625
2421,1,Fast,0.7865025401115417,748,587
2421,1,Fast,0.7140119075775146,902,451
2422,1,Fast,0.8403950929641724,957,620
2422,1,Fast,0.7516250014305115,901,448
2422,1,Fast,0.7348338961601257,749,589
2423,1,Fast,0.8243551850318909,955,615
2423,1,Fast,0.7774407863616943,901,446
2423,1,Fast,0.7594416737556458,750,592
2423,1,Fast,0.38393640518188477,970,561
2424,1,Fast,0.8148427605628967,952,610
2424,1,Fast,0.7975965142250061,750,593
2424,1,Fast,0.6029934287071228,900,443
2425,1,Fast,0.8164428472518921,750,597
2425,1,Fast,0.7722374200820923,951,606
2425,1,Fast,0.6701374650001526,900,440
2426,1,Fast,0.8190932869911194,751,599
2426,1,Fast,0.7789669036865234,949,601
2426,1,Fast,0.6555681824684143,899,437
2427,1,Fast,0.8186733722686768,947,597
2427,1,Fast,0.8174729347229004,751,602
2427,1,Fast,0.6439229846000671,898,435
2427,1,Fast,0.5112133622169495,963,546
2428,1,Fast,0.820694625377655,946,591
2428,1,Fast,0.8185102343559265,752,604
2428,1,Fast,0.5427951216697693,897,432
2428,1,Fast,0.5231814980506897,961,543
2429,1,Fast,0.8017041087150574,751,607
2429,1,Fast,0.7978870868682861,944,587
2429,1,Fast,0.4122142493724823,897,429
2430,1,Fast,0.8056220412254333,752,609
2430,1,Fast,0.8024270534515381,942,582
2430,1,Fast,0.5688212513923645,896,425
2430,2,Slow,0.38426119089126587,896,341
2430,1,Fast,0.3392162024974823,958,535
2431,1,Fast,0.8436650633811951,941,578
2431,1,Fast,0.796177327632904,753,612
2431,1,Fast,0.615581750869751,957,533
2431,2,Slow,0.525503396987915,897,339
2431,1,Fast,0.44518959522247314,896,423
2432,1,Fast,0.8411558270454407,939,574
2432,1,Fast,0.8211265206336975,754,614
2432,1,Fast,0.583635151386261,956,529
2432,2,Slow,0.5285847187042236,897,337
2432,1,Fast,0.3681826889514923,896,421
2433,1,Fast,0.7998958230018616,754,617
2433,1,Fast,0.7945846319198608,937,568
2433,1,Fast,0.639472246170044,954,526
2433,1,Fast,0.5176818370819092,895,418
2433,2,Slow,0.32542991638183594,897,336
2433,2,Slow,0.3242575228214264,924,347
2434,1,Fast,0.8084954619407654,935,565
2434,1,Fast,0.7976442575454712,754,619
2434,1,Fast,0.6428214907646179,953,522
2434,1,Fast,0.4442264139652252,1212,1000
2435,1,Fast,0.7740424275398254,934,561
2435,1,Fast,0.7631908655166626,755,622
2435,1,Fast,0.3756852447986603,894,413
2436,1,Fast,0.8165056705474854,755,625
2436,1,Fast,0.7375973463058472,933,557
2437,1,Fast,0.8410331606864929,755,629
2437,1,Fast,0.7487142086029053,931,553
2438,1,Fast,0.8254957795143127,755,631
2438,1,Fast,0.730798602104187,930,549
2438,1,Fast,0.36482661962509155,892,405
2439,1,Fast,0.7725594639778137,755,634
2439,1,Fast,0.767324686050415,927,545
2440,1,Fast,0.8182923793792725,756,637
2440,1,Fast,0.7415274381637573,926,541
2441,1,Fast,0.7942690253257751,925,537
2441,1,Fast,0.7804192304611206,756,639
2442,1,Fast,0.8164352774620056,923,533
2442,1,Fast,0.7581830620765686,756,642
2442,1,Fast,0.41333675384521484,942,496
2442,1,Fast,0.33219772577285767,1195,1054
2443,1,Fast,0.7695037126541138,757,645
2443,1,Fast,0.7483113408088684,922,530
2443,1,Fast,0.7389752864837646,1184,1048
2443,1,Fast,0.33001455664634705,940,493
2444,1,Fast,0.6304787397384644,921,525
2444,1,Fast,0.5974138379096985,1176,1037
2444,1,Fast,0.41574546694755554,758,649
2444,1,Fast,0.384716659784317,938,490
2445,1,Fast,0.8058745861053467,1168,1026
2445,1,Fast,0.5111923813819885,919,522
2445,1,Fast,0.3539711534976959,758,652
2446,1,Fast,0.8651731610298157,1161,1013
2446,1,Fast,0.6765422821044922,918,519
2446,1,Fast,0.452212929725647,759,656
2447,1,Fast,0.869663655757904,1155,1002
2447,1,Fast,0.6231533885002136,759,658
2447,1,Fast,0.5339969396591187,917,515
2448,1,Fast,0.8274816870689392,1149,991
2448,1,Fast,0.7755091190338135,760,662
2448,1,Fast,0.47733744978904724,887,381
2448,1,Fast,0.3363032937049866,916,511
2449,1,Fast,0.7856613397598267,1143,979
2449,1,Fast,0.6844111084938049,915,508
2449,1,Fast,0.6307979822158813,887,379
2449,1,Fast,0.4183278977870941,760,664
2450,1,Fast,0.858066976070404,1137,970
2450,1,Fast,0.6862918138504028,761,667
2450,1,Fast,0.580117404460907,913,505
2450,2,Slow,0.3217354714870453,933,474
2451,1,Fast,0.7833672761917114,1131,959
2451,1,Fast,0.7498160004615784,761,670
2451,1,Fast,0.3948768675327301,913,501
2451,1,Fast,0.3789368271827698,888,374
2452,1,Fast,0.8007352352142334,1125,948
2452,1,Fast,0.7170679569244385,762,674
2452,1,Fast,0.4413797855377197,887,373
2453,1,Fast,0.8561741709709167,1120,938
2453,1,Fast,0.6490549445152283,763,677
2453,1,Fast,0.4953743517398834,911,493
2454,1,Fast,0.8251718878746033,1114,929
2454,1,Fast,0.4044545888900757,910,491
2454,1,Fast,0.34762394428253174,763,679
2455,1,Fast,0.8761335611343384,1109,918
2455,1,Fast,0.4818761944770813,908,486
2456,1,Fast,0.8599848747253418,1105,910
2456,1,Fast,0.6570237278938293,908,484
2456,1,Fast,0.5942726135253906,764,686
2456,1,Fast,0.5802633166313171,831,579
2456,1,Fast,0.4244087040424347,794,570
2456,2,Slow,0.3685073256492615,925,456
2457,1,Fast,0.8595520853996277,1099,900
2457,1,Fast,0.4418947696685791,794,574
2457,1,Fast,0.41770032048225403,831,582
2458,1,Fast,0.8417002558708191,1094,891
2458,1,Fast,0.5327971577644348,904,478
2458,1,Fast,0.3379601836204529,795,577
2459,1,Fast,0.8536760210990906,1089,881
2459,1,Fast,0.6501154899597168,766,698
2459,1,Fast,0.6185171604156494,903,476
2460,1,Fast,0.8493347764015198,1084,872
2460,1,Fast,0.7655007243156433,767,700
2460,1,Fast,0.6192941665649414,903,472
2461,1,Fast,0.8042875528335571,1079,863
2461,2,Slow,0.5816590785980225,922,444
2461,1,Fast,0.5767440795898438,903,469
2461,1,Fast,0.57392817735672,768,703
2462,1,Fast,0.8293773531913757,1075,855
2462,1,Fast,0.6605674624443054,902,466
2462,1,Fast,0.5153653025627136,769,706
2462,2,Slow,0.3919517695903778,922,441
2463,1,Fast,0.8020796775817871,1071,847
2463,1,Fast,0.6928106546401978,902,462
2463,2,Slow,0.34081313014030457,921,439
2464,1,Fast,0.7724413275718689,1066,838
2464,1,Fast,0.7393404841423035,901,459
2465,1,Fast,0.7785570621490479,1062,829
2465,1,Fast,0.6953099370002747,901,457
2465,1,Fast,0.3278023302555084,800,603
2465,1,Fast,0.30719682574272156,919,434
2466,1,Fast,0.8282921314239502,1057,820
2466,1,Fast,0.4867960512638092,772,722
2466,1,Fast,0.4782730042934418,900,453
2466,1,Fast,0.35993167757987976,801,607
2466,1,Fast,0.35271894931793213,1015,586
2467,1,Fast,0.8120343685150146,772,726
2467,1,Fast,0.8013736009597778,1053,814
2467,1,Fast,0.7476102113723755,801,611
2467,1,Fast,0.5155120491981506,898,452
2467,1,Fast,0.383841872215271,843,624
2468,1,Fast,0.8179224133491516,802,614
2468,1,Fast,0.7770581245422363,773,730
2468,1,Fast,0.7524551749229431,1049,805
2468,1,Fast,0.5040420889854431,844,629
2468,1,Fast,0.4614594876766205,897,449
2469,1,Fast,0.8038201928138733,774,733
2469,1,Fast,0.7680165767669678,1046,797
2469,1,Fast,0.7671042680740356,844,633
2469,1,Fast,0.733589768409729,802,618
2470,1,Fast,0.7003642916679382,896,443
2470,1,Fast,0.7000784277915955,803,622
2470,1,Fast,0.6549619436264038,1042,789
2470,1,Fast,0.6449975967407227,774,736
2470,1,Fast,0.5832824110984802,845,638
2471,1,Fast,0.7720349431037903,1038,783
2471,1,Fast,0.6952521800994873,895,439
2471,1,Fast,0.6288477778434753,804,626
2471,1,Fast,0.5047262907028198,826,516
2471,1,Fast,0.41388311982154846,1008,568
2471,1,Fast,0.38793349266052246,776,740
2472,1,Fast,0.7829850912094116,804,630
2472,1,Fast,0.6904506683349609,1035,775
2472,1,Fast,0.6731083989143372,895,436
2472,1,Fast,0.47824323177337646,776,746
2472,1,Fast,0.3098679184913635,827,520
2473,1,Fast,0.7923859357833862,1030,768
2473,1,Fast,0.7626950144767761,805,634
2473,1,Fast,0.5919660925865173,895,433
2473,1,Fast,0.5224756002426147,776,749
2473,1,Fast,0.32044634222984314,1004,562
2474,1,Fast,0.79835444688797,806,638
2474,1,Fast,0.758338987827301,893,431
2474,1,Fast,0.6439270973205566,1027,761
2474,1,Fast,0.6391208171844482,778,753
2474,1,Fast,0.44205448031425476,1045,704
2474,1,Fast,0.3125738799571991,1002,559
2474,1,Fast,0.30910059809684753,764,619
2475,1,Fast,0.8076909780502319,777,756
2475,1,Fast,0.7733250856399536,807,642
2475,1,Fast,0.7173546552658081,893,427
2475,1,Fast,0.4995226562023163,1023,755
2475,1,Fast,0.41870296001434326,1001,555
2475,1,Fast,0.3135170340538025,852,661
2476,1,Fast,0.8405212759971619,778,760
2476,1,Fast,0.7739536166191101,808,646
2476,1,Fast,0.7717174887657166,892,425
2476,1,Fast,0.5352379083633423,854,666
2476,1,Fast,0.4866054058074951,764,624
2476,1,Fast,0.3703324496746063,1020,747
2477,1,Fast,0.8295284509658813,778,763
2477,1,Fast,0.6911731362342834,892,423
2477,1,Fast,0.6612383127212524,1016,741
2477,1,Fast,0.6238908767700195,810,651
2477,1,Fast,0.5087485909461975,829,539
2477,1,Fast,0.32869482040405273,999,550
2478,1,Fast,0.811470091342926,811,655
2478,1,Fast,0.7728796005249023,780,767
2478,1,Fast,0.7448427081108093,891,421
2478,1,Fast,0.5713538527488708,856,677
2478,1,Fast,0.4374397397041321,1014,735
2478,1,Fast,0.34582164883613586,1033,681
2478,1,Fast,0.3403579890727997,765,630
2479,1,Fast,0.8272826671600342,811,659
2479,1,Fast,0.6901207566261292,780,771
2479,1,Fast,0.6758018136024475,858,682
2479,1,Fast,0.6159924268722534,891,419
2480,1,Fast,0.8012537360191345,812,663
2480,1,Fast,0.7636865377426147,889,415
2480,1,Fast,0.6704755425453186,859,688
2480,1,Fast,0.5915911793708801,780,775
2480,1,Fast,0.3964313864707947,993,540
2481,1,Fast,0.7992182374000549,889,413
2481,1,Fast,0.7347989678382874,813,667
2481,1,Fast,0.7171515822410583,860,693
2481,1,Fast,0.5123249292373657,833,554
2481,1,Fast,0.3234611749649048,782,779
2482,1,Fast,0.7613356709480286,889,410
2482,1,Fast,0.7598862051963806,814,672
2482,1,Fast,0.6845565438270569,862,698
2482,2,Slow,0.3666938245296478,910,395
2483,1,Fast,0.7673808336257935,815,677
2483,1,Fast,0.7530004382133484,887,408
2483,1,Fast,0.6877956986427307,767,647
2483,1,Fast,0.39584553241729736,989,530
2484,1,Fast,0.8007758259773254,816,681
2484,1,Fast,0.7375578284263611,887,407
2484,1,Fast,0.4892331063747406,768,649
2484,1,Fast,0.42633670568466187,865,709
2484,1,Fast,0.39016586542129517,989,528
2484,0,VRU,0.31846651434898376,1506,1059
2485,1,Fast,0.8384177088737488,817,686
2485,1,Fast,0.7364094257354736,786,796
2485,1,Fast,0.46507927775382996,887,403
2485,1,Fast,0.31484800577163696,867,714
2485,1,Fast,0.30480673909187317,993,689
2486,1,Fast,0.844034731388092,818,691
2486,1,Fast,0.7682955861091614,786,800
2486,1,Fast,0.7551093697547913,1234,1054
2486,1,Fast,0.5838518142700195,887,401
2486,1,Fast,0.5094221234321594,869,720
2487,1,Fast,0.8550416231155396,818,696
2487,1,Fast,0.825461745262146,786,805
2487,1,Fast,0.8118422627449036,1225,1049
2487,1,Fast,0.7830066680908203,870,726
2487,1,Fast,0.6457947492599487,886,399
2487,1,Fast,0.6441147327423096,987,678
2487,1,Fast,0.5838286876678467,1013,639
2488,1,Fast,0.8514112830162048,819,701
2488,1,Fast,0.8158628344535828,788,810
2488,1,Fast,0.8101924061775208,1219,1038
2488,1,Fast,0.7346500754356384,872,730
2489,1,Fast,0.8563488125801086,1211,1027
2489,1,Fast,0.8347504734992981,821,706
2489,1,Fast,0.7781795263290405,789,814
2489,1,Fast,0.7145329117774963,873,738
2490,1,Fast,0.8232591152191162,821,711
2490,1,Fast,0.8138432502746582,875,744
2490,1,Fast,0.7798868417739868,1205,1016
2490,1,Fast,0.755876898765564,789,819
2490,1,Fast,0.3748885691165924,980,510
2491,1,Fast,0.8668844103813171,877,751
2491,1,Fast,0.8163686394691467,1199,1005
2491,1,Fast,0.8094198703765869,823,717
2491,1,Fast,0.5843376517295837,790,824
2491,1,Fast,0.4601031541824341,979,507
2492,1,Fast,0.8778045773506165,878,757
2492,1,Fast,0.8299164772033691,824,722
2492,1,Fast,0.794037401676178,1193,996
2492,1,Fast,0.7570500373840332,791,829
2492,1,Fast,0.4842895567417145,978,505
2492,1,Fast,0.34869930148124695,974,650
2493,1,Fast,0.8760465383529663,880,763
2493,1,Fast,0.8273126482963562,825,726
2493,1,Fast,0.8175200819969177,1187,986
2493,1,Fast,0.564494788646698,973,643
2493,1,Fast,0.54143226146698,792,834
2493,1,Fast,0.3550580143928528,883,386
2494,1,Fast,0.8652658462524414,882,769
2494,1,Fast,0.8561847805976868,1181,976
2494,1,Fast,0.8466212749481201,826,731
2494,1,Fast,0.6856829524040222,970,638
2494,1,Fast,0.6189473271369934,793,840
2494,1,Fast,0.5748199820518494,882,383
2495,1,Fast,0.8568349480628967,884,775
2495,1,Fast,0.8549261689186096,827,737
2495,1,Fast,0.8482221364974976,1176,967
2495,1,Fast,0.742622435092926,794,844
2495,1,Fast,0.6748959422111511,882,381
2495,1,Fast,0.6438166499137878,969,633
2495,1,Fast,0.4965127110481262,776,686
2495,1,Fast,0.3604356050491333,974,496
2496,1,Fast,0.8636062145233154,828,742
2496,1,Fast,0.854013979434967,887,781
2496,1,Fast,0.851823091506958,1171,958
2496,1,Fast,0.6995410919189453,796,850
2496,1,Fast,0.6559913754463196,881,379
2496,1,Fast,0.6010096669197083,974,493
2496,1,Fast,0.43377485871315,777,690
2496,1,Fast,0.329196035861969,967,627
2497,1,Fast,0.8799766302108765,830,747
2497,1,Fast,0.8565765023231506,889,788
2497,1,Fast,0.844279408454895,1165,948
2497,1,Fast,0.7059432864189148,797,854
2497,1,Fast,0.6626906991004944,973,491
2497,1,Fast,0.6348440051078796,882,377
2497,1,Fast,0.5516808032989502,964,622
2497,1,Fast,0.41280752420425415,778,693
2498,1,Fast,0.8793420195579529,831,752
2498,1,Fast,0.8659466505050659,892,794
2498,1,Fast,0.7902381420135498,1160,939
2498,1,Fast,0.7774090766906738,961,617
2498,1,Fast,0.6707940101623535,988,589
2498,1,Fast,0.6615108847618103,972,489
2498,1,Fast,0.6266812682151794,798,858
2498,1,Fast,0.4970152676105499,882,375
2499,1,Fast,0.8675984144210815,832,758
2499,1,Fast,0.8538244366645813,894,800
2499,1,Fast,0.8189781308174133,1155,930
2499,1,Fast,0.7596989274024963,958,614
2499,1,Fast,0.7034738659858704,987,586
2499,1,Fast,0.6072883605957031,881,373
2499,1,Fast,0.3987955152988434,799,864
2499,1,Fast,0.3276121914386749,971,486
2500,1,Fast,0.8849069476127625,834,764
2500,1,Fast,0.8435821533203125,1150,920
2500,1,Fast,0.8044452667236328,895,808
2500,1,Fast,0.7112557888031006,881,370
2500,1,Fast,0.6963932514190674,956,608
2500,1,Fast,0.3347040116786957,800,869
2501,1,Fast,0.8638426065444946,835,770
2501,1,Fast,0.8503873944282532,897,815
2501,1,Fast,0.7339478731155396,1144,912
2501,1,Fast,0.6833027005195618,880,368
2501,1,Fast,0.6105008721351624,782,709
2501,1,Fast,0.5263760685920715,800,874
2501,1,Fast,0.5214242935180664,955,603
2501,1,Fast,0.3975336253643036,968,480
2502,1,Fast,0.865899920463562,836,775
2502,1,Fast,0.8631495833396912,899,822
2502,1,Fast,0.7184568643569946,783,712
2502,1,Fast,0.6514139771461487,1140,903
2502,1,Fast,0.6146582961082458,802,879
2502,1,Fast,0.5660215616226196,880,366
2502,1,Fast,0.3811849057674408,953,598
2503,1,Fast,0.8710340857505798,838,781
2503,1,Fast,0.8668765425682068,902,829
2503,1,Fast,0.7336203455924988,803,883
2503,1,Fast,0.6328099370002747,1135,895
2503,1,Fast,0.5085488557815552,784,715
2503,1,Fast,0.4360150098800659,951,593
2504,1,Fast,0.8728196024894714,839,787
2504,1,Fast,0.8718560934066772,904,837
2504,1,Fast,0.7723818421363831,1130,886
2504,1,Fast,0.7435657382011414,804,889
2504,1,Fast,0.6448509097099304,785,719
2504,1,Fast,0.5647591948509216,949,589
2504,1,Fast,0.37711045145988464,1266,999
2505,1,Fast,0.8793707489967346,907,843
2505,1,Fast,0.8348528146743774,841,792
2505,1,Fast,0.816676139831543,805,894
2505,1,Fast,0.8012222051620483,1126,878
2505,1,Fast,0.6486186981201172,948,583
2505,1,Fast,0.38279297947883606,786,723
2506,1,Fast,0.8793644905090332,909,851
2506,1,Fast,0.8566840887069702,843,798
2506,1,Fast,0.8410937190055847,1121,870
2506,1,Fast,0.8381689786911011,807,899
2506,1,Fast,0.8141307830810547,946,579
2506,1,Fast,0.45627111196517944,974,557
2506,1,Fast,0.33796337246894836,787,727
2507,1,Fast,0.8760777115821838,912,858
2507,1,Fast,0.8603523969650269,844,804
2507,1,Fast,0.8077576160430908,1117,863
2507,1,Fast,0.7861055135726929,808,904
2507,1,Fast,0.6729010343551636,945,574
2507,1,Fast,0.31548890471458435,974,553
2508,1,Fast,0.8597672581672668,916,866
2508,1,Fast,0.839654803276062,846,810
2508,1,Fast,0.8226265907287598,1112,856
2508,1,Fast,0.5932171940803528,943,570
2509,1,Fast,0.8611862659454346,919,874
2509,1,Fast,0.7846458554267883,847,816
2509,1,Fast,0.7707679271697998,1108,848
2509,1,Fast,0.6505734920501709,941,566
2510,1,Fast,0.8580619692802429,922,882
2510,1,Fast,0.810318648815155,848,823
2510,1,Fast,0.7955605387687683,1103,840
2510,1,Fast,0.6353775858879089,939,561
2510,1,Fast,0.3543300926685333,879,350
2511,1,Fast,0.8744358420372009,924,891
2511,1,Fast,0.8578920960426331,850,829
2511,1,Fast,0.7614192962646484,938,557
2511,1,Fast,0.6791107058525085,1099,833
2511,1,Fast,0.5521333813667297,813,927
2511,1,Fast,0.4836350977420807,957,455
2511,1,Fast,0.48120859265327454,879,348
2511,1,Fast,0.3565269708633423,1228,941
2512,1,Fast,0.8445494174957275,851,836
2512,1,Fast,0.8395025134086609,927,898
2512,1,Fast,0.7899887561798096,935,554
2512,1,Fast,0.5060195326805115,1096,826
2512,1,Fast,0.49968668818473816,879,346
2512,1,Fast,0.39772024750709534,815,933
2512,1,Fast,0.3070060610771179,965,533
2513,1,Fast,0.878109872341156,929,908
2513,1,Fast,0.8702400922775269,853,844
2513,1,Fast,0.8283725380897522,934,550
2513,1,Fast,0.6496530771255493,1092,819
2513,1,Fast,0.407023549079895,816,938
2513,1,Fast,0.3600746989250183,963,530
2514,1,Fast,0.874346137046814,932,916
2514,1,Fast,0.8726356625556946,855,850
2514,1,Fast,0.8334289193153381,933,546
2514,1,Fast,0.7673917412757874,817,944
2514,1,Fast,0.6424015760421753,1088,811
2514,1,Fast,0.33086687326431274,878,342
2515,1,Fast,0.8576011657714844,934,926
2515,1,Fast,0.8557441234588623,857,856
2515,1,Fast,0.799085795879364,932,542
2515,1,Fast,0.6911023259162903,818,950
2515,1,Fast,0.5323085784912109,1084,804
2515,1,Fast,0.3911542594432831,878,341
2516,1,Fast,0.8721441626548767,859,863
2516,1,Fast,0.8714709877967834,938,933
2516,1,Fast,0.7760851383209229,930,538
2516,1,Fast,0.6963475942611694,819,956
2516,1,Fast,0.4587208926677704,1080,797
2516,2,Slow,0.43914759159088135,953,446
2516,1,Fast,0.3615444004535675,878,338
2516,1,Fast,0.33599257469177246,960,522
2517,1,Fast,0.8825441598892212,941,943
2517,1,Fast,0.8487910032272339,860,870
2517,1,Fast,0.8176676034927368,928,534
2517,1,Fast,0.6141648888587952,820,961
2517,1,Fast,0.4353847801685333,960,519
2517,2,Slow,0.4262712001800537,952,441
2517,1,Fast,0.4102669954299927,1076,790
2517,1,Fast,0.35971924662590027,1198,895
2518,1,Fast,0.8791047930717468,944,952
2518,1,Fast,0.8516317009925842,862,878
2518,1,Fast,0.8207373023033142,927,529
2518,1,Fast,0.6507387161254883,958,515
2518,1,Fast,0.4104851186275482,1073,784
2518,1,Fast,0.37493640184402466,821,968
2518,1,Fast,0.30100998282432556,1193,887
2519,1,Fast,0.8845232725143433,947,960
2519,1,Fast,0.8770222067832947,864,885
2519,1,Fast,0.7611005902290344,926,525
2519,1,Fast,0.5719751119613647,956,512
2519,1,Fast,0.5511456727981567,1070,777
2519,1,Fast,0.3589867949485779,1189,880
2519,1,Fast,0.30777499079704285,825,974
2520,1,Fast,0.8801260590553284,951,970
2520,1,Fast,0.8754101395606995,866,891
2520,1,Fast,0.8184467554092407,924,522
2520,1,Fast,0.6772199273109436,1186,872
2520,1,Fast,0.6635141968727112,1067,770
2520,1,Fast,0.4971774220466614,887,754
2520,1,Fast,0.45562943816185,807,785
2521,1,Fast,0.8779394626617432,955,980
2521,1,Fast,0.8560070395469666,868,898
2521,1,Fast,0.8291669487953186,922,519
2521,1,Fast,0.7822652459144592,1063,764
2521,1,Fast,0.7760753631591797,1181,866
2521,1,Fast,0.6657922267913818,954,505
2522,1,Fast,0.8793037533760071,959,989
2522,1,Fast,0.8734094500541687,870,906
2522,1,Fast,0.8336451649665833,921,515
2522,1,Fast,0.7523146271705627,1060,757
2522,1,Fast,0.7093053460121155,1176,859
2522,1,Fast,0.6946945786476135,952,501
2523,1,Fast,0.8839238286018372,963,1000
2523,1,Fast,0.867793619632721,872,914
2523,1,Fast,0.7907100915908813,920,511
2523,1,Fast,0.6613280773162842,1172,852
2523,1,Fast,0.5537503957748413,1056,751
2523,1,Fast,0.4421994388103485,832,1000
2523,1,Fast,0.3647293746471405,947,428
2524,1,Fast,0.8827316164970398,967,1008
2524,1,Fast,0.8655816316604614,874,922
2524,1,Fast,0.8174919486045837,919,508
2524,1,Fast,0.49562203884124756,1168,846
2524,1,Fast,0.42418181896209717,831,1010
2524,1,Fast,0.39093032479286194,946,426
2524,1,Fast,0.3276710510253906,950,494
2525,1,Fast,0.8760963082313538,970,1021
2525,1,Fast,0.8248172402381897,918,504
2525,1,Fast,0.8072525262832642,876,930
2525,1,Fast,0.6246650218963623,832,1020
2525,1,Fast,0.5757433772087097,1049,739
2525,1,Fast,0.44974708557128906,844,493
2525,1,Fast,0.3850119411945343,949,490
2525,1,Fast,0.3438730835914612,945,424
2526,1,Fast,0.8783348202705383,973,1031
2526,1,Fast,0.8090903759002686,917,501
2526,1,Fast,0.7885604500770569,878,937
2526,1,Fast,0.73968505859375,834,1026
2526,1,Fast,0.534823477268219,949,488
2526,1,Fast,0.46778520941734314,1046,733
2527,1,Fast,0.8622017502784729,977,1042
2527,1,Fast,0.7804247736930847,916,497
2527,1,Fast,0.7485745549201965,880,946
2527,1,Fast,0.7275302410125732,835,1029
2527,1,Fast,0.5838337540626526,1043,727
2527,1,Fast,0.49011537432670593,1157,825
2527,1,Fast,0.3672046661376953,948,486
2528,1,Fast,0.8478575944900513,983,1050
2528,1,Fast,0.7800772786140442,915,494
2528,1,Fast,0.7748671770095825,883,954
2528,1,Fast,0.6461807489395142,837,1033
2528,1,Fast,0.49016010761260986,1040,722
2528,1,Fast,0.4598601162433624,820,823
2528,1,Fast,0.38594475388526917,946,484
2529,1,Fast,0.8241731524467468,988,1055
2529,1,Fast,0.7875791788101196,885,962
2529,1,Fast,0.7768055200576782,914,490
2529,1,Fast,0.5719099640846252,838,1037
2529,1,Fast,0.4452906548976898,1037,716
2530,1,Fast,0.8197769522666931,994,1060
2530,1,Fast,0.8121851682662964,913,487
2530,1,Fast,0.7306556105613708,1034,711
2530,1,Fast,0.7163017392158508,887,970
2530,1,Fast,0.4766472280025482,849,511
2531,1,Fast,0.7906076312065125,912,483
2531,1,Fast,0.7532923221588135,999,1066
2531,1,Fast,0.7438538670539856,890,979
2531,1,Fast,0.7436093688011169,1032,705
2531,1,Fast,0.4146076440811157,850,515
2531,1,Fast,0.3187251091003418,941,411
2532,1,Fast,0.7720127701759338,843,1046
2532,1,Fast,0.7686707973480225,892,988
2532,1,Fast,0.7363271117210388,911,480
2532,1,Fast,0.6969119310379028,1029,699
2532,1,Fast,0.5144925117492676,1000,1071
2532,1,Fast,0.4722970724105835,914,842
2532,1,Fast,0.43706732988357544,941,472
2532,1,Fast,0.38975587487220764,851,520
2532,1,Fast,0.38696298003196716,1137,795
2533,1,Fast,0.7600300908088684,1027,693
2533,1,Fast,0.749760627746582,909,477
2533,1,Fast,0.6998653411865234,844,1050
2533,1,Fast,0.6138240694999695,894,997
2533,1,Fast,0.475154846906662,851,523
2534,1,Fast,0.7556058168411255,898,1006
2534,1,Fast,0.723016619682312,908,474
2534,1,Fast,0.6872554421424866,846,1053
2534,1,Fast,0.5792925357818604,852,526
2534,1,Fast,0.5710771083831787,1024,687
2534,1,Fast,0.4969213008880615,938,465
2534,1,Fast,0.45716392993927,920,858
2534,1,Fast,0.3444754481315613,808,458
2535,1,Fast,0.7668932676315308,907,470
2535,1,Fast,0.6324852705001831,901,1016
2535,1,Fast,0.6276566386222839,852,531
2535,1,Fast,0.5181894898414612,1022,682
2535,1,Fast,0.3067356050014496,938,461
2535,1,Fast,0.30631425976753235,809,461
2535,1,Fast,0.3001757264137268,923,866
2536,1,Fast,0.7670350670814514,854,535
2536,1,Fast,0.6785973906517029,906,467
2536,1,Fast,0.6687748432159424,1018,677
2536,1,Fast,0.591842770576477,903,1026
2536,1,Fast,0.5898101329803467,927,875
2536,1,Fast,0.5895763039588928,937,459
2537,1,Fast,0.7744708061218262,855,540
2537,1,Fast,0.7543209195137024,905,464
2537,1,Fast,0.6409164071083069,907,1035
2537,1,Fast,0.5739321112632751,836,871
2537,1,Fast,0.5282952785491943,1268,1012
2537,1,Fast,0.5018296241760254,930,885
2537,1,Fast,0.4946383833885193,1016,672
2537,1,Fast,0.31029677391052246,936,455
2538,1,Fast,0.818784236907959,905,461
2538,1,Fast,0.7373114824295044,856,543
2538,1,Fast,0.7041438817977905,910,1044
2538,1,Fast,0.6796128153800964,933,893
2538,1,Fast,0.6043056845664978,839,877
2538,1,Fast,0.4577000141143799,1261,1002
2538,1,Fast,0.44176897406578064,1013,668
2539,1,Fast,0.8295753598213196,904,457
2539,1,Fast,0.8013738393783569,857,546
2539,1,Fast,0.7828480005264282,913,1050
2539,1,Fast,0.6644482612609863,1011,662
2539,1,Fast,0.6473670601844788,1255,993
2539,1,Fast,0.5937498211860657,840,883
2539,1,Fast,0.5873308181762695,937,902
2539,1,Fast,0.3496459424495697,934,452
2540,1,Fast,0.8277408480644226,904,455
2540,1,Fast,0.7514259219169617,859,552
2540,1,Fast,0.6551201939582825,916,1054
2540,1,Fast,0.6418522000312805,842,888
2540,1,Fast,0.6065346002578735,1008,657
2540,1,Fast,0.5013842582702637,1248,983
2541,1,Fast,0.7763796448707581,903,452
2541,1,Fast,0.5815809965133667,1243,974
2541,1,Fast,0.5711313486099243,1006,652
2541,1,Fast,0.4475293755531311,860,556
2541,1,Fast,0.4259817898273468,945,922
2541,1,Fast,0.42579224705696106,921,1059
2542,1,Fast,0.7993360161781311,1238,965
2542,1,Fast,0.7835105061531067,902,449
2542,1,Fast,0.7243709564208984,1004,647
2542,1,Fast,0.6564058065414429,924,1064
2542,1,Fast,0.6510390043258667,861,560
2542,1,Fast,0.640336811542511,811,480
2542,1,Fast,0.5105327367782593,948,932
2542,1,Fast,0.43656831979751587,1212,1020
2542,1,Fast,0.3722740709781647,846,901
2543,1,Fast,0.8120689988136292,901,447
2543,1,Fast,0.7851934432983398,863,565
2543,1,Fast,0.7327588200569153,1002,642
2543,1,Fast,0.6773539781570435,1205,1009
2543,1,Fast,0.5929904580116272,1231,957
2543,1,Fast,0.5624330639839172,927,1069
2543,1,Fast,0.4537440240383148,951,941
2543,1,Fast,0.4229835569858551,849,907
2543,1,Fast,0.42130208015441895,811,482
2544,1,Fast,0.8202614784240723,1227,949
2544,1,Fast,0.741669774055481,852,914
2544,1,Fast,0.7280712127685547,811,487
2544,1,Fast,0.7214964032173157,954,949
2544,1,Fast,0.6827036738395691,864,569
2544,1,Fast,0.6399980187416077,900,443
2544,1,Fast,0.5220784544944763,1000,637
2544,1,Fast,0.498515248298645,1198,999
2545,1,Fast,0.8552223443984985,957,959
2545,1,Fast,0.7796911597251892,997,632
2545,1,Fast,0.7460500597953796,812,489
2545,1,Fast,0.6141240000724792,854,919
2545,1,Fast,0.5197231769561768,899,441
2545,1,Fast,0.3588560223579407,1193,989
2546,1,Fast,0.8405484557151794,960,969
2546,1,Fast,0.7927906513214111,995,627
2546,1,Fast,0.756109893321991,812,493
2546,1,Fast,0.7385633587837219,855,926
2546,1,Fast,0.6306819915771484,899,437
2546,1,Fast,0.6117614507675171,867,579
2546,1,Fast,0.5020525455474854,1186,980
2547,1,Fast,0.8100988864898682,965,980
2547,1,Fast,0.7929957509040833,868,583
2547,1,Fast,0.7245386242866516,992,623
2547,1,Fast,0.6566084027290344,898,435
2547,1,Fast,0.6328442692756653,812,496
2547,1,Fast,0.5365763902664185,858,933
2547,1,Fast,0.4388146996498108,1181,970
2547,1,Fast,0.3146630823612213,928,430
2548,1,Fast,0.7867505550384521,897,432
2548,1,Fast,0.7506580948829651,870,589
2548,1,Fast,0.7425546646118164,990,619
2548,1,Fast,0.6869728565216064,812,499
2548,1,Fast,0.6703046560287476,861,939
2548,1,Fast,0.639423668384552,927,428
2548,1,Fast,0.6325045228004456,969,991
2548,1,Fast,0.3017101287841797,811,496
2549,1,Fast,0.8287062644958496,973,1001
2549,1,Fast,0.8039887547492981,897,428
2549,1,Fast,0.7503663301467896,989,614
2549,1,Fast,0.7415801286697388,871,593
2549,1,Fast,0.6861725449562073,812,502
2549,1,Fast,0.6194460391998291,863,945
2549,1,Fast,0.5764071941375732,927,424
2550,1,Fast,0.8566395044326782,873,599
2550,1,Fast,0.8199265599250793,896,425
2550,1,Fast,0.7213460206985474,926,423
2550,1,Fast,0.6952067017555237,986,611
2550,1,Fast,0.6016214489936829,866,952
2550,1,Fast,0.4146316945552826,812,503
2550,1,Fast,0.3394945561885834,978,1014
2551,1,Fast,0.8099275231361389,896,423
2551,1,Fast,0.745437502861023,984,606
2551,1,Fast,0.7351077198982239,874,604
2551,1,Fast,0.6921971440315247,924,422
2551,1,Fast,0.645368754863739,869,960
2551,1,Fast,0.3745770752429962,814,509
2552,1,Fast,0.7875320315361023,895,422
2552,1,Fast,0.7657706141471863,983,601
2552,1,Fast,0.6812840104103088,876,609
2552,1,Fast,0.6622651219367981,871,967
2552,1,Fast,0.5954479575157166,814,511
2552,1,Fast,0.40950489044189453,925,418
2553,1,Fast,0.798575758934021,877,615
2553,1,Fast,0.7553486227989197,981,597
2553,1,Fast,0.7140901684761047,895,419
2553,1,Fast,0.6540950536727905,816,514
2553,1,Fast,0.5750133991241455,924,417
2554,1,Fast,0.7577813863754272,979,593
2554,1,Fast,0.7570176124572754,817,518
2554,1,Fast,0.7394790053367615,894,416
2554,1,Fast,0.5865526795387268,923,414
2554,1,Fast,0.513270378112793,879,621
2555,1,Fast,0.7395120859146118,977,589
2555,1,Fast,0.7369245290756226,894,414
2555,1,Fast,0.6750922203063965,817,522
2555,1,Fast,0.523614227771759,881,627
2556,1,Fast,0.7926203012466431,882,632
2556,1,Fast,0.6550444960594177,975,585
2556,1,Fast,0.6487241387367249,893,410
2556,1,Fast,0.3952358365058899,818,526
2556,1,Fast,0.3243356943130493,1136,890
2557,1,Fast,0.8180577754974365,884,636
2557,1,Fast,0.6967092752456665,973,581
2557,1,Fast,0.6899810433387756,893,408
2557,1,Fast,0.43478190898895264,921,407
2557,1,Fast,0.40358659625053406,820,530
2557,1,Fast,0.32197871804237366,999,720
2558,1,Fast,0.8232443332672119,886,642
2558,1,Fast,0.7424520254135132,971,576
2558,1,Fast,0.680793285369873,892,406
2558,1,Fast,0.49993276596069336,821,534
2558,1,Fast,0.3328203558921814,996,714
2558,1,Fast,0.32996001839637756,921,405
2559,1,Fast,0.8358928561210632,888,648
2559,1,Fast,0.7279712557792664,970,572
2559,1,Fast,0.7022449374198914,892,402
2559,1,Fast,0.43804511427879333,922,402
2559,1,Fast,0.4302997589111328,822,537
2560,1,Fast,0.7752321362495422,890,655
2560,1,Fast,0.752386212348938,891,400
2560,1,Fast,0.7338778376579285,969,568
2560,1,Fast,0.7160464525222778,921,399
2560,1,Fast,0.3871724605560303,822,539
2560,1,Fast,0.3559185266494751,897,1026
2561,1,Fast,0.8110238909721375,892,661
2561,1,Fast,0.7915230989456177,891,398
2561,1,Fast,0.7317697405815125,920,398
2561,1,Fast,0.6870672106742859,967,565
2562,1,Fast,0.7600410580635071,965,561
2562,1,Fast,0.7415532469749451,895,667
2562,1,Fast,0.7121156454086304,891,395
2562,1,Fast,0.6440637707710266,822,547
2562,1,Fast,0.5538979172706604,920,396
2562,1,Fast,0.30919644236564636,985,688
2563,1,Fast,0.7083359360694885,964,557
2563,1,Fast,0.6838658452033997,890,393
2563,1,Fast,0.6308051347732544,919,394
2563,1,Fast,0.4461996555328369,896,673
2563,1,Fast,0.3686043322086334,823,550
2564,1,Fast,0.7165154814720154,962,553
2564,1,Fast,0.6453320980072021,890,391
2564,1,Fast,0.552006721496582,824,554
2564,1,Fast,0.5490716099739075,918,392
2564,1,Fast,0.4853140711784363,898,680
2565,1,Fast,0.7260023355484009,960,550
2565,1,Fast,0.6694492101669312,825,558
2566,1,Fast,0.7881736755371094,903,694
2566,1,Fast,0.7857530117034912,827,563
2566,1,Fast,0.718404233455658,958,547
2566,1,Fast,0.34004586935043335,1094,813
2567,1,Fast,0.727488100528717,827,567
2567,1,Fast,0.7193824648857117,957,543
2567,1,Fast,0.6791774034500122,904,701
2567,1,Fast,0.4946915805339813,888,384
2568,1,Fast,0.809314489364624,907,706
2568,1,Fast,0.7203190326690674,827,570
2568,1,Fast,0.7185137867927551,956,540
2568,1,Fast,0.6308321356773376,888,382
2568,1,Fast,0.3036086857318878,1086,800
2569,1,Fast,0.7646905779838562,955,536
2569,1,Fast,0.7206494212150574,888,379
2569,1,Fast,0.3824292719364166,966,647
2569,1,Fast,0.3617343604564667,909,712
2569,1,Fast,0.3592350482940674,828,574
2570,1,Fast,0.7736868262290955,953,532
2570,1,Fast,0.7495753765106201,828,577
2570,1,Fast,0.6948893070220947,887,377
2570,1,Fast,0.5906804800033569,913,720
2570,1,Fast,0.5550654530525208,964,640
2570,1,Fast,0.38596832752227783,916,379
2571,1,Fast,0.8322566151618958,915,726
2571,1,Fast,0.7942585945129395,829,581
2571,1,Fast,0.7390058040618896,952,528
2571,1,Fast,0.5985209941864014,887,375
2572,1,Fast,0.8482481241226196,917,733
2572,1,Fast,0.6991544961929321,950,525
2572,1,Fast,0.6851603984832764,887,373
2572,1,Fast,0.6040005087852478,830,586
2572,1,Fast,0.5438452959060669,959,629
2572,1,Fast,0.37296465039253235,916,374
2573,1,Fast,0.7996011972427368,921,742
2573,1,Fast,0.7806390523910522,949,522
2573,1,Fast,0.6717021465301514,886,371
2573,1,Fast,0.6621835827827454,957,623
2573,1,Fast,0.5427205562591553,915,371
2573,1,Fast,0.32687801122665405,830,591
2574,1,Fast,0.8115398287773132,922,750
2574,1,Fast,0.7856932282447815,947,519
2574,1,Fast,0.6260531544685364,886,368
2574,1,Fast,0.5859283208847046,956,619
2574,1,Fast,0.5422378182411194,915,371
2575,1,Fast,0.7253234386444092,947,516
2575,1,Fast,0.5247628688812256,954,613
2575,1,Fast,0.3982810378074646,915,368
2575,1,Fast,0.31473249197006226,886,366
2576,1,Fast,0.7898734211921692,951,608
2576,1,Fast,0.6535564661026001,945,512
2576,1,Fast,0.5114011168479919,928,765
2577,1,Fast,0.7651276588439941,931,772
2577,1,Fast,0.6591975688934326,943,509
2577,1,Fast,0.5979582667350769,949,604
2577,1,Fast,0.33290401101112366,836,608
2577,1,Fast,0.33208104968070984,1056,741
2578,1,Fast,0.7383416295051575,942,507
2578,1,Fast,0.6858171224594116,948,599
2578,1,Fast,0.6074767112731934,1241,1064
2578,1,Fast,0.5635712146759033,837,613
2578,1,Fast,0.43647992610931396,1053,734
2579,1,Fast,0.8111427426338196,1232,1058
2579,1,Fast,0.7526845932006836,942,503
2579,1,Fast,0.4029506742954254,839,618
2579,1,Fast,0.3451929986476898,937,788
2580,1,Fast,0.8562080264091492,1221,1052
2580,1,Fast,0.7317723631858826,941,499
2580,1,Fast,0.6806104183197021,944,589
2580,1,Fast,0.6301772594451904,1270,997
2580,1,Fast,0.5897980332374573,840,622
2580,1,Fast,0.5078805088996887,1046,724
2580,1,Fast,0.3184623718261719,941,798
2581,1,Fast,0.7872760891914368,1214,1043
2581,1,Fast,0.7175931930541992,841,626
2581,1,Fast,0.7009024024009705,940,497
2581,1,Fast,0.5279972553253174,944,807
2581,1,Fast,0.32847464084625244,1263,985
2582,1,Fast,0.8404788970947266,947,816
2582,1,Fast,0.7362043261528015,938,493
2582,1,Fast,0.7035005688667297,843,632
2582,1,Fast,0.7031379342079163,1257,978
2582,1,Fast,0.4012676477432251,1207,1032
2583,1,Fast,0.812126874923706,951,825
2583,1,Fast,0.7807986736297607,843,635
2583,1,Fast,0.6744886636734009,1251,969
2583,1,Fast,0.6289924383163452,937,491
2584,1,Fast,0.8531990051269531,954,834
2584,1,Fast,0.7291302680969238,935,488
2584,1,Fast,0.6464990377426147,845,641
2584,1,Fast,0.35129228234291077,884,347
2584,1,Fast,0.34558674693107605,1195,1010
2585,1,Fast,0.8283125758171082,957,844
2585,1,Fast,0.5053895711898804,1189,1000
2585,1,Fast,0.4032366871833801,884,346
2585,1,Fast,0.38817039132118225,845,647
2585,1,Fast,0.366024374961853,935,484
2586,1,Fast,0.8414382338523865,961,852
2586,1,Fast,0.7550494074821472,932,561
2586,1,Fast,0.621033787727356,1184,990
2586,1,Fast,0.4287530481815338,845,650
2586,1,Fast,0.31510645151138306,884,345
2587,1,Fast,0.7388428449630737,964,861
2587,1,Fast,0.7368489503860474,1177,980
2587,1,Fast,0.6669527888298035,931,556
2587,1,Fast,0.36376893520355225,910,347
2587,1,Fast,0.3458164632320404,933,479
2587,1,Fast,0.3142155110836029,884,343
2588,1,Fast,0.7190623879432678,930,552
2588,1,Fast,0.6778916716575623,969,871
2588,1,Fast,0.6521008014678955,1172,970
2588,1,Fast,0.3291347622871399,1223,926
2589,1,Fast,0.5704470276832581,973,882
2589,1,Fast,0.5505186319351196,1165,962
2589,1,Fast,0.5459030270576477,929,548
2589,1,Fast,0.4915677309036255,931,473
2589,1,Fast,0.3905734419822693,1217,919
2590,1,Fast,0.7630846500396729,927,544
2590,1,Fast,0.7066559791564941,1161,953
2590,1,Fast,0.6876828074455261,977,892
2590,1,Fast,0.34147128462791443,1212,910
2591,1,Fast,0.8010593056678772,1156,943
2591,1,Fast,0.7751772999763489,982,903
2591,1,Fast,0.6884843707084656,925,539
2591,1,Fast,0.46778762340545654,1017,666
2591,1,Fast,0.40455156564712524,929,467
2592,1,Fast,0.8140770196914673,1151,934
2592,1,Fast,0.6528682112693787,986,914
2593,1,Fast,0.8068284392356873,1146,925
2593,1,Fast,0.7938244342803955,990,925
2593,1,Fast,0.7281973361968994,923,531
2593,1,Fast,0.515224277973175,927,462
2593,1,Fast,0.5150999426841736,857,690
2593,1,Fast,0.4830559194087982,1196,887
2594,1,Fast,0.7766107320785522,858,693
2594,1,Fast,0.7510117292404175,1141,916
2594,1,Fast,0.7474608421325684,921,527
2594,1,Fast,0.57030189037323,1192,878
2594,1,Fast,0.4786137640476227,995,935
2594,1,Fast,0.4430045187473297,1010,650
2595,1,Fast,0.6272825598716736,1187,871
2595,1,Fast,0.619504988193512,919,523
2595,1,Fast,0.5698164105415344,999,947
2595,1,Fast,0.44745439291000366,1136,908
2595,1,Fast,0.4253517985343933,926,456
2595,1,Fast,0.3712256848812103,858,698
2596,1,Fast,0.8479077219963074,917,520
2596,1,Fast,0.7057414650917053,1182,864
2596,1,Fast,0.4504094123840332,860,705
2596,1,Fast,0.3530379831790924,1131,899
2596,1,Fast,0.34574320912361145,1004,959
2597,1,Fast,0.8443260192871094,916,516
2597,1,Fast,0.7577041387557983,1127,891
2597,1,Fast,0.3148205280303955,861,710
2598,1,Fast,0.8345481157302856,915,512
2598,1,Fast,0.6642298698425293,1123,882
2599,1,Fast,0.8166228532791138,914,509
2599,1,Fast,0.561838686466217,1118,874
2599,1,Fast,0.5192703008651733,1020,993
2599,1,Fast,0.34766969084739685,999,625
2600,1,Fast,0.8161336183547974,913,505
2600,1,Fast,0.6061738133430481,996,620
2600,1,Fast,0.34100469946861267,1113,865
2601,1,Fast,0.8072744607925415,913,501
2601,1,Fast,0.7146968841552734,1109,858
2601,1,Fast,0.4851303994655609,994,617
2601,1,Fast,0.4567117691040039,1161,828
2602,1,Fast,0.780297577381134,1106,850
2602,1,Fast,0.7421747446060181,911,497
2602,1,Fast,0.5337947607040405,992,612
2603,1,Fast,0.8374985456466675,1102,844
2603,1,Fast,0.5980783700942993,909,493
2603,1,Fast,0.4779774844646454,990,608
2604,1,Fast,0.8494815230369568,876,754
2604,1,Fast,0.814857006072998,1098,836
2604,1,Fast,0.8080757856369019,908,490
2604,1,Fast,0.6683632135391235,988,603
2604,1,Fast,0.47622284293174744,919,432
2605,1,Fast,0.8329464793205261,908,486
2605,1,Fast,0.7830593585968018,1094,829
2605,1,Fast,0.7583197951316833,878,761
2605,1,Fast,0.5417976379394531,986,600
2605,1,Fast,0.5415080785751343,918,431
2606,1,Fast,0.8072206377983093,880,767
2606,1,Fast,0.7506989240646362,907,483
2606,1,Fast,0.7418121099472046,984,595
2606,1,Fast,0.7378600835800171,1089,821
2606,1,Fast,0.48624277114868164,918,428
2606,1,Fast,0.31120041012763977,1140,795
2607,1,Fast,0.7921506762504578,982,591
2607,1,Fast,0.7041406631469727,882,774
2607,1,Fast,0.5478075742721558,906,480
2607,1,Fast,0.4839904010295868,1085,814
2608,1,Fast,0.7714248299598694,981,587
2608,1,Fast,0.689380407333374,1082,807
2608,1,Fast,0.4838446378707886,885,781
2608,1,Fast,0.37950682640075684,1133,783
2609,1,Fast,0.7707985043525696,979,582
2609,1,Fast,0.6079686880111694,903,472
2609,1,Fast,0.4146364629268646,1079,800
2610,1,Fast,0.7245601415634155,902,469
2610,1,Fast,0.6407493352890015,977,579
2611,1,Fast,0.5538948774337769,1071,786
2611,1,Fast,0.4512169063091278,976,574
2611,1,Fast,0.3339611291885376,902,464
2612,1,Fast,0.6814960241317749,1068,780
2612,1,Fast,0.331348717212677,973,570
2613,1,Fast,0.696320652961731,1064,773
2613,1,Fast,0.6103126406669617,971,566
2613,1,Fast,0.5687947869300842,900,458
2614,1,Fast,0.747581422328949,969,562
2614,1,Fast,0.6856111884117126,900,455
2614,1,Fast,0.6413025856018066,897,824
2614,1,Fast,0.608725368976593,1061,767
2615,1,Fast,0.8289799690246582,900,833
2615,1,Fast,0.777845025062561,968,558
2615,1,Fast,0.7746732831001282,1057,761
2615,1,Fast,0.5855335593223572,899,452
2616,1,Fast,0.7969008088111877,901,841
2616,1,Fast,0.6926022171974182,966,555
2616,1,Fast,0.5895043015480042,1053,754
2616,1,Fast,0.5261154770851135,898,450
2617,1,Fast,0.8449545502662659,905,848
2617,1,Fast,0.6875624060630798,1051,749
2617,1,Fast,0.6834760308265686,965,551
2617,1,Fast,0.4243159890174866,897,447
2618,1,Fast,0.8454471826553345,908,856
2618,1,Fast,0.7252919673919678,963,548
2618,1,Fast,0.6286585330963135,1047,742
2619,1,Fast,0.8772134780883789,911,864
2619,1,Fast,0.7206858992576599,962,543
2619,1,Fast,0.6389603018760681,1044,736
2619,1,Fast,0.3268483877182007,896,439
2620,1,Fast,0.731576681137085,914,872
2620,1,Fast,0.6077479720115662,1041,729
2620,1,Fast,0.5739433765411377,960,540
2620,1,Fast,0.5266846418380737,895,436
2621,1,Fast,0.7906956076622009,1039,724
2621,1,Fast,0.7687362432479858,918,880
2621,1,Fast,0.6395043730735779,958,535
2621,1,Fast,0.5892280340194702,1090,710
2622,1,Fast,0.8272094130516052,922,889
2622,1,Fast,0.7699412107467651,957,531
2622,1,Fast,0.7688572406768799,1036,718
2623,1,Fast,0.7895370125770569,956,528
2623,1,Fast,0.7872537970542908,1033,713
2623,1,Fast,0.7629808783531189,924,896
2624,1,Fast,0.8082005977630615,1030,707
2624,1,Fast,0.7963651418685913,926,907
2624,1,Fast,0.6774044632911682,954,525
2624,1,Fast,0.40050846338272095,991,529
2625,1,Fast,0.8470342755317688,1027,702
2625,1,Fast,0.7851839065551758,929,916
2625,1,Fast,0.7760347127914429,953,522
2626,1,Fast,0.8493335843086243,1024,696
2626,1,Fast,0.8218129277229309,932,926
2626,1,Fast,0.8049875497817993,951,520
2626,1,Fast,0.40896904468536377,988,524
2627,1,Fast,0.8160296678543091,1021,691
2627,1,Fast,0.7832459807395935,951,516
2627,1,Fast,0.7135189175605774,935,936
2628,1,Fast,0.8380399942398071,1018,685
2628,1,Fast,0.8233156204223633,939,945
2628,1,Fast,0.7482556700706482,950,512
2629,1,Fast,0.8631985187530518,942,954
2629,1,Fast,0.8502403497695923,1016,680
2629,1,Fast,0.5230632424354553,948,508
2629,1,Fast,0.4798700213432312,889,411
2630,1,Fast,0.8400103449821472,946,964
2630,1,Fast,0.8209599852561951,1013,675
2630,1,Fast,0.7198209762573242,947,505
2630,1,Fast,0.4279424846172333,889,408
2631,1,Fast,0.863264799118042,950,973
2631,1,Fast,0.7611428499221802,1012,670
2631,1,Fast,0.7495082020759583,946,502
2632,1,Fast,0.8146381974220276,1009,664
2632,1,Fast,0.6705809235572815,945,498
2632,1,Fast,0.586290180683136,954,985
2632,1,Fast,0.5571364164352417,981,506
2633,1,Fast,0.8207061290740967,1006,659
2633,1,Fast,0.6870499849319458,944,496
2633,1,Fast,0.4352883994579315,957,994
2633,1,Fast,0.32192832231521606,980,503
2634,1,Fast,0.7921205163002014,1004,654
2634,1,Fast,0.7610230445861816,942,491
2634,1,Fast,0.6797066926956177,962,1005
2634,1,Fast,0.6469149589538574,978,501
2635,1,Fast,0.7674275040626526,940,489
2635,1,Fast,0.7156842947006226,1003,649
2635,1,Fast,0.47514808177948,976,498
2636,1,Fast,0.7575329542160034,1000,645
2636,1,Fast,0.756851077079773,939,486
2636,1,Fast,0.5605204701423645,976,495
2637,1,Fast,0.8170210719108582,998,640
2637,1,Fast,0.6942253112792969,939,483
2637,1,Fast,0.6582999229431152,976,491
2638,1,Fast,0.8276565670967102,995,635
2638,1,Fast,0.46009793877601624,938,481
2638,1,Fast,0.35907745361328125,977,1046
2639,1,Fast,0.6649583578109741,994,632
2639,1,Fast,0.4066203236579895,937,478
2640,1,Fast,0.7730765342712402,990,625
2640,1,Fast,0.7456598281860352,935,476
2640,1,Fast,0.42496970295906067,1040,620
2641,1,Fast,0.8147539496421814,988,621
2641,1,Fast,0.7287752032279968,934,472
2642,1,Fast,0.7526987791061401,986,617
2642,1,Fast,0.6326725482940674,933,469
2643,1,Fast,0.8065503835678101,985,612
2643,1,Fast,0.6448526382446289,932,466
2643,1,Fast,0.3650874197483063,967,477
2644,1,Fast,0.6517800688743591,984,608
2644,1,Fast,0.6226179599761963,932,463
2645,1,Fast,0.7568514347076416,982,603
2645,1,Fast,0.6307764053344727,931,460
2646,1,Fast,0.7383716702461243,979,601
2646,1,Fast,0.5015182495117188,930,457
2647,1,Fast,0.7574050426483154,978,596
2647,1,Fast,0.5430921316146851,928,454
2648,1,Fast,0.722823977470398,976,591
2648,1,Fast,0.6073302626609802,928,452
2649,1,Fast,0.7459579110145569,973,587
2649,1,Fast,0.32850807905197144,927,450
2650,1,Fast,0.8038294911384583,971,582
2650,1,Fast,0.5805143713951111,925,447
2651,1,Fast,0.8054679036140442,969,579
2651,1,Fast,0.5635046362876892,925,445
2652,1,Fast,0.7993490695953369,968,574
2652,1,Fast,0.7164575457572937,924,442
2653,1,Fast,0.7406061887741089,923,439
2653,1,Fast,0.5400553345680237,967,571
2653,1,Fast,0.5025047659873962,958,451
2654,1,Fast,0.7194764018058777,923,437
2654,1,Fast,0.6663254499435425,967,567
2654,1,Fast,0.43343663215637207,957,449
2654,1,Fast,0.31996390223503113,829,565
2655,1,Fast,0.6381339430809021,965,564
2655,1,Fast,0.45610883831977844,923,434
2656,1,Fast,0.7131132483482361,922,431
2656,1,Fast,0.6705465912818909,964,559
2657,1,Fast,0.7837567329406738,921,428
2657,1,Fast,0.7825362682342529,831,579
2657,1,Fast,0.6509597301483154,960,555
2658,1,Fast,0.7813220024108887,921,425
2658,1,Fast,0.586693525314331,958,552
2658,1,Fast,0.548512876033783,954,439
2658,1,Fast,0.46457985043525696,832,584
2659,1,Fast,0.7629691958427429,920,423
2659,1,Fast,0.7010191082954407,956,549
2659,1,Fast,0.571799099445343,834,590
2660,1,Fast,0.5787736773490906,955,544
2660,1,Fast,0.5760886073112488,835,596
2660,1,Fast,0.5657617449760437,919,420
2661,1,Fast,0.6797793507575989,953,541
2661,1,Fast,0.5197150707244873,837,600
2661,1,Fast,0.5182926058769226,919,417
2662,1,Fast,0.7433236241340637,838,605
2662,1,Fast,0.7398598790168762,952,536
2662,1,Fast,0.35746675729751587,918,416
2663,1,Fast,0.7439492344856262,839,610
2663,1,Fast,0.72421795129776,951,534
2663,1,Fast,0.6551599502563477,917,414
2664,1,Fast,0.7750733494758606,950,530
2664,1,Fast,0.7100201845169067,840,616
2664,1,Fast,0.5228305459022522,916,412
2664,1,Fast,0.3248727321624756,948,426
2665,1,Fast,0.784677267074585,841,622
2665,1,Fast,0.6790739297866821,950,527
2665,1,Fast,0.45642730593681335,915,410
2666,1,Fast,0.8560761213302612,842,628
2666,1,Fast,0.7385246753692627,947,523
2666,1,Fast,0.7060673236846924,914,407
2666,1,Fast,0.40933701395988464,947,422
2667,1,Fast,0.852299153804779,843,633
2667,1,Fast,0.6860018372535706,948,520
2667,1,Fast,0.6700337529182434,914,404
2667,1,Fast,0.5008478164672852,1294,1058
2668,1,Fast,0.8348252773284912,844,639
2668,1,Fast,0.6983218193054199,1284,1053
2668,1,Fast,0.4875311255455017,914,402
2668,1,Fast,0.3810935914516449,948,517
2669,1,Fast,0.8026552796363831,1276,1043
2669,1,Fast,0.7698781490325928,846,645
2670,1,Fast,0.7885332107543945,1270,1033
2670,1,Fast,0.7768442630767822,847,651
2670,1,Fast,0.591037392616272,913,397
2670,1,Fast,0.5016577243804932,942,509
2671,1,Fast,0.8135305643081665,850,657
2671,1,Fast,0.7443283200263977,1263,1023
2671,1,Fast,0.6351587772369385,912,395
2671,1,Fast,0.5707370042800903,941,507
2672,1,Fast,0.7933574914932251,1257,1013
2672,1,Fast,0.7097277641296387,851,663
2672,1,Fast,0.70822674036026,938,504
2672,1,Fast,0.5334147810935974,912,393
2673,1,Fast,0.8207381367683411,853,669
2673,1,Fast,0.6780900955200195,937,500
2673,1,Fast,0.5721938610076904,912,391
2673,1,Fast,0.4772181808948517,1250,1003
2674,1,Fast,0.8426123857498169,1243,993
2674,1,Fast,0.7697299718856812,854,676
2674,1,Fast,0.7152767777442932,935,497
2675,1,Fast,0.8511129021644592,1238,985
2675,1,Fast,0.8244649767875671,855,682
2675,1,Fast,0.6559798121452332,934,494
2676,1,Fast,0.8570136427879333,857,689
2676,1,Fast,0.8350792527198792,1232,975
2676,1,Fast,0.7362428307533264,910,384
2676,1,Fast,0.5199107527732849,934,491
2677,1,Fast,0.8628715872764587,859,695
2677,1,Fast,0.8549191951751709,1225,966
2677,1,Fast,0.7013128399848938,910,382
2677,1,Fast,0.6170904040336609,932,488
2678,1,Fast,0.8674154877662659,861,701
2678,1,Fast,0.8383219242095947,1220,958
2678,1,Fast,0.6669466495513916,910,380
2679,1,Fast,0.8535755276679993,1215,949
2679,1,Fast,0.765885055065155,864,709
2679,1,Fast,0.6831150650978088,910,378
2680,1,Fast,0.8057453632354736,866,717
2680,1,Fast,0.750054657459259,1210,940
2680,1,Fast,0.49237167835235596,909,376
2681,1,Fast,0.8234155178070068,1204,932
2681,1,Fast,0.7361872792243958,868,724
2681,1,Fast,0.4372543692588806,860,566
2682,1,Fast,0.7307938933372498,870,730
2682,1,Fast,0.6899588108062744,862,570
2682,1,Fast,0.6849328279495239,1199,923
2682,1,Fast,0.39639759063720703,909,372
2683,1,Fast,0.8428069353103638,872,738
2683,1,Fast,0.6265848875045776,908,370
2683,1,Fast,0.5215418338775635,863,575
2683,1,Fast,0.5179406404495239,1193,915
2683,1,Fast,0.45311981439590454,926,471
2684,1,Fast,0.8511960506439209,873,746
2684,1,Fast,0.5241860747337341,1188,907
2684,1,Fast,0.4434196650981903,908,369
2684,1,Fast,0.3994999825954437,925,468
2685,1,Fast,0.8729162216186523,876,754
2685,1,Fast,0.5617069602012634,923,465
2685,1,Fast,0.545721709728241,1183,900
2685,1,Fast,0.33317917585372925,807,460
2686,1,Fast,0.8615158200263977,878,761
2686,1,Fast,0.6434224843978882,1178,891
2686,1,Fast,0.3355674743652344,806,463
2687,1,Fast,0.8680673837661743,881,769
2687,1,Fast,0.7329141497612,921,458
2687,1,Fast,0.5656533241271973,907,363
2687,1,Fast,0.4707178473472595,1173,884
2688,1,Fast,0.8601040840148926,883,778
2688,1,Fast,0.7734395861625671,1169,876
2688,1,Fast,0.59398353099823,872,600
2688,1,Fast,0.4911707937717438,907,361
2688,1,Fast,0.33828866481781006,921,455
2689,1,Fast,0.8628451228141785,887,786
2689,1,Fast,0.6603032946586609,920,452
2689,1,Fast,0.6566345691680908,1165,869
2690,1,Fast,0.8375409841537476,889,794
2690,1,Fast,0.7411493062973022,1160,862
2690,1,Fast,0.5273360013961792,919,450
2690,1,Fast,0.39309102296829224,907,357
2691,1,Fast,0.8622133135795593,892,802
2691,1,Fast,0.7245970368385315,919,448
2691,1,Fast,0.724403440952301,1156,854
2691,1,Fast,0.6640779972076416,906,355
2691,1,Fast,0.6516575813293457,876,616
2691,1,Fast,0.5947160720825195,807,477
2692,1,Fast,0.8704214096069336,894,810
2692,1,Fast,0.7648010849952698,1152,847
2692,1,Fast,0.6665224432945251,808,480
2692,1,Fast,0.5825522541999817,906,353
2692,1,Fast,0.32789692282676697,878,622
2693,1,Fast,0.8743106126785278,896,819
2693,1,Fast,0.767096757888794,808,483
2693,1,Fast,0.7336280345916748,1147,840
2693,1,Fast,0.4680810570716858,906,351
2693,1,Fast,0.3283657729625702,919,443
2694,1,Fast,0.880516529083252,898,828
2694,1,Fast,0.6968052387237549,809,486
2694,1,Fast,0.6298813223838806,1142,834
2694,2,Slow,0.3915795087814331,918,441
2695,1,Fast,0.8804265260696411,901,837
2695,1,Fast,0.8062637448310852,810,489
2695,1,Fast,0.6052088141441345,917,438
2695,1,Fast,0.5977693200111389,1139,826
2695,1,Fast,0.4338212013244629,883,640
2696,1,Fast,0.8746321201324463,905,846
2696,1,Fast,0.7952642440795898,810,492
2696,1,Fast,0.6464564800262451,915,435
2696,1,Fast,0.4979800879955292,884,646
2697,1,Fast,0.8754898309707642,908,855
2697,1,Fast,0.7342751026153564,810,494
2698,1,Fast,0.8816666603088379,911,864
2698,1,Fast,0.6479170322418213,811,497
2698,1,Fast,0.5532827973365784,915,429
2699,1,Fast,0.8916047215461731,915,874
2699,1,Fast,0.7706124782562256,811,501
2699,1,Fast,0.6051753163337708,914,426
2699,1,Fast,0.5882495641708374,1123,798
2699,1,Fast,0.49081504344940186,889,663
2700,1,Fast,0.8822811841964722,919,884
2700,1,Fast,0.7523343563079834,811,504
2700,1,Fast,0.4011974334716797,913,424
2701,1,Fast,0.8922384977340698,922,894
2701,1,Fast,0.7291744947433472,912,421
2701,1,Fast,0.4533523917198181,812,507
2701,1,Fast,0.321453332901001,1115,786
2702,1,Fast,0.8890945315361023,925,905
2702,1,Fast,0.6226757764816284,912,420
2702,1,Fast,0.5429704785346985,813,510
2702,1,Fast,0.33958375453948975,895,683
2703,1,Fast,0.8809877038002014,929,916
2703,1,Fast,0.6435476541519165,1108,774
2703,1,Fast,0.6399650573730469,813,513
2703,1,Fast,0.3998505175113678,898,689
2704,1,Fast,0.8782315850257874,931,927
2704,1,Fast,0.7361220717430115,813,516
2704,1,Fast,0.6691275835037231,1104,768
2704,1,Fast,0.4051004648208618,901,696
2704,1,Fast,0.39161425828933716,784,475
2705,1,Fast,0.8678632378578186,936,938
2705,1,Fast,0.7525572776794434,814,520
2705,1,Fast,0.6257532835006714,768,633
2705,1,Fast,0.5212188959121704,784,478
2706,1,Fast,0.8669310808181763,940,949
2706,1,Fast,0.7836112976074219,815,523
2706,1,Fast,0.574374258518219,784,481
2706,1,Fast,0.5481982827186584,905,709
2707,1,Fast,0.8827869296073914,944,960
2707,1,Fast,0.7748628854751587,816,526
2707,1,Fast,0.6117295622825623,909,408
2707,1,Fast,0.365014910697937,786,484
2708,1,Fast,0.8881672024726868,949,972
2708,1,Fast,0.7233419418334961,816,529
2708,1,Fast,0.6421723961830139,909,406
2709,1,Fast,0.876553475856781,953,983
2709,1,Fast,0.7608821988105774,817,533
2709,1,Fast,0.6519038677215576,908,404
2709,2,Slow,0.34520724415779114,948,413
2710,1,Fast,0.8928715586662292,958,996
2710,1,Fast,0.6700080633163452,818,536
2711,1,Fast,0.8815261125564575,963,1009
2711,1,Fast,0.7433853149414062,818,540
2712,1,Fast,0.8819853663444519,967,1022
2712,1,Fast,0.7386267185211182,921,752
2712,1,Fast,0.7247232794761658,819,544
2712,1,Fast,0.7084322571754456,906,396
2713,1,Fast,0.8677965998649597,971,1035
2713,1,Fast,0.6101087331771851,906,394
2713,1,Fast,0.30139628052711487,926,759
2714,1,Fast,0.85092693567276,977,1045
2714,1,Fast,0.43406885862350464,820,551
2715,1,Fast,0.6386795043945312,789,510
2715,1,Fast,0.6171255707740784,983,1052
2715,1,Fast,0.4251038432121277,821,555
2715,1,Fast,0.30683770775794983,931,775
2716,1,Fast,0.7122249007225037,790,513
2716,1,Fast,0.6145280003547668,933,783
2716,1,Fast,0.6128956079483032,991,1060
2716,1,Fast,0.5361376404762268,822,558
2716,2,Slow,0.47474294900894165,943,397
2717,1,Fast,0.643187940120697,790,516
2717,1,Fast,0.5968477725982666,936,792
2717,1,Fast,0.5685178637504578,823,562
2717,1,Fast,0.303493857383728,998,1067
2718,1,Fast,0.6433669328689575,824,566
2718,1,Fast,0.47783660888671875,790,519
2718,1,Fast,0.3081026077270508,904,384
2719,1,Fast,0.6049745082855225,825,570
2720,1,Fast,0.7013963460922241,826,573
2720,1,Fast,0.6525238752365112,947,817
2721,1,Fast,0.7051842212677002,827,577
2721,1,Fast,0.4943261444568634,950,826
2722,1,Fast,0.828370213508606,954,836
2722,1,Fast,0.6172916293144226,828,581
2723,1,Fast,0.7841376662254333,958,845
2723,1,Fast,0.4490594267845154,829,585
2723,1,Fast,0.31216785311698914,780,683
2724,1,Fast,0.8064689040184021,962,854
2724,1,Fast,0.6047897338867188,830,590
2725,1,Fast,0.7845507264137268,965,864
2725,1,Fast,0.6929005980491638,830,595
2726,1,Fast,0.6700822114944458,969,874
2726,1,Fast,0.6055995225906372,831,598
2726,1,Fast,0.365201473236084,1041,651
2727,1,Fast,0.622748851776123,973,885
2727,1,Fast,0.5695550441741943,1039,647
2727,1,Fast,0.5023698806762695,832,602
2728,1,Fast,0.6008909344673157,978,896
2728,1,Fast,0.5464209914207458,1037,642
2728,1,Fast,0.4899424910545349,834,606
2729,1,Fast,0.6756829023361206,982,906
2729,1,Fast,0.4127539098262787,835,610
2730,1,Fast,0.8138982653617859,986,916
2730,1,Fast,0.49326369166374207,836,615
2730,1,Fast,0.37385886907577515,1032,633
2730,1,Fast,0.3199782967567444,784,705
2731,1,Fast,0.7918912172317505,991,927
2731,1,Fast,0.7084844708442688,837,619
2731,1,Fast,0.5307418704032898,784,708
2732,1,Fast,0.7956242561340332,995,937
2732,1,Fast,0.7080539464950562,838,624
2733,1,Fast,0.7640945911407471,1000,948
2733,1,Fast,0.6919894814491272,839,628
2733,1,Fast,0.3583982288837433,1026,620
2734,1,Fast,0.825847327709198,1005,960
2734,1,Fast,0.7124955654144287,840,633
2734,1,Fast,0.4579784572124481,1023,616
2735,1,Fast,0.8239849805831909,1010,972
2735,1,Fast,0.7401962280273438,841,638
2735,1,Fast,0.5477556586265564,1021,612
2736,1,Fast,0.6917722821235657,1015,984
2736,1,Fast,0.6019535064697266,843,643
2736,1,Fast,0.5143378973007202,1018,608
2737,1,Fast,0.33775603771209717,845,647
2738,1,Fast,0.6187565922737122,846,653
2738,1,Fast,0.52190762758255,1026,1009
2738,1,Fast,0.36543235182762146,1015,601
2739,1,Fast,0.639894962310791,848,657
2739,2,Slow,0.41020843386650085,933,355
2739,1,Fast,0.3598024845123291,1031,1023
2739,1,Fast,0.3555135428905487,1013,597
2740,1,Fast,0.48294395208358765,1012,593
2740,1,Fast,0.39684492349624634,849,662
2740,2,Slow,0.30932334065437317,933,354
2741,1,Fast,0.7330634593963623,850,667
2741,1,Fast,0.5328989624977112,1010,589
2742,1,Fast,0.7862849235534668,851,671
2742,1,Fast,0.6269652247428894,1008,585
2743,1,Fast,0.7674520015716553,853,677
2743,1,Fast,0.5534258484840393,1006,581
2744,1,Fast,0.8028609156608582,854,682
2744,1,Fast,0.4300236999988556,1004,577
2745,1,Fast,0.8046647906303406,855,687
2746,1,Fast,0.8447312712669373,856,693
2746,1,Fast,0.48573026061058044,1001,570
2747,1,Fast,0.8268658518791199,859,698
2747,1,Fast,0.3183075487613678,999,566
2748,1,Fast,0.7971774339675903,860,703
2748,1,Fast,0.33528557419776917,996,563
2749,1,Fast,0.7712945342063904,862,710
2749,1,Fast,0.5245126485824585,995,560
2750,1,Fast,0.8030096888542175,864,716
2750,1,Fast,0.5632995963096619,994,556
2751,1,Fast,0.8264479637145996,866,721
2751,1,Fast,0.46821722388267517,799,781
2752,1,Fast,0.8323798775672913,867,727
2753,1,Fast,0.8640180826187134,869,733
2753,1,Fast,0.6232651472091675,800,789
2753,1,Fast,0.35576769709587097,989,545
2754,1,Fast,0.8670859336853027,870,739
2754,1,Fast,0.7281057238578796,800,793
2754,1,Fast,0.4045211970806122,988,542
2755,1,Fast,0.8688181042671204,872,744
2755,1,Fast,0.7003058195114136,987,539
2756,1,Fast,0.8869829773902893,874,751
2756,1,Fast,0.4788493812084198,985,535
2757,1,Fast,0.8664914965629578,876,756
2757,1,Fast,0.7136155962944031,984,532
2757,1,Fast,0.3193511366844177,830,681
2758,1,Fast,0.8789212107658386,878,763
2758,1,Fast,0.7050697803497314,982,529
2759,1,Fast,0.8825797438621521,880,769
2759,1,Fast,0.6410171389579773,981,526
2760,1,Fast,0.8713254332542419,882,776
2760,1,Fast,0.38532090187072754,979,523
2761,1,Fast,0.8694808483123779,884,782
2761,1,Fast,0.5988048315048218,977,520
2761,1,Fast,0.36019712686538696,837,702
2762,1,Fast,0.8520635366439819,887,789
2762,1,Fast,0.36699000000953674,838,709
2762,1,Fast,0.3468568027019501,976,517
2763,1,Fast,0.8823971152305603,889,796
2763,1,Fast,0.6591735482215881,840,714
2764,1,Fast,0.8815904259681702,892,803
2764,1,Fast,0.783317506313324,842,720
2764,1,Fast,0.48275795578956604,811,837
2765,1,Fast,0.8894028067588806,894,810
2765,1,Fast,0.7490618824958801,844,725
2765,1,Fast,0.6806779503822327,812,842
2766,1,Fast,0.8886474370956421,896,817
2766,1,Fast,0.7586328983306885,813,846
2766,1,Fast,0.6559866666793823,846,729
2766,1,Fast,0.42438986897468567,1320,1067
2767,1,Fast,0.8772980570793152,898,824
2767,1,Fast,0.7350269556045532,1310,1061
2767,1,Fast,0.6043277978897095,814,852
2767,1,Fast,0.5246585011482239,848,735
2768,1,Fast,0.8806002736091614,901,831
2768,1,Fast,0.7974527478218079,1297,1055
2768,1,Fast,0.628911018371582,850,741
2769,1,Fast,0.8835737109184265,903,839
2769,1,Fast,0.8292604684829712,1288,1048
2769,1,Fast,0.7777004241943359,852,748
2770,1,Fast,0.880135178565979,906,846
2770,1,Fast,0.7065832614898682,854,754
2770,1,Fast,0.5114878416061401,1281,1037
2771,1,Fast,0.879896342754364,908,853
2771,1,Fast,0.7814000844955444,1274,1026
2771,1,Fast,0.6700775027275085,856,759
2772,1,Fast,0.881432294845581,911,861
2772,1,Fast,0.7535229921340942,1267,1016
2772,1,Fast,0.7322883009910583,858,766
2772,1,Fast,0.6399219632148743,868,581
2772,1,Fast,0.40078121423721313,822,877
2773,1,Fast,0.8737055063247681,915,869
2773,1,Fast,0.779503345489502,860,773
2773,1,Fast,0.5775072574615479,870,586
2773,1,Fast,0.48585841059684753,1260,1005
2773,1,Fast,0.45749279856681824,822,882
2774,1,Fast,0.8947460055351257,917,877
2774,1,Fast,0.7521976828575134,862,779
2774,1,Fast,0.6683819890022278,872,592
2774,1,Fast,0.5441651344299316,1253,995
2775,1,Fast,0.8877080678939819,921,885
2775,1,Fast,0.6266828179359436,1246,985
2775,1,Fast,0.5255721211433411,865,785
2776,1,Fast,0.8916822075843811,923,895
2776,1,Fast,0.7862790822982788,1240,976
2776,1,Fast,0.688883900642395,867,792
2777,1,Fast,0.8955496549606323,926,904
2777,1,Fast,0.8330841660499573,870,799
2777,1,Fast,0.7528995275497437,1234,967
2778,1,Fast,0.8924496173858643,928,912
2778,1,Fast,0.8379170298576355,1228,957
2778,1,Fast,0.7903794646263123,872,805
2778,1,Fast,0.5176000595092773,828,909
2779,1,Fast,0.8922101259231567,932,921
2779,1,Fast,0.8317479491233826,1222,949
2779,1,Fast,0.7988331913948059,875,812
2779,1,Fast,0.578120231628418,881,622
2780,1,Fast,0.8725681304931641,935,929
2780,1,Fast,0.8142618536949158,879,819
2780,1,Fast,0.7263279557228088,1217,939
2780,1,Fast,0.6908155679702759,884,628
2780,1,Fast,0.5765964984893799,831,920
2781,1,Fast,0.8792033791542053,938,938
2781,1,Fast,0.8294872045516968,881,826
2781,1,Fast,0.8166642785072327,885,635
2781,1,Fast,0.7535597681999207,1211,930
2782,1,Fast,0.8840828537940979,941,947
2782,1,Fast,0.7951590418815613,883,834
2782,1,Fast,0.7086400389671326,887,641
2782,1,Fast,0.5205332040786743,1205,921
2783,1,Fast,0.8833403587341309,945,956
2783,1,Fast,0.8476707339286804,886,840
2783,1,Fast,0.762984037399292,836,937
2783,1,Fast,0.6839057803153992,890,648
2783,1,Fast,0.3887957036495209,1200,912
2784,1,Fast,0.8855125904083252,948,966
2784,1,Fast,0.8522629141807556,888,849
2784,1,Fast,0.7784199118614197,838,942
2784,1,Fast,0.7701063752174377,892,654
2785,1,Fast,0.8790572881698608,952,975
2785,1,Fast,0.8653485774993896,891,856
2785,1,Fast,0.7270568609237671,839,948
2785,1,Fast,0.6274216771125793,894,662
2786,1,Fast,0.8789507150650024,956,986
2786,1,Fast,0.8302024602890015,894,864
2786,1,Fast,0.6882634162902832,897,668
2786,1,Fast,0.6452908515930176,1184,888
2786,1,Fast,0.4671112596988678,840,955
2787,1,Fast,0.8983879089355469,960,996
2787,1,Fast,0.8617122173309326,897,872
2787,1,Fast,0.7838963866233826,900,676
2787,1,Fast,0.5855441689491272,1228,1050
2787,1,Fast,0.39413949847221375,1179,880
2788,1,Fast,0.8925230503082275,964,1007
2788,1,Fast,0.8699079751968384,900,880
2788,1,Fast,0.7919942140579224,902,682
2788,1,Fast,0.757889986038208,1174,872
2788,1,Fast,0.6991128325462341,843,967
2789,1,Fast,0.8926131725311279,967,1017
2789,1,Fast,0.8423119187355042,902,889
2789,1,Fast,0.7495744824409485,904,689
2789,1,Fast,0.6506151556968689,1169,864
2789,1,Fast,0.3528371751308441,846,973
2790,1,Fast,0.876126766204834,971,1029
2790,1,Fast,0.8203471899032593,1164,857
2790,1,Fast,0.7995957732200623,906,896
2790,1,Fast,0.5722589492797852,907,697
2790,1,Fast,0.3806283175945282,848,979
2791,1,Fast,0.8698944449424744,975,1040
2791,1,Fast,0.7722854018211365,1160,850
2791,1,Fast,0.7578498125076294,910,905
2791,1,Fast,0.6754518747329712,1199,1005
2791,1,Fast,0.47855326533317566,850,985
2792,1,Fast,0.8382498025894165,980,1047
2792,1,Fast,0.8028771877288818,914,915
2792,1,Fast,0.7586933374404907,1156,842
2792,1,Fast,0.7478106021881104,1192,994
2792,1,Fast,0.5286080241203308,913,713
2792,1,Fast,0.42134881019592285,851,991
2793,1,Fast,0.8274341821670532,918,923
2793,1,Fast,0.8176398277282715,985,1053
2793,1,Fast,0.7328131198883057,1186,983
2793,1,Fast,0.7226948142051697,852,997
2793,1,Fast,0.6956315040588379,1152,835
2793,1,Fast,0.4735046327114105,916,720
2794,1,Fast,0.818706214427948,919,728
2794,1,Fast,0.8162070512771606,920,931
2794,1,Fast,0.7767730951309204,993,1059
2794,1,Fast,0.736871063709259,1147,828
2794,1,Fast,0.7171012163162231,1180,973
2795,1,Fast,0.8602816462516785,924,940
2795,1,Fast,0.8588296175003052,922,736
2795,1,Fast,0.6938666701316833,998,1065
2795,1,Fast,0.6594893336296082,1173,962
2796,1,Fast,0.846066415309906,928,949
2796,1,Fast,0.8430116176605225,925,745
2796,1,Fast,0.6776912808418274,1168,952
2796,1,Fast,0.4325965642929077,1001,1070
2797,1,Fast,0.8513688445091248,928,754
2797,1,Fast,0.8505847454071045,931,959
2798,1,Fast,0.8666475415229797,935,968
2798,1,Fast,0.8398866653442383,931,762
2798,1,Fast,0.45650866627693176,862,1032
2799,1,Fast,0.80000901222229,934,770
2799,1,Fast,0.6984736919403076,939,978
2799,1,Fast,0.479740709066391,864,1038
2799,1,Fast,0.44765716791152954,1152,925
2800,1,Fast,0.8569872975349426,937,779
2801,1,Fast,0.796772837638855,942,787
2801,1,Fast,0.3028758466243744,946,998
2802,1,Fast,0.8508725762367249,945,797
2802,1,Fast,0.5909327268600464,842,457
2802,1,Fast,0.587898313999176,1136,896
2802,1,Fast,0.35518187284469604,1114,773
2802,1,Fast,0.3345962464809418,951,1007
2803,1,Fast,0.8719660639762878,948,806
2803,1,Fast,0.7728803753852844,843,460
2803,1,Fast,0.7478904724121094,956,1018
2803,1,Fast,0.4636223316192627,1110,766
2803,1,Fast,0.3183898329734802,1131,887
2804,1,Fast,0.8774212002754211,952,816
2804,1,Fast,0.8239282369613647,959,1029
2804,1,Fast,0.7744036316871643,844,464
2804,1,Fast,0.6268807053565979,1126,876
2805,1,Fast,0.8822605013847351,956,826
2805,1,Fast,0.7991341352462769,965,1041
2805,1,Fast,0.6991808414459229,1121,869
2805,1,Fast,0.6629691123962402,845,467
2806,1,Fast,0.8686745762825012,959,835
2806,1,Fast,0.7361124753952026,1116,860
2806,1,Fast,0.6033810377120972,1100,748
2806,1,Fast,0.5777096152305603,971,1048
2807,1,Fast,0.8691112399101257,963,845
2807,1,Fast,0.45208826661109924,1112,852
2807,1,Fast,0.44365784525871277,979,1054
2807,1,Fast,0.44253814220428467,846,475
2808,1,Fast,0.8055676817893982,967,856
2808,1,Fast,0.7762872576713562,846,478
2809,1,Fast,0.8484152555465698,972,867
2809,1,Fast,0.6353004574775696,847,482
2810,1,Fast,0.8490747213363647,976,877
2810,1,Fast,0.68406742811203,847,485
2811,1,Fast,0.8302781581878662,980,889
2811,1,Fast,0.7808334231376648,848,490
2812,1,Fast,0.8490655422210693,985,901
2812,1,Fast,0.6642034649848938,850,494
2812,1,Fast,0.5535809397697449,810,474
2813,1,Fast,0.8698524236679077,989,912
2814,1,Fast,0.8576608300209045,994,924
2814,1,Fast,0.5326816439628601,851,502
2815,1,Fast,0.8594889044761658,999,936
2815,1,Fast,0.5686749815940857,852,506
2815,1,Fast,0.45230403542518616,1078,788
2816,1,Fast,0.8521588444709778,1004,948
2816,1,Fast,0.697200357913971,853,510
2816,1,Fast,0.6014184951782227,1069,693
2816,1,Fast,0.3880247473716736,1075,782
2817,1,Fast,0.8092988729476929,1009,960
2817,1,Fast,0.6183747053146362,1070,774
2817,1,Fast,0.3887746036052704,1066,688
2817,1,Fast,0.35928308963775635,854,515
2818,1,Fast,0.702937662601471,1014,974
2818,1,Fast,0.5463297367095947,855,518
2818,1,Fast,0.4782394468784332,1062,683
2818,1,Fast,0.39153364300727844,1066,767
2818,1,Fast,0.3300187587738037,813,493
2819,1,Fast,0.7008174061775208,855,523
2820,1,Fast,0.7049230337142944,857,527
2820,1,Fast,0.42224636673927307,1060,753
2822,1,Fast,0.7142264246940613,858,536
2823,1,Fast,0.5490994453430176,860,539
2824,1,Fast,0.6750539541244507,860,544
2824,1,Fast,0.49958133697509766,1047,653
2826,1,Fast,0.4947108328342438,864,554
2826,1,Fast,0.4065144956111908,1042,644
2826,1,Fast,0.37341952323913574,1039,715
2827,1,Fast,0.510037362575531,1036,709
2828,1,Fast,0.6005933284759521,1038,636
2829,1,Fast,0.772355318069458,867,568
2829,1,Fast,0.6716514229774475,1036,631
2829,1,Fast,0.5908985137939453,820,531
2830,1,Fast,0.7471925020217896,868,574
2830,1,Fast,0.6819348931312561,1033,627
2830,1,Fast,0.5735087990760803,821,536
2831,1,Fast,0.7595122456550598,869,578
2831,1,Fast,0.4513772428035736,1030,621
2831,1,Fast,0.33478111028671265,822,539
2832,1,Fast,0.7615804076194763,871,583
2832,1,Fast,0.4649196267127991,1028,618
2833,1,Fast,0.7552167773246765,873,588
2833,1,Fast,0.420148104429245,1026,614
2834,1,Fast,0.737307071685791,873,594
2835,1,Fast,0.7555647492408752,875,599
2836,1,Fast,0.8249061703681946,876,604
2836,1,Fast,0.5222350358963013,823,558
2837,1,Fast,0.6572759747505188,824,562
2837,1,Fast,0.438233882188797,1018,597
2838,1,Fast,0.6440953016281128,825,565
2838,1,Fast,0.5846449732780457,879,616
2839,1,Fast,0.5268596410751343,827,569
2839,1,Fast,0.42270171642303467,880,622
2840,1,Fast,0.7433750629425049,827,573
2840,1,Fast,0.3549739718437195,1012,586
2841,1,Fast,0.776009202003479,884,634
2841,1,Fast,0.5459945797920227,828,577
2842,1,Fast,0.6681006550788879,886,639
2843,1,Fast,0.6960684657096863,888,646
2843,1,Fast,0.49863117933273315,1007,573
2844,1,Fast,0.734521746635437,890,651
2844,1,Fast,0.38775643706321716,1004,570
2845,1,Fast,0.5678577423095703,1004,567
2845,1,Fast,0.4802742302417755,891,658
2846,1,Fast,0.6898461580276489,893,665
2846,1,Fast,0.4934753477573395,1002,563
2847,1,Fast,0.6686072945594788,1000,558
2847,1,Fast,0.5060142874717712,896,672
2848,1,Fast,0.6807233691215515,897,679
2848,1,Fast,0.44391492009162903,999,555
2849,1,Fast,0.6596903800964355,900,685
2850,1,Fast,0.8455259203910828,902,692
2851,1,Fast,0.8110048174858093,904,699
2852,1,Fast,0.6540566682815552,906,707
2852,1,Fast,0.6413047909736633,840,629
2853,1,Fast,0.6624937057495117,908,713
2853,1,Fast,0.6062014102935791,841,634
2853,1,Fast,0.4594896137714386,990,539
2853,1,Fast,0.34870296716690063,973,575
2854,1,Fast,0.6232765316963196,911,721
2854,1,Fast,0.4438365399837494,842,640
2855,1,Fast,0.6587889194488525,914,728
2856,1,Fast,0.7924786806106567,917,736
2856,1,Fast,0.5446190237998962,844,649
2856,1,Fast,0.32855406403541565,968,563
2857,1,Fast,0.7915631532669067,919,743
2858,1,Fast,0.7466065883636475,922,751
2858,1,Fast,0.5579257607460022,964,554
2858,1,Fast,0.42758601903915405,984,522
2859,1,Fast,0.7571566104888916,924,759
2860,1,Fast,0.7376441955566406,928,768
2860,1,Fast,0.5004298686981201,961,547
2860,1,Fast,0.359158456325531,981,516
2861,1,Fast,0.7393624782562256,931,776
2861,1,Fast,0.49512115120887756,959,541
2861,1,Fast,0.4916155934333801,852,676
2862,1,Fast,0.8147463202476501,934,784
2862,1,Fast,0.7194777727127075,957,539
2862,1,Fast,0.6089779138565063,854,682
2862,1,Fast,0.3531982898712158,980,510
2863,1,Fast,0.7809017896652222,937,793
2863,1,Fast,0.7010371685028076,855,687
2863,1,Fast,0.6400953531265259,956,535
2864,1,Fast,0.7943360209465027,954,531
2864,1,Fast,0.7937077879905701,857,693
2864,1,Fast,0.7414876222610474,940,803
2865,1,Fast,0.8451492786407471,943,813
2865,1,Fast,0.7589048743247986,953,528
2866,1,Fast,0.8555663228034973,947,822
2866,1,Fast,0.7315141558647156,951,524
2866,1,Fast,0.33865272998809814,973,498
2867,1,Fast,0.8208693265914917,950,831
2867,1,Fast,0.7399710416793823,951,520
2867,1,Fast,0.43148452043533325,972,494
2868,1,Fast,0.8584949374198914,953,841
2868,1,Fast,0.6400615572929382,948,517
2868,1,Fast,0.4979245662689209,970,492
2869,1,Fast,0.8716248273849487,957,850
2869,1,Fast,0.41490140557289124,947,513
2870,1,Fast,0.8044746518135071,961,860
2871,1,Fast,0.6903499364852905,965,870
2871,1,Fast,0.30751824378967285,830,546
2872,1,Fast,0.8339084386825562,969,881
2872,1,Fast,0.5287472605705261,831,550
2873,1,Fast,0.8428517580032349,974,892
2873,1,Fast,0.43937447667121887,964,477
2873,1,Fast,0.38873040676116943,942,498
2874,1,Fast,0.8474200963973999,978,903
2874,1,Fast,0.32968229055404663,834,558
2875,1,Fast,0.8710947632789612,982,915
2875,1,Fast,0.5109654664993286,806,464
2875,1,Fast,0.4451695680618286,939,492
2876,1,Fast,0.8758840560913086,986,926
2876,1,Fast,0.5051277279853821,806,467
2877,1,Fast,0.875961422920227,991,938
2877,1,Fast,0.3498172461986542,938,485
2878,1,Fast,0.8513463735580444,995,949
2878,1,Fast,0.33088743686676025,938,482
2879,1,Fast,0.8461449146270752,1000,961
2879,1,Fast,0.3256465196609497,936,480
2880,1,Fast,0.7407205104827881,1005,974
2880,1,Fast,0.6767534613609314,807,478
2880,1,Fast,0.4101918041706085,935,477
2881,1,Fast,0.7421090006828308,807,480
2881,1,Fast,0.5307709574699402,1011,986
2882,1,Fast,0.7375739216804504,1016,999
2882,1,Fast,0.44908827543258667,807,483
2883,1,Fast,0.7760099172592163,808,487
2883,1,Fast,0.7347524762153625,1022,1013
2883,1,Fast,0.437852144241333,845,599
2884,1,Fast,0.7362183928489685,808,490
2884,1,Fast,0.6468942761421204,1027,1026
2884,1,Fast,0.30884790420532227,897,830
2885,1,Fast,0.7873186469078064,1033,1041
2885,1,Fast,0.7438700199127197,809,492
2886,1,Fast,0.7538869380950928,809,495
2886,1,Fast,0.6158024668693542,1040,1049
2887,1,Fast,0.6050100922584534,809,498
2887,1,Fast,0.4421826899051666,844,622
2887,1,Fast,0.43644845485687256,1047,1057
2887,1,Fast,0.3191802203655243,905,854
2888,1,Fast,0.7237356901168823,809,502
2888,1,Fast,0.334962397813797,1055,1064
2889,1,Fast,0.6986391544342041,809,505
2889,1,Fast,0.4053648114204407,844,632
2890,1,Fast,0.3098771870136261,810,507
2891,1,Fast,0.6699380874633789,811,510
2892,1,Fast,0.7893840074539185,811,514
2892,1,Fast,0.3523670434951782,850,649
2893,1,Fast,0.7954962849617004,812,517
2893,1,Fast,0.6912336349487305,852,653
2894,1,Fast,0.7537892460823059,812,520
2894,1,Fast,0.306598424911499,920,436
2895,1,Fast,0.7636704444885254,813,524
2895,1,Fast,0.5209209322929382,853,664
2895,1,Fast,0.3691348433494568,919,432
2895,1,Fast,0.3291567862033844,929,926
2896,1,Fast,0.7274648547172546,813,527
2896,1,Fast,0.6686034798622131,933,935
2896,1,Fast,0.3167558014392853,854,672
2897,1,Fast,0.8385884165763855,856,678
2897,1,Fast,0.8082402348518372,813,531
2897,1,Fast,0.5941633582115173,937,945
2897,1,Fast,0.3673274517059326,1215,1015
2898,1,Fast,0.7435609698295593,857,684
2898,1,Fast,0.7334231734275818,814,534
2898,1,Fast,0.6514741778373718,1207,1003
2898,1,Fast,0.525409460067749,940,955
2898,1,Fast,0.3711152672767639,834,468
2899,1,Fast,0.865342378616333,859,691
2899,1,Fast,0.7610521912574768,944,966
2899,1,Fast,0.7300061583518982,815,538
2899,1,Fast,0.6456589698791504,835,471
2899,1,Fast,0.4531526565551758,1200,991
2900,1,Fast,0.6511675119400024,815,541
2900,1,Fast,0.521425724029541,949,976
2900,1,Fast,0.4201832115650177,860,697
2900,1,Fast,0.3859257400035858,1194,980
2900,1,Fast,0.3741486668586731,916,419
2900,2,Slow,0.3394710421562195,941,411
2901,1,Fast,0.6225523948669434,815,545
2901,2,Slow,0.338397741317749,941,409
2902,1,Fast,0.6534604430198669,816,548
2903,1,Fast,0.6724636554718018,817,551
2904,1,Fast,0.7320676445960999,817,555
2904,1,Fast,0.39182785153388977,867,722
2905,1,Fast,0.7815462350845337,819,558
2905,1,Fast,0.6682450175285339,869,728
2905,1,Fast,0.5747136473655701,912,407
2906,1,Fast,0.7943631410598755,820,562
2906,1,Fast,0.7432841062545776,871,736
2906,1,Fast,0.49030640721321106,911,405
2906,1,Fast,0.34466060996055603,937,399
2906,2,Slow,0.30102524161338806,842,494
2907,1,Fast,0.7730541229248047,873,744
2907,1,Fast,0.6904400587081909,821,566
2907,1,Fast,0.3736927807331085,1173,1053
2908,1,Fast,0.7462286353111267,821,571
2908,1,Fast,0.743269145488739,876,752
2908,1,Fast,0.46185970306396484,1144,893
2909,1,Fast,0.7705962657928467,822,575
2909,1,Fast,0.6063250303268433,877,759
2909,1,Fast,0.500913143157959,1138,884
2909,1,Fast,0.42264172434806824,991,1063
2909,1,Fast,0.4151760935783386,1154,1026
2909,1,Fast,0.3178877532482147,910,397
2910,1,Fast,0.7651011347770691,823,579
2910,1,Fast,0.7413515448570251,879,766
2910,1,Fast,0.5499459505081177,1147,1013
2910,1,Fast,0.4784415066242218,1133,875
2911,1,Fast,0.710464358329773,824,582
2911,1,Fast,0.7024136185646057,1140,1000
2911,1,Fast,0.5692770481109619,881,774
2911,2,Slow,0.33106693625450134,845,511
2912,1,Fast,0.7336844801902771,1133,987
2912,1,Fast,0.6495412588119507,825,586
2912,2,Slow,0.3725074231624603,847,516
2913,1,Fast,0.7988114356994629,1127,974
2913,1,Fast,0.7042391896247864,826,591
2914,1,Fast,0.8305171132087708,1120,962
2914,1,Fast,0.6256914138793945,827,594
2915,1,Fast,0.544579267501831,1113,949
2915,1,Fast,0.44063517451286316,827,600
2916,1,Fast,0.5465278029441833,828,603
2916,1,Fast,0.4425141513347626,892,812
2916,1,Fast,0.40706589818000793,932,379
2916,1,Fast,0.36289292573928833,1109,938
2917,1,Fast,0.7903863787651062,895,821
2917,1,Fast,0.4188668131828308,829,608
2918,1,Fast,0.7240518927574158,898,830
2918,1,Fast,0.5899295210838318,830,612
2918,1,Fast,0.41075512766838074,906,379
2919,1,Fast,0.7720990180969238,901,839
2919,1,Fast,0.6429099440574646,830,616
2919,1,Fast,0.38520434498786926,1091,904
2919,1,Fast,0.356481671333313,905,376
2920,1,Fast,0.7943612933158875,831,621
2920,1,Fast,0.7711339592933655,903,847
2920,1,Fast,0.5489683151245117,1086,893
2921,1,Fast,0.7081400752067566,833,625
2921,1,Fast,0.6609547734260559,1080,883
2921,1,Fast,0.6437451839447021,906,856
2922,1,Fast,0.7283546924591064,909,866
2922,1,Fast,0.6915364265441895,834,629
2922,1,Fast,0.6176283955574036,1074,872
2923,1,Fast,0.7393673062324524,912,875
2923,1,Fast,0.6956066489219666,835,634
2924,1,Fast,0.7873473167419434,836,638
2924,1,Fast,0.6876750588417053,916,885
2925,1,Fast,0.7768920063972473,837,642
2925,1,Fast,0.676887571811676,920,893
2925,2,Slow,0.3122508227825165,863,569
2926,1,Fast,0.7845466136932373,839,648
2926,1,Fast,0.7721181511878967,922,902
2927,1,Fast,0.8496196866035461,925,914
2927,1,Fast,0.7880393266677856,840,652
2927,1,Fast,0.31399938464164734,1057,734
2928,1,Fast,0.8380809426307678,929,925
2928,1,Fast,0.7301602363586426,841,656
2928,1,Fast,0.35639283061027527,746,524
2929,1,Fast,0.8191332817077637,932,935
2929,1,Fast,0.7783551216125488,843,662
2929,1,Fast,0.5640227794647217,1042,805
2929,1,Fast,0.5451636910438538,1049,721
2929,1,Fast,0.5229502320289612,747,526
2930,1,Fast,0.7883000373840332,844,666
2930,1,Fast,0.7747514843940735,936,945
2930,1,Fast,0.7278832793235779,1038,798
2930,1,Fast,0.34573036432266235,747,527
2931,1,Fast,0.8487758636474609,845,672
2931,1,Fast,0.8085471391677856,940,957
2931,1,Fast,0.4716852903366089,1043,708
2931,1,Fast,0.4175022542476654,748,530
2931,1,Fast,0.37896329164505005,1033,787
2932,1,Fast,0.8585481643676758,943,968
2932,1,Fast,0.7947824597358704,847,677
2933,1,Fast,0.8257812261581421,848,682
2933,1,Fast,0.7212806344032288,949,979
2933,1,Fast,0.5459924340248108,1026,770
2934,1,Fast,0.8188119530677795,850,687
2935,1,Fast,0.8170351982116699,852,692
2935,1,Fast,0.6909748315811157,957,1002
2935,1,Fast,0.5488803386688232,1019,755
2936,1,Fast,0.8169438242912292,853,698
2936,1,Fast,0.44956207275390625,961,1013
2937,1,Fast,0.7797945141792297,855,702
2937,1,Fast,0.46233245730400085,1011,739
2937,1,Fast,0.3606214225292206,965,1026
2937,1,Fast,0.35599789023399353,1025,669
2938,1,Fast,0.7685878872871399,969,1039
2938,1,Fast,0.7545120716094971,856,709
2938,1,Fast,0.4708981513977051,751,545
2939,1,Fast,0.7575786709785461,858,714
2939,1,Fast,0.6680635809898376,974,1047
2939,1,Fast,0.4879421591758728,751,546
2939,1,Fast,0.32264623045921326,825,573
2940,1,Fast,0.6533653736114502,860,720
2940,1,Fast,0.313131719827652,878,639
2941,1,Fast,0.6629884839057922,861,726
2942,1,Fast,0.6162283420562744,862,732
2942,1,Fast,0.4403954744338989,753,553
2942,1,Fast,0.34497466683387756,1008,641
2943,1,Fast,0.7345482110977173,864,739
2943,1,Fast,0.43191292881965637,753,555
2944,1,Fast,0.7594477534294128,866,745
2944,1,Fast,0.3752656877040863,754,557
2945,1,Fast,0.8020027875900269,867,751
2945,1,Fast,0.5450208783149719,754,559
2946,1,Fast,0.7987152934074402,870,757
2946,1,Fast,0.42376723885536194,753,561
2947,1,Fast,0.8257409930229187,872,763
2947,1,Fast,0.565451979637146,754,564
2948,1,Fast,0.8233131170272827,874,769
2948,1,Fast,0.4479656219482422,753,566
2949,1,Fast,0.8187094926834106,876,776
2949,1,Fast,0.5485570430755615,754,568
2950,1,Fast,0.829846978187561,878,783
2950,1,Fast,0.6317251920700073,754,570
2950,1,Fast,0.33873453736305237,832,618
2951,1,Fast,0.7187141180038452,880,789
2951,1,Fast,0.7038423418998718,754,573
2952,1,Fast,0.7368829250335693,882,796
2952,1,Fast,0.7081905007362366,755,575
2952,1,Fast,0.4582066535949707,903,712
2952,1,Fast,0.350151926279068,984,588
2953,1,Fast,0.79001784324646,884,802
2953,1,Fast,0.5469889044761658,961,630
2953,1,Fast,0.5064269304275513,755,577
2953,1,Fast,0.44763174653053284,904,717
2954,1,Fast,0.84197998046875,886,809
2954,1,Fast,0.6393741965293884,959,624
2954,1,Fast,0.40427958965301514,980,578
2954,1,Fast,0.3345845639705658,755,580
2955,1,Fast,0.8451553583145142,888,815
2955,1,Fast,0.6511170864105225,957,619
2955,1,Fast,0.3640267550945282,756,582
2956,1,Fast,0.835277795791626,889,822
2956,1,Fast,0.609682559967041,955,613
2956,1,Fast,0.4150034785270691,757,584
2956,1,Fast,0.3237179219722748,909,736
2957,1,Fast,0.8367448449134827,892,830
2957,1,Fast,0.6933956742286682,954,608
2957,1,Fast,0.4823710322380066,974,563
2957,1,Fast,0.3910386562347412,757,585
2958,1,Fast,0.8278149366378784,894,837
2958,1,Fast,0.7001080513000488,951,603
2958,1,Fast,0.470915287733078,757,588
2959,1,Fast,0.842807412147522,896,844
2959,1,Fast,0.7585504651069641,948,597
2959,1,Fast,0.671890139579773,917,757
2959,1,Fast,0.4714389741420746,970,554
2959,1,Fast,0.46291548013687134,758,590
2960,1,Fast,0.8393499851226807,900,851
2960,1,Fast,0.7671256065368652,948,592
2960,1,Fast,0.42189300060272217,919,764
2961,1,Fast,0.8335105180740356,903,859
2961,1,Fast,0.7677944302558899,922,772
2961,1,Fast,0.6923941969871521,946,586
2961,1,Fast,0.32479292154312134,965,546
2962,1,Fast,0.8303161859512329,905,867
2962,1,Fast,0.699190616607666,943,580
2962,1,Fast,0.4090460240840912,851,677
2962,1,Fast,0.4059007465839386,925,779
2963,1,Fast,0.8559467196464539,909,874
2963,1,Fast,0.7615720629692078,941,575
2963,1,Fast,0.668936014175415,850,682
2964,1,Fast,0.8647688627243042,912,883
2964,1,Fast,0.7036061882972717,939,569
2964,1,Fast,0.412902295589447,763,603
2964,1,Fast,0.3254079222679138,961,531
2964,1,Fast,0.30826741456985474,931,794
2965,1,Fast,0.8656678199768066,914,892
2965,1,Fast,0.7911614179611206,937,565
2965,1,Fast,0.7899596095085144,854,692
2965,1,Fast,0.6681291460990906,934,801
2965,1,Fast,0.5288699269294739,959,527
2965,1,Fast,0.3116391897201538,762,606
2966,1,Fast,0.8685256242752075,917,900
2966,1,Fast,0.8340508341789246,934,561
2966,1,Fast,0.6795634031295776,957,523
2966,1,Fast,0.6503128409385681,936,810
2966,1,Fast,0.31002169847488403,761,609
2967,1,Fast,0.8659877777099609,919,908
2967,1,Fast,0.8100287914276123,939,818
2967,1,Fast,0.7658034563064575,933,556
2967,1,Fast,0.43636494874954224,763,612
2968,1,Fast,0.8677927255630493,922,916
2968,1,Fast,0.7862768769264221,942,826
2968,1,Fast,0.752191424369812,932,551
2968,1,Fast,0.49331560730934143,765,613
2969,1,Fast,0.8616195917129517,925,925
2969,1,Fast,0.8406379222869873,946,834
2969,1,Fast,0.7307376265525818,766,615
2969,1,Fast,0.6626137495040894,931,547
2969,1,Fast,0.3995583653450012,953,512
2970,1,Fast,0.8638380765914917,928,934
2970,1,Fast,0.8098490834236145,949,843
2970,1,Fast,0.6722184419631958,765,618
2970,1,Fast,0.6268900632858276,929,542
2970,1,Fast,0.44275131821632385,951,508
2971,1,Fast,0.8615143299102783,931,943
2971,1,Fast,0.7909280061721802,953,852
2971,1,Fast,0.6634568572044373,927,537
2971,1,Fast,0.5028724074363708,950,504
2972,1,Fast,0.8312714695930481,935,952
2972,1,Fast,0.8100327253341675,957,861
2972,1,Fast,0.6930146217346191,926,533
2972,1,Fast,0.42188578844070435,949,499
2973,1,Fast,0.8311058282852173,939,961
2973,1,Fast,0.8302360773086548,961,871
2973,1,Fast,0.7913621664047241,924,528
2973,1,Fast,0.6145351529121399,947,496
2973,1,Fast,0.48430073261260986,867,738
2974,1,Fast,0.8538844585418701,942,970
2974,1,Fast,0.7418413758277893,921,523
2974,1,Fast,0.6778506636619568,945,492
2974,1,Fast,0.5550673604011536,964,880
2974,1,Fast,0.4495382308959961,868,743
2975,1,Fast,0.8487074375152588,945,981
2975,1,Fast,0.7771552205085754,920,520
2975,1,Fast,0.6251270771026611,945,488
2975,1,Fast,0.3811284303665161,872,750
2976,1,Fast,0.8112505078315735,949,990
2976,1,Fast,0.8009341359138489,919,516
2976,1,Fast,0.7433179616928101,972,900
2976,1,Fast,0.6997150778770447,943,484
2976,1,Fast,0.674491822719574,873,756
2977,1,Fast,0.7920671105384827,952,1000
2977,1,Fast,0.6790400743484497,918,512
2977,1,Fast,0.6371608972549438,977,910
2977,1,Fast,0.550134003162384,943,481
2978,1,Fast,0.8523085117340088,956,1011
2978,1,Fast,0.748691201210022,916,507
2978,1,Fast,0.6269832849502563,980,920
2979,1,Fast,0.8594321012496948,985,930
2979,1,Fast,0.8579221367835999,959,1022
2979,1,Fast,0.694205105304718,915,503
2980,1,Fast,0.8519526124000549,988,940
2980,1,Fast,0.793731153011322,963,1031
2980,1,Fast,0.6871762871742249,914,499
2980,1,Fast,0.3857196569442749,769,645
2981,1,Fast,0.8528012037277222,993,950
2981,1,Fast,0.705303966999054,967,1042
2981,1,Fast,0.6863728761672974,913,494
2981,1,Fast,0.5082432627677917,771,649
2982,1,Fast,0.7978762984275818,998,959
2982,1,Fast,0.7797702550888062,972,1048
2982,1,Fast,0.69755619764328,911,489
2982,1,Fast,0.305437296628952,770,652
2983,1,Fast,0.7757294774055481,1002,970
2983,1,Fast,0.7354980111122131,910,486
2983,1,Fast,0.6669113039970398,976,1054
2984,1,Fast,0.7738398313522339,909,483
2984,1,Fast,0.6495782136917114,983,1059
2984,1,Fast,0.5827769637107849,1008,983
2984,1,Fast,0.4322319030761719,933,456
2984,1,Fast,0.3837130069732666,888,808
2985,1,Fast,0.7187837362289429,907,480
2985,1,Fast,0.644530177116394,986,1066
2985,1,Fast,0.6255685687065125,891,816
2986,1,Fast,0.7332300543785095,906,477
2986,1,Fast,0.5186561942100525,1018,1006
2986,1,Fast,0.479739785194397,895,824
2986,1,Fast,0.333105206489563,989,1071
2987,1,Fast,0.7411382794380188,905,473
2987,1,Fast,0.6069831848144531,896,832
2988,1,Fast,0.8012605905532837,899,839
2988,1,Fast,0.718157172203064,904,469
2989,1,Fast,0.6898409128189087,901,846
2989,1,Fast,0.6347909569740295,903,465
2990,1,Fast,0.7342647314071655,904,855
2990,1,Fast,0.7010776996612549,902,461
2990,1,Fast,0.4546244144439697,780,677
2991,1,Fast,0.7543429732322693,901,457
2991,1,Fast,0.7195978164672852,907,863
2991,1,Fast,0.5276849269866943,780,681
2992,1,Fast,0.6913110017776489,910,870
2992,1,Fast,0.667695939540863,901,453
2992,1,Fast,0.368232399225235,838,474
2993,1,Fast,0.6422624588012695,899,451
2993,1,Fast,0.41938039660453796,913,879
2993,1,Fast,0.3905732035636902,924,428
2994,1,Fast,0.6145586967468262,898,448
2994,1,Fast,0.5518407225608826,1202,1066
2994,1,Fast,0.5139359831809998,780,690
2995,1,Fast,0.7116855978965759,898,444
2995,1,Fast,0.6495184898376465,781,692
2996,1,Fast,0.6282706260681152,897,441
2996,1,Fast,0.5604913830757141,1180,1053
2996,1,Fast,0.3566540777683258,922,903
2997,1,Fast,0.7884373664855957,925,913
2997,1,Fast,0.6139501929283142,897,438
2997,1,Fast,0.4388345181941986,1172,1042
2998,1,Fast,0.8329365253448486,928,923
2998,1,Fast,0.6858904957771301,1164,1027
2998,1,Fast,0.6000030040740967,842,492
2999,1,Fast,0.8312068581581116,931,931
2999,1,Fast,0.7971413731575012,1156,1014
2999,1,Fast,0.7309631109237671,843,495
2999,1,Fast,0.6608569025993347,785,707
3000,1,Fast,0.8266879320144653,934,940
3000,1,Fast,0.7409741282463074,785,709
3000,1,Fast,0.7372204661369324,1149,1002
3000,1,Fast,0.4706035554409027,893,428
3000,1,Fast,0.4641989469528198,844,499
3001,1,Fast,0.8122110366821289,937,949
3001,1,Fast,0.7460904121398926,1143,988
3001,1,Fast,0.7449632287025452,844,503
3001,1,Fast,0.5975425243377686,784,713
3001,1,Fast,0.571255624294281,893,424
3001,1,Fast,0.447601318359375,808,461
3002,1,Fast,0.8569809794425964,941,958
3002,1,Fast,0.8196081519126892,1136,976
3002,1,Fast,0.5727601051330566,892,421
3002,1,Fast,0.5145453810691833,845,506
3002,1,Fast,0.36875948309898376,809,463
3002,1,Fast,0.34873342514038086,785,716
3003,1,Fast,0.8713737726211548,945,969
3003,1,Fast,0.8187093138694763,1129,965
3003,1,Fast,0.677431046962738,846,510
3003,1,Fast,0.5321535468101501,785,720
3004,1,Fast,0.7937811613082886,847,512
3004,1,Fast,0.7932754158973694,1123,953
3004,1,Fast,0.6711559891700745,949,978
3004,1,Fast,0.5115498304367065,787,724
3004,1,Fast,0.4042855501174927,916,397
3004,1,Fast,0.363402396440506,809,469
3004,1,Fast,0.3327704668045044,891,416
3005,1,Fast,0.8070754408836365,1117,942
3005,1,Fast,0.7266302704811096,847,517
3005,1,Fast,0.6996880173683167,890,412
3005,1,Fast,0.4422292709350586,809,471
3006,1,Fast,0.7658359408378601,1112,930
3006,1,Fast,0.6059020161628723,810,474
3006,1,Fast,0.5861164331436157,849,520
3006,1,Fast,0.5233825445175171,1296,1005
3006,1,Fast,0.4334973096847534,889,408
3007,1,Fast,0.8482725620269775,1106,920
3007,1,Fast,0.7058313488960266,1287,1001
3007,1,Fast,0.6004300117492676,810,476
3007,1,Fast,0.460990846157074,888,406
3007,1,Fast,0.3722752034664154,850,524
3008,1,Fast,0.848410964012146,1282,996
3008,1,Fast,0.7847895622253418,1100,908
3008,1,Fast,0.5079193711280823,810,478
3008,1,Fast,0.319328635931015,851,527
3009,1,Fast,0.8605173826217651,1274,990
3009,1,Fast,0.6982715725898743,1095,899
3009,1,Fast,0.5013389587402344,967,1030
3009,1,Fast,0.4071202278137207,811,481
3009,1,Fast,0.35403358936309814,792,741
3010,1,Fast,0.8195327520370483,1090,887
3010,1,Fast,0.8165721297264099,1268,979
3010,1,Fast,0.5021486282348633,812,484
3010,1,Fast,0.4377136528491974,852,535
3010,1,Fast,0.3863106966018677,888,397
3010,1,Fast,0.3014729917049408,970,1041
3011,1,Fast,0.87005615234375,1263,969
3011,1,Fast,0.7567633390426636,853,538
3011,1,Fast,0.7520403265953064,1085,877
3011,1,Fast,0.5854557752609253,812,487
3011,1,Fast,0.5632404685020447,795,750
3012,1,Fast,0.8441563844680786,1257,960
3012,1,Fast,0.7728536128997803,1079,867
3012,1,Fast,0.7314586639404297,812,491
3012,1,Fast,0.6495653986930847,796,754
3012,1,Fast,0.5798419117927551,854,542
3013,1,Fast,0.8467903733253479,1250,951
3013,1,Fast,0.7451411485671997,1075,857
3013,1,Fast,0.7336419820785522,813,494
3013,1,Fast,0.524360716342926,855,545
3013,1,Fast,0.3043028712272644,797,757
3014,1,Fast,0.8777526021003723,1244,941
3014,1,Fast,0.746453583240509,1070,848
3014,1,Fast,0.6846668720245361,813,497
3014,1,Fast,0.413927286863327,855,549
3015,1,Fast,0.8805772662162781,1237,932
3015,1,Fast,0.8427264094352722,1066,839
3015,1,Fast,0.6290759444236755,813,500
3016,1,Fast,0.8836373686790466,1232,923
3016,1,Fast,0.844257652759552,1060,829
3016,1,Fast,0.6494770646095276,814,503
3016,1,Fast,0.39150452613830566,858,557
3017,1,Fast,0.8853179216384888,1228,914
3017,1,Fast,0.7295600175857544,1056,820
3017,1,Fast,0.5559179186820984,815,506
3018,1,Fast,0.8938714265823364,1221,906
3018,1,Fast,0.7470890283584595,1052,812
3018,1,Fast,0.6233988404273987,861,566
3018,1,Fast,0.6089252233505249,816,508
3019,1,Fast,0.8992695212364197,1215,897
3019,1,Fast,0.7047603130340576,862,570
3019,1,Fast,0.6725980639457703,816,511
3019,1,Fast,0.42686593532562256,775,682
3019,1,Fast,0.3140874207019806,1046,802
3020,1,Fast,0.8915592432022095,1208,889
3020,1,Fast,0.6988714337348938,862,574
3020,1,Fast,0.6766833662986755,816,514
3020,1,Fast,0.6363018155097961,1042,794
3021,1,Fast,0.890947163105011,1203,880
3021,1,Fast,0.792410135269165,816,517
3022,1,Fast,0.8996874094009399,1197,872
3022,1,Fast,0.7345606088638306,817,519
3022,1,Fast,0.7136727571487427,803,795
3022,1,Fast,0.3850381374359131,1034,777
3022,1,Fast,0.3795301616191864,882,366
3023,1,Fast,0.8914029598236084,1193,864
3023,1,Fast,0.6871237754821777,817,522
3023,1,Fast,0.3732812702655792,1030,768
3023,1,Fast,0.32742273807525635,883,364
3024,1,Fast,0.8841758966445923,1189,857
3024,1,Fast,0.6017677187919617,818,525
3024,1,Fast,0.42020943760871887,882,361
3024,1,Fast,0.3900619447231293,1027,761
3025,1,Fast,0.8637741208076477,1182,847
3025,1,Fast,0.7408919334411621,1022,753
3025,1,Fast,0.6734006404876709,819,529
3026,1,Fast,0.8699702620506287,1178,840
3026,1,Fast,0.7693240642547607,819,532
3026,1,Fast,0.6786090135574341,1018,746
3026,1,Fast,0.6430504322052002,871,599
3026,1,Fast,0.523589015007019,780,706
3027,1,Fast,0.8661379218101501,1174,833
3027,1,Fast,0.8145937919616699,1015,737
3027,1,Fast,0.738227128982544,820,536
3027,1,Fast,0.7003507018089294,872,603
3027,1,Fast,0.6557735800743103,810,818
3027,1,Fast,0.5710635781288147,781,709
3028,1,Fast,0.8778525590896606,1166,826
3028,1,Fast,0.6579031944274902,811,823
3028,1,Fast,0.6396050453186035,1012,731
3028,1,Fast,0.5850988626480103,821,538
3028,1,Fast,0.5246898531913757,782,713
3029,1,Fast,0.8768289089202881,1163,819
3029,1,Fast,0.6830933690071106,822,542
3029,1,Fast,0.679577112197876,874,614
3029,1,Fast,0.6142631769180298,812,827
3029,1,Fast,0.5463263988494873,782,716
3029,1,Fast,0.4022568166255951,1008,723
3030,1,Fast,0.8739011883735657,1161,813
3030,1,Fast,0.8246972560882568,875,618
3030,1,Fast,0.7535005211830139,823,546
3030,1,Fast,0.7388052940368652,813,831
3030,1,Fast,0.4229556620121002,1005,716
3031,1,Fast,0.8722870349884033,1154,804
3031,1,Fast,0.6590306758880615,824,549
3031,1,Fast,0.6261509656906128,877,622
3031,1,Fast,0.4978949725627899,814,836
3031,1,Fast,0.30279088020324707,1001,709
3032,1,Fast,0.8723298907279968,1149,796
3032,1,Fast,0.6776396632194519,825,553
3032,1,Fast,0.4466540515422821,879,627
3032,1,Fast,0.3144380450248718,998,702
3033,1,Fast,0.8694533705711365,1145,790
3033,1,Fast,0.7513956427574158,881,633
3033,1,Fast,0.7053669691085815,996,695
3033,1,Fast,0.6911444067955017,825,556
3034,1,Fast,0.8805744647979736,1141,783
3034,1,Fast,0.8170748353004456,992,688
3034,1,Fast,0.7541980743408203,825,559
3035,1,Fast,0.8824362754821777,1136,777
3035,1,Fast,0.7451367378234863,826,562
3035,1,Fast,0.6285648345947266,989,681
3035,1,Fast,0.40010562539100647,786,740
3036,1,Fast,0.8611758351325989,1134,771
3036,1,Fast,0.7279607057571411,827,566
3036,1,Fast,0.6524401903152466,986,674
3036,1,Fast,0.4839780628681183,880,334
3037,1,Fast,0.8416452407836914,1128,763
3037,1,Fast,0.7583987712860107,828,570
3037,1,Fast,0.7305155396461487,983,667
3037,1,Fast,0.30578112602233887,879,332
3038,1,Fast,0.8654765486717224,1125,756
3038,1,Fast,0.7117764949798584,828,574
3038,1,Fast,0.5672082304954529,980,662
3038,1,Fast,0.3354913890361786,824,875
3039,1,Fast,0.879177987575531,1121,750
3039,1,Fast,0.7402991056442261,825,880
3039,1,Fast,0.7287829518318176,829,578
3040,1,Fast,0.876625120639801,1117,744
3040,1,Fast,0.7942816615104675,828,886
3040,1,Fast,0.7177678942680359,830,582
3041,1,Fast,0.8729094862937927,1113,739
3041,1,Fast,0.7026922702789307,829,890
3041,1,Fast,0.6920348405838013,831,586
3042,1,Fast,0.861246645450592,1110,733
3042,1,Fast,0.6827264428138733,832,590
3042,1,Fast,0.49061810970306396,831,897
3043,1,Fast,0.8796337842941284,1107,727
3043,1,Fast,0.30879244208335876,833,903
3044,1,Fast,0.860144317150116,1101,721
3044,1,Fast,0.3539559841156006,796,778
3044,1,Fast,0.34295231103897095,900,694
3044,1,Fast,0.32735177874565125,835,597
3045,1,Fast,0.8766688108444214,1098,715
3045,1,Fast,0.6544572710990906,835,915
3045,1,Fast,0.46102580428123474,836,601
3046,1,Fast,0.8840842843055725,1094,710
3046,1,Fast,0.6331622004508972,836,604
3046,1,Fast,0.5866286754608154,837,920
3046,1,Fast,0.49946829676628113,904,705
3046,1,Fast,0.40657803416252136,959,614
3047,1,Fast,0.861975371837616,1092,704
3047,1,Fast,0.7592453956604004,838,927
3047,1,Fast,0.6330390572547913,836,607
3047,1,Fast,0.4881046712398529,906,711
3047,1,Fast,0.47318053245544434,957,609
3048,1,Fast,0.8373621106147766,1088,698
3048,1,Fast,0.8292623162269592,840,932
3048,1,Fast,0.6424188613891602,838,612
3048,1,Fast,0.4824012219905853,954,604
3048,1,Fast,0.38776063919067383,908,717
3049,1,Fast,0.8676146864891052,1086,692
3049,1,Fast,0.806899905204773,838,618
3049,1,Fast,0.7975763082504272,842,938
3050,1,Fast,0.8771271109580994,1082,685
3050,1,Fast,0.8051455020904541,839,622
3050,1,Fast,0.760048508644104,844,944
3050,1,Fast,0.48810139298439026,950,593
3051,1,Fast,0.880953848361969,1080,680
3051,1,Fast,0.7961654663085938,845,950
3051,1,Fast,0.7691137790679932,949,588
3051,1,Fast,0.7681957483291626,840,626
3052,1,Fast,0.8793589472770691,1076,675
3052,1,Fast,0.7990467548370361,841,631
3052,1,Fast,0.7677190899848938,947,582
3052,1,Fast,0.42065420746803284,846,955
3053,1,Fast,0.8909767866134644,1072,670
3053,1,Fast,0.7856665849685669,842,635
3053,1,Fast,0.4379788935184479,945,576
3053,1,Fast,0.3128822445869446,848,961
3054,1,Fast,0.8315601944923401,1070,666
3054,1,Fast,0.7839509844779968,851,970
3054,1,Fast,0.776993989944458,844,639
3054,1,Fast,0.5127183198928833,942,572
3055,1,Fast,0.8328264951705933,1068,662
3055,1,Fast,0.6293455958366394,845,643
3055,1,Fast,0.4877639412879944,941,567
3055,1,Fast,0.4620319604873657,812,831
3055,1,Fast,0.3736693561077118,853,976
3056,1,Fast,0.8639994859695435,1065,656
3056,1,Fast,0.8237153887748718,847,648
3056,1,Fast,0.7119934558868408,938,562
3056,1,Fast,0.6500338912010193,855,983
3057,1,Fast,0.8247959613800049,1061,651
3057,1,Fast,0.7072740197181702,857,989
3057,1,Fast,0.7065488696098328,937,558
3057,1,Fast,0.6049987077713013,849,653
3057,1,Fast,0.40172848105430603,929,778
3058,1,Fast,0.8158559203147888,1059,646
3058,1,Fast,0.7175251245498657,859,995
3058,1,Fast,0.6556491255760193,934,553
3058,1,Fast,0.5951758027076721,932,784
3058,1,Fast,0.5407227873802185,852,657
3059,1,Fast,0.8198879361152649,1056,641
3059,1,Fast,0.71970534324646,851,661
3059,1,Fast,0.7042163014411926,934,549
3060,1,Fast,0.8143509030342102,1054,636
3060,1,Fast,0.7376325130462646,852,666
3060,1,Fast,0.7135339975357056,936,799
3060,1,Fast,0.675308883190155,930,544
3060,1,Fast,0.36283624172210693,863,1009
3061,1,Fast,0.7541851997375488,853,670
3061,1,Fast,0.6876524686813354,939,807
3061,1,Fast,0.5410366058349609,929,540
3061,1,Fast,0.4682159125804901,865,1017
3061,1,Fast,0.4279775023460388,1052,631
3062,1,Fast,0.8496055006980896,1048,626
3062,1,Fast,0.834921658039093,854,677
3062,1,Fast,0.721653938293457,928,536
3062,1,Fast,0.6430388689041138,943,815
3062,1,Fast,0.5189424753189087,822,870
3063,1,Fast,0.8447573184967041,1045,621
3063,1,Fast,0.8280124068260193,856,681
3063,1,Fast,0.8046846985816956,946,823
3063,1,Fast,0.7399085164070129,927,531
3063,1,Fast,0.4023600220680237,869,1032
3064,1,Fast,0.855968177318573,1043,616
3064,1,Fast,0.8201798796653748,858,686
3064,1,Fast,0.809158205986023,950,830
3064,1,Fast,0.7466024160385132,926,527
3064,1,Fast,0.47287410497665405,872,1039
3065,1,Fast,0.858612596988678,1041,612
3065,1,Fast,0.8250359296798706,952,838
3065,1,Fast,0.8228768110275269,859,691
3065,1,Fast,0.7624875903129578,924,523
3065,1,Fast,0.6229401230812073,874,1046
3065,1,Fast,0.5343035459518433,828,887
3066,1,Fast,0.8672115802764893,1039,608
3066,1,Fast,0.8525697588920593,956,846
3066,1,Fast,0.7793812155723572,860,696
3066,1,Fast,0.7770588994026184,878,1050
3066,1,Fast,0.7638171315193176,922,520
3067,1,Fast,0.8776284456253052,1036,604
3067,1,Fast,0.7691929936408997,959,854
3067,1,Fast,0.719515323638916,921,516
3067,1,Fast,0.6162423491477966,862,701
3067,1,Fast,0.4211823642253876,881,1054
3068,1,Fast,0.8834214806556702,1034,599
3068,1,Fast,0.7296960949897766,962,862
3068,1,Fast,0.672799825668335,919,512
3068,1,Fast,0.5692148208618164,863,707
3068,2,Slow,0.408531129360199,861,568
3069,1,Fast,0.8793442249298096,1031,595
3069,1,Fast,0.7520936131477356,918,507
3069,1,Fast,0.470715194940567,866,712
3069,2,Slow,0.35007578134536743,862,573
3069,1,Fast,0.34459388256073,965,871
3070,1,Fast,0.8753504157066345,1029,591
3070,1,Fast,0.7188908457756042,916,503
3070,1,Fast,0.6526445150375366,868,718
3070,1,Fast,0.5247425436973572,836,917
3070,1,Fast,0.36170291900634766,968,880
3071,1,Fast,0.8640337586402893,1026,586
3071,1,Fast,0.7790699601173401,869,722
3071,1,Fast,0.6423415541648865,838,924
3071,1,Fast,0.6403242349624634,915,498
3072,1,Fast,0.8586962819099426,1024,582
3072,1,Fast,0.808949887752533,870,727
3072,1,Fast,0.7099048495292664,840,929
3072,1,Fast,0.5808457732200623,914,494
3073,1,Fast,0.8359556794166565,1022,578
3073,1,Fast,0.8300700187683105,872,733
3073,1,Fast,0.8026872873306274,842,935
3073,1,Fast,0.5706027746200562,913,490
3073,1,Fast,0.5459679365158081,980,908
3073,1,Fast,0.3212744891643524,809,494
3074,1,Fast,0.8651881217956543,1020,574
3074,1,Fast,0.815173327922821,873,740
3074,1,Fast,0.6472394466400146,984,918
3074,1,Fast,0.6267997026443481,844,941
3074,1,Fast,0.5906321406364441,912,485
3075,1,Fast,0.86130690574646,1018,570
3075,1,Fast,0.8323355317115784,874,745
3075,1,Fast,0.8306999802589417,987,928
3075,1,Fast,0.6782915592193604,845,947
3075,1,Fast,0.6587023138999939,912,482
3075,2,Slow,0.3510894477367401,841,507
3076,1,Fast,0.8612780570983887,876,751
3076,1,Fast,0.8581720590591431,1016,566
3076,1,Fast,0.7869386076927185,991,937
3076,1,Fast,0.6264111995697021,910,480
3076,1,Fast,0.34627506136894226,871,607
3077,1,Fast,0.8701474070549011,1014,563
3077,1,Fast,0.721957266330719,995,947
3077,1,Fast,0.5989950299263,879,757
3078,1,Fast,0.8659394979476929,1000,957
3078,1,Fast,0.8533440828323364,1012,560
3078,1,Fast,0.7176320552825928,881,763
3079,1,Fast,0.8659963011741638,1009,555
3079,1,Fast,0.826836347579956,1004,967
3079,1,Fast,0.776277482509613,882,769
3079,2,Slow,0.3353734016418457,845,523
3079,1,Fast,0.31360143423080444,853,975
3080,1,Fast,0.8181940913200378,885,775
3080,1,Fast,0.7967687845230103,1008,552
3080,1,Fast,0.5609732866287231,855,981
3080,1,Fast,0.5527000427246094,1008,977
3081,1,Fast,0.8525376319885254,1006,548
3081,1,Fast,0.835299015045166,887,781
3081,1,Fast,0.6003645658493042,813,519
3081,2,Slow,0.5818990468978882,846,531
3082,1,Fast,0.8639982342720032,1004,545
3082,1,Fast,0.7785478830337524,889,787
3082,1,Fast,0.6284840106964111,813,524
3082,1,Fast,0.5886412858963013,1017,999
3082,2,Slow,0.47281137108802795,847,536
3082,1,Fast,0.3984059691429138,860,996
3083,1,Fast,0.8632937669754028,1003,541
3083,1,Fast,0.8365302085876465,891,793
3083,1,Fast,0.6662139892578125,1022,1011
3083,1,Fast,0.5412724614143372,814,526
3083,2,Slow,0.30028972029685974,848,540
3084,1,Fast,0.8499069809913635,1001,537
3084,1,Fast,0.8187476992607117,893,798
3084,1,Fast,0.51543790102005,1027,1023
3084,1,Fast,0.49838778376579285,815,531
3084,1,Fast,0.3727709650993347,901,452
3085,1,Fast,0.8333500027656555,895,806
3085,1,Fast,0.7767370343208313,999,533
3085,1,Fast,0.5210996270179749,899,449
3085,1,Fast,0.5163025259971619,1032,1034
3085,1,Fast,0.46189701557159424,815,535
3086,1,Fast,0.8565976619720459,896,813
3086,1,Fast,0.7994263768196106,888,664
3086,1,Fast,0.7992907762527466,996,529
3086,1,Fast,0.4102647304534912,815,538
3086,1,Fast,0.4052004814147949,899,447
3087,1,Fast,0.8426912426948547,898,820
3087,1,Fast,0.743834376335144,995,526
3087,1,Fast,0.6500269770622253,897,444
3087,1,Fast,0.5088697075843811,816,540
3088,1,Fast,0.8501287698745728,900,827
3088,1,Fast,0.7734701037406921,993,522
3088,1,Fast,0.6736352443695068,897,440
3088,1,Fast,0.4839344620704651,816,544
3088,2,Slow,0.30700841546058655,856,561
3089,1,Fast,0.8404943943023682,903,834
3089,1,Fast,0.7211506366729736,991,519
3089,1,Fast,0.3679367005825043,897,436
3090,1,Fast,0.8679760098457336,905,841
3090,1,Fast,0.7155901789665222,990,516
3090,1,Fast,0.3628966808319092,897,433
3091,1,Fast,0.8743149638175964,989,513
3091,1,Fast,0.8694854974746704,907,848
3092,1,Fast,0.8689843416213989,910,854
3092,1,Fast,0.8282469511032104,986,510
3092,1,Fast,0.5712514519691467,895,425
3093,1,Fast,0.8793308734893799,913,862
3093,1,Fast,0.6711810231208801,985,506
3093,1,Fast,0.6222026944160461,894,422
3093,1,Fast,0.5663019418716431,822,565
3093,1,Fast,0.5654201507568359,902,709
3094,1,Fast,0.8854133486747742,915,869
3094,1,Fast,0.6563889980316162,894,420
3094,1,Fast,0.5783421397209167,823,569
3094,1,Fast,0.5252246856689453,983,503
3095,1,Fast,0.8782151341438293,918,877
3095,1,Fast,0.6163339018821716,894,417
3095,1,Fast,0.5825281739234924,824,572
3095,1,Fast,0.4380699694156647,981,500
3096,1,Fast,0.8694302439689636,921,884
3096,1,Fast,0.7765593528747559,893,415
3096,1,Fast,0.6794649958610535,825,577
3096,1,Fast,0.6334182024002075,980,497
3097,1,Fast,0.8622387051582336,923,890
3097,1,Fast,0.7868465185165405,892,413
3097,1,Fast,0.6345220804214478,826,581
3097,1,Fast,0.5772363543510437,979,493
3098,1,Fast,0.8604065179824829,926,899
3098,1,Fast,0.6977169513702393,892,409
3098,1,Fast,0.41591137647628784,977,490
3099,1,Fast,0.8443679213523865,929,908
3099,1,Fast,0.532008707523346,892,406
3100,1,Fast,0.8177232146263123,931,916
3100,1,Fast,0.42664816975593567,892,403
3101,1,Fast,0.8488171100616455,934,925
3101,1,Fast,0.395902544260025,973,481
3102,1,Fast,0.8448063731193542,937,933
3102,1,Fast,0.38459262251853943,972,478
3103,1,Fast,0.8754984736442566,940,942
3103,1,Fast,0.3118642568588257,891,395
3104,1,Fast,0.8654914498329163,943,950
3104,1,Fast,0.33071401715278625,890,393
3105,1,Fast,0.8800257444381714,946,958
3105,1,Fast,0.3074268400669098,888,391
3106,1,Fast,0.8822546005249023,949,967
3107,1,Fast,0.8720589280128479,953,976
3108,1,Fast,0.8860390186309814,957,985
3108,1,Fast,0.6284274458885193,965,461
3108,1,Fast,0.43097367882728577,887,384
3109,1,Fast,0.8832520842552185,961,995
3109,1,Fast,0.7480723261833191,948,831
3109,1,Fast,0.6876453757286072,963,458
3109,1,Fast,0.6132189035415649,1210,1016
3109,1,Fast,0.4655279517173767,887,381
3109,1,Fast,0.33971938490867615,762,639
3110,1,Fast,0.8578360676765442,964,1004
3110,1,Fast,0.7292324900627136,962,456
3110,1,Fast,0.6327071189880371,886,378
3110,1,Fast,0.3368895649909973,763,643
3111,1,Fast,0.8049023747444153,967,1014
3111,1,Fast,0.6656336188316345,961,453
3111,1,Fast,0.48002952337265015,763,646
3111,1,Fast,0.4674912989139557,1197,995
3111,1,Fast,0.4143456220626831,886,376
3112,1,Fast,0.7394101619720459,971,1025
3112,1,Fast,0.6750549674034119,1191,984
3112,1,Fast,0.5505592226982117,960,450
3112,1,Fast,0.5105739235877991,766,649
3112,1,Fast,0.3476257920265198,843,650
3112,1,Fast,0.3038538098335266,886,373
3113,1,Fast,0.7130492925643921,974,1035
3113,1,Fast,0.5494234561920166,959,447
3113,1,Fast,0.5066993832588196,886,371
3113,1,Fast,0.47094404697418213,1185,974
3113,0,VRU,0.3800389766693115,738,516
3114,1,Fast,0.5158876180648804,885,368
3114,1,Fast,0.49938610196113586,1179,964
3114,1,Fast,0.44545698165893555,978,1044
3114,1,Fast,0.31127431988716125,845,659
3115,1,Fast,0.5994558334350586,982,1049
3115,1,Fast,0.49115797877311707,883,365
3116,1,Fast,0.46143388748168945,883,364
3116,1,Fast,0.4488893449306488,991,1055
3117,1,Fast,0.4033859670162201,998,1060
3119,1,Fast,0.3200680911540985,952,431
3120,1,Fast,0.5382805466651917,952,429
3120,1,Fast,0.44614309072494507,855,693
3121,1,Fast,0.39094826579093933,951,426
3122,1,Fast,0.5797048211097717,950,423
3123,1,Fast,0.4371298849582672,949,421
3123,1,Fast,0.42811548709869385,859,709
3124,1,Fast,0.5163246393203735,948,418
3125,1,Fast,0.6928724050521851,947,416
3126,1,Fast,0.7592201232910156,946,414
3127,1,Fast,0.8109091520309448,945,411
3128,1,Fast,0.8259354829788208,944,409
3128,1,Fast,0.31894156336784363,868,740
3129,1,Fast,0.8198503851890564,943,407
3129,1,Fast,0.6289591193199158,870,746
3129,2,Slow,0.4789881706237793,745,546
3129,1,Fast,0.35827672481536865,851,522
3130,1,Fast,0.7880156636238098,943,405
3130,1,Fast,0.7508233189582825,872,753
3130,1,Fast,0.6616628766059875,852,526
3130,2,Slow,0.6295368671417236,746,548
3130,1,Fast,0.3221060335636139,783,709
3131,1,Fast,0.7579065561294556,942,403
3131,1,Fast,0.7278047204017639,853,530
3131,2,Slow,0.5147712230682373,745,549
3132,1,Fast,0.78902268409729,854,535
3132,1,Fast,0.7443613409996033,940,401
3132,1,Fast,0.5005297660827637,876,766
3133,1,Fast,0.8020108342170715,855,539
3133,1,Fast,0.7077693343162537,877,774
3133,1,Fast,0.6861461997032166,940,398
3134,1,Fast,0.809822678565979,856,544
3134,1,Fast,0.5649480223655701,880,781
3134,1,Fast,0.4847535490989685,939,396
3135,1,Fast,0.8125320076942444,857,549
3135,1,Fast,0.5495739579200745,939,394
3135,1,Fast,0.4861542880535126,879,324
3136,1,Fast,0.810337245464325,859,553
3136,1,Fast,0.6714637875556946,939,392
3136,1,Fast,0.4782875180244446,879,322
3137,1,Fast,0.7977679967880249,860,558
3137,1,Fast,0.4900768995285034,886,800
3137,1,Fast,0.3824984133243561,808,447
3138,1,Fast,0.8162954449653625,861,563
3138,1,Fast,0.6348674893379211,808,450
3138,1,Fast,0.5365524291992188,888,807
3138,1,Fast,0.4193553328514099,878,318
3139,1,Fast,0.794426679611206,862,568
3139,1,Fast,0.49711278080940247,808,452
3139,1,Fast,0.35403120517730713,891,816
3140,1,Fast,0.7769354581832886,864,574
3140,1,Fast,0.6253514289855957,894,825
3140,1,Fast,0.47843480110168457,808,456
3141,1,Fast,0.8410220742225647,865,579
3141,1,Fast,0.4818892180919647,895,832
3141,1,Fast,0.4763144552707672,808,459
3142,1,Fast,0.8365798592567444,867,585
3142,1,Fast,0.6730746030807495,898,840
3142,1,Fast,0.5685734748840332,808,460
3143,1,Fast,0.8518664240837097,868,591
3143,1,Fast,0.660345196723938,901,847
3144,1,Fast,0.8588432669639587,870,596
3144,1,Fast,0.6076438426971436,903,856
3145,1,Fast,0.8569535613059998,872,601
3146,1,Fast,0.8446829319000244,873,607
3146,1,Fast,0.5203539729118347,811,472
3147,1,Fast,0.8800027966499329,874,613
3147,1,Fast,0.430848091840744,810,475
3148,1,Fast,0.8752566576004028,876,619
3148,1,Fast,0.6918215155601501,811,477
3148,1,Fast,0.5467599034309387,914,889
3149,1,Fast,0.877164363861084,878,625
3149,1,Fast,0.7295352220535278,811,480
3149,1,Fast,0.506536602973938,918,896
3150,1,Fast,0.8216796517372131,879,630
3150,1,Fast,0.7588217854499817,811,483
3150,1,Fast,0.6911860108375549,921,907
3151,1,Fast,0.8037928342819214,881,637
3151,1,Fast,0.8004433512687683,812,486
3151,1,Fast,0.7815697193145752,1239,1047
3151,1,Fast,0.48559871315956116,925,918
3152,1,Fast,0.8467205762863159,884,643
3152,1,Fast,0.7455572485923767,927,927
3152,1,Fast,0.6699587106704712,812,488
3153,1,Fast,0.8439486026763916,886,650
3153,1,Fast,0.7491011619567871,813,492
3153,1,Fast,0.7421640753746033,931,935
3153,1,Fast,0.678174614906311,1224,1023
3154,1,Fast,0.8270874619483948,888,656
3154,1,Fast,0.7266008853912354,814,494
3154,1,Fast,0.6732389330863953,1219,1013
3154,1,Fast,0.47447800636291504,933,945
3155,1,Fast,0.761688768863678,890,663
3155,1,Fast,0.7342650294303894,936,955
3155,1,Fast,0.7260706424713135,1211,1002
3155,1,Fast,0.6926956176757812,814,497
3156,1,Fast,0.845991313457489,940,964
3156,1,Fast,0.8350028395652771,892,669
3156,1,Fast,0.7526402473449707,814,500
3156,1,Fast,0.6420608758926392,1204,992
3157,1,Fast,0.7901779413223267,894,676
3157,1,Fast,0.7885624766349792,945,974
3157,1,Fast,0.6874201893806458,815,503
3157,1,Fast,0.5758882761001587,1198,982
3158,1,Fast,0.8279068470001221,896,683
3158,1,Fast,0.7104265093803406,815,505
3158,1,Fast,0.5572389960289001,1192,972
3159,1,Fast,0.7825826406478882,899,689
3159,1,Fast,0.7670616507530212,1186,961
3159,1,Fast,0.6813169121742249,816,508
3160,1,Fast,0.7845664620399475,901,696
3160,1,Fast,0.7740217447280884,1181,953
3160,1,Fast,0.7241678833961487,816,512
3161,1,Fast,0.7917842864990234,1174,943
3161,1,Fast,0.7768633961677551,817,515
3161,1,Fast,0.732367992401123,903,704
3162,1,Fast,0.7774444222450256,817,519
3162,1,Fast,0.6804559826850891,906,712
3162,1,Fast,0.6767473816871643,1169,933
3163,1,Fast,0.7752289175987244,818,521
3163,1,Fast,0.7661128640174866,1164,924
3163,1,Fast,0.41471067070961,909,719
3164,1,Fast,0.7630584836006165,818,524
3164,1,Fast,0.7082825303077698,911,727
3164,1,Fast,0.5326912999153137,1159,915
3165,1,Fast,0.7978804707527161,915,734
3165,1,Fast,0.7737061381340027,819,529
3165,1,Fast,0.7618743181228638,1154,905
3166,1,Fast,0.8495301604270935,918,742
3166,1,Fast,0.7657387852668762,819,531
3166,1,Fast,0.746035635471344,1148,897
3167,1,Fast,0.8608537316322327,921,750
3167,1,Fast,0.7318394184112549,820,534
3167,1,Fast,0.6476889848709106,1143,887
3168,1,Fast,0.8611142039299011,924,758
3168,1,Fast,0.7599039673805237,1137,879
3168,1,Fast,0.6584795117378235,821,538
3168,1,Fast,0.5791754722595215,833,883
3169,1,Fast,0.8595271110534668,927,766
3169,1,Fast,0.5915822386741638,822,541
3169,1,Fast,0.45204830169677734,1133,871
3169,1,Fast,0.35420462489128113,836,889
3170,1,Fast,0.846903920173645,930,775
3170,1,Fast,0.6578862071037292,823,544
3170,1,Fast,0.6573356986045837,1128,862
3171,1,Fast,0.8542710542678833,933,784
3171,1,Fast,0.731329619884491,1123,854
3171,1,Fast,0.6892239451408386,824,548
3171,1,Fast,0.37232109904289246,851,524
3172,1,Fast,0.8288792967796326,937,792
3172,1,Fast,0.6967471837997437,825,551
3172,1,Fast,0.6107622981071472,1120,847
3172,1,Fast,0.47828564047813416,842,907
3173,1,Fast,0.8140204548835754,940,801
3173,1,Fast,0.7283571362495422,826,554
3173,1,Fast,0.6909877061843872,1115,838
3173,1,Fast,0.4978923499584198,843,913
3174,1,Fast,0.8503358960151672,944,811
3174,1,Fast,0.7971885800361633,1109,830
3174,1,Fast,0.7804576754570007,826,558
3174,1,Fast,0.5419949293136597,845,919
3175,1,Fast,0.8529722690582275,948,820
3175,1,Fast,0.8344940543174744,1105,822
3175,1,Fast,0.769333004951477,827,562
3175,1,Fast,0.5504602789878845,847,926
3176,1,Fast,0.8551651239395142,951,830
3176,1,Fast,0.793752908706665,1102,816
3176,1,Fast,0.7610626220703125,828,566
3176,1,Fast,0.6707693934440613,848,932
3177,1,Fast,0.8746895790100098,955,840
3177,1,Fast,0.8298053741455078,851,938
3177,1,Fast,0.7606384754180908,830,570
3177,1,Fast,0.524888813495636,1099,808
3178,1,Fast,0.8693832755088806,960,850
3178,1,Fast,0.7826670408248901,830,574
3178,1,Fast,0.7166754603385925,853,943
3178,1,Fast,0.642995297908783,1093,801
3178,1,Fast,0.611198902130127,859,556
3179,1,Fast,0.8135088682174683,964,860
3179,1,Fast,0.8101446628570557,1089,793
3179,1,Fast,0.7942357063293457,855,949
3179,1,Fast,0.7513316869735718,832,579
3179,1,Fast,0.4136270582675934,861,561
3180,1,Fast,0.8278469443321228,968,870
3180,1,Fast,0.7357469797134399,832,583
3180,1,Fast,0.6784573793411255,862,566
3180,1,Fast,0.5308129787445068,1085,787
3181,1,Fast,0.8868208527565002,972,882
3181,1,Fast,0.7054294347763062,833,586
3181,1,Fast,0.35388946533203125,864,570
3182,1,Fast,0.866563618183136,977,892
3182,1,Fast,0.6740973591804504,834,590
3182,1,Fast,0.6529151201248169,864,575
3182,1,Fast,0.412638783454895,861,970
3183,1,Fast,0.8760900497436523,982,904
3183,1,Fast,0.5676913261413574,834,594
3183,1,Fast,0.49779367446899414,866,579
3184,1,Fast,0.8833289742469788,986,915
3184,1,Fast,0.6548166871070862,1070,759
3184,1,Fast,0.5230886936187744,835,598
3184,1,Fast,0.5078099370002747,867,584
3185,1,Fast,0.8888012170791626,991,927
3185,1,Fast,0.6273144483566284,867,589
3185,1,Fast,0.5669125318527222,835,602
3185,2,Slow,0.5536207556724548,771,688
3185,1,Fast,0.38491979241371155,868,991
3186,1,Fast,0.8842296600341797,996,939
3186,1,Fast,0.7780392169952393,1063,746
3186,1,Fast,0.6916104555130005,871,997
3186,1,Fast,0.5130423903465271,868,595
3186,1,Fast,0.4937365651130676,956,526
3186,1,Fast,0.45983120799064636,837,608
3187,1,Fast,0.8819959759712219,1001,951
3187,1,Fast,0.7055269479751587,1060,739
3187,1,Fast,0.6254233121871948,838,612
3187,1,Fast,0.46072015166282654,870,600
3188,1,Fast,0.8757351040840149,1006,963
3188,1,Fast,0.7149301767349243,839,616
3189,1,Fast,0.872117817401886,1011,975
3189,1,Fast,0.7533391118049622,840,620
3189,1,Fast,0.694263219833374,1053,729
3190,1,Fast,0.8723333477973938,1017,989
3190,1,Fast,0.714444637298584,842,625
3191,1,Fast,0.8147507905960083,1024,1003
3191,1,Fast,0.8009612560272217,843,629
3192,1,Fast,0.8216716051101685,844,634
3192,1,Fast,0.7199239134788513,879,629
3192,1,Fast,0.698915958404541,1030,1016
3193,1,Fast,0.740952730178833,846,638
3193,1,Fast,0.6907171607017517,881,634
3193,1,Fast,0.5769251585006714,1037,1029
3193,1,Fast,0.5044201612472534,1040,705
3194,1,Fast,0.8534634709358215,1038,699
3194,1,Fast,0.7166905999183655,883,640
3194,1,Fast,0.7143691182136536,1042,1043
3194,1,Fast,0.6841395497322083,847,643
3195,1,Fast,0.3339434266090393,885,646
3196,1,Fast,0.7321274280548096,1032,687
3196,1,Fast,0.4680357277393341,850,650
3196,1,Fast,0.3468390703201294,887,652
3197,1,Fast,0.3201066851615906,889,660
3199,1,Fast,0.3242590129375458,854,666
3200,1,Fast,0.4228891134262085,855,670
3201,1,Fast,0.7581211924552917,856,676
3201,1,Fast,0.3584078848361969,839,448
3202,1,Fast,0.7762551307678223,858,681
3202,1,Fast,0.41771167516708374,839,451
3203,1,Fast,0.7353225350379944,859,685
3203,1,Fast,0.5662841796875,840,454
3204,1,Fast,0.7842357754707336,861,691
3204,1,Fast,0.3271540105342865,840,456
3205,1,Fast,0.8322307467460632,862,696
3205,1,Fast,0.337981641292572,841,460
3206,1,Fast,0.8369985818862915,863,702
3206,1,Fast,0.40380609035491943,841,463
3207,1,Fast,0.786252498626709,866,707
3207,2,Slow,0.37286508083343506,1003,631
3208,1,Fast,0.6372299194335938,868,712
3208,1,Fast,0.6157591342926025,1232,1053
3208,2,Slow,0.5167587399482727,1001,625
3208,2,Slow,0.3453829288482666,931,455
3209,1,Fast,0.8573487401008606,1224,1045
3209,2,Slow,0.6485381126403809,999,620
3209,1,Fast,0.640139102935791,870,718
3209,2,Slow,0.30067577958106995,930,387
3210,1,Fast,0.8728938698768616,1217,1033
3210,1,Fast,0.7119776010513306,871,723
3210,2,Slow,0.5879939198493958,997,615
3210,2,Slow,0.3590320348739624,930,385
3211,1,Fast,0.8882631659507751,1210,1020
3211,1,Fast,0.4824941158294678,845,479
3211,1,Fast,0.4375263452529907,872,728
3211,2,Slow,0.4323536157608032,994,611
3212,1,Fast,0.8773312568664551,1202,1009
3212,1,Fast,0.5061880946159363,846,483
3212,2,Slow,0.37832754850387573,927,443
3213,1,Fast,0.8767803311347961,1196,997
3213,1,Fast,0.3892744481563568,846,486
3214,1,Fast,0.8737887740135193,1189,986
3214,1,Fast,0.54680335521698,925,438
3214,1,Fast,0.5049555897712708,847,490
3214,1,Fast,0.3527124226093292,877,744
3215,1,Fast,0.8828814625740051,1182,975
3215,1,Fast,0.6908485889434814,879,750
3215,1,Fast,0.6250591278076172,849,494
3216,1,Fast,0.8908279538154602,1176,964
3216,1,Fast,0.7716027498245239,881,757
3216,1,Fast,0.49700644612312317,923,432
3216,1,Fast,0.37835702300071716,849,497
3217,1,Fast,0.8847489356994629,1170,954
3217,1,Fast,0.8152821660041809,883,762
3217,2,Slow,0.46090447902679443,982,585
3218,1,Fast,0.8889749050140381,1165,944
3218,1,Fast,0.8277367353439331,885,768
3218,2,Slow,0.5349783897399902,980,582
3218,2,Slow,0.35492420196533203,922,426
3219,1,Fast,0.89286208152771,1158,933
3219,1,Fast,0.8309968113899231,886,774
3219,2,Slow,0.5075350999832153,979,577
3219,1,Fast,0.3591633141040802,943,823
3220,1,Fast,0.9010669589042664,1153,923
3220,1,Fast,0.8148322105407715,889,781
3220,2,Slow,0.7005434036254883,977,573
3221,1,Fast,0.8774123787879944,1147,914
3221,1,Fast,0.7510206699371338,891,788
3221,2,Slow,0.4784405529499054,975,569
3222,1,Fast,0.8664526343345642,1142,904
3222,1,Fast,0.855002224445343,893,793
3223,1,Fast,0.8521225452423096,1136,895
3223,1,Fast,0.8030311465263367,895,799
3224,1,Fast,0.8716724514961243,1131,885
3224,1,Fast,0.7818580865859985,896,806
3224,2,Slow,0.387592077255249,970,557
3225,1,Fast,0.8581627607345581,1126,876
3225,1,Fast,0.7660841941833496,898,813
3225,2,Slow,0.6793310046195984,968,554
3225,1,Fast,0.5165859460830688,844,465
3225,1,Fast,0.4254569411277771,965,884
3226,1,Fast,0.862061619758606,1121,868
3226,1,Fast,0.7623943090438843,900,820
3226,2,Slow,0.3787839710712433,967,549
3226,2,Slow,0.3137313723564148,917,406
3227,1,Fast,0.8320786952972412,1117,859
3227,1,Fast,0.8084971308708191,903,827
3227,2,Slow,0.8063673377037048,964,546
3227,1,Fast,0.45543038845062256,974,904
3227,1,Fast,0.3276447653770447,845,472
3228,1,Fast,0.820529043674469,905,833
3228,1,Fast,0.8109346628189087,1112,850
3228,2,Slow,0.6299035549163818,963,542
3228,2,Slow,0.5994315147399902,923,352
3228,1,Fast,0.5243304967880249,979,916
3229,1,Fast,0.8592626452445984,1107,842
3229,1,Fast,0.7807325124740601,982,927
3229,1,Fast,0.7715968489646912,908,841
3229,2,Slow,0.6808335781097412,960,538
3229,1,Fast,0.41641926765441895,846,479
3229,2,Slow,0.41590791940689087,916,400
3229,2,Slow,0.37425923347473145,922,349
3230,1,Fast,0.8408306241035461,911,849
3230,1,Fast,0.8274142742156982,1102,833
3230,1,Fast,0.7602893114089966,986,938
3230,2,Slow,0.7254845499992371,960,534
3230,1,Fast,0.38671571016311646,847,482
3231,1,Fast,0.8460660576820374,912,856
3231,1,Fast,0.7425409555435181,990,948
3231,1,Fast,0.7291824221611023,1098,825
3231,2,Slow,0.7134097814559937,958,530
3232,1,Fast,0.8670361042022705,916,863
3232,1,Fast,0.6886813044548035,1094,817
3232,1,Fast,0.6675332188606262,849,490
3232,1,Fast,0.6138113737106323,995,960
3232,2,Slow,0.5169817805290222,958,526
3233,1,Fast,0.866744339466095,918,871
3233,1,Fast,0.7182830572128296,849,494
3233,1,Fast,0.5517310500144958,867,567
3233,2,Slow,0.5311285853385925,957,523
3233,1,Fast,0.5228714942932129,1089,809
3233,1,Fast,0.47785964608192444,1000,973
3234,1,Fast,0.8215898275375366,921,880
3234,1,Fast,0.7473880648612976,850,497
3234,1,Fast,0.6147471070289612,868,572
3234,1,Fast,0.5696831345558167,1085,800
3234,2,Slow,0.5471866726875305,955,520
3235,1,Fast,0.8684244155883789,925,887
3235,1,Fast,0.7522550821304321,870,576
3235,1,Fast,0.6131646037101746,851,500
3235,2,Slow,0.6036468744277954,953,517
3235,1,Fast,0.42453569173812866,826,566
3235,2,Slow,0.3666132092475891,920,339
3235,1,Fast,0.35938456654548645,1081,792
3236,1,Fast,0.8624324798583984,927,895
3236,1,Fast,0.8100666403770447,871,580
3236,1,Fast,0.6611798405647278,1077,785
3236,1,Fast,0.6605154871940613,851,505
3236,2,Slow,0.5597140789031982,952,513
3236,2,Slow,0.46207380294799805,920,338
3237,1,Fast,0.7898175716400146,929,904
3237,2,Slow,0.7292219996452332,950,510
3237,1,Fast,0.6581712365150452,852,508
3237,1,Fast,0.5413716435432434,872,584
3237,1,Fast,0.4237469732761383,1073,778
3238,1,Fast,0.8097224235534668,932,912
3238,1,Fast,0.7202341556549072,873,589
3238,2,Slow,0.6018026471138,948,507
3238,1,Fast,0.5649089813232422,853,512
3238,1,Fast,0.4885769486427307,1069,771
3238,1,Fast,0.31469035148620605,828,578
3239,1,Fast,0.7939643263816833,935,921
3239,1,Fast,0.7662824988365173,875,594
3239,2,Slow,0.6673471331596375,947,503
3239,1,Fast,0.611353874206543,829,582
3239,1,Fast,0.551030158996582,1066,764
3239,1,Fast,0.329358845949173,855,516
3239,2,Slow,0.3226161003112793,855,516
3240,1,Fast,0.7995797395706177,938,929
3240,1,Fast,0.721681535243988,855,519
3240,1,Fast,0.6473446488380432,877,599
3240,2,Slow,0.6053780913352966,947,499
3240,1,Fast,0.3995857834815979,830,587
3241,1,Fast,0.8593401908874512,941,937
3241,1,Fast,0.7290912866592407,857,523
3241,2,Slow,0.6355688571929932,946,497
3241,1,Fast,0.5187333226203918,878,604
3241,1,Fast,0.3307044208049774,1059,749
3242,1,Fast,0.8588941693305969,944,947
3242,1,Fast,0.7279666066169739,879,610
3242,1,Fast,0.7269359230995178,858,527
3242,2,Slow,0.5341616272926331,945,493
3243,1,Fast,0.8674716353416443,947,956
3243,1,Fast,0.779776930809021,881,614
3243,1,Fast,0.6810862421989441,858,530
3243,1,Fast,0.5187351703643799,1052,735
3243,2,Slow,0.4297564923763275,944,490
3244,1,Fast,0.8637695908546448,950,965
3244,1,Fast,0.8122382164001465,883,620
3244,1,Fast,0.7549389600753784,859,534
3244,1,Fast,0.585645318031311,811,460
3244,2,Slow,0.4142577350139618,943,486
3244,1,Fast,0.3964444100856781,1047,729
3245,1,Fast,0.8443677425384521,953,974
3245,1,Fast,0.8131597638130188,884,625
3245,1,Fast,0.6905209422111511,859,538
3245,1,Fast,0.6807683706283569,1044,723
3245,2,Slow,0.6567593216896057,941,483
3245,1,Fast,0.5966484546661377,811,463
3246,1,Fast,0.8645601868629456,957,983
3246,1,Fast,0.832237184047699,886,631
3246,1,Fast,0.712741494178772,861,543
3246,1,Fast,0.6416394710540771,1041,716
3246,2,Slow,0.4656074345111847,940,480
3247,1,Fast,0.8458215594291687,961,994
3247,1,Fast,0.8386766314506531,888,636
3247,1,Fast,0.7289595603942871,1038,710
3247,2,Slow,0.5255711674690247,939,479
3247,1,Fast,0.45130741596221924,837,616
3248,1,Fast,0.845831573009491,965,1003
3248,1,Fast,0.8400507569313049,890,641
3248,1,Fast,0.7394999861717224,1035,703
3248,1,Fast,0.7216694951057434,837,621
3248,2,Slow,0.6883010864257812,938,475
3248,1,Fast,0.6504507660865784,864,552
3249,1,Fast,0.8705852627754211,891,647
3249,1,Fast,0.8101951479911804,839,626
3249,2,Slow,0.7857767343521118,937,472
3249,1,Fast,0.7024630904197693,969,1015
3249,1,Fast,0.6795935034751892,1032,697
3249,1,Fast,0.65546715259552,866,557
3250,1,Fast,0.8421505093574524,893,653
3250,2,Slow,0.8197848796844482,935,469
3250,1,Fast,0.7954004406929016,840,631
3250,1,Fast,0.7620696425437927,972,1026
3250,1,Fast,0.7157132029533386,1030,691
3250,1,Fast,0.6285984516143799,866,561
3250,1,Fast,0.46294838190078735,812,478
3251,1,Fast,0.8489068746566772,895,659
3251,1,Fast,0.8405445218086243,841,634
3251,2,Slow,0.6790400743484497,935,465
3251,1,Fast,0.6773343682289124,976,1036
3251,1,Fast,0.5187621712684631,812,481
3251,1,Fast,0.5113570094108582,1028,686
3251,1,Fast,0.5051077008247375,868,566
3252,1,Fast,0.8325011730194092,897,665
3252,1,Fast,0.8215843439102173,843,639
3252,2,Slow,0.7452390789985657,934,462
3252,1,Fast,0.6666468381881714,869,570
3252,1,Fast,0.619888424873352,1025,680
3252,1,Fast,0.6101211309432983,980,1045
3253,1,Fast,0.8307650089263916,898,671
3253,1,Fast,0.8024043440818787,843,643
3253,2,Slow,0.7087644338607788,934,458
3253,1,Fast,0.5522457957267761,986,1050
3253,1,Fast,0.4161176085472107,1022,674
3253,1,Fast,0.36056777834892273,812,488
3254,1,Fast,0.8297033905982971,900,677
3254,2,Slow,0.7702819108963013,932,457
3254,1,Fast,0.7556735873222351,845,649
3254,1,Fast,0.46009084582328796,1019,669
3254,1,Fast,0.37131646275520325,814,491
3255,1,Fast,0.8205103874206543,873,583
3255,1,Fast,0.8111693263053894,902,683
3255,1,Fast,0.6458359360694885,846,653
3255,2,Slow,0.633193850517273,932,453
3255,1,Fast,0.5917891263961792,814,493
3255,1,Fast,0.5316905379295349,1015,663
3256,1,Fast,0.8242906928062439,904,689
3256,1,Fast,0.788383424282074,874,589
3256,2,Slow,0.7188453674316406,931,451
3256,1,Fast,0.6034892201423645,814,495
3256,1,Fast,0.468301385641098,1012,657
3257,1,Fast,0.850732684135437,907,696
3257,1,Fast,0.7802157402038574,875,592
3257,2,Slow,0.6022918820381165,930,449
3257,1,Fast,0.5790866017341614,849,663
3257,1,Fast,0.5292558073997498,1009,652
3258,1,Fast,0.7624356150627136,909,702
3258,2,Slow,0.697555422782898,928,445
3258,1,Fast,0.5263204574584961,1007,646
3258,1,Fast,0.47524237632751465,851,668
3258,1,Fast,0.39323690533638,877,597
3259,1,Fast,0.7300365567207336,912,709
3259,2,Slow,0.66264808177948,928,443
3259,1,Fast,0.4610888659954071,852,673
3259,1,Fast,0.3137896955013275,814,508
3260,2,Slow,0.7892311811447144,927,440
3260,1,Fast,0.7298057079315186,914,715
3260,1,Fast,0.6784085035324097,853,679
3260,1,Fast,0.38380998373031616,1002,635
3260,1,Fast,0.3441738784313202,814,511
3261,1,Fast,0.818328857421875,916,722
3261,1,Fast,0.7677004337310791,855,684
3261,2,Slow,0.6842990517616272,926,437
3261,1,Fast,0.5749915242195129,814,513
3262,1,Fast,0.8241382837295532,918,729
3262,1,Fast,0.7317326664924622,856,690
3262,2,Slow,0.6925493478775024,926,434
3262,1,Fast,0.5879969596862793,815,516
3262,1,Fast,0.492401659488678,884,619
3263,1,Fast,0.8529110550880432,921,737
3263,1,Fast,0.7990477085113525,858,695
3263,2,Slow,0.5280008316040039,925,431
3263,1,Fast,0.44277435541152954,816,520
3264,1,Fast,0.8769267797470093,923,744
3264,1,Fast,0.7899952530860901,859,700
3264,2,Slow,0.7176334261894226,925,427
3264,1,Fast,0.48710349202156067,887,628
3264,1,Fast,0.44852274656295776,994,614
3264,1,Fast,0.3709534704685211,817,526
3265,1,Fast,0.8730131387710571,925,751
3265,1,Fast,0.7140839099884033,860,706
3265,2,Slow,0.6856194138526917,924,425
3265,1,Fast,0.5191354155540466,889,635
3265,1,Fast,0.39844441413879395,817,529
3265,1,Fast,0.38674694299697876,991,610
3266,1,Fast,0.8649693727493286,927,758
3266,1,Fast,0.6015684008598328,862,712
3266,1,Fast,0.5593490600585938,891,640
3266,1,Fast,0.3842054605484009,989,605
3266,1,Fast,0.3358621597290039,818,531
3267,1,Fast,0.8179203867912292,930,766
3267,1,Fast,0.669812798500061,893,645
3267,1,Fast,0.5000689029693604,819,529
3267,1,Fast,0.35968559980392456,987,600
3268,1,Fast,0.7842053174972534,933,773
3268,1,Fast,0.5242096185684204,819,532
3268,1,Fast,0.4311298727989197,985,596
3268,1,Fast,0.4083477258682251,823,535
3268,2,Slow,0.32897600531578064,922,418
3269,1,Fast,0.8127806782722473,937,781
3269,1,Fast,0.46916303038597107,867,728
3269,2,Slow,0.4455139935016632,920,415
3269,1,Fast,0.4192039370536804,983,591
3269,1,Fast,0.41612017154693604,821,536
3269,1,Fast,0.3098253011703491,823,537
3270,1,Fast,0.8382242321968079,940,789
3270,1,Fast,0.7563498616218567,869,735
3270,1,Fast,0.6281722187995911,981,586
3270,1,Fast,0.5920925140380859,899,663
3270,1,Fast,0.46357420086860657,820,540
3270,2,Slow,0.4105391800403595,920,413
3271,1,Fast,0.8349764347076416,943,797
3271,1,Fast,0.7556940317153931,870,741
3271,1,Fast,0.7165759205818176,901,668
3271,1,Fast,0.640332818031311,980,582
3271,1,Fast,0.47146373987197876,821,543
3272,1,Fast,0.8495364785194397,946,806
3272,1,Fast,0.8130516409873962,902,675
3272,1,Fast,0.7762806415557861,872,747
3272,1,Fast,0.5547634959220886,978,577
3272,2,Slow,0.5462315082550049,920,408
3272,1,Fast,0.39865607023239136,825,549
3273,1,Fast,0.846307635307312,949,814
3273,1,Fast,0.8372007012367249,905,681
3273,1,Fast,0.7965642809867859,874,753
3273,1,Fast,0.6680707931518555,977,573
3273,1,Fast,0.5544266104698181,827,553
3274,1,Fast,0.8683566451072693,952,822
3274,1,Fast,0.81177818775177,907,687
3274,1,Fast,0.7736762762069702,877,760
3274,1,Fast,0.7296074628829956,975,568
3274,1,Fast,0.5240873694419861,828,556
3274,1,Fast,0.4005303978919983,782,493
3275,1,Fast,0.8549877405166626,879,766
3275,1,Fast,0.8537489771842957,955,831
3275,1,Fast,0.83918696641922,908,694
3275,1,Fast,0.7034868001937866,973,564
3275,1,Fast,0.3876197040081024,829,559
3276,1,Fast,0.8618348836898804,958,840
3276,1,Fast,0.8538326621055603,911,700
3276,1,Fast,0.8391083478927612,880,772
3276,1,Fast,0.6021735668182373,827,564
3276,2,Slow,0.5935181975364685,918,398
3276,1,Fast,0.4728812575340271,971,560
3276,1,Fast,0.4675430655479431,1310,1056
3277,1,Fast,0.8508086204528809,914,707
3277,1,Fast,0.8433480858802795,961,849
3277,1,Fast,0.7733965516090393,882,779
3277,1,Fast,0.762037456035614,1299,1051
3277,1,Fast,0.6630229949951172,828,568
3277,1,Fast,0.6242632865905762,968,555
3277,2,Slow,0.36696958541870117,918,396
3278,1,Fast,0.7863529324531555,916,713
3278,1,Fast,0.7367819547653198,965,858
3278,1,Fast,0.7336989641189575,1292,1044
3278,1,Fast,0.7187448143959045,829,572
3278,1,Fast,0.6041799783706665,967,551
3278,1,Fast,0.5346860289573669,885,786
3278,2,Slow,0.32085850834846497,917,393
3279,1,Fast,0.7754321694374084,830,576
3279,1,Fast,0.7717638611793518,1285,1035
3279,1,Fast,0.7711111307144165,970,868
3279,1,Fast,0.6080405116081238,966,548
3279,1,Fast,0.44369032979011536,918,721
3280,1,Fast,0.8305946588516235,1279,1025
3280,1,Fast,0.8266257643699646,974,877
3280,1,Fast,0.7746393084526062,921,728
3280,1,Fast,0.7111598253250122,832,581
3280,1,Fast,0.5805764198303223,963,544
3280,1,Fast,0.4355957508087158,782,507
3280,1,Fast,0.35596418380737305,888,798
3281,1,Fast,0.8621007800102234,1272,1016
3281,1,Fast,0.7851739525794983,977,887
3281,1,Fast,0.6107396483421326,962,540
3281,1,Fast,0.5811858773231506,923,735
3281,1,Fast,0.5653189420700073,830,584
3281,1,Fast,0.5401262640953064,890,805
3281,1,Fast,0.4777745008468628,1178,1047
3282,1,Fast,0.873836100101471,1266,1006
3282,1,Fast,0.8415196537971497,981,897
3282,1,Fast,0.820554792881012,892,813
3282,1,Fast,0.7846067547798157,926,742
3282,1,Fast,0.6557241082191467,831,588
3282,1,Fast,0.6476959586143494,960,536
3283,1,Fast,0.8753382563591003,1260,997
3283,1,Fast,0.8746343851089478,985,907
3283,1,Fast,0.8261123299598694,894,820
3283,1,Fast,0.7108341455459595,959,532
3283,1,Fast,0.6104042530059814,929,749
3284,1,Fast,0.8786472678184509,1254,988
3284,1,Fast,0.8782137036323547,989,917
3284,1,Fast,0.8349206447601318,896,827
3284,1,Fast,0.7906496524810791,932,756
3284,1,Fast,0.6974157691001892,958,528
3284,1,Fast,0.5256389379501343,1153,1004
3285,1,Fast,0.8904688358306885,1248,979
3285,1,Fast,0.8815022110939026,994,928
3285,1,Fast,0.7931081652641296,899,834
3285,1,Fast,0.7417988181114197,934,764
3285,1,Fast,0.6824491024017334,956,524
3286,1,Fast,0.8986249566078186,1243,971
3286,1,Fast,0.8829213380813599,998,939
3286,1,Fast,0.848156750202179,901,842
3286,1,Fast,0.794825553894043,938,771
3286,1,Fast,0.5713768005371094,955,520
3286,1,Fast,0.5017741918563843,1139,978
3286,1,Fast,0.5005974769592285,838,604
3286,2,Slow,0.4715178906917572,913,376
3287,1,Fast,0.8941187858581543,1237,962
3287,1,Fast,0.8820557594299316,1002,950
3287,1,Fast,0.7700092792510986,903,850
3287,1,Fast,0.7512682676315308,941,780
3287,1,Fast,0.554363489151001,954,517
3287,2,Slow,0.43475890159606934,913,374
3287,1,Fast,0.3171502947807312,1132,965
3288,1,Fast,0.8935419917106628,1231,954
3288,1,Fast,0.8871726989746094,1006,960
3288,1,Fast,0.8559997081756592,907,857
3288,1,Fast,0.6695735454559326,944,786
3288,1,Fast,0.4821462631225586,839,611
3288,1,Fast,0.45128828287124634,952,513
3288,2,Slow,0.32667386531829834,912,372
3289,1,Fast,0.8802909255027771,1012,971
3289,1,Fast,0.8788594603538513,1226,945
3289,1,Fast,0.8466423749923706,909,865
3289,1,Fast,0.622092604637146,947,795
3289,1,Fast,0.6191529035568237,951,509
3289,1,Fast,0.5824558138847351,840,617
3289,2,Slow,0.44203826785087585,912,370
3289,1,Fast,0.31845906376838684,1119,940
3290,1,Fast,0.8518661260604858,1221,936
3290,1,Fast,0.8474884033203125,1017,982
3290,1,Fast,0.8338230848312378,912,873
3290,1,Fast,0.7549615502357483,950,804
3290,1,Fast,0.7135021686553955,950,506
3290,1,Fast,0.5884004831314087,841,621
3290,1,Fast,0.30333060026168823,1113,929
3291,1,Fast,0.858021080493927,1216,928
3291,1,Fast,0.8446394205093384,1022,995
3291,1,Fast,0.8379665017127991,915,881
3291,1,Fast,0.7962290048599243,948,502
3291,1,Fast,0.720105767250061,842,626
3291,1,Fast,0.6468269228935242,1107,918
3291,1,Fast,0.5104588270187378,954,812
3291,2,Slow,0.4239223599433899,911,366
3292,1,Fast,0.8650822043418884,1211,920
3292,1,Fast,0.8070623874664307,947,499
3292,1,Fast,0.7706499695777893,957,820
3292,1,Fast,0.7468631267547607,918,889
3292,1,Fast,0.714516818523407,1027,1008
3292,1,Fast,0.6916553974151611,843,632
3293,1,Fast,0.7943037748336792,1033,1020
3293,1,Fast,0.7825475931167603,946,495
3293,1,Fast,0.7555330395698547,844,634
3293,1,Fast,0.7456066608428955,961,829
3293,1,Fast,0.7242013812065125,1206,913
3293,1,Fast,0.6976402997970581,920,897
3293,2,Slow,0.4753008782863617,910,362
3294,1,Fast,0.8828229308128357,922,906
3294,1,Fast,0.8205983638763428,1037,1033
3294,1,Fast,0.8063944578170776,1201,905
3294,1,Fast,0.8032243251800537,945,491
3294,1,Fast,0.7988402843475342,965,839
3294,2,Slow,0.41218581795692444,910,360
3295,1,Fast,0.8495557904243469,926,915
3295,1,Fast,0.8106113076210022,1196,897
3295,1,Fast,0.7886044383049011,944,488
3295,1,Fast,0.7792221307754517,1043,1044
3295,1,Fast,0.7295559048652649,968,846
3295,2,Slow,0.5453569293022156,909,358
3296,1,Fast,0.867525577545166,1192,889
3296,1,Fast,0.8455749154090881,928,924
3296,1,Fast,0.777822732925415,943,484
3296,2,Slow,0.5829599499702454,908,356
3296,1,Fast,0.4727426767349243,972,855
3296,1,Fast,0.42721372842788696,1051,1051
3297,1,Fast,0.7880498766899109,932,933
3297,1,Fast,0.7761412858963013,1187,882
3297,1,Fast,0.736195981502533,942,481
3297,2,Slow,0.5337767601013184,909,353
3297,1,Fast,0.35217195749282837,1074,854
3297,1,Fast,0.31771841645240784,790,553
3298,1,Fast,0.8381997346878052,1182,875
3298,1,Fast,0.7403448820114136,941,478
3298,1,Fast,0.6380466818809509,935,942
3298,2,Slow,0.3724309504032135,909,351
3298,1,Fast,0.34957155585289,791,557
3299,1,Fast,0.8302493691444397,939,952
3299,1,Fast,0.6946015954017639,939,476
3299,1,Fast,0.6410054564476013,853,662
3299,1,Fast,0.6163131594657898,1178,868
3299,2,Slow,0.4006440043449402,909,349
3300,1,Fast,0.8419001698493958,1173,861
3300,1,Fast,0.8405861854553223,942,961
3300,1,Fast,0.7492123246192932,938,472
3300,2,Slow,0.5040370225906372,909,347
3300,1,Fast,0.4781556725502014,854,666
3300,1,Fast,0.34807199239730835,791,563
3301,1,Fast,0.8735195994377136,946,970
3301,1,Fast,0.8309788703918457,1168,855
3301,1,Fast,0.6776361465454102,937,469
3301,2,Slow,0.48002302646636963,909,346
3301,1,Fast,0.47982117533683777,992,906
3302,1,Fast,0.855294406414032,1164,847
3302,1,Fast,0.8302950859069824,950,979
3302,1,Fast,0.6697773337364197,936,465
3302,1,Fast,0.6057316660881042,856,679
3303,1,Fast,0.8673656582832336,1160,841
3303,1,Fast,0.8340056538581848,953,990
3303,1,Fast,0.710878849029541,935,461
3303,1,Fast,0.5878527760505676,858,684
3303,1,Fast,0.42949482798576355,1240,1057
3304,1,Fast,0.8568171858787537,1156,834
3304,1,Fast,0.8018352389335632,956,1000
3304,1,Fast,0.7960643768310547,859,690
3304,1,Fast,0.7504523992538452,1227,1050
3304,1,Fast,0.7231017351150513,934,459
3304,1,Fast,0.5187059640884399,1042,789
3304,2,Slow,0.4499810039997101,908,340
3305,1,Fast,0.8533223867416382,1152,827
3305,1,Fast,0.8532276153564453,1219,1041
3305,1,Fast,0.8526649475097656,959,1011
3305,1,Fast,0.7617971301078796,860,695
3305,1,Fast,0.7514262795448303,933,455
3305,1,Fast,0.5156787633895874,1009,948
3305,2,Slow,0.4898938834667206,908,339
3306,1,Fast,0.879403293132782,1212,1027
3306,1,Fast,0.7436006665229797,932,452
3306,1,Fast,0.6945521831512451,963,1021
3306,1,Fast,0.674736738204956,1148,820
3306,1,Fast,0.6279641389846802,1014,959
3306,2,Slow,0.6066036224365234,907,336
3306,1,Fast,0.3611326217651367,794,582
3307,1,Fast,0.8840295076370239,1204,1014
3307,1,Fast,0.7733891010284424,1144,814
3307,1,Fast,0.725770890712738,932,450
3307,1,Fast,0.7122442722320557,968,1032
3307,2,Slow,0.4117946922779083,907,335
3307,1,Fast,0.35251671075820923,1019,970
3308,1,Fast,0.8870972394943237,1196,1001
3308,1,Fast,0.7703551054000854,931,447
3308,1,Fast,0.6504604816436768,1140,807
3308,1,Fast,0.5982136130332947,971,1043
3308,2,Slow,0.5049892067909241,907,332
3309,1,Fast,0.8655011653900146,1188,988
3309,1,Fast,0.7376512289047241,1135,800
3309,1,Fast,0.7317978143692017,977,1051
3309,1,Fast,0.7305520176887512,930,445
3310,1,Fast,0.8886656165122986,1181,976
3310,1,Fast,0.7906869053840637,928,441
3310,1,Fast,0.7286344170570374,982,1057
3310,1,Fast,0.6124767065048218,1018,739
3310,1,Fast,0.5875458717346191,869,723
3310,1,Fast,0.5288509130477905,1132,794
3310,2,Slow,0.3017069101333618,906,329
3311,1,Fast,0.8825684189796448,1174,964
3311,1,Fast,0.775337278842926,927,438
3311,1,Fast,0.6162299513816833,989,1063
3311,1,Fast,0.4921775460243225,871,727
3311,2,Slow,0.46014341711997986,906,328
3311,1,Fast,0.3501474857330322,1128,787
3311,1,Fast,0.3357603847980499,797,599
3312,1,Fast,0.8908694982528687,1168,953
3312,1,Fast,0.764222264289856,1124,782
3312,1,Fast,0.7261630296707153,927,436
3312,1,Fast,0.5139428973197937,991,1068
3312,1,Fast,0.4517325162887573,872,734
3312,1,Fast,0.30009108781814575,797,602
3313,1,Fast,0.8807133436203003,1161,942
3313,1,Fast,0.775908887386322,926,432
3313,1,Fast,0.727552056312561,874,741
3313,1,Fast,0.4079892337322235,1121,776
3314,1,Fast,0.8905361890792847,1154,930
3314,1,Fast,0.8030841946601868,926,429
3314,1,Fast,0.7584688663482666,876,749
3314,1,Fast,0.747673511505127,1117,770
3314,1,Fast,0.3085431158542633,799,610
3315,1,Fast,0.8750529289245605,1148,919
3315,1,Fast,0.8434188961982727,878,754
3315,1,Fast,0.84320467710495,1114,765
3315,1,Fast,0.8182695508003235,925,426
3315,1,Fast,0.520334005355835,799,612
3316,1,Fast,0.8231338262557983,1110,759
3316,1,Fast,0.8193662762641907,1143,909
3316,1,Fast,0.8038869500160217,924,424
3316,1,Fast,0.7230513095855713,880,761
3316,2,Slow,0.5359761118888855,906,320
3317,1,Fast,0.86595219373703,1137,897
3317,1,Fast,0.8255913853645325,1107,753
3317,1,Fast,0.7881145477294922,881,767
3317,1,Fast,0.7637197971343994,923,421
3318,1,Fast,0.8470584750175476,1131,887
3318,1,Fast,0.7407608032226562,922,419
3318,1,Fast,0.6375999450683594,884,773
3319,1,Fast,0.8729521036148071,1125,876
3319,1,Fast,0.7743343710899353,921,416
3319,1,Fast,0.6459779143333435,885,780
3319,1,Fast,0.41867995262145996,1101,742
3320,1,Fast,0.8662628531455994,1119,867
3320,1,Fast,0.8286692500114441,1097,737
3320,1,Fast,0.7245209813117981,921,414
3320,1,Fast,0.42837512493133545,888,787
3320,1,Fast,0.3761259615421295,804,629
3321,1,Fast,0.8556396961212158,1114,858
3321,1,Fast,0.7778016328811646,920,411
3321,1,Fast,0.7627403736114502,1095,732
3321,1,Fast,0.32280632853507996,891,793
3322,1,Fast,0.830194890499115,1110,848
3322,1,Fast,0.7798364162445068,1091,726
3322,1,Fast,0.6811750531196594,919,408
3322,1,Fast,0.4791654646396637,893,799
3323,1,Fast,0.8651551008224487,1104,839
3323,1,Fast,0.8526282906532288,1088,721
3323,1,Fast,0.6938314437866211,895,806
3323,1,Fast,0.5974661707878113,919,406
3323,1,Fast,0.38885870575904846,976,648
3324,1,Fast,0.793556272983551,896,813
3324,1,Fast,0.7850102186203003,1099,830
3324,1,Fast,0.779556930065155,1085,715
3324,1,Fast,0.7097446322441101,919,403
3324,1,Fast,0.3739506006240845,973,641
3325,1,Fast,0.821434736251831,898,822
3325,1,Fast,0.8079169392585754,1082,710
3325,1,Fast,0.7725331783294678,919,400
3325,1,Fast,0.7241995334625244,1094,821
3326,1,Fast,0.8274328112602234,901,829
3326,1,Fast,0.8091810345649719,1089,812
3326,1,Fast,0.7708925604820251,1078,705
3326,1,Fast,0.7135201692581177,918,398
3327,1,Fast,0.7940158843994141,904,836
3327,1,Fast,0.7369266152381897,1076,700
3327,1,Fast,0.6770220398902893,918,396
3327,1,Fast,0.6186873316764832,1084,802
3327,1,Fast,0.3635992407798767,966,622
3328,1,Fast,0.8420393466949463,1079,793
3328,1,Fast,0.8328158855438232,1073,695
3328,1,Fast,0.8093595504760742,906,844
3328,1,Fast,0.7090616226196289,964,616
3328,1,Fast,0.5546998977661133,917,394
3329,1,Fast,0.8583676218986511,1071,690
3329,1,Fast,0.7800602912902832,1074,785
3329,1,Fast,0.696301281452179,909,851
3329,1,Fast,0.6252555847167969,961,611
3329,1,Fast,0.5277578830718994,917,392
3330,1,Fast,0.8413568735122681,1068,685
3330,1,Fast,0.7153906226158142,1070,777
3330,1,Fast,0.5518008470535278,911,859
3330,1,Fast,0.5103983283042908,959,606
3330,1,Fast,0.4615457057952881,916,389
3331,1,Fast,0.832984447479248,1066,770
3331,1,Fast,0.8297953009605408,1065,681
3331,1,Fast,0.45456910133361816,813,671
3331,1,Fast,0.39921221137046814,914,868
3331,1,Fast,0.3234791159629822,957,600
3332,1,Fast,0.8413838744163513,1062,762
3332,1,Fast,0.8374297022819519,1063,676
3332,1,Fast,0.6825303435325623,917,875
3332,1,Fast,0.4400354027748108,814,675
3333,1,Fast,0.8205950260162354,1060,671
3333,1,Fast,0.7864201068878174,1057,753
3333,1,Fast,0.7533205151557922,920,884
3333,1,Fast,0.3583572208881378,953,589
3334,1,Fast,0.7978212237358093,923,891
3334,1,Fast,0.7610604763031006,1058,667
3334,1,Fast,0.6524235606193542,950,584
3334,1,Fast,0.507267415523529,1054,746
3335,1,Fast,0.857036828994751,1055,662
3335,1,Fast,0.7703105807304382,925,899
3335,1,Fast,0.6578566431999207,1050,739
3335,1,Fast,0.5369972586631775,817,689
3335,1,Fast,0.519074022769928,948,578
3335,1,Fast,0.42721328139305115,914,377
3336,1,Fast,0.8517346978187561,1053,657
3336,1,Fast,0.7059929370880127,928,908
3336,1,Fast,0.6527326703071594,1046,731
3336,1,Fast,0.38804763555526733,914,374
3337,1,Fast,0.8441015481948853,1050,653
3337,1,Fast,0.7622511386871338,931,918
3337,1,Fast,0.7353429198265076,1042,724
3337,1,Fast,0.3919244408607483,914,372
3338,1,Fast,0.843022882938385,1047,648
3338,1,Fast,0.809104859828949,934,928
3338,1,Fast,0.776036262512207,1038,717
3339,1,Fast,0.848981499671936,1045,644
3339,1,Fast,0.8242508172988892,938,936
3339,1,Fast,0.806638777256012,1034,710
3340,1,Fast,0.8506414890289307,1043,640
3340,1,Fast,0.8174746036529541,1031,703
3340,1,Fast,0.8065980076789856,941,945
3341,1,Fast,0.8213559985160828,1041,636
3341,1,Fast,0.7871164083480835,944,955
3341,1,Fast,0.7693803906440735,1028,696
3342,1,Fast,0.8347523212432861,948,965
3342,1,Fast,0.8317110538482666,1038,632
3342,1,Fast,0.7289755940437317,1024,689
3342,1,Fast,0.41087812185287476,824,720
3343,1,Fast,0.8583056926727295,951,974
3343,1,Fast,0.8199517130851746,1036,628
3343,1,Fast,0.5935290455818176,1021,683
3343,1,Fast,0.4658575654029846,826,724
3343,1,Fast,0.4148141145706177,910,359
3344,1,Fast,0.8233930468559265,1034,623
3344,1,Fast,0.7934134602546692,955,984
3344,1,Fast,0.7300577759742737,1018,677
3344,1,Fast,0.5904582142829895,931,535
3344,1,Fast,0.3439804017543793,910,357
3344,1,Fast,0.3346004784107208,827,729
3345,1,Fast,0.812630295753479,1032,620
3345,1,Fast,0.7216083407402039,930,529
3345,1,Fast,0.6511117815971375,1015,671
3345,1,Fast,0.6315037608146667,959,994
3346,1,Fast,0.8022249341011047,963,1004
3346,1,Fast,0.7490613460540771,1030,615
3346,1,Fast,0.6118205785751343,1011,664
3346,1,Fast,0.5701918005943298,928,525
3346,1,Fast,0.3633505403995514,910,353
3347,1,Fast,0.7713238596916199,1027,612
3347,1,Fast,0.6818124055862427,927,521
3347,1,Fast,0.6026769876480103,1009,658
3347,1,Fast,0.5949360728263855,829,743
3347,1,Fast,0.47080862522125244,966,1013
3347,1,Fast,0.42776060104370117,909,351
3348,1,Fast,0.772986888885498,925,517
3348,1,Fast,0.7410321831703186,1026,608
3348,1,Fast,0.6674715876579285,1006,652
3348,1,Fast,0.5070385932922363,829,748
3349,1,Fast,0.7545485496520996,832,754
3349,1,Fast,0.6991136074066162,1003,645
3349,1,Fast,0.6856708526611328,923,513
3349,1,Fast,0.6451042294502258,1024,603
3350,1,Fast,0.7567889094352722,1021,599
3350,1,Fast,0.6150634288787842,1000,639
3350,1,Fast,0.577221691608429,922,509
3350,1,Fast,0.46924519538879395,833,759
3351,1,Fast,0.7665033340454102,1020,596
3351,1,Fast,0.6968799233436584,997,633
3351,1,Fast,0.6790847778320312,834,764
3351,1,Fast,0.6439175009727478,920,505
3351,1,Fast,0.3212113678455353,906,343
3352,1,Fast,0.7668105959892273,1018,593
3352,1,Fast,0.5908243656158447,995,628
3352,1,Fast,0.32686540484428406,919,500
3353,1,Fast,0.6315836310386658,1016,589
3353,1,Fast,0.5967739820480347,992,622
3353,1,Fast,0.40826547145843506,906,340
3353,1,Fast,0.363744854927063,995,1062
3354,1,Fast,0.7019900679588318,989,617
3354,1,Fast,0.6434815526008606,917,492
3354,1,Fast,0.6080210208892822,1015,585
3354,1,Fast,0.36130720376968384,837,779
3354,1,Fast,0.3006952702999115,906,338
3355,1,Fast,0.7554838061332703,916,487
3355,1,Fast,0.7415438890457153,987,612
3355,1,Fast,0.7116050720214844,1013,581
3356,1,Fast,0.745413601398468,984,606
3356,1,Fast,0.6692751049995422,915,484
3356,1,Fast,0.5853011608123779,1011,577
3357,1,Fast,0.8241508603096008,981,600
3357,1,Fast,0.6171807646751404,1009,573
3357,1,Fast,0.5158481001853943,842,796
3357,1,Fast,0.4102785587310791,913,480
3358,1,Fast,0.8443880677223206,980,595
3358,1,Fast,0.8160200715065002,843,800
3358,1,Fast,0.7091166973114014,1008,571
3359,1,Fast,0.8134155869483948,978,590
3359,1,Fast,0.8104513883590698,846,805
3359,1,Fast,0.75640469789505,1006,567
3360,1,Fast,0.7825743556022644,1004,563
3360,1,Fast,0.7737932801246643,975,585
3360,1,Fast,0.7378770112991333,847,811
3361,1,Fast,0.8002203702926636,1003,561
3361,1,Fast,0.7865169644355774,973,580
3361,1,Fast,0.42344939708709717,908,465
3361,1,Fast,0.3392839729785919,847,817
3362,1,Fast,0.7835006713867188,1001,556
3362,1,Fast,0.7213712930679321,971,575
3362,1,Fast,0.40532320737838745,848,823
3362,1,Fast,0.36442890763282776,907,462
3363,1,Fast,0.7709240317344666,999,553
3363,1,Fast,0.7307693362236023,969,570
3363,1,Fast,0.4572375416755676,906,458
3363,1,Fast,0.3475513458251953,849,829
3364,1,Fast,0.8334931135177612,966,565
3364,1,Fast,0.7654262781143188,998,550
3364,1,Fast,0.6897545456886292,905,454
3365,1,Fast,0.7723481059074402,964,561
3365,1,Fast,0.7181050181388855,997,547
3365,1,Fast,0.5608071088790894,904,451
3365,1,Fast,0.3419259786605835,852,840
3366,1,Fast,0.8063758611679077,962,556
3366,1,Fast,0.6102246046066284,994,544
3366,1,Fast,0.5777105689048767,856,848
3367,1,Fast,0.8135472536087036,961,551
3367,1,Fast,0.7338353991508484,857,854
3367,1,Fast,0.5961025357246399,993,541
3368,1,Fast,0.8279511332511902,860,861
3368,1,Fast,0.805072009563446,958,546
3368,1,Fast,0.6866194009780884,992,538
3369,1,Fast,0.8455810546875,861,867
3369,1,Fast,0.802960216999054,956,542
3369,1,Fast,0.7667763233184814,990,534
3369,1,Fast,0.38350826501846313,900,437
3370,1,Fast,0.8584915995597839,863,873
3370,1,Fast,0.830051064491272,954,538
3370,1,Fast,0.8300251960754395,989,531
3370,1,Fast,0.5836158990859985,901,434
3371,1,Fast,0.8402615189552307,953,534
3371,1,Fast,0.7730461359024048,865,881
3371,1,Fast,0.7578085660934448,989,527
3371,1,Fast,0.428589791059494,900,430
3372,1,Fast,0.86048823595047,869,887
3372,1,Fast,0.8350074291229248,951,529
3372,1,Fast,0.7772734761238098,987,525
3372,1,Fast,0.4837546646595001,900,426
3373,1,Fast,0.8640825748443604,870,894
3373,1,Fast,0.8096883893013,950,525
3373,1,Fast,0.7723971009254456,986,522
3373,1,Fast,0.32228803634643555,898,423
3374,1,Fast,0.8514160513877869,872,899
3374,1,Fast,0.818702220916748,948,521
3374,1,Fast,0.7341232895851135,984,519
3374,1,Fast,0.3136749267578125,898,421
3375,1,Fast,0.7684308886528015,946,517
3375,1,Fast,0.7276512384414673,875,906
3375,1,Fast,0.7184304594993591,983,515
3376,1,Fast,0.7814414501190186,876,913
3376,1,Fast,0.7045794129371643,945,513
3376,1,Fast,0.5933971405029297,982,512
3377,1,Fast,0.8516126871109009,878,922
3377,1,Fast,0.7612531781196594,944,508
3377,1,Fast,0.7521315217018127,981,510
3378,1,Fast,0.827624499797821,880,929
3378,1,Fast,0.8035605549812317,942,504
3378,1,Fast,0.7909603118896484,980,507
3378,1,Fast,0.3133374750614166,895,409
3379,1,Fast,0.8435200452804565,941,500
3379,1,Fast,0.8352062702178955,883,937
3379,1,Fast,0.7968379855155945,978,504
3380,1,Fast,0.8386183381080627,885,943
3380,1,Fast,0.8273906707763672,977,500
3380,1,Fast,0.8202528953552246,939,496
3381,1,Fast,0.8510175943374634,887,951
3381,1,Fast,0.8268150687217712,937,493
3381,1,Fast,0.7837852239608765,976,498
3382,1,Fast,0.8368961811065674,889,958
3382,1,Fast,0.8328720927238464,936,488
3382,1,Fast,0.7916260361671448,975,495
3383,1,Fast,0.8715847730636597,892,965
3383,1,Fast,0.7887948751449585,934,484
3383,1,Fast,0.7479467391967773,974,492
3384,1,Fast,0.8724713921546936,894,973
3384,1,Fast,0.7372486591339111,972,490
3384,1,Fast,0.7161389589309692,933,481
3385,1,Fast,0.8802669644355774,897,981
3385,1,Fast,0.7532383799552917,932,478
3385,1,Fast,0.6692764163017273,971,487
3386,1,Fast,0.8608399629592896,899,989
3386,1,Fast,0.7973796725273132,930,474
3386,1,Fast,0.6820204854011536,970,483
3387,1,Fast,0.8699564337730408,902,997
3387,1,Fast,0.7854776978492737,930,470
3387,1,Fast,0.7005652189254761,968,481
3388,1,Fast,0.8712851405143738,905,1005
3388,1,Fast,0.790924072265625,928,467
3388,1,Fast,0.7885535955429077,967,479
3388,1,Fast,0.3225093185901642,890,381
3389,1,Fast,0.8668845891952515,908,1013
3389,1,Fast,0.8172054886817932,966,477
3389,1,Fast,0.7839874625205994,927,463
3390,1,Fast,0.8645609021186829,910,1023
3390,1,Fast,0.8018770217895508,965,473
3390,1,Fast,0.7312904596328735,926,460
3391,1,Fast,0.843880295753479,913,1032
3391,1,Fast,0.7673152685165405,925,456
3391,1,Fast,0.6886469125747681,964,470
3392,1,Fast,0.7126504778862,923,453
3392,1,Fast,0.5713172554969788,964,467
3392,1,Fast,0.5631389021873474,915,1041
3393,1,Fast,0.6525489687919617,963,465
3393,1,Fast,0.6139339208602905,919,1046
3393,1,Fast,0.6008675694465637,922,450
3394,1,Fast,0.7525348663330078,921,448
3394,1,Fast,0.6185102462768555,962,463
3395,1,Fast,0.7436071634292603,920,444
3395,1,Fast,0.6198155879974365,960,460
3396,1,Fast,0.7514597177505493,919,440
3396,1,Fast,0.5983433723449707,960,457
3397,1,Fast,0.7543424367904663,918,437
3397,1,Fast,0.6484307050704956,959,455
3398,1,Fast,0.7388557195663452,918,434
3398,1,Fast,0.713215708732605,958,453
3399,1,Fast,0.6795459985733032,957,451
3399,1,Fast,0.643578290939331,917,431
3399,1,Fast,0.3725428879261017,886,353
3400,1,Fast,0.6870977282524109,916,427
3400,1,Fast,0.3465367555618286,886,351
3401,1,Fast,0.61294025182724,915,423
3401,1,Fast,0.3417893052101135,955,445
3402,1,Fast,0.6087858080863953,914,421
3402,1,Fast,0.5787392854690552,954,443
3403,1,Fast,0.49691298604011536,913,418
3403,1,Fast,0.43109390139579773,953,440
3404,1,Fast,0.5787160396575928,953,437
3404,1,Fast,0.5193761587142944,913,416
3405,1,Fast,0.584589421749115,952,436
3405,1,Fast,0.351882666349411,912,412
3406,1,Fast,0.6666203737258911,912,409
3406,1,Fast,0.5269371271133423,951,433
3407,1,Fast,0.5275494456291199,912,406
3407,1,Fast,0.3682991564273834,949,431
3408,1,Fast,0.49571147561073303,949,429
3409,1,Fast,0.6622557640075684,948,426
3410,1,Fast,0.6943953633308411,947,424
3410,1,Fast,0.3214704096317291,909,397
3411,1,Fast,0.42270219326019287,947,421
3412,1,Fast,0.6389219760894775,946,419
3413,1,Fast,0.6526595950126648,945,417
3414,1,Fast,0.48846665024757385,945,415
3415,1,Fast,0.5561427474021912,944,413
3416,1,Fast,0.5532580614089966,944,411
3417,1,Fast,0.6054254770278931,943,409
3418,1,Fast,0.6352445483207703,942,406
3419,1,Fast,0.6262670755386353,942,404
3420,1,Fast,0.7267734408378601,941,402
3421,1,Fast,0.5291317105293274,941,400
3422,1,Fast,0.7006080150604248,940,398
3423,1,Fast,0.7101096510887146,940,396
3424,1,Fast,0.6731337904930115,939,394
3425,1,Fast,0.3943093419075012,938,392
3426,1,Fast,0.44281482696533203,938,390
3427,1,Fast,0.5854240655899048,937,388
3428,1,Fast,0.393606036901474,937,386
3428,1,Fast,0.36936506628990173,900,352
3429,1,Fast,0.5797452926635742,936,385
3429,1,Fast,0.3228788673877716,900,350
3430,1,Fast,0.6027947664260864,936,383
3431,1,Fast,0.45119234919548035,936,381
3433,1,Fast,0.40940800309181213,935,377
3434,1,Fast,0.3248734772205353,934,375
3435,1,Fast,0.31502804160118103,933,373
3437,1,Fast,0.47265636920928955,1194,954
3438,1,Fast,0.5720432996749878,932,367
3439,1,Fast,0.4322662949562073,1181,933
3439,1,Fast,0.427101731300354,931,366
3440,1,Fast,0.4892432689666748,931,364
3440,1,Fast,0.38911527395248413,896,325
3441,1,Fast,0.3057078421115875,931,363
3442,1,Fast,0.7604098916053772,1166,902
3442,1,Fast,0.44464224576950073,931,361
3445,1,Fast,0.4681475758552551,1150,873
3447,1,Fast,0.37895768880844116,1139,854
3448,1,Fast,0.3949049115180969,1135,845
3450,1,Fast,0.3031698167324066,1125,827
3452,1,Fast,0.8057671189308167,1117,811
3455,1,Fast,0.563627302646637,1105,787
3456,1,Fast,0.6711785197257996,1101,779
3462,1,Fast,0.5233002305030823,1077,733
3464,1,Fast,0.30283957719802856,1212,844
3466,1,Fast,0.3420282304286957,1074,850
3471,1,Fast,0.582613468170166,1189,809
3473,1,Fast,0.573259711265564,1183,797
3474,1,Fast,0.4720005989074707,1180,792
3474,1,Fast,0.4150877594947815,960,524
3479,1,Fast,0.606814980506897,822,503
3480,1,Fast,0.7044175267219543,822,505
3480,1,Fast,0.585957944393158,1161,765
3480,1,Fast,0.33684712648391724,950,503
3481,1,Fast,0.6666266918182373,824,508
3481,1,Fast,0.3673664927482605,1159,761
3482,1,Fast,0.7444505095481873,824,512
3482,1,Fast,0.3051277995109558,948,494
3483,1,Fast,0.5997758507728577,824,514
3484,1,Fast,0.41597992181777954,947,487
3484,1,Fast,0.39657196402549744,825,517
3485,1,Fast,0.3848484456539154,947,483
3489,1,Fast,0.549404501914978,763,647
3489,1,Fast,0.34535932540893555,1075,855
3490,1,Fast,0.3381812572479248,1134,722
3492,1,Fast,0.3631739020347595,829,543
3493,1,Fast,0.5304813981056213,1319,1068
3494,1,Fast,0.5882272720336914,1318,1063
3494,1,Fast,0.5419929623603821,831,550
3494,1,Fast,0.32092157006263733,977,645
3495,1,Fast,0.753923237323761,1309,1057
3495,1,Fast,0.6069847345352173,832,553
3496,1,Fast,0.8323594927787781,1296,1052
3496,1,Fast,0.6348329782485962,833,556
3497,1,Fast,0.8336417078971863,1288,1045
3497,1,Fast,0.6020615696907043,834,559
3498,1,Fast,0.5994592308998108,1281,1034
3498,1,Fast,0.5841344594955444,834,563
3499,1,Fast,0.8502893447875977,1275,1024
3499,1,Fast,0.45492619276046753,835,566
3500,1,Fast,0.8146454095840454,1269,1015
3500,1,Fast,0.5664134621620178,836,570
3501,1,Fast,0.821134626865387,1262,1005
3501,1,Fast,0.5017313957214355,836,574
3502,1,Fast,0.8118532299995422,1256,996
3502,1,Fast,0.43088293075561523,837,578
3503,1,Fast,0.8660617470741272,1249,986
3503,1,Fast,0.312139630317688,838,581
3504,1,Fast,0.8805656433105469,1243,978
3504,1,Fast,0.4342940151691437,839,586
3505,1,Fast,0.8616021275520325,1237,969
3505,1,Fast,0.6838756799697876,840,590
3506,1,Fast,0.8817696571350098,1232,959
3506,1,Fast,0.8091145753860474,841,594
3507,1,Fast,0.883299708366394,1226,950
3507,1,Fast,0.84291011095047,842,597
3507,1,Fast,0.6135830283164978,1209,1004
3507,1,Fast,0.3288387358188629,1005,708
3508,1,Fast,0.858035683631897,1222,943
3508,1,Fast,0.8235653638839722,843,601
3509,1,Fast,0.8746525645256042,1215,934
3509,1,Fast,0.8195090889930725,844,605
3510,1,Fast,0.8049527406692505,1210,926
3510,1,Fast,0.7244861125946045,845,607
3510,1,Fast,0.5657572150230408,776,713
3511,1,Fast,0.7427307367324829,1206,919
3511,1,Fast,0.7097012400627136,845,612
3511,1,Fast,0.5509530901908875,777,716
3512,1,Fast,0.6853572726249695,846,616
3512,1,Fast,0.6510069966316223,777,719
3512,1,Fast,0.5339826941490173,1201,911
3512,1,Fast,0.37027475237846375,969,485
3513,1,Fast,0.8415707349777222,847,621
3513,1,Fast,0.7826654314994812,1196,902
3513,1,Fast,0.31973516941070557,778,723
3513,1,Fast,0.30458924174308777,987,668
3514,1,Fast,0.8470163941383362,847,625
3514,1,Fast,0.536922812461853,1191,893
3515,1,Fast,0.8055999279022217,849,629
3515,1,Fast,0.7624509930610657,1186,885
3516,1,Fast,0.8157874941825867,850,633
3516,1,Fast,0.76296466588974,1181,878
3516,1,Fast,0.3839520812034607,798,579
3516,1,Fast,0.31723132729530334,781,734
3517,1,Fast,0.8183424472808838,851,637
3517,1,Fast,0.7745277285575867,1177,870
3517,1,Fast,0.6657586693763733,782,737
3518,1,Fast,0.817727267742157,852,641
3518,1,Fast,0.8089719414710999,1173,863
3518,1,Fast,0.4569568932056427,782,740
3519,1,Fast,0.8596537709236145,1168,856
3519,1,Fast,0.803196370601654,854,646
3519,1,Fast,0.6798943877220154,930,521
3520,1,Fast,0.8503875732421875,854,651
3520,1,Fast,0.8366841673851013,1164,849
3520,1,Fast,0.6649054288864136,783,748
3520,1,Fast,0.5716507434844971,928,518
3521,1,Fast,0.8475962281227112,856,655
3521,1,Fast,0.844109296798706,1160,843
3521,1,Fast,0.5631850957870483,783,751
3522,1,Fast,0.8577340245246887,858,659
3522,1,Fast,0.7609394788742065,1156,837
3522,1,Fast,0.6886496543884277,784,755
3523,1,Fast,0.848846971988678,859,664
3523,1,Fast,0.8089926242828369,1151,830
3523,1,Fast,0.408645898103714,962,609
3524,1,Fast,0.8432192206382751,860,668
3524,1,Fast,0.6399375796318054,1148,822
3524,1,Fast,0.3963935077190399,922,502
3524,1,Fast,0.30075931549072266,961,605
3525,1,Fast,0.8756370544433594,861,674
3525,1,Fast,0.7517410516738892,1144,816
3525,1,Fast,0.39136549830436707,921,498
3526,1,Fast,0.8861658573150635,862,679
3526,1,Fast,0.5969864726066589,1141,810
3526,1,Fast,0.3506447672843933,921,494
3527,1,Fast,0.8830146193504333,863,683
3527,1,Fast,0.6640296578407288,953,589
3527,1,Fast,0.5846322774887085,1136,803
3528,1,Fast,0.8830437064170837,864,689
3528,1,Fast,0.7051172256469727,1133,795
3528,1,Fast,0.5863752365112305,952,583
3529,1,Fast,0.8658083081245422,865,693
3529,1,Fast,0.6174747943878174,1128,789
3529,1,Fast,0.6114069223403931,949,578
3530,1,Fast,0.8630932569503784,867,698
3530,1,Fast,0.7577597498893738,1124,783
3531,1,Fast,0.8663889169692993,869,703
3531,1,Fast,0.5882748365402222,1121,777
3531,1,Fast,0.3842616379261017,791,790
3532,1,Fast,0.8116239905357361,871,708
3532,1,Fast,0.5754535794258118,1118,772
3532,1,Fast,0.45869556069374084,793,794
3532,1,Fast,0.4007488787174225,945,563
3533,1,Fast,0.8461992740631104,872,713
3533,1,Fast,0.7243943214416504,943,559
3533,1,Fast,0.5549743175506592,1115,765
3533,1,Fast,0.44096991419792175,793,797
3534,1,Fast,0.871283233165741,874,718
3534,1,Fast,0.5370689034461975,1112,760
3535,1,Fast,0.8704943656921387,875,723
3535,1,Fast,0.7410380244255066,1107,755
3535,1,Fast,0.3855705261230469,817,660
3536,1,Fast,0.8594518899917603,877,729
3536,1,Fast,0.428040087223053,1104,748
3536,1,Fast,0.3618565797805786,937,545
3537,1,Fast,0.8778128027915955,879,735
3537,1,Fast,0.620729386806488,1101,742
3538,1,Fast,0.87325519323349,880,740
3538,1,Fast,0.5893983840942383,1099,737
3539,1,Fast,0.872306764125824,882,746
3539,1,Fast,0.6498872637748718,933,532
3539,1,Fast,0.5013003349304199,1095,731
3540,1,Fast,0.8740457892417908,883,752
3540,1,Fast,0.6439054608345032,1092,726
3540,1,Fast,0.6374505162239075,932,527
3541,1,Fast,0.8684788942337036,884,757
3541,1,Fast,0.5734027028083801,931,523
3542,1,Fast,0.875357985496521,886,762
3542,1,Fast,0.6592211723327637,929,519
3542,1,Fast,0.524739682674408,1085,715
3543,1,Fast,0.8813981413841248,889,768
3543,1,Fast,0.6534366607666016,928,515
3543,1,Fast,0.496310293674469,1083,709
3544,1,Fast,0.8732779026031494,891,774
3544,1,Fast,0.4704876244068146,1080,704
3545,1,Fast,0.8654208183288574,893,780
3545,1,Fast,0.7283322215080261,1077,699
3545,1,Fast,0.5264773368835449,1042,707
3546,1,Fast,0.8818495273590088,895,786
3546,1,Fast,0.7245700359344482,1074,695
3547,1,Fast,0.8752322793006897,897,792
3547,1,Fast,0.7419790625572205,833,722
3547,1,Fast,0.6735354661941528,1072,689
3548,1,Fast,0.8640142679214478,898,797
3548,1,Fast,0.6931760907173157,1070,684
3549,1,Fast,0.8670293688774109,900,804
3549,1,Fast,0.7397817969322205,1066,678
3550,1,Fast,0.868189811706543,902,811
3550,1,Fast,0.659461259841919,1064,674
3550,1,Fast,0.4678246080875397,919,486
3550,1,Fast,0.3361618220806122,1027,680
3551,1,Fast,0.8737960457801819,904,819
3551,1,Fast,0.6699344515800476,839,747
3551,1,Fast,0.6234628558158875,1061,670
3552,1,Fast,0.8709717988967896,906,825
3552,1,Fast,0.8338767290115356,840,753
3552,1,Fast,0.7798691391944885,813,880
3552,1,Fast,0.6523408889770508,1059,665
3553,1,Fast,0.8795430064201355,908,831
3553,1,Fast,0.8058147430419922,842,760
3553,1,Fast,0.8025221228599548,815,884
3553,1,Fast,0.6092283725738525,1057,660
3554,1,Fast,0.8813063502311707,910,838
3554,1,Fast,0.7606576085090637,816,888
3554,1,Fast,0.6044559478759766,843,766
3554,1,Fast,0.5698839426040649,1054,655
3555,1,Fast,0.8828349113464355,912,845
3555,1,Fast,0.6369655132293701,1052,650
3555,1,Fast,0.5159218311309814,844,772
3556,1,Fast,0.883137047290802,915,851
3556,1,Fast,0.5774604678153992,1049,645
3556,1,Fast,0.4723900556564331,818,899
3557,1,Fast,0.8822531700134277,918,858
3557,1,Fast,0.7009243965148926,1046,641
3557,1,Fast,0.6026922464370728,819,905
3557,1,Fast,0.38450488448143005,1010,644
3558,1,Fast,0.8823015093803406,921,866
3558,1,Fast,0.6947607398033142,1046,638
3558,1,Fast,0.57406085729599,1008,639
3559,1,Fast,0.8901127576828003,924,873
3559,1,Fast,0.7977393865585327,1043,632
3559,1,Fast,0.7700014710426331,852,797
3559,1,Fast,0.5137313604354858,1005,634
3559,1,Fast,0.41759490966796875,822,914
3560,1,Fast,0.9017242193222046,926,881
3560,1,Fast,0.7380743622779846,1040,627
3560,1,Fast,0.6428217887878418,854,802
3560,2,Slow,0.3137276768684387,933,356
3560,1,Fast,0.3006930649280548,824,918
3561,1,Fast,0.8927800059318542,929,889
3561,1,Fast,0.7806747555732727,1039,624
3561,1,Fast,0.5889454483985901,856,809
3561,1,Fast,0.5151506662368774,1000,624
3562,1,Fast,0.8947102427482605,932,897
3562,1,Fast,0.7658150792121887,998,619
3562,1,Fast,0.7203129529953003,1037,620
3563,1,Fast,0.8801587224006653,935,905
3563,1,Fast,0.5698519349098206,996,615
3563,1,Fast,0.4060889184474945,1033,616
3564,1,Fast,0.8827705383300781,937,913
3564,1,Fast,0.6180720329284668,1032,611
3564,1,Fast,0.6020302772521973,993,610
3564,1,Fast,0.46791666746139526,830,937
3565,1,Fast,0.8835414052009583,939,921
3565,1,Fast,0.6648799180984497,992,606
3565,1,Fast,0.5723703503608704,1030,607
3565,1,Fast,0.5434120893478394,831,942
3565,1,Fast,0.3533463478088379,865,838
3566,1,Fast,0.8844466805458069,943,928
3566,1,Fast,0.7014369368553162,832,947
3566,1,Fast,0.5961002707481384,990,601
3566,1,Fast,0.31471410393714905,1028,602
3567,1,Fast,0.8995863199234009,946,936
3567,1,Fast,0.7547221183776855,868,854
3567,1,Fast,0.557469367980957,1025,598
3568,1,Fast,0.8882707953453064,948,945
3568,1,Fast,0.7207995057106018,1023,594
3568,1,Fast,0.6448323130607605,986,593
3568,1,Fast,0.6121149659156799,870,862
3568,1,Fast,0.48539668321609497,834,959
3569,1,Fast,0.8798362612724304,952,953
3569,1,Fast,0.7662426233291626,835,964
3569,1,Fast,0.7478846907615662,1021,590
3569,1,Fast,0.7141123414039612,984,588
3570,1,Fast,0.8852468729019165,954,962
3570,1,Fast,0.5212057828903198,1020,587
3570,1,Fast,0.499403715133667,983,584
3571,1,Fast,0.8935562968254089,959,970
3571,1,Fast,0.7908889055252075,1018,583
3571,1,Fast,0.7175981998443604,981,580
3571,1,Fast,0.688758373260498,879,886
3572,1,Fast,0.8833552002906799,962,980
3572,1,Fast,0.8007360100746155,881,893
3572,1,Fast,0.7515883445739746,1017,579
3572,1,Fast,0.4972737431526184,979,576
3573,1,Fast,0.8972843289375305,966,989
3573,1,Fast,0.7962324023246765,884,901
3573,1,Fast,0.7887965440750122,1015,574
3574,1,Fast,0.8945227265357971,969,998
3574,1,Fast,0.7525198459625244,1012,571
3574,1,Fast,0.6693914532661438,886,910
3574,1,Fast,0.3152744174003601,843,990
3575,1,Fast,0.8981619477272034,973,1007
3575,1,Fast,0.8130024671554565,1011,568
3575,1,Fast,0.6164448261260986,844,995
3576,1,Fast,0.8924915194511414,976,1018
3576,1,Fast,0.8131006360054016,1009,565
3576,1,Fast,0.7008643746376038,892,928
3576,1,Fast,0.598322331905365,971,558
3577,1,Fast,0.8824868202209473,980,1027
3577,1,Fast,0.8411532640457153,894,936
3577,1,Fast,0.8162481784820557,1008,562
3577,1,Fast,0.7080081701278687,969,556
3578,1,Fast,0.874842643737793,984,1038
3578,1,Fast,0.8295494318008423,897,944
3578,1,Fast,0.7685778141021729,1005,558
3578,1,Fast,0.7309293746948242,967,551
3579,1,Fast,0.858162522315979,988,1044
3579,1,Fast,0.7379313111305237,1003,554
3579,1,Fast,0.6864650845527649,899,953
3579,1,Fast,0.6493775844573975,966,548
3579,1,Fast,0.4384540319442749,895,394
3580,1,Fast,0.8406624794006348,993,1050
3580,1,Fast,0.764164924621582,1002,550
3580,1,Fast,0.6815820932388306,902,963
3580,1,Fast,0.3369141221046448,965,543
3581,1,Fast,0.8326417803764343,996,1055
3581,1,Fast,0.7107438445091248,1001,546
3581,1,Fast,0.43159961700439453,905,973
3581,1,Fast,0.4259834289550781,962,540
3582,1,Fast,0.7629329562187195,1000,1060
3582,1,Fast,0.7312040328979492,1000,543
3582,1,Fast,0.7048018574714661,961,536
3583,1,Fast,0.7677216529846191,998,540
3583,1,Fast,0.7345753312110901,960,533
3583,1,Fast,0.5526929497718811,1004,1066
3584,1,Fast,0.8166718482971191,996,536
3584,1,Fast,0.6609731912612915,958,529
3584,1,Fast,0.36128026247024536,916,1002
3584,1,Fast,0.33602097630500793,1005,1070
3585,1,Fast,0.8207034468650818,995,533
3585,1,Fast,0.7152686715126038,957,526
3585,1,Fast,0.6159432530403137,919,1011
3585,1,Fast,0.49484601616859436,860,1050
3586,1,Fast,0.8180831074714661,994,530
3586,1,Fast,0.7887621521949768,923,1022
3586,1,Fast,0.7401077747344971,955,522
3586,1,Fast,0.624397337436676,861,1052
3587,1,Fast,0.8195897936820984,926,1032
3587,1,Fast,0.754061758518219,992,527
3587,1,Fast,0.7499409317970276,953,519
3588,1,Fast,0.769892156124115,991,524
3588,1,Fast,0.7323099970817566,953,515
3588,1,Fast,0.4464137554168701,928,1043
3589,1,Fast,0.6810791492462158,952,512
3589,1,Fast,0.6771150827407837,990,521
3590,1,Fast,0.6503942012786865,988,518
3590,1,Fast,0.4313776195049286,950,508
3591,1,Fast,0.7092142701148987,987,514
3591,1,Fast,0.6140690445899963,949,505
3592,1,Fast,0.7516613006591797,985,511
3592,1,Fast,0.7435182929039001,947,502
3593,1,Fast,0.7286031246185303,946,498
3593,1,Fast,0.7256559729576111,984,509
3594,1,Fast,0.7954795360565186,982,505
3594,1,Fast,0.6901378631591797,945,495
3595,1,Fast,0.6936148405075073,981,501
3595,1,Fast,0.5881228446960449,943,492
3596,1,Fast,0.635262668132782,942,488
3596,1,Fast,0.46472933888435364,981,499
3597,1,Fast,0.7206728458404541,940,485
3597,1,Fast,0.5936242341995239,979,496
3598,1,Fast,0.6287434101104736,977,493
3598,1,Fast,0.5525411367416382,940,482
3599,1,Fast,0.6464048624038696,976,490
3599,1,Fast,0.5139021873474121,938,479
3600,1,Fast,0.5577173233032227,974,487
3600,1,Fast,0.46657687425613403,938,477
3601,1,Fast,0.7344740033149719,936,475
3601,1,Fast,0.5575140714645386,973,484
3602,1,Fast,0.7417381405830383,935,471
3602,1,Fast,0.5795089602470398,972,482
3603,1,Fast,0.7131136655807495,934,468
3603,1,Fast,0.6656879782676697,970,479
3604,1,Fast,0.6048229932785034,933,465
3604,1,Fast,0.4626084268093109,969,477
3605,1,Fast,0.5818918347358704,969,474
3605,1,Fast,0.3563368320465088,932,463
3606,1,Fast,0.5298563838005066,968,471
3606,1,Fast,0.47592929005622864,931,460
3607,1,Fast,0.3681614100933075,967,468
3610,1,Fast,0.3324775993824005,927,448
3612,1,Fast,0.62549889087677,926,443
3614,1,Fast,0.4410367012023926,925,437
3615,1,Fast,0.3896749019622803,923,435
3622,1,Fast,0.46860066056251526,836,330
3623,1,Fast,0.5590126514434814,951,428
3623,1,Fast,0.46978631615638733,918,414
3624,1,Fast,0.6970243453979492,951,425
3624,1,Fast,0.3698212504386902,918,413
3625,1,Fast,0.6989149451255798,951,423
3626,1,Fast,0.7289544939994812,950,422
3627,1,Fast,0.6686890721321106,949,419
3627,1,Fast,0.4895801842212677,834,340
3627,1,Fast,0.4180355370044708,916,405
3628,1,Fast,0.47628989815711975,949,416
3629,1,Fast,0.5402761101722717,948,414
3630,1,Fast,0.7153991460800171,947,412
3630,1,Fast,0.667220950126648,914,397
3631,1,Fast,0.6316360235214233,947,410
3632,1,Fast,0.628952145576477,946,408
3633,1,Fast,0.5384514331817627,946,406
3634,1,Fast,0.44353923201560974,944,404
3636,1,Fast,0.6300727128982544,943,400
3637,1,Fast,0.6794360876083374,942,398
3638,1,Fast,0.5306141972541809,942,396
3639,1,Fast,0.5272017121315002,941,395
3640,1,Fast,0.4156009554862976,941,393
3650,1,Fast,0.36944058537483215,936,372
3651,1,Fast,0.5559965372085571,935,371
3651,1,Fast,0.46406516432762146,905,357
3652,1,Fast,0.3337949812412262,934,369
3653,1,Fast,0.6802489161491394,933,367
3653,1,Fast,0.3977556526660919,904,353
3654,1,Fast,0.7044767141342163,933,365
3655,1,Fast,0.6987443566322327,933,364
3655,1,Fast,0.4838946461677551,903,350
3656,1,Fast,0.6437974572181702,933,363
3657,1,Fast,0.40898820757865906,932,361
3659,1,Fast,0.47993120551109314,932,358
3660,1,Fast,0.47463446855545044,931,356
3661,1,Fast,0.4090080261230469,931,354
3666,1,Fast,0.5846246480941772,1246,1052
3667,1,Fast,0.8581669926643372,1238,1045
3668,1,Fast,0.8734260201454163,1232,1034
3669,1,Fast,0.8821666240692139,1225,1023
3670,1,Fast,0.8924603462219238,1218,1012
3670,1,Fast,0.31995993852615356,838,450
3671,1,Fast,0.88917475938797,1212,1002
3671,1,Fast,0.4889451563358307,839,454
3672,1,Fast,0.8799293041229248,1206,991
3672,1,Fast,0.7155753970146179,839,457
3673,1,Fast,0.8951539993286133,1199,982
3673,1,Fast,0.7344258427619934,839,461
3674,1,Fast,0.8831437230110168,1194,971
3674,1,Fast,0.7541773915290833,839,464
3675,1,Fast,0.879134476184845,1188,961
3675,1,Fast,0.7312820553779602,839,467
3676,1,Fast,0.8882924318313599,1183,952
3676,1,Fast,0.676043689250946,840,471
3677,1,Fast,0.8675187826156616,1177,943
3677,1,Fast,0.6475618481636047,841,474
3678,1,Fast,0.8654251098632812,1171,934
3678,1,Fast,0.6894318461418152,841,478
3679,1,Fast,0.8953201174736023,1166,925
3679,1,Fast,0.7459091544151306,842,482
3680,1,Fast,0.8750328421592712,1161,915
3680,1,Fast,0.4668228030204773,842,485
3681,1,Fast,0.8599054217338562,1156,906
3681,1,Fast,0.35777127742767334,842,489
3682,1,Fast,0.8936787843704224,1151,898
3683,1,Fast,0.8727300763130188,1146,889
3684,1,Fast,0.8391836285591125,1141,881
3684,1,Fast,0.5391144752502441,843,501
