frame,class,label,confidence,x_center,y_center
1,1,Fast,0.4192279577255249,1012,831
1,1,Fast,0.4129827618598938,909,608
2,1,Fast,0.33660709857940674,1009,825
3,1,Fast,0.5094619393348694,1006,819
6,1,Fast,0.5520595908164978,1017,1012
6,1,Fast,0.4217242896556854,998,802
7,1,Fast,0.6707824468612671,1014,1003
7,1,Fast,0.3812505900859833,996,796
8,1,Fast,0.5170229077339172,1010,993
8,1,Fast,0.4740281105041504,806,742
8,1,Fast,0.44523128867149353,993,791
9,1,Fast,0.6087356209754944,1006,984
9,1,Fast,0.5352818369865417,807,747
9,1,Fast,0.31599316000938416,991,787
10,1,Fast,0.6694394946098328,808,751
10,1,Fast,0.6596803665161133,1002,975
10,1,Fast,0.47629135847091675,989,782
11,1,Fast,0.8091318607330322,809,755
11,1,Fast,0.47069835662841797,987,776
11,1,Fast,0.3942338824272156,1000,965
11,2,Slow,0.3898720145225525,901,578
12,1,Fast,0.8378649950027466,810,760
12,1,Fast,0.583017885684967,996,956
12,1,Fast,0.5325887799263,985,771
13,1,Fast,0.8273063898086548,811,765
13,1,Fast,0.4350982904434204,983,766
14,1,Fast,0.8440385460853577,811,769
14,1,Fast,0.4439719319343567,990,939
15,1,Fast,0.8197656869888306,812,774
15,1,Fast,0.5006527900695801,987,931
16,1,Fast,0.7690512537956238,813,778
16,1,Fast,0.681138813495636,983,922
17,1,Fast,0.48920273780822754,814,783
17,1,Fast,0.3580903708934784,979,915
18,1,Fast,0.6374306678771973,815,787
18,1,Fast,0.46062734723091125,970,740
19,1,Fast,0.734864354133606,969,735
19,1,Fast,0.6030235886573792,816,791
19,1,Fast,0.39060044288635254,974,898
20,1,Fast,0.7327356934547424,817,797
20,1,Fast,0.5908628702163696,971,890
20,1,Fast,0.427188515663147,967,732
21,1,Fast,0.7131027579307556,819,802
22,1,Fast,0.7186822891235352,819,807
23,1,Fast,0.7412387132644653,820,812
24,1,Fast,0.799536943435669,821,817
24,1,Fast,0.30095216631889343,962,861
25,1,Fast,0.8287001252174377,822,821
26,1,Fast,0.8402389883995056,824,826
27,1,Fast,0.7876944541931152,825,831
28,1,Fast,0.7727112770080566,827,837
28,1,Fast,0.47219476103782654,952,695
29,1,Fast,0.6530594825744629,827,843
29,1,Fast,0.4535362422466278,951,691
29,1,Fast,0.35695579648017883,949,826
30,1,Fast,0.7168655395507812,948,687
30,1,Fast,0.5306191444396973,946,818
30,1,Fast,0.4981372356414795,828,848
31,1,Fast,0.7551178336143494,947,683
31,1,Fast,0.35436564683914185,829,853
32,1,Fast,0.7545764446258545,831,858
32,1,Fast,0.6018312573432922,945,679
33,1,Fast,0.8172035217285156,833,864
33,1,Fast,0.5800795555114746,938,798
33,1,Fast,0.4439384639263153,944,675
34,1,Fast,0.7322630882263184,834,870
34,2,Slow,0.5483967065811157,939,603
34,1,Fast,0.461424857378006,942,671
34,1,Fast,0.435668021440506,936,792
35,1,Fast,0.8049287796020508,835,876
35,1,Fast,0.4058161675930023,933,785
35,2,Slow,0.36967191100120544,938,601
36,1,Fast,0.8337868452072144,837,881
36,1,Fast,0.507656455039978,932,779
36,1,Fast,0.3476260006427765,938,663
37,1,Fast,0.8524916172027588,838,886
37,1,Fast,0.5106866359710693,936,659
38,1,Fast,0.854076623916626,840,892
38,1,Fast,0.5192701816558838,935,655
39,1,Fast,0.8626967072486877,841,899
39,1,Fast,0.6966859102249146,933,651
39,1,Fast,0.43968039751052856,928,761
40,1,Fast,0.858365535736084,843,904
40,1,Fast,0.7416648864746094,932,646
40,1,Fast,0.6574289202690125,926,754
41,1,Fast,0.8300825357437134,844,910
41,1,Fast,0.7733146548271179,930,642
41,1,Fast,0.5655724406242371,923,748
41,2,Slow,0.3472610116004944,932,580
42,1,Fast,0.7677096128463745,845,916
42,1,Fast,0.6829215884208679,929,640
42,1,Fast,0.6638760566711426,922,742
42,1,Fast,0.359507292509079,1023,1038
43,1,Fast,0.7714229822158813,928,636
43,1,Fast,0.7545580267906189,847,922
43,1,Fast,0.6701767444610596,920,737
43,1,Fast,0.41141706705093384,1020,1027
44,1,Fast,0.802020788192749,849,928
44,1,Fast,0.6952536106109619,927,632
44,1,Fast,0.6317704916000366,918,732
44,1,Fast,0.5720826983451843,1017,1017
45,1,Fast,0.8386538028717041,851,934
45,1,Fast,0.6501657962799072,1013,1006
45,1,Fast,0.5382480621337891,925,629
46,1,Fast,0.8576247096061707,852,940
46,1,Fast,0.596424400806427,1009,995
46,1,Fast,0.33929550647735596,914,720
47,1,Fast,0.855104386806488,854,947
48,1,Fast,0.8265776038169861,856,954
48,1,Fast,0.7562829852104187,911,709
48,1,Fast,0.6892802715301514,921,617
48,2,Slow,0.61353600025177,925,560
48,1,Fast,0.6005210876464844,998,975
48,1,Fast,0.5565797686576843,1031,943
48,1,Fast,0.31552377343177795,810,536
49,1,Fast,0.8446505665779114,858,961
49,1,Fast,0.6900310516357422,920,614
49,2,Slow,0.6589738726615906,924,557
49,1,Fast,0.6420924067497253,910,704
49,1,Fast,0.41273924708366394,996,966
50,1,Fast,0.8111836910247803,919,611
50,1,Fast,0.7734339833259583,859,967
50,2,Slow,0.6467053890228271,922,553
50,1,Fast,0.5568556785583496,908,698
51,1,Fast,0.8471508622169495,861,974
51,1,Fast,0.8188303112983704,918,608
51,1,Fast,0.6904470324516296,906,692
51,2,Slow,0.5685985088348389,922,550
52,1,Fast,0.8662598133087158,863,981
52,1,Fast,0.8048553466796875,917,604
52,1,Fast,0.6830182075500488,904,687
52,2,Slow,0.6380419135093689,921,548
52,1,Fast,0.5956409573554993,986,937
53,1,Fast,0.8190635442733765,865,988
53,1,Fast,0.7916266322135925,903,683
53,2,Slow,0.7819143533706665,920,544
53,1,Fast,0.7026534080505371,916,601
53,1,Fast,0.6983194351196289,983,928
54,1,Fast,0.7966449856758118,901,678
54,1,Fast,0.7526459097862244,867,995
54,1,Fast,0.6883313655853271,915,598
54,1,Fast,0.668070375919342,981,920
55,1,Fast,0.7841843366622925,913,594
55,1,Fast,0.7502635717391968,977,912
55,1,Fast,0.6892896890640259,900,673
55,1,Fast,0.6833410263061523,869,1002
55,2,Slow,0.5398868918418884,919,540
56,1,Fast,0.7308736443519592,900,668
56,1,Fast,0.6698249578475952,974,904
56,1,Fast,0.6393499970436096,871,1008
56,1,Fast,0.5878598093986511,912,591
57,1,Fast,0.7614006400108337,898,663
57,1,Fast,0.6589282155036926,970,895
57,1,Fast,0.6519644856452942,874,1016
57,1,Fast,0.37657755613327026,911,588
58,1,Fast,0.7910831570625305,968,887
58,1,Fast,0.7429006695747375,897,659
58,1,Fast,0.6847577095031738,875,1023
58,1,Fast,0.6635005474090576,910,585
58,2,Slow,0.4026673436164856,917,533
59,1,Fast,0.7424060702323914,877,1031
59,1,Fast,0.669021725654602,895,654
59,2,Slow,0.5447512269020081,917,530
59,1,Fast,0.42651915550231934,965,878
60,1,Fast,0.8497545719146729,879,1039
60,1,Fast,0.7662731409072876,893,649
60,1,Fast,0.7028193473815918,962,870
60,1,Fast,0.5900043249130249,908,578
61,1,Fast,0.763704776763916,882,1046
61,1,Fast,0.752236545085907,907,574
61,1,Fast,0.7322602272033691,959,863
61,1,Fast,0.6705020666122437,893,644
62,1,Fast,0.796827495098114,891,640
62,1,Fast,0.7793034911155701,884,1054
62,1,Fast,0.7594069838523865,955,854
62,1,Fast,0.6357101798057556,906,572
63,1,Fast,0.8133979439735413,953,847
63,1,Fast,0.7372470498085022,904,568
63,1,Fast,0.7154915928840637,889,636
63,1,Fast,0.6618199944496155,991,850
63,1,Fast,0.6025364995002747,888,1059
64,1,Fast,0.8218023180961609,950,838
64,1,Fast,0.7794690728187561,904,565
64,1,Fast,0.7733847498893738,891,1063
64,2,Slow,0.7069445252418518,914,518
64,1,Fast,0.6308593153953552,988,844
64,1,Fast,0.6232017874717712,887,632
65,1,Fast,0.7889644503593445,886,628
65,1,Fast,0.7055937051773071,903,563
65,1,Fast,0.6058181524276733,949,833
65,1,Fast,0.346384733915329,896,1067
66,1,Fast,0.7848091125488281,946,825
66,1,Fast,0.7690480947494507,885,624
66,1,Fast,0.5453284978866577,902,559
67,1,Fast,0.7752836346626282,884,619
67,1,Fast,0.6830529570579529,944,817
68,1,Fast,0.7062066793441772,884,614
69,1,Fast,0.7782868146896362,939,803
69,1,Fast,0.7081128358840942,883,610
69,2,Slow,0.3587452173233032,912,508
70,1,Fast,0.7737744450569153,937,796
70,1,Fast,0.5597892999649048,882,605
70,2,Slow,0.45586609840393066,911,505
71,1,Fast,0.6946782469749451,934,789
71,2,Slow,0.5362270474433899,911,503
71,1,Fast,0.5008788108825684,898,547
71,2,Slow,0.44983577728271484,818,614
71,1,Fast,0.41531306505203247,881,600
72,1,Fast,0.7640888690948486,932,782
72,1,Fast,0.6461929678916931,880,598
72,1,Fast,0.6162655353546143,898,543
72,2,Slow,0.49883270263671875,911,500
72,1,Fast,0.48333021998405457,972,799
73,1,Fast,0.7386057376861572,929,777
73,1,Fast,0.5064269304275513,898,541
73,2,Slow,0.46277400851249695,910,497
73,2,Slow,0.3249187469482422,819,620
74,1,Fast,0.7776354551315308,928,770
74,1,Fast,0.6023521423339844,877,591
74,1,Fast,0.5580203533172607,820,622
74,1,Fast,0.552297055721283,898,537
74,2,Slow,0.5205477476119995,910,494
75,1,Fast,0.8148546814918518,925,764
75,1,Fast,0.7502715587615967,897,535
75,1,Fast,0.6219686269760132,819,626
75,2,Slow,0.42891594767570496,909,492
75,1,Fast,0.37527576088905334,876,587
76,1,Fast,0.816508948802948,924,757
76,1,Fast,0.7968146204948425,896,532
76,1,Fast,0.7239800095558167,875,583
76,2,Slow,0.39965659379959106,909,490
76,1,Fast,0.3107844591140747,821,629
77,1,Fast,0.8008240461349487,922,750
77,1,Fast,0.7884357571601868,876,579
77,1,Fast,0.72770756483078,895,530
77,2,Slow,0.5476119518280029,820,634
78,1,Fast,0.8523455858230591,920,744
78,1,Fast,0.7469353079795837,874,575
78,1,Fast,0.7160472273826599,894,528
78,2,Slow,0.5578831434249878,820,639
79,1,Fast,0.8339195847511292,918,738
79,1,Fast,0.7168272137641907,874,571
79,1,Fast,0.4947144687175751,894,525
79,1,Fast,0.4664337635040283,965,877
79,1,Fast,0.40406689047813416,822,642
80,1,Fast,0.804599940776825,917,733
80,1,Fast,0.6296976804733276,873,567
80,1,Fast,0.304720938205719,963,869
81,1,Fast,0.8229076862335205,872,565
81,1,Fast,0.7676945924758911,914,728
81,1,Fast,0.7016441822052002,957,755
81,1,Fast,0.547986626625061,823,651
81,2,Slow,0.40447044372558594,906,480
81,1,Fast,0.3273239731788635,893,520
82,1,Fast,0.7821338176727295,912,720
82,1,Fast,0.767042875289917,871,561
82,2,Slow,0.7210439443588257,907,478
82,1,Fast,0.37791547179222107,956,853
83,1,Fast,0.7477595210075378,911,715
83,2,Slow,0.6856523156166077,906,475
83,1,Fast,0.6186566948890686,812,746
83,1,Fast,0.5752112865447998,870,557
83,2,Slow,0.3207518756389618,953,745
84,1,Fast,0.8211774826049805,909,709
84,1,Fast,0.7511031627655029,952,837
84,1,Fast,0.7338653802871704,870,553
84,2,Slow,0.625153660774231,906,473
84,1,Fast,0.5703895092010498,951,739
84,1,Fast,0.515516996383667,813,750
84,1,Fast,0.3574534058570862,891,512
85,1,Fast,0.7987083196640015,907,704
85,1,Fast,0.7346028685569763,949,830
85,1,Fast,0.7038910984992981,870,549
85,1,Fast,0.5970706939697266,813,754
85,2,Slow,0.5389946103096008,906,470
86,1,Fast,0.8324142694473267,906,699
86,1,Fast,0.6478691101074219,814,759
86,1,Fast,0.6405243277549744,891,506
86,2,Slow,0.6401089429855347,905,468
86,1,Fast,0.557945966720581,946,822
86,1,Fast,0.5214823484420776,869,546
86,2,Slow,0.35837650299072266,876,414
87,1,Fast,0.8089104890823364,904,692
87,1,Fast,0.754094660282135,890,504
87,1,Fast,0.6722652912139893,815,764
87,1,Fast,0.6498004198074341,869,543
87,2,Slow,0.625135600566864,904,466
87,1,Fast,0.46564140915870667,943,816
87,2,Slow,0.43034908175468445,876,413
88,1,Fast,0.8338887095451355,903,687
88,1,Fast,0.7903903722763062,890,502
88,2,Slow,0.664198637008667,904,463
88,1,Fast,0.5019214153289795,869,540
88,1,Fast,0.3888399004936218,816,768
88,1,Fast,0.3588464856147766,1116,1026
88,1,Fast,0.30434131622314453,941,808
89,1,Fast,0.8058871030807495,901,683
89,1,Fast,0.790686309337616,889,501
89,1,Fast,0.721484363079071,868,536
89,1,Fast,0.6898653507232666,938,801
89,2,Slow,0.639487624168396,904,462
89,1,Fast,0.411782443523407,942,718
90,1,Fast,0.8268778324127197,1108,1011
90,1,Fast,0.7729858756065369,867,534
90,1,Fast,0.7375613451004028,901,678
90,1,Fast,0.7349236607551575,889,499
90,2,Slow,0.667018473148346,903,460
90,1,Fast,0.3652377426624298,936,795
91,1,Fast,0.8184640407562256,1105,1005
91,1,Fast,0.8020548224449158,867,530
91,1,Fast,0.7698453664779663,898,672
91,2,Slow,0.6998918056488037,903,458
91,1,Fast,0.6820800304412842,888,495
91,1,Fast,0.34179991483688354,934,788
92,1,Fast,0.8319445848464966,1101,997
92,1,Fast,0.7998430728912354,897,667
92,1,Fast,0.7870253920555115,865,528
92,1,Fast,0.689542293548584,887,493
92,2,Slow,0.6778165102005005,903,456
92,2,Slow,0.47454532980918884,832,696
93,1,Fast,0.8520275950431824,1098,991
93,1,Fast,0.7942732572555542,895,662
93,1,Fast,0.6292102932929993,930,774
93,2,Slow,0.6069701313972473,903,454
93,2,Slow,0.5892649292945862,938,701
93,1,Fast,0.5341849327087402,865,525
93,2,Slow,0.31766682863235474,886,491
93,2,Slow,0.31148025393486023,834,699
94,1,Fast,0.8487748503684998,1096,985
94,1,Fast,0.7873221635818481,893,657
94,1,Fast,0.6472697257995605,927,768
94,2,Slow,0.6240863800048828,902,452
94,1,Fast,0.5913676619529724,865,522
94,2,Slow,0.5533183813095093,835,708
94,2,Slow,0.5530428290367126,936,698
94,1,Fast,0.4050864577293396,886,488
95,1,Fast,0.8348205089569092,1092,978
95,1,Fast,0.8137640953063965,892,653
95,1,Fast,0.7361120581626892,865,518
95,2,Slow,0.5673161149024963,936,693
95,1,Fast,0.3130919337272644,925,760
95,1,Fast,0.31019729375839233,824,802
96,1,Fast,0.8457352519035339,1088,972
96,1,Fast,0.8050782680511475,890,648
96,1,Fast,0.7186105847358704,864,515
96,2,Slow,0.629970371723175,933,688
96,2,Slow,0.5551533699035645,902,448
96,1,Fast,0.4846755862236023,826,806
96,2,Slow,0.4194704294204712,814,564
96,1,Fast,0.33051541447639465,885,484
96,2,Slow,0.3271636366844177,876,398
97,1,Fast,0.8492864966392517,1085,965
97,1,Fast,0.7773070931434631,827,812
97,1,Fast,0.7724162936210632,890,642
97,1,Fast,0.5182199478149414,864,512
97,2,Slow,0.5018181800842285,933,684
97,2,Slow,0.5012288093566895,902,445
97,2,Slow,0.4042561650276184,815,565
98,1,Fast,0.8295230269432068,888,637
98,1,Fast,0.8279569149017334,1083,959
98,1,Fast,0.7952747941017151,828,816
98,1,Fast,0.6222262382507324,919,741
98,2,Slow,0.5926898717880249,932,680
98,1,Fast,0.534930944442749,863,507
98,2,Slow,0.34106943011283875,901,443
99,1,Fast,0.817426860332489,887,632
99,1,Fast,0.8119837045669556,1080,952
99,1,Fast,0.7728797197341919,829,822
99,1,Fast,0.6517339944839478,863,504
99,2,Slow,0.6062548756599426,930,676
99,1,Fast,0.5065261125564575,917,736
99,2,Slow,0.3892068564891815,902,441
100,1,Fast,0.8519693613052368,1077,946
100,2,Slow,0.7930045127868652,927,672
100,1,Fast,0.7331497073173523,862,501
100,1,Fast,0.6421522498130798,886,628
100,1,Fast,0.5024781227111816,830,827
101,1,Fast,0.8170661330223083,1074,941
101,1,Fast,0.8080254793167114,831,831
101,2,Slow,0.7792500257492065,925,668
101,1,Fast,0.6646361351013184,862,499
101,1,Fast,0.34827920794487,914,724
101,1,Fast,0.33332422375679016,884,470
102,1,Fast,0.8113811016082764,1071,934
102,2,Slow,0.7988489866256714,925,664
102,1,Fast,0.7137464284896851,884,619
102,2,Slow,0.5489816665649414,842,740
102,1,Fast,0.529598593711853,833,837
102,1,Fast,0.3646969199180603,862,497
103,1,Fast,0.842936635017395,1068,928
103,1,Fast,0.7208981513977051,884,615
103,2,Slow,0.5534442663192749,925,661
103,1,Fast,0.4530862867832184,834,843
104,1,Fast,0.8668410181999207,1065,922
104,2,Slow,0.7780948877334595,923,657
104,1,Fast,0.724166750907898,883,611
104,1,Fast,0.592670738697052,837,848
105,1,Fast,0.8681129813194275,1062,915
105,2,Slow,0.7858178615570068,921,653
105,1,Fast,0.7731509804725647,882,606
105,2,Slow,0.3907126188278198,847,755
106,1,Fast,0.8528162837028503,1060,910
106,2,Slow,0.804574191570282,921,649
106,1,Fast,0.7854937314987183,880,602
106,1,Fast,0.584089994430542,838,859
106,2,Slow,0.5697678923606873,848,759
107,1,Fast,0.8378289341926575,1057,904
107,1,Fast,0.7637268304824829,879,598
107,2,Slow,0.7224761843681335,918,645
107,1,Fast,0.70970219373703,840,864
107,1,Fast,0.4194178283214569,901,688
108,1,Fast,0.8313465118408203,1055,899
108,1,Fast,0.7961247563362122,900,685
108,1,Fast,0.7508729100227356,841,871
108,1,Fast,0.6722378134727478,879,595
108,2,Slow,0.35657572746276855,919,642
108,1,Fast,0.30498257279396057,919,642
109,1,Fast,0.8277950286865234,843,876
109,1,Fast,0.7536334991455078,1052,893
109,1,Fast,0.7023574113845825,876,590
109,1,Fast,0.6287970542907715,899,680
109,2,Slow,0.4365549683570862,917,640
110,1,Fast,0.853586733341217,845,882
110,1,Fast,0.7532668113708496,876,587
110,1,Fast,0.7349585294723511,1050,887
110,1,Fast,0.708027720451355,897,674
110,2,Slow,0.6505544185638428,917,637
110,1,Fast,0.5767610669136047,822,614
111,1,Fast,0.8616251945495605,845,888
111,1,Fast,0.8506814241409302,1046,882
111,1,Fast,0.6855737566947937,876,583
111,1,Fast,0.6322504281997681,896,670
112,1,Fast,0.8478288650512695,1044,875
112,1,Fast,0.8097712397575378,847,894
112,1,Fast,0.7801567912101746,875,579
112,1,Fast,0.6746389865875244,895,664
112,2,Slow,0.3060109615325928,915,630
113,1,Fast,0.8603737354278564,1042,871
113,1,Fast,0.7856108546257019,874,575
113,1,Fast,0.771429717540741,849,900
113,1,Fast,0.7070867419242859,893,658
113,2,Slow,0.6091464161872864,912,626
113,1,Fast,0.5926210284233093,823,626
114,1,Fast,0.7881478071212769,1040,866
114,2,Slow,0.7446131706237793,910,622
114,1,Fast,0.732120931148529,873,570
114,1,Fast,0.7164060473442078,851,906
114,1,Fast,0.6983242630958557,891,654
114,1,Fast,0.39213696122169495,824,630
115,1,Fast,0.8564351201057434,1038,860
115,1,Fast,0.8378048539161682,890,649
115,1,Fast,0.7325993180274963,874,567
115,2,Slow,0.6010423302650452,911,619
115,1,Fast,0.5897124409675598,853,912
115,1,Fast,0.5693668127059937,825,634
115,1,Fast,0.31844085454940796,859,804
116,1,Fast,0.8668695092201233,1034,855
116,1,Fast,0.7867041230201721,871,565
116,1,Fast,0.7578724026679993,889,644
116,1,Fast,0.6167275309562683,855,919
116,2,Slow,0.518923282623291,909,616
116,1,Fast,0.30600205063819885,825,639
117,1,Fast,0.742944598197937,1032,848
117,1,Fast,0.691464364528656,871,560
117,1,Fast,0.6720782518386841,887,639
117,2,Slow,0.6349868178367615,908,611
117,1,Fast,0.3299112021923065,825,642
117,1,Fast,0.3022911250591278,858,924
118,1,Fast,0.8089781403541565,887,634
118,1,Fast,0.770951509475708,1030,843
118,1,Fast,0.6088632345199585,871,556
118,2,Slow,0.4295174479484558,908,608
118,1,Fast,0.3747091293334961,825,646
119,1,Fast,0.8284715414047241,1028,839
119,1,Fast,0.6938259601593018,885,630
119,2,Slow,0.6909868717193604,907,604
119,1,Fast,0.6008836030960083,859,937
119,1,Fast,0.48325493931770325,870,552
120,1,Fast,0.7426696419715881,1026,833
120,1,Fast,0.7223952412605286,884,625
120,1,Fast,0.6394416689872742,826,655
120,1,Fast,0.6321645975112915,870,547
120,2,Slow,0.6245026588439941,906,601
120,1,Fast,0.5674469470977783,798,680
120,1,Fast,0.511033296585083,861,945
121,1,Fast,0.8507248163223267,1024,828
121,1,Fast,0.7759073972702026,882,620
121,1,Fast,0.6072613000869751,870,543
121,1,Fast,0.49804040789604187,862,951
121,1,Fast,0.4677911698818207,798,684
121,2,Slow,0.35672277212142944,904,598
122,1,Fast,0.8368750810623169,1021,823
122,1,Fast,0.6522948145866394,864,958
122,1,Fast,0.6465513706207275,880,615
122,1,Fast,0.5345017313957214,868,541
122,2,Slow,0.40775570273399353,903,596
123,1,Fast,0.664821982383728,866,965
123,1,Fast,0.6084491610527039,1018,818
123,1,Fast,0.6049080491065979,868,537
123,1,Fast,0.5736573338508606,879,611
123,2,Slow,0.5635637640953064,902,593
123,1,Fast,0.4701687693595886,830,668
123,1,Fast,0.32048746943473816,799,691
124,1,Fast,0.8021059036254883,1016,812
124,1,Fast,0.7585008144378662,868,971
124,1,Fast,0.5955504775047302,830,673
124,1,Fast,0.5667331218719482,866,535
124,1,Fast,0.378434419631958,942,798
124,2,Slow,0.31593358516693115,900,590
125,1,Fast,0.8485530614852905,1014,807
125,1,Fast,0.8073749542236328,869,978
125,1,Fast,0.6983529329299927,866,532
125,1,Fast,0.5684937238693237,877,602
125,2,Slow,0.40712299942970276,900,587
126,1,Fast,0.8144505620002747,1012,803
126,1,Fast,0.6889259815216064,871,985
126,1,Fast,0.6859646439552307,866,529
126,2,Slow,0.5209656953811646,898,583
127,1,Fast,0.8473173379898071,1010,798
127,1,Fast,0.8086010217666626,873,992
127,1,Fast,0.6341814398765564,878,876
127,1,Fast,0.4787525236606598,865,526
127,2,Slow,0.4677715003490448,898,580
128,1,Fast,0.8184796571731567,1008,793
128,1,Fast,0.7811793684959412,876,999
128,2,Slow,0.6196479201316833,898,576
128,1,Fast,0.5342164635658264,876,590
128,1,Fast,0.44722259044647217,932,771
128,1,Fast,0.42676737904548645,865,522
129,1,Fast,0.8391098380088806,879,1006
129,1,Fast,0.7830991744995117,1005,787
129,1,Fast,0.6213455200195312,882,890
129,2,Slow,0.6067729592323303,898,574
129,1,Fast,0.5390893816947937,864,519
129,1,Fast,0.4680235981941223,931,764
130,1,Fast,0.8477710485458374,1003,783
130,1,Fast,0.8244797587394714,881,1013
130,1,Fast,0.6197576522827148,863,516
130,2,Slow,0.6056316494941711,897,570
130,1,Fast,0.5552520155906677,837,700
131,1,Fast,0.8536096215248108,1001,778
131,1,Fast,0.7664044499397278,837,704
131,1,Fast,0.7640098333358765,882,1021
131,1,Fast,0.5755234956741333,864,513
131,2,Slow,0.5177454352378845,896,567
132,1,Fast,0.8366739749908447,1000,774
132,1,Fast,0.6151248812675476,805,730
132,1,Fast,0.5696688890457153,838,709
132,2,Slow,0.5616393685340881,895,564
132,1,Fast,0.4438444972038269,884,1029
132,1,Fast,0.3795144259929657,862,510
133,1,Fast,0.8592815399169922,998,769
133,1,Fast,0.8022254109382629,886,1037
133,1,Fast,0.6064761281013489,862,507
133,1,Fast,0.5681930780410767,890,916
133,2,Slow,0.5153221487998962,895,562
133,1,Fast,0.439958781003952,807,733
133,1,Fast,0.38932064175605774,872,568
133,1,Fast,0.3712655305862427,924,739
134,1,Fast,0.8520124554634094,998,765
134,1,Fast,0.7100093364715576,862,503
134,1,Fast,0.4900480806827545,889,1044
134,1,Fast,0.4508048892021179,871,565
134,1,Fast,0.34408918023109436,808,740
135,1,Fast,0.8475462794303894,996,760
135,1,Fast,0.7335692644119263,891,1052
135,1,Fast,0.7185004949569702,861,501
135,1,Fast,0.6261973977088928,809,742
136,1,Fast,0.8497338891029358,993,755
136,1,Fast,0.6955161690711975,895,1058
136,1,Fast,0.630812406539917,860,498
136,1,Fast,0.49396857619285583,811,746
137,1,Fast,0.8458476662635803,991,751
137,1,Fast,0.7628570199012756,845,736
137,1,Fast,0.7539775371551514,897,1063
137,1,Fast,0.5303520560264587,860,494
137,1,Fast,0.4354490041732788,813,752
137,1,Fast,0.42381149530410767,869,554
137,1,Fast,0.40811285376548767,916,715
137,1,Fast,0.3752634525299072,898,944
137,2,Slow,0.33516615629196167,893,550
138,1,Fast,0.8491462469100952,990,747
138,1,Fast,0.6863961219787598,914,709
138,1,Fast,0.6049565076828003,812,757
138,1,Fast,0.5053399205207825,860,492
138,1,Fast,0.3662562966346741,846,741
139,1,Fast,0.8423261046409607,989,743
139,1,Fast,0.6932427883148193,913,704
139,1,Fast,0.6096367239952087,860,487
139,1,Fast,0.429551362991333,868,546
139,2,Slow,0.3102758228778839,892,544
140,1,Fast,0.8507733941078186,986,739
140,1,Fast,0.6139976382255554,860,484
140,1,Fast,0.5129046440124512,868,542
140,1,Fast,0.3956250250339508,814,767
141,1,Fast,0.8005842566490173,984,735
141,1,Fast,0.5265589356422424,867,539
141,1,Fast,0.47670572996139526,909,692
141,1,Fast,0.3616449534893036,859,481
142,1,Fast,0.7620210647583008,983,731
142,1,Fast,0.5858293175697327,851,761
142,1,Fast,0.4655929505825043,911,985
143,1,Fast,0.7630753517150879,980,727
143,1,Fast,0.7357909083366394,914,993
143,1,Fast,0.6827501654624939,852,768
143,1,Fast,0.5140905976295471,859,477
144,1,Fast,0.8624738454818726,978,723
144,1,Fast,0.7575401067733765,853,774
144,1,Fast,0.6046125292778015,859,474
144,1,Fast,0.30532824993133545,916,1000
144,2,Slow,0.3029294013977051,889,531
145,1,Fast,0.8457070589065552,977,719
145,1,Fast,0.7511680722236633,855,779
146,1,Fast,0.8353610634803772,976,715
146,1,Fast,0.3941374123096466,857,469
146,2,Slow,0.3792474567890167,888,526
147,1,Fast,0.8316286206245422,974,711
147,1,Fast,0.3214872479438782,862,519
148,1,Fast,0.8350561261177063,973,707
148,1,Fast,0.6200250387191772,898,657
148,2,Slow,0.5175336003303528,886,521
148,1,Fast,0.49872973561286926,859,797
149,1,Fast,0.8057071566581726,971,702
149,2,Slow,0.3489839434623718,886,519
150,1,Fast,0.8165127038955688,970,699
150,1,Fast,0.4698723256587982,897,647
151,1,Fast,0.845066487789154,969,695
151,1,Fast,0.6147870421409607,896,642
152,1,Fast,0.8330987691879272,967,692
152,1,Fast,0.41753262281417847,779,741
153,1,Fast,0.8520764112472534,966,687
153,1,Fast,0.4615168571472168,868,829
153,1,Fast,0.4283682703971863,1084,1024
154,1,Fast,0.8444538712501526,964,684
154,1,Fast,0.32316604256629944,1082,1019
155,1,Fast,0.8330734372138977,962,680
155,1,Fast,0.5190538763999939,1079,1011
155,1,Fast,0.3043438494205475,890,624
156,1,Fast,0.8349984884262085,961,677
156,1,Fast,0.6611371040344238,1077,1003
156,1,Fast,0.6599609851837158,889,619
156,2,Slow,0.4381629526615143,883,502
157,1,Fast,0.8336959481239319,960,673
157,1,Fast,0.5749781131744385,889,615
158,1,Fast,0.8385455012321472,959,670
158,1,Fast,0.7072992920875549,888,610
159,1,Fast,0.8358110189437866,957,666
159,1,Fast,0.46211886405944824,886,605
160,1,Fast,0.7787370681762695,955,663
160,1,Fast,0.31200549006462097,884,601
161,1,Fast,0.8341569304466248,954,659
161,1,Fast,0.7148036360740662,839,882
162,1,Fast,0.8060746788978577,840,888
162,1,Fast,0.7870370745658875,952,655
162,1,Fast,0.31078875064849854,949,833
163,1,Fast,0.8392085433006287,951,652
163,1,Fast,0.7434642314910889,842,895
163,1,Fast,0.30469003319740295,1055,956
164,1,Fast,0.8502411246299744,951,649
164,1,Fast,0.7893053889274597,843,902
164,1,Fast,0.3427160084247589,1053,950
165,1,Fast,0.8484238982200623,950,646
165,1,Fast,0.5138183236122131,787,799
166,1,Fast,0.832685112953186,948,642
166,1,Fast,0.4814645051956177,788,803
167,1,Fast,0.8127970695495605,947,639
167,1,Fast,0.407786101102829,1046,932
168,1,Fast,0.8018734455108643,945,636
168,1,Fast,0.582532525062561,790,814
168,1,Fast,0.4330998957157135,1043,925
168,1,Fast,0.39603427052497864,849,926
169,1,Fast,0.8020808696746826,944,632
169,1,Fast,0.6103144288063049,791,819
169,1,Fast,0.43273118138313293,1041,919
169,1,Fast,0.3958820402622223,932,782
169,1,Fast,0.3790012001991272,725,685
170,1,Fast,0.7958754301071167,943,629
170,1,Fast,0.5453895330429077,930,774
170,1,Fast,0.5301533341407776,726,687
170,1,Fast,0.4598449766635895,853,939
170,1,Fast,0.4193555414676666,1039,912
170,1,Fast,0.3420308232307434,791,824
171,1,Fast,0.8378667831420898,854,948
171,1,Fast,0.8064751029014587,942,626
171,1,Fast,0.7644969820976257,907,959
171,1,Fast,0.7271145582199097,928,768
171,1,Fast,0.7006002068519592,792,829
171,1,Fast,0.5968753695487976,726,689
171,1,Fast,0.5300436019897461,1036,906
172,1,Fast,0.7948789596557617,856,956
172,1,Fast,0.7272450923919678,941,623
172,1,Fast,0.6649449467658997,726,691
172,1,Fast,0.3657205402851105,1033,900
173,1,Fast,0.8303424715995789,858,963
173,1,Fast,0.7626834511756897,940,619
173,1,Fast,0.6134821772575378,726,693
173,1,Fast,0.4447218179702759,1031,894
174,1,Fast,0.7189386487007141,939,616
174,1,Fast,0.6074821352958679,1144,1065
174,1,Fast,0.5292115807533264,727,696
174,1,Fast,0.46141988039016724,859,970
174,1,Fast,0.43218767642974854,1030,889
175,1,Fast,0.7080978751182556,727,697
175,1,Fast,0.6717725992202759,938,612
175,1,Fast,0.5922321081161499,921,742
175,1,Fast,0.4930441081523895,1140,1062
176,1,Fast,0.7206586599349976,937,610
176,1,Fast,0.6579238176345825,798,855
176,1,Fast,0.5655152797698975,727,700
176,1,Fast,0.41329512000083923,1137,1059
177,1,Fast,0.7507398724555969,936,606
177,1,Fast,0.649249255657196,866,992
177,1,Fast,0.6069324016571045,727,702
177,1,Fast,0.33844685554504395,799,859
177,2,Slow,0.3207111656665802,1132,1056
178,1,Fast,0.7535817623138428,935,603
178,1,Fast,0.6298713088035583,728,704
178,1,Fast,0.5621978640556335,1126,1050
178,1,Fast,0.4771166145801544,1058,1008
178,1,Fast,0.4133162200450897,800,867
178,2,Slow,0.33839860558509827,915,725
179,1,Fast,0.8168479800224304,933,600
179,1,Fast,0.7932642698287964,801,873
179,1,Fast,0.7518215179443359,1124,1041
179,1,Fast,0.6861252784729004,728,706
179,1,Fast,0.5249751210212708,929,1030
179,1,Fast,0.390639066696167,868,530
179,1,Fast,0.31738731265068054,1054,1001
180,1,Fast,0.7581365704536438,933,597
180,1,Fast,0.6746394038200378,1120,1036
180,1,Fast,0.6337167024612427,801,878
180,1,Fast,0.5881038904190063,729,708
181,1,Fast,0.8070035576820374,932,593
181,1,Fast,0.707121729850769,936,1049
181,1,Fast,0.6936715841293335,1117,1030
181,1,Fast,0.6894820332527161,804,884
181,1,Fast,0.43434834480285645,729,710
182,1,Fast,0.7967357635498047,930,591
182,1,Fast,0.7475097179412842,805,891
182,1,Fast,0.744928240776062,1114,1022
182,1,Fast,0.32571467757225037,729,712
183,1,Fast,0.7775094509124756,930,588
183,1,Fast,0.752430260181427,806,896
183,1,Fast,0.5717923045158386,1110,1016
184,1,Fast,0.7995343208312988,1106,1009
184,1,Fast,0.7845058441162109,929,586
184,1,Fast,0.36941438913345337,807,902
184,1,Fast,0.35295018553733826,731,717
185,1,Fast,0.7549636363983154,928,583
185,1,Fast,0.6855964064598083,1103,1003
185,1,Fast,0.48122525215148926,809,908
185,1,Fast,0.33316877484321594,731,720
186,1,Fast,0.7601319551467896,927,579
186,1,Fast,0.4714437425136566,810,915
186,1,Fast,0.43078985810279846,1100,996
187,1,Fast,0.7205569744110107,1098,991
187,1,Fast,0.6945090889930725,926,577
187,1,Fast,0.5172382593154907,812,922
187,1,Fast,0.47848600149154663,900,673
188,1,Fast,0.7504948973655701,1094,985
188,1,Fast,0.6978126168251038,813,926
188,1,Fast,0.52178955078125,733,727
188,1,Fast,0.5024793148040771,924,574
188,1,Fast,0.4048939049243927,899,667
189,1,Fast,0.8450742363929749,815,931
189,1,Fast,0.6952822804450989,1092,980
189,1,Fast,0.5359804034233093,732,729
189,1,Fast,0.5143541097640991,923,571
189,2,Slow,0.41529062390327454,876,434
190,1,Fast,0.7838477492332458,816,936
190,1,Fast,0.7394620776176453,1089,974
190,1,Fast,0.5551413297653198,733,731
190,1,Fast,0.5134678483009338,922,568
191,1,Fast,0.7118420600891113,817,944
191,1,Fast,0.672736644744873,734,735
191,1,Fast,0.4685039818286896,921,565
191,2,Slow,0.4663388729095459,876,430
191,1,Fast,0.4624653458595276,1086,968
192,1,Fast,0.7370365262031555,921,563
192,1,Fast,0.7264801859855652,734,737
192,1,Fast,0.5488103628158569,817,950
192,1,Fast,0.47860196232795715,1083,962
193,1,Fast,0.8157607913017273,819,958
193,1,Fast,0.6385307312011719,734,740
193,1,Fast,0.6179490685462952,920,560
193,1,Fast,0.30516746640205383,1080,956
194,1,Fast,0.751568078994751,821,964
194,1,Fast,0.7072761654853821,735,742
194,1,Fast,0.5554971694946289,1076,951
194,1,Fast,0.520880937576294,919,557
195,1,Fast,0.803473949432373,823,972
195,1,Fast,0.7873588800430298,1075,945
195,1,Fast,0.5300412178039551,736,744
195,1,Fast,0.35479822754859924,918,555
196,1,Fast,0.7893227934837341,1073,940
196,1,Fast,0.7780494093894958,824,978
196,1,Fast,0.6312485337257385,736,746
196,1,Fast,0.40950852632522583,917,552
197,1,Fast,0.8319517970085144,1069,934
197,1,Fast,0.690474271774292,736,749
197,1,Fast,0.45005014538764954,824,986
197,1,Fast,0.31858089566230774,916,549
198,1,Fast,0.8629958629608154,1066,928
198,1,Fast,0.7110156416893005,916,546
198,1,Fast,0.65364009141922,737,752
199,1,Fast,0.8109288215637207,1064,923
199,1,Fast,0.6989774107933044,916,544
199,1,Fast,0.6932334899902344,737,755
199,1,Fast,0.4433165490627289,828,1003
200,1,Fast,0.8234589695930481,1061,917
200,1,Fast,0.7516387104988098,738,758
200,1,Fast,0.7262807488441467,831,1008
200,1,Fast,0.630620539188385,915,541
201,1,Fast,0.8454822897911072,1059,912
201,1,Fast,0.654639482498169,739,760
201,1,Fast,0.5135592222213745,833,1014
201,1,Fast,0.4379565715789795,915,539
202,1,Fast,0.7710646390914917,835,1022
202,1,Fast,0.6844272017478943,1057,907
202,1,Fast,0.5450208783149719,991,849
202,1,Fast,0.4988456964492798,914,536
202,1,Fast,0.47422555088996887,739,763
203,1,Fast,0.8228885531425476,1053,902
203,1,Fast,0.7125657200813293,739,767
203,1,Fast,0.6933661103248596,837,1028
203,1,Fast,0.476507306098938,913,534
203,1,Fast,0.3892558217048645,1061,1011
204,1,Fast,0.7672734260559082,739,769
204,1,Fast,0.6227481365203857,1051,896
204,1,Fast,0.5359109044075012,838,1035
204,1,Fast,0.4752705693244934,912,533
205,1,Fast,0.7058990597724915,740,772
205,1,Fast,0.6233092546463013,1049,892
206,1,Fast,0.7842245101928711,741,774
206,1,Fast,0.6323936581611633,1047,887
206,1,Fast,0.5216686725616455,838,1050
206,1,Fast,0.4352349638938904,983,826
206,1,Fast,0.4124617278575897,911,527
207,1,Fast,0.8046244382858276,742,777
207,1,Fast,0.33838173747062683,911,525
208,1,Fast,0.8149941563606262,743,780
208,1,Fast,0.631497323513031,1042,877
208,1,Fast,0.37668874859809875,910,523
209,1,Fast,0.8207695484161377,744,783
209,1,Fast,0.5574780702590942,909,520
210,1,Fast,0.8157023787498474,1038,867
210,1,Fast,0.8119059205055237,744,786
210,1,Fast,0.6295678019523621,908,518
210,1,Fast,0.4116508960723877,974,805
211,1,Fast,0.8120871186256409,745,788
211,1,Fast,0.7655583024024963,1037,863
211,1,Fast,0.6598616242408752,907,515
212,1,Fast,0.8267821669578552,1035,858
212,1,Fast,0.8124839663505554,746,791
212,1,Fast,0.707414984703064,906,512
212,1,Fast,0.3597699701786041,813,540
213,1,Fast,0.800035834312439,1033,853
213,1,Fast,0.7692700028419495,746,795
213,1,Fast,0.7007048726081848,905,510
213,1,Fast,0.5043306350708008,969,790
214,1,Fast,0.8178403377532959,1030,849
214,1,Fast,0.7974758148193359,747,798
214,1,Fast,0.7473030686378479,904,508
214,1,Fast,0.6704607605934143,967,785
214,1,Fast,0.42724430561065674,966,696
215,1,Fast,0.8161924481391907,747,801
215,1,Fast,0.7908183336257935,965,781
215,1,Fast,0.7785095572471619,1028,843
215,1,Fast,0.765809953212738,903,506
215,1,Fast,0.30519920587539673,813,554
216,1,Fast,0.8184603452682495,749,803
216,1,Fast,0.8063838481903076,962,776
216,1,Fast,0.7028412818908691,1025,838
216,1,Fast,0.5844191908836365,903,503
216,1,Fast,0.52447909116745,814,557
217,1,Fast,0.8398866653442383,750,806
217,1,Fast,0.7881247401237488,1024,834
217,1,Fast,0.763308048248291,961,771
217,1,Fast,0.7026402354240417,815,560
217,1,Fast,0.6572370529174805,903,501
218,1,Fast,0.8355481624603271,750,808
218,1,Fast,0.813068151473999,960,766
218,1,Fast,0.7738975882530212,1022,830
218,1,Fast,0.7510994076728821,814,563
218,1,Fast,0.6543455719947815,902,499
219,1,Fast,0.8112844228744507,1020,825
219,1,Fast,0.7531047463417053,751,812
219,1,Fast,0.6753503084182739,901,497
219,1,Fast,0.6667778491973877,958,762
219,1,Fast,0.6482106447219849,815,566
220,1,Fast,0.7601349353790283,752,815
220,1,Fast,0.7526959180831909,900,495
220,1,Fast,0.6548058986663818,957,757
220,1,Fast,0.5908880233764648,815,569
221,1,Fast,0.6946646571159363,753,817
221,1,Fast,0.6274664402008057,900,493
221,1,Fast,0.5424671173095703,816,573
222,1,Fast,0.7924228310585022,754,820
222,1,Fast,0.6712058782577515,899,490
222,1,Fast,0.3480079174041748,1014,811
223,1,Fast,0.8447424173355103,755,823
223,1,Fast,0.6652226448059082,899,487
223,1,Fast,0.5064157247543335,1012,807
224,1,Fast,0.8374722599983215,755,826
224,1,Fast,0.7805091738700867,1011,803
224,1,Fast,0.7182008624076843,899,485
224,1,Fast,0.5886314511299133,951,738
224,1,Fast,0.42160695791244507,817,584
224,1,Fast,0.3403119444847107,866,514
225,1,Fast,0.7136651277542114,899,482
225,1,Fast,0.7004663944244385,1009,799
225,1,Fast,0.6099458336830139,755,830
225,1,Fast,0.5438599586486816,818,588
225,1,Fast,0.4484559893608093,949,735
226,1,Fast,0.7960513830184937,756,833
226,1,Fast,0.7313191294670105,1008,795
226,1,Fast,0.6282111406326294,819,592
226,1,Fast,0.6161620616912842,899,480
227,1,Fast,0.8294307589530945,757,836
227,1,Fast,0.6191987991333008,898,478
227,1,Fast,0.5277548432350159,946,726
227,1,Fast,0.49763303995132446,820,596
228,1,Fast,0.8580754399299622,757,839
228,1,Fast,0.6743858456611633,820,600
228,1,Fast,0.599833607673645,897,475
228,1,Fast,0.5171729326248169,1004,786
229,1,Fast,0.8521513938903809,758,842
229,1,Fast,0.7289115190505981,821,604
229,1,Fast,0.5867776870727539,944,717
229,1,Fast,0.47431060671806335,1002,782
229,1,Fast,0.4403374493122101,897,473
230,1,Fast,0.8421474695205688,759,845
230,1,Fast,0.7623998522758484,821,608
230,1,Fast,0.5811396837234497,897,471
230,1,Fast,0.5436140298843384,942,713
231,1,Fast,0.8378693461418152,759,848
231,1,Fast,0.6126994490623474,823,612
231,1,Fast,0.5684064626693726,897,469
231,1,Fast,0.514707088470459,998,773
231,1,Fast,0.3072989583015442,941,708
232,1,Fast,0.8396425843238831,760,852
232,1,Fast,0.6078454852104187,823,617
232,1,Fast,0.4697478115558624,940,704
232,1,Fast,0.303496390581131,897,467
233,1,Fast,0.8262829780578613,761,855
233,1,Fast,0.5408816933631897,824,621
233,1,Fast,0.3725402057170868,938,700
233,1,Fast,0.3072602450847626,985,925
234,1,Fast,0.7669658660888672,762,858
234,1,Fast,0.6125118136405945,824,625
234,1,Fast,0.3723416328430176,981,917
234,1,Fast,0.30938833951950073,936,696
235,1,Fast,0.7348467111587524,825,629
235,1,Fast,0.6923560500144958,762,861
235,2,Slow,0.3486979901790619,977,908
236,1,Fast,0.7705708742141724,826,634
236,2,Slow,0.5894727110862732,975,900
236,2,Slow,0.42946818470954895,991,755
236,1,Fast,0.3432501554489136,933,688
236,1,Fast,0.3129432499408722,763,865
237,1,Fast,0.8232770562171936,826,638
237,2,Slow,0.4913511276245117,989,751
237,1,Fast,0.3906712830066681,764,869
238,1,Fast,0.8286936283111572,827,642
238,1,Fast,0.7173584699630737,930,680
238,1,Fast,0.6515629887580872,765,873
238,1,Fast,0.42126256227493286,893,455
239,1,Fast,0.8370491862297058,828,647
239,1,Fast,0.7208793759346008,767,876
239,1,Fast,0.38504084944725037,893,453
240,1,Fast,0.8400522470474243,828,651
240,1,Fast,0.7947196960449219,768,879
240,1,Fast,0.5561095476150513,928,673
241,1,Fast,0.8478068709373474,769,883
241,1,Fast,0.8381884694099426,829,656
242,1,Fast,0.8766434192657471,769,886
242,1,Fast,0.8332996964454651,830,661
243,1,Fast,0.8574918508529663,770,890
243,1,Fast,0.8175760507583618,830,665
243,1,Fast,0.3764190375804901,872,865
243,1,Fast,0.3646336793899536,980,729
244,1,Fast,0.8507866859436035,771,892
244,1,Fast,0.8233219981193542,831,669
244,1,Fast,0.344181627035141,923,657
245,1,Fast,0.7017673850059509,832,674
245,1,Fast,0.6516084671020508,950,830
245,1,Fast,0.5106020569801331,875,878
245,1,Fast,0.4769410490989685,772,896
246,1,Fast,0.7734448313713074,834,679
246,1,Fast,0.6572259068489075,921,650
246,1,Fast,0.5702111124992371,877,885
246,1,Fast,0.40643906593322754,774,901
247,1,Fast,0.8171105980873108,835,683
247,1,Fast,0.7778595089912415,880,893
247,1,Fast,0.6661240458488464,975,714
247,1,Fast,0.5493025779724121,944,815
248,1,Fast,0.8344540596008301,836,688
248,1,Fast,0.4987680912017822,776,909
248,1,Fast,0.4788320064544678,973,711
248,1,Fast,0.45602673292160034,919,643
249,1,Fast,0.8266074061393738,837,693
249,1,Fast,0.7287631630897522,778,912
249,1,Fast,0.6242796778678894,973,708
249,1,Fast,0.52556973695755,918,641
249,1,Fast,0.48087573051452637,803,678
249,1,Fast,0.37311887741088867,939,801
250,1,Fast,0.837695300579071,838,698
250,1,Fast,0.7960891723632812,779,916
250,1,Fast,0.39456287026405334,917,638
250,1,Fast,0.39396387338638306,803,681
250,2,Slow,0.38906678557395935,971,704
251,1,Fast,0.8507105112075806,839,702
251,1,Fast,0.7643852829933167,779,920
251,2,Slow,0.3139377534389496,916,633
252,1,Fast,0.8497833013534546,840,708
252,1,Fast,0.7862643599510193,781,923
252,1,Fast,0.7082679271697998,914,630
252,1,Fast,0.4609670341014862,969,698
252,1,Fast,0.42574626207351685,826,811
253,1,Fast,0.8455719351768494,841,713
253,1,Fast,0.8151195645332336,782,928
253,1,Fast,0.7187687158584595,828,815
253,1,Fast,0.44030943512916565,931,774
254,1,Fast,0.8521023988723755,843,718
254,1,Fast,0.7788353562355042,783,931
254,1,Fast,0.6035951375961304,897,949
254,1,Fast,0.5009596347808838,967,691
254,1,Fast,0.46533599495887756,929,768
255,1,Fast,0.8455392718315125,844,723
255,1,Fast,0.6735583543777466,785,934
255,1,Fast,0.5561650991439819,900,957
255,2,Slow,0.34243321418762207,965,688
255,1,Fast,0.30351877212524414,807,703
256,1,Fast,0.8407575488090515,845,728
256,1,Fast,0.5447472333908081,787,939
256,1,Fast,0.5355690717697144,902,965
257,1,Fast,0.8664990067481995,846,734
257,1,Fast,0.7033640742301941,906,973
257,1,Fast,0.4927528202533722,922,749
257,1,Fast,0.45980846881866455,911,612
257,1,Fast,0.44208988547325134,788,943
257,1,Fast,0.4335251748561859,939,695
258,1,Fast,0.8621007800102234,847,739
258,1,Fast,0.7085809707641602,908,981
258,1,Fast,0.6800176501274109,788,948
258,1,Fast,0.6685648560523987,921,743
258,2,Slow,0.3472828269004822,961,678
258,1,Fast,0.31638041138648987,938,690
259,1,Fast,0.8599690794944763,849,745
259,1,Fast,0.7316880822181702,790,952
259,1,Fast,0.6357857584953308,909,607
259,1,Fast,0.4820595681667328,919,738
259,1,Fast,0.365146666765213,811,719
260,1,Fast,0.8484100699424744,850,750
260,1,Fast,0.6191425919532776,791,956
260,2,Slow,0.47554725408554077,959,672
260,1,Fast,0.47495535016059875,812,723
261,1,Fast,0.8497394919395447,852,757
261,1,Fast,0.7973562479019165,792,960
261,1,Fast,0.6785786747932434,811,727
261,1,Fast,0.45336729288101196,933,680
261,1,Fast,0.403973251581192,907,600
261,1,Fast,0.3392024040222168,915,726
261,2,Slow,0.3305860161781311,958,669
261,2,Slow,0.32061177492141724,884,411
262,1,Fast,0.8598649501800537,854,762
262,1,Fast,0.8164947032928467,793,965
262,2,Slow,0.3886633515357971,958,665
262,1,Fast,0.30408668518066406,931,675
263,1,Fast,0.8613075017929077,855,768
263,1,Fast,0.7391250133514404,794,969
263,1,Fast,0.5666345357894897,811,736
263,1,Fast,0.334157794713974,923,1029
263,1,Fast,0.3077394366264343,957,663
264,1,Fast,0.8596969246864319,856,774
264,1,Fast,0.7629901766777039,795,973
264,1,Fast,0.5886055827140808,844,879
264,1,Fast,0.3587706685066223,1051,1072
264,1,Fast,0.334593266248703,812,741
265,1,Fast,0.8665777444839478,858,780
265,1,Fast,0.7335500717163086,797,977
265,1,Fast,0.635320782661438,845,886
265,1,Fast,0.5341927409172058,813,746
265,1,Fast,0.3788701593875885,930,1049
265,1,Fast,0.36965346336364746,1046,1066
265,2,Slow,0.31911805272102356,954,657
266,1,Fast,0.8589461445808411,860,786
266,1,Fast,0.7576795220375061,798,981
266,1,Fast,0.748664140701294,846,893
266,1,Fast,0.6206947565078735,815,751
266,1,Fast,0.5865140557289124,1041,1061
267,1,Fast,0.8859525322914124,861,793
267,1,Fast,0.7151275873184204,848,899
267,1,Fast,0.7075440287590027,800,986
267,1,Fast,0.699623703956604,1036,1057
267,1,Fast,0.6200239062309265,953,650
268,1,Fast,0.8843785524368286,862,799
268,1,Fast,0.7241578102111816,952,648
268,1,Fast,0.6520395874977112,801,990
268,1,Fast,0.43534955382347107,924,653
268,1,Fast,0.37787890434265137,849,905
269,1,Fast,0.8722938299179077,864,805
269,1,Fast,0.7840144634246826,802,995
269,1,Fast,0.506733238697052,950,644
269,1,Fast,0.433665007352829,852,911
269,1,Fast,0.4301452338695526,883,399
269,1,Fast,0.3974417746067047,924,649
269,1,Fast,0.30503520369529724,901,682
270,1,Fast,0.8750637769699097,866,812
270,1,Fast,0.7764963507652283,803,999
270,1,Fast,0.6726768016815186,819,772
270,1,Fast,0.6278828382492065,900,677
270,1,Fast,0.4607433080673218,883,397
270,1,Fast,0.3870597779750824,1022,1028
270,1,Fast,0.3802913427352905,923,645
271,1,Fast,0.8565197587013245,868,818
271,1,Fast,0.7402462363243103,804,1004
271,1,Fast,0.7035912275314331,899,672
271,1,Fast,0.6909428834915161,922,642
271,1,Fast,0.6283882260322571,948,638
271,1,Fast,0.5289173126220703,1018,1018
271,1,Fast,0.43734046816825867,856,925
272,1,Fast,0.8721213340759277,870,826
272,1,Fast,0.7869189381599426,806,1009
272,1,Fast,0.6024807691574097,898,668
272,1,Fast,0.4940350353717804,1014,1010
273,1,Fast,0.8538694381713867,872,832
273,1,Fast,0.805759072303772,806,1013
273,1,Fast,0.6812105178833008,896,662
273,1,Fast,0.6658344268798828,920,636
273,1,Fast,0.4882289469242096,821,785
273,1,Fast,0.3750448226928711,1011,1001
274,1,Fast,0.8758813142776489,874,839
274,1,Fast,0.8002734780311584,808,1017
274,1,Fast,0.7650371789932251,895,657
274,1,Fast,0.6890455484390259,821,789
274,1,Fast,0.6734228134155273,918,632
274,1,Fast,0.37023183703422546,743,775
274,1,Fast,0.30012741684913635,883,391
275,1,Fast,0.8747121095657349,876,846
275,1,Fast,0.788511335849762,810,1022
275,1,Fast,0.6650142669677734,823,796
275,1,Fast,0.6492088437080383,893,653
275,1,Fast,0.6202096939086914,862,952
275,1,Fast,0.35885339975357056,917,629
276,1,Fast,0.8813453316688538,878,853
276,1,Fast,0.7687990069389343,813,1027
276,1,Fast,0.7153571844100952,824,802
276,1,Fast,0.7024487853050232,864,959
276,1,Fast,0.6197149753570557,1001,975
276,1,Fast,0.5555218458175659,745,782
276,1,Fast,0.4497140645980835,892,648
276,2,Slow,0.3206920325756073,942,623
277,1,Fast,0.8648491501808167,880,860
277,1,Fast,0.8007848262786865,814,1032
277,1,Fast,0.7650373578071594,825,807
277,1,Fast,0.725097119808197,866,966
277,1,Fast,0.7234411239624023,745,786
277,1,Fast,0.6681082248687744,998,967
277,1,Fast,0.5748854875564575,891,643
277,1,Fast,0.3557213544845581,915,621
278,1,Fast,0.8719203472137451,882,867
278,1,Fast,0.8465509414672852,816,1037
278,1,Fast,0.7951956391334534,746,789
278,1,Fast,0.7778757810592651,827,813
278,1,Fast,0.7768600583076477,868,975
278,1,Fast,0.5327891111373901,994,958
279,1,Fast,0.8636305928230286,884,874
279,1,Fast,0.8537419438362122,817,1043
279,1,Fast,0.7867540717124939,746,791
279,2,Slow,0.500494122505188,941,616
279,1,Fast,0.4956800639629364,992,950
279,1,Fast,0.3948957920074463,829,818
280,1,Fast,0.8640711307525635,886,882
280,1,Fast,0.8230136036872864,818,1048
280,1,Fast,0.7648559212684631,746,796
280,2,Slow,0.5636097192764282,940,614
280,1,Fast,0.33912190794944763,987,942
281,1,Fast,0.8730936050415039,889,889
281,1,Fast,0.8382605314254761,821,1051
281,1,Fast,0.6548949480056763,831,829
281,1,Fast,0.6351636648178101,874,996
281,1,Fast,0.5841284394264221,747,799
281,2,Slow,0.54364013671875,938,611
282,1,Fast,0.8843574523925781,891,898
282,1,Fast,0.7098942995071411,748,802
282,1,Fast,0.6968404650688171,824,1054
282,1,Fast,0.6438022255897522,885,620
282,2,Slow,0.399166464805603,938,608
283,1,Fast,0.8778942823410034,894,906
283,1,Fast,0.6601773500442505,749,805
283,1,Fast,0.5343084335327148,884,616
283,1,Fast,0.4711897373199463,825,1057
283,2,Slow,0.38840892910957336,978,918
283,2,Slow,0.37870049476623535,936,605
283,1,Fast,0.3106765151023865,893,538
284,1,Fast,0.8704768419265747,896,913
284,1,Fast,0.7552403807640076,750,809
284,2,Slow,0.5855302810668945,936,602
284,1,Fast,0.5480865836143494,883,611
284,1,Fast,0.35077986121177673,893,537
284,1,Fast,0.30868831276893616,827,1060
285,1,Fast,0.8614464402198792,899,921
285,1,Fast,0.7579081058502197,751,812
285,2,Slow,0.4767740070819855,935,599
286,1,Fast,0.874599039554596,902,930
286,1,Fast,0.7472459673881531,838,855
286,1,Fast,0.6818707585334778,751,816
286,1,Fast,0.4813547730445862,891,532
286,2,Slow,0.40256986021995544,934,596
287,1,Fast,0.8742285966873169,903,938
287,1,Fast,0.7504251003265381,751,819
287,1,Fast,0.5400859713554382,838,860
287,2,Slow,0.4223250150680542,933,593
288,1,Fast,0.8832756876945496,907,946
288,1,Fast,0.7687606811523438,839,870
288,2,Slow,0.46716368198394775,931,591
288,1,Fast,0.42401689291000366,750,822
288,1,Fast,0.3346516489982605,966,881
289,1,Fast,0.8830468058586121,909,954
289,1,Fast,0.7561051249504089,841,876
289,2,Slow,0.37273550033569336,931,588
290,1,Fast,0.8755480051040649,912,963
290,1,Fast,0.805244505405426,843,882
290,1,Fast,0.39233773946762085,960,868
290,1,Fast,0.3425447940826416,890,523
290,2,Slow,0.34028711915016174,931,586
291,1,Fast,0.8579691648483276,916,972
291,1,Fast,0.773404598236084,844,890
291,1,Fast,0.45512503385543823,890,521
291,1,Fast,0.4262031018733978,753,832
292,1,Fast,0.8573582768440247,918,982
292,1,Fast,0.4714047610759735,889,519
292,1,Fast,0.469450443983078,846,895
292,2,Slow,0.4373646378517151,928,582
292,1,Fast,0.37506043910980225,954,854
293,1,Fast,0.8604172468185425,922,991
293,1,Fast,0.654233992099762,848,903
293,1,Fast,0.6450963020324707,952,847
293,1,Fast,0.49703577160835266,889,516
293,1,Fast,0.3666858673095703,756,841
294,1,Fast,0.8718900680541992,924,1000
294,1,Fast,0.7275977730751038,950,841
294,1,Fast,0.538512110710144,889,515
294,2,Slow,0.37672433257102966,926,576
294,1,Fast,0.36373937129974365,875,568
294,1,Fast,0.32951056957244873,758,845
295,1,Fast,0.8796745538711548,927,1009
295,1,Fast,0.6574379205703735,726,693
295,2,Slow,0.5600324869155884,926,574
295,1,Fast,0.5088932514190674,948,833
295,1,Fast,0.4857492744922638,889,512
295,1,Fast,0.423277348279953,852,916
295,1,Fast,0.31102249026298523,874,565
296,1,Fast,0.8364192843437195,930,1019
296,1,Fast,0.6738051176071167,726,694
296,2,Slow,0.5803859233856201,925,571
296,1,Fast,0.48862606287002563,946,827
297,1,Fast,0.8312540650367737,934,1028
297,1,Fast,0.7970111966133118,726,696
297,1,Fast,0.6761713027954102,943,821
297,2,Slow,0.6733846664428711,924,569
297,1,Fast,0.5421174168586731,889,508
297,2,Slow,0.35761091113090515,902,453
298,1,Fast,0.813277542591095,937,1037
298,1,Fast,0.8040311336517334,941,814
298,1,Fast,0.7089136838912964,888,506
298,1,Fast,0.6619894504547119,728,698
298,2,Slow,0.5724025964736938,923,567
298,1,Fast,0.5542967915534973,857,933
299,1,Fast,0.7706907391548157,939,808
299,1,Fast,0.7247135043144226,729,700
299,1,Fast,0.7159900069236755,941,1048
299,1,Fast,0.6580839157104492,887,504
299,2,Slow,0.5794122815132141,923,564
299,1,Fast,0.5226430892944336,858,942
300,1,Fast,0.8602414727210999,937,802
300,1,Fast,0.7671945691108704,860,949
300,1,Fast,0.766049325466156,945,1055
300,1,Fast,0.7639695405960083,727,702
300,2,Slow,0.5899161696434021,923,561
300,2,Slow,0.435481458902359,818,580
300,1,Fast,0.42223191261291504,869,547
300,1,Fast,0.33251842856407166,887,501
301,1,Fast,0.8252437114715576,935,796
301,1,Fast,0.7398412227630615,862,956
301,1,Fast,0.6310886740684509,868,543
301,1,Fast,0.5958380103111267,791,605
301,2,Slow,0.540728747844696,921,558
301,1,Fast,0.5149639248847961,728,704
301,2,Slow,0.42581039667129517,818,583
301,1,Fast,0.4129374623298645,886,499
301,1,Fast,0.3058135509490967,948,1060
302,1,Fast,0.7668082118034363,932,792
302,1,Fast,0.6701132655143738,728,706
302,1,Fast,0.5957620143890381,885,497
302,1,Fast,0.5955421924591064,863,964
302,1,Fast,0.5134711861610413,868,540
302,2,Slow,0.49307698011398315,920,556
302,1,Fast,0.4805739223957062,791,608
302,1,Fast,0.37209734320640564,953,1065
303,1,Fast,0.808966338634491,931,785
303,1,Fast,0.7162476181983948,866,972
303,1,Fast,0.697849452495575,868,537
303,1,Fast,0.6758456826210022,728,708
303,1,Fast,0.6398892998695374,791,611
303,1,Fast,0.6325708627700806,884,495
303,2,Slow,0.5925984382629395,920,554
303,2,Slow,0.5593290328979492,817,590
304,1,Fast,0.8253223896026611,928,780
304,1,Fast,0.725286602973938,867,534
304,1,Fast,0.6965697407722473,868,980
304,1,Fast,0.6851299405097961,884,493
304,2,Slow,0.6717591285705566,919,552
304,1,Fast,0.6717389225959778,792,615
304,2,Slow,0.6167967319488525,817,594
304,1,Fast,0.3435291349887848,765,887
304,1,Fast,0.3065243065357208,729,711
305,1,Fast,0.8120227456092834,927,774
305,1,Fast,0.707836389541626,884,491
305,2,Slow,0.6288695931434631,919,550
305,1,Fast,0.5427297949790955,866,530
305,1,Fast,0.5110076665878296,729,714
305,1,Fast,0.491008996963501,871,988
305,2,Slow,0.3824995458126068,817,597
306,1,Fast,0.6765184998512268,884,489
306,2,Slow,0.6460518836975098,918,547
306,1,Fast,0.5812968015670776,873,995
306,1,Fast,0.5714737176895142,925,768
306,2,Slow,0.5454197525978088,816,602
306,1,Fast,0.3913991153240204,866,528
307,1,Fast,0.7396578788757324,923,762
307,2,Slow,0.7031112313270569,917,545
307,2,Slow,0.5507827401161194,818,605
307,1,Fast,0.4864790737628937,884,488
307,1,Fast,0.3621378540992737,865,524
308,1,Fast,0.8574772477149963,922,757
308,2,Slow,0.6821984052658081,918,543
308,2,Slow,0.5770678520202637,820,609
308,1,Fast,0.33173897862434387,792,628
309,1,Fast,0.6472257971763611,730,723
309,1,Fast,0.6381209492683411,920,752
309,2,Slow,0.4859563112258911,821,611
309,1,Fast,0.44002535939216614,791,631
309,1,Fast,0.3854227662086487,884,482
309,1,Fast,0.3263503909111023,864,517
310,1,Fast,0.8352352380752563,918,747
310,1,Fast,0.6876230239868164,731,725
310,1,Fast,0.30125704407691956,884,480
311,1,Fast,0.8213134407997131,917,740
311,1,Fast,0.44661587476730347,863,510
311,1,Fast,0.40816062688827515,731,728
311,2,Slow,0.3934819996356964,822,618
312,1,Fast,0.8170581459999084,916,736
312,1,Fast,0.7592313289642334,731,730
312,1,Fast,0.604996383190155,863,507
312,1,Fast,0.5377559661865234,885,1044
312,1,Fast,0.3796294331550598,883,476
312,1,Fast,0.3569241762161255,774,921
313,1,Fast,0.7614907026290894,913,731
313,1,Fast,0.7409303784370422,732,732
313,2,Slow,0.5522822141647339,914,532
313,1,Fast,0.5502526760101318,863,505
313,1,Fast,0.4302721917629242,888,1053
314,1,Fast,0.7324535250663757,863,501
314,2,Slow,0.6432207822799683,914,530
314,2,Slow,0.6009353399276733,912,726
314,1,Fast,0.5326468348503113,733,734
314,1,Fast,0.36687567830085754,775,930
315,1,Fast,0.8250402808189392,909,721
315,2,Slow,0.7074108719825745,914,527
315,1,Fast,0.5728499293327332,861,499
315,1,Fast,0.5197789072990417,732,737
315,1,Fast,0.33492180705070496,796,652
316,1,Fast,0.8104581236839294,909,715
316,1,Fast,0.6676705479621887,732,739
316,2,Slow,0.5439106225967407,822,639
316,1,Fast,0.508766233921051,861,495
316,1,Fast,0.45475730299949646,882,469
316,2,Slow,0.43770119547843933,913,526
316,1,Fast,0.41320404410362244,796,656
317,1,Fast,0.8003020882606506,907,711
317,1,Fast,0.7512142062187195,733,743
317,1,Fast,0.5401380062103271,861,492
317,2,Slow,0.4381917119026184,912,524
317,1,Fast,0.4151967167854309,882,468
317,2,Slow,0.40654465556144714,823,643
317,1,Fast,0.35978755354881287,796,660
318,1,Fast,0.7803331017494202,905,706
318,1,Fast,0.6370449066162109,733,745
318,1,Fast,0.5121285915374756,860,490
318,2,Slow,0.5097636580467224,912,522
318,1,Fast,0.4179236888885498,797,663
318,1,Fast,0.41088980436325073,883,465
318,2,Slow,0.35724687576293945,988,909
319,1,Fast,0.7857327461242676,904,702
319,1,Fast,0.6944857835769653,782,955
319,1,Fast,0.6461454033851624,734,747
319,2,Slow,0.5641087889671326,984,901
319,2,Slow,0.5148201584815979,911,520
319,1,Fast,0.39612770080566406,860,487
320,1,Fast,0.7166073322296143,783,960
320,1,Fast,0.7063730359077454,735,750
320,1,Fast,0.47577327489852905,861,485
320,2,Slow,0.424137145280838,911,518
320,1,Fast,0.3411202132701874,903,698
321,1,Fast,0.7515468597412109,735,753
321,2,Slow,0.5563260316848755,978,886
321,1,Fast,0.5532773733139038,785,965
321,1,Fast,0.5224786400794983,798,675
322,1,Fast,0.8020327687263489,736,754
322,1,Fast,0.6127437949180603,798,677
322,1,Fast,0.37317097187042236,785,970
322,2,Slow,0.33645111322402954,827,661
323,1,Fast,0.8241111636161804,736,757
323,2,Slow,0.7795261740684509,972,870
323,1,Fast,0.6388044953346252,799,682
324,1,Fast,0.8267033100128174,737,760
324,1,Fast,0.7050033807754517,799,685
324,2,Slow,0.569753110408783,970,862
324,1,Fast,0.4283384680747986,881,454
324,1,Fast,0.3226289451122284,859,473
325,1,Fast,0.808224081993103,737,763
325,1,Fast,0.6877623200416565,800,689
325,2,Slow,0.58885657787323,967,856
326,1,Fast,0.8168280124664307,738,764
326,1,Fast,0.5918155908584595,800,694
326,2,Slow,0.5094283223152161,908,504
326,1,Fast,0.43851417303085327,895,669
327,1,Fast,0.8045642971992493,738,767
327,1,Fast,0.6834856867790222,802,698
327,1,Fast,0.6475895047187805,793,995
327,1,Fast,0.5784379839897156,894,664
327,2,Slow,0.4405513107776642,908,502
328,1,Fast,0.827624499797821,738,770
328,1,Fast,0.5940445065498352,802,701
328,1,Fast,0.5599549412727356,794,1001
328,1,Fast,0.4983353316783905,891,660
329,1,Fast,0.806738018989563,739,773
329,1,Fast,0.6813674569129944,957,826
329,1,Fast,0.6200256943702698,891,655
329,1,Fast,0.5812546014785767,796,1006
329,1,Fast,0.3665741980075836,804,705
330,1,Fast,0.8300189971923828,740,776
330,1,Fast,0.8269816040992737,889,650
330,1,Fast,0.491685688495636,955,820
331,1,Fast,0.8195356726646423,740,778
331,1,Fast,0.7732590436935425,889,646
332,1,Fast,0.8116068840026855,741,781
332,1,Fast,0.685957670211792,888,643
332,2,Slow,0.3862840235233307,906,493
333,1,Fast,0.8203626275062561,741,785
333,1,Fast,0.6666281819343567,948,799
333,1,Fast,0.48923584818840027,887,639
333,2,Slow,0.3618585467338562,905,491
334,1,Fast,0.8370158672332764,742,787
334,1,Fast,0.7899370193481445,946,793
335,1,Fast,0.8038841485977173,743,790
335,1,Fast,0.6554807424545288,885,631
335,1,Fast,0.5377300977706909,944,787
335,1,Fast,0.4994525909423828,808,732
335,1,Fast,0.3962153196334839,809,1043
336,1,Fast,0.8415747880935669,743,792
336,1,Fast,0.8089542388916016,809,1047
336,1,Fast,0.6125926375389099,809,736
336,2,Slow,0.41233742237091064,905,485
336,1,Fast,0.33308956027030945,883,627
337,1,Fast,0.808853805065155,743,796
337,1,Fast,0.6021186709403992,812,1052
337,2,Slow,0.5571531653404236,904,482
337,1,Fast,0.5371582508087158,810,740
337,1,Fast,0.535628616809845,882,622
337,1,Fast,0.5143177509307861,939,774
338,1,Fast,0.7561562657356262,744,799
338,1,Fast,0.5521185398101807,812,744
338,2,Slow,0.42339563369750977,904,481
338,2,Slow,0.4207892119884491,844,730
338,2,Slow,0.40561404824256897,937,768
338,1,Fast,0.3640768826007843,882,618
338,1,Fast,0.3037080764770508,813,1056
339,1,Fast,0.7707999348640442,745,802
339,1,Fast,0.6331055164337158,935,762
339,1,Fast,0.5338311195373535,812,748
339,2,Slow,0.3233942985534668,845,735
340,1,Fast,0.739720344543457,746,804
340,1,Fast,0.5798298120498657,814,753
340,1,Fast,0.38459113240242004,933,756
341,1,Fast,0.7455445528030396,746,808
341,1,Fast,0.4733814597129822,930,751
341,2,Slow,0.45882320404052734,904,476
342,2,Slow,0.45594820380210876,904,474
342,1,Fast,0.43130695819854736,747,810
343,1,Fast,0.517463743686676,927,739
343,2,Slow,0.45784446597099304,904,472
345,1,Fast,0.38410502672195435,749,819
346,2,Slow,0.33744165301322937,903,466
348,2,Slow,0.334534227848053,903,463
349,1,Fast,0.7158827185630798,916,705
349,1,Fast,0.3590173125267029,821,796
350,1,Fast,0.7528058290481567,914,700
350,1,Fast,0.6784875988960266,752,834
351,1,Fast,0.5937343835830688,753,837
351,2,Slow,0.47659534215927124,902,459
351,1,Fast,0.33285751938819885,913,696
352,1,Fast,0.5737324953079224,912,691
352,1,Fast,0.5448974370956421,754,841
352,2,Slow,0.45879340171813965,902,457
353,1,Fast,0.6985355615615845,910,685
353,1,Fast,0.6257361173629761,754,845
353,2,Slow,0.5793561339378357,873,563
353,2,Slow,0.5567855834960938,902,455
354,2,Slow,0.5150973200798035,902,453
354,1,Fast,0.43227118253707886,756,848
354,1,Fast,0.351517915725708,909,680
355,2,Slow,0.46553027629852295,901,451
355,1,Fast,0.4614731967449188,907,676
358,2,Slow,0.45021870732307434,869,548
359,1,Fast,0.6219383478164673,901,657
360,1,Fast,0.4977407455444336,901,652
361,1,Fast,0.7028108239173889,900,648
361,2,Slow,0.41585487127304077,868,539
362,1,Fast,0.5291032195091248,898,643
362,2,Slow,0.5032076239585876,867,535
362,2,Slow,0.32937151193618774,901,440
364,1,Fast,0.6777731776237488,896,634
364,2,Slow,0.5520652532577515,866,530
365,1,Fast,0.4298649728298187,768,887
365,2,Slow,0.42612382769584656,865,526
365,1,Fast,0.4076198637485504,895,630
366,2,Slow,0.5386254191398621,865,524
368,2,Slow,0.6766336560249329,865,517
368,1,Fast,0.3228071630001068,850,906
369,2,Slow,0.44211187958717346,865,514
370,2,Slow,0.471424400806427,864,512
371,2,Slow,0.4640793800354004,864,509
371,1,Fast,0.32100316882133484,887,605
372,2,Slow,0.6502586007118225,863,506
373,1,Fast,0.47942298650741577,774,918
374,1,Fast,0.6591519713401794,859,945
375,1,Fast,0.6984441876411438,862,952
375,1,Fast,0.3988822102546692,778,925
376,1,Fast,0.7854047417640686,863,959
376,2,Slow,0.3178781270980835,861,495
377,1,Fast,0.7641920447349548,865,966
377,2,Slow,0.5919351577758789,861,492
378,1,Fast,0.6736098527908325,868,972
378,2,Slow,0.558434247970581,861,490
379,1,Fast,0.7156270146369934,869,980
379,2,Slow,0.34248068928718567,861,486
379,1,Fast,0.3249537944793701,788,606
380,1,Fast,0.7319071292877197,871,987
380,1,Fast,0.35189753770828247,814,592
381,1,Fast,0.7145813703536987,872,995
381,1,Fast,0.6002441644668579,815,595
381,1,Fast,0.5474134683609009,782,950
381,1,Fast,0.36163902282714844,836,692
382,1,Fast,0.7955296039581299,783,954
382,1,Fast,0.5994791984558105,837,696
382,1,Fast,0.5958373546600342,874,1002
382,1,Fast,0.3808700442314148,816,597
383,1,Fast,0.781509518623352,784,958
383,1,Fast,0.5973399877548218,837,699
384,1,Fast,0.6478534936904907,786,963
384,1,Fast,0.5089120864868164,838,704
384,1,Fast,0.35715532302856445,1109,1068
385,1,Fast,0.6936264038085938,839,708
385,2,Slow,0.46504437923431396,860,471
385,1,Fast,0.45175257325172424,787,966
386,1,Fast,0.5646169185638428,840,713
388,1,Fast,0.5348251461982727,888,1051
388,1,Fast,0.34131529927253723,842,723
389,1,Fast,0.5030359625816345,791,654
389,1,Fast,0.43113550543785095,1049,866
390,1,Fast,0.7520641684532166,1047,863
390,1,Fast,0.6104598045349121,792,659
390,2,Slow,0.5493516325950623,860,458
390,1,Fast,0.5368891358375549,819,627
390,1,Fast,0.5367763042449951,845,732
391,1,Fast,0.7850129008293152,845,737
391,1,Fast,0.6430697441101074,793,993
391,2,Slow,0.6061087250709534,860,456
391,1,Fast,0.5771406888961792,949,527
391,1,Fast,0.5390049815177917,1045,859
391,1,Fast,0.513249397277832,1073,1017
391,1,Fast,0.5017304420471191,819,630
391,1,Fast,0.46104779839515686,792,665
392,1,Fast,0.8405301570892334,846,742
392,1,Fast,0.7706425189971924,948,527
392,1,Fast,0.47344279289245605,1069,1009
392,1,Fast,0.4512611925601959,792,670
392,1,Fast,0.42599087953567505,795,997
392,2,Slow,0.3260069489479065,860,453
393,1,Fast,0.8253923058509827,847,746
393,1,Fast,0.5467135906219482,948,527
393,1,Fast,0.4765416383743286,793,675
394,1,Fast,0.7759652733802795,849,752
394,1,Fast,0.40265631675720215,794,680
394,1,Fast,0.31854745745658875,948,526
395,1,Fast,0.7502558827400208,850,756
395,1,Fast,0.37755724787712097,823,646
396,1,Fast,0.7525931596755981,852,761
396,1,Fast,0.3996928334236145,1056,978
397,1,Fast,0.818757176399231,853,767
397,1,Fast,0.34791260957717896,798,697
398,1,Fast,0.8027812242507935,854,772
398,2,Slow,0.39212310314178467,859,439
399,1,Fast,0.812267005443573,855,777
399,2,Slow,0.49554386734962463,859,437
400,1,Fast,0.8380165100097656,856,783
400,1,Fast,0.45259854197502136,799,716
400,2,Slow,0.33968213200569153,859,436
401,1,Fast,0.7148692011833191,800,723
401,1,Fast,0.6705887317657471,857,788
402,1,Fast,0.8508891463279724,859,794
402,1,Fast,0.8084043264389038,801,728
402,1,Fast,0.49133485555648804,807,1047
402,2,Slow,0.4704049229621887,859,431
403,1,Fast,0.8807947039604187,860,799
403,1,Fast,0.7929495573043823,802,733
403,1,Fast,0.777424156665802,808,1052
404,1,Fast,0.8834409713745117,861,804
404,1,Fast,0.7310758233070374,804,740
404,1,Fast,0.5099689364433289,811,1056
404,2,Slow,0.3480132520198822,859,426
405,1,Fast,0.8894513845443726,863,810
405,1,Fast,0.8188329935073853,806,746
406,1,Fast,0.8730816841125488,864,816
406,1,Fast,0.8246046304702759,807,753
407,1,Fast,0.867424488067627,865,822
407,1,Fast,0.8163047432899475,809,760
408,1,Fast,0.866223931312561,867,827
408,1,Fast,0.7529882192611694,810,767
409,1,Fast,0.8428528308868408,869,834
409,1,Fast,0.8123634457588196,810,775
410,1,Fast,0.8380439877510071,871,841
410,1,Fast,0.8304014801979065,811,782
411,1,Fast,0.844270646572113,872,846
411,1,Fast,0.7978901267051697,812,789
412,1,Fast,0.8169372081756592,874,852
412,1,Fast,0.8026041984558105,814,796
413,1,Fast,0.8458142280578613,816,803
413,1,Fast,0.83720862865448,876,858
414,1,Fast,0.8691572546958923,817,811
414,1,Fast,0.8407909870147705,877,865
414,1,Fast,0.41542771458625793,1005,766
415,1,Fast,0.8792210817337036,878,871
415,1,Fast,0.8553047776222229,819,818
416,1,Fast,0.8696507811546326,880,877
416,1,Fast,0.8602852821350098,820,826
417,1,Fast,0.8704975247383118,882,884
417,1,Fast,0.8537589907646179,822,834
417,1,Fast,0.6170737743377686,845,741
418,1,Fast,0.8675351738929749,884,891
418,1,Fast,0.8516426682472229,823,843
418,1,Fast,0.5535950660705566,845,745
419,1,Fast,0.8584699630737305,886,897
419,1,Fast,0.8445754647254944,825,850
419,1,Fast,0.6864283084869385,845,750
419,1,Fast,0.31613460183143616,991,829
420,1,Fast,0.8767336010932922,888,904
420,1,Fast,0.8492568731307983,827,858
420,1,Fast,0.7186065912246704,847,755
421,1,Fast,0.8679086565971375,830,868
421,1,Fast,0.8672775030136108,890,911
421,1,Fast,0.5831245183944702,848,759
422,1,Fast,0.8804206848144531,892,918
422,1,Fast,0.8670811057090759,831,876
422,1,Fast,0.6523318290710449,849,765
423,1,Fast,0.8752303123474121,834,885
423,1,Fast,0.8652629852294922,894,925
423,1,Fast,0.30213865637779236,851,770
424,1,Fast,0.8838837146759033,896,933
424,1,Fast,0.86158686876297,835,894
425,1,Fast,0.8734670281410217,898,940
425,1,Fast,0.8655300140380859,838,904
426,1,Fast,0.8647397756576538,840,913
426,1,Fast,0.8535054326057434,900,947
427,1,Fast,0.8734315633773804,842,922
427,1,Fast,0.8684653043746948,902,954
427,1,Fast,0.3290660083293915,975,786
427,1,Fast,0.3181348145008087,780,773
428,1,Fast,0.8789228796958923,845,931
428,1,Fast,0.8727971315383911,905,962
428,1,Fast,0.4710141122341156,972,780
428,1,Fast,0.34139710664749146,779,777
429,1,Fast,0.8713383674621582,847,941
429,1,Fast,0.8501765727996826,908,969
429,1,Fast,0.48327210545539856,969,775
430,1,Fast,0.8755618929862976,850,952
430,1,Fast,0.8531044125556946,909,977
430,1,Fast,0.7084155082702637,967,770
430,1,Fast,0.4031897485256195,984,713
431,1,Fast,0.8828617334365845,853,963
431,1,Fast,0.798110842704773,912,985
431,1,Fast,0.6937656402587891,861,813
431,1,Fast,0.6606805324554443,964,765
431,1,Fast,0.43684396147727966,983,710
431,1,Fast,0.3947768211364746,782,790
432,1,Fast,0.8727338910102844,856,973
432,1,Fast,0.7810977101325989,963,760
432,1,Fast,0.7431365251541138,915,993
432,1,Fast,0.3033980131149292,863,818
433,1,Fast,0.8719143867492676,859,984
433,1,Fast,0.7625529170036316,918,1001
433,1,Fast,0.5972587466239929,962,755
434,1,Fast,0.8435905575752258,862,995
434,1,Fast,0.8185705542564392,921,1010
434,1,Fast,0.3664785623550415,867,830
435,1,Fast,0.862850546836853,864,1005
435,1,Fast,0.76958829164505,923,1018
436,1,Fast,0.86684650182724,868,1017
436,1,Fast,0.8020243048667908,925,1026
436,1,Fast,0.3434065580368042,957,741
436,1,Fast,0.3340130150318146,1094,1048
437,1,Fast,0.8739628791809082,871,1028
437,1,Fast,0.620851993560791,929,1034
437,1,Fast,0.5356317162513733,956,734
438,1,Fast,0.8445433974266052,874,1040
438,1,Fast,0.7018516063690186,953,731
438,1,Fast,0.5420626401901245,931,1043
438,1,Fast,0.4967675805091858,873,853
438,1,Fast,0.370541512966156,1085,1030
439,1,Fast,0.8212118148803711,878,1051
439,1,Fast,0.8139101266860962,951,727
439,1,Fast,0.6304876804351807,934,1050
439,1,Fast,0.5696473717689514,875,861
439,1,Fast,0.5545017719268799,1082,1021
440,1,Fast,0.7948561906814575,1078,1014
440,1,Fast,0.7620602250099182,949,722
440,1,Fast,0.670248806476593,875,865
440,1,Fast,0.5066510438919067,883,1058
441,1,Fast,0.8303890824317932,877,873
441,1,Fast,0.763598620891571,948,718
441,1,Fast,0.7062992453575134,1075,1005
441,1,Fast,0.6902162432670593,891,1065
441,2,Slow,0.40950852632522583,943,1060
442,1,Fast,0.8209647536277771,879,878
442,1,Fast,0.6444747447967529,947,713
442,1,Fast,0.5851935744285583,1071,996
442,2,Slow,0.388469398021698,946,1064
442,1,Fast,0.3382387161254883,893,1071
443,1,Fast,0.8426305651664734,881,886
443,1,Fast,0.7253736257553101,1068,988
443,1,Fast,0.4226452112197876,946,708
444,1,Fast,0.8521038293838501,883,891
444,1,Fast,0.7041666507720947,943,705
444,1,Fast,0.7012215852737427,1064,980
445,1,Fast,0.7966137528419495,885,898
445,1,Fast,0.574288010597229,1061,973
445,1,Fast,0.42827287316322327,942,699
445,1,Fast,0.35048338770866394,793,858
446,1,Fast,0.7969159483909607,887,905
446,1,Fast,0.5605613589286804,941,695
447,1,Fast,0.6389910578727722,889,912
448,1,Fast,0.47085708379745483,796,874
448,1,Fast,0.38938599824905396,890,918
449,1,Fast,0.5266715884208679,936,683
450,1,Fast,0.6455001831054688,935,678
450,1,Fast,0.391818106174469,1044,934
451,1,Fast,0.7263579964637756,1041,929
451,1,Fast,0.6621279120445251,934,675
451,1,Fast,0.40620532631874084,800,892
452,1,Fast,0.6603698134422302,932,671
452,1,Fast,0.6565666198730469,1038,921
452,1,Fast,0.6426085829734802,901,948
452,1,Fast,0.3727640211582184,801,896
453,1,Fast,0.784223198890686,903,955
453,1,Fast,0.6353833079338074,931,668
453,1,Fast,0.5548438429832458,1034,913
454,1,Fast,0.6867849826812744,905,962
454,1,Fast,0.6656801104545593,1031,907
454,1,Fast,0.38383299112319946,929,663
455,1,Fast,0.815095841884613,1028,899
455,1,Fast,0.5793673992156982,928,660
456,1,Fast,0.7667441964149475,909,979
456,1,Fast,0.6205683946609497,926,655
456,1,Fast,0.6011385917663574,1025,893
457,1,Fast,0.6290547847747803,911,986
457,1,Fast,0.6091119050979614,925,652
457,1,Fast,0.40809887647628784,1023,887
458,1,Fast,0.6121406555175781,914,995
458,1,Fast,0.5480908155441284,808,930
458,1,Fast,0.35199880599975586,924,648
459,1,Fast,0.5464991927146912,916,1002
460,1,Fast,0.4231879711151123,919,1011
461,1,Fast,0.8056758046150208,922,1019
462,1,Fast,0.5348924994468689,813,955
463,1,Fast,0.7642976641654968,815,961
463,1,Fast,0.7223129868507385,926,1037
463,1,Fast,0.4771007001399994,919,629
463,1,Fast,0.3014402687549591,851,754
464,1,Fast,0.7950054407119751,930,1046
464,1,Fast,0.7043351531028748,1005,842
464,1,Fast,0.3692406713962555,852,759
465,1,Fast,0.7714892625808716,933,1053
465,1,Fast,0.7511171102523804,1002,835
465,1,Fast,0.5149567723274231,916,622
466,1,Fast,0.7616749405860901,999,829
466,1,Fast,0.6716893315315247,936,1058
466,1,Fast,0.30225080251693726,916,619
467,1,Fast,0.6003130674362183,997,824
467,1,Fast,0.44900521636009216,914,615
467,1,Fast,0.31566333770751953,820,988
468,1,Fast,0.4919137954711914,914,611
469,1,Fast,0.6028267741203308,912,608
470,1,Fast,0.649871826171875,911,603
471,1,Fast,0.5596872568130493,911,599
472,1,Fast,0.6548582911491394,910,597
472,1,Fast,0.5243880152702332,829,1023
473,1,Fast,0.3550894856452942,866,814
473,1,Fast,0.32932916283607483,985,789
474,1,Fast,0.7112648487091064,868,820
474,1,Fast,0.6907194256782532,982,784
474,1,Fast,0.3639580309391022,831,1038
475,1,Fast,0.7978746294975281,979,779
475,1,Fast,0.7178555727005005,869,826
475,1,Fast,0.3062952756881714,832,1046
476,1,Fast,0.8159106969833374,976,774
476,1,Fast,0.443778395652771,871,833
477,1,Fast,0.726730227470398,975,769
477,1,Fast,0.6526354551315308,873,839
477,1,Fast,0.6084738373756409,904,581
478,1,Fast,0.693776547908783,904,578
478,1,Fast,0.5574914813041687,972,764
478,1,Fast,0.47207358479499817,875,846
479,1,Fast,0.4195961356163025,903,574
479,1,Fast,0.3816758990287781,877,853
479,1,Fast,0.37930426001548767,971,758
480,1,Fast,0.726344883441925,879,860
480,1,Fast,0.5440974831581116,903,571
480,1,Fast,0.3859309256076813,969,753
480,1,Fast,0.31109872460365295,936,581
481,1,Fast,0.7628046274185181,881,867
481,1,Fast,0.5666658878326416,936,579
482,1,Fast,0.8247637152671814,883,873
482,1,Fast,0.6788426041603088,935,578
483,1,Fast,0.5933297276496887,885,881
484,1,Fast,0.6007461547851562,887,888
484,1,Fast,0.4482559561729431,962,733
485,1,Fast,0.39914748072624207,959,728
485,1,Fast,0.3614230751991272,889,896
486,1,Fast,0.6151366233825684,957,724
486,1,Fast,0.3566855788230896,891,902
487,1,Fast,0.7326710224151611,956,719
487,2,Slow,0.4857631027698517,933,568
488,1,Fast,0.774725615978241,954,714
488,2,Slow,0.5884353518486023,932,566
488,1,Fast,0.4095708131790161,897,549
489,1,Fast,0.8009158372879028,952,710
489,2,Slow,0.5453298091888428,931,564
489,1,Fast,0.4175562858581543,897,546
489,1,Fast,0.3103225529193878,901,680
490,1,Fast,0.7387735843658447,951,705
490,1,Fast,0.6955949664115906,901,933
490,1,Fast,0.3259575068950653,899,675
491,1,Fast,0.8087317943572998,949,701
492,1,Fast,0.7147595286369324,947,696
495,1,Fast,0.561673641204834,943,682
495,1,Fast,0.3429906964302063,894,650
496,1,Fast,0.658877432346344,942,679
496,1,Fast,0.4189789593219757,892,646
498,1,Fast,0.317649245262146,938,671
499,1,Fast,0.48734503984451294,936,667
500,1,Fast,0.31435099244117737,889,517
501,1,Fast,0.7361368536949158,933,658
501,1,Fast,0.5918130278587341,890,514
502,1,Fast,0.6554708480834961,932,654
502,1,Fast,0.6010160446166992,883,620
502,1,Fast,0.36477404832839966,889,511
503,1,Fast,0.6333677172660828,931,650
503,1,Fast,0.5550813674926758,882,617
503,1,Fast,0.3256003260612488,890,508
504,1,Fast,0.6600674986839294,930,645
504,1,Fast,0.6272678375244141,881,613
504,1,Fast,0.33311283588409424,889,506
505,1,Fast,0.5076380968093872,929,641
506,1,Fast,0.7400620579719543,928,638
506,1,Fast,0.31213346123695374,889,501
507,1,Fast,0.6201149225234985,927,635
508,1,Fast,0.5965497493743896,925,632
509,1,Fast,0.5712922811508179,924,628
510,1,Fast,0.420726478099823,923,624
512,1,Fast,0.4938306212425232,921,617
513,1,Fast,0.4212760031223297,919,613
514,1,Fast,0.44554978609085083,918,609
515,1,Fast,0.5710182785987854,917,605
517,1,Fast,0.5213416814804077,915,598
518,1,Fast,0.3897261619567871,914,595
520,1,Fast,0.3264814019203186,884,469
525,1,Fast,0.510772705078125,745,776
526,1,Fast,0.4782875180244446,745,781
528,1,Fast,0.40133923292160034,747,787
528,1,Fast,0.32709330320358276,828,815
529,1,Fast,0.44965195655822754,747,791
529,1,Fast,0.4235682785511017,1040,1059
530,1,Fast,0.3873589336872101,1111,1005
530,1,Fast,0.3165871202945709,1036,1050
531,1,Fast,0.764644205570221,1031,1042
532,1,Fast,0.7467095851898193,1027,1032
532,1,Fast,0.6922175288200378,1105,992
533,1,Fast,0.8090758919715881,1023,1023
533,1,Fast,0.7844906449317932,1103,986
534,1,Fast,0.7903587818145752,1019,1015
534,1,Fast,0.6699525713920593,751,805
534,1,Fast,0.46233540773391724,1100,981
535,1,Fast,0.8320607542991638,1016,1007
535,1,Fast,0.36411991715431213,752,809
536,1,Fast,0.7677638530731201,1012,999
537,1,Fast,0.8186867237091064,1010,991
537,1,Fast,0.7621448040008545,839,871
537,1,Fast,0.3071235716342926,752,814
538,1,Fast,0.7566804885864258,841,878
538,1,Fast,0.7501583099365234,1006,984
539,1,Fast,0.8119877576828003,842,885
539,1,Fast,0.7716425657272339,1004,976
540,1,Fast,0.7990009784698486,845,891
540,1,Fast,0.7891443967819214,1001,969
540,1,Fast,0.32478728890419006,1084,949
541,1,Fast,0.7963600158691406,846,898
541,1,Fast,0.5688962936401367,998,961
542,1,Fast,0.7092199921607971,995,953
543,1,Fast,0.3081107437610626,992,946
544,1,Fast,0.38059210777282715,989,938
545,1,Fast,0.5349819660186768,854,925
545,1,Fast,0.3245399296283722,986,931
546,1,Fast,0.5406197905540466,983,924
546,1,Fast,0.3084726333618164,855,932
547,1,Fast,0.7269095778465271,857,941
547,1,Fast,0.5310154557228088,981,917
548,1,Fast,0.8215560913085938,859,949
549,1,Fast,0.8210603594779968,861,957
549,1,Fast,0.5905730724334717,975,903
550,1,Fast,0.8017786741256714,862,966
550,1,Fast,0.5899108052253723,972,896
551,1,Fast,0.7621101140975952,865,974
551,1,Fast,0.5914608836174011,970,890
552,1,Fast,0.6654347777366638,867,982
552,1,Fast,0.3736974596977234,967,883
553,1,Fast,0.7729992270469666,870,990
553,1,Fast,0.3337220251560211,965,877
554,1,Fast,0.7199738621711731,871,998
557,1,Fast,0.5122825503349304,1046,869
558,1,Fast,0.42154914140701294,1044,866
558,1,Fast,0.32340899109840393,880,1032
559,1,Fast,0.48659127950668335,882,1041
559,1,Fast,0.3921906352043152,1042,861
559,1,Fast,0.313538521528244,950,839
560,1,Fast,0.5734903812408447,886,1051
560,1,Fast,0.5395484566688538,949,833
561,1,Fast,0.6811748147010803,947,827
562,1,Fast,0.3122712969779968,946,821
568,1,Fast,0.3410551846027374,933,788
569,1,Fast,0.6499696969985962,931,782
570,1,Fast,0.5916227698326111,928,777
571,1,Fast,0.7011220455169678,787,953
571,1,Fast,0.6801185011863708,926,772
572,1,Fast,0.7255008816719055,789,958
572,1,Fast,0.7050966024398804,926,766
573,1,Fast,0.7758947610855103,790,963
573,1,Fast,0.48290157318115234,924,761
574,1,Fast,0.5910869836807251,791,968
575,1,Fast,0.6139985918998718,792,973
575,1,Fast,0.5854771137237549,843,876
576,1,Fast,0.5125250816345215,845,885
577,1,Fast,0.5059100985527039,919,741
577,1,Fast,0.3224559724330902,846,892
578,1,Fast,0.4676366150379181,918,736
579,1,Fast,0.6961109042167664,798,994
580,1,Fast,0.35981786251068115,914,727
581,1,Fast,0.5166993141174316,856,923
581,1,Fast,0.4416946470737457,913,722
581,1,Fast,0.32171517610549927,801,1004
582,1,Fast,0.690935492515564,857,929
582,1,Fast,0.38263559341430664,911,718
583,1,Fast,0.3918408155441284,1001,768
583,1,Fast,0.37251612544059753,797,702
583,1,Fast,0.3629039525985718,910,713
584,1,Fast,0.7244126200675964,861,946
584,1,Fast,0.5827661156654358,908,708
584,1,Fast,0.3117735981941223,798,706
585,1,Fast,0.5767626762390137,906,704
585,1,Fast,0.43471840023994446,863,954
586,1,Fast,0.8372609615325928,864,963
586,1,Fast,0.4180622398853302,905,699
587,1,Fast,0.7689284682273865,814,1039
587,1,Fast,0.735870897769928,866,972
587,1,Fast,0.42785441875457764,904,695
588,1,Fast,0.6277018785476685,815,1045
589,1,Fast,0.7624938488006592,816,1050
590,1,Fast,0.5100958943367004,818,1053
591,1,Fast,0.3508790135383606,877,1007
595,1,Fast,0.6750993132591248,806,753
596,1,Fast,0.8010868430137634,806,758
596,1,Fast,0.6240371465682983,890,1052
597,1,Fast,0.7372235655784607,807,762
598,1,Fast,0.7234483361244202,808,767
599,1,Fast,0.7733629941940308,808,773
600,1,Fast,0.7988226413726807,810,777
600,1,Fast,0.4725953936576843,829,712
601,1,Fast,0.7140609622001648,810,782
601,1,Fast,0.6362714767456055,830,717
602,1,Fast,0.7417076230049133,831,721
602,1,Fast,0.6464030742645264,811,786
602,1,Fast,0.524610161781311,1104,1012
603,1,Fast,0.7255294322967529,832,725
603,1,Fast,0.6390817165374756,812,791
603,1,Fast,0.6258484125137329,1101,1006
604,1,Fast,0.6816990375518799,814,796
604,1,Fast,0.5181325674057007,1008,1016
604,1,Fast,0.4336700439453125,834,730
605,1,Fast,0.7717085480690002,815,801
605,1,Fast,0.621049702167511,836,736
605,1,Fast,0.43774932622909546,1005,1008
606,1,Fast,0.8294510245323181,815,806
606,1,Fast,0.6345273852348328,837,741
606,1,Fast,0.30415117740631104,1003,1000
607,1,Fast,0.8495765924453735,817,812
607,1,Fast,0.5891394019126892,838,747
607,1,Fast,0.5267152786254883,1000,992
608,1,Fast,0.8372738361358643,819,817
608,1,Fast,0.7157411575317383,840,752
608,1,Fast,0.44112148880958557,998,985
609,1,Fast,0.8422890901565552,819,822
609,1,Fast,0.7069107294082642,995,978
609,1,Fast,0.5215601921081543,841,757
609,1,Fast,0.3626030385494232,985,912
610,1,Fast,0.8388243913650513,820,827
610,1,Fast,0.545585036277771,842,764
610,1,Fast,0.520889401435852,992,970
611,1,Fast,0.8378463387489319,822,832
611,1,Fast,0.6932758688926697,843,771
611,1,Fast,0.6446195244789124,979,898
611,1,Fast,0.48581957817077637,989,963
612,1,Fast,0.8367917537689209,823,838
612,1,Fast,0.6663004159927368,844,776
612,1,Fast,0.41571423411369324,986,955
613,1,Fast,0.8267472982406616,824,844
613,1,Fast,0.7693665623664856,845,781
613,1,Fast,0.3279413878917694,982,949
614,1,Fast,0.7995563745498657,825,849
614,1,Fast,0.7498430609703064,847,786
615,1,Fast,0.7783681154251099,826,854
615,1,Fast,0.5867636799812317,850,792
616,1,Fast,0.7532240748405457,829,860
616,1,Fast,0.517382800579071,974,927
616,1,Fast,0.4906162619590759,852,799
617,1,Fast,0.8054021596908569,830,866
617,1,Fast,0.5266276001930237,853,805
618,1,Fast,0.8488132953643799,832,872
618,1,Fast,0.593747079372406,855,811
619,1,Fast,0.8487076759338379,833,878
619,1,Fast,0.6550235748291016,857,817
620,1,Fast,0.8385189175605774,835,883
620,1,Fast,0.648000955581665,858,823
621,1,Fast,0.8504750728607178,836,889
621,1,Fast,0.7706028819084167,860,830
621,1,Fast,0.6017096638679504,1009,989
621,1,Fast,0.5185140371322632,963,893
621,1,Fast,0.474987655878067,956,834
622,1,Fast,0.8556535243988037,838,895
622,1,Fast,0.7724499106407166,961,887
622,1,Fast,0.7611985206604004,862,837
622,1,Fast,0.7024487853050232,1007,982
622,1,Fast,0.6633244752883911,953,829
623,1,Fast,0.8613722324371338,839,902
623,1,Fast,0.7334149479866028,863,844
623,1,Fast,0.7109564542770386,1003,975
623,1,Fast,0.43984368443489075,959,881
624,1,Fast,0.8533841967582703,840,908
624,1,Fast,0.8327088356018066,865,849
624,1,Fast,0.5107946395874023,956,875
624,1,Fast,0.50568026304245,1001,966
624,1,Fast,0.44370242953300476,950,817
625,1,Fast,0.8452691435813904,842,914
625,1,Fast,0.8228864073753357,867,856
625,1,Fast,0.6727139949798584,998,959
625,1,Fast,0.5584198832511902,948,811
625,1,Fast,0.5514451861381531,954,868
626,1,Fast,0.782017171382904,843,921
626,1,Fast,0.738297164440155,869,863
626,1,Fast,0.591557502746582,995,952
626,1,Fast,0.5637612342834473,950,862
627,1,Fast,0.8499335050582886,870,870
627,1,Fast,0.8001693487167358,845,927
627,1,Fast,0.7520204186439514,992,945
627,1,Fast,0.6968035697937012,948,855
628,1,Fast,0.8435437083244324,847,933
628,1,Fast,0.8312318921089172,872,877
628,1,Fast,0.7538742423057556,946,849
628,1,Fast,0.6563193798065186,991,938
628,1,Fast,0.36772438883781433,943,796
629,1,Fast,0.8603419065475464,849,940
629,1,Fast,0.8230785727500916,874,884
629,1,Fast,0.6155293583869934,988,932
629,1,Fast,0.4678609371185303,944,844
630,1,Fast,0.8518452048301697,984,924
630,1,Fast,0.8474183678627014,851,946
630,1,Fast,0.8355653285980225,877,891
631,1,Fast,0.8348970413208008,853,954
631,1,Fast,0.7906692624092102,879,899
631,1,Fast,0.7851871252059937,981,918
631,1,Fast,0.45446187257766724,939,832
632,1,Fast,0.844002902507782,854,961
632,1,Fast,0.7858085036277771,881,907
632,1,Fast,0.7710403800010681,978,911
632,1,Fast,0.5369704961776733,937,825
633,1,Fast,0.8437621593475342,856,968
633,1,Fast,0.814918577671051,884,914
633,1,Fast,0.7632291316986084,976,904
634,1,Fast,0.8598467111587524,858,975
634,1,Fast,0.8278598785400391,886,922
634,1,Fast,0.7797352075576782,974,897
634,1,Fast,0.6741812229156494,931,764
634,1,Fast,0.3102560341358185,934,814
635,1,Fast,0.8720914721488953,860,982
635,1,Fast,0.832129716873169,888,930
635,1,Fast,0.8204626441001892,972,890
635,1,Fast,0.6282457113265991,930,759
635,1,Fast,0.5411315560340881,933,808
636,1,Fast,0.8732957243919373,891,937
636,1,Fast,0.8731009364128113,862,989
636,1,Fast,0.8131547570228577,969,884
636,1,Fast,0.8085752129554749,931,803
636,1,Fast,0.4657633304595947,929,754
636,1,Fast,0.39916831254959106,1046,991
637,1,Fast,0.8611162900924683,893,944
637,1,Fast,0.8457478284835815,864,996
637,1,Fast,0.8048616647720337,966,878
637,1,Fast,0.8029562830924988,928,797
637,1,Fast,0.5771821141242981,928,748
638,1,Fast,0.8539620041847229,964,872
638,1,Fast,0.8448768258094788,895,953
638,1,Fast,0.8300803899765015,866,1003
638,1,Fast,0.7573768496513367,927,792
638,1,Fast,0.4073253571987152,926,743
639,1,Fast,0.8589396476745605,926,787
639,1,Fast,0.8268568515777588,898,961
639,1,Fast,0.8152692914009094,868,1011
639,1,Fast,0.790777325630188,962,866
639,1,Fast,0.36609649658203125,925,739
640,1,Fast,0.8570325374603271,924,782
640,1,Fast,0.7881068587303162,901,970
640,1,Fast,0.7131023406982422,870,1019
640,1,Fast,0.676675021648407,961,860
640,1,Fast,0.3909187316894531,923,735
641,1,Fast,0.8553519248962402,923,777
641,1,Fast,0.8386805653572083,903,978
641,1,Fast,0.8309427499771118,958,854
641,1,Fast,0.8180758357048035,872,1026
642,1,Fast,0.8662651777267456,921,772
642,1,Fast,0.8517383933067322,874,1035
642,1,Fast,0.8495030999183655,906,988
642,1,Fast,0.7784638404846191,956,849
643,1,Fast,0.8322386741638184,908,997
643,1,Fast,0.8301886320114136,919,767
643,1,Fast,0.7908071875572205,876,1043
643,1,Fast,0.5157999396324158,954,843
644,1,Fast,0.8755843639373779,952,837
644,1,Fast,0.8341872692108154,879,1051
644,1,Fast,0.8324267268180847,912,1006
644,1,Fast,0.7510509490966797,918,762
645,1,Fast,0.8763642907142639,950,831
645,1,Fast,0.8333460688591003,914,1015
645,1,Fast,0.8197927474975586,917,756
645,1,Fast,0.7652772665023804,882,1058
645,1,Fast,0.3076663911342621,916,712
646,1,Fast,0.8483512997627258,948,826
646,1,Fast,0.8362916111946106,918,1024
646,1,Fast,0.7554280757904053,885,1062
646,1,Fast,0.751211941242218,915,751
646,1,Fast,0.6399847865104675,914,708
646,1,Fast,0.46842634677886963,855,768
647,1,Fast,0.8519258499145508,946,821
647,1,Fast,0.7925716638565063,921,1032
647,1,Fast,0.5923870801925659,914,746
647,1,Fast,0.3017429709434509,914,703
648,1,Fast,0.8336822390556335,944,815
648,1,Fast,0.7631591558456421,924,1042
648,1,Fast,0.34586846828460693,894,1070
649,1,Fast,0.832191526889801,943,810
650,1,Fast,0.805120050907135,941,804
651,1,Fast,0.8562905788421631,939,799
652,1,Fast,0.5068984627723694,937,794
653,1,Fast,0.7542728781700134,935,789
654,1,Fast,0.8053321838378906,933,784
655,1,Fast,0.7932334542274475,931,778
655,1,Fast,0.3936554193496704,997,877
656,1,Fast,0.8195858597755432,930,773
656,1,Fast,0.5635600090026855,995,872
656,1,Fast,0.3311484754085541,1014,1004
657,1,Fast,0.8239266276359558,928,768
657,1,Fast,0.5883097052574158,1011,997
657,1,Fast,0.37984418869018555,900,700
658,1,Fast,0.8125607371330261,926,763
658,1,Fast,0.5119770765304565,899,657
658,1,Fast,0.4307726323604584,1008,989
659,1,Fast,0.778078556060791,924,758
659,1,Fast,0.617023766040802,897,692
659,1,Fast,0.5510929822921753,899,653
659,1,Fast,0.3881015181541443,989,856
659,1,Fast,0.33870378136634827,1005,981
660,1,Fast,0.8248204588890076,923,753
660,1,Fast,0.8044596314430237,895,688
660,1,Fast,0.5879964828491211,897,649
660,1,Fast,0.3789834976196289,1002,973
661,1,Fast,0.766486406326294,921,748
661,1,Fast,0.7397216558456421,895,685
661,1,Fast,0.3856523036956787,985,845
662,1,Fast,0.8059554100036621,920,743
662,1,Fast,0.7174922823905945,895,680
662,1,Fast,0.5147209167480469,984,840
662,1,Fast,0.4622516334056854,881,869
663,1,Fast,0.8631976246833801,918,739
663,1,Fast,0.6241434812545776,893,676
663,1,Fast,0.5735811591148376,981,835
663,1,Fast,0.4229123592376709,882,876
664,1,Fast,0.7707698941230774,917,734
664,1,Fast,0.7360249757766724,892,672
664,1,Fast,0.6001961827278137,979,831
665,1,Fast,0.793226420879364,916,730
665,1,Fast,0.6384285688400269,890,668
665,1,Fast,0.6115533113479614,977,825
666,1,Fast,0.8276331424713135,915,725
666,1,Fast,0.7829188108444214,889,664
666,1,Fast,0.4516134560108185,983,928
667,1,Fast,0.7047892808914185,913,721
667,1,Fast,0.6976712346076965,980,921
667,1,Fast,0.5547615885734558,972,816
667,1,Fast,0.539671778678894,888,659
668,1,Fast,0.6656052470207214,971,810
668,1,Fast,0.50807785987854,888,656
668,1,Fast,0.45240458846092224,889,620
668,1,Fast,0.40001624822616577,912,717
669,1,Fast,0.6152287125587463,910,712
669,1,Fast,0.5043481588363647,887,652
669,1,Fast,0.3405214846134186,969,806
669,1,Fast,0.338029146194458,975,907
670,1,Fast,0.6654577255249023,909,707
670,1,Fast,0.6618390083312988,973,900
670,1,Fast,0.5173520445823669,889,613
670,1,Fast,0.4905010163784027,967,802
670,1,Fast,0.4721493721008301,885,648
671,1,Fast,0.7984113097190857,971,893
671,1,Fast,0.6365062594413757,889,610
671,1,Fast,0.5408329367637634,884,644
671,1,Fast,0.4566243588924408,965,797
671,1,Fast,0.4406864643096924,767,653
672,1,Fast,0.7993847727775574,969,887
672,1,Fast,0.7012813091278076,905,699
672,1,Fast,0.6912571787834167,884,642
672,1,Fast,0.6674461960792542,888,606
672,1,Fast,0.5687746405601501,963,793
672,1,Fast,0.46419987082481384,904,946
672,2,Slow,0.41184502840042114,821,598
672,1,Fast,0.33639758825302124,767,657
673,1,Fast,0.8018320202827454,904,695
673,1,Fast,0.7842527627944946,962,788
673,1,Fast,0.7674288153648376,966,880
673,1,Fast,0.7222051024436951,906,954
673,1,Fast,0.4817553758621216,883,638
673,1,Fast,0.3176378905773163,887,603
674,1,Fast,0.7413994669914246,903,690
674,1,Fast,0.6907663345336914,963,873
674,1,Fast,0.5867837071418762,960,783
674,1,Fast,0.5075570344924927,883,634
674,2,Slow,0.3590526878833771,823,607
674,1,Fast,0.3376918137073517,909,963
675,1,Fast,0.8170478940010071,901,687
675,1,Fast,0.7871231436729431,961,866
675,2,Slow,0.6551162600517273,824,610
675,1,Fast,0.6546722650527954,882,631
675,1,Fast,0.4497421085834503,959,780
675,1,Fast,0.43452009558677673,768,666
675,1,Fast,0.394668847322464,885,597
676,1,Fast,0.823148787021637,901,683
676,1,Fast,0.7947134375572205,769,669
676,2,Slow,0.640205442905426,824,614
676,1,Fast,0.6118144392967224,915,980
676,1,Fast,0.6109339594841003,958,775
676,1,Fast,0.5965908169746399,959,860
676,1,Fast,0.449358195066452,882,627
677,1,Fast,0.7717075943946838,769,673
677,1,Fast,0.7388678789138794,899,679
677,2,Slow,0.6948220133781433,825,618
677,1,Fast,0.6452553272247314,957,854
677,1,Fast,0.5843077898025513,881,623
677,1,Fast,0.49797725677490234,957,770
678,1,Fast,0.7931962013244629,955,848
678,1,Fast,0.7769726514816284,898,674
678,1,Fast,0.715753972530365,954,766
678,1,Fast,0.6869033575057983,769,675
678,2,Slow,0.6590006947517395,827,622
678,1,Fast,0.31970715522766113,1068,1015
679,1,Fast,0.7435755133628845,953,762
679,1,Fast,0.6796078681945801,953,842
679,1,Fast,0.6385787129402161,770,678
679,2,Slow,0.5441206693649292,827,625
679,1,Fast,0.5058524012565613,1063,1009
679,1,Fast,0.4023737609386444,897,671
680,1,Fast,0.8161540627479553,951,836
680,1,Fast,0.7920576930046082,769,682
680,1,Fast,0.7281657457351685,951,759
680,1,Fast,0.7280761003494263,1060,1002
680,1,Fast,0.5977922081947327,896,666
680,1,Fast,0.32560181617736816,877,612
681,1,Fast,0.8524724841117859,949,830
681,1,Fast,0.7712080478668213,770,685
681,2,Slow,0.6027047634124756,827,633
681,1,Fast,0.48837247490882874,895,662
681,1,Fast,0.449927419424057,1057,995
681,1,Fast,0.3617061972618103,950,754
682,1,Fast,0.8291908502578735,947,825
682,1,Fast,0.691780686378479,948,749
682,1,Fast,0.6822690367698669,770,688
682,1,Fast,0.6756285429000854,894,659
682,1,Fast,0.6726850271224976,1054,988
682,2,Slow,0.6472037434577942,828,638
682,1,Fast,0.36466461420059204,875,604
683,1,Fast,0.8193809986114502,945,819
683,1,Fast,0.7423216104507446,946,744
683,2,Slow,0.7155998945236206,828,642
683,1,Fast,0.7052080035209656,771,692
683,1,Fast,0.6367899775505066,893,655
683,1,Fast,0.4888809323310852,1051,981
684,1,Fast,0.7810773253440857,943,812
684,1,Fast,0.7702512145042419,892,651
684,1,Fast,0.7200301885604858,944,741
684,2,Slow,0.7116580009460449,828,647
684,1,Fast,0.7098002433776855,771,695
684,1,Fast,0.44617772102355957,1048,975
685,1,Fast,0.8085601925849915,771,699
685,2,Slow,0.7779203057289124,829,651
685,1,Fast,0.6988416910171509,941,806
685,1,Fast,0.6891891956329346,891,647
685,1,Fast,0.6792844533920288,944,737
685,1,Fast,0.48194658756256104,876,564
685,1,Fast,0.46863889694213867,1045,968
686,1,Fast,0.8491230607032776,939,800
686,2,Slow,0.7997427582740784,831,656
686,1,Fast,0.7283631563186646,890,643
686,1,Fast,0.7079269289970398,771,702
686,1,Fast,0.6718810796737671,871,592
686,1,Fast,0.598082959651947,943,733
686,1,Fast,0.5814535021781921,1042,962
686,1,Fast,0.514471173286438,876,562
687,1,Fast,0.862184464931488,937,795
687,1,Fast,0.6978176832199097,889,640
687,1,Fast,0.6697844862937927,771,705
687,2,Slow,0.6682735681533813,832,659
687,1,Fast,0.5736504197120667,870,589
687,1,Fast,0.5531609058380127,1039,955
687,1,Fast,0.49334457516670227,941,729
688,1,Fast,0.8399081826210022,935,790
688,1,Fast,0.7859780192375183,888,636
688,2,Slow,0.7257052063941956,832,664
688,1,Fast,0.657182514667511,771,709
688,2,Slow,0.5227070450782776,941,725
688,1,Fast,0.4654121994972229,1036,949
689,1,Fast,0.8359684944152832,933,786
689,1,Fast,0.7593369483947754,886,633
689,2,Slow,0.6980088949203491,832,671
689,1,Fast,0.5995005369186401,772,712
689,1,Fast,0.5195703506469727,1035,942
689,1,Fast,0.4772496223449707,938,722
690,1,Fast,0.8116698861122131,932,779
690,1,Fast,0.5657992362976074,885,629
690,1,Fast,0.5541698336601257,948,650
690,1,Fast,0.5359777808189392,937,718
690,1,Fast,0.5245859026908875,771,715
690,2,Slow,0.3444537818431854,834,675
691,1,Fast,0.7916795611381531,930,774
691,1,Fast,0.7204527854919434,936,714
691,1,Fast,0.49851512908935547,771,719
691,2,Slow,0.42486003041267395,834,680
691,1,Fast,0.418226957321167,868,574
691,1,Fast,0.37930700182914734,947,648
691,1,Fast,0.310520201921463,1028,931
692,1,Fast,0.7903220653533936,928,768
692,1,Fast,0.6842240691184998,771,723
692,1,Fast,0.6056615114212036,883,622
692,1,Fast,0.5934871435165405,1026,925
692,2,Slow,0.43036291003227234,935,710
692,1,Fast,0.3776578903198242,946,645
692,1,Fast,0.3132997453212738,868,572
693,1,Fast,0.8070628643035889,926,764
693,1,Fast,0.7746223211288452,933,706
693,1,Fast,0.6972805261611938,772,726
693,1,Fast,0.6942880749702454,945,642
693,1,Fast,0.5041574239730835,1022,919
693,1,Fast,0.42665529251098633,868,568
693,1,Fast,0.3959328830242157,882,618
694,1,Fast,0.8451672792434692,924,758
694,1,Fast,0.752196192741394,931,703
694,1,Fast,0.7476667165756226,772,729
694,1,Fast,0.6344168186187744,868,566
694,1,Fast,0.6255841851234436,945,641
694,1,Fast,0.5821762681007385,881,615
694,2,Slow,0.3174380362033844,837,696
695,1,Fast,0.8282703757286072,922,753
695,1,Fast,0.6878262162208557,773,732
695,1,Fast,0.6710922122001648,930,698
695,1,Fast,0.6689820289611816,943,637
696,1,Fast,0.7635856866836548,773,736
696,1,Fast,0.6554439067840576,866,559
696,1,Fast,0.6232662796974182,942,634
696,1,Fast,0.60993492603302,921,748
696,1,Fast,0.574527382850647,929,695
696,1,Fast,0.5710650086402893,878,608
696,1,Fast,0.4058428704738617,1015,901
697,1,Fast,0.7274599075317383,919,742
697,1,Fast,0.7189103364944458,940,631
697,1,Fast,0.716892421245575,773,740
697,1,Fast,0.6759541034698486,877,604
697,1,Fast,0.6614519357681274,864,556
697,1,Fast,0.5737516283988953,927,692
697,1,Fast,0.48258671164512634,1013,895
697,2,Slow,0.39623743295669556,928,692
698,1,Fast,0.8325148820877075,918,738
698,1,Fast,0.7397523522377014,775,744
698,1,Fast,0.5957654714584351,940,629
698,1,Fast,0.5588083267211914,1011,889
698,1,Fast,0.46473076939582825,927,688
698,1,Fast,0.4111376702785492,876,600
698,2,Slow,0.3322860896587372,928,687
699,1,Fast,0.8068273067474365,917,734
699,1,Fast,0.7240550518035889,775,748
699,1,Fast,0.6495708227157593,926,685
699,1,Fast,0.38176459074020386,864,550
700,1,Fast,0.7780741453170776,775,752
700,1,Fast,0.635766327381134,915,729
700,1,Fast,0.5552161931991577,925,681
700,1,Fast,0.4808252453804016,1007,879
701,1,Fast,0.8092297315597534,776,756
701,1,Fast,0.7320388555526733,913,724
701,1,Fast,0.6108119487762451,923,678
702,1,Fast,0.7971769571304321,777,760
702,1,Fast,0.7064054608345032,912,720
702,1,Fast,0.6243498921394348,921,673
702,1,Fast,0.5578161478042603,864,541
702,2,Slow,0.45528894662857056,849,739
702,2,Slow,0.3198862671852112,937,618
703,1,Fast,0.7816558480262756,920,671
703,1,Fast,0.7641454339027405,910,715
703,1,Fast,0.6749225854873657,777,764
703,2,Slow,0.5780878663063049,849,742
703,1,Fast,0.402572363615036,1000,862
704,1,Fast,0.719182014465332,909,711
704,1,Fast,0.6443090438842773,777,768
704,2,Slow,0.585793673992157,850,748
704,1,Fast,0.5758910775184631,919,667
704,1,Fast,0.4216092824935913,863,535
705,1,Fast,0.7230685353279114,778,773
705,1,Fast,0.7146046757698059,917,663
705,1,Fast,0.5010333061218262,935,610
705,1,Fast,0.4346853196620941,907,706
706,1,Fast,0.6333710551261902,779,777
706,1,Fast,0.5076793432235718,905,701
706,1,Fast,0.4765070974826813,916,660
706,2,Slow,0.3517528176307678,934,608
707,1,Fast,0.6981723308563232,903,696
707,1,Fast,0.6737805008888245,916,657
707,1,Fast,0.6174279451370239,780,781
707,1,Fast,0.5710224509239197,991,842
707,1,Fast,0.3060693144798279,861,527
708,1,Fast,0.7184369564056396,902,692
708,1,Fast,0.5884286761283875,914,653
708,1,Fast,0.47845008969306946,781,785
708,1,Fast,0.46835699677467346,989,837
708,1,Fast,0.36561018228530884,871,568
708,1,Fast,0.34761127829551697,933,603
709,1,Fast,0.7842690348625183,901,688
709,1,Fast,0.7131905555725098,913,649
709,1,Fast,0.5804070830345154,782,789
709,1,Fast,0.5616204738616943,871,565
709,1,Fast,0.3942018747329712,987,831
710,1,Fast,0.6396030783653259,912,645
710,1,Fast,0.5484909415245056,870,563
710,1,Fast,0.47511062026023865,931,598
710,1,Fast,0.32764801383018494,901,683
711,1,Fast,0.7366493344306946,912,643
711,1,Fast,0.7170215845108032,899,680
711,1,Fast,0.39484477043151855,931,596
711,1,Fast,0.3850223422050476,870,559
711,1,Fast,0.36735978722572327,783,798
712,1,Fast,0.7614336609840393,897,676
712,1,Fast,0.7393145561218262,911,640
712,1,Fast,0.7131595611572266,784,801
712,1,Fast,0.5659787058830261,983,817
712,1,Fast,0.32298991084098816,869,556
713,1,Fast,0.7461367845535278,909,637
713,1,Fast,0.5106080174446106,896,672
713,1,Fast,0.42882615327835083,784,806
714,1,Fast,0.6138846278190613,896,667
714,1,Fast,0.607315719127655,909,633
714,1,Fast,0.5917338132858276,786,810
714,1,Fast,0.4638766050338745,927,589
714,1,Fast,0.41136255860328674,979,807
715,1,Fast,0.8166969418525696,894,663
715,1,Fast,0.7412908673286438,977,803
715,1,Fast,0.6536029577255249,786,814
715,1,Fast,0.6060381531715393,908,630
715,1,Fast,0.5188390016555786,927,586
716,1,Fast,0.7269356846809387,787,819
716,1,Fast,0.6848568916320801,893,659
716,1,Fast,0.6469167470932007,926,585
716,1,Fast,0.4641849398612976,907,627
716,1,Fast,0.4024542272090912,975,798
717,1,Fast,0.7203274965286255,891,655
717,1,Fast,0.7120454907417297,926,582
717,1,Fast,0.5183514356613159,788,823
717,1,Fast,0.47936534881591797,974,793
718,1,Fast,0.8037740588188171,889,652
718,1,Fast,0.7262783050537109,788,828
718,1,Fast,0.6487545371055603,925,581
718,1,Fast,0.3357000946998596,905,621
719,1,Fast,0.745219886302948,924,578
719,1,Fast,0.6931613087654114,888,648
719,1,Fast,0.5130240321159363,789,834
720,1,Fast,0.7336785197257996,888,644
720,1,Fast,0.6448984742164612,923,576
720,1,Fast,0.5792604684829712,903,615
720,1,Fast,0.477581262588501,968,780
721,1,Fast,0.7432799339294434,886,640
721,1,Fast,0.4831902086734772,902,611
722,1,Fast,0.7084698677062988,885,637
722,1,Fast,0.3984855115413666,791,847
722,1,Fast,0.3499446213245392,964,772
723,1,Fast,0.5619717836380005,885,633
724,1,Fast,0.5616543889045715,883,630
724,1,Fast,0.4604106843471527,793,856
724,1,Fast,0.3586171269416809,920,567
725,1,Fast,0.7565202116966248,882,626
725,1,Fast,0.6462570428848267,794,861
725,1,Fast,0.5471587777137756,959,759
726,1,Fast,0.7159514427185059,882,622
726,1,Fast,0.5762378573417664,958,755
726,1,Fast,0.31515729427337646,795,866
727,1,Fast,0.7378597259521484,880,618
727,1,Fast,0.48763763904571533,796,871
727,1,Fast,0.4126128852367401,896,595
727,1,Fast,0.33565860986709595,956,750
728,1,Fast,0.6694823503494263,797,876
728,1,Fast,0.6306242346763611,881,614
729,1,Fast,0.7784003615379333,879,610
729,1,Fast,0.6795291304588318,798,881
729,1,Fast,0.6098586916923523,895,588
729,1,Fast,0.3822225034236908,954,741
730,1,Fast,0.7486307621002197,799,887
730,1,Fast,0.627938985824585,878,607
731,1,Fast,0.7835811972618103,800,892
731,1,Fast,0.7039695382118225,877,604
731,1,Fast,0.6857158541679382,951,734
731,1,Fast,0.41499054431915283,893,582
732,1,Fast,0.7886688709259033,800,897
733,1,Fast,0.8388022780418396,801,903
733,1,Fast,0.6176909804344177,916,548
733,1,Fast,0.5196189284324646,948,727
733,1,Fast,0.5031819343566895,877,598
734,1,Fast,0.8050260543823242,801,908
734,1,Fast,0.6040217280387878,876,595
734,1,Fast,0.3556042015552521,947,724
735,1,Fast,0.6763911247253418,803,913
735,1,Fast,0.5803908109664917,945,719
736,1,Fast,0.7023857235908508,804,919
736,1,Fast,0.4381316900253296,944,715
737,1,Fast,0.6346396803855896,942,711
737,1,Fast,0.5775023698806763,805,924
738,1,Fast,0.7121464014053345,806,929
738,1,Fast,0.5028848648071289,942,707
738,1,Fast,0.494596928358078,873,581
739,1,Fast,0.7909459471702576,807,934
739,1,Fast,0.6967517733573914,940,704
740,1,Fast,0.7728941440582275,809,940
740,1,Fast,0.6326228976249695,938,700
740,1,Fast,0.3318980038166046,872,574
741,1,Fast,0.820636510848999,810,946
741,1,Fast,0.7766603231430054,938,696
741,1,Fast,0.46088290214538574,888,557
741,1,Fast,0.33589139580726624,871,572
742,1,Fast,0.8103813529014587,811,952
742,1,Fast,0.6914782524108887,936,692
743,1,Fast,0.7895214557647705,813,958
743,1,Fast,0.7320964932441711,935,688
744,1,Fast,0.7988677024841309,814,963
744,1,Fast,0.5885100960731506,887,550
744,1,Fast,0.5562955141067505,934,684
744,1,Fast,0.39235368371009827,870,563
745,1,Fast,0.7700660228729248,815,969
745,1,Fast,0.7379062175750732,933,682
745,1,Fast,0.5734303593635559,887,547
745,1,Fast,0.45739659667015076,870,559
746,1,Fast,0.8049712777137756,817,975
746,1,Fast,0.3432944118976593,932,679
747,1,Fast,0.8001807928085327,818,981
747,1,Fast,0.6075335144996643,931,676
747,1,Fast,0.5506526827812195,868,554
748,1,Fast,0.723241925239563,819,987
749,1,Fast,0.7012393474578857,928,669
749,1,Fast,0.6624233722686768,820,994
749,1,Fast,0.4590403437614441,867,549
750,1,Fast,0.624434232711792,927,665
750,1,Fast,0.4146212935447693,821,1000
750,1,Fast,0.38045814633369446,867,545
751,1,Fast,0.7929857969284058,823,1007
751,1,Fast,0.5407651662826538,926,662
751,1,Fast,0.3397029936313629,929,766
752,1,Fast,0.6737329363822937,824,1013
752,1,Fast,0.6439518332481384,925,658
753,1,Fast,0.7497913837432861,924,656
753,1,Fast,0.6624237895011902,826,1019
754,1,Fast,0.792188823223114,922,652
754,1,Fast,0.7286427021026611,827,1025
755,1,Fast,0.7311249375343323,828,1032
755,1,Fast,0.7137578725814819,921,648
755,1,Fast,0.3827865421772003,922,745
756,1,Fast,0.8118209838867188,920,741
756,1,Fast,0.7065693736076355,830,1038
756,1,Fast,0.5376625657081604,921,645
756,1,Fast,0.40137749910354614,862,529
757,1,Fast,0.7174676060676575,920,642
757,1,Fast,0.5161629319190979,920,736
758,1,Fast,0.7399131059646606,919,639
758,1,Fast,0.47230127453804016,833,1052
758,1,Fast,0.4561459422111511,917,732
759,1,Fast,0.7023757696151733,835,1057
759,1,Fast,0.6884706616401672,918,637
759,1,Fast,0.300374299287796,861,521
760,1,Fast,0.7112581729888916,917,633
760,1,Fast,0.47368788719177246,838,1061
761,1,Fast,0.6834524869918823,916,630
761,1,Fast,0.4571317434310913,912,718
762,1,Fast,0.7141240239143372,910,713
763,1,Fast,0.8564714193344116,909,709
763,1,Fast,0.656295657157898,915,625
763,1,Fast,0.3853565454483032,879,507
763,1,Fast,0.34322690963745117,859,510
764,1,Fast,0.6963232755661011,907,704
764,1,Fast,0.6554157137870789,914,620
764,1,Fast,0.6344035267829895,879,504
764,1,Fast,0.4736786484718323,858,508
765,1,Fast,0.679294228553772,878,502
765,1,Fast,0.5430722832679749,912,618
765,1,Fast,0.4836055338382721,858,506
765,1,Fast,0.30083802342414856,906,699
766,1,Fast,0.714352548122406,878,501
766,1,Fast,0.7105317711830139,858,503
766,1,Fast,0.7105045318603516,904,695
766,1,Fast,0.6818016767501831,912,616
767,1,Fast,0.5716195106506348,910,611
767,1,Fast,0.5393291711807251,878,498
767,1,Fast,0.4607063829898834,857,501
768,1,Fast,0.7611572742462158,909,609
768,1,Fast,0.6446446776390076,902,686
768,1,Fast,0.3257455825805664,857,498
769,1,Fast,0.7876008152961731,907,605
769,1,Fast,0.5005016326904297,900,683
769,1,Fast,0.45063158869743347,857,496
770,1,Fast,0.6903258562088013,906,603
770,1,Fast,0.35869213938713074,899,678
771,1,Fast,0.7197051644325256,905,601
772,2,Slow,0.44850432872772217,905,598
773,1,Fast,0.6053174734115601,904,596
774,2,Slow,0.5589848756790161,903,593
775,1,Fast,0.5081064701080322,892,658
775,2,Slow,0.4181748032569885,903,590
776,1,Fast,0.7491026520729065,891,654
776,2,Slow,0.40373674035072327,902,586
777,1,Fast,0.7980602979660034,890,650
777,1,Fast,0.43492040038108826,901,583
778,1,Fast,0.6522442102432251,889,646
778,1,Fast,0.3564906120300293,801,704
779,1,Fast,0.7595228552818298,888,642
779,1,Fast,0.5591052770614624,901,578
779,1,Fast,0.3518201410770416,801,708
780,1,Fast,0.6891319751739502,802,711
780,1,Fast,0.5153915882110596,818,654
780,2,Slow,0.4102236330509186,900,575
781,1,Fast,0.5638784766197205,819,657
781,1,Fast,0.42301198840141296,899,572
781,1,Fast,0.41716229915618896,885,635
781,1,Fast,0.36709433794021606,975,914
782,1,Fast,0.5677049160003662,883,631
782,1,Fast,0.4325820207595825,898,570
782,1,Fast,0.4267396032810211,820,661
783,1,Fast,0.7088435888290405,882,627
783,1,Fast,0.5096132755279541,821,665
783,1,Fast,0.48060914874076843,897,566
784,1,Fast,0.7545219659805298,881,624
784,1,Fast,0.5920199751853943,897,565
784,1,Fast,0.5712219476699829,822,669
784,1,Fast,0.3150422275066376,804,727
785,1,Fast,0.8249692916870117,880,620
785,1,Fast,0.6994807720184326,823,673
785,1,Fast,0.4878597557544708,896,563
785,1,Fast,0.3968869149684906,805,730
785,1,Fast,0.3197018504142761,965,885
786,1,Fast,0.7931315898895264,824,676
786,1,Fast,0.7434609532356262,879,616
786,1,Fast,0.732072114944458,895,560
786,1,Fast,0.4264920949935913,805,734
787,1,Fast,0.7937558889389038,895,558
787,1,Fast,0.7836756110191345,825,680
787,1,Fast,0.7368751168251038,878,612
787,1,Fast,0.5709631443023682,806,738
788,1,Fast,0.6447018980979919,827,685
788,1,Fast,0.6421191692352295,807,742
788,1,Fast,0.6248836517333984,877,609
788,1,Fast,0.43452128767967224,895,555
789,1,Fast,0.7593331336975098,828,689
789,1,Fast,0.7533908486366272,808,747
789,1,Fast,0.7209031581878662,876,606
789,1,Fast,0.712660014629364,894,552
790,1,Fast,0.8172497153282166,829,694
790,1,Fast,0.7610455751419067,810,751
790,1,Fast,0.7479526996612549,894,550
790,1,Fast,0.5151944756507874,876,602
790,1,Fast,0.492810994386673,953,851
791,1,Fast,0.7984981536865234,830,698
791,1,Fast,0.7820541858673096,810,755
791,1,Fast,0.7348366379737854,950,845
791,1,Fast,0.6399699449539185,875,599
791,1,Fast,0.5960015058517456,894,548
792,1,Fast,0.8072575330734253,831,703
792,1,Fast,0.7957295775413513,893,545
792,1,Fast,0.7835866808891296,812,759
792,1,Fast,0.7739152908325195,948,838
792,1,Fast,0.6469164490699768,874,596
793,1,Fast,0.804075300693512,812,763
793,1,Fast,0.7270112037658691,832,708
793,1,Fast,0.6832205653190613,893,544
793,1,Fast,0.6589202880859375,873,592
793,1,Fast,0.562438428401947,946,831
794,1,Fast,0.7975694537162781,834,713
794,1,Fast,0.7929986119270325,814,768
794,1,Fast,0.5376843810081482,943,826
794,1,Fast,0.45081526041030884,892,541
795,1,Fast,0.8050227761268616,815,772
795,1,Fast,0.7631883025169373,835,717
795,1,Fast,0.7136557698249817,892,537
796,1,Fast,0.7868977189064026,891,536
796,1,Fast,0.7085025906562805,836,722
796,1,Fast,0.6961344480514526,816,777
796,1,Fast,0.4753672480583191,871,582
797,1,Fast,0.7412729859352112,838,726
797,1,Fast,0.6686785221099854,891,535
797,1,Fast,0.33781275153160095,817,782
798,1,Fast,0.7744688391685486,840,730
798,1,Fast,0.6676963567733765,891,532
798,1,Fast,0.3989686667919159,817,785
799,1,Fast,0.7849838733673096,841,735
799,1,Fast,0.6452897787094116,890,529
799,1,Fast,0.5022447109222412,818,788
800,1,Fast,0.7378508448600769,843,740
800,1,Fast,0.7326889634132385,890,528
800,1,Fast,0.44416940212249756,932,789
800,1,Fast,0.3499796390533447,819,792
801,1,Fast,0.6466718912124634,820,797
801,1,Fast,0.6224411725997925,890,526
801,1,Fast,0.49565184116363525,844,744
802,1,Fast,0.742638885974884,821,803
802,1,Fast,0.6115542054176331,845,749
803,1,Fast,0.7960906624794006,822,807
803,1,Fast,0.753068208694458,846,755
803,1,Fast,0.5351539254188538,890,521
803,1,Fast,0.5123046636581421,868,560
804,1,Fast,0.8320348858833313,823,812
804,1,Fast,0.7312336564064026,889,519
804,1,Fast,0.6984671950340271,847,760
804,1,Fast,0.40028753876686096,867,557
805,1,Fast,0.832297146320343,824,817
805,1,Fast,0.67799311876297,889,516
805,1,Fast,0.5821864604949951,848,766
805,1,Fast,0.5409418344497681,866,555
806,1,Fast,0.8435309529304504,825,821
806,1,Fast,0.7508161664009094,867,552
806,1,Fast,0.6950445771217346,850,772
806,1,Fast,0.5371701717376709,889,513
807,1,Fast,0.8500815629959106,826,827
807,1,Fast,0.787375807762146,851,777
807,1,Fast,0.5944912433624268,866,549
808,1,Fast,0.8241514563560486,827,832
808,1,Fast,0.7902393937110901,865,546
808,1,Fast,0.7619078755378723,853,782
809,1,Fast,0.8207960724830627,828,836
809,1,Fast,0.7964397072792053,855,787
809,1,Fast,0.5204139947891235,864,543
810,1,Fast,0.8279297947883606,857,793
810,1,Fast,0.827022135257721,829,841
810,1,Fast,0.7518462538719177,887,504
810,1,Fast,0.6482706665992737,864,540
811,1,Fast,0.8315698504447937,858,799
811,1,Fast,0.7509897351264954,831,847
811,1,Fast,0.7473545670509338,887,502
811,1,Fast,0.6333285570144653,863,537
812,1,Fast,0.8537206649780273,860,804
812,1,Fast,0.7240728139877319,831,850
812,1,Fast,0.6423133015632629,886,500
812,1,Fast,0.5949967503547668,863,534
813,1,Fast,0.8728667497634888,862,809
813,1,Fast,0.7753627300262451,833,855
813,1,Fast,0.3882177472114563,886,499
813,1,Fast,0.35547202825546265,862,532
814,1,Fast,0.8653151988983154,863,815
814,1,Fast,0.7876162528991699,834,860
814,1,Fast,0.3709034025669098,908,714
815,1,Fast,0.8715677857398987,865,820
815,1,Fast,0.8224087357521057,835,865
815,1,Fast,0.7051647901535034,906,709
816,1,Fast,0.8660252690315247,867,827
816,1,Fast,0.8423569798469543,836,871
816,1,Fast,0.5998340249061584,905,704
816,0,VRU,0.3225680887699127,1301,949
817,1,Fast,0.837470531463623,869,832
817,1,Fast,0.8340470790863037,837,876
817,1,Fast,0.6900481581687927,904,699
818,1,Fast,0.8400937914848328,839,882
818,1,Fast,0.8092343211174011,871,839
818,1,Fast,0.7794204354286194,902,694
819,1,Fast,0.8519396185874939,840,887
819,1,Fast,0.8365792036056519,872,845
819,1,Fast,0.7678617835044861,901,690
820,1,Fast,0.8510438203811646,841,892
820,1,Fast,0.8383303284645081,900,685
820,1,Fast,0.8343206644058228,874,850
821,1,Fast,0.8672403693199158,842,898
821,1,Fast,0.8656370043754578,876,857
821,1,Fast,0.7997696399688721,899,681
822,1,Fast,0.8793329000473022,877,863
822,1,Fast,0.8716394901275635,844,904
822,1,Fast,0.741888165473938,898,677
823,1,Fast,0.8650825619697571,846,909
823,1,Fast,0.8578122854232788,879,870
823,1,Fast,0.7683820128440857,897,672
824,1,Fast,0.8573369383811951,881,876
824,1,Fast,0.844002366065979,847,916
824,1,Fast,0.8106873035430908,896,668
825,1,Fast,0.8547981977462769,883,882
825,1,Fast,0.8262446522712708,895,664
825,1,Fast,0.7921090722084045,849,921
826,1,Fast,0.8584054112434387,885,889
826,1,Fast,0.7453926205635071,895,659
826,1,Fast,0.6619279980659485,850,927
826,1,Fast,0.48793739080429077,943,828
827,1,Fast,0.8461527824401855,852,933
827,1,Fast,0.8408581614494324,887,896
827,1,Fast,0.7944860458374023,893,656
828,1,Fast,0.8549058437347412,854,938
828,1,Fast,0.839378297328949,890,903
828,1,Fast,0.7927893400192261,892,652
828,1,Fast,0.5854835510253906,832,666
829,1,Fast,0.8645068407058716,855,945
829,1,Fast,0.8422526121139526,892,910
829,1,Fast,0.7909594774246216,891,647
830,1,Fast,0.8653578758239746,857,951
830,1,Fast,0.8581859469413757,895,917
830,1,Fast,0.6839470863342285,890,643
830,1,Fast,0.3006075322628021,859,487
831,1,Fast,0.8761528730392456,858,958
831,1,Fast,0.8517113327980042,897,924
831,1,Fast,0.4514150619506836,888,640
831,1,Fast,0.41020217537879944,933,796
832,1,Fast,0.8753266334533691,860,964
832,1,Fast,0.8422289490699768,899,932
832,1,Fast,0.5373640656471252,887,636
833,1,Fast,0.8691366314888,861,971
833,1,Fast,0.8413599729537964,901,939
833,1,Fast,0.6353306770324707,930,784
834,1,Fast,0.8660398125648499,863,976
834,1,Fast,0.8330888152122498,903,946
834,1,Fast,0.5218521356582642,927,778
835,1,Fast,0.8565085530281067,905,953
835,1,Fast,0.847538948059082,864,982
835,1,Fast,0.7673377990722656,925,772
835,1,Fast,0.5591748356819153,836,696
836,1,Fast,0.8639236688613892,908,960
836,1,Fast,0.8480161428451538,866,988
836,1,Fast,0.772672712802887,924,767
836,1,Fast,0.31745645403862,1095,1073
837,1,Fast,0.8609042763710022,869,995
837,1,Fast,0.8219766616821289,911,968
837,1,Fast,0.5625412464141846,923,761
837,1,Fast,0.35086479783058167,1091,1068
838,1,Fast,0.8219367861747742,913,976
838,1,Fast,0.782545804977417,872,1002
838,1,Fast,0.7415139675140381,920,755
839,1,Fast,0.8417240381240845,915,984
839,1,Fast,0.8241561055183411,873,1008
839,1,Fast,0.6219513416290283,919,749
840,1,Fast,0.8446819186210632,918,992
840,1,Fast,0.7856218218803406,875,1015
840,1,Fast,0.7617749571800232,917,744
840,1,Fast,0.6209108233451843,843,719
841,1,Fast,0.8463600873947144,916,739
841,1,Fast,0.8002232909202576,920,1000
841,1,Fast,0.7672101855278015,876,1022
842,1,Fast,0.8314263224601746,923,1009
842,1,Fast,0.7293635606765747,879,1030
843,1,Fast,0.8411704897880554,881,1037
843,1,Fast,0.8031690716743469,926,1017
843,1,Fast,0.5062495470046997,846,735
844,1,Fast,0.8468908667564392,928,1026
844,1,Fast,0.8105892539024353,882,1044
844,1,Fast,0.6928956508636475,846,740
844,1,Fast,0.5919015407562256,1061,1027
845,1,Fast,0.7877917289733887,932,1034
845,1,Fast,0.7154437899589539,885,1051
845,1,Fast,0.5207270979881287,1057,1020
846,1,Fast,0.7096746563911438,934,1043
846,1,Fast,0.6311553120613098,1054,1013
846,1,Fast,0.45001059770584106,889,1056
847,1,Fast,0.6675329804420471,892,1060
847,1,Fast,0.6525861024856567,938,1051
847,1,Fast,0.5426576137542725,1051,1006
848,1,Fast,0.7495461702346802,895,1063
848,1,Fast,0.7043814063072205,942,1057
848,1,Fast,0.6556942462921143,1048,999
848,1,Fast,0.3620685636997223,797,652
849,1,Fast,0.6748047471046448,897,1067
849,1,Fast,0.6561864018440247,946,1061
849,1,Fast,0.6167442202568054,797,655
849,1,Fast,0.5275952219963074,1045,992
850,1,Fast,0.5292320251464844,949,1066
850,1,Fast,0.397755891084671,854,772
850,1,Fast,0.33255305886268616,1042,986
851,1,Fast,0.4744062125682831,1039,979
851,1,Fast,0.32504886388778687,956,1070
852,1,Fast,0.5112795829772949,857,783
854,1,Fast,0.4877356290817261,860,794
855,1,Fast,0.8119379878044128,861,800
856,1,Fast,0.7789665460586548,862,805
856,1,Fast,0.46006670594215393,1025,946
857,1,Fast,0.7628183960914612,863,812
857,1,Fast,0.5615769028663635,801,683
857,1,Fast,0.3470926284790039,1023,940
858,1,Fast,0.6064997911453247,802,687
859,1,Fast,0.48819851875305176,802,690
859,1,Fast,0.47365257143974304,1064,1004
859,1,Fast,0.428069144487381,891,650
860,1,Fast,0.6735923290252686,802,694
860,1,Fast,0.47053512930870056,1015,922
860,1,Fast,0.34162387251853943,889,646
860,1,Fast,0.31707170605659485,869,830
861,1,Fast,0.7743768095970154,803,698
861,1,Fast,0.6645219922065735,1013,916
861,1,Fast,0.5530534386634827,888,642
861,1,Fast,0.4254687428474426,872,837
862,1,Fast,0.6439430713653564,887,638
862,1,Fast,0.6264282464981079,874,843
862,1,Fast,0.6124346256256104,804,701
862,1,Fast,0.6042356491088867,1010,910
863,1,Fast,0.6702441573143005,886,634
863,1,Fast,0.6321116089820862,1008,904
863,1,Fast,0.49461960792541504,804,706
863,1,Fast,0.4057396948337555,875,850
864,1,Fast,0.6851344704627991,876,856
864,1,Fast,0.6567264199256897,806,709
864,1,Fast,0.5534869432449341,1005,899
865,1,Fast,0.6566658020019531,806,714
865,1,Fast,0.6410403847694397,1003,894
865,1,Fast,0.33640703558921814,877,863
866,1,Fast,0.6920774579048157,1001,888
866,1,Fast,0.6772189140319824,882,622
866,1,Fast,0.5602547526359558,807,717
867,1,Fast,0.7134842276573181,998,882
867,1,Fast,0.6613686084747314,882,877
867,1,Fast,0.6435428261756897,807,722
867,1,Fast,0.6240463256835938,881,618
868,1,Fast,0.7587177753448486,808,725
868,1,Fast,0.6764525175094604,884,884
868,1,Fast,0.5161410570144653,880,613
868,1,Fast,0.4902789890766144,996,877
868,2,Slow,0.39191991090774536,841,692
869,1,Fast,0.7791397571563721,886,891
869,1,Fast,0.7483695149421692,810,729
869,1,Fast,0.4133915901184082,994,871
870,1,Fast,0.8413118124008179,888,898
870,1,Fast,0.7548134922981262,811,732
871,1,Fast,0.812374472618103,811,736
871,1,Fast,0.6721163392066956,891,905
872,1,Fast,0.8027657866477966,812,741
872,1,Fast,0.5577170848846436,893,913
872,1,Fast,0.38464608788490295,988,856
873,1,Fast,0.7894800901412964,813,745
873,1,Fast,0.5722527503967285,986,850
874,1,Fast,0.8001206517219543,814,749
874,1,Fast,0.6450478434562683,898,928
874,1,Fast,0.6167051792144775,984,845
875,1,Fast,0.8436558842658997,900,936
875,1,Fast,0.8352932333946228,815,754
875,1,Fast,0.6213867664337158,982,839
876,1,Fast,0.8452872037887573,902,944
876,1,Fast,0.8366292715072632,816,758
876,1,Fast,0.7589662671089172,980,834
877,1,Fast,0.8469788432121277,816,763
877,1,Fast,0.8403360247612,904,951
877,1,Fast,0.7192615270614624,978,830
878,1,Fast,0.8631118535995483,907,960
878,1,Fast,0.8198539018630981,817,768
878,1,Fast,0.7077729105949402,976,825
879,1,Fast,0.8083442449569702,818,772
879,1,Fast,0.7789782285690308,910,968
879,1,Fast,0.5471309423446655,974,820
880,1,Fast,0.8411418199539185,912,976
880,1,Fast,0.8394760489463806,820,776
880,1,Fast,0.5570628046989441,972,815
880,1,Fast,0.3708132803440094,773,701
881,1,Fast,0.8440743684768677,915,983
881,1,Fast,0.7888211607933044,821,781
881,1,Fast,0.7310171127319336,970,810
881,1,Fast,0.3012895882129669,773,705
882,1,Fast,0.8227967619895935,822,786
882,1,Fast,0.798486590385437,918,993
882,1,Fast,0.7557514309883118,969,805
882,1,Fast,0.3082658648490906,804,678
883,1,Fast,0.8364230394363403,823,789
883,1,Fast,0.7781416177749634,967,801
883,1,Fast,0.636168360710144,921,1003
884,1,Fast,0.8508999943733215,825,794
884,1,Fast,0.5459990501403809,964,796
885,1,Fast,0.7811377048492432,825,799
885,1,Fast,0.5589049458503723,963,793
885,2,Slow,0.3799048662185669,820,620
885,1,Fast,0.3614277243614197,927,1021
886,1,Fast,0.8152395486831665,826,804
886,1,Fast,0.412380576133728,930,1030
886,1,Fast,0.40730366110801697,961,788
887,1,Fast,0.8248281478881836,828,809
887,1,Fast,0.6334580779075623,960,783
887,1,Fast,0.3422226011753082,777,727
888,1,Fast,0.81471848487854,828,813
888,1,Fast,0.7183579206466675,959,778
888,1,Fast,0.5968607068061829,778,731
888,1,Fast,0.42039763927459717,807,703
889,1,Fast,0.8205845952033997,830,818
889,1,Fast,0.7245776653289795,957,774
889,1,Fast,0.5657420754432678,778,733
889,1,Fast,0.49976468086242676,808,708
890,1,Fast,0.8563188910484314,830,823
890,1,Fast,0.7868154644966125,955,770
890,1,Fast,0.5693609714508057,779,737
890,1,Fast,0.5591325163841248,809,712
891,1,Fast,0.8508303761482239,832,828
891,1,Fast,0.7193106412887573,955,766
891,1,Fast,0.6398006677627563,780,741
891,1,Fast,0.5868776440620422,810,716
892,1,Fast,0.8414567708969116,832,833
892,1,Fast,0.6992554068565369,780,745
892,1,Fast,0.654020369052887,953,761
892,1,Fast,0.6293280124664307,811,720
892,1,Fast,0.337886780500412,803,889
893,1,Fast,0.8402096033096313,833,839
893,1,Fast,0.7528461217880249,781,749
893,1,Fast,0.7132225036621094,951,757
893,1,Fast,0.6427631974220276,812,724
893,1,Fast,0.5585028529167175,1051,964
894,1,Fast,0.8223618268966675,835,844
894,1,Fast,0.7694517970085144,782,753
894,1,Fast,0.6307733654975891,805,898
894,1,Fast,0.6171438694000244,949,752
894,1,Fast,0.4787920415401459,813,727
894,1,Fast,0.45297256112098694,1048,958
895,1,Fast,0.8372520208358765,836,848
895,1,Fast,0.8049293160438538,782,757
895,1,Fast,0.7777073383331299,948,748
895,1,Fast,0.623314619064331,814,731
895,1,Fast,0.5553362965583801,977,797
896,1,Fast,0.8555520176887512,838,853
896,1,Fast,0.8077171444892883,782,761
896,1,Fast,0.7191421985626221,946,744
896,1,Fast,0.5120695233345032,814,735
897,1,Fast,0.8485341668128967,840,858
897,1,Fast,0.790776252746582,944,740
897,1,Fast,0.7445729374885559,783,764
897,1,Fast,0.6855984330177307,815,740
898,1,Fast,0.8356537222862244,841,863
898,1,Fast,0.7422657608985901,943,736
898,1,Fast,0.659649670124054,816,744
898,1,Fast,0.6285445690155029,784,769
898,1,Fast,0.3127664029598236,1038,934
899,1,Fast,0.8603220582008362,841,870
899,1,Fast,0.642030656337738,817,749
899,1,Fast,0.5697941780090332,942,732
899,1,Fast,0.5114594101905823,785,773
900,1,Fast,0.8607614040374756,843,875
900,1,Fast,0.7218960523605347,785,777
900,1,Fast,0.7116164565086365,818,754
900,1,Fast,0.4697715938091278,940,728
901,1,Fast,0.8637049198150635,844,881
901,1,Fast,0.6844984292984009,939,723
901,1,Fast,0.6100760698318481,819,758
901,1,Fast,0.44574230909347534,786,781
902,1,Fast,0.8794617056846619,846,887
902,1,Fast,0.6945428252220154,938,719
902,1,Fast,0.6487364768981934,820,762
902,1,Fast,0.5904125571250916,787,786
903,1,Fast,0.8752727508544922,847,892
903,1,Fast,0.730028510093689,787,789
903,1,Fast,0.6609742641448975,937,716
903,1,Fast,0.6180893182754517,822,768
904,1,Fast,0.8784366846084595,848,898
904,1,Fast,0.7837393283843994,935,712
904,1,Fast,0.7408937811851501,788,793
904,1,Fast,0.6502171754837036,823,773
905,1,Fast,0.8571280241012573,850,905
905,1,Fast,0.8245239853858948,789,798
905,1,Fast,0.7491910457611084,824,778
905,1,Fast,0.7215291857719421,934,708
905,1,Fast,0.32699182629585266,958,754
906,1,Fast,0.851952850818634,852,910
906,1,Fast,0.7950788140296936,789,801
906,1,Fast,0.777302622795105,825,783
906,1,Fast,0.7102508544921875,933,704
906,1,Fast,0.32531675696372986,1016,996
907,1,Fast,0.8649147748947144,854,916
907,1,Fast,0.7677232027053833,826,786
907,1,Fast,0.7669346928596497,790,805
907,1,Fast,0.5952391624450684,932,701
907,1,Fast,0.5095718502998352,1012,988
908,1,Fast,0.8647633790969849,856,921
908,1,Fast,0.7702744603157043,827,790
908,1,Fast,0.6221665740013123,930,697
908,1,Fast,0.592768132686615,791,810
908,1,Fast,0.39307701587677,1009,980
909,1,Fast,0.8476884365081787,858,927
909,1,Fast,0.8207937479019165,828,796
909,1,Fast,0.807211697101593,792,814
909,1,Fast,0.7036401629447937,929,693
910,1,Fast,0.8611400723457336,859,933
910,1,Fast,0.8151880502700806,829,801
910,1,Fast,0.7609838247299194,928,690
910,1,Fast,0.7307637333869934,793,818
910,1,Fast,0.5332602858543396,925,642
910,1,Fast,0.41947004199028015,952,733
911,1,Fast,0.8598573803901672,860,940
911,1,Fast,0.8500906825065613,830,806
911,1,Fast,0.7966213226318359,794,822
911,1,Fast,0.48387423157691956,927,686
912,1,Fast,0.8651304244995117,862,946
912,1,Fast,0.8616266250610352,831,811
912,1,Fast,0.7964098453521729,794,827
912,1,Fast,0.5285068154335022,925,683
912,2,Slow,0.36656293272972107,921,636
913,1,Fast,0.8709751963615417,864,952
913,1,Fast,0.8531829118728638,832,816
913,1,Fast,0.8177264928817749,795,831
913,1,Fast,0.676765501499176,925,679
913,2,Slow,0.31765151023864746,920,633
914,1,Fast,0.8717039227485657,833,821
914,1,Fast,0.8667593598365784,865,959
914,1,Fast,0.8294855952262878,796,836
914,1,Fast,0.7330884337425232,924,675
914,1,Fast,0.589896559715271,947,717
915,1,Fast,0.8716616034507751,867,964
915,1,Fast,0.842027485370636,835,827
915,1,Fast,0.7958008646965027,797,840
915,1,Fast,0.7405871748924255,923,672
915,1,Fast,0.6228346228599548,987,924
915,1,Fast,0.3421337306499481,946,713
916,1,Fast,0.8712948560714722,868,971
916,1,Fast,0.8061609268188477,836,832
916,1,Fast,0.791672945022583,798,846
916,1,Fast,0.6992883086204529,944,709
916,1,Fast,0.5419567227363586,984,916
916,1,Fast,0.5340996980667114,922,669
917,1,Fast,0.8651865124702454,871,977
917,1,Fast,0.8229694366455078,799,850
917,1,Fast,0.8126147985458374,838,838
917,1,Fast,0.5581555366516113,943,705
917,1,Fast,0.5310375690460205,981,908
917,1,Fast,0.41382089257240295,921,665
918,1,Fast,0.8711979389190674,873,984
918,1,Fast,0.8476037383079529,800,855
918,1,Fast,0.8288457989692688,839,844
918,1,Fast,0.8127192854881287,941,701
918,1,Fast,0.7021780014038086,920,662
919,1,Fast,0.8762507438659668,875,990
919,1,Fast,0.8547260761260986,801,859
919,1,Fast,0.8364497423171997,940,697
919,1,Fast,0.8269553780555725,841,848
919,1,Fast,0.6799806952476501,918,659
920,1,Fast,0.8749868869781494,877,998
920,1,Fast,0.8632597923278809,802,864
920,1,Fast,0.8316097259521484,939,694
920,1,Fast,0.806542694568634,842,852
920,1,Fast,0.7718163132667542,918,655
921,1,Fast,0.8810538649559021,879,1004
921,1,Fast,0.8579660058021545,803,869
921,1,Fast,0.8134726285934448,844,858
921,1,Fast,0.7388354539871216,917,652
921,1,Fast,0.7349217534065247,938,690
921,1,Fast,0.3766573667526245,854,769
922,1,Fast,0.8796120882034302,882,1012
922,1,Fast,0.8540799021720886,804,874
922,1,Fast,0.8267292976379395,845,864
922,1,Fast,0.7202556729316711,916,648
922,1,Fast,0.6983139514923096,936,687
922,1,Fast,0.5454979538917542,854,774
923,1,Fast,0.870682418346405,883,1019
923,1,Fast,0.8593965172767639,806,879
923,1,Fast,0.8496530055999756,846,870
923,1,Fast,0.6395694017410278,967,865
923,1,Fast,0.627058207988739,915,645
923,1,Fast,0.6025198698043823,934,684
924,1,Fast,0.8712405562400818,886,1027
924,1,Fast,0.8682204484939575,807,884
924,1,Fast,0.8626596927642822,847,876
924,1,Fast,0.6957881450653076,933,680
924,1,Fast,0.5348305702209473,964,860
924,1,Fast,0.4214582145214081,914,641
925,1,Fast,0.8775327801704407,809,888
925,1,Fast,0.867359459400177,888,1034
925,1,Fast,0.8581426739692688,849,880
925,1,Fast,0.7228867411613464,932,676
925,1,Fast,0.6955045461654663,962,852
925,1,Fast,0.39680203795433044,912,638
926,1,Fast,0.8662771582603455,810,893
926,1,Fast,0.8608238697052002,851,887
926,1,Fast,0.8454105257987976,889,1042
926,1,Fast,0.7481025457382202,931,673
926,1,Fast,0.35192930698394775,912,636
927,1,Fast,0.8829153776168823,811,899
927,1,Fast,0.858789324760437,853,893
927,1,Fast,0.7551104426383972,891,1049
927,1,Fast,0.6790561079978943,958,839
927,1,Fast,0.528733491897583,932,669
927,2,Slow,0.333305686712265,910,592
928,1,Fast,0.8735687136650085,812,904
928,1,Fast,0.8660734295845032,855,899
928,1,Fast,0.814024806022644,894,1054
928,1,Fast,0.6801329851150513,956,833
928,1,Fast,0.37813812494277954,929,666
929,1,Fast,0.880059003829956,813,910
929,1,Fast,0.8575562238693237,856,906
929,1,Fast,0.7677163481712341,898,1058
929,1,Fast,0.7641849517822266,954,826
929,1,Fast,0.4940257668495178,910,627
930,1,Fast,0.8976141214370728,814,915
930,1,Fast,0.8428090810775757,859,912
930,1,Fast,0.7017378807067871,952,819
930,1,Fast,0.6221838593482971,903,1062
930,1,Fast,0.6207345724105835,928,659
931,1,Fast,0.8876506686210632,816,920
931,1,Fast,0.8369758725166321,860,918
931,1,Fast,0.6237856149673462,927,656
931,1,Fast,0.5757541060447693,950,813
931,1,Fast,0.45960426330566406,903,1066
932,1,Fast,0.8873162269592285,817,925
932,1,Fast,0.8641718626022339,862,923
932,1,Fast,0.7901630401611328,926,652
932,1,Fast,0.6299945116043091,948,807
932,1,Fast,0.43906980752944946,909,1070
932,1,Fast,0.3077373802661896,908,616
933,1,Fast,0.8901370763778687,819,931
933,1,Fast,0.8748876452445984,863,930
933,1,Fast,0.7753175497055054,946,801
933,1,Fast,0.7679238319396973,926,649
933,1,Fast,0.4979725182056427,907,613
934,1,Fast,0.876928985118866,819,936
934,1,Fast,0.866019606590271,865,937
934,1,Fast,0.7812706828117371,944,795
934,1,Fast,0.7682739496231079,924,646
934,1,Fast,0.5173737406730652,907,611
935,1,Fast,0.8859761953353882,821,942
935,1,Fast,0.8734915852546692,866,943
935,1,Fast,0.7798513174057007,923,642
935,1,Fast,0.6593993902206421,942,790
935,1,Fast,0.4895571172237396,874,843
935,1,Fast,0.3603765070438385,905,607
936,1,Fast,0.8819628357887268,822,948
936,1,Fast,0.8697367310523987,868,950
936,1,Fast,0.6874169111251831,940,784
936,1,Fast,0.6823660135269165,923,639
936,1,Fast,0.4801473319530487,904,604
937,1,Fast,0.8639860153198242,823,954
937,1,Fast,0.857921838760376,870,958
937,1,Fast,0.6352564692497253,938,778
937,1,Fast,0.497577428817749,922,635
938,1,Fast,0.8737945556640625,825,959
938,1,Fast,0.8625571131706238,872,964
938,1,Fast,0.7798619270324707,936,772
938,1,Fast,0.6421577334403992,921,632
939,1,Fast,0.8758915662765503,826,965
939,1,Fast,0.8639211058616638,874,970
939,1,Fast,0.8116689920425415,934,767
939,1,Fast,0.704980731010437,921,630
939,1,Fast,0.5389147400856018,902,596
940,1,Fast,0.8867765069007874,876,977
940,1,Fast,0.8855860233306885,828,970
940,1,Fast,0.8159917593002319,933,762
940,1,Fast,0.709098219871521,920,626
941,1,Fast,0.885007917881012,829,976
941,1,Fast,0.8758454918861389,878,984
941,1,Fast,0.740536630153656,920,624
941,1,Fast,0.7149919867515564,931,756
941,1,Fast,0.3445413112640381,885,880
942,1,Fast,0.8743390440940857,880,991
942,1,Fast,0.8706954121589661,831,982
942,1,Fast,0.7857674360275269,930,751
942,1,Fast,0.747135579586029,918,621
943,1,Fast,0.8719377517700195,832,988
943,1,Fast,0.8227434754371643,883,998
943,1,Fast,0.8026462197303772,928,745
943,1,Fast,0.6808315515518188,918,617
943,1,Fast,0.3896421492099762,1071,1017
944,1,Fast,0.8751065731048584,833,994
944,1,Fast,0.8447182178497314,885,1005
944,1,Fast,0.7461817860603333,917,613
944,1,Fast,0.6932317018508911,927,740
945,1,Fast,0.8882371187210083,835,1001
945,1,Fast,0.8631628751754761,886,1012
945,1,Fast,0.5800122022628784,926,735
945,1,Fast,0.5524906516075134,917,611
945,1,Fast,0.4972667694091797,812,733
945,1,Fast,0.36125847697257996,894,906
946,1,Fast,0.8819009065628052,836,1007
946,1,Fast,0.8398771286010742,888,1020
946,1,Fast,0.599135160446167,916,607
946,1,Fast,0.426378071308136,924,730
946,1,Fast,0.328281044960022,896,912
946,1,Fast,0.32083243131637573,813,737
947,1,Fast,0.8625625371932983,838,1013
947,1,Fast,0.843902587890625,890,1028
947,1,Fast,0.5780057907104492,898,919
947,1,Fast,0.5347723960876465,814,741
947,1,Fast,0.344603031873703,922,725
948,1,Fast,0.8620752096176147,892,1036
948,1,Fast,0.8613414764404297,840,1019
948,1,Fast,0.6213309168815613,900,924
948,1,Fast,0.5307384133338928,921,720
948,1,Fast,0.4508301317691803,815,745
948,1,Fast,0.3530312180519104,915,601
949,1,Fast,0.8535575866699219,841,1025
949,1,Fast,0.8448982834815979,894,1044
949,1,Fast,0.7841689586639404,903,932
949,1,Fast,0.6379798054695129,919,714
949,1,Fast,0.6096599102020264,914,598
950,1,Fast,0.8102657198905945,842,1032
950,1,Fast,0.7914365530014038,896,1051
950,1,Fast,0.7783223390579224,918,710
950,1,Fast,0.5247071385383606,905,940
950,1,Fast,0.49993109703063965,913,595
951,1,Fast,0.8192878365516663,844,1038
951,1,Fast,0.7461082935333252,901,1057
951,1,Fast,0.7127819061279297,907,947
951,1,Fast,0.6626741290092468,913,592
951,1,Fast,0.6405001282691956,916,705
952,1,Fast,0.7666678428649902,903,1061
952,1,Fast,0.6900783777236938,845,1045
952,1,Fast,0.643864095211029,910,954
952,1,Fast,0.6198293566703796,916,700
952,1,Fast,0.6027155518531799,912,589
953,1,Fast,0.6104836463928223,908,1065
953,1,Fast,0.4320240616798401,912,587
953,1,Fast,0.36413440108299255,847,1051
953,1,Fast,0.3468724191188812,914,695
954,1,Fast,0.5634924173355103,909,1069
954,1,Fast,0.46816784143447876,916,970
955,1,Fast,0.3104158937931061,853,1059
956,1,Fast,0.7224218845367432,977,778
956,1,Fast,0.6309212446212769,909,681
956,1,Fast,0.5721719264984131,824,782
956,1,Fast,0.3237898349761963,912,578
957,1,Fast,0.6509358882904053,975,774
957,1,Fast,0.31478986144065857,911,575
958,1,Fast,0.35057562589645386,974,769
959,1,Fast,0.7510427236557007,828,797
960,1,Fast,0.5105918049812317,829,801
961,1,Fast,0.5111241936683655,909,563
962,1,Fast,0.7398084998130798,833,811
962,1,Fast,0.5338789820671082,908,562
963,1,Fast,0.7631586790084839,902,651
963,1,Fast,0.3474159836769104,908,559
964,1,Fast,0.5622515678405762,900,646
965,1,Fast,0.7745697498321533,900,643
965,1,Fast,0.4916720688343048,934,646
965,1,Fast,0.3558002710342407,836,829
965,1,Fast,0.3028000295162201,832,647
966,1,Fast,0.6714890599250793,962,733
966,1,Fast,0.6567926406860352,900,639
966,1,Fast,0.47160977125167847,907,551
967,1,Fast,0.7327035665512085,899,635
967,1,Fast,0.6405851244926453,933,640
968,1,Fast,0.712670624256134,839,844
968,1,Fast,0.5194544196128845,898,631
968,1,Fast,0.46773916482925415,958,726
968,1,Fast,0.35312923789024353,834,659
969,1,Fast,0.6942921280860901,842,848
969,1,Fast,0.6330723166465759,896,627
970,1,Fast,0.7475191354751587,843,854
970,1,Fast,0.44467589259147644,895,624
971,1,Fast,0.7442858815193176,843,859
971,1,Fast,0.7189285159111023,895,619
972,1,Fast,0.801716685295105,845,866
972,1,Fast,0.6085888147354126,893,616
972,1,Fast,0.4759103059768677,906,535
972,1,Fast,0.43843671679496765,836,675
973,1,Fast,0.8518754243850708,847,872
973,1,Fast,0.6311195492744446,892,612
973,1,Fast,0.5623535513877869,926,622
973,1,Fast,0.4546225368976593,837,680
974,1,Fast,0.7628132104873657,848,878
974,1,Fast,0.6462675333023071,891,607
974,1,Fast,0.624572217464447,837,684
974,1,Fast,0.5344357490539551,950,702
974,1,Fast,0.3902361989021301,906,531
975,1,Fast,0.7616749405860901,850,885
975,1,Fast,0.4652688205242157,838,688
975,1,Fast,0.38401928544044495,888,603
976,1,Fast,0.6609722971916199,840,693
976,1,Fast,0.638038158416748,851,891
976,1,Fast,0.6044718623161316,948,694
976,1,Fast,0.37908607721328735,999,757
977,1,Fast,0.5474622249603271,841,697
977,1,Fast,0.3598927855491638,983,802
977,1,Fast,0.35874414443969727,853,897
977,1,Fast,0.3108374774456024,997,752
978,1,Fast,0.6759606003761292,855,904
978,1,Fast,0.583254337310791,841,702
978,1,Fast,0.5060026049613953,945,686
978,1,Fast,0.423933207988739,885,592
979,1,Fast,0.6730086803436279,842,706
979,1,Fast,0.45323777198791504,857,910
979,1,Fast,0.31945663690567017,885,589
980,1,Fast,0.7296112179756165,843,711
981,1,Fast,0.7766467332839966,844,716
981,1,Fast,0.43801432847976685,976,783
981,1,Fast,0.33289650082588196,992,739
981,1,Fast,0.33067336678504944,941,677
982,1,Fast,0.7532958388328552,845,720
982,1,Fast,0.32739564776420593,886,578
982,2,Slow,0.3142640292644501,941,674
983,1,Fast,0.7850030660629272,847,725
983,1,Fast,0.7044115662574768,886,574
983,1,Fast,0.6681697368621826,973,774
983,1,Fast,0.5481265187263489,990,733
983,1,Fast,0.5164463520050049,863,933
984,1,Fast,0.6747957468032837,848,729
984,1,Fast,0.5055696964263916,865,940
984,2,Slow,0.3987427353858948,939,667
985,1,Fast,0.8372557163238525,867,947
985,1,Fast,0.770473837852478,849,734
986,1,Fast,0.8448715806007385,869,954
986,1,Fast,0.80000901222229,850,740
987,1,Fast,0.8525142669677734,872,962
987,1,Fast,0.8258517384529114,851,745
987,1,Fast,0.5862818360328674,882,560
987,1,Fast,0.3531130254268646,936,656
987,1,Fast,0.35257023572921753,986,719
988,1,Fast,0.8027455806732178,874,969
988,1,Fast,0.7846157550811768,852,750
988,1,Fast,0.4114363491535187,882,558
989,1,Fast,0.8235841989517212,853,755
989,1,Fast,0.7793576121330261,876,976
990,1,Fast,0.8215394616127014,855,760
990,1,Fast,0.6838511824607849,877,984
990,1,Fast,0.38521066308021545,962,740
991,1,Fast,0.8130322098731995,856,766
991,1,Fast,0.6766086220741272,879,991
991,1,Fast,0.5082692503929138,932,642
991,1,Fast,0.4434610605239868,960,735
992,1,Fast,0.8118935823440552,857,772
992,1,Fast,0.36263665556907654,881,998
993,1,Fast,0.8347784280776978,859,777
993,1,Fast,0.694571852684021,885,1006
994,1,Fast,0.8377533555030823,861,782
995,1,Fast,0.8150375485420227,862,787
995,1,Fast,0.5345079898834229,889,1021
996,1,Fast,0.849855363368988,864,792
997,1,Fast,0.8535965085029602,865,799
997,1,Fast,0.5085229277610779,951,712
997,1,Fast,0.33860936760902405,893,1038
998,1,Fast,0.862144947052002,866,805
998,1,Fast,0.4605172872543335,950,708
998,1,Fast,0.3905044198036194,805,650
999,1,Fast,0.8595606684684753,867,811
999,1,Fast,0.3862171173095703,949,704
999,1,Fast,0.3734642267227173,806,654
1000,1,Fast,0.8502293825149536,869,816
1000,1,Fast,0.5641247034072876,947,699
1000,1,Fast,0.3708299398422241,807,657
1001,1,Fast,0.8573265671730042,870,822
1002,1,Fast,0.8556890487670898,872,828
1002,1,Fast,0.5372982621192932,909,1066
1002,1,Fast,0.3522644639015198,874,515
1003,1,Fast,0.8394044041633606,873,834
1003,1,Fast,0.328789085149765,921,605
1004,1,Fast,0.8434165716171265,874,841
1004,1,Fast,0.5735300779342651,755,799
1004,2,Slow,0.42599767446517944,920,603
1005,1,Fast,0.8161948919296265,877,847
1005,1,Fast,0.7148085236549377,755,801
1005,2,Slow,0.5812569260597229,919,600
1006,1,Fast,0.8261058926582336,879,852
1006,2,Slow,0.3087329864501953,919,597
1007,1,Fast,0.851150393486023,881,859
1007,1,Fast,0.3853256106376648,757,806
1008,1,Fast,0.8538942337036133,884,865
1008,1,Fast,0.5925810933113098,1115,985
1008,1,Fast,0.4789329171180725,836,650
1009,1,Fast,0.8718874454498291,885,872
1009,1,Fast,0.4573395550251007,1112,980
1009,1,Fast,0.41509702801704407,836,655
1009,2,Slow,0.35186871886253357,916,590
1009,1,Fast,0.3199158310890198,811,690
1010,1,Fast,0.8559871315956116,888,878
1010,1,Fast,0.5836693644523621,812,694
1010,1,Fast,0.5504931211471558,837,659
1010,2,Slow,0.4927542507648468,915,587
1011,1,Fast,0.880750834941864,889,885
1011,1,Fast,0.39200422167778015,838,664
1011,1,Fast,0.3639686107635498,812,698
1012,1,Fast,0.8866046667098999,891,892
1012,1,Fast,0.5289853811264038,839,668
1012,1,Fast,0.48303350806236267,813,701
1012,1,Fast,0.4465741515159607,959,644
1013,1,Fast,0.8795500993728638,893,899
1013,1,Fast,0.5418018698692322,840,673
1013,1,Fast,0.40287289023399353,931,650
1014,1,Fast,0.8567138314247131,895,906
1014,1,Fast,0.6993085741996765,931,647
1014,1,Fast,0.5681673288345337,841,678
1014,1,Fast,0.33468618988990784,815,709
1015,1,Fast,0.852753758430481,897,913
1015,1,Fast,0.6106795072555542,929,645
1015,1,Fast,0.4931294322013855,842,683
1016,1,Fast,0.8640957474708557,900,920
1016,1,Fast,0.4582764804363251,928,643
1016,1,Fast,0.43373456597328186,844,688
1017,1,Fast,0.8708317279815674,902,927
1017,1,Fast,0.3769512176513672,844,693
1018,1,Fast,0.8726294040679932,904,934
1018,1,Fast,0.5818978548049927,819,726
1018,1,Fast,0.3980412483215332,845,698
1019,1,Fast,0.8778345584869385,907,942
1019,1,Fast,0.7084532976150513,820,730
1019,1,Fast,0.669055163860321,924,632
1019,1,Fast,0.549629807472229,846,702
1020,1,Fast,0.8703866600990295,909,950
1020,1,Fast,0.6706230044364929,923,628
1020,1,Fast,0.5379465222358704,847,707
1020,1,Fast,0.49480217695236206,821,733
1021,1,Fast,0.8349798321723938,911,957
1021,1,Fast,0.5892252922058105,822,738
1021,1,Fast,0.5715625286102295,848,713
1022,1,Fast,0.863338053226471,913,965
1022,1,Fast,0.5632930397987366,850,718
1022,1,Fast,0.5030974745750427,823,742
1022,1,Fast,0.3920481204986572,921,622
1023,1,Fast,0.8653853535652161,916,974
1023,1,Fast,0.5543776154518127,921,619
1023,1,Fast,0.47810813784599304,824,745
1023,1,Fast,0.3967564105987549,852,723
1024,1,Fast,0.8683769106864929,918,981
1024,1,Fast,0.7492943406105042,825,751
1024,1,Fast,0.5320559740066528,920,615
1024,1,Fast,0.5078030824661255,853,728
1025,1,Fast,0.8640626668930054,921,990
1025,1,Fast,0.8076006770133972,827,755
1025,1,Fast,0.610333263874054,855,734
1025,1,Fast,0.4436447024345398,919,611
1026,1,Fast,0.8623515367507935,923,999
1026,1,Fast,0.8300113677978516,828,760
1026,1,Fast,0.7691639065742493,856,739
1026,1,Fast,0.5500895977020264,919,609
1026,1,Fast,0.512901782989502,946,608
1027,1,Fast,0.8699634671211243,926,1007
1027,1,Fast,0.8049819469451904,828,764
1027,1,Fast,0.7115544080734253,858,745
1028,1,Fast,0.8452159762382507,928,1016
1028,1,Fast,0.7570959329605103,829,769
1028,1,Fast,0.6967524290084839,859,751
1028,1,Fast,0.49009761214256287,1051,1056
1029,1,Fast,0.8659123182296753,932,1024
1029,1,Fast,0.7102474570274353,830,773
1029,1,Fast,0.6878659129142761,860,757
1030,1,Fast,0.8446667194366455,935,1033
1030,1,Fast,0.8217421174049377,862,762
1030,1,Fast,0.6924446225166321,832,778
1030,1,Fast,0.5476019382476807,1042,1038
1031,1,Fast,0.8309361338615417,938,1041
1031,1,Fast,0.7644444108009338,1038,1027
1031,1,Fast,0.7637987732887268,864,769
1031,1,Fast,0.4379436671733856,833,783
1031,2,Slow,0.30251947045326233,905,532
1032,1,Fast,0.8088793754577637,941,1050
1032,1,Fast,0.7991945147514343,865,775
1032,1,Fast,0.6249080300331116,834,788
1032,1,Fast,0.5233389735221863,904,530
1032,1,Fast,0.4293901026248932,1033,1018
1032,1,Fast,0.40571269392967224,913,590
1033,1,Fast,0.7523434162139893,867,780
1033,1,Fast,0.7244337201118469,1030,1010
1033,1,Fast,0.6543481349945068,835,792
1033,1,Fast,0.5028138160705566,944,1056
1033,1,Fast,0.3095895051956177,912,587
1034,1,Fast,0.7912870645523071,868,786
1034,1,Fast,0.7003235220909119,1027,1000
1034,1,Fast,0.7002214193344116,836,797
1034,1,Fast,0.4794148802757263,948,1061
1035,1,Fast,0.7417517304420471,1024,992
1035,1,Fast,0.7382767796516418,870,793
1035,1,Fast,0.6677107810974121,911,581
1035,1,Fast,0.6366668343544006,837,802
1035,1,Fast,0.602306067943573,940,584
1035,2,Slow,0.3119690418243408,950,1065
1036,1,Fast,0.813484787940979,871,799
1036,1,Fast,0.8100863099098206,839,806
1036,1,Fast,0.6358299255371094,1021,983
1036,1,Fast,0.6281733512878418,939,582
1037,1,Fast,0.8270888328552246,839,811
1037,1,Fast,0.8200974464416504,873,805
1037,1,Fast,0.7636831402778625,1018,976
1037,1,Fast,0.6918245553970337,939,580
1037,1,Fast,0.5981430411338806,910,574
1037,1,Fast,0.5726252198219299,1008,850
1038,1,Fast,0.8317655920982361,840,816
1038,1,Fast,0.7955380082130432,874,812
1038,1,Fast,0.7535679936408997,1015,967
1038,1,Fast,0.5043932199478149,1006,845
1038,1,Fast,0.36382433772087097,836,626
1038,1,Fast,0.3339553475379944,1044,833
1039,1,Fast,0.7863947153091431,841,820
1039,1,Fast,0.7569994926452637,876,817
1039,1,Fast,0.7293993234634399,1012,958
1039,1,Fast,0.7218760848045349,910,569
1039,1,Fast,0.538853108882904,1043,830
1039,1,Fast,0.3655553162097931,939,576
1039,1,Fast,0.31752628087997437,1004,840
1040,1,Fast,0.7589396238327026,842,825
1040,1,Fast,0.6486537456512451,1008,950
1040,1,Fast,0.6036735773086548,877,824
1040,1,Fast,0.40852004289627075,836,635
1041,1,Fast,0.793860137462616,844,831
1041,1,Fast,0.7425356507301331,908,564
1041,1,Fast,0.7264252305030823,836,639
1041,1,Fast,0.5958905816078186,1005,941
1041,1,Fast,0.5792486071586609,879,831
1042,1,Fast,0.7483267784118652,845,836
1042,1,Fast,0.7064396739006042,837,643
1042,1,Fast,0.5125908851623535,881,838
1042,1,Fast,0.39645248651504517,1000,934
1043,1,Fast,0.6728050708770752,846,842
1043,1,Fast,0.60494464635849,883,845
1043,1,Fast,0.5438777208328247,997,925
1043,1,Fast,0.3051462471485138,838,648
1044,1,Fast,0.8270130157470703,994,918
1044,1,Fast,0.7873851656913757,848,847
1044,1,Fast,0.767431914806366,886,852
1044,1,Fast,0.34787121415138245,778,924
1045,1,Fast,0.785586953163147,991,910
1045,1,Fast,0.7777934074401855,849,851
1045,1,Fast,0.7424678206443787,887,860
1045,1,Fast,0.4519188404083252,840,657
1045,1,Fast,0.3195585608482361,778,927
1046,1,Fast,0.7998017072677612,850,858
1046,1,Fast,0.7842848300933838,988,903
1046,1,Fast,0.7558890581130981,889,867
1046,1,Fast,0.7449662685394287,840,661
1046,1,Fast,0.3943082392215729,905,552
1046,1,Fast,0.3545674979686737,934,561
1047,1,Fast,0.8538901209831238,891,874
1047,1,Fast,0.8066991567611694,851,863
1047,1,Fast,0.8002099990844727,841,666
1047,1,Fast,0.7769190669059753,985,896
1047,0,VRU,0.6638622283935547,1068,989
1047,1,Fast,0.3181455433368683,895,453
1048,1,Fast,0.8628659248352051,893,881
1048,1,Fast,0.832240104675293,853,870
1048,1,Fast,0.733894944190979,983,889
1048,1,Fast,0.7240185141563416,842,671
1048,0,VRU,0.6610332131385803,1064,983
1048,1,Fast,0.5412797927856445,896,452
1048,1,Fast,0.5070133805274963,904,547
1049,1,Fast,0.8630854487419128,895,889
1049,1,Fast,0.8494442105293274,854,874
1049,1,Fast,0.8022831082344055,980,881
1049,0,VRU,0.7667487263679504,1061,975
1049,1,Fast,0.7536685466766357,843,675
1049,1,Fast,0.5147314071655273,896,450
1049,1,Fast,0.3403799533843994,904,544
1050,1,Fast,0.8302304148674011,897,896
1050,1,Fast,0.8089890480041504,856,879
1050,1,Fast,0.7446871995925903,844,680
1050,1,Fast,0.6556166410446167,896,448
1050,1,Fast,0.5121169090270996,977,874
1050,1,Fast,0.40514233708381653,932,553
1050,0,VRU,0.3463786840438843,1059,969
1051,1,Fast,0.8484625816345215,900,904
1051,1,Fast,0.8448270559310913,858,885
1051,1,Fast,0.6410858035087585,845,686
1051,1,Fast,0.5498120188713074,932,551
1051,1,Fast,0.4314826726913452,896,447
1051,1,Fast,0.4068154990673065,974,866
1051,1,Fast,0.32352229952812195,904,539
1052,1,Fast,0.8125964403152466,859,892
1052,1,Fast,0.747225284576416,902,912
1052,1,Fast,0.6055348515510559,846,690
1052,1,Fast,0.552916944026947,930,548
1052,1,Fast,0.5310912132263184,971,861
1053,1,Fast,0.8381001353263855,861,898
1053,1,Fast,0.8221045732498169,904,920
1053,1,Fast,0.5858214497566223,969,853
1053,1,Fast,0.3885003924369812,785,957
1053,1,Fast,0.36803388595581055,847,695
1054,1,Fast,0.8384122252464294,862,903
1054,1,Fast,0.8018295764923096,907,928
1054,1,Fast,0.6975903511047363,966,846
1054,1,Fast,0.46976348757743835,786,960
1055,1,Fast,0.8722178936004639,864,909
1055,1,Fast,0.7934178113937378,909,936
1055,1,Fast,0.7313970923423767,964,839
1055,1,Fast,0.5135017037391663,974,763
1055,1,Fast,0.4466170370578766,1015,767
1055,1,Fast,0.403251051902771,850,706
1056,1,Fast,0.8705798387527466,866,915
1056,1,Fast,0.8406376838684082,912,944
1056,1,Fast,0.798774003982544,962,833
1057,1,Fast,0.8741500377655029,915,953
1057,1,Fast,0.8670443296432495,867,921
1057,1,Fast,0.8160052299499512,960,826
1057,1,Fast,0.4415704905986786,851,715
1058,1,Fast,0.8703441023826599,918,961
1058,1,Fast,0.8460120558738708,869,926
1058,1,Fast,0.7887431383132935,957,819
1058,1,Fast,0.5891721844673157,852,719
1058,2,Slow,0.3045605421066284,897,476
1059,1,Fast,0.8735288977622986,920,970
1059,1,Fast,0.8651466965675354,870,933
1059,1,Fast,0.8221885561943054,955,813
1059,1,Fast,0.39799758791923523,852,724
1059,2,Slow,0.3927968740463257,896,474
1060,1,Fast,0.8716328740119934,923,979
1060,1,Fast,0.8615190982818604,872,939
1060,1,Fast,0.8148334622383118,954,807
1060,0,VRU,0.4552426040172577,1030,906
1060,2,Slow,0.37013599276542664,896,473
1061,1,Fast,0.8845484256744385,874,946
1061,1,Fast,0.8581532835960388,951,800
1061,1,Fast,0.8334499001502991,925,988
1061,1,Fast,0.7122502326965332,855,735
1061,0,VRU,0.6993863582611084,1028,900
1062,1,Fast,0.8813443183898926,875,953
1062,1,Fast,0.8315593600273132,928,998
1062,1,Fast,0.8291980028152466,949,794
1062,0,VRU,0.6996124386787415,1026,895
1063,1,Fast,0.8943907618522644,877,959
1063,1,Fast,0.8069040179252625,932,1007
1063,1,Fast,0.8040735125541687,947,789
1064,1,Fast,0.8896233439445496,879,966
1064,1,Fast,0.7042338252067566,935,1017
1064,1,Fast,0.6569353342056274,945,783
1064,1,Fast,0.5118390917778015,860,753
1064,1,Fast,0.4573974907398224,794,1001
1065,1,Fast,0.8802289962768555,881,973
1065,1,Fast,0.7556354403495789,937,1027
1065,1,Fast,0.6404366493225098,796,1006
1065,1,Fast,0.5381529927253723,943,777
1066,1,Fast,0.8738780617713928,883,979
1066,1,Fast,0.7914389371871948,941,1037
1066,1,Fast,0.6446442008018494,941,771
1066,1,Fast,0.3235560357570648,797,1010
1067,1,Fast,0.8499974608421326,884,986
1067,1,Fast,0.7262526750564575,939,765
1067,1,Fast,0.6981887817382812,944,1047
1067,1,Fast,0.44114112854003906,864,770
1068,1,Fast,0.8380371928215027,887,993
1068,1,Fast,0.7982074022293091,937,760
1068,1,Fast,0.7578994035720825,948,1054
1069,1,Fast,0.8280922174453735,889,1000
1069,1,Fast,0.7937507033348083,935,754
1069,1,Fast,0.6931992173194885,952,1059
1069,1,Fast,0.500664234161377,995,715
1070,1,Fast,0.8736736178398132,891,1007
1070,1,Fast,0.6069688200950623,933,749
1070,1,Fast,0.501654863357544,994,713
1070,1,Fast,0.3849613666534424,869,790
1070,1,Fast,0.32166650891304016,956,1064
1071,1,Fast,0.8563044667243958,893,1015
1071,1,Fast,0.8379882574081421,870,796
1071,1,Fast,0.6974090933799744,931,743
1071,1,Fast,0.5418941974639893,992,711
1071,0,VRU,0.4759605824947357,1004,846
1071,1,Fast,0.3679613173007965,960,1070
1072,1,Fast,0.8844351172447205,894,1022
1072,1,Fast,0.6814440488815308,872,803
1072,0,VRU,0.5006053447723389,1003,841
1073,1,Fast,0.8658545017242432,896,1030
1073,1,Fast,0.7923362255096436,873,809
1073,0,VRU,0.5311559438705444,1000,835
1073,1,Fast,0.3481345474720001,928,733
1074,1,Fast,0.8561919927597046,898,1038
1074,1,Fast,0.7727884650230408,875,815
1074,1,Fast,0.6126265525817871,926,728
1074,1,Fast,0.3731585741043091,806,1047
1075,1,Fast,0.8291072845458984,877,822
1075,1,Fast,0.7389841675758362,901,1045
1075,1,Fast,0.6812995076179504,925,723
1075,1,Fast,0.3580189049243927,807,1051
1076,1,Fast,0.8062651753425598,904,1052
1076,1,Fast,0.7280340194702148,879,829
1076,1,Fast,0.6073177456855774,924,719
1077,1,Fast,0.7158373594284058,880,836
1077,1,Fast,0.5883099436759949,922,714
1078,1,Fast,0.7603748440742493,921,708
1078,1,Fast,0.6644871234893799,882,842
1078,1,Fast,0.40565258264541626,944,671
1078,1,Fast,0.31795960664749146,910,1061
1079,1,Fast,0.7232712507247925,920,703
1079,1,Fast,0.33433881402015686,943,668
1080,1,Fast,0.8550978302955627,886,857
1080,1,Fast,0.6061164736747742,918,698
1081,1,Fast,0.8448970913887024,888,863
1081,1,Fast,0.5897647738456726,917,694
1082,1,Fast,0.8426617383956909,889,872
1082,1,Fast,0.3733522295951843,915,688
1083,1,Fast,0.8483467698097229,892,879
1084,1,Fast,0.8488845229148865,894,886
1084,1,Fast,0.4557383358478546,912,679
1085,1,Fast,0.7316219806671143,897,893
1085,1,Fast,0.5356290936470032,911,674
1085,0,VRU,0.3386125862598419,978,778
1086,1,Fast,0.6931939125061035,910,670
1086,1,Fast,0.6335081458091736,899,901
1087,1,Fast,0.7490288019180298,908,666
1087,1,Fast,0.7059099674224854,902,909
1088,1,Fast,0.7788726687431335,904,917
1088,1,Fast,0.5664162635803223,908,662
1089,1,Fast,0.7266008853912354,906,924
1089,1,Fast,0.6168438792228699,906,657
1090,1,Fast,0.6904873847961426,909,934
1090,1,Fast,0.6670587658882141,904,653
1091,1,Fast,0.6967499852180481,911,942
1091,1,Fast,0.43645548820495605,905,648
1092,1,Fast,0.8282437324523926,914,951
1092,1,Fast,0.6233070492744446,903,644
1093,1,Fast,0.6969226002693176,902,641
1093,1,Fast,0.6696585416793823,916,960
1094,1,Fast,0.6534838080406189,902,637
1094,1,Fast,0.562690019607544,919,968
1095,1,Fast,0.7867015600204468,922,977
1095,1,Fast,0.5788757801055908,901,632
1096,1,Fast,0.3537195026874542,924,986
1097,1,Fast,0.5018448829650879,898,624
1097,1,Fast,0.39622417092323303,927,995
1098,1,Fast,0.6675213575363159,930,1004
1098,1,Fast,0.606961727142334,897,620
1099,1,Fast,0.5856751799583435,897,615
1099,1,Fast,0.5828769207000732,934,1014
1099,2,Slow,0.4794803261756897,957,717
1100,1,Fast,0.7159717679023743,937,1023
1100,1,Fast,0.598698079586029,896,611
1100,2,Slow,0.5720533132553101,956,713
1101,1,Fast,0.6623004674911499,895,607
1101,1,Fast,0.6601272821426392,940,1032
1102,1,Fast,0.7456993460655212,943,1042
1102,1,Fast,0.6162680387496948,895,603
1103,1,Fast,0.7891696095466614,947,1053
1103,1,Fast,0.6373720765113831,893,600
1104,1,Fast,0.7154825925827026,1090,1021
1104,1,Fast,0.6109862923622131,893,596
1104,1,Fast,0.4714333117008209,952,1058
1104,2,Slow,0.3981980085372925,950,696
1105,1,Fast,0.7090809345245361,891,593
1105,1,Fast,0.42387017607688904,921,583
1105,2,Slow,0.4037463963031769,949,694
1105,1,Fast,0.31063565611839294,1086,1013
1106,1,Fast,0.6895212531089783,890,589
1106,1,Fast,0.3817419409751892,921,581
1106,1,Fast,0.3089991509914398,1083,1005
1107,1,Fast,0.6548202037811279,890,586
1107,1,Fast,0.460686594247818,920,578
1107,2,Slow,0.36899036169052124,948,686
1108,1,Fast,0.6703208684921265,890,581
1108,2,Slow,0.5718854665756226,945,681
1108,1,Fast,0.3064265251159668,1075,991
1109,1,Fast,0.7214164733886719,889,578
1109,1,Fast,0.48185643553733826,864,944
1109,2,Slow,0.39038243889808655,945,678
1110,1,Fast,0.5660391449928284,866,952
1110,1,Fast,0.561345636844635,887,574
1111,1,Fast,0.6563287973403931,867,960
1111,1,Fast,0.49869823455810547,887,571
1111,2,Slow,0.4532391428947449,942,671
1112,1,Fast,0.5395509600639343,886,567
1112,1,Fast,0.31307336688041687,869,967
1113,1,Fast,0.5034592747688293,872,976
1113,1,Fast,0.4972427189350128,886,564
1113,1,Fast,0.3280494511127472,915,562
1114,1,Fast,0.684178352355957,874,983
1114,1,Fast,0.3666486144065857,950,587
1115,1,Fast,0.763408362865448,875,991
1115,2,Slow,0.6124427914619446,938,656
1115,1,Fast,0.38602858781814575,1056,942
1115,1,Fast,0.3456651270389557,885,557
1116,1,Fast,0.7586963772773743,949,581
1116,2,Slow,0.6541181802749634,937,652
1116,1,Fast,0.6240507960319519,1053,937
1117,1,Fast,0.7363991141319275,949,579
1117,1,Fast,0.5486139059066772,883,550
1117,1,Fast,0.37054741382598877,1050,931
1118,1,Fast,0.3080458641052246,791,740
1120,1,Fast,0.5128477215766907,792,747
1121,1,Fast,0.5388808846473694,793,751
1121,1,Fast,0.4504445791244507,1039,905
1122,1,Fast,0.5212364792823792,793,756
1122,1,Fast,0.35542261600494385,881,534
1122,1,Fast,0.30922290682792664,889,1049
1123,1,Fast,0.4782865643501282,794,761
1124,1,Fast,0.3827211856842041,879,529
1124,2,Slow,0.34900712966918945,927,626
1124,2,Slow,0.33391129970550537,945,562
1124,1,Fast,0.30361828207969666,1031,888
1125,1,Fast,0.5916013717651367,879,525
1125,2,Slow,0.4353010356426239,927,622
1126,2,Slow,0.5026023387908936,926,619
1126,1,Fast,0.4186217188835144,795,774
1126,1,Fast,0.40792495012283325,1027,875
1127,1,Fast,0.4291536509990692,1025,870
1127,1,Fast,0.41742825508117676,796,778
1127,2,Slow,0.33453720808029175,926,616
1128,1,Fast,0.5716262459754944,1022,862
1128,2,Slow,0.4042389392852783,925,613
1129,1,Fast,0.6805233359336853,1019,859
1129,2,Slow,0.3569311499595642,924,609
1130,1,Fast,0.5102386474609375,1018,853
1130,2,Slow,0.3645561635494232,924,606
1130,2,Slow,0.35272330045700073,941,550
1131,2,Slow,0.36342790722846985,940,547
1131,2,Slow,0.3438786268234253,922,603
1132,2,Slow,0.5057735443115234,940,545
1132,2,Slow,0.3431839346885681,922,600
1133,2,Slow,0.4399242699146271,939,543
1133,2,Slow,0.39419659972190857,921,598
1135,1,Fast,0.42567819356918335,804,812
1136,2,Slow,0.4408321976661682,918,589
1136,1,Fast,0.41450393199920654,805,819
1138,1,Fast,0.3435533344745636,1001,810
1139,1,Fast,0.44911327958106995,999,804
1139,1,Fast,0.3336789608001709,806,832
1140,1,Fast,0.6728302240371704,998,798
1141,1,Fast,0.3688798248767853,996,793
1142,1,Fast,0.45988431572914124,994,789
1143,1,Fast,0.30249670147895813,992,786
1145,1,Fast,0.4670012891292572,988,775
1146,1,Fast,0.6572022438049316,814,869
1146,1,Fast,0.4822600483894348,987,771
1147,1,Fast,0.3876853287220001,814,873
1147,1,Fast,0.3467635214328766,985,767
1148,1,Fast,0.4956458508968353,816,878
1148,1,Fast,0.3901594579219818,873,461
1149,1,Fast,0.32907137274742126,873,459
1149,1,Fast,0.30631929636001587,981,757
1150,1,Fast,0.6922836899757385,979,751
1150,1,Fast,0.6360421180725098,819,891
1150,1,Fast,0.4055694043636322,822,664
1151,1,Fast,0.6462099552154541,978,748
1151,1,Fast,0.608389139175415,820,895
1151,1,Fast,0.514254093170166,823,668
1152,1,Fast,0.5859649181365967,821,901
1152,1,Fast,0.5605183839797974,823,672
1152,1,Fast,0.3575885593891144,976,743
1153,1,Fast,0.6485711336135864,824,676
1153,1,Fast,0.5463294982910156,822,907
1153,1,Fast,0.35241809487342834,975,738
1154,1,Fast,0.6255366802215576,826,680
1154,1,Fast,0.6138737201690674,973,734
1154,1,Fast,0.422264039516449,822,912
1155,1,Fast,0.6971433758735657,823,918
1155,1,Fast,0.6870701313018799,826,684
1156,1,Fast,0.6310527324676514,826,689
1156,1,Fast,0.4799516201019287,825,923
1157,1,Fast,0.774691641330719,826,930
1157,1,Fast,0.6025828719139099,826,694
1158,1,Fast,0.7270835041999817,828,935
1158,1,Fast,0.4408018887042999,967,718
1158,1,Fast,0.40868279337882996,827,698
1159,1,Fast,0.7003693580627441,829,941
1159,1,Fast,0.3884372413158417,965,714
1160,1,Fast,0.8398841023445129,830,948
1160,1,Fast,0.33451130986213684,964,710
1161,1,Fast,0.8387458324432373,832,954
1161,1,Fast,0.5658414363861084,831,712
1161,1,Fast,0.41018542647361755,1053,1044
1162,1,Fast,0.8093928098678589,834,960
1162,1,Fast,0.7190957069396973,832,717
1163,1,Fast,0.7719522714614868,835,967
1163,1,Fast,0.7657202482223511,833,722
1163,1,Fast,0.5565615296363831,1046,1027
1163,1,Fast,0.40298211574554443,960,697
1164,1,Fast,0.7722916007041931,838,974
1164,1,Fast,0.7516887187957764,834,726
1164,1,Fast,0.6724299788475037,1042,1019
1164,1,Fast,0.35883912444114685,958,693
1165,1,Fast,0.7817524075508118,838,980
1165,1,Fast,0.7314221858978271,1039,1011
1165,1,Fast,0.6719086170196533,956,689
1165,1,Fast,0.3588845729827881,836,730
1166,1,Fast,0.7374610900878906,1035,1002
1166,1,Fast,0.6570737957954407,840,988
1166,1,Fast,0.6270769834518433,955,685
1166,1,Fast,0.5182214379310608,835,736
1167,1,Fast,0.8623636364936829,841,994
1167,1,Fast,0.8207030892372131,836,743
1167,1,Fast,0.7515801191329956,953,681
1167,1,Fast,0.6525917649269104,1033,995
1167,1,Fast,0.6493259072303772,917,936
1168,1,Fast,0.8501073718070984,838,748
1168,1,Fast,0.8273730278015137,843,999
1168,1,Fast,0.7442674040794373,952,678
1168,1,Fast,0.6827039122581482,1030,986
1169,1,Fast,0.7827907800674438,838,753
1169,1,Fast,0.7072925567626953,1027,978
1169,1,Fast,0.6595038771629333,845,1007
1169,1,Fast,0.6498842239379883,951,675
1169,1,Fast,0.3133102059364319,922,953
1170,1,Fast,0.7935906648635864,847,1013
1170,1,Fast,0.7435535192489624,840,758
1170,1,Fast,0.6818480491638184,925,963
1170,1,Fast,0.5250136256217957,1024,970
1171,1,Fast,0.8474907279014587,847,1021
1171,1,Fast,0.7367549538612366,842,765
1171,1,Fast,0.7062826752662659,1020,963
1171,1,Fast,0.5772518515586853,1088,1021
1171,1,Fast,0.4306565821170807,948,668
1171,1,Fast,0.4033612012863159,1075,1074
1172,1,Fast,0.8401721119880676,843,769
1172,1,Fast,0.8299102783203125,849,1029
1172,1,Fast,0.7606895565986633,1018,955
1172,1,Fast,0.626606285572052,1085,1015
1172,1,Fast,0.5593278408050537,1072,1069
1172,1,Fast,0.3134714961051941,789,701
1173,1,Fast,0.8414141535758972,844,774
1173,1,Fast,0.8280717134475708,850,1036
1173,1,Fast,0.7154635787010193,1015,948
1173,1,Fast,0.644041895866394,934,992
1173,1,Fast,0.6373077034950256,1080,1009
1173,1,Fast,0.5546596646308899,946,660
1174,1,Fast,0.8741601705551147,846,779
1174,1,Fast,0.7453861236572266,852,1042
1174,1,Fast,0.5949736833572388,1076,1001
1174,1,Fast,0.5130097270011902,1012,940
1175,1,Fast,0.8381032943725586,847,784
1175,1,Fast,0.5955231189727783,1074,995
1175,1,Fast,0.588653564453125,853,1049
1175,1,Fast,0.3988138437271118,945,653
1175,1,Fast,0.32704439759254456,1010,935
1176,1,Fast,0.8074793219566345,847,791
1176,1,Fast,0.6950452327728271,943,649
1176,1,Fast,0.6431752443313599,857,1055
1176,1,Fast,0.6148945689201355,1052,1051
1176,1,Fast,0.5368325114250183,1071,988
1177,1,Fast,0.8646255135536194,849,798
1177,1,Fast,0.7247230410575867,942,646
1177,1,Fast,0.4802139699459076,1004,919
1177,1,Fast,0.3317064642906189,1048,1040
1178,1,Fast,0.8469194769859314,850,803
1178,1,Fast,0.7067018747329712,941,642
1178,1,Fast,0.5698396563529968,1002,912
1178,1,Fast,0.5080359578132629,1045,1032
1179,1,Fast,0.8770664930343628,851,810
1179,1,Fast,0.7416871786117554,1042,1022
1179,1,Fast,0.7035331130027771,999,905
1179,1,Fast,0.6508390307426453,940,639
1180,1,Fast,0.8655287027359009,852,816
1180,1,Fast,0.7791771292686462,997,898
1180,1,Fast,0.7232880592346191,1038,1014
1180,1,Fast,0.7034828662872314,939,635
1181,1,Fast,0.8719301223754883,854,822
1181,1,Fast,0.7657066583633423,1033,1005
1181,1,Fast,0.6876865029335022,995,893
1181,1,Fast,0.3821963667869568,938,632
1182,1,Fast,0.8624261617660522,856,829
1182,1,Fast,0.7294166684150696,1030,998
1182,1,Fast,0.6238254308700562,992,886
1182,1,Fast,0.6080254912376404,937,629
1183,1,Fast,0.8623916506767273,858,835
1183,1,Fast,0.8195018172264099,1027,990
1183,1,Fast,0.6340272426605225,935,626
1184,1,Fast,0.8759251236915588,859,841
1184,1,Fast,0.7040213942527771,1024,981
1184,1,Fast,0.602658212184906,934,624
1184,1,Fast,0.5228617191314697,797,745
1185,1,Fast,0.8709633946418762,861,847
1185,1,Fast,0.7649468183517456,1021,974
1185,1,Fast,0.7234785556793213,797,748
1186,1,Fast,0.8390146493911743,863,854
1186,1,Fast,0.7382966876029968,797,754
1186,1,Fast,0.5715293288230896,1018,966
1187,1,Fast,0.835850715637207,864,862
1187,1,Fast,0.6428956389427185,797,757
1187,1,Fast,0.47857117652893066,1016,959
1187,1,Fast,0.4732407033443451,981,855
1188,1,Fast,0.8670544624328613,866,868
1188,1,Fast,0.7822940349578857,1013,950
1188,1,Fast,0.6523534655570984,798,762
1189,1,Fast,0.8685210347175598,867,875
1189,1,Fast,0.6398703455924988,1011,943
1189,1,Fast,0.3166070282459259,930,606
1190,1,Fast,0.8538191914558411,869,882
1190,1,Fast,0.8195334076881409,1007,936
1190,1,Fast,0.6057075262069702,973,836
1191,1,Fast,0.853036642074585,871,889
1191,1,Fast,0.8388741612434387,1004,929
1191,1,Fast,0.7279762029647827,971,830
1191,1,Fast,0.4169732928276062,800,774
1191,1,Fast,0.30763885378837585,928,600
1192,1,Fast,0.8239454030990601,873,896
1192,1,Fast,0.7548388838768005,1000,922
1192,1,Fast,0.7049573659896851,970,825
1192,1,Fast,0.48039349913597107,802,778
1193,1,Fast,0.8693508505821228,876,904
1193,1,Fast,0.673574686050415,997,915
1193,1,Fast,0.5249326825141907,968,819
1193,1,Fast,0.5184800028800964,927,595
1193,1,Fast,0.48245003819465637,802,781
1194,1,Fast,0.8646143674850464,878,911
1194,1,Fast,0.7474507093429565,996,907
1194,1,Fast,0.6864094734191895,926,592
1194,1,Fast,0.6087138056755066,966,813
1195,1,Fast,0.8697943687438965,880,918
1195,1,Fast,0.7499935030937195,992,901
1195,1,Fast,0.7243164777755737,804,791
1195,1,Fast,0.7147948741912842,964,808
1196,1,Fast,0.7722112536430359,882,926
1196,1,Fast,0.7159642577171326,805,794
1196,1,Fast,0.5503069758415222,990,894
1196,1,Fast,0.3552836775779724,923,586
1197,1,Fast,0.8394495844841003,883,935
1197,1,Fast,0.6224929690361023,806,799
1197,1,Fast,0.4689925014972687,987,888
1197,1,Fast,0.33339521288871765,961,796
1198,1,Fast,0.7936294078826904,885,943
1198,1,Fast,0.629084587097168,959,791
1198,1,Fast,0.6121729016304016,985,881
1198,1,Fast,0.5444650650024414,806,803
1199,1,Fast,0.8679987192153931,887,951
1199,1,Fast,0.8197568655014038,982,874
1199,1,Fast,0.7515575289726257,807,807
1199,1,Fast,0.5590389966964722,957,786
1199,1,Fast,0.3525411784648895,1128,1072
1199,1,Fast,0.3054652214050293,920,578
1200,1,Fast,0.8652245998382568,889,959
1200,1,Fast,0.8065321445465088,980,866
1200,1,Fast,0.7513892650604248,807,812
1201,1,Fast,0.8770008683204651,891,968
1201,1,Fast,0.8502601385116577,978,860
1201,1,Fast,0.6422317624092102,808,816
1202,1,Fast,0.8842182755470276,894,976
1202,1,Fast,0.8408892750740051,976,854
1202,1,Fast,0.5766411423683167,809,821
1202,1,Fast,0.5660569667816162,952,771
1203,1,Fast,0.8627932071685791,896,984
1203,1,Fast,0.8080488443374634,973,848
1203,1,Fast,0.6440572142601013,950,765
1203,1,Fast,0.4911181926727295,809,826
1204,1,Fast,0.8807979822158813,899,993
1204,1,Fast,0.8564082384109497,970,842
1204,1,Fast,0.3361542820930481,1104,968
1205,1,Fast,0.8822261095046997,901,1002
1205,1,Fast,0.8595162034034729,968,835
1205,1,Fast,0.3682829737663269,948,756
1205,1,Fast,0.3269363343715668,1101,963
1206,1,Fast,0.8867813944816589,904,1011
1206,1,Fast,0.8596473932266235,967,830
1206,1,Fast,0.346259742975235,812,840
1207,1,Fast,0.8715545535087585,906,1021
1207,1,Fast,0.8504965305328369,964,825
1207,1,Fast,0.6583602428436279,813,844
1207,1,Fast,0.3526283800601959,1093,1030
1208,1,Fast,0.877236008644104,909,1031
1208,1,Fast,0.8279622793197632,962,819
1208,1,Fast,0.7353740930557251,814,848
1208,1,Fast,0.6495777368545532,1088,1021
1208,1,Fast,0.533709704875946,996,804
1209,1,Fast,0.8234062194824219,912,1040
1209,1,Fast,0.8131070137023926,959,812
1209,1,Fast,0.6801033020019531,815,852
1209,1,Fast,0.6028313636779785,1086,1015
1210,1,Fast,0.8294075727462769,957,806
1210,1,Fast,0.8035823106765747,915,1049
1210,1,Fast,0.7547515630722046,815,857
1210,1,Fast,0.4897346496582031,940,732
1210,1,Fast,0.3377375602722168,1082,1006
1211,1,Fast,0.8378449082374573,955,800
1211,1,Fast,0.8021366000175476,919,1054
1211,1,Fast,0.6901695132255554,817,863
1212,1,Fast,0.8391073942184448,954,794
1212,1,Fast,0.713366687297821,922,1059
1212,1,Fast,0.4178313612937927,990,785
1213,1,Fast,0.861919105052948,952,789
1213,1,Fast,0.6589311957359314,924,1064
1213,1,Fast,0.44999632239341736,936,718
1213,1,Fast,0.3166365325450897,1071,985
1214,1,Fast,0.8629744648933411,950,784
1214,1,Fast,0.4832106828689575,936,713
1214,1,Fast,0.40178751945495605,820,878
1214,1,Fast,0.3555819094181061,1068,979
1214,1,Fast,0.30745455622673035,929,1069
1214,1,Fast,0.307376891374588,985,776
1215,1,Fast,0.850614607334137,948,779
1215,1,Fast,0.6811470985412598,821,884
1216,1,Fast,0.8512516021728516,946,773
1216,1,Fast,0.6982651352882385,822,889
1216,1,Fast,0.5835174322128296,933,705
1216,1,Fast,0.4583151042461395,912,532
1217,1,Fast,0.8465967178344727,944,768
1217,1,Fast,0.7106461524963379,911,530
1217,1,Fast,0.6996050477027893,823,894
1217,1,Fast,0.41095390915870667,932,701
1218,1,Fast,0.8364664316177368,942,763
1218,1,Fast,0.7559640407562256,824,900
1218,1,Fast,0.6926959753036499,911,527
1219,1,Fast,0.8484662771224976,940,758
1219,1,Fast,0.5687952041625977,824,905
1219,1,Fast,0.46914687752723694,910,526
1219,1,Fast,0.3372727930545807,977,755
1220,1,Fast,0.8355275392532349,939,753
1220,1,Fast,0.48450055718421936,826,911
1221,1,Fast,0.8329330682754517,937,748
1221,1,Fast,0.575473427772522,827,917
1222,1,Fast,0.8579927682876587,936,743
1222,1,Fast,0.7430864572525024,828,922
1222,1,Fast,0.3105607032775879,972,741
1223,1,Fast,0.8459914922714233,935,737
1223,1,Fast,0.7716274261474609,829,928
1223,1,Fast,0.35447409749031067,970,736
1224,1,Fast,0.8250675797462463,933,733
1224,1,Fast,0.8111690878868103,830,933
1224,1,Fast,0.3203541338443756,969,733
1225,1,Fast,0.8334447145462036,931,729
1225,1,Fast,0.8011132478713989,832,938
1226,1,Fast,0.8183509707450867,928,724
1226,1,Fast,0.5784448981285095,833,945
1226,1,Fast,0.34366747736930847,906,510
1227,1,Fast,0.8085792064666748,927,719
1227,1,Fast,0.7811269164085388,835,951
1227,1,Fast,0.4656183421611786,921,661
1228,1,Fast,0.8305299878120422,925,715
1228,1,Fast,0.8187506198883057,837,957
1228,1,Fast,0.39122146368026733,1029,892
1228,1,Fast,0.30863550305366516,921,657
1229,1,Fast,0.8476307988166809,924,710
1229,1,Fast,0.8330556750297546,838,963
1229,1,Fast,0.5293023586273193,904,503
1230,1,Fast,0.8297080993652344,839,969
1230,1,Fast,0.8274176716804504,923,706
1230,1,Fast,0.36522671580314636,905,501
1231,1,Fast,0.8297562003135681,922,701
1231,1,Fast,0.6838409304618835,841,975
1231,1,Fast,0.53946852684021,904,498
1231,1,Fast,0.3390718102455139,1022,875
1232,1,Fast,0.8498244881629944,921,698
1232,1,Fast,0.6273230910301208,842,982
1232,1,Fast,0.4389634430408478,903,497
1233,1,Fast,0.8289079070091248,920,693
1233,1,Fast,0.5857052803039551,843,988
1233,1,Fast,0.5004026889801025,916,638
1234,1,Fast,0.826515793800354,844,995
1234,1,Fast,0.8058726191520691,919,687
1234,1,Fast,0.36623018980026245,956,694
1235,1,Fast,0.8428522944450378,846,1000
1235,1,Fast,0.8343684077262878,918,684
1236,1,Fast,0.8420736193656921,848,1007
1236,1,Fast,0.8224145770072937,916,679
1237,1,Fast,0.8362972140312195,849,1013
1237,1,Fast,0.7475534677505493,915,675
1238,1,Fast,0.836861789226532,850,1020
1238,1,Fast,0.7653854489326477,913,672
1238,1,Fast,0.313557505607605,1007,838
1239,1,Fast,0.8289205431938171,911,667
1239,1,Fast,0.7984356880187988,852,1027
1239,1,Fast,0.39298340678215027,1004,832
1240,1,Fast,0.7979585528373718,911,663
1240,1,Fast,0.7531870007514954,854,1034
1240,1,Fast,0.611510694026947,1002,827
1241,1,Fast,0.790053129196167,909,659
1241,1,Fast,0.7512550950050354,855,1040
1241,1,Fast,0.39446696639060974,1000,822
1242,1,Fast,0.7960253357887268,908,655
1243,1,Fast,0.8007287979125977,859,1054
1243,1,Fast,0.7968252897262573,907,651
1244,1,Fast,0.7439244985580444,862,1058
1244,1,Fast,0.692905068397522,906,647
1245,1,Fast,0.7655104994773865,906,643
1245,1,Fast,0.4972250461578369,863,1062
1246,1,Fast,0.823949933052063,904,639
1246,1,Fast,0.483335018157959,990,797
1246,1,Fast,0.327467679977417,942,652
1247,1,Fast,0.8280693292617798,902,636
1247,1,Fast,0.6283476948738098,988,792
1248,1,Fast,0.787247359752655,902,632
1248,1,Fast,0.4102008044719696,987,788
1249,1,Fast,0.7594690322875977,901,628
1249,1,Fast,0.351601243019104,940,641
1250,1,Fast,0.7130623459815979,900,624
1251,1,Fast,0.72850501537323,899,620
1251,1,Fast,0.37386196851730347,980,774
1252,1,Fast,0.7527891397476196,898,616
1252,1,Fast,0.48923254013061523,979,769
1253,1,Fast,0.7892372012138367,897,613
1253,1,Fast,0.3623621463775635,977,765
1254,1,Fast,0.7972486615180969,897,609
1254,1,Fast,0.666693925857544,976,760
1254,1,Fast,0.3154250383377075,935,626
1255,1,Fast,0.7795189023017883,896,605
1255,1,Fast,0.524163007736206,974,756
1255,2,Slow,0.4747524559497833,1058,933
1256,1,Fast,0.7403075098991394,896,602
1257,1,Fast,0.7271484136581421,895,599
1258,1,Fast,0.7510656118392944,894,595
1259,1,Fast,0.6685760021209717,893,592
1259,1,Fast,0.6421064138412476,968,738
1260,1,Fast,0.6313040256500244,966,734
1260,1,Fast,0.6019343137741089,892,588
1261,1,Fast,0.663155734539032,890,585
1261,1,Fast,0.5152605175971985,965,730
1262,1,Fast,0.6801308989524841,889,581
1262,1,Fast,0.5200633406639099,962,726
1263,1,Fast,0.7538030743598938,888,579
1263,1,Fast,0.6728804111480713,961,722
1264,1,Fast,0.755332887172699,887,575
1264,1,Fast,0.7203002572059631,959,718
1265,1,Fast,0.7813606262207031,958,714
1265,1,Fast,0.6855380535125732,887,571
1266,1,Fast,0.7911237478256226,956,710
1266,1,Fast,0.7001937627792358,886,567
1267,1,Fast,0.7422437071800232,955,705
1267,1,Fast,0.6128981113433838,885,564
1268,1,Fast,0.7564622163772583,885,561
1268,1,Fast,0.6679404973983765,953,701
1269,1,Fast,0.6867831945419312,884,558
1269,1,Fast,0.6523154377937317,952,698
1270,1,Fast,0.7180494666099548,883,555
1271,1,Fast,0.7813000082969666,882,552
1272,1,Fast,0.7353984117507935,883,548
1273,1,Fast,0.774856686592102,882,546
1274,1,Fast,0.7780963778495789,881,543
1274,1,Fast,0.4228839576244354,946,680
1275,1,Fast,0.7640794515609741,882,541
1275,1,Fast,0.5581474304199219,944,676
1276,1,Fast,0.7725353837013245,881,538
1277,1,Fast,0.7472946643829346,880,534
1277,1,Fast,0.5129008293151855,941,668
1278,1,Fast,0.5677592158317566,880,531
1278,1,Fast,0.39928245544433594,940,666
1279,1,Fast,0.7143175601959229,868,942
1279,1,Fast,0.6448273062705994,880,528
1279,1,Fast,0.4968791604042053,939,662
1280,1,Fast,0.751227080821991,870,949
1280,1,Fast,0.4824019968509674,879,526
1280,1,Fast,0.4082403779029846,938,659
1281,1,Fast,0.5550136566162109,879,523
1281,1,Fast,0.547035813331604,872,956
1281,1,Fast,0.44449031352996826,938,655
1282,1,Fast,0.5093895196914673,875,963
1282,1,Fast,0.39541274309158325,936,651
1284,1,Fast,0.3209333121776581,876,515
1285,1,Fast,0.40571126341819763,877,511
1285,1,Fast,0.3389173448085785,880,986
1286,1,Fast,0.7487264275550842,882,994
1286,1,Fast,0.5662726759910583,876,509
1287,1,Fast,0.6135685443878174,876,507
1288,1,Fast,0.6228039860725403,876,505
1288,1,Fast,0.31607767939567566,833,771
1289,1,Fast,0.37469592690467834,875,502
1290,1,Fast,0.5841354131698608,875,500
1290,1,Fast,0.40117791295051575,981,742
1290,1,Fast,0.34190279245376587,927,625
1291,1,Fast,0.5220577120780945,926,622
1291,1,Fast,0.4028763175010681,875,497
1292,1,Fast,0.7225740551948547,926,619
1292,1,Fast,0.5560935735702515,874,495
1293,1,Fast,0.7646939754486084,925,616
1293,1,Fast,0.5952426195144653,874,492
1294,1,Fast,0.7417429089546204,924,613
1294,1,Fast,0.31416550278663635,874,490
1295,1,Fast,0.7762382626533508,923,609
1295,1,Fast,0.5219873189926147,874,487
1296,1,Fast,0.7940735220909119,923,607
1296,1,Fast,0.6262105703353882,873,484
1297,1,Fast,0.5743991732597351,922,603
1297,1,Fast,0.3505564332008362,872,482
1298,1,Fast,0.6471360325813293,921,600
1298,1,Fast,0.31085801124572754,887,831
1299,1,Fast,0.31286564469337463,847,835
1300,1,Fast,0.6648440361022949,1104,1056
1301,1,Fast,0.5758990049362183,851,848
1301,1,Fast,0.5249386429786682,1101,1049
1302,1,Fast,0.7364576458930969,1097,1041
1302,1,Fast,0.307783305644989,871,471
1303,1,Fast,0.8022692799568176,1093,1033
1304,1,Fast,0.8596245050430298,1089,1024
1304,1,Fast,0.5276355147361755,855,868
1304,1,Fast,0.3417487144470215,899,878
1305,1,Fast,0.8483914732933044,1085,1017
1305,1,Fast,0.4531552493572235,857,875
1305,2,Slow,0.3729649782180786,947,588
1306,1,Fast,0.8630667924880981,1081,1009
1306,2,Slow,0.5416515469551086,947,586
1306,1,Fast,0.49641093611717224,858,882
1306,1,Fast,0.31313517689704895,915,578
1307,1,Fast,0.8549960255622864,1078,1002
1307,1,Fast,0.5355532169342041,860,890
1307,2,Slow,0.46271631121635437,947,583
1308,1,Fast,0.8230910301208496,1074,995
1308,1,Fast,0.5950881838798523,862,896
1308,2,Slow,0.47315844893455505,946,581
1309,1,Fast,0.8609768748283386,1070,987
1309,1,Fast,0.6511926651000977,863,904
1309,2,Slow,0.32889696955680847,946,579
1310,1,Fast,0.8607311248779297,1068,980
1310,1,Fast,0.6720126867294312,865,911
1310,1,Fast,0.31527823209762573,969,838
1311,1,Fast,0.8674543499946594,1065,974
1311,1,Fast,0.6979504227638245,868,919
1311,1,Fast,0.47784897685050964,967,832
1311,1,Fast,0.43405967950820923,917,935
1312,1,Fast,0.8557926416397095,1061,967
1312,1,Fast,0.7952130436897278,870,926
1312,1,Fast,0.6884039640426636,920,943
1312,1,Fast,0.5135391354560852,965,825
1313,1,Fast,0.882308304309845,1058,959
1313,1,Fast,0.8131111860275269,870,930
1313,1,Fast,0.6928693652153015,923,951
1314,1,Fast,0.837696373462677,1055,952
1314,1,Fast,0.8183140754699707,872,939
1314,1,Fast,0.6903780698776245,924,961
1315,1,Fast,0.8636429309844971,1051,945
1315,1,Fast,0.8381028175354004,874,947
1315,1,Fast,0.5378711223602295,927,971
1315,1,Fast,0.4079176187515259,1042,1035
1315,2,Slow,0.33351680636405945,941,565
1316,1,Fast,0.8562618494033813,1048,938
1316,1,Fast,0.8536891937255859,876,955
1316,1,Fast,0.6536595225334167,930,980
1316,1,Fast,0.5296159982681274,956,800
1316,2,Slow,0.4619230628013611,940,563
1317,1,Fast,0.8753485679626465,878,962
1317,1,Fast,0.8396361470222473,1045,933
1317,1,Fast,0.7245745658874512,932,989
1317,1,Fast,0.4207637906074524,955,795
1317,2,Slow,0.4007626473903656,939,561
1318,1,Fast,0.7788668870925903,880,971
1318,1,Fast,0.705644965171814,1043,926
1318,1,Fast,0.5360332727432251,935,998
1318,1,Fast,0.5002681016921997,1031,1008
1318,2,Slow,0.45998185873031616,938,559
1319,1,Fast,0.7891945242881775,1039,919
1319,2,Slow,0.5717740654945374,937,558
1319,1,Fast,0.4210112690925598,1028,999
1319,1,Fast,0.30004340410232544,881,979
1320,1,Fast,0.8284366726875305,1037,913
1320,1,Fast,0.5332448482513428,1025,991
1320,1,Fast,0.41382595896720886,884,988
1320,2,Slow,0.30160826444625854,936,556
1321,1,Fast,0.8367049694061279,1034,907
1321,1,Fast,0.5955113172531128,887,997
1321,1,Fast,0.3563077747821808,946,772
1322,1,Fast,0.8594760894775391,1031,900
1322,1,Fast,0.7598521113395691,945,766
1322,1,Fast,0.43488726019859314,949,1039
1323,1,Fast,0.8393475413322449,1030,894
1323,1,Fast,0.7130288481712341,943,761
1323,1,Fast,0.39064404368400574,892,1012
1323,1,Fast,0.32153967022895813,953,1050
1324,1,Fast,0.8326222896575928,1027,888
1324,1,Fast,0.4197787344455719,941,756
1325,1,Fast,0.8045157194137573,1025,882
1325,1,Fast,0.3457721471786499,940,750
1325,1,Fast,0.3419804871082306,1008,949
1325,2,Slow,0.3033239543437958,934,544
1326,1,Fast,0.7773737907409668,1022,876
1326,1,Fast,0.4653320610523224,938,744
1327,1,Fast,0.8191524744033813,1019,870
1327,1,Fast,0.7253496646881104,935,740
1328,1,Fast,0.8326415419578552,1017,864
1328,1,Fast,0.7732301354408264,935,735
1329,1,Fast,0.8193327188491821,1015,859
1329,1,Fast,0.3874521851539612,933,731
1330,1,Fast,0.7858542799949646,1012,854
1330,1,Fast,0.47616952657699585,931,725
1331,1,Fast,0.8058017492294312,1009,848
1331,1,Fast,0.4385203421115875,928,720
1332,1,Fast,0.8521357774734497,1007,842
1332,2,Slow,0.34504708647727966,926,591
1332,2,Slow,0.31544551253318787,931,531
1333,1,Fast,0.81235671043396,1005,836
1333,1,Fast,0.7632552981376648,926,711
1334,1,Fast,0.8057391047477722,1003,831
1334,1,Fast,0.7216930389404297,925,706
1335,1,Fast,0.8305366635322571,1000,825
1335,1,Fast,0.43299782276153564,923,701
1336,1,Fast,0.8021317720413208,998,820
1337,1,Fast,0.8098803758621216,996,814
1337,1,Fast,0.5455886125564575,920,691
1338,1,Fast,0.7885927557945251,994,809
1338,1,Fast,0.7651636600494385,918,687
1339,1,Fast,0.6935824155807495,993,804
1339,1,Fast,0.692936897277832,917,683
1340,1,Fast,0.725853681564331,990,798
1341,1,Fast,0.7758831977844238,989,794
1341,1,Fast,0.3444637954235077,914,674
1342,1,Fast,0.7435536980628967,986,790
1343,1,Fast,0.7378091812133789,984,785
1344,1,Fast,0.7952043414115906,982,780
1344,1,Fast,0.3813090920448303,911,661
1344,2,Slow,0.347788006067276,1036,1043
1345,1,Fast,0.8427754640579224,980,775
1345,1,Fast,0.39359578490257263,910,657
1345,2,Slow,0.3532591164112091,1033,1042
1346,1,Fast,0.8327866196632385,978,771
1346,2,Slow,0.7731722593307495,1028,1026
1346,1,Fast,0.38769078254699707,908,652
1347,1,Fast,0.8400125503540039,976,766
1347,1,Fast,0.5782701969146729,953,799
1347,2,Slow,0.5263543725013733,1024,1016
1348,1,Fast,0.7700367569923401,975,762
1348,2,Slow,0.6133397221565247,1022,1007
1348,1,Fast,0.6120976805686951,906,644
1349,1,Fast,0.7011202573776245,905,641
1349,1,Fast,0.6805150508880615,973,757
1349,2,Slow,0.4679093658924103,1019,999
1350,1,Fast,0.5982188582420349,971,751
1351,1,Fast,0.6079752445220947,970,746
1352,1,Fast,0.6763778328895569,969,743
1352,1,Fast,0.38860422372817993,842,674
1352,1,Fast,0.3683130443096161,1009,975
1353,1,Fast,0.7076231837272644,967,738
1353,1,Fast,0.3549460470676422,941,767
1354,1,Fast,0.6278219819068909,965,734
1355,1,Fast,0.526434063911438,964,730
1355,1,Fast,0.4577700197696686,998,949
1355,1,Fast,0.3307381570339203,899,618
1355,1,Fast,0.3074623644351959,938,756
1356,1,Fast,0.6138631105422974,996,941
1356,1,Fast,0.5418174862861633,897,614
1357,1,Fast,0.7005346417427063,897,610
1357,1,Fast,0.5058428645133972,934,744
1357,1,Fast,0.4860408902168274,960,721
1357,1,Fast,0.36948591470718384,993,933
1358,1,Fast,0.5758242011070251,959,718
1358,1,Fast,0.4873400628566742,896,606
1359,1,Fast,0.47406426072120667,958,714
1359,1,Fast,0.3802167475223541,896,602
1362,1,Fast,0.4810812473297119,953,701
1362,1,Fast,0.41881462931632996,926,720
1363,1,Fast,0.3091067969799042,951,697
1364,1,Fast,0.6059247851371765,923,711
1365,1,Fast,0.6484363079071045,922,706
1365,1,Fast,0.4718301594257355,949,689
1365,1,Fast,0.38954201340675354,855,737
1366,1,Fast,0.7872601747512817,970,869
1366,1,Fast,0.5266492366790771,919,702
1366,1,Fast,0.35923153162002563,856,742
1366,1,Fast,0.3370106816291809,947,685
1367,1,Fast,0.7923349738121033,966,862
1367,1,Fast,0.7003881931304932,857,748
1368,1,Fast,0.8134633898735046,858,753
1368,1,Fast,0.7914800643920898,964,855
1369,1,Fast,0.8031128644943237,860,759
1369,1,Fast,0.6608466506004333,961,848
1369,1,Fast,0.6185579299926758,915,687
1370,1,Fast,0.7941265106201172,861,765
1370,1,Fast,0.5573065876960754,886,566
1370,1,Fast,0.5308222770690918,959,842
1371,2,Slow,0.44069772958755493,957,835
1372,1,Fast,0.6001163125038147,954,829
1373,1,Fast,0.7096047401428223,951,822
1373,1,Fast,0.3985474705696106,939,658
1373,1,Fast,0.3002764880657196,866,780
1374,1,Fast,0.5390220880508423,950,816
1374,1,Fast,0.36233776807785034,938,654
1375,1,Fast,0.7697418332099915,949,810
1375,1,Fast,0.5739634037017822,908,660
1375,1,Fast,0.46972930431365967,869,794
1375,1,Fast,0.4578207731246948,937,651
1376,1,Fast,0.6555882096290588,907,657
1376,1,Fast,0.4739721715450287,947,804
1377,1,Fast,0.7422652244567871,945,799
1377,1,Fast,0.5652408003807068,934,644
1377,1,Fast,0.4009357988834381,905,652
1378,1,Fast,0.7681490778923035,873,813
1378,1,Fast,0.699239194393158,905,647
1378,1,Fast,0.5436457991600037,933,641
1378,1,Fast,0.5037478804588318,943,793
1379,1,Fast,0.8355380296707153,875,819
1379,1,Fast,0.6895686388015747,903,644
1379,1,Fast,0.461527019739151,932,638
1379,1,Fast,0.32224276661872864,940,787
1380,1,Fast,0.7915455102920532,876,826
1380,1,Fast,0.5880336761474609,939,782
1380,1,Fast,0.3821134865283966,901,640
1381,1,Fast,0.6490891575813293,937,777
1382,1,Fast,0.7702498435974121,934,771
1382,1,Fast,0.44687914848327637,900,632
1382,1,Fast,0.33351632952690125,880,839
1382,1,Fast,0.30107057094573975,930,628
1383,1,Fast,0.6626314520835876,933,765
1383,1,Fast,0.6526371836662292,882,845
1383,1,Fast,0.6447792649269104,1120,1022
1383,1,Fast,0.5345482230186462,900,628
1383,1,Fast,0.5340439677238464,928,625
1384,1,Fast,0.8132980465888977,883,852
1384,1,Fast,0.7415047883987427,928,621
1384,2,Slow,0.7001853585243225,930,759
1384,1,Fast,0.49618658423423767,898,624
1384,1,Fast,0.356917142868042,1117,1014
1385,1,Fast,0.8586477637290955,885,859
1385,1,Fast,0.6894403696060181,897,619
1385,2,Slow,0.676494836807251,929,754
1385,1,Fast,0.5385236740112305,1114,1008
1385,1,Fast,0.4618368148803711,927,616
1386,1,Fast,0.8475019335746765,888,867
1386,1,Fast,0.8441891670227051,928,748
1386,1,Fast,0.6342236995697021,896,615
1386,2,Slow,0.600757360458374,1111,1002
1386,1,Fast,0.4002005159854889,925,613
1387,1,Fast,0.8666607737541199,888,873
1387,1,Fast,0.8332502841949463,927,743
1387,1,Fast,0.626181960105896,895,612
1387,1,Fast,0.4991820156574249,924,610
1387,2,Slow,0.45168963074684143,1107,996
1388,1,Fast,0.864208996295929,890,880
1388,1,Fast,0.7510309815406799,924,738
1388,1,Fast,0.6516123414039612,924,607
1388,1,Fast,0.6385782361030579,1104,990
1388,1,Fast,0.5957180857658386,895,608
1389,1,Fast,0.8786221146583557,892,888
1389,1,Fast,0.7596034407615662,1101,984
1389,1,Fast,0.6810555458068848,923,604
1389,1,Fast,0.6621189713478088,894,605
1389,1,Fast,0.44522377848625183,922,733
1389,2,Slow,0.3331221640110016,922,732
1390,1,Fast,0.853588879108429,1098,980
1390,1,Fast,0.7934203743934631,894,895
1390,1,Fast,0.6593443155288696,922,601
1390,1,Fast,0.4890664219856262,921,728
1391,1,Fast,0.8468413352966309,1096,973
1391,1,Fast,0.7863473296165466,920,724
1391,1,Fast,0.7430157661437988,896,903
1391,1,Fast,0.6794095039367676,921,598
1391,1,Fast,0.6302183270454407,891,598
1392,1,Fast,0.7850050330162048,898,911
1392,1,Fast,0.7530556321144104,918,718
1392,1,Fast,0.700634241104126,920,595
1392,1,Fast,0.6343758702278137,1093,967
1392,1,Fast,0.5132798552513123,891,594
1393,1,Fast,0.8560507893562317,1090,962
1393,1,Fast,0.78419029712677,900,919
1393,2,Slow,0.710913896560669,917,713
1393,1,Fast,0.6517817974090576,889,590
1393,1,Fast,0.5611030459403992,918,592
1394,1,Fast,0.8157607913017273,1088,955
1394,1,Fast,0.7523059248924255,902,926
1394,2,Slow,0.6413456201553345,916,709
1394,1,Fast,0.5648930668830872,889,586
1394,1,Fast,0.41892391443252563,917,588
1394,1,Fast,0.4077589511871338,916,709
1395,1,Fast,0.8260204792022705,904,934
1395,2,Slow,0.7854596972465515,915,704
1395,1,Fast,0.7494329810142517,1085,950
1395,1,Fast,0.6227627396583557,917,586
1395,1,Fast,0.5774879455566406,888,582
1396,1,Fast,0.824619472026825,906,941
1396,2,Slow,0.8009755611419678,914,699
1396,1,Fast,0.7233642935752869,1082,945
1396,1,Fast,0.6799513697624207,887,579
1396,1,Fast,0.6750742197036743,916,582
1397,1,Fast,0.7481675148010254,908,950
1397,1,Fast,0.7278352975845337,916,579
1397,1,Fast,0.47212252020835876,912,695
1397,1,Fast,0.43286505341529846,886,575
1398,1,Fast,0.8259676098823547,912,959
1398,1,Fast,0.6796419024467468,916,576
1398,1,Fast,0.6200345158576965,911,689
1398,1,Fast,0.5761116147041321,1077,934
1398,1,Fast,0.36550667881965637,810,694
1399,1,Fast,0.8473451137542725,914,968
1399,1,Fast,0.8343874216079712,908,685
1399,1,Fast,0.7210136651992798,915,573
1399,1,Fast,0.5969017744064331,887,568
1399,1,Fast,0.5237651467323303,1074,928
1400,1,Fast,0.8512948155403137,917,976
1400,1,Fast,0.7614725232124329,906,680
1400,1,Fast,0.7003533244132996,886,566
1400,1,Fast,0.6650371551513672,915,570
1400,1,Fast,0.44597718119621277,811,701
1401,1,Fast,0.7708011865615845,905,676
1401,1,Fast,0.7189810872077942,914,568
1401,1,Fast,0.6666176915168762,919,986
1401,1,Fast,0.659116804599762,812,705
1401,1,Fast,0.6333513259887695,885,562
1402,1,Fast,0.7571942210197449,904,671
1402,1,Fast,0.7534196972846985,913,565
1402,1,Fast,0.733920156955719,921,995
1402,1,Fast,0.6834900379180908,885,558
1402,1,Fast,0.30349627137184143,812,709
1403,1,Fast,0.7625686526298523,902,668
1403,1,Fast,0.7031602263450623,912,562
1403,1,Fast,0.6357263922691345,924,1004
1403,1,Fast,0.5247384905815125,884,554
1404,1,Fast,0.8388824462890625,926,1012
1404,1,Fast,0.8014031648635864,902,662
1404,1,Fast,0.5532523989677429,912,559
1404,1,Fast,0.3110415041446686,884,551
1405,1,Fast,0.8365386724472046,930,1022
1405,1,Fast,0.774450957775116,901,657
1405,1,Fast,0.6331256628036499,884,547
1405,1,Fast,0.6301427483558655,911,556
1405,1,Fast,0.3338104486465454,1060,898
1406,1,Fast,0.7742165327072144,933,1032
1406,1,Fast,0.7576560378074646,1057,893
1406,1,Fast,0.7463611364364624,900,653
1406,1,Fast,0.597713828086853,911,554
1407,1,Fast,0.7581344842910767,936,1040
1407,1,Fast,0.75417560338974,900,649
1407,1,Fast,0.4701747000217438,1055,888
1407,1,Fast,0.417194664478302,911,551
1407,2,Slow,0.35986247658729553,1055,888
1408,1,Fast,0.7777186036109924,899,645
1408,1,Fast,0.6358171105384827,910,548
1408,1,Fast,0.6084282398223877,939,1051
1408,1,Fast,0.45407071709632874,816,732
1408,2,Slow,0.35914528369903564,1053,883
1409,1,Fast,0.7564956545829773,909,546
1409,1,Fast,0.7386201024055481,897,641
1409,1,Fast,0.6092803478240967,817,736
1409,1,Fast,0.5932921767234802,1051,878
1409,1,Fast,0.3414536118507385,880,535
1410,1,Fast,0.7427248954772949,818,741
1410,1,Fast,0.5343661904335022,908,543
1410,1,Fast,0.4571520686149597,896,638
1411,1,Fast,0.6242116689682007,908,541
1411,1,Fast,0.6204893589019775,819,746
1411,1,Fast,0.5531413555145264,880,530
1411,1,Fast,0.48994767665863037,895,634
1412,1,Fast,0.6001991033554077,907,538
1412,1,Fast,0.5241805911064148,893,629
1412,1,Fast,0.5019986629486084,820,750
1412,1,Fast,0.36514392495155334,1045,864
1413,1,Fast,0.8261426687240601,892,625
1413,1,Fast,0.7103128433227539,820,755
1413,1,Fast,0.5893499255180359,907,535
1414,1,Fast,0.787151575088501,891,622
1414,1,Fast,0.7600159645080566,821,760
1414,2,Slow,0.34412503242492676,1041,855
1415,1,Fast,0.7708168029785156,890,618
1415,1,Fast,0.7466704249382019,823,764
1416,1,Fast,0.7827750444412231,890,614
1416,1,Fast,0.6829089522361755,824,769
1417,1,Fast,0.7825296521186829,890,610
1417,1,Fast,0.7068473100662231,825,775
1418,1,Fast,0.6230445504188538,888,607
1418,1,Fast,0.5994207859039307,826,780
1418,2,Slow,0.5290164947509766,1034,836
1418,1,Fast,0.46281182765960693,905,524
1419,1,Fast,0.7405081987380981,827,785
1419,1,Fast,0.7134741544723511,887,604
1419,1,Fast,0.6975348591804504,904,522
1419,1,Fast,0.3980604410171509,1031,832
1420,1,Fast,0.7349607944488525,827,789
1420,1,Fast,0.7307963371276855,886,599
1420,1,Fast,0.5918874740600586,1029,827
1420,1,Fast,0.40242698788642883,904,519
1421,1,Fast,0.7643078565597534,828,793
1421,1,Fast,0.7411072254180908,886,595
1421,1,Fast,0.6161983609199524,902,516
1421,2,Slow,0.3017760217189789,837,651
1422,1,Fast,0.7530909180641174,829,798
1422,1,Fast,0.7289465665817261,884,593
1422,1,Fast,0.5793362259864807,903,514
1422,1,Fast,0.46857738494873047,1025,817
1423,1,Fast,0.8164622783660889,830,804
1423,1,Fast,0.7319058179855347,884,589
1423,1,Fast,0.3700751066207886,819,723
1423,1,Fast,0.3466780185699463,925,620
1424,1,Fast,0.8173465132713318,830,808
1424,1,Fast,0.7333999872207642,882,586
1424,1,Fast,0.5862501859664917,820,728
1425,1,Fast,0.8570038080215454,832,814
1425,1,Fast,0.8079831600189209,881,582
1425,1,Fast,0.4442998766899109,820,731
1426,1,Fast,0.8562920093536377,832,819
1426,1,Fast,0.817355215549469,882,579
1426,1,Fast,0.5950707197189331,821,735
1427,1,Fast,0.8460195064544678,833,823
1427,1,Fast,0.7344678044319153,821,740
1427,1,Fast,0.7103878259658813,880,575
1428,1,Fast,0.8517769575119019,834,829
1428,1,Fast,0.7766595482826233,881,572
1428,1,Fast,0.6145923733711243,822,745
1428,1,Fast,0.3409048318862915,986,893
1429,1,Fast,0.8545947670936584,835,835
1429,1,Fast,0.6702492237091064,823,749
1429,1,Fast,0.6670694947242737,879,568
1429,1,Fast,0.36945948004722595,984,886
1430,1,Fast,0.8538028001785278,837,841
1430,1,Fast,0.7230085134506226,878,564
1430,1,Fast,0.7221406102180481,824,754
1430,2,Slow,0.32302775979042053,875,478
1431,1,Fast,0.8317086696624756,837,846
1431,1,Fast,0.7748593688011169,878,561
1431,1,Fast,0.6454519033432007,825,760
1431,2,Slow,0.5986476540565491,1009,781
1432,1,Fast,0.8437341451644897,839,851
1432,1,Fast,0.6900905966758728,877,557
1432,1,Fast,0.48487168550491333,826,765
1432,2,Slow,0.3164959251880646,975,864
1433,1,Fast,0.8253600001335144,840,856
1433,1,Fast,0.7130028605461121,877,554
1433,2,Slow,0.34787821769714355,972,858
1433,1,Fast,0.3063806891441345,1021,1001
1434,1,Fast,0.8249910473823547,842,862
1434,1,Fast,0.6452995538711548,877,551
1435,1,Fast,0.8395115733146667,843,868
1435,1,Fast,0.748521625995636,877,549
1435,2,Slow,0.4388401210308075,1002,765
1436,1,Fast,0.848580002784729,844,874
1436,1,Fast,0.7578584551811218,877,546
1436,2,Slow,0.4603649377822876,1001,761
1436,1,Fast,0.38518011569976807,964,835
1437,1,Fast,0.8558928966522217,845,880
1437,1,Fast,0.6338450908660889,876,543
1437,2,Slow,0.47573497891426086,1000,757
1437,1,Fast,0.4001339077949524,962,828
1438,1,Fast,0.87907475233078,847,885
1438,1,Fast,0.689743161201477,875,540
1438,2,Slow,0.5106907486915588,998,753
1439,1,Fast,0.8699952960014343,848,891
1439,1,Fast,0.741722583770752,874,537
1440,1,Fast,0.875810444355011,850,898
1440,1,Fast,0.7561919093132019,874,533
1441,1,Fast,0.8668723106384277,851,904
1441,1,Fast,0.7055608034133911,874,530
1441,1,Fast,0.32396453619003296,896,472
1441,1,Fast,0.31937673687934875,953,801
1442,1,Fast,0.8557770252227783,852,910
1442,1,Fast,0.6539172530174255,872,527
1442,1,Fast,0.5775139927864075,895,470
1442,1,Fast,0.49257513880729675,952,796
1443,1,Fast,0.8650431632995605,854,916
1443,1,Fast,0.48002544045448303,872,524
1444,1,Fast,0.8553900122642517,855,923
1444,1,Fast,0.6742033958435059,872,521
1444,1,Fast,0.3954152464866638,948,785
1445,1,Fast,0.8614985942840576,857,929
1445,1,Fast,0.5387782454490662,983,900
1445,1,Fast,0.3880838453769684,872,518
1446,1,Fast,0.844169557094574,859,936
1446,1,Fast,0.6555638313293457,980,892
1446,1,Fast,0.5665738582611084,872,516
1446,1,Fast,0.5616966485977173,894,461
1446,1,Fast,0.332711398601532,944,772
1447,1,Fast,0.8726868629455566,861,942
1447,1,Fast,0.7015329599380493,977,884
1447,1,Fast,0.6673992276191711,872,513
1447,1,Fast,0.6105992794036865,943,767
1447,1,Fast,0.38419798016548157,894,459
1447,2,Slow,0.3747129440307617,986,720
1448,1,Fast,0.873910665512085,862,949
1448,1,Fast,0.571804940700531,871,510
1448,1,Fast,0.5282572507858276,895,457
1448,1,Fast,0.4185388386249542,975,877
1449,1,Fast,0.8711270093917847,864,956
1449,1,Fast,0.7062727808952332,872,507
1449,1,Fast,0.518592357635498,894,455
1449,2,Slow,0.40469005703926086,973,870
1449,2,Slow,0.3433021903038025,984,715
1450,1,Fast,0.84576016664505,865,963
1450,1,Fast,0.6573634147644043,971,863
1450,1,Fast,0.5461056232452393,870,504
1450,2,Slow,0.34781450033187866,983,711
1451,1,Fast,0.8458815217018127,867,970
1451,1,Fast,0.5482949018478394,935,742
1451,2,Slow,0.460639089345932,981,707
1452,1,Fast,0.8528165221214294,869,977
1452,2,Slow,0.47857925295829773,980,703
1453,1,Fast,0.8505247235298157,871,984
1453,2,Slow,0.33296680450439453,978,700
1453,1,Fast,0.3185628652572632,964,843
1454,1,Fast,0.8727691173553467,873,992
1454,1,Fast,0.5401866436004639,962,835
1454,1,Fast,0.35904738306999207,868,493
1454,2,Slow,0.30687034130096436,978,696
1455,1,Fast,0.8619297742843628,875,999
1455,1,Fast,0.599773645401001,960,829
1455,1,Fast,0.5380954146385193,929,724
1456,1,Fast,0.8745259642601013,877,1006
1456,1,Fast,0.7796275615692139,958,822
1456,1,Fast,0.4149715304374695,868,488
1456,1,Fast,0.3805714249610901,927,718
1456,1,Fast,0.33575600385665894,892,442
1457,1,Fast,0.8785826563835144,879,1014
1457,1,Fast,0.7018404006958008,956,816
1457,1,Fast,0.37282201647758484,924,712
1458,1,Fast,0.8888581991195679,880,1021
1458,1,Fast,0.7541310787200928,954,809
1458,1,Fast,0.7333157062530518,853,905
1458,1,Fast,0.30185872316360474,867,483
1459,1,Fast,0.8749704957008362,883,1029
1459,1,Fast,0.8679882287979126,952,802
1459,1,Fast,0.6052454710006714,855,910
1459,1,Fast,0.3530273139476776,868,480
1460,1,Fast,0.8786225318908691,884,1037
1460,1,Fast,0.8442357778549194,949,797
1460,1,Fast,0.5404162406921387,885,864
1460,1,Fast,0.4389730393886566,856,917
1461,1,Fast,0.863053560256958,887,1045
1461,1,Fast,0.835027277469635,947,791
1461,1,Fast,0.8120468258857727,886,871
1461,1,Fast,0.5576770901679993,867,475
1461,1,Fast,0.4298757314682007,857,923
1462,1,Fast,0.8529068231582642,890,1052
1462,1,Fast,0.8148247599601746,888,877
1462,1,Fast,0.7582058310508728,945,785
1462,1,Fast,0.6688266396522522,859,929
1463,1,Fast,0.7731549739837646,892,1058
1463,1,Fast,0.7393775582313538,943,779
1463,1,Fast,0.5680129528045654,891,885
1463,1,Fast,0.47366195917129517,861,936
1464,1,Fast,0.8630895614624023,892,891
1464,1,Fast,0.8514626026153564,942,773
1464,1,Fast,0.7196446061134338,895,1062
1465,1,Fast,0.8332607746124268,941,767
1465,1,Fast,0.565748393535614,899,1066
1465,1,Fast,0.4960276782512665,864,950
1466,1,Fast,0.7500605583190918,938,760
1466,1,Fast,0.6147201657295227,866,957
1466,1,Fast,0.481962651014328,903,1070
1467,1,Fast,0.7854535579681396,936,755
1467,1,Fast,0.6738706827163696,868,964
1468,1,Fast,0.79294753074646,935,749
1468,1,Fast,0.6360325813293457,870,970
1469,1,Fast,0.867408037185669,933,743
1469,1,Fast,0.392901748418808,871,978
1470,1,Fast,0.8384642004966736,931,739
1471,1,Fast,0.8157529830932617,929,734
1471,1,Fast,0.47199463844299316,876,992
1472,1,Fast,0.734856367111206,928,728
1473,1,Fast,0.790718138217926,926,723
1473,1,Fast,0.4265487790107727,914,964
1474,1,Fast,0.6631798148155212,925,718
1475,1,Fast,0.7923716902732849,923,712
1475,1,Fast,0.48874783515930176,981,883
1476,1,Fast,0.7720717787742615,921,707
1476,1,Fast,0.31284812092781067,978,876
1477,1,Fast,0.4061744809150696,976,868
1477,1,Fast,0.35064002871513367,919,701
1478,1,Fast,0.4750787615776062,918,697
1479,1,Fast,0.53510981798172,917,692
1480,1,Fast,0.4491156041622162,915,687
1480,2,Slow,0.3378296196460724,952,619
1481,1,Fast,0.6592308282852173,914,682
1482,1,Fast,0.656880795955658,913,678
1483,1,Fast,0.34751656651496887,961,827
1484,2,Slow,0.437173068523407,946,607
1484,1,Fast,0.36915984749794006,960,821
1486,1,Fast,0.4665956497192383,908,659
1487,1,Fast,0.5933254361152649,906,654
1488,1,Fast,0.41374218463897705,905,649
1488,1,Fast,0.35865262150764465,843,698
1489,1,Fast,0.555597722530365,844,702
1489,2,Slow,0.46206697821617126,942,594
1489,1,Fast,0.3333941698074341,903,645
1490,2,Slow,0.4831777811050415,942,590
1490,1,Fast,0.40571680665016174,902,641
1490,1,Fast,0.30697667598724365,846,707
1491,1,Fast,0.4952315390110016,889,871
1491,1,Fast,0.3905089795589447,848,712
1492,1,Fast,0.40541794896125793,848,717
1493,1,Fast,0.5215761065483093,848,722
1493,1,Fast,0.3430007994174957,893,886
1493,1,Fast,0.3134079575538635,899,629
1494,1,Fast,0.4634665250778198,898,625
1494,2,Slow,0.3960348665714264,939,580
1495,2,Slow,0.44624754786491394,938,578
1495,1,Fast,0.40886372327804565,897,620
1495,1,Fast,0.33395901322364807,852,734
1496,1,Fast,0.6626561880111694,896,617
1497,1,Fast,0.6432803273200989,895,613
1497,1,Fast,0.45603644847869873,855,746
1497,2,Slow,0.4422955811023712,938,572
1498,1,Fast,0.3951280415058136,895,609
1499,1,Fast,0.5913762450218201,857,757
1499,1,Fast,0.517739474773407,1032,1043
1499,2,Slow,0.31475213170051575,935,567
1500,1,Fast,0.695368766784668,1028,1032
1500,1,Fast,0.6061296463012695,908,943
1500,1,Fast,0.3571651875972748,859,762
1501,1,Fast,0.5992181301116943,912,951
1501,1,Fast,0.4714546799659729,1024,1022
1502,1,Fast,0.6552911996841431,914,960
1502,1,Fast,0.44166022539138794,1020,1012
1502,2,Slow,0.3595539629459381,934,561
1502,1,Fast,0.3325962424278259,861,772
1503,1,Fast,0.7535955905914307,1015,1003
1503,2,Slow,0.40528231859207153,932,559
1504,1,Fast,0.8068670630455017,1011,994
1504,2,Slow,0.3156374990940094,932,556
1505,1,Fast,0.7773907780647278,1008,984
1505,1,Fast,0.4025996923446655,866,791
1505,1,Fast,0.3507837653160095,889,581
1506,1,Fast,0.7930626273155212,1005,976
1506,1,Fast,0.5167137980461121,918,695
1506,1,Fast,0.43611258268356323,867,798
1506,1,Fast,0.3125148415565491,888,577
1507,1,Fast,0.7227407097816467,1002,966
1507,1,Fast,0.6100959777832031,869,804
1507,2,Slow,0.321855753660202,931,550
1508,1,Fast,0.7372089624404907,999,957
1508,1,Fast,0.6997531652450562,871,810
1509,1,Fast,0.7783506512641907,873,817
1509,1,Fast,0.7087395191192627,996,950
1509,1,Fast,0.3265523910522461,914,682
1510,1,Fast,0.7816596031188965,874,823
1510,1,Fast,0.5132826566696167,992,941
1511,1,Fast,0.7571934461593628,875,830
1511,1,Fast,0.5561429858207703,990,933
1512,1,Fast,0.8030359148979187,877,835
1512,1,Fast,0.6971613168716431,987,924
1513,1,Fast,0.7764488458633423,984,916
1513,1,Fast,0.6239190101623535,879,843
1514,1,Fast,0.788078248500824,882,849
1514,1,Fast,0.5562465786933899,981,909
1514,1,Fast,0.40300557017326355,884,550
1515,1,Fast,0.8304395079612732,883,857
1515,1,Fast,0.4402163624763489,979,901
1516,1,Fast,0.7206286787986755,885,864
1516,1,Fast,0.5501464605331421,926,530
1516,1,Fast,0.5440934300422668,975,893
1516,1,Fast,0.33044207096099854,827,500
1517,1,Fast,0.8439320921897888,887,871
1517,1,Fast,0.6892974376678467,973,886
1518,1,Fast,0.8213132619857788,889,879
1518,1,Fast,0.302097350358963,902,641
1519,1,Fast,0.8592550754547119,892,887
1520,1,Fast,0.8340631723403931,894,894
1520,1,Fast,0.4042593538761139,900,632
1521,1,Fast,0.8462449908256531,896,902
1521,1,Fast,0.38395771384239197,899,629
1521,1,Fast,0.34214723110198975,963,856
1522,1,Fast,0.7723127603530884,899,910
1522,1,Fast,0.520352303981781,960,848
1522,1,Fast,0.5019879341125488,899,625
1522,1,Fast,0.3331999182701111,876,478
1523,1,Fast,0.7390918731689453,957,841
1523,1,Fast,0.7087756395339966,902,918
1523,1,Fast,0.6355123519897461,898,620
1523,1,Fast,0.30319568514823914,1146,1046
1524,1,Fast,0.7978036403656006,904,926
1524,1,Fast,0.718422532081604,955,834
1524,1,Fast,0.568820059299469,896,616
1525,1,Fast,0.8760678172111511,906,934
1525,1,Fast,0.7823042869567871,953,828
1525,1,Fast,0.5718030333518982,896,612
1525,1,Fast,0.5367449522018433,829,524
1526,1,Fast,0.8754469752311707,908,943
1526,1,Fast,0.8352071642875671,951,821
1526,1,Fast,0.6459134221076965,829,527
1527,1,Fast,0.8526361584663391,911,952
1527,1,Fast,0.7560655474662781,949,814
1527,1,Fast,0.3849810063838959,829,529
1527,1,Fast,0.3134506642818451,893,604
1528,1,Fast,0.860278844833374,914,961
1528,1,Fast,0.7568770051002502,948,807
1528,1,Fast,0.4686241149902344,1128,1013
1529,1,Fast,0.8524380326271057,917,970
1529,1,Fast,0.7669832706451416,945,801
1529,1,Fast,0.4661993384361267,1123,1003
1530,1,Fast,0.8828455805778503,1120,999
1530,1,Fast,0.8679187297821045,920,978
1530,1,Fast,0.6457229256629944,944,795
1531,1,Fast,0.8661986589431763,923,988
1531,1,Fast,0.8397639393806458,1117,992
1531,1,Fast,0.612098217010498,941,789
1532,1,Fast,0.8542298674583435,925,997
1532,1,Fast,0.8450649380683899,1113,986
1532,1,Fast,0.6818573474884033,939,783
1533,1,Fast,0.8002987504005432,929,1007
1533,1,Fast,0.7753143906593323,1111,980
1533,1,Fast,0.7586803436279297,937,776
1534,1,Fast,0.8129414916038513,932,1017
1534,1,Fast,0.8046287298202515,936,771
1534,1,Fast,0.7790188789367676,1108,974
1534,2,Slow,0.36148208379745483,919,493
1534,1,Fast,0.34691739082336426,1015,888
1535,1,Fast,0.8343643546104431,934,765
1535,1,Fast,0.814751148223877,1106,968
1535,1,Fast,0.7883789539337158,935,1026
1535,2,Slow,0.372007817029953,918,492
1535,1,Fast,0.3095034956932068,1013,882
1536,1,Fast,0.8341972827911377,932,759
1536,1,Fast,0.6711843609809875,937,1036
1536,2,Slow,0.5791826248168945,919,491
1536,1,Fast,0.35926446318626404,1104,961
1537,1,Fast,0.7570087909698486,1100,956
1537,1,Fast,0.7481327652931213,931,753
1537,2,Slow,0.47555816173553467,918,489
1537,1,Fast,0.41746652126312256,941,1047
1538,1,Fast,0.7746263146400452,1098,950
1538,1,Fast,0.6156792640686035,929,747
1538,1,Fast,0.41648605465888977,803,604
1538,2,Slow,0.35938236117362976,917,486
1539,1,Fast,0.5907512903213501,804,608
1539,2,Slow,0.4408699870109558,917,484
1539,1,Fast,0.3167518973350525,927,742
1540,1,Fast,0.37975388765335083,804,610
1540,1,Fast,0.3195123076438904,926,736
1541,1,Fast,0.6214027404785156,803,612
1541,1,Fast,0.593200147151947,924,730
1542,1,Fast,0.6974769234657288,923,725
1542,1,Fast,0.4433692693710327,804,616
1543,1,Fast,0.7337753772735596,920,720
1543,1,Fast,0.422323614358902,1083,921
1543,2,Slow,0.32742735743522644,917,477
1544,1,Fast,0.8350093960762024,1081,916
1544,1,Fast,0.8013300895690918,919,715
1544,2,Slow,0.4367557466030121,917,476
1545,1,Fast,0.8240728974342346,1078,911
1545,1,Fast,0.8107562065124512,918,710
1545,2,Slow,0.5547804832458496,916,474
1546,1,Fast,0.7488555312156677,917,704
1546,1,Fast,0.675042450428009,1076,906
1546,2,Slow,0.33124521374702454,916,472
1547,1,Fast,0.7232548594474792,916,699
1547,2,Slow,0.5562199354171753,915,470
1547,1,Fast,0.3435511887073517,1073,900
1548,1,Fast,0.6838099956512451,1072,895
1548,2,Slow,0.5605464577674866,915,469
1548,1,Fast,0.47957319021224976,913,694
1548,1,Fast,0.32691502571105957,807,633
1549,1,Fast,0.5187192559242249,1070,890
1549,2,Slow,0.5101938247680664,915,467
1549,1,Fast,0.45767495036125183,912,689
1550,1,Fast,0.34237030148506165,1067,884
1551,1,Fast,0.7160388827323914,1064,879
1551,1,Fast,0.3541451096534729,909,679
1552,1,Fast,0.7836488485336304,1061,875
1552,1,Fast,0.5640281438827515,979,788
1552,1,Fast,0.40293964743614197,907,674
1553,1,Fast,0.7533528804779053,1060,869
1553,1,Fast,0.4576375484466553,906,669
1554,1,Fast,0.717497706413269,1058,864
1554,1,Fast,0.6900273561477661,906,665
1554,1,Fast,0.5904536247253418,808,656
1554,1,Fast,0.4698822796344757,976,778
1554,1,Fast,0.3264605402946472,838,615
1555,1,Fast,0.46938151121139526,809,659
1555,1,Fast,0.44378992915153503,905,661
1555,1,Fast,0.4428889751434326,838,619
1556,1,Fast,0.707076907157898,904,656
1556,1,Fast,0.696175217628479,1052,854
1556,1,Fast,0.5778588056564331,810,663
1556,1,Fast,0.4536934196949005,839,623
1557,1,Fast,0.5011992454528809,902,651
1557,1,Fast,0.4282277822494507,1050,849
1557,1,Fast,0.30532461404800415,840,627
1558,1,Fast,0.6145064830780029,1048,844
1558,1,Fast,0.5961718559265137,969,757
1558,1,Fast,0.5064512491226196,841,631
1559,1,Fast,0.8066269159317017,1046,840
1559,1,Fast,0.3491591215133667,841,635
1560,1,Fast,0.7215090990066528,1044,835
1560,1,Fast,0.5929874777793884,964,747
1560,1,Fast,0.4261529743671417,810,675
1561,1,Fast,0.7569658160209656,1043,831
1561,1,Fast,0.6748524904251099,842,644
1561,1,Fast,0.3883253037929535,812,678
1562,1,Fast,0.7894372940063477,843,648
1562,1,Fast,0.6463156938552856,1040,826
1562,1,Fast,0.6018309593200684,812,682
1562,1,Fast,0.31993067264556885,961,739
1563,1,Fast,0.7964892983436584,844,652
1563,1,Fast,0.7579301595687866,1038,822
1563,1,Fast,0.6308546662330627,813,686
1564,1,Fast,0.792535126209259,1036,817
1564,1,Fast,0.7633885145187378,844,656
1564,1,Fast,0.44526758790016174,814,691
1565,1,Fast,0.8169946074485779,1033,812
1565,1,Fast,0.7658500075340271,844,660
1565,1,Fast,0.47751516103744507,814,696
1566,1,Fast,0.851905882358551,1031,808
1566,1,Fast,0.6343384981155396,845,664
1566,1,Fast,0.5229683518409729,814,699
1567,1,Fast,0.7702528834342957,1029,804
1567,1,Fast,0.6226930618286133,846,668
1567,1,Fast,0.5937116742134094,815,703
1567,1,Fast,0.32649609446525574,955,717
1567,1,Fast,0.3060140013694763,891,610
1568,1,Fast,0.7808806896209717,1025,799
1568,1,Fast,0.7036252021789551,847,671
1568,1,Fast,0.3609946668148041,891,605
1568,1,Fast,0.3063535690307617,816,706
1569,1,Fast,0.7368908524513245,849,676
1569,1,Fast,0.6684445738792419,1024,795
1569,1,Fast,0.36012017726898193,952,709
1569,1,Fast,0.3367191255092621,890,602
1570,1,Fast,0.7930749654769897,849,680
1570,1,Fast,0.7008098363876343,890,598
1570,1,Fast,0.6930860280990601,1023,791
1570,1,Fast,0.5687568783760071,816,715
1571,1,Fast,0.8131051063537598,851,685
1571,1,Fast,0.7686494588851929,1022,785
1571,1,Fast,0.5306605100631714,817,720
1571,1,Fast,0.505886971950531,888,594
1571,1,Fast,0.495947927236557,948,700
1572,1,Fast,0.7513874173164368,1020,782
1572,1,Fast,0.7390432953834534,852,690
1572,1,Fast,0.5406737923622131,887,590
1572,1,Fast,0.5180791616439819,818,724
1573,1,Fast,0.8342660665512085,1018,778
1573,1,Fast,0.7496777176856995,852,694
1573,1,Fast,0.49272364377975464,818,727
1574,1,Fast,0.8140031099319458,1016,774
1574,1,Fast,0.6986152529716492,853,699
1574,1,Fast,0.6983636021614075,886,582
1574,1,Fast,0.643296480178833,820,730
1574,1,Fast,0.429417222738266,946,687
1574,1,Fast,0.3890818655490875,986,899
1575,1,Fast,0.8391061425209045,1014,769
1575,1,Fast,0.7713178992271423,854,704
1575,1,Fast,0.5520334243774414,820,733
1575,1,Fast,0.46075505018234253,983,892
1576,1,Fast,0.8123565316200256,855,709
1576,1,Fast,0.723798930644989,1012,766
1576,1,Fast,0.6225641965866089,980,883
1576,1,Fast,0.3540138900279999,821,741
1577,1,Fast,0.8156514167785645,1011,762
1577,1,Fast,0.789612889289856,856,713
1577,1,Fast,0.7144977450370789,822,745
1578,1,Fast,0.8023390769958496,1009,757
1578,1,Fast,0.7770517468452454,824,750
1578,1,Fast,0.7666403651237488,857,718
1578,1,Fast,0.4365687668323517,885,567
1578,2,Slow,0.30813777446746826,975,869
1579,1,Fast,0.8482335209846497,1008,753
1579,1,Fast,0.7954356670379639,824,753
1579,1,Fast,0.7927016019821167,858,723
1579,1,Fast,0.5067208409309387,973,863
1579,1,Fast,0.32178208231925964,989,803
1580,1,Fast,0.8194230794906616,825,759
1580,1,Fast,0.8061065673828125,1006,750
1580,1,Fast,0.773341715335846,860,727
1580,1,Fast,0.5352258086204529,988,797
1581,1,Fast,0.8091720342636108,1004,747
1581,1,Fast,0.8064761757850647,826,764
1581,1,Fast,0.7634906768798828,861,732
1581,1,Fast,0.3107057213783264,986,793
1582,1,Fast,0.818952739238739,862,738
1582,1,Fast,0.8118175268173218,827,768
1582,1,Fast,0.7535994648933411,1004,742
1582,1,Fast,0.6104606986045837,934,659
1582,1,Fast,0.5872081518173218,965,843
1583,1,Fast,0.8376189470291138,864,743
1583,1,Fast,0.8027979731559753,827,774
1583,1,Fast,0.8023943901062012,963,835
1583,1,Fast,0.7331743240356445,1002,739
1583,1,Fast,0.6485971808433533,933,655
1583,1,Fast,0.366016149520874,799,613
1584,1,Fast,0.8112330436706543,865,748
1584,1,Fast,0.7881381511688232,827,778
1584,1,Fast,0.735103964805603,932,651
1584,1,Fast,0.6983857154846191,961,828
1585,1,Fast,0.77425616979599,867,753
1585,1,Fast,0.7028928399085999,959,821
1585,1,Fast,0.6456865072250366,828,782
1585,1,Fast,0.5002200603485107,931,647
1585,1,Fast,0.35072001814842224,1000,732
1586,1,Fast,0.7654029130935669,868,759
1586,1,Fast,0.7312255501747131,830,786
1586,1,Fast,0.6942399144172668,957,815
1586,1,Fast,0.6800628304481506,931,643
1586,1,Fast,0.4583539068698883,998,727
1587,1,Fast,0.7737817764282227,869,763
1587,1,Fast,0.64280104637146,996,724
1587,1,Fast,0.5745528340339661,931,640
1587,1,Fast,0.41400086879730225,975,764
1587,1,Fast,0.3985385298728943,955,808
1588,1,Fast,0.7913607358932495,870,769
1588,1,Fast,0.771781325340271,953,802
1588,1,Fast,0.610514223575592,973,759
1588,1,Fast,0.6094760894775391,994,721
1588,1,Fast,0.5252156853675842,930,636
1588,1,Fast,0.39138299226760864,832,794
1589,1,Fast,0.7694275975227356,872,774
1589,1,Fast,0.6699193120002747,950,797
1589,2,Slow,0.3274838328361511,993,717
1589,1,Fast,0.3173537254333496,972,753
1590,1,Fast,0.80866938829422,873,779
1590,1,Fast,0.5136936902999878,948,790
1590,1,Fast,0.4126179814338684,836,806
1591,1,Fast,0.7485480308532715,874,786
1591,1,Fast,0.7276867628097534,836,812
1591,2,Slow,0.5098508596420288,946,785
1591,2,Slow,0.3243829309940338,991,711
1592,1,Fast,0.757015585899353,875,791
1592,2,Slow,0.6824348568916321,943,778
1592,1,Fast,0.6112831830978394,837,817
1592,1,Fast,0.5928614139556885,802,639
1592,1,Fast,0.5560189485549927,967,739
1592,1,Fast,0.3862374722957611,926,624
1593,1,Fast,0.835416316986084,876,797
1593,1,Fast,0.7928307056427002,838,822
1593,2,Slow,0.6413750052452087,941,772
1593,1,Fast,0.6280742287635803,966,736
1593,2,Slow,0.5812311172485352,989,704
1593,1,Fast,0.49717333912849426,926,620
1593,1,Fast,0.33813410997390747,804,643
1594,1,Fast,0.8472440242767334,877,803
1594,1,Fast,0.7757139801979065,840,828
1594,1,Fast,0.5616137385368347,939,765
1594,1,Fast,0.5585240721702576,925,617
1594,2,Slow,0.34972313046455383,986,700
1594,1,Fast,0.34464308619499207,965,731
1595,1,Fast,0.835983157157898,879,808
1595,1,Fast,0.8058711886405945,839,832
1595,1,Fast,0.7574346661567688,925,612
1595,1,Fast,0.6551022529602051,962,727
1595,2,Slow,0.601754903793335,985,697
1595,1,Fast,0.5529419183731079,937,759
1595,1,Fast,0.49492543935775757,804,649
1596,1,Fast,0.8348352313041687,881,814
1596,1,Fast,0.817136824131012,841,837
1596,1,Fast,0.5797569155693054,936,753
1596,1,Fast,0.5490543842315674,960,722
1596,2,Slow,0.5368732213973999,984,694
1597,1,Fast,0.8338112235069275,883,820
1597,1,Fast,0.8075608611106873,843,844
1597,1,Fast,0.42948639392852783,933,746
1598,1,Fast,0.8501409888267517,885,827
1598,1,Fast,0.7347874045372009,843,848
1598,1,Fast,0.6142050623893738,931,742
1598,1,Fast,0.5393896102905273,958,713
1599,1,Fast,0.8396732807159424,887,833
1599,1,Fast,0.7619834542274475,845,853
1599,1,Fast,0.6822107434272766,930,737
1599,1,Fast,0.5158342719078064,956,709
1600,1,Fast,0.8607012629508972,888,839
1600,1,Fast,0.839205801486969,847,858
1600,1,Fast,0.7303882837295532,928,731
1600,1,Fast,0.43578144907951355,955,705
1600,1,Fast,0.37304437160491943,840,629
1601,1,Fast,0.8513440489768982,890,846
1601,1,Fast,0.8028618693351746,849,863
1601,1,Fast,0.5710334181785583,840,632
1601,1,Fast,0.423663854598999,927,726
1601,1,Fast,0.3493001163005829,953,699
1602,1,Fast,0.8736748099327087,893,852
1602,1,Fast,0.8186326622962952,850,871
1602,1,Fast,0.6835917234420776,925,721
1602,1,Fast,0.589997410774231,953,695
1602,1,Fast,0.41937580704689026,976,673
1603,1,Fast,0.8542382121086121,894,859
1603,1,Fast,0.8131483197212219,851,877
1603,1,Fast,0.7085353136062622,924,715
1603,1,Fast,0.3268069624900818,951,690
1604,1,Fast,0.8512428998947144,896,865
1604,1,Fast,0.842388391494751,852,882
1604,1,Fast,0.7159662246704102,922,711
1604,1,Fast,0.5372396111488342,842,645
1604,1,Fast,0.44515085220336914,949,686
1605,1,Fast,0.8671163320541382,898,872
1605,1,Fast,0.8588135242462158,854,888
1605,1,Fast,0.6327780485153198,921,706
1605,1,Fast,0.5823044776916504,948,682
1605,2,Slow,0.5212622284889221,972,665
1606,1,Fast,0.8558958768844604,899,878
1606,1,Fast,0.8466344475746155,855,893
1606,1,Fast,0.7557134032249451,919,700
1606,1,Fast,0.6385108828544617,947,680
1607,1,Fast,0.8745772838592529,901,885
1607,1,Fast,0.8539348840713501,857,901
1607,1,Fast,0.8201655149459839,917,696
1607,1,Fast,0.669952392578125,945,676
1607,1,Fast,0.42788925766944885,844,659
1608,1,Fast,0.8675177097320557,903,892
1608,1,Fast,0.8480196595191956,859,906
1608,1,Fast,0.6158435344696045,944,672
1608,1,Fast,0.6146971583366394,916,690
1608,1,Fast,0.46306198835372925,1066,1004
1608,2,Slow,0.31789013743400574,969,655
1609,1,Fast,0.8769221305847168,905,899
1609,1,Fast,0.7996838092803955,847,667
1609,1,Fast,0.7976205348968506,860,912
1609,1,Fast,0.7883175015449524,915,686
1609,1,Fast,0.668447732925415,944,668
1609,2,Slow,0.5690689086914062,970,652
1609,1,Fast,0.3403986692428589,813,696
1610,1,Fast,0.8553274869918823,907,906
1610,1,Fast,0.7582537531852722,861,918
1610,1,Fast,0.6781623363494873,914,681
1610,1,Fast,0.6521793007850647,812,700
1610,1,Fast,0.6162409782409668,847,672
1610,1,Fast,0.6047452092170715,943,664
1610,2,Slow,0.5607887506484985,969,649
1611,1,Fast,0.849409282207489,909,913
1611,1,Fast,0.7919726967811584,862,924
1611,1,Fast,0.680640697479248,847,676
1611,1,Fast,0.6498553156852722,941,660
1611,1,Fast,0.615903913974762,813,703
1611,1,Fast,0.4654310941696167,911,677
1612,1,Fast,0.8631412386894226,912,921
1612,1,Fast,0.5900236964225769,940,656
1612,1,Fast,0.5589268803596497,865,931
1612,1,Fast,0.5571698546409607,909,672
1612,2,Slow,0.5457028150558472,966,643
1612,1,Fast,0.4524640738964081,814,707
1612,1,Fast,0.3667686879634857,848,681
1613,1,Fast,0.8663561940193176,914,928
1613,1,Fast,0.755042314529419,866,938
1613,1,Fast,0.5443971753120422,938,652
1613,1,Fast,0.48287439346313477,813,711
1613,1,Fast,0.4764274060726166,964,640
1613,1,Fast,0.4389556646347046,847,686
1614,1,Fast,0.8693577647209167,916,935
1614,1,Fast,0.8105035424232483,868,945
1614,1,Fast,0.6476134657859802,937,649
1614,1,Fast,0.6038608551025391,848,690
1614,1,Fast,0.38857296109199524,906,662
1615,1,Fast,0.8788532018661499,919,943
1615,1,Fast,0.8254754543304443,869,952
1615,1,Fast,0.6397714614868164,937,645
1615,1,Fast,0.49077802896499634,849,695
1615,1,Fast,0.393769234418869,815,716
1615,1,Fast,0.37992507219314575,904,657
1616,1,Fast,0.8766489028930664,921,951
1616,1,Fast,0.8414198756217957,871,959
1616,1,Fast,0.6322083473205566,851,700
1616,1,Fast,0.622853696346283,935,643
1616,2,Slow,0.4764138162136078,961,633
1616,1,Fast,0.30989858508110046,905,654
1617,1,Fast,0.8764193058013916,923,959
1617,1,Fast,0.845241367816925,874,965
1617,1,Fast,0.8030151724815369,851,704
1617,1,Fast,0.6408252716064453,935,639
1617,1,Fast,0.5149005055427551,903,649
1617,1,Fast,0.42547279596328735,815,725
1618,1,Fast,0.877607524394989,926,967
1618,1,Fast,0.8608723878860474,876,972
1618,1,Fast,0.6946462392807007,852,709
1618,1,Fast,0.6539088487625122,934,635
1618,1,Fast,0.416568785905838,959,626
1618,1,Fast,0.33761996030807495,902,646
1618,1,Fast,0.3181699812412262,816,729
1619,1,Fast,0.8848314881324768,878,978
1619,1,Fast,0.8767397403717041,928,975
1619,1,Fast,0.6974276304244995,853,714
1619,1,Fast,0.5986344218254089,931,632
1619,1,Fast,0.4395427405834198,817,733
1620,1,Fast,0.8644984364509583,880,985
1620,1,Fast,0.8644171953201294,931,984
1620,1,Fast,0.5680060982704163,901,636
1620,1,Fast,0.5360112190246582,908,538
1620,1,Fast,0.535705029964447,931,628
1620,1,Fast,0.435784250497818,959,621
1620,1,Fast,0.4321979582309723,854,720
1620,1,Fast,0.4318392276763916,817,738
1621,1,Fast,0.8707561492919922,934,991
1621,1,Fast,0.8651798963546753,882,992
1621,1,Fast,0.5638695955276489,958,619
1621,1,Fast,0.3778468668460846,930,625
1621,1,Fast,0.3679930567741394,899,633
1622,1,Fast,0.8246661424636841,884,1000
1622,1,Fast,0.744312047958374,937,1000
1622,1,Fast,0.5524317026138306,899,628
1622,1,Fast,0.3267483413219452,931,620
1623,1,Fast,0.8572685122489929,940,1009
1623,1,Fast,0.8157981038093567,887,1007
1623,1,Fast,0.47431114315986633,859,736
1624,1,Fast,0.8382907509803772,943,1018
1624,1,Fast,0.7735015153884888,888,1015
1624,1,Fast,0.5173527598381042,823,755
1624,1,Fast,0.4949834942817688,861,741
1624,2,Slow,0.42217427492141724,954,608
1624,1,Fast,0.37952569127082825,961,828
1625,1,Fast,0.8680916428565979,946,1027
1625,1,Fast,0.7016288042068481,890,1022
1625,1,Fast,0.5561105012893677,960,822
1625,1,Fast,0.49085885286331177,928,610
1625,1,Fast,0.4459550976753235,823,760
1625,2,Slow,0.3631976544857025,953,606
1626,1,Fast,0.860926628112793,949,1036
1626,1,Fast,0.612878680229187,927,607
1626,1,Fast,0.5573651194572449,892,1031
1626,1,Fast,0.4592639207839966,895,611
1626,1,Fast,0.40965065360069275,958,816
1627,1,Fast,0.84522944688797,952,1045
1627,1,Fast,0.8229565620422363,894,1038
1627,1,Fast,0.4378338158130646,952,600
1627,1,Fast,0.30256128311157227,927,603
1628,1,Fast,0.8585780262947083,955,1053
1628,1,Fast,0.6608259081840515,896,1047
1628,1,Fast,0.48045748472213745,952,598
1628,1,Fast,0.3711419701576233,925,600
1629,1,Fast,0.6770741939544678,952,797
1629,1,Fast,0.6023608446121216,952,595
1629,1,Fast,0.4535565972328186,898,1054
1629,1,Fast,0.417935311794281,894,598
1629,1,Fast,0.4050448536872864,961,1059
1629,1,Fast,0.3213157653808594,868,769
1630,1,Fast,0.4792200028896332,923,594
1630,2,Slow,0.45260727405548096,950,592
1630,1,Fast,0.31960541009902954,965,1063
1631,1,Fast,0.6847842335700989,948,787
1631,1,Fast,0.3452388048171997,969,1068
1631,2,Slow,0.31323182582855225,950,589
1632,1,Fast,0.5764148235321045,830,791
1632,1,Fast,0.49299356341362,948,587
1632,1,Fast,0.4136165976524353,871,788
1632,1,Fast,0.33684471249580383,946,780
1633,1,Fast,0.5450712442398071,947,584
1633,1,Fast,0.5359286665916443,944,774
1633,1,Fast,0.5056791305541992,888,582
1633,1,Fast,0.36123138666152954,831,796
1634,1,Fast,0.6328529119491577,874,800
1634,2,Slow,0.6128628253936768,947,581
1634,1,Fast,0.60855633020401,942,769
1634,1,Fast,0.43227332830429077,830,800
1634,1,Fast,0.4170288145542145,887,579
1635,2,Slow,0.6775806546211243,945,578
1635,1,Fast,0.5611502528190613,919,577
1635,1,Fast,0.50959312915802,885,575
1636,2,Slow,0.722347617149353,945,576
1636,1,Fast,0.3357347548007965,833,810
1636,1,Fast,0.3034791648387909,885,572
1637,2,Slow,0.6679853200912476,945,575
1637,1,Fast,0.647508978843689,885,568
1637,1,Fast,0.6060850620269775,834,814
1637,1,Fast,0.4236021041870117,990,826
1637,1,Fast,0.3352190852165222,815,683
1638,1,Fast,0.5112197399139404,835,819
1638,1,Fast,0.44876667857170105,987,912
1639,1,Fast,0.5612000226974487,884,561
1639,2,Slow,0.47189199924468994,842,627
1639,1,Fast,0.43010950088500977,838,824
1639,1,Fast,0.4241068661212921,917,566
1639,1,Fast,0.4143715500831604,985,906
1639,1,Fast,0.3795202672481537,816,690
1640,1,Fast,0.7681253552436829,982,899
1640,1,Fast,0.7486147880554199,838,830
1640,1,Fast,0.6227147579193115,940,566
1640,1,Fast,0.5202880501747131,883,558
1640,2,Slow,0.44732657074928284,842,631
1640,1,Fast,0.382388710975647,916,563
1641,1,Fast,0.6959688067436218,940,563
1641,1,Fast,0.6442006230354309,840,835
1641,1,Fast,0.6240266561508179,819,697
1641,1,Fast,0.5689603686332703,980,892
1641,1,Fast,0.45791593194007874,882,553
1642,1,Fast,0.6514769792556763,977,886
1642,1,Fast,0.512138843536377,882,551
1642,2,Slow,0.4252520501613617,843,640
1642,1,Fast,0.3973529636859894,939,561
1642,1,Fast,0.3717110753059387,930,726
1643,1,Fast,0.7485690116882324,939,559
1643,1,Fast,0.5821681618690491,928,722
1643,1,Fast,0.4404868185520172,881,547
1643,1,Fast,0.3341623842716217,975,878
1643,1,Fast,0.33105459809303284,889,861
1644,1,Fast,0.6747714877128601,939,556
1644,1,Fast,0.6571844220161438,881,543
1644,1,Fast,0.609183669090271,891,868
1644,1,Fast,0.5897124409675598,927,717
1644,1,Fast,0.4912523925304413,843,849
1644,1,Fast,0.3861445486545563,977,790
1645,1,Fast,0.6321913003921509,881,540
1645,1,Fast,0.6071524024009705,970,866
1645,1,Fast,0.5255931615829468,893,875
1645,1,Fast,0.5072974562644958,926,711
1645,1,Fast,0.4876444339752197,939,554
1645,1,Fast,0.37385761737823486,912,547
1645,1,Fast,0.33984407782554626,845,855
1646,1,Fast,0.7461447715759277,845,859
1646,1,Fast,0.622105598449707,880,537
1646,1,Fast,0.5821765065193176,924,707
1646,1,Fast,0.578635573387146,938,552
1646,1,Fast,0.5039631724357605,894,883
1646,1,Fast,0.36206769943237305,966,860
1646,1,Fast,0.30691924691200256,974,780
1647,1,Fast,0.7236349582672119,846,864
1647,1,Fast,0.6016033291816711,880,535
1647,1,Fast,0.5866516828536987,938,549
1647,1,Fast,0.37149348855018616,972,775
1647,1,Fast,0.3565160036087036,923,701
1647,1,Fast,0.33257728815078735,911,541
1647,1,Fast,0.31773102283477783,964,853
1648,1,Fast,0.8167757391929626,847,870
1648,1,Fast,0.6403021216392517,880,531
1648,1,Fast,0.5900453925132751,898,898
1648,1,Fast,0.4617239534854889,921,696
1648,1,Fast,0.41574251651763916,937,547
1648,1,Fast,0.39106184244155884,911,539
1648,1,Fast,0.3716995120048523,970,771
1649,1,Fast,0.8218615055084229,849,875
1649,1,Fast,0.6726601719856262,901,906
1649,1,Fast,0.6284787058830261,921,691
1649,1,Fast,0.5297625660896301,823,728
1649,1,Fast,0.42399829626083374,937,544
1650,1,Fast,0.8121403455734253,850,881
1650,1,Fast,0.7288153767585754,936,543
1650,1,Fast,0.4246545135974884,959,834
1650,1,Fast,0.4005890488624573,824,731
1650,1,Fast,0.3944196105003357,910,534
1650,1,Fast,0.37023451924324036,919,687
1650,1,Fast,0.3512948751449585,904,913
1651,1,Fast,0.8043308854103088,852,888
1651,1,Fast,0.7349626421928406,935,541
1651,1,Fast,0.7096715569496155,879,522
1651,1,Fast,0.6070563793182373,958,829
1651,1,Fast,0.5232231020927429,918,683
1651,1,Fast,0.5176304578781128,910,532
1652,1,Fast,0.8040580153465271,854,894
1652,1,Fast,0.7850823998451233,934,538
1652,1,Fast,0.6535152196884155,917,679
1652,1,Fast,0.531624972820282,955,822
1652,1,Fast,0.530390202999115,826,740
1653,1,Fast,0.8337939381599426,934,536
1653,1,Fast,0.7363691329956055,855,899
1653,1,Fast,0.6155438423156738,954,817
1653,1,Fast,0.5872636437416077,880,516
1653,1,Fast,0.5388017892837524,827,743
1653,1,Fast,0.39780086278915405,916,674
1653,1,Fast,0.34468650817871094,911,937
1654,1,Fast,0.847038209438324,934,534
1654,1,Fast,0.7208544015884399,952,810
1654,1,Fast,0.6969156265258789,856,905
1654,1,Fast,0.5034894347190857,914,670
1654,1,Fast,0.4938386380672455,894,462
1654,1,Fast,0.38145217299461365,880,513
1654,1,Fast,0.365547776222229,962,742
1654,1,Fast,0.3177296817302704,828,748
1655,1,Fast,0.8321149349212646,933,532
1655,1,Fast,0.7951701879501343,950,804
1655,1,Fast,0.5408738851547241,858,910
1655,1,Fast,0.5393118858337402,879,510
1655,1,Fast,0.5041218996047974,828,753
1655,1,Fast,0.490164577960968,913,665
1655,1,Fast,0.44711172580718994,916,954
1655,1,Fast,0.4270830452442169,893,460
1656,1,Fast,0.8482238054275513,948,800
1656,1,Fast,0.7969725728034973,933,531
1656,1,Fast,0.7034544348716736,919,963
1656,1,Fast,0.6908636689186096,830,758
1656,1,Fast,0.6453148722648621,817,696
1656,1,Fast,0.5854551196098328,906,519
1656,1,Fast,0.42836371064186096,960,736
1656,1,Fast,0.39429229497909546,879,507
1656,1,Fast,0.39064881205558777,912,661
1656,1,Fast,0.3180854618549347,894,458
1656,1,Fast,0.30433475971221924,859,916
1657,1,Fast,0.8519802093505859,947,795
1657,1,Fast,0.7708322405815125,932,528
1657,1,Fast,0.6797093749046326,878,505
1657,1,Fast,0.550845205783844,906,517
1657,1,Fast,0.45647552609443665,817,700
1658,1,Fast,0.8561374545097351,946,789
1658,1,Fast,0.7803334593772888,932,525
1658,1,Fast,0.6477011442184448,878,502
1659,1,Fast,0.8485054969787598,944,784
1659,1,Fast,0.7725644707679749,931,523
1659,1,Fast,0.5329068303108215,878,499
1659,1,Fast,0.34320133924484253,819,707
1659,1,Fast,0.3214837908744812,957,722
1660,1,Fast,0.7866253852844238,943,778
1660,1,Fast,0.7820591926574707,931,521
1660,1,Fast,0.47534796595573425,878,495
1660,1,Fast,0.40139031410217285,906,643
1660,1,Fast,0.3677455484867096,866,940
1660,1,Fast,0.34898728132247925,955,718
1661,1,Fast,0.8684021234512329,941,773
1661,1,Fast,0.7695460319519043,931,520
1661,1,Fast,0.7195849418640137,867,947
1661,1,Fast,0.5171831846237183,876,493
1661,1,Fast,0.4105928838253021,906,506
1661,1,Fast,0.3611437976360321,905,640
1662,1,Fast,0.859054684638977,939,767
1662,1,Fast,0.7543826103210449,930,518
1662,1,Fast,0.7242217659950256,869,953
1662,1,Fast,0.7051485776901245,952,710
1662,1,Fast,0.5515210032463074,936,1019
1662,1,Fast,0.5435739159584045,905,504
1663,1,Fast,0.7705458998680115,871,959
1663,1,Fast,0.7207273840904236,930,516
1663,1,Fast,0.6349580883979797,950,706
1663,1,Fast,0.525567352771759,904,502
1663,1,Fast,0.410029798746109,937,762
1663,1,Fast,0.3249134123325348,892,443
1664,1,Fast,0.7911258339881897,873,966
1664,1,Fast,0.7346852421760559,935,757
1664,1,Fast,0.7314120531082153,948,702
1664,1,Fast,0.7212549448013306,929,514
1664,1,Fast,0.35562190413475037,836,791
1664,1,Fast,0.3307242691516876,892,441
1665,1,Fast,0.8030385375022888,934,751
1665,1,Fast,0.7406091690063477,928,512
1665,1,Fast,0.7319445610046387,947,698
1665,1,Fast,0.6289973258972168,875,972
1665,1,Fast,0.3866978585720062,892,440
1665,1,Fast,0.32991352677345276,837,795
1666,1,Fast,0.8148705363273621,932,747
1666,1,Fast,0.7620301842689514,876,980
1666,1,Fast,0.6895796060562134,928,511
1666,1,Fast,0.657859206199646,946,693
1666,1,Fast,0.4811742901802063,838,801
1666,1,Fast,0.40026989579200745,892,438
1667,1,Fast,0.7904840707778931,927,508
1667,1,Fast,0.7772757411003113,931,743
1667,1,Fast,0.6856279969215393,878,986
1667,1,Fast,0.5376004576683044,945,689
1667,1,Fast,0.4691511392593384,840,807
1667,1,Fast,0.33834630250930786,892,436
1668,1,Fast,0.7392740845680237,927,506
1668,1,Fast,0.709587812423706,842,811
1668,1,Fast,0.6242753863334656,880,993
1668,1,Fast,0.5863953828811646,944,686
1668,1,Fast,0.5194922685623169,929,737
1669,1,Fast,0.7833250761032104,926,504
1669,1,Fast,0.7178559899330139,842,817
1669,1,Fast,0.6300573945045471,942,682
1669,1,Fast,0.48820093274116516,901,488
1669,1,Fast,0.3697209060192108,882,999
1670,1,Fast,0.8068059086799622,926,503
1670,1,Fast,0.7206655144691467,896,605
1670,1,Fast,0.6227734684944153,826,754
1670,1,Fast,0.5859098434448242,892,430
1670,1,Fast,0.5239444375038147,941,678
1670,1,Fast,0.44668492674827576,902,485
1671,1,Fast,0.8182808756828308,926,500
1671,1,Fast,0.7911356091499329,827,757
1671,1,Fast,0.5955247282981873,939,675
1671,1,Fast,0.528670072555542,892,428
1671,1,Fast,0.4260443150997162,896,601
1672,1,Fast,0.7883789539337158,926,499
1672,1,Fast,0.7807903289794922,828,762
1672,1,Fast,0.48808184266090393,895,598
1672,1,Fast,0.42466920614242554,892,427
1673,1,Fast,0.7933465242385864,829,767
1673,1,Fast,0.6912034749984741,926,496
1673,1,Fast,0.533182680606842,921,712
1673,1,Fast,0.3271000385284424,938,666
1674,1,Fast,0.7468954920768738,830,771
1674,1,Fast,0.6591823697090149,926,494
1675,1,Fast,0.7033481001853943,831,775
1675,1,Fast,0.6753377318382263,925,492
1676,1,Fast,0.5417047142982483,832,779
1677,1,Fast,0.8116999268531799,916,694
1677,1,Fast,0.7412281632423401,834,785
1677,1,Fast,0.3942474126815796,934,651
1678,1,Fast,0.8142560720443726,835,788
1678,1,Fast,0.7603136301040649,915,690
1678,1,Fast,0.6070780158042908,1124,1000
1679,1,Fast,0.746688961982727,914,686
1679,1,Fast,0.6615153551101685,836,792
1680,1,Fast,0.7505044937133789,913,683
1680,1,Fast,0.6833587884902954,855,873
1680,1,Fast,0.5576801300048828,836,797
1681,1,Fast,0.7302687764167786,912,678
1681,1,Fast,0.6508639454841614,837,802
1681,1,Fast,0.3902071714401245,890,566
1682,1,Fast,0.7237036228179932,911,674
1682,1,Fast,0.6319395303726196,838,807
1682,1,Fast,0.44152799248695374,859,886
1683,1,Fast,0.7717015147209167,839,812
1683,1,Fast,0.5855910181999207,910,669
1684,1,Fast,0.8221919536590576,840,817
1684,1,Fast,0.4784531593322754,909,665
1684,1,Fast,0.39689743518829346,928,628
1685,1,Fast,0.8433579206466675,841,822
1685,1,Fast,0.49922728538513184,907,660
1686,1,Fast,0.8076034188270569,842,828
1686,1,Fast,0.6287500858306885,926,620
1687,1,Fast,0.815243661403656,843,832
1687,1,Fast,0.4195919930934906,905,652
1687,1,Fast,0.3214830756187439,925,618
1688,1,Fast,0.8179306387901306,845,838
1688,1,Fast,0.6229009032249451,904,649
1689,1,Fast,0.8037024140357971,846,843
1689,1,Fast,0.5529598593711853,923,611
1689,1,Fast,0.4504263997077942,903,645
1689,1,Fast,0.39216551184654236,868,926
1690,1,Fast,0.8404312133789062,847,848
1690,1,Fast,0.7142394781112671,923,608
1690,1,Fast,0.36289554834365845,902,642
1690,1,Fast,0.35523563623428345,870,931
1691,1,Fast,0.8666363954544067,849,852
1691,1,Fast,0.6391292214393616,923,605
1691,1,Fast,0.5572500824928284,902,638
1691,1,Fast,0.3686324954032898,872,937
1692,1,Fast,0.8662368059158325,850,858
1692,1,Fast,0.38606521487236023,901,634
1692,1,Fast,0.32664909958839417,873,945
1693,1,Fast,0.8651860952377319,851,863
1693,1,Fast,0.5654032826423645,874,951
1693,1,Fast,0.47907668352127075,900,630
1694,1,Fast,0.8738310933113098,852,869
1694,1,Fast,0.47371426224708557,875,957
1694,1,Fast,0.454571008682251,1083,917
1694,1,Fast,0.37275177240371704,900,626
1695,1,Fast,0.8658156991004944,854,874
1695,1,Fast,0.732825517654419,877,965
1695,1,Fast,0.7226795554161072,1080,913
1695,1,Fast,0.5335230231285095,900,622
1696,1,Fast,0.8670883178710938,855,880
1696,1,Fast,0.7691152691841125,1079,908
1696,1,Fast,0.6883410215377808,878,972
1696,1,Fast,0.4356299936771393,898,618
1697,1,Fast,0.8758134841918945,856,886
1697,1,Fast,0.7415362596511841,1076,904
1697,1,Fast,0.7398581504821777,880,978
1697,1,Fast,0.3044840097427368,916,586
1698,1,Fast,0.8672493696212769,858,892
1698,1,Fast,0.6413331031799316,1076,899
1698,1,Fast,0.4610642194747925,882,986
1699,1,Fast,0.8783321976661682,859,898
1699,1,Fast,0.6617359519004822,884,993
1699,1,Fast,0.5242526531219482,1074,894
1699,1,Fast,0.4598439633846283,896,607
1699,2,Slow,0.3010132908821106,915,579
1700,1,Fast,0.8826268911361694,861,904
1701,1,Fast,0.8835660815238953,862,910
1701,1,Fast,0.608336865901947,1069,885
1702,1,Fast,0.8762320280075073,864,915
1702,1,Fast,0.300298810005188,913,568
1703,1,Fast,0.8552513718605042,866,922
1703,1,Fast,0.6679840683937073,1065,876
1703,1,Fast,0.5710439682006836,932,740
1704,1,Fast,0.8630680441856384,868,927
1704,1,Fast,0.5083341002464294,891,589
1705,1,Fast,0.8624392747879028,869,933
1705,1,Fast,0.33607256412506104,890,586
1706,1,Fast,0.8613119125366211,870,940
1707,1,Fast,0.8681083917617798,872,946
1708,1,Fast,0.8586481809616089,873,953
1708,1,Fast,0.4194130301475525,889,575
1709,1,Fast,0.8585740923881531,875,960
1709,1,Fast,0.620892345905304,923,710
1710,1,Fast,0.816037118434906,877,966
1711,1,Fast,0.7937917709350586,878,974
1711,1,Fast,0.3918990194797516,1051,842
1712,1,Fast,0.851020872592926,880,980
1712,1,Fast,0.3902096152305603,888,562
1713,1,Fast,0.7479028105735779,882,987
1713,1,Fast,0.6303863525390625,887,559
1714,1,Fast,0.8685898780822754,884,994
1714,1,Fast,0.33414411544799805,886,556
1715,1,Fast,0.8456313610076904,887,1001
1716,1,Fast,0.8752683997154236,889,1008
1717,1,Fast,0.8444568514823914,890,1015
1718,1,Fast,0.8637902140617371,892,1022
1719,1,Fast,0.8505156636238098,894,1030
1719,2,Slow,0.42141205072402954,1036,809
1720,1,Fast,0.8722260594367981,896,1038
1721,1,Fast,0.6966609358787537,898,1046
1722,1,Fast,0.6723512411117554,901,1053
1723,1,Fast,0.7320199012756348,904,1057
1724,1,Fast,0.582929790019989,907,1061
1729,1,Fast,0.5756343603134155,897,623
1730,1,Fast,0.7095847129821777,897,619
1731,1,Fast,0.35382306575775146,896,615
1732,1,Fast,0.3675025701522827,895,611
1734,1,Fast,0.3703445494174957,894,604
1735,2,Slow,0.5944533348083496,1007,749
1736,2,Slow,0.4910896122455597,1006,746
1750,2,Slow,0.5433283448219299,990,701
1759,2,Slow,0.48896491527557373,979,671
1760,2,Slow,0.49837398529052734,978,668
1766,1,Fast,0.3692995309829712,854,708
1767,2,Slow,0.5309208035469055,972,651
1767,1,Fast,0.41700485348701477,1000,824
1768,1,Fast,0.4799128472805023,856,719
1771,1,Fast,0.35318392515182495,860,737
1772,1,Fast,0.5186187624931335,991,796
1772,1,Fast,0.3251749277114868,861,743
1773,1,Fast,0.4867134094238281,989,792
1773,1,Fast,0.4161560535430908,863,749
1774,1,Fast,0.5245250463485718,864,755
1774,1,Fast,0.3089714050292969,986,787
1775,1,Fast,0.44980916380882263,866,761
1776,1,Fast,0.46990078687667847,868,768
1777,1,Fast,0.42718222737312317,869,774
1778,1,Fast,0.5945839285850525,871,780
1779,1,Fast,0.3792283833026886,977,761
1779,1,Fast,0.3729759156703949,872,787
1780,1,Fast,0.6394727230072021,873,794
1781,1,Fast,0.6335524320602417,875,801
1781,1,Fast,0.35947635769844055,974,751
1782,1,Fast,0.4991503059864044,877,807
1783,1,Fast,0.38629308342933655,878,814
1783,1,Fast,0.30104169249534607,970,742
1784,1,Fast,0.6850032210350037,969,736
1784,1,Fast,0.5723589062690735,881,821
1785,1,Fast,0.52777099609375,883,829
1785,1,Fast,0.3848128020763397,967,733
1786,1,Fast,0.834004282951355,885,836
1786,1,Fast,0.4898345172405243,965,728
1787,1,Fast,0.8232662677764893,887,843
1787,1,Fast,0.6773155927658081,963,723
1788,1,Fast,0.8443957567214966,889,851
1788,1,Fast,0.6979602575302124,962,719
1789,1,Fast,0.862705647945404,891,859
1789,1,Fast,0.7570682764053345,960,714
1790,1,Fast,0.8668102025985718,892,866
1790,1,Fast,0.7760420441627502,958,710
1791,1,Fast,0.8297221660614014,895,874
1791,1,Fast,0.7191702723503113,957,705
1792,1,Fast,0.8311131596565247,897,881
1792,1,Fast,0.7238584160804749,955,701
1793,1,Fast,0.840329110622406,900,890
1793,1,Fast,0.6111236214637756,954,697
1794,1,Fast,0.7432702779769897,953,692
1794,1,Fast,0.6968646049499512,902,898
1795,1,Fast,0.652995765209198,951,688
1795,1,Fast,0.5400427579879761,904,906
1796,1,Fast,0.6668508648872375,950,685
1797,1,Fast,0.6911640167236328,910,923
1797,1,Fast,0.684146523475647,949,681
1798,1,Fast,0.7767787575721741,947,677
1798,1,Fast,0.5452979803085327,913,932
1799,1,Fast,0.7817710041999817,946,673
1799,1,Fast,0.44388294219970703,915,941
1800,1,Fast,0.8056527376174927,918,950
1800,1,Fast,0.7246861457824707,945,669
1801,1,Fast,0.6831281185150146,944,665
1801,1,Fast,0.6826782822608948,921,959
1802,1,Fast,0.6295899748802185,942,661
1802,1,Fast,0.6182309985160828,924,969
1803,1,Fast,0.7099789381027222,942,657
1803,1,Fast,0.49394088983535767,927,979
1804,1,Fast,0.7519254088401794,940,654
1804,1,Fast,0.39117947220802307,930,988
1805,1,Fast,0.7535446286201477,940,650
1805,1,Fast,0.6491804122924805,933,998
1806,1,Fast,0.7302073836326599,939,646
1806,1,Fast,0.4713003635406494,936,1008
1807,1,Fast,0.5316659212112427,938,642
1808,1,Fast,0.38389432430267334,937,638
1808,1,Fast,0.3003961145877838,942,1029
1810,1,Fast,0.5386462211608887,934,631
1811,1,Fast,0.49889707565307617,933,628
1812,1,Fast,0.6978181004524231,931,625
1813,1,Fast,0.644257664680481,931,621
1814,1,Fast,0.7135785818099976,930,618
1815,1,Fast,0.7264564633369446,929,614
1816,1,Fast,0.756752610206604,928,611
1817,1,Fast,0.7329735159873962,927,607
1818,1,Fast,0.7636744976043701,926,603
1819,1,Fast,0.7377145290374756,926,600
1820,1,Fast,0.556273877620697,924,597
1821,1,Fast,0.3594721555709839,923,594
1822,1,Fast,0.5869464874267578,923,590
1823,1,Fast,0.6876316070556641,922,587
1824,1,Fast,0.7362280488014221,921,584
1825,1,Fast,0.6033004522323608,920,581
1826,1,Fast,0.7031260132789612,919,578
1827,1,Fast,0.5226918458938599,919,573
1828,1,Fast,0.4968562424182892,918,571
1829,1,Fast,0.640577495098114,917,567
1830,1,Fast,0.6916617155075073,916,564
1831,1,Fast,0.6297586560249329,916,561
1832,1,Fast,0.5824467539787292,915,558
1833,1,Fast,0.462708443403244,914,556
1834,1,Fast,0.6427973508834839,914,553
1834,1,Fast,0.63314288854599,931,505
1835,1,Fast,0.5970986485481262,914,551
1835,1,Fast,0.37458914518356323,931,504
1836,1,Fast,0.5955644845962524,931,502
1836,1,Fast,0.5569528937339783,914,548
1837,1,Fast,0.5614101886749268,930,500
1838,1,Fast,0.5148298144340515,912,542
1838,1,Fast,0.37258321046829224,887,841
1839,1,Fast,0.5375544428825378,912,538
1840,1,Fast,0.6919459700584412,911,536
1841,1,Fast,0.6417888402938843,910,533
1842,1,Fast,0.5426445603370667,910,531
1852,1,Fast,0.6397237777709961,1135,1027
1852,1,Fast,0.30246785283088684,922,955
1853,1,Fast,0.7065037488937378,1131,1020
1854,1,Fast,0.36635202169418335,1129,1015
1854,1,Fast,0.3644746243953705,907,499
1855,1,Fast,0.8521822094917297,1126,1008
1856,1,Fast,0.8156604766845703,1122,1002
1856,1,Fast,0.3930937349796295,933,994
1857,1,Fast,0.8409104347229004,1119,995
1858,1,Fast,0.8356379270553589,1117,989
1859,1,Fast,0.7816540598869324,1114,984
1859,1,Fast,0.3341752290725708,904,489
1860,1,Fast,0.8575254678726196,1111,978
1861,1,Fast,0.7384786605834961,1108,973
1862,1,Fast,0.5862642526626587,1105,967
1863,1,Fast,0.7630074620246887,1103,960
1864,1,Fast,0.643793523311615,1100,955
1865,1,Fast,0.7087441682815552,1097,949
1866,1,Fast,0.8406857848167419,1095,943
1867,1,Fast,0.7388472557067871,1093,938
1868,1,Fast,0.8658528327941895,1090,932
1869,1,Fast,0.8511492013931274,1087,927
1870,1,Fast,0.7544648051261902,1085,922
1871,1,Fast,0.7954691648483276,1082,917
1872,1,Fast,0.8175770044326782,1079,911
1873,1,Fast,0.792817234992981,1077,906
1874,1,Fast,0.8203181028366089,1075,901
1875,1,Fast,0.7954060435295105,1072,895
1876,1,Fast,0.8479920625686646,1070,891
1877,1,Fast,0.8536568880081177,1068,886
1878,1,Fast,0.8452513813972473,1065,881
1879,1,Fast,0.8354005813598633,1063,876
1879,1,Fast,0.6982566714286804,1054,1056
1879,1,Fast,0.35929059982299805,1171,1071
1880,1,Fast,0.8445597887039185,1061,870
1880,1,Fast,0.5916116833686829,1049,1046
1881,1,Fast,0.7574618458747864,1060,865
1881,1,Fast,0.713542103767395,1045,1035
1882,1,Fast,0.7915398478507996,1040,1026
1882,1,Fast,0.6864205002784729,1058,860
1883,1,Fast,0.8349402546882629,1056,857
1883,1,Fast,0.8108852505683899,1036,1015
1884,1,Fast,0.8478541374206543,1032,1005
1884,1,Fast,0.6410539746284485,1054,852
1885,1,Fast,0.818327009677887,1029,997
1885,1,Fast,0.48312991857528687,1052,847
1886,1,Fast,0.8317315578460693,1050,842
1886,1,Fast,0.8291088342666626,1026,987
1887,1,Fast,0.8549260497093201,1048,837
1887,1,Fast,0.8176435828208923,1023,979
1888,1,Fast,0.8489946722984314,1047,832
1888,1,Fast,0.7252225875854492,1019,970
1889,1,Fast,0.8717334270477295,1044,828
1889,1,Fast,0.6350434422492981,1014,961
1889,2,Slow,0.5253617167472839,987,779
1890,1,Fast,0.8790149688720703,1042,824
1890,1,Fast,0.7921600937843323,1012,950
1890,2,Slow,0.31237655878067017,986,773
1891,1,Fast,0.8369375467300415,1039,820
1891,1,Fast,0.7499763369560242,1009,942
1892,1,Fast,0.774784505367279,1005,935
1892,1,Fast,0.7733043432235718,1037,815
1893,1,Fast,0.8396763205528259,1035,810
1893,1,Fast,0.7924033999443054,1003,926
1894,1,Fast,0.8260184526443481,999,918
1894,1,Fast,0.8235857486724854,1034,806
1895,1,Fast,0.7729048132896423,1032,802
1895,1,Fast,0.7721017003059387,996,910
1896,1,Fast,0.8153143525123596,1031,797
1896,1,Fast,0.5375707745552063,993,903
1897,1,Fast,0.7873887419700623,1030,794
1897,1,Fast,0.6301472187042236,991,894
1898,1,Fast,0.7199310064315796,988,887
1898,1,Fast,0.4876166582107544,1029,790
1898,2,Slow,0.423978716135025,983,665
1899,1,Fast,0.7974100112915039,984,879
1899,1,Fast,0.3290739059448242,1034,1014
1899,2,Slow,0.3075915277004242,982,663
1900,1,Fast,0.7923880219459534,982,871
1900,1,Fast,0.7049859166145325,1024,782
1900,1,Fast,0.3591457009315491,1029,1004
1901,1,Fast,0.7907664775848389,980,863
1901,1,Fast,0.6706991195678711,1021,778
1902,1,Fast,0.804050087928772,977,857
1902,1,Fast,0.716702938079834,1020,773
1902,2,Slow,0.36925485730171204,978,653
1903,1,Fast,0.7887438535690308,974,849
1903,1,Fast,0.7879998683929443,1019,769
1904,1,Fast,0.829868495464325,1018,765
1904,1,Fast,0.8113154172897339,972,843
1904,1,Fast,0.3320586681365967,957,701
1905,1,Fast,0.8527502417564392,970,835
1905,1,Fast,0.8187805414199829,1017,762
1905,2,Slow,0.37330904603004456,976,643
1906,1,Fast,0.8680757284164429,968,828
1906,1,Fast,0.7452086210250854,1015,758
1906,1,Fast,0.33513301610946655,1008,948
1907,1,Fast,0.8589507937431335,966,821
1907,1,Fast,0.7292178273200989,1013,754
1907,2,Slow,0.3996390998363495,952,688
1908,1,Fast,0.8039460778236389,963,815
1908,1,Fast,0.786176860332489,1011,750
1909,1,Fast,0.8209666013717651,961,808
1909,1,Fast,0.7547717094421387,1009,746
1909,1,Fast,0.46532517671585083,998,924
1909,2,Slow,0.368119478225708,950,678
1910,1,Fast,0.8276558518409729,959,801
1910,1,Fast,0.6826898455619812,1008,742
1910,2,Slow,0.4131090044975281,950,672
1911,1,Fast,0.7794087529182434,1008,738
1911,1,Fast,0.7723894715309143,957,795
1912,1,Fast,0.8156504034996033,1006,736
1912,1,Fast,0.7887149453163147,954,789
1913,1,Fast,0.799151599407196,953,783
1913,1,Fast,0.7014341354370117,1004,732
1913,1,Fast,0.4394785761833191,1069,885
1914,1,Fast,0.8006770610809326,950,777
1914,1,Fast,0.553433895111084,1002,729
1914,1,Fast,0.33710530400276184,984,884
1915,1,Fast,0.8200132846832275,949,771
1915,1,Fast,0.7534893155097961,1000,725
1916,1,Fast,0.8043359518051147,998,721
1916,1,Fast,0.7975764870643616,948,765
1917,1,Fast,0.7840030193328857,946,759
1917,1,Fast,0.7706101536750793,997,717
1917,1,Fast,0.36952799558639526,977,861
1918,1,Fast,0.7697098255157471,944,752
1918,1,Fast,0.7553063035011292,996,714
1918,1,Fast,0.6675063371658325,973,854
1919,1,Fast,0.8193188905715942,942,746
1919,1,Fast,0.7754165530204773,996,710
1919,1,Fast,0.6445493698120117,971,847
1920,1,Fast,0.8053504824638367,994,707
1920,1,Fast,0.7369420528411865,940,740
1920,2,Slow,0.34474197030067444,937,631
1921,1,Fast,0.7732019424438477,992,705
1921,1,Fast,0.765247106552124,940,735
1922,1,Fast,0.7958715558052063,938,731
1922,1,Fast,0.7091151475906372,991,702
1922,2,Slow,0.5506424903869629,935,624
1923,1,Fast,0.7957136034965515,936,726
1923,1,Fast,0.6713552474975586,990,698
1924,1,Fast,0.7947722673416138,935,720
1924,1,Fast,0.671123743057251,989,693
1924,1,Fast,0.3418647050857544,1045,1055
1925,1,Fast,0.8034486174583435,933,715
1925,1,Fast,0.7523014545440674,988,691
1925,1,Fast,0.40174004435539246,958,804
1926,1,Fast,0.8262075781822205,987,688
1926,1,Fast,0.7498482465744019,932,711
1926,1,Fast,0.6863905787467957,1037,1034
1926,1,Fast,0.591251790523529,775,842
1926,1,Fast,0.4914267361164093,956,799
1926,1,Fast,0.38341355323791504,767,762
1927,1,Fast,0.8381720781326294,986,685
1927,1,Fast,0.7513478398323059,930,705
1927,1,Fast,0.6650850176811218,776,844
1927,1,Fast,0.6498607397079468,1031,1023
1927,1,Fast,0.45539844036102295,954,792
1928,1,Fast,0.8218883275985718,984,682
1928,1,Fast,0.7878276109695435,929,700
1928,1,Fast,0.7173047661781311,952,787
1928,1,Fast,0.5859732031822205,1027,1014
1928,1,Fast,0.5528728365898132,833,923
1929,1,Fast,0.8241060972213745,927,694
1929,1,Fast,0.7228469848632812,1024,1003
1929,1,Fast,0.7212713956832886,983,680
1929,1,Fast,0.7072309851646423,950,780
1930,1,Fast,0.8576751947402954,948,774
1930,1,Fast,0.808986246585846,926,688
1930,1,Fast,0.6410441398620605,982,676
1930,1,Fast,0.6087194681167603,1021,994
1931,1,Fast,0.8481819033622742,925,684
1931,1,Fast,0.772369384765625,946,767
1931,1,Fast,0.7620801329612732,980,673
1931,1,Fast,0.6653978228569031,1078,1006
1931,1,Fast,0.5242472887039185,1017,984
1931,2,Slow,0.3767758309841156,925,590
1932,1,Fast,0.8294901251792908,979,669
1932,1,Fast,0.8211539387702942,923,679
1932,1,Fast,0.7129813432693481,1073,996
1932,1,Fast,0.6645887494087219,944,762
1932,1,Fast,0.6244465112686157,1013,974
1932,1,Fast,0.5887206196784973,772,778
1933,1,Fast,0.8493936061859131,978,666
1933,1,Fast,0.7963401675224304,922,676
1933,1,Fast,0.7880898714065552,1070,988
1933,1,Fast,0.6784482002258301,1010,965
1933,1,Fast,0.6019397974014282,943,756
1934,1,Fast,0.8301861882209778,921,671
1934,1,Fast,0.826924741268158,978,663
1934,1,Fast,0.75785231590271,1066,980
1934,1,Fast,0.6812213063240051,1006,955
1934,1,Fast,0.46659326553344727,841,957
1934,2,Slow,0.4018785059452057,923,579
1934,1,Fast,0.32327568531036377,941,749
1935,1,Fast,0.8375483751296997,920,666
1935,1,Fast,0.8351739048957825,976,660
1935,1,Fast,0.8050549626350403,939,743
1935,1,Fast,0.699185848236084,842,964
1935,1,Fast,0.6391960382461548,1002,947
1935,1,Fast,0.4410301148891449,1062,972
1935,2,Slow,0.3245720863342285,922,576
1936,1,Fast,0.7992491126060486,919,662
1936,1,Fast,0.7945275902748108,975,657
1936,1,Fast,0.751946747303009,999,938
1936,1,Fast,0.6526626944541931,937,737
1936,1,Fast,0.5407955050468445,843,970
1936,1,Fast,0.3574106991291046,1058,963
1937,1,Fast,0.7969404458999634,974,654
1937,1,Fast,0.78597491979599,918,656
1937,1,Fast,0.625013530254364,996,930
1937,1,Fast,0.4941173195838928,935,733
1937,2,Slow,0.3205429017543793,922,568
1938,1,Fast,0.8045388460159302,917,652
1938,1,Fast,0.7514704465866089,973,651
1938,1,Fast,0.7359519600868225,993,922
1938,1,Fast,0.7240756750106812,933,727
1938,1,Fast,0.329241544008255,786,881
1939,1,Fast,0.820734441280365,971,648
1939,1,Fast,0.7657849788665771,916,647
1939,1,Fast,0.6886786222457886,989,913
1939,1,Fast,0.624516487121582,932,721
1939,2,Slow,0.4501313269138336,920,562
1940,1,Fast,0.8393081426620483,931,716
1940,1,Fast,0.8077459931373596,971,645
1940,1,Fast,0.7635902166366577,915,642
1940,1,Fast,0.750093400478363,986,905
1941,1,Fast,0.8506362438201904,929,711
1941,1,Fast,0.8332756757736206,970,642
1941,1,Fast,0.8229700922966003,913,639
1941,1,Fast,0.7608655095100403,982,896
1941,1,Fast,0.7120702862739563,1041,924
1941,2,Slow,0.43181347846984863,917,556
1942,1,Fast,0.8444972038269043,970,640
1942,1,Fast,0.8238784074783325,912,634
1942,1,Fast,0.786155641078949,928,705
1942,1,Fast,0.6976956129074097,980,889
1942,1,Fast,0.574484646320343,1038,916
1942,1,Fast,0.3060012459754944,853,1009
1943,1,Fast,0.7985703945159912,911,631
1943,1,Fast,0.770297110080719,977,881
1943,1,Fast,0.7694411277770996,969,637
1943,1,Fast,0.6000606417655945,927,700
1943,1,Fast,0.5995932221412659,855,1015
1943,2,Slow,0.4438602924346924,917,550
1943,1,Fast,0.3119368255138397,1035,908
1944,1,Fast,0.8633242845535278,925,694
1944,1,Fast,0.7833559513092041,975,874
1944,1,Fast,0.7111974358558655,909,627
1944,1,Fast,0.6952722072601318,967,634
1944,1,Fast,0.58498215675354,857,1022
1944,1,Fast,0.5311965346336365,1031,901
1945,1,Fast,0.8479698896408081,924,689
1945,1,Fast,0.7770860195159912,972,865
1945,1,Fast,0.7231655120849609,908,623
1945,1,Fast,0.5876550078392029,858,1031
1945,1,Fast,0.5181228518486023,1028,894
1945,1,Fast,0.4327431321144104,966,630
1946,1,Fast,0.8547301292419434,922,685
1946,1,Fast,0.7771973609924316,970,858
1946,1,Fast,0.7096464037895203,907,619
1946,1,Fast,0.4237106740474701,792,910
1946,1,Fast,0.313691109418869,1026,887
1946,2,Slow,0.30036306381225586,920,532
1947,1,Fast,0.8400471210479736,921,680
1947,1,Fast,0.808933675289154,967,850
1947,1,Fast,0.6618509292602539,906,614
1947,1,Fast,0.4682741165161133,793,914
1947,2,Slow,0.43554699420928955,919,533
1948,1,Fast,0.8027061820030212,965,844
1948,1,Fast,0.7786960005760193,905,609
1948,1,Fast,0.690299391746521,964,623
1948,1,Fast,0.6081116795539856,919,675
1948,1,Fast,0.5878809690475464,794,918
1948,2,Slow,0.3399791121482849,919,531
1949,1,Fast,0.8546698689460754,918,670
1949,1,Fast,0.7952383160591125,904,606
1949,1,Fast,0.7831759452819824,963,836
1949,1,Fast,0.7493986487388611,963,620
1949,1,Fast,0.7058026790618896,788,831
1949,1,Fast,0.6395782232284546,796,921
1950,1,Fast,0.8250389099121094,917,666
1950,1,Fast,0.8045886158943176,960,829
1950,1,Fast,0.7645158171653748,904,601
1950,1,Fast,0.7167437672615051,962,618
1950,1,Fast,0.7137177586555481,789,834
1950,1,Fast,0.3293197751045227,797,924
1951,1,Fast,0.7971137166023254,903,598
1951,1,Fast,0.7793179750442505,959,822
1951,1,Fast,0.755685031414032,917,661
1951,1,Fast,0.7503076791763306,791,837
1951,1,Fast,0.43800944089889526,961,616
1952,1,Fast,0.7801970839500427,902,595
1952,1,Fast,0.7767137289047241,916,657
1952,1,Fast,0.7764852643013,957,815
1952,1,Fast,0.667385458946228,960,612
1952,1,Fast,0.46403583884239197,791,843
1953,1,Fast,0.8263127207756042,915,652
1953,1,Fast,0.7671935558319092,954,808
1953,1,Fast,0.7306197881698608,901,591
1953,1,Fast,0.533656656742096,959,611
1954,1,Fast,0.8360090255737305,951,802
1954,1,Fast,0.7573131918907166,913,647
1954,1,Fast,0.6357941031455994,959,608
1954,1,Fast,0.5771416425704956,900,588
1954,1,Fast,0.5259367823600769,1004,832
1955,1,Fast,0.8321012854576111,951,795
1955,1,Fast,0.7822787165641785,912,642
1955,1,Fast,0.7583449482917786,958,604
1955,1,Fast,0.4217485785484314,900,583
1956,1,Fast,0.8480087518692017,948,789
1956,1,Fast,0.7239251732826233,912,638
1956,1,Fast,0.5345567464828491,958,603
1956,1,Fast,0.44897395372390747,804,949
1957,1,Fast,0.8224518895149231,946,781
1957,1,Fast,0.5277039408683777,958,600
1957,1,Fast,0.31105875968933105,911,634
1958,1,Fast,0.8477982878684998,944,776
1958,1,Fast,0.7643120884895325,806,957
1958,1,Fast,0.6313266754150391,958,597
1958,1,Fast,0.4859094023704529,899,572
1958,1,Fast,0.40820738673210144,799,863
1959,1,Fast,0.8373249173164368,943,770
1959,1,Fast,0.7293176054954529,807,961
1959,1,Fast,0.6162766218185425,898,567
1959,1,Fast,0.45742931962013245,801,868
1960,1,Fast,0.8212205767631531,941,764
1960,1,Fast,0.7243275046348572,898,564
1960,1,Fast,0.4994640052318573,808,964
1960,1,Fast,0.41174954175949097,908,622
1960,1,Fast,0.31294354796409607,802,871
1960,1,Fast,0.3080173432826996,956,592
1961,1,Fast,0.8429641723632812,939,757
1961,1,Fast,0.7296198606491089,898,562
1961,1,Fast,0.6076152324676514,802,875
1961,1,Fast,0.5605557560920715,955,589
1962,1,Fast,0.8288640975952148,937,751
1962,1,Fast,0.6771913766860962,897,559
1962,1,Fast,0.6431809067726135,804,878
1962,1,Fast,0.44853901863098145,986,784
1962,1,Fast,0.39152589440345764,954,586
1963,1,Fast,0.8242899179458618,935,745
1963,1,Fast,0.7531940937042236,805,882
1963,1,Fast,0.6045122742652893,954,584
1963,1,Fast,0.360540509223938,896,555
1964,1,Fast,0.8234501481056213,934,740
1964,1,Fast,0.6280456781387329,806,886
1964,1,Fast,0.5791640281677246,953,582
1964,1,Fast,0.5300374627113342,982,773
1964,1,Fast,0.33553218841552734,903,604
1965,1,Fast,0.8037579655647278,932,734
1965,1,Fast,0.6384371519088745,807,890
1965,1,Fast,0.5494484305381775,981,766
1965,1,Fast,0.5339376330375671,896,547
1965,1,Fast,0.4778333008289337,953,580
1966,1,Fast,0.799804151058197,930,728
1966,1,Fast,0.6675623059272766,816,991
1966,1,Fast,0.6379555463790894,978,762
1966,1,Fast,0.6119238138198853,808,894
1966,1,Fast,0.5320106148719788,952,578
1966,1,Fast,0.3307455778121948,895,544
1967,1,Fast,0.7594811916351318,928,722
1967,1,Fast,0.7537655830383301,810,899
1967,1,Fast,0.5943571925163269,951,575
1967,1,Fast,0.5161806344985962,976,756
1967,1,Fast,0.48427703976631165,817,995
1967,1,Fast,0.329765647649765,895,541
1968,1,Fast,0.7484445571899414,927,717
1968,1,Fast,0.7176900506019592,811,903
1968,1,Fast,0.644010603427887,951,572
1968,1,Fast,0.5373401045799255,894,538
1968,1,Fast,0.5254451632499695,973,749
1969,1,Fast,0.8318241238594055,925,712
1969,1,Fast,0.7270029187202454,894,535
1969,1,Fast,0.6706427931785583,812,906
1969,1,Fast,0.654033362865448,950,570
1970,1,Fast,0.7987161874771118,923,707
1970,1,Fast,0.7287021279335022,894,532
1970,1,Fast,0.7270933389663696,814,910
1970,1,Fast,0.6112156510353088,948,567
1970,1,Fast,0.5621485710144043,969,740
1971,1,Fast,0.7713149189949036,921,701
1971,1,Fast,0.6814844012260437,893,529
1971,1,Fast,0.6452853679656982,816,914
1971,1,Fast,0.4715058207511902,948,565
1972,1,Fast,0.8001797199249268,920,696
1972,1,Fast,0.6253170371055603,892,526
1972,1,Fast,0.5500252842903137,947,562
1972,1,Fast,0.477874219417572,817,918
1972,1,Fast,0.4002772271633148,897,573
1973,1,Fast,0.7747489809989929,918,691
1973,1,Fast,0.7147221565246582,946,559
1973,1,Fast,0.6714815497398376,965,724
1973,1,Fast,0.5335602760314941,896,570
1973,1,Fast,0.48639440536499023,891,523
1974,1,Fast,0.8206658959388733,916,686
1974,1,Fast,0.708450198173523,946,558
1974,1,Fast,0.6698279976844788,890,519
1974,1,Fast,0.6646036505699158,895,566
1974,1,Fast,0.317365825176239,837,745
1975,1,Fast,0.8260735273361206,915,681
1975,1,Fast,0.566269040107727,945,556
1975,1,Fast,0.43395477533340454,962,715
1975,1,Fast,0.41095712780952454,895,563
1975,1,Fast,0.4060608446598053,890,518
1975,1,Fast,0.31719860434532166,837,749
1976,1,Fast,0.7838317155838013,914,677
1976,1,Fast,0.7449880838394165,960,709
1976,1,Fast,0.7166891694068909,838,754
1976,1,Fast,0.5464961528778076,946,554
1976,1,Fast,0.5286229848861694,890,514
1976,1,Fast,0.4346464276313782,895,559
1977,1,Fast,0.8036568760871887,913,671
1977,1,Fast,0.7740235328674316,958,704
1977,1,Fast,0.7067983746528625,839,758
1977,1,Fast,0.6507902145385742,945,551
1977,1,Fast,0.4555325508117676,891,511
1978,1,Fast,0.8298728466033936,912,666
1978,1,Fast,0.8174172639846802,956,699
1978,1,Fast,0.7050696015357971,840,762
1978,1,Fast,0.6706185936927795,945,549
1978,1,Fast,0.5434297919273376,891,508
1979,1,Fast,0.8089155554771423,911,661
1979,1,Fast,0.7459000945091248,954,695
1979,1,Fast,0.6640954613685608,891,504
1979,1,Fast,0.6562634110450745,944,547
1979,1,Fast,0.44744616746902466,841,767
1979,1,Fast,0.3248889446258545,824,948
1980,1,Fast,0.8116255402565002,910,657
1980,1,Fast,0.6561803221702576,891,502
1980,1,Fast,0.5847504138946533,826,952
1980,1,Fast,0.5455789566040039,943,545
1980,1,Fast,0.4008973240852356,953,691
1981,1,Fast,0.8287882208824158,908,652
1981,1,Fast,0.7274693846702576,828,956
1981,1,Fast,0.6830448508262634,890,499
1981,1,Fast,0.390383243560791,943,542
1982,1,Fast,0.8048893809318542,907,647
1982,1,Fast,0.8001403212547302,828,960
1982,1,Fast,0.631934404373169,889,496
1982,1,Fast,0.6254823207855225,949,681
1982,1,Fast,0.5113415122032166,943,541
1982,1,Fast,0.39326807856559753,892,539
1983,1,Fast,0.7931379675865173,906,642
1983,1,Fast,0.7417818307876587,829,964
1983,1,Fast,0.47533276677131653,941,539
1983,1,Fast,0.3601602017879486,889,494
1983,1,Fast,0.3587774932384491,891,536
1984,1,Fast,0.8164888620376587,905,638
1984,1,Fast,0.5716157555580139,892,534
1984,1,Fast,0.547987163066864,941,536
1984,1,Fast,0.5367928743362427,888,491
1984,1,Fast,0.3767467141151428,831,968
1984,1,Fast,0.3468801975250244,947,672
1985,1,Fast,0.7874720096588135,905,633
1985,1,Fast,0.7422969341278076,892,529
1985,1,Fast,0.5874844193458557,888,488
1985,1,Fast,0.5643203258514404,941,534
1986,1,Fast,0.7591554522514343,903,629
1986,1,Fast,0.7158886194229126,940,532
1986,1,Fast,0.39494433999061584,833,978
1987,1,Fast,0.8011497259140015,902,625
1987,1,Fast,0.7204585671424866,939,530
1987,1,Fast,0.6767642498016357,943,659
1987,1,Fast,0.35323864221572876,888,483
1988,1,Fast,0.7880653142929077,901,620
1988,1,Fast,0.6425623893737793,850,806
1988,1,Fast,0.6189518570899963,940,528
1988,1,Fast,0.4691750705242157,837,987
1988,1,Fast,0.3972988426685333,889,480
1989,1,Fast,0.726612389087677,901,616
1989,1,Fast,0.6632471680641174,940,650
1989,1,Fast,0.6610122919082642,851,811
1989,1,Fast,0.6038225889205933,940,527
1989,1,Fast,0.550530195236206,838,993
1989,1,Fast,0.3745136260986328,889,477
1990,1,Fast,0.8051764965057373,852,815
1990,1,Fast,0.7247961163520813,840,996
1990,1,Fast,0.7192869782447815,900,611
1990,1,Fast,0.6462897062301636,888,474
1990,1,Fast,0.6279425024986267,938,646
1990,1,Fast,0.5113934874534607,940,525
1991,1,Fast,0.8086225986480713,854,819
1991,1,Fast,0.7100961804389954,898,608
1991,1,Fast,0.684369683265686,887,472
1991,1,Fast,0.618346631526947,939,522
1991,1,Fast,0.5937928557395935,936,642
1991,1,Fast,0.4085081219673157,841,1001
1992,1,Fast,0.7831529378890991,855,824
1992,1,Fast,0.7667633295059204,938,520
1992,1,Fast,0.7298200130462646,898,604
1992,1,Fast,0.669719934463501,886,470
1992,1,Fast,0.6582295894622803,934,637
1992,1,Fast,0.6065919995307922,844,1005
1993,1,Fast,0.8161589503288269,856,829
1993,1,Fast,0.7282790541648865,937,519
1993,1,Fast,0.713707447052002,898,599
1993,1,Fast,0.5541303157806396,845,1009
1993,1,Fast,0.3103780150413513,886,467
1994,1,Fast,0.7889508008956909,858,835
1994,1,Fast,0.69837886095047,935,629
1994,1,Fast,0.678778350353241,937,516
1994,1,Fast,0.594167947769165,847,1015
1994,1,Fast,0.5387287139892578,897,596
1995,1,Fast,0.8403347730636597,848,1020
1995,1,Fast,0.7867671847343445,859,839
1995,1,Fast,0.7603132724761963,896,591
1995,1,Fast,0.6940198540687561,936,514
1995,1,Fast,0.6096993684768677,934,626
1996,1,Fast,0.8051109313964844,849,1026
1996,1,Fast,0.7171441912651062,895,587
1996,1,Fast,0.689179003238678,936,512
1996,1,Fast,0.6855672001838684,860,844
1996,1,Fast,0.6072556972503662,933,622
1996,1,Fast,0.32037675380706787,888,497
1997,1,Fast,0.815011739730835,850,1032
1997,1,Fast,0.7777350544929504,861,848
1997,1,Fast,0.6476158499717712,933,617
1997,1,Fast,0.63752281665802,936,510
1997,1,Fast,0.5519176125526428,894,584
1998,1,Fast,0.8232125043869019,851,1037
1998,1,Fast,0.6097356677055359,935,508
1998,1,Fast,0.5040895342826843,931,614
1998,1,Fast,0.49758195877075195,862,853
1999,1,Fast,0.8087522387504578,852,1041
1999,1,Fast,0.5022480487823486,934,506
1999,1,Fast,0.42140835523605347,892,575
1999,1,Fast,0.3587048649787903,863,859
2000,1,Fast,0.7004063725471497,865,863
2000,1,Fast,0.6862242817878723,853,1046
2000,1,Fast,0.5424363017082214,934,505
2001,1,Fast,0.7013604044914246,866,869
2001,1,Fast,0.6684407591819763,854,1049
2002,1,Fast,0.7978144288063049,867,874
2002,1,Fast,0.6384400129318237,856,1053
2002,1,Fast,0.477950781583786,889,564
2002,1,Fast,0.31365683674812317,927,598
2003,1,Fast,0.853675127029419,868,879
2003,1,Fast,0.6155307292938232,890,560
2003,1,Fast,0.3786722421646118,934,499
2004,1,Fast,0.8430333137512207,870,884
2005,1,Fast,0.842827320098877,871,889
2005,1,Fast,0.36353257298469543,925,586
2005,1,Fast,0.34289056062698364,888,553
2006,1,Fast,0.858583390712738,873,894
2006,1,Fast,0.339494913816452,923,583
2006,1,Fast,0.3346068561077118,889,550
2007,1,Fast,0.8450978994369507,874,900
2007,1,Fast,0.4041527807712555,889,546
2008,1,Fast,0.7626223564147949,876,906
2008,1,Fast,0.6365062594413757,921,577
2009,1,Fast,0.7975229620933533,878,911
2009,1,Fast,0.6059953570365906,921,573
2009,1,Fast,0.3081180453300476,889,539
2010,1,Fast,0.760550856590271,879,916
2010,1,Fast,0.6327226161956787,920,570
2011,1,Fast,0.8309287428855896,880,921
2011,1,Fast,0.666348397731781,919,567
2012,1,Fast,0.823451578617096,882,927
2012,1,Fast,0.7536845207214355,919,563
2012,1,Fast,0.48770245909690857,804,725
2012,1,Fast,0.3523492217063904,886,529
2012,1,Fast,0.3228108882904053,931,484
2013,1,Fast,0.7985484600067139,883,933
2013,1,Fast,0.5532342791557312,919,559
2014,1,Fast,0.8340139985084534,884,939
2015,1,Fast,0.7691134214401245,886,945
2016,1,Fast,0.8273462653160095,887,952
2017,1,Fast,0.8003591299057007,888,958
2018,1,Fast,0.8452229499816895,890,964
2018,1,Fast,0.32363274693489075,808,748
2019,1,Fast,0.8493250012397766,892,969
2019,1,Fast,0.38695889711380005,808,752
2020,1,Fast,0.8420339226722717,893,975
2020,1,Fast,0.40064749121665955,808,756
2021,1,Fast,0.8136219382286072,895,982
2022,1,Fast,0.7100085616111755,898,989
2023,1,Fast,0.7748372554779053,900,995
2024,1,Fast,0.7599500417709351,902,1001
2025,1,Fast,0.8170453906059265,903,1008
2025,1,Fast,0.5615459084510803,813,778
2026,1,Fast,0.7671985030174255,905,1015
2026,1,Fast,0.618707537651062,813,782
2027,1,Fast,0.8432073593139648,906,1022
2027,1,Fast,0.42907726764678955,813,784
2028,1,Fast,0.7700229287147522,908,1029
2029,1,Fast,0.788404107093811,909,1036
2029,1,Fast,0.7251459956169128,815,795
2030,1,Fast,0.6942319869995117,816,799
2030,1,Fast,0.5047129392623901,912,1043
2031,1,Fast,0.824249804019928,817,803
2032,1,Fast,0.7822362184524536,818,808
2033,1,Fast,0.8168341517448425,818,812
2034,1,Fast,0.6884127855300903,818,817
2035,1,Fast,0.49994659423828125,820,822
2038,1,Fast,0.3515167832374573,824,836
2039,1,Fast,0.3703359365463257,824,841
2040,1,Fast,0.7329533696174622,824,845
2041,1,Fast,0.7987674474716187,826,848
2042,1,Fast,0.5585372447967529,827,853
2043,1,Fast,0.7056840658187866,828,859
2044,1,Fast,0.7834044098854065,829,864
2045,1,Fast,0.7986496090888977,830,870
2046,1,Fast,0.8396946787834167,830,874
2047,1,Fast,0.8329734802246094,832,880
2048,1,Fast,0.8255622386932373,833,886
2049,1,Fast,0.7964149117469788,833,891
2050,1,Fast,0.7542895078659058,834,896
2051,1,Fast,0.7190215587615967,835,901
2052,1,Fast,0.7284016609191895,838,907
2053,1,Fast,0.34115514159202576,839,913
2054,1,Fast,0.8214154243469238,840,919
2055,1,Fast,0.8180646896362305,842,923
2056,1,Fast,0.8285302519798279,843,928
2057,1,Fast,0.8550261855125427,844,934
2058,1,Fast,0.8327142596244812,845,940
2059,1,Fast,0.8581548929214478,846,946
2060,1,Fast,0.7881089448928833,848,953
2061,1,Fast,0.8451929688453674,849,959
2062,1,Fast,0.8239229917526245,850,965
2063,1,Fast,0.7494544982910156,851,971
2064,1,Fast,0.8117849826812744,852,977
2065,1,Fast,0.7595846652984619,854,983
2066,1,Fast,0.5549786686897278,856,990
2066,1,Fast,0.3406361937522888,1078,1009
2067,1,Fast,0.8477526307106018,857,996
2068,1,Fast,0.7726677656173706,859,1003
2069,1,Fast,0.8665181398391724,860,1008
2070,1,Fast,0.7957526445388794,861,1015
2071,1,Fast,0.8685737252235413,863,1022
2072,1,Fast,0.7449945211410522,864,1029
2073,1,Fast,0.7000404000282288,866,1036
2075,1,Fast,0.41089338064193726,870,1049
2076,1,Fast,0.646724283695221,873,1055
2077,1,Fast,0.31871435046195984,913,948
2078,1,Fast,0.4455387592315674,916,956
2078,1,Fast,0.3408460319042206,878,1062
2083,1,Fast,0.5526642203330994,840,752
2084,1,Fast,0.3085671365261078,841,758
2085,1,Fast,0.35138922929763794,860,688
2087,1,Fast,0.4563681185245514,863,698
2088,1,Fast,0.5836664438247681,864,703
2089,1,Fast,0.420255184173584,866,708
2090,1,Fast,0.5678823590278625,866,713
2091,1,Fast,0.6304454207420349,868,719
2092,1,Fast,0.6659916043281555,869,724
2093,1,Fast,0.8004526495933533,870,729
2093,1,Fast,0.6341212391853333,852,804
2094,1,Fast,0.7479044795036316,871,734
2094,1,Fast,0.566016674041748,853,810
2095,1,Fast,0.8136129975318909,872,740
2095,1,Fast,0.48165833950042725,854,816
2096,1,Fast,0.8253756761550903,873,746
2096,1,Fast,0.3577702045440674,855,821
2096,1,Fast,0.3125627040863037,801,739
2097,1,Fast,0.8233200311660767,874,751
2097,1,Fast,0.32964837551116943,856,827
2098,1,Fast,0.8101548552513123,875,757
2098,1,Fast,0.49510782957077026,803,748
2099,1,Fast,0.7426354289054871,877,762
2099,1,Fast,0.3108631372451782,859,838
2100,1,Fast,0.6486058831214905,878,768
2100,1,Fast,0.4338706433773041,804,757
2100,1,Fast,0.4327564537525177,861,844
2101,1,Fast,0.7768219113349915,880,775
2101,1,Fast,0.3068636655807495,863,849
2102,1,Fast,0.768174409866333,882,780
2103,1,Fast,0.7611768245697021,884,786
2103,1,Fast,0.6843173503875732,866,862
2103,1,Fast,0.34722480177879333,806,772
2104,1,Fast,0.7935392260551453,868,868
2104,1,Fast,0.7254170775413513,886,792
2104,1,Fast,0.429339200258255,807,776
2105,1,Fast,0.8019049167633057,869,876
2105,1,Fast,0.7601074576377869,887,800
2105,1,Fast,0.38132303953170776,808,780
2106,1,Fast,0.8349156379699707,889,806
2106,1,Fast,0.7997109293937683,871,881
2107,1,Fast,0.8692061901092529,891,812
2107,1,Fast,0.8268216252326965,872,888
2107,1,Fast,0.4360197186470032,809,789
2108,1,Fast,0.8691807985305786,893,819
2108,1,Fast,0.7556337714195251,873,894
2108,1,Fast,0.6781802177429199,810,793
2109,1,Fast,0.8639598488807678,895,825
2109,1,Fast,0.8040566444396973,876,901
2109,1,Fast,0.6129757165908813,811,798
2110,1,Fast,0.8482227921485901,896,832
2110,1,Fast,0.7657138705253601,878,908
2110,1,Fast,0.6906642317771912,812,802
2111,1,Fast,0.847603976726532,899,838
2111,1,Fast,0.7009579539299011,881,914
2111,1,Fast,0.4226800799369812,812,808
2112,1,Fast,0.8369143605232239,882,920
2112,1,Fast,0.8366751670837402,900,846
2112,1,Fast,0.7165642976760864,814,813
2113,1,Fast,0.8578009009361267,902,853
2113,1,Fast,0.7307511568069458,884,928
2114,1,Fast,0.8561621904373169,904,860
2114,1,Fast,0.8005390167236328,885,935
2115,1,Fast,0.8725689053535461,906,867
2115,1,Fast,0.7929916977882385,887,942
2116,1,Fast,0.8589195609092712,908,875
2116,1,Fast,0.7916021347045898,889,949
2117,1,Fast,0.8496944308280945,911,882
2117,1,Fast,0.768770158290863,891,957
2118,1,Fast,0.8564849495887756,893,964
2118,1,Fast,0.838447630405426,913,890
2119,1,Fast,0.8505287766456604,894,971
2119,1,Fast,0.7971512079238892,916,898
2120,1,Fast,0.8500698804855347,896,979
2120,1,Fast,0.7558542490005493,918,905
2121,1,Fast,0.8473862409591675,920,913
2121,1,Fast,0.7742018103599548,899,987
2122,1,Fast,0.8536126613616943,923,921
2122,1,Fast,0.8453480005264282,901,995
2122,1,Fast,0.5808638334274292,825,870
2123,1,Fast,0.879776120185852,925,930
2123,1,Fast,0.8634179830551147,903,1002
2123,1,Fast,0.7829349040985107,825,876
2124,1,Fast,0.85572350025177,927,938
2124,1,Fast,0.830447793006897,906,1010
2124,1,Fast,0.7291741371154785,1096,1023
2124,1,Fast,0.6682769656181335,826,882
2124,1,Fast,0.5830890536308289,819,687
2125,1,Fast,0.8765541315078735,907,1019
2125,1,Fast,0.8405479192733765,930,947
2125,1,Fast,0.8348636627197266,827,889
2125,1,Fast,0.775837779045105,1093,1016
2125,1,Fast,0.33441928029060364,820,691
2126,1,Fast,0.8472537994384766,932,955
2126,1,Fast,0.8329377174377441,909,1028
2126,1,Fast,0.6761192679405212,829,894
2126,1,Fast,0.40711838006973267,1089,1008
2126,1,Fast,0.3727428615093231,821,695
2127,1,Fast,0.8677198886871338,911,1037
2127,1,Fast,0.8525030612945557,935,963
2127,1,Fast,0.7859954237937927,822,700
2127,1,Fast,0.6654895544052124,830,901
2128,1,Fast,0.8261483311653137,939,972
2128,1,Fast,0.7972012162208557,914,1045
2128,1,Fast,0.6621036529541016,822,704
2128,1,Fast,0.35094907879829407,1082,992
2128,1,Fast,0.33669304847717285,831,907
2129,1,Fast,0.8362297415733337,917,1054
2129,1,Fast,0.8191604614257812,941,982
2129,1,Fast,0.7017928957939148,822,709
2129,1,Fast,0.4382072389125824,833,913
2130,1,Fast,0.8370252847671509,944,991
2130,1,Fast,0.8177557587623596,921,1059
2130,1,Fast,0.7361539006233215,823,713
2130,1,Fast,0.3655557334423065,835,919
2131,1,Fast,0.8470705151557922,947,1001
2131,1,Fast,0.8103426694869995,922,1063
2131,1,Fast,0.6703466176986694,837,924
2131,1,Fast,0.38452908396720886,824,717
2132,1,Fast,0.8811135292053223,949,1009
2132,1,Fast,0.7347710728645325,838,931
2132,1,Fast,0.6135997176170349,925,1068
2132,1,Fast,0.606089174747467,824,723
2133,1,Fast,0.8485106825828552,953,1019
2133,1,Fast,0.6826426982879639,839,937
2133,1,Fast,0.4145844876766205,826,726
2134,1,Fast,0.7779340744018555,955,1028
2134,1,Fast,0.7025980353355408,840,944
2134,2,Slow,0.4287235736846924,929,565
2135,1,Fast,0.8159507513046265,841,951
2135,1,Fast,0.6358639001846313,959,1038
2135,2,Slow,0.556775689125061,928,563
2136,1,Fast,0.8634015917778015,844,958
2136,1,Fast,0.7580638527870178,829,741
2136,1,Fast,0.6704245209693909,963,1048
2136,2,Slow,0.3942852020263672,928,560
2137,1,Fast,0.7975978255271912,845,965
2137,1,Fast,0.769748866558075,831,745
2137,1,Fast,0.4141954779624939,967,1054
2138,1,Fast,0.7841762900352478,847,972
2138,1,Fast,0.6262855529785156,832,751
2139,1,Fast,0.7494630217552185,833,755
2139,1,Fast,0.6760731339454651,848,979
2140,1,Fast,0.7675139307975769,834,761
2141,1,Fast,0.6086444854736328,852,994
2141,1,Fast,0.5222449898719788,834,766
2142,1,Fast,0.7371160387992859,854,1001
2142,1,Fast,0.6756743788719177,835,772
2143,1,Fast,0.7831040024757385,836,777
2143,1,Fast,0.7552659511566162,856,1008
2144,1,Fast,0.6848476529121399,858,1016
2144,1,Fast,0.6204134225845337,837,781
2145,1,Fast,0.6933602690696716,859,1024
2145,2,Slow,0.6510649919509888,922,530
2145,1,Fast,0.6500412821769714,839,786
2146,1,Fast,0.790995180606842,862,1034
2146,1,Fast,0.774063766002655,840,792
2146,2,Slow,0.5537051558494568,922,529
2147,1,Fast,0.8177254796028137,841,797
2147,1,Fast,0.6727105975151062,862,1040
2148,1,Fast,0.8296861052513123,842,803
2149,1,Fast,0.8709718585014343,844,808
2150,1,Fast,0.8799483776092529,845,814
2151,1,Fast,0.8787123560905457,847,819
2152,1,Fast,0.8551364541053772,848,825
2153,1,Fast,0.8487688302993774,849,832
2154,1,Fast,0.8528483510017395,850,838
2155,1,Fast,0.8415800929069519,851,843
2155,2,Slow,0.4417341649532318,919,503
2156,1,Fast,0.8471063375473022,853,849
2156,2,Slow,0.5524930357933044,918,501
2156,2,Slow,0.37280839681625366,921,563
2157,1,Fast,0.859084963798523,855,855
2158,1,Fast,0.8572245836257935,856,861
2158,1,Fast,0.49135345220565796,1006,806
2159,1,Fast,0.8748452663421631,858,868
2160,1,Fast,0.8801178932189941,860,874
2161,1,Fast,0.883476734161377,862,880
2161,1,Fast,0.3693928122520447,1122,1066
2162,1,Fast,0.8782047033309937,863,887
2162,1,Fast,0.49678805470466614,1116,1061
2163,1,Fast,0.8642858266830444,864,893
2163,1,Fast,0.7473672032356262,1110,1057
2164,1,Fast,0.8642928600311279,866,901
2164,1,Fast,0.7690625786781311,1105,1051
2165,1,Fast,0.8482264876365662,868,908
2165,1,Fast,0.7752607464790344,1101,1042
2165,1,Fast,0.3719356060028076,993,771
2166,1,Fast,0.8619654178619385,869,914
2166,1,Fast,0.83058762550354,1097,1034
2166,1,Fast,0.39757657051086426,991,766
2167,1,Fast,0.8622626066207886,871,921
2167,1,Fast,0.8180104494094849,1093,1026
2168,1,Fast,0.877126932144165,874,928
2168,1,Fast,0.8566217422485352,1090,1018
2169,1,Fast,0.8694434762001038,876,935
2169,1,Fast,0.8576913475990295,1086,1009
2170,1,Fast,0.8755320906639099,878,943
2170,1,Fast,0.7994627952575684,1082,1002
2170,1,Fast,0.6416710615158081,985,746
2171,1,Fast,0.8615864515304565,880,950
2171,1,Fast,0.8056185841560364,1079,994
2171,1,Fast,0.6685088276863098,983,742
2172,1,Fast,0.8661015033721924,882,958
2172,1,Fast,0.8127795457839966,1075,987
2173,1,Fast,0.8734883069992065,883,965
2173,1,Fast,0.8433929681777954,1072,979
2173,1,Fast,0.5352910161018372,980,733
2174,1,Fast,0.8789132237434387,885,972
2174,1,Fast,0.8359297513961792,1070,972
2175,1,Fast,0.8800005912780762,888,980
2175,1,Fast,0.7860902547836304,1066,966
2176,1,Fast,0.8523089289665222,890,988
2176,1,Fast,0.8229271173477173,1063,958
2177,1,Fast,0.8671625852584839,892,996
2177,1,Fast,0.7844520211219788,1060,951
2178,1,Fast,0.895369827747345,894,1004
2178,1,Fast,0.7667933702468872,1057,944
2179,1,Fast,0.8906417489051819,896,1012
2179,1,Fast,0.4398265779018402,1055,937
2179,2,Slow,0.36762428283691406,909,444
2180,1,Fast,0.8847941756248474,898,1020
2180,1,Fast,0.5840441584587097,1052,930
2181,1,Fast,0.8784303069114685,900,1029
2181,1,Fast,0.3813428282737732,1049,924
2182,1,Fast,0.8663375377655029,903,1037
2182,1,Fast,0.6759241819381714,1046,917
2183,1,Fast,0.8110109567642212,906,1046
2183,1,Fast,0.3837195336818695,1042,910
2184,1,Fast,0.8476170301437378,909,1053
2184,1,Fast,0.7368590831756592,1040,904
2185,1,Fast,0.7658896446228027,913,1058
2185,1,Fast,0.34251290559768677,1038,898
2186,1,Fast,0.5525811910629272,917,1063
2186,1,Fast,0.5210492014884949,1035,892
2187,1,Fast,0.5513349771499634,1033,886
2187,1,Fast,0.36529457569122314,918,1068
2188,1,Fast,0.46590596437454224,1031,880
2194,1,Fast,0.300123006105423,1016,844
2196,1,Fast,0.39303186535835266,1012,832
2197,1,Fast,0.55821692943573,1011,827
2198,1,Fast,0.3129969835281372,1008,822
2207,1,Fast,0.44928738474845886,989,775
2208,1,Fast,0.697342038154602,1154,1024
2208,1,Fast,0.6716666221618652,988,769
2209,1,Fast,0.6393452286720276,986,765
2209,1,Fast,0.45990583300590515,1151,1018
2210,1,Fast,0.648790180683136,985,760
2211,1,Fast,0.49097922444343567,984,755
2212,1,Fast,0.4616789221763611,982,750
2213,1,Fast,0.33311837911605835,981,746
2214,1,Fast,0.4625833034515381,1133,983
2214,1,Fast,0.4612198770046234,979,742
2215,1,Fast,0.7330123782157898,1130,977
2215,1,Fast,0.5714455246925354,977,737
2216,1,Fast,0.6864681839942932,975,733
2216,1,Fast,0.6295372843742371,1127,971
2216,1,Fast,0.5469547510147095,930,950
2216,1,Fast,0.4848100543022156,1080,1069
2217,1,Fast,0.6969274878501892,933,959
2217,1,Fast,0.3881200850009918,974,728
2218,1,Fast,0.3155647814273834,972,724
2219,1,Fast,0.3140498101711273,970,720
2220,1,Fast,0.5408833622932434,969,715
2221,1,Fast,0.729871928691864,967,711
2222,1,Fast,0.7673273682594299,966,707
2222,1,Fast,0.7667346596717834,1047,1015
2223,1,Fast,0.8084453344345093,1043,1002
2223,1,Fast,0.6848659515380859,964,703
2223,1,Fast,0.5797385573387146,951,1021
2223,1,Fast,0.5250682234764099,1106,928
2224,1,Fast,0.6501391530036926,963,699
2224,1,Fast,0.46337902545928955,1038,991
2224,1,Fast,0.3912804424762726,1103,923
2225,1,Fast,0.7861546874046326,962,694
2225,1,Fast,0.6251738667488098,1100,917
2225,1,Fast,0.4881405830383301,1034,980
2226,1,Fast,0.6462906002998352,961,690
2227,1,Fast,0.6674049496650696,960,687
2228,1,Fast,0.69828200340271,958,682
2228,1,Fast,0.6962934136390686,1092,899
2228,1,Fast,0.5759817957878113,1021,948
2229,1,Fast,0.6919853687286377,957,678
2229,1,Fast,0.6639817953109741,1017,938
2229,1,Fast,0.35522207617759705,1089,894
2230,1,Fast,0.6824765801429749,955,675
2230,1,Fast,0.4608767628669739,1087,889
2230,1,Fast,0.43298447132110596,1013,928
2230,1,Fast,0.3009209930896759,900,858
2231,1,Fast,0.630721390247345,1011,918
2231,1,Fast,0.5174742341041565,954,671
2232,1,Fast,0.7488422393798828,1007,909
2232,1,Fast,0.6213914752006531,953,667
2233,1,Fast,0.6042680144309998,952,663
2233,1,Fast,0.42814889550209045,1003,900
2234,1,Fast,0.6169463992118835,950,660
2234,1,Fast,0.33707311749458313,1076,866
2235,1,Fast,0.6236835718154907,949,656
2235,1,Fast,0.5287014245986938,1073,862
2236,1,Fast,0.7726425528526306,948,652
2236,1,Fast,0.6528038382530212,1071,857
2236,1,Fast,0.44259390234947205,992,873
2237,1,Fast,0.7809653878211975,947,648
2237,1,Fast,0.39472147822380066,1069,852
2237,1,Fast,0.32385435700416565,989,864
2238,1,Fast,0.7476281523704529,946,645
2238,1,Fast,0.4010787308216095,985,855
2239,1,Fast,0.7636182308197021,945,642
2239,1,Fast,0.44567418098449707,983,846
2240,1,Fast,0.7012410163879395,944,638
2240,1,Fast,0.6919324994087219,1061,836
2240,2,Slow,0.4212208390235901,979,837
2241,1,Fast,0.623790979385376,943,634
2241,2,Slow,0.6163168549537659,975,829
2241,1,Fast,0.48456302285194397,1059,831
2241,1,Fast,0.42506304383277893,976,829
2242,1,Fast,0.7264585494995117,973,821
2242,1,Fast,0.6162288188934326,943,631
2242,1,Fast,0.60963374376297,1057,826
2243,1,Fast,0.6592519879341125,971,813
2243,1,Fast,0.6427062749862671,1055,822
2243,1,Fast,0.5225372314453125,941,628
2244,1,Fast,0.6143176555633545,968,804
2244,1,Fast,0.6000581383705139,1053,817
2244,1,Fast,0.46818554401397705,940,624
2245,1,Fast,0.7358886003494263,966,796
2245,1,Fast,0.6256700158119202,939,621
2246,1,Fast,0.6066628098487854,939,618
2246,2,Slow,0.5553170442581177,963,789
2246,1,Fast,0.5085200071334839,963,788
2247,2,Slow,0.7537372708320618,960,782
2247,1,Fast,0.6159806251525879,938,614
2247,1,Fast,0.5566468834877014,1046,803
2248,1,Fast,0.5780593156814575,937,610
2248,1,Fast,0.5111170411109924,958,774
2248,2,Slow,0.5072454810142517,958,774
2249,1,Fast,0.6936418414115906,1043,794
2249,1,Fast,0.6913707852363586,936,607
2249,1,Fast,0.6194299459457397,954,767
2250,1,Fast,0.6878587603569031,1040,790
2250,1,Fast,0.6333522200584412,935,604
2250,1,Fast,0.4244576692581177,953,760
2251,1,Fast,0.750985324382782,951,753
2251,1,Fast,0.6128449440002441,1039,785
2251,1,Fast,0.4609129726886749,934,600
2251,1,Fast,0.30414077639579773,842,928
2252,1,Fast,0.7649365663528442,948,745
2252,1,Fast,0.48150357604026794,933,597
2252,1,Fast,0.3101062476634979,843,934
2253,1,Fast,0.5648972392082214,932,595
2253,1,Fast,0.5571230053901672,946,738
2253,2,Slow,0.30402252078056335,946,738
2254,1,Fast,0.6083182096481323,932,592
2254,1,Fast,0.5921459197998047,945,732
2254,1,Fast,0.3333686292171478,1032,771
2255,1,Fast,0.6884655952453613,942,725
2255,1,Fast,0.6248382925987244,931,589
2255,1,Fast,0.4111163914203644,1031,767
2256,1,Fast,0.6592430472373962,1029,763
2256,2,Slow,0.577187716960907,940,719
2256,1,Fast,0.35998108983039856,930,586
2257,2,Slow,0.5942137241363525,938,713
2257,1,Fast,0.5301761627197266,1027,759
2257,1,Fast,0.4832773208618164,852,966
2257,1,Fast,0.4149309992790222,929,583
2257,1,Fast,0.3978239595890045,937,713
2258,2,Slow,0.6852213144302368,935,706
2258,1,Fast,0.5985961556434631,1025,754
2259,1,Fast,0.7583118081092834,934,699
2259,2,Slow,0.36534279584884644,933,699
2260,1,Fast,0.6656835675239563,932,694
2260,2,Slow,0.503862202167511,932,694
2261,1,Fast,0.591788649559021,931,687
2262,1,Fast,0.543801486492157,929,682
2263,1,Fast,0.5220598578453064,1017,735
2263,1,Fast,0.4856935739517212,927,676
2264,1,Fast,0.6227278113365173,1016,732
2264,2,Slow,0.4115544855594635,925,670
2265,1,Fast,0.40008631348609924,1014,728
2265,1,Fast,0.3324826657772064,923,665
2266,1,Fast,0.38255855441093445,920,659
2267,1,Fast,0.487697958946228,919,653
2268,1,Fast,0.3330480456352234,918,647
2269,2,Slow,0.6056268811225891,917,642
2269,1,Fast,0.45116662979125977,1007,712
2270,1,Fast,0.7749137282371521,1006,709
2270,2,Slow,0.4100545048713684,916,638
2271,1,Fast,0.7137806415557861,1005,705
2271,1,Fast,0.31205639243125916,914,633
2272,1,Fast,0.49942874908447266,1003,702
2272,2,Slow,0.331601083278656,912,628
2273,1,Fast,0.5321685075759888,910,623
2274,2,Slow,0.40087348222732544,908,618
2274,1,Fast,0.33959582448005676,908,618
2275,2,Slow,0.5263965129852295,907,613
2276,2,Slow,0.6859897375106812,907,608
2277,1,Fast,0.6736476421356201,996,684
2277,2,Slow,0.5360007882118225,906,603
2277,1,Fast,0.3916201889514923,906,603
2278,1,Fast,0.7328187823295593,905,598
2278,1,Fast,0.6994844079017639,995,681
2279,1,Fast,0.7794185876846313,904,593
2280,1,Fast,0.6190325617790222,902,588
2281,2,Slow,0.7044187188148499,901,584
2281,1,Fast,0.31400492787361145,869,732
2282,1,Fast,0.6044039130210876,900,579
2283,1,Fast,0.6132458448410034,900,575
2284,1,Fast,0.7061567902565002,900,570
2284,1,Fast,0.3050117790699005,987,661
2285,1,Fast,0.7912607192993164,898,565
2285,1,Fast,0.38934653997421265,986,658
2286,1,Fast,0.7699698805809021,898,561
2287,1,Fast,0.5747276544570923,897,556
2288,1,Fast,0.512344241142273,896,553
2289,1,Fast,0.814677894115448,896,548
2290,1,Fast,0.7584746479988098,895,545
2290,1,Fast,0.40978550910949707,882,788
2291,1,Fast,0.7221108078956604,883,796
2291,1,Fast,0.5270098447799683,895,541
2292,1,Fast,0.7954416871070862,894,537
2292,1,Fast,0.3285853862762451,884,802
2293,1,Fast,0.8409560322761536,894,533
2293,1,Fast,0.6940072774887085,886,809
2294,1,Fast,0.8283193707466125,893,529
2294,1,Fast,0.6765541434288025,888,816
2295,1,Fast,0.7909680008888245,892,525
2295,1,Fast,0.34770146012306213,890,824
2296,1,Fast,0.7568396925926208,892,521
2297,1,Fast,0.8016812205314636,891,517
2297,1,Fast,0.3545317053794861,894,839
2298,1,Fast,0.7821052074432373,891,514
2298,1,Fast,0.6801273822784424,896,846
2298,1,Fast,0.41617849469184875,972,618
2299,1,Fast,0.8324415683746338,898,854
2299,1,Fast,0.6975545883178711,890,510
2299,1,Fast,0.39529189467430115,971,615
2300,1,Fast,0.8374865055084229,900,862
2300,1,Fast,0.740132749080658,890,507
2301,1,Fast,0.8533324599266052,902,869
2301,1,Fast,0.7581974864006042,889,503
2302,1,Fast,0.7839593887329102,904,877
2302,1,Fast,0.7534643411636353,889,499
2303,1,Fast,0.684698224067688,889,495
2303,1,Fast,0.6119045615196228,906,885
2304,1,Fast,0.7184775471687317,888,492
2304,1,Fast,0.4372379183769226,909,894
2305,1,Fast,0.6437609195709229,888,488
2305,1,Fast,0.5685737133026123,912,902
2306,1,Fast,0.7665148973464966,887,485
2307,1,Fast,0.7355421781539917,887,481
2307,1,Fast,0.40958327054977417,917,919
2308,1,Fast,0.7186715602874756,886,478
2308,1,Fast,0.5717983841896057,920,928
2309,1,Fast,0.7997577786445618,886,475
2309,1,Fast,0.6742436289787292,922,937
2310,1,Fast,0.8035895824432373,886,471
2310,1,Fast,0.4496017396450043,924,946
2311,1,Fast,0.752219557762146,885,468
2311,1,Fast,0.6889987587928772,926,956
2312,1,Fast,0.7730588316917419,929,964
2312,1,Fast,0.6984546184539795,884,465
2313,1,Fast,0.6291624903678894,884,462
2313,1,Fast,0.5697287321090698,932,975
2315,1,Fast,0.5648810863494873,884,456
2316,1,Fast,0.4819171130657196,884,453
2317,1,Fast,0.49277642369270325,945,1015
2317,1,Fast,0.45466700196266174,884,450
2318,1,Fast,0.5544496178627014,948,1025
2321,1,Fast,0.3933354318141937,882,438
2322,1,Fast,0.4850369989871979,882,435
2323,1,Fast,0.4625057876110077,882,433
2327,1,Fast,0.3100907504558563,883,422
2328,1,Fast,0.3360554575920105,882,418
2332,1,Fast,0.3337875306606293,882,408
2333,1,Fast,0.5677779316902161,883,406
2334,1,Fast,0.5686749815940857,883,404
2335,1,Fast,0.3291158080101013,883,402
2337,1,Fast,0.5608827471733093,882,396
2338,1,Fast,0.3844543695449829,882,394
2339,1,Fast,0.4472544491291046,882,391
2340,1,Fast,0.48000261187553406,883,390
2349,1,Fast,0.3206743001937866,1111,1058
2351,1,Fast,0.674667477607727,1101,1044
2352,1,Fast,0.8166500926017761,1097,1036
2353,1,Fast,0.7978926301002502,1094,1028
2354,1,Fast,0.856928825378418,1090,1021
2355,1,Fast,0.7971203923225403,1086,1013
2356,1,Fast,0.870137095451355,1082,1006
2357,1,Fast,0.7520710229873657,1079,998
2358,1,Fast,0.7338420748710632,1075,991
2359,1,Fast,0.5899016261100769,1072,984
2360,1,Fast,0.7624845504760742,1069,977
2361,1,Fast,0.6091209650039673,1065,970
2362,1,Fast,0.6349655985832214,1062,963
2363,1,Fast,0.3586697578430176,1059,956
2364,1,Fast,0.6275572180747986,1056,950
2365,1,Fast,0.4269096851348877,1053,943
2366,1,Fast,0.40166783332824707,1051,937
2367,1,Fast,0.5769698619842529,1048,931
2367,1,Fast,0.3678480386734009,798,749
2368,1,Fast,0.5611058473587036,1045,924
2368,1,Fast,0.32942816615104675,799,754
2369,1,Fast,0.6572600603103638,1042,918
2370,1,Fast,0.6446491479873657,1039,912
2371,1,Fast,0.6680272817611694,1037,906
2372,1,Fast,0.6309676766395569,1034,900
2373,1,Fast,0.7432557344436646,879,946
2373,1,Fast,0.7103674411773682,1031,894
2374,1,Fast,0.7250338196754456,881,955
2374,1,Fast,0.41172584891319275,1029,889
2375,1,Fast,0.7990618944168091,884,966
2376,1,Fast,0.7894572615623474,886,975
2379,1,Fast,0.3977905809879303,1018,859
2380,1,Fast,0.5916422009468079,809,817
2380,1,Fast,0.3334304988384247,1015,854
2381,1,Fast,0.5355908870697021,1012,849
2382,1,Fast,0.6986660361289978,1010,842
2383,1,Fast,0.5852271318435669,1008,837
2383,1,Fast,0.4787020981311798,1075,1064
2384,1,Fast,0.6114391088485718,1006,832
2385,1,Fast,0.6197910904884338,1004,827
2385,1,Fast,0.3071225583553314,1060,1053
2386,1,Fast,0.6804631948471069,1055,1043
2386,1,Fast,0.37152066826820374,1003,822
2387,1,Fast,0.7871401906013489,1051,1033
2388,1,Fast,0.7483903765678406,1046,1024
2388,2,Slow,0.36574310064315796,956,606
2389,1,Fast,0.7830467224121094,1043,1014
2390,1,Fast,0.8679084777832031,1039,1005
2391,1,Fast,0.8167978525161743,1035,996
2391,1,Fast,0.5255209803581238,993,795
2391,1,Fast,0.5176675319671631,820,882
2392,1,Fast,0.8301040530204773,1031,987
2392,1,Fast,0.5247331261634827,821,889
2392,1,Fast,0.4330365061759949,991,790
2393,1,Fast,0.8267783522605896,1029,979
2393,1,Fast,0.7341764569282532,821,896
2393,1,Fast,0.5387599468231201,989,786
2394,1,Fast,0.8036100268363953,1025,969
2394,1,Fast,0.5752643942832947,823,902
2394,1,Fast,0.4339563846588135,986,781
2395,1,Fast,0.7033664584159851,1022,961
2395,1,Fast,0.46997299790382385,985,776
2395,1,Fast,0.4087325632572174,824,909
2396,1,Fast,0.6023088097572327,983,772
2396,1,Fast,0.5019711256027222,1019,952
2397,1,Fast,0.7304682731628418,1015,943
2397,1,Fast,0.7234209179878235,981,767
2398,1,Fast,0.7897093892097473,1011,936
2398,1,Fast,0.7107877135276794,979,762
2398,1,Fast,0.3224749267101288,828,929
2399,1,Fast,0.6279647946357727,1009,927
2399,1,Fast,0.4525430202484131,830,936
2399,1,Fast,0.43887630105018616,978,757
2400,1,Fast,0.7723066806793213,1005,919
2400,1,Fast,0.5359753966331482,832,943
2401,1,Fast,0.7357044816017151,1003,911
2401,1,Fast,0.5797761678695679,833,951
2401,1,Fast,0.4775838851928711,975,748
2402,1,Fast,0.7759856581687927,999,903
2402,1,Fast,0.5659477710723877,835,958
2402,1,Fast,0.3006379008293152,974,743
2403,1,Fast,0.7213212847709656,997,895
2403,1,Fast,0.6782703399658203,837,965
2403,1,Fast,0.5163472890853882,972,739
2404,1,Fast,0.7718817591667175,994,889
2404,1,Fast,0.4466545283794403,838,972
2405,1,Fast,0.6044620871543884,992,881
2405,1,Fast,0.44725751876831055,840,980
2405,1,Fast,0.33552080392837524,968,731
2406,1,Fast,0.5368573665618896,989,874
2407,1,Fast,0.7201074957847595,986,866
2407,1,Fast,0.5360686182975769,843,995
2407,1,Fast,0.3601858913898468,965,722
2408,1,Fast,0.8032887578010559,984,859
2408,1,Fast,0.7229145765304565,964,718
2408,1,Fast,0.6321786046028137,845,1002
2409,1,Fast,0.7747172117233276,963,713
2409,1,Fast,0.7508238554000854,981,852
2409,1,Fast,0.7163867950439453,1041,1020
2409,1,Fast,0.320010781288147,847,1011
2410,1,Fast,0.8303519487380981,961,709
2410,1,Fast,0.6791626811027527,978,845
2410,1,Fast,0.6574926972389221,1037,1010
2410,1,Fast,0.4652597904205322,849,1019
2411,1,Fast,0.7927117943763733,960,705
2411,1,Fast,0.7068042755126953,1033,1000
2411,1,Fast,0.6199344992637634,976,838
2411,1,Fast,0.5727115869522095,851,1027
2412,1,Fast,0.7875298261642456,959,701
2412,1,Fast,0.7102253437042236,974,832
2412,1,Fast,0.6823770403862,853,1036
2412,1,Fast,0.6041316390037537,1028,991
2413,1,Fast,0.7604387402534485,972,825
2413,1,Fast,0.7297068238258362,958,697
2413,1,Fast,0.7262015342712402,1025,981
2413,1,Fast,0.3343890607357025,855,1044
2414,1,Fast,0.6329663991928101,970,818
2414,1,Fast,0.6252750158309937,957,693
2414,1,Fast,0.3798343539237976,1022,971
2415,1,Fast,0.7410202622413635,968,811
2415,1,Fast,0.5355187654495239,956,689
2416,1,Fast,0.7190257906913757,965,804
2416,1,Fast,0.5913358926773071,1015,953
2416,1,Fast,0.46865952014923096,954,685
2417,1,Fast,0.8356465697288513,963,797
2417,1,Fast,0.6745968461036682,1012,944
2417,1,Fast,0.5876059532165527,953,682
2418,1,Fast,0.8301191329956055,961,791
2418,1,Fast,0.5787699818611145,952,678
2418,1,Fast,0.56242436170578,1009,936
2419,1,Fast,0.7459720373153687,959,786
2419,1,Fast,0.6029455065727234,950,674
2419,1,Fast,0.5402005314826965,1005,928
2420,1,Fast,0.7932066917419434,957,779
2420,1,Fast,0.6787683367729187,1001,919
2420,1,Fast,0.5916177034378052,948,670
2420,1,Fast,0.44572415947914124,884,918
2421,1,Fast,0.8369875550270081,954,773
2421,1,Fast,0.6318130493164062,948,666
2421,1,Fast,0.5055583715438843,997,911
2422,1,Fast,0.8395983576774597,953,767
2422,1,Fast,0.609632670879364,946,662
2422,1,Fast,0.30197882652282715,996,903
2423,1,Fast,0.8488033413887024,951,761
2423,1,Fast,0.7454023957252502,946,658
2424,1,Fast,0.8427030444145203,950,755
2424,1,Fast,0.8002077341079712,945,655
2424,1,Fast,0.5575479865074158,891,948
2425,1,Fast,0.847030520439148,948,749
2425,1,Fast,0.7677733302116394,944,651
2425,1,Fast,0.7380769848823547,988,879
2426,1,Fast,0.8558200001716614,946,743
2426,1,Fast,0.7678258419036865,984,871
2426,1,Fast,0.7069706320762634,943,648
2427,1,Fast,0.8361266851425171,944,737
2427,1,Fast,0.7970525026321411,982,864
2427,1,Fast,0.7399176955223083,942,644
2428,1,Fast,0.8365592360496521,942,732
2428,1,Fast,0.7685330510139465,980,856
2428,1,Fast,0.5978564620018005,941,640
2429,1,Fast,0.8374003767967224,940,727
2429,1,Fast,0.6402086615562439,977,849
2429,1,Fast,0.46120259165763855,940,637
2430,1,Fast,0.8296505808830261,939,722
2430,1,Fast,0.7460005879402161,975,842
2430,1,Fast,0.7403135299682617,1097,1039
2430,1,Fast,0.3117137551307678,906,1000
2431,1,Fast,0.838925302028656,937,717
2431,1,Fast,0.7386219501495361,973,834
2431,1,Fast,0.6687629818916321,1094,1032
2431,1,Fast,0.522587776184082,907,1007
2431,1,Fast,0.3785737454891205,938,630
2432,1,Fast,0.8653160929679871,936,711
2432,1,Fast,0.7096943259239197,1090,1025
2432,1,Fast,0.44314149022102356,970,827
2432,1,Fast,0.37991395592689514,937,627
2433,1,Fast,0.8510913848876953,935,706
2433,1,Fast,0.8249279260635376,1087,1018
2433,1,Fast,0.698872447013855,969,820
2433,1,Fast,0.5003964900970459,935,624
2434,1,Fast,0.8578863143920898,966,813
2434,1,Fast,0.8531305193901062,933,701
2434,1,Fast,0.8448148965835571,1084,1011
2434,1,Fast,0.5498011112213135,935,620
2435,1,Fast,0.8537566065788269,964,806
2435,1,Fast,0.8456119298934937,932,696
2435,1,Fast,0.653589129447937,1080,1004
2435,1,Fast,0.5169786810874939,934,616
2436,1,Fast,0.8322774171829224,931,689
2436,1,Fast,0.8111264109611511,962,799
2436,1,Fast,0.7723787426948547,933,613
2436,1,Fast,0.4772217571735382,1078,997
2437,1,Fast,0.8539191484451294,960,792
2437,1,Fast,0.8272858262062073,930,685
2437,1,Fast,0.6597800850868225,932,610
2437,1,Fast,0.5759961009025574,925,1061
2437,1,Fast,0.3999267816543579,1075,990
2438,1,Fast,0.8361236453056335,928,680
2438,1,Fast,0.7049702405929565,932,606
2438,1,Fast,0.6909420490264893,958,786
2438,1,Fast,0.3569644093513489,1072,984
2439,1,Fast,0.8376451134681702,956,780
2439,1,Fast,0.8085073232650757,927,676
2439,1,Fast,0.7551396489143372,931,603
2439,1,Fast,0.4448704421520233,1070,977
2440,1,Fast,0.8720000982284546,954,773
2440,1,Fast,0.8395418524742126,925,672
2440,1,Fast,0.5941948890686035,931,599
2441,1,Fast,0.8620080351829529,925,667
2441,1,Fast,0.8423519134521484,953,767
2441,1,Fast,0.4019722640514374,929,596
2442,1,Fast,0.8564973473548889,950,761
2442,1,Fast,0.8409906029701233,923,663
2442,1,Fast,0.3226914703845978,929,593
2443,1,Fast,0.8412649631500244,921,658
2443,1,Fast,0.8106868267059326,950,755
2443,1,Fast,0.3775424361228943,928,590
2444,1,Fast,0.8605281114578247,920,653
2444,1,Fast,0.7646080255508423,947,749
2445,1,Fast,0.8397917151451111,919,648
2445,1,Fast,0.7365512251853943,946,743
2445,1,Fast,0.6098005771636963,927,585
2446,1,Fast,0.8227007985115051,918,642
2446,1,Fast,0.5251081585884094,944,736
2446,1,Fast,0.39980021119117737,926,581
2447,1,Fast,0.8604426980018616,917,639
2447,1,Fast,0.7055457234382629,943,732
2448,1,Fast,0.8514890670776367,916,635
2448,1,Fast,0.556259036064148,940,726
2448,1,Fast,0.44303274154663086,1046,922
2448,1,Fast,0.3038040101528168,925,575
2449,1,Fast,0.781792163848877,916,631
2449,1,Fast,0.39853420853614807,1043,916
2449,1,Fast,0.3081633746623993,937,721
2450,1,Fast,0.7762677073478699,914,626
2450,1,Fast,0.6075235605239868,936,716
2451,1,Fast,0.8185004591941833,913,622
2451,1,Fast,0.5883795022964478,935,710
2452,1,Fast,0.8157516121864319,912,618
2452,1,Fast,0.7216949462890625,934,704
2453,1,Fast,0.7962652444839478,931,699
2453,1,Fast,0.7626209855079651,911,614
2453,1,Fast,0.3494916260242462,1123,1072
2453,1,Fast,0.3231582045555115,1034,893
2454,1,Fast,0.755873441696167,930,694
2454,1,Fast,0.7131690979003906,910,609
2454,1,Fast,0.4901912808418274,1032,888
2454,1,Fast,0.4571106731891632,1115,1068
2455,1,Fast,0.7582718729972839,910,605
2455,1,Fast,0.5430369973182678,928,689
2455,1,Fast,0.47310468554496765,921,554
2455,1,Fast,0.3090161979198456,1113,1065
2456,1,Fast,0.6533768773078918,909,601
2456,1,Fast,0.5567472577095032,921,552
2457,1,Fast,0.7258551716804504,908,597
2457,1,Fast,0.6095686554908752,920,550
2457,1,Fast,0.5448245406150818,927,678
2458,1,Fast,0.6368129253387451,926,673
2458,1,Fast,0.5752338767051697,906,593
2458,1,Fast,0.34595057368278503,920,547
2459,1,Fast,0.7594258189201355,906,589
2459,1,Fast,0.6779851317405701,924,668
2459,1,Fast,0.5079358220100403,920,544
2460,1,Fast,0.7962528467178345,923,664
2460,1,Fast,0.6790440678596497,905,585
2460,1,Fast,0.3020871877670288,919,541
2461,1,Fast,0.8039400577545166,922,658
2461,1,Fast,0.8004541397094727,904,581
2461,1,Fast,0.4729854166507721,919,538
2461,1,Fast,0.3591511845588684,1018,850
2462,1,Fast,0.8419198393821716,921,655
2462,1,Fast,0.8081109523773193,903,577
2462,1,Fast,0.6783966422080994,919,536
2463,1,Fast,0.8290369510650635,920,650
2463,1,Fast,0.8037096858024597,903,574
2463,1,Fast,0.3147876262664795,919,533
2464,1,Fast,0.7491269707679749,903,570
2464,1,Fast,0.7319915294647217,919,645
2464,1,Fast,0.5789387822151184,1011,835
2464,1,Fast,0.43880605697631836,918,530
2464,1,Fast,0.3017784357070923,854,686
2465,1,Fast,0.7975443601608276,902,566
2465,1,Fast,0.7845088243484497,917,640
2465,1,Fast,0.5919646620750427,1010,830
2465,1,Fast,0.30075711011886597,855,690
2466,1,Fast,0.8001377582550049,901,562
2466,1,Fast,0.7826366424560547,917,636
2466,1,Fast,0.43251511454582214,1008,825
2467,1,Fast,0.7954822182655334,901,559
2467,1,Fast,0.4661995470523834,916,631
2468,1,Fast,0.6673513650894165,900,556
2468,1,Fast,0.4802405834197998,913,628
2469,1,Fast,0.6837520003318787,899,553
2469,1,Fast,0.647397518157959,858,712
2469,1,Fast,0.5896937251091003,913,623
2470,1,Fast,0.7028130292892456,898,549
2470,1,Fast,0.6112684607505798,859,717
2470,1,Fast,0.4802256226539612,912,618
2471,1,Fast,0.6652478575706482,898,546
2471,1,Fast,0.5136603713035583,860,723
2471,1,Fast,0.5019798278808594,911,614
2472,1,Fast,0.7105733752250671,897,541
2473,1,Fast,0.6749055981636047,897,538
2473,1,Fast,0.6220455169677734,908,605
2473,1,Fast,0.4300915002822876,865,736
2474,1,Fast,0.7050557732582092,896,535
2474,1,Fast,0.49010786414146423,865,742
2475,1,Fast,0.6548559665679932,906,597
2475,1,Fast,0.6248029470443726,896,532
2476,1,Fast,0.6987178325653076,896,529
2476,1,Fast,0.542393684387207,990,777
2476,1,Fast,0.4945535957813263,906,594
2476,1,Fast,0.3065448999404907,868,755
2477,1,Fast,0.7251513004302979,904,590
2477,1,Fast,0.7193986177444458,989,773
2477,1,Fast,0.6346083283424377,895,526
2477,1,Fast,0.6250260472297668,870,761
2478,1,Fast,0.8562084436416626,870,768
2478,1,Fast,0.6601939797401428,987,769
2478,1,Fast,0.5853895545005798,895,522
2478,1,Fast,0.4457198977470398,904,586
2479,1,Fast,0.8251243829727173,872,774
2479,1,Fast,0.6354049444198608,904,582
2479,1,Fast,0.41963887214660645,894,520
2479,1,Fast,0.37834200263023376,985,764
2479,2,Slow,0.3060399293899536,1036,915
2480,1,Fast,0.7970464825630188,873,780
2480,1,Fast,0.49732545018196106,894,516
2480,1,Fast,0.35955673456192017,984,760
2481,1,Fast,0.7360609173774719,876,787
2481,2,Slow,0.6962161660194397,1032,906
2481,1,Fast,0.41181567311286926,894,514
2482,1,Fast,0.7711084485054016,878,795
2483,1,Fast,0.8427157998085022,880,802
2483,1,Fast,0.5488033890724182,892,508
2483,1,Fast,0.35215651988983154,980,747
2484,1,Fast,0.8522477149963379,881,807
2484,1,Fast,0.3661487400531769,892,504
2485,1,Fast,0.8407113552093506,884,815
2485,1,Fast,0.5066481828689575,892,500
2486,1,Fast,0.829845130443573,885,824
2486,1,Fast,0.5375307202339172,892,498
2487,1,Fast,0.8571663498878479,887,830
2487,1,Fast,0.4353594183921814,975,730
2488,1,Fast,0.8673626184463501,888,838
2488,2,Slow,0.5283031463623047,1019,869
2488,1,Fast,0.43895429372787476,891,492
2489,1,Fast,0.835874080657959,890,845
2489,1,Fast,0.5751650929450989,890,490
2490,1,Fast,0.8640381693840027,893,853
2490,1,Fast,0.5798929929733276,970,719
2490,1,Fast,0.4721617102622986,890,488
2491,1,Fast,0.8231083154678345,896,862
2491,1,Fast,0.6948873400688171,969,715
2491,1,Fast,0.3563827872276306,890,484
2492,1,Fast,0.860221803188324,897,870
2492,1,Fast,0.8100298047065735,968,711
2493,1,Fast,0.8361620903015137,899,878
2493,1,Fast,0.7895216345787048,966,707
2493,2,Slow,0.6014413237571716,1007,843
2494,1,Fast,0.8519823551177979,902,886
2494,1,Fast,0.8017957806587219,965,703
2495,1,Fast,0.823512852191925,964,700
2495,1,Fast,0.8044851422309875,904,895
2496,1,Fast,0.87464439868927,906,903
2496,1,Fast,0.7543460130691528,963,696
2496,1,Fast,0.40126705169677734,887,470
2497,1,Fast,0.8299878239631653,909,912
2497,1,Fast,0.5899868011474609,962,692
2497,1,Fast,0.40388524532318115,887,468
2498,1,Fast,0.8546842336654663,912,921
2498,1,Fast,0.5116694569587708,961,689
2499,1,Fast,0.866815984249115,915,930
2499,1,Fast,0.5343156456947327,885,463
2499,1,Fast,0.5039004683494568,959,685
2500,1,Fast,0.8702097535133362,918,940
2500,1,Fast,0.7234691977500916,959,681
2500,1,Fast,0.30811622738838196,885,461
2501,1,Fast,0.8849846124649048,919,948
2502,1,Fast,0.8855535387992859,922,959
2502,1,Fast,0.49125927686691284,956,675
2503,1,Fast,0.8747905492782593,925,968
2504,1,Fast,0.8650931715965271,928,979
2504,1,Fast,0.42297449707984924,954,667
2505,1,Fast,0.8619462847709656,930,988
2505,1,Fast,0.398719847202301,953,664
2506,1,Fast,0.8797567486763,933,998
2506,1,Fast,0.5687423944473267,952,661
2507,1,Fast,0.8745923638343811,937,1009
2507,1,Fast,0.6106503009796143,950,658
2508,1,Fast,0.8733147978782654,941,1020
2508,1,Fast,0.6338716745376587,949,654
2509,1,Fast,0.8749076724052429,945,1031
2509,1,Fast,0.7036004066467285,948,651
2510,1,Fast,0.8715410828590393,948,1042
2510,1,Fast,0.5045722723007202,948,647
2511,1,Fast,0.8400289416313171,952,1051
2511,1,Fast,0.733465313911438,947,644
2512,1,Fast,0.7888594269752502,955,1058
2512,1,Fast,0.7597149014472961,946,641
2513,1,Fast,0.6414896845817566,945,638
2513,1,Fast,0.4387170970439911,957,1064
2514,1,Fast,0.5212260484695435,944,634
2517,1,Fast,0.38548532128334045,941,625
2518,1,Fast,0.5953765511512756,940,622
2519,1,Fast,0.45956921577453613,940,619
2520,1,Fast,0.324404776096344,939,616
2521,1,Fast,0.587230384349823,938,613
2523,1,Fast,0.6616581678390503,937,607
2524,1,Fast,0.347793847322464,936,604
2525,2,Slow,0.39956042170524597,978,842
2528,1,Fast,0.4351325035095215,933,593
2528,1,Fast,0.35970473289489746,971,823
2529,2,Slow,0.4761974811553955,1031,966
2531,1,Fast,0.5448158383369446,966,805
2531,1,Fast,0.3218110203742981,930,585
2532,1,Fast,0.7183131575584412,963,799
2533,1,Fast,0.8079032301902771,962,792
2534,1,Fast,0.7946272492408752,960,788
2535,1,Fast,0.6938816905021667,958,783
2535,1,Fast,0.38940730690956116,1016,923
2536,1,Fast,0.7427188754081726,956,776
2537,1,Fast,0.8572191596031189,954,771
2538,2,Slow,0.6291918158531189,1008,903
2539,1,Fast,0.7244045734405518,950,760
2539,1,Fast,0.6358326077461243,1005,896
2539,1,Fast,0.374114990234375,1090,1013
2540,1,Fast,0.7126651406288147,948,755
2540,2,Slow,0.683272123336792,1003,890
2540,1,Fast,0.47121304273605347,1087,1006
2541,1,Fast,0.6754189133644104,1084,999
2541,1,Fast,0.40917444229125977,947,749
2542,1,Fast,0.8189970850944519,945,744
2542,1,Fast,0.7233995795249939,1081,993
2543,1,Fast,0.6615424156188965,944,739
2543,1,Fast,0.5515388250350952,996,870
2544,1,Fast,0.5353537201881409,942,733
2545,1,Fast,0.5382267236709595,941,729
2545,2,Slow,0.48997727036476135,991,858
2546,1,Fast,0.4384709894657135,989,852
2546,1,Fast,0.42066606879234314,939,725
2547,2,Slow,0.3467358946800232,987,846
2547,2,Slow,0.3165460526943207,1164,1068
2548,2,Slow,0.5815799236297607,1162,1065
2548,1,Fast,0.3614889085292816,984,840
2549,1,Fast,0.6832410097122192,982,834
2549,2,Slow,0.6534671187400818,1158,1062
2550,1,Fast,0.488445907831192,1155,1058
2550,2,Slow,0.4054790735244751,980,829
2551,1,Fast,0.6140971183776855,1150,1051
2552,1,Fast,0.7023648023605347,1054,929
2552,1,Fast,0.5982723236083984,976,817
2553,1,Fast,0.37082239985466003,974,810
2554,1,Fast,0.41282036900520325,972,804
2555,1,Fast,0.415458619594574,1136,1025
2556,1,Fast,0.814981997013092,1043,906
2556,1,Fast,0.44996705651283264,925,677
2557,1,Fast,0.6745246648788452,1040,901
2557,1,Fast,0.49950268864631653,1130,1012
2558,1,Fast,0.5615397095680237,1040,1011
2558,1,Fast,0.5255928039550781,1038,895
2558,1,Fast,0.4793732464313507,923,669
2559,1,Fast,0.6388484835624695,921,665
2559,1,Fast,0.6196647882461548,1036,890
2559,1,Fast,0.6155903339385986,962,779
2559,1,Fast,0.6049082279205322,1125,1000
2559,1,Fast,0.5730304718017578,1037,1003
2560,1,Fast,0.8240469098091125,960,773
2560,1,Fast,0.5798807144165039,1033,885
2560,1,Fast,0.331943154335022,920,661
2561,1,Fast,0.7713751196861267,959,768
2561,1,Fast,0.4778134822845459,1031,879
2561,1,Fast,0.38519757986068726,919,657
2562,1,Fast,0.6187840700149536,1028,873
2562,1,Fast,0.5363949537277222,957,763
2562,2,Slow,0.3843083381652832,1115,983
2563,1,Fast,0.6180861592292786,955,757
2564,1,Fast,0.6629047393798828,953,753
2564,1,Fast,0.3189016878604889,1025,863
2565,1,Fast,0.5005073547363281,952,747
2566,1,Fast,0.6916301846504211,950,742
2566,1,Fast,0.6800346374511719,1021,852
2566,1,Fast,0.6445327997207642,915,635
2566,1,Fast,0.5061598420143127,1017,949
2567,1,Fast,0.6404290199279785,949,738
2567,1,Fast,0.5153393149375916,915,632
2567,1,Fast,0.47682496905326843,1014,941
2567,1,Fast,0.3579058349132538,1018,847
2568,1,Fast,0.7359365820884705,1017,842
2568,1,Fast,0.7210516333580017,1012,935
2569,1,Fast,0.7947770357131958,1014,836
2569,1,Fast,0.6627658009529114,1008,927
2569,1,Fast,0.5013647079467773,945,729
2569,1,Fast,0.46738019585609436,829,684
2570,1,Fast,0.7138742208480835,1012,831
2570,1,Fast,0.7113921642303467,1005,921
2571,1,Fast,0.7823271751403809,1010,828
2571,1,Fast,0.7790196537971497,1002,914
2571,1,Fast,0.6917694807052612,1093,933
2572,1,Fast,0.5639387965202332,1008,823
2572,0,VRU,0.3149576783180237,1208,886
2573,1,Fast,0.5710243582725525,998,900
2573,1,Fast,0.532164454460144,1007,818
2574,1,Fast,0.6685510873794556,996,892
2574,1,Fast,0.5601568818092346,1004,814
2574,2,Slow,0.3602246046066284,1085,917
2575,1,Fast,0.6253073811531067,1003,808
2575,2,Slow,0.4735507071018219,1082,912
2576,2,Slow,0.5320846438407898,1080,906
2576,1,Fast,0.4580134451389313,1001,804
2576,1,Fast,0.3343440592288971,991,879
2577,1,Fast,0.7369893789291382,999,799
2577,1,Fast,0.5691582560539246,988,873
2577,0,VRU,0.42685091495513916,1209,887
2577,1,Fast,0.34531858563423157,836,719
2578,1,Fast,0.6811369061470032,987,865
2578,1,Fast,0.5946852564811707,998,793
2578,1,Fast,0.4503801763057709,837,724
2578,1,Fast,0.39995309710502625,932,687
2578,2,Slow,0.3397548794746399,1076,897
2579,1,Fast,0.7916883826255798,997,789
2579,1,Fast,0.6908143758773804,984,860
2579,1,Fast,0.5864386558532715,931,682
2579,2,Slow,0.5105968117713928,1073,891
2579,1,Fast,0.36023271083831787,837,729
2580,1,Fast,0.7494405508041382,994,785
2580,1,Fast,0.7279890179634094,929,679
2580,1,Fast,0.7232487797737122,981,854
2580,1,Fast,0.48981207609176636,838,733
2580,1,Fast,0.3102823793888092,1027,970
2581,1,Fast,0.744491457939148,992,781
2581,1,Fast,0.6709383130073547,928,674
2581,1,Fast,0.6436731815338135,839,738
2581,1,Fast,0.49661359190940857,979,848
2581,2,Slow,0.40916961431503296,1070,881
2582,1,Fast,0.7830761671066284,841,743
2582,1,Fast,0.7659539580345154,927,671
2582,1,Fast,0.6891748905181885,1120,1063
2582,1,Fast,0.6390706896781921,991,777
2583,1,Fast,0.7582169771194458,841,748
2583,1,Fast,0.7286178469657898,989,772
2583,1,Fast,0.7193740010261536,925,667
2583,1,Fast,0.5041416883468628,1116,1059
2583,1,Fast,0.4808693528175354,974,836
2583,1,Fast,0.3207020163536072,1073,1074
2584,1,Fast,0.7102218270301819,1071,1069
2584,1,Fast,0.6977245807647705,988,768
2584,1,Fast,0.6826733350753784,842,754
2584,1,Fast,0.5825773477554321,924,663
2584,1,Fast,0.5615259408950806,972,830
2584,1,Fast,0.40395620465278625,1111,1055
2585,1,Fast,0.8039742112159729,1067,1065
2585,1,Fast,0.6360065937042236,987,764
2585,1,Fast,0.6177621483802795,843,759
2585,1,Fast,0.4178351163864136,923,659
2585,1,Fast,0.36030128598213196,970,824
2585,1,Fast,0.35819387435913086,1106,1049
2586,1,Fast,0.8255913853645325,1061,1060
2586,1,Fast,0.7824515104293823,985,759
2586,1,Fast,0.7504363656044006,922,655
2586,1,Fast,0.7316102385520935,1103,1042
2586,2,Slow,0.5590621829032898,1059,857
2586,1,Fast,0.5031774640083313,968,818
2586,1,Fast,0.46178871393203735,843,763
2587,1,Fast,0.8422673344612122,921,652
2587,1,Fast,0.8092780709266663,1056,1056
2587,1,Fast,0.8089489340782166,984,756
2587,1,Fast,0.7965896129608154,1099,1035
2587,2,Slow,0.6042981147766113,1056,854
2587,1,Fast,0.5747138857841492,966,813
2588,1,Fast,0.8453938364982605,1096,1028
2588,1,Fast,0.8417240381240845,1052,1048
2588,1,Fast,0.8029454350471497,920,647
2588,1,Fast,0.7551746368408203,981,751
2588,2,Slow,0.6076295375823975,1056,848
2588,1,Fast,0.36355772614479065,965,807
2589,1,Fast,0.8722013831138611,1093,1020
2589,1,Fast,0.8433396220207214,1047,1040
2589,1,Fast,0.7793008685112,919,643
2589,1,Fast,0.6954376101493835,980,746
2589,1,Fast,0.6517789959907532,963,802
2589,2,Slow,0.6130377054214478,1054,844
2590,1,Fast,0.8594944477081299,1045,1031
2590,1,Fast,0.8530058264732361,1091,1014
2590,1,Fast,0.8049188852310181,918,640
2590,1,Fast,0.7905917167663574,979,743
2590,1,Fast,0.726745069026947,961,797
2590,2,Slow,0.45919594168663025,1051,840
2590,2,Slow,0.336815744638443,1001,898
2591,1,Fast,0.8713352084159851,1041,1022
2591,1,Fast,0.8685316443443298,1087,1006
2591,1,Fast,0.8335086703300476,917,635
2591,1,Fast,0.7961470484733582,978,739
2591,1,Fast,0.7248021364212036,959,791
2591,2,Slow,0.5590271949768066,1050,836
2592,1,Fast,0.8545058369636536,1038,1015
2592,1,Fast,0.8388028144836426,1085,1000
2592,1,Fast,0.8273897767066956,977,736
2592,1,Fast,0.7751013040542603,917,632
2592,1,Fast,0.5688312649726868,958,787
2592,2,Slow,0.5307329297065735,1048,830
2593,1,Fast,0.8789985179901123,1034,1006
2593,1,Fast,0.8633226752281189,1082,993
2593,1,Fast,0.8181032538414001,975,732
2593,1,Fast,0.6639869213104248,852,801
2593,1,Fast,0.6216557621955872,977,649
2593,2,Slow,0.5665206909179688,1046,825
2593,1,Fast,0.5325184464454651,915,629
2593,1,Fast,0.5325087308883667,955,781
2594,1,Fast,0.8792978525161743,1032,999
2594,1,Fast,0.866960883140564,1078,987
2594,1,Fast,0.8013634085655212,974,729
2594,1,Fast,0.7578293681144714,853,807
2594,1,Fast,0.5746908187866211,915,625
2594,2,Slow,0.559810221195221,1044,823
2594,1,Fast,0.3817708492279053,953,776
2595,1,Fast,0.8831755518913269,1029,991
2595,1,Fast,0.8696631193161011,1076,981
2595,1,Fast,0.8031184673309326,972,724
2595,1,Fast,0.7550298571586609,854,813
2595,1,Fast,0.7446712255477905,914,621
2595,1,Fast,0.4876486361026764,952,771
2595,1,Fast,0.3806593418121338,975,643
2596,1,Fast,0.8549224734306335,1074,975
2596,1,Fast,0.8347833752632141,1027,984
2596,1,Fast,0.7872359156608582,971,720
2596,1,Fast,0.725220263004303,913,618
2596,1,Fast,0.6873009204864502,855,818
2596,1,Fast,0.6117437481880188,949,766
2596,1,Fast,0.5034728646278381,988,860
2596,2,Slow,0.3053622543811798,974,641
2597,1,Fast,0.8643565773963928,1024,977
2597,1,Fast,0.8281869888305664,948,760
2597,1,Fast,0.8153120875358582,970,716
2597,1,Fast,0.7995976805686951,1071,969
2597,1,Fast,0.7169739603996277,986,855
2597,1,Fast,0.6902154088020325,911,614
2597,1,Fast,0.4640198349952698,856,824
2598,1,Fast,0.8556455969810486,946,755
2598,1,Fast,0.8484503030776978,969,713
2598,1,Fast,0.8366174101829529,1020,970
2598,1,Fast,0.8069061040878296,1068,963
2598,1,Fast,0.7472401857376099,858,830
2598,1,Fast,0.3770657777786255,910,611
2599,1,Fast,0.8577390313148499,1017,962
2599,1,Fast,0.8376976847648621,1064,957
2599,1,Fast,0.8287588953971863,967,708
2599,1,Fast,0.8268400430679321,859,836
2599,1,Fast,0.777277410030365,945,751
2599,2,Slow,0.46084263920783997,1037,801
2599,1,Fast,0.34029728174209595,909,607
2600,1,Fast,0.8606688380241394,1015,954
2600,1,Fast,0.8299961090087891,966,705
2600,1,Fast,0.8191033601760864,943,746
2600,1,Fast,0.8036693334579468,1062,950
2600,1,Fast,0.7544478178024292,861,842
2600,1,Fast,0.6813678741455078,979,837
2601,1,Fast,0.8674576878547668,1012,948
2601,1,Fast,0.8101587295532227,964,702
2601,1,Fast,0.8030045628547668,1059,945
2601,1,Fast,0.7418559193611145,941,741
2601,1,Fast,0.6930631399154663,977,831
2601,1,Fast,0.6920547485351562,862,847
2602,1,Fast,0.8586946129798889,1009,940
2602,1,Fast,0.8323157429695129,1057,938
2602,1,Fast,0.8242835402488708,963,698
2602,1,Fast,0.6809892654418945,939,736
2602,1,Fast,0.6206007599830627,974,826
2602,1,Fast,0.5823479294776917,864,854
2602,2,Slow,0.3838375210762024,968,622
2602,2,Slow,0.3075580298900604,1031,788
2603,1,Fast,0.8633809685707092,1055,932
2603,1,Fast,0.8512388467788696,1006,933
2603,1,Fast,0.7661815881729126,962,695
2603,2,Slow,0.6925359964370728,1030,784
2603,1,Fast,0.692236602306366,938,732
2603,1,Fast,0.5559061765670776,865,861
2603,2,Slow,0.4223368465900421,967,620
2604,1,Fast,0.8314188718795776,1004,925
2604,1,Fast,0.8224114775657654,1052,926
2604,1,Fast,0.7858049869537354,937,728
2604,1,Fast,0.7758679389953613,961,690
2604,1,Fast,0.7710811495780945,867,867
2604,2,Slow,0.622075080871582,1028,781
2605,1,Fast,0.8477485179901123,1001,919
2605,1,Fast,0.8268699645996094,868,874
2605,1,Fast,0.8005296587944031,1049,921
2605,1,Fast,0.792360246181488,961,687
2605,1,Fast,0.6947166919708252,935,722
2605,2,Slow,0.637678861618042,1027,777
2606,1,Fast,0.8537577390670776,999,912
2606,1,Fast,0.8408253788948059,1047,915
2606,1,Fast,0.8284728527069092,869,881
2606,2,Slow,0.6497722864151001,1024,772
2606,1,Fast,0.49545371532440186,960,683
2606,1,Fast,0.458026260137558,934,718
2607,1,Fast,0.8536723852157593,871,887
2607,1,Fast,0.7914644479751587,997,906
2607,1,Fast,0.7265030741691589,1045,909
2607,1,Fast,0.6503332257270813,959,680
2607,1,Fast,0.42493578791618347,933,714
2607,2,Slow,0.38102519512176514,1022,768
2607,2,Slow,0.31038177013397217,963,609
2608,1,Fast,0.8358339667320251,995,900
2608,1,Fast,0.8146920800209045,873,893
2608,1,Fast,0.7935444116592407,1042,904
2608,1,Fast,0.6882528066635132,957,676
2608,1,Fast,0.5366557836532593,932,709
2609,1,Fast,0.8443312048912048,875,900
2609,1,Fast,0.8253591656684875,992,893
2609,1,Fast,0.822263240814209,1040,899
2609,1,Fast,0.7276077270507812,956,674
2609,1,Fast,0.5571340918540955,930,704
2609,2,Slow,0.513761579990387,962,604
2609,1,Fast,0.42379823327064514,836,732
2610,1,Fast,0.8409364819526672,989,887
2610,1,Fast,0.8153558969497681,877,907
2610,1,Fast,0.7452836036682129,1038,894
2610,1,Fast,0.7384178638458252,960,783
2610,1,Fast,0.7150048017501831,955,671
2610,1,Fast,0.5264663696289062,929,700
2610,1,Fast,0.38599923253059387,837,738
2611,1,Fast,0.8565617203712463,878,913
2611,1,Fast,0.8409436345100403,987,881
2611,1,Fast,0.7446779608726501,1034,888
2611,1,Fast,0.704065203666687,953,667
2611,1,Fast,0.4167509973049164,927,695
2611,1,Fast,0.41459858417510986,838,743
2611,2,Slow,0.4108361303806305,1017,752
2611,1,Fast,0.33269965648651123,959,776
2612,1,Fast,0.8389853239059448,984,875
2612,1,Fast,0.8239489793777466,881,920
2612,1,Fast,0.7224593162536621,1033,883
2612,1,Fast,0.36058446764945984,925,691
2612,1,Fast,0.34774819016456604,953,663
2612,1,Fast,0.3132950961589813,839,748
2613,1,Fast,0.857477605342865,982,868
2613,1,Fast,0.8255237936973572,882,928
2613,1,Fast,0.778790295124054,1031,877
2613,1,Fast,0.6018015146255493,840,753
2613,1,Fast,0.5765028595924377,951,660
2613,1,Fast,0.4601612091064453,924,687
2613,2,Slow,0.33647751808166504,963,594
2614,1,Fast,0.8596067428588867,883,935
2614,1,Fast,0.8573734760284424,980,862
2614,1,Fast,0.802091658115387,1028,872
2614,1,Fast,0.6525720953941345,841,758
2614,1,Fast,0.5541606545448303,950,658
2614,2,Slow,0.3647618591785431,1012,742
2615,1,Fast,0.8707060217857361,885,943
2615,1,Fast,0.8673537969589233,979,856
2615,1,Fast,0.7709713578224182,1026,866
2615,1,Fast,0.45893406867980957,949,654
2615,1,Fast,0.39911797642707825,922,679
2615,2,Slow,0.3307303786277771,1011,738
2615,1,Fast,0.31344184279441833,1043,1007
2616,1,Fast,0.8684608340263367,887,951
2616,1,Fast,0.8572817444801331,976,849
2616,1,Fast,0.7904991507530212,1025,861
2616,1,Fast,0.5606425404548645,1039,1000
2616,1,Fast,0.3847344219684601,947,649
2617,1,Fast,0.8826457858085632,889,958
2617,1,Fast,0.8652583360671997,974,844
2617,1,Fast,0.7777479290962219,1023,856
2617,1,Fast,0.5709711909294128,919,671
2617,1,Fast,0.49457189440727234,845,775
2617,1,Fast,0.4131292402744293,947,646
2617,2,Slow,0.40512487292289734,1007,731
2617,1,Fast,0.39540228247642517,1036,993
2618,1,Fast,0.8898248076438904,891,965
2618,1,Fast,0.861599862575531,972,838
2618,1,Fast,0.7816371321678162,1020,851
2618,1,Fast,0.5701022148132324,918,667
2618,1,Fast,0.5665909647941589,1034,985
2618,1,Fast,0.5487712621688843,945,643
2618,2,Slow,0.537174642086029,954,581
2618,2,Slow,0.5109202265739441,1006,728
2619,1,Fast,0.8966536521911621,892,973
2619,1,Fast,0.8530827760696411,970,832
2619,1,Fast,0.8270097374916077,1017,847
2619,2,Slow,0.6134260892868042,1006,723
2619,1,Fast,0.5743315815925598,1031,977
2619,1,Fast,0.47481757402420044,946,640
2619,1,Fast,0.4226703345775604,917,663
2619,2,Slow,0.36564910411834717,954,578
2620,1,Fast,0.8785716891288757,894,981
2620,1,Fast,0.8618273138999939,968,826
2620,1,Fast,0.8351521492004395,1015,841
2620,2,Slow,0.693127453327179,953,576
2620,1,Fast,0.5915336012840271,945,638
2620,2,Slow,0.48941338062286377,1006,720
2620,1,Fast,0.4892106056213379,916,659
2620,1,Fast,0.44926828145980835,1028,970
2621,1,Fast,0.8737969398498535,897,989
2621,1,Fast,0.8583002090454102,966,820
2621,1,Fast,0.8382248282432556,1013,836
2621,1,Fast,0.6308501958847046,1025,963
2621,1,Fast,0.6287032961845398,915,656
2621,2,Slow,0.5776926279067993,952,573
2621,1,Fast,0.4967396855354309,945,635
2621,2,Slow,0.39365652203559875,1004,718
2622,1,Fast,0.8648450970649719,899,997
2622,1,Fast,0.8523101806640625,965,815
2622,1,Fast,0.8410434722900391,1012,832
2622,1,Fast,0.711499035358429,915,651
2622,1,Fast,0.626650869846344,943,633
2622,1,Fast,0.6080239415168762,1022,955
2622,2,Slow,0.5450979471206665,1002,714
2622,1,Fast,0.5321189761161804,849,801
2622,2,Slow,0.3789832592010498,951,571
2623,1,Fast,0.868206262588501,902,1004
2623,1,Fast,0.8581358194351196,963,810
2623,1,Fast,0.845830500125885,1011,828
2623,1,Fast,0.6552472710609436,915,647
2623,1,Fast,0.6215465068817139,850,806
2623,1,Fast,0.5152469277381897,1019,948
2623,1,Fast,0.514255702495575,943,629
2623,2,Slow,0.5021457672119141,1001,710
2623,1,Fast,0.36368119716644287,1036,1017
2623,2,Slow,0.3410795032978058,950,569
2624,1,Fast,0.8626604676246643,903,1014
2624,1,Fast,0.8536872863769531,962,805
2624,1,Fast,0.8474131226539612,1008,823
2624,1,Fast,0.8147860169410706,851,812
2624,1,Fast,0.770009458065033,1018,941
2624,2,Slow,0.6218107342720032,950,567
2624,1,Fast,0.5810732245445251,912,644
2624,1,Fast,0.3699508011341095,1032,1010
2624,2,Slow,0.3683900237083435,999,706
2624,1,Fast,0.3607836961746216,941,626
2625,1,Fast,0.8794894218444824,906,1022
2625,1,Fast,0.8482710719108582,959,800
2625,1,Fast,0.8430407047271729,852,817
2625,1,Fast,0.824299693107605,1006,819
2625,1,Fast,0.6218831539154053,1015,935
2625,1,Fast,0.6157103776931763,940,624
2625,2,Slow,0.5896875262260437,997,705
2625,2,Slow,0.5774611234664917,950,565
2625,1,Fast,0.5477246642112732,1028,1002
2625,1,Fast,0.5119153261184692,912,640
2626,1,Fast,0.8609316349029541,908,1031
2626,1,Fast,0.8429322242736816,958,795
2626,1,Fast,0.8210393190383911,1004,815
2626,1,Fast,0.7207146883010864,1013,928
2626,1,Fast,0.684594452381134,854,823
2626,2,Slow,0.5746703743934631,949,563
2626,2,Slow,0.5432395339012146,995,701
2626,1,Fast,0.4841342568397522,910,637
2626,1,Fast,0.45471975207328796,939,620
2626,1,Fast,0.45036008954048157,1025,995
2627,1,Fast,0.8512725830078125,956,790
2627,1,Fast,0.8290364146232605,1002,810
2627,1,Fast,0.8188621401786804,910,1039
2627,1,Fast,0.7343831658363342,1010,921
2627,1,Fast,0.7012239694595337,854,829
2627,2,Slow,0.5995721817016602,949,560
2627,1,Fast,0.5956371426582336,1022,987
2627,1,Fast,0.5517885684967041,910,633
2627,1,Fast,0.5019440650939941,938,617
2627,2,Slow,0.44358932971954346,994,697
2628,1,Fast,0.8577412962913513,954,784
2628,1,Fast,0.8146697282791138,1000,804
2628,1,Fast,0.7067652940750122,912,1049
2628,2,Slow,0.6773645877838135,994,693
2628,1,Fast,0.6519129872322083,909,630
2628,1,Fast,0.6212438344955444,938,614
2628,1,Fast,0.5210999250411987,856,836
2628,1,Fast,0.47839105129241943,1019,980
2628,2,Slow,0.31717929244041443,948,557
2628,1,Fast,0.3097843825817108,1006,914
2629,1,Fast,0.8425840139389038,953,779
2629,1,Fast,0.8206184506416321,999,800
2629,1,Fast,0.8124735951423645,916,1056
2629,1,Fast,0.6029760837554932,908,626
2629,1,Fast,0.5921486020088196,937,611
2629,2,Slow,0.5393884778022766,990,689
2629,1,Fast,0.5127514600753784,857,841
2629,1,Fast,0.5079997181892395,1016,972
2629,1,Fast,0.46755874156951904,932,693
2629,2,Slow,0.44377651810646057,947,554
2630,1,Fast,0.8670850992202759,951,774
2630,1,Fast,0.8084059357643127,919,1061
2630,1,Fast,0.7318822145462036,997,795
2630,1,Fast,0.7314468622207642,936,608
2630,1,Fast,0.6675567030906677,907,623
2630,2,Slow,0.5917462706565857,946,551
2630,2,Slow,0.5690411925315857,991,686
2630,1,Fast,0.5351352095603943,858,848
2630,1,Fast,0.5055336952209473,1002,901
2630,1,Fast,0.34581267833709717,1014,965
2631,1,Fast,0.8634849786758423,950,769
2631,1,Fast,0.8281764388084412,996,791
2631,1,Fast,0.789700984954834,922,1065
2631,1,Fast,0.6985413432121277,859,853
2631,2,Slow,0.6623077392578125,946,549
2631,1,Fast,0.6532448530197144,1012,958
2631,2,Slow,0.6078814268112183,989,683
2631,1,Fast,0.6041443943977356,936,604
2631,1,Fast,0.5956164002418518,930,684
2631,1,Fast,0.5794680714607239,1000,894
2632,1,Fast,0.8524335026741028,948,764
2632,1,Fast,0.8198158144950867,994,787
2632,1,Fast,0.7060958743095398,861,860
2632,1,Fast,0.6183792352676392,1009,951
2632,1,Fast,0.5874543786048889,929,681
2632,1,Fast,0.5846533179283142,997,889
2632,2,Slow,0.57809978723526,946,547
2632,1,Fast,0.5009835958480835,906,615
2632,1,Fast,0.4272414743900299,935,601
2632,2,Slow,0.3962428867816925,989,680
2633,1,Fast,0.8406998515129089,862,866
2633,1,Fast,0.8317153453826904,947,759
2633,1,Fast,0.8304196000099182,992,783
2633,1,Fast,0.7969821691513062,995,883
2633,1,Fast,0.5999915599822998,1006,943
2633,1,Fast,0.5026091933250427,934,599
2633,2,Slow,0.4589470624923706,987,677
2633,2,Slow,0.43424105644226074,945,545
2633,1,Fast,0.3673737943172455,927,678
2634,1,Fast,0.8313314318656921,863,873
2634,1,Fast,0.757229745388031,1003,936
2634,1,Fast,0.703838586807251,990,778
2634,1,Fast,0.6594839096069336,993,876
2634,1,Fast,0.6464564800262451,945,754
2634,2,Slow,0.44815593957901,987,675
2634,2,Slow,0.38661712408065796,944,544
2634,1,Fast,0.3847622573375702,933,598
2635,1,Fast,0.8544551134109497,865,879
2635,1,Fast,0.8481673002243042,944,748
2635,1,Fast,0.8244845867156982,989,774
2635,1,Fast,0.7411933541297913,990,869
2635,1,Fast,0.7313112616539001,1001,930
2635,1,Fast,0.566042423248291,904,605
2635,1,Fast,0.43072018027305603,932,595
2635,2,Slow,0.4088263511657715,945,542
2635,2,Slow,0.3215249180793762,992,667
2635,2,Slow,0.3005835711956024,985,671
2636,1,Fast,0.8660163879394531,943,743
2636,1,Fast,0.8639007806777954,867,885
2636,1,Fast,0.8449718952178955,988,770
2636,1,Fast,0.7122382521629333,988,864
2636,1,Fast,0.692473828792572,903,601
2636,1,Fast,0.6615446209907532,999,923
2636,1,Fast,0.5487467050552368,931,592
2636,2,Slow,0.5226523876190186,984,668
2637,1,Fast,0.8626987338066101,941,739
2637,1,Fast,0.8414672613143921,868,892
2637,1,Fast,0.8159514665603638,996,917
2637,1,Fast,0.8147839903831482,986,766
2637,1,Fast,0.782238781452179,986,859
2637,1,Fast,0.6607677936553955,903,599
2637,1,Fast,0.6480346918106079,931,589
2637,2,Slow,0.5185770988464355,983,664
2638,1,Fast,0.860910177230835,940,734
2638,1,Fast,0.8305931687355042,984,852
2638,1,Fast,0.8301123976707458,984,761
2638,1,Fast,0.8089165687561035,994,910
2638,1,Fast,0.7785943746566772,870,900
2638,1,Fast,0.6680594086647034,902,595
2638,1,Fast,0.584540069103241,930,587
2638,2,Slow,0.5759490728378296,982,661
2639,1,Fast,0.8609457612037659,938,730
2639,1,Fast,0.8333112001419067,992,903
2639,1,Fast,0.8325759172439575,983,757
2639,1,Fast,0.8137068152427673,872,906
2639,1,Fast,0.7746613025665283,983,846
2639,1,Fast,0.7180261015892029,901,592
2639,2,Slow,0.5153183937072754,980,659
2639,2,Slow,0.3139854371547699,942,532
2640,1,Fast,0.8678441643714905,937,725
2640,1,Fast,0.8558346629142761,982,752
2640,1,Fast,0.8261662721633911,989,897
2640,1,Fast,0.7566147446632385,980,840
2640,1,Fast,0.7405704855918884,901,588
2640,2,Slow,0.6923170685768127,979,655
2640,1,Fast,0.676837682723999,873,913
2640,1,Fast,0.6588281393051147,1040,866
2640,1,Fast,0.561339259147644,930,581
2640,2,Slow,0.4507288336753845,942,530
2640,1,Fast,0.4246608316898346,921,650
2641,1,Fast,0.8636937141418457,935,721
2641,1,Fast,0.8545736074447632,980,749
2641,1,Fast,0.8424074053764343,986,890
2641,1,Fast,0.7865533232688904,1037,861
2641,1,Fast,0.6989310383796692,978,835
2641,2,Slow,0.6714144349098206,979,651
2641,1,Fast,0.646752655506134,901,585
2641,1,Fast,0.6448332071304321,930,578
2641,1,Fast,0.6110678911209106,875,920
2642,1,Fast,0.8664367198944092,934,717
2642,1,Fast,0.8492798209190369,980,745
2642,1,Fast,0.8011244535446167,984,884
2642,1,Fast,0.7737694382667542,976,829
2642,1,Fast,0.752192497253418,877,927
2642,1,Fast,0.6739063262939453,1036,857
2642,2,Slow,0.6704984903335571,979,649
2642,1,Fast,0.650953471660614,901,582
2642,1,Fast,0.6310043334960938,919,642
2642,1,Fast,0.5767805576324463,930,575
2643,1,Fast,0.8817469477653503,932,713
2643,1,Fast,0.8509494662284851,978,741
2643,1,Fast,0.8345905542373657,879,934
2643,1,Fast,0.7233030200004578,975,823
2643,1,Fast,0.7092591524124146,983,878
2643,2,Slow,0.6959078907966614,976,646
2643,1,Fast,0.6186918020248413,900,578
2643,1,Fast,0.5655604600906372,930,572
2643,1,Fast,0.45216381549835205,1056,1060
2644,1,Fast,0.8589422106742859,881,941
2644,1,Fast,0.8588330745697021,932,708
2644,1,Fast,0.8239564895629883,977,737
2644,1,Fast,0.7604816555976868,981,871
2644,1,Fast,0.7367883920669556,974,818
2644,1,Fast,0.718962550163269,1052,1053
2644,2,Slow,0.6957142353057861,975,644
2644,1,Fast,0.6887391805648804,900,574
2644,1,Fast,0.5948994159698486,929,569
2644,2,Slow,0.3851415514945984,984,642
2645,1,Fast,0.8559662699699402,930,704
2645,1,Fast,0.85107421875,883,949
2645,1,Fast,0.8210216164588928,972,813
2645,1,Fast,0.8205976486206055,978,865
2645,1,Fast,0.7759520411491394,975,734
2645,1,Fast,0.7445083856582642,1049,1043
2645,2,Slow,0.662734866142273,975,641
2645,1,Fast,0.6426050662994385,928,567
2645,1,Fast,0.5739531517028809,899,572
2645,2,Slow,0.48164474964141846,983,639
2646,1,Fast,0.8619564175605774,884,957
2646,1,Fast,0.8608352541923523,930,699
2646,1,Fast,0.8136714100837708,973,730
2646,1,Fast,0.7287508845329285,1045,1034
2646,1,Fast,0.6978365778923035,969,807
2646,1,Fast,0.6674259305000305,976,860
2646,1,Fast,0.6578128337860107,926,565
2646,1,Fast,0.6385852694511414,898,568
2646,2,Slow,0.6281855702400208,973,638
2646,2,Slow,0.3127109706401825,980,637
2647,1,Fast,0.8709362745285034,928,695
2647,1,Fast,0.8632206916809082,886,964
2647,1,Fast,0.8285879492759705,971,726
2647,1,Fast,0.8040444850921631,967,801
2647,1,Fast,0.742303192615509,1042,1026
2647,1,Fast,0.7058939337730408,926,562
2647,1,Fast,0.6802316904067993,974,853
2647,2,Slow,0.603569507598877,971,634
2647,1,Fast,0.5861821174621582,898,566
2648,1,Fast,0.8687236905097961,966,796
2648,1,Fast,0.8629278540611267,927,691
2648,1,Fast,0.8525651693344116,888,971
2648,1,Fast,0.8448790311813354,973,847
2648,1,Fast,0.8365287184715271,970,722
2648,1,Fast,0.6808894276618958,897,563
2648,1,Fast,0.5799171924591064,926,560
2648,2,Slow,0.5282285213470459,971,631
2648,1,Fast,0.3998555541038513,914,621
2649,1,Fast,0.8708692789077759,890,979
2649,1,Fast,0.8679143786430359,926,686
2649,1,Fast,0.8568728566169739,965,791
2649,1,Fast,0.8440377712249756,969,718
2649,1,Fast,0.8139479756355286,972,842
2649,1,Fast,0.7019521594047546,897,559
2649,1,Fast,0.6394889950752258,1036,1010
2649,1,Fast,0.5255723595619202,926,558
2649,2,Slow,0.4005643129348755,971,629
2650,1,Fast,0.8886010646820068,925,683
2650,1,Fast,0.8651943802833557,968,714
2650,1,Fast,0.8544254302978516,893,987
2650,1,Fast,0.806729257106781,970,836
2650,1,Fast,0.705059289932251,963,786
2650,1,Fast,0.6998369097709656,897,556
2650,2,Slow,0.5889879465103149,970,626
2650,1,Fast,0.47009962797164917,1033,1003
2650,1,Fast,0.399267315864563,925,555
2651,1,Fast,0.8764254450798035,924,679
2651,1,Fast,0.874790608882904,967,711
2651,1,Fast,0.8471308350563049,968,830
2651,1,Fast,0.8206019997596741,895,995
2651,1,Fast,0.5949755311012268,896,553
2651,1,Fast,0.5459576845169067,1028,994
2651,1,Fast,0.5138809680938721,961,781
2651,1,Fast,0.3804378807544708,924,552
2652,1,Fast,0.8630759716033936,923,675
2652,1,Fast,0.8510723114013672,965,707
2652,1,Fast,0.8144474029541016,897,1003
2652,1,Fast,0.7954539656639099,959,776
2652,1,Fast,0.781701922416687,966,824
2652,1,Fast,0.6654438376426697,1026,987
2652,2,Slow,0.6230010986328125,969,620
2652,1,Fast,0.48533007502555847,896,550
2652,1,Fast,0.3946889042854309,923,550
2653,1,Fast,0.8638059496879578,922,671
2653,1,Fast,0.8547765016555786,964,703
2653,1,Fast,0.8356703519821167,899,1011
2653,1,Fast,0.8178070783615112,957,771
2653,1,Fast,0.751007080078125,1024,980
2653,2,Slow,0.7262318134307861,968,618
2653,1,Fast,0.6966022849082947,895,547
2653,1,Fast,0.6268248558044434,964,818
2653,1,Fast,0.5862818360328674,923,547
2654,1,Fast,0.8721846342086792,922,667
2654,1,Fast,0.8637040257453918,901,1020
2654,1,Fast,0.8543829917907715,963,700
2654,1,Fast,0.8424212336540222,957,766
2654,1,Fast,0.72450190782547,963,812
2654,2,Slow,0.7073782682418823,967,615
2654,1,Fast,0.6986231207847595,895,543
2654,1,Fast,0.6183376312255859,1021,973
2654,1,Fast,0.3021838068962097,922,543
2655,1,Fast,0.8663907051086426,903,1028
2655,1,Fast,0.8599341511726379,920,663
2655,1,Fast,0.8411519527435303,962,697
2655,1,Fast,0.8307626247406006,961,807
2655,1,Fast,0.7824385166168213,955,761
2655,1,Fast,0.775091826915741,1019,965
2655,1,Fast,0.5687025785446167,894,541
2655,2,Slow,0.5568632483482361,964,613
2655,1,Fast,0.4446580410003662,921,541
2655,1,Fast,0.34639981389045715,1011,794
2656,1,Fast,0.8602195382118225,919,659
2656,1,Fast,0.8415222764015198,1016,957
2656,1,Fast,0.8353757858276367,961,693
2656,1,Fast,0.8037376403808594,959,802
2656,1,Fast,0.791663646697998,906,1037
2656,1,Fast,0.7682175040245056,953,757
2656,1,Fast,0.7061789631843567,1010,790
2656,2,Slow,0.6889355778694153,964,610
2656,1,Fast,0.6881021857261658,893,538
2656,1,Fast,0.5052290558815002,921,538
2656,2,Slow,0.30090805888175964,1012,715
2657,1,Fast,0.8707824945449829,918,655
2657,1,Fast,0.8365755081176758,960,689
2657,1,Fast,0.8140121102333069,958,796
2657,1,Fast,0.778203547000885,952,752
2657,1,Fast,0.7700756192207336,1014,951
2657,1,Fast,0.7569349408149719,908,1046
2657,1,Fast,0.6117815971374512,893,536
2657,2,Slow,0.4228960871696472,1010,712
2657,1,Fast,0.41831883788108826,921,537
2657,2,Slow,0.41200393438339233,962,607
2658,1,Fast,0.8753961324691772,917,652
2658,1,Fast,0.8449005484580994,959,685
2658,1,Fast,0.8414031863212585,950,747
2658,1,Fast,0.8090211749076843,956,792
2658,1,Fast,0.6906858086585999,911,1054
2658,1,Fast,0.6576839685440063,1011,943
2658,1,Fast,0.586270272731781,893,533
2658,2,Slow,0.537394642829895,962,604
2658,1,Fast,0.445081502199173,921,534
2658,2,Slow,0.3244456648826599,1009,709
2659,1,Fast,0.8610143661499023,917,648
2659,1,Fast,0.8537135124206543,958,682
2659,1,Fast,0.8410172462463379,954,786
2659,1,Fast,0.777249813079834,949,742
2659,1,Fast,0.7323206663131714,1009,936
2659,1,Fast,0.7067722082138062,920,531
2659,1,Fast,0.6951687335968018,892,529
2659,2,Slow,0.5205798149108887,962,601
2659,1,Fast,0.33715859055519104,1005,776
2660,1,Fast,0.8548864126205444,917,644
2660,1,Fast,0.8512573838233948,952,781
2660,1,Fast,0.8491601943969727,957,679
2660,1,Fast,0.8251501321792603,1006,930
2660,1,Fast,0.6995559930801392,921,529
2660,1,Fast,0.6939033269882202,947,738
2660,1,Fast,0.6530166864395142,892,527
2661,1,Fast,0.8690726161003113,916,640
2661,1,Fast,0.8423014283180237,955,675
2661,1,Fast,0.8397159576416016,951,776
2661,1,Fast,0.6790435910224915,1004,923
2661,1,Fast,0.5673127174377441,946,733
2661,1,Fast,0.3528517484664917,919,528
2662,1,Fast,0.8515093922615051,915,636
2662,1,Fast,0.8416945338249207,955,672
2662,1,Fast,0.7464627623558044,950,771
2662,1,Fast,0.7010171413421631,1002,917
2662,1,Fast,0.6360268592834473,945,729
2662,1,Fast,0.3441457152366638,904,574
2662,1,Fast,0.3279591202735901,891,521
2663,1,Fast,0.8481383323669434,953,668
2663,1,Fast,0.8438593745231628,914,633
2663,1,Fast,0.7753517627716064,948,765
2663,1,Fast,0.6975666284561157,1000,910
2663,1,Fast,0.6065603494644165,944,724
2663,1,Fast,0.5418749451637268,918,522
2663,1,Fast,0.35039272904396057,891,519
2664,1,Fast,0.8593074083328247,953,666
2664,1,Fast,0.8482775092124939,913,629
2664,1,Fast,0.7629954218864441,947,760
2664,1,Fast,0.6502686142921448,943,720
2664,1,Fast,0.5873894095420837,997,903
2664,1,Fast,0.47713956236839294,917,520
2664,2,Slow,0.31429383158683777,1001,686
2665,1,Fast,0.872408926486969,912,626
2665,1,Fast,0.8447794914245605,952,662
2665,1,Fast,0.7114368081092834,941,716
2665,1,Fast,0.5463132262229919,995,897
2665,1,Fast,0.534323513507843,902,566
2665,1,Fast,0.526861310005188,918,519
2665,1,Fast,0.48253291845321655,945,756
2665,2,Slow,0.3107205331325531,995,897
2666,1,Fast,0.8703739047050476,912,623
2666,1,Fast,0.8363939523696899,951,659
2666,1,Fast,0.6833767890930176,940,711
2666,1,Fast,0.44110164046287537,902,562
2666,1,Fast,0.3978278338909149,944,750
2666,1,Fast,0.3863448202610016,994,746
2666,1,Fast,0.384337455034256,917,516
2666,2,Slow,0.3445250689983368,957,583
2667,1,Fast,0.865463137626648,912,619
2667,1,Fast,0.8474224209785461,950,655
2667,1,Fast,0.6617658138275146,939,706
2667,1,Fast,0.6015393733978271,993,743
2667,1,Fast,0.5889798402786255,943,746
2667,2,Slow,0.5380110144615173,957,581
2668,1,Fast,0.8484695553779602,949,652
2668,1,Fast,0.8256877660751343,911,615
2668,1,Fast,0.7369230389595032,937,703
2668,1,Fast,0.5641342401504517,991,738
2668,2,Slow,0.49990275502204895,956,579
2668,1,Fast,0.4651053249835968,989,877
2669,1,Fast,0.8491308689117432,910,612
2669,1,Fast,0.841212809085846,949,649
2669,1,Fast,0.6848822236061096,990,735
2669,1,Fast,0.640855610370636,936,698
2669,1,Fast,0.6183770895004272,986,871
2669,2,Slow,0.5135908126831055,955,576
2669,1,Fast,0.44827908277511597,940,736
2669,1,Fast,0.30966421961784363,917,510
2670,1,Fast,0.8656265735626221,910,609
2670,1,Fast,0.7995542287826538,948,646
2670,1,Fast,0.7110338807106018,936,694
2670,1,Fast,0.7048930525779724,988,732
2670,2,Slow,0.655902087688446,955,573
2670,1,Fast,0.6432597041130066,984,865
2670,1,Fast,0.4470110237598419,939,732
2671,1,Fast,0.8529283404350281,910,605
2671,1,Fast,0.8086292147636414,947,643
2671,1,Fast,0.7189255952835083,934,690
2671,1,Fast,0.5705752968788147,938,727
2671,1,Fast,0.5256408452987671,918,505
2671,2,Slow,0.4854019582271576,954,570
2672,1,Fast,0.8433522582054138,909,602
2672,1,Fast,0.8388841152191162,946,640
2672,1,Fast,0.798958420753479,932,686
2672,1,Fast,0.7140652537345886,918,503
2672,1,Fast,0.5441698431968689,936,722
2672,2,Slow,0.4714827537536621,954,568
2673,1,Fast,0.8437057733535767,908,599
2673,1,Fast,0.8314309120178223,945,638
2673,2,Slow,0.687034010887146,953,566
2673,1,Fast,0.6439900994300842,918,501
2673,1,Fast,0.5956676006317139,931,683
2674,1,Fast,0.8569054007530212,907,596
2674,1,Fast,0.8357943296432495,944,634
2674,1,Fast,0.7579426169395447,933,714
2674,2,Slow,0.6966639757156372,953,564
2674,1,Fast,0.6137286424636841,930,679
2674,1,Fast,0.501144528388977,976,841
2674,2,Slow,0.36275777220726013,988,661
2675,1,Fast,0.8349809646606445,905,592
2675,1,Fast,0.8316963315010071,942,631
2675,1,Fast,0.7719099521636963,975,836
2675,2,Slow,0.49085649847984314,952,562
2675,1,Fast,0.41960570216178894,929,675
2675,1,Fast,0.32076966762542725,830,402
2675,1,Fast,0.32067397236824036,932,709
2675,1,Fast,0.3095937669277191,980,713
2676,1,Fast,0.8468737602233887,905,588
2676,1,Fast,0.838571310043335,942,628
2676,2,Slow,0.7144440412521362,951,558
2676,1,Fast,0.651561439037323,931,705
2676,1,Fast,0.6397705674171448,973,830
2676,1,Fast,0.6262898445129395,929,671
2676,1,Fast,0.5980854034423828,980,710
2676,1,Fast,0.35400712490081787,916,496
2677,1,Fast,0.8471948504447937,941,624
2677,1,Fast,0.7872660756111145,904,585
2677,1,Fast,0.7208544015884399,971,824
2677,1,Fast,0.7010899186134338,930,701
2677,1,Fast,0.6806062459945679,928,668
2677,2,Slow,0.5685070753097534,986,653
2677,2,Slow,0.45837169885635376,950,556
2677,1,Fast,0.40210866928100586,899,531
2677,1,Fast,0.3122614622116089,792,662
2678,1,Fast,0.8589921593666077,969,817
2678,1,Fast,0.8358818888664246,941,622
2678,1,Fast,0.834731936454773,904,583
2678,1,Fast,0.6703718900680542,926,664
2678,1,Fast,0.6254085898399353,930,697
2678,2,Slow,0.624582052230835,983,650
2678,1,Fast,0.5640283823013306,898,529
2678,2,Slow,0.3718293309211731,950,555
2679,1,Fast,0.8527132272720337,904,580
2679,1,Fast,0.8466421365737915,940,619
2679,1,Fast,0.6788269877433777,928,693
2679,1,Fast,0.6588266491889954,926,660
2679,2,Slow,0.5752753615379333,983,647
2679,1,Fast,0.5006144046783447,968,813
2679,2,Slow,0.46893492341041565,949,553
2680,1,Fast,0.8488444685935974,903,576
2680,1,Fast,0.824076771736145,940,616
2680,1,Fast,0.6888687610626221,927,688
2680,1,Fast,0.6054835915565491,965,807
2680,2,Slow,0.5797972679138184,949,551
2680,2,Slow,0.5352535843849182,983,643
2680,1,Fast,0.37393054366111755,974,696
2680,1,Fast,0.3726307153701782,925,657
2681,1,Fast,0.8381925225257874,903,573
2681,1,Fast,0.8301714062690735,939,613
2681,1,Fast,0.7544040083885193,964,801
2681,1,Fast,0.7257765531539917,925,684
2681,2,Slow,0.6251576542854309,948,548
2681,1,Fast,0.5741298794746399,923,653
2681,2,Slow,0.5105451345443726,982,641
2682,1,Fast,0.8314370512962341,938,611
2682,1,Fast,0.7766774892807007,902,570
2682,1,Fast,0.6107310056686401,925,680
2682,1,Fast,0.5799912810325623,962,796
2682,2,Slow,0.5623619556427002,947,545
2682,1,Fast,0.4984104633331299,923,650
2682,2,Slow,0.4557246267795563,981,639
2683,1,Fast,0.8329098224639893,937,607
2683,1,Fast,0.8293018341064453,902,567
2683,1,Fast,0.722310483455658,924,676
2683,1,Fast,0.6596011519432068,922,645
2683,2,Slow,0.6181341409683228,947,543
2683,1,Fast,0.38241663575172424,959,791
2684,1,Fast,0.8525664210319519,902,564
2684,1,Fast,0.8370167016983032,937,604
2684,1,Fast,0.7298645973205566,922,673
2684,1,Fast,0.7200859189033508,970,681
2684,1,Fast,0.6902011632919312,922,642
2684,1,Fast,0.6357606053352356,957,786
2684,2,Slow,0.6328653693199158,948,542
2685,1,Fast,0.8231423497200012,901,561
2685,1,Fast,0.8017306327819824,936,601
2685,1,Fast,0.7664824724197388,922,669
2685,1,Fast,0.5226767659187317,921,638
2685,2,Slow,0.35146260261535645,947,539
2686,1,Fast,0.8166866898536682,901,558
2686,1,Fast,0.8029465079307556,936,599
2686,1,Fast,0.6059379577636719,922,665
2686,1,Fast,0.5730414986610413,920,635
2686,2,Slow,0.4288751780986786,956,776
2686,2,Slow,0.41597044467926025,979,626
2686,2,Slow,0.3633459210395813,946,536
2687,1,Fast,0.8213320374488831,934,596
2687,1,Fast,0.7191675901412964,900,555
2687,1,Fast,0.6206732988357544,955,770
2687,2,Slow,0.4410794973373413,978,622
2688,1,Fast,0.8216735124588013,933,593
2688,1,Fast,0.7095881700515747,899,552
2688,2,Slow,0.5028712153434753,945,531
2688,1,Fast,0.470292329788208,918,628
2688,2,Slow,0.43404871225357056,976,620
2689,1,Fast,0.8168152570724487,932,590
2689,1,Fast,0.6827150583267212,899,549
2689,2,Slow,0.5487340092658997,952,759
2689,2,Slow,0.5374813079833984,944,530
2689,1,Fast,0.3494873344898224,895,500
2690,1,Fast,0.7955256700515747,931,587
2690,1,Fast,0.7515414953231812,898,546
2690,2,Slow,0.64130038022995,950,755
2690,2,Slow,0.6138923168182373,943,529
2691,1,Fast,0.7390171885490417,931,584
2691,1,Fast,0.7291140556335449,898,544
2691,2,Slow,0.5592378377914429,943,527
2691,1,Fast,0.5199064612388611,798,708
2691,2,Slow,0.49279263615608215,949,749
2691,1,Fast,0.46141043305397034,916,646
2691,1,Fast,0.3020959496498108,980,837
2692,1,Fast,0.7871875762939453,931,582
2692,1,Fast,0.6648778319358826,898,541
2692,1,Fast,0.6237404346466064,978,831
2692,1,Fast,0.5766735076904297,916,642
2692,1,Fast,0.5322712659835815,916,614
2692,2,Slow,0.43195316195487976,943,524
2692,1,Fast,0.4219566583633423,948,744
2692,1,Fast,0.40805190801620483,799,711
2693,1,Fast,0.7390120625495911,930,580
2693,2,Slow,0.6760954856872559,946,739
2693,1,Fast,0.6266694068908691,898,538
2693,1,Fast,0.5089731216430664,915,639
2693,1,Fast,0.5023438334465027,914,611
2693,1,Fast,0.34992149472236633,975,826
2694,2,Slow,0.7168359756469727,944,735
2694,1,Fast,0.7078016996383667,898,536
2694,1,Fast,0.7054165601730347,930,577
2694,1,Fast,0.6364228129386902,914,607
2694,1,Fast,0.5368972420692444,915,635
2695,2,Slow,0.7376638054847717,943,731
2695,1,Fast,0.7003034949302673,929,574
2695,1,Fast,0.6959211826324463,898,533
2695,2,Slow,0.45042484998703003,943,517
2695,1,Fast,0.350042462348938,913,632
2695,1,Fast,0.3341499865055084,913,603
2696,2,Slow,0.7781603932380676,941,726
2696,1,Fast,0.760217010974884,898,530
2696,1,Fast,0.6885125637054443,928,572
2696,1,Fast,0.4885755777359009,913,600
2696,1,Fast,0.3400144577026367,800,725
2696,2,Slow,0.31223443150520325,942,516
2697,1,Fast,0.7877033948898315,898,527
2697,2,Slow,0.7803321480751038,941,721
2697,1,Fast,0.6765994429588318,928,569
2697,1,Fast,0.49453306198120117,801,728
2698,1,Fast,0.7810815572738647,928,566
2698,2,Slow,0.7803751230239868,939,718
2698,1,Fast,0.7515164017677307,898,525
2698,1,Fast,0.3686165511608124,955,636
2698,1,Fast,0.32162320613861084,912,621
2699,2,Slow,0.7861369252204895,937,713
2699,1,Fast,0.7217531800270081,897,523
2699,1,Fast,0.7106326222419739,927,564
2699,2,Slow,0.35510653257369995,966,591
2700,1,Fast,0.7664640545845032,927,561
2700,1,Fast,0.7369585037231445,897,520
2700,1,Fast,0.6710713505744934,802,740
2700,2,Slow,0.6658541560173035,938,707
2700,1,Fast,0.4809505045413971,963,789
2700,2,Slow,0.37218114733695984,939,507
2701,1,Fast,0.7608009576797485,803,744
2701,1,Fast,0.7104894518852234,926,559
2701,1,Fast,0.661412239074707,897,518
2701,2,Slow,0.4421784579753876,936,704
2701,2,Slow,0.3728994131088257,939,507
2701,2,Slow,0.3530904948711395,965,587
2702,2,Slow,0.8033499717712402,935,699
2702,1,Fast,0.6908724308013916,897,515
2702,1,Fast,0.6673389077186584,926,556
2702,1,Fast,0.6481503844261169,804,748
2702,2,Slow,0.3302682340145111,938,505
2703,2,Slow,0.8026395440101624,935,694
2703,1,Fast,0.7220526337623596,925,553
2703,1,Fast,0.7076414823532104,805,752
2703,1,Fast,0.5600767135620117,897,513
2703,1,Fast,0.3735586404800415,959,774
2704,2,Slow,0.7558165788650513,934,690
2704,1,Fast,0.7516483068466187,806,756
2704,1,Fast,0.7331914901733398,924,551
2704,1,Fast,0.6447919011116028,958,769
2704,1,Fast,0.48039916157722473,896,511
2704,2,Slow,0.3188081681728363,962,579
2704,2,Slow,0.31106048822402954,937,500
2705,1,Fast,0.7459394931793213,957,764
2705,1,Fast,0.7110035419464111,807,760
2705,1,Fast,0.6412299871444702,896,508
2705,2,Slow,0.632628321647644,932,687
2705,1,Fast,0.6270748972892761,924,549
2706,2,Slow,0.7111518979072571,930,682
2706,1,Fast,0.6884160041809082,924,547
2706,1,Fast,0.6370532512664795,807,764
2706,1,Fast,0.6080016493797302,896,505
2706,1,Fast,0.5194041728973389,955,759
2707,1,Fast,0.6804783940315247,808,768
2707,1,Fast,0.5991950035095215,923,544
2707,2,Slow,0.5739160776138306,928,678
2707,1,Fast,0.572033703327179,895,503
2707,1,Fast,0.4887966513633728,953,754
2708,2,Slow,0.7995664477348328,927,674
2708,1,Fast,0.6984304785728455,808,771
2708,1,Fast,0.6857587695121765,895,501
2708,1,Fast,0.5989022254943848,923,541
2708,1,Fast,0.3933331370353699,952,749
2708,1,Fast,0.3467045724391937,906,561
2708,1,Fast,0.31649860739707947,945,605
2709,2,Slow,0.8446992039680481,927,670
2709,1,Fast,0.6541878581047058,808,775
2709,1,Fast,0.645312488079071,922,538
2709,1,Fast,0.5520157217979431,894,498
2709,1,Fast,0.5459170937538147,950,744
2709,1,Fast,0.441263347864151,904,584
2710,2,Slow,0.8594297766685486,926,666
2710,1,Fast,0.6285955905914307,809,779
2710,1,Fast,0.6100233793258667,923,537
2710,1,Fast,0.5256199240684509,894,496
2710,1,Fast,0.3892711400985718,949,739
2710,2,Slow,0.31075751781463623,958,564
2711,1,Fast,0.7066466808319092,947,735
2711,1,Fast,0.657451868057251,811,783
2711,2,Slow,0.6294599175453186,926,662
2711,1,Fast,0.5859029293060303,894,493
2711,1,Fast,0.559538722038269,922,534
2712,2,Slow,0.7984244227409363,924,658
2712,1,Fast,0.7326056361198425,811,787
2712,1,Fast,0.679443359375,946,731
2712,1,Fast,0.6497198939323425,922,532
2712,1,Fast,0.6053480505943298,893,490
2712,1,Fast,0.3396769165992737,903,573
2713,2,Slow,0.8281986713409424,924,654
2713,1,Fast,0.7514513731002808,813,791
2713,1,Fast,0.7326574325561523,922,530
2713,1,Fast,0.5592662692070007,893,488
2713,1,Fast,0.40467512607574463,945,727
2714,2,Slow,0.833808422088623,923,650
2714,1,Fast,0.7279490232467651,814,795
2714,1,Fast,0.6380837559700012,921,528
2714,1,Fast,0.41311705112457275,892,486
2715,2,Slow,0.8032045364379883,923,646
2715,1,Fast,0.7820366024971008,814,800
2715,1,Fast,0.52483731508255,920,526
2715,2,Slow,0.49182820320129395,954,552
2715,1,Fast,0.36406075954437256,892,484
2716,1,Fast,0.799626350402832,815,805
2716,2,Slow,0.7988564372062683,921,643
2716,2,Slow,0.6851896047592163,954,549
2716,1,Fast,0.527371883392334,942,714
2716,1,Fast,0.5014028549194336,892,481
2716,1,Fast,0.4978807270526886,920,524
2716,1,Fast,0.35108983516693115,939,583
2717,2,Slow,0.8157327175140381,920,639
2717,1,Fast,0.7593812346458435,815,809
2717,1,Fast,0.6247291564941406,941,709
2717,2,Slow,0.49674662947654724,953,548
2717,1,Fast,0.44819656014442444,920,521
2718,2,Slow,0.8118838667869568,919,636
2718,1,Fast,0.7058828473091125,919,519
2718,1,Fast,0.5485835075378418,816,814
2718,1,Fast,0.5177430510520935,892,477
2718,2,Slow,0.4171866178512573,953,546
2718,1,Fast,0.3790528476238251,940,705
2718,1,Fast,0.3183126449584961,901,534
2719,2,Slow,0.7752500772476196,919,632
2719,1,Fast,0.7282106876373291,919,517
2719,1,Fast,0.6835950613021851,817,819
2719,2,Slow,0.5238195061683655,952,544
2719,1,Fast,0.4146430492401123,900,531
2720,2,Slow,0.7797882556915283,917,629
2720,1,Fast,0.6758773922920227,919,515
2720,1,Fast,0.47625234723091125,899,528
2720,2,Slow,0.3898155391216278,951,543
2720,1,Fast,0.33549922704696655,819,824
2720,1,Fast,0.30639541149139404,936,696
2721,2,Slow,0.695412814617157,916,625
2721,1,Fast,0.641575038433075,918,512
2721,1,Fast,0.42472419142723083,935,692
2721,2,Slow,0.4187382161617279,950,540
2722,2,Slow,0.7313920259475708,916,621
2722,2,Slow,0.6565335392951965,950,538
2722,1,Fast,0.6481775641441345,918,510
2722,1,Fast,0.43547338247299194,899,523
2723,1,Fast,0.742401659488678,933,683
2723,2,Slow,0.7207031846046448,914,617
2723,1,Fast,0.6450321078300476,919,508
2723,2,Slow,0.5485554337501526,949,536
2724,1,Fast,0.8417869210243225,931,680
2724,1,Fast,0.7425008416175842,918,505
2724,2,Slow,0.7210075259208679,914,614
2724,2,Slow,0.579293966293335,948,533
2724,2,Slow,0.49693602323532104,935,562
2724,1,Fast,0.4868704378604889,897,519
2724,1,Fast,0.4432333707809448,1064,961
2725,1,Fast,0.7457048296928406,918,504
2725,2,Slow,0.7226253151893616,913,610
2725,1,Fast,0.6306116580963135,931,676
2725,1,Fast,0.44365692138671875,897,516
2725,1,Fast,0.325571745634079,898,537
2725,2,Slow,0.32126614451408386,948,531
2726,1,Fast,0.761881947517395,917,501
2726,2,Slow,0.7285442352294922,913,607
2726,1,Fast,0.671505868434906,929,673
2726,1,Fast,0.5612725615501404,823,852
2727,1,Fast,0.7702059745788574,917,500
2727,2,Slow,0.740524172782898,913,603
2727,1,Fast,0.6427645087242126,824,857
2727,1,Fast,0.623349130153656,896,512
2727,1,Fast,0.5881930589675903,898,531
2728,1,Fast,0.7513365149497986,917,498
2728,1,Fast,0.6619574427604675,825,863
2728,1,Fast,0.5320523977279663,897,528
2728,1,Fast,0.46803879737854004,927,665
2728,1,Fast,0.44794511795043945,896,509
2728,2,Slow,0.3810157775878906,912,600
2729,1,Fast,0.7590328454971313,826,868
2729,1,Fast,0.6896070241928101,917,496
2729,1,Fast,0.6471055746078491,896,507
2729,1,Fast,0.6290810108184814,897,526
2729,1,Fast,0.5924156308174133,926,660
2729,2,Slow,0.4297838807106018,911,597
2729,2,Slow,0.3271039128303528,930,456
2730,1,Fast,0.8125851154327393,826,872
2730,1,Fast,0.787111759185791,895,504
2730,1,Fast,0.6913931369781494,896,523
2730,1,Fast,0.6233950257301331,917,493
2730,2,Slow,0.49210044741630554,930,454
2731,1,Fast,0.8075137734413147,827,878
2731,1,Fast,0.7595233917236328,895,501
2731,1,Fast,0.6769767999649048,916,491
2731,2,Slow,0.6646671891212463,911,590
2731,1,Fast,0.5582515001296997,896,522
2731,1,Fast,0.4260689914226532,930,453
2731,1,Fast,0.40762951970100403,1043,911
2732,1,Fast,0.7949510216712952,828,883
2732,1,Fast,0.6366770267486572,916,489
2732,2,Slow,0.539003849029541,909,586
2732,1,Fast,0.4597463011741638,929,451
2732,1,Fast,0.444408655166626,1040,904
2732,1,Fast,0.3815656304359436,895,499
2732,1,Fast,0.38025447726249695,895,519
2733,1,Fast,0.7482466101646423,830,888
2733,1,Fast,0.5819815993309021,915,487
2733,2,Slow,0.5311281085014343,908,584
2733,1,Fast,0.5188918709754944,894,515
2733,1,Fast,0.4403383731842041,894,496
2734,1,Fast,0.5543903708457947,831,894
2734,2,Slow,0.5383527874946594,906,580
2734,1,Fast,0.44735798239707947,915,485
2734,2,Slow,0.37368473410606384,928,537
2735,1,Fast,0.6596137285232544,832,899
2735,2,Slow,0.6441521048545837,906,576
2735,1,Fast,0.4371621310710907,915,483
2736,1,Fast,0.7824440598487854,919,635
2736,1,Fast,0.7136291265487671,832,904
2736,2,Slow,0.599898636341095,906,573
2736,2,Slow,0.3738097548484802,927,533
2736,1,Fast,0.373570054769516,915,481
2737,1,Fast,0.595342755317688,834,910
2737,2,Slow,0.5248913168907166,905,570
2738,1,Fast,0.6940968036651611,836,915
2738,2,Slow,0.6691070795059204,904,567
2738,1,Fast,0.48741963505744934,915,477
2739,2,Slow,0.7479419112205505,903,564
2739,1,Fast,0.5225937962532043,915,476
2739,1,Fast,0.4344688057899475,837,920
2739,1,Fast,0.39881429076194763,916,624
2740,1,Fast,0.7638861536979675,837,926
2740,1,Fast,0.7139267325401306,915,620
2740,2,Slow,0.6580665111541748,902,562
2740,1,Fast,0.5222787857055664,914,474
2740,1,Fast,0.4524253308773041,924,524
2741,1,Fast,0.7970901727676392,839,932
2741,2,Slow,0.6765967607498169,901,558
2741,1,Fast,0.3772462010383606,914,472
2742,1,Fast,0.7749261856079102,841,938
2742,1,Fast,0.6322337985038757,912,613
2742,1,Fast,0.5720011591911316,913,470
2742,2,Slow,0.4889930188655853,901,555
2743,1,Fast,0.8369110226631165,842,943
2743,1,Fast,0.6124210357666016,912,469
2743,2,Slow,0.5072650909423828,900,553
2744,1,Fast,0.8357709646224976,843,948
2744,2,Slow,0.3932402729988098,900,550
2744,1,Fast,0.3700766861438751,856,657
2744,1,Fast,0.3175528049468994,912,468
2745,1,Fast,0.8307234644889832,845,955
2746,1,Fast,0.8331478238105774,846,960
2746,1,Fast,0.4092157185077667,912,464
2746,2,Slow,0.4069662392139435,941,489
2747,1,Fast,0.735716700553894,848,967
2747,1,Fast,0.43773946166038513,912,462
2747,2,Slow,0.40757790207862854,940,486
2748,1,Fast,0.8015226125717163,850,974
2748,1,Fast,0.5612215995788574,859,676
2748,1,Fast,0.5158261656761169,913,461
2748,2,Slow,0.46763256192207336,940,485
2749,1,Fast,0.4654744267463684,913,459
2749,1,Fast,0.45863619446754456,851,980
2749,2,Slow,0.36208584904670715,940,484
2749,2,Slow,0.3348275125026703,921,504
2750,1,Fast,0.6756768226623535,861,686
2750,1,Fast,0.3422902226448059,851,988
2750,2,Slow,0.3420830965042114,940,481
2751,1,Fast,0.6517900228500366,862,691
2751,1,Fast,0.5765848159790039,853,993
2751,1,Fast,0.433694988489151,912,455
2752,1,Fast,0.6818097233772278,856,1000
2752,1,Fast,0.4714314043521881,912,454
2752,1,Fast,0.43121081590652466,863,695
2752,2,Slow,0.3096989691257477,940,477
2753,1,Fast,0.8394262194633484,858,1006
2753,1,Fast,0.704868495464325,864,701
2753,1,Fast,0.5102047920227051,912,452
2753,2,Slow,0.4583773612976074,939,477
2753,2,Slow,0.3305566608905792,897,526
2754,1,Fast,0.8082984685897827,860,1013
2754,1,Fast,0.5464951992034912,897,523
2754,2,Slow,0.5169024467468262,939,476
2754,1,Fast,0.4091908037662506,865,706
2754,1,Fast,0.37808382511138916,919,495
2755,1,Fast,0.8109865188598633,861,1020
2755,1,Fast,0.6331130266189575,866,711
2755,2,Slow,0.4843786358833313,939,474
2755,1,Fast,0.32074877619743347,912,448
2756,1,Fast,0.8452600240707397,862,1029
2756,1,Fast,0.7128152251243591,867,716
2756,2,Slow,0.4715326726436615,939,472
2756,1,Fast,0.4226919710636139,912,447
2757,1,Fast,0.8568480014801025,863,1035
2757,1,Fast,0.6930957436561584,868,721
2757,1,Fast,0.5535932183265686,912,445
2757,2,Slow,0.3550335764884949,896,516
2757,1,Fast,0.3228663504123688,890,445
2758,1,Fast,0.851540207862854,865,1042
2758,1,Fast,0.7622588872909546,869,727
2758,1,Fast,0.3573532998561859,911,444
2759,1,Fast,0.8605860471725464,866,1047
2759,1,Fast,0.7824488878250122,870,732
2759,1,Fast,0.4200698435306549,911,442
2760,1,Fast,0.8272139430046082,872,738
2760,1,Fast,0.6056013107299805,867,1049
2760,1,Fast,0.35068875551223755,910,441
2761,1,Fast,0.8002321720123291,872,744
2761,1,Fast,0.46112415194511414,910,439
2761,1,Fast,0.33376845717430115,835,696
2762,1,Fast,0.7970324754714966,873,750
2762,1,Fast,0.5561603903770447,911,438
2762,1,Fast,0.48603758215904236,1118,1059
2762,1,Fast,0.44302335381507874,835,701
2762,2,Slow,0.3801007568836212,894,504
2762,2,Slow,0.3738574981689453,937,462
2763,1,Fast,0.6360277533531189,874,755
2763,1,Fast,0.4951796233654022,873,1063
2763,1,Fast,0.4802229702472687,911,436
2763,2,Slow,0.4436439573764801,937,460
2763,1,Fast,0.3073957562446594,836,705
2764,1,Fast,0.6990057229995728,876,761
2764,1,Fast,0.48274773359298706,911,434
2764,2,Slow,0.34697225689888,937,459
2765,1,Fast,0.5021027326583862,876,767
2765,1,Fast,0.5016746520996094,911,432
2765,1,Fast,0.39325031638145447,888,429
2766,1,Fast,0.6378335356712341,878,772
2766,1,Fast,0.5746469497680664,911,431
2766,1,Fast,0.43153002858161926,823,639
2766,1,Fast,0.3272780478000641,893,495
2767,1,Fast,0.6546759009361267,1097,1019
2767,1,Fast,0.6200281977653503,910,428
2767,1,Fast,0.5856221914291382,880,778
2767,1,Fast,0.5039571523666382,824,643
2768,1,Fast,0.7953990697860718,1093,1012
2768,1,Fast,0.6920090317726135,825,647
2768,1,Fast,0.6131451725959778,910,427
2768,1,Fast,0.5538100004196167,882,784
2768,1,Fast,0.32696759700775146,840,727
2769,1,Fast,0.7679010629653931,883,791
2769,1,Fast,0.6863452196121216,841,732
2769,1,Fast,0.6843826770782471,825,652
2769,1,Fast,0.6435586214065552,1089,1004
2769,1,Fast,0.46724674105644226,910,425
2770,1,Fast,0.8593601584434509,885,797
2770,1,Fast,0.7207461595535278,1086,996
2770,1,Fast,0.7088888883590698,841,737
2770,1,Fast,0.6211545467376709,826,655
2771,1,Fast,0.8455721735954285,886,804
2771,1,Fast,0.7499638199806213,841,741
2771,1,Fast,0.7301034927368164,1082,989
2771,1,Fast,0.4243253469467163,826,660
2771,1,Fast,0.3161258101463318,911,422
2772,1,Fast,0.8603293895721436,888,810
2772,1,Fast,0.728060781955719,842,746
2772,1,Fast,0.6858574151992798,1078,981
2772,1,Fast,0.40625688433647156,910,421
2773,1,Fast,0.8494143486022949,889,817
2773,1,Fast,0.6706411242485046,844,751
2773,1,Fast,0.39976125955581665,1075,975
2774,1,Fast,0.8628447651863098,890,823
2774,1,Fast,0.712933361530304,844,756
2775,1,Fast,0.8526307940483093,892,830
2775,1,Fast,0.38823559880256653,1070,961
2775,1,Fast,0.3829285204410553,845,762
2776,1,Fast,0.8597971796989441,894,837
2777,1,Fast,0.8463035225868225,896,844
2777,1,Fast,0.6906386017799377,848,773
2777,1,Fast,0.4606049954891205,830,684
2778,1,Fast,0.8620109558105469,899,851
2778,1,Fast,0.6343411803245544,849,776
2778,1,Fast,0.48016536235809326,831,688
2779,1,Fast,0.8648802638053894,901,858
2779,1,Fast,0.6605697870254517,832,693
2779,1,Fast,0.5791277885437012,851,781
2780,1,Fast,0.8583859801292419,902,864
2780,1,Fast,0.7944594025611877,833,697
2780,1,Fast,0.68011474609375,851,786
2780,1,Fast,0.4614203870296478,1055,926
2781,1,Fast,0.8745031952857971,904,872
2781,1,Fast,0.7056059837341309,852,791
2781,1,Fast,0.6730873584747314,834,702
2781,1,Fast,0.46627312898635864,1053,919
2782,1,Fast,0.854636013507843,906,879
2782,1,Fast,0.65704345703125,852,797
2782,1,Fast,0.629183828830719,835,706
2783,1,Fast,0.7636452317237854,908,887
2783,1,Fast,0.7124447822570801,854,802
2783,1,Fast,0.49085932970046997,836,711
2784,1,Fast,0.824614942073822,910,894
2784,1,Fast,0.7473909854888916,855,808
2784,1,Fast,0.5811466574668884,837,716
2785,1,Fast,0.8406184315681458,913,903
2785,1,Fast,0.7968517541885376,856,814
2785,1,Fast,0.7705917358398438,838,721
2786,1,Fast,0.8366714119911194,915,911
2786,1,Fast,0.818123996257782,857,819
2786,1,Fast,0.7885465025901794,839,724
2787,1,Fast,0.8685649633407593,918,919
2787,1,Fast,0.7960485816001892,840,730
2787,1,Fast,0.6646608114242554,858,825
2788,1,Fast,0.8743533492088318,920,927
2788,1,Fast,0.7617715001106262,841,734
2788,1,Fast,0.36989203095436096,860,831
2789,1,Fast,0.8862394094467163,923,935
2789,1,Fast,0.8071092963218689,842,739
2790,1,Fast,0.8859629034996033,925,943
2790,1,Fast,0.8343591690063477,843,745
2791,1,Fast,0.8776036500930786,927,951
2791,1,Fast,0.8368111252784729,844,749
2791,1,Fast,0.5286250114440918,864,847
2792,1,Fast,0.8727148175239563,930,960
2792,1,Fast,0.839092493057251,845,754
2792,1,Fast,0.4911857545375824,865,853
2793,1,Fast,0.874792218208313,932,968
2793,1,Fast,0.8308212161064148,846,760
2793,1,Fast,0.7135536670684814,865,860
2794,1,Fast,0.8446646332740784,935,977
2794,1,Fast,0.8112000226974487,848,765
2794,1,Fast,0.7272339463233948,867,866
2795,1,Fast,0.8291645646095276,850,770
2795,1,Fast,0.7618301510810852,939,987
2795,1,Fast,0.7249012589454651,868,872
2796,1,Fast,0.8781955242156982,941,995
2796,1,Fast,0.8399946093559265,851,775
2796,1,Fast,0.770492434501648,870,878
2796,2,Slow,0.3133333921432495,307,318
2797,1,Fast,0.8672686815261841,944,1005
2797,1,Fast,0.8302237391471863,853,780
2797,1,Fast,0.816906750202179,872,885
2797,2,Slow,0.3258715867996216,307,319
2798,1,Fast,0.8410418033599854,947,1014
2798,1,Fast,0.8329390287399292,873,891
2798,1,Fast,0.8091163635253906,854,785
2799,1,Fast,0.8597174882888794,950,1024
2799,1,Fast,0.8020349144935608,875,897
2799,1,Fast,0.7868279218673706,855,791
2799,2,Slow,0.3571036756038666,307,319
2800,1,Fast,0.8321018815040588,856,797
2800,1,Fast,0.8065224885940552,953,1034
2800,1,Fast,0.6682084202766418,876,904
2801,1,Fast,0.8433906435966492,856,802
2801,1,Fast,0.4964368939399719,957,1043
2801,1,Fast,0.38240739703178406,878,910
2801,1,Fast,0.3320552706718445,1002,915
2802,1,Fast,0.8562789559364319,857,808
2802,1,Fast,0.6654497385025024,880,917
2802,1,Fast,0.48266202211380005,961,1054
2803,1,Fast,0.8648339509963989,859,813
2803,1,Fast,0.7543811798095703,881,923
2804,1,Fast,0.8588762283325195,860,818
2804,1,Fast,0.7957414984703064,883,930
2805,1,Fast,0.8783669471740723,861,824
2805,1,Fast,0.8049055337905884,884,937
2805,1,Fast,0.30077314376831055,822,598
2806,1,Fast,0.848782479763031,863,831
2806,1,Fast,0.7035265564918518,886,945
2806,1,Fast,0.44624775648117065,823,603
2807,1,Fast,0.8487896919250488,865,836
2807,1,Fast,0.7850829362869263,887,952
2807,1,Fast,0.6012689471244812,822,607
2808,1,Fast,0.8578329682350159,867,842
2808,1,Fast,0.7562151551246643,890,959
2808,1,Fast,0.4598228931427002,823,611
2809,1,Fast,0.856494665145874,891,966
2809,1,Fast,0.7654615640640259,869,847
2810,1,Fast,0.8526919484138489,894,973
2810,1,Fast,0.7935463190078735,870,854
2811,1,Fast,0.8554056286811829,896,980
2811,1,Fast,0.6032061576843262,871,860
2811,1,Fast,0.3268410563468933,800,695
2811,2,Slow,0.316141277551651,871,860
2812,1,Fast,0.8599950075149536,873,868
2812,1,Fast,0.8224254250526428,898,988
2812,1,Fast,0.48712262511253357,976,838
2813,1,Fast,0.8800390362739563,874,873
2813,1,Fast,0.848466694355011,900,995
2813,1,Fast,0.8441022634506226,974,831
2813,1,Fast,0.714289665222168,1160,1067
2814,1,Fast,0.8801339864730835,876,879
2814,1,Fast,0.8665532469749451,972,825
2814,1,Fast,0.7442969679832458,1155,1062
2814,1,Fast,0.6986010074615479,903,1003
2815,1,Fast,0.889647364616394,877,885
2815,1,Fast,0.8600398898124695,970,819
2815,1,Fast,0.8038386702537537,1148,1057
2815,1,Fast,0.7967249751091003,904,1011
2815,1,Fast,0.6694359183311462,979,733
2815,1,Fast,0.3148210644721985,826,638
2816,1,Fast,0.8746090531349182,879,892
2816,1,Fast,0.8616529703140259,906,1019
2816,1,Fast,0.8328909873962402,1143,1051
2816,1,Fast,0.7306209206581116,978,729
2816,1,Fast,0.6723306775093079,968,812
2816,1,Fast,0.5307056307792664,827,641
2817,1,Fast,0.8701699376106262,908,1028
2817,1,Fast,0.868187665939331,882,900
2817,1,Fast,0.8248523473739624,1139,1042
2817,1,Fast,0.7917839884757996,965,806
2817,1,Fast,0.5935496687889099,976,725
2817,1,Fast,0.4344906210899353,826,646
2818,1,Fast,0.8749125599861145,910,1037
2818,1,Fast,0.841215968132019,883,907
2818,1,Fast,0.8341734409332275,1135,1033
2818,1,Fast,0.8015784025192261,963,800
2818,1,Fast,0.7028245329856873,974,720
2818,1,Fast,0.5752591490745544,827,650
2818,1,Fast,0.323309063911438,853,632
2819,1,Fast,0.8810270428657532,886,914
2819,1,Fast,0.8546829223632812,1131,1024
2819,1,Fast,0.7945948839187622,961,794
2819,1,Fast,0.7874048352241516,913,1045
2819,1,Fast,0.6503106951713562,827,654
2819,1,Fast,0.6232795119285583,972,715
2819,1,Fast,0.4898373782634735,854,636
2820,1,Fast,0.8412403464317322,960,789
2820,1,Fast,0.8375234603881836,888,920
2820,1,Fast,0.8335957527160645,1127,1016
2820,1,Fast,0.8289344906806946,916,1053
2820,1,Fast,0.5546188354492188,971,711
2821,1,Fast,0.8839722871780396,1123,1008
2821,1,Fast,0.8659573197364807,889,927
2821,1,Fast,0.8248265385627747,958,783
2821,1,Fast,0.8179476857185364,919,1058
2821,1,Fast,0.5986059904098511,970,707
2822,1,Fast,0.8916703462600708,891,935
2822,1,Fast,0.84220290184021,956,778
2822,1,Fast,0.8260303735733032,1119,999
2822,1,Fast,0.8025277256965637,922,1063
2822,1,Fast,0.7052403092384338,968,703
2823,1,Fast,0.8845041990280151,893,943
2823,1,Fast,0.8841033577919006,1116,991
2823,1,Fast,0.8688114881515503,954,772
2823,1,Fast,0.7743838429450989,967,698
2823,1,Fast,0.5917525291442871,831,672
2823,1,Fast,0.5183833241462708,805,735
2823,1,Fast,0.5043021440505981,926,1067
2823,1,Fast,0.4769662618637085,857,655
2824,1,Fast,0.8750119805335999,952,766
2824,1,Fast,0.8731078505516052,1112,982
2824,1,Fast,0.8690325021743774,895,950
2824,1,Fast,0.699202299118042,831,676
2824,1,Fast,0.6898074150085449,966,694
2824,1,Fast,0.44680774211883545,805,739
2825,1,Fast,0.886929988861084,951,760
2825,1,Fast,0.8803358674049377,1109,975
2825,1,Fast,0.8556632995605469,897,957
2825,1,Fast,0.7518535256385803,831,680
2825,1,Fast,0.5392690300941467,806,743
2825,1,Fast,0.4873526394367218,965,690
2825,1,Fast,0.4486319422721863,859,667
2826,1,Fast,0.8847857713699341,948,756
2826,1,Fast,0.8610583543777466,1106,967
2826,1,Fast,0.8553342223167419,899,965
2826,1,Fast,0.7863582372665405,831,683
2826,1,Fast,0.7355204820632935,806,747
2826,1,Fast,0.5557912588119507,859,670
2826,1,Fast,0.543205976486206,964,686
2826,1,Fast,0.36629727482795715,922,644
2826,1,Fast,0.31698569655418396,1003,912
2827,1,Fast,0.8739623427391052,1102,960
2827,1,Fast,0.8711013197898865,947,750
2827,1,Fast,0.8320407867431641,901,972
2827,1,Fast,0.712058961391449,832,688
2827,1,Fast,0.6935743093490601,807,751
2827,1,Fast,0.5932666659355164,962,682
2827,1,Fast,0.5328382253646851,1001,904
2827,1,Fast,0.4921242296695709,860,676
2827,1,Fast,0.4116494059562683,921,641
2828,1,Fast,0.8712159395217896,945,744
2828,1,Fast,0.8675017952919006,1099,951
2828,1,Fast,0.8673104047775269,904,980
2828,1,Fast,0.7629963755607605,833,693
2828,1,Fast,0.7160464525222778,861,681
2828,1,Fast,0.6793752312660217,808,755
2828,1,Fast,0.6596137285232544,920,636
2828,1,Fast,0.5716164708137512,998,897
2829,1,Fast,0.8793175220489502,1096,945
2829,1,Fast,0.8732129335403442,907,989
2829,1,Fast,0.8589485287666321,944,739
2829,1,Fast,0.7731820940971375,863,687
2829,1,Fast,0.7493595480918884,995,890
2829,1,Fast,0.7040289640426636,835,699
2829,1,Fast,0.6373171806335449,808,759
2829,1,Fast,0.5247814059257507,958,675
2830,1,Fast,0.8884323239326477,908,997
2830,1,Fast,0.8067732453346252,943,734
2830,1,Fast,0.8059903383255005,1093,937
2830,1,Fast,0.7908821105957031,865,692
2830,1,Fast,0.6721594333648682,993,883
2830,1,Fast,0.5793583393096924,835,703
2830,1,Fast,0.48511946201324463,809,763
2830,1,Fast,0.4451535940170288,957,671
2831,1,Fast,0.8564460277557373,910,1004
2831,1,Fast,0.8067045211791992,941,729
2831,1,Fast,0.784670889377594,865,697
2831,1,Fast,0.7141907811164856,990,875
2831,1,Fast,0.6962177753448486,1089,930
2831,1,Fast,0.6914792656898499,836,708
2831,1,Fast,0.31120073795318604,956,667
2831,1,Fast,0.30869004130363464,809,766
2832,1,Fast,0.8369120359420776,912,1014
2832,1,Fast,0.8137633800506592,940,725
2832,1,Fast,0.7915088534355164,867,702
2832,1,Fast,0.7383427619934082,1086,923
2832,1,Fast,0.6800230145454407,988,868
2832,1,Fast,0.630012035369873,955,663
2832,1,Fast,0.38956648111343384,837,712
2833,1,Fast,0.8691766262054443,1083,915
2833,1,Fast,0.86659175157547,915,1022
2833,1,Fast,0.7480285167694092,869,707
2833,1,Fast,0.6731503009796143,986,861
2833,1,Fast,0.5490543842315674,954,660
2833,1,Fast,0.3754027485847473,938,720
2834,1,Fast,0.8188983798027039,1081,909
2834,1,Fast,0.8135921955108643,917,1031
2834,1,Fast,0.72646164894104,870,713
2834,1,Fast,0.7145280838012695,953,656
2834,1,Fast,0.641633152961731,840,724
2834,1,Fast,0.4814518988132477,937,714
2834,1,Fast,0.4384486675262451,984,854
2835,1,Fast,0.8597260117530823,920,1039
2835,1,Fast,0.8398898243904114,1078,902
2835,1,Fast,0.6930316686630249,952,653
2835,1,Fast,0.6715982556343079,934,710
2835,1,Fast,0.5586009621620178,871,718
2835,1,Fast,0.4666098952293396,812,781
2835,1,Fast,0.32098308205604553,841,728
2836,1,Fast,0.8068508505821228,1075,896
2836,1,Fast,0.7549502849578857,922,1048
2836,1,Fast,0.6063359379768372,842,733
2836,1,Fast,0.4536336660385132,872,724
2836,1,Fast,0.35950249433517456,951,648
2837,1,Fast,0.8299975991249084,1073,889
2837,1,Fast,0.7953736186027527,843,738
2837,1,Fast,0.6548112630844116,925,1055
2837,1,Fast,0.6528117656707764,977,834
2837,1,Fast,0.541634738445282,931,699
2837,1,Fast,0.5064340829849243,949,644
2837,1,Fast,0.4187034070491791,874,730
2838,1,Fast,0.8440937399864197,1070,883
2838,1,Fast,0.8069267272949219,844,744
2838,1,Fast,0.8022882342338562,929,694
2838,1,Fast,0.7370535731315613,814,793
2838,1,Fast,0.6915544867515564,949,639
2838,1,Fast,0.5744544863700867,929,1060
2838,1,Fast,0.5501300692558289,875,736
2838,1,Fast,0.4294396638870239,975,828
2839,1,Fast,0.820816159248352,1066,876
2839,1,Fast,0.7993124723434448,845,750
2839,1,Fast,0.7751370668411255,877,742
2839,1,Fast,0.7520686388015747,928,690
2839,1,Fast,0.6638030409812927,815,797
2839,1,Fast,0.5498936772346497,948,636
2840,1,Fast,0.8551140427589417,1064,870
2840,1,Fast,0.8138791918754578,927,686
2840,1,Fast,0.7355640530586243,879,748
2840,1,Fast,0.7274799942970276,846,755
2840,1,Fast,0.6691178679466248,816,801
2840,1,Fast,0.56600421667099,946,633
2841,1,Fast,0.8205806612968445,1062,863
2841,1,Fast,0.7675304412841797,816,806
2841,1,Fast,0.7393286824226379,926,681
2841,1,Fast,0.6204091310501099,846,760
2841,1,Fast,0.6077609062194824,881,754
2842,1,Fast,0.8110083341598511,1059,857
2842,1,Fast,0.6248697638511658,883,760
2842,1,Fast,0.5737217664718628,924,677
2842,1,Fast,0.45910125970840454,817,811
2842,1,Fast,0.4095720946788788,848,766
2843,1,Fast,0.7629722356796265,1057,851
2843,1,Fast,0.6704055666923523,884,767
2843,1,Fast,0.5958547592163086,850,771
2843,1,Fast,0.5703325271606445,923,673
2843,1,Fast,0.4843848645687103,943,624
2843,1,Fast,0.3490211069583893,819,815
2844,1,Fast,0.801354169845581,1054,844
2844,1,Fast,0.7341232895851135,886,773
2844,1,Fast,0.5247421860694885,922,668
2845,1,Fast,0.8534621596336365,1051,838
2845,1,Fast,0.7464491724967957,887,779
2845,1,Fast,0.6035574078559875,921,663
2845,1,Fast,0.455427885055542,851,781
2845,1,Fast,0.3267984688282013,960,785
2846,1,Fast,0.8261569738388062,1049,832
2846,1,Fast,0.7455301284790039,889,786
2846,1,Fast,0.6690998673439026,853,787
2846,1,Fast,0.5129315853118896,940,612
2847,1,Fast,0.8513540029525757,1047,826
2847,1,Fast,0.7894653677940369,890,792
2847,1,Fast,0.6190584301948547,854,793
2847,1,Fast,0.35365748405456543,919,655
2847,1,Fast,0.33752140402793884,939,609
2848,1,Fast,0.8184325695037842,1044,821
2848,1,Fast,0.8147653937339783,892,799
2848,1,Fast,0.7770766019821167,856,799
2848,1,Fast,0.7213327288627625,918,651
2848,1,Fast,0.4008716344833374,938,605
2849,1,Fast,0.8448132872581482,894,806
2849,1,Fast,0.8016801476478577,1042,815
2849,1,Fast,0.8008785247802734,857,805
2849,1,Fast,0.5521432757377625,917,646
2849,1,Fast,0.494117796421051,904,559
2849,1,Fast,0.4610001742839813,937,603
2850,1,Fast,0.8437247276306152,1039,809
2850,1,Fast,0.8232320547103882,896,813
2850,1,Fast,0.8075100183486938,858,812
2850,1,Fast,0.623938262462616,916,642
2850,1,Fast,0.48658931255340576,936,600
2851,1,Fast,0.822421669960022,1038,804
2851,1,Fast,0.8129299879074097,897,820
2851,1,Fast,0.7102743983268738,936,596
2851,1,Fast,0.7001261115074158,859,818
2851,1,Fast,0.655232846736908,915,638
2851,1,Fast,0.6256570219993591,948,751
2851,2,Slow,0.529945969581604,1167,1054
2851,1,Fast,0.3476572632789612,825,852
2852,1,Fast,0.8103036880493164,1035,798
2852,1,Fast,0.7743301391601562,899,828
2852,1,Fast,0.7621473670005798,914,634
2852,1,Fast,0.6432054042816162,936,594
2852,1,Fast,0.47054019570350647,862,825
2852,1,Fast,0.4704006612300873,946,746
2852,1,Fast,0.35187745094299316,826,857
2853,1,Fast,0.817103922367096,901,834
2853,1,Fast,0.7902702689170837,1033,792
2853,1,Fast,0.7902190089225769,945,740
2853,1,Fast,0.7869712114334106,826,862
2853,1,Fast,0.7003781199455261,913,630
2853,1,Fast,0.6689454913139343,864,831
2853,2,Slow,0.3223697245121002,935,591
2854,1,Fast,0.8339546322822571,903,842
2854,1,Fast,0.8157185316085815,827,866
2854,1,Fast,0.7885198593139648,865,837
2854,1,Fast,0.76353919506073,1030,787
2854,1,Fast,0.7114426493644714,944,735
2854,1,Fast,0.6976922154426575,912,627
2855,1,Fast,0.8222295641899109,905,849
2855,1,Fast,0.7778659462928772,828,871
2855,1,Fast,0.7729469537734985,867,842
2855,1,Fast,0.7046728134155273,1028,782
2855,1,Fast,0.6877930164337158,911,623
2855,1,Fast,0.36355507373809814,943,729
2856,1,Fast,0.8378421664237976,829,876
2856,1,Fast,0.8156232237815857,1026,777
2856,1,Fast,0.8111891746520996,868,848
2856,1,Fast,0.7842745184898376,907,857
2856,1,Fast,0.5904951095581055,910,619
2857,1,Fast,0.8542887568473816,830,881
2857,1,Fast,0.8407490253448486,910,865
2857,1,Fast,0.8326470255851746,870,856
2857,1,Fast,0.801281213760376,1024,771
2857,1,Fast,0.36552369594573975,910,615
2858,1,Fast,0.8376269936561584,871,863
2858,1,Fast,0.8312667012214661,830,886
2858,1,Fast,0.8064116835594177,912,873
2858,1,Fast,0.7769880294799805,1023,765
2858,1,Fast,0.5403507947921753,908,612
2858,1,Fast,0.41432249546051025,938,714
2858,2,Slow,0.3248041272163391,929,575
2859,1,Fast,0.8530476689338684,873,871
2859,1,Fast,0.8304993510246277,832,891
2859,1,Fast,0.7264942526817322,914,880
2859,1,Fast,0.6464284062385559,937,709
2859,1,Fast,0.5601850152015686,1021,760
2860,1,Fast,0.8420594334602356,875,878
2860,1,Fast,0.8238382935523987,833,896
2860,1,Fast,0.7770896553993225,916,889
2860,1,Fast,0.38066810369491577,906,604
2860,1,Fast,0.37741854786872864,928,568
2860,1,Fast,0.3082941472530365,1019,756
2861,1,Fast,0.7979922890663147,877,885
2861,1,Fast,0.7838239669799805,919,898
2861,1,Fast,0.4813461899757385,1017,751
2861,2,Slow,0.4322230815887451,928,566
2861,1,Fast,0.3917474150657654,833,903
2861,1,Fast,0.3213265836238861,927,566
2862,1,Fast,0.7641357779502869,932,694
2862,1,Fast,0.745223879814148,879,892
2862,1,Fast,0.7347342371940613,927,562
2862,1,Fast,0.7335968613624573,921,907
2862,1,Fast,0.6493328809738159,1016,745
2862,1,Fast,0.5705888867378235,905,597
2862,1,Fast,0.3473949432373047,836,907
2863,1,Fast,0.6390621066093445,924,915
2863,1,Fast,0.6233746409416199,1014,741
2863,1,Fast,0.6134457588195801,926,558
2863,1,Fast,0.6132609844207764,932,690
2863,1,Fast,0.5560396909713745,881,900
2863,1,Fast,0.49175864458084106,904,593
2864,1,Fast,0.786693274974823,883,907
2864,1,Fast,0.7428250908851624,926,923
2864,1,Fast,0.6972966194152832,1013,736
2864,1,Fast,0.5969609618186951,902,589
2864,1,Fast,0.5335094928741455,931,685
2864,1,Fast,0.3519268333911896,925,557
2865,1,Fast,0.8250903487205505,885,914
2865,1,Fast,0.6769651174545288,929,681
2865,1,Fast,0.5327759981155396,1011,731
2865,1,Fast,0.5235763788223267,929,933
2865,1,Fast,0.4143937826156616,839,924
2866,1,Fast,0.8444385528564453,886,920
2866,1,Fast,0.7066977024078369,931,941
2866,1,Fast,0.6933807134628296,840,930
2866,1,Fast,0.6530743837356567,928,678
2866,1,Fast,0.44408300518989563,923,551
2867,1,Fast,0.8172810077667236,889,928
2867,1,Fast,0.7689481377601624,933,950
2867,1,Fast,0.7627158761024475,842,936
2867,1,Fast,0.5574947595596313,927,673
2868,1,Fast,0.8341334462165833,937,960
2868,1,Fast,0.7494815587997437,841,940
2868,1,Fast,0.7240474820137024,891,937
2868,1,Fast,0.6884225606918335,1005,717
2868,1,Fast,0.4432261884212494,925,668
2869,1,Fast,0.8471419811248779,892,945
2869,1,Fast,0.835688054561615,843,946
2869,1,Fast,0.8084540963172913,1003,712
2869,1,Fast,0.7589794993400574,939,969
2869,1,Fast,0.493643581867218,924,663
2870,1,Fast,0.8346885442733765,894,953
2870,1,Fast,0.8194514513015747,844,951
2870,1,Fast,0.8018922209739685,1003,708
2870,1,Fast,0.7778354287147522,942,979
2870,1,Fast,0.5649954676628113,922,541
2870,1,Fast,0.306950181722641,900,569
2871,1,Fast,0.8539392948150635,846,958
2871,1,Fast,0.8527609705924988,897,963
2871,1,Fast,0.6866331696510315,1000,704
2871,1,Fast,0.6550869345664978,922,655
2871,1,Fast,0.6413142085075378,945,989
2871,1,Fast,0.48269200325012207,921,538
2872,1,Fast,0.8297721147537231,847,964
2872,1,Fast,0.7967957258224487,920,652
2872,1,Fast,0.7394754886627197,947,999
2872,1,Fast,0.734200656414032,899,970
2872,1,Fast,0.6919508576393127,999,699
2872,1,Fast,0.5267198085784912,921,535
2873,1,Fast,0.7963500618934631,849,970
2873,1,Fast,0.7594414949417114,952,1010
2873,1,Fast,0.7307558655738831,920,532
2873,1,Fast,0.7270852327346802,920,647
2873,1,Fast,0.6721623539924622,903,979
2873,1,Fast,0.6412082314491272,997,694
2873,1,Fast,0.6344309449195862,898,558
2874,1,Fast,0.7093901038169861,954,1021
2874,1,Fast,0.6725232601165771,918,643
2874,1,Fast,0.6525880694389343,850,976
2874,1,Fast,0.5750917196273804,897,555
2874,1,Fast,0.558826208114624,906,988
2874,1,Fast,0.5102055072784424,919,529
2874,1,Fast,0.5002098083496094,996,691
2875,1,Fast,0.797761857509613,906,995
2875,1,Fast,0.7778781056404114,957,1031
2875,1,Fast,0.7172982096672058,994,686
2875,1,Fast,0.6832688450813293,851,981
2875,1,Fast,0.566190242767334,917,638
2875,1,Fast,0.3880630433559418,919,527
2876,1,Fast,0.8129018545150757,909,1003
2876,1,Fast,0.793368399143219,961,1042
2876,1,Fast,0.6724274754524231,916,635
2876,1,Fast,0.5874142646789551,993,682
2876,1,Fast,0.4951331913471222,1100,1022
2876,1,Fast,0.4438319206237793,853,989
2876,1,Fast,0.37910425662994385,896,549
2876,1,Fast,0.3031822741031647,918,524
2877,1,Fast,0.8259190320968628,1096,1013
2877,1,Fast,0.8002651929855347,965,1052
2877,1,Fast,0.7785638570785522,912,1013
2877,1,Fast,0.6341137290000916,992,678
2877,1,Fast,0.5681322813034058,853,994
2877,1,Fast,0.47357499599456787,915,631
2878,1,Fast,0.8186365365982056,914,1023
2878,1,Fast,0.79929518699646,1092,1005
2878,1,Fast,0.7160115242004395,990,674
2878,1,Fast,0.7156869769096375,969,1058
2878,1,Fast,0.70637047290802,854,1001
2879,1,Fast,0.8254892230033875,916,1033
2879,1,Fast,0.7568440437316895,855,1007
2879,1,Fast,0.6658698916435242,1088,997
2879,1,Fast,0.6438866257667542,973,1064
2879,1,Fast,0.5679108500480652,988,670
2879,1,Fast,0.37608233094215393,912,623
2880,1,Fast,0.813296914100647,919,1042
2880,1,Fast,0.7499505877494812,857,1013
2880,1,Fast,0.7467564344406128,1085,989
2880,1,Fast,0.6892918944358826,975,1069
2880,1,Fast,0.3770669996738434,895,537
2880,1,Fast,0.30731841921806335,911,619
2881,1,Fast,0.7703703045845032,922,1050
2881,1,Fast,0.7361635565757751,859,1021
2881,1,Fast,0.39377379417419434,1081,980
2882,1,Fast,0.7546391487121582,860,1027
2882,1,Fast,0.5992847681045532,926,1057
2882,1,Fast,0.5753997564315796,985,659
2882,1,Fast,0.4744899272918701,1078,973
2882,1,Fast,0.3025822341442108,894,531
2883,1,Fast,0.7460454106330872,983,655
2883,1,Fast,0.7090128064155579,861,1033
2883,1,Fast,0.5639390349388123,1072,965
2883,1,Fast,0.5423044562339783,928,1062
2884,1,Fast,0.7400250434875488,1069,957
2884,1,Fast,0.7213212847709656,981,651
2884,1,Fast,0.5076606273651123,862,1037
2885,1,Fast,0.698579728603363,980,648
2885,1,Fast,0.68311607837677,1066,949
2885,1,Fast,0.41793128848075867,864,1048
2886,1,Fast,0.7378132343292236,979,644
2886,1,Fast,0.5905627012252808,865,1054
2886,1,Fast,0.3583890199661255,1063,942
2887,1,Fast,0.4199206531047821,1059,933
2887,1,Fast,0.40822720527648926,977,639
2887,1,Fast,0.3662850856781006,868,1059
2888,1,Fast,0.7083520889282227,1056,926
2888,1,Fast,0.6764134764671326,976,636
2888,1,Fast,0.4391994774341583,870,1063
2889,1,Fast,0.5403531193733215,1054,919
2889,1,Fast,0.34075862169265747,766,740
2890,1,Fast,0.5404812097549438,1049,912
2891,1,Fast,0.4621914327144623,1046,905
2892,1,Fast,0.5427813529968262,1043,897
2892,1,Fast,0.4336666464805603,971,621
2893,1,Fast,0.8059502243995667,1040,891
2893,1,Fast,0.4934026002883911,971,618
2893,1,Fast,0.3287963569164276,769,750
2894,1,Fast,0.7605448961257935,970,615
2894,1,Fast,0.6221217513084412,1038,884
2894,1,Fast,0.33030399680137634,889,499
2895,1,Fast,0.6661142706871033,969,612
2895,1,Fast,0.46423667669296265,889,498
2896,1,Fast,0.7722735404968262,1032,871
2896,1,Fast,0.37201493978500366,968,608
2897,1,Fast,0.7702596187591553,1030,864
2897,1,Fast,0.5541700720787048,966,604
2898,1,Fast,0.8021196126937866,1027,857
2898,1,Fast,0.4902789890766144,771,765
2898,1,Fast,0.4589705169200897,965,601
2899,1,Fast,0.7899065017700195,1025,851
2899,1,Fast,0.6506736278533936,772,769
2899,1,Fast,0.544781506061554,964,598
2899,1,Fast,0.39882707595825195,897,553
2900,1,Fast,0.7173407077789307,772,772
2900,1,Fast,0.7058559656143188,963,595
2900,1,Fast,0.5396613478660583,1021,845
2901,1,Fast,0.7866029739379883,774,775
2901,1,Fast,0.754155158996582,962,592
2901,1,Fast,0.6329466700553894,1018,838
2902,1,Fast,0.7522104382514954,1016,832
2902,1,Fast,0.7330825328826904,774,777
2902,1,Fast,0.6740131974220276,961,589
2903,1,Fast,0.7277442216873169,1014,826
2903,1,Fast,0.49929332733154297,960,585
2903,1,Fast,0.3988508880138397,774,781
2904,1,Fast,0.7701094150543213,1011,819
2904,1,Fast,0.7564011216163635,960,582
2904,1,Fast,0.5704187750816345,775,784
2905,1,Fast,0.7248968482017517,1008,813
2905,1,Fast,0.5899378061294556,958,579
2905,1,Fast,0.5029327273368835,776,788
2906,1,Fast,0.6979069709777832,776,790
2906,1,Fast,0.6416307091712952,957,576
2906,1,Fast,0.48470354080200195,1007,807
2907,1,Fast,0.6290821433067322,1004,801
2907,1,Fast,0.40153518319129944,777,794
2908,1,Fast,0.5431832671165466,777,797
2908,1,Fast,0.5041493773460388,1003,794
2909,1,Fast,0.611748993396759,778,801
2909,1,Fast,0.34037116169929504,954,567
2909,1,Fast,0.3287455141544342,905,453
2910,1,Fast,0.6964315176010132,779,804
2910,1,Fast,0.4146861135959625,999,783
2911,1,Fast,0.7507469654083252,781,806
2911,1,Fast,0.46440812945365906,996,779
2912,1,Fast,0.7518172264099121,781,809
2912,1,Fast,0.5850321650505066,994,773
2912,1,Fast,0.37505507469177246,952,558
2913,1,Fast,0.6803234219551086,992,768
2913,1,Fast,0.3830831050872803,781,812
2914,1,Fast,0.7079477906227112,990,763
2914,1,Fast,0.6089093685150146,949,553
2914,1,Fast,0.3534109592437744,905,444
2915,1,Fast,0.5953740477561951,988,757
2915,1,Fast,0.5132958292961121,948,551
2915,1,Fast,0.34625065326690674,904,442
2916,1,Fast,0.7398800849914551,948,547
2916,1,Fast,0.3056238293647766,986,752
2917,1,Fast,0.6962008476257324,947,545
2917,1,Fast,0.4573395550251007,890,503
2918,1,Fast,0.7315937280654907,947,542
2918,1,Fast,0.5032805800437927,784,831
2918,1,Fast,0.4550666809082031,890,501
2918,1,Fast,0.4484611749649048,982,741
2919,1,Fast,0.6908248066902161,785,834
2919,1,Fast,0.6625521779060364,946,539
2919,1,Fast,0.5672222375869751,981,736
2920,1,Fast,0.7490072846412659,980,731
2920,1,Fast,0.6023672223091125,946,537
2920,1,Fast,0.4167041480541229,786,838
2921,1,Fast,0.7913374304771423,978,727
2921,1,Fast,0.6644161343574524,787,841
2922,1,Fast,0.7800481915473938,974,722
2922,1,Fast,0.5460141897201538,788,844
2922,1,Fast,0.5431627631187439,944,531
2923,1,Fast,0.7437247633934021,973,718
2923,1,Fast,0.4042113721370697,944,528
2924,1,Fast,0.690482497215271,971,713
2925,1,Fast,0.6765437722206116,969,708
2925,1,Fast,0.42347201704978943,942,523
2926,1,Fast,0.6202312707901001,968,703
2926,1,Fast,0.38096705079078674,941,521
2926,1,Fast,0.32429537177085876,903,422
2927,1,Fast,0.7258477807044983,966,699
2927,1,Fast,0.30034542083740234,941,519
2928,1,Fast,0.760619044303894,965,695
2929,1,Fast,0.6501625776290894,963,690
2929,1,Fast,0.36411815881729126,903,418
2930,1,Fast,0.6102806925773621,962,686
2930,1,Fast,0.5255209803581238,903,415
2930,1,Fast,0.4854605495929718,793,876
2930,1,Fast,0.32209208607673645,940,511
2931,1,Fast,0.6659594178199768,961,680
2931,1,Fast,0.6590206027030945,794,880
2931,1,Fast,0.34255746006965637,903,414
2932,1,Fast,0.6474097371101379,959,676
2932,1,Fast,0.5276032090187073,795,884
2933,1,Fast,0.756811261177063,957,672
2934,1,Fast,0.7614879012107849,956,668
2934,1,Fast,0.5701820254325867,938,501
2935,1,Fast,0.7876351475715637,955,664
2935,1,Fast,0.42594608664512634,937,499
2936,1,Fast,0.7064476013183594,953,660
2937,1,Fast,0.748045802116394,951,656
2937,1,Fast,0.5450392961502075,801,905
2938,1,Fast,0.7473545670509338,951,653
2938,1,Fast,0.5704098343849182,803,909
2939,1,Fast,0.6843087077140808,950,648
2940,1,Fast,0.6696262955665588,949,643
2940,1,Fast,0.300370454788208,935,488
2941,1,Fast,0.7289748191833496,948,640
2942,1,Fast,0.7471326589584351,947,636
2943,1,Fast,0.41374456882476807,933,481
2943,1,Fast,0.34325939416885376,945,632
2944,1,Fast,0.5007147789001465,943,628
2945,1,Fast,0.4384949207305908,941,625
2945,1,Fast,0.3798891305923462,1106,1057
2946,1,Fast,0.6491782069206238,1101,1050
2947,1,Fast,0.8396586179733276,1097,1040
2948,1,Fast,0.8528739213943481,1093,1032
2948,1,Fast,0.4508891999721527,939,613
2949,1,Fast,0.8686301708221436,1089,1023
2949,1,Fast,0.44195619225502014,938,610
2950,1,Fast,0.82673579454422,1085,1014
2950,1,Fast,0.5621163845062256,937,605
2951,1,Fast,0.8673276901245117,1080,1006
2951,1,Fast,0.5453242659568787,937,601
2952,1,Fast,0.8287537097930908,1076,998
2952,1,Fast,0.6900393962860107,936,598
2953,1,Fast,0.7849383354187012,1073,990
2953,1,Fast,0.7548436522483826,934,595
2954,1,Fast,0.7894384264945984,1069,981
2954,1,Fast,0.7227094173431396,933,592
2955,1,Fast,0.7856881022453308,1066,974
2955,1,Fast,0.702540397644043,932,588
2956,1,Fast,0.7166460156440735,1062,966
2956,1,Fast,0.6191805601119995,931,585
2956,1,Fast,0.4646194875240326,826,993
2957,1,Fast,0.8036232590675354,1059,958
2957,1,Fast,0.6675253510475159,827,998
2957,1,Fast,0.6525742411613464,931,581
2958,1,Fast,0.6058566570281982,828,1003
2958,1,Fast,0.6028651595115662,1055,951
2958,1,Fast,0.5779981017112732,930,578
2959,1,Fast,0.7001817226409912,829,1007
2959,1,Fast,0.6794799566268921,1053,943
2959,1,Fast,0.4557596445083618,928,575
2960,1,Fast,0.5132014751434326,928,571
2960,1,Fast,0.3076949417591095,1049,936
2961,1,Fast,0.556308925151825,928,567
2961,1,Fast,0.3788676857948303,1046,929
2962,1,Fast,0.7099186778068542,1043,922
2962,1,Fast,0.6699460744857788,927,564
2962,1,Fast,0.3178741931915283,835,1024
2963,1,Fast,0.8400338292121887,1040,914
2963,1,Fast,0.7363594770431519,927,561
2964,1,Fast,0.766937255859375,838,1036
2964,1,Fast,0.7312729954719543,927,559
2964,1,Fast,0.6384510397911072,1037,908
2965,1,Fast,0.7221665978431702,925,555
2965,1,Fast,0.7029962539672852,839,1039
2965,1,Fast,0.5115386247634888,1034,901
2966,1,Fast,0.6644886136054993,925,553
2966,1,Fast,0.6176878213882446,1032,895
2966,1,Fast,0.42425262928009033,841,1045
2967,1,Fast,0.728663980960846,924,550
2967,1,Fast,0.7097561955451965,842,1051
2967,1,Fast,0.4547528326511383,1029,888
2967,1,Fast,0.4022320508956909,1119,1066
2968,1,Fast,0.8073803782463074,844,1054
2968,1,Fast,0.7657997012138367,923,547
2968,1,Fast,0.4482809603214264,1115,1062
2969,1,Fast,0.6767421364784241,923,544
2969,1,Fast,0.4292861223220825,1107,1058
2969,1,Fast,0.35559096932411194,845,1058
2969,1,Fast,0.33575671911239624,1024,874
2970,1,Fast,0.7130998373031616,922,541
2970,1,Fast,0.42788785696029663,1101,1052
2971,1,Fast,0.617584228515625,922,538
2971,1,Fast,0.5719293355941772,1098,1043
2972,1,Fast,0.6947586536407471,922,535
2972,1,Fast,0.35599133372306824,1016,855
2973,1,Fast,0.7412754893302917,921,532
2973,1,Fast,0.610047459602356,1090,1025
2974,1,Fast,0.8118293285369873,1086,1017
2974,1,Fast,0.7664002180099487,921,529
2974,1,Fast,0.34335753321647644,1011,843
2975,1,Fast,0.8408929109573364,1081,1007
2975,1,Fast,0.7432945370674133,920,527
2976,1,Fast,0.7942110300064087,1077,999
2976,1,Fast,0.7180189490318298,919,525
2976,1,Fast,0.476270854473114,1007,831
2977,1,Fast,0.7781732678413391,1073,992
2977,1,Fast,0.7211003303527832,919,523
2977,1,Fast,0.3109895884990692,1004,825
2978,1,Fast,0.7953124046325684,1070,983
2978,1,Fast,0.7615676522254944,918,520
2979,1,Fast,0.8688139319419861,1067,976
2979,1,Fast,0.7256326675415039,918,518
2980,1,Fast,0.6497683525085449,918,515
2980,1,Fast,0.6374791860580444,1062,968
2981,1,Fast,0.7292080521583557,1060,960
2982,1,Fast,0.6452430486679077,1056,952
2982,1,Fast,0.3156315088272095,995,795
2983,1,Fast,0.7178943753242493,1054,944
2983,1,Fast,0.4776379466056824,918,505
2984,1,Fast,0.6933413743972778,917,503
2985,1,Fast,0.6851054430007935,916,501
2985,2,Slow,0.4446309208869934,948,535
2985,1,Fast,0.3852497339248657,1047,931
2985,1,Fast,0.3676244914531708,988,780
2986,1,Fast,0.5731600522994995,985,774
2986,1,Fast,0.5110093355178833,1044,923
2986,2,Slow,0.5038609504699707,947,532
2986,1,Fast,0.3661670684814453,915,499
2986,2,Slow,0.3257123529911041,804,402
2987,1,Fast,0.7151004076004028,984,769
2987,1,Fast,0.7073729038238525,1041,916
2988,1,Fast,0.6541391015052795,1039,909
2988,1,Fast,0.6286808252334595,981,764
2989,1,Fast,0.4941774010658264,980,758
2990,1,Fast,0.5293567776679993,1032,896
2990,1,Fast,0.3672875761985779,979,753
2991,1,Fast,0.5138278603553772,1030,889
2991,1,Fast,0.3361893892288208,977,748
2992,1,Fast,0.6429961919784546,1027,883
2992,1,Fast,0.47419220209121704,976,743
2993,1,Fast,0.67487633228302,974,738
2993,1,Fast,0.5985032916069031,1025,876
2994,1,Fast,0.5419754385948181,972,733
2994,1,Fast,0.3564869165420532,913,477
2995,1,Fast,0.41221216320991516,971,729
2995,1,Fast,0.3867655098438263,913,475
2996,1,Fast,0.5014247894287109,969,724
2996,1,Fast,0.4950629472732544,912,473
2997,1,Fast,0.5942357778549194,912,471
2997,1,Fast,0.570571780204773,967,719
2998,1,Fast,0.6498391032218933,966,714
2999,1,Fast,0.7619476914405823,964,710
2999,1,Fast,0.45964598655700684,1010,837
3000,1,Fast,0.7350265383720398,963,705
3000,1,Fast,0.5667174458503723,1008,831
3001,1,Fast,0.7425044775009155,961,701
3001,1,Fast,0.54350745677948,1006,826
3002,1,Fast,0.7613231539726257,960,697
3002,1,Fast,0.42409563064575195,1003,820
3003,1,Fast,0.5429463386535645,959,692
3004,1,Fast,0.4417155683040619,958,688
3005,1,Fast,0.546135663986206,957,684
3005,1,Fast,0.34469178318977356,910,454
3006,1,Fast,0.6294329762458801,955,679
3007,1,Fast,0.7055136561393738,954,675
3008,1,Fast,0.7600685358047485,952,671
3009,1,Fast,0.7676156759262085,951,666
3009,1,Fast,0.3921240568161011,989,781
3010,1,Fast,0.6642729640007019,950,662
3010,1,Fast,0.4126533269882202,987,775
3011,1,Fast,0.7133442163467407,948,658
3011,1,Fast,0.43743011355400085,984,770
3012,1,Fast,0.7477019429206848,947,654
3012,1,Fast,0.6286558508872986,983,764
3013,1,Fast,0.8129398822784424,947,650
3013,1,Fast,0.7733473181724548,980,759
3014,1,Fast,0.7592583298683167,979,754
3014,1,Fast,0.7122223973274231,946,646
3014,1,Fast,0.32593169808387756,1071,1066
3015,1,Fast,0.7173433899879456,945,642
3015,1,Fast,0.7168288230895996,977,749
3016,1,Fast,0.623489260673523,944,638
3016,1,Fast,0.4580051600933075,975,744
3016,1,Fast,0.34262651205062866,1056,1051
3016,1,Fast,0.3425081670284271,908,430
3017,1,Fast,0.631928026676178,1050,1039
3017,1,Fast,0.4437607228755951,942,634
3018,1,Fast,0.3281298577785492,941,631
3019,1,Fast,0.5123799443244934,1039,1014
3019,1,Fast,0.46802788972854614,940,627
3020,1,Fast,0.7961262464523315,969,724
3020,1,Fast,0.6891598105430603,939,623
3020,1,Fast,0.6704283356666565,1034,1002
3021,1,Fast,0.7832154631614685,939,619
3021,1,Fast,0.7813912034034729,967,720
3021,1,Fast,0.4852294623851776,1029,991
3022,1,Fast,0.7894442677497864,965,715
3022,1,Fast,0.6880968809127808,937,615
3022,1,Fast,0.664613664150238,1026,979
3023,1,Fast,0.8048553466796875,964,711
3023,1,Fast,0.7109015583992004,936,612
3023,1,Fast,0.3094431459903717,1022,968
3024,1,Fast,0.6421844959259033,962,706
3024,1,Fast,0.5636111497879028,936,608
3024,1,Fast,0.36439645290374756,1018,957
3025,1,Fast,0.7306589484214783,935,604
3025,1,Fast,0.6699603796005249,961,701
3025,1,Fast,0.6147769093513489,1014,947
3026,1,Fast,0.5586223006248474,934,601
3026,1,Fast,0.39015993475914,1010,937
3026,1,Fast,0.3449142277240753,960,697
3027,1,Fast,0.6985114216804504,933,598
3028,1,Fast,0.6244925856590271,932,595
3028,1,Fast,0.31863492727279663,1002,916
3029,1,Fast,0.6661791801452637,931,592
3029,2,Slow,0.3299972116947174,305,318
3030,1,Fast,0.6706436276435852,930,588
3031,1,Fast,0.6534556746482849,929,585
3031,2,Slow,0.3430386185646057,305,319
3031,1,Fast,0.3280448913574219,953,675
3032,1,Fast,0.5163440108299255,988,879
3032,1,Fast,0.46919554471969604,929,581
3033,1,Fast,0.4879154860973358,928,577
3033,1,Fast,0.4343637526035309,985,869
3033,1,Fast,0.3666468858718872,867,877
3033,1,Fast,0.34303832054138184,951,666
3034,1,Fast,0.5123554468154907,927,573
3034,1,Fast,0.48928114771842957,981,861
3034,1,Fast,0.3547377288341522,868,883
3035,1,Fast,0.48733747005462646,927,570
3035,1,Fast,0.45180124044418335,949,659
3036,1,Fast,0.7050795555114746,947,654
3036,1,Fast,0.6090087890625,926,567
3037,1,Fast,0.5031542181968689,925,563
3037,1,Fast,0.40433308482170105,855,649
3037,1,Fast,0.3830256462097168,973,835
3038,1,Fast,0.43874573707580566,970,826
3038,1,Fast,0.31374064087867737,856,653
3039,1,Fast,0.6061822772026062,857,658
3040,1,Fast,0.5782467722892761,857,662
3040,1,Fast,0.3560538589954376,829,695
3041,1,Fast,0.5545920133590698,858,667
3041,1,Fast,0.5363079309463501,829,699
3041,1,Fast,0.36412081122398376,922,552
3041,1,Fast,0.3060140013694763,962,801
3042,1,Fast,0.7326949238777161,830,703
3042,1,Fast,0.6909893155097961,859,671
3042,1,Fast,0.5007524490356445,960,794
3043,1,Fast,0.6939207911491394,860,676
3043,1,Fast,0.3917006254196167,922,546
3043,1,Fast,0.366197407245636,939,627
3044,1,Fast,0.8058658838272095,883,943
3044,1,Fast,0.7920036315917969,861,681
3044,1,Fast,0.5295186042785645,938,624
3045,1,Fast,0.8024258613586426,884,950
3045,1,Fast,0.7141038179397583,862,685
3045,1,Fast,0.4970865547657013,953,772
3045,1,Fast,0.3832760453224182,937,620
3046,1,Fast,0.8390635251998901,886,958
3046,1,Fast,0.7313551306724548,863,690
3046,1,Fast,0.6922028064727783,950,764
3046,1,Fast,0.4769553244113922,919,537
3047,1,Fast,0.8323389887809753,888,964
3047,1,Fast,0.7892917990684509,863,695
3047,1,Fast,0.5188776254653931,948,757
3047,1,Fast,0.5163949131965637,920,533
3047,1,Fast,0.348469078540802,935,612
3048,1,Fast,0.8083820343017578,864,699
3048,1,Fast,0.6361129879951477,946,750
3048,1,Fast,0.624354362487793,889,972
3048,1,Fast,0.6227349638938904,919,531
3048,1,Fast,0.4411444067955017,934,608
3049,1,Fast,0.7929978966712952,866,705
3049,1,Fast,0.592449963092804,918,529
3049,1,Fast,0.5859209299087524,943,742
3049,1,Fast,0.559359610080719,933,606
3049,2,Slow,0.4998493194580078,790,501
3050,1,Fast,0.769054651260376,867,710
3050,1,Fast,0.43795448541641235,918,526
3050,1,Fast,0.3235105276107788,836,735
3051,1,Fast,0.7858762145042419,868,715
3051,1,Fast,0.4725199043750763,917,524
3051,1,Fast,0.4503100514411926,837,740
3051,1,Fast,0.30737870931625366,933,599
3052,1,Fast,0.7993138432502747,869,720
3052,1,Fast,0.6867004632949829,838,744
3052,1,Fast,0.455413818359375,917,522
3052,1,Fast,0.37753215432167053,938,723
3053,1,Fast,0.8154470920562744,870,725
3053,1,Fast,0.7806239128112793,839,749
3053,1,Fast,0.5037514567375183,916,519
3053,1,Fast,0.501865804195404,936,717
3054,1,Fast,0.8190521597862244,870,730
3054,1,Fast,0.7850310802459717,840,754
3054,1,Fast,0.6264023184776306,916,516
3054,1,Fast,0.4669458866119385,934,712
3055,1,Fast,0.8102506995201111,872,735
3055,1,Fast,0.7015852928161621,840,759
3055,1,Fast,0.6429319977760315,904,1023
3055,1,Fast,0.6133623123168945,932,705
3056,1,Fast,0.7799320220947266,873,740
3056,1,Fast,0.653052806854248,841,763
3056,1,Fast,0.5794599056243896,906,1031
3056,1,Fast,0.33242931962013245,930,698
3057,1,Fast,0.7748095989227295,874,746
3057,1,Fast,0.5068183541297913,928,692
3057,1,Fast,0.49974584579467773,907,1038
3057,1,Fast,0.43993720412254333,842,768
3057,2,Slow,0.3524992763996124,931,577
3057,1,Fast,0.30651357769966125,915,508
3057,2,Slow,0.3007289469242096,929,578
3058,1,Fast,0.7405615448951721,875,752
3058,1,Fast,0.5756289958953857,911,1046
3058,1,Fast,0.37364810705184937,926,686
3059,1,Fast,0.760216474533081,877,758
3059,1,Fast,0.48996347188949585,925,681
3059,1,Fast,0.4580047130584717,913,1053
3060,1,Fast,0.8091397881507874,878,763
3060,1,Fast,0.695252001285553,1124,1008
3060,1,Fast,0.5720131397247314,923,674
3060,1,Fast,0.4442506730556488,847,784
3060,1,Fast,0.401736855506897,927,568
3060,1,Fast,0.35843634605407715,918,1058
3061,1,Fast,0.8291669487953186,880,769
3061,1,Fast,0.5112833976745605,922,669
3061,1,Fast,0.4501004219055176,847,788
3061,1,Fast,0.30223196744918823,1119,1000
3062,1,Fast,0.8504104018211365,881,775
3062,1,Fast,0.8429583311080933,848,792
3062,1,Fast,0.4843890070915222,920,663
3062,1,Fast,0.48077645897865295,824,701
3063,1,Fast,0.8431016802787781,883,780
3063,1,Fast,0.8022629022598267,849,797
3063,1,Fast,0.7262982130050659,919,657
3063,1,Fast,0.36595863103866577,824,705
3064,1,Fast,0.8177129626274109,884,786
3064,1,Fast,0.7467480301856995,917,652
3064,1,Fast,0.6925160884857178,850,802
3064,1,Fast,0.5591135025024414,925,556
3064,1,Fast,0.4731791019439697,1108,975
3065,1,Fast,0.8486147522926331,886,792
3065,1,Fast,0.7941745519638062,851,807
3065,1,Fast,0.6073734760284424,916,646
3065,1,Fast,0.46044743061065674,825,713
3066,1,Fast,0.8514358401298523,888,799
3066,1,Fast,0.8032070994377136,852,813
3066,1,Fast,0.6195908784866333,1101,960
3066,1,Fast,0.4859079420566559,923,550
3066,1,Fast,0.42526349425315857,915,641
3066,1,Fast,0.3151051998138428,825,717
3067,1,Fast,0.8517448306083679,889,805
3067,1,Fast,0.8166059851646423,853,818
3067,1,Fast,0.6787064075469971,1097,952
3067,1,Fast,0.4673040211200714,922,547
3068,1,Fast,0.876196026802063,890,812
3068,1,Fast,0.8479653000831604,854,823
3068,1,Fast,0.6314646601676941,1094,945
3068,1,Fast,0.4789024591445923,912,630
3068,1,Fast,0.3977373540401459,826,725
3069,1,Fast,0.8716513514518738,891,818
3069,1,Fast,0.8268294930458069,855,828
3069,1,Fast,0.6535558700561523,911,625
3069,1,Fast,0.5782000422477722,922,542
3069,1,Fast,0.43975791335105896,827,729
3070,1,Fast,0.8707006573677063,893,825
3070,1,Fast,0.6860275268554688,910,620
3070,1,Fast,0.5876145362854004,828,734
3070,1,Fast,0.5649977922439575,857,834
3070,1,Fast,0.41160455346107483,1087,930
3071,1,Fast,0.8366091251373291,896,833
3071,1,Fast,0.6806021332740784,909,615
3071,1,Fast,0.5145167112350464,859,839
3071,1,Fast,0.46794527769088745,829,738
3071,1,Fast,0.43676748871803284,921,536
3071,1,Fast,0.432169646024704,1083,922
3072,1,Fast,0.8434852361679077,898,839
3072,1,Fast,0.7129755616188049,908,610
3072,1,Fast,0.7126945853233337,1080,914
3072,1,Fast,0.6838903427124023,921,532
3072,1,Fast,0.644511878490448,830,743
3073,1,Fast,0.8373077511787415,899,846
3073,1,Fast,0.6049848198890686,921,530
3073,1,Fast,0.5660346746444702,908,605
3073,1,Fast,0.5588527917861938,1076,908
3073,1,Fast,0.49896240234375,831,747
3074,1,Fast,0.8470087647438049,901,852
3074,1,Fast,0.7667912840843201,920,527
3074,1,Fast,0.7100456953048706,831,752
3074,1,Fast,0.607515811920166,906,600
3074,1,Fast,0.5589026212692261,863,856
3074,1,Fast,0.5255025625228882,1074,901
3075,1,Fast,0.8469595909118652,903,860
3075,1,Fast,0.8031279444694519,833,758
3075,1,Fast,0.8020378947257996,1070,895
3075,1,Fast,0.6998997926712036,864,861
3075,1,Fast,0.45618003606796265,905,596
3076,1,Fast,0.8670366406440735,905,867
3076,1,Fast,0.8572752475738525,1068,888
3076,1,Fast,0.8405729532241821,865,867
3076,1,Fast,0.7933517098426819,833,761
3076,1,Fast,0.6216126680374146,919,522
3077,1,Fast,0.864586591720581,908,874
3077,1,Fast,0.8370194435119629,866,874
3077,1,Fast,0.8263119459152222,1065,881
3077,1,Fast,0.7378241419792175,833,766
3077,1,Fast,0.6073386669158936,918,520
3078,1,Fast,0.8606962561607361,910,881
3078,1,Fast,0.8394296169281006,868,879
3078,1,Fast,0.7947037816047668,1062,875
3078,1,Fast,0.7197890877723694,834,771
3078,1,Fast,0.6561883091926575,918,517
3079,1,Fast,0.8768333196640015,869,885
3079,1,Fast,0.8305245637893677,912,889
3079,1,Fast,0.7531547546386719,1059,868
3079,1,Fast,0.7185640931129456,834,776
3079,2,Slow,0.4611210823059082,901,577
3079,1,Fast,0.4187435805797577,918,515
3080,1,Fast,0.8633740544319153,870,891
3080,1,Fast,0.8492229580879211,914,897
3080,1,Fast,0.7028245329856873,835,780
3080,1,Fast,0.6664255857467651,1056,862
3080,1,Fast,0.6036688089370728,918,513
3080,2,Slow,0.47980332374572754,901,573
3081,1,Fast,0.8570953607559204,873,897
3081,1,Fast,0.8486838936805725,917,905
3081,1,Fast,0.7303807735443115,836,785
3081,1,Fast,0.702900230884552,1054,855
3081,1,Fast,0.5489256978034973,918,510
3082,1,Fast,0.8263885974884033,919,913
3082,1,Fast,0.8104753494262695,874,903
3082,1,Fast,0.7152185440063477,1051,848
3082,1,Fast,0.540056049823761,837,789
3083,1,Fast,0.8621729016304016,922,921
3083,1,Fast,0.7688030004501343,1049,842
3083,1,Fast,0.7114624381065369,876,909
3083,1,Fast,0.4127941131591797,919,504
3083,1,Fast,0.32649388909339905,838,794
3084,1,Fast,0.8731474876403809,924,930
3084,1,Fast,0.7845989465713501,877,916
3084,1,Fast,0.7818138599395752,1047,836
3084,1,Fast,0.7492579817771912,840,800
3084,1,Fast,0.5157861709594727,918,502
3084,1,Fast,0.4204038977622986,918,1046
3085,1,Fast,0.8710287809371948,926,938
3085,1,Fast,0.8157458901405334,841,805
3085,1,Fast,0.8047641515731812,879,921
3085,1,Fast,0.5797870755195618,1044,830
3086,1,Fast,0.867359459400177,929,947
3086,1,Fast,0.8522545695304871,842,810
3086,1,Fast,0.8076964020729065,881,928
3086,1,Fast,0.44211167097091675,1041,824
3087,1,Fast,0.861229419708252,931,956
3087,1,Fast,0.8533601760864258,882,935
3087,1,Fast,0.8357216715812683,843,816
3087,1,Fast,0.5940000414848328,1039,818
3088,1,Fast,0.8752366900444031,934,965
3088,1,Fast,0.854697585105896,884,943
3088,1,Fast,0.853588879108429,844,820
3088,1,Fast,0.7433671355247498,1036,813
3089,1,Fast,0.8659335374832153,844,826
3089,1,Fast,0.855863094329834,885,950
3089,1,Fast,0.8223892450332642,937,974
3089,1,Fast,0.7005230188369751,1034,807
3090,1,Fast,0.8435452580451965,845,832
3090,1,Fast,0.8435090184211731,939,983
3090,1,Fast,0.821236252784729,887,956
3090,1,Fast,0.4237406849861145,1031,801
3091,1,Fast,0.8581785559654236,846,838
3091,1,Fast,0.834150493144989,888,963
3091,1,Fast,0.8205654621124268,942,992
3092,1,Fast,0.8486593961715698,846,844
3092,1,Fast,0.8127137422561646,890,970
3092,1,Fast,0.7966095805168152,945,1002
3093,1,Fast,0.8618667721748352,948,1012
3093,1,Fast,0.8197452425956726,892,978
3093,1,Fast,0.8095110654830933,847,848
3094,1,Fast,0.8624987602233887,952,1022
3094,1,Fast,0.770529568195343,894,985
3094,1,Fast,0.6727920174598694,849,853
3094,1,Fast,0.6224920153617859,1022,778
3095,1,Fast,0.8588979244232178,954,1032
3095,1,Fast,0.8362675309181213,896,992
3095,1,Fast,0.7580379843711853,851,861
3095,1,Fast,0.4916089177131653,1019,773
3096,1,Fast,0.8252611756324768,958,1043
3096,1,Fast,0.7707780003547668,853,866
3096,1,Fast,0.4179753363132477,898,1000
3097,1,Fast,0.8091722130775452,854,872
3097,1,Fast,0.8024719953536987,963,1053
3098,1,Fast,0.8246312141418457,856,878
3098,1,Fast,0.7237600684165955,967,1058
3099,1,Fast,0.8619486093521118,858,885
3099,1,Fast,0.7150619029998779,904,1022
3099,1,Fast,0.43641796708106995,971,1064
3100,1,Fast,0.8547914028167725,858,891
3100,1,Fast,0.791608452796936,906,1031
3100,1,Fast,0.5889085531234741,977,1069
3100,1,Fast,0.4647004008293152,1101,1047
3101,1,Fast,0.8715948462486267,860,897
3101,1,Fast,0.7723284959793091,908,1038
3101,1,Fast,0.4921398162841797,1098,1038
3102,1,Fast,0.8802579045295715,861,903
3102,1,Fast,0.6432539820671082,911,1047
3102,1,Fast,0.4524277150630951,1095,1028
3103,1,Fast,0.868401050567627,862,910
3103,1,Fast,0.8041074275970459,914,1054
3103,1,Fast,0.6539759039878845,1090,1020
3103,1,Fast,0.325274795293808,1175,1068
3103,1,Fast,0.30000925064086914,1005,733
3104,1,Fast,0.8774358630180359,863,916
3104,1,Fast,0.8026731014251709,1087,1012
3104,1,Fast,0.33963754773139954,1172,1064
3105,1,Fast,0.8384740352630615,865,922
3105,1,Fast,0.8289783000946045,1082,1002
3105,1,Fast,0.5427648425102234,1168,1060
3106,1,Fast,0.8597705960273743,868,929
3106,1,Fast,0.7744401693344116,1078,994
3106,2,Slow,0.6307022571563721,790,633
3106,1,Fast,0.6141539812088013,1163,1056
3107,1,Fast,0.8533025979995728,869,935
3107,1,Fast,0.8152902722358704,1074,986
3108,1,Fast,0.8594205379486084,872,943
3108,1,Fast,0.7931553721427917,1071,978
3109,1,Fast,0.8437861204147339,873,950
3109,1,Fast,0.8250752687454224,1067,970
3110,1,Fast,0.8770211935043335,875,957
3110,1,Fast,0.8398930430412292,1064,962
3111,1,Fast,0.8851777911186218,876,964
3111,1,Fast,0.8401144742965698,1060,954
3112,1,Fast,0.861441433429718,878,970
3112,1,Fast,0.8132995367050171,1058,946
3113,1,Fast,0.8701232075691223,880,977
3113,1,Fast,0.824045717716217,1055,938
3113,1,Fast,0.42517605423927307,1133,1003
3114,1,Fast,0.8531666994094849,1052,931
3114,1,Fast,0.8200448155403137,882,986
3114,1,Fast,0.5665162801742554,1130,995
3115,1,Fast,0.8648809194564819,884,993
3115,1,Fast,0.7683557271957397,1125,988
3115,1,Fast,0.7296097278594971,1049,923
3116,1,Fast,0.8608065247535706,1045,916
3116,1,Fast,0.8436051607131958,885,1001
3116,1,Fast,0.7654910087585449,1122,982
3116,0,VRU,0.4961486756801605,791,664
3117,1,Fast,0.8742561936378479,887,1009
3117,1,Fast,0.8360022306442261,1042,909
3117,1,Fast,0.6982203722000122,1119,975
3118,1,Fast,0.8790212869644165,889,1017
3118,1,Fast,0.8558332324028015,1039,901
3118,1,Fast,0.3005113899707794,1115,968
3119,1,Fast,0.8795439004898071,891,1025
3119,1,Fast,0.835265040397644,1036,894
3119,1,Fast,0.6273927092552185,1112,962
3120,1,Fast,0.858540952205658,894,1033
3120,1,Fast,0.8359816074371338,1033,888
3121,1,Fast,0.8552738428115845,896,1041
3121,1,Fast,0.8039950728416443,1031,882
3121,1,Fast,0.48695430159568787,1106,948
3122,1,Fast,0.8308655619621277,1028,875
3122,1,Fast,0.7027062177658081,898,1050
3122,1,Fast,0.42984744906425476,973,651
3123,1,Fast,0.7385044693946838,1026,868
3123,1,Fast,0.7216920852661133,901,1057
3123,1,Fast,0.5275335311889648,972,647
3124,1,Fast,0.7598729729652405,905,1061
3124,1,Fast,0.7593969106674194,1023,861
3125,1,Fast,0.6942208409309387,1020,855
3126,1,Fast,0.6943073272705078,1018,848
3126,2,Slow,0.33340445160865784,909,413
3127,1,Fast,0.8224503397941589,1015,841
3128,1,Fast,0.7394786477088928,1013,835
3128,1,Fast,0.3924843966960907,1085,904
3129,1,Fast,0.7944989800453186,1010,830
3129,1,Fast,0.513546347618103,1081,899
3130,1,Fast,0.7408084273338318,1009,823
3130,2,Slow,0.6274189949035645,796,708
3131,1,Fast,0.7231353521347046,1006,817
3131,1,Fast,0.5312620997428894,1076,888
3132,1,Fast,0.7122716903686523,1004,812
3133,1,Fast,0.6080377697944641,1002,805
3134,1,Fast,0.7116692662239075,1000,799
3135,1,Fast,0.6944066882133484,998,793
3135,2,Slow,0.40987715125083923,798,725
3136,2,Slow,0.7076606750488281,798,728
3136,1,Fast,0.6397853493690491,995,788
3137,1,Fast,0.5213902592658997,993,782
3137,2,Slow,0.3301089107990265,799,731
3138,1,Fast,0.5918713212013245,990,776
3138,2,Slow,0.5873653888702393,799,735
3139,1,Fast,0.7721590995788574,989,770
3139,2,Slow,0.6012597680091858,799,740
3140,1,Fast,0.8221927285194397,987,766
3140,2,Slow,0.7445939183235168,800,744
3141,1,Fast,0.7669857740402222,985,760
3141,2,Slow,0.4658879041671753,801,747
3142,1,Fast,0.8040985465049744,983,755
3142,2,Slow,0.7445771098136902,801,753
3143,1,Fast,0.7507181167602539,982,750
3143,1,Fast,0.4467587172985077,891,964
3144,1,Fast,0.6328522562980652,980,744
3144,1,Fast,0.3644576370716095,803,760
3145,1,Fast,0.7982645034790039,978,739
3145,1,Fast,0.6511105298995972,803,764
3146,1,Fast,0.7990404367446899,977,734
3146,1,Fast,0.5511017441749573,804,767
3147,1,Fast,0.7700847387313843,975,729
3147,1,Fast,0.5962892174720764,900,993
3148,1,Fast,0.7677242159843445,973,724
3148,2,Slow,0.3986419141292572,805,776
3149,1,Fast,0.8149713277816772,971,719
3149,2,Slow,0.34157949686050415,805,779
3150,1,Fast,0.8145975470542908,969,715
3151,1,Fast,0.8246886730194092,968,710
3152,1,Fast,0.8422097563743591,967,704
3153,1,Fast,0.7971482872962952,964,700
3153,2,Slow,0.3388182818889618,807,795
3154,1,Fast,0.8178749680519104,963,695
3154,2,Slow,0.37583646178245544,808,799
3154,1,Fast,0.3703387975692749,915,1049
3155,1,Fast,0.8013777732849121,962,690
3155,2,Slow,0.6541432738304138,809,805
3156,1,Fast,0.8047409057617188,961,685
3156,2,Slow,0.6425864696502686,809,808
3157,1,Fast,0.8168748021125793,959,681
3157,1,Fast,0.7522212862968445,810,813
3158,1,Fast,0.7791284322738647,957,677
3158,1,Fast,0.3709964156150818,812,817
3159,1,Fast,0.7899349927902222,956,672
3159,1,Fast,0.7661598920822144,812,821
3160,1,Fast,0.7838252782821655,955,667
3160,1,Fast,0.5376101732254028,813,826
3161,1,Fast,0.7589271664619446,953,663
3162,1,Fast,0.7479662895202637,952,659
3162,1,Fast,0.6050989627838135,815,833
3163,1,Fast,0.7782270908355713,951,654
3163,1,Fast,0.6168684959411621,816,838
3164,1,Fast,0.7687921524047852,950,650
3165,1,Fast,0.7976251840591431,949,645
3165,1,Fast,0.3807074725627899,818,847
3166,1,Fast,0.8145560622215271,948,642
3166,1,Fast,0.7192363142967224,819,851
3166,1,Fast,0.5038021802902222,1005,718
3167,1,Fast,0.7980710864067078,947,638
3167,1,Fast,0.6994588971138,819,857
3167,1,Fast,0.42767563462257385,1004,713
3168,1,Fast,0.769160807132721,946,633
3168,1,Fast,0.5096673369407654,819,861
3168,1,Fast,0.3082056939601898,1002,709
3169,1,Fast,0.7600699067115784,945,629
3170,1,Fast,0.7119128704071045,943,626
3170,1,Fast,0.5452159643173218,821,871
3171,1,Fast,0.7729911804199219,942,621
3171,1,Fast,0.6092167496681213,821,876
3172,1,Fast,0.848858654499054,823,880
3172,1,Fast,0.7716715335845947,941,618
3173,1,Fast,0.8099439144134521,940,614
3173,1,Fast,0.7823671102523804,823,886
3174,1,Fast,0.8372164964675903,825,891
3174,1,Fast,0.8214129209518433,939,610
3175,1,Fast,0.783294141292572,938,606
3175,1,Fast,0.7470065355300903,826,896
3176,1,Fast,0.7889711260795593,937,602
3176,1,Fast,0.37459585070610046,826,903
3177,1,Fast,0.8146851062774658,828,907
3177,1,Fast,0.7856171727180481,937,599
3177,1,Fast,0.31011390686035156,979,756
3178,1,Fast,0.8044164180755615,936,596
3178,1,Fast,0.7025727033615112,829,913
3179,1,Fast,0.8147957921028137,935,592
3179,1,Fast,0.7744267582893372,830,918
3180,1,Fast,0.8482449054718018,831,923
3180,1,Fast,0.7955850958824158,934,589
3180,1,Fast,0.3520299196243286,974,739
3181,1,Fast,0.8556928038597107,833,929
3181,1,Fast,0.7663899660110474,933,585
3182,1,Fast,0.7900055050849915,932,581
3182,1,Fast,0.36937305331230164,835,934
3183,1,Fast,0.7836800217628479,836,940
3183,1,Fast,0.7438871264457703,931,578
3183,1,Fast,0.4902041554450989,981,656
3184,1,Fast,0.6975032687187195,930,574
3184,1,Fast,0.6476167440414429,837,946
3184,1,Fast,0.6263617277145386,979,652
3185,1,Fast,0.7224240899085999,838,952
3185,1,Fast,0.6871365308761597,929,570
3185,2,Slow,0.5148457884788513,978,649
3186,1,Fast,0.7290369868278503,929,567
3186,2,Slow,0.48225030303001404,978,647
3186,1,Fast,0.3247063457965851,840,959
3187,1,Fast,0.761185348033905,928,563
3187,2,Slow,0.45550593733787537,976,643
3188,1,Fast,0.7966548204421997,927,560
3188,1,Fast,0.7467050552368164,842,971
3188,1,Fast,0.5035974383354187,959,700
3188,2,Slow,0.452700138092041,976,639
3189,1,Fast,0.7789776921272278,926,557
3189,1,Fast,0.5361436009407043,842,977
3189,1,Fast,0.3862476348876953,959,696
3190,1,Fast,0.7669355869293213,925,554
3190,1,Fast,0.6214646100997925,845,982
3190,1,Fast,0.3969709873199463,1109,1056
3191,1,Fast,0.7182208895683289,924,550
3191,0,VRU,0.3157409131526947,1326,950
3192,1,Fast,0.6365472674369812,923,547
3192,1,Fast,0.6350460648536682,1100,1039
3193,1,Fast,0.7981139421463013,849,999
3193,1,Fast,0.7330617904663086,1096,1031
3193,1,Fast,0.5876193642616272,923,544
3194,1,Fast,0.8281992077827454,1092,1021
3194,1,Fast,0.6172454953193665,921,542
3194,1,Fast,0.6020364761352539,850,1006
3194,2,Slow,0.32731667160987854,968,621
3195,1,Fast,0.7923598885536194,1088,1013
3195,1,Fast,0.6664605140686035,921,538
3196,1,Fast,0.7665922045707703,1083,1004
3196,1,Fast,0.6441720128059387,920,535
3196,1,Fast,0.3137328028678894,967,613
3197,1,Fast,0.7557045817375183,920,532
3197,1,Fast,0.7537687420845032,1079,996
3197,2,Slow,0.3373672366142273,964,612
3198,1,Fast,0.79265958070755,920,529
3198,1,Fast,0.5964207649230957,1076,988
3198,2,Slow,0.3907650411128998,964,608
3199,1,Fast,0.7259939908981323,1072,980
3199,1,Fast,0.702276885509491,919,527
3199,2,Slow,0.6154359579086304,963,605
3199,1,Fast,0.36888614296913147,943,651
3200,1,Fast,0.7139791250228882,919,524
3200,1,Fast,0.5171489119529724,1069,972
3200,2,Slow,0.5165626406669617,963,603
3200,1,Fast,0.4145227074623108,942,647
3201,1,Fast,0.6497032046318054,918,522
3201,1,Fast,0.5362801551818848,1065,964
3201,1,Fast,0.4836779236793518,940,643
3201,2,Slow,0.4777107238769531,964,598
3202,2,Slow,0.641258716583252,964,596
3202,1,Fast,0.4046374559402466,917,519
3203,2,Slow,0.46681448817253113,962,593
3203,1,Fast,0.4621926546096802,1058,949
3203,1,Fast,0.38567376136779785,917,516
3204,2,Slow,0.4645639955997467,962,591
3205,1,Fast,0.4797836244106293,916,510
3205,2,Slow,0.4344331920146942,961,588
3206,2,Slow,0.38052040338516235,961,583
3207,2,Slow,0.5404049754142761,958,581
3207,1,Fast,0.3157060742378235,1045,919
3208,1,Fast,0.6509315371513367,917,501
3208,2,Slow,0.5099450349807739,958,579
3209,1,Fast,0.6349580883979797,917,498
3209,2,Slow,0.406892329454422,956,576
3209,1,Fast,0.3766424059867859,1039,905
3210,2,Slow,0.4664596617221832,956,572
3210,1,Fast,0.3095119297504425,1036,898
3211,2,Slow,0.49088770151138306,954,570
3211,1,Fast,0.48257318139076233,1034,893
3212,2,Slow,0.5958274602890015,953,567
3212,1,Fast,0.31329235434532166,1032,885
3213,2,Slow,0.5216324925422668,952,564
3213,1,Fast,0.36441898345947266,802,728
3214,1,Fast,0.5970582962036133,802,731
3215,1,Fast,0.6699950098991394,803,735
3215,1,Fast,0.39631322026252747,826,678
3215,2,Slow,0.3128087520599365,950,558
3216,1,Fast,0.6185158491134644,803,739
3216,1,Fast,0.4480002820491791,912,480
3216,1,Fast,0.38157686591148376,827,680
3217,1,Fast,0.7874000072479248,804,744
3217,1,Fast,0.43733298778533936,828,684
3217,2,Slow,0.37636667490005493,948,553
3217,1,Fast,0.37041395902633667,912,477
3218,1,Fast,0.7231624722480774,806,747
3218,1,Fast,0.39573198556900024,830,688
3219,1,Fast,0.4303666055202484,807,753
3219,1,Fast,0.4298691749572754,830,692
3219,1,Fast,0.30950450897216797,948,550
3220,1,Fast,0.6469561457633972,831,696
3220,1,Fast,0.5851213335990906,807,757
3220,2,Slow,0.3824549615383148,947,547
3221,1,Fast,0.6491886377334595,807,762
3221,1,Fast,0.33203908801078796,1008,828
3222,1,Fast,0.3706466257572174,808,766
3223,1,Fast,0.5785011649131775,809,771
3224,1,Fast,0.7892397046089172,810,774
3224,1,Fast,0.5482559204101562,833,712
3225,1,Fast,0.3644205331802368,810,777
3226,1,Fast,0.48712873458862305,810,782
3226,2,Slow,0.37342920899391174,945,532
3227,2,Slow,0.5804217457771301,945,531
3227,1,Fast,0.4494955241680145,810,787
3228,1,Fast,0.6907103061676025,812,792
3228,2,Slow,0.46416813135147095,944,529
3229,1,Fast,0.4162459373474121,812,796
3230,1,Fast,0.7786456942558289,813,800
3231,1,Fast,0.46923190355300903,813,804
3232,1,Fast,0.6291772127151489,814,808
3233,1,Fast,0.5515034794807434,815,814
3233,1,Fast,0.41208645701408386,1040,1005
3233,1,Fast,0.39090898633003235,840,749
3233,2,Slow,0.31298837065696716,942,519
3234,1,Fast,0.4695124328136444,841,753
3234,1,Fast,0.35643723607063293,913,529
3234,2,Slow,0.31788185238838196,942,516
3235,1,Fast,0.61360764503479,842,757
3235,1,Fast,0.5902956128120422,906,876
3236,1,Fast,0.5748246312141418,842,761
3238,1,Fast,0.37528467178344727,975,734
3239,1,Fast,0.35934656858444214,973,730
3240,1,Fast,0.6128221750259399,917,911
3240,1,Fast,0.38052624464035034,846,777
3242,1,Fast,0.6697060465812683,823,859
3242,1,Fast,0.4358143210411072,921,925
3243,1,Fast,0.5779575109481812,824,864
3243,1,Fast,0.5213088393211365,966,710
3243,1,Fast,0.4509640634059906,924,934
3244,1,Fast,0.7494220733642578,826,870
3244,1,Fast,0.5049830079078674,964,706
3245,1,Fast,0.7593662142753601,827,875
3245,1,Fast,0.6192426085472107,850,801
3245,1,Fast,0.48269152641296387,962,701
3246,1,Fast,0.7491158843040466,852,805
3246,1,Fast,0.6162676215171814,828,880
3246,1,Fast,0.37526190280914307,961,697
3247,1,Fast,0.687406063079834,828,886
3247,1,Fast,0.6666489839553833,852,810
3247,1,Fast,0.4233376383781433,960,692
3248,1,Fast,0.7538701295852661,853,816
3248,1,Fast,0.5114936828613281,831,892
3248,1,Fast,0.3648957908153534,935,972
3249,1,Fast,0.7277854681015015,854,820
3249,1,Fast,0.586031973361969,831,898
3250,1,Fast,0.4656048119068146,832,903
3251,1,Fast,0.5290963649749756,856,830
3252,1,Fast,0.5974356532096863,858,835
3253,1,Fast,0.5912766456604004,860,840
3254,1,Fast,0.6764479279518127,836,926
3254,1,Fast,0.6049368977546692,861,844
3255,1,Fast,0.7311808466911316,837,931
3255,1,Fast,0.34548085927963257,862,849
3256,1,Fast,0.3587307333946228,948,654
3257,1,Fast,0.7289661765098572,840,943
3257,1,Fast,0.30955222249031067,864,861
3258,1,Fast,0.7844054698944092,841,949
3258,1,Fast,0.6328276991844177,866,866
3259,1,Fast,0.794572114944458,843,956
3259,1,Fast,0.7882271409034729,867,872
3259,1,Fast,0.41787081956863403,827,664
3259,1,Fast,0.3126387298107147,945,643
3260,1,Fast,0.8245231509208679,868,878
3260,1,Fast,0.8101317286491394,845,962
3260,1,Fast,0.6309368014335632,827,667
3261,1,Fast,0.8073737025260925,870,884
3261,1,Fast,0.7057343125343323,846,969
3261,1,Fast,0.6764965653419495,828,670
3261,1,Fast,0.518383800983429,963,793
3262,1,Fast,0.8135225772857666,871,890
3262,1,Fast,0.7745670676231384,829,674
3262,1,Fast,0.4961880147457123,848,975
3262,1,Fast,0.34468746185302734,961,788
3263,1,Fast,0.7507091760635376,873,895
3263,1,Fast,0.6723644733428955,829,678
3263,1,Fast,0.41198548674583435,958,782
3264,1,Fast,0.8378506898880005,875,901
3264,1,Fast,0.7447335720062256,830,682
3264,1,Fast,0.7002770900726318,956,776
3265,1,Fast,0.8346128463745117,955,770
3265,1,Fast,0.7117683291435242,830,686
3265,1,Fast,0.670841634273529,877,907
3265,1,Fast,0.5227481126785278,853,995
3266,1,Fast,0.7455997467041016,953,764
3266,1,Fast,0.7376520037651062,830,690
3266,1,Fast,0.7253926396369934,854,1002
3266,1,Fast,0.6627291440963745,878,912
3267,1,Fast,0.7982946038246155,856,1008
3267,1,Fast,0.7115389704704285,831,694
3267,1,Fast,0.6443361043930054,951,759
3267,1,Fast,0.6262295842170715,879,917
3267,1,Fast,0.36854198575019836,936,613
3268,1,Fast,0.7633053064346313,858,1015
3268,1,Fast,0.7008456587791443,832,699
3268,1,Fast,0.629314661026001,880,924
3268,1,Fast,0.3736356496810913,950,753
3269,1,Fast,0.8359240293502808,883,931
3269,1,Fast,0.5917292237281799,834,703
3269,1,Fast,0.446932852268219,859,1022
3269,1,Fast,0.35348474979400635,948,748
3270,1,Fast,0.766589343547821,884,937
3270,1,Fast,0.6572316884994507,835,707
3270,1,Fast,0.5245320200920105,801,739
3271,1,Fast,0.8208155632019043,886,944
3271,1,Fast,0.7384968996047974,835,712
3271,1,Fast,0.5903465747833252,803,744
3272,1,Fast,0.8300395011901855,887,950
3272,1,Fast,0.8112266063690186,836,716
3272,1,Fast,0.5646068453788757,803,748
3272,1,Fast,0.36819911003112793,982,833
3273,1,Fast,0.8573541045188904,889,956
3273,1,Fast,0.813478410243988,837,720
3273,1,Fast,0.7125709652900696,803,753
3273,1,Fast,0.4703063666820526,980,828
3274,1,Fast,0.8613337874412537,890,963
3274,1,Fast,0.8034149408340454,837,724
3274,1,Fast,0.7649893760681152,803,758
3274,1,Fast,0.4796460270881653,978,820
3274,1,Fast,0.4620707631111145,930,589
3275,1,Fast,0.8301258087158203,838,729
3275,1,Fast,0.8013952374458313,892,970
3275,1,Fast,0.7475590705871582,803,763
3275,1,Fast,0.33844760060310364,976,814
3276,1,Fast,0.8485259413719177,895,977
3276,1,Fast,0.8429142236709595,839,734
3276,1,Fast,0.7495336532592773,804,767
3276,1,Fast,0.4491995871067047,936,712
3277,1,Fast,0.8421576023101807,839,738
3277,1,Fast,0.8046056628227234,896,983
3277,1,Fast,0.7276573181152344,805,772
3277,1,Fast,0.5322812795639038,934,706
3278,1,Fast,0.8382018804550171,840,742
3278,1,Fast,0.7243117094039917,806,776
3278,1,Fast,0.7047430872917175,898,991
3278,1,Fast,0.6503262519836426,934,701
3279,1,Fast,0.8514382243156433,841,747
3279,1,Fast,0.7414774894714355,932,697
3279,1,Fast,0.7071910500526428,901,998
3279,1,Fast,0.5833498239517212,807,779
3279,1,Fast,0.3026791512966156,756,678
3280,1,Fast,0.8384063243865967,842,753
3280,1,Fast,0.7454291582107544,902,1004
3280,1,Fast,0.5368718504905701,930,692
3280,1,Fast,0.3089575469493866,756,680
3281,1,Fast,0.8111441135406494,843,757
3281,1,Fast,0.5082463622093201,904,1011
3281,1,Fast,0.34864988923072815,929,687
3282,1,Fast,0.8065763115882874,844,762
3282,1,Fast,0.6527660489082336,928,682
3282,1,Fast,0.4494406282901764,906,1020
3283,1,Fast,0.7303376197814941,845,767
3283,1,Fast,0.5513883233070374,907,1027
3283,1,Fast,0.5093148946762085,927,678
3284,1,Fast,0.8107538223266602,846,772
3284,1,Fast,0.5796281695365906,925,674
3284,1,Fast,0.527438223361969,909,1034
3285,1,Fast,0.828991174697876,847,777
3285,1,Fast,0.5074033141136169,911,1041
3286,1,Fast,0.8155218958854675,848,782
3287,1,Fast,0.8331149816513062,849,787
3287,1,Fast,0.7207563519477844,918,1055
3287,1,Fast,0.3885684311389923,921,660
3288,1,Fast,0.8534693717956543,850,792
3288,1,Fast,0.700653076171875,921,1059
3288,1,Fast,0.352733314037323,951,737
3289,1,Fast,0.8575286865234375,852,798
3289,1,Fast,0.6479041576385498,923,1063
3289,1,Fast,0.4642530083656311,920,652
3289,1,Fast,0.31034472584724426,1081,1066
3290,1,Fast,0.8620069026947021,853,803
3290,1,Fast,0.4104838967323303,919,647
3291,1,Fast,0.8727999925613403,854,809
3291,1,Fast,0.5320765972137451,918,643
3292,1,Fast,0.8636969923973083,855,815
3292,1,Fast,0.5468257069587708,817,847
3292,1,Fast,0.43895769119262695,1061,1043
3293,1,Fast,0.8479282259941101,856,819
3293,1,Fast,0.39974045753479004,1057,1033
3293,1,Fast,0.3914181590080261,916,635
3293,1,Fast,0.34240132570266724,943,712
3294,1,Fast,0.8475507497787476,858,826
3294,1,Fast,0.722744882106781,1053,1024
3295,1,Fast,0.8520143628120422,860,832
3295,1,Fast,0.5291942358016968,1050,1014
3296,1,Fast,0.8566279411315918,860,837
3296,1,Fast,0.6825456619262695,1046,1005
3296,1,Fast,0.3007652461528778,821,871
3297,1,Fast,0.8669576644897461,861,842
3297,1,Fast,0.7484155297279358,1042,996
3297,1,Fast,0.6812958121299744,822,877
3297,1,Fast,0.3910079896450043,912,618
3298,1,Fast,0.8597267866134644,863,847
3298,1,Fast,0.7348840832710266,824,883
3298,1,Fast,0.6721688508987427,1039,987
3299,1,Fast,0.8615882992744446,864,853
3299,1,Fast,0.7721520662307739,824,890
3299,1,Fast,0.5837521553039551,1036,979
3300,1,Fast,0.8581196665763855,865,860
3300,1,Fast,0.8061220049858093,825,896
3300,1,Fast,0.6001396179199219,1032,971
3300,1,Fast,0.5233154296875,934,678
3301,1,Fast,0.8528481125831604,867,866
3301,1,Fast,0.7617995738983154,826,903
3301,1,Fast,0.5712934732437134,1030,962
3301,1,Fast,0.377666175365448,842,738
3302,1,Fast,0.8724502921104431,868,872
3302,1,Fast,0.7092224955558777,1026,954
3302,1,Fast,0.4870296120643616,828,909
3302,1,Fast,0.3138807713985443,844,744
3303,1,Fast,0.8593747615814209,869,878
3303,1,Fast,0.7089090943336487,829,916
3303,1,Fast,0.4724619388580322,1023,945
3304,1,Fast,0.8704473376274109,871,883
3304,1,Fast,0.7648552656173706,831,921
3304,1,Fast,0.48291319608688354,929,660
3304,1,Fast,0.3137480318546295,761,732
3305,1,Fast,0.8713812828063965,872,890
3305,1,Fast,0.6617476344108582,832,927
3305,1,Fast,0.4084891676902771,928,656
3306,1,Fast,0.8512921929359436,874,897
3306,1,Fast,0.4656665325164795,927,651
3307,1,Fast,0.8825196623802185,876,904
3308,1,Fast,0.8765983581542969,878,910
3308,1,Fast,0.5920607447624207,849,773
3308,1,Fast,0.42273175716400146,924,641
3308,1,Fast,0.41484561562538147,835,948
3309,1,Fast,0.8737912178039551,879,916
3309,1,Fast,0.7208545804023743,850,777
3309,1,Fast,0.4284701645374298,837,954
3309,1,Fast,0.3043862581253052,1005,900
3310,1,Fast,0.8630393743515015,881,922
3310,1,Fast,0.5264716148376465,839,961
3311,1,Fast,0.867034912109375,882,930
3311,1,Fast,0.6879215836524963,840,968
3312,1,Fast,0.8456760048866272,883,937
3312,1,Fast,0.7491499185562134,841,975
3312,1,Fast,0.3528013527393341,901,563
3313,1,Fast,0.8494979739189148,885,944
3313,1,Fast,0.7400563955307007,842,983
3313,1,Fast,0.6044618487358093,853,799
3314,1,Fast,0.8744649291038513,887,951
3314,1,Fast,0.7331758737564087,844,991
3314,1,Fast,0.43253543972969055,854,804
3314,1,Fast,0.39098936319351196,765,757
3315,1,Fast,0.872679591178894,889,958
3315,1,Fast,0.6005997657775879,846,997
3315,1,Fast,0.5879170298576355,766,759
3316,1,Fast,0.8840097188949585,890,965
3316,1,Fast,0.6246734857559204,766,762
3316,1,Fast,0.46523523330688477,848,1004
3317,1,Fast,0.874003529548645,892,973
3317,1,Fast,0.4773280918598175,766,765
3317,1,Fast,0.4490801990032196,984,845
3318,1,Fast,0.8798447847366333,894,980
3318,1,Fast,0.5193227529525757,768,767
3318,1,Fast,0.39636898040771484,850,1020
3319,1,Fast,0.8588728904724121,897,988
3319,1,Fast,0.7131844758987427,768,770
3319,1,Fast,0.3758598268032074,851,1029
3319,1,Fast,0.3192606568336487,898,543
3320,1,Fast,0.8685208559036255,899,996
3320,1,Fast,0.806854784488678,768,772
3320,1,Fast,0.5022213459014893,853,1037
3320,1,Fast,0.35359492897987366,979,825
3321,1,Fast,0.8636736869812012,901,1004
3321,1,Fast,0.8123900294303894,768,775
3321,1,Fast,0.6358945965766907,855,1043
3322,1,Fast,0.8704275488853455,903,1012
3322,1,Fast,0.8156331777572632,768,776
3322,1,Fast,0.6555458307266235,855,1053
3323,1,Fast,0.8588067293167114,905,1021
3323,1,Fast,0.8174407482147217,769,778
3323,1,Fast,0.7494104504585266,857,1059
3323,1,Fast,0.34470534324645996,972,806
3324,1,Fast,0.8475433588027954,906,1029
3324,1,Fast,0.7983062863349915,769,782
3325,1,Fast,0.8511646389961243,908,1037
3325,1,Fast,0.6799725890159607,869,870
3325,1,Fast,0.6392475366592407,770,785
3326,1,Fast,0.8116127848625183,910,1045
3326,1,Fast,0.734952986240387,870,876
3326,1,Fast,0.5625032186508179,772,788
3326,1,Fast,0.3598071336746216,965,788
3327,1,Fast,0.7870345711708069,871,882
3327,1,Fast,0.785485029220581,913,1052
3327,1,Fast,0.7512511014938354,772,790
3327,1,Fast,0.45569413900375366,964,783
3328,1,Fast,0.7616430521011353,917,1057
3328,1,Fast,0.6654145121574402,872,889
3328,1,Fast,0.639829695224762,773,792
3329,1,Fast,0.8030586242675781,920,1061
3329,1,Fast,0.7222923636436462,773,795
3329,1,Fast,0.5358008146286011,874,895
3330,1,Fast,0.7044028639793396,774,798
3330,1,Fast,0.6999512910842896,922,1065
3331,1,Fast,0.7490795254707336,775,800
3331,1,Fast,0.6583192348480225,957,759
3332,1,Fast,0.7715790271759033,775,802
3332,1,Fast,0.5923187136650085,956,754
3332,1,Fast,0.5729888081550598,879,914
3333,1,Fast,0.7823560833930969,775,804
3333,1,Fast,0.6727731823921204,954,748
3333,1,Fast,0.4138902723789215,881,919
3334,1,Fast,0.766741156578064,776,807
3334,1,Fast,0.5330105423927307,884,924
3334,1,Fast,0.38990312814712524,953,743
3335,1,Fast,0.7702893614768982,778,810
3335,1,Fast,0.6621697545051575,951,737
3336,1,Fast,0.746494710445404,949,732
3336,1,Fast,0.7278337478637695,886,941
3337,1,Fast,0.6754305958747864,888,950
3338,1,Fast,0.7864627242088318,890,956
3339,1,Fast,0.6315985321998596,891,964
3340,1,Fast,0.6972059607505798,894,972
3341,1,Fast,0.5880905389785767,943,708
3341,1,Fast,0.5139705538749695,895,980
3342,1,Fast,0.40769675374031067,782,830
3343,1,Fast,0.7623369693756104,901,995
3343,1,Fast,0.7287575602531433,784,833
3344,1,Fast,0.8215935230255127,902,1002
3344,1,Fast,0.6654530167579651,785,836
3344,1,Fast,0.31689298152923584,938,693
3345,1,Fast,0.7687026858329773,785,838
3345,1,Fast,0.6626095175743103,936,690
3346,1,Fast,0.7464727163314819,934,684
3346,1,Fast,0.6772210001945496,786,841
3346,1,Fast,0.3556770086288452,907,1017
3347,1,Fast,0.7616007924079895,934,680
3349,1,Fast,0.3255540430545807,913,1045
3352,1,Fast,0.4096031188964844,928,658
3353,1,Fast,0.5949618220329285,927,655
3353,1,Fast,0.5421979427337646,791,864
3354,1,Fast,0.7517944574356079,792,868
3354,1,Fast,0.4697663187980652,926,650
3355,1,Fast,0.7270355820655823,792,871
3355,1,Fast,0.4416367709636688,925,646
3356,1,Fast,0.7378246188163757,794,874
3356,1,Fast,0.45930489897727966,924,639
3357,1,Fast,0.7736194729804993,794,878
3357,1,Fast,0.715804398059845,923,637
3358,1,Fast,0.8088432550430298,795,881
3358,1,Fast,0.6063873767852783,922,634
3359,1,Fast,0.8400622606277466,1107,1043
3359,1,Fast,0.7800688147544861,797,884
3360,1,Fast,0.7972538471221924,1104,1035
3360,1,Fast,0.48012062907218933,920,626
3360,1,Fast,0.3679380714893341,797,886
3361,1,Fast,0.8687556982040405,1100,1027
3362,1,Fast,0.870002806186676,1096,1019
3363,1,Fast,0.8923414349555969,1093,1012
3364,1,Fast,0.8321349024772644,1089,1004
3364,1,Fast,0.316296249628067,802,903
3365,1,Fast,0.8161774277687073,1086,996
3365,1,Fast,0.5770733952522278,802,905
3366,1,Fast,0.7804269790649414,1082,989
3366,1,Fast,0.7410497069358826,803,909
3367,1,Fast,0.8596595525741577,1080,982
3367,1,Fast,0.6473855972290039,804,912
3368,1,Fast,0.8250102996826172,1076,975
3368,1,Fast,0.6919719576835632,805,916
3369,1,Fast,0.8689858317375183,1073,968
3369,1,Fast,0.7334045171737671,807,920
3370,1,Fast,0.8272643685340881,1069,960
3370,1,Fast,0.5302303433418274,808,923
3371,1,Fast,0.8606606721878052,1067,954
3372,1,Fast,0.8796594142913818,1063,947
3373,1,Fast,0.8822364211082458,1061,940
3374,1,Fast,0.8600876927375793,1057,933
3375,1,Fast,0.8543329238891602,1053,927
3376,1,Fast,0.8492060899734497,1052,921
3376,1,Fast,0.4416047930717468,815,947
3377,1,Fast,0.8205388188362122,1049,915
3377,1,Fast,0.43941840529441833,816,951
3377,2,Slow,0.3364681601524353,905,565
3378,1,Fast,0.843133270740509,1046,908
3378,1,Fast,0.5862476229667664,818,953
3379,1,Fast,0.8522765636444092,1043,901
3379,1,Fast,0.7727293968200684,819,957
3380,1,Fast,0.8698313236236572,1040,895
3380,1,Fast,0.7146191000938416,819,960
3381,1,Fast,0.8562922477722168,1037,889
3381,1,Fast,0.5402061939239502,820,964
3382,1,Fast,0.8512482643127441,1035,883
3383,1,Fast,0.8623450398445129,1033,878
3384,1,Fast,0.8577244877815247,1031,871
3385,1,Fast,0.8618395924568176,1029,865
3386,1,Fast,0.8594275116920471,1026,859
3386,1,Fast,0.6687543392181396,827,988
3387,1,Fast,0.8586639761924744,1025,854
3387,1,Fast,0.8180084824562073,829,990
3388,1,Fast,0.8641184568405151,1022,848
3388,1,Fast,0.8013152480125427,830,995
3388,1,Fast,0.41213658452033997,851,643
3389,1,Fast,0.8603799939155579,1019,843
3389,1,Fast,0.7633328437805176,830,1000
3389,1,Fast,0.518011212348938,852,648
3390,1,Fast,0.843191921710968,1017,837
3390,1,Fast,0.5945520401000977,830,1004
3390,1,Fast,0.3231881558895111,853,653
3391,1,Fast,0.8303759098052979,1014,831
3391,1,Fast,0.6484150290489197,854,657
3392,1,Fast,0.8585495948791504,1012,826
3392,1,Fast,0.6632533073425293,854,663
3392,1,Fast,0.5916462540626526,837,1013
3393,1,Fast,0.8324049115180969,1010,820
3393,1,Fast,0.6856876611709595,838,1017
3393,1,Fast,0.3906033933162689,856,668
3394,1,Fast,0.8458883762359619,1008,815
3394,1,Fast,0.8258776664733887,840,1022
3394,1,Fast,0.7879354953765869,856,673
3395,1,Fast,0.8576610684394836,1006,810
3395,1,Fast,0.8198592662811279,840,1027
3395,1,Fast,0.6520001888275146,857,678
3396,1,Fast,0.818535566329956,1004,804
3396,1,Fast,0.8044214844703674,840,1033
3396,1,Fast,0.6601048111915588,858,683
3397,1,Fast,0.8506296277046204,841,1038
3397,1,Fast,0.8099615573883057,1002,799
3397,1,Fast,0.7892137169837952,859,688
3398,1,Fast,0.8717860579490662,1001,793
3398,1,Fast,0.802090585231781,842,1040
3398,1,Fast,0.7875692248344421,860,694
3399,1,Fast,0.8427822589874268,999,789
3399,1,Fast,0.8281561136245728,861,699
3399,1,Fast,0.5882198214530945,844,1044
3400,1,Fast,0.841582715511322,997,784
3400,1,Fast,0.8372939825057983,863,705
3401,1,Fast,0.8691368103027344,995,779
3401,1,Fast,0.8494531512260437,863,710
3401,1,Fast,0.5841894149780273,845,1055
3402,1,Fast,0.836762547492981,865,716
3402,1,Fast,0.8252662420272827,991,775
3403,1,Fast,0.8403940796852112,989,770
3403,1,Fast,0.7121213674545288,866,722
3404,1,Fast,0.8558576107025146,987,765
3404,1,Fast,0.7839186787605286,867,727
3405,1,Fast,0.8509073257446289,868,733
3405,1,Fast,0.78323894739151,986,760
3406,1,Fast,0.8600310683250427,870,739
3406,1,Fast,0.8254778981208801,984,755
3407,1,Fast,0.8517435193061829,982,750
3407,1,Fast,0.8513262867927551,871,745
3408,1,Fast,0.8481864333152771,873,752
3408,1,Fast,0.8113898038864136,981,745
3409,1,Fast,0.8512673377990723,874,757
3409,1,Fast,0.8370362520217896,979,741
3410,1,Fast,0.8664040565490723,875,764
3410,1,Fast,0.8474141955375671,978,737
3411,1,Fast,0.8655131459236145,876,770
3411,1,Fast,0.8487588763237,976,733
3412,1,Fast,0.8668575286865234,878,776
3412,1,Fast,0.8231485486030579,975,729
3413,1,Fast,0.8309124708175659,973,725
3413,1,Fast,0.784529983997345,879,783
3414,1,Fast,0.8393961787223816,970,720
3414,1,Fast,0.834917426109314,881,790
3414,1,Fast,0.34977561235427856,847,689
3415,1,Fast,0.8684292435646057,882,797
3415,1,Fast,0.8478513956069946,969,716
3416,1,Fast,0.858080267906189,884,803
3416,1,Fast,0.8435415029525757,967,712
3417,1,Fast,0.8815205097198486,885,810
3417,1,Fast,0.8565851449966431,966,708
3418,1,Fast,0.873253345489502,887,817
3418,1,Fast,0.8528457880020142,965,704
3419,1,Fast,0.8878715634346008,889,824
3419,1,Fast,0.8061188459396362,963,700
3420,1,Fast,0.8817738890647888,891,832
3420,1,Fast,0.8154475688934326,962,696
3421,1,Fast,0.8737055063247681,893,839
3421,1,Fast,0.8246269226074219,961,692
3422,1,Fast,0.8680331110954285,895,847
3422,1,Fast,0.8298518657684326,960,687
3423,1,Fast,0.8867701292037964,897,855
3423,1,Fast,0.7908406257629395,958,683
3424,1,Fast,0.8725093007087708,898,862
3424,1,Fast,0.8135800361633301,956,680
3425,1,Fast,0.8836401700973511,901,870
3425,1,Fast,0.7816292643547058,955,676
3426,1,Fast,0.8732986450195312,903,877
3426,1,Fast,0.8235809803009033,953,673
3427,1,Fast,0.8927701115608215,905,886
3427,1,Fast,0.8205475211143494,952,669
3428,1,Fast,0.8636164665222168,907,894
3428,1,Fast,0.85688316822052,951,664
3429,1,Fast,0.8738484978675842,910,903
3429,1,Fast,0.8253182172775269,950,661
3430,1,Fast,0.8711414933204651,912,911
3430,1,Fast,0.8125845789909363,948,657
3431,1,Fast,0.8743047714233398,915,919
3431,1,Fast,0.7475637793540955,948,653
3432,1,Fast,0.8800287246704102,917,928
3432,1,Fast,0.8227408528327942,947,650
3433,1,Fast,0.8848706483840942,920,937
3433,1,Fast,0.8214107751846313,946,646
3434,1,Fast,0.8933650255203247,922,946
3434,1,Fast,0.8282135128974915,946,643
3435,1,Fast,0.8931966423988342,924,955
3435,1,Fast,0.8254932761192322,944,639
3436,1,Fast,0.8871351480484009,927,964
3436,1,Fast,0.8316430449485779,943,636
3437,1,Fast,0.8754479885101318,930,974
3437,1,Fast,0.8043765425682068,942,632
3438,1,Fast,0.8626895546913147,933,984
3438,1,Fast,0.7749893069267273,940,629
3439,1,Fast,0.8800275921821594,936,994
3439,1,Fast,0.6906287670135498,939,625
3440,1,Fast,0.8699432611465454,939,1004
3440,1,Fast,0.71092689037323,938,622
3441,1,Fast,0.8833694458007812,942,1014
3441,1,Fast,0.7891286611557007,937,619
3442,1,Fast,0.8774877190589905,945,1024
3442,1,Fast,0.7455831170082092,937,615
3443,1,Fast,0.8645538091659546,948,1035
3443,1,Fast,0.7572923898696899,936,611
3444,1,Fast,0.8485596776008606,951,1045
3444,1,Fast,0.7512210011482239,935,608
3445,1,Fast,0.8409523367881775,955,1054
3445,1,Fast,0.7792026996612549,935,605
3446,1,Fast,0.8190117478370667,934,602
3446,1,Fast,0.467902272939682,959,1059
3447,1,Fast,0.8222479224205017,933,599
3448,1,Fast,0.8310145139694214,932,596
3449,1,Fast,0.8448465466499329,931,592
3450,1,Fast,0.8302028775215149,931,590
3451,1,Fast,0.8111667633056641,930,587
3451,1,Fast,0.6075242161750793,897,949
3452,1,Fast,0.7088612914085388,929,583
3453,1,Fast,0.7141388654708862,928,581
3454,1,Fast,0.8010448217391968,927,577
3455,1,Fast,0.7614288330078125,927,575
3456,1,Fast,0.8002210259437561,926,570
3456,1,Fast,0.4216946065425873,909,998
3457,1,Fast,0.798564612865448,925,567
3458,1,Fast,0.8162976503372192,925,564
3459,1,Fast,0.8421177864074707,924,562
3459,1,Fast,0.38300207257270813,917,1032
3460,1,Fast,0.8007702231407166,923,559
3461,1,Fast,0.7984611392021179,922,556
3461,1,Fast,0.562491238117218,1070,1071
3462,1,Fast,0.7946001291275024,921,553
3462,1,Fast,0.49908021092414856,1068,1066
3462,1,Fast,0.3380706310272217,927,1060
3463,1,Fast,0.8008295893669128,921,551
3464,1,Fast,0.8287087678909302,920,548
3464,1,Fast,0.5531771779060364,1056,1054
3465,1,Fast,0.8279458284378052,920,545
3465,1,Fast,0.6235774755477905,1051,1043
3466,1,Fast,0.7893349528312683,919,543
3466,1,Fast,0.6791483163833618,1047,1034
3467,1,Fast,0.7927002310752869,919,540
3467,1,Fast,0.7320725321769714,1043,1024
3468,1,Fast,0.7969026565551758,919,537
3468,1,Fast,0.7868361473083496,1039,1014
3469,1,Fast,0.8506829142570496,1035,1005
3469,1,Fast,0.8040350079536438,919,535
3470,1,Fast,0.843494176864624,1032,996
3470,1,Fast,0.8239688873291016,919,532
3471,1,Fast,0.8218344449996948,1028,987
3471,1,Fast,0.8122531771659851,918,530
3472,1,Fast,0.8186526894569397,1025,979
3472,1,Fast,0.802442193031311,918,528
3473,1,Fast,0.7605910897254944,917,525
3473,1,Fast,0.7170490026473999,1022,970
3474,1,Fast,0.7877776622772217,1018,961
3474,1,Fast,0.7731039524078369,917,522
3475,1,Fast,0.8406612277030945,1015,952
3475,1,Fast,0.793595016002655,916,521
3476,1,Fast,0.8667823076248169,1012,945
3476,1,Fast,0.7840452790260315,915,518
3476,1,Fast,0.30359435081481934,827,687
3477,1,Fast,0.7642701864242554,915,516
3477,1,Fast,0.6496888995170593,1009,936
3477,1,Fast,0.41327500343322754,828,690
3478,1,Fast,0.7252727150917053,915,514
3478,1,Fast,0.5559197068214417,1006,928
3478,1,Fast,0.35267388820648193,829,694
3479,1,Fast,0.6791909337043762,915,511
3479,1,Fast,0.6448503732681274,1002,920
3480,1,Fast,0.713846743106842,1000,913
3480,1,Fast,0.6733353734016418,915,508
3481,1,Fast,0.7608993649482727,997,906
3481,1,Fast,0.6929517388343811,915,505
3482,1,Fast,0.7271868586540222,915,503
3482,1,Fast,0.7209173440933228,995,897
3483,1,Fast,0.7185103297233582,915,500
3483,1,Fast,0.6007788777351379,992,890
3484,1,Fast,0.7310529351234436,914,498
3484,1,Fast,0.6983376741409302,989,882
3485,1,Fast,0.7108674645423889,914,495
3485,1,Fast,0.4075298011302948,837,533
3486,1,Fast,0.7460410594940186,912,493
3486,1,Fast,0.5045913457870483,983,866
3486,1,Fast,0.4958459138870239,885,974
3487,1,Fast,0.75057452917099,912,491
3487,1,Fast,0.45660141110420227,982,861
3488,1,Fast,0.7712504267692566,911,488
3488,1,Fast,0.49546635150909424,979,854
3489,1,Fast,0.7658390402793884,910,487
3489,1,Fast,0.4979243278503418,976,847
3490,1,Fast,0.7416137456893921,910,484
3490,1,Fast,0.58195960521698,974,839
3490,1,Fast,0.4431499242782593,837,745
3491,1,Fast,0.7167052626609802,910,482
3491,1,Fast,0.5557551980018616,972,833
3492,1,Fast,0.7268292903900146,970,826
3492,1,Fast,0.690077543258667,910,479
3492,1,Fast,0.45659950375556946,840,755
3493,1,Fast,0.7343242168426514,910,477
3493,1,Fast,0.4963017404079437,968,819
3494,1,Fast,0.7201980352401733,910,475
3494,1,Fast,0.5179797410964966,966,813
3495,1,Fast,0.7695449590682983,964,806
3495,1,Fast,0.6199356317520142,910,472
3495,1,Fast,0.5948514342308044,901,1044
3496,1,Fast,0.6338156461715698,910,470
3496,1,Fast,0.5917239189147949,962,800
3497,1,Fast,0.7190388441085815,909,468
3497,1,Fast,0.5157046914100647,959,794
3497,1,Fast,0.3348899781703949,1101,947
3498,1,Fast,0.7299752831459045,909,466
3498,1,Fast,0.35438376665115356,957,789
3499,1,Fast,0.737585723400116,908,464
3499,1,Fast,0.4382869005203247,955,782
3500,1,Fast,0.7498164176940918,908,462
3500,1,Fast,0.6709269285202026,952,776
3501,1,Fast,0.7771180868148804,950,770
3501,1,Fast,0.742937445640564,908,461
3501,1,Fast,0.6749716997146606,845,798
3502,1,Fast,0.7598052620887756,948,764
3502,1,Fast,0.7101852893829346,908,459
3503,1,Fast,0.704097330570221,947,758
3503,1,Fast,0.5489311218261719,908,457
3504,1,Fast,0.583445131778717,908,454
3504,1,Fast,0.575650691986084,946,752
3504,1,Fast,0.3414556682109833,852,814
3505,1,Fast,0.4482736587524414,944,746
3505,1,Fast,0.4108772575855255,908,453
3506,1,Fast,0.5909774303436279,942,741
3506,1,Fast,0.5752080082893372,908,450
3507,1,Fast,0.6747359037399292,909,449
3507,1,Fast,0.4855068027973175,941,735
3507,1,Fast,0.45379599928855896,1076,894
3508,1,Fast,0.585889458656311,909,447
3509,1,Fast,0.7111588716506958,908,445
3510,1,Fast,0.6928904056549072,908,443
3510,1,Fast,0.5864771008491516,856,845
3510,1,Fast,0.33314189314842224,1069,878
3511,1,Fast,0.6837224960327148,908,441
3511,1,Fast,0.4079383611679077,1066,874
3511,1,Fast,0.3554016649723053,845,618
3511,1,Fast,0.3387680947780609,934,715
3512,1,Fast,0.7183972001075745,908,439
3512,1,Fast,0.5589466094970703,933,709
3512,1,Fast,0.3928053081035614,857,858
3512,1,Fast,0.3408658504486084,1065,868
3513,1,Fast,0.6812947392463684,908,437
3513,1,Fast,0.5960270166397095,932,704
3513,1,Fast,0.4814833402633667,859,863
3513,1,Fast,0.34289950132369995,1063,864
3514,1,Fast,0.5209547281265259,908,435
3514,1,Fast,0.46608659625053406,861,870
3514,1,Fast,0.45508983731269836,847,630
3514,1,Fast,0.4138287305831909,930,699
3515,1,Fast,0.733268141746521,862,876
3515,1,Fast,0.5132372379302979,908,434
3515,1,Fast,0.4228155314922333,847,633
3515,1,Fast,0.30765268206596375,928,694
3516,1,Fast,0.7722815871238708,865,882
3516,1,Fast,0.5257055163383484,848,637
3516,1,Fast,0.4051804840564728,908,433
3517,1,Fast,0.5449116230010986,908,431
3517,1,Fast,0.4523440897464752,849,641
3518,1,Fast,0.43990573287010193,1052,839
3518,1,Fast,0.3772323727607727,908,429
3518,1,Fast,0.3728601634502411,850,645
3518,1,Fast,0.36351823806762695,866,894
3518,1,Fast,0.35473358631134033,925,680
3519,1,Fast,0.5468463897705078,1050,834
3519,1,Fast,0.31552213430404663,908,427
3519,1,Fast,0.31414854526519775,850,649
3520,1,Fast,0.536644697189331,1049,830
3520,1,Fast,0.3209511935710907,850,654
3521,1,Fast,0.5558783411979675,871,914
3521,1,Fast,0.5278817415237427,851,658
3521,1,Fast,0.4509151577949524,920,666
3521,1,Fast,0.4374946355819702,1047,825
3521,1,Fast,0.40622302889823914,908,423
3522,1,Fast,0.7388558983802795,871,920
3522,1,Fast,0.5314931869506836,919,662
3522,1,Fast,0.4535568356513977,850,662
3523,1,Fast,0.7216014266014099,873,925
3523,1,Fast,0.6669188737869263,918,657
3523,1,Fast,0.6518703699111938,851,666
3523,1,Fast,0.35403844714164734,827,676
3523,1,Fast,0.334041029214859,1043,817
3524,1,Fast,0.7379397749900818,916,653
3524,1,Fast,0.6468184590339661,852,670
3524,1,Fast,0.6447045207023621,875,933
3524,1,Fast,0.5432189702987671,828,680
3525,1,Fast,0.8044740557670593,876,940
3525,1,Fast,0.7880557775497437,852,673
3525,1,Fast,0.6116878390312195,915,648
3525,1,Fast,0.3970623016357422,1039,808
3525,1,Fast,0.38176077604293823,828,682
3526,1,Fast,0.8655340671539307,878,947
3526,1,Fast,0.8050373196601868,853,678
3526,1,Fast,0.7275424003601074,829,687
3526,1,Fast,0.6413128972053528,1037,804
3526,1,Fast,0.5474231839179993,914,644
3527,1,Fast,0.8487445712089539,879,954
3527,1,Fast,0.818112313747406,855,682
3527,1,Fast,0.7269535064697266,830,689
3527,1,Fast,0.5497000813484192,1036,800
3528,1,Fast,0.8637841939926147,882,961
3528,1,Fast,0.804043173789978,857,687
3528,1,Fast,0.511060357093811,831,694
3528,1,Fast,0.4669644832611084,1035,795
3529,1,Fast,0.8382301330566406,884,968
3529,1,Fast,0.7937138676643372,857,691
3530,1,Fast,0.8517491221427917,885,976
3530,1,Fast,0.7617126107215881,858,695
3530,1,Fast,0.5522553324699402,832,701
3531,1,Fast,0.7934156060218811,888,984
3531,1,Fast,0.7837958335876465,859,699
3531,1,Fast,0.33731672167778015,833,704
3532,1,Fast,0.7976769208908081,860,703
3532,1,Fast,0.5932592749595642,889,991
3533,1,Fast,0.7788340449333191,860,708
3533,1,Fast,0.4219941794872284,907,615
3534,1,Fast,0.7966545224189758,861,713
3534,1,Fast,0.4713309109210968,905,611
3534,1,Fast,0.3134659230709076,1024,769
3535,1,Fast,0.8133005499839783,862,717
3535,1,Fast,0.5649509429931641,905,606
3535,1,Fast,0.4632789194583893,1023,766
3536,1,Fast,0.7957368493080139,862,722
3536,1,Fast,0.511298656463623,898,1023
3536,1,Fast,0.39831775426864624,904,602
3536,1,Fast,0.3205653429031372,1021,762
3537,1,Fast,0.7846861481666565,864,726
3537,1,Fast,0.6912735104560852,900,1032
3537,1,Fast,0.5955472588539124,903,599
3538,1,Fast,0.8160552978515625,865,731
3538,1,Fast,0.8108735084533691,901,1040
3538,1,Fast,0.4344973862171173,902,595
3538,1,Fast,0.3325931429862976,836,733
3539,1,Fast,0.8243175148963928,866,736
3539,1,Fast,0.7807547450065613,903,1049
3539,1,Fast,0.5023443698883057,901,592
3539,1,Fast,0.4960695207118988,837,738
3540,1,Fast,0.8179642558097839,867,741
3540,1,Fast,0.6531880497932434,838,741
3540,1,Fast,0.6449319124221802,906,1055
3540,1,Fast,0.5513104796409607,764,756
3540,1,Fast,0.4472004771232605,901,587
3541,1,Fast,0.8335954546928406,868,746
3541,1,Fast,0.582250714302063,839,745
3541,1,Fast,0.5321088433265686,900,585
3541,1,Fast,0.526191771030426,764,758
3542,1,Fast,0.8181412816047668,869,752
3542,1,Fast,0.4551922082901001,764,760
3542,1,Fast,0.33052703738212585,1011,740
3543,1,Fast,0.7605980038642883,870,756
3543,1,Fast,0.6253724098205566,899,576
3543,1,Fast,0.5704339146614075,1010,736
3543,1,Fast,0.3573119342327118,840,755
3544,1,Fast,0.7835145592689514,870,761
3544,1,Fast,0.3145585060119629,1008,733
3545,1,Fast,0.8150902390480042,871,767
3545,1,Fast,0.5065847635269165,898,569
3545,1,Fast,0.4516991674900055,764,768
3546,1,Fast,0.8031684160232544,872,772
3546,1,Fast,0.5800170302391052,765,770
3547,1,Fast,0.8289985656738281,873,777
3547,1,Fast,0.5559290051460266,765,772
3547,1,Fast,0.4364719092845917,897,562
3547,1,Fast,0.41157248616218567,1005,722
3548,1,Fast,0.8313698172569275,875,783
3548,1,Fast,0.6954357624053955,845,778
3548,1,Fast,0.5762721300125122,1003,719
3548,1,Fast,0.5746876001358032,765,775
3548,1,Fast,0.305230975151062,896,558
3549,1,Fast,0.8065858483314514,876,788
3549,1,Fast,0.6928096413612366,1001,715
3549,1,Fast,0.6367758512496948,765,777
3549,1,Fast,0.5604289770126343,846,782
3550,1,Fast,0.82154381275177,877,793
3550,1,Fast,0.6469635367393494,765,781
3550,1,Fast,0.6029523015022278,1000,712
3550,1,Fast,0.4924127757549286,846,788
3551,1,Fast,0.8260505199432373,878,799
3551,1,Fast,0.3875918686389923,999,708
3551,1,Fast,0.37498602271080017,847,792
3551,1,Fast,0.35868948698043823,766,783
3552,1,Fast,0.8331313729286194,880,804
3552,1,Fast,0.7572583556175232,766,786
3552,1,Fast,0.6916067600250244,848,796
3552,1,Fast,0.42880895733833313,998,705
3552,1,Fast,0.30785828828811646,797,667
3553,1,Fast,0.8415300250053406,882,811
3553,1,Fast,0.7591291666030884,848,801
3553,1,Fast,0.5910977721214294,767,789
3554,1,Fast,0.8351510763168335,883,817
3554,1,Fast,0.8245012760162354,849,805
3555,1,Fast,0.845411479473114,884,823
3555,1,Fast,0.7676129341125488,850,811
3555,1,Fast,0.40726593136787415,994,694
3556,1,Fast,0.8500757813453674,885,829
3556,1,Fast,0.7320337891578674,993,691
3556,1,Fast,0.6375973224639893,851,816
3557,1,Fast,0.8442804217338562,886,835
3557,1,Fast,0.8169089555740356,991,688
3557,1,Fast,0.4878526031970978,852,820
3557,1,Fast,0.3292294442653656,769,800
3558,1,Fast,0.8662258386611938,887,841
3558,1,Fast,0.7855477333068848,853,826
3558,1,Fast,0.7818017601966858,991,685
3558,1,Fast,0.7714371681213379,769,803
3559,1,Fast,0.8497738242149353,889,847
3559,1,Fast,0.7095974683761597,855,831
3559,1,Fast,0.6677843928337097,990,682
3559,1,Fast,0.604197084903717,769,806
3560,1,Fast,0.8781070113182068,891,854
3560,1,Fast,0.7675549387931824,856,837
3560,1,Fast,0.5464895367622375,989,679
3560,1,Fast,0.441650927066803,769,809
3561,1,Fast,0.8780933022499084,892,861
3561,1,Fast,0.7870887517929077,770,812
3561,1,Fast,0.716750979423523,857,843
3562,1,Fast,0.8741750121116638,894,867
3562,1,Fast,0.8065671920776367,858,848
3562,1,Fast,0.4217541813850403,986,673
3563,1,Fast,0.8706026077270508,896,873
3563,1,Fast,0.828134298324585,860,853
3563,1,Fast,0.5814240574836731,770,817
3564,1,Fast,0.8642014265060425,898,880
3564,1,Fast,0.8633120656013489,861,859
3564,1,Fast,0.6959312558174133,983,666
3565,1,Fast,0.8688421845436096,900,886
3565,1,Fast,0.8485450744628906,862,864
3565,1,Fast,0.5935642123222351,983,663
3565,1,Fast,0.3033331036567688,804,720
3566,1,Fast,0.8589476943016052,901,894
3566,1,Fast,0.8585021495819092,864,870
3566,1,Fast,0.6581709980964661,982,660
3566,1,Fast,0.6108262538909912,804,724
3566,1,Fast,0.41916075348854065,772,827
3567,1,Fast,0.8730806708335876,903,901
3567,1,Fast,0.8358156681060791,865,876
3567,1,Fast,0.7918219566345215,981,658
3567,1,Fast,0.6110987067222595,805,727
3567,2,Slow,0.3357003927230835,956,586
3568,1,Fast,0.8766196966171265,904,908
3568,1,Fast,0.8438245058059692,867,882
3568,1,Fast,0.5938825607299805,979,654
3568,2,Slow,0.3530856668949127,955,584
3569,1,Fast,0.8926186561584473,906,914
3569,1,Fast,0.8377398252487183,868,887
3569,1,Fast,0.6750205159187317,978,651
3569,2,Slow,0.4746195375919342,954,581
3570,1,Fast,0.8874709606170654,908,921
3570,1,Fast,0.8505347967147827,870,892
3570,1,Fast,0.7669427394866943,976,648
3570,2,Slow,0.5387078523635864,953,580
3570,1,Fast,0.43198028206825256,774,839
3571,1,Fast,0.8835664987564087,911,928
3571,1,Fast,0.8712548613548279,871,899
3571,1,Fast,0.817908763885498,976,645
3571,1,Fast,0.5065518617630005,775,842
3571,2,Slow,0.404402494430542,953,576
3572,1,Fast,0.8793618083000183,913,936
3572,1,Fast,0.8498977422714233,873,905
3572,1,Fast,0.8438135385513306,975,643
3572,1,Fast,0.7275775074958801,775,845
3572,1,Fast,0.37220674753189087,1131,1008
3573,1,Fast,0.877703845500946,915,944
3573,1,Fast,0.8180734515190125,875,912
3573,1,Fast,0.7293364405632019,975,640
3573,1,Fast,0.723127543926239,775,847
3574,1,Fast,0.8847576975822449,917,952
3574,1,Fast,0.8768580555915833,876,917
3574,1,Fast,0.6253868341445923,1123,995
3574,1,Fast,0.519069492816925,809,761
3574,1,Fast,0.46811428666114807,776,851
3574,1,Fast,0.45399367809295654,974,637
3575,1,Fast,0.881743311882019,919,959
3575,1,Fast,0.8304408192634583,877,922
3575,1,Fast,0.642120897769928,1120,988
3575,1,Fast,0.3310486674308777,775,854
3576,1,Fast,0.8839209675788879,921,967
3576,1,Fast,0.7951425313949585,1117,982
3576,1,Fast,0.7741177678108215,879,929
3577,1,Fast,0.8808004856109619,923,975
3577,1,Fast,0.8323588371276855,880,936
3577,1,Fast,0.7931782603263855,1114,976
3577,1,Fast,0.4104982316493988,970,628
3578,1,Fast,0.8820081353187561,925,983
3578,1,Fast,0.8812219500541687,882,943
3578,1,Fast,0.6809521913528442,1111,970
3579,1,Fast,0.8762409090995789,926,992
3579,1,Fast,0.8731080293655396,883,949
3579,1,Fast,0.3275454044342041,813,783
3580,1,Fast,0.8813338875770569,928,999
3580,1,Fast,0.8679301142692566,884,956
3580,1,Fast,0.7157894372940063,1105,958
3580,1,Fast,0.6493914723396301,906,877
3580,1,Fast,0.5969100594520569,968,620
3581,1,Fast,0.8782680034637451,932,1007
3581,1,Fast,0.8660002946853638,886,963
3581,1,Fast,0.7537782788276672,1102,952
3581,1,Fast,0.30115699768066406,814,793
3582,1,Fast,0.8818414807319641,933,1016
3582,1,Fast,0.8625779747962952,888,970
3582,1,Fast,0.8379020094871521,1100,945
3583,1,Fast,0.8814451694488525,889,976
3583,1,Fast,0.8755865097045898,937,1024
3583,1,Fast,0.7822403907775879,1096,939
3583,2,Slow,0.4152732789516449,946,549
3583,1,Fast,0.36332693696022034,816,803
3584,1,Fast,0.8773612380027771,939,1033
3584,1,Fast,0.8651444315910339,891,983
3584,1,Fast,0.46070754528045654,1094,935
3585,1,Fast,0.8712596297264099,942,1043
3585,1,Fast,0.863369345664978,894,990
3585,1,Fast,0.6114324927330017,1091,928
3585,1,Fast,0.43145763874053955,818,813
3586,1,Fast,0.8323648571968079,946,1051
3586,1,Fast,0.5774073600769043,1088,922
3586,1,Fast,0.5662559270858765,895,998
3586,1,Fast,0.3161574602127075,818,818
3587,1,Fast,0.805482804775238,898,1006
3587,1,Fast,0.803189754486084,950,1056
3587,1,Fast,0.7900754809379578,1086,916
3588,1,Fast,0.8288319110870361,899,1013
3588,1,Fast,0.7827828526496887,952,1061
3588,1,Fast,0.7299515604972839,1082,911
3589,1,Fast,0.8400194644927979,900,1020
3589,1,Fast,0.762053370475769,1079,905
3589,1,Fast,0.6702818870544434,956,1065
3590,1,Fast,0.8538582921028137,902,1029
3590,1,Fast,0.8114539384841919,1077,901
3590,1,Fast,0.5105632543563843,961,1070
3591,1,Fast,0.8636437654495239,905,1036
3591,1,Fast,0.7954569458961487,1074,896
3591,1,Fast,0.5028888583183289,823,846
3592,1,Fast,0.8129766583442688,906,1043
3592,1,Fast,0.6835238337516785,1071,890
3592,2,Slow,0.3913540244102478,942,531
3593,1,Fast,0.772662341594696,1070,885
3593,1,Fast,0.7498512864112854,909,1050
3594,1,Fast,0.606286346912384,1067,879
3594,1,Fast,0.5927414298057556,912,1056
3594,1,Fast,0.3022969663143158,957,584
3595,1,Fast,0.6838377714157104,1064,874
3595,1,Fast,0.6379386186599731,956,582
3595,1,Fast,0.5210344791412354,916,1060
3596,1,Fast,0.5634313821792603,955,580
3596,1,Fast,0.39982399344444275,827,875
3596,1,Fast,0.36067691445350647,1063,868
3597,1,Fast,0.3558850586414337,829,880
3597,1,Fast,0.32555708289146423,1061,863
3598,1,Fast,0.5853280425071716,829,887
3599,1,Fast,0.5853923559188843,831,893
3600,1,Fast,0.5864132046699524,832,898
3600,1,Fast,0.5705065727233887,1054,849
3601,1,Fast,0.8051571846008301,1051,843
3601,1,Fast,0.6210547089576721,952,567
3601,1,Fast,0.5303660035133362,833,905
3602,1,Fast,0.7113106846809387,1049,838
3602,1,Fast,0.4487362504005432,835,912
3602,2,Slow,0.44637593626976013,939,511
3602,1,Fast,0.395713746547699,951,565
3603,1,Fast,0.7274531126022339,1048,833
3603,1,Fast,0.5836358666419983,836,918
3603,2,Slow,0.34150615334510803,939,509
3603,1,Fast,0.30311349034309387,951,563
3604,1,Fast,0.6939904093742371,838,923
3604,1,Fast,0.6769968271255493,792,960
3604,1,Fast,0.5157458782196045,1046,830
3604,2,Slow,0.42364266514778137,938,508
3605,1,Fast,0.7516378164291382,839,930
3605,1,Fast,0.7414753437042236,793,964
3605,2,Slow,0.5646086931228638,937,507
3606,1,Fast,0.8160226941108704,840,936
3606,1,Fast,0.654906153678894,793,968
3606,2,Slow,0.4809379279613495,937,505
3607,1,Fast,0.8182726502418518,841,943
3607,1,Fast,0.3830517530441284,794,972
3607,2,Slow,0.37920865416526794,937,503
3608,1,Fast,0.8396029472351074,843,950
3608,1,Fast,0.42286789417266846,795,975
3608,1,Fast,0.4136987328529358,1037,811
3608,2,Slow,0.3014525771141052,936,501
3609,1,Fast,0.8428921699523926,844,957
3609,1,Fast,0.5541939735412598,1092,1023
3609,1,Fast,0.53878253698349,797,979
3609,1,Fast,0.3013438582420349,1035,805
3610,1,Fast,0.7704519629478455,845,964
3610,1,Fast,0.42451050877571106,1033,801
3613,1,Fast,0.34000149369239807,1026,788
3613,2,Slow,0.3036426603794098,935,492
3614,1,Fast,0.44490131735801697,804,1000
3614,2,Slow,0.40266481041908264,935,489
3614,1,Fast,0.31344112753868103,852,994
3615,1,Fast,0.5684183835983276,805,1004
3615,1,Fast,0.5379114747047424,1024,779
3616,1,Fast,0.6206436157226562,806,1008
3616,1,Fast,0.5830379724502563,855,1008
3616,1,Fast,0.3349553942680359,1022,774
3617,1,Fast,0.35914066433906555,857,1016
3617,1,Fast,0.3343663215637207,807,1014
3618,1,Fast,0.6344910860061646,1019,766
3619,1,Fast,0.5720579624176025,1017,762
3620,1,Fast,0.5088458061218262,1014,758
3621,1,Fast,0.49434468150138855,1014,754
3622,1,Fast,0.5799041986465454,1012,750
3622,1,Fast,0.4549538195133209,865,1053
3623,1,Fast,0.6669941544532776,1010,745
3623,1,Fast,0.355144739151001,868,1058
3624,1,Fast,0.5688362121582031,1009,741
3624,1,Fast,0.49731534719467163,871,1062
3625,1,Fast,0.47735950350761414,871,1067
3625,1,Fast,0.46522635221481323,814,1051
3628,1,Fast,0.4394865334033966,940,512
3629,1,Fast,0.4252399504184723,866,745
3631,1,Fast,0.3853068947792053,998,714
3631,1,Fast,0.3105321526527405,867,755
3632,1,Fast,0.47814667224884033,869,760
3632,1,Fast,0.41553056240081787,997,711
3633,1,Fast,0.5425257682800293,994,707
3633,1,Fast,0.5260760188102722,870,767
3634,1,Fast,0.7941381335258484,871,771
3635,1,Fast,0.8291175365447998,872,776
3635,1,Fast,0.3433491289615631,992,700
3636,1,Fast,0.6985397338867188,873,780
3637,1,Fast,0.40236255526542664,875,785
3638,1,Fast,0.339395672082901,877,790
3639,1,Fast,0.42910483479499817,989,686
3640,1,Fast,0.5695928931236267,880,802
3640,1,Fast,0.46156278252601624,989,683
3641,1,Fast,0.6848223209381104,881,807
3642,1,Fast,0.667772114276886,882,813
3643,1,Fast,0.6317057013511658,883,819
3644,1,Fast,0.5096700191497803,884,826
3644,1,Fast,0.35101479291915894,982,669
3645,1,Fast,0.8391112685203552,885,833
3645,1,Fast,0.4525259733200073,981,666
3646,1,Fast,0.8589944243431091,887,838
3646,1,Fast,0.6219064593315125,981,663
3647,1,Fast,0.8159381747245789,889,844
3647,1,Fast,0.39056074619293213,981,660
3648,1,Fast,0.8628208041191101,891,850
3649,1,Fast,0.855494499206543,893,855
3649,1,Fast,0.571354866027832,978,654
3650,1,Fast,0.8364560008049011,894,863
3650,1,Fast,0.572136402130127,978,650
3651,1,Fast,0.8583963513374329,896,869
3652,1,Fast,0.8504557609558105,897,875
3652,2,Slow,0.4999368190765381,858,624
3653,1,Fast,0.7731083035469055,899,882
3653,1,Fast,0.5605270266532898,975,641
3653,2,Slow,0.49314260482788086,858,627
3654,1,Fast,0.8256615400314331,901,889
3654,2,Slow,0.4654192626476288,859,630
3655,1,Fast,0.7989895939826965,902,897
3655,2,Slow,0.5960782170295715,860,635
3656,1,Fast,0.8262723684310913,904,904
3656,2,Slow,0.6853095293045044,861,639
3657,1,Fast,0.7718988656997681,906,909
3657,2,Slow,0.43744325637817383,861,643
3658,1,Fast,0.6314606666564941,909,916
3658,2,Slow,0.5653338432312012,862,646
3658,1,Fast,0.47150078415870667,970,626
3659,2,Slow,0.7098675966262817,863,650
3659,1,Fast,0.6385505199432373,911,923
3660,1,Fast,0.7659845948219299,914,930
3660,2,Slow,0.7437971234321594,864,654
3660,1,Fast,0.36844539642333984,968,620
3661,1,Fast,0.8176569938659668,916,938
3661,2,Slow,0.7396211624145508,864,657
3661,1,Fast,0.5279563665390015,966,616
3662,1,Fast,0.7769301533699036,918,945
3662,2,Slow,0.6060440540313721,865,659
3663,1,Fast,0.7962998747825623,920,953
3663,2,Slow,0.4288654029369354,865,663
3664,1,Fast,0.7278743982315063,921,960
3665,1,Fast,0.6881271600723267,923,968
3665,1,Fast,0.6100592613220215,962,606
3665,1,Fast,0.31124672293663025,834,725
3666,1,Fast,0.5862817168235779,926,976
3667,1,Fast,0.6275202035903931,961,601
3667,1,Fast,0.3045889139175415,928,987
3668,1,Fast,0.6730636954307556,930,992
3668,1,Fast,0.3076668083667755,837,738
