frame,class,label,confidence,x_center,y_center
0,1,Fast,0.7952291965484619,837,878
0,1,Fast,0.7214354872703552,1012,746
1,1,Fast,0.43664786219596863,1009,740
2,1,Fast,0.7706192135810852,838,888
2,1,Fast,0.7464190125465393,1007,734
3,1,Fast,0.7100622057914734,1005,728
3,1,Fast,0.5734553933143616,839,894
4,1,Fast,0.5932304859161377,1002,722
4,1,Fast,0.37841668725013733,839,900
5,1,Fast,0.7446291446685791,841,905
5,1,Fast,0.6938512921333313,1000,715
6,1,Fast,0.7906550168991089,998,710
6,1,Fast,0.4973180592060089,843,910
7,1,Fast,0.8467621803283691,996,705
7,1,Fast,0.7534152865409851,844,916
8,1,Fast,0.8569055199623108,846,921
8,1,Fast,0.8378579020500183,993,699
9,1,Fast,0.836226761341095,991,694
9,1,Fast,0.7748776078224182,848,927
10,1,Fast,0.8423269987106323,989,688
10,1,Fast,0.8390917181968689,849,931
11,1,Fast,0.8173196911811829,850,937
11,1,Fast,0.7925567626953125,987,683
12,1,Fast,0.8261997699737549,986,679
12,1,Fast,0.813940167427063,852,943
13,1,Fast,0.8320919275283813,852,947
13,1,Fast,0.8184422254562378,983,674
14,1,Fast,0.7955039143562317,981,668
15,1,Fast,0.8143333792686462,980,664
15,1,Fast,0.6724624037742615,946,683
15,1,Fast,0.6108226180076599,855,961
16,1,Fast,0.8282484412193298,978,658
16,1,Fast,0.7026137113571167,855,968
17,1,Fast,0.8175126314163208,857,973
17,1,Fast,0.7724234461784363,976,653
18,1,Fast,0.7750762104988098,974,649
18,1,Fast,0.7175869941711426,859,979
19,1,Fast,0.8247339129447937,972,644
19,1,Fast,0.6574277877807617,861,985
19,1,Fast,0.3117838203907013,938,661
20,1,Fast,0.8414525389671326,970,640
20,1,Fast,0.6831967830657959,862,992
20,1,Fast,0.3057229220867157,852,612
21,1,Fast,0.8578048944473267,969,636
21,1,Fast,0.6864907741546631,864,999
22,1,Fast,0.8027584552764893,967,632
22,1,Fast,0.716220498085022,866,1005
23,1,Fast,0.7677640318870544,967,627
23,1,Fast,0.6186051964759827,932,640
23,1,Fast,0.5297518968582153,869,1013
24,1,Fast,0.8459869027137756,965,622
24,1,Fast,0.7723369002342224,930,635
24,1,Fast,0.7202242016792297,871,1020
25,1,Fast,0.7534921765327454,963,617
25,1,Fast,0.6591348052024841,929,630
26,1,Fast,0.8099570274353027,962,613
26,1,Fast,0.7500735521316528,927,625
26,1,Fast,0.5308512449264526,874,1036
27,1,Fast,0.8411973118782043,960,608
27,1,Fast,0.8155113458633423,926,620
27,1,Fast,0.43993720412254333,862,645
27,1,Fast,0.38598111271858215,876,1044
28,1,Fast,0.7908229827880859,924,615
28,1,Fast,0.7777354121208191,958,604
28,1,Fast,0.36971545219421387,879,1049
29,1,Fast,0.7770596742630005,923,611
29,1,Fast,0.6904592514038086,957,601
30,1,Fast,0.739878237247467,921,605
30,1,Fast,0.34626004099845886,885,1058
30,1,Fast,0.3083849847316742,955,596
31,1,Fast,0.6557079553604126,920,601
31,1,Fast,0.5723795294761658,954,592
31,1,Fast,0.39597004652023315,866,665
32,1,Fast,0.7960132360458374,917,597
32,1,Fast,0.48641058802604675,953,589
32,1,Fast,0.384378045797348,867,670
32,1,Fast,0.36043640971183777,1011,652
33,1,Fast,0.7257980108261108,916,592
33,1,Fast,0.7005167603492737,868,676
34,1,Fast,0.765795886516571,916,588
34,1,Fast,0.6914997696876526,870,682
34,1,Fast,0.4676469564437866,950,581
35,1,Fast,0.7757212519645691,914,583
35,1,Fast,0.7015860676765442,949,576
35,1,Fast,0.5758097767829895,872,688
36,1,Fast,0.6313672661781311,873,693
36,1,Fast,0.512272298336029,913,578
37,1,Fast,0.6488437056541443,912,573
38,1,Fast,0.7497441172599792,911,569
38,1,Fast,0.40507179498672485,877,704
39,1,Fast,0.6490200757980347,945,561
39,1,Fast,0.3431933522224426,909,566
40,1,Fast,0.6957383155822754,909,562
40,1,Fast,0.6409251689910889,943,558
41,1,Fast,0.7667672634124756,908,558
41,1,Fast,0.5255324244499207,942,554
42,1,Fast,0.5467333793640137,907,554
46,1,Fast,0.4168394207954407,1148,1016
47,1,Fast,0.3993200957775116,1142,1006
48,1,Fast,0.580945611000061,903,529
48,1,Fast,0.33158257603645325,1137,997
49,1,Fast,0.6356918811798096,902,525
49,1,Fast,0.33660444617271423,895,775
49,1,Fast,0.33098751306533813,1132,989
50,1,Fast,0.5992254614830017,1128,980
50,1,Fast,0.36645179986953735,897,782
51,1,Fast,0.4884219467639923,1123,971
56,1,Fast,0.5458323359489441,898,499
57,1,Fast,0.7041827440261841,1100,922
57,1,Fast,0.6066851019859314,898,495
58,1,Fast,0.7903122901916504,1097,915
58,1,Fast,0.4524494409561157,897,492
59,1,Fast,0.47237589955329895,1092,907
60,1,Fast,0.7033125162124634,1176,979
60,1,Fast,0.536408007144928,1088,900
62,1,Fast,0.31831419467926025,894,479
63,1,Fast,0.5145394206047058,893,477
64,1,Fast,0.5007195472717285,893,473
65,1,Fast,0.5673463344573975,894,469
66,1,Fast,0.5202813744544983,1117,1064
66,1,Fast,0.4653191566467285,894,466
67,1,Fast,0.6286674737930298,1109,1058
67,1,Fast,0.450297087430954,893,463
67,1,Fast,0.40329164266586304,923,467
68,1,Fast,0.8059589862823486,1100,1052
68,1,Fast,0.765140175819397,946,933
68,1,Fast,0.5905896425247192,892,461
69,1,Fast,0.841556191444397,1095,1043
69,1,Fast,0.7819336652755737,950,943
69,1,Fast,0.46650660037994385,892,457
69,1,Fast,0.3945852220058441,922,462
70,1,Fast,0.8476955890655518,1089,1032
70,1,Fast,0.7491929531097412,952,954
70,1,Fast,0.3695783317089081,892,453
71,1,Fast,0.8591101169586182,1085,1020
71,1,Fast,0.8309838175773621,956,963
71,1,Fast,0.619554877281189,1176,1066
71,1,Fast,0.39658382534980774,891,451
72,1,Fast,0.8734530210494995,1079,1009
72,1,Fast,0.8212554454803467,960,974
72,1,Fast,0.7543864846229553,1172,1062
73,1,Fast,0.8814305663108826,1075,1000
73,1,Fast,0.8411902785301208,1163,1056
73,1,Fast,0.784744918346405,964,985
73,1,Fast,0.5391168594360352,890,445
73,1,Fast,0.35711023211479187,1267,1071
74,1,Fast,0.8888422846794128,1157,1051
74,1,Fast,0.8838744163513184,1070,988
74,1,Fast,0.7794655561447144,968,996
74,1,Fast,0.5064250230789185,890,442
74,1,Fast,0.4743667244911194,1264,1067
75,1,Fast,0.8986102938652039,1065,978
75,1,Fast,0.8951978087425232,1152,1042
75,1,Fast,0.6594946980476379,1257,1062
75,1,Fast,0.5016734600067139,889,438
75,1,Fast,0.4336385726928711,971,1007
76,1,Fast,0.8978285789489746,1061,968
76,1,Fast,0.885356068611145,1147,1033
76,1,Fast,0.687382698059082,976,1019
76,1,Fast,0.6236334443092346,1253,1058
76,1,Fast,0.5908520817756653,891,436
77,1,Fast,0.8980060815811157,1143,1023
77,1,Fast,0.8866287469863892,1057,957
77,1,Fast,0.8367563486099243,980,1030
77,1,Fast,0.7511129975318909,1246,1053
78,1,Fast,0.9046937227249146,1137,1014
78,1,Fast,0.8955965042114258,1053,948
78,1,Fast,0.6010167002677917,985,1041
78,1,Fast,0.30398860573768616,916,438
78,1,Fast,0.3002971112728119,1243,1045
79,1,Fast,0.8996646404266357,1133,1005
79,1,Fast,0.8919589519500732,1049,939
79,1,Fast,0.4015200436115265,1236,1035
80,1,Fast,0.9050615429878235,1128,996
80,1,Fast,0.8960219025611877,1044,929
80,1,Fast,0.7186588048934937,1232,1027
81,1,Fast,0.9118487238883972,1124,987
81,1,Fast,0.8872372508049011,1041,920
81,1,Fast,0.7791196703910828,1228,1020
82,1,Fast,0.9043068289756775,1120,978
82,1,Fast,0.8910179734230042,1037,911
82,1,Fast,0.5967991948127747,1224,1011
83,1,Fast,0.9016249775886536,1116,971
83,1,Fast,0.8924466967582703,1033,901
83,1,Fast,0.5102105140686035,1220,1004
84,1,Fast,0.905029296875,1112,961
84,1,Fast,0.8799267411231995,1030,892
84,1,Fast,0.7093009948730469,1216,996
85,1,Fast,0.9071104526519775,1108,953
85,1,Fast,0.888654887676239,1026,884
85,1,Fast,0.5978238582611084,1211,988
86,1,Fast,0.9013535380363464,1104,945
86,1,Fast,0.8781111240386963,1023,876
86,1,Fast,0.6796560287475586,1205,980
87,1,Fast,0.8973953723907471,1101,936
87,1,Fast,0.8861885666847229,1019,867
87,1,Fast,0.8181793689727783,1202,973
88,1,Fast,0.8891655206680298,1015,859
88,1,Fast,0.8866170048713684,1097,928
88,1,Fast,0.8644571304321289,1198,967
89,1,Fast,0.8950517773628235,1094,920
89,1,Fast,0.8815252780914307,1013,852
89,1,Fast,0.8174735903739929,1194,960
90,1,Fast,0.8882741332054138,1089,913
90,1,Fast,0.8824471831321716,1009,844
90,1,Fast,0.7537887096405029,1192,952
91,1,Fast,0.8859278559684753,1086,905
91,1,Fast,0.8693776726722717,1005,836
91,1,Fast,0.6872527599334717,1120,1066
91,1,Fast,0.6571481227874756,1188,945
92,1,Fast,0.8844296336174011,1082,898
92,1,Fast,0.8769487142562866,1002,829
92,1,Fast,0.789436399936676,1111,1060
92,1,Fast,0.6899402141571045,1184,938
93,1,Fast,0.8824774026870728,1077,891
93,1,Fast,0.8770929574966431,999,821
93,1,Fast,0.6097116470336914,1179,931
93,1,Fast,0.46889540553092957,1105,1055
94,1,Fast,0.8910406827926636,1074,884
94,1,Fast,0.8758660554885864,996,814
94,1,Fast,0.8012554049491882,1099,1043
94,1,Fast,0.6834425926208496,1175,924
95,1,Fast,0.8747914433479309,1071,877
95,1,Fast,0.8634366393089294,994,806
95,1,Fast,0.8462268710136414,1094,1031
95,1,Fast,0.7413173913955688,1173,919
96,1,Fast,0.8910773992538452,1067,870
96,1,Fast,0.8550239205360413,990,799
96,1,Fast,0.8019679188728333,1089,1019
97,1,Fast,0.871673583984375,1065,863
97,1,Fast,0.8650438785552979,988,792
97,1,Fast,0.7899539470672607,1085,1008
98,1,Fast,0.889565110206604,1061,856
98,1,Fast,0.8509088158607483,985,786
98,1,Fast,0.8123263120651245,1080,999
98,1,Fast,0.3296830356121063,1163,899
99,1,Fast,0.8633347153663635,1059,849
99,1,Fast,0.8554049134254456,982,778
99,1,Fast,0.801945149898529,1075,988
100,1,Fast,0.8756165504455566,1055,842
100,1,Fast,0.8469407558441162,980,771
100,1,Fast,0.8243597149848938,1071,978
100,1,Fast,0.5645561814308167,1154,886
101,1,Fast,0.8701360821723938,1052,836
101,1,Fast,0.8571544289588928,977,765
101,1,Fast,0.7945151925086975,1151,880
101,1,Fast,0.7830761671066284,1066,967
102,1,Fast,0.8678728342056274,1048,831
102,1,Fast,0.8449302911758423,974,759
102,1,Fast,0.813129186630249,1148,874
102,1,Fast,0.7342691421508789,1061,957
103,1,Fast,0.8895676732063293,1046,824
103,1,Fast,0.8459471464157104,972,752
103,1,Fast,0.7988601922988892,1057,946
103,1,Fast,0.39389386773109436,1146,870
104,1,Fast,0.8654187917709351,1043,818
104,1,Fast,0.832642138004303,970,745
104,1,Fast,0.38956278562545776,1052,937
105,1,Fast,0.882072389125824,1040,811
105,1,Fast,0.8403807878494263,967,739
105,1,Fast,0.31382420659065247,1048,928
105,1,Fast,0.31201431155204773,1140,857
106,1,Fast,0.8570331335067749,1036,805
106,1,Fast,0.8479198813438416,965,733
106,1,Fast,0.7371993660926819,1045,919
107,1,Fast,0.8735911250114441,1034,799
107,1,Fast,0.8379805088043213,962,726
107,1,Fast,0.7606683373451233,1041,909
107,1,Fast,0.4076700210571289,1131,845
108,1,Fast,0.8816134333610535,1031,793
108,1,Fast,0.8463227152824402,961,720
108,1,Fast,0.7281063199043274,1037,900
108,1,Fast,0.5976516604423523,1128,839
109,1,Fast,0.8747206926345825,1029,787
109,1,Fast,0.8335343599319458,959,714
109,1,Fast,0.7501475811004639,1033,891
109,1,Fast,0.530089259147644,1127,834
110,1,Fast,0.8788403272628784,1026,781
110,1,Fast,0.8185040354728699,957,708
110,1,Fast,0.6607006192207336,1029,882
111,1,Fast,0.8530933260917664,1024,775
111,1,Fast,0.7991394400596619,954,703
111,1,Fast,0.4293634593486786,1025,874
112,1,Fast,0.8216041326522827,952,697
112,1,Fast,0.7979810237884521,1021,770
113,1,Fast,0.850949227809906,1018,764
113,1,Fast,0.8350051045417786,950,691
114,1,Fast,0.8450751304626465,1016,759
114,1,Fast,0.8281842470169067,949,686
115,1,Fast,0.8606322407722473,1012,753
115,1,Fast,0.7990104556083679,947,680
116,1,Fast,0.885074257850647,1010,747
116,1,Fast,0.80531245470047,945,675
116,1,Fast,0.7535306215286255,1007,833
117,1,Fast,0.8734514117240906,1008,742
117,1,Fast,0.8270236253738403,943,670
117,1,Fast,0.8259490728378296,1005,826
118,1,Fast,0.8705906271934509,1006,737
118,1,Fast,0.7893021106719971,941,664
118,1,Fast,0.7088865637779236,1002,818
119,1,Fast,0.8654987812042236,1004,731
119,1,Fast,0.7368036508560181,940,658
119,1,Fast,0.6665610671043396,998,811
120,1,Fast,0.8689184188842773,1002,727
120,1,Fast,0.8552570939064026,939,653
120,1,Fast,0.7467036247253418,996,803
121,1,Fast,0.8569583892822266,1000,721
121,1,Fast,0.8272915482521057,937,648
121,1,Fast,0.47441887855529785,959,588
122,1,Fast,0.8063516020774841,998,716
122,1,Fast,0.7893335819244385,935,643
122,1,Fast,0.34835660457611084,958,585
123,1,Fast,0.859923779964447,996,711
123,1,Fast,0.8571506142616272,934,639
123,1,Fast,0.32191261649131775,840,492
124,1,Fast,0.8475998044013977,932,634
124,1,Fast,0.840400755405426,994,706
124,1,Fast,0.7293460369110107,956,577
124,1,Fast,0.6098577380180359,984,774
124,1,Fast,0.3137190639972687,841,495
125,1,Fast,0.8415099382400513,931,629
125,1,Fast,0.8040527701377869,992,701
125,1,Fast,0.5340154767036438,955,572
125,1,Fast,0.340003103017807,841,499
125,1,Fast,0.30271968245506287,982,767
126,1,Fast,0.8541598320007324,990,697
126,1,Fast,0.8411081433296204,929,624
126,1,Fast,0.40052953362464905,955,569
127,1,Fast,0.8434659838676453,928,619
127,1,Fast,0.838578462600708,988,692
127,1,Fast,0.4210033416748047,954,565
128,1,Fast,0.8312657475471497,927,614
128,1,Fast,0.8090677857398987,986,687
128,1,Fast,0.7227234840393066,952,564
128,1,Fast,0.6343033313751221,974,748
128,1,Fast,0.3983044922351837,841,508
129,1,Fast,0.8639433979988098,925,610
129,1,Fast,0.8619647026062012,984,682
129,1,Fast,0.7734774947166443,951,560
129,1,Fast,0.7139016389846802,972,741
130,1,Fast,0.8613966703414917,925,605
130,1,Fast,0.8452377915382385,983,678
130,1,Fast,0.46552082896232605,970,734
130,1,Fast,0.4612841010093689,950,557
131,1,Fast,0.8412544131278992,981,673
131,1,Fast,0.8281378149986267,923,601
131,1,Fast,0.41542840003967285,949,553
132,1,Fast,0.8402121067047119,922,597
132,1,Fast,0.7973355650901794,979,669
133,1,Fast,0.8609499335289001,921,592
133,1,Fast,0.7799915671348572,977,664
134,1,Fast,0.8235982060432434,920,588
134,1,Fast,0.784270167350769,976,660
134,1,Fast,0.5263325572013855,843,528
135,1,Fast,0.8346602916717529,919,583
135,1,Fast,0.7928128242492676,975,656
135,1,Fast,0.7562243342399597,958,703
135,1,Fast,0.6252461671829224,844,531
136,1,Fast,0.8459024429321289,918,579
136,1,Fast,0.8203547596931458,973,651
136,1,Fast,0.7089986205101013,844,535
136,1,Fast,0.5262250900268555,956,697
137,1,Fast,0.8370897769927979,917,575
137,1,Fast,0.7978829145431519,972,647
137,1,Fast,0.7176100015640259,845,539
137,1,Fast,0.3069095015525818,953,692
138,1,Fast,0.7861999273300171,969,644
138,1,Fast,0.7763935923576355,916,571
138,1,Fast,0.7680447697639465,846,543
139,1,Fast,0.8726509809494019,950,681
139,1,Fast,0.8341196775436401,968,639
139,1,Fast,0.7615499496459961,915,567
139,1,Fast,0.7582124471664429,846,547
140,1,Fast,0.8272362947463989,948,675
140,1,Fast,0.8266202211380005,966,635
140,1,Fast,0.799705445766449,847,550
140,1,Fast,0.7379189729690552,913,563
140,1,Fast,0.6186801195144653,1087,1004
141,1,Fast,0.8262993693351746,965,631
141,1,Fast,0.8121367692947388,847,553
141,1,Fast,0.7365854382514954,946,669
141,1,Fast,0.6529890298843384,913,559
141,1,Fast,0.6303196549415588,1082,994
141,1,Fast,0.4129836857318878,820,537
142,1,Fast,0.78510981798172,964,627
142,1,Fast,0.7471587657928467,847,558
142,1,Fast,0.5778607726097107,1078,984
142,1,Fast,0.4413209855556488,911,555
143,1,Fast,0.7992679476737976,962,623
143,1,Fast,0.7809365391731262,847,562
143,1,Fast,0.6565296649932861,1072,973
144,1,Fast,0.8267553448677063,961,619
144,1,Fast,0.779246985912323,847,566
144,1,Fast,0.4661482572555542,941,653
144,1,Fast,0.407448947429657,1047,673
145,1,Fast,0.8386721611022949,939,648
145,1,Fast,0.7966582179069519,959,615
145,1,Fast,0.6156761050224304,847,570
145,1,Fast,0.5184381008148193,909,543
145,1,Fast,0.3981951177120209,1064,953
146,1,Fast,0.8321796655654907,938,643
146,1,Fast,0.8254086375236511,958,612
146,1,Fast,0.6724392771720886,848,574
146,1,Fast,0.47703787684440613,907,540
147,1,Fast,0.8492632508277893,935,638
147,1,Fast,0.8391174674034119,957,608
147,1,Fast,0.7774929404258728,848,579
147,1,Fast,0.5624511241912842,821,553
147,1,Fast,0.49439093470573425,1046,812
147,1,Fast,0.4712015986442566,906,537
148,1,Fast,0.8487687110900879,955,605
148,1,Fast,0.8379022479057312,933,633
148,1,Fast,0.7467855215072632,849,582
148,1,Fast,0.5367494821548462,905,532
148,1,Fast,0.42350831627845764,821,555
148,1,Fast,0.30937835574150085,1052,924
149,1,Fast,0.811447024345398,955,601
149,1,Fast,0.7671127319335938,905,529
149,1,Fast,0.7361220717430115,932,628
149,1,Fast,0.5631677508354187,821,557
149,1,Fast,0.5232335925102234,850,587
150,1,Fast,0.8496293425559998,931,623
150,1,Fast,0.7931960225105286,953,598
150,1,Fast,0.759371817111969,850,591
150,1,Fast,0.7532594799995422,904,525
150,1,Fast,0.5936523079872131,1043,907
150,1,Fast,0.583188533782959,1036,651
150,1,Fast,0.49110743403434753,822,561
151,1,Fast,0.8217853903770447,952,594
151,1,Fast,0.8148854970932007,930,618
151,1,Fast,0.8117548227310181,903,522
151,1,Fast,0.8104154467582703,851,595
151,1,Fast,0.625917911529541,1039,898
151,1,Fast,0.6115421652793884,822,564
151,1,Fast,0.3961299657821655,1035,647
152,1,Fast,0.8181294202804565,852,599
152,1,Fast,0.8142848014831543,950,590
152,1,Fast,0.8085421919822693,902,520
152,1,Fast,0.7911151051521301,928,614
152,1,Fast,0.708862841129303,761,681
152,1,Fast,0.6805111169815063,1034,644
152,1,Fast,0.6571304798126221,823,567
152,1,Fast,0.3507176637649536,1035,890
153,1,Fast,0.8472024202346802,927,609
153,1,Fast,0.8071786165237427,948,587
153,1,Fast,0.8028895854949951,853,603
153,1,Fast,0.7816944122314453,901,516
153,1,Fast,0.59593266248703,823,569
153,1,Fast,0.5083310008049011,762,683
154,1,Fast,0.8269613981246948,925,605
154,1,Fast,0.8201577067375183,853,607
154,1,Fast,0.8158018589019775,948,584
154,1,Fast,0.6988193988800049,900,512
154,1,Fast,0.5802633166313171,823,571
154,1,Fast,0.5796090960502625,762,687
155,1,Fast,0.8302191495895386,854,612
155,1,Fast,0.8144040703773499,947,580
155,1,Fast,0.7305150628089905,924,600
155,1,Fast,0.7101342678070068,900,509
155,1,Fast,0.5971935987472534,824,576
155,1,Fast,0.463297963142395,1024,864
155,1,Fast,0.38430583477020264,763,691
156,1,Fast,0.8093530535697937,945,576
156,1,Fast,0.8015880584716797,922,596
156,1,Fast,0.793980598449707,854,617
156,1,Fast,0.6935848593711853,899,506
156,1,Fast,0.6645390391349792,1019,857
156,1,Fast,0.42067766189575195,1024,761
157,1,Fast,0.8427029252052307,920,592
157,1,Fast,0.8093433976173401,855,622
157,1,Fast,0.7145465612411499,898,502
157,1,Fast,0.6870992183685303,944,573
157,1,Fast,0.5309687852859497,1016,848
157,1,Fast,0.3154483139514923,824,583
158,1,Fast,0.834632396697998,919,587
158,1,Fast,0.833177924156189,855,627
158,1,Fast,0.7517067193984985,943,570
158,1,Fast,0.7493205070495605,898,499
158,1,Fast,0.6661251187324524,1014,841
159,1,Fast,0.8330679535865784,856,632
159,1,Fast,0.8007901310920715,918,583
159,1,Fast,0.757935106754303,1010,834
159,1,Fast,0.7328092455863953,897,495
159,1,Fast,0.7219030857086182,942,566
159,1,Fast,0.6655052304267883,826,589
159,1,Fast,0.33058127760887146,1023,621
160,1,Fast,0.8346189260482788,917,580
160,1,Fast,0.8165278434753418,857,636
160,1,Fast,0.7908527255058289,941,564
160,1,Fast,0.76585853099823,897,493
160,1,Fast,0.630887508392334,827,592
160,1,Fast,0.5781275629997253,1006,827
160,1,Fast,0.44494912028312683,771,710
161,1,Fast,0.8515226244926453,858,640
161,1,Fast,0.8180062174797058,916,576
161,1,Fast,0.7926915884017944,939,560
161,1,Fast,0.7753763198852539,896,490
161,1,Fast,0.7636325359344482,827,595
161,1,Fast,0.32613080739974976,1003,819
162,1,Fast,0.8636133670806885,860,645
162,1,Fast,0.7650442123413086,915,571
162,1,Fast,0.7489636540412903,896,487
162,1,Fast,0.6852052807807922,938,556
162,1,Fast,0.6087603569030762,826,598
162,1,Fast,0.4412006139755249,925,466
162,1,Fast,0.4197099804878235,1000,812
163,1,Fast,0.860434889793396,861,650
163,1,Fast,0.8050539493560791,914,568
163,1,Fast,0.7754586935043335,997,804
163,1,Fast,0.7037143111228943,937,554
163,1,Fast,0.6869899034500122,895,483
163,1,Fast,0.6654207706451416,827,602
163,2,Slow,0.6472070217132568,1110,1064
164,1,Fast,0.8691542744636536,862,655
164,1,Fast,0.8323605060577393,912,564
164,1,Fast,0.807371973991394,994,797
164,1,Fast,0.7133578658103943,936,550
164,2,Slow,0.6707397699356079,1104,1053
164,1,Fast,0.6398041844367981,828,606
164,1,Fast,0.5059320330619812,894,481
165,1,Fast,0.853363037109375,863,660
165,1,Fast,0.8285573720932007,912,560
165,1,Fast,0.8278614282608032,992,790
165,1,Fast,0.7633169889450073,935,547
165,1,Fast,0.671032190322876,894,478
165,1,Fast,0.49100354313850403,828,609
165,1,Fast,0.3817235827445984,1003,715
166,1,Fast,0.8342629075050354,864,666
166,1,Fast,0.7972073554992676,910,556
166,1,Fast,0.7389119863510132,989,783
166,1,Fast,0.6387133598327637,934,543
166,1,Fast,0.6052771806716919,894,475
166,1,Fast,0.5916891694068909,828,612
167,1,Fast,0.8354122042655945,865,671
167,1,Fast,0.8218584656715393,909,551
167,2,Slow,0.7488605380058289,1088,1017
167,1,Fast,0.7270117998123169,933,540
167,1,Fast,0.7141144871711731,986,775
167,1,Fast,0.6942052841186523,894,472
167,1,Fast,0.5891814231872559,829,616
168,1,Fast,0.8415099382400513,909,548
168,1,Fast,0.8276894688606262,867,677
168,1,Fast,0.8070454597473145,983,769
168,1,Fast,0.8030151724815369,932,536
168,1,Fast,0.7195408940315247,894,468
168,2,Slow,0.6859342455863953,1083,1006
168,1,Fast,0.42884737253189087,829,619
168,1,Fast,0.41972991824150085,999,703
169,1,Fast,0.8346781730651855,868,682
169,1,Fast,0.8252444863319397,908,543
169,1,Fast,0.7916276454925537,980,762
169,1,Fast,0.7808753252029419,932,533
169,1,Fast,0.66105717420578,893,466
169,2,Slow,0.5672405362129211,1078,996
170,1,Fast,0.8515271544456482,869,687
170,1,Fast,0.8054140210151672,931,530
170,1,Fast,0.7847390174865723,907,540
170,1,Fast,0.7596170902252197,892,463
170,0,VRU,0.7349731922149658,1072,984
170,1,Fast,0.6154499650001526,978,757
170,1,Fast,0.4802889823913574,830,626
170,1,Fast,0.3736284673213959,779,753
171,1,Fast,0.8534248471260071,870,693
171,1,Fast,0.8295485973358154,906,536
171,1,Fast,0.8020135164260864,976,750
171,1,Fast,0.7538242936134338,930,527
171,1,Fast,0.7307085394859314,892,461
171,0,VRU,0.6186991930007935,1069,974
171,1,Fast,0.42119282484054565,992,688
171,1,Fast,0.31034982204437256,829,629
172,1,Fast,0.8412857055664062,905,534
172,1,Fast,0.8168030381202698,871,698
172,1,Fast,0.7533004879951477,892,458
172,1,Fast,0.7388924956321716,974,743
172,1,Fast,0.6910754442214966,929,525
172,1,Fast,0.6304938793182373,990,683
172,0,VRU,0.5225352644920349,1066,964
172,1,Fast,0.3283979594707489,1004,581
173,1,Fast,0.8641002774238586,873,704
173,1,Fast,0.834112286567688,904,529
173,1,Fast,0.7833588719367981,971,738
173,1,Fast,0.7607576251029968,928,522
173,1,Fast,0.727767288684845,892,454
174,1,Fast,0.8612204790115356,874,710
174,1,Fast,0.8216321468353271,927,519
174,1,Fast,0.7519981861114502,903,526
174,1,Fast,0.6527543067932129,987,675
174,1,Fast,0.6437683701515198,892,452
174,1,Fast,0.6128782033920288,969,731
174,1,Fast,0.43417075276374817,834,640
175,1,Fast,0.8741511702537537,875,716
175,1,Fast,0.836418867111206,927,516
175,1,Fast,0.8148532509803772,902,523
175,1,Fast,0.8015371561050415,966,725
175,1,Fast,0.6963527202606201,892,449
175,1,Fast,0.3867236375808716,785,776
175,1,Fast,0.38104814291000366,834,645
175,1,Fast,0.32724529504776,920,439
176,1,Fast,0.8822914361953735,876,722
176,1,Fast,0.8411166667938232,926,513
176,1,Fast,0.8293373584747314,964,719
176,1,Fast,0.8204800486564636,901,519
176,1,Fast,0.7456006407737732,890,446
177,1,Fast,0.8595765233039856,877,728
177,1,Fast,0.7941160202026367,926,510
177,1,Fast,0.7905398607254028,961,713
177,1,Fast,0.778694212436676,901,514
177,2,Slow,0.7353028059005737,1044,917
177,1,Fast,0.676253616809845,890,444
178,1,Fast,0.8583168983459473,878,734
178,1,Fast,0.8288116455078125,925,507
178,1,Fast,0.742636501789093,890,441
178,1,Fast,0.7297278642654419,958,707
178,1,Fast,0.6999725103378296,901,511
178,2,Slow,0.6023603677749634,1041,909
178,1,Fast,0.4965648949146271,978,658
178,1,Fast,0.3086761236190796,837,656
179,1,Fast,0.8634887933731079,880,741
179,1,Fast,0.8263907432556152,925,504
179,0,VRU,0.7143509984016418,1037,899
179,1,Fast,0.6998921632766724,976,654
179,1,Fast,0.6822194457054138,901,507
179,1,Fast,0.6195204854011536,890,439
179,1,Fast,0.5605202317237854,956,700
179,1,Fast,0.3275372087955475,997,561
180,1,Fast,0.8699588775634766,882,746
180,1,Fast,0.8287521004676819,924,501
180,1,Fast,0.7487946152687073,900,504
180,1,Fast,0.5750657320022583,889,437
180,0,VRU,0.5405863523483276,1034,891
180,1,Fast,0.3188844919204712,838,663
181,1,Fast,0.8692576885223389,883,753
181,1,Fast,0.8115803599357605,924,498
181,1,Fast,0.6662190556526184,900,501
181,0,VRU,0.6610592603683472,1030,882
181,1,Fast,0.5772700905799866,953,689
181,1,Fast,0.5596069097518921,889,435
181,1,Fast,0.39100003242492676,839,667
181,1,Fast,0.33998650312423706,974,645
182,1,Fast,0.8613706827163696,884,759
182,1,Fast,0.8307926654815674,951,685
182,1,Fast,0.771133542060852,923,495
182,1,Fast,0.7199523448944092,898,498
182,0,VRU,0.5975569486618042,1026,874
182,1,Fast,0.573143720626831,843,507
182,1,Fast,0.5318368673324585,888,433
182,1,Fast,0.40828368067741394,839,671
182,1,Fast,0.36717429757118225,972,642
183,1,Fast,0.8652291893959045,887,766
183,1,Fast,0.8089016675949097,949,679
183,1,Fast,0.8022407293319702,923,493
183,1,Fast,0.6879715919494629,898,495
183,1,Fast,0.4681428074836731,840,675
183,1,Fast,0.4102080762386322,887,430
184,1,Fast,0.8674778342247009,888,772
184,1,Fast,0.7965095639228821,947,674
184,1,Fast,0.7956793904304504,922,490
184,1,Fast,0.791787326335907,896,492
185,1,Fast,0.880775511264801,890,779
185,1,Fast,0.8220008015632629,896,489
185,1,Fast,0.798700749874115,921,487
185,1,Fast,0.6777040362358093,946,668
185,1,Fast,0.3887929618358612,887,424
186,1,Fast,0.8643232583999634,892,786
186,1,Fast,0.788485050201416,895,485
186,1,Fast,0.7609938979148865,920,484
186,1,Fast,0.6040869951248169,944,663
186,0,VRU,0.42987295985221863,1014,842
187,1,Fast,0.8695197105407715,893,792
187,1,Fast,0.7757485508918762,895,482
187,1,Fast,0.6999024748802185,942,657
187,1,Fast,0.631106436252594,920,482
187,1,Fast,0.3305254280567169,966,621
188,1,Fast,0.8612697720527649,895,799
188,1,Fast,0.7947452068328857,940,652
188,1,Fast,0.6755142211914062,895,480
188,0,VRU,0.6733171343803406,1008,827
188,1,Fast,0.6662974953651428,919,479
188,1,Fast,0.32249191403388977,963,617
189,1,Fast,0.8521171808242798,897,807
189,1,Fast,0.79659503698349,894,477
189,1,Fast,0.7561626434326172,939,648
189,1,Fast,0.75208580493927,918,477
189,1,Fast,0.7060351371765137,962,613
189,1,Fast,0.6946735382080078,846,529
189,0,VRU,0.43132051825523376,1005,819
190,1,Fast,0.8517757058143616,899,814
190,1,Fast,0.7946476340293884,894,474
190,1,Fast,0.7396621108055115,918,475
190,1,Fast,0.6602025628089905,804,853
190,1,Fast,0.6194596290588379,846,533
190,0,VRU,0.5757184624671936,1002,812
190,1,Fast,0.567068874835968,937,643
191,1,Fast,0.8645467162132263,901,822
191,1,Fast,0.7903634905815125,935,638
191,1,Fast,0.7665448188781738,893,470
191,1,Fast,0.7122063636779785,960,606
191,1,Fast,0.7030473947525024,918,472
191,0,VRU,0.6257490515708923,999,805
191,1,Fast,0.5393173098564148,847,536
191,1,Fast,0.49553975462913513,806,857
192,1,Fast,0.8661225438117981,903,828
192,1,Fast,0.801119327545166,934,633
192,0,VRU,0.7932161092758179,996,797
192,1,Fast,0.6704599857330322,918,469
192,1,Fast,0.6649539470672607,893,467
192,1,Fast,0.4366970956325531,958,602
193,1,Fast,0.8752720952033997,904,836
193,1,Fast,0.8018512725830078,932,628
193,1,Fast,0.705663800239563,918,467
193,1,Fast,0.6270638108253479,893,464
193,1,Fast,0.4863870143890381,958,599
194,1,Fast,0.871495246887207,907,844
194,1,Fast,0.7959277629852295,931,623
194,1,Fast,0.690520167350769,893,461
194,1,Fast,0.5758896470069885,918,465
194,1,Fast,0.4995858669281006,886,403
194,1,Fast,0.4386255443096161,957,595
195,1,Fast,0.8837050199508667,909,852
195,1,Fast,0.7943707704544067,892,459
195,1,Fast,0.7764129042625427,930,619
195,1,Fast,0.7414031624794006,917,463
195,1,Fast,0.6505308151245117,956,593
195,1,Fast,0.485922247171402,885,401
196,1,Fast,0.8841860294342041,911,860
196,1,Fast,0.7922247648239136,892,456
196,1,Fast,0.7640701532363892,917,461
196,1,Fast,0.7417370676994324,928,614
196,1,Fast,0.699081540107727,955,589
196,1,Fast,0.6829403638839722,813,888
196,1,Fast,0.6596385836601257,885,398
197,1,Fast,0.8813672065734863,913,868
197,1,Fast,0.8273440003395081,926,611
197,1,Fast,0.7540884613990784,891,453
197,1,Fast,0.7292582988739014,916,458
197,1,Fast,0.6520973443984985,953,586
197,1,Fast,0.5229150056838989,886,396
197,1,Fast,0.510833203792572,814,895
197,1,Fast,0.34232619404792786,853,733
198,1,Fast,0.872555136680603,916,876
198,1,Fast,0.7667401432991028,925,605
198,1,Fast,0.6653746962547302,951,582
198,1,Fast,0.6517926454544067,915,456
198,1,Fast,0.5266677737236023,815,901
198,1,Fast,0.5153969526290894,892,450
198,1,Fast,0.4980297088623047,885,394
198,1,Fast,0.48218289017677307,852,565
198,1,Fast,0.3127603530883789,853,737
199,1,Fast,0.8634375333786011,918,885
199,1,Fast,0.7910036444664001,924,602
199,1,Fast,0.6986004114151001,891,447
199,1,Fast,0.694911777973175,950,578
199,1,Fast,0.5902243852615356,915,453
199,0,VRU,0.58797687292099,979,750
199,1,Fast,0.43074265122413635,885,392
199,1,Fast,0.4205307960510254,854,742
199,1,Fast,0.3615705668926239,853,568
200,1,Fast,0.8695909976959229,920,894
200,1,Fast,0.7631619572639465,922,598
200,1,Fast,0.7180383205413818,891,445
200,0,VRU,0.7006312608718872,976,744
200,1,Fast,0.6068984866142273,949,575
200,1,Fast,0.5459306836128235,915,451
200,1,Fast,0.34565025568008423,885,390
201,1,Fast,0.8628438711166382,923,902
201,1,Fast,0.7954942584037781,921,594
201,1,Fast,0.7899977564811707,891,441
201,1,Fast,0.5700812339782715,855,576
201,1,Fast,0.5564499497413635,914,448
201,1,Fast,0.4186899960041046,948,571
201,0,VRU,0.3819732666015625,974,737
201,1,Fast,0.34769606590270996,820,584
202,1,Fast,0.8807984590530396,925,911
202,1,Fast,0.8016610741615295,920,589
202,1,Fast,0.7765243053436279,891,438
202,1,Fast,0.7090891599655151,855,581
202,1,Fast,0.7021416425704956,947,568
202,1,Fast,0.6012400984764099,914,446
202,0,VRU,0.4782985746860504,972,731
203,1,Fast,0.8777859807014465,927,919
203,1,Fast,0.7899219989776611,825,933
203,1,Fast,0.7387040257453918,891,436
203,1,Fast,0.6967772245407104,919,585
203,1,Fast,0.6460163593292236,914,443
203,1,Fast,0.6189248561859131,947,565
203,1,Fast,0.4942300319671631,858,761
204,1,Fast,0.8655802011489868,930,928
204,1,Fast,0.8334202170372009,827,939
204,1,Fast,0.7774211764335632,918,580
204,1,Fast,0.6778689622879028,891,434
204,1,Fast,0.6466001272201538,913,442
204,1,Fast,0.43012163043022156,859,766
205,1,Fast,0.8744481205940247,933,938
205,1,Fast,0.8387366533279419,830,945
205,1,Fast,0.779617965221405,917,575
205,1,Fast,0.7498189210891724,891,432
205,1,Fast,0.6679511070251465,913,439
205,1,Fast,0.359171599149704,856,594
206,1,Fast,0.8662047982215881,935,947
206,1,Fast,0.755319356918335,916,572
206,1,Fast,0.7164257764816284,913,437
206,1,Fast,0.7110317349433899,890,430
206,1,Fast,0.5253688097000122,943,556
207,1,Fast,0.8813421130180359,938,957
207,1,Fast,0.7650565505027771,889,427
207,1,Fast,0.7263679504394531,913,435
207,1,Fast,0.6570215225219727,913,568
207,1,Fast,0.45584365725517273,821,603
207,1,Fast,0.41030994057655334,1114,1073
207,1,Fast,0.3432985246181488,885,377
208,1,Fast,0.8808724880218506,940,967
208,1,Fast,0.7605851888656616,1111,1066
208,1,Fast,0.7405928373336792,889,424
208,1,Fast,0.7370895743370056,912,434
208,1,Fast,0.675884485244751,913,565
208,1,Fast,0.6438398957252502,821,606
208,1,Fast,0.4792453944683075,859,607
208,1,Fast,0.376620888710022,885,375
208,1,Fast,0.30192887783050537,848,536
209,1,Fast,0.8768225908279419,943,977
209,1,Fast,0.8087443113327026,1103,1060
209,1,Fast,0.7560365200042725,912,561
209,1,Fast,0.7549040913581848,822,609
209,1,Fast,0.7439212799072266,912,432
209,1,Fast,0.7417336106300354,836,976
209,1,Fast,0.678828239440918,889,422
209,1,Fast,0.37040573358535767,860,611
210,1,Fast,0.8813303709030151,947,988
210,1,Fast,0.8361821174621582,1094,1053
210,1,Fast,0.7116435170173645,839,985
210,1,Fast,0.6934356689453125,911,430
210,1,Fast,0.6502393484115601,911,557
210,1,Fast,0.6393827795982361,869,797
210,1,Fast,0.46967795491218567,889,420
210,1,Fast,0.4391816258430481,823,612
210,2,Slow,0.3627917170524597,957,685
211,1,Fast,0.8779229521751404,951,998
211,1,Fast,0.7849849462509155,1088,1040
211,1,Fast,0.7551654577255249,840,991
211,1,Fast,0.5849423408508301,911,428
211,1,Fast,0.5009903907775879,870,803
211,1,Fast,0.4753136932849884,909,553
211,1,Fast,0.4481838047504425,889,418
211,1,Fast,0.3023635149002075,1093,1075
212,1,Fast,0.8451967239379883,953,1008
212,1,Fast,0.8190617561340332,843,1000
212,1,Fast,0.8026199340820312,1082,1028
212,1,Fast,0.6328997015953064,911,426
212,1,Fast,0.5389742255210876,870,808
213,1,Fast,0.8753320574760437,956,1019
213,1,Fast,0.8099879622459412,1077,1017
213,1,Fast,0.49913454055786133,828,626
213,1,Fast,0.48392724990844727,822,620
213,1,Fast,0.4527292251586914,910,424
213,1,Fast,0.3716847896575928,845,1007
213,1,Fast,0.3716574013233185,907,547
214,1,Fast,0.8745272755622864,960,1030
214,1,Fast,0.840627133846283,1072,1006
214,1,Fast,0.44539904594421387,910,421
214,1,Fast,0.42041829228401184,888,411
214,1,Fast,0.365622341632843,906,541
214,1,Fast,0.32104161381721497,852,559
215,1,Fast,0.8732713460922241,963,1041
215,1,Fast,0.830004870891571,1067,996
215,1,Fast,0.617929220199585,852,563
215,1,Fast,0.47559213638305664,852,1023
215,1,Fast,0.33883267641067505,905,538
215,1,Fast,0.30798065662384033,910,418
216,1,Fast,0.8551238179206848,968,1049
216,1,Fast,0.8278194069862366,1061,984
216,1,Fast,0.5644589066505432,853,567
216,1,Fast,0.5175530314445496,904,535
216,1,Fast,0.4804708659648895,910,417
216,1,Fast,0.42731642723083496,854,1032
216,1,Fast,0.3363722264766693,875,828
217,1,Fast,0.8776499629020691,1057,974
217,1,Fast,0.8395246863365173,971,1055
217,1,Fast,0.6794142723083496,903,532
217,1,Fast,0.6086826920509338,826,639
217,1,Fast,0.43726494908332825,855,1040
217,1,Fast,0.30974912643432617,854,571
217,1,Fast,0.30259251594543457,910,415
218,1,Fast,0.8613435626029968,1054,963
218,1,Fast,0.7152912020683289,977,1061
218,1,Fast,0.7065678238868713,855,576
218,1,Fast,0.5813629627227783,870,656
218,1,Fast,0.54369056224823,827,642
218,1,Fast,0.3690721094608307,903,528
218,1,Fast,0.321336030960083,910,413
219,1,Fast,0.8526743650436401,1049,952
219,1,Fast,0.5946951508522034,828,646
219,1,Fast,0.4816909730434418,982,1066
219,1,Fast,0.4271813631057739,910,411
219,1,Fast,0.37056344747543335,888,400
219,1,Fast,0.3377690315246582,855,580
220,1,Fast,0.8770708441734314,1044,941
220,1,Fast,0.5103227496147156,828,650
220,1,Fast,0.3345516324043274,856,584
221,1,Fast,0.8759117722511292,1040,932
221,1,Fast,0.7244200110435486,829,653
221,1,Fast,0.335347443819046,857,588
222,1,Fast,0.7842683792114258,1037,921
222,1,Fast,0.5772892236709595,829,657
223,1,Fast,0.8551265001296997,1033,912
223,1,Fast,0.6825679540634155,888,870
223,1,Fast,0.4494174122810364,887,392
223,1,Fast,0.4359854757785797,831,660
224,1,Fast,0.8541935682296753,1028,903
224,1,Fast,0.6342726349830627,887,877
224,1,Fast,0.5978376269340515,860,602
224,1,Fast,0.38336193561553955,897,507
225,1,Fast,0.8325624465942383,1025,894
225,1,Fast,0.7822122573852539,889,882
225,1,Fast,0.6179288029670715,860,607
225,1,Fast,0.40696781873703003,897,503
225,1,Fast,0.31443536281585693,834,669
226,1,Fast,0.8322860598564148,1021,885
226,1,Fast,0.6771350502967834,895,499
226,1,Fast,0.6763349771499634,890,888
227,1,Fast,0.8371481895446777,1017,876
227,1,Fast,0.4996661841869354,896,495
227,1,Fast,0.34319767355918884,893,895
228,1,Fast,0.8661084175109863,1013,867
228,1,Fast,0.44027745723724365,863,621
228,1,Fast,0.3655889332294464,837,682
228,1,Fast,0.30257448554039,906,395
229,1,Fast,0.8627009391784668,1010,859
229,1,Fast,0.3103024661540985,865,625
230,1,Fast,0.8261350393295288,1007,850
230,1,Fast,0.7277994155883789,865,629
230,1,Fast,0.5383006930351257,837,688
231,1,Fast,0.7832174301147461,1003,842
231,1,Fast,0.6872298121452332,866,634
232,1,Fast,0.8127596974372864,1000,834
232,1,Fast,0.6273025870323181,867,639
233,1,Fast,0.8474226593971252,996,826
233,1,Fast,0.694647490978241,839,700
233,1,Fast,0.6729734539985657,868,643
234,1,Fast,0.7041038870811462,994,818
234,1,Fast,0.5399835705757141,840,704
235,1,Fast,0.7804840803146362,991,810
235,1,Fast,0.7066358923912048,907,946
235,1,Fast,0.37701237201690674,872,653
235,1,Fast,0.3421706557273865,840,708
236,1,Fast,0.8186872601509094,987,802
236,1,Fast,0.7916229367256165,909,952
236,1,Fast,0.6806039810180664,872,658
237,1,Fast,0.8308672904968262,984,795
237,1,Fast,0.6711124181747437,841,716
237,1,Fast,0.6675664782524109,912,960
237,1,Fast,0.6594105362892151,873,663
237,1,Fast,0.44101110100746155,891,467
238,1,Fast,0.7276096940040588,982,788
238,1,Fast,0.6279775500297546,843,721
238,1,Fast,0.5730578899383545,913,967
238,1,Fast,0.37633198499679565,891,464
239,1,Fast,0.7409219741821289,980,781
239,1,Fast,0.7388951182365417,844,725
239,1,Fast,0.6399875283241272,917,974
239,1,Fast,0.474458783864975,890,462
240,1,Fast,0.7767797708511353,977,773
240,1,Fast,0.7500728964805603,919,981
240,1,Fast,0.6790797710418701,846,729
240,1,Fast,0.6115709543228149,878,680
241,1,Fast,0.7093130350112915,879,685
241,1,Fast,0.6684243083000183,974,766
241,1,Fast,0.5530958771705627,847,733
242,1,Fast,0.5683966279029846,972,759
243,1,Fast,0.7819970846176147,969,752
243,2,Slow,0.3071981370449066,933,389
244,1,Fast,0.7488026022911072,966,745
244,2,Slow,0.41383302211761475,933,388
245,1,Fast,0.7430718541145325,964,738
245,1,Fast,0.5744218230247498,885,708
245,2,Slow,0.5259060263633728,841,507
245,1,Fast,0.31976762413978577,851,753
246,1,Fast,0.7484921813011169,962,732
246,1,Fast,0.590015172958374,886,713
247,1,Fast,0.6857643127441406,960,725
247,1,Fast,0.6169239282608032,888,720
247,1,Fast,0.35437238216400146,854,761
248,1,Fast,0.7320098280906677,854,766
248,1,Fast,0.5094380974769592,958,718
249,1,Fast,0.74958735704422,856,771
249,1,Fast,0.6402592062950134,955,713
249,2,Slow,0.6364098191261292,842,520
250,1,Fast,0.7975537180900574,856,776
250,1,Fast,0.7443408966064453,953,706
250,2,Slow,0.4345925450325012,844,523
250,1,Fast,0.3111913204193115,893,738
251,1,Fast,0.7426627278327942,951,700
251,1,Fast,0.7407465577125549,856,781
251,2,Slow,0.5494427680969238,845,527
251,1,Fast,0.5185803174972534,895,743
252,1,Fast,0.8035777807235718,949,694
252,1,Fast,0.6752386689186096,859,786
252,1,Fast,0.48837190866470337,898,750
253,1,Fast,0.7773022055625916,947,688
253,2,Slow,0.6897549629211426,845,535
253,1,Fast,0.683594822883606,861,791
253,1,Fast,0.5919008255004883,900,757
254,1,Fast,0.8150299787521362,946,682
254,1,Fast,0.6412652730941772,901,764
254,2,Slow,0.5297081470489502,847,538
254,1,Fast,0.48771435022354126,861,797
255,1,Fast,0.7747907638549805,944,676
255,1,Fast,0.6921229958534241,903,772
255,1,Fast,0.5420859456062317,863,803
255,2,Slow,0.3277021050453186,848,543
256,1,Fast,0.8072584867477417,942,670
256,1,Fast,0.7564974427223206,905,779
256,2,Slow,0.5862952470779419,849,547
257,1,Fast,0.8333654403686523,941,665
257,2,Slow,0.6318701505661011,849,551
257,1,Fast,0.3156723082065582,907,786
258,1,Fast,0.7979899048805237,939,659
258,2,Slow,0.5385199189186096,850,554
259,1,Fast,0.8260226845741272,937,654
259,1,Fast,0.5568117499351501,868,824
259,2,Slow,0.5076584815979004,850,558
259,1,Fast,0.40393659472465515,911,800
260,1,Fast,0.7979243993759155,935,649
260,1,Fast,0.6282350420951843,870,830
260,2,Slow,0.4117186665534973,851,561
260,1,Fast,0.3944988548755646,914,806
261,1,Fast,0.7520107626914978,934,643
261,2,Slow,0.7278201580047607,851,566
261,1,Fast,0.5428627133369446,960,959
261,1,Fast,0.5370212197303772,872,835
262,1,Fast,0.828662633895874,873,841
262,1,Fast,0.7937071323394775,932,638
262,2,Slow,0.32664093375205994,852,570
262,1,Fast,0.3257150948047638,806,682
263,1,Fast,0.8224783539772034,875,847
263,1,Fast,0.786043107509613,931,633
263,2,Slow,0.6083300709724426,853,574
263,1,Fast,0.5698890089988708,922,830
264,1,Fast,0.7631760239601135,877,852
264,1,Fast,0.6551361083984375,930,628
264,1,Fast,0.39339593052864075,924,837
264,2,Slow,0.3109793961048126,854,578
265,1,Fast,0.7820437550544739,877,858
265,1,Fast,0.7801353931427002,928,623
265,1,Fast,0.6111462712287903,926,845
265,2,Slow,0.5839709043502808,855,582
265,1,Fast,0.3262549936771393,808,694
266,1,Fast,0.8008870482444763,926,618
266,1,Fast,0.7791554927825928,879,863
266,1,Fast,0.3853225111961365,855,585
266,1,Fast,0.377271443605423,809,697
266,1,Fast,0.37162554264068604,928,852
267,1,Fast,0.8202838897705078,882,870
267,1,Fast,0.7055671811103821,925,613
267,1,Fast,0.6339190006256104,810,699
267,1,Fast,0.5549363493919373,857,589
268,1,Fast,0.8035228848457336,883,876
268,1,Fast,0.7500141859054565,924,608
268,1,Fast,0.37828269600868225,857,593
268,1,Fast,0.33815333247184753,811,702
269,1,Fast,0.8082922101020813,885,882
269,1,Fast,0.7347115874290466,923,603
270,1,Fast,0.7928679585456848,887,887
270,1,Fast,0.7596139311790466,859,603
270,1,Fast,0.7022119164466858,921,600
270,1,Fast,0.5505040287971497,812,711
270,1,Fast,0.38212040066719055,821,578
271,1,Fast,0.7498109936714172,920,595
271,1,Fast,0.5383471250534058,797,641
271,1,Fast,0.4621368944644928,813,715
271,1,Fast,0.4459625780582428,889,894
272,2,Slow,0.7344173789024353,860,612
272,1,Fast,0.648870587348938,918,590
272,1,Fast,0.6398573517799377,814,719
272,1,Fast,0.39669838547706604,891,901
272,1,Fast,0.3813783824443817,797,644
273,1,Fast,0.7359163761138916,814,723
273,1,Fast,0.6875455975532532,798,648
273,2,Slow,0.5557488799095154,862,617
273,1,Fast,0.4596739411354065,893,907
273,1,Fast,0.40769079327583313,917,585
274,1,Fast,0.7228859066963196,814,727
274,2,Slow,0.6538987159729004,863,621
274,1,Fast,0.502521812915802,915,582
274,1,Fast,0.4210205078125,952,921
274,1,Fast,0.3351842164993286,799,652
275,2,Slow,0.7933027148246765,864,626
275,1,Fast,0.7665265202522278,895,920
275,1,Fast,0.7240414023399353,956,931
275,1,Fast,0.5538592338562012,799,656
275,1,Fast,0.34312719106674194,913,578
276,2,Slow,0.7494146823883057,863,630
276,1,Fast,0.7207359671592712,959,940
276,1,Fast,0.6789031028747559,898,927
276,1,Fast,0.3472546339035034,913,573
277,1,Fast,0.8607385158538818,899,933
277,2,Slow,0.5565563440322876,867,634
277,1,Fast,0.5561742782592773,912,569
277,1,Fast,0.45137375593185425,963,949
277,0,VRU,0.32534176111221313,1341,856
278,1,Fast,0.8528902530670166,901,940
278,2,Slow,0.5516766905784607,867,640
278,1,Fast,0.37517982721328735,911,565
278,0,VRU,0.33332687616348267,1341,856
279,1,Fast,0.8652123212814331,904,947
279,2,Slow,0.5924036502838135,868,644
279,1,Fast,0.553231418132782,909,561
279,1,Fast,0.5128212571144104,970,969
279,0,VRU,0.3446381390094757,1341,856
280,1,Fast,0.8555771708488464,906,955
280,2,Slow,0.44032612442970276,869,648
280,1,Fast,0.39715155959129333,909,556
280,0,VRU,0.30931174755096436,1341,855
281,1,Fast,0.8780853152275085,908,961
281,1,Fast,0.5995261073112488,909,552
281,2,Slow,0.5803329944610596,870,653
281,1,Fast,0.3354979455471039,838,517
281,1,Fast,0.33013027906417847,803,679
281,0,VRU,0.3180125653743744,1341,855
282,1,Fast,0.8747113943099976,910,969
282,2,Slow,0.789034366607666,871,658
282,1,Fast,0.5035857558250427,907,548
282,1,Fast,0.4451613426208496,803,682
283,1,Fast,0.8559218049049377,912,976
283,1,Fast,0.6666375398635864,907,544
283,2,Slow,0.6365411281585693,873,663
283,1,Fast,0.36211803555488586,838,522
284,1,Fast,0.8358667492866516,915,984
284,2,Slow,0.8273155093193054,874,669
284,1,Fast,0.6740816831588745,906,539
284,1,Fast,0.5674158334732056,805,689
284,1,Fast,0.5106757879257202,823,770
284,1,Fast,0.4200288951396942,840,525
285,1,Fast,0.7942289710044861,905,536
285,1,Fast,0.7936750054359436,917,992
285,1,Fast,0.7035613656044006,805,694
285,2,Slow,0.5768236517906189,875,675
285,1,Fast,0.4802820384502411,840,527
285,1,Fast,0.4248027205467224,824,775
285,0,VRU,0.3030858039855957,1341,855
286,1,Fast,0.7794933319091797,906,531
286,1,Fast,0.7352972626686096,806,697
286,1,Fast,0.6712689399719238,919,1000
286,1,Fast,0.4857617914676666,825,780
287,1,Fast,0.7469221353530884,826,784
287,1,Fast,0.7304984927177429,904,528
287,1,Fast,0.6994372606277466,922,1007
287,2,Slow,0.6697275638580322,878,685
287,1,Fast,0.3528907299041748,841,532
288,1,Fast,0.7223074436187744,904,524
288,1,Fast,0.7013408541679382,827,788
288,1,Fast,0.6748540997505188,808,704
288,1,Fast,0.4855739176273346,842,535
288,2,Slow,0.4771633446216583,880,692
289,1,Fast,0.8067336678504944,828,793
289,1,Fast,0.782780110836029,808,708
289,1,Fast,0.7723495960235596,903,521
289,1,Fast,0.34414416551589966,842,538
289,1,Fast,0.3378439247608185,926,1023
289,1,Fast,0.3000952899456024,882,697
290,1,Fast,0.7454244494438171,828,797
290,1,Fast,0.6697790622711182,901,517
290,1,Fast,0.6539339423179626,929,1031
290,1,Fast,0.5966642498970032,809,712
290,1,Fast,0.5141603946685791,884,702
291,1,Fast,0.7467436790466309,931,1039
291,1,Fast,0.7046130895614624,886,707
291,1,Fast,0.6102940440177917,902,513
291,1,Fast,0.5099611282348633,828,802
291,1,Fast,0.39434123039245605,833,643
291,1,Fast,0.321738064289093,843,542
292,1,Fast,0.714780867099762,831,807
292,1,Fast,0.6915538907051086,934,1047
292,1,Fast,0.5502471923828125,888,713
292,1,Fast,0.5445014834403992,900,509
292,1,Fast,0.44135645031929016,833,646
293,1,Fast,0.7400243282318115,938,1052
293,1,Fast,0.6116821765899658,831,813
293,1,Fast,0.5875128507614136,900,506
293,2,Slow,0.4979044198989868,889,720
293,1,Fast,0.4364156126976013,843,548
294,1,Fast,0.6488112807273865,899,503
294,1,Fast,0.6263362765312195,832,818
294,1,Fast,0.6111000180244446,942,1058
294,2,Slow,0.60452800989151,890,725
294,1,Fast,0.3745158612728119,844,551
294,1,Fast,0.37149861454963684,835,653
295,1,Fast,0.7359208464622498,898,499
295,1,Fast,0.6857698559761047,834,823
295,2,Slow,0.482651025056839,892,730
295,1,Fast,0.4722974896430969,844,553
296,1,Fast,0.7265480160713196,898,496
296,1,Fast,0.6954204440116882,835,827
296,1,Fast,0.5497744679450989,845,556
296,1,Fast,0.359334260225296,836,660
297,1,Fast,0.793637216091156,836,832
297,1,Fast,0.7649776935577393,897,493
297,1,Fast,0.694593608379364,845,560
297,1,Fast,0.6857817769050598,837,664
297,1,Fast,0.35759294033050537,896,743
298,1,Fast,0.8073031306266785,837,668
298,1,Fast,0.8060091733932495,837,838
298,1,Fast,0.7750290036201477,896,489
298,1,Fast,0.605566680431366,898,750
298,1,Fast,0.4699302315711975,847,562
299,1,Fast,0.8330457210540771,838,843
299,1,Fast,0.8240584135055542,837,671
299,1,Fast,0.8092516660690308,900,757
299,1,Fast,0.7926087975502014,895,485
300,1,Fast,0.7869449853897095,839,848
300,1,Fast,0.7476803660392761,838,675
300,1,Fast,0.747567355632782,894,482
300,1,Fast,0.7153897881507874,903,763
301,1,Fast,0.8261435627937317,904,770
301,1,Fast,0.7981512546539307,840,854
301,1,Fast,0.7955824136734009,839,679
301,1,Fast,0.6839338541030884,893,479
302,1,Fast,0.831928014755249,841,859
302,1,Fast,0.8027504086494446,840,683
302,1,Fast,0.775884211063385,906,776
302,1,Fast,0.7361690998077393,893,477
302,1,Fast,0.5770177841186523,819,764
303,1,Fast,0.7814934253692627,843,864
303,1,Fast,0.7471315860748291,893,474
303,1,Fast,0.6305298209190369,841,687
303,1,Fast,0.4111224114894867,819,769
303,2,Slow,0.39425015449523926,907,784
304,1,Fast,0.8574865460395813,844,869
304,1,Fast,0.7450845837593079,893,470
304,1,Fast,0.6305409669876099,841,691
304,1,Fast,0.611906886100769,909,789
305,1,Fast,0.8538861274719238,845,876
305,1,Fast,0.8330371975898743,912,796
305,1,Fast,0.6828408241271973,894,467
305,1,Fast,0.46530088782310486,843,695
306,1,Fast,0.8584272861480713,846,881
306,1,Fast,0.8105453848838806,915,802
306,1,Fast,0.7072347402572632,844,698
306,1,Fast,0.41961267590522766,893,464
307,1,Fast,0.8431532979011536,848,886
307,1,Fast,0.8212858438491821,917,810
307,1,Fast,0.7044203281402588,844,702
307,1,Fast,0.693359375,851,591
307,1,Fast,0.5160538554191589,893,462
308,1,Fast,0.7586131691932678,848,892
308,1,Fast,0.7359057068824768,892,459
308,1,Fast,0.622244656085968,918,817
308,1,Fast,0.5976871848106384,853,594
308,1,Fast,0.5912855267524719,845,706
309,1,Fast,0.7578283548355103,921,824
309,1,Fast,0.6844642758369446,854,598
309,1,Fast,0.639674961566925,892,455
309,1,Fast,0.6345946192741394,845,710
309,1,Fast,0.6136409044265747,849,899
309,1,Fast,0.4618785083293915,1045,918
310,1,Fast,0.7534152865409851,851,904
310,1,Fast,0.7173054814338684,846,714
310,1,Fast,0.7061306834220886,854,601
310,1,Fast,0.7005271911621094,923,832
310,1,Fast,0.5793332457542419,1042,909
310,1,Fast,0.3776894807815552,892,453
311,1,Fast,0.7088955640792847,847,718
311,1,Fast,0.6941589117050171,925,840
311,1,Fast,0.6744832396507263,852,911
311,1,Fast,0.4802889823913574,855,605
311,1,Fast,0.38475659489631653,892,450
312,1,Fast,0.8379937410354614,928,848
312,1,Fast,0.8308271765708923,854,915
312,1,Fast,0.6889709830284119,849,722
312,1,Fast,0.5706771612167358,890,447
312,1,Fast,0.5332773327827454,856,608
313,1,Fast,0.842616856098175,931,855
313,1,Fast,0.8268537521362305,856,920
313,1,Fast,0.6887076497077942,890,445
313,1,Fast,0.6771388649940491,850,726
313,1,Fast,0.3160043954849243,857,612
314,1,Fast,0.7382900714874268,889,441
314,1,Fast,0.7297092080116272,851,730
314,1,Fast,0.6871668696403503,857,927
314,1,Fast,0.4544481635093689,934,863
315,1,Fast,0.6914029717445374,890,439
315,1,Fast,0.665252149105072,852,734
315,1,Fast,0.5856374502182007,859,934
315,1,Fast,0.5173109769821167,936,871
315,1,Fast,0.39145001769065857,859,619
316,1,Fast,0.7897717356681824,939,880
316,1,Fast,0.6959716081619263,853,738
316,1,Fast,0.4605426788330078,889,436
316,1,Fast,0.3857170343399048,860,622
317,1,Fast,0.8060935139656067,942,886
317,1,Fast,0.6571078896522522,854,743
317,1,Fast,0.564990758895874,889,433
317,1,Fast,0.44692370295524597,859,946
318,1,Fast,0.8341727256774902,945,895
318,1,Fast,0.6881645917892456,855,747
318,1,Fast,0.6062883734703064,888,431
318,1,Fast,0.37727871537208557,861,629
319,1,Fast,0.821164071559906,947,904
319,1,Fast,0.5578200817108154,888,428
319,1,Fast,0.5012454986572266,862,632
319,1,Fast,0.4937604069709778,866,960
319,1,Fast,0.4808140993118286,1145,1020
319,1,Fast,0.41334301233291626,856,752
320,1,Fast,0.8105005621910095,949,913
320,1,Fast,0.7313082218170166,867,967
320,1,Fast,0.7159079909324646,858,756
320,1,Fast,0.634640634059906,862,636
320,1,Fast,0.595977783203125,1141,1012
320,1,Fast,0.38764187693595886,888,425
321,1,Fast,0.8161286115646362,869,974
321,1,Fast,0.7199602127075195,953,922
321,1,Fast,0.6634382009506226,859,760
321,1,Fast,0.6472862958908081,863,640
321,1,Fast,0.621094822883606,1137,1004
322,1,Fast,0.818995475769043,871,981
322,1,Fast,0.7878961563110352,956,932
322,1,Fast,0.6229556202888489,865,644
322,1,Fast,0.5897524952888489,1131,996
322,1,Fast,0.5138988494873047,860,765
323,1,Fast,0.8261528611183167,872,988
323,1,Fast,0.7525777220726013,1128,987
323,1,Fast,0.6982056498527527,959,941
323,1,Fast,0.6576917171478271,866,647
323,1,Fast,0.3098151981830597,861,769
324,1,Fast,0.8419812917709351,874,995
324,1,Fast,0.8180209994316101,962,950
324,1,Fast,0.8117021918296814,866,651
324,1,Fast,0.648533284664154,1123,979
325,1,Fast,0.7561184763908386,867,656
325,1,Fast,0.6961184740066528,965,959
325,1,Fast,0.6830434203147888,876,1002
325,1,Fast,0.34129706025123596,864,779
326,1,Fast,0.75333571434021,868,659
326,1,Fast,0.6129282116889954,865,784
326,1,Fast,0.4652595818042755,968,968
326,1,Fast,0.3438066244125366,879,1010
326,1,Fast,0.31343504786491394,794,862
327,1,Fast,0.8155528903007507,972,979
327,1,Fast,0.7797017693519592,866,788
327,1,Fast,0.7515430450439453,869,664
327,1,Fast,0.6126442551612854,881,1017
327,1,Fast,0.3906288146972656,795,867
328,1,Fast,0.8191730380058289,867,793
328,1,Fast,0.7942382097244263,870,667
328,1,Fast,0.7716916799545288,975,988
328,1,Fast,0.6562507152557373,883,1024
329,1,Fast,0.8307762742042542,869,798
329,1,Fast,0.7352096438407898,884,1032
329,1,Fast,0.7227112650871277,872,672
329,1,Fast,0.568220317363739,979,998
330,1,Fast,0.8295302987098694,870,802
330,1,Fast,0.6899591684341431,982,1009
330,1,Fast,0.6314123272895813,873,675
330,1,Fast,0.5938733220100403,886,1040
331,1,Fast,0.8385850787162781,871,807
331,1,Fast,0.6067874431610107,874,679
331,1,Fast,0.5046931505203247,888,1048
332,1,Fast,0.8092029690742493,872,812
332,1,Fast,0.7594085931777954,874,684
332,1,Fast,0.5542289614677429,1094,918
332,1,Fast,0.5259856581687927,890,1052
332,1,Fast,0.37566840648651123,990,1032
332,1,Fast,0.35634252429008484,1105,986
333,1,Fast,0.755571186542511,874,817
333,1,Fast,0.6673886179924011,876,687
333,1,Fast,0.5640881657600403,1099,976
333,1,Fast,0.42448118329048157,1091,911
334,1,Fast,0.7528746724128723,876,822
334,1,Fast,0.4261123538017273,803,903
334,1,Fast,0.39833489060401917,878,692
335,1,Fast,0.79729825258255,878,827
335,1,Fast,0.507797122001648,878,696
335,1,Fast,0.46150097250938416,803,909
335,1,Fast,0.3582775294780731,1088,959
336,1,Fast,0.7874904274940491,879,832
336,1,Fast,0.3976154029369354,880,700
337,1,Fast,0.811336874961853,880,838
337,1,Fast,0.48037511110305786,882,705
337,1,Fast,0.30985352396965027,885,384
338,1,Fast,0.7094828486442566,882,709
338,1,Fast,0.6627052426338196,882,843
339,1,Fast,0.7902497053146362,884,714
339,1,Fast,0.7898902893066406,884,848
340,1,Fast,0.8293517231941223,885,855
340,1,Fast,0.6926653385162354,885,719
341,1,Fast,0.8477329015731812,886,860
341,1,Fast,0.6669040322303772,887,724
342,1,Fast,0.8503310084342957,887,866
342,1,Fast,0.6199315786361694,888,728
343,1,Fast,0.8695747256278992,889,871
343,1,Fast,0.7039900422096252,889,733
344,1,Fast,0.8671976923942566,891,877
344,1,Fast,0.7049248218536377,890,738
345,1,Fast,0.8737807273864746,893,883
345,1,Fast,0.8101077079772949,892,743
346,1,Fast,0.8071196675300598,895,888
346,1,Fast,0.7580513954162598,893,748
346,1,Fast,0.375551700592041,1042,867
347,1,Fast,0.7804726958274841,897,894
347,1,Fast,0.7655820250511169,895,753
348,1,Fast,0.8363017439842224,896,758
348,1,Fast,0.773681104183197,899,900
348,1,Fast,0.5689246654510498,1034,852
349,1,Fast,0.823219895362854,901,906
349,1,Fast,0.8178754448890686,898,763
350,1,Fast,0.8342515826225281,903,912
350,1,Fast,0.8111593723297119,899,769
351,1,Fast,0.8250489830970764,905,918
351,1,Fast,0.7759538292884827,900,774
352,1,Fast,0.8304001092910767,902,779
352,1,Fast,0.8065053224563599,906,925
353,1,Fast,0.8674500584602356,908,931
353,1,Fast,0.762612521648407,904,784
353,1,Fast,0.5975303649902344,930,607
354,1,Fast,0.8239893317222595,910,937
354,1,Fast,0.6682477593421936,905,789
354,1,Fast,0.4909265339374542,928,602
355,1,Fast,0.8551666736602783,912,944
355,1,Fast,0.4152628183364868,927,598
355,1,Fast,0.3679344952106476,907,795
356,1,Fast,0.8391766548156738,913,950
356,1,Fast,0.6346291303634644,909,802
356,1,Fast,0.540851354598999,925,594
357,1,Fast,0.8367740511894226,916,957
357,1,Fast,0.6403038501739502,911,807
357,1,Fast,0.4946410059928894,924,589
358,1,Fast,0.8762913346290588,919,963
358,1,Fast,0.6086599230766296,912,813
359,1,Fast,0.8409458994865417,921,971
360,1,Fast,0.8751137852668762,923,977
360,1,Fast,0.7212207913398743,918,825
360,1,Fast,0.6443785429000854,994,769
361,1,Fast,0.8524467349052429,925,984
361,1,Fast,0.8305290341377258,919,832
362,1,Fast,0.851239800453186,928,991
362,1,Fast,0.8465136289596558,921,838
363,1,Fast,0.8579050898551941,922,845
363,1,Fast,0.8384685516357422,930,999
363,1,Fast,0.37774354219436646,916,562
364,1,Fast,0.858327329158783,933,1006
364,1,Fast,0.8519909381866455,924,851
365,1,Fast,0.8529857993125916,925,857
365,1,Fast,0.824255645275116,935,1013
365,1,Fast,0.3177821934223175,980,739
366,1,Fast,0.8448672890663147,927,863
366,1,Fast,0.5903221964836121,938,1021
366,1,Fast,0.39254647493362427,978,733
366,1,Fast,0.35862240195274353,887,326
367,1,Fast,0.8224562406539917,930,870
367,1,Fast,0.6342692375183105,940,1029
367,1,Fast,0.4173493981361389,887,324
368,1,Fast,0.8389718532562256,932,876
368,1,Fast,0.6785809993743896,942,1037
368,1,Fast,0.392261803150177,973,721
369,1,Fast,0.7631653547286987,935,883
370,1,Fast,0.7847636938095093,948,1052
370,1,Fast,0.7343155145645142,937,889
370,1,Fast,0.6554613709449768,969,709
370,1,Fast,0.33697059750556946,1001,702
370,1,Fast,0.31934356689453125,909,532
371,1,Fast,0.6847636699676514,939,897
371,1,Fast,0.5341334342956543,952,1056
371,1,Fast,0.4002314507961273,967,704
372,1,Fast,0.7899169325828552,941,904
372,1,Fast,0.7064998149871826,955,1060
373,1,Fast,0.7040550112724304,943,911
373,1,Fast,0.5170977115631104,960,1064
374,1,Fast,0.7933763861656189,946,918
374,1,Fast,0.4690043330192566,960,688
375,1,Fast,0.8014072775840759,948,926
375,1,Fast,0.6794967651367188,958,682
375,1,Fast,0.39808741211891174,992,681
376,1,Fast,0.7948514819145203,951,933
376,1,Fast,0.6220517754554749,956,677
377,1,Fast,0.7950087785720825,953,941
377,1,Fast,0.30520153045654297,954,672
378,1,Fast,0.8585842847824097,956,949
378,1,Fast,0.4551621675491333,987,668
378,1,Fast,0.44033485651016235,952,667
379,1,Fast,0.8118647336959839,959,957
380,1,Fast,0.8329358696937561,962,964
380,1,Fast,0.5018563270568848,948,656
380,1,Fast,0.4031496047973633,984,659
381,1,Fast,0.7292280197143555,964,972
381,1,Fast,0.7097395062446594,947,650
382,1,Fast,0.7570209503173828,968,980
382,1,Fast,0.647210955619812,981,649
382,1,Fast,0.44449836015701294,945,646
383,1,Fast,0.6699258089065552,978,646
383,1,Fast,0.64447420835495,970,989
383,1,Fast,0.5466279983520508,944,641
384,1,Fast,0.811747133731842,974,997
385,1,Fast,0.824758768081665,977,1006
386,1,Fast,0.8353154063224792,980,1015
386,1,Fast,0.3704646825790405,834,644
387,1,Fast,0.8220418095588684,983,1023
387,1,Fast,0.46534639596939087,834,648
387,1,Fast,0.36183303594589233,972,631
388,1,Fast,0.7208321690559387,986,1032
388,1,Fast,0.679094135761261,834,651
388,1,Fast,0.6122222542762756,972,627
389,1,Fast,0.7168163657188416,969,623
389,1,Fast,0.6548404097557068,836,656
389,1,Fast,0.6357645392417908,990,1042
390,1,Fast,0.7445645928382874,969,619
390,1,Fast,0.613410472869873,994,1050
390,1,Fast,0.5805401802062988,837,660
391,1,Fast,0.5843304395675659,837,664
391,1,Fast,0.5547234416007996,967,615
392,1,Fast,0.5736844539642334,838,668
393,1,Fast,0.5492210984230042,930,596
393,1,Fast,0.40010711550712585,839,673
394,1,Fast,0.7608814835548401,929,591
394,1,Fast,0.497753381729126,840,678
394,1,Fast,0.4141489267349243,964,604
395,1,Fast,0.6361434459686279,929,587
395,1,Fast,0.5196632146835327,840,681
396,1,Fast,0.6882609724998474,928,583
396,1,Fast,0.45622047781944275,893,445
397,1,Fast,0.6341783404350281,893,441
398,1,Fast,0.6818995475769043,1194,1063
398,1,Fast,0.41089746356010437,926,574
398,1,Fast,0.32008248567581177,960,591
399,1,Fast,0.6003370881080627,1182,1058
399,1,Fast,0.45222777128219604,925,569
399,1,Fast,0.39174243807792664,958,588
400,1,Fast,0.6367138624191284,924,566
400,1,Fast,0.53058922290802,957,585
401,1,Fast,0.7973249554634094,923,563
401,1,Fast,0.6543076038360596,1172,1041
401,1,Fast,0.5994869470596313,956,581
402,1,Fast,0.7788347005844116,954,579
402,1,Fast,0.7732301354408264,922,559
402,1,Fast,0.39147523045539856,1166,1030
403,1,Fast,0.678849458694458,1160,1019
403,1,Fast,0.593556821346283,921,555
403,1,Fast,0.5853405594825745,953,575
404,1,Fast,0.8367512822151184,1155,1011
404,1,Fast,0.6096301674842834,952,571
404,1,Fast,0.47227227687835693,921,551
404,1,Fast,0.38692358136177063,851,720
405,1,Fast,0.8044246435165405,1151,1001
405,1,Fast,0.5629809498786926,851,725
405,1,Fast,0.4235140085220337,920,547
405,1,Fast,0.3324170410633087,951,568
406,1,Fast,0.7778059244155884,1146,992
406,1,Fast,0.6536094546318054,852,729
406,1,Fast,0.5051818490028381,952,565
407,1,Fast,0.5707351565361023,952,562
407,1,Fast,0.5179094672203064,1141,983
408,1,Fast,0.7611232995986938,1137,975
408,1,Fast,0.4942334294319153,854,739
409,1,Fast,0.5211644172668457,948,557
409,1,Fast,0.4898139238357544,917,531
411,1,Fast,0.6935451030731201,858,754
412,1,Fast,0.5787969827651978,859,758
413,1,Fast,0.348162978887558,860,763
414,1,Fast,0.8501396775245667,861,768
415,1,Fast,0.7556053400039673,862,774
416,1,Fast,0.6851481199264526,864,779
417,1,Fast,0.8225918412208557,866,784
417,1,Fast,0.37167298793792725,1099,900
418,1,Fast,0.7831364274024963,866,790
418,1,Fast,0.3476164638996124,912,498
419,1,Fast,0.7705324292182922,868,795
419,1,Fast,0.41118425130844116,1092,885
420,1,Fast,0.8346376419067383,869,801
420,1,Fast,0.6575233340263367,1088,878
421,1,Fast,0.7379397749900818,870,806
421,1,Fast,0.6419779658317566,1085,872
422,1,Fast,0.640129804611206,872,812
423,1,Fast,0.6551856398582458,874,817
424,1,Fast,0.3433976173400879,874,823
425,1,Fast,0.6071314811706543,876,828
426,1,Fast,0.44234782457351685,1067,836
426,1,Fast,0.4151521623134613,878,834
427,1,Fast,0.4909127354621887,879,840
428,1,Fast,0.8070088028907776,881,847
429,1,Fast,0.7789962887763977,883,854
429,1,Fast,0.4706277847290039,1058,816
430,1,Fast,0.8353635668754578,884,858
431,1,Fast,0.8405672311782837,886,865
431,1,Fast,0.45366889238357544,1051,803
432,1,Fast,0.8653907179832458,887,871
432,1,Fast,0.42980700731277466,1048,797
433,1,Fast,0.8419099450111389,889,877
433,1,Fast,0.3154512941837311,1045,791
434,1,Fast,0.8309863805770874,890,884
434,1,Fast,0.4978642165660858,1042,784
435,1,Fast,0.8313782215118408,892,891
435,1,Fast,0.4714166820049286,1039,777
436,1,Fast,0.6334213614463806,895,898
437,1,Fast,0.6789941191673279,1034,766
437,1,Fast,0.5900615453720093,896,905
438,1,Fast,0.6460825800895691,863,659
438,1,Fast,0.6158227324485779,899,911
438,1,Fast,0.539976179599762,1032,761
439,1,Fast,0.7825256586074829,1029,754
439,1,Fast,0.7395660877227783,900,918
439,1,Fast,0.5057761669158936,925,474
439,1,Fast,0.43797504901885986,978,723
439,1,Fast,0.30333906412124634,864,665
440,1,Fast,0.7933992147445679,902,925
440,1,Fast,0.7499006986618042,1026,748
441,1,Fast,0.8176137208938599,1023,743
441,1,Fast,0.8161091208457947,904,932
441,1,Fast,0.3304177224636078,867,677
442,1,Fast,0.797185480594635,1020,737
442,1,Fast,0.7436089515686035,906,940
442,1,Fast,0.7014970183372498,868,683
442,1,Fast,0.5560464262962341,923,467
442,1,Fast,0.3290256857872009,972,707
443,1,Fast,0.8355525135993958,869,687
443,1,Fast,0.812350332736969,908,946
443,1,Fast,0.805665910243988,1018,732
443,1,Fast,0.46977633237838745,922,465
444,1,Fast,0.8590726256370544,910,953
444,1,Fast,0.7604052424430847,870,693
444,1,Fast,0.7484503984451294,1016,726
445,1,Fast,0.869880199432373,912,961
445,1,Fast,0.7758623361587524,1014,721
445,1,Fast,0.3496161103248596,922,461
445,1,Fast,0.3469439446926117,872,698
446,1,Fast,0.8688226938247681,914,968
446,1,Fast,0.829759418964386,1011,715
447,1,Fast,0.8762537240982056,917,976
447,1,Fast,0.839339554309845,1009,710
447,1,Fast,0.347167432308197,875,711
448,1,Fast,0.8070207834243774,877,717
448,1,Fast,0.7675507068634033,1007,704
448,1,Fast,0.7404405474662781,920,984
449,1,Fast,0.5453687310218811,922,992
449,1,Fast,0.43804723024368286,1005,701
449,1,Fast,0.39702391624450684,878,723
450,1,Fast,0.743732750415802,1003,695
450,1,Fast,0.7053222060203552,880,729
450,1,Fast,0.4566415846347809,925,1000
451,1,Fast,0.49596890807151794,928,1008
451,1,Fast,0.4687136709690094,882,736
451,1,Fast,0.4382655620574951,1001,691
452,1,Fast,0.8336198925971985,884,743
452,1,Fast,0.7376032471656799,930,1017
452,1,Fast,0.44547227025032043,998,685
452,1,Fast,0.3069224953651428,918,445
453,1,Fast,0.8658101558685303,886,749
453,1,Fast,0.7964191436767578,932,1024
453,1,Fast,0.6477055549621582,997,680
454,1,Fast,0.8473716974258423,887,755
454,1,Fast,0.8183475136756897,934,1034
454,1,Fast,0.5638482570648193,995,675
455,1,Fast,0.8585018515586853,889,762
455,1,Fast,0.7689632177352905,993,671
455,1,Fast,0.44696658849716187,936,1042
456,1,Fast,0.8801100850105286,891,768
456,1,Fast,0.7849372625350952,991,666
456,1,Fast,0.357500821352005,940,1050
457,1,Fast,0.8753264546394348,894,776
457,1,Fast,0.46044814586639404,989,660
458,1,Fast,0.8576562404632568,895,783
458,1,Fast,0.6220517754554749,987,655
459,1,Fast,0.8128647208213806,897,789
459,1,Fast,0.7979546785354614,986,651
460,1,Fast,0.8169782757759094,899,798
460,1,Fast,0.7453498840332031,983,648
461,1,Fast,0.84801185131073,902,805
461,1,Fast,0.7215752601623535,981,643
462,1,Fast,0.8658627271652222,904,813
462,1,Fast,0.5969371199607849,980,639
463,1,Fast,0.8446620106697083,906,819
463,1,Fast,0.7311277389526367,978,635
464,1,Fast,0.8539665937423706,909,826
464,1,Fast,0.6733192205429077,977,631
465,1,Fast,0.7979248762130737,912,835
465,1,Fast,0.7619023323059082,976,626
466,1,Fast,0.8474763035774231,914,843
466,1,Fast,0.6712075471878052,974,623
467,1,Fast,0.8592886924743652,917,852
467,1,Fast,0.6343172788619995,972,618
468,1,Fast,0.8858675956726074,919,860
468,1,Fast,0.6086726784706116,971,615
469,1,Fast,0.881375789642334,922,868
469,1,Fast,0.7279044389724731,970,609
470,1,Fast,0.8762206435203552,925,876
470,1,Fast,0.7681251764297485,968,605
471,1,Fast,0.8642247319221497,927,886
471,1,Fast,0.7449195981025696,967,602
472,1,Fast,0.8608050346374512,930,895
472,1,Fast,0.7284769415855408,966,598
473,1,Fast,0.8590832948684692,933,903
473,1,Fast,0.5768045783042908,965,595
474,1,Fast,0.8575389385223389,937,912
475,1,Fast,0.8608367443084717,940,920
475,1,Fast,0.4300767779350281,963,587
476,1,Fast,0.8570313453674316,943,930
476,1,Fast,0.47813472151756287,962,584
477,1,Fast,0.8785310387611389,947,940
478,1,Fast,0.8813199996948242,950,949
478,1,Fast,0.4487607777118683,959,576
479,1,Fast,0.8802394270896912,953,959
480,1,Fast,0.8872581720352173,956,969
480,1,Fast,0.31820762157440186,957,568
481,1,Fast,0.8609566688537598,961,979
481,1,Fast,0.36809197068214417,955,565
482,1,Fast,0.8196578025817871,964,990
482,1,Fast,0.7008943557739258,954,562
483,1,Fast,0.8123090267181396,968,1001
483,1,Fast,0.5640942454338074,954,558
484,1,Fast,0.8820816278457642,972,1012
484,1,Fast,0.5872632265090942,952,556
485,1,Fast,0.8658801317214966,976,1022
486,1,Fast,0.8381296396255493,981,1034
487,1,Fast,0.8309022784233093,985,1045
488,1,Fast,0.7718769311904907,991,1053
489,1,Fast,0.559598445892334,995,1058
491,1,Fast,0.38544604182243347,945,532
493,1,Fast,0.36349374055862427,943,525
499,1,Fast,0.6564487814903259,797,782
500,1,Fast,0.476656973361969,798,786
500,1,Fast,0.43052566051483154,1184,1065
501,1,Fast,0.455656498670578,1178,1060
501,1,Fast,0.3715828061103821,800,789
502,1,Fast,0.5850182771682739,1169,1056
502,1,Fast,0.3466266095638275,801,794
503,1,Fast,0.45202773809432983,1163,1048
504,1,Fast,0.7757591605186462,1159,1039
505,1,Fast,0.7139831185340881,1154,1031
505,1,Fast,0.3337455689907074,1021,859
506,1,Fast,0.8222900032997131,1150,1022
507,1,Fast,0.853607714176178,1146,1014
508,1,Fast,0.8460532426834106,1141,1006
508,1,Fast,0.30418890714645386,808,822
509,1,Fast,0.8022143840789795,1136,999
510,1,Fast,0.8461976647377014,1133,991
511,1,Fast,0.7714630365371704,1129,983
512,1,Fast,0.8147484660148621,1126,975
513,1,Fast,0.53285813331604,900,443
513,1,Fast,0.43456390500068665,1121,968
514,1,Fast,0.5194375514984131,928,466
514,1,Fast,0.34594786167144775,1117,960
514,1,Fast,0.3356306254863739,900,441
515,1,Fast,0.41812172532081604,1114,953
516,1,Fast,0.5185947418212891,1110,946
517,1,Fast,0.4110439121723175,834,623
517,1,Fast,0.37152668833732605,1107,939
518,1,Fast,0.4450419545173645,1103,930
519,1,Fast,0.5853768587112427,1100,923
520,1,Fast,0.692493736743927,1097,917
520,1,Fast,0.5902857184410095,837,635
521,1,Fast,0.7789100408554077,837,638
521,1,Fast,0.4105226993560791,1093,910
522,1,Fast,0.8158738613128662,838,642
522,1,Fast,0.7451601028442383,974,741
522,1,Fast,0.509563684463501,1089,904
523,1,Fast,0.8161340951919556,839,645
523,1,Fast,0.4046022891998291,1086,897
524,1,Fast,0.7273842692375183,840,649
524,1,Fast,0.5195226073265076,848,544
524,1,Fast,0.30899590253829956,1083,891
525,1,Fast,0.7634243369102478,841,654
525,1,Fast,0.5882686376571655,849,548
525,1,Fast,0.5166174173355103,1080,885
526,1,Fast,0.7663407325744629,842,659
526,1,Fast,0.7341296076774597,849,552
526,1,Fast,0.4379349946975708,1077,880
527,1,Fast,0.7878760695457458,843,662
527,1,Fast,0.7816433310508728,850,554
527,1,Fast,0.4667300283908844,1073,874
528,1,Fast,0.7990824580192566,851,558
528,1,Fast,0.7412535548210144,843,667
529,1,Fast,0.7773028612136841,851,562
529,1,Fast,0.6646321415901184,844,671
529,1,Fast,0.3694037199020386,839,936
529,1,Fast,0.3162667453289032,1068,861
530,1,Fast,0.7224773168563843,852,566
530,1,Fast,0.4865049421787262,845,676
530,1,Fast,0.472207635641098,1065,855
530,1,Fast,0.3353007137775421,841,942
531,1,Fast,0.7010838985443115,853,570
531,1,Fast,0.3923354744911194,846,681
531,1,Fast,0.3251332938671112,955,690
532,1,Fast,0.789066731929779,853,573
532,1,Fast,0.6963647603988647,847,685
532,1,Fast,0.36319440603256226,954,684
533,1,Fast,0.7666903138160706,854,577
533,1,Fast,0.6216310858726501,848,689
534,1,Fast,0.8241868019104004,855,581
534,1,Fast,0.4542452096939087,850,693
534,1,Fast,0.3660048842430115,1053,831
535,1,Fast,0.7849013209342957,855,585
535,1,Fast,0.573151707649231,851,698
536,1,Fast,0.7066658735275269,856,589
536,1,Fast,0.37164559960365295,852,702
537,1,Fast,0.8238659501075745,857,593
537,1,Fast,0.31111159920692444,852,707
538,1,Fast,0.7966543436050415,858,597
538,1,Fast,0.5228128433227539,853,712
539,1,Fast,0.804079532623291,859,602
539,1,Fast,0.79962557554245,854,717
539,1,Fast,0.4862135946750641,828,550
539,1,Fast,0.35898715257644653,857,1001
540,1,Fast,0.8504961729049683,860,606
540,1,Fast,0.8489234447479248,855,723
540,1,Fast,0.7194309234619141,1039,798
540,1,Fast,0.683101236820221,827,552
540,1,Fast,0.3395954966545105,861,1008
541,1,Fast,0.851035475730896,856,727
541,1,Fast,0.8030282258987427,860,610
541,1,Fast,0.66220623254776,1037,793
541,1,Fast,0.38534125685691833,830,554
542,1,Fast,0.8278687000274658,857,732
542,1,Fast,0.75718754529953,861,614
542,1,Fast,0.48743703961372375,1034,788
543,1,Fast,0.8182566165924072,858,738
543,1,Fast,0.817516565322876,862,618
543,1,Fast,0.41380050778388977,870,1031
544,1,Fast,0.8368152976036072,860,743
544,1,Fast,0.7914701104164124,863,623
545,1,Fast,0.8701085448265076,861,748
545,1,Fast,0.6955824494361877,864,627
545,1,Fast,0.4536761939525604,1027,772
546,1,Fast,0.848164975643158,862,753
546,1,Fast,0.4874275028705597,1026,767
546,1,Fast,0.42512476444244385,865,632
547,1,Fast,0.8398441076278687,863,758
547,1,Fast,0.6062895059585571,866,636
548,1,Fast,0.8428196907043457,865,762
548,1,Fast,0.6723825335502625,867,641
548,1,Fast,0.34379714727401733,1020,758
549,1,Fast,0.8273232579231262,869,644
549,1,Fast,0.8103105425834656,866,768
550,1,Fast,0.8434017300605774,869,650
550,1,Fast,0.8312029838562012,868,773
551,1,Fast,0.8617310523986816,870,654
551,1,Fast,0.8541728854179382,869,780
552,1,Fast,0.8750007152557373,871,659
552,1,Fast,0.856088399887085,870,786
552,1,Fast,0.6021460890769958,1012,737
552,1,Fast,0.358199805021286,922,590
553,1,Fast,0.864909291267395,873,663
553,1,Fast,0.8506113886833191,872,791
553,1,Fast,0.5184035301208496,1010,733
553,1,Fast,0.3696865737438202,829,597
553,1,Fast,0.3439111113548279,1217,1044
554,1,Fast,0.8585054874420166,873,797
554,1,Fast,0.8367706537246704,874,668
554,1,Fast,0.5496599674224854,1008,729
555,1,Fast,0.863625168800354,875,672
555,1,Fast,0.8633356094360352,875,803
555,1,Fast,0.30205240845680237,1208,1030
556,1,Fast,0.8646641969680786,876,678
556,1,Fast,0.8597744703292847,877,809
557,1,Fast,0.8612290620803833,879,815
557,1,Fast,0.8525733351707458,877,683
558,1,Fast,0.8597589731216431,878,688
558,1,Fast,0.8532366156578064,880,820
559,1,Fast,0.8545120358467102,883,826
559,1,Fast,0.8224976062774658,880,693
559,1,Fast,0.41338950395584106,916,561
560,1,Fast,0.8485294580459595,884,832
560,1,Fast,0.7922194600105286,881,698
561,1,Fast,0.8558452129364014,885,839
561,1,Fast,0.8475810289382935,883,703
562,1,Fast,0.8610667586326599,884,708
562,1,Fast,0.85429447889328,887,846
562,1,Fast,0.7228003144264221,1183,982
563,1,Fast,0.8646696209907532,889,853
563,1,Fast,0.8442535400390625,886,714
563,1,Fast,0.6906604766845703,1179,976
563,1,Fast,0.3799551725387573,993,690
564,1,Fast,0.8703821897506714,890,859
564,1,Fast,0.8702991604804993,887,720
564,1,Fast,0.6809552907943726,1175,970
565,1,Fast,0.8707467913627625,891,866
565,1,Fast,0.860369861125946,889,726
565,1,Fast,0.3547901213169098,989,681
566,1,Fast,0.8797751665115356,893,872
566,1,Fast,0.8724820017814636,890,731
566,1,Fast,0.46091556549072266,987,677
567,1,Fast,0.8875734210014343,892,737
567,1,Fast,0.8814185261726379,895,878
567,1,Fast,0.4003513753414154,986,673
568,1,Fast,0.8740636110305786,897,884
568,1,Fast,0.8725582957267761,893,743
569,1,Fast,0.8826783895492554,895,748
569,1,Fast,0.8730120062828064,899,892
570,1,Fast,0.8829004764556885,902,899
570,1,Fast,0.8711780309677124,896,753
571,1,Fast,0.8814735412597656,904,905
571,1,Fast,0.8611922264099121,898,760
571,1,Fast,0.48863139748573303,1152,928
572,1,Fast,0.8843921422958374,906,912
572,1,Fast,0.8756263256072998,900,766
572,1,Fast,0.5985878705978394,978,653
572,1,Fast,0.5163558721542358,843,669
573,1,Fast,0.8758636116981506,908,919
573,1,Fast,0.8698691129684448,901,772
573,1,Fast,0.6112256050109863,977,650
573,1,Fast,0.3328276574611664,843,674
574,1,Fast,0.8821717500686646,910,927
574,1,Fast,0.8779555559158325,903,778
575,1,Fast,0.8787142038345337,905,784
575,1,Fast,0.8777105808258057,912,935
575,1,Fast,0.6058154702186584,973,641
576,1,Fast,0.8741804957389832,914,943
576,1,Fast,0.8702990412712097,907,791
576,1,Fast,0.32850882411003113,972,638
577,1,Fast,0.8851601481437683,917,950
577,1,Fast,0.8522036671638489,909,797
577,1,Fast,0.5730681419372559,971,634
577,1,Fast,0.39269566535949707,847,690
578,1,Fast,0.880074143409729,919,957
578,1,Fast,0.8519166707992554,911,804
578,1,Fast,0.6552207469940186,969,630
579,1,Fast,0.8747560381889343,921,965
579,1,Fast,0.8626237511634827,913,811
579,1,Fast,0.7602277994155884,850,698
579,1,Fast,0.712599515914917,968,627
580,1,Fast,0.8797768354415894,923,973
580,1,Fast,0.8599219918251038,916,817
580,1,Fast,0.7611552476882935,966,623
581,1,Fast,0.8797782063484192,925,982
581,1,Fast,0.8787463903427124,918,824
581,1,Fast,0.7404349446296692,965,620
582,1,Fast,0.8856008648872375,920,831
582,1,Fast,0.8732762932777405,929,990
582,1,Fast,0.3905888795852661,964,617
583,1,Fast,0.892597496509552,932,999
583,1,Fast,0.8894196152687073,922,838
583,1,Fast,0.6277374625205994,963,613
583,1,Fast,0.5074743628501892,853,718
584,1,Fast,0.8869005441665649,924,846
584,1,Fast,0.8824589252471924,934,1008
584,1,Fast,0.4887046813964844,854,723
585,1,Fast,0.8785831332206726,926,853
585,1,Fast,0.8211970925331116,937,1016
585,1,Fast,0.5190287232398987,1183,1068
585,1,Fast,0.36508652567863464,855,728
586,1,Fast,0.8690350651741028,929,861
586,1,Fast,0.7543047070503235,940,1026
586,1,Fast,0.7494670748710632,1176,1064
586,1,Fast,0.31107470393180847,960,604
587,1,Fast,0.869676411151886,931,867
587,1,Fast,0.715668797492981,857,738
587,1,Fast,0.6386944651603699,1166,1059
587,1,Fast,0.6133686304092407,959,600
587,1,Fast,0.5288081169128418,942,1034
588,1,Fast,0.8799651265144348,933,875
588,1,Fast,0.7483575344085693,1158,1052
588,1,Fast,0.6022080183029175,957,597
588,1,Fast,0.46000343561172485,858,743
588,1,Fast,0.34770405292510986,946,1044
589,1,Fast,0.8785431981086731,936,882
589,1,Fast,0.5588412284851074,956,593
589,1,Fast,0.5343306064605713,1155,1043
589,1,Fast,0.4749084413051605,857,746
589,1,Fast,0.4055436849594116,948,1050
590,1,Fast,0.8831673860549927,938,890
590,1,Fast,0.8649903535842896,862,753
590,1,Fast,0.6696768999099731,956,590
591,1,Fast,0.8660725355148315,942,899
591,1,Fast,0.8230149745941162,863,757
591,1,Fast,0.5308573842048645,955,587
591,1,Fast,0.3448193073272705,1145,1024
592,1,Fast,0.8778486847877502,945,907
592,1,Fast,0.793396532535553,865,761
592,1,Fast,0.7120224237442017,1140,1015
592,1,Fast,0.5750779509544373,953,584
593,1,Fast,0.878044843673706,947,915
593,1,Fast,0.8463263511657715,1135,1006
593,1,Fast,0.4635111391544342,951,581
593,1,Fast,0.3849014937877655,965,1069
593,1,Fast,0.3847683072090149,865,768
594,1,Fast,0.8877131938934326,949,923
594,1,Fast,0.8182005882263184,1130,997
594,1,Fast,0.5975987315177917,951,578
594,1,Fast,0.4962768256664276,867,774
595,1,Fast,0.8726563453674316,953,932
595,1,Fast,0.7733464241027832,868,780
595,1,Fast,0.7575913667678833,1126,989
596,1,Fast,0.8927378058433533,956,940
596,1,Fast,0.8331619501113892,869,786
596,1,Fast,0.774871289730072,1121,981
597,1,Fast,0.8596308827400208,958,949
597,1,Fast,0.7115147113800049,871,792
597,1,Fast,0.6899445652961731,1118,972
598,1,Fast,0.8685970306396484,961,958
598,1,Fast,0.7079815864562988,871,798
598,1,Fast,0.5802396535873413,1113,964
599,1,Fast,0.8544827699661255,965,967
599,1,Fast,0.8266429305076599,873,803
599,1,Fast,0.7368109822273254,1109,956
599,1,Fast,0.6046647429466248,947,563
599,1,Fast,0.42688047885894775,811,701
600,1,Fast,0.8546144366264343,875,808
600,1,Fast,0.8518173098564148,967,975
600,1,Fast,0.7575916051864624,1105,948
600,1,Fast,0.7231254577636719,812,706
600,1,Fast,0.31319302320480347,946,560
601,1,Fast,0.8389955163002014,971,985
601,1,Fast,0.8111739158630371,877,814
601,1,Fast,0.714187502861023,1102,940
601,1,Fast,0.3973650634288788,945,557
601,1,Fast,0.3548350930213928,812,709
602,1,Fast,0.8487600684165955,975,995
602,1,Fast,0.7631756663322449,879,819
602,1,Fast,0.42163321375846863,1098,933
603,1,Fast,0.8611122965812683,881,825
603,1,Fast,0.8062534332275391,978,1005
603,1,Fast,0.7184234857559204,814,719
604,1,Fast,0.8567481637001038,981,1014
604,1,Fast,0.8467725515365601,883,831
604,1,Fast,0.6058923602104187,942,548
604,1,Fast,0.4887683391571045,814,723
605,1,Fast,0.8162118792533875,884,836
605,1,Fast,0.7788944840431213,984,1025
605,1,Fast,0.35828903317451477,941,545
606,1,Fast,0.7650859951972961,988,1035
606,1,Fast,0.699051022529602,885,847
606,1,Fast,0.5429809093475342,941,542
606,1,Fast,0.42800596356391907,1084,903
607,1,Fast,0.7761574983596802,992,1045
607,1,Fast,0.7013664841651917,887,853
607,1,Fast,0.6743839383125305,940,539
607,1,Fast,0.5468931794166565,1080,895
608,1,Fast,0.8430048227310181,888,860
608,1,Fast,0.7244127988815308,939,536
608,1,Fast,0.5348613858222961,1077,888
608,1,Fast,0.3744752109050751,997,1051
609,1,Fast,0.8385220170021057,889,865
609,1,Fast,0.46741536259651184,939,535
609,1,Fast,0.4594067931175232,1073,881
610,1,Fast,0.8737972974777222,891,871
610,1,Fast,0.5856559872627258,1070,875
610,1,Fast,0.5827285051345825,938,531
611,1,Fast,0.8611279129981995,893,878
611,1,Fast,0.6001948118209839,937,529
612,1,Fast,0.8732330799102783,896,884
612,1,Fast,0.6594434976577759,937,526
612,1,Fast,0.4921986162662506,1063,860
613,1,Fast,0.8419018387794495,898,891
614,1,Fast,0.8093655705451965,901,899
614,1,Fast,0.40944159030914307,824,766
615,1,Fast,0.855423092842102,902,905
615,1,Fast,0.610813558101654,934,519
616,1,Fast,0.8516407608985901,905,911
616,1,Fast,0.48477357625961304,933,516
617,1,Fast,0.7728217840194702,906,919
617,1,Fast,0.5380048155784607,1049,828
617,1,Fast,0.45660400390625,933,513
618,1,Fast,0.7177143692970276,908,927
618,1,Fast,0.44979584217071533,1046,822
618,1,Fast,0.41660425066947937,932,512
619,1,Fast,0.8294234275817871,911,935
619,1,Fast,0.4546137750148773,1044,815
620,1,Fast,0.8511540293693542,913,943
620,1,Fast,0.4995017349720001,1041,809
621,1,Fast,0.8715510964393616,915,951
621,1,Fast,0.526534378528595,1037,803
622,1,Fast,0.8640572428703308,917,959
622,1,Fast,0.7262030243873596,1035,798
623,1,Fast,0.8774450421333313,920,967
623,1,Fast,0.6221571564674377,1032,792
624,1,Fast,0.8705093860626221,922,974
624,1,Fast,0.34316715598106384,1174,1070
625,1,Fast,0.8730788826942444,925,983
625,1,Fast,0.47736287117004395,1171,1065
626,1,Fast,0.8322967886924744,928,991
627,1,Fast,0.8536621332168579,932,1000
627,1,Fast,0.4850427210330963,838,835
627,1,Fast,0.3629414439201355,1156,1057
628,1,Fast,0.8308998942375183,934,1008
628,1,Fast,0.8093089461326599,838,841
629,1,Fast,0.7514436841011047,937,1016
629,1,Fast,0.7416692972183228,838,847
630,1,Fast,0.7630395293235779,839,853
630,1,Fast,0.4465915560722351,1016,752
631,1,Fast,0.76384037733078,841,859
631,1,Fast,0.6870319843292236,1013,747
631,1,Fast,0.33128830790519714,1136,1018
632,1,Fast,0.776351809501648,843,865
632,1,Fast,0.712029218673706,1011,742
632,1,Fast,0.4696432948112488,945,1045
633,1,Fast,0.8398961424827576,844,872
633,1,Fast,0.7859727144241333,1009,737
633,1,Fast,0.6117684245109558,948,1051
633,1,Fast,0.45052674412727356,1014,658
634,1,Fast,0.7714065313339233,845,876
634,1,Fast,0.6775886416435242,1007,731
634,1,Fast,0.5243411660194397,1124,993
634,1,Fast,0.4302385151386261,1012,653
635,1,Fast,0.6826586723327637,1005,726
635,1,Fast,0.6313765645027161,847,882
636,1,Fast,0.6447534561157227,1011,648
636,0,VRU,0.42396479845046997,1344,855
637,1,Fast,0.629344642162323,1009,644
637,0,VRU,0.436801016330719,1344,855
638,1,Fast,0.45069319009780884,1008,640
638,0,VRU,0.4333556294441223,1344,855
639,1,Fast,0.5311846733093262,996,706
639,0,VRU,0.5066404938697815,1343,855
639,1,Fast,0.4422871470451355,1007,638
640,1,Fast,0.661651611328125,855,912
640,1,Fast,0.46883171796798706,995,701
640,0,VRU,0.35578712821006775,1344,855
641,1,Fast,0.6714676022529602,993,697
641,1,Fast,0.6034706830978394,856,918
641,0,VRU,0.48633864521980286,1343,855
641,1,Fast,0.4067496657371521,1003,631
642,1,Fast,0.737484335899353,858,925
642,1,Fast,0.5836210250854492,991,692
642,0,VRU,0.5088648796081543,1345,855
643,1,Fast,0.7533635497093201,989,688
643,1,Fast,0.7426660060882568,1000,625
643,0,VRU,0.518979012966156,1345,855
643,1,Fast,0.4599527418613434,859,930
644,1,Fast,0.7913468480110168,987,683
644,1,Fast,0.6537095904350281,999,622
644,0,VRU,0.5580033659934998,1344,855
645,1,Fast,0.8367813229560852,985,678
645,1,Fast,0.7257605791091919,998,619
645,0,VRU,0.5855934619903564,1345,855
645,1,Fast,0.46953022480010986,862,943
646,1,Fast,0.8201549649238586,984,673
646,1,Fast,0.771764874458313,997,616
646,1,Fast,0.6283777952194214,863,949
646,0,VRU,0.6188036203384399,1345,855
646,1,Fast,0.41119563579559326,854,555
647,1,Fast,0.8434616923332214,982,669
647,1,Fast,0.7762212753295898,996,613
647,0,VRU,0.642955482006073,1345,855
647,1,Fast,0.6069777011871338,854,559
647,1,Fast,0.3603716790676117,866,955
648,1,Fast,0.802942156791687,980,664
648,1,Fast,0.7694920301437378,994,610
648,0,VRU,0.6020117998123169,1343,855
648,1,Fast,0.4334118366241455,855,564
648,1,Fast,0.33285942673683167,869,963
649,1,Fast,0.7235122919082642,993,608
649,1,Fast,0.7131310701370239,979,659
649,0,VRU,0.6653153896331787,1343,855
650,1,Fast,0.7882198095321655,977,656
650,0,VRU,0.6506883502006531,1343,855
650,1,Fast,0.4682311415672302,992,604
650,1,Fast,0.411077618598938,839,662
651,0,VRU,0.674160897731781,1343,855
651,1,Fast,0.6368781924247742,976,651
651,1,Fast,0.5196391940116882,991,602
651,1,Fast,0.4841839075088501,1063,864
652,0,VRU,0.6162915229797363,1343,855
652,1,Fast,0.5672236680984497,975,647
653,1,Fast,0.7149527072906494,972,643
653,0,VRU,0.6002121567726135,1343,855
653,1,Fast,0.5969784259796143,988,595
654,1,Fast,0.6199980974197388,971,638
654,0,VRU,0.5623879432678223,1343,855
655,0,VRU,0.5271517634391785,1343,855
655,1,Fast,0.5164682865142822,969,633
656,0,VRU,0.5442644953727722,1343,855
656,1,Fast,0.4983196258544922,968,629
656,1,Fast,0.3975902497768402,885,1023
657,1,Fast,0.6746869087219238,966,626
657,0,VRU,0.5135602951049805,1343,855
657,1,Fast,0.49953076243400574,986,585
657,1,Fast,0.4832776188850403,887,1029
658,1,Fast,0.6448094248771667,964,622
658,0,VRU,0.4858967363834381,1343,855
659,1,Fast,0.7137594819068909,964,618
659,1,Fast,0.710217297077179,984,579
659,0,VRU,0.4106731712818146,1343,855
660,1,Fast,0.6088296175003052,963,614
660,0,VRU,0.4099920094013214,1344,855
661,1,Fast,0.7547642588615417,982,574
661,1,Fast,0.697605311870575,962,611
661,0,VRU,0.40001487731933594,1344,856
662,1,Fast,0.4565432071685791,960,606
662,0,VRU,0.4310583174228668,1344,856
662,1,Fast,0.38335156440734863,981,572
663,0,VRU,0.49165329337120056,1344,856
663,1,Fast,0.4657016396522522,979,570
664,1,Fast,0.6560949087142944,978,566
664,1,Fast,0.4851858913898468,958,600
664,0,VRU,0.4120996296405792,1343,856
665,0,VRU,0.5233879685401917,1344,856
665,1,Fast,0.43836066126823425,956,596
666,1,Fast,0.6115618348121643,954,592
666,0,VRU,0.49858903884887695,1344,856
666,1,Fast,0.40096694231033325,976,562
667,0,VRU,0.5705116987228394,1343,855
667,1,Fast,0.5568966865539551,953,588
668,1,Fast,0.6768631339073181,974,557
668,1,Fast,0.6111922860145569,952,585
668,1,Fast,0.5719138979911804,1016,659
668,0,VRU,0.49245011806488037,1343,855
669,1,Fast,0.7614502906799316,951,582
669,1,Fast,0.6880037188529968,973,554
669,0,VRU,0.5315983891487122,1343,855
669,1,Fast,0.46315211057662964,1014,656
670,1,Fast,0.7276796102523804,949,578
670,1,Fast,0.6527279615402222,1013,653
670,0,VRU,0.5312694907188416,1343,855
671,1,Fast,0.7598029971122742,948,575
671,1,Fast,0.6058443188667297,971,549
671,0,VRU,0.5129616260528564,1343,855
672,1,Fast,0.5774553418159485,948,571
672,0,VRU,0.4456793963909149,1343,855
672,1,Fast,0.43733251094818115,971,547
673,1,Fast,0.6186283826828003,948,567
673,1,Fast,0.6164922118186951,1010,642
673,0,VRU,0.4564242362976074,1343,855
674,1,Fast,0.6569862961769104,1008,640
674,1,Fast,0.5153383612632751,947,564
674,0,VRU,0.5093346834182739,1343,855
674,1,Fast,0.33068203926086426,969,542
675,0,VRU,0.5990676283836365,1343,855
675,1,Fast,0.5970325469970703,945,561
675,1,Fast,0.5528337359428406,1007,637
675,1,Fast,0.35394248366355896,968,538
676,1,Fast,0.4747360646724701,1006,634
676,1,Fast,0.47334998846054077,944,558
676,0,VRU,0.45700204372406006,1343,856
677,1,Fast,0.6710907220840454,943,554
677,1,Fast,0.6543364524841309,1004,632
677,0,VRU,0.400796115398407,1343,856
678,1,Fast,0.6430447697639465,1003,629
678,1,Fast,0.38242340087890625,964,532
678,0,VRU,0.3765143156051636,1343,856
678,2,Slow,0.3712243139743805,996,710
678,1,Fast,0.3375375270843506,942,551
679,1,Fast,0.7465401887893677,941,548
679,1,Fast,0.5762012600898743,1001,626
679,0,VRU,0.5136296153068542,1343,856
680,1,Fast,0.8086965084075928,1000,622
680,1,Fast,0.7138276100158691,940,544
680,0,VRU,0.535118579864502,1343,855
680,1,Fast,0.37970876693725586,1111,1054
681,1,Fast,0.7348639965057373,999,619
681,1,Fast,0.541715681552887,940,541
681,1,Fast,0.5080474019050598,1105,1048
681,0,VRU,0.4719400107860565,1343,855
681,2,Slow,0.42769038677215576,990,696
682,1,Fast,0.7198218107223511,998,616
682,1,Fast,0.6697842478752136,939,538
682,2,Slow,0.627021849155426,989,692
682,1,Fast,0.5575709939002991,960,521
682,0,VRU,0.4438360631465912,1343,855
683,2,Slow,0.7655789852142334,987,686
683,1,Fast,0.7582593560218811,937,535
683,1,Fast,0.5311355590820312,997,614
683,0,VRU,0.32676446437835693,1343,856
684,2,Slow,0.8270431160926819,986,682
684,1,Fast,0.7729883790016174,996,610
684,1,Fast,0.6603067517280579,936,532
684,0,VRU,0.48318445682525635,1343,855
684,1,Fast,0.3789397180080414,1089,1013
684,1,Fast,0.342556357383728,1018,839
685,2,Slow,0.8019476532936096,984,677
685,1,Fast,0.671893298625946,935,529
685,0,VRU,0.4444288909435272,1343,855
685,1,Fast,0.4039803445339203,1085,1003
686,2,Slow,0.7921685576438904,982,672
686,1,Fast,0.5536313652992249,935,526
686,1,Fast,0.49703270196914673,1012,824
686,1,Fast,0.47045791149139404,958,512
686,1,Fast,0.4519878029823303,993,604
686,0,VRU,0.4270774722099304,1343,855
686,1,Fast,0.4172251224517822,1080,993
687,1,Fast,0.6377557516098022,1076,983
687,2,Slow,0.6258254647254944,981,668
687,1,Fast,0.5983408093452454,934,522
687,0,VRU,0.4724460244178772,1343,855
687,2,Slow,0.30087634921073914,957,509
688,2,Slow,0.7397233247756958,979,664
688,1,Fast,0.7279309034347534,933,520
688,1,Fast,0.5517643094062805,1006,811
688,1,Fast,0.46898630261421204,991,598
688,1,Fast,0.3742891550064087,1072,976
688,0,VRU,0.3662567436695099,1343,854
688,2,Slow,0.30342188477516174,956,507
689,2,Slow,0.7641435861587524,977,660
689,2,Slow,0.4988345801830292,823,553
689,1,Fast,0.4368610680103302,1003,804
689,1,Fast,0.3899938464164734,932,517
689,1,Fast,0.3776942193508148,895,889
689,0,VRU,0.35893523693084717,1343,855
689,2,Slow,0.3566746413707733,955,505
689,1,Fast,0.3436987102031708,1068,965
690,2,Slow,0.7135314345359802,975,656
690,1,Fast,0.5330972075462341,931,514
690,2,Slow,0.4218611717224121,824,555
690,1,Fast,0.4020565450191498,1063,956
690,1,Fast,0.4019034802913666,897,896
690,0,VRU,0.3604191243648529,1343,855
690,2,Slow,0.34381192922592163,955,503
690,2,Slow,0.30204275250434875,988,593
691,2,Slow,0.7252824306488037,973,651
691,1,Fast,0.6254199743270874,900,903
691,2,Slow,0.40494924783706665,988,590
691,0,VRU,0.34841388463974,1343,854
692,2,Slow,0.6828237175941467,972,646
692,2,Slow,0.5198972225189209,987,587
692,1,Fast,0.40537598729133606,902,910
693,2,Slow,0.6212748289108276,972,642
694,2,Slow,0.7052727937698364,970,639
694,1,Fast,0.6102009415626526,1047,919
694,2,Slow,0.4125683307647705,826,568
694,2,Slow,0.3083305358886719,985,582
695,2,Slow,0.7679863572120667,968,634
695,1,Fast,0.6826202273368835,1044,911
695,1,Fast,0.4748935103416443,985,580
696,1,Fast,0.8101434707641602,983,578
696,1,Fast,0.6283735632896423,1041,903
696,1,Fast,0.5342515707015991,985,758
696,2,Slow,0.5178065896034241,967,630
697,2,Slow,0.7801875472068787,965,627
697,1,Fast,0.5037474036216736,928,495
697,1,Fast,0.4724483788013458,1037,894
697,1,Fast,0.37888801097869873,982,752
697,1,Fast,0.3449128270149231,983,576
697,1,Fast,0.3173236846923828,913,948
698,2,Slow,0.7861835956573486,964,622
698,1,Fast,0.5232676267623901,982,572
699,2,Slow,0.7604342699050903,963,618
699,1,Fast,0.4959953725337982,978,740
700,2,Slow,0.7299655675888062,961,615
700,1,Fast,0.4542634189128876,976,735
700,1,Fast,0.39464378356933594,950,482
701,2,Slow,0.535872220993042,960,612
701,1,Fast,0.3831457197666168,974,729
702,2,Slow,0.6049662828445435,959,607
702,1,Fast,0.49961352348327637,1020,854
702,1,Fast,0.4893352687358856,831,597
702,1,Fast,0.3737177550792694,972,722
702,2,Slow,0.3269879221916199,979,563
703,2,Slow,0.7431252598762512,958,603
703,1,Fast,0.6255249977111816,929,1002
703,1,Fast,0.4783032238483429,832,601
703,1,Fast,0.4541569650173187,1018,847
704,2,Slow,0.753520667552948,957,600
704,1,Fast,0.6222923398017883,932,1011
704,1,Fast,0.3040856719017029,1014,840
705,2,Slow,0.782387912273407,955,597
705,1,Fast,0.4633605480194092,1011,833
705,1,Fast,0.3940045237541199,851,555
705,2,Slow,0.3771691620349884,948,475
706,2,Slow,0.765718936920166,954,593
706,1,Fast,0.49927660822868347,852,558
706,1,Fast,0.3563372790813446,938,1030
706,1,Fast,0.3261955678462982,1008,826
707,2,Slow,0.7676316499710083,954,589
707,1,Fast,0.5633835792541504,853,562
707,1,Fast,0.562389612197876,947,469
707,1,Fast,0.46041497588157654,962,695
707,1,Fast,0.4514622688293457,941,1041
707,1,Fast,0.30508658289909363,920,470
708,1,Fast,0.7214184999465942,959,689
708,2,Slow,0.6124065518379211,953,585
708,1,Fast,0.5433687567710876,947,468
708,1,Fast,0.42565301060676575,1003,811
708,1,Fast,0.413232684135437,1119,959
709,1,Fast,0.7991139888763428,958,684
709,2,Slow,0.7035556435585022,951,582
709,1,Fast,0.49569448828697205,947,466
709,1,Fast,0.33382466435432434,854,571
709,1,Fast,0.30093201994895935,1000,805
710,1,Fast,0.767985463142395,957,679
710,2,Slow,0.7432569861412048,949,579
710,1,Fast,0.5645463466644287,947,465
710,1,Fast,0.33192023634910583,1123,1069
710,1,Fast,0.30645203590393066,1065,949
711,2,Slow,0.7376934885978699,949,575
711,1,Fast,0.6439365744590759,955,674
711,1,Fast,0.44934284687042236,855,578
711,1,Fast,0.41225558519363403,946,463
711,1,Fast,0.37835365533828735,971,542
712,2,Slow,0.7069979310035706,948,572
712,1,Fast,0.6547800302505493,953,669
712,1,Fast,0.5641800761222839,856,582
712,1,Fast,0.40511494874954224,946,461
713,2,Slow,0.5878116488456726,839,643
713,1,Fast,0.563048779964447,992,777
713,1,Fast,0.4787767827510834,856,586
713,2,Slow,0.43596693873405457,946,569
713,1,Fast,0.42899107933044434,951,664
713,1,Fast,0.41595005989074707,945,460
713,1,Fast,0.4053032398223877,1105,1050
714,1,Fast,0.6613872051239014,857,588
714,2,Slow,0.5516220331192017,840,646
714,1,Fast,0.41306933760643005,1100,1038
714,1,Fast,0.3608485758304596,950,658
715,1,Fast,0.7092756628990173,948,654
715,2,Slow,0.48159000277519226,944,562
715,2,Slow,0.40714508295059204,841,651
715,1,Fast,0.4042593538761139,986,764
715,1,Fast,0.3788045346736908,857,592
716,1,Fast,0.6702264547348022,1089,1017
716,1,Fast,0.638303279876709,946,650
716,2,Slow,0.5494274497032166,842,655
716,2,Slow,0.46954345703125,942,559
716,1,Fast,0.3550899624824524,1042,898
717,1,Fast,0.8125516176223755,1085,1006
717,1,Fast,0.6641517877578735,944,645
717,2,Slow,0.5837227702140808,942,556
717,2,Slow,0.3500310778617859,842,659
717,1,Fast,0.3485487699508667,1039,889
718,1,Fast,0.8050016164779663,1080,997
718,1,Fast,0.629803478717804,979,746
718,2,Slow,0.47349831461906433,941,552
718,1,Fast,0.3486139476299286,1035,882
719,1,Fast,0.8004316091537476,1076,988
719,2,Slow,0.7313459515571594,941,550
719,1,Fast,0.5232780575752258,941,636
719,1,Fast,0.36212465167045593,976,740
719,1,Fast,0.34572142362594604,943,448
720,1,Fast,0.7697075009346008,974,734
720,1,Fast,0.7463932633399963,1071,979
720,2,Slow,0.7140504121780396,940,547
720,1,Fast,0.7044721841812134,863,615
720,1,Fast,0.6191240549087524,939,631
720,1,Fast,0.390722393989563,942,447
721,2,Slow,0.7366847991943359,939,543
721,1,Fast,0.6932401657104492,1067,968
721,1,Fast,0.5733440518379211,1025,858
721,1,Fast,0.5482072830200195,863,618
721,1,Fast,0.36057502031326294,938,627
722,1,Fast,0.610740065574646,1063,959
722,2,Slow,0.5820433497428894,938,540
723,2,Slow,0.736168384552002,937,537
723,1,Fast,0.7130497097969055,864,626
723,1,Fast,0.5985897779464722,1020,843
723,1,Fast,0.5733924508094788,1059,949
723,1,Fast,0.36400270462036133,1072,862
723,1,Fast,0.3323330581188202,1182,1064
723,1,Fast,0.3271329998970032,848,688
724,2,Slow,0.712101936340332,936,534
724,1,Fast,0.7000642418861389,866,631
724,1,Fast,0.6767824292182922,1056,940
724,1,Fast,0.4632174074649811,849,691
725,2,Slow,0.7088617086410522,935,530
725,1,Fast,0.6261704564094543,867,635
725,1,Fast,0.3821236789226532,1013,829
725,1,Fast,0.3632928729057312,1051,932
725,2,Slow,0.3241313397884369,850,696
726,1,Fast,0.7816576361656189,930,605
726,1,Fast,0.7143436074256897,868,639
726,2,Slow,0.616611897945404,934,527
726,1,Fast,0.48638206720352173,1047,923
726,1,Fast,0.4253807067871094,851,702
726,1,Fast,0.3620450794696808,1163,1045
726,1,Fast,0.3161250948905945,1010,821
727,1,Fast,0.7355093955993652,1159,1037
727,1,Fast,0.7172514200210571,852,707
727,1,Fast,0.6826854944229126,929,602
727,1,Fast,0.631554365158081,870,645
727,1,Fast,0.578422486782074,1043,915
727,1,Fast,0.5519982576370239,1007,815
727,2,Slow,0.5292258858680725,933,525
728,1,Fast,0.7410358190536499,1155,1028
728,1,Fast,0.7405173778533936,1004,807
728,1,Fast,0.7227053642272949,852,712
728,1,Fast,0.6788407564163208,871,651
728,1,Fast,0.5787011981010437,1040,906
728,1,Fast,0.5313602089881897,928,598
728,2,Slow,0.48806753754615784,933,521
728,1,Fast,0.4028238356113434,958,689
729,1,Fast,0.8268014192581177,1150,1019
729,1,Fast,0.7465763092041016,1036,897
729,1,Fast,0.6835371255874634,1001,801
729,1,Fast,0.555707573890686,873,655
729,1,Fast,0.4218778908252716,853,717
729,1,Fast,0.40510162711143494,955,683
729,2,Slow,0.393587589263916,931,519
729,1,Fast,0.3780010938644409,926,592
730,1,Fast,0.8312092423439026,1146,1012
730,1,Fast,0.7804363965988159,1033,889
730,1,Fast,0.716713011264801,999,794
730,1,Fast,0.5536924004554749,854,722
730,2,Slow,0.49803638458251953,932,516
730,1,Fast,0.43757352232933044,925,588
730,1,Fast,0.36602091789245605,1053,820
731,1,Fast,0.8375521898269653,1142,1004
731,1,Fast,0.8077596426010132,1029,880
731,1,Fast,0.7398439645767212,996,788
731,1,Fast,0.6281214356422424,874,664
731,1,Fast,0.6105432510375977,855,727
731,2,Slow,0.5295703411102295,931,513
731,1,Fast,0.48270368576049805,1049,815
732,1,Fast,0.735297441482544,1026,873
732,1,Fast,0.7276433110237122,1138,996
732,1,Fast,0.6442194581031799,994,780
732,1,Fast,0.6121746897697449,857,732
732,1,Fast,0.5828254818916321,875,669
732,2,Slow,0.5102183818817139,930,508
732,1,Fast,0.4727412462234497,1048,810
733,1,Fast,0.7900710105895996,1023,864
733,1,Fast,0.7357903122901917,1046,804
733,1,Fast,0.6839905381202698,992,774
733,1,Fast,0.6145756244659424,858,737
733,1,Fast,0.5931304097175598,1134,988
733,2,Slow,0.5869811773300171,930,506
734,1,Fast,0.7478370666503906,1020,857
734,1,Fast,0.7107447981834412,859,742
734,1,Fast,0.5731320381164551,1130,981
734,2,Slow,0.5533328652381897,929,503
734,1,Fast,0.5351287722587585,990,767
734,1,Fast,0.49014171957969666,1044,800
734,1,Fast,0.4504871070384979,948,656
735,1,Fast,0.8452868461608887,1016,849
735,1,Fast,0.7966545224189758,861,748
735,2,Slow,0.5782740116119385,928,500
735,1,Fast,0.5076812505722046,1126,974
735,1,Fast,0.3460617959499359,987,761
736,1,Fast,0.8143684267997742,1013,842
736,1,Fast,0.7034388184547424,985,755
736,1,Fast,0.568023681640625,862,754
736,2,Slow,0.5343818664550781,927,496
737,1,Fast,0.8539953231811523,1010,834
737,1,Fast,0.8108030557632446,864,760
737,1,Fast,0.4900026321411133,1120,959
737,1,Fast,0.3962169289588928,984,749
738,1,Fast,0.8277516961097717,1007,828
738,1,Fast,0.7847239971160889,864,766
738,1,Fast,0.5257074236869812,981,743
738,2,Slow,0.5173951387405396,926,492
738,1,Fast,0.3995406925678253,1034,777
738,1,Fast,0.3836212158203125,1116,951
739,1,Fast,0.8068336248397827,865,772
739,1,Fast,0.8065385222434998,1005,820
739,1,Fast,0.5295313596725464,978,736
739,1,Fast,0.5065966844558716,1113,944
740,1,Fast,0.7793195247650146,867,778
740,1,Fast,0.734721839427948,1002,813
740,1,Fast,0.604951024055481,976,731
740,2,Slow,0.4314524829387665,925,487
740,1,Fast,0.41371700167655945,936,414
740,1,Fast,0.37832561135292053,887,710
741,1,Fast,0.850515604019165,999,806
741,1,Fast,0.7530118227005005,868,785
741,1,Fast,0.6400125026702881,974,725
741,1,Fast,0.6023074388504028,935,412
741,2,Slow,0.5411118865013123,924,484
741,1,Fast,0.3797978162765503,936,624
742,1,Fast,0.8545889854431152,997,799
742,1,Fast,0.7731143832206726,870,790
742,2,Slow,0.6110291481018066,935,620
742,1,Fast,0.5594150424003601,935,411
742,2,Slow,0.4302782416343689,923,481
743,1,Fast,0.7751725912094116,993,792
743,2,Slow,0.5789332389831543,871,796
743,1,Fast,0.5227113962173462,969,713
743,1,Fast,0.4844667613506317,935,410
743,1,Fast,0.4152633249759674,1099,916
743,1,Fast,0.38453322649002075,892,726
743,1,Fast,0.3659185767173767,912,538
743,2,Slow,0.33461451530456543,934,614
743,1,Fast,0.3120472729206085,1022,753
743,1,Fast,0.3064066469669342,871,796
744,1,Fast,0.6490963101387024,967,708
744,1,Fast,0.6226838827133179,893,732
744,2,Slow,0.5718518495559692,923,476
744,2,Slow,0.4668223559856415,990,785
744,1,Fast,0.46579062938690186,872,802
745,1,Fast,0.649914562702179,988,779
745,1,Fast,0.6020339131355286,874,809
745,1,Fast,0.5416826605796814,895,737
745,1,Fast,0.5405790209770203,964,701
745,2,Slow,0.5041464567184448,922,474
745,2,Slow,0.30993103981018066,932,606
746,1,Fast,0.8018172979354858,876,815
746,1,Fast,0.7099131941795349,986,772
746,1,Fast,0.49581754207611084,947,468
746,1,Fast,0.4560253322124481,962,696
746,2,Slow,0.3692440092563629,931,601
747,1,Fast,0.67913818359375,960,691
747,1,Fast,0.6282122731208801,982,766
747,1,Fast,0.6213775277137756,878,822
747,1,Fast,0.6080632209777832,1086,890
747,2,Slow,0.5834448337554932,928,598
747,1,Fast,0.4816236197948456,948,466
747,2,Slow,0.42971351742744446,922,468
748,2,Slow,0.7407432794570923,927,593
748,1,Fast,0.7017490267753601,879,829
748,1,Fast,0.6364223957061768,958,685
748,2,Slow,0.6176673173904419,880,829
748,1,Fast,0.494684636592865,1082,884
748,2,Slow,0.41493451595306396,980,759
748,2,Slow,0.31693264842033386,921,465
749,1,Fast,0.8121234178543091,881,836
749,1,Fast,0.7491726875305176,1126,1066
749,2,Slow,0.7347958087921143,927,589
749,1,Fast,0.7095054388046265,957,680
749,2,Slow,0.5730095505714417,978,753
749,1,Fast,0.4095120131969452,946,463
749,1,Fast,0.3797314465045929,1079,878
750,1,Fast,0.8371633887290955,883,843
750,1,Fast,0.7962584495544434,1123,1060
750,2,Slow,0.7188658714294434,976,747
750,1,Fast,0.6956914663314819,955,675
750,1,Fast,0.507209300994873,1076,871
750,1,Fast,0.4549805819988251,1228,1057
750,2,Slow,0.3242395520210266,926,585
751,1,Fast,0.8464012145996094,885,849
751,1,Fast,0.8122997283935547,1118,1054
751,1,Fast,0.7798255681991577,954,669
751,2,Slow,0.7511196136474609,974,742
751,1,Fast,0.6348707675933838,1220,1051
751,2,Slow,0.582217812538147,926,581
751,1,Fast,0.33643820881843567,1006,714
752,1,Fast,0.8511546850204468,886,856
752,1,Fast,0.8172462582588196,1112,1043
752,2,Slow,0.801631510257721,971,734
752,1,Fast,0.7197532653808594,952,665
752,1,Fast,0.691386878490448,1216,1042
752,1,Fast,0.628063976764679,1070,859
752,2,Slow,0.40512049198150635,923,577
752,1,Fast,0.32362106442451477,923,577
753,1,Fast,0.8329887986183167,888,863
753,2,Slow,0.8259261250495911,969,728
753,1,Fast,0.7551960945129395,951,659
753,1,Fast,0.670049786567688,1212,1035
753,1,Fast,0.6552679538726807,1106,1031
753,1,Fast,0.484079509973526,1068,852
753,1,Fast,0.46487995982170105,923,572
754,1,Fast,0.8508918881416321,890,870
754,1,Fast,0.8330318927764893,950,655
754,2,Slow,0.8122935891151428,967,722
754,1,Fast,0.7265210747718811,1100,1021
754,1,Fast,0.6379445195198059,1207,1026
754,2,Slow,0.5663216710090637,921,568
755,1,Fast,0.8548088669776917,892,877
755,2,Slow,0.8309457302093506,965,717
755,1,Fast,0.8055504560470581,948,650
755,1,Fast,0.6655088663101196,1203,1019
755,1,Fast,0.6603168249130249,1094,1010
755,1,Fast,0.46620097756385803,915,799
755,1,Fast,0.3814202547073364,920,565
756,2,Slow,0.8325578570365906,963,712
756,1,Fast,0.6893693208694458,894,883
756,1,Fast,0.6672645807266235,946,645
756,1,Fast,0.6420963406562805,917,804
756,1,Fast,0.5836787223815918,918,561
756,2,Slow,0.5280107855796814,894,883
756,1,Fast,0.4976668059825897,1199,1011
756,1,Fast,0.3875357210636139,843,662
756,1,Fast,0.3814197778701782,1090,1001
756,1,Fast,0.356283038854599,999,693
756,1,Fast,0.3463953137397766,1060,835
757,1,Fast,0.7927154302597046,944,641
757,2,Slow,0.7380412220954895,897,891
757,2,Slow,0.6926050782203674,961,705
757,1,Fast,0.6757451891899109,919,811
757,1,Fast,0.5290466547012329,1194,1003
757,1,Fast,0.5223649144172668,1086,992
757,1,Fast,0.515086829662323,1057,829
757,1,Fast,0.453291654586792,897,890
757,2,Slow,0.42346757650375366,917,557
758,1,Fast,0.819772481918335,899,899
758,1,Fast,0.7546815276145935,943,636
758,1,Fast,0.7528526782989502,1081,981
758,1,Fast,0.7503966689109802,1190,995
758,1,Fast,0.6115840673446655,959,700
758,1,Fast,0.5554973483085632,922,820
758,2,Slow,0.44021210074424744,931,387
758,1,Fast,0.43029943108558655,916,554
758,1,Fast,0.37889596819877625,1054,822
758,2,Slow,0.33929550647735596,959,700
759,1,Fast,0.8612539172172546,902,906
759,1,Fast,0.8219225406646729,1078,972
759,1,Fast,0.8146597743034363,1186,987
759,1,Fast,0.6023199558258057,942,631
759,1,Fast,0.5706221461296082,924,827
759,2,Slow,0.5629802942276001,931,386
759,1,Fast,0.5604034662246704,957,695
759,2,Slow,0.45059072971343994,914,442
759,2,Slow,0.41556620597839355,957,695
760,1,Fast,0.8434678316116333,1182,980
760,1,Fast,0.8016930222511292,956,689
760,1,Fast,0.7956950068473816,904,914
760,1,Fast,0.6544898152351379,1073,964
760,2,Slow,0.5378701090812683,931,384
760,1,Fast,0.5262913703918457,992,676
760,2,Slow,0.4433579742908478,904,914
760,1,Fast,0.43108922243118286,940,626
760,2,Slow,0.40104758739471436,914,439
761,1,Fast,0.8732437491416931,954,683
761,1,Fast,0.8089287877082825,1179,974
761,1,Fast,0.8024309873580933,906,922
761,1,Fast,0.6856706142425537,990,672
761,2,Slow,0.5048983693122864,931,384
761,1,Fast,0.44221705198287964,1068,954
761,1,Fast,0.30901211500167847,938,622
762,1,Fast,0.8672475218772888,909,929
762,1,Fast,0.8541141748428345,951,677
762,1,Fast,0.8007790446281433,1065,945
762,1,Fast,0.7800485491752625,1174,966
762,1,Fast,0.5638195276260376,931,848
762,2,Slow,0.45076069235801697,931,382
762,1,Fast,0.3940087556838989,989,668
763,1,Fast,0.8634167909622192,1170,959
763,1,Fast,0.8419073820114136,950,673
763,1,Fast,0.8211550712585449,911,938
763,1,Fast,0.7136846780776978,935,612
763,1,Fast,0.6891304850578308,1061,937
763,1,Fast,0.6143127083778381,1042,796
763,1,Fast,0.6103913187980652,987,664
763,2,Slow,0.5120704174041748,913,433
763,1,Fast,0.4880448579788208,934,855
764,1,Fast,0.8447507619857788,949,668
764,1,Fast,0.833106279373169,913,946
764,1,Fast,0.8239036798477173,1166,952
764,1,Fast,0.8152135014533997,934,608
764,1,Fast,0.7306432723999023,987,659
764,1,Fast,0.6178596615791321,936,863
764,1,Fast,0.5665914416313171,1039,790
764,2,Slow,0.5052098631858826,912,531
764,2,Slow,0.39450228214263916,913,431
765,1,Fast,0.8674558997154236,1163,945
765,1,Fast,0.8288819193840027,933,605
765,1,Fast,0.8072141408920288,985,654
765,1,Fast,0.7611649036407471,915,955
765,1,Fast,0.658111572265625,947,662
765,1,Fast,0.6437750458717346,1053,919
765,1,Fast,0.41044703125953674,938,870
765,1,Fast,0.3433303236961365,1036,785
766,1,Fast,0.8273535370826721,1159,938
766,1,Fast,0.8164660930633545,983,651
766,1,Fast,0.7153251767158508,932,600
766,1,Fast,0.6896455883979797,919,963
766,1,Fast,0.6748030781745911,946,657
766,1,Fast,0.5130228400230408,897,467
766,2,Slow,0.45601344108581543,910,525
767,1,Fast,0.8812954425811768,1156,931
767,1,Fast,0.8284094333648682,944,652
767,1,Fast,0.7459012269973755,981,648
767,1,Fast,0.7017256617546082,931,597
767,2,Slow,0.5228809714317322,908,522
767,1,Fast,0.3516876995563507,1032,774
768,1,Fast,0.7230983376502991,929,592
768,1,Fast,0.7172206044197083,1152,926
768,1,Fast,0.6916598677635193,979,645
768,1,Fast,0.6550660133361816,1030,768
768,1,Fast,0.6430307626724243,942,648
768,1,Fast,0.4812201261520386,947,895
768,2,Slow,0.44408586621284485,908,518
769,1,Fast,0.7436016798019409,1148,919
769,1,Fast,0.7040170431137085,978,642
769,1,Fast,0.6499688029289246,940,643
769,1,Fast,0.6244882941246033,929,588
769,2,Slow,0.5850796103477478,907,515
769,1,Fast,0.510209321975708,1028,764
769,1,Fast,0.44279342889785767,1039,887
769,1,Fast,0.3759399950504303,857,723
769,1,Fast,0.3078245520591736,951,903
770,1,Fast,0.7763544917106628,939,638
770,1,Fast,0.77099609375,927,583
770,1,Fast,0.7447386384010315,977,638
770,2,Slow,0.7106953263282776,906,511
770,1,Fast,0.6840493083000183,1025,759
770,1,Fast,0.6229773163795471,1144,912
770,1,Fast,0.37678781151771545,1035,878
770,1,Fast,0.3593007028102875,929,999
771,1,Fast,0.7492631673812866,937,633
771,1,Fast,0.7468191981315613,926,580
771,1,Fast,0.7298168540000916,1023,754
771,2,Slow,0.7257025241851807,905,508
771,1,Fast,0.7053874135017395,976,634
771,1,Fast,0.4426397681236267,1140,906
772,2,Slow,0.7832977175712585,904,505
772,1,Fast,0.7441192269325256,936,629
772,1,Fast,0.6963131427764893,973,631
772,1,Fast,0.6839590072631836,1021,749
772,1,Fast,0.6827671527862549,1137,899
772,1,Fast,0.6811379790306091,960,929
772,1,Fast,0.6692197918891907,925,575
772,1,Fast,0.31664323806762695,933,1017
773,1,Fast,0.7610111236572266,973,627
773,2,Slow,0.7603731155395508,904,501
773,1,Fast,0.7206964492797852,937,1027
773,1,Fast,0.6574143171310425,1019,745
773,2,Slow,0.6445463299751282,934,624
773,1,Fast,0.5416120290756226,962,938
773,1,Fast,0.4937003552913666,924,571
773,1,Fast,0.47389280796051025,1134,893
774,1,Fast,0.8373980522155762,971,623
774,1,Fast,0.7996398210525513,1130,887
774,1,Fast,0.7879183888435364,923,567
774,1,Fast,0.7824512124061584,965,948
774,1,Fast,0.7784669399261475,1017,740
774,1,Fast,0.7131404280662537,933,619
774,2,Slow,0.5415604114532471,903,499
774,2,Slow,0.4024515450000763,940,1033
775,1,Fast,0.8090536594390869,971,620
775,1,Fast,0.799676775932312,932,615
775,1,Fast,0.6536012291908264,922,564
775,1,Fast,0.6157205104827881,969,956
775,1,Fast,0.5765188932418823,1128,882
775,1,Fast,0.538529634475708,1110,1054
775,1,Fast,0.3192221224308014,1015,735
775,2,Slow,0.31610074639320374,903,495
776,1,Fast,0.8450095057487488,930,610
776,1,Fast,0.7656466364860535,972,966
776,1,Fast,0.719958484172821,969,616
776,1,Fast,0.702518880367279,921,561
776,1,Fast,0.6274060606956482,1123,876
776,1,Fast,0.5172146558761597,1013,731
777,1,Fast,0.8125497102737427,1120,870
777,1,Fast,0.8059265613555908,929,606
777,1,Fast,0.7725110650062561,975,975
777,1,Fast,0.600307822227478,967,612
777,1,Fast,0.5871661305427551,1011,726
777,1,Fast,0.3758569061756134,1011,827
777,2,Slow,0.3278132975101471,910,406
778,1,Fast,0.8114653825759888,927,602
778,1,Fast,0.7619656920433044,967,608
778,1,Fast,0.6281788945198059,1117,864
778,1,Fast,0.6231386065483093,1009,721
778,1,Fast,0.5827718377113342,918,553
778,2,Slow,0.4507286250591278,900,487
778,1,Fast,0.41703030467033386,978,986
778,1,Fast,0.379766047000885,869,772
778,1,Fast,0.31547653675079346,1095,1022
779,1,Fast,0.7989427447319031,927,597
779,1,Fast,0.7783768773078918,1113,858
779,1,Fast,0.7352513670921326,965,604
779,1,Fast,0.5949475169181824,870,778
779,1,Fast,0.5597039461135864,1007,717
779,1,Fast,0.4582686722278595,1089,1012
779,1,Fast,0.42768019437789917,918,549
779,2,Slow,0.3652496933937073,900,484
780,1,Fast,0.7997623682022095,926,593
780,1,Fast,0.7210761904716492,1111,852
780,1,Fast,0.7072029709815979,916,545
780,1,Fast,0.661670982837677,871,784
780,1,Fast,0.660601019859314,965,601
780,1,Fast,0.6310476064682007,1005,712
780,2,Slow,0.451918363571167,900,480
780,1,Fast,0.31804877519607544,1084,1003
781,1,Fast,0.8175227046012878,925,589
781,1,Fast,0.7163310050964355,964,598
781,1,Fast,0.6985206604003906,915,542
781,1,Fast,0.5797698497772217,990,1016
781,1,Fast,0.567426860332489,1004,707
781,1,Fast,0.5578293204307556,1107,847
781,1,Fast,0.3821171224117279,873,790
782,1,Fast,0.7731631994247437,923,585
782,1,Fast,0.7449216842651367,1075,982
782,1,Fast,0.7402375936508179,962,596
782,1,Fast,0.6729622483253479,1001,703
782,1,Fast,0.6628679037094116,913,538
782,1,Fast,0.5323952436447144,1105,842
782,1,Fast,0.45305487513542175,874,796
782,1,Fast,0.3340791165828705,993,1027
783,1,Fast,0.8079204559326172,922,581
783,1,Fast,0.7338152527809143,999,699
783,1,Fast,0.6639668941497803,960,593
783,1,Fast,0.4701307713985443,1070,974
783,1,Fast,0.43203893303871155,876,802
783,1,Fast,0.3385612964630127,913,535
783,1,Fast,0.3329605460166931,998,1038
784,1,Fast,0.8385871052742004,921,578
784,1,Fast,0.8001174330711365,997,695
784,1,Fast,0.7560678124427795,912,531
784,1,Fast,0.7023016214370728,1099,830
784,1,Fast,0.5763561725616455,960,590
784,1,Fast,0.3582063317298889,890,422
784,1,Fast,0.3240908086299896,1067,965
784,2,Slow,0.3145512342453003,897,470
785,1,Fast,0.8369073867797852,920,573
785,1,Fast,0.8163965344429016,995,690
785,1,Fast,0.7762584090232849,1096,825
785,1,Fast,0.6914442777633667,911,528
785,1,Fast,0.5475375652313232,1062,954
785,1,Fast,0.4511420726776123,890,420
785,1,Fast,0.44443002343177795,958,586
786,1,Fast,0.8412290215492249,994,686
786,1,Fast,0.7898408770561218,919,569
786,1,Fast,0.7225526571273804,1093,820
786,1,Fast,0.6640711426734924,958,584
786,1,Fast,0.6584299206733704,910,524
786,1,Fast,0.6044189929962158,882,820
786,1,Fast,0.5441949367523193,988,768
786,1,Fast,0.39608094096183777,1058,945
787,1,Fast,0.8552166223526001,992,683
787,1,Fast,0.8320211172103882,918,565
787,1,Fast,0.7694123983383179,957,580
787,1,Fast,0.5909544229507446,1054,935
787,1,Fast,0.5443047285079956,884,826
787,1,Fast,0.40579283237457275,985,762
787,1,Fast,0.3368881642818451,910,520
788,1,Fast,0.8228409886360168,917,562
788,1,Fast,0.7465741038322449,991,679
788,1,Fast,0.6947000622749329,956,577
788,1,Fast,0.5317579507827759,1050,927
788,2,Slow,0.39065462350845337,982,756
788,1,Fast,0.3591671288013458,1088,809
789,1,Fast,0.7887008190155029,915,558
789,1,Fast,0.7409607768058777,989,674
789,1,Fast,0.7276630401611328,1046,918
789,1,Fast,0.5583154559135437,980,749
789,1,Fast,0.5231829285621643,955,573
789,1,Fast,0.3291812837123871,889,411
790,1,Fast,0.7618275880813599,1043,910
790,1,Fast,0.734627366065979,987,670
790,1,Fast,0.7241122722625732,914,554
790,1,Fast,0.7099899649620056,978,745
790,1,Fast,0.6809394955635071,953,571
790,1,Fast,0.6344555616378784,888,846
790,2,Slow,0.30477064847946167,908,381
791,1,Fast,0.795799732208252,913,550
791,1,Fast,0.7794367671012878,976,739
791,1,Fast,0.7657521367073059,986,666
791,1,Fast,0.7459478378295898,1039,901
791,1,Fast,0.7004489898681641,891,853
791,2,Slow,0.6498249769210815,893,451
791,2,Slow,0.37632134556770325,907,379
791,1,Fast,0.33926334977149963,905,507
791,2,Slow,0.32171863317489624,935,396
792,1,Fast,0.8407255411148071,975,733
792,1,Fast,0.8323841094970703,892,860
792,1,Fast,0.8044651746749878,912,546
792,1,Fast,0.581466019153595,985,662
792,2,Slow,0.5655768513679504,893,448
792,1,Fast,0.5048004984855652,1035,893
792,2,Slow,0.352819561958313,908,377
793,1,Fast,0.8111626505851746,912,542
793,1,Fast,0.759723424911499,894,867
793,1,Fast,0.7300482988357544,950,561
793,1,Fast,0.7113171815872192,972,728
793,1,Fast,0.5942843556404114,984,658
793,1,Fast,0.5463703870773315,904,500
793,2,Slow,0.39810821413993835,893,445
793,1,Fast,0.3222932815551758,1031,886
794,1,Fast,0.8042781949043274,911,538
794,1,Fast,0.7990827560424805,981,654
794,1,Fast,0.7954663634300232,895,875
794,1,Fast,0.7584683299064636,903,497
794,1,Fast,0.7427800893783569,970,722
794,2,Slow,0.5802292227745056,893,443
795,1,Fast,0.8370947241783142,979,650
795,1,Fast,0.8258995413780212,968,716
795,1,Fast,0.8142145276069641,910,535
795,2,Slow,0.7176395654678345,892,440
795,1,Fast,0.6766230463981628,903,495
795,1,Fast,0.6752256751060486,948,555
795,1,Fast,0.667212724685669,898,883
796,1,Fast,0.8043654561042786,909,531
796,1,Fast,0.7660899758338928,965,710
796,1,Fast,0.7650901675224304,978,647
796,1,Fast,0.7103265523910522,901,890
796,2,Slow,0.6624544858932495,892,437
796,1,Fast,0.6156883239746094,901,492
796,1,Fast,0.39906901121139526,946,552
796,1,Fast,0.3727455139160156,1022,862
797,1,Fast,0.8491283655166626,963,705
797,1,Fast,0.7998539209365845,908,528
797,1,Fast,0.7631601691246033,903,897
797,1,Fast,0.7129427790641785,977,643
797,1,Fast,0.6766511797904968,946,550
797,1,Fast,0.6746289134025574,1018,854
797,1,Fast,0.4463632106781006,901,489
798,1,Fast,0.8041723370552063,905,903
798,1,Fast,0.7597811222076416,907,524
798,1,Fast,0.6795164942741394,1015,847
798,1,Fast,0.6639511585235596,961,700
798,2,Slow,0.6018111109733582,891,433
798,2,Slow,0.41430768370628357,975,639
798,1,Fast,0.4121183454990387,900,486
798,1,Fast,0.3707454204559326,1063,761
798,1,Fast,0.3380446135997772,975,639
799,1,Fast,0.7877430319786072,906,521
799,1,Fast,0.7271649241447449,1012,839
799,1,Fast,0.7259455919265747,907,909
799,1,Fast,0.6248550415039062,973,635
799,1,Fast,0.6244049072265625,959,695
799,2,Slow,0.49973776936531067,891,430
800,1,Fast,0.7966041564941406,905,518
800,1,Fast,0.7729074954986572,909,918
800,1,Fast,0.7651568651199341,972,632
800,1,Fast,0.7472474575042725,1009,833
800,1,Fast,0.7253934144973755,958,690
800,1,Fast,0.5896143913269043,943,540
801,1,Fast,0.8045757412910461,905,514
801,1,Fast,0.7965085506439209,971,628
801,1,Fast,0.7541130185127258,1006,826
801,1,Fast,0.7205049991607666,956,684
801,1,Fast,0.6449709534645081,912,926
801,2,Slow,0.4600429832935333,890,425
802,1,Fast,0.8225343227386475,914,935
802,1,Fast,0.8084458708763123,969,624
802,1,Fast,0.7671211361885071,904,511
802,1,Fast,0.7076597213745117,955,679
802,1,Fast,0.5810737013816833,942,535
802,1,Fast,0.5656337141990662,1003,818
802,1,Fast,0.4675406515598297,898,473
803,1,Fast,0.8130990862846375,968,620
803,1,Fast,0.7955009937286377,953,674
803,1,Fast,0.7911354899406433,904,508
803,1,Fast,0.7396366000175476,898,470
803,1,Fast,0.7134236097335815,917,944
803,2,Slow,0.5558738708496094,889,420
803,1,Fast,0.4931711256504059,941,532
803,1,Fast,0.42733463644981384,843,553
803,1,Fast,0.40836119651794434,1001,811
804,1,Fast,0.8277903199195862,919,952
804,1,Fast,0.8124604821205139,903,505
804,1,Fast,0.8098423480987549,997,803
804,1,Fast,0.806379497051239,951,669
804,1,Fast,0.7562933564186096,897,467
804,1,Fast,0.749901533126831,967,616
804,1,Fast,0.5721093416213989,940,529
804,2,Slow,0.30142369866371155,889,418
805,1,Fast,0.860985279083252,949,664
805,1,Fast,0.8358225226402283,995,797
805,1,Fast,0.8034784197807312,966,613
805,1,Fast,0.7995083332061768,902,501
805,1,Fast,0.7660452127456665,921,960
805,1,Fast,0.6840711236000061,896,465
805,2,Slow,0.5847920179367065,889,416
805,1,Fast,0.3568664491176605,1180,1003
806,1,Fast,0.8371371626853943,992,790
806,1,Fast,0.8129516839981079,964,609
806,1,Fast,0.7817724943161011,902,497
806,1,Fast,0.7744560837745667,924,968
806,1,Fast,0.7372250556945801,947,659
806,1,Fast,0.5676354169845581,896,462
806,1,Fast,0.3064550757408142,1175,995
807,1,Fast,0.8457444906234741,989,784
807,1,Fast,0.8390079736709595,946,654
807,1,Fast,0.8200486898422241,927,978
807,1,Fast,0.8091210722923279,963,606
807,1,Fast,0.722681999206543,901,494
807,1,Fast,0.6194614171981812,895,459
807,1,Fast,0.3944688141345978,938,522
808,1,Fast,0.8471216559410095,987,777
808,1,Fast,0.8244075179100037,944,649
808,1,Fast,0.7941589951515198,963,603
808,1,Fast,0.7454251646995544,930,986
808,1,Fast,0.7154296040534973,900,491
808,1,Fast,0.42836302518844604,894,456
809,1,Fast,0.8205749988555908,943,646
809,1,Fast,0.7959892749786377,934,996
809,1,Fast,0.7575345039367676,985,771
809,1,Fast,0.7389653921127319,961,600
809,1,Fast,0.6232067346572876,900,489
809,1,Fast,0.5873140692710876,1079,976
810,1,Fast,0.831504225730896,937,1004
810,1,Fast,0.8297564387321472,983,766
810,1,Fast,0.8227233290672302,941,640
810,1,Fast,0.6883080005645752,898,485
810,1,Fast,0.6432756781578064,960,597
810,1,Fast,0.636290431022644,1074,965
811,1,Fast,0.8321897983551025,981,760
811,1,Fast,0.7703765630722046,939,1013
811,1,Fast,0.7548966407775879,898,482
811,1,Fast,0.6931548118591309,958,594
811,1,Fast,0.5453935265541077,940,636
811,1,Fast,0.41445592045783997,1070,955
812,1,Fast,0.8333216905593872,939,632
812,1,Fast,0.8041032552719116,978,753
812,1,Fast,0.769003689289093,957,591
812,1,Fast,0.6741414070129395,898,480
812,1,Fast,0.6203795075416565,943,1024
812,1,Fast,0.4317713677883148,901,772
812,1,Fast,0.3771601617336273,1065,946
813,1,Fast,0.8374780416488647,937,627
813,1,Fast,0.7410682439804077,957,588
813,1,Fast,0.739558756351471,896,476
813,1,Fast,0.6698351502418518,976,746
813,1,Fast,0.47796887159347534,945,1034
813,2,Slow,0.31967926025390625,932,507
813,1,Fast,0.3076333701610565,902,778
814,1,Fast,0.772625207901001,903,784
814,1,Fast,0.7409676909446716,973,741
814,1,Fast,0.723732590675354,896,473
814,1,Fast,0.7033644318580627,955,584
814,1,Fast,0.6568194627761841,935,623
814,1,Fast,0.46724435687065125,948,1044
815,1,Fast,0.7500110268592834,971,735
815,1,Fast,0.7338207960128784,955,581
815,1,Fast,0.7319613695144653,896,470
815,1,Fast,0.633017361164093,935,619
815,1,Fast,0.3684668242931366,932,502
815,1,Fast,0.3490256369113922,952,1052
816,1,Fast,0.8361954092979431,969,729
816,1,Fast,0.7987769842147827,953,577
816,1,Fast,0.6801765561103821,956,1057
816,1,Fast,0.6371110677719116,896,467
816,1,Fast,0.5677395462989807,934,614
816,2,Slow,0.46298322081565857,931,500
817,1,Fast,0.869086742401123,966,723
817,1,Fast,0.7825135588645935,953,574
817,1,Fast,0.6552080512046814,1044,900
817,1,Fast,0.6437987685203552,960,1062
817,1,Fast,0.5712607502937317,896,465
817,1,Fast,0.435090571641922,909,805
818,1,Fast,0.8517183661460876,964,718
818,1,Fast,0.8200037479400635,931,606
818,1,Fast,0.7345009446144104,952,571
818,1,Fast,0.694137692451477,1041,891
818,1,Fast,0.5588165521621704,895,461
818,1,Fast,0.4329720735549927,911,813
819,1,Fast,0.8587435483932495,962,713
819,1,Fast,0.7717927694320679,930,602
819,1,Fast,0.6963254809379578,952,568
819,1,Fast,0.5893298387527466,1037,884
819,1,Fast,0.5485414862632751,913,819
820,1,Fast,0.8294263482093811,960,707
820,1,Fast,0.8112152218818665,928,599
820,1,Fast,0.7470443844795227,951,564
820,1,Fast,0.6186819076538086,916,827
820,1,Fast,0.4465100169181824,893,456
821,1,Fast,0.8167029023170471,958,701
821,1,Fast,0.7375898957252502,949,562
821,1,Fast,0.6529393196105957,927,593
821,1,Fast,0.576755940914154,918,833
822,1,Fast,0.8517263531684875,957,696
822,1,Fast,0.8366510272026062,925,589
822,1,Fast,0.7146945595741272,920,841
822,1,Fast,0.6889827847480774,949,559
822,2,Slow,0.5658113956451416,860,630
823,1,Fast,0.8386523723602295,956,691
823,1,Fast,0.797275185585022,924,586
823,1,Fast,0.5968021750450134,946,556
823,1,Fast,0.5308455228805542,923,848
824,1,Fast,0.8590077757835388,953,685
824,1,Fast,0.8004514575004578,923,582
824,1,Fast,0.6104956269264221,945,553
825,1,Fast,0.8534060716629028,952,681
825,1,Fast,0.6488073468208313,944,550
825,1,Fast,0.6388484835624695,922,578
826,1,Fast,0.8262128233909607,950,675
826,1,Fast,0.8117517828941345,921,574
826,1,Fast,0.7979949712753296,930,872
826,1,Fast,0.6723718643188477,943,547
826,1,Fast,0.4586105942726135,1013,829
826,2,Slow,0.3966815173625946,924,477
827,1,Fast,0.8508585095405579,948,670
827,1,Fast,0.7767019867897034,920,570
827,1,Fast,0.649103045463562,943,543
827,2,Slow,0.6478443145751953,923,474
827,1,Fast,0.586203396320343,934,880
827,1,Fast,0.4424770772457123,1009,822
827,1,Fast,0.36833444237709045,891,437
828,1,Fast,0.8324111104011536,948,666
828,1,Fast,0.80331951379776,918,566
828,1,Fast,0.7055556774139404,1006,814
828,1,Fast,0.6474632620811462,936,888
828,2,Slow,0.520611047744751,924,471
828,1,Fast,0.5146390199661255,942,541
828,1,Fast,0.31384339928627014,891,435
828,1,Fast,0.31133851408958435,863,658
829,1,Fast,0.8251787424087524,917,563
829,1,Fast,0.7732568383216858,947,660
829,1,Fast,0.7062102556228638,941,538
829,1,Fast,0.6882390379905701,938,897
829,1,Fast,0.3847062587738037,1004,807
830,1,Fast,0.8180533051490784,917,560
830,1,Fast,0.8076218962669373,945,655
830,1,Fast,0.6648706197738647,940,905
830,1,Fast,0.6414623260498047,940,536
830,1,Fast,0.4664953947067261,890,430
830,1,Fast,0.3189212381839752,1001,800
831,1,Fast,0.7658872008323669,943,651
831,1,Fast,0.7356019020080566,939,533
831,1,Fast,0.7258654236793518,915,556
831,1,Fast,0.4951881468296051,944,914
831,1,Fast,0.45031052827835083,890,428
831,1,Fast,0.3596417009830475,999,793
832,1,Fast,0.7565048336982727,942,646
832,1,Fast,0.7047494649887085,914,553
832,1,Fast,0.5982214212417603,946,923
832,1,Fast,0.5583641529083252,939,530
833,1,Fast,0.8252707123756409,949,933
833,1,Fast,0.7254624962806702,914,548
833,1,Fast,0.6920652985572815,938,527
833,1,Fast,0.6097671985626221,940,641
834,1,Fast,0.7929869890213013,913,545
834,1,Fast,0.7701724767684937,938,637
834,1,Fast,0.7294209599494934,951,941
834,1,Fast,0.623077929019928,937,524
834,1,Fast,0.45009782910346985,991,772
835,1,Fast,0.8045738935470581,936,633
835,1,Fast,0.768842339515686,912,541
835,1,Fast,0.7001509666442871,955,950
835,1,Fast,0.600696325302124,935,522
836,1,Fast,0.8413223624229431,958,960
836,1,Fast,0.8289966583251953,934,628
836,1,Fast,0.8141973614692688,911,537
836,1,Fast,0.6531705260276794,935,520
836,1,Fast,0.39639875292778015,840,421
837,1,Fast,0.8480619192123413,933,623
837,1,Fast,0.825843870639801,961,969
837,1,Fast,0.7902446389198303,911,533
837,1,Fast,0.6476802825927734,934,517
837,1,Fast,0.4144291877746582,982,753
838,1,Fast,0.829166054725647,931,619
838,1,Fast,0.7913981676101685,981,747
838,1,Fast,0.7807003259658813,965,980
838,1,Fast,0.7254006266593933,910,530
838,1,Fast,0.5285051465034485,934,515
839,1,Fast,0.7791646122932434,930,614
839,1,Fast,0.7574362754821777,909,527
839,1,Fast,0.7521902322769165,968,990
840,1,Fast,0.8210834264755249,928,611
840,1,Fast,0.7148763537406921,977,734
840,1,Fast,0.5807206034660339,908,525
840,1,Fast,0.4457300305366516,932,510
840,1,Fast,0.3096800148487091,971,1001
841,1,Fast,0.8339130878448486,927,607
841,1,Fast,0.6506602168083191,932,507
841,1,Fast,0.5507723093032837,908,521
841,1,Fast,0.41909295320510864,976,1012
842,1,Fast,0.8091649413108826,926,603
842,1,Fast,0.6739727854728699,906,518
842,1,Fast,0.6649249792098999,931,504
842,2,Slow,0.36978834867477417,919,444
842,1,Fast,0.3052752614021301,979,1023
843,1,Fast,0.8233417272567749,925,599
843,1,Fast,0.6540896892547607,905,515
843,1,Fast,0.5974593162536621,931,501
843,1,Fast,0.429616779088974,983,1033
844,1,Fast,0.8530844449996948,925,595
844,1,Fast,0.5695980787277222,987,1044
844,1,Fast,0.5430478453636169,904,511
844,1,Fast,0.3879040777683258,930,498
845,1,Fast,0.8429484963417053,923,591
845,1,Fast,0.5470897555351257,903,508
845,1,Fast,0.48503273725509644,929,495
845,1,Fast,0.43902966380119324,888,751
846,1,Fast,0.821012020111084,922,586
846,1,Fast,0.7075785994529724,903,504
846,1,Fast,0.6243053674697876,928,492
847,1,Fast,0.830608606338501,920,582
847,1,Fast,0.7654129266738892,903,501
847,1,Fast,0.7045638561248779,928,491
847,1,Fast,0.55769944190979,889,763
848,1,Fast,0.8569620847702026,919,578
848,1,Fast,0.7704409956932068,927,489
848,1,Fast,0.6857998967170715,890,770
848,1,Fast,0.64847332239151,902,498
849,1,Fast,0.8441590666770935,918,574
849,1,Fast,0.7866964340209961,926,486
849,1,Fast,0.5948294401168823,902,494
850,1,Fast,0.8059348464012146,917,570
850,1,Fast,0.7495642304420471,925,484
850,1,Fast,0.5212914943695068,901,492
850,1,Fast,0.3790263533592224,833,667
851,1,Fast,0.838971734046936,916,567
851,1,Fast,0.7950306534767151,955,673
851,1,Fast,0.5570910573005676,901,489
851,1,Fast,0.5072261691093445,926,482
852,1,Fast,0.8478870391845703,916,564
852,1,Fast,0.7673391103744507,953,668
852,1,Fast,0.336957722902298,924,479
853,1,Fast,0.8045415282249451,915,560
853,1,Fast,0.6200627684593201,952,662
853,1,Fast,0.5989251732826233,924,477
854,1,Fast,0.7975041270256042,950,657
854,1,Fast,0.756955087184906,914,556
854,1,Fast,0.7394869327545166,924,475
854,1,Fast,0.3348243236541748,898,481
855,1,Fast,0.8510099053382874,949,653
855,1,Fast,0.7958853244781494,913,552
855,1,Fast,0.7559382915496826,923,472
855,1,Fast,0.47116148471832275,839,467
856,1,Fast,0.749301552772522,912,549
856,1,Fast,0.7379593253135681,948,648
856,1,Fast,0.7045755982398987,923,470
856,1,Fast,0.5777364373207092,839,469
856,1,Fast,0.4774587154388428,901,824
857,1,Fast,0.8164587020874023,911,545
857,1,Fast,0.767503023147583,922,468
857,1,Fast,0.6646206378936768,839,470
857,1,Fast,0.5939980149269104,897,473
858,1,Fast,0.7707049250602722,910,541
858,1,Fast,0.7255570888519287,922,466
858,1,Fast,0.5659013986587524,896,470
859,1,Fast,0.8211955428123474,909,537
859,1,Fast,0.6136354804039001,921,464
859,1,Fast,0.5054357647895813,896,468
860,1,Fast,0.8233922123908997,908,534
860,1,Fast,0.7979626655578613,941,629
860,1,Fast,0.7126337289810181,920,461
860,1,Fast,0.6032847166061401,841,712
860,1,Fast,0.507855236530304,839,482
860,1,Fast,0.3858179450035095,896,465
860,1,Fast,0.36738288402557373,910,855
861,1,Fast,0.8265023827552795,907,531
861,1,Fast,0.7270623445510864,920,460
861,1,Fast,0.6359036564826965,842,718
861,1,Fast,0.5878992080688477,896,462
861,1,Fast,0.4768037796020508,840,485
862,1,Fast,0.7633342146873474,938,619
862,1,Fast,0.7579165101051331,907,527
862,1,Fast,0.719599187374115,920,458
862,1,Fast,0.6000159978866577,896,460
862,1,Fast,0.5774972438812256,843,723
862,1,Fast,0.570446789264679,840,487
862,1,Fast,0.3041856586933136,915,870
863,1,Fast,0.7510812282562256,843,727
863,1,Fast,0.6809882521629333,919,456
863,1,Fast,0.6364864110946655,906,524
863,1,Fast,0.57107013463974,895,458
864,1,Fast,0.7947234511375427,935,610
864,1,Fast,0.6660013794898987,844,732
864,1,Fast,0.5860759615898132,919,454
864,1,Fast,0.47512418031692505,840,493
865,1,Fast,0.6035006046295166,845,737
865,1,Fast,0.5602322220802307,919,452
865,1,Fast,0.3922322392463684,896,453
865,1,Fast,0.3464846909046173,840,495
865,1,Fast,0.3349374532699585,904,517
865,1,Fast,0.3136962652206421,922,895
866,1,Fast,0.7399982213973999,924,902
866,1,Fast,0.634841799736023,903,514
866,1,Fast,0.6313594579696655,841,498
866,1,Fast,0.4114493429660797,933,603
866,1,Fast,0.31837236881256104,1015,668
866,1,Fast,0.3095701336860657,919,450
867,1,Fast,0.5030763149261475,841,501
867,1,Fast,0.32784563302993774,919,447
867,1,Fast,0.3163110017776489,847,747
867,1,Fast,0.30435052514076233,926,911
868,1,Fast,0.7340826988220215,840,505
868,1,Fast,0.6893640160560608,901,508
868,1,Fast,0.5955247282981873,918,445
868,1,Fast,0.339711457490921,894,445
869,1,Fast,0.7903783321380615,901,505
869,1,Fast,0.6333373785018921,840,508
869,1,Fast,0.6089593172073364,850,758
869,1,Fast,0.4451592266559601,918,444
869,1,Fast,0.3841361999511719,931,930
870,1,Fast,0.7260035276412964,901,502
870,1,Fast,0.6325315237045288,934,938
870,1,Fast,0.47701117396354675,919,442
870,1,Fast,0.38496947288513184,840,511
871,1,Fast,0.7046456933021545,851,769
871,1,Fast,0.6590583324432373,840,514
871,1,Fast,0.6343889236450195,917,440
871,1,Fast,0.4720136523246765,900,498
871,1,Fast,0.4403355121612549,937,947
871,1,Fast,0.34110158681869507,892,438
872,1,Fast,0.6320999264717102,917,438
872,1,Fast,0.5619513988494873,853,774
872,1,Fast,0.39984023571014404,899,495
872,1,Fast,0.3621061146259308,940,956
872,2,Slow,0.3221443295478821,924,578
873,1,Fast,0.7260021567344666,944,965
873,1,Fast,0.7129353284835815,923,574
873,1,Fast,0.6362882256507874,916,436
873,1,Fast,0.5679375529289246,899,492
873,1,Fast,0.49323052167892456,842,520
873,1,Fast,0.3192511200904846,855,781
874,1,Fast,0.8124259114265442,947,975
874,1,Fast,0.7150275111198425,922,569
874,1,Fast,0.6078963875770569,916,435
874,1,Fast,0.59691321849823,842,523
874,1,Fast,0.5733989477157593,856,786
875,1,Fast,0.8187353610992432,920,564
875,1,Fast,0.5994301438331604,858,792
875,1,Fast,0.5319790244102478,842,526
875,1,Fast,0.46677014231681824,950,985
875,1,Fast,0.37836506962776184,898,487
875,1,Fast,0.3578723073005676,830,616
875,1,Fast,0.33265283703804016,916,433
876,1,Fast,0.7033306360244751,952,994
876,1,Fast,0.6988366842269897,919,562
876,1,Fast,0.6138631105422974,858,797
876,1,Fast,0.5229457020759583,843,529
876,1,Fast,0.4566541910171509,897,484
876,1,Fast,0.41445618867874146,914,431
877,1,Fast,0.7678905129432678,956,1004
877,1,Fast,0.7464156746864319,860,803
877,1,Fast,0.627724826335907,843,533
878,1,Fast,0.7910509705543518,861,809
878,1,Fast,0.756702184677124,844,536
878,1,Fast,0.7340097427368164,957,1014
878,1,Fast,0.6726547479629517,896,478
879,1,Fast,0.7585553526878357,961,1025
879,1,Fast,0.6203016042709351,916,551
879,1,Fast,0.6148986220359802,996,622
879,1,Fast,0.572592556476593,844,540
879,1,Fast,0.4915929436683655,895,476
879,2,Slow,0.4201933741569519,816,524
879,1,Fast,0.3836359977722168,1134,1001
880,1,Fast,0.7182342410087585,894,473
880,1,Fast,0.686805248260498,965,1036
880,1,Fast,0.4523440897464752,844,543
880,1,Fast,0.4099176824092865,864,821
881,1,Fast,0.7652810215950012,865,827
881,1,Fast,0.7629396915435791,894,471
881,1,Fast,0.45760250091552734,970,1046
881,1,Fast,0.38612082600593567,992,615
882,1,Fast,0.774304211139679,867,833
882,1,Fast,0.6582086086273193,974,1053
882,1,Fast,0.6272386312484741,894,468
883,1,Fast,0.7631402015686035,869,839
883,1,Fast,0.31808537244796753,913,536
884,1,Fast,0.8112707138061523,871,846
884,1,Fast,0.7047287821769714,911,532
884,1,Fast,0.43979692459106445,846,556
884,1,Fast,0.43728673458099365,892,462
885,1,Fast,0.7963586449623108,872,853
885,1,Fast,0.7952502965927124,911,528
885,1,Fast,0.4006325602531433,891,460
885,1,Fast,0.3996390998363495,847,560
886,1,Fast,0.8377605080604553,874,860
886,1,Fast,0.7660459280014038,910,526
886,1,Fast,0.5558993816375732,848,564
886,1,Fast,0.4159083664417267,836,657
886,1,Fast,0.37982016801834106,1106,945
887,1,Fast,0.8448867797851562,876,866
887,1,Fast,0.6020339131355286,910,523
887,1,Fast,0.4486439824104309,849,567
887,1,Fast,0.32697945833206177,838,663
888,1,Fast,0.860261857509613,878,873
888,1,Fast,0.3680882155895233,839,668
888,1,Fast,0.3324313461780548,850,571
889,1,Fast,0.84166419506073,880,878
890,1,Fast,0.8643667697906494,882,886
890,1,Fast,0.49652189016342163,819,558
891,1,Fast,0.7353128790855408,884,892
891,1,Fast,0.42749056220054626,852,582
891,1,Fast,0.30113139748573303,890,445
892,1,Fast,0.7111998200416565,886,900
892,1,Fast,0.33307239413261414,890,443
893,1,Fast,0.6276088953018188,888,907
893,1,Fast,0.5754519104957581,853,589
894,1,Fast,0.6152824759483337,854,593
894,1,Fast,0.37694695591926575,842,510
894,1,Fast,0.31694069504737854,890,915
895,1,Fast,0.7789486646652222,892,921
895,1,Fast,0.7307044267654419,855,597
895,1,Fast,0.6438813805580139,843,513
895,1,Fast,0.4692046046257019,905,495
896,1,Fast,0.8561445474624634,894,929
896,1,Fast,0.7587282061576843,855,601
896,1,Fast,0.44379910826683044,904,493
896,1,Fast,0.3763607442378998,843,516
897,1,Fast,0.8084311485290527,897,937
897,1,Fast,0.7562859058380127,857,605
897,1,Fast,0.493050754070282,904,491
897,1,Fast,0.4387330710887909,844,520
898,1,Fast,0.8291630744934082,898,945
898,1,Fast,0.5968977212905884,857,609
898,1,Fast,0.49286338686943054,845,523
899,1,Fast,0.8098440766334534,900,953
899,1,Fast,0.6629703640937805,858,613
899,1,Fast,0.5108377933502197,845,526
900,1,Fast,0.8234028816223145,904,961
900,1,Fast,0.7767413854598999,858,617
900,1,Fast,0.5464015603065491,846,528
900,1,Fast,0.5047886371612549,822,590
901,1,Fast,0.8405634164810181,906,969
901,1,Fast,0.6622340083122253,859,621
901,1,Fast,0.42028170824050903,971,556
901,1,Fast,0.3594484329223633,847,532
902,1,Fast,0.8700342774391174,909,976
902,1,Fast,0.5909655094146729,847,536
902,1,Fast,0.5882963538169861,860,626
902,1,Fast,0.3142465651035309,900,477
903,1,Fast,0.728022038936615,861,630
903,1,Fast,0.7046982645988464,912,985
903,2,Slow,0.45173370838165283,901,474
903,1,Fast,0.3787350654602051,848,539
904,1,Fast,0.7849714159965515,861,635
904,1,Fast,0.7051208019256592,915,994
904,1,Fast,0.6830496191978455,848,543
904,2,Slow,0.6382783651351929,824,607
904,1,Fast,0.36034393310546875,900,471
905,1,Fast,0.8465476036071777,863,638
905,1,Fast,0.5760399103164673,918,1002
905,1,Fast,0.4993733763694763,849,545
905,1,Fast,0.44038304686546326,900,467
905,1,Fast,0.34630611538887024,826,610
906,1,Fast,0.8525584936141968,864,642
906,1,Fast,0.6057819724082947,849,549
906,2,Slow,0.4971081018447876,826,613
906,1,Fast,0.3866055905818939,920,1011
907,1,Fast,0.8404759168624878,865,647
907,1,Fast,0.7426660060882568,923,1020
907,1,Fast,0.6348365545272827,827,617
907,1,Fast,0.4852590262889862,849,552
908,1,Fast,0.8507243394851685,866,651
908,1,Fast,0.7904170751571655,926,1029
908,1,Fast,0.7252478003501892,827,621
908,1,Fast,0.6508057117462158,850,556
909,1,Fast,0.8604844212532043,867,655
909,1,Fast,0.8394125699996948,928,1038
909,1,Fast,0.7452582716941833,850,560
909,2,Slow,0.3172262907028198,828,626
910,1,Fast,0.849353551864624,868,661
910,1,Fast,0.5176128149032593,931,1047
910,1,Fast,0.4840811789035797,851,564
911,1,Fast,0.8499430418014526,869,665
911,1,Fast,0.6656831502914429,852,567
911,1,Fast,0.6572415828704834,935,1054
912,1,Fast,0.8442841172218323,870,670
912,1,Fast,0.6489725112915039,853,571
912,1,Fast,0.6078548431396484,940,1059
913,1,Fast,0.8499264121055603,871,675
913,1,Fast,0.5840779542922974,854,574
914,1,Fast,0.8541378974914551,872,680
914,1,Fast,0.6453548073768616,831,644
914,2,Slow,0.50864577293396,854,577
914,1,Fast,0.4960256814956665,854,576
914,1,Fast,0.39105600118637085,948,1069
915,1,Fast,0.8451337814331055,873,684
915,1,Fast,0.647605836391449,855,581
915,1,Fast,0.4786767363548279,832,648
915,2,Slow,0.3181358575820923,850,534
916,1,Fast,0.870417058467865,874,689
916,1,Fast,0.6844040751457214,832,653
916,1,Fast,0.6748522520065308,855,585
917,1,Fast,0.8614857196807861,876,694
917,1,Fast,0.7348095774650574,856,588
917,1,Fast,0.6332565546035767,834,657
917,1,Fast,0.31049028038978577,896,437
918,1,Fast,0.8657607436180115,877,699
918,1,Fast,0.7710313200950623,857,593
918,2,Slow,0.7159497141838074,834,662
919,1,Fast,0.8798053860664368,879,704
919,1,Fast,0.7581666707992554,857,596
919,2,Slow,0.5322505831718445,851,547
919,2,Slow,0.37572547793388367,835,666
920,1,Fast,0.8683673739433289,880,709
920,1,Fast,0.7697941660881042,858,601
920,2,Slow,0.620777428150177,852,550
920,1,Fast,0.584947407245636,836,670
921,1,Fast,0.865753710269928,881,715
921,1,Fast,0.8186880946159363,837,674
921,1,Fast,0.7804673314094543,860,604
921,2,Slow,0.55454421043396,853,554
922,1,Fast,0.8725876212120056,882,720
922,1,Fast,0.7500190734863281,860,609
922,2,Slow,0.62407386302948,837,679
922,1,Fast,0.48066577315330505,826,613
922,2,Slow,0.41671085357666016,954,501
923,1,Fast,0.86109459400177,883,725
923,1,Fast,0.7345223426818848,861,612
923,2,Slow,0.5009555816650391,854,560
924,1,Fast,0.8555520176887512,885,731
924,1,Fast,0.7365066409111023,862,617
924,1,Fast,0.6177567839622498,884,857
924,1,Fast,0.5026335120201111,838,687
924,2,Slow,0.3857874274253845,854,564
925,1,Fast,0.8365632891654968,886,739
925,1,Fast,0.7477494478225708,862,621
925,1,Fast,0.4793809652328491,885,864
925,2,Slow,0.4566894471645355,854,568
926,1,Fast,0.844809889793396,888,744
926,1,Fast,0.7301872968673706,863,625
926,2,Slow,0.3230951428413391,855,572
927,1,Fast,0.8821742534637451,889,749
927,1,Fast,0.7546691298484802,864,629
927,2,Slow,0.6441752314567566,856,576
927,2,Slow,0.4308062195777893,841,702
928,1,Fast,0.8785189986228943,890,754
928,1,Fast,0.7795296907424927,866,634
928,2,Slow,0.6467509269714355,842,706
928,2,Slow,0.45362427830696106,857,579
929,1,Fast,0.881016731262207,892,760
929,1,Fast,0.717918872833252,867,637
929,1,Fast,0.3726916015148163,844,711
929,2,Slow,0.3307648003101349,858,582
930,1,Fast,0.8821901679039001,894,767
930,2,Slow,0.7769635319709778,844,717
930,1,Fast,0.7376307249069214,868,642
930,2,Slow,0.5937424898147583,859,586
931,1,Fast,0.8799181580543518,895,773
931,1,Fast,0.7137861251831055,869,647
931,2,Slow,0.5495797395706177,859,588
931,2,Slow,0.3526771366596222,844,722
931,1,Fast,0.323243647813797,845,534
932,1,Fast,0.8875031471252441,897,779
932,1,Fast,0.7484831809997559,870,652
932,1,Fast,0.5239543914794922,846,537
932,2,Slow,0.5163999199867249,861,593
932,1,Fast,0.4960647523403168,846,726
932,1,Fast,0.3491083085536957,832,651
933,1,Fast,0.8752334117889404,899,785
933,1,Fast,0.7365431189537048,871,657
933,2,Slow,0.5756607055664062,847,731
933,2,Slow,0.43729496002197266,861,597
933,1,Fast,0.40082061290740967,847,541
933,1,Fast,0.33720001578330994,834,655
934,1,Fast,0.867171049118042,900,791
934,1,Fast,0.786344587802887,849,736
934,1,Fast,0.7105357646942139,872,661
934,2,Slow,0.6190744042396545,862,602
935,1,Fast,0.8722347021102905,902,798
935,1,Fast,0.7751246094703674,851,741
935,2,Slow,0.6409515142440796,863,606
935,1,Fast,0.4405975937843323,873,665
935,2,Slow,0.3282429575920105,873,664
936,1,Fast,0.8680101633071899,904,804
936,1,Fast,0.8072976469993591,851,746
936,1,Fast,0.764379620552063,874,669
936,2,Slow,0.6080684661865234,864,609
936,1,Fast,0.517737090587616,906,940
936,0,VRU,0.5001139640808105,1344,856
937,1,Fast,0.8766012787818909,906,812
937,1,Fast,0.7289311289787292,909,948
937,1,Fast,0.7146221399307251,875,675
937,2,Slow,0.647265613079071,864,616
937,0,VRU,0.4779495894908905,1344,855
937,1,Fast,0.3605286180973053,852,752
938,1,Fast,0.8735053539276123,908,817
938,1,Fast,0.7355718612670898,876,679
938,2,Slow,0.7104713916778564,865,619
938,1,Fast,0.6008703708648682,853,757
938,0,VRU,0.5774180889129639,1343,855
939,1,Fast,0.8769328594207764,910,824
939,2,Slow,0.6921789050102234,866,623
939,1,Fast,0.6438709497451782,855,761
939,1,Fast,0.643600583076477,913,964
939,1,Fast,0.6429291367530823,877,684
939,0,VRU,0.5985642671585083,1344,856
940,1,Fast,0.8692715764045715,913,832
940,1,Fast,0.6988479495048523,857,767
940,0,VRU,0.5682691335678101,1343,856
940,1,Fast,0.5602701902389526,879,688
940,2,Slow,0.5413669347763062,867,626
940,1,Fast,0.35587599873542786,915,972
941,1,Fast,0.8782241344451904,915,839
941,1,Fast,0.6333836913108826,880,694
941,1,Fast,0.5694533586502075,852,569
941,0,VRU,0.5400704741477966,1344,856
941,2,Slow,0.5313917994499207,868,631
941,1,Fast,0.300714910030365,858,774
942,1,Fast,0.8771538138389587,917,846
942,0,VRU,0.5630128979682922,1344,856
942,2,Slow,0.5266247391700745,870,634
942,1,Fast,0.470917671918869,882,699
942,1,Fast,0.45860961079597473,853,572
943,1,Fast,0.885754406452179,919,853
943,1,Fast,0.6248673796653748,883,703
943,0,VRU,0.5652293562889099,1344,856
943,1,Fast,0.5091375708580017,860,786
943,1,Fast,0.4875883162021637,854,576
943,1,Fast,0.462921142578125,1117,1060
943,2,Slow,0.42286935448646545,871,638
944,1,Fast,0.8777565360069275,921,860
944,1,Fast,0.8343204259872437,1109,1055
944,1,Fast,0.685779333114624,885,709
944,1,Fast,0.6140857338905334,862,791
944,0,VRU,0.5958200693130493,1344,856
944,1,Fast,0.5752734541893005,854,579
945,1,Fast,0.8743501305580139,923,867
945,1,Fast,0.8555105924606323,1103,1047
945,1,Fast,0.7653282880783081,886,714
945,1,Fast,0.570818305015564,863,797
945,0,VRU,0.5359781980514526,1344,856
946,1,Fast,0.8724210858345032,925,874
946,1,Fast,0.8715104460716248,1098,1036
946,1,Fast,0.779018759727478,887,720
946,1,Fast,0.6300738453865051,864,803
946,2,Slow,0.5986655950546265,873,653
946,0,VRU,0.48044246435165405,1344,856
947,1,Fast,0.8644099831581116,927,881
947,1,Fast,0.8529573082923889,1093,1024
947,1,Fast,0.7996938824653625,888,725
947,0,VRU,0.5441012382507324,1344,855
947,1,Fast,0.37394392490386963,865,808
947,2,Slow,0.3564068377017975,874,656
947,1,Fast,0.31392422318458557,847,715
948,1,Fast,0.8583921194076538,931,889
948,1,Fast,0.8552369475364685,1088,1015
948,1,Fast,0.8020076155662537,867,814
948,1,Fast,0.7997442483901978,889,729
948,2,Slow,0.6754146814346313,875,662
948,0,VRU,0.6144242882728577,1345,855
949,1,Fast,0.8701306581497192,932,898
949,1,Fast,0.8562594056129456,1084,1005
949,1,Fast,0.8111541867256165,891,735
949,1,Fast,0.7706853151321411,868,820
949,2,Slow,0.6509753465652466,876,667
949,0,VRU,0.5993761420249939,1344,855
950,1,Fast,0.8757438063621521,936,905
950,1,Fast,0.8535738587379456,1079,995
950,1,Fast,0.8209502100944519,892,740
950,1,Fast,0.7543255090713501,870,827
950,2,Slow,0.7314102053642273,877,671
950,0,VRU,0.5770068764686584,1344,855
951,1,Fast,0.8841207027435303,939,912
951,1,Fast,0.8687161207199097,1074,985
951,1,Fast,0.7972684502601624,894,745
951,2,Slow,0.5834148526191711,879,677
951,0,VRU,0.5604499578475952,1344,855
951,1,Fast,0.48116716742515564,966,607
951,1,Fast,0.3607533574104309,959,697
952,1,Fast,0.8870236873626709,942,921
952,1,Fast,0.8783790469169617,1070,976
952,1,Fast,0.7841935157775879,896,751
952,1,Fast,0.6226410865783691,965,603
952,0,VRU,0.48870182037353516,1344,855
952,2,Slow,0.4809505045413971,879,680
952,1,Fast,0.47283774614334106,957,691
952,1,Fast,0.4058786928653717,873,841
953,1,Fast,0.8862790465354919,1066,966
953,1,Fast,0.8832126259803772,944,929
953,1,Fast,0.8575289249420166,876,847
953,1,Fast,0.685911238193512,897,757
953,1,Fast,0.5991196036338806,963,601
953,1,Fast,0.5170103311538696,955,686
953,0,VRU,0.40181729197502136,1344,856
954,1,Fast,0.8956421613693237,948,938
954,1,Fast,0.8917534351348877,1062,957
954,1,Fast,0.8623586893081665,877,853
954,1,Fast,0.7868506908416748,899,763
954,1,Fast,0.5973966717720032,954,680
954,0,VRU,0.4039240777492523,1344,855
955,1,Fast,0.8805360198020935,950,946
955,1,Fast,0.8713245987892151,1058,947
955,1,Fast,0.7949494123458862,879,859
955,1,Fast,0.7508679628372192,901,770
955,1,Fast,0.3954409062862396,952,676
955,0,VRU,0.39153385162353516,1344,855
956,1,Fast,0.8748975396156311,953,955
956,1,Fast,0.8645719885826111,1054,937
956,1,Fast,0.8112722039222717,903,776
956,1,Fast,0.6343740820884705,881,866
956,0,VRU,0.4126928448677063,1344,855
957,1,Fast,0.881942629814148,1049,928
957,1,Fast,0.8738069534301758,956,963
957,1,Fast,0.815435528755188,904,782
957,1,Fast,0.8136762976646423,883,873
957,1,Fast,0.5249547362327576,949,666
957,0,VRU,0.4155485928058624,1344,856
958,1,Fast,0.8840891122817993,1045,920
958,1,Fast,0.8710171580314636,959,972
958,1,Fast,0.8356950879096985,885,879
958,1,Fast,0.8207284212112427,905,788
958,1,Fast,0.6366757154464722,948,661
958,1,Fast,0.5421369671821594,865,636
958,0,VRU,0.3589154779911041,1344,856
959,1,Fast,0.8710548877716064,962,982
959,1,Fast,0.8687852621078491,1042,912
959,1,Fast,0.8535876870155334,907,793
959,1,Fast,0.8163052797317505,887,886
959,1,Fast,0.6751434803009033,946,656
959,0,VRU,0.41465669870376587,1344,855
960,1,Fast,0.8722237348556519,1039,903
960,1,Fast,0.868683397769928,966,992
960,1,Fast,0.832955002784729,910,801
960,1,Fast,0.7005963921546936,889,892
960,1,Fast,0.6801259517669678,945,652
960,2,Slow,0.5496002435684204,892,721
961,1,Fast,0.8805428743362427,970,1001
961,1,Fast,0.8675709962844849,1035,895
961,1,Fast,0.8539149165153503,912,807
961,1,Fast,0.7536564469337463,891,900
961,1,Fast,0.657697319984436,943,648
961,2,Slow,0.6539431810379028,893,727
962,1,Fast,0.8807446360588074,1032,888
962,1,Fast,0.8790421485900879,973,1012
962,1,Fast,0.8389008045196533,914,814
962,1,Fast,0.4777428209781647,941,643
962,1,Fast,0.4096040427684784,893,908
962,2,Slow,0.3321976363658905,895,732
963,1,Fast,0.8692758679389954,976,1021
963,1,Fast,0.8538187742233276,1028,879
963,1,Fast,0.8353949189186096,916,820
963,1,Fast,0.3549678921699524,952,567
964,1,Fast,0.8701452016830444,1025,871
964,1,Fast,0.8523005843162537,980,1031
964,1,Fast,0.8353164792060852,918,827
964,1,Fast,0.5562988519668579,872,663
964,1,Fast,0.3198992609977722,899,744
964,1,Fast,0.3152366578578949,938,633
965,1,Fast,0.8551626205444336,1021,863
965,1,Fast,0.8427478671073914,984,1041
965,1,Fast,0.8421352505683899,920,833
965,1,Fast,0.3997564911842346,873,667
966,1,Fast,0.8720276951789856,1017,856
966,1,Fast,0.8674823641777039,922,840
966,1,Fast,0.8379279971122742,988,1049
966,1,Fast,0.7494794130325317,900,938
966,1,Fast,0.6758219003677368,874,671
967,1,Fast,0.8506104350090027,1015,849
967,1,Fast,0.8382441997528076,924,848
967,1,Fast,0.705807626247406,994,1055
967,1,Fast,0.6739794611930847,902,945
967,1,Fast,0.6584932208061218,875,677
968,1,Fast,0.8550286889076233,1012,842
968,1,Fast,0.8244572281837463,926,856
968,1,Fast,0.7198242545127869,877,681
968,2,Slow,0.39866337180137634,998,1060
968,1,Fast,0.32217830419540405,903,954
969,1,Fast,0.8406129479408264,1008,834
969,1,Fast,0.8141953945159912,928,863
969,1,Fast,0.8045055270195007,878,686
969,1,Fast,0.752269446849823,907,962
969,1,Fast,0.7078371644020081,907,775
969,2,Slow,0.45403286814689636,1004,1065
969,1,Fast,0.3968152701854706,1201,1019
970,1,Fast,0.8123422265052795,1006,828
970,1,Fast,0.8004361987113953,931,870
970,1,Fast,0.7650930285453796,909,968
970,1,Fast,0.5832700729370117,880,692
970,1,Fast,0.44140365719795227,909,781
970,2,Slow,0.37704235315322876,1054,809
970,1,Fast,0.3140416145324707,929,607
971,1,Fast,0.8140594363212585,933,877
971,1,Fast,0.8104833960533142,1002,821
971,1,Fast,0.785732090473175,912,977
971,1,Fast,0.630881667137146,881,697
971,1,Fast,0.595358669757843,929,603
971,1,Fast,0.5497342944145203,879,856
971,1,Fast,0.43884599208831787,1194,1005
972,1,Fast,0.8566675186157227,936,885
972,1,Fast,0.751607358455658,999,813
972,1,Fast,0.4538010060787201,882,702
973,1,Fast,0.8499422669410706,938,892
973,1,Fast,0.7899873852729797,917,995
973,1,Fast,0.7555978894233704,997,806
973,1,Fast,0.7148380875587463,1186,991
973,1,Fast,0.5715106129646301,884,707
974,1,Fast,0.8153496980667114,995,800
974,1,Fast,0.7541936635971069,919,1005
974,1,Fast,0.7360475063323975,1182,983
974,1,Fast,0.7317824363708496,885,713
974,1,Fast,0.689608633518219,940,901
975,1,Fast,0.828253448009491,1179,978
975,1,Fast,0.7903786301612854,943,909
975,1,Fast,0.754899799823761,886,718
975,1,Fast,0.601229190826416,992,792
976,1,Fast,0.8389391303062439,945,917
976,1,Fast,0.6314824819564819,989,786
976,1,Fast,0.6262125372886658,888,724
976,1,Fast,0.6006001830101013,924,1021
977,1,Fast,0.8511931300163269,948,925
977,1,Fast,0.7113651037216187,987,779
977,1,Fast,0.5527802109718323,1171,965
977,1,Fast,0.5304223895072937,927,1031
977,1,Fast,0.5260099172592163,890,729
978,1,Fast,0.8685623407363892,951,934
978,1,Fast,0.6688861846923828,984,773
978,1,Fast,0.5512102246284485,921,576
978,1,Fast,0.5074537396430969,930,1041
978,1,Fast,0.4385600984096527,891,904
978,1,Fast,0.3476240634918213,891,734
979,1,Fast,0.8740797638893127,954,942
979,1,Fast,0.742621898651123,981,766
979,1,Fast,0.310180127620697,1165,953
979,1,Fast,0.30833950638771057,850,722
980,1,Fast,0.854737401008606,956,950
980,1,Fast,0.741767168045044,980,761
980,1,Fast,0.6665366888046265,930,848
980,1,Fast,0.6023448705673218,895,918
980,1,Fast,0.4691435694694519,894,745
980,1,Fast,0.46692341566085815,851,728
981,1,Fast,0.8549731373786926,959,959
981,1,Fast,0.7157269716262817,978,755
981,1,Fast,0.6561041474342346,898,927
981,1,Fast,0.4717342257499695,1242,1070
982,1,Fast,0.8577525615692139,963,968
982,1,Fast,0.7800149917602539,900,933
982,1,Fast,0.7679953575134277,975,748
982,1,Fast,0.6356114745140076,1237,1066
982,1,Fast,0.5854131579399109,1154,933
982,1,Fast,0.5743468403816223,934,861
982,1,Fast,0.4678631126880646,917,561
982,1,Fast,0.3820958435535431,854,737
983,1,Fast,0.8580455183982849,966,977
983,1,Fast,0.7931481599807739,903,941
983,1,Fast,0.7334380149841309,973,743
983,1,Fast,0.6326831579208374,937,868
983,1,Fast,0.4357607960700989,855,743
983,1,Fast,0.39880356192588806,917,557
983,1,Fast,0.3970819115638733,949,1072
983,1,Fast,0.3678453266620636,1234,1063
984,1,Fast,0.8608530759811401,969,987
984,1,Fast,0.6912871599197388,904,948
984,1,Fast,0.6787840127944946,970,736
984,1,Fast,0.6014422178268433,1229,1059
984,1,Fast,0.5405501127243042,901,770
984,1,Fast,0.5372362732887268,916,554
984,1,Fast,0.3871389925479889,856,748
984,1,Fast,0.3622361123561859,1148,923
985,1,Fast,0.8618361353874207,972,995
985,1,Fast,0.7979768514633179,1225,1056
985,1,Fast,0.730175793170929,903,775
985,1,Fast,0.535527765750885,968,730
985,1,Fast,0.5341137051582336,1145,916
985,1,Fast,0.5052326321601868,907,957
985,1,Fast,0.4155545234680176,916,550
985,1,Fast,0.375565767288208,858,753
986,1,Fast,0.8523245453834534,976,1005
986,1,Fast,0.7929277420043945,905,782
986,1,Fast,0.6539437770843506,859,757
986,1,Fast,0.6533332467079163,910,965
986,1,Fast,0.6307506561279297,915,546
986,1,Fast,0.4522770047187805,966,725
986,1,Fast,0.39848780632019043,1216,1050
987,1,Fast,0.8585572242736816,979,1016
987,1,Fast,0.7693511247634888,906,789
987,1,Fast,0.5932430028915405,860,763
987,1,Fast,0.5705070495605469,964,719
987,1,Fast,0.5525705814361572,912,974
987,1,Fast,0.44363832473754883,1007,636
987,1,Fast,0.33503612875938416,914,543
988,1,Fast,0.8636564016342163,982,1025
988,1,Fast,0.807447612285614,908,795
988,1,Fast,0.803281843662262,861,769
988,1,Fast,0.6530551910400391,962,713
988,1,Fast,0.41448357701301575,1005,634
989,1,Fast,0.8610804677009583,985,1036
989,1,Fast,0.8032202124595642,862,775
989,1,Fast,0.7448372840881348,910,802
989,1,Fast,0.724571943283081,959,707
989,1,Fast,0.3959750831127167,1133,892
989,1,Fast,0.34776443243026733,1204,1028
990,1,Fast,0.8506448864936829,989,1045
990,1,Fast,0.8245987892150879,864,781
990,1,Fast,0.6881668567657471,1131,888
990,1,Fast,0.5340058207511902,913,808
990,1,Fast,0.4595126211643219,930,493
990,1,Fast,0.456186443567276,957,702
990,1,Fast,0.3155847489833832,912,533
991,1,Fast,0.8249802589416504,994,1054
991,1,Fast,0.8020079135894775,865,787
991,1,Fast,0.739386796951294,958,934
991,1,Fast,0.7017691731452942,914,815
991,1,Fast,0.697143018245697,956,697
991,1,Fast,0.6081777811050415,1196,1015
991,1,Fast,0.34701764583587646,912,529
992,1,Fast,0.8267865180969238,866,792
992,1,Fast,0.8128803968429565,997,1059
992,1,Fast,0.7722278833389282,954,691
992,1,Fast,0.7680888175964355,962,941
992,1,Fast,0.7244006395339966,917,822
992,1,Fast,0.5525929927825928,1192,1008
992,1,Fast,0.30459338426589966,910,526
993,1,Fast,0.8381888270378113,952,686
993,1,Fast,0.8319531083106995,868,799
993,1,Fast,0.8216293454170227,919,829
993,1,Fast,0.7949541807174683,964,949
993,1,Fast,0.764004111289978,1189,1001
993,1,Fast,0.31424275040626526,1121,872
994,1,Fast,0.833786129951477,921,836
994,1,Fast,0.8290128707885742,869,805
994,1,Fast,0.8193109631538391,951,681
994,1,Fast,0.6416842341423035,1184,994
994,1,Fast,0.5599445104598999,968,958
994,1,Fast,0.4594229757785797,1006,1069
994,1,Fast,0.388072669506073,1119,867
995,1,Fast,0.8627414703369141,1180,987
995,1,Fast,0.8479404449462891,922,843
995,1,Fast,0.8328545689582825,949,675
995,1,Fast,0.8146777153015137,870,811
996,1,Fast,0.8629611730575562,924,851
996,1,Fast,0.805540919303894,1178,981
996,1,Fast,0.8050636649131775,948,670
996,1,Fast,0.7491843104362488,873,817
996,1,Fast,0.6298971176147461,997,609
996,0,VRU,0.5045238733291626,1342,856
996,1,Fast,0.4702789783477783,937,1052
996,1,Fast,0.3969370424747467,974,977
997,1,Fast,0.8583810925483704,926,858
997,1,Fast,0.8087864518165588,1175,975
997,1,Fast,0.7291368842124939,926,476
997,1,Fast,0.7146911025047302,947,665
997,0,VRU,0.5256990790367126,1342,856
997,1,Fast,0.3404231071472168,875,823
998,1,Fast,0.8552293181419373,929,865
998,1,Fast,0.7959761023521423,1171,969
998,1,Fast,0.7160611748695374,875,829
998,1,Fast,0.6861679553985596,945,660
998,1,Fast,0.5717028379440308,926,473
998,2,Slow,0.5583314299583435,986,653
998,0,VRU,0.5176377892494202,1342,856
998,1,Fast,0.3158591091632843,995,605
999,1,Fast,0.8545173406600952,931,872
999,1,Fast,0.808806836605072,1167,963
999,1,Fast,0.754864513874054,876,835
999,1,Fast,0.6857846975326538,943,656
999,2,Slow,0.5851013660430908,984,650
999,0,VRU,0.5281153917312622,1342,856
999,1,Fast,0.44022998213768005,993,601
999,1,Fast,0.41401588916778564,926,471
1000,1,Fast,0.806722104549408,934,880
1000,1,Fast,0.8016114234924316,878,842
1000,1,Fast,0.7684273719787598,941,652
1000,1,Fast,0.7648687958717346,1163,957
1000,1,Fast,0.6580736041069031,903,501
1000,0,VRU,0.5744267106056213,1342,856
1000,2,Slow,0.37759625911712646,983,646
1000,1,Fast,0.373323917388916,992,599
1000,1,Fast,0.37123745679855347,1104,837
1000,1,Fast,0.34014713764190674,925,469
1001,1,Fast,0.8209888339042664,880,848
1001,1,Fast,0.7960237860679626,939,646
1001,1,Fast,0.7908153533935547,936,888
1001,1,Fast,0.7813964486122131,1160,951
1001,1,Fast,0.6213928461074829,1101,831
1001,0,VRU,0.5546697378158569,1342,856
1001,1,Fast,0.4439805746078491,902,498
1001,1,Fast,0.3418479561805725,924,466
1002,1,Fast,0.8416136503219604,882,856
1002,1,Fast,0.8024023771286011,938,641
1002,1,Fast,0.7356131076812744,1157,944
1002,1,Fast,0.6196693181991577,939,896
1002,0,VRU,0.544583797454834,1342,856
1002,1,Fast,0.47832176089286804,903,495
1002,1,Fast,0.3951312005519867,924,465
1003,1,Fast,0.8415188193321228,883,863
1003,1,Fast,0.7825190424919128,936,637
1003,1,Fast,0.7790576815605164,941,903
1003,1,Fast,0.5579200983047485,1155,938
1003,0,VRU,0.557809591293335,1342,856
1003,1,Fast,0.3421989679336548,1096,821
1004,1,Fast,0.8227091431617737,885,869
1004,1,Fast,0.8185049891471863,934,633
1004,1,Fast,0.8049718737602234,944,911
1004,1,Fast,0.7005788683891296,1151,932
1004,0,VRU,0.5428365468978882,1342,856
1005,1,Fast,0.836930513381958,886,876
1005,1,Fast,0.8319240212440491,933,628
1005,1,Fast,0.8165978193283081,947,920
1005,1,Fast,0.5720406174659729,1148,927
1005,0,VRU,0.5602982044219971,1342,856
1006,1,Fast,0.8544057607650757,889,882
1006,1,Fast,0.8457456827163696,932,624
1006,1,Fast,0.8067398071289062,950,929
1006,1,Fast,0.7615208029747009,1144,920
1006,0,VRU,0.6022982597351074,1342,856
1007,1,Fast,0.8590750098228455,890,890
1007,1,Fast,0.8577241897583008,952,937
1007,1,Fast,0.8262364268302917,931,619
1007,1,Fast,0.7863295674324036,1141,915
1007,0,VRU,0.6009159088134766,1342,856
1008,1,Fast,0.846550464630127,955,946
1008,1,Fast,0.8320555090904236,893,897
1008,1,Fast,0.7491748332977295,929,614
1008,1,Fast,0.706193208694458,1138,909
1008,0,VRU,0.6467868685722351,1343,856
1009,1,Fast,0.867409348487854,958,955
1009,1,Fast,0.8215264081954956,894,904
1009,1,Fast,0.7662431001663208,928,611
1009,0,VRU,0.6429107785224915,1343,856
1009,1,Fast,0.6028317809104919,1134,903
1009,1,Fast,0.32640939950942993,921,448
1010,1,Fast,0.8618023991584778,961,964
1010,1,Fast,0.7907756567001343,927,607
1010,1,Fast,0.7473648190498352,1132,897
1010,1,Fast,0.7434697151184082,896,911
1010,0,VRU,0.6522777676582336,1343,856
1010,1,Fast,0.5436049103736877,920,447
1011,1,Fast,0.8196166157722473,964,973
1011,1,Fast,0.8180321455001831,1129,891
1011,1,Fast,0.8126603960990906,897,918
1011,1,Fast,0.7543962001800537,925,603
1011,1,Fast,0.610325038433075,920,445
1011,0,VRU,0.5721051692962646,1343,857
1011,1,Fast,0.4126015901565552,900,470
1012,1,Fast,0.8463878035545349,1126,887
1012,1,Fast,0.7798783183097839,924,599
1012,1,Fast,0.7790891528129578,968,982
1012,1,Fast,0.7468428611755371,900,927
1012,0,VRU,0.5363091230392456,1343,857
1013,1,Fast,0.8629748821258545,901,934
1013,1,Fast,0.8050432801246643,923,595
1013,1,Fast,0.7860620617866516,971,993
1013,1,Fast,0.7468591332435608,1123,882
1013,0,VRU,0.4642394781112671,1342,856
1013,1,Fast,0.4504372775554657,1074,776
1014,1,Fast,0.8573688268661499,904,942
1014,1,Fast,0.8081070184707642,922,591
1014,1,Fast,0.804762065410614,975,1001
1014,1,Fast,0.7955991625785828,1120,877
1014,1,Fast,0.6646546721458435,1072,772
1014,0,VRU,0.3946806788444519,1342,856
1015,1,Fast,0.8463613986968994,906,950
1015,1,Fast,0.8213856816291809,979,1012
1015,1,Fast,0.796777606010437,1118,871
1015,1,Fast,0.7658256888389587,920,587
1015,0,VRU,0.5164318680763245,1342,856
1015,1,Fast,0.3313485085964203,1070,768
1016,1,Fast,0.8539841175079346,981,1022
1016,1,Fast,0.8477916121482849,908,958
1016,1,Fast,0.766897976398468,919,582
1016,1,Fast,0.6114282011985779,1115,866
1016,0,VRU,0.5206524729728699,1342,856
1016,1,Fast,0.37765902280807495,1067,764
1017,1,Fast,0.8735641837120056,910,966
1017,1,Fast,0.8515438437461853,985,1032
1017,1,Fast,0.7419045567512512,917,579
1017,0,VRU,0.46927037835121155,1342,855
1017,1,Fast,0.30975523591041565,1113,861
1018,1,Fast,0.8679186105728149,913,974
1018,1,Fast,0.8159059286117554,988,1042
1018,1,Fast,0.7601763010025024,917,575
1018,0,VRU,0.5022525191307068,1342,856
1018,1,Fast,0.3421984612941742,1110,855
1019,1,Fast,0.82713383436203,915,982
1019,1,Fast,0.7882570624351501,992,1052
1019,1,Fast,0.7147602438926697,916,570
1019,0,VRU,0.5857638716697693,1342,856
1019,1,Fast,0.37202271819114685,1232,1063
1020,1,Fast,0.86353999376297,918,991
1020,1,Fast,0.7708433270454407,916,566
1020,1,Fast,0.5021562576293945,998,1058
1020,1,Fast,0.4191347360610962,1059,746
1021,1,Fast,0.7038785815238953,914,562
1021,1,Fast,0.6900187730789185,921,999
1021,1,Fast,0.6888180375099182,1218,1055
1021,1,Fast,0.4334038496017456,1057,742
1021,1,Fast,0.3106241524219513,1102,842
1022,1,Fast,0.7648195624351501,914,558
1022,1,Fast,0.5040242075920105,923,1008
1022,1,Fast,0.32560932636260986,1056,738
1023,1,Fast,0.7353417873382568,913,555
1023,1,Fast,0.6022452712059021,926,1018
1023,1,Fast,0.3268689513206482,1208,1040
1024,1,Fast,0.777607798576355,928,1026
1024,1,Fast,0.7553055882453918,912,551
1024,1,Fast,0.4741656184196472,1051,731
1025,1,Fast,0.7984785437583923,931,1036
1025,1,Fast,0.7599352598190308,911,547
1025,1,Fast,0.3452819287776947,1092,820
1026,1,Fast,0.7242749333381653,910,544
1026,1,Fast,0.6609981656074524,1089,815
1026,1,Fast,0.6119052767753601,1194,1017
1026,1,Fast,0.5765480995178223,934,1045
1026,1,Fast,0.5759574174880981,852,549
1027,1,Fast,0.816443681716919,938,1053
1027,1,Fast,0.7543347477912903,1190,1010
1027,1,Fast,0.7435004711151123,1087,811
1027,1,Fast,0.6442779898643494,909,540
1027,1,Fast,0.4478399455547333,852,553
1028,1,Fast,0.8419103622436523,1186,1003
1028,1,Fast,0.8042330145835876,1045,714
1028,1,Fast,0.7713299989700317,1084,806
1028,1,Fast,0.7170993685722351,908,537
1028,1,Fast,0.6411707401275635,942,1058
1028,1,Fast,0.5533389449119568,852,556
1029,1,Fast,0.8490419983863831,1182,996
1029,1,Fast,0.8386751413345337,1044,711
1029,1,Fast,0.7458183765411377,906,534
1029,1,Fast,0.49953243136405945,1082,802
1029,1,Fast,0.320077508687973,853,560
1030,1,Fast,0.8276259303092957,1179,988
1030,1,Fast,0.786657452583313,906,530
1030,1,Fast,0.7109643220901489,1042,708
1031,1,Fast,0.7696731686592102,1176,981
1031,1,Fast,0.7471172213554382,905,527
1031,1,Fast,0.4777478277683258,854,567
1031,1,Fast,0.3754143714904785,1078,793
1032,1,Fast,0.7745237350463867,904,524
1032,1,Fast,0.7714079022407532,1038,701
1032,1,Fast,0.5372132658958435,1172,975
1032,1,Fast,0.5114160776138306,1076,789
1032,1,Fast,0.5087993741035461,854,571
1032,2,Slow,0.34093567728996277,942,522
1033,1,Fast,0.8038032650947571,903,521
1033,1,Fast,0.7485048770904541,1167,968
1033,1,Fast,0.7169697284698486,1037,697
1033,1,Fast,0.6313492655754089,1073,784
1033,1,Fast,0.539014458656311,855,575
1034,1,Fast,0.8370566368103027,1164,962
1034,1,Fast,0.8165504336357117,902,518
1034,1,Fast,0.7586681246757507,1071,779
1034,1,Fast,0.6578001379966736,1035,693
1034,1,Fast,0.6540963649749756,855,579
1035,1,Fast,0.7906472682952881,902,514
1035,1,Fast,0.7773140668869019,1160,955
1035,1,Fast,0.7118597030639648,1070,775
1035,1,Fast,0.6825588345527649,1034,689
1035,1,Fast,0.6663055419921875,857,582
1036,1,Fast,0.8598777651786804,1156,948
1036,1,Fast,0.7874988913536072,1033,685
1036,1,Fast,0.7610969543457031,901,511
1036,1,Fast,0.676463782787323,857,586
1036,1,Fast,0.4626307189464569,1067,771
1037,1,Fast,0.8177038431167603,1153,942
1037,1,Fast,0.8022862672805786,1032,682
1037,1,Fast,0.7825453281402588,901,508
1037,1,Fast,0.5503814220428467,1065,766
1038,1,Fast,0.7407304644584656,1030,679
1038,1,Fast,0.6246433258056641,1063,762
1038,1,Fast,0.6172580718994141,1150,936
1038,1,Fast,0.6159288287162781,900,504
1039,1,Fast,0.6617500185966492,899,500
1039,1,Fast,0.5282444357872009,1147,930
1039,1,Fast,0.4951285123825073,1061,758
1039,1,Fast,0.38220855593681335,1028,676
1040,1,Fast,0.6401792764663696,899,497
1040,1,Fast,0.6093811392784119,1058,754
1040,1,Fast,0.4636218547821045,1026,673
1040,1,Fast,0.44780081510543823,1143,924
1041,1,Fast,0.798645555973053,1140,917
1041,1,Fast,0.7412877678871155,1024,669
1041,1,Fast,0.6862702369689941,899,494
1041,1,Fast,0.6772549748420715,1056,749
1042,1,Fast,0.7549251914024353,898,491
1042,1,Fast,0.7222738265991211,1023,665
1042,1,Fast,0.6958967447280884,1137,911
1042,1,Fast,0.5667350888252258,1055,746
1043,1,Fast,0.8122598528862,1133,905
1043,1,Fast,0.7350893616676331,1022,661
1043,1,Fast,0.6368322968482971,898,489
1043,1,Fast,0.48427003622055054,1054,742
1044,1,Fast,0.7886051535606384,1021,658
1044,1,Fast,0.7666113376617432,1130,899
1044,1,Fast,0.699418842792511,897,486
1044,1,Fast,0.38815295696258545,1051,739
1045,1,Fast,0.8081763386726379,1019,655
1045,1,Fast,0.6332060694694519,897,483
1045,1,Fast,0.5816275477409363,1127,894
1046,1,Fast,0.8286635875701904,1018,653
1046,1,Fast,0.6526933908462524,896,480
1046,1,Fast,0.6421088576316833,1124,888
1047,1,Fast,0.7514052391052246,1016,650
1047,1,Fast,0.6446086168289185,896,477
1048,1,Fast,0.6792096495628357,1117,877
1048,1,Fast,0.5686935186386108,1015,647
1048,1,Fast,0.36117658019065857,895,474
1049,1,Fast,0.7571004033088684,1013,644
1049,1,Fast,0.7541930079460144,1114,872
1049,1,Fast,0.7520381212234497,895,471
1050,1,Fast,0.8070729374885559,1013,640
1050,1,Fast,0.7008800506591797,1111,866
1050,1,Fast,0.673082172870636,895,468
1051,1,Fast,0.8288676142692566,1012,636
1051,1,Fast,0.7099027037620544,1108,861
1051,1,Fast,0.5879322290420532,894,466
1052,1,Fast,0.8074386715888977,1010,633
1052,1,Fast,0.7190325260162354,1106,855
1052,1,Fast,0.5951198935508728,873,656
1052,1,Fast,0.3285597264766693,893,463
1053,1,Fast,0.8010252714157104,1010,631
1053,1,Fast,0.7117757797241211,874,661
1053,1,Fast,0.4582343101501465,1008,729
1053,1,Fast,0.32911738753318787,1104,850
1054,1,Fast,0.8149511814117432,1008,628
1054,1,Fast,0.41377946734428406,876,666
1054,1,Fast,0.3002103865146637,1101,845
1055,1,Fast,0.7796714901924133,1006,626
1055,1,Fast,0.7017984986305237,877,670
1055,1,Fast,0.5961388349533081,1097,840
1055,1,Fast,0.3067372143268585,1030,696
1056,1,Fast,0.736802875995636,1095,834
1056,1,Fast,0.712112545967102,878,674
1056,1,Fast,0.40146735310554504,1004,622
1056,1,Fast,0.3842047452926636,1181,1065
1057,1,Fast,0.7519297003746033,1092,829
1057,1,Fast,0.42840948700904846,879,679
1057,1,Fast,0.39685794711112976,1175,1060
1058,1,Fast,0.7358134984970093,1166,1056
1058,1,Fast,0.6484715342521667,1089,823
1058,1,Fast,0.43475210666656494,880,684
1058,1,Fast,0.31235626339912415,891,448
1059,1,Fast,0.7741011381149292,1161,1049
1059,1,Fast,0.5361303091049194,954,934
1059,1,Fast,0.39191490411758423,891,445
1059,1,Fast,0.3542698621749878,1087,818
1060,1,Fast,0.8231675028800964,1156,1039
1060,1,Fast,0.5116251111030579,1000,610
1060,1,Fast,0.5088653564453125,891,443
1060,1,Fast,0.4460321068763733,956,943
1061,1,Fast,0.867392897605896,1151,1030
1061,1,Fast,0.6407504677772522,998,607
1061,1,Fast,0.4163947105407715,891,440
1062,1,Fast,0.8769834637641907,1147,1021
1062,1,Fast,0.601539134979248,962,961
1062,1,Fast,0.5080716609954834,891,437
1062,1,Fast,0.4827927052974701,997,605
1062,1,Fast,0.42252370715141296,1079,804
1063,1,Fast,0.8746863007545471,1142,1012
1063,1,Fast,0.4328760802745819,1076,800
1063,1,Fast,0.38517388701438904,988,682
1063,1,Fast,0.34210270643234253,965,971
1063,1,Fast,0.3090876638889313,890,435
1064,1,Fast,0.869175910949707,1137,1003
1064,1,Fast,0.5606452226638794,1074,794
1064,1,Fast,0.5448368787765503,987,677
1064,1,Fast,0.31718766689300537,889,720
1065,1,Fast,0.8583857417106628,1132,995
1065,1,Fast,0.4458596110343933,1072,790
1065,1,Fast,0.36474838852882385,986,673
1066,1,Fast,0.8530499935150146,1128,986
1066,1,Fast,0.4539874792098999,1070,785
1066,1,Fast,0.3282620906829834,892,729
1066,1,Fast,0.30952608585357666,889,427
1067,1,Fast,0.8806506395339966,1124,977
1067,1,Fast,0.6721661686897278,893,735
1067,1,Fast,0.5112828612327576,1067,780
1067,1,Fast,0.4048617482185364,991,590
1068,1,Fast,0.8474526405334473,1120,970
1068,1,Fast,0.6326020359992981,991,588
1068,1,Fast,0.4036242365837097,895,741
1068,1,Fast,0.32969745993614197,1065,776
1069,1,Fast,0.8513388633728027,1116,961
1069,1,Fast,0.5017843246459961,1063,772
1069,1,Fast,0.49568381905555725,989,586
1069,1,Fast,0.30080875754356384,897,747
1070,1,Fast,0.7717248797416687,1112,953
1070,1,Fast,0.604347825050354,1061,767
1070,1,Fast,0.35484692454338074,887,418
1070,1,Fast,0.30028218030929565,988,584
1071,1,Fast,0.7423104643821716,1109,945
1071,1,Fast,0.6618161201477051,901,760
1071,1,Fast,0.41882410645484924,987,581
1071,1,Fast,0.41559818387031555,1059,762
1071,1,Fast,0.37292593717575073,974,647
1072,1,Fast,0.748303234577179,902,766
1072,1,Fast,0.7454148530960083,1105,938
1072,1,Fast,0.5486900210380554,1056,758
1072,1,Fast,0.3802090883255005,985,579
1073,1,Fast,0.6796119809150696,1101,929
1073,1,Fast,0.6259055733680725,984,575
1073,1,Fast,0.6161516904830933,1054,753
1073,1,Fast,0.4184475541114807,903,772
1073,1,Fast,0.370623379945755,972,637
1074,1,Fast,0.8331118822097778,1098,922
1074,1,Fast,0.8126067519187927,905,778
1074,1,Fast,0.610682487487793,1052,749
1074,1,Fast,0.32007524371147156,983,573
1075,1,Fast,0.8415989279747009,907,784
1075,1,Fast,0.7625078558921814,1094,914
1075,1,Fast,0.6540325284004211,969,629
1075,1,Fast,0.4573056995868683,983,569
1075,1,Fast,0.386024534702301,1050,745
1076,1,Fast,0.7440086007118225,968,626
1076,1,Fast,0.581880509853363,909,790
1076,1,Fast,0.5551931262016296,1090,907
1076,1,Fast,0.49154219031333923,982,567
1076,1,Fast,0.48844853043556213,1002,628
1076,1,Fast,0.37319737672805786,1049,741
1077,1,Fast,0.7710776329040527,966,622
1077,1,Fast,0.7614055871963501,1086,899
1077,1,Fast,0.7364565134048462,912,798
1077,1,Fast,0.5535415410995483,1047,736
1077,1,Fast,0.4856935739517212,982,565
1078,1,Fast,0.7533424496650696,913,805
1078,1,Fast,0.7210620641708374,1083,893
1078,1,Fast,0.5721098184585571,981,563
1078,1,Fast,0.457626074552536,1000,622
1078,1,Fast,0.4280685782432556,966,617
1079,1,Fast,0.787809431552887,1080,886
1079,1,Fast,0.6065512299537659,916,812
1079,1,Fast,0.5885083675384521,979,560
1079,1,Fast,0.4092147946357727,1043,728
1079,1,Fast,0.4000723361968994,1000,618
1079,1,Fast,0.3354622423648834,964,613
1080,1,Fast,0.7243640422821045,979,558
1080,1,Fast,0.7169669270515442,918,818
1080,1,Fast,0.6935479640960693,1077,879
1080,1,Fast,0.6906872391700745,1042,724
1080,1,Fast,0.5311870574951172,999,616
1081,1,Fast,0.7384079098701477,1039,720
1081,1,Fast,0.6947140097618103,997,613
1081,1,Fast,0.679750919342041,961,605
1081,1,Fast,0.658210277557373,978,555
1081,1,Fast,0.44337889552116394,1073,872
1081,1,Fast,0.4261394441127777,921,827
1082,1,Fast,0.7298237681388855,1038,716
1082,1,Fast,0.6198636889457703,977,553
1082,1,Fast,0.5894466042518616,1070,864
1082,1,Fast,0.5758992433547974,960,602
1082,1,Fast,0.4377669095993042,922,832
1082,1,Fast,0.30858972668647766,997,610
1083,1,Fast,0.6794379353523254,1067,858
1083,1,Fast,0.6637892127037048,995,607
1083,1,Fast,0.6027016043663025,976,550
1083,1,Fast,0.5660829544067383,924,839
1083,1,Fast,0.5439924001693726,1036,712
1083,1,Fast,0.5244101285934448,958,599
1084,1,Fast,0.6600427031517029,976,547
1084,1,Fast,0.6101781129837036,927,847
1084,1,Fast,0.5863891839981079,1034,708
1084,1,Fast,0.512736439704895,957,596
1084,1,Fast,0.47032344341278076,1064,851
1085,1,Fast,0.6364228129386902,957,592
1085,1,Fast,0.5698052048683167,930,855
1085,1,Fast,0.5499293208122253,1032,705
1085,1,Fast,0.5457912087440491,975,545
1085,1,Fast,0.30068862438201904,1061,844
1086,1,Fast,0.6400944590568542,955,588
1086,1,Fast,0.6288989782333374,972,543
1086,1,Fast,0.5767509341239929,1030,699
1086,1,Fast,0.5400740504264832,932,863
1086,1,Fast,0.5251067280769348,1058,838
1086,1,Fast,0.30388712882995605,1102,1047
1087,1,Fast,0.6115863919258118,991,597
1087,1,Fast,0.598979651927948,1029,696
1087,1,Fast,0.5907118916511536,1054,832
1087,1,Fast,0.5901745557785034,972,540
1087,1,Fast,0.5002408027648926,954,585
1088,1,Fast,0.7829206585884094,1027,692
1088,1,Fast,0.7093831896781921,1051,825
1088,1,Fast,0.7007396221160889,953,580
1088,1,Fast,0.6795991063117981,937,876
1088,1,Fast,0.5368277430534363,970,538
1089,1,Fast,0.7719783186912537,1047,819
1089,1,Fast,0.7386109232902527,951,577
1089,1,Fast,0.7372593879699707,1025,688
1089,1,Fast,0.6637296080589294,988,590
1089,1,Fast,0.44568660855293274,1086,1013
1089,1,Fast,0.3574605882167816,969,536
1090,1,Fast,0.7877198457717896,1024,685
1090,1,Fast,0.5331414937973022,1045,813
1090,1,Fast,0.5072512030601501,951,573
1090,1,Fast,0.4989955425262451,1081,1004
1091,1,Fast,0.7331534028053284,1181,1063
1091,1,Fast,0.6897947788238525,987,586
1091,1,Fast,0.6441547274589539,1077,995
1091,1,Fast,0.5975298881530762,1022,682
1091,1,Fast,0.5927222967147827,945,902
1091,1,Fast,0.5480120778083801,1042,807
1091,1,Fast,0.44026950001716614,949,570
1092,1,Fast,0.753873348236084,1040,801
1092,1,Fast,0.7505850791931152,1073,984
1092,1,Fast,0.7461823225021362,1173,1059
1092,1,Fast,0.7056134939193726,1020,678
1092,1,Fast,0.605902910232544,949,566
1092,1,Fast,0.5516310334205627,986,583
1092,1,Fast,0.4764864146709442,948,909
1092,1,Fast,0.31079110503196716,968,529
1093,1,Fast,0.787953794002533,1070,975
1093,1,Fast,0.772763192653656,1037,795
1093,1,Fast,0.7206010222434998,1166,1053
1093,1,Fast,0.7168338298797607,951,918
1093,1,Fast,0.682967483997345,983,580
1093,1,Fast,0.6531127095222473,1018,675
1093,1,Fast,0.5231952667236328,948,562
1094,1,Fast,0.8240907788276672,1161,1044
1094,1,Fast,0.7392821311950684,1064,965
1094,1,Fast,0.6744195818901062,1017,671
1094,1,Fast,0.6103309988975525,1034,789
1094,1,Fast,0.4800615906715393,982,577
1094,1,Fast,0.42309635877609253,953,927
1094,1,Fast,0.40982452034950256,946,559
1094,1,Fast,0.37534862756729126,964,524
1095,1,Fast,0.8458601236343384,1157,1036
1095,1,Fast,0.8040047287940979,955,936
1095,1,Fast,0.7693333625793457,1016,667
1095,1,Fast,0.604543924331665,945,556
1095,1,Fast,0.5406919121742249,1060,956
1095,1,Fast,0.4956831634044647,1032,783
1095,1,Fast,0.4204578399658203,964,522
1096,1,Fast,0.843631386756897,1153,1026
1096,1,Fast,0.7671734094619751,1014,664
1096,1,Fast,0.6829042434692383,959,945
1096,1,Fast,0.6803790330886841,944,554
1096,1,Fast,0.49382665753364563,981,573
1096,1,Fast,0.48242291808128357,963,520
1096,1,Fast,0.4730059504508972,1029,776
1097,1,Fast,0.8557392954826355,1149,1018
1097,1,Fast,0.7874760031700134,962,953
1097,1,Fast,0.7307044267654419,1026,770
1097,1,Fast,0.6664251685142517,1013,660
1097,1,Fast,0.6663689613342285,943,550
1097,1,Fast,0.5358449816703796,980,570
1097,1,Fast,0.5105060338973999,962,518
1098,1,Fast,0.8691808581352234,1144,1010
1098,1,Fast,0.8072659969329834,1012,657
1098,1,Fast,0.7766178250312805,1023,765
1098,1,Fast,0.7466765642166138,965,963
1098,1,Fast,0.6453414559364319,941,546
1098,1,Fast,0.5248404145240784,980,568
1098,1,Fast,0.47843196988105774,961,515
1099,1,Fast,0.874355137348175,1139,1002
1099,1,Fast,0.8128289580345154,1010,654
1099,1,Fast,0.7480279803276062,968,972
1099,1,Fast,0.7113357186317444,979,566
1099,1,Fast,0.7052130103111267,1021,760
1099,1,Fast,0.6748780012130737,1044,921
1099,1,Fast,0.6558943390846252,940,542
1099,1,Fast,0.47672951221466064,961,513
1100,1,Fast,0.8501901626586914,1135,995
1100,1,Fast,0.7918350696563721,972,981
1100,1,Fast,0.7469117045402527,1018,754
1100,1,Fast,0.6279349327087402,940,540
1100,1,Fast,0.5235059857368469,1008,651
1100,1,Fast,0.484266072511673,1040,911
1100,1,Fast,0.3964291214942932,961,512
1101,1,Fast,0.8395702242851257,1132,986
1101,1,Fast,0.7740312218666077,1017,748
1101,1,Fast,0.7327104806900024,976,991
1101,1,Fast,0.654517412185669,939,535
1101,1,Fast,0.5366465449333191,1037,903
1101,1,Fast,0.4001311659812927,1007,647
1102,1,Fast,0.8575348854064941,1128,979
1102,1,Fast,0.7785592079162598,1014,743
1102,1,Fast,0.7323036789894104,1033,894
1102,1,Fast,0.6079877614974976,1006,644
1102,1,Fast,0.5591330528259277,937,532
1102,1,Fast,0.5004785060882568,980,1001
1103,1,Fast,0.8441624641418457,1012,737
1103,1,Fast,0.7921139597892761,1004,641
1103,1,Fast,0.7810185551643372,1029,886
1103,1,Fast,0.7696696519851685,1124,971
1103,1,Fast,0.6955529451370239,936,530
1104,1,Fast,0.7882223129272461,1009,733
1104,1,Fast,0.7867887616157532,1026,878
1104,1,Fast,0.6199313402175903,1003,637
1104,1,Fast,0.5723416209220886,1120,964
1104,1,Fast,0.49388864636421204,936,527
1105,1,Fast,0.7608566880226135,1117,956
1105,1,Fast,0.7597371935844421,1023,870
1105,1,Fast,0.7298220992088318,1002,634
1105,1,Fast,0.7225790619850159,1007,727
1105,1,Fast,0.5090200901031494,838,837
1105,1,Fast,0.3439349830150604,935,524
1106,1,Fast,0.8248411417007446,1114,949
1106,1,Fast,0.783102810382843,1005,722
1106,1,Fast,0.7542440295219421,1020,862
1106,1,Fast,0.6913313269615173,839,845
1106,1,Fast,0.6747915744781494,1000,630
1106,1,Fast,0.6188547015190125,934,522
1107,1,Fast,0.7709668278694153,1110,942
1107,1,Fast,0.7708720564842224,1003,716
1107,1,Fast,0.7592582106590271,999,628
1107,1,Fast,0.7206836342811584,1016,855
1108,1,Fast,0.8133662343025208,997,624
1108,1,Fast,0.7741521596908569,1001,711
1108,1,Fast,0.7242326736450195,1013,848
1108,1,Fast,0.4945180118083954,843,859
1108,1,Fast,0.48876309394836426,1106,935
1109,1,Fast,0.7818197011947632,996,621
1109,1,Fast,0.7693653106689453,1010,840
1109,1,Fast,0.7343437671661377,999,706
1109,1,Fast,0.528893768787384,1103,926
1109,1,Fast,0.47721394896507263,953,492
1109,1,Fast,0.4167556166648865,844,864
1109,1,Fast,0.32076624035835266,932,512
1110,1,Fast,0.783421516418457,1101,920
1110,1,Fast,0.7759798765182495,1007,833
1110,1,Fast,0.7564651370048523,995,618
1110,1,Fast,0.6187241673469543,997,702
1110,1,Fast,0.5529916286468506,952,491
1110,1,Fast,0.3093734681606293,846,871
1111,1,Fast,0.7971993088722229,994,615
1111,1,Fast,0.793222963809967,1003,825
1111,1,Fast,0.7257363796234131,994,697
1111,1,Fast,0.7186707258224487,1096,914
1111,1,Fast,0.5527825355529785,952,489
1111,1,Fast,0.5441348552703857,930,506
1112,1,Fast,0.7530965805053711,993,613
1112,1,Fast,0.7339977622032166,1001,818
1112,1,Fast,0.7039499282836914,992,692
1112,1,Fast,0.6201216578483582,1092,907
1112,1,Fast,0.5501134395599365,951,487
1112,1,Fast,0.4803165793418884,848,884
1113,1,Fast,0.7457780838012695,990,688
1113,1,Fast,0.7155268788337708,992,610
1113,1,Fast,0.684826135635376,997,811
1113,1,Fast,0.5413506031036377,951,485
1113,1,Fast,0.5215586423873901,1089,900
1113,1,Fast,0.31401950120925903,931,499
1114,1,Fast,0.8240953087806702,988,683
1114,1,Fast,0.7066311240196228,995,804
1114,1,Fast,0.6628915071487427,950,483
1114,1,Fast,0.6449766755104065,1086,894
1114,1,Fast,0.5709000825881958,991,607
1115,1,Fast,0.8290504813194275,986,678
1115,1,Fast,0.7338833808898926,993,797
1115,1,Fast,0.7102994918823242,1082,887
1115,1,Fast,0.5707809329032898,990,603
1115,1,Fast,0.39113855361938477,949,481
1116,1,Fast,0.7743908166885376,985,674
1116,1,Fast,0.6161773800849915,988,601
1116,1,Fast,0.5988131165504456,990,790
1116,1,Fast,0.5378296971321106,855,910
1116,1,Fast,0.4082730710506439,1079,882
1117,1,Fast,0.6218428015708923,983,669
1117,1,Fast,0.576484203338623,987,598
1117,1,Fast,0.49523818492889404,857,916
1117,1,Fast,0.34949079155921936,1077,875
1117,1,Fast,0.3490416705608368,988,783
1117,1,Fast,0.3306731581687927,927,489
1118,1,Fast,0.7137343287467957,981,664
1118,1,Fast,0.7018605470657349,987,595
1118,1,Fast,0.43438443541526794,947,475
1118,1,Fast,0.3252980411052704,927,487
1118,1,Fast,0.32403379678726196,984,776
1119,1,Fast,0.7288199067115784,985,592
1119,1,Fast,0.4514979422092438,980,659
1120,1,Fast,0.7534900903701782,985,589
1120,1,Fast,0.7161678075790405,981,764
1120,1,Fast,0.6638479232788086,1068,856
1120,1,Fast,0.6613485217094421,978,655
1120,1,Fast,0.4963722825050354,926,482
1120,1,Fast,0.4164656698703766,947,471
1121,1,Fast,0.7295169234275818,984,586
1121,1,Fast,0.6717643737792969,1213,1035
1121,1,Fast,0.5497307777404785,977,652
1121,1,Fast,0.41828104853630066,1065,850
1121,1,Fast,0.3938390016555786,946,469
1121,1,Fast,0.30289846658706665,979,757
1122,1,Fast,0.7967114448547363,983,584
1122,1,Fast,0.6481210589408875,975,647
1122,1,Fast,0.6292011737823486,976,751
1122,1,Fast,0.4617825150489807,946,468
1123,1,Fast,0.8199963569641113,982,582
1123,1,Fast,0.7909456491470337,973,643
1123,1,Fast,0.5772854685783386,973,745
1123,1,Fast,0.47738024592399597,925,475
1123,1,Fast,0.3292396366596222,961,510
1124,1,Fast,0.8249978423118591,971,639
1124,1,Fast,0.7661723494529724,981,579
1124,1,Fast,0.6082785129547119,1057,833
1124,1,Fast,0.4690741002559662,971,739
1124,1,Fast,0.32143867015838623,924,471
1125,1,Fast,0.7854786515235901,969,732
1125,1,Fast,0.7783032655715942,980,576
1125,1,Fast,0.7387844920158386,1054,827
1125,1,Fast,0.7005363702774048,969,634
1125,1,Fast,0.48610663414001465,924,468
1125,1,Fast,0.3287230134010315,944,462
1126,1,Fast,0.7863960862159729,979,573
1126,1,Fast,0.6757825613021851,968,630
1126,1,Fast,0.6383607387542725,944,461
1126,1,Fast,0.6224783658981323,923,466
1126,1,Fast,0.5731427669525146,968,727
1126,1,Fast,0.45313116908073425,1051,821
1126,1,Fast,0.30907535552978516,1193,1002
1127,1,Fast,0.8115816712379456,966,626
1127,1,Fast,0.7122969031333923,978,570
1127,1,Fast,0.6892709136009216,966,720
1127,1,Fast,0.6605862975120544,1189,995
1127,1,Fast,0.6289198994636536,944,459
1127,1,Fast,0.4901367425918579,924,464
1127,1,Fast,0.3209482729434967,1048,816
1128,1,Fast,0.8273445963859558,977,568
1128,1,Fast,0.8254010081291199,963,715
1128,1,Fast,0.8236412405967712,965,622
1128,1,Fast,0.6319593191146851,1186,989
1128,1,Fast,0.44600218534469604,923,462
1128,1,Fast,0.3634571433067322,944,457
1129,1,Fast,0.8169211745262146,976,566
1129,1,Fast,0.7729458808898926,1182,981
1129,1,Fast,0.7595555782318115,964,617
1129,1,Fast,0.6864016652107239,962,709
1129,1,Fast,0.5302593111991882,922,460
1129,1,Fast,0.48433127999305725,882,1012
1130,1,Fast,0.7961680293083191,962,614
1130,1,Fast,0.7609010338783264,1180,976
1130,1,Fast,0.7540535926818848,975,563
1130,1,Fast,0.6883178353309631,960,704
1130,1,Fast,0.6058951616287231,1041,800
1130,1,Fast,0.5721704959869385,884,1020
1130,1,Fast,0.4061386287212372,943,453
1131,1,Fast,0.7957479953765869,961,610
1131,1,Fast,0.7314577698707581,974,560
1131,1,Fast,0.7312852144241333,887,1030
1131,1,Fast,0.670481264591217,1039,794
1131,1,Fast,0.6065441966056824,1176,969
1131,1,Fast,0.5013558864593506,1143,1012
1132,1,Fast,0.7909148931503296,973,558
1132,1,Fast,0.7782878279685974,959,606
1132,1,Fast,0.6039218306541443,1139,1004
1132,1,Fast,0.5962894558906555,956,692
1132,1,Fast,0.5924423336982727,1037,789
1132,1,Fast,0.533057451248169,1173,963
1132,1,Fast,0.47513341903686523,921,451
1133,1,Fast,0.8626790046691895,953,687
1133,1,Fast,0.7737905979156494,972,555
1133,1,Fast,0.6289433240890503,1034,784
1133,1,Fast,0.6254881620407104,958,603
1133,1,Fast,0.5886972546577454,1135,997
1133,1,Fast,0.5378974676132202,891,1049
1133,1,Fast,0.47620856761932373,942,448
1133,1,Fast,0.3096454441547394,921,449
1134,1,Fast,0.85878986120224,952,682
1134,1,Fast,0.7829864025115967,971,553
1134,1,Fast,0.696558952331543,957,599
1134,1,Fast,0.5422583222389221,942,447
1134,1,Fast,0.3754970133304596,1130,988
1135,1,Fast,0.7955215573310852,951,677
1135,1,Fast,0.7154868841171265,971,550
1135,1,Fast,0.627175509929657,1126,980
1135,1,Fast,0.6218681335449219,941,445
1135,1,Fast,0.5642112493515015,955,595
1135,1,Fast,0.5496495962142944,1162,944
1135,1,Fast,0.4389876425266266,920,445
1136,1,Fast,0.8355883955955505,949,672
1136,1,Fast,0.6926326155662537,970,548
1136,1,Fast,0.590940535068512,954,592
1136,1,Fast,0.5844765901565552,941,443
1136,1,Fast,0.4912125766277313,1028,768
1136,1,Fast,0.335263192653656,919,443
1136,1,Fast,0.3159908950328827,1159,938
1137,1,Fast,0.8190844058990479,948,667
1137,1,Fast,0.746478796005249,970,545
1137,1,Fast,0.6459890604019165,1155,932
1137,1,Fast,0.5519253611564636,941,441
1137,1,Fast,0.5336682796478271,953,588
1137,1,Fast,0.34080854058265686,1026,764
1138,1,Fast,0.8109732270240784,947,662
1138,1,Fast,0.6557766199111938,1022,758
1138,1,Fast,0.6556289196014404,969,543
1138,1,Fast,0.6243767738342285,952,584
1138,1,Fast,0.4511476159095764,1153,927
1139,1,Fast,0.7919721007347107,945,656
1139,1,Fast,0.6913742423057556,1021,754
1139,1,Fast,0.6441433429718018,950,581
1139,1,Fast,0.4380108118057251,968,540
1140,1,Fast,0.7235342264175415,949,577
1140,1,Fast,0.6556825041770935,967,538
1140,1,Fast,0.48327165842056274,943,652
1140,1,Fast,0.4717503488063812,1019,749
1140,1,Fast,0.4671359062194824,1145,915
1141,1,Fast,0.7340366840362549,942,647
1141,1,Fast,0.7120826244354248,965,536
1141,1,Fast,0.6164703369140625,948,573
1141,1,Fast,0.48250845074653625,1017,743
1141,1,Fast,0.43817585706710815,950,475
1142,1,Fast,0.8166212439537048,940,643
1142,1,Fast,0.7707450985908508,965,533
1142,1,Fast,0.6257888078689575,1015,738
1142,1,Fast,0.4923383295536041,947,569
1143,1,Fast,0.867632269859314,938,638
1143,1,Fast,0.7791526913642883,1098,923
1143,1,Fast,0.7751060128211975,964,531
1143,1,Fast,0.5457699298858643,1013,733
1143,1,Fast,0.43313202261924744,946,565
1144,1,Fast,0.7800977230072021,937,633
1144,1,Fast,0.7263607978820801,964,529
1144,1,Fast,0.6477318406105042,1096,917
1144,1,Fast,0.60321444272995,1011,729
1144,1,Fast,0.42814141511917114,937,431
1145,1,Fast,0.7459942698478699,936,628
1145,1,Fast,0.7238889336585999,1008,725
1145,1,Fast,0.5653603672981262,937,429
1145,1,Fast,0.5393758416175842,963,527
1145,1,Fast,0.439744770526886,1091,910
1145,1,Fast,0.41682735085487366,1131,887
1146,1,Fast,0.6794791221618652,934,624
1146,1,Fast,0.5830424427986145,962,525
1146,1,Fast,0.5094888806343079,1007,719
1146,1,Fast,0.458945631980896,937,427
1146,1,Fast,0.42900604009628296,942,556
1146,1,Fast,0.35155385732650757,1087,903
1147,1,Fast,0.8178765177726746,932,619
1147,1,Fast,0.6942370533943176,961,522
1147,1,Fast,0.554850161075592,940,553
1147,1,Fast,0.4977913200855255,936,425
1147,1,Fast,0.37763455510139465,1005,714
1147,1,Fast,0.3525957465171814,1084,896
1148,1,Fast,0.7502869963645935,932,615
1148,1,Fast,0.6322063207626343,960,520
1148,1,Fast,0.4212137460708618,936,424
1148,1,Fast,0.4087541103363037,939,549
1149,1,Fast,0.7741714715957642,930,610
1149,1,Fast,0.611402153968811,937,423
1149,1,Fast,0.48229482769966125,938,546
1149,1,Fast,0.4739767909049988,960,518
1149,1,Fast,0.32259246706962585,834,657
1150,1,Fast,0.6017992496490479,937,542
1150,1,Fast,0.5906389951705933,928,606
1150,1,Fast,0.5816547274589539,958,515
1150,1,Fast,0.5808708667755127,835,664
1150,1,Fast,0.5094807744026184,1214,1047
1150,1,Fast,0.3732185959815979,936,421
1150,1,Fast,0.3547307848930359,1000,702
1151,1,Fast,0.7327573299407959,936,539
1151,1,Fast,0.7233037948608398,836,669
1151,1,Fast,0.716127336025238,926,602
1151,1,Fast,0.6112297177314758,1210,1039
1151,1,Fast,0.5889625549316406,958,514
1152,1,Fast,0.7973654866218567,924,598
1152,1,Fast,0.7418705821037292,935,536
1152,1,Fast,0.6723707914352417,1206,1033
1152,1,Fast,0.5977986454963684,957,512
1152,1,Fast,0.5245326161384583,838,674
1152,1,Fast,0.45277032256126404,996,694
1153,1,Fast,0.8245857954025269,924,594
1153,1,Fast,0.7095038890838623,934,532
1153,1,Fast,0.5954834222793579,957,510
1153,1,Fast,0.5922707915306091,1109,846
1153,1,Fast,0.5616118907928467,994,690
1153,1,Fast,0.5271356701850891,839,680
1154,1,Fast,0.8377387523651123,922,590
1154,1,Fast,0.7375922203063965,1198,1017
1154,1,Fast,0.7119107246398926,933,529
1154,1,Fast,0.6574735641479492,956,507
1154,1,Fast,0.6483646035194397,839,687
1154,1,Fast,0.6136417984962463,993,686
1154,1,Fast,0.4664786458015442,1106,842
1154,1,Fast,0.30437201261520386,935,416
1155,1,Fast,0.814782440662384,921,586
1155,1,Fast,0.6917101144790649,991,682
1155,1,Fast,0.6584861874580383,840,693
1155,1,Fast,0.5824080109596252,1194,1011
1155,1,Fast,0.5076478719711304,932,526
1155,1,Fast,0.42700791358947754,955,506
1156,1,Fast,0.8381474614143372,920,582
1156,1,Fast,0.694281816482544,1190,1004
1156,1,Fast,0.679543673992157,990,677
1156,1,Fast,0.6394423842430115,932,523
1156,1,Fast,0.6378273367881775,842,698
1156,1,Fast,0.48941388726234436,1101,832
1156,1,Fast,0.31498658657073975,954,503
1157,1,Fast,0.8305056095123291,920,578
1157,1,Fast,0.7300373315811157,1186,996
1157,1,Fast,0.7150176167488098,988,674
1157,1,Fast,0.5301224589347839,954,501
1157,1,Fast,0.47108349204063416,931,521
1158,1,Fast,0.8697901964187622,1183,989
1158,1,Fast,0.828774631023407,918,574
1158,1,Fast,0.7060637474060059,987,669
1158,1,Fast,0.5857577919960022,844,709
1158,1,Fast,0.5326374173164368,930,518
1158,1,Fast,0.4696580767631531,953,499
1158,1,Fast,0.353497713804245,934,410
1159,1,Fast,0.8728310465812683,1179,984
1159,1,Fast,0.8116112947463989,845,715
1159,1,Fast,0.7820307612419128,918,570
1159,1,Fast,0.7678037881851196,985,665
1159,1,Fast,0.5120137333869934,929,514
1159,1,Fast,0.40601855516433716,1093,816
1159,1,Fast,0.3092105984687805,934,408
1160,1,Fast,0.8679307699203491,1176,977
1160,1,Fast,0.8598569631576538,846,721
1160,1,Fast,0.7922931909561157,916,565
1160,1,Fast,0.6792863011360168,984,660
1160,1,Fast,0.5630995035171509,1091,812
1160,1,Fast,0.5272306799888611,927,511
1160,1,Fast,0.4550221860408783,1047,819
1161,1,Fast,0.8511496782302856,847,728
1161,1,Fast,0.8045838475227356,1172,970
1161,1,Fast,0.7847829461097717,982,656
1161,1,Fast,0.7837409377098083,915,562
1161,1,Fast,0.5966521501541138,927,508
1161,1,Fast,0.45663774013519287,951,492
1161,1,Fast,0.3866182267665863,1045,814
1162,1,Fast,0.8024518489837646,981,653
1162,1,Fast,0.7312788367271423,914,558
1162,1,Fast,0.6638221740722656,849,734
1162,1,Fast,0.5474106669425964,1169,965
1162,1,Fast,0.493446946144104,950,490
1162,1,Fast,0.43384721875190735,926,505
1163,1,Fast,0.8251785039901733,979,650
1163,1,Fast,0.7746984362602234,850,741
1163,1,Fast,0.7177097201347351,913,555
1163,1,Fast,0.58379065990448,925,502
1163,1,Fast,0.5128098130226135,950,489
1163,1,Fast,0.3419754207134247,1165,958
1164,1,Fast,0.7857511043548584,977,647
1164,1,Fast,0.7684882283210754,913,551
1164,1,Fast,0.6755445599555969,852,748
1164,1,Fast,0.661231279373169,949,487
1164,1,Fast,0.5513541102409363,924,498
1165,1,Fast,0.7961934208869934,854,755
1165,1,Fast,0.7933082580566406,912,548
1165,1,Fast,0.7908400893211365,976,643
1165,1,Fast,0.6215478181838989,949,485
1165,1,Fast,0.3918074369430542,924,496
1166,1,Fast,0.7626304030418396,855,760
1166,1,Fast,0.7529793381690979,911,543
1166,1,Fast,0.7502880692481995,975,639
1166,1,Fast,0.550197184085846,923,493
1166,1,Fast,0.5096861720085144,949,483
1166,1,Fast,0.49181389808654785,1155,938
1167,1,Fast,0.808907687664032,856,767
1167,1,Fast,0.7784003615379333,1151,932
1167,1,Fast,0.7522305250167847,910,540
1167,1,Fast,0.712640106678009,973,635
1167,1,Fast,0.6264971494674683,922,492
1167,1,Fast,0.5054801106452942,949,482
1167,1,Fast,0.4252718389034271,933,396
1168,1,Fast,0.8263518214225769,858,774
1168,1,Fast,0.757942259311676,1148,927
1168,1,Fast,0.756038248538971,972,631
1168,1,Fast,0.7287481427192688,909,536
1169,1,Fast,0.8735493421554565,860,781
1169,1,Fast,0.8114618062973022,971,628
1169,1,Fast,0.7721246480941772,908,533
1169,1,Fast,0.5788006782531738,1071,772
1169,1,Fast,0.4459216296672821,948,477
1169,1,Fast,0.39054837822914124,921,487
1169,1,Fast,0.31469082832336426,1145,921
1170,1,Fast,0.8596410751342773,862,789
1170,1,Fast,0.8105990290641785,970,624
1170,1,Fast,0.678530216217041,907,529
1170,1,Fast,0.45699068903923035,1070,769
1171,1,Fast,0.8684297800064087,864,796
1171,1,Fast,0.813483715057373,969,620
1171,1,Fast,0.6504891514778137,907,525
1171,1,Fast,0.6204819083213806,1067,765
1172,1,Fast,0.8518518805503845,865,803
1172,1,Fast,0.6678711175918579,1065,761
1172,1,Fast,0.6605749130249023,967,616
1172,1,Fast,0.5770927667617798,906,521
1172,1,Fast,0.5038027167320251,1019,757
1173,1,Fast,0.8382201194763184,868,812
1173,1,Fast,0.7508094310760498,905,519
1173,1,Fast,0.6952730417251587,1017,753
1173,1,Fast,0.6727064251899719,966,612
1173,1,Fast,0.4432663321495056,1063,756
1174,1,Fast,0.808014988899231,869,820
1174,1,Fast,0.7696603536605835,964,609
1174,1,Fast,0.6919382214546204,904,516
1174,1,Fast,0.44480738043785095,1061,752
1174,1,Fast,0.44457772374153137,1130,891
1174,1,Fast,0.3889736235141754,1015,747
1175,1,Fast,0.8588297367095947,872,827
1175,1,Fast,0.8115853667259216,963,606
1175,1,Fast,0.665624737739563,1127,887
1175,1,Fast,0.6027007102966309,903,512
1175,1,Fast,0.46073299646377563,1059,747
1176,1,Fast,0.8640744090080261,873,834
1176,1,Fast,0.7537011504173279,1057,744
1176,1,Fast,0.7101073265075684,963,603
1176,1,Fast,0.6924412846565247,903,509
1176,1,Fast,0.38504481315612793,1011,738
1176,1,Fast,0.36401376128196716,1124,881
1177,1,Fast,0.8740425109863281,875,843
1177,1,Fast,0.7481419444084167,1055,740
1177,1,Fast,0.64915931224823,961,600
1177,1,Fast,0.5719347596168518,903,506
1178,1,Fast,0.8702799677848816,877,852
1178,1,Fast,0.7946508526802063,903,502
1178,1,Fast,0.638139009475708,1118,871
1178,1,Fast,0.5124033093452454,960,597
1179,1,Fast,0.8705673217773438,880,860
1179,1,Fast,0.7545735836029053,902,499
1179,1,Fast,0.587303638458252,958,594
1179,1,Fast,0.46691396832466125,1052,734
1180,1,Fast,0.8709748387336731,882,868
1180,1,Fast,0.632321834564209,901,496
1180,1,Fast,0.5789494514465332,958,591
1180,1,Fast,0.40373557806015015,1113,860
1180,1,Fast,0.3716765344142914,778,687
1181,1,Fast,0.8702422380447388,884,876
1181,1,Fast,0.6747274994850159,957,588
1181,1,Fast,0.6699605584144592,901,493
1181,1,Fast,0.3629385828971863,1110,854
1181,1,Fast,0.3055342137813568,779,689
1182,1,Fast,0.8699051141738892,887,885
1182,1,Fast,0.7649537324905396,901,490
1182,1,Fast,0.6708892583847046,956,584
1183,1,Fast,0.8624804019927979,890,894
1183,1,Fast,0.6925299167633057,900,487
1183,1,Fast,0.5245012640953064,955,581
1183,1,Fast,0.3757447302341461,1105,845
1184,1,Fast,0.8757697939872742,893,903
1184,1,Fast,0.7760072350502014,954,578
1184,1,Fast,0.7579306960105896,1102,839
1184,1,Fast,0.6925562620162964,1044,714
1184,1,Fast,0.5508480668067932,899,484
1184,1,Fast,0.4611341655254364,1056,832
1184,1,Fast,0.3209759294986725,996,702
1185,1,Fast,0.8467105627059937,895,912
1185,1,Fast,0.7289280891418457,1042,710
1185,1,Fast,0.6928060054779053,1100,835
1185,1,Fast,0.6904710531234741,995,698
1185,1,Fast,0.6877659559249878,953,574
1185,1,Fast,0.5560907125473022,898,482
1186,1,Fast,0.8814027905464172,897,921
1186,1,Fast,0.7175661325454712,993,695
1186,1,Fast,0.6682276725769043,953,571
1186,1,Fast,0.6035097241401672,898,479
1186,1,Fast,0.506354808807373,1097,830
1186,1,Fast,0.3090941607952118,1051,821
1187,1,Fast,0.8710370659828186,900,931
1187,1,Fast,0.7888984680175781,951,568
1187,1,Fast,0.695025622844696,898,476
1187,1,Fast,0.671977162361145,991,690
1187,1,Fast,0.5310968160629272,1037,704
1187,1,Fast,0.5266717076301575,1147,1024
1187,1,Fast,0.3595404624938965,1049,816
1187,1,Fast,0.3536017835140228,1095,825
1188,1,Fast,0.8853334784507751,902,941
1188,1,Fast,0.779539942741394,950,564
1188,1,Fast,0.7289056777954102,898,473
1188,1,Fast,0.6981887817382812,989,685
1188,1,Fast,0.6472640633583069,1036,700
1189,1,Fast,0.8843096494674683,906,950
1189,1,Fast,0.7697073817253113,949,562
1189,1,Fast,0.7655885219573975,897,470
1189,1,Fast,0.6853886842727661,988,682
1189,1,Fast,0.5588452219963074,1035,696
1189,1,Fast,0.5146360993385315,1139,1008
1189,1,Fast,0.4341525137424469,1090,815
1190,1,Fast,0.8796144723892212,908,960
1190,1,Fast,0.7282023429870605,948,559
1190,1,Fast,0.6955727338790894,1135,1000
1190,1,Fast,0.6798673868179321,897,467
1190,1,Fast,0.6407754421234131,986,678
1190,1,Fast,0.575527548789978,1040,798
1190,1,Fast,0.4992690086364746,1089,810
1190,1,Fast,0.3795235753059387,1033,692
1191,1,Fast,0.8861975073814392,911,971
1191,1,Fast,0.6091956496238708,896,465
1191,1,Fast,0.6051076054573059,947,557
1191,1,Fast,0.5881634950637817,1031,688
1191,1,Fast,0.38853758573532104,1085,805
1191,1,Fast,0.3233352303504944,1130,992
1192,1,Fast,0.8749597072601318,915,981
1192,1,Fast,0.7191829681396484,984,669
1192,1,Fast,0.6587160229682922,1030,684
1192,1,Fast,0.5207099318504333,946,554
1193,1,Fast,0.8736891746520996,918,992
1193,1,Fast,0.7312394380569458,982,665
1193,1,Fast,0.7287797927856445,1122,976
1193,1,Fast,0.6964288949966431,1029,682
1193,1,Fast,0.4107329547405243,945,551
1193,1,Fast,0.35855746269226074,895,460
1194,1,Fast,0.8342481851577759,921,1002
1194,1,Fast,0.5969688296318054,981,661
1194,1,Fast,0.559262752532959,895,457
1194,1,Fast,0.4679723381996155,944,549
1194,1,Fast,0.40164515376091003,1118,968
1195,1,Fast,0.8560371994972229,925,1014
1195,1,Fast,0.4740431010723114,894,455
1195,1,Fast,0.3279421329498291,943,544
1196,1,Fast,0.8601168394088745,928,1025
1196,1,Fast,0.6978221535682678,978,654
1196,1,Fast,0.6048762798309326,943,541
1196,1,Fast,0.4222184717655182,1023,672
1196,1,Fast,0.3779343068599701,1072,783
1197,1,Fast,0.8325567841529846,931,1037
1197,1,Fast,0.7155961990356445,976,651
1197,1,Fast,0.682628870010376,942,538
1197,1,Fast,0.5954652428627014,1022,668
1197,1,Fast,0.5551281571388245,1023,761
1197,1,Fast,0.5356594324111938,1071,777
1197,1,Fast,0.3052770793437958,1106,947
1198,1,Fast,0.7712798714637756,936,1047
1198,1,Fast,0.6737505197525024,1070,774
1198,1,Fast,0.6550535559654236,941,535
1198,1,Fast,0.6159987449645996,1022,757
1198,1,Fast,0.6152126789093018,975,647
1198,1,Fast,0.4923129975795746,1021,665
1199,1,Fast,0.7908273935317993,940,1054
1199,1,Fast,0.7890718579292297,940,533
1199,1,Fast,0.7686209082603455,1020,751
1199,1,Fast,0.6108793020248413,893,445
1199,1,Fast,0.49253302812576294,1019,661
1199,1,Fast,0.43287569284439087,973,643
1199,1,Fast,0.37768030166625977,1067,770
1200,1,Fast,0.7621533870697021,1018,658
1200,1,Fast,0.7420003414154053,940,529
1200,1,Fast,0.6878196597099304,1065,765
1200,1,Fast,0.6729604601860046,893,442
1200,1,Fast,0.6599688529968262,947,1060
1200,1,Fast,0.6468616127967834,1018,745
1200,1,Fast,0.59543377161026,971,638
1200,0,VRU,0.3026789426803589,1342,856
1201,1,Fast,0.7406978011131287,1017,655
1201,1,Fast,0.686562180519104,970,635
1201,1,Fast,0.6519878506660461,939,528
1201,1,Fast,0.5586816072463989,1016,741
1201,1,Fast,0.5103092193603516,950,1066
1201,1,Fast,0.410552442073822,1063,761
1201,1,Fast,0.39172857999801636,893,439
1202,1,Fast,0.6502289175987244,1014,736
1202,1,Fast,0.6192559003829956,1015,653
1202,1,Fast,0.6011203527450562,938,525
1202,1,Fast,0.5716500878334045,1060,756
1202,1,Fast,0.5426095724105835,893,436
1202,1,Fast,0.5227872729301453,969,632
1202,1,Fast,0.37402382493019104,1090,912
1203,1,Fast,0.5253010392189026,936,522
1203,1,Fast,0.5166482925415039,1058,752
1203,1,Fast,0.40338370203971863,1087,905
1203,1,Fast,0.30366939306259155,1013,650
1204,1,Fast,0.7023721933364868,967,623
1204,1,Fast,0.4543267488479614,1084,897
1204,0,VRU,0.3224395215511322,1342,856
1204,1,Fast,0.32226306200027466,1057,747
1205,1,Fast,0.7198352217674255,965,620
1205,1,Fast,0.33717793226242065,891,429
1205,1,Fast,0.3037791848182678,1010,642
1206,1,Fast,0.7552851438522339,965,617
1206,1,Fast,0.6496081352233887,1010,639
1206,1,Fast,0.3907455503940582,1077,884
1206,1,Fast,0.35398998856544495,891,427
1207,1,Fast,0.7232220768928528,963,613
1207,1,Fast,0.6949819326400757,1009,635
1207,1,Fast,0.5065549612045288,933,512
1208,1,Fast,0.8270497918128967,962,610
1208,1,Fast,0.7073277235031128,1008,633
1209,1,Fast,0.8456581234931946,962,607
1209,1,Fast,0.7112098336219788,1008,630
1209,1,Fast,0.4308792054653168,1001,703
1209,0,VRU,0.36669114232063293,1342,856
1209,1,Fast,0.30379030108451843,1046,728
1210,1,Fast,0.8221564888954163,961,604
1210,1,Fast,0.7337204217910767,1006,627
1210,1,Fast,0.561263918876648,933,503
1210,1,Fast,0.3133828341960907,1066,859
1210,0,VRU,0.30771827697753906,1342,856
1211,1,Fast,0.7511857151985168,959,602
1211,1,Fast,0.5503376126289368,1004,625
1211,1,Fast,0.5210594534873962,1064,852
1212,1,Fast,0.7934367060661316,958,598
1212,1,Fast,0.7651028037071228,1003,621
1212,0,VRU,0.7548624277114868,1343,855
1212,1,Fast,0.6900382041931152,932,497
1212,1,Fast,0.423753947019577,1062,846
1212,1,Fast,0.3802308738231659,995,690
1212,1,Fast,0.32336926460266113,1041,716
1213,1,Fast,0.8088551759719849,958,595
1213,0,VRU,0.7529739141464233,1343,855
1213,1,Fast,0.6680604815483093,1002,618
1213,1,Fast,0.5976083278656006,932,496
1213,1,Fast,0.44540923833847046,1059,841
1213,1,Fast,0.3333393633365631,1040,713
1214,1,Fast,0.7970293760299683,957,591
1214,1,Fast,0.7631160616874695,1001,615
1214,0,VRU,0.7331149578094482,1343,855
1214,1,Fast,0.6105119585990906,992,681
1214,1,Fast,0.4498461186885834,1056,836
1215,1,Fast,0.8104605674743652,1001,612
1215,0,VRU,0.7525808811187744,1343,855
1215,1,Fast,0.7326120138168335,955,587
1215,1,Fast,0.5132110714912415,991,676
1216,1,Fast,0.8188801407814026,999,609
1216,1,Fast,0.7770034074783325,954,584
1216,0,VRU,0.7567536234855652,1343,855
1216,1,Fast,0.5014476776123047,1050,824
1216,1,Fast,0.38974112272262573,929,489
1216,1,Fast,0.3265988528728485,1033,701
1217,0,VRU,0.7689448595046997,1343,856
1217,1,Fast,0.7627357244491577,998,607
1217,1,Fast,0.749162495136261,953,581
1217,1,Fast,0.4250299036502838,1048,817
1218,0,VRU,0.7614922523498535,1343,855
1218,1,Fast,0.7125303745269775,952,578
1218,1,Fast,0.6692677140235901,1045,812
1218,1,Fast,0.4137243926525116,996,604
1219,1,Fast,0.7421211004257202,951,575
1219,0,VRU,0.6937222480773926,1343,856
1219,1,Fast,0.6351309418678284,995,602
1219,1,Fast,0.4603879451751709,1043,806
1219,1,Fast,0.3055661618709564,808,816
1220,1,Fast,0.7284612655639648,993,598
1220,0,VRU,0.7113441824913025,1343,856
1220,1,Fast,0.710305392742157,951,571
1220,1,Fast,0.6455040574073792,1041,801
1220,1,Fast,0.3237221837043762,983,654
1221,1,Fast,0.7448557615280151,993,595
1221,0,VRU,0.6840873956680298,1343,856
1221,1,Fast,0.5875972509384155,1038,796
1221,1,Fast,0.5628092288970947,950,568
1221,1,Fast,0.4214032292366028,981,652
1222,1,Fast,0.7555813789367676,992,593
1222,1,Fast,0.7503688335418701,949,566
1222,0,VRU,0.6887694001197815,1343,856
1223,1,Fast,0.7871895432472229,948,563
1223,1,Fast,0.7783125042915344,992,590
1223,0,VRU,0.6697364449501038,1343,856
1224,1,Fast,0.7648380994796753,991,588
1224,1,Fast,0.7052099704742432,947,561
1225,1,Fast,0.7811183929443359,947,558
1225,1,Fast,0.6764959692955017,989,585
1225,1,Fast,0.4794969856739044,1018,669
1226,1,Fast,0.7667691707611084,988,582
1226,1,Fast,0.723109245300293,975,633
1226,1,Fast,0.6949042677879333,945,554
1226,1,Fast,0.443144291639328,1018,667
1227,1,Fast,0.7439330816268921,945,551
1227,1,Fast,0.7026525735855103,987,580
1227,1,Fast,0.6561781764030457,974,629
1227,1,Fast,0.47931042313575745,1016,663
1227,1,Fast,0.35882070660591125,1025,765
1227,0,VRU,0.34286198019981384,1344,855
1228,1,Fast,0.7021303176879883,986,577
1228,1,Fast,0.6365987658500671,945,548
1228,1,Fast,0.4695112407207489,1022,760
1228,1,Fast,0.4000794291496277,1015,660
1228,1,Fast,0.3649347126483917,973,626
1228,0,VRU,0.30194002389907837,1344,855
1229,1,Fast,0.750185489654541,985,574
1229,1,Fast,0.6520838737487793,944,544
1229,1,Fast,0.6361120939254761,1014,657
1229,1,Fast,0.6165609955787659,971,622
1229,1,Fast,0.5964861512184143,1019,754
1229,0,VRU,0.3020586371421814,1343,855
1230,1,Fast,0.8113548159599304,1012,654
1230,1,Fast,0.7269328236579895,984,571
1230,1,Fast,0.6733622550964355,1018,749
1230,1,Fast,0.6102634072303772,943,541
1230,0,VRU,0.3660363256931305,1344,855
1231,1,Fast,0.7672017216682434,1011,652
1231,1,Fast,0.6953800320625305,983,569
1231,1,Fast,0.6558657288551331,942,538
1231,1,Fast,0.6507638096809387,1015,744
1232,1,Fast,0.7681710124015808,982,567
1232,1,Fast,0.7388089895248413,1009,647
1232,1,Fast,0.7114074230194092,942,536
1232,1,Fast,0.5722265839576721,830,646
1232,1,Fast,0.4985533058643341,967,610
1233,1,Fast,0.7800547480583191,982,565
1233,1,Fast,0.7763800024986267,1007,644
1233,1,Fast,0.7608120441436768,941,534
1233,1,Fast,0.6659212112426758,965,606
1233,1,Fast,0.44800853729248047,832,652
1234,1,Fast,0.8063970804214478,1006,640
1234,1,Fast,0.7924931645393372,980,562
1234,1,Fast,0.7324453592300415,941,532
1235,1,Fast,0.7737786173820496,1004,637
1235,1,Fast,0.7731538414955139,978,560
1235,1,Fast,0.7427031397819519,940,529
1236,1,Fast,0.7680867314338684,1003,634
1236,1,Fast,0.7362932562828064,977,557
1236,1,Fast,0.5577511787414551,963,597
1236,1,Fast,0.4828610420227051,938,526
1236,1,Fast,0.4192591607570648,835,668
1237,1,Fast,0.6916732788085938,975,555
1237,1,Fast,0.5833922624588013,961,594
1237,1,Fast,0.5432494878768921,1002,631
1237,1,Fast,0.31995394825935364,1004,715
1238,1,Fast,0.6291473507881165,974,551
1238,1,Fast,0.6126736402511597,1000,628
1238,1,Fast,0.3211154043674469,838,679
1239,1,Fast,0.7121751308441162,998,625
1239,1,Fast,0.4577251374721527,838,685
1239,1,Fast,0.43019574880599976,974,549
1240,1,Fast,0.7845167517662048,997,622
1240,1,Fast,0.5922560691833496,973,547
1241,1,Fast,0.8132874369621277,995,619
1241,1,Fast,0.4714280664920807,972,544
1241,1,Fast,0.4343295097351074,997,699
1242,1,Fast,0.7821906805038452,995,617
1242,1,Fast,0.5691556334495544,956,576
1242,1,Fast,0.5506831407546997,971,542
1242,1,Fast,0.4154571294784546,995,695
1243,1,Fast,0.7819601893424988,993,614
1243,1,Fast,0.7205770611763,993,690
1243,1,Fast,0.43872013688087463,970,540
1243,1,Fast,0.33048132061958313,955,572
1244,1,Fast,0.7703666090965271,992,611
1244,1,Fast,0.6977901458740234,992,686
1244,1,Fast,0.6337151527404785,844,713
1244,1,Fast,0.5500510931015015,969,538
1245,1,Fast,0.7806684970855713,990,608
1245,1,Fast,0.7725301384925842,990,682
1245,1,Fast,0.7474079132080078,846,718
1245,1,Fast,0.640265166759491,969,536
1245,1,Fast,0.5887300372123718,954,567
1245,1,Fast,0.32064947485923767,933,502
1246,1,Fast,0.7212687730789185,989,677
1246,1,Fast,0.7164232730865479,989,605
1246,1,Fast,0.6466090679168701,968,533
1246,1,Fast,0.3541315495967865,932,499
1247,1,Fast,0.6862694621086121,967,530
1247,1,Fast,0.6758105754852295,932,497
1247,1,Fast,0.6747164130210876,988,602
1247,1,Fast,0.5953138470649719,988,673
1247,1,Fast,0.4519486427307129,850,731
1248,1,Fast,0.7576965093612671,987,600
1248,0,VRU,0.6750298738479614,1343,855
1248,1,Fast,0.5450223088264465,986,669
1248,1,Fast,0.462317556142807,966,528
1248,1,Fast,0.4437284767627716,931,495
1248,1,Fast,0.3635987937450409,852,737
1248,1,Fast,0.36073827743530273,1019,848
1248,1,Fast,0.30760079622268677,1073,877
1249,1,Fast,0.800129771232605,986,597
1249,0,VRU,0.6717643737792969,1343,855
1249,1,Fast,0.6497071385383606,985,665
1249,1,Fast,0.46507900953292847,853,743
1250,1,Fast,0.7445092797279358,985,594
1250,0,VRU,0.6473751068115234,1343,855
1250,1,Fast,0.3308260142803192,1013,835
1251,1,Fast,0.7854253053665161,983,592
1251,1,Fast,0.7296983599662781,856,756
1251,0,VRU,0.6807064414024353,1343,855
1251,1,Fast,0.4924660623073578,1011,829
1251,1,Fast,0.34364375472068787,1064,859
1252,1,Fast,0.785875678062439,982,588
1252,0,VRU,0.6789982914924622,1343,855
1252,1,Fast,0.4418635070323944,1008,822
1253,1,Fast,0.7320195436477661,981,586
1253,1,Fast,0.7295510172843933,978,650
1253,0,VRU,0.6796655654907227,1343,855
1253,1,Fast,0.6660608053207397,860,770
1253,1,Fast,0.3788178563117981,1006,816
1254,1,Fast,0.7741872072219849,861,776
1254,1,Fast,0.7431992888450623,980,583
1254,1,Fast,0.7065191864967346,977,646
1254,1,Fast,0.6731398105621338,1004,811
1254,0,VRU,0.6612362265586853,1343,855
1255,1,Fast,0.7943092584609985,863,784
1255,1,Fast,0.7938807606697083,979,581
1255,1,Fast,0.7235419154167175,975,642
1255,0,VRU,0.6700088977813721,1343,855
1255,1,Fast,0.6193183660507202,1001,805
1255,1,Fast,0.48182764649391174,945,536
1256,1,Fast,0.7523903250694275,978,579
1256,1,Fast,0.7451930642127991,865,791
1256,1,Fast,0.7288321852684021,974,639
1256,1,Fast,0.6666693091392517,999,800
1256,0,VRU,0.6264234781265259,1342,855
1256,1,Fast,0.48879382014274597,926,475
1257,1,Fast,0.778817892074585,977,576
1257,1,Fast,0.778623640537262,973,635
1257,0,VRU,0.597350537776947,1342,855
1257,1,Fast,0.503483235836029,867,799
1257,1,Fast,0.4204285740852356,926,473
1257,1,Fast,0.4102875590324402,943,530
1257,1,Fast,0.3755216896533966,998,793
1258,1,Fast,0.7470378875732422,976,573
1258,1,Fast,0.6958473324775696,971,632
1258,1,Fast,0.6917725205421448,869,805
1258,1,Fast,0.6478517651557922,926,470
1258,0,VRU,0.5337904691696167,1343,855
1258,1,Fast,0.39150863885879517,996,788
1259,1,Fast,0.7897466421127319,871,813
1259,1,Fast,0.6841095089912415,970,627
1259,1,Fast,0.6735079884529114,993,782
1259,1,Fast,0.6292558908462524,1044,813
1259,1,Fast,0.6220026612281799,926,468
1259,0,VRU,0.5846519470214844,1342,855
1259,1,Fast,0.5829195976257324,975,571
1260,1,Fast,0.8333069682121277,1042,807
1260,1,Fast,0.7694686055183411,973,567
1260,1,Fast,0.7421241998672485,874,820
1260,1,Fast,0.7013804316520691,990,776
1260,0,VRU,0.6967959403991699,1343,856
1260,1,Fast,0.5770010352134705,925,466
1260,1,Fast,0.5021347999572754,969,624
1261,1,Fast,0.8662912845611572,1039,802
1261,1,Fast,0.8258563876152039,876,827
1261,1,Fast,0.7965977787971497,967,620
1261,1,Fast,0.7276408672332764,973,565
1261,0,VRU,0.7106502652168274,1343,856
1261,1,Fast,0.6235421299934387,988,771
1261,1,Fast,0.39793384075164795,924,464
1262,1,Fast,0.8355891108512878,877,835
1262,1,Fast,0.832405686378479,1037,797
1262,1,Fast,0.7376660108566284,965,616
1262,1,Fast,0.7163720726966858,972,562
1262,0,VRU,0.6965553164482117,1343,856
1262,1,Fast,0.6443780660629272,868,1035
1262,1,Fast,0.45867639780044556,986,765
1263,1,Fast,0.8389813899993896,879,843
1263,1,Fast,0.817218005657196,1034,791
1263,1,Fast,0.7965443730354309,971,560
1263,0,VRU,0.7076999545097351,1343,856
1263,1,Fast,0.7021428346633911,965,612
1263,1,Fast,0.6673153638839722,984,759
1263,1,Fast,0.3594582974910736,924,460
1264,1,Fast,0.8348038792610168,883,852
1264,1,Fast,0.8282824754714966,963,610
1264,1,Fast,0.7938860654830933,1032,787
1264,1,Fast,0.7716240882873535,970,557
1264,1,Fast,0.7356724143028259,982,753
1264,0,VRU,0.7087345719337463,1343,856
1265,1,Fast,0.8580763936042786,885,860
1265,1,Fast,0.8290618658065796,962,606
1265,0,VRU,0.7122566103935242,1343,856
1265,1,Fast,0.6945754885673523,969,555
1265,1,Fast,0.45152464509010315,980,748
1265,1,Fast,0.42226800322532654,1030,781
1266,1,Fast,0.8631561398506165,887,868
1266,1,Fast,0.806155800819397,961,603
1266,1,Fast,0.7799898386001587,979,743
1266,0,VRU,0.7198644876480103,1343,856
1266,1,Fast,0.7086423635482788,968,552
1266,1,Fast,0.4253681004047394,1028,776
1267,1,Fast,0.874567449092865,889,876
1267,1,Fast,0.8408793210983276,977,738
1267,0,VRU,0.7186645865440369,1343,856
1267,1,Fast,0.6341714262962341,960,601
1267,1,Fast,0.4556291699409485,1027,771
1268,1,Fast,0.887397825717926,893,885
1268,1,Fast,0.8261199593544006,976,732
1268,0,VRU,0.7175182104110718,1343,856
1268,1,Fast,0.5780676603317261,959,597
1268,1,Fast,0.4423026740550995,1155,1041
1269,1,Fast,0.836076021194458,895,894
1269,1,Fast,0.7773005366325378,974,727
1269,0,VRU,0.6986576318740845,1343,856
1269,1,Fast,0.6907027363777161,957,594
1269,1,Fast,0.5572138428688049,1151,1033
1269,1,Fast,0.34963205456733704,966,545
1270,1,Fast,0.8184419870376587,898,903
1270,1,Fast,0.7941379547119141,972,722
1270,0,VRU,0.7147888541221619,1343,856
1270,1,Fast,0.6246374845504761,955,590
1270,1,Fast,0.5042752623558044,949,482
1270,1,Fast,0.3731170892715454,921,445
1271,1,Fast,0.843424379825592,901,911
1271,0,VRU,0.713094174861908,1343,856
1271,1,Fast,0.6757829785346985,954,586
1271,1,Fast,0.5286306142807007,1018,753
1271,1,Fast,0.5248560905456543,921,443
1271,1,Fast,0.5103608965873718,964,541
1271,1,Fast,0.49603837728500366,970,716
1271,1,Fast,0.372408926486969,949,480
1271,1,Fast,0.3499807119369507,1142,1014
1272,1,Fast,0.850415050983429,903,920
1272,1,Fast,0.7359119653701782,1138,1005
1272,1,Fast,0.7308012247085571,969,711
1272,1,Fast,0.6977203488349915,963,538
1272,1,Fast,0.5870776772499084,1017,747
1272,1,Fast,0.5809420943260193,953,582
1272,1,Fast,0.5443785190582275,922,442
1273,1,Fast,0.8661669492721558,906,930
1273,1,Fast,0.7914491891860962,967,706
1273,1,Fast,0.7264897227287292,1016,743
1273,1,Fast,0.7041478157043457,963,536
1273,1,Fast,0.656088650226593,921,440
1273,1,Fast,0.6448836922645569,953,581
1273,1,Fast,0.6217053532600403,1134,996
1274,1,Fast,0.8773285150527954,908,940
1274,1,Fast,0.7786598205566406,951,576
1274,1,Fast,0.7385103702545166,1014,738
1274,1,Fast,0.5907626152038574,961,533
1274,1,Fast,0.5876554250717163,920,438
1274,1,Fast,0.5421962738037109,948,474
1274,1,Fast,0.49678999185562134,966,701
1275,1,Fast,0.8809203505516052,911,949
1275,1,Fast,0.7489312291145325,964,698
1275,1,Fast,0.7173457145690918,951,574
1275,1,Fast,0.557332456111908,960,531
1275,1,Fast,0.5368559956550598,1014,734
1275,1,Fast,0.5033431053161621,948,472
1276,1,Fast,0.8709308505058289,914,960
1276,1,Fast,0.7913703322410583,963,694
1276,1,Fast,0.658911943435669,1011,729
1276,1,Fast,0.5972707271575928,958,528
1276,1,Fast,0.5248106718063354,947,470
1276,1,Fast,0.3530158996582031,1122,972
1276,1,Fast,0.3266827464103699,950,571
1277,1,Fast,0.8834882378578186,917,970
1277,1,Fast,0.767476499080658,961,688
1277,1,Fast,0.6895102858543396,948,567
1277,1,Fast,0.6350237727165222,947,468
1277,1,Fast,0.3812290132045746,958,526
1278,1,Fast,0.8802842497825623,922,980
1278,1,Fast,0.8358481526374817,960,684
1278,1,Fast,0.6842967867851257,1007,719
1278,1,Fast,0.6371015906333923,947,466
1278,1,Fast,0.505728006362915,948,565
1278,1,Fast,0.4730357527732849,956,524
1278,1,Fast,0.31002485752105713,927,476
1279,1,Fast,0.8491888642311096,923,990
1279,1,Fast,0.8317831754684448,959,680
1279,1,Fast,0.8154357671737671,1005,715
1279,1,Fast,0.744566023349762,1109,949
1279,1,Fast,0.5939041972160339,947,563
1279,1,Fast,0.5212109088897705,946,464
1279,1,Fast,0.47023484110832214,956,522
1280,1,Fast,0.8206654787063599,927,1001
1280,1,Fast,0.789997935295105,957,675
1280,1,Fast,0.7545191645622253,1106,941
1280,1,Fast,0.7073572874069214,945,559
1280,1,Fast,0.7073213458061218,1004,711
1280,1,Fast,0.5810307860374451,945,462
1280,1,Fast,0.4882078468799591,956,520
1280,1,Fast,0.46147775650024414,927,471
1281,1,Fast,0.8779585957527161,931,1012
1281,1,Fast,0.8025181889533997,1104,933
1281,1,Fast,0.7655097842216492,956,671
1281,1,Fast,0.5697266459465027,944,461
1281,1,Fast,0.5285336375236511,943,555
1281,1,Fast,0.5077865719795227,956,518
1281,1,Fast,0.4180566668510437,926,469
1281,1,Fast,0.35692182183265686,1002,707
1282,1,Fast,0.8183661103248596,955,666
1282,1,Fast,0.6297190189361572,943,459
1282,1,Fast,0.622482419013977,956,515
1282,1,Fast,0.6209561228752136,943,553
1282,1,Fast,0.5114601850509644,934,1023
1282,1,Fast,0.4391111731529236,926,467
1282,1,Fast,0.41254884004592896,1101,926
1283,1,Fast,0.7688791155815125,954,661
1283,1,Fast,0.668046236038208,938,1035
1283,1,Fast,0.6243825554847717,942,550
1283,1,Fast,0.4638599753379822,943,458
1283,1,Fast,0.3141731023788452,1096,919
1284,1,Fast,0.8185133934020996,1091,911
1284,1,Fast,0.8064712882041931,952,656
1284,1,Fast,0.7332207560539246,954,511
1284,1,Fast,0.7154067158699036,941,547
1284,1,Fast,0.5184633135795593,944,456
1284,1,Fast,0.42732715606689453,942,1046
1285,1,Fast,0.8320440053939819,951,653
1285,1,Fast,0.7077476382255554,940,543
1285,1,Fast,0.6447585225105286,948,1054
1285,1,Fast,0.5119391679763794,1087,905
1285,1,Fast,0.45780038833618164,944,454
1285,1,Fast,0.4391983151435852,954,510
1285,1,Fast,0.4277263283729553,917,417
1286,1,Fast,0.8638622760772705,950,649
1286,1,Fast,0.7406153678894043,953,1059
1286,1,Fast,0.5397153496742249,917,416
1286,1,Fast,0.46079546213150024,994,686
1286,1,Fast,0.4335043430328369,943,453
1286,1,Fast,0.31853151321411133,1085,898
1287,1,Fast,0.8326476812362671,948,646
1287,1,Fast,0.8040058612823486,994,682
1287,1,Fast,0.72259122133255,956,1066
1287,1,Fast,0.6293644905090332,939,537
1287,1,Fast,0.5557599067687988,917,415
1287,1,Fast,0.34336644411087036,943,451
1288,1,Fast,0.8152512907981873,992,678
1288,1,Fast,0.8017055988311768,947,642
1288,1,Fast,0.6178036332130432,916,413
1288,2,Slow,0.4293045699596405,952,503
1289,1,Fast,0.8220516443252563,946,637
1289,1,Fast,0.7677514553070068,991,674
1289,1,Fast,0.6820875406265259,937,532
1289,1,Fast,0.5083560347557068,916,412
1289,1,Fast,0.39188718795776367,942,448
1289,2,Slow,0.3208339810371399,950,500
1290,1,Fast,0.8230711817741394,945,634
1290,1,Fast,0.7863882780075073,990,670
1290,1,Fast,0.6588634848594666,941,447
1290,1,Fast,0.34016937017440796,914,410
1291,1,Fast,0.6524706482887268,941,445
1291,1,Fast,0.6035959720611572,943,629
1291,1,Fast,0.514861524105072,936,527
1291,1,Fast,0.3088695704936981,988,666
1292,1,Fast,0.6180188655853271,940,443
1292,1,Fast,0.41581547260284424,947,494
1292,1,Fast,0.32002687454223633,1066,859
1292,1,Fast,0.3022650480270386,942,626
1293,1,Fast,0.5059050917625427,940,622
1293,1,Fast,0.4288312792778015,947,492
1293,1,Fast,0.41779008507728577,940,441
1293,1,Fast,0.3808077275753021,1063,852
1293,1,Fast,0.3374407887458801,934,522
1294,1,Fast,0.6945847868919373,940,618
1294,1,Fast,0.5919105410575867,1061,846
1294,1,Fast,0.434921532869339,940,440
1294,1,Fast,0.4187396466732025,946,490
1295,1,Fast,0.7295957803726196,938,614
1295,1,Fast,0.47085040807724,981,652
1295,1,Fast,0.41894644498825073,939,438
1295,1,Fast,0.40211257338523865,946,489
1296,1,Fast,0.8374790549278259,937,610
1296,1,Fast,0.4112168252468109,932,514
1296,1,Fast,0.3295615315437317,947,487
1297,1,Fast,0.7979922890663147,936,607
1297,1,Fast,0.7009100317955017,1053,828
1297,2,Slow,0.3985104262828827,932,511
1297,1,Fast,0.39470961689949036,979,644
1298,1,Fast,0.7372592687606812,1049,822
1298,1,Fast,0.7215014696121216,934,604
1298,1,Fast,0.5241128206253052,931,508
1298,1,Fast,0.48076099157333374,977,641
1299,1,Fast,0.7913910746574402,934,600
1299,1,Fast,0.7879356741905212,976,638
1299,1,Fast,0.33223146200180054,1048,816
1299,2,Slow,0.31665992736816406,931,506
1299,1,Fast,0.30529850721359253,913,393
1300,1,Fast,0.7871681451797485,933,597
1300,1,Fast,0.3104403614997864,946,480
1301,1,Fast,0.8402339220046997,932,593
1301,1,Fast,0.502227783203125,1043,805
1301,1,Fast,0.42737895250320435,974,630
1302,1,Fast,0.8278375864028931,931,589
1302,1,Fast,0.7007609009742737,1040,799
1303,1,Fast,0.7766798138618469,930,586
1303,1,Fast,0.7037708163261414,1038,793
1303,1,Fast,0.5839472413063049,971,622
1303,1,Fast,0.3321448564529419,938,425
1304,1,Fast,0.7482768893241882,929,582
1304,1,Fast,0.5931536555290222,1035,787
1304,1,Fast,0.49063292145729065,928,493
1304,1,Fast,0.46380308270454407,971,619
1305,1,Fast,0.5256301164627075,1033,783
1305,1,Fast,0.4176284074783325,928,578
1306,1,Fast,0.7159347534179688,926,575
1307,1,Fast,0.6570624113082886,925,571
1307,1,Fast,0.5589714646339417,926,486
1307,1,Fast,0.5149805545806885,942,467
1308,1,Fast,0.7765339612960815,923,568
1308,1,Fast,0.5286170244216919,964,605
1308,1,Fast,0.39766064286231995,937,417
1308,1,Fast,0.36538657546043396,1026,767
1309,1,Fast,0.6156237721443176,923,566
1309,1,Fast,0.5401830077171326,937,415
1309,1,Fast,0.43410491943359375,941,463
1309,1,Fast,0.38278472423553467,911,378
1310,1,Fast,0.7228772044181824,923,562
1310,1,Fast,0.5667719841003418,963,600
1310,1,Fast,0.4825550615787506,937,414
1310,1,Fast,0.37790560722351074,924,479
1311,1,Fast,0.8042606115341187,922,560
1311,1,Fast,0.582383394241333,1018,751
1311,1,Fast,0.4036756753921509,924,477
1312,1,Fast,0.6837049722671509,921,556
1312,1,Fast,0.6237583756446838,961,594
1312,1,Fast,0.37887686491012573,1017,746
1313,1,Fast,0.7486783266067505,920,553
1313,1,Fast,0.5149953365325928,960,590
1314,1,Fast,0.6113527417182922,923,470
1314,1,Fast,0.5893806219100952,920,550
1314,1,Fast,0.5282976627349854,959,587
1315,1,Fast,0.7394348978996277,918,546
1315,1,Fast,0.4646918475627899,940,452
1315,1,Fast,0.46195533871650696,922,467
1315,1,Fast,0.4522496163845062,958,584
1315,1,Fast,0.4123607277870178,936,407
1316,1,Fast,0.5447853207588196,1009,726
1316,1,Fast,0.4578150808811188,917,543
1317,1,Fast,0.3289375901222229,916,540
1318,1,Fast,0.6253737807273865,915,537
1318,1,Fast,0.4072118401527405,955,574
1318,1,Fast,0.32625412940979004,937,402
1319,1,Fast,0.5375757813453674,914,534
1319,1,Fast,0.4949593245983124,936,401
1319,1,Fast,0.40114378929138184,953,571
1319,1,Fast,0.3598451018333435,940,445
1320,1,Fast,0.7373135685920715,913,531
1320,1,Fast,0.6332517266273499,936,399
1320,1,Fast,0.6326428055763245,939,444
1321,1,Fast,0.7167949080467224,913,528
1321,1,Fast,0.6724770665168762,938,442
1321,1,Fast,0.4221128523349762,936,398
1321,1,Fast,0.35677051544189453,951,566
1322,1,Fast,0.7487342953681946,938,440
1322,1,Fast,0.7286359667778015,912,525
1322,1,Fast,0.56833815574646,935,397
1322,1,Fast,0.33006200194358826,919,453
1323,1,Fast,0.7037988305091858,937,438
1323,1,Fast,0.4186263382434845,935,395
1324,1,Fast,0.5850154757499695,937,437
1324,1,Fast,0.47901880741119385,993,690
1324,1,Fast,0.40088677406311035,935,394
1325,1,Fast,0.5530335903167725,946,555
1325,1,Fast,0.4469779133796692,992,686
1325,1,Fast,0.3535120189189911,936,436
1329,2,Slow,0.303180068731308,916,439
1331,1,Fast,0.6087953448295593,906,500
1332,1,Fast,0.5806859731674194,907,496
1333,1,Fast,0.510615885257721,1198,1068
1333,1,Fast,0.4717608094215393,940,531
1334,1,Fast,0.5463883280754089,1197,1062
1334,1,Fast,0.41003188490867615,939,528
1335,1,Fast,0.41832926869392395,938,526
1336,1,Fast,0.3104268014431,935,418
1337,1,Fast,0.565077006816864,935,416
1338,1,Fast,0.6832234263420105,935,414
1339,1,Fast,0.896950364112854,1163,1035
1339,1,Fast,0.6352666020393372,934,413
1340,1,Fast,0.906802237033844,1158,1025
1340,1,Fast,0.3694306015968323,934,411
1341,1,Fast,0.9124935269355774,1155,1016
1341,1,Fast,0.5293446183204651,934,410
1342,1,Fast,0.9097411036491394,1149,1007
1342,1,Fast,0.574101448059082,933,409
1343,1,Fast,0.9033948183059692,1144,997
1343,1,Fast,0.5686509609222412,933,407
1344,1,Fast,0.9097428917884827,1140,987
1344,1,Fast,0.4899396300315857,965,611
1344,1,Fast,0.42203375697135925,933,406
1344,1,Fast,0.3174337148666382,932,502
1345,1,Fast,0.9113650918006897,1135,978
1346,1,Fast,0.8728188872337341,1130,968
1346,1,Fast,0.3135268986225128,934,403
1347,1,Fast,0.9117782711982727,1126,960
1347,1,Fast,0.6276840567588806,934,402
1348,1,Fast,0.889665961265564,1123,950
1348,1,Fast,0.6624647378921509,933,400
1349,1,Fast,0.8921493291854858,1118,942
1349,1,Fast,0.5088039040565491,934,399
1350,1,Fast,0.9137756824493408,1112,933
1350,1,Fast,0.5810946226119995,933,397
1351,1,Fast,0.9133723378181458,1109,924
1351,1,Fast,0.5881653428077698,933,396
1351,1,Fast,0.5171453356742859,957,587
1352,1,Fast,0.922382116317749,1105,917
1352,1,Fast,0.548231840133667,932,395
1353,1,Fast,0.9143524765968323,1101,908
1353,1,Fast,0.42240455746650696,932,394
1354,1,Fast,0.9224123358726501,1096,900
1354,1,Fast,0.4258120357990265,932,392
1355,1,Fast,0.9118702411651611,1093,892
1355,1,Fast,0.5381731390953064,897,442
1355,1,Fast,0.3023151457309723,932,391
1356,1,Fast,0.8972649574279785,1088,885
1356,1,Fast,0.7135503888130188,897,439
1357,1,Fast,0.8782792091369629,1084,877
1357,1,Fast,0.6633490920066833,896,438
1358,1,Fast,0.8871511220932007,1082,869
1358,1,Fast,0.4722955822944641,896,436
1359,1,Fast,0.856993556022644,1078,862
1360,1,Fast,0.8785220980644226,1074,854
1360,1,Fast,0.31064268946647644,931,385
1361,1,Fast,0.890134334564209,1071,847
1362,1,Fast,0.877696692943573,1068,839
1362,1,Fast,0.4461120069026947,931,382
1362,1,Fast,0.4441588521003723,909,380
1363,1,Fast,0.9085980653762817,1064,833
1363,1,Fast,0.5904937386512756,909,378
1363,1,Fast,0.5216991305351257,931,380
1364,1,Fast,0.8615552186965942,1060,827
1364,1,Fast,0.4098023772239685,932,379
1364,1,Fast,0.3010120689868927,909,376
1365,1,Fast,0.8482829928398132,1057,820
1365,1,Fast,0.35421597957611084,931,378
1366,1,Fast,0.8004602193832397,1053,813
1367,1,Fast,0.8472481369972229,1051,805
1368,1,Fast,0.6868190765380859,1047,800
1369,1,Fast,0.6994802355766296,1045,793
1369,1,Fast,0.4213946461677551,895,414
1370,1,Fast,0.48052579164505005,1042,786
1370,2,Slow,0.3882763981819153,939,528
1371,1,Fast,0.6840583682060242,1040,779
1372,1,Fast,0.8337767720222473,1037,774
1373,1,Fast,0.7274338603019714,1034,767
1374,1,Fast,0.8190567493438721,1032,762
1375,1,Fast,0.7790626287460327,1028,756
1377,1,Fast,0.5625473260879517,1109,1050
1377,1,Fast,0.4163505733013153,1022,743
1378,1,Fast,0.7051836252212524,1102,1038
1378,1,Fast,0.5892977714538574,1020,737
1379,1,Fast,0.7768095135688782,1097,1026
1379,1,Fast,0.5477215647697449,1018,732
1380,1,Fast,0.8275448679924011,1091,1013
1380,2,Slow,0.3796522617340088,931,502
1381,1,Fast,0.8317898511886597,1087,1003
1381,2,Slow,0.38786375522613525,931,498
1382,1,Fast,0.7870396971702576,1082,993
1383,1,Fast,0.7651488184928894,1077,982
1383,1,Fast,0.49242815375328064,1010,709
1384,1,Fast,0.7964805364608765,1073,972
1385,1,Fast,0.7058070302009583,1068,962
1385,1,Fast,0.4215506613254547,893,384
1386,1,Fast,0.7471989989280701,1065,952
1386,1,Fast,0.46740061044692993,893,383
1386,1,Fast,0.37661370635032654,917,416
1387,1,Fast,0.38910144567489624,1060,941
1388,1,Fast,0.5813007354736328,1056,932
1389,1,Fast,0.6638553738594055,1051,922
1390,1,Fast,0.7993563413619995,1047,912
1391,1,Fast,0.7231764197349548,1043,904
1391,1,Fast,0.3507542610168457,915,407
1392,1,Fast,0.772586464881897,1040,894
1392,2,Slow,0.34856587648391724,845,522
1393,1,Fast,0.7997088432312012,1036,887
1394,1,Fast,0.7203420996665955,1032,879
1395,1,Fast,0.7238016128540039,1028,869
1395,2,Slow,0.33928439021110535,925,466
1396,1,Fast,0.5496768355369568,1024,861
1396,2,Slow,0.44221821427345276,847,538
1397,1,Fast,0.7829707264900208,1021,852
1398,1,Fast,0.7774556279182434,1018,845
1398,2,Slow,0.5701184272766113,848,545
1399,1,Fast,0.8510108590126038,1014,836
1400,1,Fast,0.8685556650161743,1011,829
1401,1,Fast,0.8351752758026123,1008,821
1401,2,Slow,0.5843214392662048,849,555
1402,1,Fast,0.8223510980606079,1005,813
1403,1,Fast,0.8116369247436523,1002,805
1403,2,Slow,0.5796802043914795,851,562
1404,1,Fast,0.8163483738899231,998,798
1404,0,VRU,0.5383999943733215,1344,855
1404,2,Slow,0.43468624353408813,851,567
1405,1,Fast,0.8526045083999634,997,791
1405,0,VRU,0.4668886065483093,1345,855
1405,1,Fast,0.4573516249656677,1178,1066
1406,1,Fast,0.7579875588417053,993,784
1406,1,Fast,0.5363159775733948,1171,1061
1406,0,VRU,0.504607081413269,1344,855
1406,2,Slow,0.4744086265563965,853,575
1407,1,Fast,0.8068344593048096,991,776
1407,1,Fast,0.6803620457649231,1160,1054
1407,0,VRU,0.5100517868995667,1344,855
1408,1,Fast,0.7952815294265747,988,770
1408,0,VRU,0.5007419586181641,1345,855
1409,1,Fast,0.7524086236953735,985,763
1409,0,VRU,0.5289150476455688,1344,855
1409,1,Fast,0.3046174943447113,1148,1032
1410,1,Fast,0.8352474570274353,983,757
1410,0,VRU,0.5262008309364319,1344,855
1410,1,Fast,0.4833240509033203,1142,1020
1411,1,Fast,0.8292338252067566,980,749
1411,1,Fast,0.6627423167228699,1136,1009
1411,0,VRU,0.5128286480903625,1344,855
1411,2,Slow,0.3515932261943817,856,595
1412,1,Fast,0.8628924489021301,978,743
1412,2,Slow,0.7175931930541992,857,600
1412,1,Fast,0.6164746284484863,1131,999
1412,0,VRU,0.5328624248504639,1344,855
1413,1,Fast,0.8379014730453491,976,736
1413,2,Slow,0.7125054001808167,858,605
1413,1,Fast,0.6662264466285706,1126,988
1413,0,VRU,0.5579699873924255,1344,855
1414,1,Fast,0.8204298615455627,973,729
1414,1,Fast,0.7538470029830933,1120,978
1414,2,Slow,0.6355401873588562,858,609
1414,0,VRU,0.5234241485595703,1344,855
1415,1,Fast,0.7936739325523376,971,723
1415,1,Fast,0.6923639178276062,1115,968
1415,0,VRU,0.42419445514678955,1344,854
1416,1,Fast,0.8129894137382507,1110,957
1416,1,Fast,0.7729237675666809,969,716
1416,2,Slow,0.4485276937484741,860,619
1417,1,Fast,0.8122935891151428,1105,948
1417,1,Fast,0.7327315211296082,967,710
1418,1,Fast,0.816683292388916,965,705
1418,1,Fast,0.691838264465332,1101,938
1419,1,Fast,0.819397509098053,962,699
1419,1,Fast,0.43658530712127686,1096,929
1419,2,Slow,0.37139397859573364,862,633
1420,1,Fast,0.793206512928009,961,693
1421,1,Fast,0.801262378692627,959,688
1422,1,Fast,0.8072803020477295,957,683
1422,1,Fast,0.5307053923606873,1084,901
1423,1,Fast,0.8026278018951416,956,677
1423,1,Fast,0.44159209728240967,1079,893
1424,1,Fast,0.7499104738235474,954,670
1424,2,Slow,0.5472733974456787,869,658
1424,1,Fast,0.5234403014183044,1075,884
1425,1,Fast,0.7524504065513611,952,665
1425,2,Slow,0.7227433919906616,871,663
1425,1,Fast,0.5829441547393799,1071,876
1426,1,Fast,0.7118039131164551,950,659
1426,2,Slow,0.6679942011833191,872,668
1427,1,Fast,0.8000382781028748,949,655
1427,1,Fast,0.6924234628677368,1063,860
1427,2,Slow,0.5681900382041931,872,673
1428,1,Fast,0.793476939201355,947,651
1428,2,Slow,0.5333257913589478,874,680
1428,0,VRU,0.3601439297199249,1345,856
1429,1,Fast,0.7490803599357605,945,647
1430,1,Fast,0.6776509284973145,943,641
1430,2,Slow,0.5086609721183777,877,690
1431,1,Fast,0.8010382056236267,941,635
1431,2,Slow,0.787041962146759,878,697
1432,2,Slow,0.8222691416740417,879,701
1432,1,Fast,0.7815371751785278,940,630
1433,2,Slow,0.8098631501197815,881,705
1433,1,Fast,0.7967079281806946,938,625
1433,1,Fast,0.30291441082954407,1042,813
1434,1,Fast,0.8295653462409973,936,620
1434,2,Slow,0.7284209132194519,884,712
1435,1,Fast,0.798001766204834,935,615
1435,2,Slow,0.7014974355697632,885,718
1435,1,Fast,0.6711153984069824,1035,799
1436,1,Fast,0.8358185887336731,934,610
1436,2,Slow,0.7904111742973328,886,726
1436,1,Fast,0.5135812759399414,1032,792
1437,1,Fast,0.8401986360549927,932,605
1437,2,Slow,0.7159013748168945,889,730
1437,1,Fast,0.3282035291194916,1028,785
1438,1,Fast,0.7942845821380615,931,601
1438,2,Slow,0.7384064793586731,889,736
1439,1,Fast,0.7711589336395264,928,598
1439,2,Slow,0.7159642577171326,891,742
1439,0,VRU,0.40122467279434204,1345,855
1440,1,Fast,0.8357336521148682,927,592
1440,2,Slow,0.7311508059501648,893,749
1441,1,Fast,0.844936728477478,926,588
1441,2,Slow,0.740237832069397,895,756
1442,1,Fast,0.8168131113052368,925,584
1442,2,Slow,0.7882551550865173,897,762
1442,0,VRU,0.3419206142425537,1345,855
1443,1,Fast,0.8409974575042725,924,580
1443,2,Slow,0.7243313193321228,899,767
1443,1,Fast,0.337864488363266,1012,744
1443,0,VRU,0.3249874711036682,1345,855
1444,1,Fast,0.8460093140602112,923,575
1444,2,Slow,0.6610612273216248,900,775
1444,1,Fast,0.6119347214698792,1010,738
1444,0,VRU,0.34592801332473755,1345,855
1445,1,Fast,0.8164355158805847,922,571
1445,2,Slow,0.5824843049049377,902,783
1445,0,VRU,0.4107920229434967,1345,855
1446,1,Fast,0.8292971849441528,920,567
1446,2,Slow,0.7615363597869873,904,789
1447,1,Fast,0.8564454317092896,919,564
1447,1,Fast,0.4181895852088928,1001,720
1447,2,Slow,0.33129170536994934,907,795
1448,1,Fast,0.85512775182724,918,560
1448,2,Slow,0.6967189908027649,909,804
1448,1,Fast,0.30118709802627563,998,714
1449,1,Fast,0.8120598196983337,917,555
1449,2,Slow,0.6281686425209045,912,810
1449,1,Fast,0.5919082164764404,996,708
1450,1,Fast,0.8225464820861816,916,552
1450,1,Fast,0.586372971534729,994,702
1450,2,Slow,0.36819401383399963,914,818
1451,1,Fast,0.8405562043190002,916,824
1451,1,Fast,0.8188906908035278,915,548
1451,1,Fast,0.44948962330818176,992,697
1452,1,Fast,0.8085504174232483,918,833
1452,1,Fast,0.7970727682113647,914,543
1452,1,Fast,0.5871351957321167,989,690
1453,1,Fast,0.780286967754364,913,540
1453,1,Fast,0.6058359146118164,987,685
1454,1,Fast,0.8477344512939453,986,679
1454,1,Fast,0.8077913522720337,912,536
1455,1,Fast,0.8188164830207825,912,532
1455,1,Fast,0.7583568096160889,983,674
1456,1,Fast,0.8505932688713074,981,669
1456,1,Fast,0.7111136317253113,911,529
1457,1,Fast,0.8232790231704712,980,663
1457,1,Fast,0.794156551361084,911,525
1457,1,Fast,0.582484781742096,916,442
1458,1,Fast,0.8194003701210022,977,659
1458,1,Fast,0.790183961391449,910,522
1458,2,Slow,0.535995364189148,934,879
1459,1,Fast,0.816778838634491,909,518
1459,1,Fast,0.7622478008270264,975,654
1459,1,Fast,0.7052237391471863,937,887
1459,1,Fast,0.41251441836357117,987,586
1460,1,Fast,0.7973852157592773,908,515
1460,1,Fast,0.7925201058387756,973,649
1460,1,Fast,0.566750705242157,939,897
1461,1,Fast,0.8606849908828735,942,907
1461,1,Fast,0.8115589022636414,972,643
1461,1,Fast,0.7896163463592529,907,512
1462,1,Fast,0.7925520539283752,945,913
1462,1,Fast,0.7845585346221924,905,508
1462,1,Fast,0.6994727849960327,1158,1043
1462,1,Fast,0.5446069836616516,983,577
1462,1,Fast,0.5004584789276123,971,638
1463,1,Fast,0.7958552241325378,905,505
1463,1,Fast,0.7680227160453796,950,925
1463,1,Fast,0.724377453327179,969,633
1463,1,Fast,0.4233397841453552,997,771
1463,1,Fast,0.3770369589328766,1154,1031
1464,1,Fast,0.7746877670288086,906,501
1464,1,Fast,0.7175328731536865,967,628
1464,1,Fast,0.4026685059070587,981,571
1464,1,Fast,0.324796587228775,1148,1019
1464,1,Fast,0.30191731452941895,953,934
1465,1,Fast,0.8408839702606201,966,624
1465,1,Fast,0.7256159782409668,905,498
1465,1,Fast,0.4762294888496399,980,568
1465,1,Fast,0.47241654992103577,1142,1008
1466,1,Fast,0.8411436080932617,964,619
1466,1,Fast,0.7074416279792786,904,495
1466,1,Fast,0.6009995937347412,990,751
1466,1,Fast,0.47385984659194946,1136,998
1466,1,Fast,0.3209499418735504,980,566
1467,1,Fast,0.772505521774292,962,615
1467,1,Fast,0.72987961769104,904,492
1467,1,Fast,0.6226632595062256,962,962
1467,1,Fast,0.5121502876281738,987,744
1467,1,Fast,0.4864625632762909,979,564
1468,1,Fast,0.7796857953071594,960,611
1468,1,Fast,0.7760648727416992,904,489
1468,1,Fast,0.7252236604690552,985,738
1468,1,Fast,0.4981575310230255,965,971
1468,1,Fast,0.3154389560222626,913,417
1469,1,Fast,0.7817782163619995,958,606
1469,1,Fast,0.7738799452781677,902,486
1469,1,Fast,0.6893764734268188,983,731
1469,2,Slow,0.3115401864051819,920,416
1470,1,Fast,0.8421292901039124,972,993
1470,1,Fast,0.6634299159049988,980,725
1470,1,Fast,0.6200342178344727,958,602
1470,1,Fast,0.43392056226730347,1115,955
1470,1,Fast,0.37880393862724304,902,483
1471,1,Fast,0.8248103857040405,976,1003
1471,1,Fast,0.6652606129646301,957,597
1471,1,Fast,0.41575339436531067,978,717
1471,1,Fast,0.41308924555778503,973,551
1471,1,Fast,0.30562394857406616,1110,945
1472,1,Fast,0.6487802267074585,972,549
1472,1,Fast,0.6441516876220703,956,593
1472,1,Fast,0.5777759552001953,976,711
1472,1,Fast,0.46113985776901245,981,1015
1472,1,Fast,0.4103449881076813,1106,935
1473,1,Fast,0.5541587471961975,955,588
1473,1,Fast,0.5461458563804626,974,706
1473,1,Fast,0.5249409675598145,901,474
1473,1,Fast,0.4740017354488373,971,545
1474,1,Fast,0.6569476127624512,954,583
1474,1,Fast,0.640322744846344,988,1036
1474,1,Fast,0.4877486824989319,970,542
1474,1,Fast,0.363075315952301,1096,916
1475,1,Fast,0.7879308462142944,952,580
1475,1,Fast,0.6596355438232422,993,1050
1475,1,Fast,0.596509575843811,1092,905
1475,1,Fast,0.5824756622314453,969,694
1476,1,Fast,0.7842251658439636,950,576
1476,1,Fast,0.6439166069030762,966,688
1476,1,Fast,0.4290107190608978,1088,896
1477,1,Fast,0.7686107158660889,965,682
1477,1,Fast,0.7270577549934387,949,572
1478,1,Fast,0.7609689235687256,963,677
1478,1,Fast,0.6684648990631104,948,567
1479,1,Fast,0.8264922499656677,961,671
1479,1,Fast,0.4179125726222992,948,563
1480,1,Fast,0.6893529891967773,959,665
1481,1,Fast,0.650098979473114,1068,852
1481,1,Fast,0.45556142926216125,957,658
1481,1,Fast,0.31701791286468506,944,556
1482,1,Fast,0.6540583968162537,943,552
1482,1,Fast,0.6252729892730713,955,654
1483,1,Fast,0.7392196655273438,953,650
1483,1,Fast,0.48711097240448,942,548
1484,1,Fast,0.5362436175346375,941,544
1484,1,Fast,0.3415665924549103,897,444
1485,1,Fast,0.5726553201675415,940,541
1485,1,Fast,0.35406044125556946,950,639
1486,1,Fast,0.6832818388938904,938,537
1486,1,Fast,0.6218883395195007,948,634
1487,1,Fast,0.7111528515815735,947,629
1487,1,Fast,0.4663855731487274,937,533
1487,1,Fast,0.3977423906326294,896,437
1488,1,Fast,0.6308377385139465,945,624
1488,1,Fast,0.6294152140617371,935,530
1488,2,Slow,0.3249117434024811,958,507
1489,1,Fast,0.7151728868484497,942,619
1489,2,Slow,0.3276534080505371,958,506
1490,2,Slow,0.498410165309906,957,503
1490,1,Fast,0.4833473861217499,934,523
1490,1,Fast,0.41923758387565613,942,614
1490,1,Fast,0.3818300664424896,1037,784
1491,1,Fast,0.74241042137146,934,520
1491,2,Slow,0.6532682180404663,956,500
1491,1,Fast,0.5052271485328674,940,609
1492,1,Fast,0.7153416872024536,933,517
1492,1,Fast,0.621491551399231,1031,769
1492,2,Slow,0.5563927888870239,955,498
1492,1,Fast,0.5255614519119263,938,605
1493,1,Fast,0.6272004842758179,932,514
1493,2,Slow,0.409085214138031,955,496
1493,1,Fast,0.40393808484077454,841,658
1494,1,Fast,0.6660190224647522,934,597
1494,1,Fast,0.578788161277771,932,511
1494,1,Fast,0.3668067753314972,842,663
1495,1,Fast,0.7101921439170837,843,668
1495,1,Fast,0.497009813785553,932,593
1495,1,Fast,0.4949233829975128,930,507
1496,1,Fast,0.6339884400367737,844,673
1496,1,Fast,0.615975022315979,932,587
1496,1,Fast,0.4349132180213928,929,504
1496,1,Fast,0.4347057044506073,893,415
1497,1,Fast,0.7391643524169922,930,583
1497,2,Slow,0.5300825834274292,952,486
1497,1,Fast,0.36364778876304626,929,501
1497,1,Fast,0.3429076373577118,845,679
1498,1,Fast,0.7451133728027344,929,578
1498,2,Slow,0.604292631149292,951,483
1498,1,Fast,0.4583545923233032,928,497
1499,1,Fast,0.823811411857605,927,574
1499,1,Fast,0.4623158872127533,928,493
1500,1,Fast,0.7445177435874939,926,569
1500,1,Fast,0.6537894606590271,927,491
1500,1,Fast,0.4956662356853485,1087,1013
1501,1,Fast,0.8063079118728638,925,566
1501,1,Fast,0.4518947899341583,851,698
1501,1,Fast,0.3925371766090393,1007,710
1501,1,Fast,0.38004374504089355,1082,1002
1502,1,Fast,0.8046674132347107,924,563
1502,1,Fast,0.4348505437374115,892,402
1503,1,Fast,0.7985061407089233,923,559
1503,1,Fast,0.538959264755249,853,710
1503,1,Fast,0.3468726575374603,1073,980
1503,1,Fast,0.3291321098804474,926,482
1504,1,Fast,0.795569121837616,854,715
1504,1,Fast,0.7267219424247742,922,555
1504,1,Fast,0.5678071975708008,950,472
1504,1,Fast,0.47767287492752075,1000,693
1505,1,Fast,0.8385114669799805,855,721
1505,1,Fast,0.7983995676040649,920,551
1505,1,Fast,0.6781067848205566,924,477
1505,1,Fast,0.5881092548370361,950,470
1506,1,Fast,0.8429631590843201,856,726
1506,1,Fast,0.8357044458389282,919,546
1506,1,Fast,0.5057532787322998,923,474
1506,1,Fast,0.3760254681110382,949,468
1507,1,Fast,0.8258376121520996,858,732
1507,1,Fast,0.7631365656852722,918,542
1507,1,Fast,0.5305731296539307,922,472
1507,1,Fast,0.36960723996162415,949,466
1508,1,Fast,0.6972021460533142,918,538
1508,1,Fast,0.5905617475509644,859,738
1508,1,Fast,0.525987982749939,948,464
1508,1,Fast,0.4001462757587433,921,470
1508,1,Fast,0.3474279046058655,991,671
1509,1,Fast,0.7190585136413574,916,534
1509,1,Fast,0.5562698841094971,947,463
1509,1,Fast,0.5527715086936951,860,744
1509,1,Fast,0.5030106902122498,920,467
1509,1,Fast,0.33598437905311584,1238,1061
1510,1,Fast,0.802277684211731,915,530
1510,1,Fast,0.5721324682235718,920,463
1510,1,Fast,0.5240540504455566,862,750
1510,1,Fast,0.4655642807483673,947,460
1510,1,Fast,0.437652587890625,986,659
1510,1,Fast,0.36472761631011963,1045,910
1510,1,Fast,0.30950072407722473,1232,1056
1511,1,Fast,0.7244702577590942,984,654
1511,1,Fast,0.7046208381652832,914,527
1511,1,Fast,0.7031110525131226,863,756
1511,1,Fast,0.6200292706489563,920,461
1511,1,Fast,0.6149419546127319,1225,1051
1511,1,Fast,0.3866499066352844,1041,902
1511,1,Fast,0.36351293325424194,946,458
1512,1,Fast,0.8238288760185242,865,760
1512,1,Fast,0.80694979429245,1220,1043
1512,1,Fast,0.7414188385009766,913,524
1512,1,Fast,0.5857186913490295,981,648
1513,1,Fast,0.7947675585746765,866,767
1513,1,Fast,0.7897377014160156,1215,1035
1513,1,Fast,0.5348789691925049,912,519
1513,1,Fast,0.3289112448692322,918,455
1514,1,Fast,0.8406211733818054,868,774
1514,1,Fast,0.7906646728515625,1211,1026
1514,1,Fast,0.6511754989624023,911,516
1514,1,Fast,0.3626781702041626,917,453
1515,1,Fast,0.851468563079834,869,780
1515,1,Fast,0.7472533583641052,1206,1018
1515,1,Fast,0.6827799081802368,977,633
1515,1,Fast,0.3774043917655945,911,512
1516,1,Fast,0.8428035378456116,870,786
1516,1,Fast,0.7863521575927734,1202,1009
1516,1,Fast,0.5959811210632324,975,628
1516,1,Fast,0.5351805090904236,909,509
1517,1,Fast,0.8554137349128723,872,793
1517,1,Fast,0.748916506767273,1197,1002
1517,1,Fast,0.682444155216217,909,504
1517,1,Fast,0.6125085949897766,973,623
1518,1,Fast,0.8502693772315979,874,800
1518,1,Fast,0.7175436615943909,1192,993
1518,1,Fast,0.6380040049552917,971,619
1518,1,Fast,0.529179036617279,908,501
1519,1,Fast,0.8674786686897278,876,806
1519,1,Fast,0.8404122591018677,1188,986
1519,1,Fast,0.6458836793899536,907,498
1519,1,Fast,0.592282772064209,969,613
1519,1,Fast,0.5671798586845398,1013,833
1520,1,Fast,0.8769168853759766,1184,979
1520,1,Fast,0.8251616954803467,878,813
1520,1,Fast,0.7510124444961548,1010,825
1520,1,Fast,0.5744115710258484,968,609
1520,1,Fast,0.5726369023323059,907,494
1521,1,Fast,0.8680586218833923,1180,972
1521,1,Fast,0.823117196559906,880,820
1521,1,Fast,0.5877439379692078,966,604
1521,1,Fast,0.33092838525772095,906,491
1521,1,Fast,0.30668529868125916,1007,817
1522,1,Fast,0.8583469986915588,1176,965
1522,1,Fast,0.8287090063095093,883,826
1522,1,Fast,0.700127124786377,1003,810
1522,1,Fast,0.6021196246147156,963,600
1523,1,Fast,0.8253638744354248,1172,957
1523,1,Fast,0.807931125164032,884,834
1523,1,Fast,0.395827978849411,999,802
1523,1,Fast,0.3442843556404114,962,597
1524,1,Fast,0.8110641837120056,886,842
1524,1,Fast,0.7789490222930908,1168,950
1524,1,Fast,0.5510896444320679,960,592
1524,1,Fast,0.378079354763031,997,794
1525,1,Fast,0.8239498734474182,1165,942
1525,1,Fast,0.8002088069915771,887,849
1525,1,Fast,0.4668731093406677,959,587
1526,1,Fast,0.8386440277099609,1161,936
1526,1,Fast,0.8344536423683167,890,857
1527,1,Fast,0.8623669147491455,892,865
1527,1,Fast,0.827339768409729,1157,929
1528,1,Fast,0.8786176443099976,894,871
1528,1,Fast,0.793300211429596,1154,922
1528,1,Fast,0.5754526257514954,903,470
1529,1,Fast,0.8616105914115906,895,879
1529,1,Fast,0.8132820725440979,1150,915
1530,1,Fast,0.8591151237487793,898,887
1530,1,Fast,0.7955906391143799,1146,908
1531,1,Fast,0.8532264232635498,1143,901
1531,1,Fast,0.8360638618469238,901,896
1532,1,Fast,0.8592711687088013,904,904
1532,1,Fast,0.8258466124534607,1139,895
1533,1,Fast,0.8453805446624756,906,911
1533,1,Fast,0.8267062306404114,1135,890
1534,1,Fast,0.873288094997406,908,919
1534,1,Fast,0.8219370245933533,1131,884
1535,1,Fast,0.8819000720977783,910,928
1535,1,Fast,0.7930881381034851,1129,878
1536,1,Fast,0.8780189752578735,913,936
1536,1,Fast,0.845036506652832,1125,872
1536,0,VRU,0.4477800726890564,1344,855
1537,1,Fast,0.8791828751564026,915,946
1537,1,Fast,0.8146160840988159,1122,865
1537,0,VRU,0.48475590348243713,1344,855
1538,1,Fast,0.8819561004638672,918,954
1538,1,Fast,0.8130421042442322,1119,859
1538,0,VRU,0.44803377985954285,1344,854
1539,1,Fast,0.8788580894470215,920,963
1539,1,Fast,0.8331626057624817,1116,853
1539,0,VRU,0.4862005114555359,1344,854
1539,1,Fast,0.3407267928123474,943,531
1540,1,Fast,0.8708587884902954,923,971
1540,1,Fast,0.7829580903053284,1113,848
1540,0,VRU,0.47512105107307434,1344,855
1541,1,Fast,0.8738012313842773,926,981
1541,1,Fast,0.7952678799629211,1110,842
1541,0,VRU,0.5087404847145081,1344,855
1541,1,Fast,0.311442494392395,958,683
1542,1,Fast,0.867656946182251,929,991
1542,1,Fast,0.7404505014419556,1107,837
1542,0,VRU,0.4606791138648987,1344,855
1542,1,Fast,0.3693888485431671,956,677
1543,1,Fast,0.8649200797080994,933,1001
1543,1,Fast,0.67605060338974,1103,831
1543,0,VRU,0.45979899168014526,1344,855
1544,1,Fast,0.8784765601158142,936,1010
1544,1,Fast,0.820120632648468,1101,825
1544,0,VRU,0.46901267766952515,1344,855
1545,1,Fast,0.8559497594833374,938,1021
1545,1,Fast,0.6811425089836121,1097,818
1545,0,VRU,0.4341374933719635,1344,855
1546,1,Fast,0.8556287288665771,942,1031
1546,1,Fast,0.7954575419425964,1094,814
1546,1,Fast,0.40701064467430115,950,655
1546,0,VRU,0.3485940396785736,1344,855
1546,2,Slow,0.3411431610584259,934,505
1547,1,Fast,0.8103470206260681,944,1042
1547,1,Fast,0.8019176721572876,1092,808
1547,1,Fast,0.7361965775489807,1135,1004
1547,1,Fast,0.6953479647636414,948,650
1547,2,Slow,0.5405754446983337,933,502
1547,0,VRU,0.43987777829170227,1344,855
1548,1,Fast,0.7636149525642395,949,1051
1548,1,Fast,0.7426255941390991,1089,804
1548,1,Fast,0.6270291805267334,1131,996
1548,1,Fast,0.5685093998908997,946,645
1549,1,Fast,0.7958809733390808,1087,798
1549,1,Fast,0.7299381494522095,1126,987
1549,1,Fast,0.6697264909744263,954,1057
1549,1,Fast,0.589011013507843,944,640
1550,1,Fast,0.8207768797874451,1122,979
1550,1,Fast,0.7490283846855164,1084,792
1550,1,Fast,0.4779493808746338,960,1062
1550,1,Fast,0.37103646993637085,895,413
1550,1,Fast,0.33650413155555725,942,634
1551,1,Fast,0.7519901394844055,1118,972
1551,1,Fast,0.7478870749473572,1081,787
1552,1,Fast,0.7951012253761292,1078,782
1552,1,Fast,0.38530054688453674,1114,963
1553,1,Fast,0.790643036365509,1076,777
1553,1,Fast,0.36079296469688416,1110,955
1554,1,Fast,0.8073856234550476,1073,773
1554,1,Fast,0.4905228018760681,1106,946
1555,1,Fast,0.8091092705726624,1072,768
1556,1,Fast,0.7714146375656128,1069,763
1556,1,Fast,0.7638636231422424,934,605
1557,1,Fast,0.6669754981994629,1067,758
1557,1,Fast,0.3359226882457733,1096,922
1558,1,Fast,0.7332372069358826,1065,753
1558,1,Fast,0.5920363068580627,931,597
1558,1,Fast,0.4685657024383545,1092,914
1559,1,Fast,0.790696382522583,1062,748
1559,1,Fast,0.7034063935279846,929,592
1559,1,Fast,0.5025620460510254,1087,906
1560,1,Fast,0.736547589302063,1060,744
1560,1,Fast,0.7179815173149109,928,587
1560,1,Fast,0.5272232294082642,1084,898
1561,1,Fast,0.7348771691322327,1058,739
1561,1,Fast,0.6219533681869507,927,584
1561,1,Fast,0.4979088008403778,1080,892
1562,1,Fast,0.778058648109436,1055,735
1562,1,Fast,0.4557170569896698,926,578
1563,1,Fast,0.6565929055213928,924,574
1563,1,Fast,0.4219495356082916,1053,730
1564,1,Fast,0.6687116622924805,1050,726
1564,1,Fast,0.32956385612487793,922,569
1565,1,Fast,0.8023287653923035,1049,721
1565,1,Fast,0.5394710898399353,921,566
1566,1,Fast,0.8234874606132507,1047,717
1566,1,Fast,0.6333022117614746,919,562
1567,1,Fast,0.8254572749137878,1045,713
1567,1,Fast,0.5326120853424072,918,558
1568,1,Fast,0.82077556848526,1043,709
1568,1,Fast,0.5719568729400635,920,440
1568,1,Fast,0.5025006532669067,917,554
1569,1,Fast,0.7837991714477539,1040,705
1569,1,Fast,0.5140078663825989,1117,1053
1570,1,Fast,0.6160368323326111,1038,701
1570,1,Fast,0.394358366727829,1112,1041
1570,1,Fast,0.3342122435569763,1052,830
1571,1,Fast,0.7157652378082275,1106,1032
1571,1,Fast,0.621982753276825,1036,696
1571,1,Fast,0.35683199763298035,1049,825
1572,1,Fast,0.8357248306274414,1101,1021
1572,1,Fast,0.7929553389549255,1034,692
1572,1,Fast,0.45054611563682556,1047,817
1573,1,Fast,0.8433418273925781,1096,1011
1573,1,Fast,0.8025668859481812,1032,688
1574,1,Fast,0.8554128408432007,1091,1001
1574,1,Fast,0.8483678698539734,1030,684
1574,1,Fast,0.5919286608695984,912,530
1574,1,Fast,0.5866722464561462,1041,804
1575,1,Fast,0.8281892538070679,1086,991
1575,1,Fast,0.8059238195419312,1029,680
1575,1,Fast,0.42451566457748413,1038,799
1575,1,Fast,0.3809869885444641,912,527
1576,1,Fast,0.7616384029388428,1027,676
1576,1,Fast,0.7473853826522827,1083,981
1577,1,Fast,0.6594548225402832,1025,673
1577,1,Fast,0.5550782084465027,1079,971
1578,1,Fast,0.7660072445869446,1024,669
1579,1,Fast,0.7458469867706299,1071,952
1579,1,Fast,0.7426164746284485,1022,664
1580,1,Fast,0.8284827470779419,1020,661
1580,1,Fast,0.4791416525840759,1066,943
1581,1,Fast,0.8373785614967346,1019,658
1581,1,Fast,0.4116075932979584,1061,933
1582,1,Fast,0.8510647416114807,1017,654
1583,1,Fast,0.7345619797706604,1016,651
1583,1,Fast,0.561209499835968,1054,915
1583,1,Fast,0.37746313214302063,1018,752
1584,1,Fast,0.8130069971084595,1014,647
1584,1,Fast,0.688812792301178,1015,747
1584,1,Fast,0.4301714301109314,1051,908
1585,1,Fast,0.8277592062950134,1013,643
1585,1,Fast,0.7645235657691956,1013,741
1585,1,Fast,0.34023842215538025,1047,899
1586,1,Fast,0.8513039946556091,1012,640
1586,1,Fast,0.7496398091316223,1011,736
1586,1,Fast,0.5906117558479309,1044,892
1586,0,VRU,0.502461850643158,801,673
1587,1,Fast,0.871360719203949,1011,637
1587,1,Fast,0.5125175714492798,1041,883
1588,1,Fast,0.8500908613204956,1009,634
1588,0,VRU,0.5215282440185547,802,681
1588,1,Fast,0.34034857153892517,1007,726
1589,1,Fast,0.8516253232955933,1007,631
1589,1,Fast,0.5156398415565491,1004,721
1590,1,Fast,0.8445388078689575,1006,628
1590,0,VRU,0.423566997051239,803,689
1591,1,Fast,0.8434291481971741,1005,624
1591,0,VRU,0.4977051913738251,805,695
1591,1,Fast,0.3003624677658081,1027,851
1592,1,Fast,0.826130211353302,1004,620
1593,1,Fast,0.8127180933952332,1003,617
1594,1,Fast,0.823390781879425,1002,613
1594,1,Fast,0.7646668553352356,808,710
1594,2,Slow,0.351001113653183,948,531
1594,1,Fast,0.31868940591812134,994,696
1595,1,Fast,0.8348018527030945,991,691
1595,1,Fast,0.833602249622345,1000,611
1596,1,Fast,0.8547388315200806,999,607
1596,1,Fast,0.7746238708496094,810,717
1596,1,Fast,0.7414565682411194,990,686
1597,1,Fast,0.8114298582077026,997,604
1597,1,Fast,0.5056413412094116,988,682
1597,1,Fast,0.3717712163925171,812,726
1598,1,Fast,0.7915424108505249,996,601
1598,1,Fast,0.5235559344291687,1006,801
1599,1,Fast,0.8176842331886292,812,735
1599,1,Fast,0.7873920798301697,994,598
1599,1,Fast,0.6844900250434875,1004,794
1600,1,Fast,0.8461995720863342,994,595
1600,1,Fast,0.8060809373855591,813,740
1601,1,Fast,0.8488196730613708,994,592
1601,1,Fast,0.37447431683540344,981,664
1602,1,Fast,0.843380331993103,993,589
1602,1,Fast,0.7430190443992615,995,774
1603,1,Fast,0.8050223588943481,992,587
1603,0,VRU,0.5342966914176941,817,754
1603,1,Fast,0.5297357439994812,993,768
1603,1,Fast,0.4558365046977997,978,655
1604,1,Fast,0.7631257176399231,991,584
1604,0,VRU,0.6929171681404114,818,760
1604,1,Fast,0.41371795535087585,990,761
1605,1,Fast,0.7465677857398987,989,582
1605,0,VRU,0.4623843729496002,818,766
1606,1,Fast,0.6669396162033081,988,579
1606,1,Fast,0.5700623393058777,973,643
1606,1,Fast,0.46227094531059265,985,747
1606,0,VRU,0.320950984954834,819,771
1607,1,Fast,0.6787124276161194,983,742
1607,1,Fast,0.6735216379165649,988,576
1607,1,Fast,0.5288851261138916,820,776
1607,1,Fast,0.38901486992836,972,639
1608,1,Fast,0.8219287991523743,980,736
1608,1,Fast,0.7144187092781067,987,573
1608,1,Fast,0.6391190886497498,971,634
1609,1,Fast,0.771148145198822,986,570
1609,1,Fast,0.7691181898117065,978,730
1609,0,VRU,0.494871586561203,822,788
1609,1,Fast,0.3160986304283142,970,630
1610,1,Fast,0.8210875391960144,985,568
1610,1,Fast,0.7085612416267395,975,724
1610,1,Fast,0.6282951831817627,967,626
1610,0,VRU,0.3137463629245758,822,795
1611,1,Fast,0.8196431398391724,984,565
1611,1,Fast,0.699476420879364,965,622
1611,1,Fast,0.62787926197052,973,717
1611,1,Fast,0.5820475220680237,1179,1063
1612,1,Fast,0.8276661038398743,983,563
1612,1,Fast,0.8036463260650635,971,712
1612,1,Fast,0.6877771019935608,1172,1058
1612,1,Fast,0.559836745262146,965,618
1613,1,Fast,0.8237779140472412,969,707
1613,1,Fast,0.7973122000694275,982,560
1613,1,Fast,0.587994396686554,1162,1052
1613,1,Fast,0.4979002773761749,963,614
1614,1,Fast,0.7814544439315796,967,702
1614,1,Fast,0.7498060464859009,1159,1042
1614,1,Fast,0.7420790791511536,982,558
1614,1,Fast,0.3183102607727051,962,610
1615,1,Fast,0.7849003672599792,1155,1032
1615,1,Fast,0.7235215902328491,981,554
1615,1,Fast,0.5165345072746277,965,696
1615,1,Fast,0.49688634276390076,960,607
1616,1,Fast,0.7783574461936951,1150,1022
1616,1,Fast,0.7559376358985901,980,553
1616,1,Fast,0.7075265049934387,963,690
1616,1,Fast,0.320585697889328,960,602
1617,1,Fast,0.8123672008514404,1144,1013
1617,1,Fast,0.8080083727836609,960,685
1617,1,Fast,0.7959757447242737,978,550
1617,1,Fast,0.4356958866119385,958,599
1617,0,VRU,0.3217256963253021,832,839
1618,1,Fast,0.8513588309288025,959,680
1618,1,Fast,0.8464570641517639,1141,1004
1618,1,Fast,0.8070310354232788,977,547
1619,1,Fast,0.8116311430931091,977,545
1619,1,Fast,0.809153139591217,1135,996
1619,1,Fast,0.7812931537628174,957,675
1619,1,Fast,0.48046988248825073,837,852
1619,0,VRU,0.37196478247642517,836,852
1620,1,Fast,0.7815831303596497,1130,987
1620,1,Fast,0.7455402612686157,975,543
1620,1,Fast,0.6824588179588318,956,670
1620,0,VRU,0.35905900597572327,838,858
1620,0,VRU,0.3410889208316803,1346,854
1621,1,Fast,0.8204326629638672,954,665
1621,1,Fast,0.8193095922470093,1126,978
1621,1,Fast,0.7058620452880859,839,865
1621,1,Fast,0.6175500154495239,975,541
1621,1,Fast,0.450033962726593,952,584
1621,0,VRU,0.3607742488384247,1346,854
1622,1,Fast,0.7925000190734863,1123,971
1622,1,Fast,0.7380332946777344,952,659
1622,1,Fast,0.6647248268127441,842,876
1622,1,Fast,0.48444482684135437,974,539
1622,0,VRU,0.3191358745098114,1346,855
1623,1,Fast,0.8087874054908752,950,654
1623,1,Fast,0.7618269324302673,1119,963
1623,1,Fast,0.5994290709495544,973,536
1623,0,VRU,0.319934219121933,842,879
1624,1,Fast,0.8622174263000488,948,651
1624,1,Fast,0.6186357736587524,973,534
1624,1,Fast,0.6139189600944519,1115,955
1624,0,VRU,0.47736597061157227,844,885
1625,1,Fast,0.8378602862358093,1111,947
1625,1,Fast,0.7957011461257935,947,646
1625,1,Fast,0.7377331256866455,973,532
1626,1,Fast,0.7843753695487976,945,641
1626,1,Fast,0.766914427280426,972,530
1626,1,Fast,0.6959114670753479,1108,939
1626,1,Fast,0.4009401500225067,947,567
1627,1,Fast,0.8284612894058228,943,636
1627,1,Fast,0.7681164741516113,1103,930
1627,1,Fast,0.7549830675125122,971,527
1628,1,Fast,0.8284884691238403,1099,922
1628,1,Fast,0.7250811457633972,942,631
1628,1,Fast,0.7035284042358398,971,526
1628,1,Fast,0.3393091857433319,851,918
1629,1,Fast,0.8426657915115356,1096,915
1629,1,Fast,0.7782601714134216,940,626
1629,1,Fast,0.7101982235908508,969,523
1629,2,Slow,0.4456161558628082,928,445
1630,1,Fast,0.7923970818519592,1092,908
1630,1,Fast,0.7759674191474915,939,622
1630,1,Fast,0.6241912841796875,968,521
1630,2,Slow,0.5512332916259766,928,442
1630,1,Fast,0.49190589785575867,942,554
1630,1,Fast,0.4268401861190796,855,930
1630,0,VRU,0.3331885039806366,854,929
1631,1,Fast,0.7806910276412964,1088,900
1631,1,Fast,0.6517589092254639,937,617
1631,0,VRU,0.6271215677261353,857,937
1631,1,Fast,0.539247453212738,941,551
1631,1,Fast,0.4693366587162018,857,937
1631,2,Slow,0.3520011901855469,927,441
1631,1,Fast,0.3289768695831299,968,519
1632,1,Fast,0.8091682195663452,936,613
1632,1,Fast,0.6552964448928833,1085,894
1632,1,Fast,0.5963413119316101,967,516
1632,0,VRU,0.492436021566391,858,945
1633,1,Fast,0.8165749907493591,934,608
1633,1,Fast,0.6756162643432617,967,515
1633,0,VRU,0.6253766417503357,859,954
1633,1,Fast,0.4422535002231598,1083,887
1634,1,Fast,0.679089367389679,933,605
1634,1,Fast,0.444147527217865,966,513
1634,0,VRU,0.40460529923439026,861,961
1634,1,Fast,0.32828521728515625,1080,879
1635,1,Fast,0.6642623543739319,931,600
1635,1,Fast,0.5816590785980225,965,511
1635,1,Fast,0.35596969723701477,1076,873
1635,1,Fast,0.315845787525177,864,970
1635,0,VRU,0.3129032552242279,1344,854
1636,1,Fast,0.6554639339447021,965,509
1636,1,Fast,0.63299959897995,930,596
1636,1,Fast,0.30718374252319336,1073,866
1637,1,Fast,0.793604850769043,929,591
1637,1,Fast,0.7431601881980896,1070,858
1637,1,Fast,0.72214674949646,963,507
1638,1,Fast,0.8039493560791016,927,587
1638,1,Fast,0.7929447293281555,1067,852
1638,1,Fast,0.6295984983444214,962,504
1639,1,Fast,0.808137059211731,926,584
1639,1,Fast,0.6643621325492859,1064,845
1639,1,Fast,0.5731595754623413,962,503
1640,1,Fast,0.8341922163963318,925,579
1640,1,Fast,0.43220776319503784,962,501
1640,1,Fast,0.39988943934440613,1062,839
1641,1,Fast,0.820516049861908,924,575
1641,1,Fast,0.6250068545341492,1058,833
1642,1,Fast,0.7513689398765564,1056,827
1642,1,Fast,0.7500836253166199,923,571
1642,1,Fast,0.33230286836624146,961,497
1643,1,Fast,0.8110880255699158,922,567
1643,1,Fast,0.7673492431640625,1052,820
1643,1,Fast,0.4951237738132477,961,494
1643,1,Fast,0.4198703467845917,931,513
1644,1,Fast,0.797117292881012,1049,814
1644,1,Fast,0.6100969314575195,920,563
1644,1,Fast,0.594830334186554,960,492
1645,1,Fast,0.695248544216156,919,559
1645,1,Fast,0.5883108973503113,1046,808
1645,1,Fast,0.5415710210800171,960,489
1646,1,Fast,0.772302508354187,1043,802
1646,1,Fast,0.4733181893825531,917,556
1646,1,Fast,0.3616449534893036,960,488
1647,1,Fast,0.8194786310195923,1041,796
1647,1,Fast,0.7893697619438171,917,552
1647,1,Fast,0.5375331044197083,959,486
1648,1,Fast,0.7919262051582336,1038,790
1648,1,Fast,0.6481075882911682,916,549
1648,1,Fast,0.5904099941253662,928,497
1648,1,Fast,0.5797773003578186,959,485
1649,1,Fast,0.7618594169616699,1036,785
1649,1,Fast,0.5776628851890564,959,483
1649,1,Fast,0.5276904106140137,915,544
1650,1,Fast,0.7657124400138855,914,541
1650,1,Fast,0.6705741882324219,926,492
1650,1,Fast,0.6071817278862,959,482
1650,1,Fast,0.5230696797370911,1034,778
1651,1,Fast,0.8175553679466248,913,537
1651,1,Fast,0.672220766544342,1031,772
1651,1,Fast,0.5553909540176392,926,490
1651,1,Fast,0.5501299500465393,959,481
1652,1,Fast,0.8099292516708374,912,533
1652,1,Fast,0.7552444338798523,1029,768
1652,1,Fast,0.42382779717445374,959,479
1653,1,Fast,0.8139486908912659,912,530
1653,1,Fast,0.6998759508132935,1027,763
1653,1,Fast,0.41542306542396545,958,477
1653,1,Fast,0.33948975801467896,926,485
1654,1,Fast,0.7774704694747925,1024,757
1654,1,Fast,0.701168417930603,911,526
1654,1,Fast,0.4549257159233093,926,482
1654,1,Fast,0.45005106925964355,958,475
1655,1,Fast,0.7737534046173096,1021,751
1655,1,Fast,0.648155152797699,926,480
1655,1,Fast,0.5794671177864075,958,474
1655,1,Fast,0.49746087193489075,910,524
1656,1,Fast,0.717504620552063,1019,746
1656,1,Fast,0.6358983516693115,910,520
1657,1,Fast,0.7450373768806458,1017,740
1657,1,Fast,0.7197925448417664,924,476
1657,1,Fast,0.6272642612457275,908,517
1658,1,Fast,0.7352883815765381,1015,735
1658,1,Fast,0.5458753705024719,908,513
1659,1,Fast,0.6655727624893188,1013,730
1659,1,Fast,0.464780330657959,907,510
1660,1,Fast,0.7876670360565186,1011,724
1660,1,Fast,0.5501840114593506,906,507
1661,1,Fast,0.7177643775939941,1009,719
1661,1,Fast,0.48288729786872864,905,504
1662,1,Fast,0.7569482326507568,1007,714
1662,1,Fast,0.6148092150688171,905,500
1663,1,Fast,0.8109369874000549,1005,709
1663,1,Fast,0.5854384303092957,904,497
1664,1,Fast,0.7399733066558838,1004,705
1665,1,Fast,0.6004647612571716,1002,702
1665,1,Fast,0.5265997648239136,903,492
1666,1,Fast,0.7495361566543579,1000,696
1666,1,Fast,0.35202446579933167,920,454
1667,1,Fast,0.6770208477973938,997,691
1667,1,Fast,0.46646177768707275,956,454
1668,1,Fast,0.690718412399292,996,686
1669,1,Fast,0.8387956023216248,994,682
1670,1,Fast,0.8281742334365845,993,678
1670,1,Fast,0.46570974588394165,901,478
1671,1,Fast,0.8242437243461609,991,673
1671,1,Fast,0.5116139054298401,900,474
1672,1,Fast,0.8081172108650208,989,668
1673,1,Fast,0.8132111430168152,988,664
1673,1,Fast,0.49327602982521057,900,468
1674,1,Fast,0.7914892435073853,986,659
1675,1,Fast,0.8368534445762634,985,654
1676,1,Fast,0.8458318710327148,983,651
1677,1,Fast,0.827314555644989,981,648
1678,1,Fast,0.7945858240127563,979,644
1679,1,Fast,0.826205313205719,978,640
1680,1,Fast,0.8313835859298706,977,635
1680,0,VRU,0.47890013456344604,1345,855
1681,1,Fast,0.7839871644973755,975,631
1681,0,VRU,0.4995708465576172,1345,855
1682,1,Fast,0.7568651437759399,973,627
1682,0,VRU,0.5001099109649658,1345,855
1683,1,Fast,0.7599326968193054,973,623
1683,0,VRU,0.5320542454719543,1345,855
1684,1,Fast,0.8219286799430847,971,619
1684,0,VRU,0.5371741652488708,1345,855
1685,1,Fast,0.7196701765060425,969,615
1685,0,VRU,0.5727974772453308,1345,855
1686,1,Fast,0.7009264230728149,968,611
1686,0,VRU,0.5335607528686523,1345,855
1687,1,Fast,0.7419059872627258,966,607
1687,0,VRU,0.5319939851760864,1345,855
1688,1,Fast,0.7703394293785095,966,604
1688,0,VRU,0.5543135404586792,1345,855
1689,1,Fast,0.7362480163574219,964,600
1689,0,VRU,0.5764034390449524,1345,855
1690,1,Fast,0.736717939376831,963,598
1690,0,VRU,0.6221457123756409,1345,855
1691,1,Fast,0.6613503098487854,962,595
1691,0,VRU,0.6348378658294678,1344,855
1692,1,Fast,0.7026823163032532,961,590
1693,1,Fast,0.615607500076294,960,587
1694,1,Fast,0.6152126789093018,959,583
1695,1,Fast,0.6475087404251099,958,579
1696,1,Fast,0.739000678062439,957,576
1697,1,Fast,0.7629752159118652,956,572
1698,1,Fast,0.6939957141876221,954,569
1699,1,Fast,0.7413570880889893,953,566
1700,1,Fast,0.7569535970687866,952,564
1701,1,Fast,0.7446563243865967,951,560
1702,1,Fast,0.7383806109428406,950,557
1703,1,Fast,0.5964193940162659,948,554
1704,1,Fast,0.5733242630958557,948,551
1705,1,Fast,0.6180938482284546,946,547
1706,1,Fast,0.5806920528411865,946,542
1707,1,Fast,0.38303935527801514,945,540
1708,1,Fast,0.38990989327430725,944,536
1709,1,Fast,0.6789001822471619,943,534
1710,1,Fast,0.7708703279495239,942,530
1711,1,Fast,0.7058321833610535,941,528
1712,1,Fast,0.6094846725463867,940,526
1720,1,Fast,0.3768828809261322,934,502
1722,1,Fast,0.42217937111854553,933,496
1729,1,Fast,0.30523863434791565,928,479
1731,1,Fast,0.4940980076789856,927,473
1731,1,Fast,0.3025042414665222,997,777
1732,1,Fast,0.6747986674308777,927,471
1733,1,Fast,0.6607121825218201,927,469
1734,1,Fast,0.601390540599823,926,467
1735,1,Fast,0.4391825497150421,925,465
1738,1,Fast,0.3246763348579407,923,459
1739,1,Fast,0.5236099362373352,922,456
1740,1,Fast,0.4978944957256317,922,454
1741,1,Fast,0.4769405722618103,921,451
1742,1,Fast,0.5030283331871033,921,448
1743,1,Fast,0.6264638900756836,921,447
1744,1,Fast,0.6898500919342041,920,445
1745,1,Fast,0.6513993144035339,920,443
1746,1,Fast,0.6753463745117188,920,440
1747,1,Fast,0.6568818092346191,961,687
1747,1,Fast,0.6431191563606262,919,438
1748,1,Fast,0.6530879735946655,960,681
1748,1,Fast,0.5777711868286133,919,436
1749,1,Fast,0.5247685313224792,919,435
1749,1,Fast,0.4781256914138794,957,676
1750,1,Fast,0.35891416668891907,918,433
1750,1,Fast,0.3449486196041107,956,671
1754,1,Fast,0.50376957654953,950,652
1754,1,Fast,0.4360520839691162,845,598
1755,1,Fast,0.49200889468193054,948,647
1755,1,Fast,0.4069519639015198,845,602
1755,1,Fast,0.35131552815437317,917,421
1756,1,Fast,0.5437179803848267,946,643
1757,1,Fast,0.5919950604438782,916,417
1758,1,Fast,0.7017665505409241,917,416
1758,1,Fast,0.5579102039337158,847,618
1759,1,Fast,0.660645067691803,916,413
1759,1,Fast,0.5749680399894714,1130,1000
1760,1,Fast,0.6538736820220947,1126,991
1760,1,Fast,0.38722747564315796,916,412
1762,1,Fast,0.49991941452026367,1116,973
1763,1,Fast,0.37259551882743835,1112,964
1764,1,Fast,0.38326749205589294,1108,955
1765,1,Fast,0.5324531197547913,1104,946
1767,1,Fast,0.6294485330581665,852,664
1768,1,Fast,0.7905750274658203,853,669
1769,1,Fast,0.5540993809700012,854,675
1770,1,Fast,0.5975487232208252,856,680
1770,1,Fast,0.5922947525978088,1084,906
1770,1,Fast,0.4056745171546936,926,584
1771,1,Fast,0.7508927583694458,857,687
1771,1,Fast,0.368247926235199,1080,898
1772,1,Fast,0.7655468583106995,857,692
1772,1,Fast,0.4528418779373169,924,577
1773,1,Fast,0.7485722303390503,858,698
1773,1,Fast,0.5964521765708923,923,573
1773,2,Slow,0.3897596299648285,866,626
1774,1,Fast,0.6932223439216614,921,569
1776,1,Fast,0.6736828684806824,918,562
1777,1,Fast,0.5417966842651367,862,723
1777,1,Fast,0.42781567573547363,918,558
1778,1,Fast,0.6390258073806763,862,729
1778,2,Slow,0.43652915954589844,869,653
1779,1,Fast,0.5983666181564331,864,735
1779,1,Fast,0.4291945695877075,870,660
1779,1,Fast,0.32517263293266296,917,551
1780,1,Fast,0.5924692749977112,865,743
1780,1,Fast,0.31587618589401245,871,665
1781,1,Fast,0.6290065050125122,867,749
1782,1,Fast,0.7720597386360168,868,755
1783,1,Fast,0.839479923248291,869,761
1784,1,Fast,0.8109958171844482,870,769
1784,1,Fast,0.41857945919036865,877,688
1785,1,Fast,0.7728511095046997,871,776
1785,1,Fast,0.5030094981193542,877,693
1785,1,Fast,0.49853113293647766,792,830
1786,1,Fast,0.8159356117248535,872,783
1786,1,Fast,0.475285142660141,1032,794
1787,1,Fast,0.8139661550521851,873,791
1787,1,Fast,0.6077404618263245,882,706
1788,1,Fast,0.8527048826217651,875,798
1788,1,Fast,0.5378194451332092,853,546
1789,1,Fast,0.8586159348487854,877,806
1789,1,Fast,0.6763615012168884,853,550
1790,1,Fast,0.7573441863059998,879,814
1790,1,Fast,0.5970972776412964,853,555
1791,1,Fast,0.7579324245452881,881,822
1791,1,Fast,0.359859824180603,854,559
1792,1,Fast,0.8468736410140991,883,829
1793,1,Fast,0.8324857950210571,884,836
1794,1,Fast,0.8294727206230164,885,845
1795,1,Fast,0.8431766629219055,887,854
1796,1,Fast,0.8583621978759766,889,862
1796,1,Fast,0.5119954347610474,857,580
1797,1,Fast,0.873231828212738,892,871
1797,1,Fast,0.40654876828193665,859,584
1797,1,Fast,0.3168802857398987,900,775
1798,1,Fast,0.8607611656188965,894,879
1798,1,Fast,0.72077876329422,902,784
1799,1,Fast,0.8543046712875366,896,887
1799,1,Fast,0.5543389916419983,841,668
1799,1,Fast,0.3852669298648834,904,791
1800,1,Fast,0.8135550618171692,898,897
1800,1,Fast,0.5560389161109924,906,798
1800,1,Fast,0.32397541403770447,820,601
1801,1,Fast,0.8323327302932739,901,906
1802,1,Fast,0.8098073601722717,903,914
1802,1,Fast,0.5435897707939148,912,816
1802,1,Fast,0.4483696520328522,823,611
1802,1,Fast,0.3515956997871399,811,903
1803,1,Fast,0.8694751858711243,904,924
1804,1,Fast,0.8704198598861694,907,933
1804,1,Fast,0.731606125831604,917,832
1804,1,Fast,0.5101118683815002,989,694
1804,1,Fast,0.38072532415390015,813,912
1805,1,Fast,0.8709166049957275,909,944
1805,1,Fast,0.6784003973007202,920,840
1806,1,Fast,0.8701650500297546,911,953
1806,1,Fast,0.4214799702167511,923,849
1806,1,Fast,0.39451757073402405,867,630
1807,1,Fast,0.8643303513526917,914,963
1808,1,Fast,0.8600836396217346,917,973
1808,1,Fast,0.34379100799560547,928,867
1809,1,Fast,0.872454822063446,920,984
1809,1,Fast,0.41272786259651184,931,875
1810,1,Fast,0.8854547739028931,924,995
1811,1,Fast,0.8840237855911255,926,1006
1811,1,Fast,0.7254440784454346,822,947
1812,1,Fast,0.8750228881835938,930,1017
1812,1,Fast,0.5289903879165649,939,903
1813,1,Fast,0.8685312867164612,933,1029
1813,2,Slow,0.42295774817466736,876,668
1814,1,Fast,0.8367334008216858,936,1040
1815,1,Fast,0.8390880823135376,940,1051
1815,1,Fast,0.6690401434898376,951,934
1816,1,Fast,0.759783148765564,945,1057
1816,1,Fast,0.7059351205825806,954,945
1816,1,Fast,0.5781227946281433,824,602
1817,1,Fast,0.7233153581619263,950,1063
1817,1,Fast,0.666492760181427,832,668
1817,1,Fast,0.4449580907821655,958,956
1818,1,Fast,0.8251695036888123,963,966
1818,1,Fast,0.6239995360374451,953,1069
1819,1,Fast,0.459341824054718,966,977
1819,1,Fast,0.4005867540836334,826,613
1819,1,Fast,0.3098514974117279,859,762
1820,1,Fast,0.6679438948631287,861,767
1820,1,Fast,0.5009140968322754,962,620
1820,1,Fast,0.30992022156715393,826,616
1821,1,Fast,0.3581851124763489,960,616
1821,1,Fast,0.3073282837867737,836,685
1822,1,Fast,0.4787425994873047,864,779
1822,1,Fast,0.35912024974823,849,559
1823,1,Fast,0.7180755138397217,866,786
1823,1,Fast,0.5876593589782715,837,695
1823,1,Fast,0.3847809433937073,850,563
1824,1,Fast,0.7570135593414307,868,791
1824,1,Fast,0.6572458744049072,838,699
1824,1,Fast,0.4454624354839325,850,567
1825,1,Fast,0.7282530069351196,838,702
1825,1,Fast,0.6142837405204773,869,797
1826,1,Fast,0.7133190631866455,839,707
1826,1,Fast,0.3367290198802948,870,803
1826,1,Fast,0.3093325197696686,829,642
1827,1,Fast,0.669968843460083,871,809
1827,1,Fast,0.39501678943634033,841,710
1827,1,Fast,0.36533814668655396,852,580
1827,1,Fast,0.3215927183628082,830,644
1828,1,Fast,0.5392121076583862,872,814
1828,1,Fast,0.4340099096298218,830,649
1828,1,Fast,0.3231554925441742,842,714
1829,1,Fast,0.6971834301948547,843,719
1829,1,Fast,0.4860575199127197,831,653
1830,1,Fast,0.5055465698242188,854,593
1830,1,Fast,0.41255083680152893,832,657
1831,1,Fast,0.6126455664634705,856,598
1832,1,Fast,0.7445246577262878,834,667
1832,1,Fast,0.5147607326507568,856,603
1833,1,Fast,0.7638679146766663,834,672
1833,1,Fast,0.5099955797195435,857,607
1833,1,Fast,0.4652104675769806,881,845
1834,1,Fast,0.6779817938804626,858,611
1834,1,Fast,0.6529263854026794,835,675
1834,1,Fast,0.4455893337726593,882,852
1835,1,Fast,0.7058048248291016,859,616
1835,1,Fast,0.6368407011032104,884,858
1835,1,Fast,0.6199320554733276,836,680
1836,1,Fast,0.7646371722221375,860,621
1836,1,Fast,0.6297456622123718,837,684
1836,1,Fast,0.3991076648235321,941,560
1837,1,Fast,0.7519631385803223,861,625
1837,1,Fast,0.6675308346748352,887,873
1837,1,Fast,0.36947527527809143,838,690
1838,1,Fast,0.7415850162506104,862,630
1838,1,Fast,0.7097715139389038,838,695
1838,1,Fast,0.5101328492164612,889,879
1839,1,Fast,0.8255324363708496,863,635
1839,1,Fast,0.7794514298439026,839,698
1839,1,Fast,0.5941672921180725,892,886
1839,1,Fast,0.5330551862716675,854,771
1839,1,Fast,0.37031546235084534,924,850
1840,1,Fast,0.813019871711731,865,640
1840,1,Fast,0.7916455268859863,840,702
1840,1,Fast,0.6765679121017456,855,777
1840,1,Fast,0.37571731209754944,894,893
1841,1,Fast,0.8096089959144592,866,645
1841,1,Fast,0.7622528672218323,856,782
1841,1,Fast,0.744279682636261,841,707
1842,1,Fast,0.8245269060134888,867,650
1842,1,Fast,0.7332438826560974,842,712
1843,1,Fast,0.8405538201332092,868,656
1843,1,Fast,0.8005989789962769,844,716
1843,1,Fast,0.5683037638664246,899,911
1844,1,Fast,0.8486603498458862,869,661
1844,1,Fast,0.8393015265464783,844,721
1844,1,Fast,0.5766052007675171,901,918
1845,1,Fast,0.8429057598114014,845,726
1845,1,Fast,0.8293048143386841,870,666
1845,1,Fast,0.6739708781242371,904,927
1846,1,Fast,0.8445629477500916,846,731
1846,1,Fast,0.830630898475647,872,671
1846,1,Fast,0.7242833375930786,906,935
1847,1,Fast,0.8298299908638,873,678
1847,1,Fast,0.7916892766952515,907,943
1847,1,Fast,0.7816566824913025,847,736
1848,1,Fast,0.8320508003234863,875,683
1848,1,Fast,0.8193743824958801,849,741
1848,1,Fast,0.8135250210762024,910,950
1848,1,Fast,0.5116071105003357,951,933
1849,1,Fast,0.8554589152336121,912,958
1849,1,Fast,0.8404431939125061,876,688
1849,1,Fast,0.7839212417602539,850,746
1849,1,Fast,0.38580721616744995,954,942
1850,1,Fast,0.8479472398757935,878,694
1850,1,Fast,0.8335636854171753,914,967
1850,1,Fast,0.7184489965438843,851,752
1850,1,Fast,0.5387470722198486,957,953
1850,1,Fast,0.48971322178840637,869,837
1851,1,Fast,0.8443517088890076,879,700
1851,1,Fast,0.7854406833648682,917,975
1851,1,Fast,0.77439945936203,852,757
1851,1,Fast,0.6265643239021301,961,964
1851,1,Fast,0.590351402759552,872,843
1852,1,Fast,0.8437025547027588,853,762
1852,1,Fast,0.8306596279144287,881,706
1852,1,Fast,0.7577884197235107,920,984
1852,1,Fast,0.7557887434959412,873,849
1852,1,Fast,0.440273255109787,964,975
1853,1,Fast,0.8434544801712036,882,712
1853,1,Fast,0.8347856402397156,855,767
1853,1,Fast,0.7729275822639465,874,857
1853,1,Fast,0.7187355160713196,923,993
1854,1,Fast,0.8552887439727783,884,718
1854,1,Fast,0.8129286766052246,856,772
1854,1,Fast,0.5851076245307922,876,863
1855,1,Fast,0.8376152515411377,886,724
1855,1,Fast,0.8084364533424377,858,778
1855,1,Fast,0.4481201171875,929,1010
1856,1,Fast,0.8567255735397339,859,784
1856,1,Fast,0.8383165597915649,888,730
1856,1,Fast,0.49364277720451355,881,877
1856,1,Fast,0.358655720949173,931,1017
1857,1,Fast,0.8700071573257446,889,737
1857,1,Fast,0.8489537835121155,860,789
1857,1,Fast,0.7144043445587158,883,885
1857,1,Fast,0.7096491456031799,983,1034
1857,1,Fast,0.5088430643081665,933,1028
1858,1,Fast,0.8713348507881165,861,796
1858,1,Fast,0.8710808753967285,891,743
1858,1,Fast,0.6174743175506592,935,1038
1858,1,Fast,0.6107407808303833,884,892
1858,1,Fast,0.4684635400772095,989,1047
1858,0,VRU,0.39223676919937134,1341,854
1859,1,Fast,0.8781896233558655,893,750
1859,1,Fast,0.8619164824485779,863,802
1859,1,Fast,0.7129855155944824,886,899
1859,1,Fast,0.30535030364990234,939,1048
1859,0,VRU,0.3019181191921234,1341,854
1860,1,Fast,0.8607383370399475,864,808
1860,1,Fast,0.8557392954826355,895,757
1860,1,Fast,0.489775151014328,887,906
1861,1,Fast,0.8666480779647827,897,763
1861,1,Fast,0.8396314978599548,866,813
1861,1,Fast,0.5235602259635925,889,913
1862,1,Fast,0.857531726360321,898,770
1862,1,Fast,0.8321354985237122,867,819
1862,1,Fast,0.6808404326438904,891,920
1863,1,Fast,0.8534646034240723,900,777
1863,1,Fast,0.8502083420753479,869,826
1863,1,Fast,0.8310530781745911,893,927
1864,1,Fast,0.8513672351837158,871,831
1864,1,Fast,0.8493372201919556,902,784
1864,1,Fast,0.7723907232284546,896,935
1865,1,Fast,0.8676366806030273,873,838
1865,1,Fast,0.8258486986160278,904,791
1865,1,Fast,0.8039923906326294,898,942
1866,1,Fast,0.8710134029388428,874,844
1866,1,Fast,0.8559418320655823,906,798
1866,1,Fast,0.6763310432434082,900,950
1867,1,Fast,0.8608887791633606,876,851
1867,1,Fast,0.8315636515617371,908,805
1867,1,Fast,0.73960942029953,903,959
1868,1,Fast,0.8623657822608948,878,857
1868,1,Fast,0.8270263671875,911,812
1869,1,Fast,0.8675025105476379,879,864
1869,1,Fast,0.8394701480865479,913,821
1870,1,Fast,0.8733922243118286,881,871
1870,1,Fast,0.8573839664459229,916,829
1871,1,Fast,0.8690909743309021,882,878
1871,1,Fast,0.8513953685760498,918,837
1871,1,Fast,0.47016164660453796,913,994
1872,1,Fast,0.8761276602745056,884,884
1872,1,Fast,0.8582707643508911,921,845
1873,1,Fast,0.8757174015045166,886,891
1873,1,Fast,0.8708080649375916,923,853
1874,1,Fast,0.8666175007820129,888,898
1874,1,Fast,0.8660194277763367,926,862
1875,1,Fast,0.8662568926811218,890,906
1875,1,Fast,0.8540276288986206,928,870
1876,1,Fast,0.8623031973838806,931,879
1876,1,Fast,0.8343934416770935,893,913
1877,1,Fast,0.8719742894172668,895,920
1877,1,Fast,0.8455249667167664,934,887
1877,1,Fast,0.7486516833305359,929,1049
1878,1,Fast,0.8812415599822998,898,927
1878,1,Fast,0.8307784199714661,937,896
1878,1,Fast,0.6855641603469849,934,1054
1879,1,Fast,0.877114474773407,900,935
1879,1,Fast,0.8119744062423706,940,905
1880,1,Fast,0.8829860687255859,902,943
1880,1,Fast,0.7998542189598083,942,914
1881,1,Fast,0.8892807960510254,904,950
1881,1,Fast,0.8360071778297424,946,922
1882,1,Fast,0.8785879015922546,906,958
1882,1,Fast,0.8478004932403564,949,931
1883,1,Fast,0.8871229290962219,909,966
1883,1,Fast,0.8404473066329956,952,941
1884,1,Fast,0.8761191964149475,912,975
1884,1,Fast,0.8399749398231506,955,951
1885,1,Fast,0.8714695572853088,915,983
1885,1,Fast,0.7846341133117676,959,960
1885,1,Fast,0.30325403809547424,911,423
1886,1,Fast,0.8408681154251099,918,992
1886,1,Fast,0.7851590514183044,962,971
1887,1,Fast,0.7529398202896118,921,1000
1887,1,Fast,0.7067599892616272,966,982
1888,1,Fast,0.7889140248298645,924,1010
1888,1,Fast,0.6724756360054016,971,992
1889,1,Fast,0.7402632832527161,926,1018
1889,1,Fast,0.7331437468528748,975,1003
1890,1,Fast,0.8092879056930542,928,1028
1890,1,Fast,0.7587890028953552,978,1015
1891,1,Fast,0.8269073367118835,931,1037
1891,1,Fast,0.7659156322479248,982,1026
1891,1,Fast,0.33198556303977966,909,411
1892,1,Fast,0.7296432256698608,934,1046
1892,1,Fast,0.5686728954315186,987,1037
1893,1,Fast,0.7000932693481445,991,1047
1893,1,Fast,0.5950724482536316,939,1052
1894,1,Fast,0.329039603471756,944,1058
1895,1,Fast,0.39392998814582825,950,1062
1896,1,Fast,0.5226826071739197,955,1068
1915,1,Fast,0.31216394901275635,1218,1056
1916,1,Fast,0.45640480518341064,1211,1051
1917,1,Fast,0.6064409017562866,1206,1043
1918,1,Fast,0.5741518139839172,1202,1038
1919,1,Fast,0.33905163407325745,1196,1028
1921,1,Fast,0.7498983144760132,1188,1011
1922,1,Fast,0.7394020557403564,1185,1004
1923,1,Fast,0.6731035113334656,1180,997
1924,1,Fast,0.5428088307380676,1177,989
1925,1,Fast,0.8073007464408875,1174,982
1926,1,Fast,0.7662362456321716,1169,976
1927,1,Fast,0.4277867376804352,1165,968
1928,1,Fast,0.5732719898223877,1161,961
1929,1,Fast,0.729904294013977,1157,953
1930,1,Fast,0.825181782245636,1155,946
1931,1,Fast,0.78399658203125,1152,940
1932,1,Fast,0.8248431086540222,1147,934
1932,1,Fast,0.35078421235084534,1101,944
1933,1,Fast,0.6820184588432312,1142,927
1934,1,Fast,0.7384222745895386,1140,921
1935,1,Fast,0.6639290452003479,1135,914
1935,1,Fast,0.6125079989433289,1092,922
1936,2,Slow,0.5121591091156006,1089,915
1936,1,Fast,0.4529673755168915,1132,908
1936,1,Fast,0.3622037172317505,1089,915
1937,2,Slow,0.32681283354759216,1128,901
1938,1,Fast,0.6513670086860657,1125,894
1939,1,Fast,0.7946071624755859,1121,889
1940,1,Fast,0.7810901999473572,1119,883
1940,1,Fast,0.5080809593200684,1074,888
1941,1,Fast,0.5702850818634033,1116,878
1944,1,Fast,0.4275762438774109,1107,858
1945,1,Fast,0.6466240882873535,1061,854
1946,1,Fast,0.6855976581573486,1058,849
1946,1,Fast,0.4323432743549347,1101,847
1947,1,Fast,0.3431573510169983,1055,842
1948,1,Fast,0.5956094861030579,1095,835
1948,1,Fast,0.41413089632987976,1052,836
1949,1,Fast,0.6419556736946106,1092,831
1949,2,Slow,0.45387428998947144,1049,830
1949,1,Fast,0.3370564877986908,1048,830
1950,1,Fast,0.8237308263778687,1089,826
1950,2,Slow,0.5803973078727722,1046,825
1951,1,Fast,0.7851139307022095,1087,821
1951,2,Slow,0.5463778972625732,1043,819
1951,1,Fast,0.4009687602519989,1043,819
1952,1,Fast,0.5206958055496216,1040,813
1954,1,Fast,0.48811137676239014,1078,805
1954,1,Fast,0.35429736971855164,1035,802
1956,1,Fast,0.7053380608558655,1030,790
1956,2,Slow,0.4658948481082916,836,411
1956,1,Fast,0.4439777433872223,1072,793
1957,1,Fast,0.6640111804008484,1028,784
1957,2,Slow,0.6293331384658813,836,414
1957,1,Fast,0.3755861222743988,1071,790
1958,2,Slow,0.5308785438537598,836,416
1958,2,Slow,0.32964888215065,943,472
1958,2,Slow,0.3200850784778595,1026,779
1959,1,Fast,0.6326844692230225,1066,779
1959,1,Fast,0.496235191822052,1023,774
1959,2,Slow,0.34432995319366455,1022,773
1960,2,Slow,0.520458459854126,1020,768
1960,1,Fast,0.5132194757461548,1020,768
1960,1,Fast,0.4115158021450043,1063,774
1960,2,Slow,0.3508321940898895,836,421
1961,2,Slow,0.5701386332511902,1018,763
1961,1,Fast,0.5312129855155945,1062,770
1961,2,Slow,0.3037596046924591,836,423
1962,1,Fast,0.665299654006958,1059,766
1962,2,Slow,0.5073708891868591,1015,758
1963,2,Slow,0.4750376343727112,1014,753
1963,1,Fast,0.43349286913871765,828,650
1964,1,Fast,0.5583817958831787,829,654
1964,1,Fast,0.42490315437316895,1011,748
1964,2,Slow,0.31801751255989075,836,431
1965,1,Fast,0.5705412030220032,1009,743
1965,2,Slow,0.4623583257198334,836,433
1967,1,Fast,0.38431817293167114,1005,734
1968,2,Slow,0.7153129577636719,836,442
1968,2,Slow,0.3020505905151367,1003,728
1969,1,Fast,0.4703871011734009,1002,723
1970,1,Fast,0.30569732189178467,1000,719
1971,1,Fast,0.41384586691856384,789,560
1971,2,Slow,0.3696303367614746,997,714
1972,1,Fast,0.5358485579490662,789,563
1972,1,Fast,0.4901164770126343,995,709
1973,1,Fast,0.42146486043930054,789,566
1974,2,Slow,0.7119811177253723,991,700
1974,1,Fast,0.5390699505805969,789,569
1974,1,Fast,0.31037166714668274,839,700
1975,1,Fast,0.5846193432807922,789,572
1975,2,Slow,0.4685705006122589,989,696
1975,1,Fast,0.30210065841674805,840,707
1976,1,Fast,0.755293607711792,789,575
1976,2,Slow,0.6606073975563049,987,691
1976,1,Fast,0.4745163321495056,842,713
1977,1,Fast,0.7502787709236145,789,578
1977,1,Fast,0.4398852288722992,985,687
1977,2,Slow,0.4228658080101013,985,687
1977,2,Slow,0.4071524441242218,842,719
1978,1,Fast,0.6575472354888916,790,580
1978,1,Fast,0.5156751871109009,1177,1069
1978,2,Slow,0.48610568046569824,845,725
1978,2,Slow,0.461526095867157,837,470
1978,1,Fast,0.378085196018219,1123,1066
1979,1,Fast,0.6458936929702759,790,583
1979,1,Fast,0.5283898711204529,1116,1061
1979,1,Fast,0.5248361229896545,1170,1064
1979,1,Fast,0.34531068801879883,846,728
1979,2,Slow,0.3242627680301666,981,679
1980,1,Fast,0.7476181387901306,1108,1056
1980,1,Fast,0.6672008633613586,1161,1059
1980,1,Fast,0.5201866626739502,790,586
1980,2,Slow,0.44266238808631897,980,674
1980,1,Fast,0.3701115548610687,758,675
1980,2,Slow,0.3295472264289856,837,473
1981,1,Fast,0.7295573949813843,1103,1049
1981,1,Fast,0.5606459379196167,791,590
1981,1,Fast,0.5536671876907349,1156,1052
1982,1,Fast,0.8330768942832947,1097,1039
1982,1,Fast,0.7405990958213806,791,592
1982,2,Slow,0.6755021214485168,978,666
1982,1,Fast,0.5788595080375671,1152,1043
1983,1,Fast,0.8465918898582458,1093,1030
1983,1,Fast,0.7002204060554504,792,595
1983,2,Slow,0.6862573623657227,977,662
1983,1,Fast,0.35613322257995605,1148,1034
1984,1,Fast,0.8345280885696411,1088,1020
1984,2,Slow,0.7592148780822754,975,658
1984,1,Fast,0.6063591837882996,792,598
1984,1,Fast,0.43453115224838257,850,755
1985,1,Fast,0.8302115201950073,1084,1010
1985,2,Slow,0.8136702179908752,973,654
1985,1,Fast,0.7650623917579651,792,601
1985,1,Fast,0.7349737882614136,1140,1017
1985,1,Fast,0.7101044058799744,851,759
1985,2,Slow,0.46060922741889954,837,489
1986,1,Fast,0.8071110844612122,1080,1002
1986,1,Fast,0.6688439249992371,793,604
1986,1,Fast,0.5486616492271423,854,765
1986,1,Fast,0.4735960066318512,1135,1008
1986,2,Slow,0.3678240180015564,972,649
1987,1,Fast,0.8539177775382996,1075,992
1987,2,Slow,0.7803125381469727,970,645
1987,1,Fast,0.7350673675537109,793,607
1987,1,Fast,0.4482915997505188,759,696
1987,1,Fast,0.40492767095565796,854,772
1987,1,Fast,0.40299126505851746,1131,1000
1988,1,Fast,0.8523428440093994,1072,984
1988,2,Slow,0.7763981819152832,968,642
1988,1,Fast,0.6709650754928589,793,610
1988,1,Fast,0.6519627571105957,1126,993
1988,1,Fast,0.49464866518974304,1235,1071
1988,2,Slow,0.468000590801239,1010,660
1988,1,Fast,0.38582292199134827,856,778
1989,2,Slow,0.8788753747940063,967,639
1989,1,Fast,0.8691591024398804,1067,976
1989,1,Fast,0.747821569442749,793,614
1989,1,Fast,0.7127478718757629,1123,984
1989,2,Slow,0.6370691657066345,1009,658
1989,1,Fast,0.46526360511779785,1233,1067
1989,2,Slow,0.3384374678134918,838,504
1990,1,Fast,0.8670554757118225,1064,967
1990,2,Slow,0.8531439900398254,965,635
1990,1,Fast,0.692859411239624,793,617
1990,1,Fast,0.5350263118743896,1119,977
1990,2,Slow,0.5185180902481079,1006,653
1990,1,Fast,0.4155259430408478,1228,1063
1990,1,Fast,0.3606627881526947,990,789
1991,1,Fast,0.8722849488258362,1059,959
1991,2,Slow,0.7961052656173706,964,631
1991,1,Fast,0.6704180240631104,793,620
1991,1,Fast,0.5841163992881775,1220,1059
1991,1,Fast,0.48518040776252747,1115,969
1991,1,Fast,0.36324357986450195,987,784
1991,1,Fast,0.3500070869922638,760,709
1991,1,Fast,0.3176438808441162,861,797
1992,1,Fast,0.8369432687759399,1055,950
1992,2,Slow,0.8326970934867859,963,627
1992,1,Fast,0.7900664806365967,794,624
1992,1,Fast,0.5757657289505005,1111,962
1992,1,Fast,0.5269875526428223,1213,1054
1992,1,Fast,0.497625470161438,864,804
1993,1,Fast,0.8452608585357666,1052,943
1993,1,Fast,0.8112759590148926,795,627
1993,2,Slow,0.7500874996185303,961,623
1993,2,Slow,0.33774664998054504,841,516
1993,1,Fast,0.3197169005870819,983,772
1994,1,Fast,0.812380850315094,795,631
1994,1,Fast,0.8021759390830994,1048,935
1994,2,Slow,0.7822795510292053,960,619
1994,1,Fast,0.6429449319839478,980,767
1994,1,Fast,0.471798837184906,866,816
1994,1,Fast,0.41071566939353943,1103,946
1995,2,Slow,0.8398197293281555,958,615
1995,1,Fast,0.8342431783676147,1045,926
1995,1,Fast,0.8269636631011963,796,634
1995,1,Fast,0.7012960910797119,868,822
1995,1,Fast,0.6965238451957703,978,760
1995,1,Fast,0.6567709445953369,761,721
1995,2,Slow,0.6338610053062439,841,522
1995,1,Fast,0.3493916988372803,821,548
1995,1,Fast,0.343402236700058,1100,938
1996,1,Fast,0.8624177575111389,1041,918
1996,1,Fast,0.8235621452331543,796,637
1996,1,Fast,0.7819676399230957,869,828
1996,2,Slow,0.7775919437408447,957,612
1996,2,Slow,0.6671302914619446,842,525
1996,1,Fast,0.6365795135498047,821,551
1996,1,Fast,0.5102691650390625,762,723
1996,1,Fast,0.49330610036849976,976,755
1997,1,Fast,0.8469552397727966,1039,910
1997,1,Fast,0.8247764110565186,797,641
1997,2,Slow,0.7350525856018066,842,529
1997,1,Fast,0.7099316120147705,1192,1018
1997,2,Slow,0.6885888576507568,956,609
1997,1,Fast,0.6279703974723816,870,834
1997,1,Fast,0.5277018547058105,974,750
1997,1,Fast,0.4764688014984131,1093,922
1997,1,Fast,0.40487536787986755,822,554
1998,1,Fast,0.8398908376693726,1035,904
1998,1,Fast,0.7914704084396362,798,645
1998,1,Fast,0.6740466952323914,1188,1011
1998,2,Slow,0.6407135725021362,842,533
1998,1,Fast,0.5507798790931702,972,744
1998,1,Fast,0.4826410412788391,955,605
1998,1,Fast,0.4538026452064514,1089,916
1998,2,Slow,0.389643132686615,955,605
1998,2,Slow,0.30113542079925537,994,628
1999,1,Fast,0.8363891839981079,1032,895
1999,1,Fast,0.8037872910499573,798,648
1999,1,Fast,0.8030663132667542,970,739
1999,2,Slow,0.7594587802886963,843,537
1999,1,Fast,0.7539393901824951,1184,1004
1999,1,Fast,0.6533640623092651,953,602
2000,1,Fast,0.8541785478591919,1029,888
2000,1,Fast,0.807701587677002,876,855
2000,1,Fast,0.7940252423286438,799,652
2000,2,Slow,0.737409234046936,843,540
2000,1,Fast,0.701296329498291,1109,1054
2000,1,Fast,0.694905698299408,968,734
2000,1,Fast,0.6609376668930054,1082,902
2000,2,Slow,0.5955807566642761,952,598
2000,1,Fast,0.5305238962173462,1180,997
2001,1,Fast,0.8347170948982239,1026,881
2001,1,Fast,0.8285396695137024,800,655
2001,1,Fast,0.6344884634017944,966,729
2001,2,Slow,0.618427574634552,844,544
2001,1,Fast,0.6163038611412048,1175,990
2001,1,Fast,0.5669600367546082,1101,1048
2001,1,Fast,0.4634188711643219,1079,895
2001,2,Slow,0.3654031753540039,950,595
2002,1,Fast,0.8250530958175659,800,659
2002,1,Fast,0.8105702996253967,1023,874
2002,1,Fast,0.681950032711029,1097,1037
2002,1,Fast,0.6535213589668274,964,723
2002,2,Slow,0.598865807056427,845,548
2002,2,Slow,0.5747089982032776,949,591
2002,1,Fast,0.5338649749755859,880,871
2002,1,Fast,0.5204794406890869,1076,889
2003,1,Fast,0.8463189005851746,1019,866
2003,1,Fast,0.8316932916641235,800,663
2003,1,Fast,0.729430615901947,1093,1029
2003,1,Fast,0.6850828528404236,1168,978
2003,1,Fast,0.5913004279136658,1073,882
2003,1,Fast,0.5268591642379761,962,718
2003,2,Slow,0.34192702174186707,948,588
2003,2,Slow,0.3248349726200104,846,552
2004,1,Fast,0.8402054905891418,1016,860
2004,1,Fast,0.8289423584938049,801,667
2004,1,Fast,0.7984272241592407,1087,1018
2004,1,Fast,0.789840579032898,885,885
2004,1,Fast,0.7530719041824341,960,713
2004,1,Fast,0.6722188591957092,1069,875
2004,2,Slow,0.5577168464660645,946,584
2004,1,Fast,0.42854493856430054,1165,972
2005,1,Fast,0.8740880489349365,1013,854
2005,1,Fast,0.8369694352149963,801,670
2005,1,Fast,0.8132367134094238,1083,1009
2005,1,Fast,0.77214515209198,1161,965
2005,1,Fast,0.7608571648597717,886,892
2005,1,Fast,0.7203502058982849,959,709
2005,2,Slow,0.5816556215286255,847,560
2005,2,Slow,0.3710894286632538,985,602
2005,1,Fast,0.359191358089447,1066,869
2005,2,Slow,0.3297630250453949,945,582
2006,1,Fast,0.8447034358978271,1011,847
2006,1,Fast,0.8035730123519897,1080,1001
2006,1,Fast,0.7808570861816406,1158,960
2006,1,Fast,0.7805647850036621,888,899
2006,1,Fast,0.7247310280799866,802,675
2006,2,Slow,0.6318514943122864,944,578
2006,1,Fast,0.6166626214981079,957,704
2006,2,Slow,0.5290566682815552,848,565
2006,2,Slow,0.46528497338294983,983,600
2007,1,Fast,0.840507447719574,1008,840
2007,1,Fast,0.8008091449737549,1075,991
2007,1,Fast,0.7760002613067627,803,679
2007,1,Fast,0.7420299649238586,955,699
2007,1,Fast,0.7339802980422974,1154,953
2007,2,Slow,0.7282624244689941,944,575
2007,1,Fast,0.7042241096496582,890,906
2007,2,Slow,0.46261173486709595,848,569
2007,1,Fast,0.3774378001689911,983,597
2008,1,Fast,0.8210921883583069,1005,834
2008,1,Fast,0.7650452852249146,1072,984
2008,2,Slow,0.728520929813385,849,573
2008,1,Fast,0.719628632068634,1151,947
2008,1,Fast,0.689895510673523,803,682
2008,1,Fast,0.6838111877441406,892,914
2008,1,Fast,0.6490735411643982,953,694
2008,2,Slow,0.6302805542945862,942,572
2008,2,Slow,0.5569307804107666,983,595
2009,1,Fast,0.818752110004425,1003,827
2009,1,Fast,0.768398642539978,805,687
2009,1,Fast,0.7617473006248474,1068,974
2009,2,Slow,0.7322490215301514,849,576
2009,1,Fast,0.4546750485897064,952,689
2009,2,Slow,0.44234031438827515,981,590
2009,1,Fast,0.30617988109588623,941,569
2010,1,Fast,0.8108031749725342,805,690
2010,1,Fast,0.7983900904655457,1000,820
2010,1,Fast,0.745362401008606,897,930
2010,1,Fast,0.7409497499465942,1065,965
2010,2,Slow,0.619987964630127,851,581
2010,2,Slow,0.5575811266899109,980,587
2010,1,Fast,0.4236010015010834,950,684
2010,1,Fast,0.3648124635219574,1052,837
2010,1,Fast,0.3166397511959076,941,566
2011,1,Fast,0.8167849183082581,806,694
2011,1,Fast,0.8085103631019592,899,938
2011,1,Fast,0.7242122888565063,997,814
2011,1,Fast,0.6761265993118286,948,681
2011,2,Slow,0.6646440625190735,851,584
2011,1,Fast,0.649914562702179,1060,958
2011,1,Fast,0.39798179268836975,1049,832
2012,1,Fast,0.8143967390060425,808,698
2012,1,Fast,0.7912454009056091,1056,948
2012,1,Fast,0.7893323302268982,901,946
2012,1,Fast,0.7834675908088684,995,807
2012,1,Fast,0.5952343344688416,830,611
2012,1,Fast,0.5659412145614624,947,675
2012,1,Fast,0.4399888813495636,1046,826
2012,2,Slow,0.434065580368042,977,582
2012,2,Slow,0.3834630250930786,852,588
2013,1,Fast,0.8226872682571411,809,702
2013,1,Fast,0.7700387835502625,945,670
2013,1,Fast,0.7688681483268738,1053,940
2013,1,Fast,0.7259598970413208,905,956
2013,1,Fast,0.6532185077667236,992,802
2013,2,Slow,0.5428527593612671,853,593
2013,2,Slow,0.3931424617767334,976,579
2014,1,Fast,0.8250766396522522,1049,931
2014,1,Fast,0.8242064118385315,990,795
2014,1,Fast,0.817497968673706,809,706
2014,1,Fast,0.6877725720405579,944,666
2014,2,Slow,0.6498522758483887,936,554
2014,1,Fast,0.43658778071403503,1040,814
2015,1,Fast,0.8234657049179077,1046,925
2015,1,Fast,0.8149038553237915,910,973
2015,1,Fast,0.7992474436759949,988,789
2015,1,Fast,0.78912752866745,809,711
2015,2,Slow,0.704270601272583,935,551
2015,1,Fast,0.4516933262348175,943,661
2015,2,Slow,0.4280909299850464,855,604
2015,1,Fast,0.38066574931144714,1038,809
2016,1,Fast,0.8358866572380066,1042,917
2016,1,Fast,0.8239818215370178,810,714
2016,1,Fast,0.8077800869941711,985,783
2016,1,Fast,0.7981570959091187,912,981
2016,1,Fast,0.6725835800170898,942,657
2016,2,Slow,0.44319701194763184,935,548
2016,1,Fast,0.3942375183105469,1035,803
2016,2,Slow,0.3098233640193939,855,606
2016,1,Fast,0.3072807788848877,1124,900
2016,1,Fast,0.303972989320755,777,801
2017,1,Fast,0.8394177556037903,811,719
2017,1,Fast,0.8349002003669739,982,777
2017,1,Fast,0.8201607465744019,915,991
2017,1,Fast,0.8130571246147156,1039,909
2017,1,Fast,0.49194854497909546,940,654
2017,2,Slow,0.4645235538482666,856,611
2017,2,Slow,0.4558822810649872,934,545
2018,1,Fast,0.8476850390434265,811,723
2018,1,Fast,0.8459938764572144,1035,902
2018,1,Fast,0.8060265779495239,919,1001
2018,1,Fast,0.8014042377471924,980,772
2018,2,Slow,0.6701404452323914,933,542
2018,1,Fast,0.5643250346183777,938,650
2018,2,Slow,0.34445077180862427,858,614
2018,1,Fast,0.34288957715034485,1030,792
2019,1,Fast,0.847489595413208,812,727
2019,1,Fast,0.8397378325462341,1032,895
2019,1,Fast,0.7808936834335327,978,766
2019,2,Slow,0.649527370929718,933,539
2019,2,Slow,0.42597222328186035,970,562
2019,1,Fast,0.3924822509288788,933,539
2020,1,Fast,0.8523624539375305,813,732
2020,1,Fast,0.8419387340545654,1030,887
2020,1,Fast,0.7602032423019409,976,760
2020,2,Slow,0.7062430381774902,932,536
2020,2,Slow,0.6547473073005676,861,625
2021,1,Fast,0.8552525639533997,814,737
2021,1,Fast,0.799380362033844,1026,880
2021,2,Slow,0.6264696717262268,862,630
2021,1,Fast,0.6116629242897034,974,755
2022,1,Fast,0.8322058916091919,815,741
2022,1,Fast,0.80557781457901,1024,873
2022,1,Fast,0.6987702250480652,972,749
2022,2,Slow,0.5037195086479187,861,635
2022,1,Fast,0.47472578287124634,930,531
2023,1,Fast,0.8343849778175354,816,746
2023,1,Fast,0.827095627784729,1021,866
2023,1,Fast,0.688048779964447,785,829
2023,1,Fast,0.6880090236663818,970,744
2023,2,Slow,0.6135976910591125,863,640
2023,1,Fast,0.46890556812286377,1018,764
2024,1,Fast,0.8581098318099976,817,750
2024,1,Fast,0.7871174812316895,1017,860
2024,1,Fast,0.7767361998558044,968,738
2024,1,Fast,0.6765422821044922,785,833
2024,1,Fast,0.6407754421234131,1015,759
2024,2,Slow,0.603135883808136,865,644
2024,1,Fast,0.4233035445213318,1169,977
2025,1,Fast,0.858318030834198,1015,852
2025,1,Fast,0.8285415768623352,817,755
2025,1,Fast,0.788001298904419,966,733
2025,1,Fast,0.7408718466758728,1014,754
2025,1,Fast,0.6887869834899902,786,838
2025,2,Slow,0.5240421295166016,866,649
2025,1,Fast,0.3831632435321808,929,621
2026,1,Fast,0.8493685722351074,1012,846
2026,1,Fast,0.8195548057556152,818,759
2026,1,Fast,0.7199873328208923,964,727
2026,1,Fast,0.6517848372459412,1011,750
2026,2,Slow,0.5483008027076721,867,655
2026,1,Fast,0.4854501783847809,786,842
2026,1,Fast,0.3308063745498657,927,618
2027,1,Fast,0.848453164100647,1009,840
2027,1,Fast,0.8368341326713562,820,764
2027,1,Fast,0.6855672001838684,962,722
2027,1,Fast,0.6726534962654114,1009,744
2027,2,Slow,0.5332903861999512,868,659
2027,1,Fast,0.49664098024368286,787,846
2027,1,Fast,0.3646012246608734,926,614
2028,1,Fast,0.8304963707923889,1006,833
2028,1,Fast,0.8213208317756653,820,768
2028,1,Fast,0.7253897786140442,1008,740
2028,1,Fast,0.7231789231300354,960,716
2028,2,Slow,0.5482351779937744,869,665
2028,1,Fast,0.4483708441257477,924,514
2028,1,Fast,0.390044242143631,787,851
2028,1,Fast,0.34434404969215393,925,610
2029,1,Fast,0.8337423801422119,1003,827
2029,1,Fast,0.8127404451370239,822,773
2029,1,Fast,0.7386747598648071,958,711
2029,1,Fast,0.7113670110702515,923,606
2029,2,Slow,0.5971058011054993,871,670
2029,1,Fast,0.5161036849021912,788,854
2029,1,Fast,0.4163036644458771,1006,735
2029,1,Fast,0.3489105999469757,923,511
2030,1,Fast,0.8633627891540527,823,779
2030,1,Fast,0.8473795056343079,1001,820
2030,1,Fast,0.7617787718772888,955,706
2030,1,Fast,0.6692875623703003,789,858
2030,1,Fast,0.5775805115699768,922,508
2030,1,Fast,0.5115979313850403,922,602
2030,2,Slow,0.4312679171562195,872,675
2031,1,Fast,0.862203061580658,824,784
2031,1,Fast,0.828341007232666,999,814
2031,1,Fast,0.7735666632652283,954,702
2031,2,Slow,0.6622933745384216,874,680
2031,1,Fast,0.6341845393180847,923,505
2031,1,Fast,0.5902236700057983,921,599
2031,1,Fast,0.5702199935913086,789,862
2032,1,Fast,0.8623330593109131,825,789
2032,1,Fast,0.8583288788795471,996,807
2032,1,Fast,0.8051877021789551,952,698
2032,2,Slow,0.7744072079658508,875,687
2032,1,Fast,0.7699310183525085,790,866
2032,1,Fast,0.7380872368812561,923,503
2032,1,Fast,0.4963286817073822,1079,1007
2032,1,Fast,0.32761242985725403,920,594
2033,1,Fast,0.8570820093154907,826,794
2033,1,Fast,0.7861601710319519,993,801
2033,1,Fast,0.7668823599815369,792,870
2033,2,Slow,0.7461433410644531,876,693
2033,1,Fast,0.7398096323013306,1075,998
2033,1,Fast,0.7273351550102234,951,693
2033,1,Fast,0.7051142454147339,922,501
2033,1,Fast,0.3275313377380371,919,591
2034,1,Fast,0.8558112382888794,827,799
2034,1,Fast,0.822002649307251,991,795
2034,1,Fast,0.8009783029556274,949,688
2034,2,Slow,0.5948979258537292,878,699
2034,1,Fast,0.556585967540741,1072,989
2034,1,Fast,0.4711346924304962,922,498
2035,1,Fast,0.8444237112998962,828,804
2035,1,Fast,0.8100651502609253,948,684
2035,1,Fast,0.8065545558929443,988,789
2035,2,Slow,0.5043849349021912,880,705
2035,1,Fast,0.46056511998176575,1068,981
2035,1,Fast,0.3302192986011505,995,706
2036,1,Fast,0.8698076009750366,830,810
2036,1,Fast,0.8009740114212036,946,679
2036,1,Fast,0.7772272229194641,986,783
2036,1,Fast,0.713696300983429,918,580
2036,1,Fast,0.6560788154602051,992,702
2036,1,Fast,0.5555821657180786,1063,973
2037,1,Fast,0.8701760172843933,830,815
2037,1,Fast,0.846948504447937,984,776
2037,1,Fast,0.7676024436950684,944,674
2037,1,Fast,0.723811149597168,1060,963
2037,1,Fast,0.6743456125259399,917,576
2037,1,Fast,0.5237665772438049,991,698
2037,1,Fast,0.42526209354400635,920,490
2037,1,Fast,0.35887831449508667,796,889
2038,1,Fast,0.8607565760612488,982,771
2038,1,Fast,0.860097348690033,832,820
2038,1,Fast,0.8276949524879456,916,573
2038,1,Fast,0.7084751725196838,943,669
2038,1,Fast,0.6932036876678467,1056,955
2038,1,Fast,0.4653310179710388,800,663
2038,1,Fast,0.3979434370994568,989,693
2038,2,Slow,0.3911556303501129,886,721
2039,1,Fast,0.8469690680503845,978,766
2039,1,Fast,0.8046554327011108,941,665
2039,1,Fast,0.7545347213745117,916,570
2039,1,Fast,0.7497696876525879,833,826
2039,1,Fast,0.749584972858429,1052,946
2039,1,Fast,0.6671013236045837,1150,1026
2039,1,Fast,0.6069931983947754,801,668
2039,1,Fast,0.5473565459251404,986,689
2039,1,Fast,0.401396781206131,799,898
2039,1,Fast,0.30628809332847595,1065,787
2040,1,Fast,0.85358065366745,976,760
2040,1,Fast,0.8181166052818298,915,567
2040,1,Fast,0.7936924695968628,940,660
2040,1,Fast,0.788239598274231,835,832
2040,1,Fast,0.5362469553947449,1049,938
2040,1,Fast,0.4267176687717438,890,732
2040,1,Fast,0.4061795175075531,985,684
2041,1,Fast,0.8151258826255798,974,755
2041,1,Fast,0.8050733208656311,938,656
2041,1,Fast,0.7861904501914978,836,836
2041,1,Fast,0.7536143660545349,914,564
2041,1,Fast,0.70383220911026,1142,1009
2041,1,Fast,0.5264071822166443,1046,930
2041,1,Fast,0.5220513343811035,983,680
2041,1,Fast,0.5214418768882751,861,756
2041,1,Fast,0.4434005320072174,803,907
2041,2,Slow,0.4402433931827545,890,738
2042,1,Fast,0.8586875796318054,837,842
2042,1,Fast,0.8375044465065002,937,651
2042,1,Fast,0.8118284344673157,971,748
2042,1,Fast,0.8065106868743896,914,561
2042,1,Fast,0.7537623643875122,1137,1000
2042,1,Fast,0.6869160532951355,863,760
2042,1,Fast,0.5727378129959106,1042,923
2042,1,Fast,0.5340102314949036,981,676
2042,1,Fast,0.3207961618900299,803,911
2043,1,Fast,0.8357719779014587,838,848
2043,1,Fast,0.8301661610603333,935,646
2043,1,Fast,0.7925915122032166,969,743
2043,1,Fast,0.784339189529419,913,557
2043,1,Fast,0.7772549390792847,1039,915
2043,1,Fast,0.759922444820404,1133,992
2043,1,Fast,0.6546272039413452,980,671
2043,1,Fast,0.5230208039283752,863,766
2043,2,Slow,0.41960781812667847,948,497
2043,2,Slow,0.3806782066822052,917,475
2043,2,Slow,0.32555878162384033,894,752
2044,1,Fast,0.851660430431366,933,643
2044,1,Fast,0.8222025036811829,1128,983
2044,1,Fast,0.811267614364624,968,738
2044,1,Fast,0.8050480484962463,839,855
2044,1,Fast,0.729000449180603,912,554
2044,1,Fast,0.7019262313842773,978,667
2044,1,Fast,0.6343249678611755,1036,908
2044,1,Fast,0.37344011664390564,897,758
2045,1,Fast,0.8663008809089661,933,638
2045,1,Fast,0.8368913531303406,965,732
2045,1,Fast,0.7805668115615845,840,861
2045,1,Fast,0.7361478805541992,1124,975
2045,1,Fast,0.697187066078186,1032,900
2045,1,Fast,0.4744326174259186,1053,761
2045,1,Fast,0.3855671286582947,977,663
2046,1,Fast,0.8553338646888733,963,727
2046,1,Fast,0.8477030396461487,931,635
2046,1,Fast,0.8157487511634827,842,867
2046,1,Fast,0.6445385217666626,1029,893
2046,1,Fast,0.6094905734062195,1120,966
2046,1,Fast,0.5926981568336487,911,547
2046,1,Fast,0.575921356678009,975,658
2046,1,Fast,0.3844737410545349,1050,757
2047,1,Fast,0.8559287786483765,843,873
2047,1,Fast,0.8453053832054138,962,722
2047,1,Fast,0.8110890984535217,930,630
2047,2,Slow,0.5941718816757202,902,781
2047,1,Fast,0.5897126793861389,1047,754
2047,1,Fast,0.581832230091095,910,544
2047,1,Fast,0.5264472961425781,1025,886
2047,1,Fast,0.5104593634605408,915,468
2047,1,Fast,0.42034396529197693,1116,959
2047,1,Fast,0.3327540457248688,972,654
2048,1,Fast,0.854117214679718,845,879
2048,1,Fast,0.8474383354187012,959,716
2048,1,Fast,0.8278294801712036,928,626
2048,1,Fast,0.6449395418167114,971,650
2048,2,Slow,0.4818551242351532,905,787
2048,1,Fast,0.40325117111206055,1046,749
2048,1,Fast,0.3655323088169098,1023,878
2048,1,Fast,0.34397122263908386,915,465
2048,1,Fast,0.32682764530181885,905,787
2048,1,Fast,0.32675501704216003,1113,951
2049,1,Fast,0.8667344450950623,958,711
2049,1,Fast,0.840800940990448,927,621
2049,1,Fast,0.8230026960372925,846,885
2049,1,Fast,0.8025511503219604,970,647
2049,1,Fast,0.6372047662734985,1020,871
2049,2,Slow,0.5865899324417114,906,793
2049,1,Fast,0.47454366087913513,908,537
2049,1,Fast,0.4006164073944092,1044,746
2050,1,Fast,0.8519563674926758,956,706
2050,1,Fast,0.8261290192604065,926,618
2050,1,Fast,0.8247843980789185,848,890
2050,1,Fast,0.7888901829719543,969,642
2050,1,Fast,0.7508165836334229,910,800
2050,1,Fast,0.6742218136787415,1017,864
2050,1,Fast,0.5170913338661194,1106,935
2050,1,Fast,0.4259115755558014,907,534
2050,1,Fast,0.3010792136192322,1042,743
2051,1,Fast,0.8609828352928162,954,701
2051,1,Fast,0.815740168094635,925,613
2051,1,Fast,0.8128874897956848,912,807
2051,1,Fast,0.7959389090538025,849,897
2051,1,Fast,0.7817121744155884,1101,927
2051,1,Fast,0.7507482171058655,967,639
2051,1,Fast,0.6670701503753662,906,531
2051,1,Fast,0.6437476277351379,1014,858
2051,1,Fast,0.4954303503036499,1040,738
2051,1,Fast,0.4196387827396393,913,459
2052,1,Fast,0.886195719242096,953,696
2052,1,Fast,0.8475936651229858,851,904
2052,1,Fast,0.8294006586074829,915,814
2052,1,Fast,0.8157999515533447,1098,920
2052,1,Fast,0.8134196400642395,923,610
2052,1,Fast,0.735299825668335,966,635
2052,1,Fast,0.587553083896637,905,528
2052,1,Fast,0.5746073722839355,881,825
2052,1,Fast,0.5070762634277344,1012,851
2052,1,Fast,0.49087995290756226,1038,735
2053,1,Fast,0.8548513054847717,951,691
2053,1,Fast,0.8369013667106628,853,911
2053,1,Fast,0.7594073414802551,965,632
2053,1,Fast,0.7534505724906921,922,607
2053,1,Fast,0.7355021238327026,918,821
2053,1,Fast,0.6647939085960388,1094,913
2053,1,Fast,0.5990030765533447,1037,730
2053,1,Fast,0.5249331593513489,912,455
2053,1,Fast,0.4796121418476105,1010,845
2053,1,Fast,0.32084932923316956,809,723
2054,1,Fast,0.8631621599197388,949,686
2054,1,Fast,0.7955597639083862,855,917
2054,1,Fast,0.7870860695838928,964,628
2054,1,Fast,0.7392798066139221,921,603
2054,1,Fast,0.7233275771141052,920,829
2054,1,Fast,0.6937568783760071,1007,839
2054,1,Fast,0.6134952902793884,1090,905
2054,1,Fast,0.6050661206245422,912,453
2054,1,Fast,0.47285962104797363,1080,1001
2054,1,Fast,0.446347177028656,1035,726
2055,1,Fast,0.8789930939674377,948,682
2055,1,Fast,0.8275534510612488,963,624
2055,1,Fast,0.789736807346344,920,599
2055,1,Fast,0.7717395424842834,856,923
2055,1,Fast,0.6585579514503479,1086,898
2055,1,Fast,0.5578523874282837,1076,993
2055,1,Fast,0.4195239543914795,1033,722
2055,1,Fast,0.40510162711143494,912,450
2056,1,Fast,0.8434118628501892,946,677
2056,1,Fast,0.812004804611206,962,620
2056,1,Fast,0.8066309094429016,857,931
2056,1,Fast,0.7851678729057312,1073,985
2056,1,Fast,0.7380343675613403,919,595
2056,1,Fast,0.6515138149261475,912,448
2056,1,Fast,0.6186481714248657,1083,891
2056,1,Fast,0.40722015500068665,1000,825
2057,1,Fast,0.8524256348609924,859,938
2057,1,Fast,0.8480693697929382,945,672
2057,1,Fast,0.8396800756454468,918,591
2057,1,Fast,0.7905417084693909,961,617
2057,1,Fast,0.7383907437324524,911,446
2057,1,Fast,0.517707109451294,1030,715
2057,1,Fast,0.48185455799102783,927,852
2057,1,Fast,0.464980810880661,1069,976
2058,1,Fast,0.871264636516571,943,667
2058,1,Fast,0.8110369443893433,917,588
2058,1,Fast,0.7712895274162292,860,944
2058,1,Fast,0.7664753198623657,960,612
2058,1,Fast,0.7608389854431152,911,444
2058,1,Fast,0.6760390996932983,993,813
2059,1,Fast,0.8425767421722412,943,663
2059,1,Fast,0.8406844735145569,862,953
2059,1,Fast,0.7873968482017517,917,584
2059,1,Fast,0.6668379902839661,991,807
2059,1,Fast,0.6513475179672241,958,609
2059,1,Fast,0.6428325772285461,1061,960
2059,1,Fast,0.5428807735443115,910,442
2059,1,Fast,0.5298008322715759,1177,1068
2059,1,Fast,0.4670953154563904,1027,707
2059,1,Fast,0.33859825134277344,1073,872
2060,1,Fast,0.8545570373535156,864,959
2060,1,Fast,0.841863751411438,941,658
2060,1,Fast,0.7860206365585327,915,581
2060,1,Fast,0.7631224393844604,957,606
2060,1,Fast,0.7424960732460022,1175,1064
2060,1,Fast,0.7233724594116211,988,801
2060,1,Fast,0.6280364394187927,936,878
2060,1,Fast,0.580329418182373,1058,952
2060,1,Fast,0.4847433567047119,910,440
2060,1,Fast,0.42201048135757446,1025,704
2061,1,Fast,0.8704173564910889,939,653
2061,1,Fast,0.869852602481842,866,967
2061,1,Fast,0.8489010334014893,986,795
2061,1,Fast,0.7838795781135559,939,886
2061,1,Fast,0.7830411791801453,914,577
2061,1,Fast,0.7112621068954468,1023,701
2061,1,Fast,0.7008714079856873,956,602
2061,1,Fast,0.6529125571250916,1168,1060
2061,1,Fast,0.6435890197753906,1067,858
2061,1,Fast,0.4266132116317749,909,438
2061,1,Fast,0.3376595973968506,1054,944
2061,1,Fast,0.30923646688461304,900,501
2062,1,Fast,0.8717889785766602,937,650
2062,1,Fast,0.8491672277450562,984,789
2062,1,Fast,0.8401544690132141,868,974
2062,1,Fast,0.8315816521644592,1159,1054
2062,1,Fast,0.8090012669563293,913,573
2062,1,Fast,0.7120345234870911,954,599
2062,1,Fast,0.5954068303108215,1022,697
2062,1,Fast,0.4841468930244446,942,894
2062,1,Fast,0.32984480261802673,1050,936
2063,1,Fast,0.8413269519805908,935,645
2063,1,Fast,0.7933619618415833,912,570
2063,1,Fast,0.7656399011611938,952,596
2063,1,Fast,0.7609500288963318,870,982
2063,1,Fast,0.7116544246673584,983,784
2063,1,Fast,0.7072461247444153,1154,1046
2063,1,Fast,0.7057509422302246,945,904
2063,1,Fast,0.5999164581298828,1061,844
2063,1,Fast,0.5746365189552307,905,909
2063,1,Fast,0.47044867277145386,899,496
2063,1,Fast,0.44563719630241394,1020,693
2063,1,Fast,0.39577516913414,1048,929
2064,1,Fast,0.8565592765808105,934,641
2064,1,Fast,0.8353175520896912,911,567
2064,1,Fast,0.7915816903114319,951,593
2064,1,Fast,0.773014485836029,981,776
2064,1,Fast,0.7436864972114563,873,991
2064,1,Fast,0.7348523139953613,1057,838
2064,1,Fast,0.7137323617935181,1149,1037
2064,1,Fast,0.656114935874939,1044,921
2064,1,Fast,0.5942240953445435,909,431
2064,1,Fast,0.4721125364303589,898,494
2064,1,Fast,0.38512280583381653,948,912
2065,1,Fast,0.8683370351791382,933,637
2065,1,Fast,0.82988041639328,911,562
2065,1,Fast,0.7663414478302002,950,589
2065,1,Fast,0.7320021986961365,978,771
2065,1,Fast,0.7189514636993408,1040,913
2065,1,Fast,0.6675342321395874,874,998
2065,1,Fast,0.6569101810455322,1054,833
2065,1,Fast,0.6208387613296509,1145,1028
2065,1,Fast,0.3249850571155548,1017,686
2065,1,Fast,0.3187486231327057,951,922
2066,1,Fast,0.8452543616294861,932,633
2066,1,Fast,0.8407337665557861,1140,1018
2066,1,Fast,0.838621973991394,909,559
2066,1,Fast,0.7640409469604492,976,765
2066,1,Fast,0.7526265382766724,949,586
2066,1,Fast,0.593325138092041,1050,826
2066,1,Fast,0.559546709060669,908,427
2066,2,Slow,0.5146132707595825,877,1006
2066,1,Fast,0.45622047781944275,1036,905
2066,1,Fast,0.3933757245540619,954,932
2066,1,Fast,0.3460657000541687,1015,683
2067,1,Fast,0.8517153859138489,1135,1010
2067,1,Fast,0.8252980709075928,931,629
2067,1,Fast,0.8146600723266602,908,556
2067,1,Fast,0.8018470406532288,973,759
2067,1,Fast,0.7783674597740173,948,581
2067,1,Fast,0.674895167350769,1032,899
2067,1,Fast,0.6221975684165955,957,941
2067,1,Fast,0.6079127788543701,907,426
2067,1,Fast,0.5990591645240784,1048,820
2067,1,Fast,0.5666626691818237,878,1014
2067,1,Fast,0.3422989249229431,833,1044
2067,1,Fast,0.3379087746143341,1014,680
2068,1,Fast,0.8404382467269897,929,625
2068,1,Fast,0.827178955078125,907,554
2068,1,Fast,0.8150680065155029,972,754
2068,1,Fast,0.8092915415763855,1132,1002
2068,1,Fast,0.7589594721794128,947,578
2068,1,Fast,0.7399200797080994,1045,814
2068,1,Fast,0.7350271344184875,1030,893
2068,1,Fast,0.6912938952445984,880,1022
2068,1,Fast,0.6683253645896912,907,424
2068,1,Fast,0.6327155232429504,834,1050
2068,1,Fast,0.6176901459693909,960,951
2068,1,Fast,0.5603891611099243,1013,677
2069,1,Fast,0.862907886505127,1126,994
2069,1,Fast,0.851466953754425,907,550
2069,1,Fast,0.8483965992927551,928,621
2069,1,Fast,0.79887455701828,1028,886
2069,1,Fast,0.7863406538963318,970,749
2069,1,Fast,0.7814390659332275,1043,808
2069,1,Fast,0.7669849395751953,947,575
2069,1,Fast,0.6709601879119873,1012,673
2069,1,Fast,0.6548390984535217,907,421
2069,1,Fast,0.626242458820343,964,961
2069,1,Fast,0.6153366565704346,883,1032
2069,1,Fast,0.5562105774879456,835,1052
2070,1,Fast,0.8562528491020203,906,547
2070,1,Fast,0.8517380356788635,1122,986
2070,1,Fast,0.8310750126838684,926,616
2070,1,Fast,0.7697879672050476,968,743
2070,1,Fast,0.7646196484565735,1040,802
2070,1,Fast,0.7442535758018494,1010,670
2070,1,Fast,0.7431570887565613,1025,878
2070,1,Fast,0.6844362616539001,906,419
2070,1,Fast,0.6358963847160339,946,572
2070,1,Fast,0.6255019903182983,968,971
2070,1,Fast,0.612005352973938,885,1039
2070,1,Fast,0.33834701776504517,837,1056
2071,1,Fast,0.8521794080734253,1119,978
2071,1,Fast,0.8473687767982483,925,612
2071,1,Fast,0.8415350317955017,905,543
2071,1,Fast,0.8396268486976624,966,738
2071,1,Fast,0.8184335827827454,1038,797
2071,1,Fast,0.7833647131919861,1023,871
2071,1,Fast,0.6989101767539978,906,417
2071,1,Fast,0.6950312852859497,973,982
2071,1,Fast,0.6744710803031921,946,568
2071,1,Fast,0.6579734086990356,1009,667
2071,1,Fast,0.46965235471725464,888,1046
2071,2,Slow,0.32371073961257935,887,1045
2071,0,VRU,0.30838465690612793,1340,854
2071,1,Fast,0.3028606176376343,839,1058
2072,1,Fast,0.8745546340942383,924,608
2072,1,Fast,0.8250806331634521,964,733
2072,1,Fast,0.7992715835571289,904,540
2072,1,Fast,0.7781597375869751,1008,664
2072,1,Fast,0.7694261074066162,1115,970
2072,1,Fast,0.6860934495925903,906,416
2072,1,Fast,0.6626088619232178,1035,791
2072,1,Fast,0.6405445337295532,977,992
2072,1,Fast,0.6380828619003296,1020,864
2072,1,Fast,0.5288922190666199,944,567
2072,0,VRU,0.4792608916759491,1340,854
2072,1,Fast,0.44281837344169617,896,473
2073,1,Fast,0.8656625151634216,923,605
2073,1,Fast,0.8593424558639526,963,727
2073,1,Fast,0.851044774055481,1017,858
2073,1,Fast,0.8406273126602173,1110,963
2073,1,Fast,0.8405519127845764,904,537
2073,1,Fast,0.7680232524871826,943,563
2073,1,Fast,0.7649430632591248,1033,784
2073,1,Fast,0.7625710368156433,980,1003
2073,1,Fast,0.7020419239997864,896,469
2073,1,Fast,0.6719996333122253,1006,660
2073,1,Fast,0.5138545036315918,906,413
2073,1,Fast,0.5061168074607849,869,676
2073,1,Fast,0.4507828950881958,840,1065
2074,1,Fast,0.8521931767463684,903,534
2074,1,Fast,0.8403505086898804,921,601
2074,1,Fast,0.8379040956497192,1106,955
2074,1,Fast,0.8241655230522156,961,722
2074,1,Fast,0.7803582549095154,1030,778
2074,1,Fast,0.7586721777915955,942,560
2074,1,Fast,0.6529138088226318,1014,851
2074,1,Fast,0.6209022402763367,895,468
2074,1,Fast,0.6170462369918823,1004,657
2074,2,Slow,0.32082316279411316,896,1059
2075,1,Fast,0.8523396253585815,903,531
2075,1,Fast,0.850170373916626,921,598
2075,1,Fast,0.8398250937461853,1102,947
2075,1,Fast,0.8263830542564392,959,718
2075,1,Fast,0.8013981580734253,1028,772
2075,1,Fast,0.7340826988220215,941,558
2075,1,Fast,0.6413138508796692,1012,846
2075,1,Fast,0.6205149292945862,1003,654
2075,1,Fast,0.6027979850769043,895,466
2075,1,Fast,0.3464568555355072,987,1023
2076,1,Fast,0.8804098963737488,920,593
2076,1,Fast,0.8397606611251831,902,528
2076,1,Fast,0.8348983526229858,1009,839
2076,1,Fast,0.8167791962623596,957,713
2076,1,Fast,0.7513038516044617,1026,769
2076,1,Fast,0.7142753005027771,940,554
2076,1,Fast,0.6681532263755798,992,1035
2076,1,Fast,0.6088952422142029,894,463
2076,1,Fast,0.5706053376197815,831,834
2076,1,Fast,0.4900127649307251,1099,939
2076,1,Fast,0.4326600134372711,1001,651
2077,1,Fast,0.8620325922966003,919,589
2077,1,Fast,0.8093607425689697,1023,763
2077,1,Fast,0.7861592173576355,1006,833
2077,1,Fast,0.7706883549690247,955,709
2077,1,Fast,0.767106831073761,1095,932
2077,1,Fast,0.7600494027137756,901,525
2077,1,Fast,0.6921865940093994,833,839
2077,1,Fast,0.5412828326225281,997,1048
2077,1,Fast,0.43513765931129456,1000,648
2078,1,Fast,0.8296241760253906,918,585
2078,1,Fast,0.8234453201293945,1004,827
2078,1,Fast,0.7998667359352112,901,522
2078,1,Fast,0.7757548689842224,1021,758
2078,1,Fast,0.7513411045074463,953,704
2078,1,Fast,0.7053586840629578,1093,924
2078,1,Fast,0.581210196018219,904,404
2078,1,Fast,0.464334100484848,938,548
2078,1,Fast,0.34538519382476807,998,645
2079,1,Fast,0.8535597920417786,1002,821
2079,1,Fast,0.8446897268295288,917,581
2079,1,Fast,0.8335756063461304,1089,917
2079,1,Fast,0.7811930775642395,900,520
2079,1,Fast,0.7613347768783569,951,698
2079,1,Fast,0.75407874584198,1018,752
2079,1,Fast,0.602450430393219,904,402
2079,1,Fast,0.48397448658943176,937,545
2079,1,Fast,0.4518342912197113,997,642
2079,1,Fast,0.4159795939922333,835,850
2080,1,Fast,0.8491853475570679,916,578
2080,1,Fast,0.7735460996627808,949,693
2080,1,Fast,0.7387903928756714,1085,910
2080,1,Fast,0.7332800626754761,900,516
2080,1,Fast,0.7326306700706482,999,815
2080,1,Fast,0.7068963050842285,1015,747
2080,1,Fast,0.6015997529029846,904,400
2080,1,Fast,0.5466684103012085,937,542
2080,1,Fast,0.3346412777900696,996,639
2081,1,Fast,0.8443930745124817,997,808
2081,1,Fast,0.8351346254348755,915,574
2081,1,Fast,0.8084133863449097,947,689
2081,1,Fast,0.8054415583610535,1081,903
2081,1,Fast,0.7490771412849426,899,513
2081,1,Fast,0.6668561697006226,936,539
2081,1,Fast,0.6612635254859924,1013,742
2081,1,Fast,0.4274910092353821,994,635
2081,1,Fast,0.3808097541332245,904,398
2082,1,Fast,0.8414301872253418,946,684
2082,1,Fast,0.8179904222488403,994,802
2082,1,Fast,0.8133324384689331,1078,896
2082,1,Fast,0.8025063276290894,914,571
2082,1,Fast,0.7623254656791687,898,511
2082,1,Fast,0.7402729988098145,1011,736
2082,1,Fast,0.6375395655632019,936,536
2082,1,Fast,0.5659382939338684,839,868
2082,1,Fast,0.4005540609359741,903,396
2083,1,Fast,0.8469640612602234,913,568
2083,1,Fast,0.8347752690315247,944,679
2083,1,Fast,0.8191877007484436,1074,890
2083,1,Fast,0.8111205697059631,935,533
2083,1,Fast,0.7882958650588989,898,507
2083,1,Fast,0.696307897567749,991,796
2083,1,Fast,0.6927059292793274,840,874
2083,1,Fast,0.4710521697998047,904,395
2083,1,Fast,0.42398568987846375,993,629
2083,1,Fast,0.30908918380737305,1008,731
2084,1,Fast,0.8559672236442566,912,564
2084,1,Fast,0.8184342980384827,943,675
2084,1,Fast,0.7974971532821655,898,504
2084,1,Fast,0.7887799739837646,934,530
2084,1,Fast,0.7508627772331238,1071,883
2084,1,Fast,0.6272234320640564,992,627
2084,1,Fast,0.5639455914497375,841,881
2084,1,Fast,0.45012563467025757,1006,726
2084,1,Fast,0.3379572033882141,989,790
2085,1,Fast,0.8480083346366882,911,560
2085,1,Fast,0.8195953965187073,942,669
2085,1,Fast,0.8076459169387817,898,502
2085,1,Fast,0.7600786089897156,1068,877
2085,1,Fast,0.7471092939376831,934,528
2085,1,Fast,0.6778831481933594,1005,721
2085,1,Fast,0.5501362681388855,890,752
2085,1,Fast,0.5201473832130432,843,886
2085,1,Fast,0.5082585215568542,990,624
2085,1,Fast,0.36253514885902405,892,443
2086,1,Fast,0.8350974917411804,910,557
2086,1,Fast,0.831240713596344,940,665
2086,1,Fast,0.813183605670929,897,499
2086,1,Fast,0.8002450466156006,1065,871
2086,1,Fast,0.7254351377487183,1002,715
2086,1,Fast,0.6150810718536377,989,621
2086,1,Fast,0.5808109045028687,933,526
2086,1,Fast,0.4800384044647217,916,827
2086,1,Fast,0.47739526629447937,891,441
2087,1,Fast,0.8290477991104126,910,554
2087,1,Fast,0.8263948559761047,1062,863
2087,1,Fast,0.8194893598556519,939,660
2087,1,Fast,0.7591565251350403,1001,711
2087,1,Fast,0.7136512398719788,989,618
2087,1,Fast,0.6852554678916931,897,496
2087,1,Fast,0.6010215282440186,931,523
2087,1,Fast,0.5962823033332825,981,773
2087,1,Fast,0.47894221544265747,918,835
2087,1,Fast,0.42220357060432434,890,439
2087,1,Fast,0.3356165885925293,895,766
2087,1,Fast,0.3022422194480896,1015,668
2088,1,Fast,0.8504671454429626,1059,857
2088,1,Fast,0.8470255136489868,909,551
2088,1,Fast,0.8320690989494324,937,657
2088,1,Fast,0.7621580958366394,998,706
2088,1,Fast,0.7225591540336609,896,494
2088,1,Fast,0.6760290861129761,988,615
2088,1,Fast,0.6073620915412903,920,843
2088,2,Slow,0.5547189712524414,931,520
2088,1,Fast,0.5468756556510925,896,772
2088,1,Fast,0.5240988731384277,890,437
2088,1,Fast,0.3488400876522064,978,769
2088,1,Fast,0.3116641044616699,1014,664
2089,1,Fast,0.862336277961731,936,653
2089,1,Fast,0.8385789394378662,908,547
2089,1,Fast,0.7895057797431946,1057,851
2089,1,Fast,0.7703340649604797,987,613
2089,1,Fast,0.6607681512832642,899,780
2089,1,Fast,0.6412218809127808,896,491
2089,1,Fast,0.6272000670433044,848,911
2089,1,Fast,0.5206078290939331,997,702
2089,2,Slow,0.4175570011138916,931,517
2090,1,Fast,0.8417370319366455,994,698
2090,1,Fast,0.835180938243866,934,649
2090,1,Fast,0.8308904767036438,907,544
2090,1,Fast,0.8004514575004578,1054,845
2090,1,Fast,0.759689211845398,850,916
2090,2,Slow,0.48327121138572693,929,515
2090,1,Fast,0.43181484937667847,987,610
2090,1,Fast,0.40891486406326294,895,489
2091,1,Fast,0.8259700536727905,933,644
2091,1,Fast,0.8008277416229248,906,540
2091,1,Fast,0.7956522107124329,1051,839
2091,1,Fast,0.7303561568260193,992,693
2091,1,Fast,0.5248550772666931,928,513
2091,1,Fast,0.441707581281662,985,608
2091,1,Fast,0.43163424730300903,973,752
2091,1,Fast,0.4162667989730835,904,795
2091,2,Slow,0.3910931646823883,929,513
2091,1,Fast,0.37874001264572144,894,486
2092,1,Fast,0.8416495323181152,931,640
2092,1,Fast,0.8204559087753296,1048,832
2092,1,Fast,0.8187172412872314,906,537
2092,1,Fast,0.8040930032730103,990,689
2092,1,Fast,0.6928490400314331,854,929
2092,1,Fast,0.6808531284332275,984,605
2092,2,Slow,0.44110289216041565,928,508
2092,1,Fast,0.41374659538269043,1008,652
2092,1,Fast,0.4046858251094818,970,745
2093,1,Fast,0.8425614833831787,1044,826
2093,1,Fast,0.8369334936141968,931,636
2093,1,Fast,0.8367667198181152,905,534
2093,1,Fast,0.6539455652236938,989,685
2093,2,Slow,0.5496799945831299,928,505
2093,1,Fast,0.5411902666091919,894,481
2093,1,Fast,0.5111156105995178,983,602
2093,1,Fast,0.4562280774116516,935,886
2093,1,Fast,0.37280136346817017,969,741
2093,1,Fast,0.365141361951828,928,506
2094,1,Fast,0.8516849875450134,1042,820
2094,1,Fast,0.8352689743041992,904,531
2094,1,Fast,0.7944844961166382,930,632
2094,1,Fast,0.7839937806129456,987,680
2094,1,Fast,0.7519860863685608,927,503
2094,1,Fast,0.5854818820953369,982,599
2094,1,Fast,0.5620272159576416,893,478
2094,1,Fast,0.40431976318359375,910,817
2094,1,Fast,0.3287518322467804,854,942
2095,1,Fast,0.8596667051315308,1039,815
2095,1,Fast,0.8335135579109192,903,528
2095,1,Fast,0.7972532510757446,928,628
2095,1,Fast,0.7677915692329407,985,675
2095,1,Fast,0.6848635077476501,981,596
2095,1,Fast,0.6508350968360901,927,500
2095,1,Fast,0.6031820178031921,892,475
2095,1,Fast,0.5958210229873657,965,729
2095,1,Fast,0.5382357239723206,913,825
2095,1,Fast,0.48613661527633667,855,947
2096,1,Fast,0.8229451775550842,927,623
2096,1,Fast,0.8149874806404114,1036,809
2096,1,Fast,0.7897506952285767,902,525
2096,1,Fast,0.7809892892837524,983,671
2096,1,Fast,0.7621610164642334,980,594
2096,1,Fast,0.7322385907173157,858,952
2096,1,Fast,0.7225595116615295,964,725
2096,1,Fast,0.6918739676475525,926,497
2096,1,Fast,0.5339195728302002,892,473
2096,1,Fast,0.45963001251220703,944,912
2096,1,Fast,0.45261552929878235,915,833
2097,1,Fast,0.8308403491973877,925,620
2097,1,Fast,0.8217297792434692,902,522
2097,1,Fast,0.8116967082023621,1033,803
2097,1,Fast,0.8075893521308899,918,841
2097,1,Fast,0.8065924048423767,981,666
2097,1,Fast,0.6935876607894897,862,962
2097,1,Fast,0.6620991230010986,979,591
2097,1,Fast,0.553869903087616,925,495
2097,1,Fast,0.34029141068458557,962,720
2098,1,Fast,0.8401055932044983,1031,797
2098,1,Fast,0.838600218296051,901,519
2098,1,Fast,0.820502519607544,979,662
2098,1,Fast,0.7810789346694946,960,715
2098,1,Fast,0.7596980333328247,924,615
2098,1,Fast,0.7230377793312073,864,969
2098,1,Fast,0.6903437972068787,979,589
2098,1,Fast,0.6857485175132751,950,931
2098,1,Fast,0.663185179233551,925,493
2098,1,Fast,0.6170498728752136,922,848
2098,1,Fast,0.40049469470977783,892,468
2099,1,Fast,0.8380194306373596,923,612
2099,1,Fast,0.827455997467041,901,516
2099,1,Fast,0.822683572769165,978,658
2099,1,Fast,0.8007407188415527,959,711
2099,1,Fast,0.7840068936347961,1028,792
2099,1,Fast,0.779029130935669,865,976
2099,1,Fast,0.7454826235771179,924,858
2099,1,Fast,0.7057657837867737,954,942
2099,1,Fast,0.6329951882362366,923,490
2099,1,Fast,0.5828045606613159,978,587
2099,1,Fast,0.3262150287628174,1000,630
2100,1,Fast,0.8518005013465881,922,609
2100,1,Fast,0.8442475199699402,977,654
2100,1,Fast,0.8416268229484558,1025,786
2100,1,Fast,0.8023689985275269,901,513
2100,1,Fast,0.7781961560249329,957,706
2100,1,Fast,0.7652556896209717,977,584
2100,1,Fast,0.7250658273696899,927,866
2100,1,Fast,0.6514581441879272,867,983
2100,1,Fast,0.5973716378211975,999,627
2100,1,Fast,0.5543585419654846,922,489
2100,1,Fast,0.5371280312538147,959,952
2101,1,Fast,0.8390316963195801,921,605
2101,1,Fast,0.8268454074859619,956,701
2101,1,Fast,0.8264862298965454,976,651
2101,1,Fast,0.7680074572563171,1024,781
2101,1,Fast,0.7411715984344482,900,509
2101,1,Fast,0.6749813556671143,975,582
2101,1,Fast,0.6743587851524353,996,624
2101,1,Fast,0.6255685687065125,962,963
2101,1,Fast,0.5240954756736755,868,990
2102,1,Fast,0.8428356051445007,954,696
2102,1,Fast,0.8050981760025024,919,601
2102,1,Fast,0.7807846069335938,974,646
2102,1,Fast,0.7518736720085144,899,507
2102,1,Fast,0.7508496046066284,932,885
2102,1,Fast,0.741447389125824,1021,775
2102,1,Fast,0.7292464375495911,870,998
2102,1,Fast,0.6832602024078369,965,973
2102,1,Fast,0.4574874937534332,974,579
2102,1,Fast,0.37607696652412415,922,484
2103,1,Fast,0.8405511379241943,952,692
2103,1,Fast,0.8334644436836243,919,597
2103,1,Fast,0.8145332932472229,1019,770
2103,1,Fast,0.810089111328125,972,641
2103,1,Fast,0.7962000966072083,899,503
2103,1,Fast,0.6859455704689026,934,893
2103,1,Fast,0.5737437009811401,994,616
2103,1,Fast,0.5547931790351868,922,481
2103,1,Fast,0.5482519268989563,873,1006
2103,1,Fast,0.45790454745292664,973,576
2103,1,Fast,0.4001716673374176,969,984
2104,1,Fast,0.8530256152153015,917,594
2104,1,Fast,0.8155138492584229,898,500
2104,1,Fast,0.8125157356262207,971,637
2104,1,Fast,0.799690842628479,1016,765
2104,1,Fast,0.7975082993507385,950,688
2104,1,Fast,0.7780776023864746,993,613
2104,1,Fast,0.6785183548927307,972,573
2104,1,Fast,0.6535075306892395,937,902
2104,1,Fast,0.5045813322067261,922,478
2104,1,Fast,0.4884696304798126,875,1013
2105,1,Fast,0.8628110289573669,948,683
2105,1,Fast,0.8408451080322266,969,634
2105,1,Fast,0.8351704478263855,1013,760
2105,1,Fast,0.8351484537124634,916,590
2105,1,Fast,0.8078572750091553,898,498
2105,1,Fast,0.6962621212005615,921,476
2105,1,Fast,0.6795065402984619,877,1020
2105,1,Fast,0.5184966325759888,993,611
2105,1,Fast,0.360258013010025,972,571
2105,1,Fast,0.32080623507499695,889,451
2106,1,Fast,0.8609400987625122,1011,755
2106,1,Fast,0.8524733781814575,946,678
2106,1,Fast,0.8300971388816833,968,630
2106,1,Fast,0.7962290048599243,916,586
2106,1,Fast,0.79216068983078,897,495
2106,1,Fast,0.7409690022468567,921,474
2106,1,Fast,0.7002187967300415,991,608
2106,1,Fast,0.5774180889129639,971,568
2106,1,Fast,0.4440261721611023,879,1028
2106,1,Fast,0.4222997725009918,1137,1016
2107,1,Fast,0.8523733019828796,1009,749
2107,1,Fast,0.8185820579528809,944,673
2107,1,Fast,0.8164716958999634,896,493
2107,1,Fast,0.8056055903434753,966,627
2107,1,Fast,0.7881306409835815,915,582
2107,1,Fast,0.7209675908088684,947,931
2107,1,Fast,0.6800182461738586,920,471
2107,1,Fast,0.6121036410331726,1132,1008
2107,1,Fast,0.3761216998100281,970,567
2108,1,Fast,0.8480623364448547,951,941
2108,1,Fast,0.830885648727417,1007,745
2108,1,Fast,0.8278314471244812,964,623
2108,1,Fast,0.8251017332077026,896,490
2108,1,Fast,0.8179888129234314,944,669
2108,1,Fast,0.7858588099479675,913,579
2108,1,Fast,0.5208226442337036,920,469
2109,1,Fast,0.8365766406059265,895,487
2109,1,Fast,0.8324160575866699,955,952
2109,1,Fast,0.8244534730911255,1006,740
2109,1,Fast,0.8083459734916687,963,618
2109,1,Fast,0.791358470916748,913,575
2109,1,Fast,0.7480148673057556,942,664
2109,1,Fast,0.6372603178024292,919,467
2109,1,Fast,0.5430071353912354,988,599
2109,1,Fast,0.5096378326416016,967,562
2110,1,Fast,0.8452209234237671,958,962
2110,1,Fast,0.826188862323761,895,484
2110,1,Fast,0.8111483454704285,1003,734
2110,1,Fast,0.7860758304595947,962,615
2110,1,Fast,0.7619718909263611,913,571
2110,1,Fast,0.7261375784873962,967,560
2110,1,Fast,0.7193019986152649,1016,851
2110,1,Fast,0.596877932548523,941,659
2110,1,Fast,0.5773813128471375,987,596
2110,1,Fast,0.5385229587554932,918,465
2111,1,Fast,0.8430038094520569,1001,729
2111,1,Fast,0.8200790286064148,961,611
2111,1,Fast,0.8153344988822937,961,973
2111,1,Fast,0.8076233863830566,940,656
2111,1,Fast,0.8001500964164734,894,482
2111,1,Fast,0.7931634783744812,912,568
2111,1,Fast,0.7597103714942932,986,593
2111,1,Fast,0.6664950847625732,966,557
2111,1,Fast,0.44498953223228455,918,463
2112,1,Fast,0.8067529797554016,910,566
2112,1,Fast,0.8028183579444885,999,724
2112,1,Fast,0.7999607920646667,959,607
2112,1,Fast,0.7940495610237122,965,985
2112,1,Fast,0.7653084397315979,938,653
2112,1,Fast,0.7561408281326294,894,479
2112,1,Fast,0.689610481262207,966,555
2112,1,Fast,0.6866528391838074,985,591
2112,1,Fast,0.537950336933136,1010,839
2112,1,Fast,0.3593251705169678,917,460
2113,1,Fast,0.8385886549949646,997,719
2113,1,Fast,0.8135428428649902,958,603
2113,1,Fast,0.8121042251586914,909,562
2113,1,Fast,0.7880169153213501,893,476
2113,1,Fast,0.6699243187904358,965,552
2113,1,Fast,0.6650416851043701,969,995
2113,1,Fast,0.6646064519882202,936,648
2113,1,Fast,0.5874217748641968,984,588
2113,1,Fast,0.5378455519676208,1108,962
2114,1,Fast,0.8351523876190186,995,715
2114,1,Fast,0.803668737411499,956,600
2114,1,Fast,0.7716999053955078,893,474
2114,1,Fast,0.7682034373283386,909,559
2114,1,Fast,0.7415661811828613,1005,827
2114,1,Fast,0.6337972283363342,935,644
2114,1,Fast,0.5151218771934509,964,550
2114,1,Fast,0.3130524158477783,973,1008
2114,1,Fast,0.30538153648376465,981,586
2115,1,Fast,0.8139120936393738,955,597
2115,1,Fast,0.8068243861198425,992,711
2115,1,Fast,0.7744987607002258,892,471
2115,1,Fast,0.6527729034423828,1002,820
2115,1,Fast,0.6363473534584045,933,640
2115,1,Fast,0.4968436062335968,981,583
2115,1,Fast,0.4909568130970001,907,555
2115,1,Fast,0.3706210255622864,963,548
2116,1,Fast,0.8594494462013245,932,635
2116,1,Fast,0.8212001323699951,954,594
2116,1,Fast,0.7874166369438171,991,706
2116,1,Fast,0.7820343375205994,1000,815
2116,1,Fast,0.7779319882392883,892,468
2116,1,Fast,0.6022927761077881,982,1030
2116,1,Fast,0.530693531036377,907,552
2117,1,Fast,0.7977030873298645,989,702
2117,1,Fast,0.7757408618927002,997,808
2117,1,Fast,0.7669471502304077,953,590
2117,1,Fast,0.7174690961837769,892,466
2117,1,Fast,0.6990911364555359,931,631
2117,1,Fast,0.5703338980674744,905,549
2118,1,Fast,0.8299619555473328,930,628
2118,1,Fast,0.8100740313529968,987,698
2118,1,Fast,0.8083004951477051,995,802
2118,1,Fast,0.7504845857620239,891,463
2118,1,Fast,0.7444243431091309,952,587
2118,1,Fast,0.6568350195884705,905,545
2119,1,Fast,0.8124218583106995,986,693
2119,1,Fast,0.7955014109611511,929,624
2119,1,Fast,0.777696430683136,891,461
2119,1,Fast,0.7409283518791199,950,583
2119,1,Fast,0.7133368253707886,992,796
2119,1,Fast,0.6567601561546326,904,542
2119,1,Fast,0.5111289620399475,978,571
2119,1,Fast,0.31738144159317017,915,444
2120,1,Fast,0.8314388990402222,990,790
2120,1,Fast,0.8199514746665955,928,620
2120,1,Fast,0.8181360960006714,984,689
2120,1,Fast,0.7851719856262207,890,459
2120,1,Fast,0.6625338196754456,949,580
2120,1,Fast,0.5354896187782288,903,539
2120,1,Fast,0.42867013812065125,977,569
2121,1,Fast,0.8553845882415771,982,684
2121,1,Fast,0.837296724319458,987,784
2121,1,Fast,0.7740665078163147,903,536
2121,1,Fast,0.7597309350967407,890,455
2121,1,Fast,0.7365260720252991,949,575
2121,1,Fast,0.6287168860435486,927,615
2122,1,Fast,0.8406012058258057,985,778
2122,1,Fast,0.8396976590156555,981,680
2122,1,Fast,0.79984050989151,902,533
2122,1,Fast,0.7649372816085815,890,453
2122,1,Fast,0.7592294216156006,925,612
2122,1,Fast,0.6834949851036072,948,573
2122,1,Fast,0.3101564645767212,976,565
2123,1,Fast,0.8473899364471436,983,773
2123,1,Fast,0.798255443572998,979,675
2123,1,Fast,0.7379604578018188,890,451
2123,1,Fast,0.724699079990387,947,569
2123,1,Fast,0.7040733098983765,923,608
2123,1,Fast,0.633756697177887,901,531
2123,1,Fast,0.5222069621086121,1077,1008
2124,1,Fast,0.8387215733528137,923,605
2124,1,Fast,0.8358696699142456,980,767
2124,1,Fast,0.8332176804542542,977,671
2124,1,Fast,0.750939667224884,946,566
2124,1,Fast,0.7234510183334351,901,527
2124,1,Fast,0.6824154257774353,889,449
2124,1,Fast,0.6712353229522705,1072,999
2125,1,Fast,0.8614217042922974,978,761
2125,1,Fast,0.8105139136314392,975,667
2125,1,Fast,0.8050422668457031,921,602
2125,1,Fast,0.768854022026062,889,447
2125,1,Fast,0.668390691280365,945,562
2125,1,Fast,0.6234082579612732,900,524
2125,1,Fast,0.5149446725845337,1068,990
2126,1,Fast,0.8721361756324768,977,757
2126,1,Fast,0.796347975730896,973,662
2126,1,Fast,0.7842401266098022,889,444
2126,1,Fast,0.7584778070449829,920,598
2126,1,Fast,0.7054032683372498,1064,982
2126,1,Fast,0.6186966896057129,944,560
2126,1,Fast,0.4822157621383667,899,521
2126,1,Fast,0.4479213356971741,884,405
2127,1,Fast,0.848507285118103,975,751
2127,1,Fast,0.8217679262161255,919,594
2127,1,Fast,0.8012592196464539,971,658
2127,1,Fast,0.7665299773216248,888,442
2127,1,Fast,0.6813780069351196,899,518
2127,1,Fast,0.6418330669403076,943,556
2127,1,Fast,0.35877725481987,1060,973
2127,1,Fast,0.35296252369880676,884,403
2127,1,Fast,0.3139384686946869,1063,868
2128,1,Fast,0.8559638857841492,973,745
2128,1,Fast,0.8454707860946655,970,654
2128,1,Fast,0.8292402029037476,918,591
2128,1,Fast,0.7461001873016357,888,439
2128,1,Fast,0.7414137721061707,898,514
2128,1,Fast,0.5397120714187622,942,553
2128,1,Fast,0.3853231370449066,1058,964
2128,1,Fast,0.3206353485584259,970,549
2129,1,Fast,0.8589794039726257,971,740
2129,1,Fast,0.8446494340896606,969,650
2129,1,Fast,0.808347761631012,918,587
2129,1,Fast,0.7233955264091492,897,511
2129,1,Fast,0.7169588804244995,887,437
2129,1,Fast,0.7018579840660095,941,550
2129,1,Fast,0.4162314534187317,884,400
2130,1,Fast,0.8269567489624023,969,735
2130,1,Fast,0.7936674952507019,967,646
2130,1,Fast,0.778785765171051,917,583
2130,1,Fast,0.7603439092636108,897,509
2130,1,Fast,0.7005040049552917,940,547
2130,1,Fast,0.6884732842445374,887,435
2130,1,Fast,0.4031365215778351,954,516
2130,1,Fast,0.30633023381233215,910,422
2131,1,Fast,0.8793126344680786,967,730
2131,1,Fast,0.8226274847984314,965,642
2131,1,Fast,0.7921192646026611,916,580
2131,1,Fast,0.7508739829063416,897,506
2131,1,Fast,0.642287015914917,887,433
2131,1,Fast,0.5628829002380371,940,543
2132,1,Fast,0.8718454241752625,965,725
2132,1,Fast,0.8384121060371399,964,638
2132,1,Fast,0.7928499579429626,896,503
2132,1,Fast,0.7758191823959351,915,576
2132,1,Fast,0.6382317543029785,939,540
2132,1,Fast,0.5011773109436035,886,431
2132,1,Fast,0.31267040967941284,1050,838
2133,1,Fast,0.8454790115356445,963,719
2133,1,Fast,0.8287959694862366,963,634
2133,1,Fast,0.7765235304832458,896,500
2133,1,Fast,0.7453545928001404,938,538
2133,1,Fast,0.6996245384216309,915,572
2133,1,Fast,0.6523683667182922,886,428
2134,1,Fast,0.8577940464019775,961,714
2134,1,Fast,0.7962087988853455,961,631
2134,1,Fast,0.7378143072128296,896,497
2134,1,Fast,0.6613987684249878,938,535
2134,1,Fast,0.6487702131271362,887,426
2134,1,Fast,0.638419508934021,913,569
2134,1,Fast,0.3997776508331299,1038,917
2135,1,Fast,0.8512272834777832,960,710
2135,1,Fast,0.8107413053512573,959,627
2135,1,Fast,0.7344953417778015,936,531
2135,1,Fast,0.7057535648345947,912,566
2135,1,Fast,0.6731287240982056,886,424
2135,1,Fast,0.48911887407302856,895,494
2135,1,Fast,0.3787267506122589,1035,909
2136,1,Fast,0.8314757943153381,957,705
2136,1,Fast,0.8303731679916382,958,623
2136,1,Fast,0.6728966236114502,894,492
2136,1,Fast,0.5985418558120728,886,422
2136,1,Fast,0.5414329767227173,935,528
2136,1,Fast,0.3805946707725525,1039,814
2136,1,Fast,0.3770280182361603,912,563
2136,1,Fast,0.3556900918483734,949,503
2137,1,Fast,0.8489526510238647,956,700
2137,1,Fast,0.8480872511863708,957,620
2137,1,Fast,0.6426690220832825,911,559
2137,1,Fast,0.540078341960907,894,489
2137,1,Fast,0.4501457214355469,933,525
2137,1,Fast,0.42201489210128784,949,501
2137,1,Fast,0.40911152958869934,1028,895
2138,1,Fast,0.8757909536361694,955,696
2138,1,Fast,0.8262621164321899,956,616
2138,1,Fast,0.6467627286911011,893,486
2138,1,Fast,0.49991536140441895,933,522
2138,1,Fast,0.4885807931423187,885,417
2138,1,Fast,0.4794716536998749,1025,888
2138,1,Fast,0.3465747833251953,911,556
2138,1,Fast,0.33351561427116394,948,499
2139,1,Fast,0.8555644154548645,953,691
2139,1,Fast,0.8356413245201111,954,613
2139,1,Fast,0.723060667514801,893,483
2139,1,Fast,0.6079745888710022,1023,881
2139,1,Fast,0.6033641695976257,1032,800
2139,1,Fast,0.5526325702667236,886,416
2139,1,Fast,0.5123093724250793,948,497
2140,1,Fast,0.8727595806121826,951,686
2140,1,Fast,0.8467934131622314,953,609
2140,1,Fast,0.6836625337600708,932,518
2140,1,Fast,0.6700847744941711,893,480
2140,1,Fast,0.6503211259841919,908,550
2140,1,Fast,0.5953624248504639,947,496
2140,1,Fast,0.5349826216697693,1030,795
2141,1,Fast,0.8795697689056396,949,682
2141,1,Fast,0.8375600576400757,952,605
2141,1,Fast,0.7662755250930786,892,478
2141,1,Fast,0.7140589952468872,1017,867
2141,1,Fast,0.6485447883605957,930,514
2141,1,Fast,0.6030740737915039,907,547
2141,1,Fast,0.5522394180297852,946,494
2142,1,Fast,0.8459739089012146,948,677
2142,1,Fast,0.8044888377189636,951,601
2142,1,Fast,0.7433724999427795,892,476
2142,1,Fast,0.6390060186386108,907,543
2142,1,Fast,0.6386704444885254,1025,783
2142,1,Fast,0.6234346628189087,1015,860
2142,1,Fast,0.5931164026260376,930,512
2142,1,Fast,0.5369575619697571,946,492
2143,1,Fast,0.843903124332428,947,673
2143,1,Fast,0.8240422010421753,950,598
2143,1,Fast,0.8062136769294739,891,473
2143,1,Fast,0.6586651802062988,1023,778
2143,1,Fast,0.5963160395622253,945,490
2143,1,Fast,0.5760504007339478,930,508
2143,1,Fast,0.5662984251976013,1012,853
2143,1,Fast,0.4954472780227661,906,540
2143,1,Fast,0.3429032564163208,805,712
2144,1,Fast,0.8527006506919861,945,667
2144,1,Fast,0.8429296016693115,948,595
2144,1,Fast,0.8093470931053162,891,470
2144,1,Fast,0.6610020399093628,905,537
2144,1,Fast,0.6054325103759766,928,506
2144,1,Fast,0.5340038537979126,944,488
2144,1,Fast,0.3687070608139038,761,659
2144,1,Fast,0.3095758259296417,1020,773
2144,1,Fast,0.30728697776794434,838,655
2145,1,Fast,0.8335645794868469,947,592
2145,1,Fast,0.8317492604255676,943,664
2145,1,Fast,0.7731611728668213,891,468
2145,1,Fast,0.6822378039360046,928,503
2145,1,Fast,0.6042990684509277,904,534
2145,1,Fast,0.6028114557266235,762,662
2145,1,Fast,0.6021538972854614,1019,768
2145,1,Fast,0.5292494893074036,944,487
2145,1,Fast,0.323162704706192,1008,841
2146,1,Fast,0.8269908428192139,942,659
2146,1,Fast,0.8156326413154602,903,531
2146,1,Fast,0.8030432462692261,946,588
2146,1,Fast,0.7080260515213013,928,500
2146,1,Fast,0.6729077696800232,839,664
2146,1,Fast,0.5810437798500061,890,465
2146,1,Fast,0.5118071436882019,1017,764
2146,1,Fast,0.4327152371406555,807,724
2146,1,Fast,0.39963313937187195,1004,834
2146,1,Fast,0.35531315207481384,943,484
2147,1,Fast,0.8580061197280884,940,655
2147,1,Fast,0.797355055809021,902,528
2147,1,Fast,0.7263604402542114,945,585
2147,1,Fast,0.7010907530784607,927,497
2147,1,Fast,0.6272044777870178,840,668
2147,1,Fast,0.5080663561820984,1001,828
2147,1,Fast,0.43979835510253906,808,728
2147,1,Fast,0.3803315758705139,1015,759
2147,1,Fast,0.37274909019470215,943,482
2148,1,Fast,0.8472961187362671,939,652
2148,1,Fast,0.7983899116516113,762,669
2148,1,Fast,0.7677760720252991,943,581
2148,1,Fast,0.7474325299263,902,526
2148,1,Fast,0.7107180953025818,926,495
2148,1,Fast,0.47867047786712646,999,822
2148,1,Fast,0.44995200634002686,841,672
2148,1,Fast,0.4410235285758972,809,733
2148,1,Fast,0.4049587845802307,890,461
2149,1,Fast,0.8104299306869507,938,647
2149,1,Fast,0.7586569786071777,925,492
2149,1,Fast,0.7348940968513489,943,578
2149,1,Fast,0.6411051154136658,1011,749
2149,1,Fast,0.5363779067993164,889,458
2149,1,Fast,0.5341934561729431,997,815
2149,1,Fast,0.51048743724823,764,672
2149,1,Fast,0.5008454322814941,901,523
2149,1,Fast,0.49618062376976013,942,478
2150,1,Fast,0.8337022662162781,936,643
2150,1,Fast,0.7837854027748108,942,575
2150,1,Fast,0.7314903736114502,995,810
2150,1,Fast,0.5782877206802368,1009,744
2150,1,Fast,0.5628598928451538,764,674
2150,1,Fast,0.548450767993927,942,476
2150,1,Fast,0.46090543270111084,925,490
2151,1,Fast,0.870012640953064,934,639
2151,1,Fast,0.7780672311782837,941,572
2151,1,Fast,0.761815071105957,1007,741
2151,1,Fast,0.7358149886131287,993,804
2151,1,Fast,0.6113080978393555,764,677
2151,1,Fast,0.5306932926177979,941,475
2151,1,Fast,0.4704490900039673,925,487
2151,1,Fast,0.4515882730484009,845,687
2151,1,Fast,0.4202389419078827,901,517
2151,1,Fast,0.365742027759552,888,453
2152,1,Fast,0.8663575053215027,934,635
2152,1,Fast,0.8146445155143738,940,568
2152,1,Fast,0.6768677234649658,924,484
2152,1,Fast,0.6301103234291077,991,798
2152,1,Fast,0.6089951992034912,1005,735
2152,1,Fast,0.5991494059562683,941,473
2152,1,Fast,0.5967606902122498,766,680
2152,1,Fast,0.5640731453895569,900,513
2153,1,Fast,0.8425443172454834,933,631
2153,1,Fast,0.7746716737747192,939,565
2153,1,Fast,0.6605625748634338,940,472
2153,1,Fast,0.6380605697631836,766,682
2153,1,Fast,0.6294735074043274,924,482
2153,1,Fast,0.5922274589538574,846,696
2153,1,Fast,0.5723608136177063,899,511
2153,1,Fast,0.5538048148155212,1003,731
2153,1,Fast,0.5316401720046997,988,791
2154,1,Fast,0.8389143347740173,931,627
2154,1,Fast,0.8262422680854797,938,562
2154,1,Fast,0.7878438234329224,1001,726
2154,1,Fast,0.7814178466796875,767,684
2154,1,Fast,0.7315075993537903,986,786
2154,1,Fast,0.6777614951133728,848,701
2154,1,Fast,0.6044910550117493,940,470
2154,1,Fast,0.5603720545768738,924,479
2154,1,Fast,0.5392132997512817,899,508
2155,1,Fast,0.8354650735855103,930,623
2155,1,Fast,0.7967314720153809,938,559
2155,1,Fast,0.7399013638496399,984,780
2155,1,Fast,0.6261329054832458,999,720
2155,1,Fast,0.4984147846698761,899,506
2155,1,Fast,0.42254650592803955,923,477
2155,1,Fast,0.41098225116729736,940,468
2155,1,Fast,0.4042670726776123,849,705
2155,1,Fast,0.3965902030467987,767,686
2155,1,Fast,0.38261711597442627,887,444
2156,1,Fast,0.866868793964386,982,775
2156,1,Fast,0.7955321669578552,929,619
2156,1,Fast,0.7864008545875549,849,711
2156,1,Fast,0.7818496227264404,936,556
2156,1,Fast,0.7513307929039001,816,770
2156,1,Fast,0.7454128861427307,768,689
2156,1,Fast,0.6564640998840332,899,502
2156,1,Fast,0.5462668538093567,887,441
2156,1,Fast,0.5396552085876465,997,715
2156,1,Fast,0.3455299139022827,939,466
2157,1,Fast,0.8197411298751831,768,692
2157,1,Fast,0.8071695566177368,927,614
2157,1,Fast,0.8016243577003479,850,716
2157,1,Fast,0.8009130358695984,936,552
2157,1,Fast,0.7282790541648865,979,770
2157,1,Fast,0.7017725706100464,898,500
2157,1,Fast,0.6967127323150635,995,711
2157,1,Fast,0.6708185076713562,818,775
2157,1,Fast,0.5593417286872864,922,471
2157,1,Fast,0.38354435563087463,939,464
2157,1,Fast,0.33519336581230164,886,439
2158,1,Fast,0.8449022769927979,852,722
2158,1,Fast,0.8380505442619324,926,611
2158,1,Fast,0.8218190670013428,934,550
2158,1,Fast,0.7717128396034241,768,695
2158,1,Fast,0.7463535666465759,977,764
2158,1,Fast,0.6368508338928223,994,707
2158,1,Fast,0.5903290510177612,898,497
2158,1,Fast,0.5892232060432434,819,781
2158,1,Fast,0.3721964955329895,921,469
2159,1,Fast,0.8446959853172302,925,607
2159,1,Fast,0.839950442314148,853,727
2159,1,Fast,0.807985246181488,768,698
2159,1,Fast,0.8033808469772339,933,547
2159,1,Fast,0.7952428460121155,974,759
2159,1,Fast,0.7643152475357056,992,704
2159,1,Fast,0.3598174452781677,897,495
2160,1,Fast,0.8538151979446411,854,731
2160,1,Fast,0.8471351265907288,924,604
2160,1,Fast,0.8327358365058899,973,754
2160,1,Fast,0.8151388168334961,768,700
2160,1,Fast,0.7835811972618103,933,544
2160,1,Fast,0.6344763040542603,990,700
2160,1,Fast,0.5074848532676697,937,459
2160,1,Fast,0.44334590435028076,919,465
2160,1,Fast,0.35998618602752686,905,370
2161,1,Fast,0.8222064971923828,923,600
2161,1,Fast,0.7772291898727417,855,738
2161,1,Fast,0.7112478017807007,931,541
2161,1,Fast,0.6309505701065063,971,748
2161,1,Fast,0.5715650916099548,769,703
2161,1,Fast,0.4612360894680023,1045,924
2161,1,Fast,0.44279465079307556,988,695
2162,1,Fast,0.8512747883796692,922,597
2162,1,Fast,0.7791571021080017,969,743
2162,1,Fast,0.7600107192993164,857,744
2162,1,Fast,0.6441212892532349,769,706
2162,1,Fast,0.5744150280952454,931,537
2162,1,Fast,0.5545119047164917,973,575
2162,1,Fast,0.3589824140071869,1041,916
2163,1,Fast,0.8688913583755493,921,593
2163,1,Fast,0.8265355229377747,967,737
2163,1,Fast,0.7678515911102295,858,749
2163,1,Fast,0.7172631621360779,930,535
2163,1,Fast,0.6312713623046875,770,708
2163,1,Fast,0.585364818572998,973,573
2163,1,Fast,0.31913432478904724,1038,908
2164,1,Fast,0.8536244630813599,920,590
2164,1,Fast,0.806885302066803,859,755
2164,1,Fast,0.6548110842704773,965,732
2164,1,Fast,0.6028285622596741,928,531
2164,1,Fast,0.4875752329826355,984,683
2164,1,Fast,0.34913498163223267,935,452
2164,1,Fast,0.33961519598960876,770,711
2165,1,Fast,0.8456868529319763,860,760
2165,1,Fast,0.8152692914009094,963,727
2165,1,Fast,0.8146843910217285,919,586
2165,1,Fast,0.7491933107376099,982,679
2165,1,Fast,0.5030422210693359,928,530
2165,1,Fast,0.46216821670532227,771,713
2166,1,Fast,0.851386308670044,862,764
2166,1,Fast,0.8358602523803711,918,583
2166,1,Fast,0.804259181022644,961,721
2166,1,Fast,0.7815874814987183,927,527
2166,1,Fast,0.7301200032234192,980,675
2166,1,Fast,0.4699706733226776,893,476
2166,1,Fast,0.364226371049881,1028,886
2166,1,Fast,0.3006276786327362,935,449
2167,1,Fast,0.8544105887413025,864,770
2167,1,Fast,0.8500261306762695,917,579
2167,1,Fast,0.7712536454200745,960,715
2167,1,Fast,0.7368633151054382,979,671
2167,1,Fast,0.48846831917762756,927,524
2167,1,Fast,0.44333067536354065,934,448
2168,1,Fast,0.845377504825592,865,776
2168,1,Fast,0.8240614533424377,916,575
2168,1,Fast,0.7263368964195251,1155,1041
2168,1,Fast,0.6770733594894409,977,667
2168,1,Fast,0.6150596141815186,958,712
2168,1,Fast,0.601192831993103,1024,872
2168,1,Fast,0.5508776307106018,829,832
2168,1,Fast,0.37763190269470215,933,446
2169,1,Fast,0.866860032081604,866,782
2169,1,Fast,0.8008466362953186,915,572
2169,1,Fast,0.7611169219017029,956,707
2169,1,Fast,0.6978108286857605,976,663
2169,1,Fast,0.6059293150901794,925,518
2169,1,Fast,0.46863627433776855,892,468
2169,1,Fast,0.3539569675922394,933,444
2169,1,Fast,0.3409993350505829,915,444
2170,1,Fast,0.8588912487030029,868,788
2170,1,Fast,0.7780125737190247,914,568
2170,1,Fast,0.7411086559295654,953,703
2170,1,Fast,0.6530650854110718,975,658
2170,1,Fast,0.5486673712730408,1148,1023
2170,1,Fast,0.4570179283618927,933,443
2170,1,Fast,0.36328479647636414,915,442
2170,1,Fast,0.35177671909332275,1076,987
2171,1,Fast,0.8700326681137085,869,794
2171,1,Fast,0.7993468642234802,951,699
2171,1,Fast,0.771416962146759,913,565
2171,1,Fast,0.6154319047927856,973,656
2171,1,Fast,0.5877562165260315,1014,850
2171,1,Fast,0.45988330245018005,1071,977
2171,1,Fast,0.40823909640312195,1140,1014
2171,1,Fast,0.3222757577896118,924,512
2172,1,Fast,0.8562019467353821,871,801
2172,1,Fast,0.8547923564910889,950,694
2172,1,Fast,0.7763241529464722,912,562
2172,1,Fast,0.7536273002624512,972,651
2172,1,Fast,0.7277638912200928,1136,1006
2172,1,Fast,0.6804715394973755,1012,844
2172,1,Fast,0.41136887669563293,1068,969
2173,1,Fast,0.844752848148346,873,807
2173,1,Fast,0.8316460847854614,948,689
2173,1,Fast,0.7690616250038147,912,559
2173,1,Fast,0.7669867277145386,971,648
2173,1,Fast,0.7249963283538818,1133,997
2173,1,Fast,0.6111752986907959,835,862
2173,1,Fast,0.5969792604446411,1009,837
2173,1,Fast,0.590076744556427,1064,960
2174,1,Fast,0.8707948327064514,947,685
2174,1,Fast,0.8184561133384705,875,814
2174,1,Fast,0.6675228476524353,969,645
2174,1,Fast,0.6666902899742126,911,555
2174,1,Fast,0.594947099685669,837,868
2174,1,Fast,0.5582550168037415,1060,951
2174,1,Fast,0.3436279892921448,1129,988
2175,1,Fast,0.8584399223327637,877,819
2175,1,Fast,0.8551257848739624,946,680
2175,1,Fast,0.7318398952484131,1124,981
2175,1,Fast,0.7076864838600159,839,875
2175,1,Fast,0.6801981329917908,910,552
2175,1,Fast,0.6610567569732666,1003,824
2175,1,Fast,0.6500430703163147,1056,943
2176,1,Fast,0.8702911734580994,879,826
2176,1,Fast,0.8182290196418762,944,675
2176,1,Fast,0.7577696442604065,839,881
2176,1,Fast,0.6795216798782349,909,549
2176,1,Fast,0.4445298910140991,1001,818
2176,1,Fast,0.43853500485420227,1122,973
2176,1,Fast,0.3878062665462494,966,638
2176,1,Fast,0.34202852845191956,1052,934
2177,1,Fast,0.8609917163848877,880,832
2177,1,Fast,0.7945147156715393,908,546
2177,1,Fast,0.7939953207969666,944,670
2177,1,Fast,0.5429972410202026,841,887
2177,1,Fast,0.48746296763420105,965,633
2177,1,Fast,0.44463422894477844,998,813
2177,1,Fast,0.3726723790168762,920,496
2178,1,Fast,0.8429840803146362,882,840
2178,1,Fast,0.7702848315238953,908,542
2178,1,Fast,0.7319366931915283,941,666
2178,1,Fast,0.6359171271324158,964,630
2178,1,Fast,0.4924796521663666,996,805
2178,1,Fast,0.4510745406150818,1045,918
2179,1,Fast,0.8510920405387878,884,846
2179,1,Fast,0.7714045643806458,940,661
2179,1,Fast,0.737604022026062,907,539
2179,1,Fast,0.6561686992645264,992,799
2179,1,Fast,0.5919950604438782,963,627
2179,1,Fast,0.5866385102272034,1041,910
2180,1,Fast,0.8637493848800659,886,853
2180,1,Fast,0.8172441720962524,905,537
2180,1,Fast,0.7680413722991943,990,793
2180,1,Fast,0.7502237558364868,961,622
2180,1,Fast,0.7328149676322937,938,658
2180,1,Fast,0.3614085614681244,918,489
2181,1,Fast,0.8774357438087463,887,860
2181,1,Fast,0.8375261425971985,905,533
2181,1,Fast,0.7240427136421204,961,618
2181,1,Fast,0.6915140151977539,937,654
2181,1,Fast,0.580636203289032,988,787
2181,1,Fast,0.46069878339767456,1034,895
2181,1,Fast,0.3480132520198822,846,911
2182,1,Fast,0.8729662895202637,889,867
2182,1,Fast,0.8564502596855164,935,650
2182,1,Fast,0.8294451832771301,904,530
2182,1,Fast,0.7201619148254395,848,917
2182,1,Fast,0.6956464648246765,959,615
2182,1,Fast,0.5575069785118103,1031,887
2182,1,Fast,0.4980342388153076,985,781
2183,1,Fast,0.8743811249732971,891,874
2183,1,Fast,0.8209294676780701,934,645
2183,1,Fast,0.7977498769760132,903,528
2183,1,Fast,0.7271847128868103,850,923
2183,1,Fast,0.6814494729042053,958,612
2183,1,Fast,0.598523736000061,984,774
2183,1,Fast,0.48582836985588074,1027,880
2183,1,Fast,0.42809540033340454,1095,921
2184,1,Fast,0.8831219673156738,893,881
2184,1,Fast,0.8334874510765076,933,642
2184,1,Fast,0.709905743598938,903,525
2184,1,Fast,0.7058824300765991,982,769
2184,1,Fast,0.6891434192657471,958,609
2184,1,Fast,0.5690167546272278,851,931
2185,1,Fast,0.8848239779472351,896,888
2185,1,Fast,0.8520422577857971,932,638
2185,1,Fast,0.7239075899124146,902,522
2185,1,Fast,0.7031877636909485,956,606
2185,1,Fast,0.49835777282714844,980,764
2185,1,Fast,0.3310089707374573,1087,906
2185,1,Fast,0.31097835302352905,1022,866
2186,1,Fast,0.8659473061561584,898,897
2186,1,Fast,0.8389750123023987,931,634
2186,1,Fast,0.7757750749588013,956,603
2186,1,Fast,0.7537623643875122,977,759
2186,1,Fast,0.6431368589401245,1019,859
2186,1,Fast,0.6025070548057556,901,519
2187,1,Fast,0.8784471154212952,901,904
2187,1,Fast,0.8199034929275513,976,753
2187,1,Fast,0.7891221046447754,930,629
2187,1,Fast,0.7107577323913574,900,515
2187,1,Fast,0.690754234790802,1016,851
2187,1,Fast,0.38821157813072205,955,600
2188,1,Fast,0.8798520565032959,903,912
2188,1,Fast,0.6821801662445068,1014,845
2188,1,Fast,0.6779847741127014,929,626
2188,1,Fast,0.6543421149253845,973,747
2188,1,Fast,0.6037771701812744,900,513
2188,1,Fast,0.4274842143058777,954,597
2189,1,Fast,0.881434440612793,905,919
2189,1,Fast,0.7378913164138794,927,621
2189,1,Fast,0.7358389496803284,971,742
2189,1,Fast,0.698098361492157,900,510
2189,1,Fast,0.677474856376648,953,594
2189,1,Fast,0.6109697222709656,1011,838
2190,1,Fast,0.8811758160591125,907,928
2190,1,Fast,0.8096804022789001,969,736
2190,1,Fast,0.8004770278930664,925,617
2190,1,Fast,0.6508188843727112,899,507
2190,1,Fast,0.5464218854904175,951,591
2190,1,Fast,0.5441480875015259,1007,830
2190,1,Fast,0.518252968788147,863,973
2191,1,Fast,0.8827012181282043,910,936
2191,1,Fast,0.7712947130203247,924,613
2191,1,Fast,0.7537915706634521,1004,823
2191,1,Fast,0.7422736287117004,950,588
2191,1,Fast,0.6660041809082031,899,504
2191,1,Fast,0.46337687969207764,967,730
2192,1,Fast,0.8798083066940308,912,945
2192,1,Fast,0.8071491122245789,1001,817
2192,1,Fast,0.7665579319000244,898,501
2192,1,Fast,0.7399230003356934,923,610
2192,1,Fast,0.7252349257469177,965,725
2192,1,Fast,0.5686336159706116,949,584
2193,1,Fast,0.888745903968811,914,953
2193,1,Fast,0.822732150554657,964,720
2193,1,Fast,0.7728897929191589,898,498
2193,1,Fast,0.737335205078125,999,812
2193,1,Fast,0.7183100581169128,921,607
2193,1,Fast,0.6197778582572937,947,581
2194,1,Fast,0.8856291174888611,917,961
2194,1,Fast,0.7847247123718262,962,714
2194,1,Fast,0.7786989808082581,921,603
2194,1,Fast,0.73614102602005,947,577
2194,1,Fast,0.7317001223564148,996,804
2194,1,Fast,0.7222510576248169,897,496
2195,1,Fast,0.8949651718139648,919,969
2195,1,Fast,0.7990775108337402,960,711
2195,1,Fast,0.7339075803756714,993,798
2195,1,Fast,0.6814573407173157,897,493
2195,1,Fast,0.6300902962684631,919,600
2195,1,Fast,0.5252532362937927,946,573
2196,1,Fast,0.8945146203041077,922,977
2196,1,Fast,0.7944886684417725,918,596
2196,1,Fast,0.7810081839561462,958,706
2196,1,Fast,0.6742658615112305,991,792
2196,1,Fast,0.5801871418952942,896,490
2196,1,Fast,0.4779377281665802,946,571
2196,1,Fast,0.4596465826034546,875,1017
2197,1,Fast,0.8918845653533936,925,987
2197,1,Fast,0.8381632566452026,956,700
2197,1,Fast,0.8282173871994019,917,592
2197,1,Fast,0.7536685466766357,876,1025
2197,1,Fast,0.7443066239356995,989,786
2197,1,Fast,0.46883291006088257,945,567
2197,1,Fast,0.3367709815502167,895,487
2198,1,Fast,0.8923651576042175,929,997
2198,1,Fast,0.8429964780807495,955,696
2198,1,Fast,0.7965314984321594,987,780
2198,1,Fast,0.7846086621284485,878,1034
2198,1,Fast,0.7785375118255615,917,589
2198,1,Fast,0.4057296812534332,895,485
2199,1,Fast,0.8835241794586182,931,1005
2199,1,Fast,0.787955105304718,953,691
2199,1,Fast,0.7681365609169006,985,774
2199,1,Fast,0.6915740370750427,880,1042
2199,1,Fast,0.6911300420761108,915,585
2199,1,Fast,0.6409164071083069,942,563
2199,1,Fast,0.5050095319747925,894,482
2200,1,Fast,0.8813461065292358,935,1014
2200,1,Fast,0.8606301546096802,952,686
2200,1,Fast,0.7627530097961426,913,581
2200,1,Fast,0.7446996569633484,982,769
2200,1,Fast,0.7291997075080872,883,1051
2200,1,Fast,0.4911494255065918,942,560
2200,1,Fast,0.4241243004798889,893,480
2201,1,Fast,0.8654937148094177,937,1025
2201,1,Fast,0.8383052349090576,950,682
2201,1,Fast,0.7445700168609619,979,762
2201,1,Fast,0.7212660312652588,912,577
2201,1,Fast,0.5593276619911194,892,477
2201,1,Fast,0.46200037002563477,885,1057
2202,1,Fast,0.8519605398178101,941,1035
2202,1,Fast,0.8398992419242859,949,677
2202,1,Fast,0.7570114135742188,912,574
2202,1,Fast,0.7516164779663086,977,757
2202,1,Fast,0.5612805485725403,893,474
2202,1,Fast,0.39215388894081116,889,1061
2203,1,Fast,0.7803078889846802,947,673
2203,1,Fast,0.7771162986755371,943,1045
2203,1,Fast,0.7429449558258057,975,751
2203,1,Fast,0.6295090913772583,892,472
2203,1,Fast,0.48218289017677307,911,571
2204,1,Fast,0.7914422750473022,947,1052
2204,1,Fast,0.7285861372947693,945,668
2204,1,Fast,0.7235884070396423,973,745
2204,1,Fast,0.6966336965560913,892,469
2204,1,Fast,0.5088010430335999,910,568
2205,1,Fast,0.805723249912262,944,663
2205,1,Fast,0.7345684766769409,972,740
2205,1,Fast,0.6585320234298706,952,1057
2205,1,Fast,0.5983796119689941,910,566
2205,1,Fast,0.5528825521469116,892,467
2205,1,Fast,0.32319504022598267,937,547
2206,1,Fast,0.7527415752410889,943,659
2206,1,Fast,0.6779220700263977,957,1062
2206,1,Fast,0.43733954429626465,891,465
2206,1,Fast,0.41199347376823425,908,562
2207,1,Fast,0.768747091293335,942,655
2207,1,Fast,0.7514376640319824,967,729
2207,1,Fast,0.6002194881439209,908,559
2207,1,Fast,0.5374290347099304,890,463
2207,1,Fast,0.46284788846969604,961,1067
2208,1,Fast,0.7837884426116943,965,724
2208,1,Fast,0.7215562462806702,940,652
2208,2,Slow,0.47409185767173767,938,471
2209,1,Fast,0.6129773259162903,963,718
2209,1,Fast,0.5208219289779663,939,647
2209,1,Fast,0.4335870146751404,905,552
2210,1,Fast,0.8506664633750916,961,714
2210,1,Fast,0.40624120831489563,889,454
2210,1,Fast,0.31762343645095825,937,642
2211,1,Fast,0.8149450421333313,959,709
2211,1,Fast,0.7987905740737915,935,638
2211,1,Fast,0.6911489367485046,903,546
2211,1,Fast,0.4526101052761078,889,452
2212,1,Fast,0.7630055546760559,934,634
2212,1,Fast,0.6307355761528015,956,704
2212,1,Fast,0.44252097606658936,1012,746
2212,1,Fast,0.3573407828807831,889,451
2213,1,Fast,0.5425717234611511,954,698
2213,1,Fast,0.5409781336784363,902,540
2213,1,Fast,0.5371504426002502,888,448
2213,1,Fast,0.34784966707229614,933,630
2214,1,Fast,0.7932602167129517,932,626
2214,1,Fast,0.791593611240387,953,693
2214,1,Fast,0.4427938759326935,888,446
2215,1,Fast,0.741405189037323,930,622
2215,1,Fast,0.6283301115036011,951,689
2215,1,Fast,0.5267726182937622,888,444
2215,1,Fast,0.31987953186035156,900,533
2216,1,Fast,0.7565213441848755,950,684
2216,1,Fast,0.7399753332138062,929,617
2216,1,Fast,0.6220123767852783,887,442
2216,1,Fast,0.5971725583076477,900,530
2217,1,Fast,0.7982543706893921,927,614
2217,1,Fast,0.7497362494468689,948,679
2217,1,Fast,0.6918068528175354,887,439
2217,1,Fast,0.5927937030792236,898,528
2217,1,Fast,0.31141501665115356,928,515
2218,1,Fast,0.8330016136169434,927,610
2218,1,Fast,0.7150477766990662,887,437
2218,1,Fast,0.5201057195663452,898,524
2218,1,Fast,0.444802850484848,947,674
2218,1,Fast,0.40009909868240356,927,512
2219,1,Fast,0.8300954103469849,925,607
2219,1,Fast,0.6615723967552185,887,436
2219,1,Fast,0.5433657169342041,898,522
2219,1,Fast,0.5298954844474792,945,669
2220,1,Fast,0.8401080965995789,924,604
2220,1,Fast,0.6432671546936035,943,664
2220,1,Fast,0.322579950094223,886,434
2221,1,Fast,0.7508786916732788,923,600
2221,1,Fast,0.5612366795539856,897,515
2221,1,Fast,0.531087338924408,942,660
2222,1,Fast,0.7714366316795349,922,596
2222,1,Fast,0.7283922433853149,939,656
2222,1,Fast,0.38607946038246155,926,500
2222,2,Slow,0.3165953755378723,993,699
2223,1,Fast,0.6932632923126221,920,592
2223,2,Slow,0.5755646824836731,992,695
2223,1,Fast,0.4480074942111969,938,652
2223,1,Fast,0.402226984500885,896,509
2224,1,Fast,0.7981734275817871,920,589
2224,1,Fast,0.6801815032958984,936,647
2224,1,Fast,0.43138155341148376,924,497
2225,1,Fast,0.6893190741539001,919,584
2225,1,Fast,0.5853515267372131,935,643
2226,1,Fast,0.8498613834381104,918,581
2226,1,Fast,0.7769367694854736,934,639
2226,1,Fast,0.7275015711784363,895,501
2226,1,Fast,0.4753651022911072,986,681
2227,1,Fast,0.8503003120422363,917,577
2227,1,Fast,0.8410109877586365,933,635
2227,1,Fast,0.7616569399833679,894,498
2227,1,Fast,0.6397009491920471,922,489
2228,1,Fast,0.8315287232398987,916,574
2228,1,Fast,0.7430751323699951,931,631
2228,1,Fast,0.6419258117675781,922,487
2228,1,Fast,0.5765592455863953,894,495
2228,1,Fast,0.3048965632915497,822,950
2229,1,Fast,0.8070960640907288,916,571
2229,1,Fast,0.7939972281455994,930,627
2229,1,Fast,0.6661502718925476,893,492
2230,1,Fast,0.751110851764679,915,568
2230,1,Fast,0.720638632774353,928,623
2230,1,Fast,0.4201037287712097,892,491
2231,1,Fast,0.7889942526817322,926,618
2231,1,Fast,0.34693974256515503,914,564
2232,1,Fast,0.821422815322876,926,614
2232,1,Fast,0.7293656468391418,914,561
2232,1,Fast,0.44648829102516174,891,485
2232,1,Fast,0.33249062299728394,1181,1065
2232,1,Fast,0.3153401017189026,977,655
2233,1,Fast,0.8338217735290527,925,610
2233,1,Fast,0.7186570763587952,976,652
2233,1,Fast,0.4644617438316345,913,558
2233,1,Fast,0.4496144652366638,920,474
2233,1,Fast,0.3275071978569031,883,407
2234,1,Fast,0.8498441576957703,924,607
2234,1,Fast,0.6872432827949524,1164,1057
2234,1,Fast,0.6574007868766785,973,648
2234,1,Fast,0.6503206491470337,919,472
2234,1,Fast,0.3897745907306671,883,405
2234,1,Fast,0.3823859989643097,912,554
2234,1,Fast,0.3331722021102905,890,480
2235,1,Fast,0.7545474171638489,923,603
2235,1,Fast,0.5645350217819214,920,470
2235,1,Fast,0.45376506447792053,1160,1051
2235,1,Fast,0.4042196273803711,890,478
2236,1,Fast,0.7870070338249207,1156,1042
2236,1,Fast,0.3529377579689026,921,599
2237,1,Fast,0.7671822905540466,1152,1034
2237,1,Fast,0.6972209215164185,889,473
2237,1,Fast,0.5352099537849426,918,467
2237,1,Fast,0.5289081335067749,920,596
2237,1,Fast,0.37801793217658997,909,544
2238,1,Fast,0.8368391394615173,919,592
2238,1,Fast,0.8327257037162781,1147,1025
2238,1,Fast,0.6335194110870361,888,469
2238,1,Fast,0.5682368278503418,917,465
2239,1,Fast,0.8290850520133972,1142,1017
2239,1,Fast,0.6181687712669373,918,588
2239,1,Fast,0.3869321942329407,906,538
2240,1,Fast,0.8738352060317993,1137,1009
2240,1,Fast,0.7838030457496643,917,584
2240,1,Fast,0.5351042151451111,887,465
2240,1,Fast,0.41234710812568665,905,535
2241,1,Fast,0.8597456812858582,1133,1000
2241,1,Fast,0.8078500032424927,916,581
2241,1,Fast,0.5906625390052795,964,621
2241,1,Fast,0.563204824924469,904,532
2241,1,Fast,0.4313565492630005,886,463
2242,1,Fast,0.8560681939125061,1129,993
2242,1,Fast,0.7977481484413147,915,577
2242,1,Fast,0.49419113993644714,903,530
2242,1,Fast,0.349722295999527,963,616
2242,1,Fast,0.33191558718681335,886,461
2243,1,Fast,0.853118896484375,1125,984
2243,1,Fast,0.776462733745575,913,573
2244,1,Fast,0.8780452609062195,1121,976
2244,1,Fast,0.7753022313117981,913,570
2244,1,Fast,0.41372740268707275,886,455
2245,1,Fast,0.7990380525588989,1118,969
2245,1,Fast,0.7419267892837524,912,567
2245,1,Fast,0.4350413382053375,886,453
2245,1,Fast,0.34770452976226807,873,855
2246,1,Fast,0.834601640701294,1115,963
2246,1,Fast,0.5836178660392761,874,861
2246,1,Fast,0.5586317777633667,911,563
2246,1,Fast,0.34037062525749207,901,518
2246,1,Fast,0.33477982878685,957,604
2247,1,Fast,0.7288093566894531,1111,956
2247,1,Fast,0.6393831968307495,955,600
2247,1,Fast,0.6118379831314087,909,560
2247,1,Fast,0.45759257674217224,901,514
2248,1,Fast,0.8501890301704407,1107,948
2248,1,Fast,0.7336058020591736,954,597
2248,1,Fast,0.6054714918136597,900,512
2248,1,Fast,0.5372464656829834,910,557
2248,1,Fast,0.5149672627449036,885,447
2248,1,Fast,0.3066490888595581,915,444
2249,1,Fast,0.7393631935119629,908,553
2249,1,Fast,0.6758918166160583,953,593
2249,1,Fast,0.6551649570465088,1104,941
2249,1,Fast,0.6031726598739624,899,508
2249,1,Fast,0.5245261788368225,885,446
2249,1,Fast,0.45404115319252014,914,441
2250,1,Fast,0.830030620098114,1100,933
2250,1,Fast,0.6517246961593628,908,550
2250,1,Fast,0.6175658106803894,914,440
2250,1,Fast,0.5946956276893616,899,506
2250,1,Fast,0.5714268088340759,953,590
2250,1,Fast,0.5235055088996887,885,443
2250,1,Fast,0.412474662065506,783,553
2251,1,Fast,0.8722792267799377,1097,925
2251,1,Fast,0.7802484035491943,906,546
2251,1,Fast,0.6849427223205566,913,439
2251,1,Fast,0.6821731328964233,884,440
2251,1,Fast,0.6763736009597778,898,503
2251,1,Fast,0.6356901526451111,783,555
2252,1,Fast,0.870008647441864,1093,920
2252,1,Fast,0.7677555084228516,898,500
2252,1,Fast,0.712271511554718,883,438
2252,1,Fast,0.6557716727256775,912,437
2252,1,Fast,0.6309976577758789,905,544
2252,1,Fast,0.53862464427948,783,559
2252,1,Fast,0.34342899918556213,950,583
2253,1,Fast,0.8753120303153992,1089,913
2253,1,Fast,0.7181967496871948,783,561
2253,1,Fast,0.6910219192504883,903,540
2253,1,Fast,0.6554424166679382,897,498
2253,1,Fast,0.5698347687721252,883,436
2254,1,Fast,0.8654722571372986,1085,905
2254,1,Fast,0.8257036805152893,784,564
2254,1,Fast,0.6821309924125671,902,537
2254,1,Fast,0.6808129549026489,896,495
2254,1,Fast,0.6495741009712219,883,434
2254,1,Fast,0.5945085287094116,947,576
2255,1,Fast,0.8687604665756226,1081,898
2255,1,Fast,0.7725879549980164,784,567
2255,1,Fast,0.7270849943161011,901,534
2255,1,Fast,0.5912867784500122,895,492
2255,1,Fast,0.5608587861061096,883,433
2256,1,Fast,0.7833631038665771,785,570
2256,1,Fast,0.7484838962554932,1078,892
2256,1,Fast,0.557682991027832,901,531
2257,1,Fast,0.789119303226471,1075,886
2257,1,Fast,0.7602089643478394,785,573
2257,1,Fast,0.6221049427986145,900,528
2257,1,Fast,0.4212374687194824,944,567
2257,1,Fast,0.4152030944824219,882,428
2258,1,Fast,0.7897080779075623,785,576
2258,1,Fast,0.5620535016059875,882,425
2258,1,Fast,0.5106025338172913,900,525
2258,1,Fast,0.382002055644989,1073,880
2259,1,Fast,0.8067497611045837,785,579
2259,1,Fast,0.61396324634552,1071,875
2259,1,Fast,0.5964850187301636,900,522
2259,1,Fast,0.5418851971626282,882,424
2259,1,Fast,0.5159655213356018,943,561
2259,1,Fast,0.4468996226787567,900,946
2259,1,Fast,0.3330551087856293,894,481
2260,1,Fast,0.7931162118911743,902,952
2260,1,Fast,0.7927930951118469,785,582
2260,1,Fast,0.6554566025733948,899,519
2260,1,Fast,0.5587258338928223,941,558
2260,1,Fast,0.5131047368049622,882,422
2260,1,Fast,0.4741097092628479,1068,868
2260,1,Fast,0.42799803614616394,989,771
2261,1,Fast,0.7834721207618713,904,960
2261,1,Fast,0.7692216038703918,785,585
2261,1,Fast,0.7215113639831543,898,515
2261,1,Fast,0.6174712181091309,1065,862
2261,1,Fast,0.3182583153247833,818,556
2261,1,Fast,0.3160531520843506,892,477
2261,1,Fast,0.31401047110557556,882,419
2262,1,Fast,0.8327786922454834,1061,856
2262,1,Fast,0.8188440799713135,906,966
2262,1,Fast,0.7310193777084351,898,513
2262,1,Fast,0.6403308510780334,785,588
2262,1,Fast,0.5836849212646484,882,417
2262,1,Fast,0.3008461594581604,892,475
2263,1,Fast,0.7498210668563843,1059,849
2263,1,Fast,0.7231741547584534,909,974
2263,1,Fast,0.6912609338760376,785,591
2263,1,Fast,0.587975263595581,892,472
2263,1,Fast,0.5876937508583069,897,510
2263,1,Fast,0.5105193853378296,882,416
2263,1,Fast,0.43782538175582886,939,549
2263,1,Fast,0.43010640144348145,910,416
2264,1,Fast,0.7918732762336731,1056,842
2264,1,Fast,0.58265221118927,896,507
2264,1,Fast,0.5718913674354553,911,981
2264,1,Fast,0.5695188045501709,910,415
2264,1,Fast,0.4756288528442383,891,469
2264,1,Fast,0.47406452894210815,882,414
2265,1,Fast,0.8315853476524353,1053,838
2265,1,Fast,0.6562681198120117,896,504
2265,1,Fast,0.6141539812088013,937,543
2265,1,Fast,0.5199688673019409,909,412
2265,1,Fast,0.36223456263542175,786,598
2265,1,Fast,0.35084110498428345,914,989
2266,1,Fast,0.8238953351974487,1050,832
2266,1,Fast,0.7148133516311646,895,500
2266,1,Fast,0.6343440413475037,787,601
2266,1,Fast,0.5619206428527832,977,737
2266,1,Fast,0.3152724504470825,889,463
2267,1,Fast,0.850266695022583,1046,826
2267,1,Fast,0.6290939450263977,894,498
2267,1,Fast,0.49679651856422424,788,605
2268,1,Fast,0.8477061986923218,1043,819
2268,1,Fast,0.6358833909034729,787,608
2268,1,Fast,0.41729676723480225,894,495
2269,1,Fast,0.8402717709541321,1041,814
2269,1,Fast,0.5577850937843323,788,611
2270,1,Fast,0.7014485001564026,1039,809
2270,1,Fast,0.5960467457771301,788,614
2271,1,Fast,0.7998414039611816,1037,804
2271,1,Fast,0.727493405342102,789,618
2272,1,Fast,0.813270092010498,1034,798
2272,1,Fast,0.77953040599823,789,621
2272,1,Fast,0.6864743232727051,890,484
2273,1,Fast,0.8147414326667786,1032,793
2273,1,Fast,0.7041142582893372,789,625
2274,1,Fast,0.8174014687538147,1029,788
2274,1,Fast,0.6076547503471375,790,629
2275,1,Fast,0.8320214152336121,1027,782
2275,1,Fast,0.42792052030563354,791,632
2276,1,Fast,0.8080491423606873,1026,775
2276,1,Fast,0.48124706745147705,790,636
2277,1,Fast,0.7252240777015686,1023,771
2277,1,Fast,0.5215023159980774,791,640
2278,1,Fast,0.829910397529602,1021,768
2278,1,Fast,0.6175928711891174,792,643
2278,1,Fast,0.6130831837654114,830,616
2279,1,Fast,0.7991788387298584,1019,764
2279,1,Fast,0.7384263873100281,793,647
2279,1,Fast,0.7279641032218933,1141,1021
2279,1,Fast,0.47724151611328125,830,620
2280,1,Fast,0.840366005897522,1016,757
2280,1,Fast,0.8091046810150146,793,651
2280,1,Fast,0.6476916074752808,830,624
2280,1,Fast,0.37500104308128357,1136,1013
2280,1,Fast,0.35129693150520325,925,500
2281,1,Fast,0.8258745670318604,1014,752
2281,1,Fast,0.7862743139266968,794,655
2281,1,Fast,0.6014984250068665,1132,1006
2281,1,Fast,0.5548021793365479,924,497
2281,1,Fast,0.46892789006233215,830,628
2282,1,Fast,0.8174701929092407,1013,748
2282,1,Fast,0.784259557723999,795,659
2282,1,Fast,0.5955100059509277,923,495
2282,1,Fast,0.374468058347702,880,381
2282,1,Fast,0.36956748366355896,1128,997
2282,1,Fast,0.3029598891735077,951,657
2283,1,Fast,0.8303672075271606,1011,742
2283,1,Fast,0.8044899106025696,796,662
2283,1,Fast,0.5990011692047119,949,653
2283,1,Fast,0.3203294277191162,1123,989
2284,1,Fast,0.8303561806678772,797,667
2284,1,Fast,0.8200588822364807,1008,738
2285,1,Fast,0.8358615040779114,1006,734
2285,1,Fast,0.8083099126815796,797,671
2285,1,Fast,0.5502033233642578,836,643
2285,1,Fast,0.3404449224472046,906,380
2286,1,Fast,0.7994627952575684,798,675
2286,1,Fast,0.7664796113967896,1005,729
2286,1,Fast,0.4601479172706604,837,647
2286,1,Fast,0.3689515292644501,906,379
2287,1,Fast,0.8112640380859375,798,680
2287,1,Fast,0.7832996249198914,1002,724
2288,1,Fast,0.8134697079658508,799,684
2288,1,Fast,0.7171797752380371,1000,718
2289,1,Fast,0.8227091431617737,998,713
2289,1,Fast,0.792090117931366,800,688
2289,1,Fast,0.45062002539634705,838,661
2290,1,Fast,0.8415399193763733,996,709
2290,1,Fast,0.6860002279281616,800,693
2290,1,Fast,0.46762141585350037,839,666
2291,1,Fast,0.7918081283569336,994,706
2291,1,Fast,0.7796435952186584,801,697
2292,1,Fast,0.8141999840736389,992,703
2292,1,Fast,0.7824586629867554,802,701
2293,1,Fast,0.8283101320266724,990,698
2293,1,Fast,0.7806096076965332,803,706
2293,1,Fast,0.477573424577713,1088,915
2294,1,Fast,0.7910689115524292,989,694
2294,1,Fast,0.7859334945678711,803,710
2294,1,Fast,0.3505476117134094,1085,908
2295,1,Fast,0.7807712554931641,805,713
2295,1,Fast,0.7727357149124146,987,690
2295,1,Fast,0.44215846061706543,1081,902
2296,1,Fast,0.8091763854026794,985,685
2296,1,Fast,0.7489427328109741,805,716
2297,1,Fast,0.8433195948600769,984,681
2297,1,Fast,0.794144332408905,806,722
2298,1,Fast,0.8016427159309387,982,677
2298,1,Fast,0.7685497403144836,806,727
2299,1,Fast,0.8166266679763794,981,672
2299,1,Fast,0.7922133803367615,807,731
2300,1,Fast,0.8304007053375244,979,668
2300,1,Fast,0.7861271500587463,809,736
2301,1,Fast,0.7838689684867859,978,664
2301,1,Fast,0.7830386161804199,810,741
2301,1,Fast,0.5549833178520203,850,714
2302,1,Fast,0.7375079393386841,811,744
2302,1,Fast,0.6968079805374146,977,659
2302,1,Fast,0.3686099946498871,1088,1032
2303,1,Fast,0.7715693116188049,812,751
2303,1,Fast,0.6737939715385437,976,656
2303,1,Fast,0.6541874408721924,852,724
2303,1,Fast,0.44926634430885315,1082,1020
2304,1,Fast,0.7964200377464294,813,754
2304,1,Fast,0.7530664205551147,974,653
2304,1,Fast,0.3045673072338104,1078,1008
2305,1,Fast,0.793331503868103,972,649
2305,1,Fast,0.7078379988670349,815,759
2305,1,Fast,0.46478959918022156,1073,998
2306,1,Fast,0.8371782302856445,815,764
2306,1,Fast,0.783244788646698,971,646
2306,1,Fast,0.31688761711120605,1049,834
2307,1,Fast,0.8419854640960693,816,770
2307,1,Fast,0.7467162609100342,969,642
2308,1,Fast,0.8287939429283142,817,775
2308,1,Fast,0.7686467170715332,967,637
2308,1,Fast,0.7404957413673401,860,753
2309,1,Fast,0.8436272740364075,817,781
2309,1,Fast,0.7831993103027344,966,633
2309,1,Fast,0.7340441346168518,861,757
2310,1,Fast,0.8392366170883179,819,786
2310,1,Fast,0.7888984680175781,862,761
2310,1,Fast,0.7227892279624939,965,630
2311,1,Fast,0.8345730900764465,820,791
2311,1,Fast,0.7863028049468994,963,627
2311,1,Fast,0.6762951612472534,864,766
2312,1,Fast,0.8338513374328613,821,797
2312,1,Fast,0.8194848299026489,962,623
2312,1,Fast,0.7106812596321106,1043,925
2312,1,Fast,0.5026554465293884,865,770
2313,1,Fast,0.8188273906707764,822,802
2313,1,Fast,0.7798821926116943,961,619
2313,1,Fast,0.7633879780769348,1038,916
2314,1,Fast,0.8187557458877563,824,808
2314,1,Fast,0.6902211308479309,959,616
2314,1,Fast,0.6222549080848694,868,786
2314,1,Fast,0.6068764328956604,1033,906
2315,1,Fast,0.8115649223327637,825,814
2315,1,Fast,0.7524512410163879,958,613
2315,1,Fast,0.7047363519668579,1029,897
2315,1,Fast,0.37946775555610657,1027,785
2316,1,Fast,0.8259789943695068,957,609
2316,1,Fast,0.8144931197166443,826,819
2316,1,Fast,0.4806027114391327,1025,888
2316,1,Fast,0.46641385555267334,917,530
2317,1,Fast,0.8493599891662598,827,825
2317,1,Fast,0.8091462850570679,956,606
2318,1,Fast,0.8421949744224548,829,830
2318,1,Fast,0.8072952628135681,955,603
2318,1,Fast,0.6448954343795776,1018,872
2318,1,Fast,0.30656373500823975,1021,769
2319,1,Fast,0.8470433950424194,830,836
2319,1,Fast,0.7927166819572449,953,600
2319,1,Fast,0.7105104327201843,1014,862
2319,1,Fast,0.30338865518569946,1017,764
2320,1,Fast,0.8654842972755432,831,842
2320,1,Fast,0.795291006565094,952,597
2320,1,Fast,0.7831960916519165,1011,854
2320,1,Fast,0.5621647834777832,1015,759
2320,1,Fast,0.4100489616394043,878,823
2321,1,Fast,0.8507863283157349,832,848
2321,1,Fast,0.8238252997398376,950,594
2321,1,Fast,0.6430283188819885,879,828
2321,1,Fast,0.5815643668174744,1008,846
2321,1,Fast,0.4448777735233307,1013,754
2322,1,Fast,0.8457629084587097,833,855
2322,1,Fast,0.8050461411476135,1004,838
2322,1,Fast,0.7029533982276917,881,834
2322,1,Fast,0.6955180168151855,950,590
2323,1,Fast,0.8279716372489929,835,861
2323,1,Fast,0.7879484295845032,949,587
2323,1,Fast,0.7790421843528748,1001,830
2323,1,Fast,0.5554506778717041,882,840
2323,1,Fast,0.49595749378204346,1009,744
2324,1,Fast,0.8476729393005371,836,867
2324,1,Fast,0.8184606432914734,948,583
2324,1,Fast,0.707707405090332,1008,740
2324,1,Fast,0.554287850856781,997,822
2324,1,Fast,0.4568629264831543,883,847
2325,1,Fast,0.8331944942474365,838,874
2325,1,Fast,0.8113337755203247,947,580
2325,1,Fast,0.8063514232635498,995,815
2325,1,Fast,0.6784389019012451,1005,735
2325,1,Fast,0.33718618750572205,885,856
2326,1,Fast,0.8004620671272278,839,879
2326,1,Fast,0.7657989859580994,946,576
2326,1,Fast,0.7344099879264832,991,806
2326,1,Fast,0.5047091245651245,1003,731
2326,1,Fast,0.4400597810745239,1053,931
2326,1,Fast,0.3772950768470764,886,862
2327,1,Fast,0.8214142918586731,840,885
2327,1,Fast,0.6704835891723633,945,572
2327,1,Fast,0.66874760389328,989,799
2327,1,Fast,0.6380841732025146,1002,726
2328,1,Fast,0.8422417044639587,842,891
2328,1,Fast,0.7580082416534424,986,792
2328,1,Fast,0.6396743059158325,945,569
2329,1,Fast,0.8502004146575928,843,898
2329,1,Fast,0.695105254650116,942,567
2329,1,Fast,0.5172203779220581,983,785
2329,1,Fast,0.4479031562805176,999,717
2330,1,Fast,0.8711459636688232,845,904
2330,1,Fast,0.7994507551193237,980,778
2330,1,Fast,0.7911850810050964,942,564
2330,1,Fast,0.5644323825836182,997,712
2330,1,Fast,0.43130040168762207,848,576
2331,1,Fast,0.8638770580291748,847,912
2331,1,Fast,0.7991671562194824,941,562
2331,1,Fast,0.6640947461128235,977,771
2331,1,Fast,0.5591226816177368,994,708
2331,1,Fast,0.39527663588523865,849,581
2332,1,Fast,0.8774985671043396,848,918
2332,1,Fast,0.7956156134605408,975,764
2332,1,Fast,0.7787351012229919,940,559
2332,1,Fast,0.7542611956596375,900,905
2332,1,Fast,0.7291332483291626,993,704
2332,1,Fast,0.4996345341205597,850,586
2333,1,Fast,0.8652211427688599,850,924
2333,1,Fast,0.8492158651351929,973,757
2333,1,Fast,0.7922690510749817,902,912
2333,1,Fast,0.7610393762588501,990,699
2333,1,Fast,0.7350513935089111,938,556
2333,1,Fast,0.5400456190109253,851,591
2334,1,Fast,0.8572407364845276,851,932
2334,1,Fast,0.816085934638977,970,750
2334,1,Fast,0.6653128862380981,989,695
2334,1,Fast,0.6564155220985413,903,918
2334,1,Fast,0.6436671018600464,937,553
2334,1,Fast,0.5710670948028564,1020,859
2335,1,Fast,0.8570694923400879,853,939
2335,1,Fast,0.8321343064308167,968,743
2335,1,Fast,0.7032943964004517,987,691
2335,1,Fast,0.6350531578063965,937,551
2335,1,Fast,0.5316569209098816,1017,851
2336,1,Fast,0.8593959212303162,854,946
2336,1,Fast,0.8556785583496094,966,737
2336,1,Fast,0.6675947904586792,935,548
2336,1,Fast,0.6182714700698853,986,688
2336,1,Fast,0.38408294320106506,1014,843
2337,1,Fast,0.8406389355659485,856,953
2337,1,Fast,0.7872719764709473,963,730
2337,1,Fast,0.7016322016716003,935,544
2337,1,Fast,0.590445339679718,985,683
2337,1,Fast,0.5292912721633911,1011,834
2337,1,Fast,0.4253528416156769,908,942
2338,1,Fast,0.8681990504264832,859,961
2338,1,Fast,0.8242226243019104,961,724
2338,1,Fast,0.7831612825393677,911,950
2338,1,Fast,0.7694391012191772,984,679
2338,1,Fast,0.6678495407104492,934,541
2338,1,Fast,0.4155520796775818,857,614
2339,1,Fast,0.8699411153793335,861,968
2339,1,Fast,0.8376944065093994,959,717
2339,1,Fast,0.7468248009681702,981,675
2339,1,Fast,0.696066677570343,933,538
2339,1,Fast,0.6168398261070251,914,959
2339,1,Fast,0.4207792580127716,858,620
2340,1,Fast,0.8730387687683105,864,975
2340,1,Fast,0.7860268950462341,932,535
2340,1,Fast,0.7719771862030029,980,670
2340,1,Fast,0.7593421936035156,957,712
2340,1,Fast,0.699512243270874,1002,811
2340,1,Fast,0.6063318252563477,858,625
2340,1,Fast,0.4986848831176758,917,968
2341,1,Fast,0.8780834078788757,865,983
2341,1,Fast,0.8221496343612671,955,706
2341,1,Fast,0.7919583916664124,932,533
2341,1,Fast,0.6639505624771118,979,666
2341,1,Fast,0.5316178202629089,860,630
2341,1,Fast,0.35323306918144226,1000,803
2342,1,Fast,0.8592453598976135,868,991
2342,1,Fast,0.8259972929954529,953,700
2342,1,Fast,0.7555510401725769,997,796
2342,1,Fast,0.7234201431274414,932,530
2342,1,Fast,0.5028488039970398,874,868
2342,1,Fast,0.46736472845077515,861,636
2342,1,Fast,0.4483085572719574,977,662
2343,1,Fast,0.8655718564987183,869,999
2343,1,Fast,0.8385997414588928,951,695
2343,1,Fast,0.6171566247940063,994,788
2343,1,Fast,0.5913236737251282,930,528
2343,1,Fast,0.5578514337539673,863,640
2343,1,Fast,0.3459610044956207,829,671
2343,1,Fast,0.34207311272621155,976,658
2344,1,Fast,0.8578742146492004,872,1007
2344,1,Fast,0.8280498385429382,991,782
2344,1,Fast,0.6933804750442505,949,688
2344,1,Fast,0.6480571031570435,864,646
2344,1,Fast,0.3866589665412903,830,676
2345,1,Fast,0.8711295127868652,874,1015
2345,1,Fast,0.8349655866622925,989,774
2345,1,Fast,0.7689115405082703,948,683
2345,1,Fast,0.7215474247932434,866,651
2345,1,Fast,0.6913695335388184,972,651
2345,1,Fast,0.5292370319366455,931,1011
2345,1,Fast,0.3795952796936035,929,522
2345,1,Fast,0.32034242153167725,831,682
2346,1,Fast,0.8572152256965637,876,1024
2346,1,Fast,0.8293041586875916,987,768
2346,1,Fast,0.7415629029273987,946,678
2346,1,Fast,0.6921898722648621,971,648
2346,1,Fast,0.583681046962738,928,520
2346,1,Fast,0.5170607566833496,867,657
2346,1,Fast,0.33511993288993835,933,1019
2347,1,Fast,0.8516120910644531,879,1033
2347,1,Fast,0.8450796604156494,984,760
2347,1,Fast,0.7468065619468689,945,672
2347,1,Fast,0.6536732912063599,927,517
2347,1,Fast,0.606776773929596,869,663
2347,1,Fast,0.5723419189453125,970,644
2347,1,Fast,0.30845654010772705,834,694
2348,1,Fast,0.8608242273330688,881,1041
2348,1,Fast,0.7527399659156799,981,754
2348,1,Fast,0.7447781562805176,870,668
2348,1,Fast,0.6774773597717285,939,1040
2348,1,Fast,0.46358203887939453,835,698
2349,1,Fast,0.8422099947929382,978,746
2349,1,Fast,0.7559640407562256,872,674
2349,1,Fast,0.7403326034545898,884,1049
2349,1,Fast,0.6721765995025635,939,661
2349,1,Fast,0.3718219995498657,926,512
2349,1,Fast,0.3293853998184204,941,1049
2349,1,Fast,0.3044041097164154,967,636
2350,1,Fast,0.7932248115539551,937,656
2350,1,Fast,0.7823303937911987,975,740
2350,1,Fast,0.7744284868240356,873,681
2350,1,Fast,0.6173283457756042,888,1054
2350,1,Fast,0.5792846083641052,926,509
2350,1,Fast,0.3466445505619049,966,633
2351,1,Fast,0.8326543569564819,973,734
2351,1,Fast,0.818589985370636,935,652
2351,1,Fast,0.7688338756561279,889,1058
2351,1,Fast,0.7417463064193726,893,937
2351,1,Fast,0.7353542447090149,874,687
2351,1,Fast,0.6269917488098145,926,506
2351,1,Fast,0.34438660740852356,965,629
2352,1,Fast,0.8194501399993896,971,727
2352,1,Fast,0.8098532557487488,925,503
2352,1,Fast,0.8036354780197144,896,946
2352,1,Fast,0.7565798163414001,934,647
2352,1,Fast,0.7200619578361511,893,1063
2352,1,Fast,0.7036101222038269,876,693
2352,1,Fast,0.6943769454956055,838,720
2353,1,Fast,0.8619481921195984,969,721
2353,1,Fast,0.7889670729637146,898,954
2353,1,Fast,0.787371814250946,924,501
2353,1,Fast,0.7859800457954407,932,642
2353,1,Fast,0.7318786382675171,877,698
2353,1,Fast,0.7102499008178711,839,725
2353,1,Fast,0.4318147599697113,897,1067
2354,1,Fast,0.8869590759277344,966,715
2354,1,Fast,0.8437014818191528,931,637
2354,1,Fast,0.8096569776535034,901,961
2354,1,Fast,0.7752826809883118,878,704
2354,1,Fast,0.7663838267326355,924,498
2354,1,Fast,0.4864325523376465,840,731
2354,1,Fast,0.30904385447502136,961,618
2355,1,Fast,0.8711174130439758,964,709
2355,1,Fast,0.8338133096694946,880,711
2355,1,Fast,0.8126095533370972,903,969
2355,1,Fast,0.7923635840415955,930,632
2355,1,Fast,0.7795099020004272,842,737
2355,1,Fast,0.7581883668899536,923,495
2355,1,Fast,0.34369122982025146,960,615
2356,1,Fast,0.8492354154586792,882,717
2356,1,Fast,0.8286406993865967,961,702
2356,1,Fast,0.7902332544326782,928,627
2356,1,Fast,0.785552442073822,843,743
2356,1,Fast,0.7336903810501099,923,493
2356,1,Fast,0.6363994479179382,906,978
2356,1,Fast,0.46877092123031616,959,611
2357,1,Fast,0.839177668094635,884,724
2357,1,Fast,0.7910446524620056,927,621
2357,1,Fast,0.7798231840133667,845,749
2357,1,Fast,0.6638962626457214,959,696
2357,1,Fast,0.6439400315284729,922,491
2357,1,Fast,0.5980338454246521,909,988
2357,1,Fast,0.44973671436309814,958,608
2358,1,Fast,0.8393337726593018,886,731
2358,1,Fast,0.8096025586128235,957,690
2358,1,Fast,0.7888158559799194,846,756
2358,1,Fast,0.7859734892845154,921,488
2358,1,Fast,0.7512326240539551,925,616
2358,1,Fast,0.5557760000228882,957,605
2359,1,Fast,0.8475184440612793,955,685
2359,1,Fast,0.8463493585586548,888,739
2359,1,Fast,0.7780293226242065,848,761
2359,1,Fast,0.6726688146591187,924,612
2359,1,Fast,0.6323777437210083,921,486
2359,1,Fast,0.5833025574684143,956,602
2360,1,Fast,0.8731343150138855,952,679
2360,1,Fast,0.8605761528015137,890,745
2360,1,Fast,0.8572418689727783,849,767
2360,1,Fast,0.7735591530799866,923,607
2360,1,Fast,0.6465607285499573,921,484
2360,1,Fast,0.460160493850708,955,598
2361,1,Fast,0.8757561445236206,950,673
2361,1,Fast,0.8737539649009705,892,752
2361,1,Fast,0.8466824293136597,851,774
2361,1,Fast,0.7014071345329285,922,603
2361,1,Fast,0.6687192916870117,920,481
2361,1,Fast,0.6364614963531494,953,595
2362,1,Fast,0.8568968772888184,852,781
2362,1,Fast,0.8565725088119507,894,759
2362,1,Fast,0.8406544327735901,948,667
2362,1,Fast,0.7685792446136475,920,598
2362,1,Fast,0.6169691681861877,920,478
2362,1,Fast,0.5325689911842346,924,1033
2362,1,Fast,0.47930848598480225,952,592
2363,1,Fast,0.8609585762023926,896,767
2363,1,Fast,0.8495808839797974,853,787
2363,1,Fast,0.8208929896354675,946,662
2363,1,Fast,0.8165335655212402,927,1043
2363,1,Fast,0.7986781597137451,919,593
2363,1,Fast,0.6532390117645264,951,589
2363,1,Fast,0.5215282440185547,920,476
2364,1,Fast,0.8650569915771484,856,795
2364,1,Fast,0.8572435975074768,945,657
2364,1,Fast,0.8510551452636719,899,774
2364,1,Fast,0.8087708950042725,931,1050
2364,1,Fast,0.7030590772628784,918,590
2364,1,Fast,0.6263206005096436,920,474
2364,1,Fast,0.5420357584953308,950,586
2365,1,Fast,0.8714437484741211,943,651
2365,1,Fast,0.8591711521148682,901,781
2365,1,Fast,0.8580635786056519,857,801
2365,1,Fast,0.719313383102417,950,582
2365,1,Fast,0.7184157967567444,919,472
2365,1,Fast,0.6027888655662537,917,585
2366,1,Fast,0.8781731724739075,859,808
2366,1,Fast,0.8474141955375671,942,646
2366,1,Fast,0.8436635136604309,903,788
2366,1,Fast,0.7984523773193359,916,580
2366,1,Fast,0.7928003072738647,919,470
2366,1,Fast,0.7804125547409058,949,579
2366,1,Fast,0.33243292570114136,1126,1007
2367,1,Fast,0.8628837466239929,861,815
2367,1,Fast,0.8596010208129883,939,641
2367,1,Fast,0.8418048620223999,905,796
2367,1,Fast,0.7852029204368591,915,576
2367,1,Fast,0.7473264336585999,919,468
2367,1,Fast,0.7351568937301636,949,576
2367,1,Fast,0.6177148818969727,1122,998
2368,1,Fast,0.8769148588180542,938,636
2368,1,Fast,0.8661878108978271,863,822
2368,1,Fast,0.8323317170143127,908,804
2368,1,Fast,0.7064984440803528,914,572
2368,1,Fast,0.6977949738502502,918,465
2368,1,Fast,0.6864794492721558,948,572
2369,1,Fast,0.8594081401824951,936,631
2369,1,Fast,0.8162705302238464,865,830
2369,1,Fast,0.7743894457817078,911,812
2369,1,Fast,0.7186098098754883,913,568
2369,1,Fast,0.6610586643218994,917,463
2369,1,Fast,0.4207344353199005,947,570
2370,1,Fast,0.874614953994751,934,626
2370,1,Fast,0.8511694073677063,867,837
2370,1,Fast,0.7656077742576599,912,564
2370,1,Fast,0.4760357141494751,913,820
2370,1,Fast,0.46068885922431946,916,462
2371,1,Fast,0.8502519726753235,933,621
2371,1,Fast,0.8436049222946167,869,845
2371,1,Fast,0.7894265055656433,911,560
2371,1,Fast,0.7748468518257141,916,829
2371,1,Fast,0.5770886540412903,916,460
2371,1,Fast,0.3758865296840668,945,564
2372,1,Fast,0.8514457941055298,931,616
2372,1,Fast,0.8425716757774353,871,852
2372,1,Fast,0.7709848284721375,919,837
2372,1,Fast,0.7361046671867371,910,556
2372,1,Fast,0.48888081312179565,943,561
2372,1,Fast,0.47862866520881653,916,457
2372,1,Fast,0.3126145303249359,1103,956
2373,1,Fast,0.8702729344367981,873,860
2373,1,Fast,0.854540228843689,930,611
2373,1,Fast,0.8258995413780212,921,845
2373,1,Fast,0.7801299691200256,909,552
2373,1,Fast,0.49292513728141785,916,455
2373,1,Fast,0.40647515654563904,1084,1014
2374,1,Fast,0.856223464012146,875,867
2374,1,Fast,0.8548299670219421,929,606
2374,1,Fast,0.8472339510917664,924,854
2374,1,Fast,0.7990021705627441,908,548
2374,1,Fast,0.744690477848053,942,556
2374,1,Fast,0.6423207521438599,916,452
2374,1,Fast,0.5368488430976868,1081,1003
2375,1,Fast,0.8751903176307678,877,875
2375,1,Fast,0.8395552635192871,927,862
2375,1,Fast,0.8345398902893066,928,602
2375,1,Fast,0.7971327304840088,907,544
2375,1,Fast,0.4506419599056244,1076,993
2375,1,Fast,0.43076786398887634,915,450
2376,1,Fast,0.865156352519989,879,882
2376,1,Fast,0.8363312482833862,926,598
2376,1,Fast,0.7874846458435059,930,871
2376,1,Fast,0.7712739706039429,941,550
2376,1,Fast,0.7492488622665405,905,540
2376,1,Fast,0.51605623960495,1070,983
2376,1,Fast,0.4595161974430084,915,448
2377,1,Fast,0.8479404449462891,881,890
2377,1,Fast,0.7876063585281372,904,536
2377,1,Fast,0.7477325201034546,933,880
2377,1,Fast,0.7102296948432922,924,593
2377,1,Fast,0.6220930218696594,940,547
2377,1,Fast,0.3570927381515503,1085,919
2377,1,Fast,0.3290489614009857,913,446
2378,1,Fast,0.8146164417266846,904,532
2378,1,Fast,0.7860062122344971,922,589
2378,1,Fast,0.7536975741386414,884,899
2378,1,Fast,0.7155500054359436,936,889
2378,1,Fast,0.5255695581436157,939,544
2378,1,Fast,0.4718225598335266,913,444
2378,1,Fast,0.3538503348827362,1061,962
2379,1,Fast,0.8085357546806335,902,528
2379,1,Fast,0.6842407584190369,886,908
2379,1,Fast,0.6836711168289185,921,584
2379,1,Fast,0.6173635125160217,1057,951
2379,1,Fast,0.523820698261261,1077,905
2379,1,Fast,0.41585487127304077,913,442
2379,1,Fast,0.4034842252731323,938,540
2379,1,Fast,0.363765150308609,940,899
2380,1,Fast,0.845095157623291,920,579
2380,1,Fast,0.7668039202690125,902,526
2380,1,Fast,0.7162656784057617,938,537
2380,1,Fast,0.6992492079734802,888,916
2380,1,Fast,0.49542438983917236,914,440
2380,1,Fast,0.3119933307170868,1053,941
2381,1,Fast,0.8705899119377136,891,924
2381,1,Fast,0.8590491414070129,919,575
2381,1,Fast,0.8074280023574829,901,522
2381,1,Fast,0.7867429852485657,946,918
2381,1,Fast,0.7465723156929016,937,534
2381,1,Fast,0.5230063796043396,1049,932
2382,1,Fast,0.8924875259399414,893,933
2382,1,Fast,0.8016723990440369,918,571
2382,1,Fast,0.7911859750747681,901,518
2382,1,Fast,0.7761664986610413,937,531
2382,1,Fast,0.7573645710945129,949,928
2382,1,Fast,0.679680585861206,1045,923
2383,1,Fast,0.8751115202903748,896,941
2383,1,Fast,0.8558590412139893,917,567
2383,1,Fast,0.8189437389373779,952,939
2383,1,Fast,0.7993677258491516,936,529
2383,1,Fast,0.7563170790672302,1040,914
2383,1,Fast,0.7063199877738953,900,513
2383,1,Fast,0.49676603078842163,912,434
2384,1,Fast,0.8879852294921875,898,951
2384,1,Fast,0.8659340739250183,956,948
2384,1,Fast,0.8544008731842041,915,564
2384,1,Fast,0.7545287013053894,935,527
2384,1,Fast,0.5946730971336365,900,510
2385,1,Fast,0.8783470392227173,901,960
2385,1,Fast,0.8103540539741516,960,959
2385,1,Fast,0.792403519153595,915,560
2385,1,Fast,0.6736549735069275,898,507
2385,1,Fast,0.6441243290901184,911,430
2385,1,Fast,0.4759339392185211,1032,897
2386,1,Fast,0.8653563857078552,904,969
2386,1,Fast,0.8181166052818298,964,970
2386,1,Fast,0.687659502029419,897,504
2386,1,Fast,0.5537006258964539,910,428
2386,1,Fast,0.5302457809448242,912,556
2386,1,Fast,0.5221176147460938,1029,887
2387,1,Fast,0.866472065448761,907,978
2387,1,Fast,0.8096258044242859,968,981
2387,1,Fast,0.7386157512664795,897,500
2387,1,Fast,0.6800421476364136,911,426
2387,1,Fast,0.6683331727981567,911,551
2387,1,Fast,0.5879385471343994,932,519
2388,1,Fast,0.8744682669639587,910,989
2388,1,Fast,0.7843316197395325,972,993
2388,1,Fast,0.7488395571708679,896,497
2388,1,Fast,0.7135655283927917,911,425
2388,1,Fast,0.5950308442115784,1022,871
2388,2,Slow,0.3417501151561737,930,516
2389,1,Fast,0.8585798740386963,913,999
2389,1,Fast,0.7148734331130981,910,423
2389,1,Fast,0.7018659710884094,977,1005
2389,1,Fast,0.6922445297241211,896,493
2389,1,Fast,0.39843329787254333,930,514
2389,1,Fast,0.38372430205345154,910,543
2389,1,Fast,0.3232874572277069,1019,861
2390,1,Fast,0.8418538570404053,916,1009
2390,1,Fast,0.7954038381576538,981,1017
2390,1,Fast,0.7420071959495544,895,490
2390,1,Fast,0.6803856492042542,1015,853
2390,1,Fast,0.6735466122627258,909,539
2390,1,Fast,0.6117469072341919,929,510
2390,1,Fast,0.5326656103134155,910,421
2391,1,Fast,0.8265866637229919,920,1019
2391,1,Fast,0.8169175982475281,985,1029
2391,1,Fast,0.7263719439506531,1012,846
2391,1,Fast,0.6879105567932129,895,487
2391,1,Fast,0.6243289113044739,907,535
2391,1,Fast,0.5738335251808167,928,507
2392,1,Fast,0.8491503596305847,922,1031
2392,1,Fast,0.8022516369819641,989,1041
2392,1,Fast,0.7885456681251526,1009,839
2392,1,Fast,0.7668680548667908,894,484
2392,1,Fast,0.6965595483779907,907,531
2392,1,Fast,0.6092367768287659,928,505
2392,1,Fast,0.4255448281764984,909,417
2393,1,Fast,0.8441838622093201,925,1041
2393,1,Fast,0.7271037697792053,927,501
2393,1,Fast,0.6866647601127625,893,480
2393,1,Fast,0.6853848099708557,995,1052
2393,1,Fast,0.6750507950782776,1005,831
2393,1,Fast,0.6538145542144775,905,528
2393,1,Fast,0.5913181304931641,909,416
2394,1,Fast,0.7700452208518982,926,499
2394,1,Fast,0.7247416973114014,892,477
2394,1,Fast,0.715644121170044,1003,824
2394,1,Fast,0.705524742603302,929,1051
2394,1,Fast,0.604434072971344,905,524
2394,1,Fast,0.5693981647491455,908,414
2394,1,Fast,0.3530201017856598,1003,1058
2395,1,Fast,0.8212597966194153,903,521
2395,1,Fast,0.7838249802589417,892,474
2395,1,Fast,0.7323827743530273,926,497
2395,1,Fast,0.6336462497711182,1000,816
2395,1,Fast,0.48180192708969116,908,412
2395,1,Fast,0.4297974705696106,933,1057
2395,1,Fast,0.3375733196735382,1007,1065
2396,1,Fast,0.8031653165817261,891,471
2396,1,Fast,0.7425711154937744,997,809
2396,1,Fast,0.7006238698959351,903,517
2396,1,Fast,0.54927659034729,924,495
2396,1,Fast,0.41381117701530457,908,411
2396,1,Fast,0.31564807891845703,940,1062
2396,1,Fast,0.30335700511932373,1020,1071
2397,1,Fast,0.8200186491012573,902,514
2397,1,Fast,0.7924796342849731,892,469
2397,1,Fast,0.746723473072052,995,802
2397,1,Fast,0.5734302401542664,908,410
2397,1,Fast,0.5662396550178528,924,493
2397,1,Fast,0.5177399516105652,945,1068
2398,1,Fast,0.7802026867866516,901,510
2398,1,Fast,0.7756921052932739,992,795
2398,1,Fast,0.7472272515296936,891,466
2398,1,Fast,0.5774909257888794,923,491
2398,1,Fast,0.49765610694885254,908,408
2399,1,Fast,0.8146272897720337,901,507
2399,1,Fast,0.6884273290634155,890,462
2399,1,Fast,0.6666129231452942,923,489
2399,1,Fast,0.5810936689376831,989,788
2400,1,Fast,0.8176782727241516,901,503
2400,1,Fast,0.7923166155815125,890,460
2400,1,Fast,0.6879546046257019,986,780
2400,1,Fast,0.47925683856010437,923,486
2401,1,Fast,0.7857807874679565,890,457
2401,1,Fast,0.7673764824867249,900,499
2401,1,Fast,0.7120546698570251,983,773
2401,1,Fast,0.4046075940132141,907,402
2402,1,Fast,0.7665992379188538,889,454
2402,1,Fast,0.735615074634552,899,496
2402,1,Fast,0.7065765261650085,981,767
2402,1,Fast,0.5430471301078796,907,400
2403,1,Fast,0.7661530375480652,898,493
2403,1,Fast,0.6824270486831665,888,451
2403,1,Fast,0.6293324828147888,906,398
2403,1,Fast,0.582547664642334,978,760
2403,1,Fast,0.34092849493026733,922,478
2404,1,Fast,0.7350670695304871,897,490
2404,1,Fast,0.6475314497947693,906,397
2404,1,Fast,0.6363275647163391,921,476
2404,1,Fast,0.6215072870254517,976,753
2405,1,Fast,0.7534793615341187,897,487
2405,1,Fast,0.7018352150917053,888,446
2405,1,Fast,0.6933675408363342,921,474
2405,1,Fast,0.6189774870872498,1152,1054
2405,1,Fast,0.6088238954544067,906,395
2405,1,Fast,0.5321352481842041,973,747
2406,1,Fast,0.821270763874054,897,483
2406,1,Fast,0.8019830584526062,888,443
2406,1,Fast,0.7211417555809021,921,471
2406,1,Fast,0.6544363498687744,906,394
2406,1,Fast,0.6016219258308411,1147,1047
2406,1,Fast,0.49912357330322266,971,740
2406,1,Fast,0.4326428771018982,813,525
2406,1,Fast,0.3254264295101166,1006,742
2407,1,Fast,0.7782527208328247,887,441
2407,1,Fast,0.7672848105430603,896,480
2407,1,Fast,0.7019573450088501,921,469
2407,1,Fast,0.6135300993919373,1091,826
2407,1,Fast,0.5694108009338379,906,392
2407,1,Fast,0.5327783823013306,813,527
2408,1,Fast,0.7978846430778503,896,477
2408,1,Fast,0.7898349761962891,887,438
2408,1,Fast,0.7229986190795898,1087,821
2408,1,Fast,0.7094871997833252,920,468
2408,1,Fast,0.5748544335365295,814,530
2409,1,Fast,0.7521795630455017,895,475
2409,1,Fast,0.6998659372329712,886,435
2409,1,Fast,0.627303957939148,919,466
2409,1,Fast,0.5459780097007751,815,534
2409,1,Fast,0.3267557621002197,965,721
2410,1,Fast,0.7171462774276733,885,433
2410,1,Fast,0.7123650908470154,894,471
2410,1,Fast,0.6179337501525879,918,464
2410,1,Fast,0.6066259145736694,962,714
2410,1,Fast,0.5635644197463989,815,538
2410,1,Fast,0.5094483494758606,1131,1011
2411,1,Fast,0.7349454164505005,885,430
2411,1,Fast,0.6917739510536194,893,468
2411,1,Fast,0.6815742254257202,961,709
2411,1,Fast,0.6174238920211792,1127,1003
2411,1,Fast,0.5843823552131653,815,541
2411,1,Fast,0.4559507668018341,1062,979
2412,1,Fast,0.701287567615509,885,427
2412,1,Fast,0.6317993402481079,892,466
2412,1,Fast,0.5530192255973816,958,703
2412,1,Fast,0.511027455329895,815,545
2412,1,Fast,0.48359784483909607,1122,994
2412,1,Fast,0.4592234492301941,905,383
2412,1,Fast,0.3403676152229309,1057,967
2413,1,Fast,0.6319847702980042,1118,986
2413,1,Fast,0.6048339009284973,892,462
2413,1,Fast,0.5896162390708923,885,425
2413,1,Fast,0.5410910248756409,956,698
2413,1,Fast,0.48597651720046997,904,382
2413,1,Fast,0.39311695098876953,991,707
2413,1,Fast,0.310806542634964,816,434
2414,1,Fast,0.6761338710784912,885,422
2414,1,Fast,0.5574276447296143,1112,977
2414,1,Fast,0.5566114187240601,891,460
2414,1,Fast,0.5155803561210632,904,381
2414,1,Fast,0.46605998277664185,955,692
2414,1,Fast,0.41966769099235535,816,553
2414,1,Fast,0.31327101588249207,1049,945
2415,1,Fast,0.7079501748085022,817,555
2415,1,Fast,0.6889086365699768,1109,969
2415,1,Fast,0.6551862955093384,891,456
2415,1,Fast,0.5766518712043762,905,379
2415,1,Fast,0.5591434836387634,1044,935
2415,1,Fast,0.48111292719841003,886,419
2415,1,Fast,0.3741799294948578,953,686
2416,1,Fast,0.7605820894241333,818,558
2416,1,Fast,0.711428165435791,951,681
2416,1,Fast,0.5804614424705505,891,454
2416,1,Fast,0.5518912076950073,1105,962
2416,1,Fast,0.5385220646858215,1040,926
2416,1,Fast,0.5352032780647278,905,377
2416,1,Fast,0.42505231499671936,886,417
2417,1,Fast,0.7654582262039185,817,561
2417,1,Fast,0.7186025381088257,1102,954
2417,1,Fast,0.6926568150520325,1036,915
2417,1,Fast,0.59816575050354,1066,779
2417,1,Fast,0.5479962825775146,949,675
2417,1,Fast,0.3858233690261841,984,688
2417,1,Fast,0.3646306097507477,916,447
2417,1,Fast,0.35982799530029297,885,414
2418,1,Fast,0.7582685947418213,1031,906
2418,1,Fast,0.7467948794364929,817,565
2418,1,Fast,0.7277106046676636,947,669
2418,1,Fast,0.6841844916343689,983,684
2418,1,Fast,0.5114086866378784,890,448
2418,1,Fast,0.49892234802246094,916,445
2418,1,Fast,0.48607903718948364,1099,947
2419,1,Fast,0.7307232022285461,1028,897
2419,1,Fast,0.7267442941665649,946,663
2419,1,Fast,0.7163038849830627,982,679
2419,1,Fast,0.6754521131515503,1062,770
2419,1,Fast,0.6190193295478821,818,569
2419,1,Fast,0.6071680784225464,890,446
2419,1,Fast,0.5043301582336426,884,410
2419,1,Fast,0.47681498527526855,915,444
2420,1,Fast,0.6972188949584961,1060,766
2420,1,Fast,0.6796749234199524,884,408
2420,1,Fast,0.6675005555152893,890,443
2420,1,Fast,0.6517524123191833,819,572
2420,1,Fast,0.6452124714851379,979,675
2420,1,Fast,0.5107800960540771,944,658
2420,1,Fast,0.4552096128463745,1024,888
2420,1,Fast,0.43113794922828674,915,441
2420,1,Fast,0.4282177686691284,904,371
2421,1,Fast,0.6736161708831787,889,439
2421,1,Fast,0.6085667610168457,884,405
2421,1,Fast,0.5508332848548889,914,439
2421,1,Fast,0.549380898475647,1089,924
2421,1,Fast,0.5420504808425903,821,576
2421,1,Fast,0.5289461612701416,1020,878
2421,1,Fast,0.39155152440071106,942,653
2422,1,Fast,0.7374518513679504,1016,869
2422,1,Fast,0.7372549772262573,845,729
2422,1,Fast,0.6814988851547241,1084,917
2422,1,Fast,0.6464331746101379,940,649
2422,1,Fast,0.5347306728363037,976,666
2422,1,Fast,0.43528324365615845,883,403
2422,1,Fast,0.36475855112075806,903,367
2422,1,Fast,0.35189518332481384,914,438
2423,1,Fast,0.7392213940620422,1013,860
2423,1,Fast,0.7185089588165283,846,735
2423,1,Fast,0.6742178797721863,1081,910
2423,1,Fast,0.5246567726135254,821,584
2423,1,Fast,0.37396490573883057,883,401
2423,1,Fast,0.314290314912796,938,644
2424,1,Fast,0.5861467123031616,1076,902
2424,1,Fast,0.5805988907814026,1010,851
2424,1,Fast,0.4685308337211609,936,639
2424,2,Slow,0.4554446041584015,1051,749
2424,1,Fast,0.4246312379837036,888,432
2425,1,Fast,0.63763827085495,935,634
2425,1,Fast,0.6254713535308838,1073,895
2426,1,Fast,0.692402184009552,1070,889
2426,1,Fast,0.5259617567062378,1002,835
2426,1,Fast,0.4499262273311615,934,629
2426,2,Slow,0.3993421196937561,1045,740
2427,1,Fast,0.4906967878341675,824,598
2427,1,Fast,0.45669984817504883,853,757
2427,1,Fast,0.4411621391773224,999,828
2428,1,Fast,0.7076143026351929,931,620
2428,1,Fast,0.506712019443512,825,601
2428,2,Slow,0.43652069568634033,1042,732
2429,1,Fast,0.663885235786438,930,615
2429,1,Fast,0.5948895812034607,1061,870
2429,1,Fast,0.5795000791549683,824,606
2429,1,Fast,0.5199252963066101,993,812
2430,1,Fast,0.7636025547981262,929,610
2430,1,Fast,0.6964898109436035,1212,1060
2430,1,Fast,0.5610807538032532,825,610
2430,1,Fast,0.5480556488037109,1058,863
2430,1,Fast,0.40592607855796814,990,803
2430,1,Fast,0.3815874457359314,965,633
2431,1,Fast,0.8337141871452332,1204,1055
2431,1,Fast,0.7492333054542542,858,781
2431,1,Fast,0.639041006565094,929,606
2431,1,Fast,0.6251368522644043,1056,857
2431,1,Fast,0.6188321113586426,987,796
2431,1,Fast,0.5800054669380188,825,614
2431,1,Fast,0.4390830099582672,1037,723
2431,1,Fast,0.4003593921661377,964,629
2431,1,Fast,0.37146610021591187,1154,1043
2432,1,Fast,0.770828902721405,860,788
2432,1,Fast,0.7303935289382935,826,618
2432,1,Fast,0.5979073643684387,962,625
2432,1,Fast,0.5567940473556519,927,602
2432,1,Fast,0.4292317032814026,984,788
2433,1,Fast,0.8757429122924805,861,795
2433,1,Fast,0.7798730731010437,827,623
2433,1,Fast,0.6353201270103455,981,781
2433,1,Fast,0.3464664816856384,925,597
2433,1,Fast,0.3373448848724365,961,621
2434,1,Fast,0.8423168063163757,862,802
2434,1,Fast,0.803160548210144,1048,838
2434,1,Fast,0.7803641557693481,828,629
2434,1,Fast,0.6481597423553467,979,773
2434,1,Fast,0.4705391526222229,1031,709
2434,1,Fast,0.4533335864543915,923,591
2434,1,Fast,0.3886053264141083,911,414
2434,1,Fast,0.3878609240055084,1139,1015
2435,1,Fast,0.8028505444526672,1044,832
2435,1,Fast,0.7551130652427673,828,632
2435,1,Fast,0.7492532134056091,863,808
2435,1,Fast,0.7155328989028931,1189,1026
2435,1,Fast,0.5029404759407043,922,587
2435,1,Fast,0.4728893041610718,1136,1006
2435,1,Fast,0.32533371448516846,976,767
2435,1,Fast,0.31943485140800476,960,613
2436,1,Fast,0.7859641313552856,829,637
2436,1,Fast,0.7548020482063293,1185,1018
2436,1,Fast,0.7357306480407715,865,814
2436,1,Fast,0.7311472296714783,1042,826
2436,1,Fast,0.5735304951667786,921,583
2436,1,Fast,0.5696800947189331,1132,997
2437,1,Fast,0.762094259262085,830,640
2437,1,Fast,0.6144461631774902,1182,1012
2437,1,Fast,0.5280588269233704,1040,820
2437,1,Fast,0.5099049806594849,920,579
2437,1,Fast,0.30108121037483215,970,752
2438,1,Fast,0.7993835806846619,832,645
2438,1,Fast,0.7643277645111084,1037,814
2438,1,Fast,0.7478954792022705,1177,1005
2438,1,Fast,0.5148045420646667,869,828
2438,1,Fast,0.42672666907310486,968,745
2439,1,Fast,0.7987703680992126,833,649
2439,1,Fast,0.6181145310401917,1035,808
2439,1,Fast,0.5126177668571472,1174,997
2439,1,Fast,0.30197620391845703,966,739
2440,1,Fast,0.7121735215187073,833,653
2440,1,Fast,0.49499961733818054,873,842
2440,1,Fast,0.48397281765937805,1032,802
2441,1,Fast,0.754889965057373,875,850
2441,1,Fast,0.6560295224189758,1030,797
2441,1,Fast,0.6472723484039307,834,659
2441,1,Fast,0.3904329538345337,962,726
2441,1,Fast,0.32553207874298096,1166,984
2442,1,Fast,0.8806349635124207,877,858
2442,1,Fast,0.7638446688652039,915,560
2442,1,Fast,0.6355704069137573,959,718
2442,1,Fast,0.5156415700912476,1162,978
2442,1,Fast,0.4416125416755676,835,664
2442,1,Fast,0.4100879728794098,1027,791
2443,1,Fast,0.8710476756095886,879,865
2443,1,Fast,0.7876197099685669,957,713
2443,1,Fast,0.671242892742157,836,669
2443,1,Fast,0.42953428626060486,1025,785
2443,1,Fast,0.3917466402053833,914,557
2444,1,Fast,0.875092089176178,880,872
2444,1,Fast,0.7649595141410828,837,673
2444,1,Fast,0.688728928565979,955,707
2444,1,Fast,0.5583513975143433,913,553
2444,1,Fast,0.3017269968986511,1156,965
2445,1,Fast,0.86911541223526,882,879
2445,1,Fast,0.7673842310905457,838,678
2445,1,Fast,0.6514925956726074,1152,958
2445,1,Fast,0.6329978108406067,953,701
2445,1,Fast,0.572810173034668,1021,775
2446,1,Fast,0.8669982552528381,885,887
2446,1,Fast,0.8234579563140869,952,695
2446,1,Fast,0.7283850312232971,839,683
2446,1,Fast,0.6985077857971191,1019,770
2447,1,Fast,0.8694800734519958,887,894
2447,1,Fast,0.7779572010040283,841,688
2447,1,Fast,0.7681519389152527,949,688
2447,1,Fast,0.7212436199188232,1017,765
2447,1,Fast,0.3184922933578491,1145,946
2448,1,Fast,0.8117767572402954,948,683
2448,1,Fast,0.8115537762641907,889,902
2448,1,Fast,0.7820112705230713,842,693
2448,1,Fast,0.729438841342926,1014,759
2448,2,Slow,0.33229494094848633,1008,660
2449,1,Fast,0.8101957440376282,1012,754
2449,1,Fast,0.7797237634658813,843,697
2449,1,Fast,0.6677573323249817,945,676
2449,1,Fast,0.4429372251033783,892,909
2449,1,Fast,0.43168899416923523,909,533
2450,1,Fast,0.8153387904167175,1009,749
2450,1,Fast,0.7722934484481812,843,702
2450,1,Fast,0.6281383633613586,942,670
2451,1,Fast,0.8425793647766113,1007,744
2451,1,Fast,0.7696359753608704,845,708
2451,1,Fast,0.6733439564704895,941,665
2451,1,Fast,0.49654749035835266,896,926
2452,1,Fast,0.8312070369720459,898,935
2452,1,Fast,0.7860081195831299,1005,738
2452,1,Fast,0.6856987476348877,845,713
2452,1,Fast,0.5979520082473755,939,659
2452,1,Fast,0.47152429819107056,1002,646
2453,1,Fast,0.8432121872901917,901,943
2453,1,Fast,0.7452343106269836,846,719
2453,1,Fast,0.6087067127227783,937,654
2453,1,Fast,0.5930740833282471,1003,734
2453,1,Fast,0.4768460988998413,1001,644
2454,1,Fast,0.886317789554596,904,952
2454,1,Fast,0.8002445101737976,847,724
2454,1,Fast,0.44606295228004456,935,650
2455,1,Fast,0.8559377193450928,906,961
2455,1,Fast,0.7215648889541626,848,730
2455,1,Fast,0.5508562922477722,933,645
2455,1,Fast,0.42810940742492676,998,724
2456,1,Fast,0.8604256510734558,909,970
2456,1,Fast,0.8079222440719604,931,639
2456,1,Fast,0.7661867141723633,850,735
2457,1,Fast,0.8535725474357605,912,979
2457,1,Fast,0.8023689985275269,930,634
2457,1,Fast,0.7481287717819214,852,741
2457,1,Fast,0.5760900974273682,995,714
2457,1,Fast,0.3134123980998993,1114,885
2458,1,Fast,0.7717862725257874,929,628
2458,1,Fast,0.7403371930122375,915,988
2458,1,Fast,0.7347736358642578,853,747
2458,1,Fast,0.7203996181488037,992,710
2458,1,Fast,0.5811294317245483,902,501
2458,1,Fast,0.39896246790885925,995,628
2459,1,Fast,0.7705731987953186,855,753
2459,1,Fast,0.7378526926040649,990,705
2459,1,Fast,0.7279728055000305,927,623
2459,1,Fast,0.6187871694564819,918,997
2459,2,Slow,0.4564613699913025,994,624
2460,1,Fast,0.8324269652366638,856,758
2460,1,Fast,0.812417209148407,926,618
2460,1,Fast,0.7860347628593445,987,701
2460,1,Fast,0.40776100754737854,1048,824
2461,1,Fast,0.8353804349899292,858,764
2461,1,Fast,0.8176347613334656,987,697
2461,1,Fast,0.8103772401809692,925,614
2461,1,Fast,0.38527244329452515,993,619
2462,1,Fast,0.8169734477996826,923,609
2462,1,Fast,0.7962213158607483,859,769
2462,1,Fast,0.7324131727218628,985,693
2462,1,Fast,0.4362204372882843,990,616
2462,1,Fast,0.3070383369922638,1043,813
2463,1,Fast,0.8011615872383118,922,604
2463,1,Fast,0.7148940563201904,860,777
2463,1,Fast,0.6953352093696594,930,1037
2463,1,Fast,0.6839550733566284,987,613
2463,1,Fast,0.48881444334983826,983,688
2464,1,Fast,0.6060192584991455,862,784
2464,1,Fast,0.5832479000091553,920,600
2464,1,Fast,0.5771203637123108,981,683
2464,1,Fast,0.45573943853378296,933,1046
2464,1,Fast,0.36229440569877625,986,610
2465,1,Fast,0.7673743367195129,919,596
2465,1,Fast,0.7300267815589905,863,790
2465,1,Fast,0.7048053741455078,985,608
2465,1,Fast,0.5605146288871765,979,679
2466,1,Fast,0.8219566345214844,865,797
2466,1,Fast,0.804080069065094,918,591
2466,1,Fast,0.6461105346679688,978,674
2466,1,Fast,0.5874481201171875,986,605
2467,1,Fast,0.8021160364151001,867,804
2467,1,Fast,0.7098661661148071,917,586
2467,1,Fast,0.608023464679718,976,670
2467,1,Fast,0.47994351387023926,1085,832
2468,1,Fast,0.7653715014457703,869,810
2468,1,Fast,0.7434953451156616,916,581
2468,1,Fast,0.6715761423110962,974,666
2468,1,Fast,0.3755972981452942,984,600
2468,1,Fast,0.33893048763275146,1083,827
2469,1,Fast,0.7964360117912292,870,817
2469,1,Fast,0.7287043929100037,914,577
2469,1,Fast,0.49614056944847107,1080,822
2469,1,Fast,0.42896702885627747,972,662
2469,2,Slow,0.35983434319496155,926,509
2470,1,Fast,0.7994750738143921,872,824
2470,1,Fast,0.7545730471611023,913,572
2470,1,Fast,0.5814636945724487,1077,817
2470,2,Slow,0.40884339809417725,925,505
2470,1,Fast,0.4045133888721466,823,609
2471,1,Fast,0.812762975692749,874,830
2471,1,Fast,0.7577693462371826,912,569
2471,1,Fast,0.6008989214897156,1189,992
2472,1,Fast,0.7956249713897705,876,835
2472,1,Fast,0.7047990560531616,910,565
2472,1,Fast,0.6088277697563171,1072,807
2472,1,Fast,0.605446457862854,968,650
2472,1,Fast,0.4952017068862915,1185,986
2472,1,Fast,0.4386790096759796,1017,756
2473,1,Fast,0.7624893188476562,877,843
2473,1,Fast,0.7620843052864075,909,560
2473,1,Fast,0.6983662247657776,1070,803
2473,1,Fast,0.6502779722213745,1181,980
2473,1,Fast,0.6071357727050781,966,646
2474,1,Fast,0.7685083150863647,879,852
2474,1,Fast,0.7156041264533997,965,643
2474,1,Fast,0.7128096222877502,908,556
2474,1,Fast,0.6901962757110596,1068,798
2474,2,Slow,0.41063806414604187,977,583
2474,1,Fast,0.37247443199157715,1012,745
2474,2,Slow,0.3055263161659241,922,496
2475,1,Fast,0.8197242617607117,881,860
2475,1,Fast,0.74754399061203,964,639
2475,1,Fast,0.6174806356430054,907,552
2475,1,Fast,0.5172051191329956,1010,739
2475,1,Fast,0.4418738782405853,1066,793
2476,1,Fast,0.8393693566322327,883,866
2476,1,Fast,0.8022345304489136,962,635
2476,1,Fast,0.7381480932235718,906,548
2476,2,Slow,0.35260266065597534,920,491
2477,1,Fast,0.8444612622261047,884,874
2477,1,Fast,0.6227125525474548,905,544
2477,1,Fast,0.5746609568595886,961,632
2477,2,Slow,0.41143715381622314,920,488
2478,1,Fast,0.8618829846382141,887,882
2478,1,Fast,0.7675620913505554,959,628
2478,1,Fast,0.7409347891807556,973,573
2478,1,Fast,0.7127418518066406,904,540
2478,2,Slow,0.37834489345550537,920,486
2479,1,Fast,0.8683359622955322,889,890
2479,1,Fast,0.7209373116493225,904,536
2479,1,Fast,0.6843274831771851,971,570
2479,1,Fast,0.6618622541427612,958,624
2480,1,Fast,0.8428148031234741,891,897
2480,1,Fast,0.8257559537887573,903,532
2480,1,Fast,0.7575793266296387,957,620
2480,1,Fast,0.7559674978256226,971,566
2481,1,Fast,0.8516850471496582,894,904
2481,1,Fast,0.7842962741851807,970,565
2481,1,Fast,0.7710613012313843,902,528
2481,1,Fast,0.7269408702850342,956,616
2481,1,Fast,0.3751322329044342,997,710
2482,1,Fast,0.8516132831573486,897,913
2482,1,Fast,0.6820594072341919,902,525
2482,1,Fast,0.6814713478088379,954,613
2482,1,Fast,0.5925149321556091,969,562
2482,1,Fast,0.38686883449554443,1052,762
2482,1,Fast,0.3705323040485382,833,662
2483,1,Fast,0.816002368927002,899,920
2483,1,Fast,0.7458556294441223,969,560
2483,1,Fast,0.7219069600105286,954,610
2483,1,Fast,0.5748050212860107,901,521
2483,1,Fast,0.40287473797798157,992,701
2483,2,Slow,0.3100656569004059,918,474
2484,1,Fast,0.7625840306282043,901,930
2484,1,Fast,0.7440398335456848,991,697
2484,1,Fast,0.7222024202346802,952,606
2484,1,Fast,0.6938174962997437,900,517
2485,1,Fast,0.8063485622406006,904,940
2485,1,Fast,0.6728988885879517,990,692
2485,1,Fast,0.6043987274169922,899,513
2485,1,Fast,0.560650646686554,952,602
2486,1,Fast,0.8597853183746338,907,948
2486,1,Fast,0.5218557119369507,988,688
2486,1,Fast,0.5182961821556091,898,510
2486,1,Fast,0.44724148511886597,949,599
2487,1,Fast,0.8675352931022644,909,956
2487,1,Fast,0.4053804874420166,986,682
2487,1,Fast,0.40481460094451904,1043,741
2488,1,Fast,0.8677048087120056,911,965
2488,1,Fast,0.45698535442352295,984,678
2488,1,Fast,0.37699979543685913,947,593
2489,1,Fast,0.8635439872741699,914,974
2489,1,Fast,0.6003133058547974,945,589
2489,1,Fast,0.413258820772171,896,499
2489,1,Fast,0.33882641792297363,982,673
2490,1,Fast,0.8788337707519531,917,983
2490,1,Fast,0.5727379322052002,944,586
2490,1,Fast,0.3666951656341553,981,668
2491,1,Fast,0.8816257119178772,920,993
2491,1,Fast,0.7065852284431458,943,582
2491,1,Fast,0.5140699148178101,978,664
2492,1,Fast,0.8373501300811768,924,1003
2492,1,Fast,0.6458577513694763,942,580
2492,2,Slow,0.5768530368804932,781,627
2492,1,Fast,0.4253624975681305,895,489
2492,1,Fast,0.3512391448020935,977,660
2493,1,Fast,0.795470118522644,927,1012
2493,1,Fast,0.7737966775894165,942,575
2493,2,Slow,0.7451028823852539,782,631
2493,1,Fast,0.6979142427444458,976,656
2493,1,Fast,0.44763240218162537,893,486
2494,2,Slow,0.7709713578224182,783,635
2494,1,Fast,0.6725117564201355,930,1020
2494,1,Fast,0.6058696508407593,973,652
2494,1,Fast,0.5819365978240967,845,722
2494,1,Fast,0.5491788387298584,941,572
2494,1,Fast,0.43952107429504395,893,483
2495,2,Slow,0.7837041020393372,783,639
2495,1,Fast,0.7079271078109741,971,648
2495,1,Fast,0.5055191516876221,940,568
2496,2,Slow,0.7360194325447083,784,642
2496,1,Fast,0.6665998101234436,969,645
2496,1,Fast,0.4978838562965393,893,476
2496,1,Fast,0.4145689904689789,935,1044
2496,1,Fast,0.31550493836402893,957,528
2497,2,Slow,0.6387507915496826,784,646
2497,1,Fast,0.514802873134613,938,563
2498,1,Fast,0.6879498958587646,937,560
2498,2,Slow,0.6779270768165588,784,650
2498,1,Fast,0.58209627866745,966,636
2498,1,Fast,0.4988276958465576,892,470
2498,1,Fast,0.4304661452770233,1150,1053
2499,1,Fast,0.6743655204772949,936,558
2499,2,Slow,0.4594572186470032,784,656
2499,1,Fast,0.45747703313827515,892,468
2500,1,Fast,0.6038045287132263,935,555
2500,1,Fast,0.45619139075279236,963,628
2500,2,Slow,0.41235148906707764,785,659
2501,2,Slow,0.6830639243125916,786,664
2501,1,Fast,0.5965827703475952,934,552
2501,1,Fast,0.5510908365249634,1094,819
2501,1,Fast,0.5372095108032227,961,625
2501,1,Fast,0.4484173059463501,1138,1025
2501,1,Fast,0.33299222588539124,1018,687
2502,1,Fast,0.7446885704994202,960,620
2502,1,Fast,0.6895477771759033,1132,1017
2502,2,Slow,0.620945394039154,786,667
2502,1,Fast,0.3717326819896698,856,766
2502,1,Fast,0.3498169779777527,934,549
2502,1,Fast,0.30206921696662903,1016,684
2503,1,Fast,0.8177334070205688,1128,1008
2503,1,Fast,0.7323479652404785,959,616
2503,1,Fast,0.5219106674194336,933,545
2503,1,Fast,0.3772623538970947,1014,679
2503,1,Fast,0.3386373519897461,856,773
2504,1,Fast,0.8036051988601685,1125,999
2504,1,Fast,0.7589149475097656,958,613
2504,1,Fast,0.6743864417076111,932,543
2504,1,Fast,0.6554337739944458,858,781
2504,2,Slow,0.4734703600406647,789,677
2504,1,Fast,0.4680587649345398,1013,676
2504,1,Fast,0.3974614441394806,1190,1023
2505,1,Fast,0.7769771218299866,859,787
2505,1,Fast,0.7561032176017761,1120,991
2505,1,Fast,0.7126123905181885,1011,672
2505,1,Fast,0.565754234790802,931,540
2505,1,Fast,0.5506253242492676,956,610
2505,2,Slow,0.36628320813179016,789,682
2506,1,Fast,0.7792923450469971,955,606
2506,1,Fast,0.7308275103569031,1116,983
2506,1,Fast,0.7305930852890015,1009,668
2506,2,Slow,0.7117865681648254,789,687
2506,1,Fast,0.6988021731376648,1183,1009
2506,1,Fast,0.6663746237754822,930,536
2507,1,Fast,0.7105998396873474,1111,975
2507,1,Fast,0.5959588289260864,1178,1002
2507,1,Fast,0.5494189262390137,953,603
2507,1,Fast,0.5068455338478088,930,533
2507,1,Fast,0.5067713856697083,1008,665
2507,1,Fast,0.41830331087112427,863,801
2508,1,Fast,0.5657120943069458,928,530
2508,1,Fast,0.5640490055084229,1108,968
2508,1,Fast,0.5404932498931885,951,599
2508,1,Fast,0.5178554654121399,865,807
2508,1,Fast,0.4542669653892517,1173,995
2508,1,Fast,0.3097195625305176,1007,662
2509,1,Fast,0.8106319308280945,1105,960
2509,1,Fast,0.673721194267273,867,814
2509,1,Fast,0.3379463255405426,927,527
2510,1,Fast,0.6843480467796326,948,592
2510,1,Fast,0.6340934038162231,1101,953
2510,1,Fast,0.6334323883056641,1004,655
2510,1,Fast,0.5539687275886536,1165,981
2510,1,Fast,0.43409815430641174,927,526
2510,1,Fast,0.358764111995697,868,821
2511,1,Fast,0.8380262851715088,1003,652
2511,1,Fast,0.7205243110656738,1098,946
2511,1,Fast,0.6295931339263916,1162,975
2511,1,Fast,0.414445161819458,947,588
2511,1,Fast,0.38477951288223267,945,495
2512,1,Fast,0.8435918092727661,1001,648
2512,1,Fast,0.7939795255661011,946,584
2512,1,Fast,0.49706900119781494,1094,937
2512,2,Slow,0.36137521266937256,794,716
2513,1,Fast,0.8166804313659668,945,581
2513,1,Fast,0.8015680909156799,1000,645
2513,1,Fast,0.6573206782341003,1091,930
2513,1,Fast,0.4919140338897705,925,518
2513,2,Slow,0.487802118062973,794,721
2513,1,Fast,0.4603450298309326,873,840
2514,1,Fast,0.7600469589233398,944,577
2514,1,Fast,0.7230517268180847,1087,923
2514,1,Fast,0.671759307384491,998,642
2514,2,Slow,0.6442697048187256,796,726
2514,1,Fast,0.6024846434593201,875,848
2514,1,Fast,0.5058087706565857,924,514
2515,1,Fast,0.8426217436790466,997,638
2515,1,Fast,0.7989564538002014,876,855
2515,1,Fast,0.7876453399658203,1084,916
2515,1,Fast,0.7533252239227295,944,573
2515,2,Slow,0.6690365076065063,797,730
2515,1,Fast,0.5327236652374268,923,511
2515,1,Fast,0.4610546827316284,1147,947
2515,1,Fast,0.4056059718132019,943,485
2515,1,Fast,0.3235766887664795,1062,754
2515,1,Fast,0.30514419078826904,886,423
2516,1,Fast,0.8086630702018738,996,634
2516,1,Fast,0.7667150497436523,878,863
2516,1,Fast,0.6584155559539795,1080,908
2516,2,Slow,0.5437595248222351,799,737
2516,1,Fast,0.5174301266670227,1059,749
2516,1,Fast,0.5166654586791992,922,506
2516,1,Fast,0.4881804585456848,943,569
2517,1,Fast,0.7462901473045349,880,872
2517,1,Fast,0.7302941679954529,995,632
2517,2,Slow,0.7180529236793518,800,742
2517,1,Fast,0.7035790681838989,1077,902
2517,1,Fast,0.6336761713027954,1057,746
2517,1,Fast,0.604692816734314,942,567
2517,1,Fast,0.518208920955658,922,504
2518,1,Fast,0.7981413006782532,993,628
2518,1,Fast,0.7206977605819702,940,564
2518,1,Fast,0.6494340300559998,1055,741
2518,1,Fast,0.5601720809936523,921,503
2518,2,Slow,0.46152549982070923,800,745
2518,1,Fast,0.45231643319129944,883,879
2518,1,Fast,0.4003944396972656,1074,894
2519,1,Fast,0.8503744602203369,992,626
2519,1,Fast,0.7298557758331299,885,886
2519,1,Fast,0.7209679484367371,939,560
2519,1,Fast,0.7172308564186096,920,500
2519,1,Fast,0.587552547454834,1053,737
2519,1,Fast,0.3892277181148529,1135,923
2519,1,Fast,0.3291122317314148,885,413
2520,1,Fast,0.8124520182609558,991,623
2520,1,Fast,0.6912657618522644,937,557
2520,1,Fast,0.6259872913360596,920,497
2520,1,Fast,0.5878781676292419,888,894
2520,1,Fast,0.50185227394104,885,410
2520,1,Fast,0.43036574125289917,1052,734
2520,1,Fast,0.3874247968196869,905,397
2520,1,Fast,0.34858664870262146,941,476
2521,1,Fast,0.788361132144928,936,554
2521,1,Fast,0.7651234269142151,990,619
2521,1,Fast,0.654624342918396,919,495
2521,1,Fast,0.6349713802337646,885,408
2521,1,Fast,0.32752493023872375,941,474
2522,1,Fast,0.8071849942207336,936,551
2522,1,Fast,0.758484423160553,919,492
2522,1,Fast,0.6857402920722961,990,617
2522,1,Fast,0.6565831899642944,941,472
2522,1,Fast,0.63922119140625,885,406
2522,1,Fast,0.44093090295791626,893,910
2523,1,Fast,0.7702743411064148,934,548
2523,1,Fast,0.7531405687332153,988,613
2523,1,Fast,0.5058563351631165,884,404
2523,1,Fast,0.485880047082901,919,489
2523,1,Fast,0.3676378130912781,895,916
2524,1,Fast,0.7369363307952881,987,611
2524,1,Fast,0.7206177115440369,933,545
2524,1,Fast,0.539999783039093,884,401
2524,1,Fast,0.3120509386062622,1043,716
2525,1,Fast,0.7673825621604919,985,608
2525,1,Fast,0.6955283284187317,1041,712
2525,1,Fast,0.6815930604934692,899,934
2525,1,Fast,0.6332034468650818,932,542
2525,1,Fast,0.4204353392124176,884,399
2526,1,Fast,0.8256380558013916,901,942
2526,1,Fast,0.6293596029281616,985,604
2526,1,Fast,0.5059107542037964,1039,708
2526,1,Fast,0.4735003411769867,917,482
2526,1,Fast,0.3315144181251526,932,538
2526,1,Fast,0.3314417004585266,939,465
2527,1,Fast,0.8298640847206116,904,951
2527,1,Fast,0.650721549987793,983,602
2527,1,Fast,0.45047056674957275,916,480
2527,1,Fast,0.4105018973350525,1048,837
2527,1,Fast,0.3910025656223297,1109,876
2527,1,Fast,0.3651216924190521,939,463
2528,1,Fast,0.8006929159164429,906,961
2528,1,Fast,0.6462321877479553,1106,870
2528,1,Fast,0.6312183141708374,983,598
2528,1,Fast,0.5704748034477234,916,477
2528,1,Fast,0.41279086470603943,931,533
2528,1,Fast,0.39742782711982727,1045,831
2528,1,Fast,0.32265686988830566,938,461
2529,1,Fast,0.801910400390625,982,596
2529,1,Fast,0.7761110067367554,910,971
2529,1,Fast,0.7064847946166992,930,530
2529,1,Fast,0.5851061940193176,916,475
2529,1,Fast,0.5079143643379211,938,459
2529,1,Fast,0.5039077997207642,1042,826
2530,1,Fast,0.8216069936752319,980,593
2530,1,Fast,0.7018779516220093,916,472
2530,1,Fast,0.622738778591156,939,457
2530,1,Fast,0.6010311245918274,929,527
2530,1,Fast,0.5868819952011108,913,979
2530,1,Fast,0.4525182247161865,1034,693
2530,1,Fast,0.31115517020225525,1100,859
2531,1,Fast,0.8119875192642212,980,590
2531,1,Fast,0.6881741881370544,914,470
2531,1,Fast,0.6670663356781006,928,524
2531,1,Fast,0.5245014429092407,916,990
2531,1,Fast,0.4926295876502991,938,455
2531,1,Fast,0.395888090133667,1037,813
2532,1,Fast,0.7933158874511719,978,588
2532,1,Fast,0.710436224937439,913,467
2532,1,Fast,0.6796092987060547,928,521
2532,1,Fast,0.5764967203140259,817,826
2532,1,Fast,0.5435062646865845,1029,685
2533,1,Fast,0.7865256071090698,926,518
2533,1,Fast,0.7613008618354797,978,586
2533,1,Fast,0.696770966053009,913,466
2533,1,Fast,0.5747808218002319,938,452
2533,1,Fast,0.5632629990577698,818,832
2533,1,Fast,0.5414245128631592,1027,681
2533,1,Fast,0.363333135843277,883,381
2534,1,Fast,0.7844637036323547,925,514
2534,1,Fast,0.7698113918304443,976,582
2534,1,Fast,0.6783978939056396,912,464
2534,1,Fast,0.637830913066864,937,450
2535,1,Fast,0.7302911877632141,975,580
2535,1,Fast,0.6581467390060425,925,512
2535,1,Fast,0.6470460891723633,913,461
2535,1,Fast,0.5553716421127319,937,448
2536,1,Fast,0.6301652193069458,930,1038
2536,1,Fast,0.6183232069015503,912,459
2536,1,Fast,0.5859044194221497,974,577
2536,1,Fast,0.5017843246459961,924,508
2536,1,Fast,0.39899322390556335,937,446
2536,1,Fast,0.3462478518486023,822,623
2536,2,Slow,0.3184378743171692,821,850
2537,1,Fast,0.6933431625366211,823,858
2537,1,Fast,0.6717902421951294,922,506
2537,1,Fast,0.6309687495231628,911,456
2537,1,Fast,0.5893217325210571,973,574
2537,1,Fast,0.5536242723464966,823,627
2537,1,Fast,0.3724251985549927,933,1049
2538,1,Fast,0.7924198508262634,824,865
2538,1,Fast,0.7114610075950623,911,454
2538,1,Fast,0.7075440287590027,922,503
2538,1,Fast,0.5680739879608154,823,630
2538,1,Fast,0.4589359164237976,973,572
2538,1,Fast,0.429848849773407,935,443
2539,1,Fast,0.6654661297798157,912,452
2539,1,Fast,0.5523109436035156,922,499
2539,1,Fast,0.5204653739929199,972,568
2539,1,Fast,0.5101799964904785,826,874
2539,1,Fast,0.4868747293949127,1019,660
2539,1,Fast,0.4711262881755829,823,634
2539,1,Fast,0.37990158796310425,934,441
2539,1,Fast,0.3437952399253845,1075,812
2539,1,Fast,0.3426710069179535,1018,770
2540,1,Fast,0.7289966940879822,1017,657
2540,1,Fast,0.595075786113739,911,451
2540,1,Fast,0.4475794732570648,934,439
2540,1,Fast,0.34834393858909607,828,880
2541,1,Fast,0.5352258086204529,830,887
2541,1,Fast,0.4676123857498169,1016,653
2541,1,Fast,0.46540549397468567,911,448
2541,1,Fast,0.4343768358230591,921,495
2541,1,Fast,0.3118698000907898,970,563
2541,1,Fast,0.3048173487186432,934,439
2542,1,Fast,0.7175050973892212,831,894
2542,1,Fast,0.6955820322036743,1068,797
2542,1,Fast,0.6612673997879028,969,560
2542,1,Fast,0.6373385787010193,827,648
2542,1,Fast,0.5201773643493652,933,436
2542,1,Fast,0.4935227632522583,910,447
2543,1,Fast,0.6467143297195435,967,558
2543,1,Fast,0.6233786344528198,932,434
2543,1,Fast,0.4628978967666626,909,445
2543,1,Fast,0.3042539954185486,827,652
2544,1,Fast,0.732214629650116,967,555
2544,1,Fast,0.4896900951862335,918,487
2544,1,Fast,0.40581151843070984,909,441
2544,1,Fast,0.35019782185554504,835,908
2545,1,Fast,0.7326191067695618,967,553
2545,1,Fast,0.3760514259338379,909,440
2545,1,Fast,0.30747535824775696,828,661
2547,1,Fast,0.7528893947601318,841,932
2547,1,Fast,0.5691760182380676,965,548
2547,1,Fast,0.47792917490005493,909,436
2547,1,Fast,0.39938879013061523,932,427
2547,1,Fast,0.32354745268821716,1008,634
2548,1,Fast,0.8236925005912781,843,939
2548,1,Fast,0.7581734657287598,1006,631
2548,1,Fast,0.6339898109436035,964,546
2548,1,Fast,0.4582987129688263,908,434
2549,1,Fast,0.6215808391571045,844,945
2549,1,Fast,0.5902165174484253,1004,627
2549,1,Fast,0.41337886452674866,908,433
2549,1,Fast,0.3122082054615021,915,474
2550,1,Fast,0.6820060610771179,916,471
2550,1,Fast,0.49114319682121277,907,431
2550,1,Fast,0.4573151767253876,962,542
2550,2,Slow,0.3222039043903351,846,954
2551,1,Fast,0.7259234189987183,962,539
2551,1,Fast,0.7012671232223511,915,468
2551,1,Fast,0.6295166611671448,907,429
2551,2,Slow,0.5631635189056396,847,963
2551,1,Fast,0.3884974420070648,931,422
2552,1,Fast,0.6617974042892456,906,427
2552,1,Fast,0.6520566940307617,961,537
2552,2,Slow,0.5132101774215698,849,972
2552,1,Fast,0.4536650478839874,915,466
2553,1,Fast,0.6179623603820801,906,424
2553,1,Fast,0.5376378893852234,852,980
2554,1,Fast,0.6897963881492615,998,612
2554,1,Fast,0.6577887535095215,906,422
2554,1,Fast,0.5734705328941345,853,988
2554,1,Fast,0.36136940121650696,931,417
2555,1,Fast,0.8109533786773682,857,997
2555,1,Fast,0.5963975191116333,905,420
2555,1,Fast,0.5863565802574158,931,415
2555,1,Fast,0.5435206890106201,997,608
2555,1,Fast,0.3183088004589081,1041,739
2556,1,Fast,0.7323834300041199,858,1006
2556,1,Fast,0.6554469466209412,840,717
2556,1,Fast,0.5355600714683533,931,414
2556,1,Fast,0.41389399766921997,905,418
2557,1,Fast,0.7420221567153931,841,722
2557,1,Fast,0.30213382840156555,904,417
2558,1,Fast,0.7257128357887268,863,1025
2558,1,Fast,0.7242242693901062,843,728
2558,1,Fast,0.5386682748794556,903,416
2558,1,Fast,0.349738746881485,931,412
2559,1,Fast,0.7893298268318176,866,1035
2559,1,Fast,0.6615520715713501,845,734
2559,1,Fast,0.5928263664245605,903,414
2559,1,Fast,0.4668087959289551,931,410
2560,1,Fast,0.7532504796981812,846,739
2560,1,Fast,0.6705206036567688,870,1046
2560,1,Fast,0.525063693523407,902,412
2560,1,Fast,0.385989248752594,931,408
2561,1,Fast,0.4788174033164978,847,745
2561,1,Fast,0.4257003664970398,902,411
2561,1,Fast,0.34869202971458435,873,1055
2561,1,Fast,0.34398189187049866,1106,953
2562,1,Fast,0.6607998013496399,987,589
2562,1,Fast,0.4791383147239685,875,1060
2562,1,Fast,0.3947071433067322,902,410
2563,1,Fast,0.6824290752410889,986,587
2563,1,Fast,0.30688416957855225,902,408
2564,1,Fast,0.5482568740844727,985,584
2564,1,Fast,0.3215877115726471,953,510
2565,1,Fast,0.4153575599193573,852,769
2565,1,Fast,0.4075341522693634,901,403
2565,1,Fast,0.31426548957824707,910,437
2566,1,Fast,0.6384794116020203,854,774
2566,1,Fast,0.3582543730735779,901,402
2567,1,Fast,0.6577131748199463,855,781
2567,1,Fast,0.33650127053260803,950,504
2567,1,Fast,0.30516180396080017,980,576
2568,1,Fast,0.667571485042572,857,787
2568,1,Fast,0.3877926468849182,980,572
2568,1,Fast,0.3553586006164551,950,501
2569,1,Fast,0.6732275485992432,859,794
2569,1,Fast,0.48198503255844116,979,570
2569,1,Fast,0.36878103017807007,901,396
2569,1,Fast,0.3557775318622589,949,499
2570,1,Fast,0.7398471832275391,861,801
2570,1,Fast,0.6330251097679138,978,566
2570,1,Fast,0.40078121423721313,949,497
2570,1,Fast,0.32413533329963684,900,394
2571,1,Fast,0.7884217500686646,862,806
2571,1,Fast,0.6543591618537903,976,564
2571,1,Fast,0.4253212809562683,906,425
2572,1,Fast,0.40517035126686096,906,423
2572,1,Fast,0.3948921263217926,864,813
2574,1,Fast,0.561498761177063,958,618
2575,1,Fast,0.6522141098976135,957,615
2575,1,Fast,0.46453621983528137,869,833
2575,2,Slow,0.3220517933368683,946,487
2576,1,Fast,0.7531313300132751,971,551
2576,1,Fast,0.5786648988723755,957,611
2577,1,Fast,0.766201376914978,970,549
2577,1,Fast,0.7026954293251038,955,609
2577,1,Fast,0.6900942921638489,873,847
2578,1,Fast,0.7717433571815491,969,546
2578,1,Fast,0.6999709010124207,875,855
2578,1,Fast,0.6101177930831909,953,605
2579,1,Fast,0.7967419624328613,877,862
2579,1,Fast,0.7667664289474487,968,543
2579,1,Fast,0.4713039994239807,952,602
2579,1,Fast,0.39773598313331604,1002,647
2580,1,Fast,0.7971811294555664,879,870
2580,1,Fast,0.7001237273216248,967,542
2580,1,Fast,0.4880853593349457,952,598
2580,1,Fast,0.30010461807250977,1000,644
2581,1,Fast,0.7871474027633667,881,877
2582,1,Fast,0.8002581596374512,884,885
2582,1,Fast,0.6985343098640442,949,592
2582,1,Fast,0.6892768144607544,965,537
2583,1,Fast,0.790005087852478,886,893
2583,1,Fast,0.698340892791748,964,536
2583,1,Fast,0.5833102464675903,947,588
2584,1,Fast,0.7400749325752258,888,901
2584,1,Fast,0.6411182880401611,946,585
2584,1,Fast,0.5827975869178772,963,534
2585,1,Fast,0.7853339910507202,963,530
2585,1,Fast,0.6926419734954834,944,581
2585,1,Fast,0.30182939767837524,890,908
2586,1,Fast,0.6046743392944336,944,579
2586,1,Fast,0.5887529253959656,963,528
2587,1,Fast,0.6183817386627197,943,574
2588,1,Fast,0.7661928534507751,897,933
2588,1,Fast,0.6305845379829407,988,617
2588,1,Fast,0.5140498876571655,943,572
2589,1,Fast,0.800293505191803,900,941
2589,1,Fast,0.4854060113430023,987,614
2589,1,Fast,0.4443926513195038,942,568
2590,1,Fast,0.8092824220657349,902,950
2590,1,Fast,0.41416308283805847,986,612
2591,1,Fast,0.7473034262657166,905,959
2591,1,Fast,0.37567538022994995,939,563
2592,1,Fast,0.8408351540565491,907,968
2592,1,Fast,0.6140819191932678,938,559
2592,1,Fast,0.4537496566772461,958,514
2593,1,Fast,0.8554442524909973,910,977
2593,1,Fast,0.613107442855835,958,513
2593,1,Fast,0.30606159567832947,937,557
2594,1,Fast,0.6899980306625366,957,511
2594,1,Fast,0.621985912322998,914,987
2594,1,Fast,0.5076481103897095,936,554
2595,1,Fast,0.5716185569763184,916,996
2595,1,Fast,0.5686675310134888,956,508
2595,1,Fast,0.5618889331817627,936,551
2596,1,Fast,0.6814458966255188,934,549
2596,1,Fast,0.48771601915359497,955,507
2597,1,Fast,0.40608593821525574,934,545
2598,1,Fast,0.4226507544517517,952,501
2598,1,Fast,0.4067349433898926,934,542
2599,1,Fast,0.5106213688850403,952,499
2599,1,Fast,0.4274275302886963,974,584
2600,1,Fast,0.6123296022415161,1163,1056
2600,1,Fast,0.4931566119194031,951,496
2600,1,Fast,0.4528927505016327,993,707
2601,1,Fast,0.7708935737609863,1158,1050
2601,1,Fast,0.7596139311790466,973,579
2601,1,Fast,0.5746397972106934,950,493
2601,1,Fast,0.547391414642334,934,1054
2602,1,Fast,0.7584683299064636,972,577
2602,1,Fast,0.7553977966308594,1153,1040
2602,1,Fast,0.6213456988334656,989,698
2602,1,Fast,0.5659451484680176,950,492
2602,1,Fast,0.35306301712989807,939,1059
2603,1,Fast,0.8661141395568848,1148,1031
2603,1,Fast,0.767367422580719,987,693
2603,1,Fast,0.7544142603874207,971,574
2603,1,Fast,0.49303293228149414,949,489
2603,1,Fast,0.46618223190307617,930,528
2604,1,Fast,0.871738076210022,1145,1022
2604,1,Fast,0.656071662902832,985,688
2604,1,Fast,0.47489210963249207,971,571
2604,1,Fast,0.3027699291706085,947,1069
2605,1,Fast,0.8627790212631226,1139,1013
2605,1,Fast,0.749919056892395,984,683
2606,1,Fast,0.8460682034492493,1134,1005
2606,1,Fast,0.6505611538887024,982,680
2607,1,Fast,0.799798309803009,1130,996
2607,1,Fast,0.5713025331497192,981,675
2608,1,Fast,0.8287071585655212,1125,987
2608,1,Fast,0.3641625642776489,979,670
2609,1,Fast,0.8108547925949097,1121,979
2610,1,Fast,0.7116818428039551,1118,971
2610,1,Fast,0.5875729322433472,976,661
2610,1,Fast,0.4109755754470825,964,555
2611,1,Fast,0.688627302646637,1113,962
2611,1,Fast,0.32010936737060547,974,657
2612,1,Fast,0.6657357811927795,1109,954
2612,1,Fast,0.44409292936325073,972,653
2612,1,Fast,0.4193725287914276,923,503
2613,1,Fast,0.6871395707130432,1105,947
2613,1,Fast,0.6308907866477966,970,650
2613,1,Fast,0.5297183394432068,923,500
2614,1,Fast,0.5033811926841736,1102,938
2614,1,Fast,0.3968874216079712,969,645
2615,1,Fast,0.8215703368186951,1098,930
2616,1,Fast,0.7958673238754272,1095,924
2616,1,Fast,0.3724682033061981,965,636
2617,1,Fast,0.7363661527633667,1090,915
2617,1,Fast,0.49991798400878906,963,632
2618,1,Fast,0.42640042304992676,1087,908
2619,1,Fast,0.5725803971290588,1083,901
2619,1,Fast,0.3642398416996002,960,624
2621,1,Fast,0.632091224193573,957,616
2621,1,Fast,0.6022526025772095,1076,888
2622,1,Fast,0.7593687176704407,956,612
2623,1,Fast,0.7503038048744202,955,609
2624,1,Fast,0.6921495795249939,954,605
2625,1,Fast,0.6814299821853638,952,601
2625,1,Fast,0.4681801199913025,917,470
2625,2,Slow,0.3884970247745514,952,517
2625,1,Fast,0.34585949778556824,1063,860
2626,1,Fast,0.600710928440094,916,468
2626,2,Slow,0.35653722286224365,951,514
2627,1,Fast,0.6259236931800842,948,595
2627,1,Fast,0.5516858696937561,915,466
2628,1,Fast,0.6153330206871033,947,590
2628,1,Fast,0.30777499079704285,1054,841
2629,1,Fast,0.3222653567790985,946,587
2630,1,Fast,0.4968789219856262,943,583
2630,1,Fast,0.44855833053588867,1047,828
2631,1,Fast,0.6510531306266785,943,579
2632,2,Slow,0.5072681307792664,947,500
2632,1,Fast,0.42851343750953674,942,576
2633,1,Fast,0.5479826331138611,942,573
2633,2,Slow,0.35381489992141724,946,498
2634,1,Fast,0.33760350942611694,1037,805
2635,1,Fast,0.6003673076629639,1034,799
2635,2,Slow,0.37843307852745056,945,494
2637,1,Fast,0.6095754504203796,936,560
2638,2,Slow,0.5210035443305969,943,488
2638,1,Fast,0.4670848846435547,935,557
2639,2,Slow,0.5698241591453552,943,486
2640,1,Fast,0.5364612340927124,1162,1052
2640,1,Fast,0.38158494234085083,1021,770
2640,1,Fast,0.35374385118484497,934,551
2640,1,Fast,0.33770427107810974,912,439
2640,2,Slow,0.3028515577316284,943,483
2641,1,Fast,0.3979192078113556,1018,764
2641,1,Fast,0.3874194920063019,1158,1044
2641,1,Fast,0.38687315583229065,911,438
2642,1,Fast,0.4436762034893036,932,544
2643,1,Fast,0.712551474571228,1149,1025
2644,1,Fast,0.7391470670700073,1143,1015
2645,1,Fast,0.7582200169563293,1139,1008
2645,2,Slow,0.5146085023880005,940,474
2646,1,Fast,0.7473118901252747,1135,999
2646,1,Fast,0.6143627762794495,1007,738
2646,2,Slow,0.5738381743431091,939,472
2646,1,Fast,0.37486714124679565,929,532
2647,1,Fast,0.7807232141494751,1130,990
2647,1,Fast,0.5486911535263062,1005,733
2647,2,Slow,0.4333202540874481,939,470
2647,1,Fast,0.34055295586586,928,530
2648,1,Fast,0.8259618282318115,1126,981
2648,1,Fast,0.45535755157470703,927,527
2649,1,Fast,0.771725594997406,1122,974
2650,1,Fast,0.79460608959198,1118,966
2650,1,Fast,0.5610424280166626,926,521
2651,1,Fast,0.7025047540664673,997,713
2651,1,Fast,0.6378709673881531,1114,957
2651,1,Fast,0.6318485736846924,926,518
2652,1,Fast,0.7137888669967651,1110,949
2652,1,Fast,0.4703528583049774,995,709
2652,1,Fast,0.4312903583049774,924,514
2653,1,Fast,0.48379892110824585,1107,942
2653,1,Fast,0.34253332018852234,924,512
2654,1,Fast,0.6223875880241394,1103,934
2654,1,Fast,0.3757030963897705,990,699
2655,1,Fast,0.7733654975891113,1099,926
2655,1,Fast,0.6426385641098022,922,505
2655,1,Fast,0.5416654944419861,988,695
2656,1,Fast,0.712390661239624,1096,919
2656,1,Fast,0.38756266236305237,922,503
2656,1,Fast,0.3097131550312042,986,690
2656,1,Fast,0.30081939697265625,785,571
2657,1,Fast,0.6685240864753723,1092,911
2657,1,Fast,0.42508819699287415,985,686
2658,1,Fast,0.7049264311790466,1088,904
2658,1,Fast,0.4281100630760193,920,498
2658,1,Fast,0.339455783367157,983,681
2659,1,Fast,0.7175058126449585,981,676
2659,1,Fast,0.681477963924408,1084,897
2660,1,Fast,0.4589061141014099,979,672
2661,1,Fast,0.34166398644447327,977,667
2662,1,Fast,0.32485273480415344,976,663
2663,1,Fast,0.6354606747627258,975,659
2663,1,Fast,0.603131115436554,859,757
2663,1,Fast,0.5398414134979248,1073,871
2664,1,Fast,0.5163329839706421,973,655
2664,1,Fast,0.311924546957016,862,763
2665,1,Fast,0.48201432824134827,971,651
2665,1,Fast,0.36401817202568054,1065,857
2666,1,Fast,0.425711989402771,969,646
2669,1,Fast,0.5096659660339355,1115,1057
2669,1,Fast,0.4238485097885132,869,799
2670,1,Fast,0.6861265301704407,1107,1051
2671,1,Fast,0.8095575571060181,1101,1043
2671,1,Fast,0.4484538733959198,962,626
2672,1,Fast,0.781891942024231,1096,1033
2672,1,Fast,0.4648545980453491,960,622
2673,1,Fast,0.780731737613678,1090,1021
2673,1,Fast,0.5468161702156067,959,619
2674,1,Fast,0.8039215803146362,1085,1009
2674,1,Fast,0.49973538517951965,957,614
2674,1,Fast,0.4670174717903137,1040,801
2674,1,Fast,0.45777270197868347,880,832
2675,1,Fast,0.8059291839599609,1080,999
2675,1,Fast,0.7285150289535522,1036,796
2676,1,Fast,0.8592811226844788,1076,988
2676,1,Fast,0.49067872762680054,1034,790
2676,1,Fast,0.34523457288742065,955,608
2677,1,Fast,0.8188679814338684,1071,978
2677,1,Fast,0.5733597874641418,791,646
2678,1,Fast,0.8111225962638855,1067,968
2678,1,Fast,0.6342371702194214,792,650
2679,1,Fast,0.8748610615730286,1063,957
2679,1,Fast,0.5751767754554749,888,871
2679,1,Fast,0.5542692542076111,1025,773
2680,1,Fast,0.8446516394615173,1058,947
2680,1,Fast,0.7297744750976562,1023,768
2680,1,Fast,0.5523520112037659,949,593
2680,1,Fast,0.30884596705436707,889,878
2681,1,Fast,0.8557180762290955,1054,938
2681,1,Fast,0.6681367754936218,893,886
2681,1,Fast,0.31601986289024353,948,589
2682,1,Fast,0.870842695236206,1049,929
2682,1,Fast,0.6649190187454224,947,586
2682,1,Fast,0.3888319730758667,1019,758
2683,1,Fast,0.858663022518158,1045,918
2683,1,Fast,0.7495490312576294,946,583
2683,1,Fast,0.6879271268844604,900,903
2683,1,Fast,0.30057504773139954,1016,752
2684,1,Fast,0.8592717051506042,1041,910
2684,1,Fast,0.8085114359855652,901,911
2684,1,Fast,0.6747356653213501,945,579
2684,1,Fast,0.39286062121391296,1014,747
2684,1,Fast,0.32081788778305054,797,678
2685,1,Fast,0.8635222911834717,1037,901
2685,1,Fast,0.6626293659210205,904,919
2685,1,Fast,0.5918352007865906,944,575
2685,1,Fast,0.527371883392334,1013,741
2686,1,Fast,0.854326069355011,1034,892
2686,1,Fast,0.7249147891998291,1010,736
2686,1,Fast,0.6391560435295105,943,572
2686,1,Fast,0.4921301305294037,906,929
2686,1,Fast,0.3497953712940216,1175,1072
2687,1,Fast,0.8756842613220215,1030,885
2687,1,Fast,0.7459964752197266,1009,732
2687,1,Fast,0.6145268678665161,1168,1066
2687,1,Fast,0.35937756299972534,942,569
2688,1,Fast,0.8329607844352722,1026,876
2688,1,Fast,0.7712270617485046,911,948
2688,1,Fast,0.7275274395942688,1165,1061
2688,1,Fast,0.6288155317306519,1007,726
2688,1,Fast,0.3168927729129791,941,566
2689,1,Fast,0.8524335026741028,1023,867
2689,1,Fast,0.8460147976875305,914,957
2689,1,Fast,0.832228422164917,1157,1056
2689,1,Fast,0.428854376077652,939,562
2690,1,Fast,0.861318826675415,916,965
2690,1,Fast,0.8567866683006287,1019,859
2690,1,Fast,0.8308273553848267,1150,1050
2690,1,Fast,0.6021271347999573,1003,715
2690,1,Fast,0.527106761932373,939,559
2691,1,Fast,0.8846145868301392,1016,852
2691,1,Fast,0.8268491625785828,920,975
2691,1,Fast,0.7428620457649231,1000,710
2691,1,Fast,0.3239966034889221,937,555
2692,1,Fast,0.8138366341590881,1013,844
2692,1,Fast,0.8048041462898254,923,985
2692,1,Fast,0.5461696982383728,997,706
2692,1,Fast,0.5020055770874023,937,553
2693,1,Fast,0.7219353914260864,926,994
2693,1,Fast,0.7114708423614502,1010,835
2693,1,Fast,0.6613594889640808,994,701
2693,1,Fast,0.4643440842628479,935,549
2693,1,Fast,0.3444570004940033,1135,1021
2694,1,Fast,0.811529278755188,1007,828
2694,1,Fast,0.7984740734100342,929,1005
2694,1,Fast,0.6978068351745605,1131,1010
2694,1,Fast,0.6559939980506897,994,698
2695,1,Fast,0.8510149121284485,1125,1001
2695,1,Fast,0.8112083077430725,1003,820
2695,1,Fast,0.801715612411499,932,1015
2695,1,Fast,0.6360805034637451,993,693
2695,1,Fast,0.3067312240600586,933,543
2696,1,Fast,0.8737544417381287,1120,992
2696,1,Fast,0.8050975799560547,1000,813
2696,1,Fast,0.7696688175201416,934,1025
2696,1,Fast,0.5817992687225342,933,540
2696,1,Fast,0.4985627830028534,990,689
2697,1,Fast,0.8655340671539307,1116,983
2697,1,Fast,0.731803834438324,932,536
2697,1,Fast,0.7313018441200256,997,805
2697,1,Fast,0.3847462236881256,989,684
2698,1,Fast,0.8668876886367798,1111,973
2698,1,Fast,0.7886767983436584,995,798
2698,1,Fast,0.7883662581443787,987,680
2698,1,Fast,0.47990450263023376,931,534
2699,1,Fast,0.8535857796669006,1106,965
2699,1,Fast,0.7560625672340393,986,675
2699,1,Fast,0.74959397315979,930,530
2699,1,Fast,0.7157601714134216,992,791
2700,1,Fast,0.8642783761024475,1103,956
2700,1,Fast,0.8117943406105042,983,670
2700,1,Fast,0.7532201409339905,988,784
2700,1,Fast,0.677662193775177,952,1059
2700,1,Fast,0.6199580430984497,929,528
2701,1,Fast,0.8311768770217896,1099,947
2701,1,Fast,0.8107477426528931,981,665
2701,1,Fast,0.6784476041793823,986,777
2701,1,Fast,0.5345427393913269,928,525
2701,1,Fast,0.43078795075416565,955,1064
2702,1,Fast,0.7969431281089783,983,771
2702,1,Fast,0.742143452167511,979,661
2702,1,Fast,0.5093878507614136,1095,939
2702,1,Fast,0.4674575924873352,927,522
2702,1,Fast,0.35704803466796875,957,1070
2703,1,Fast,0.7900726199150085,981,764
2703,1,Fast,0.7815108299255371,978,657
2703,1,Fast,0.5816230773925781,1091,931
2704,1,Fast,0.7881428599357605,976,653
2704,1,Fast,0.7421316504478455,978,758
2704,1,Fast,0.6915258169174194,1087,922
2705,1,Fast,0.767025887966156,1083,915
2705,1,Fast,0.7668886780738831,976,751
2705,1,Fast,0.7524533867835999,975,649
2705,1,Fast,0.35980162024497986,812,781
2706,1,Fast,0.7778571844100952,973,744
2706,1,Fast,0.7644615769386292,1079,907
2706,1,Fast,0.7304097414016724,973,645
2706,1,Fast,0.37516576051712036,814,787
2707,1,Fast,0.8437011241912842,1075,899
2707,1,Fast,0.8138378858566284,971,738
2707,1,Fast,0.8031100630760193,972,641
2707,1,Fast,0.5245431065559387,815,792
2708,1,Fast,0.7835507988929749,969,731
2708,1,Fast,0.7461190819740295,1072,891
2708,1,Fast,0.7206966876983643,971,637
2708,1,Fast,0.6844869256019592,816,798
2709,1,Fast,0.7995052933692932,969,633
2709,1,Fast,0.7644144892692566,966,725
2709,1,Fast,0.721534788608551,1069,884
2709,1,Fast,0.6850336790084839,818,804
2710,1,Fast,0.8162381649017334,964,718
2710,1,Fast,0.7358726263046265,968,630
2710,1,Fast,0.6039840579032898,922,498
2710,1,Fast,0.4049933850765228,819,810
2711,1,Fast,0.8150347471237183,966,625
2711,1,Fast,0.7826248407363892,961,713
2711,1,Fast,0.7312160134315491,1061,869
2711,1,Fast,0.4946674406528473,820,817
2712,1,Fast,0.8115442395210266,964,623
2712,1,Fast,0.799897313117981,960,707
2712,1,Fast,0.6420645713806152,820,822
2712,1,Fast,0.5901930332183838,1058,861
2713,1,Fast,0.7938000559806824,963,618
2713,1,Fast,0.7886690497398376,821,829
2713,1,Fast,0.7740596532821655,958,701
2713,1,Fast,0.33583003282546997,1056,855
2714,1,Fast,0.7428253293037415,823,835
2714,1,Fast,0.7240747213363647,955,696
2714,1,Fast,0.7204641103744507,962,613
2715,1,Fast,0.8152148127555847,825,841
2715,1,Fast,0.7790225148200989,961,610
2715,1,Fast,0.7749107480049133,953,689
2715,1,Fast,0.6489079594612122,1049,842
2716,1,Fast,0.8463742136955261,951,684
2716,1,Fast,0.8100854158401489,826,848
2716,1,Fast,0.7936503291130066,1045,834
2716,1,Fast,0.7388941645622253,959,606
2717,1,Fast,0.8385612368583679,950,679
2717,1,Fast,0.8172858357429504,828,855
2717,1,Fast,0.7630674242973328,957,603
2717,1,Fast,0.6197230219841003,1043,828
2718,1,Fast,0.8148696422576904,948,674
2718,1,Fast,0.7800154685974121,829,862
2718,1,Fast,0.6654419898986816,955,599
2718,1,Fast,0.5857211947441101,1039,821
2719,1,Fast,0.7926822900772095,831,868
2719,1,Fast,0.7257682681083679,946,669
2719,1,Fast,0.7079247236251831,1036,815
2719,1,Fast,0.6959094405174255,954,596
2720,1,Fast,0.7734223008155823,832,875
2720,1,Fast,0.7654526829719543,944,662
2720,1,Fast,0.6900045275688171,953,593
2720,1,Fast,0.6106897592544556,1033,809
2721,1,Fast,0.7518517971038818,834,882
2721,1,Fast,0.7463448643684387,942,657
2721,1,Fast,0.6879432797431946,952,589
2721,1,Fast,0.3859019875526428,1030,803
2722,1,Fast,0.8231508731842041,940,653
2722,1,Fast,0.772560179233551,836,889
2722,1,Fast,0.7171101570129395,951,586
2722,1,Fast,0.5272551774978638,1027,796
2723,1,Fast,0.7834752202033997,950,581
2723,1,Fast,0.7811875343322754,938,648
2723,1,Fast,0.5217638611793518,837,896
2723,1,Fast,0.3856480121612549,1025,790
2724,1,Fast,0.7945775389671326,948,579
2724,1,Fast,0.7540964484214783,840,904
2724,1,Fast,0.7079799175262451,936,643
2724,1,Fast,0.3160862624645233,1022,783
2725,1,Fast,0.7824751734733582,948,574
2725,1,Fast,0.7586824893951416,935,638
2725,1,Fast,0.7016370296478271,842,910
2726,1,Fast,0.7661715149879456,933,633
2726,1,Fast,0.7568061351776123,844,917
2726,1,Fast,0.7214297652244568,947,571
2727,1,Fast,0.7715924978256226,931,628
2727,1,Fast,0.6921711564064026,1015,765
2727,1,Fast,0.6616105437278748,846,924
2727,1,Fast,0.6202220916748047,946,568
2728,1,Fast,0.8320732712745667,930,623
2728,1,Fast,0.8185912370681763,1012,759
2728,1,Fast,0.6636829972267151,848,932
2728,1,Fast,0.6374506950378418,945,566
2729,1,Fast,0.819652795791626,928,618
2729,1,Fast,0.7983246445655823,1009,754
2729,1,Fast,0.6911808848381042,850,940
2729,1,Fast,0.6041772365570068,943,563
2730,1,Fast,0.813821017742157,927,614
2730,1,Fast,0.7769548296928406,1007,748
2730,1,Fast,0.73455411195755,851,947
2730,1,Fast,0.6777340173721313,942,559
2731,1,Fast,0.8278828263282776,925,610
2731,1,Fast,0.8131735324859619,1004,742
2731,1,Fast,0.689465343952179,941,556
2731,1,Fast,0.6665864586830139,853,955
2732,1,Fast,0.8566701412200928,856,963
2732,1,Fast,0.8112742304801941,924,605
2732,1,Fast,0.7733001112937927,1002,737
2732,1,Fast,0.6278768181800842,940,553
2733,1,Fast,0.7826027870178223,858,972
2733,1,Fast,0.7715764045715332,923,600
2733,1,Fast,0.7353069186210632,939,550
2733,1,Fast,0.36868223547935486,1000,731
2734,1,Fast,0.83675217628479,860,980
2734,1,Fast,0.6655213832855225,938,547
2734,1,Fast,0.6149923205375671,921,596
2734,1,Fast,0.5862924456596375,998,726
2735,1,Fast,0.7826691269874573,863,988
2735,1,Fast,0.7731500267982483,920,592
2735,1,Fast,0.643034040927887,938,543
2735,1,Fast,0.5304136872291565,995,720
2736,1,Fast,0.7997730374336243,865,997
2736,1,Fast,0.6996245384216309,919,587
2736,1,Fast,0.6131155490875244,993,716
2736,1,Fast,0.45051872730255127,937,540
2737,1,Fast,0.7633050084114075,867,1006
2737,1,Fast,0.7049307823181152,918,583
2737,1,Fast,0.4902413487434387,937,536
2738,1,Fast,0.8087093830108643,870,1015
2738,1,Fast,0.8039161562919617,917,579
2738,1,Fast,0.5527983903884888,936,534
2738,1,Fast,0.5432459115982056,989,705
2739,1,Fast,0.8623301386833191,874,1024
2739,1,Fast,0.7865571975708008,916,574
2739,1,Fast,0.7706231474876404,987,701
2739,1,Fast,0.7346519231796265,935,532
2740,1,Fast,0.8291997909545898,876,1033
2740,1,Fast,0.7984227538108826,986,696
2740,1,Fast,0.7968818545341492,915,571
2740,1,Fast,0.7287848591804504,934,529
2741,1,Fast,0.7852316498756409,914,567
2741,1,Fast,0.7721499800682068,984,691
2741,1,Fast,0.5797215700149536,933,526
2741,1,Fast,0.4384010136127472,878,1043
2742,1,Fast,0.8530770540237427,982,687
2742,1,Fast,0.8219321370124817,912,563
2742,1,Fast,0.6131402254104614,932,523
2743,1,Fast,0.857260525226593,980,682
2743,1,Fast,0.7614192962646484,911,559
2743,1,Fast,0.44077247381210327,931,521
2743,1,Fast,0.362429141998291,884,1057
2744,1,Fast,0.660362958908081,911,555
2744,1,Fast,0.6010544300079346,978,677
2744,1,Fast,0.5617438554763794,931,519
2745,1,Fast,0.7264186143875122,976,672
2745,1,Fast,0.5549203157424927,910,551
2746,1,Fast,0.7750329375267029,909,547
2746,1,Fast,0.7367895245552063,974,668
2747,1,Fast,0.738010048866272,908,544
2747,1,Fast,0.3003805875778198,928,508
2748,1,Fast,0.7279554009437561,907,539
2748,1,Fast,0.4154256284236908,928,505
2749,1,Fast,0.7304708957672119,906,535
2749,1,Fast,0.49361762404441833,928,502
2750,1,Fast,0.8031533360481262,905,533
2750,1,Fast,0.6576584577560425,927,500
2751,1,Fast,0.8066994547843933,904,529
2751,1,Fast,0.7080284953117371,927,498
2751,1,Fast,0.6527841687202454,966,646
2752,1,Fast,0.7784985303878784,964,641
2752,1,Fast,0.7457228899002075,903,525
2752,1,Fast,0.7189529538154602,926,496
2753,1,Fast,0.8043032884597778,902,522
2753,1,Fast,0.8000563383102417,963,637
2753,1,Fast,0.6527526378631592,926,493
2754,1,Fast,0.8294621109962463,902,519
2754,1,Fast,0.7709469795227051,962,633
2754,1,Fast,0.6219578385353088,925,492
2754,1,Fast,0.34289079904556274,1068,961
2755,1,Fast,0.7801306843757629,901,515
2755,1,Fast,0.7257615923881531,959,629
2755,1,Fast,0.4898671805858612,924,489
2756,1,Fast,0.7602826952934265,900,512
2756,1,Fast,0.5297694802284241,924,487
2756,1,Fast,0.5101223587989807,957,625
2757,1,Fast,0.7169294357299805,900,508
2757,1,Fast,0.47245481610298157,923,486
2757,1,Fast,0.3081875145435333,956,621
2758,1,Fast,0.7277487516403198,899,505
2758,1,Fast,0.6154745817184448,923,482
2759,1,Fast,0.7752032279968262,898,501
2759,1,Fast,0.5413143634796143,923,479
2759,1,Fast,0.4290485382080078,955,614
2760,1,Fast,0.7874923348426819,898,498
2760,1,Fast,0.7133902907371521,953,610
2760,1,Fast,0.66402667760849,923,476
2761,1,Fast,0.7556557059288025,897,496
2761,1,Fast,0.7006048560142517,922,474
2761,1,Fast,0.6183810830116272,952,607
2761,1,Fast,0.3488909900188446,1039,898
2762,1,Fast,0.7995965480804443,897,492
2762,1,Fast,0.6750744581222534,922,472
2762,1,Fast,0.5094314217567444,950,602
2763,1,Fast,0.8151980638504028,896,490
2763,1,Fast,0.7199636697769165,949,599
2763,1,Fast,0.6834877729415894,921,470
2764,1,Fast,0.8051197528839111,896,487
2764,1,Fast,0.7717598080635071,947,595
2764,1,Fast,0.6267309784889221,920,468
2765,1,Fast,0.7762551307678223,896,484
2765,1,Fast,0.6492320895195007,947,591
2765,1,Fast,0.49741891026496887,920,466
2766,1,Fast,0.6451663970947266,1021,856
2766,1,Fast,0.5220946073532104,896,481
2766,1,Fast,0.39578452706336975,945,587
2767,1,Fast,0.7450892925262451,895,477
2767,1,Fast,0.6828300952911377,943,584
2767,1,Fast,0.6359924674034119,1018,848
2767,1,Fast,0.5782337188720703,919,461
2768,1,Fast,0.7202450633049011,943,580
2768,1,Fast,0.6593614816665649,894,474
2768,1,Fast,0.5530609488487244,919,459
2769,1,Fast,0.735515296459198,894,471
2769,1,Fast,0.5724788904190063,942,577
2769,1,Fast,0.3326869308948517,1157,939
2770,1,Fast,0.7526581287384033,893,468
2770,1,Fast,0.5922337174415588,1008,826
2770,1,Fast,0.34903550148010254,918,454
2770,1,Fast,0.3132898807525635,941,572
2771,1,Fast,0.6911007165908813,892,466
2772,1,Fast,0.6849250197410583,892,463
2772,1,Fast,0.34953612089157104,1002,812
2773,1,Fast,0.703596830368042,891,461
2773,1,Fast,0.3770616352558136,936,563
2774,1,Fast,0.6876713633537292,996,797
2774,1,Fast,0.6651102304458618,890,458
2774,1,Fast,0.5304136872291565,937,560
2775,1,Fast,0.7802478075027466,993,790
2775,1,Fast,0.4833097457885742,890,456
2776,1,Fast,0.6391061544418335,990,783
2776,1,Fast,0.5144531726837158,890,453
2776,1,Fast,0.4537983536720276,935,554
2777,1,Fast,0.7097139954566956,987,775
2777,1,Fast,0.6236630082130432,933,550
2777,1,Fast,0.4261443018913269,890,450
2778,1,Fast,0.6413195133209229,933,547
2778,1,Fast,0.5273826122283936,985,770
2778,1,Fast,0.3801726996898651,889,447
2779,1,Fast,0.33926987648010254,932,543
2781,1,Fast,0.4372236132621765,977,750
2781,1,Fast,0.3408450484275818,888,439
2782,1,Fast,0.7207784056663513,974,742
2783,1,Fast,0.4548717439174652,972,736
2784,1,Fast,0.34352171421051025,885,432
2786,1,Fast,0.35539183020591736,885,425
2787,1,Fast,0.6755163073539734,963,712
2788,1,Fast,0.6444368958473206,961,707
2788,1,Fast,0.35780635476112366,910,416
2788,1,Fast,0.35158321261405945,885,421
2789,1,Fast,0.43220990896224976,957,700
2789,1,Fast,0.3873533010482788,1120,1005
2792,1,Fast,0.5990962386131287,952,683
2793,1,Fast,0.5015820264816284,950,678
2793,1,Fast,0.31867584586143494,1102,967
2794,1,Fast,0.6326361894607544,1099,958
2796,1,Fast,0.6848068833351135,946,662
2797,1,Fast,0.38228872418403625,883,400
2797,1,Fast,0.30846643447875977,842,540
2798,1,Fast,0.4954177141189575,883,398
2805,1,Fast,0.4687691628932953,1056,867
2805,1,Fast,0.34433674812316895,931,617
2808,1,Fast,0.5370935797691345,1051,740
2809,1,Fast,0.4215969443321228,1049,737
2809,2,Slow,0.3433982729911804,948,502
2812,1,Fast,0.32996150851249695,1042,724
2813,1,Fast,0.6445789337158203,1040,720
2813,1,Fast,0.44294473528862,1107,852
2814,1,Fast,0.7436475157737732,1038,716
2815,1,Fast,0.6866752505302429,1036,711
2816,1,Fast,0.7275829911231995,1034,708
2817,1,Fast,0.6101329326629639,1033,704
2818,1,Fast,0.3487313389778137,1032,700
2819,1,Fast,0.5213117003440857,865,650
2820,1,Fast,0.7697765827178955,866,656
2820,1,Fast,0.7160274386405945,1027,692
2821,1,Fast,0.8321082592010498,1025,688
2821,1,Fast,0.7711111307144165,868,663
2822,1,Fast,0.8108852505683899,870,668
2822,1,Fast,0.7921397089958191,1023,685
2822,1,Fast,0.6959434151649475,859,758
2823,1,Fast,0.7919134497642517,1021,681
2823,1,Fast,0.5813989043235779,871,675
2824,1,Fast,0.7431367039680481,1019,678
2824,1,Fast,0.43112802505493164,873,681
2824,1,Fast,0.36819225549697876,1131,1012
2825,1,Fast,0.7264721989631653,1019,674
2826,1,Fast,0.645190417766571,1017,671
2826,1,Fast,0.34683752059936523,864,786
2826,1,Fast,0.3414270281791687,876,695
2827,1,Fast,0.5879782438278198,878,700
2827,1,Fast,0.5769023895263672,1015,667
2828,1,Fast,0.7150700688362122,880,708
2828,1,Fast,0.5937325954437256,1013,664
2828,1,Fast,0.3534599244594574,1228,1057
2828,1,Fast,0.3340279757976532,1112,978
2828,1,Fast,0.3036865293979645,869,801
2829,1,Fast,0.8205652236938477,1012,660
2829,1,Fast,0.796026885509491,882,715
2829,1,Fast,0.541399359703064,1220,1050
2830,1,Fast,0.8417667746543884,1216,1041
2830,1,Fast,0.8233709931373596,884,722
2830,1,Fast,0.7873815298080444,1010,657
2830,1,Fast,0.48310065269470215,1105,962
2831,1,Fast,0.804477870464325,1210,1035
2831,1,Fast,0.7976893186569214,887,729
2831,1,Fast,0.6863322257995605,1009,653
2832,1,Fast,0.8619721531867981,889,736
2832,1,Fast,0.7596206068992615,877,829
2832,1,Fast,0.39915919303894043,1207,1028
2833,1,Fast,0.8766147494316101,891,743
2833,1,Fast,0.47399091720581055,879,834
2833,1,Fast,0.44674476981163025,1006,646
2834,1,Fast,0.8551501035690308,893,751
2834,1,Fast,0.7437271475791931,1005,643
2835,1,Fast,0.8580743074417114,895,759
2835,1,Fast,0.41889211535453796,1003,639
2836,1,Fast,0.8776809573173523,898,766
2836,1,Fast,0.7822399139404297,885,860
2836,1,Fast,0.5488812923431396,1002,636
2837,1,Fast,0.8569692373275757,900,774
2837,2,Slow,0.6904199123382568,1185,989
2837,1,Fast,0.6043044924736023,1000,633
2837,1,Fast,0.5583609938621521,887,866
2838,1,Fast,0.8688221573829651,902,783
2838,1,Fast,0.6562496423721313,1181,984
2838,1,Fast,0.6390306949615479,1000,630
2838,1,Fast,0.32458674907684326,970,667
2838,2,Slow,0.3136506974697113,931,445
2839,1,Fast,0.8651270866394043,905,790
2839,1,Fast,0.6395756006240845,1177,978
2839,1,Fast,0.38908150792121887,968,661
2840,1,Fast,0.8626633286476135,908,800
2840,1,Fast,0.6476824283599854,1174,971
2841,1,Fast,0.8558018207550049,911,808
2842,1,Fast,0.8066554665565491,914,817
2842,1,Fast,0.7849459052085876,900,910
2843,1,Fast,0.835708737373352,917,825
2843,1,Fast,0.811707615852356,902,917
2843,1,Fast,0.526226282119751,991,615
2844,1,Fast,0.8560556173324585,920,834
2844,1,Fast,0.7252817153930664,990,612
2844,2,Slow,0.5199897289276123,1159,943
2845,1,Fast,0.882556140422821,923,843
2845,1,Fast,0.7010079622268677,989,609
2845,2,Slow,0.5366909503936768,1156,937
2845,1,Fast,0.4368288516998291,907,935
2846,1,Fast,0.8665007948875427,926,852
2846,2,Slow,0.6457549929618835,1152,932
2847,1,Fast,0.8551197648048401,929,862
2847,1,Fast,0.7438533306121826,913,954
2848,1,Fast,0.8640788793563843,933,871
2848,1,Fast,0.6750874519348145,953,621
2849,1,Fast,0.8454499244689941,936,881
2849,1,Fast,0.5095808506011963,952,617
2849,2,Slow,0.38505619764328003,1140,913
2850,1,Fast,0.8546004891395569,940,892
2850,1,Fast,0.6039717197418213,983,594
2850,1,Fast,0.5409278869628906,950,612
2851,1,Fast,0.8593710660934448,944,902
2851,1,Fast,0.5863044857978821,982,591
2851,1,Fast,0.3885641098022461,926,996
2851,1,Fast,0.35217544436454773,948,609
2852,1,Fast,0.8550984263420105,948,912
2852,1,Fast,0.8118143081665039,930,1006
2852,1,Fast,0.6402963399887085,981,589
2852,1,Fast,0.35527342557907104,947,604
2853,1,Fast,0.8782858848571777,951,923
2853,1,Fast,0.7844861745834351,933,1016
2853,1,Fast,0.6750690340995789,1127,889
2853,1,Fast,0.315519243478775,980,586
2854,1,Fast,0.8848504424095154,955,934
2854,1,Fast,0.45600613951683044,978,583
2855,1,Fast,0.8435140252113342,960,946
2855,1,Fast,0.5678345561027527,942,592
2856,1,Fast,0.8277633190155029,964,957
2857,1,Fast,0.8011624217033386,968,969
2857,1,Fast,0.54770827293396,940,584
2858,1,Fast,0.8149950504302979,973,982
2858,1,Fast,0.6492937803268433,939,580
2858,1,Fast,0.48103028535842896,975,571
2859,1,Fast,0.8355240225791931,978,994
2859,1,Fast,0.6878781914710999,937,576
2859,1,Fast,0.4115246832370758,973,569
2859,1,Fast,0.34242022037506104,1141,1020
2860,1,Fast,0.8260895609855652,982,1007
2860,1,Fast,0.34520548582077026,937,572
2861,1,Fast,0.7899243831634521,987,1020
2862,1,Fast,0.6338324546813965,992,1032
2868,1,Fast,0.4719015061855316,1084,809
2868,1,Fast,0.40522366762161255,1101,944
2869,1,Fast,0.4051899313926697,1081,806
2870,1,Fast,0.34938186407089233,1096,927
2871,1,Fast,0.5293437242507935,1091,920
2871,1,Fast,0.3802248239517212,925,534
2872,1,Fast,0.38924846053123474,1088,913
2872,1,Fast,0.3146020174026489,924,530
2873,1,Fast,0.38689011335372925,1083,905
2874,1,Fast,0.3958377540111542,1080,898
2875,1,Fast,0.49125808477401733,1067,777
2876,1,Fast,0.5188116431236267,920,518
2879,1,Fast,0.7068228125572205,918,507
2879,2,Slow,0.43868139386177063,981,592
2879,1,Fast,0.3633441627025604,955,518
2880,1,Fast,0.6420661211013794,955,515
2880,2,Slow,0.5825615525245667,980,590
2880,1,Fast,0.5668607354164124,918,504
2881,1,Fast,0.6519471406936646,954,513
2881,1,Fast,0.6372979879379272,917,501
2881,2,Slow,0.4020431339740753,1053,750
2881,1,Fast,0.30992165207862854,1142,1015
2882,1,Fast,0.7185442447662354,953,512
2882,1,Fast,0.5315960049629211,916,498
2882,1,Fast,0.4463490843772888,1137,1007
2883,1,Fast,0.6271505951881409,952,510
2883,1,Fast,0.40250471234321594,1133,998
2883,1,Fast,0.3872743248939514,976,583
2883,1,Fast,0.3654354512691498,1050,837
2884,1,Fast,0.7129224538803101,1128,989
2884,1,Fast,0.5482051372528076,951,508
2884,1,Fast,0.48764553666114807,914,493
2885,1,Fast,0.7108312249183655,1123,981
2885,1,Fast,0.4145372807979584,1044,824
2886,1,Fast,0.39448922872543335,1120,973
2887,1,Fast,0.6314029693603516,1089,1030
2887,1,Fast,0.4395022988319397,1116,964
2888,1,Fast,0.5168483853340149,1085,1020
2889,1,Fast,0.41829657554626465,1079,1010
2889,1,Fast,0.3183208107948303,959,636
2890,1,Fast,0.5320858359336853,1075,1001
2890,2,Slow,0.4698931574821472,1036,714
2890,1,Fast,0.4524577260017395,958,632
2890,1,Fast,0.3110036849975586,947,493
2891,1,Fast,0.6034882664680481,910,473
2891,1,Fast,0.5403808355331421,1071,991
2891,1,Fast,0.5058342814445496,957,628
2891,1,Fast,0.3228127956390381,945,491
2892,2,Slow,0.38833653926849365,1031,708
2893,1,Fast,0.3845105469226837,954,620
2894,2,Slow,0.49942055344581604,1028,699
2894,1,Fast,0.38484296202659607,952,617
2895,1,Fast,0.5511577129364014,951,613
2895,1,Fast,0.48872700333595276,1085,817
2895,1,Fast,0.37329402565956116,1055,953
2895,2,Slow,0.3449547290802002,1027,695
2896,1,Fast,0.7647240161895752,1082,812
2897,1,Fast,0.4582197070121765,1080,808
2897,1,Fast,0.36040574312210083,948,607
2898,1,Fast,0.6531221270561218,1078,804
2898,1,Fast,0.5784597992897034,1022,684
2898,1,Fast,0.4887103736400604,1043,928
2899,1,Fast,0.7282167077064514,1075,799
2899,1,Fast,0.5676141977310181,1039,920
2899,1,Fast,0.39893436431884766,1020,682
2899,2,Slow,0.30535170435905457,960,541
2900,1,Fast,0.5046786069869995,1018,679
2900,2,Slow,0.3996114432811737,959,538
2901,1,Fast,0.3266030550003052,944,592
2902,1,Fast,0.7736000418663025,1029,896
2902,2,Slow,0.48448824882507324,958,533
2902,1,Fast,0.44613131880760193,904,446
2903,1,Fast,0.6712378263473511,1026,888
2903,2,Slow,0.5745936036109924,957,531
2903,1,Fast,0.47751232981681824,903,443
2903,2,Slow,0.3466187119483948,1013,667
2904,1,Fast,0.5799383521080017,903,441
2904,1,Fast,0.34687933325767517,1062,776
2904,2,Slow,0.3405153751373291,1013,663
2905,1,Fast,0.5526682138442993,1019,873
2906,1,Fast,0.6004046201705933,1010,657
2906,1,Fast,0.49547383189201355,1016,865
2907,1,Fast,0.7693207859992981,1014,857
2907,1,Fast,0.41192683577537537,1008,654
2907,1,Fast,0.30941951274871826,1054,761
2908,1,Fast,0.5519683361053467,1010,850
2909,1,Fast,0.6223799586296082,1051,752
2909,2,Slow,0.32604801654815674,1005,648
2910,1,Fast,0.7452431917190552,1004,836
2910,1,Fast,0.33995601534843445,1050,748
2910,1,Fast,0.32126638293266296,1035,801
2911,1,Fast,0.6495477557182312,1001,830
2911,1,Fast,0.5379135012626648,1047,744
2911,2,Slow,0.4048939645290375,1003,641
2911,1,Fast,0.340745747089386,982,684
2912,2,Slow,0.6265315413475037,1002,637
2912,1,Fast,0.5953197479248047,980,681
2912,1,Fast,0.5260424613952637,998,823
2913,1,Fast,0.7792779207229614,995,815
2913,2,Slow,0.39621642231941223,1001,635
2913,1,Fast,0.36416518688201904,979,676
2914,1,Fast,0.7172086238861084,992,809
2914,1,Fast,0.321868896484375,977,671
2915,1,Fast,0.46431630849838257,991,802
2915,1,Fast,0.3470749258995056,975,666
2916,1,Fast,0.7881137728691101,987,796
2916,1,Fast,0.6539064645767212,1037,724
2916,1,Fast,0.5885739326477051,1019,766
2916,1,Fast,0.5090507864952087,974,661
2916,2,Slow,0.41279342770576477,946,501
2916,2,Slow,0.36101192235946655,995,626
2917,1,Fast,0.5547474026679993,985,788
2917,2,Slow,0.4214293956756592,994,623
2917,1,Fast,0.3172489106655121,1036,720
2918,1,Fast,0.7707717418670654,981,782
2918,1,Fast,0.4381554126739502,1033,715
2919,1,Fast,0.6861449480056763,978,776
2920,1,Fast,0.667746901512146,976,771
2920,1,Fast,0.444225549697876,1008,744
2920,2,Slow,0.3669835329055786,992,614
2921,1,Fast,0.5529333353042603,974,764
2921,2,Slow,0.4854510724544525,991,612
2922,1,Fast,0.6440467238426208,972,758
2922,2,Slow,0.41949722170829773,942,489
2922,2,Slow,0.3856389820575714,990,609
2922,1,Fast,0.3703692555427551,1004,734
2923,1,Fast,0.7050949931144714,970,752
2923,1,Fast,0.6260942220687866,962,633
2923,2,Slow,0.4217906594276428,988,606
2923,1,Fast,0.3499051034450531,1023,695
2924,1,Fast,0.6969937682151794,967,746
2924,1,Fast,0.5227503776550293,961,629
2924,1,Fast,0.4214966893196106,999,722
2924,2,Slow,0.3730693757534027,987,603
2925,1,Fast,0.7642027139663696,965,741
2925,1,Fast,0.44026100635528564,959,624
2925,2,Slow,0.41452986001968384,985,601
2926,1,Fast,0.6457942724227905,963,734
2926,1,Fast,0.3282356262207031,958,621
2926,2,Slow,0.3092518150806427,984,599
2927,1,Fast,0.7686987519264221,961,728
2927,1,Fast,0.410399466753006,956,617
2928,1,Fast,0.784162163734436,959,722
2928,2,Slow,0.5895719528198242,984,592
2928,1,Fast,0.5466965436935425,990,704
2928,1,Fast,0.4330493211746216,956,613
2928,2,Slow,0.3638801574707031,938,475
2929,1,Fast,0.7825740575790405,957,717
2929,2,Slow,0.6167627573013306,984,589
2930,1,Fast,0.8190208673477173,955,711
2930,2,Slow,0.5591299533843994,983,588
2930,2,Slow,0.5347169041633606,938,471
2930,1,Fast,0.44566428661346436,953,606
2931,1,Fast,0.7678350806236267,953,706
2931,2,Slow,0.6240512728691101,981,585
2931,1,Fast,0.5187451839447021,951,602
2931,1,Fast,0.3425244688987732,985,690
2932,1,Fast,0.7391985654830933,951,701
2932,1,Fast,0.6427426338195801,950,599
2932,2,Slow,0.626148521900177,980,582
2932,1,Fast,0.3788326680660248,982,685
2933,1,Fast,0.842911422252655,948,696
2933,2,Slow,0.6100810170173645,979,580
2933,1,Fast,0.5956036448478699,980,681
2933,1,Fast,0.49728846549987793,949,596
2934,1,Fast,0.760181188583374,947,691
2934,1,Fast,0.7142980694770813,948,592
2934,1,Fast,0.5920006036758423,978,676
2934,2,Slow,0.48848021030426025,978,576
2935,1,Fast,0.8105219602584839,945,686
2935,1,Fast,0.6646703481674194,947,588
2935,1,Fast,0.6465047001838684,977,671
2935,2,Slow,0.34558263421058655,977,574
2936,1,Fast,0.8071826100349426,944,681
2936,1,Fast,0.6813249588012695,974,666
2936,1,Fast,0.439920037984848,946,584
2936,2,Slow,0.3051280379295349,976,572
2937,1,Fast,0.7938779592514038,942,675
2937,1,Fast,0.6787974834442139,943,581
2937,1,Fast,0.39393770694732666,973,661
2937,2,Slow,0.3202364146709442,975,569
2938,1,Fast,0.7581323385238647,940,670
2938,1,Fast,0.45340484380722046,980,773
2938,1,Fast,0.38495808839797974,943,577
2939,1,Fast,0.8257075548171997,938,666
2939,1,Fast,0.5991482734680176,941,573
2939,1,Fast,0.35035377740859985,826,639
2940,1,Fast,0.684715211391449,941,571
2940,1,Fast,0.6158426403999329,936,660
2940,2,Slow,0.5983960628509521,847,573
2940,1,Fast,0.5746667981147766,826,643
2940,2,Slow,0.46035826206207275,972,563
2940,1,Fast,0.3897600769996643,968,650
2941,1,Fast,0.8106244802474976,827,647
2941,1,Fast,0.7684801816940308,935,656
2941,1,Fast,0.6114019155502319,940,568
2941,2,Slow,0.4102165997028351,971,560
2942,1,Fast,0.832980215549469,933,652
2942,1,Fast,0.813186526298523,828,650
2942,1,Fast,0.5724632143974304,939,565
2942,2,Slow,0.5087147355079651,970,557
2942,1,Fast,0.4615303575992584,964,642
2943,1,Fast,0.8263549208641052,931,648
2943,1,Fast,0.7432156801223755,829,655
2943,1,Fast,0.7249539494514465,937,562
2943,1,Fast,0.6879881620407104,968,743
2943,1,Fast,0.6712768077850342,962,638
2943,2,Slow,0.4584566652774811,970,554
2944,1,Fast,0.7817041277885437,930,643
2944,1,Fast,0.7578078508377075,936,559
2944,1,Fast,0.672422468662262,966,738
2944,1,Fast,0.6667261123657227,962,634
2944,1,Fast,0.5403734445571899,829,659
2944,2,Slow,0.39793944358825684,971,552
2945,1,Fast,0.7603973746299744,928,638
2945,1,Fast,0.6655203104019165,830,663
2945,1,Fast,0.5718576908111572,959,631
2945,2,Slow,0.4127129912376404,969,550
2946,1,Fast,0.7399791479110718,927,633
2946,1,Fast,0.732069194316864,831,668
2946,1,Fast,0.723410427570343,933,553
2946,1,Fast,0.5915096402168274,958,626
2946,2,Slow,0.46657314896583557,968,548
2947,1,Fast,0.7872759699821472,925,629
2947,1,Fast,0.7801061868667603,831,672
2947,1,Fast,0.7780925631523132,956,621
2947,1,Fast,0.6681137084960938,932,550
2947,2,Slow,0.5238216519355774,854,604
2947,2,Slow,0.4483967423439026,966,546
2948,1,Fast,0.7585225105285645,956,617
2948,1,Fast,0.7167706489562988,832,676
2948,1,Fast,0.7117869257926941,924,625
2948,1,Fast,0.707826554775238,931,545
2948,1,Fast,0.5500836968421936,958,714
2948,2,Slow,0.48402994871139526,965,544
2949,1,Fast,0.7837658524513245,833,680
2949,1,Fast,0.7650678753852844,923,620
2949,1,Fast,0.7001217603683472,955,613
2949,1,Fast,0.5667276382446289,956,709
2949,1,Fast,0.521466851234436,930,542
2949,2,Slow,0.30576249957084656,964,543
2950,1,Fast,0.7611128687858582,922,616
2950,1,Fast,0.7097894549369812,834,685
2950,1,Fast,0.48880457878112793,954,610
2950,1,Fast,0.4272422194480896,929,539
2950,2,Slow,0.3917899429798126,963,539
2951,1,Fast,0.8243784308433533,920,612
2951,1,Fast,0.570652186870575,952,606
2951,2,Slow,0.46101871132850647,962,537
2951,1,Fast,0.3531479835510254,951,698
2951,1,Fast,0.3479119539260864,835,689
2951,1,Fast,0.3121545612812042,928,536
2952,1,Fast,0.8360013961791992,919,609
2952,1,Fast,0.6634764671325684,951,603
2952,1,Fast,0.5655224919319153,837,695
2952,2,Slow,0.500218391418457,962,536
2952,1,Fast,0.4555235803127289,949,693
2952,2,Slow,0.3731427490711212,927,535
2953,1,Fast,0.8154401183128357,917,604
2953,1,Fast,0.7798724174499512,837,698
2953,1,Fast,0.5922892093658447,949,600
2953,1,Fast,0.55186527967453,927,532
2953,2,Slow,0.4432275891304016,962,534
2953,1,Fast,0.3492673933506012,948,687
2954,1,Fast,0.7820531129837036,838,703
2954,1,Fast,0.7707525491714478,916,601
2954,1,Fast,0.7421017289161682,946,682
2954,1,Fast,0.42890509963035583,948,597
2955,1,Fast,0.8188307285308838,838,708
2955,1,Fast,0.7780060768127441,915,597
2955,1,Fast,0.7644859552383423,944,678
2955,1,Fast,0.6887689828872681,946,593
2955,1,Fast,0.3367026448249817,979,591
2956,1,Fast,0.7946421504020691,913,593
2956,1,Fast,0.7696268558502197,839,712
2956,1,Fast,0.5123573541641235,945,589
2957,1,Fast,0.8065584301948547,840,717
2957,1,Fast,0.797317624092102,912,588
2957,1,Fast,0.6357755661010742,943,586
2957,1,Fast,0.573474109172821,940,667
2958,1,Fast,0.8451744318008423,841,722
2958,1,Fast,0.7344715595245361,911,584
2958,1,Fast,0.7173662185668945,941,583
2958,1,Fast,0.3859526515007019,921,516
2958,1,Fast,0.3487795293331146,938,662
2959,1,Fast,0.8395214080810547,841,726
2959,1,Fast,0.8012621402740479,940,580
2959,1,Fast,0.7846156358718872,909,581
2959,2,Slow,0.46302786469459534,957,520
2959,2,Slow,0.38581568002700806,865,666
2960,1,Fast,0.82542484998703,843,731
2960,1,Fast,0.8005946278572083,909,576
2960,1,Fast,0.7729761600494385,939,575
2960,1,Fast,0.6003665924072266,936,653
2960,2,Slow,0.5591791272163391,957,518
2961,1,Fast,0.8420711159706116,844,736
2961,1,Fast,0.733953058719635,939,572
2961,1,Fast,0.7105098366737366,908,572
2961,2,Slow,0.574087917804718,956,516
2961,2,Slow,0.45710858702659607,869,679
2961,1,Fast,0.35381993651390076,919,508
2962,1,Fast,0.7876057624816895,845,741
2962,1,Fast,0.7137601971626282,907,568
2962,2,Slow,0.6215276718139648,870,682
2962,1,Fast,0.3957180678844452,938,568
2962,2,Slow,0.3618251085281372,956,515
2962,1,Fast,0.3399776220321655,932,645
2963,1,Fast,0.7580102682113647,846,747
2963,1,Fast,0.688930094242096,906,566
2963,2,Slow,0.6229760050773621,871,690
2963,1,Fast,0.5872972011566162,936,566
2963,1,Fast,0.5476875901222229,918,502
2963,1,Fast,0.32822519540786743,956,513
2964,1,Fast,0.7993304133415222,905,562
2964,1,Fast,0.6755760908126831,847,752
2964,2,Slow,0.6358858942985535,874,695
2964,1,Fast,0.456903338432312,935,562
2964,1,Fast,0.3825755715370178,929,636
2965,1,Fast,0.7792617678642273,849,757
2965,1,Fast,0.758232057094574,903,558
2965,1,Fast,0.5972158908843994,928,631
2965,2,Slow,0.5491750240325928,875,702
2965,1,Fast,0.3295072615146637,934,559
2966,1,Fast,0.8080250024795532,851,761
2966,1,Fast,0.6050941944122314,926,627
2966,1,Fast,0.5748353600502014,902,554
2966,1,Fast,0.4665469825267792,933,556
2966,2,Slow,0.3106892704963684,876,708
2967,1,Fast,0.7869082689285278,851,766
2967,1,Fast,0.7643505930900574,901,552
2967,1,Fast,0.6963309049606323,1143,1021
2967,1,Fast,0.6776002645492554,924,622
2967,1,Fast,0.6004886031150818,932,553
2968,1,Fast,0.802914023399353,853,772
2968,1,Fast,0.7256750464439392,900,548
2968,1,Fast,0.6597552299499512,923,617
2968,1,Fast,0.6188470125198364,931,551
2968,2,Slow,0.443571001291275,879,720
2968,1,Fast,0.30507707595825195,1137,1013
2969,1,Fast,0.8127695322036743,854,778
2969,1,Fast,0.7256501317024231,922,613
2969,1,Fast,0.5705944299697876,899,543
2969,1,Fast,0.4401794970035553,931,547
2969,2,Slow,0.40603578090667725,881,727
2970,1,Fast,0.8510732650756836,855,783
2970,1,Fast,0.8244118094444275,921,609
2970,1,Fast,0.6503024697303772,898,540
2970,1,Fast,0.4779001474380493,1128,996
2970,1,Fast,0.4765796363353729,930,543
2970,1,Fast,0.3251727521419525,912,483
2971,1,Fast,0.842639684677124,857,788
2971,1,Fast,0.80742347240448,920,605
2971,1,Fast,0.7638999223709106,898,537
2971,1,Fast,0.49159035086631775,929,540
2971,1,Fast,0.4671207070350647,888,739
2972,1,Fast,0.8678885698318481,859,795
2972,1,Fast,0.8155579566955566,919,602
2972,1,Fast,0.7525844573974609,897,532
2972,1,Fast,0.48762983083724976,1119,980
2972,1,Fast,0.31143373250961304,912,478
2973,1,Fast,0.8501335978507996,860,801
2973,1,Fast,0.8068380355834961,917,598
2973,1,Fast,0.801742434501648,896,529
2973,1,Fast,0.6692324280738831,927,534
2973,1,Fast,0.43408897519111633,912,476
2974,1,Fast,0.8394218683242798,861,806
2974,1,Fast,0.7573670744895935,894,526
2974,1,Fast,0.5947360396385193,926,530
2974,1,Fast,0.5930494070053101,916,594
2974,1,Fast,0.3211650848388672,911,474
2975,1,Fast,0.8531787395477295,863,812
2975,1,Fast,0.7288287878036499,916,590
2975,1,Fast,0.7268486022949219,894,523
2975,1,Fast,0.6056234836578369,912,471
2975,1,Fast,0.44676104187965393,926,528
2976,1,Fast,0.8419708609580994,864,818
2976,1,Fast,0.6797745823860168,893,520
2976,1,Fast,0.6342460513114929,925,526
2976,1,Fast,0.34322336316108704,911,469
2977,1,Fast,0.807977557182312,866,824
2977,1,Fast,0.7359028458595276,892,517
2978,1,Fast,0.8237965106964111,868,830
2978,1,Fast,0.7248446345329285,892,513
2978,1,Fast,0.6051420569419861,923,520
2979,1,Fast,0.8275742530822754,869,836
2979,1,Fast,0.7385250926017761,910,573
2979,1,Fast,0.6350566744804382,891,510
2980,1,Fast,0.8515311479568481,871,842
2980,1,Fast,0.7193470597267151,891,506
2980,1,Fast,0.59935462474823,910,569
2981,1,Fast,0.8435840010643005,872,848
2981,1,Fast,0.7735739946365356,891,504
2982,1,Fast,0.8642287850379944,874,855
2982,1,Fast,0.8082883954048157,889,500
2983,1,Fast,0.8625145554542542,876,862
2983,1,Fast,0.7487403750419617,890,497
2983,1,Fast,0.47575709223747253,908,559
2983,1,Fast,0.45975399017333984,908,453
2983,1,Fast,0.3974016010761261,920,505
2984,1,Fast,0.8882327079772949,878,868
2984,1,Fast,0.6134878396987915,888,494
2984,1,Fast,0.5616562366485596,907,451
2985,1,Fast,0.8677736520767212,880,874
2985,1,Fast,0.6770546436309814,888,491
2985,1,Fast,0.519874095916748,908,447
2985,1,Fast,0.4754374027252197,918,499
2985,1,Fast,0.4328876733779907,905,551
2986,1,Fast,0.8524625301361084,882,881
2986,1,Fast,0.6683773994445801,887,488
2986,1,Fast,0.6327275633811951,918,497
2986,1,Fast,0.5576474666595459,904,548
2986,1,Fast,0.5165645480155945,907,445
2987,1,Fast,0.8567960858345032,884,887
2987,1,Fast,0.7499131560325623,903,545
2987,1,Fast,0.7107541561126709,906,444
2988,1,Fast,0.8256505727767944,887,894
2988,1,Fast,0.7431122660636902,906,441
2988,1,Fast,0.6492763757705688,903,542
2989,1,Fast,0.8308197259902954,889,901
2989,1,Fast,0.7597208619117737,906,440
2989,1,Fast,0.5888373851776123,901,538
2990,1,Fast,0.8274248838424683,891,908
2990,1,Fast,0.751182496547699,900,535
2990,1,Fast,0.6144278645515442,906,437
2991,1,Fast,0.8490700125694275,893,915
2991,1,Fast,0.41838428378105164,900,531
2991,1,Fast,0.34072038531303406,905,436
2992,1,Fast,0.8733341693878174,894,922
2992,1,Fast,0.7635418176651001,900,528
2992,1,Fast,0.5733751654624939,886,471
2992,1,Fast,0.3608470559120178,914,481
2992,1,Fast,0.35172608494758606,905,433
2993,1,Fast,0.876472532749176,897,929
2993,1,Fast,0.7415577173233032,898,525
2993,1,Fast,0.6296629905700684,884,468
2993,1,Fast,0.34052857756614685,905,432
2994,1,Fast,0.8762167096138,898,937
2994,1,Fast,0.7926138639450073,898,522
2994,1,Fast,0.735321044921875,904,429
2994,1,Fast,0.716280460357666,884,465
2994,1,Fast,0.46442994475364685,913,476
2995,1,Fast,0.8676230907440186,901,945
2995,1,Fast,0.7065733671188354,884,463
2995,1,Fast,0.6795700788497925,903,427
2995,1,Fast,0.5566994547843933,897,518
2995,1,Fast,0.48604467511177063,912,472
2996,1,Fast,0.8804435133934021,903,952
2996,1,Fast,0.7604659199714661,897,515
2996,1,Fast,0.682624340057373,884,461
2996,1,Fast,0.6796045303344727,912,470
2996,1,Fast,0.5727052688598633,903,426
2997,1,Fast,0.8790309429168701,905,960
2997,1,Fast,0.6978124380111694,902,424
2997,1,Fast,0.6848167777061462,896,512
2997,1,Fast,0.6465345621109009,911,469
2997,1,Fast,0.6105600595474243,883,458
2998,1,Fast,0.875115156173706,907,968
2998,1,Fast,0.6494398713111877,883,455
2998,1,Fast,0.6304114460945129,902,421
2998,1,Fast,0.4913594126701355,895,509
2998,1,Fast,0.47512298822402954,911,466
2999,1,Fast,0.8718668222427368,910,975
2999,1,Fast,0.7856245040893555,894,505
2999,1,Fast,0.6772570610046387,910,464
2999,1,Fast,0.658370316028595,882,452
2999,1,Fast,0.5943450331687927,902,418
2999,1,Fast,0.5110262632369995,963,978
3000,1,Fast,0.8690571188926697,914,984
3000,1,Fast,0.4944855868816376,894,503
3000,1,Fast,0.34553518891334534,902,417
3000,1,Fast,0.3371613323688507,882,451
3001,1,Fast,0.8689302206039429,916,992
3001,1,Fast,0.5322128534317017,893,499
3001,1,Fast,0.49797889590263367,901,416
3002,1,Fast,0.8696984052658081,919,1001
3002,1,Fast,0.6790078282356262,901,413
3002,1,Fast,0.487415611743927,881,446
3002,1,Fast,0.39842426776885986,892,496
3003,1,Fast,0.8742806315422058,922,1009
3003,1,Fast,0.6462845206260681,907,455
3003,1,Fast,0.622188150882721,901,412
3003,1,Fast,0.6194114685058594,891,493
3003,1,Fast,0.6154926419258118,880,443
3004,1,Fast,0.878906786441803,924,1019
3004,1,Fast,0.6734597682952881,880,441
3004,1,Fast,0.6081034541130066,907,453
3004,1,Fast,0.4210548996925354,900,410
3005,1,Fast,0.8814150094985962,925,1028
3005,1,Fast,0.6442438960075378,880,439
3005,1,Fast,0.3689686357975006,900,408
3006,1,Fast,0.8414695858955383,928,1037
3006,1,Fast,0.4706185460090637,880,437
3007,1,Fast,0.8246694207191467,931,1045
3007,1,Fast,0.7342483401298523,906,445
3007,1,Fast,0.5872858762741089,879,434
3008,1,Fast,0.772675096988678,935,1052
3008,1,Fast,0.7458610534667969,905,443
3008,1,Fast,0.5432587265968323,879,432
3009,1,Fast,0.7323024868965149,905,441
3009,1,Fast,0.6854861974716187,877,430
3009,1,Fast,0.6388806104660034,887,476
3009,1,Fast,0.5168221592903137,940,1057
3010,1,Fast,0.7324217557907104,878,427
3010,1,Fast,0.6710218787193298,905,440
3010,1,Fast,0.5035766959190369,946,1062
3010,1,Fast,0.49899980425834656,887,473
3010,1,Fast,0.45453885197639465,898,399
3010,1,Fast,0.37236878275871277,1141,1017
3011,1,Fast,0.7016282081604004,886,470
3011,1,Fast,0.694135844707489,877,425
3011,1,Fast,0.5827347040176392,1135,1009
3011,1,Fast,0.5688759088516235,898,397
3011,1,Fast,0.5534376502037048,904,437
3012,1,Fast,0.6878491640090942,885,468
3012,1,Fast,0.6295797824859619,1131,1000
3012,1,Fast,0.614670991897583,876,422
3012,1,Fast,0.48938244581222534,898,395
3013,1,Fast,0.6741281747817993,884,465
3013,1,Fast,0.3804997205734253,1127,993
3013,1,Fast,0.31989768147468567,897,393
3014,1,Fast,0.7326777577400208,884,462
3014,1,Fast,0.6431984305381775,1123,983
3014,1,Fast,0.5652458071708679,903,432
3014,1,Fast,0.4935968816280365,897,392
3014,1,Fast,0.4563307762145996,877,417
3015,1,Fast,0.6689550280570984,876,415
3015,1,Fast,0.5892430543899536,903,429
3015,1,Fast,0.34933558106422424,1118,976
3015,1,Fast,0.30636388063430786,897,390
3016,1,Fast,0.7014531493186951,876,413
3016,1,Fast,0.30062878131866455,903,426
3017,1,Fast,0.6892267465591431,875,410
3017,1,Fast,0.4684092402458191,897,387
3017,1,Fast,0.4656584560871124,902,424
3018,1,Fast,0.6681469082832336,875,409
3018,1,Fast,0.41152095794677734,902,422
3018,1,Fast,0.32076799869537354,897,385
3019,1,Fast,0.6117358803749084,825,665
3019,1,Fast,0.49193906784057617,876,406
3020,1,Fast,0.6820050477981567,826,670
3020,1,Fast,0.4959455728530884,897,381
3021,1,Fast,0.5646597743034363,896,379
3021,1,Fast,0.5631163716316223,902,415
3021,1,Fast,0.5461188554763794,827,674
3021,1,Fast,0.4727031886577606,875,402
3021,1,Fast,0.4405463635921478,874,852
3022,1,Fast,0.7623763680458069,1094,924
3022,1,Fast,0.6983877420425415,875,401
3022,1,Fast,0.6535562872886658,876,859
3022,1,Fast,0.5117795467376709,883,441
3022,1,Fast,0.4186493158340454,896,378
3022,1,Fast,0.40249714255332947,828,680
3023,1,Fast,0.725895345211029,875,398
3023,1,Fast,0.6962391138076782,883,440
3023,1,Fast,0.6958613991737366,878,865
3023,1,Fast,0.6368133425712585,1090,918
3024,1,Fast,0.7395462393760681,879,873
3024,1,Fast,0.6876726150512695,874,395
3024,1,Fast,0.6830323338508606,1086,911
3024,1,Fast,0.608091413974762,881,438
3024,1,Fast,0.5906093120574951,974,674
3024,1,Fast,0.3701525926589966,830,689
3025,1,Fast,0.6515382528305054,874,393
3025,1,Fast,0.6200879216194153,882,435
3025,1,Fast,0.523030161857605,881,878
3025,1,Fast,0.4689679443836212,1083,904
3026,1,Fast,0.5957710146903992,884,886
3026,1,Fast,0.42088595032691956,832,698
3026,1,Fast,0.3952212333679199,875,391
3027,1,Fast,0.4518640339374542,886,893
3027,1,Fast,0.4069530963897705,833,702
3027,1,Fast,0.36438319087028503,874,389
3028,1,Fast,0.3648458421230316,874,387
3028,1,Fast,0.3417406976222992,844,589
3029,1,Fast,0.7761732339859009,835,713
3029,1,Fast,0.49341094493865967,890,905
3029,1,Fast,0.3871086835861206,873,386
3030,1,Fast,0.7426609396934509,836,717
3030,1,Fast,0.31115084886550903,873,384
3031,1,Fast,0.8343561291694641,837,723
3032,1,Fast,0.8156739473342896,838,728
3032,1,Fast,0.5843898057937622,896,928
3033,1,Fast,0.8233885765075684,839,733
3033,1,Fast,0.5684069395065308,898,936
3034,1,Fast,0.7564148306846619,901,944
3034,1,Fast,0.7548010349273682,841,738
3035,1,Fast,0.7904709577560425,904,951
3035,1,Fast,0.7587985992431641,842,744
3036,1,Fast,0.7713572978973389,906,959
3036,1,Fast,0.7622913718223572,843,750
3037,1,Fast,0.7704277038574219,909,967
3037,1,Fast,0.6838608384132385,845,755
3038,1,Fast,0.7936540842056274,912,976
3038,1,Fast,0.7331506013870239,846,760
3039,1,Fast,0.7055853605270386,848,766
3039,1,Fast,0.4534960687160492,914,984
3039,1,Fast,0.42848095297813416,853,638
3040,1,Fast,0.8553333878517151,849,772
3040,1,Fast,0.7442625164985657,916,993
3041,1,Fast,0.8680187463760376,851,778
3042,1,Fast,0.8445043563842773,852,783
3042,1,Fast,0.3025963306427002,923,1010
3043,1,Fast,0.851990282535553,853,789
3044,1,Fast,0.8550137877464294,855,795
3045,1,Fast,0.8503609299659729,857,802
3046,1,Fast,0.8325558304786682,859,808
3046,1,Fast,0.34651562571525574,932,1048
3047,1,Fast,0.7668963074684143,861,814
3048,1,Fast,0.7541151642799377,863,821
3048,1,Fast,0.36064472794532776,865,684
3049,1,Fast,0.6327780485153198,865,827
3050,1,Fast,0.8067362308502197,866,834
3051,1,Fast,0.767805814743042,868,841
3052,1,Fast,0.7869591116905212,869,848
3053,1,Fast,0.7864701151847839,871,855
3053,1,Fast,0.4808397889137268,872,711
3054,1,Fast,0.8420721292495728,873,862
3055,1,Fast,0.8520740866661072,875,868
3055,1,Fast,0.4352532625198364,875,723
3056,1,Fast,0.85445636510849,877,875
3056,2,Slow,0.4959019422531128,842,559
3057,1,Fast,0.8680614233016968,879,881
3057,2,Slow,0.5726219415664673,842,564
3058,1,Fast,0.8595618009567261,882,889
3058,2,Slow,0.5060414671897888,842,567
3058,1,Fast,0.31940555572509766,985,615
3059,1,Fast,0.791075587272644,885,898
3059,1,Fast,0.43035823106765747,983,611
3060,1,Fast,0.795928418636322,887,905
3060,1,Fast,0.5701810717582703,883,755
3060,1,Fast,0.30141323804855347,998,822
3061,1,Fast,0.7941931486129761,889,913
3061,2,Slow,0.4895041882991791,844,580
3061,1,Fast,0.3917440176010132,994,815
3062,1,Fast,0.8477616310119629,891,920
3062,1,Fast,0.5043667554855347,815,646
3062,1,Fast,0.4816279709339142,992,808
3063,1,Fast,0.8764136433601379,893,928
3063,1,Fast,0.5642315745353699,816,650
3063,2,Slow,0.4571211338043213,847,588
3063,1,Fast,0.35082656145095825,989,802
3064,1,Fast,0.8816549181938171,895,936
3064,1,Fast,0.6229554414749146,817,653
3064,2,Slow,0.5824854373931885,848,593
3064,1,Fast,0.5747707486152649,986,794
3065,1,Fast,0.875983476638794,898,944
3065,2,Slow,0.7002740502357483,849,597
3065,1,Fast,0.4018709659576416,818,656
3066,1,Fast,0.8784719705581665,900,952
3066,1,Fast,0.5129861235618591,818,662
3066,2,Slow,0.38458365201950073,850,602
3067,1,Fast,0.8748641014099121,903,961
3067,1,Fast,0.4801894426345825,979,774
3068,1,Fast,0.8670439124107361,906,969
3068,1,Fast,0.4216110110282898,975,769
3068,2,Slow,0.39367181062698364,852,611
3069,1,Fast,0.8704946637153625,909,977
3069,2,Slow,0.4798299968242645,853,616
3070,1,Fast,0.8709083795547485,912,986
3070,2,Slow,0.36228689551353455,854,620
3071,1,Fast,0.8789973258972168,915,996
3071,1,Fast,0.48113885521888733,967,750
3071,1,Fast,0.440667986869812,822,685
3072,1,Fast,0.8826163411140442,918,1005
3072,1,Fast,0.7710838317871094,964,744
3072,1,Fast,0.4887656271457672,1177,993
3072,2,Slow,0.46308618783950806,856,629
3072,1,Fast,0.42390909790992737,823,689
3073,1,Fast,0.8894832730293274,921,1014
3073,1,Fast,0.8564668297767639,962,738
3073,1,Fast,0.8480880856513977,1172,985
3073,2,Slow,0.5771583914756775,857,635
3074,1,Fast,0.87559974193573,923,1023
3074,1,Fast,0.8067433834075928,1168,978
3074,1,Fast,0.6705982089042664,960,731
3074,2,Slow,0.6008932590484619,859,641
3074,1,Fast,0.4401623010635376,915,855
3075,1,Fast,0.8732815384864807,926,1033
3075,1,Fast,0.6792117357254028,1163,970
3075,1,Fast,0.5193387269973755,918,863
3075,2,Slow,0.4789219796657562,860,646
3075,1,Fast,0.461472749710083,958,726
3076,1,Fast,0.8379558324813843,929,1043
3076,2,Slow,0.6462160348892212,861,651
3076,1,Fast,0.32968670129776,1159,962
3076,1,Fast,0.31162893772125244,956,720
3076,1,Fast,0.3005923926830292,826,706
3077,1,Fast,0.8377930521965027,933,1052
3077,1,Fast,0.7273200154304504,953,714
3077,2,Slow,0.6859015822410583,863,655
3077,1,Fast,0.3528919517993927,923,879
3078,1,Fast,0.8559584021568298,952,709
3078,1,Fast,0.7397598624229431,937,1057
3078,2,Slow,0.6384523510932922,864,660
3078,1,Fast,0.5789183378219604,927,887
3078,1,Fast,0.3988468647003174,829,716
3079,2,Slow,0.775505542755127,864,666
3079,1,Fast,0.6979162096977234,1147,939
3079,1,Fast,0.6834372282028198,929,896
3079,1,Fast,0.6083241105079651,948,704
3080,1,Fast,0.796993613243103,947,699
3080,1,Fast,0.734710693359375,1143,932
3080,1,Fast,0.7209440469741821,931,904
3080,2,Slow,0.4826560318470001,962,634
3080,1,Fast,0.3346123695373535,947,1068
3081,1,Fast,0.796556830406189,944,693
3081,1,Fast,0.7125352621078491,934,912
3081,2,Slow,0.3135765790939331,867,676
3082,1,Fast,0.7703026533126831,938,920
3082,1,Fast,0.7284882664680481,943,687
3082,1,Fast,0.5124618411064148,1136,1019
3082,2,Slow,0.39688408374786377,869,680
3083,1,Fast,0.7821175456047058,941,930
3083,1,Fast,0.7300377488136292,1131,1011
3083,1,Fast,0.5876515507698059,941,682
3083,2,Slow,0.3106081187725067,869,686
3084,1,Fast,0.6892776489257812,944,940
3084,2,Slow,0.631570041179657,871,693
3084,1,Fast,0.5923023223876953,938,677
3084,1,Fast,0.5074464678764343,1127,1003
3084,1,Fast,0.34564638137817383,1127,902
3085,1,Fast,0.6984586119651794,948,949
3085,2,Slow,0.670409619808197,872,698
3085,1,Fast,0.5908624529838562,1123,895
3085,1,Fast,0.5147767066955566,936,672
3085,1,Fast,0.4550413489341736,954,616
3085,1,Fast,0.38785719871520996,1122,994
3086,1,Fast,0.8173713088035583,951,959
3086,1,Fast,0.7412886619567871,1119,888
3086,1,Fast,0.5086986422538757,1117,985
3086,1,Fast,0.4762297570705414,826,668
3087,1,Fast,0.7737545371055603,955,969
3087,1,Fast,0.6386988162994385,1116,882
3087,2,Slow,0.5334671139717102,877,709
3087,2,Slow,0.3978428840637207,952,608
3087,1,Fast,0.33785223960876465,932,662
3088,1,Fast,0.7246286869049072,958,978
3088,1,Fast,0.7150292992591858,840,766
3088,2,Slow,0.4366585910320282,948,604
3089,1,Fast,0.6596533060073853,962,989
3089,1,Fast,0.3333938419818878,929,653
3089,2,Slow,0.3261620104312897,879,721
3090,1,Fast,0.42406371235847473,966,1000
3090,1,Fast,0.3959825932979584,1105,862
3090,1,Fast,0.3456561863422394,927,648
3091,1,Fast,0.7836458683013916,1101,856
3091,1,Fast,0.3574290871620178,925,644
3092,1,Fast,0.64870285987854,1098,851
3092,2,Slow,0.5211529731750488,944,593
3092,1,Fast,0.42766353487968445,924,638
3093,1,Fast,0.7926934361457825,923,634
3093,1,Fast,0.6971740126609802,1094,845
3093,2,Slow,0.5724344253540039,943,589
3093,2,Slow,0.381242960691452,887,744
3094,1,Fast,0.7017290592193604,922,629
3094,1,Fast,0.5521371960639954,848,802
3094,1,Fast,0.49476954340934753,1091,839
3094,1,Fast,0.37306737899780273,942,586
3095,1,Fast,0.7326247096061707,920,625
3095,1,Fast,0.5537047982215881,941,583
3095,1,Fast,0.3141297399997711,1088,834
3096,1,Fast,0.8591641187667847,918,621
3096,1,Fast,0.6835849285125732,1085,827
3096,2,Slow,0.42187559604644775,942,500
3096,1,Fast,0.3002195656299591,1076,903
3097,1,Fast,0.7958208918571472,917,616
3097,1,Fast,0.6134722232818604,1081,820
3097,2,Slow,0.43292054533958435,941,577
3098,1,Fast,0.8405092358589172,915,612
3098,1,Fast,0.7206728458404541,1079,815
3098,1,Fast,0.48239660263061523,1041,920
3099,1,Fast,0.8454065322875977,914,609
3099,1,Fast,0.8366276621818542,1076,810
3099,1,Fast,0.527691125869751,855,831
3099,1,Fast,0.31116780638694763,839,727
3100,1,Fast,0.8398114442825317,913,604
3100,1,Fast,0.7755140066146851,1073,805
3100,1,Fast,0.3366461992263794,840,731
3101,1,Fast,0.8070178031921387,911,600
3101,1,Fast,0.6983867287635803,1070,799
3102,1,Fast,0.8247495293617249,911,597
3102,1,Fast,0.7391147613525391,1067,794
3102,2,Slow,0.4999723434448242,936,486
3103,1,Fast,0.8164206743240356,910,592
3103,1,Fast,0.7992688417434692,1064,789
3103,2,Slow,0.4141704738140106,936,484
3104,1,Fast,0.8521504402160645,1061,783
3104,1,Fast,0.804678201675415,909,588
3104,2,Slow,0.43103986978530884,935,482
3105,1,Fast,0.8302882313728333,1059,778
3105,1,Fast,0.6993991732597351,907,583
3105,2,Slow,0.3956786096096039,934,480
3105,1,Fast,0.37453991174697876,1014,861
3106,1,Fast,0.6650462746620178,1056,772
3106,1,Fast,0.5526220202445984,906,579
3106,1,Fast,0.5129541158676147,1011,852
3106,2,Slow,0.4610320031642914,934,477
3107,1,Fast,0.74745112657547,904,575
3107,1,Fast,0.6738677620887756,1053,766
3107,1,Fast,0.48625800013542175,868,885
3107,2,Slow,0.40816524624824524,933,475
3108,1,Fast,0.735116183757782,851,774
3108,1,Fast,0.6743217706680298,902,572
3108,2,Slow,0.5173651576042175,933,473
3108,1,Fast,0.49974727630615234,1050,761
3108,1,Fast,0.31324946880340576,872,893
3109,1,Fast,0.7698942422866821,901,568
3109,1,Fast,0.7536260485649109,1047,756
3109,1,Fast,0.5890220999717712,853,780
3109,2,Slow,0.5422985553741455,932,471
3110,1,Fast,0.8245466947555542,1045,750
3110,1,Fast,0.7765488028526306,900,565
3110,1,Fast,0.7270253896713257,854,786
3111,1,Fast,0.8232836723327637,1043,746
3111,1,Fast,0.8171562552452087,856,792
3111,1,Fast,0.7859916090965271,900,561
3112,1,Fast,0.848909318447113,1040,741
3112,1,Fast,0.8136594295501709,857,798
3112,1,Fast,0.7602413296699524,898,557
3113,1,Fast,0.8203292489051819,1037,736
3113,1,Fast,0.8062013983726501,858,804
3113,1,Fast,0.7565901875495911,897,554
3113,1,Fast,0.3242452144622803,881,928
3114,1,Fast,0.7480804920196533,1036,731
3114,1,Fast,0.7238847613334656,860,810
3114,1,Fast,0.38498711585998535,895,550
3114,1,Fast,0.3225859999656677,883,936
3115,1,Fast,0.8181554675102234,1033,726
3115,1,Fast,0.758633553981781,885,944
3115,1,Fast,0.6056920289993286,862,816
3115,1,Fast,0.3610282838344574,894,546
3116,1,Fast,0.7331628799438477,1031,721
3116,1,Fast,0.6852756142616272,1118,1001
3116,1,Fast,0.6611148715019226,888,952
3116,1,Fast,0.540276825428009,893,542
3117,1,Fast,0.8030611276626587,1028,717
3117,1,Fast,0.7218341827392578,890,960
3117,1,Fast,0.5493401885032654,866,828
3117,1,Fast,0.43645429611206055,892,539
3117,1,Fast,0.38707903027534485,1113,993
3117,1,Fast,0.304617315530777,978,773
3118,1,Fast,0.7854685187339783,1026,713
3118,1,Fast,0.6637730002403259,868,834
3118,1,Fast,0.5422592163085938,891,535
3118,1,Fast,0.511126697063446,1108,983
3118,1,Fast,0.42868974804878235,975,766
3118,2,Slow,0.3614746034145355,920,518
3118,1,Fast,0.34617093205451965,891,967
3119,1,Fast,0.8044494390487671,894,974
3119,1,Fast,0.6338844895362854,891,532
3119,1,Fast,0.5971227288246155,869,841
3119,1,Fast,0.5854312181472778,1024,708
3119,1,Fast,0.45707306265830994,972,759
3120,1,Fast,0.7814033031463623,870,847
3120,1,Fast,0.6342800855636597,891,528
3120,1,Fast,0.4948820471763611,1100,966
3120,1,Fast,0.4172569215297699,969,753
3120,1,Fast,0.3306978642940521,896,983
3121,1,Fast,0.771369218826294,872,854
3121,1,Fast,0.5943440794944763,966,747
3121,1,Fast,0.5838057398796082,889,525
3121,1,Fast,0.5683011412620544,1096,958
3122,1,Fast,0.8430100679397583,874,862
3122,1,Fast,0.7931281328201294,964,740
3122,1,Fast,0.7556796073913574,1018,695
3122,1,Fast,0.6651450991630554,888,522
3122,1,Fast,0.574566125869751,1092,949
3123,1,Fast,0.8584731221199036,876,869
3123,1,Fast,0.7993584871292114,1015,690
3123,1,Fast,0.7876145839691162,961,734
3123,1,Fast,0.6377831101417542,887,518
3123,1,Fast,0.4740723669528961,1088,942
3124,1,Fast,0.8264626264572144,878,875
3124,1,Fast,0.8240358829498291,1014,686
3124,1,Fast,0.7910366058349609,959,727
3124,1,Fast,0.664059042930603,886,514
3124,2,Slow,0.4982621371746063,917,500
3125,1,Fast,0.8322252035140991,879,882
3125,1,Fast,0.8306615352630615,1012,683
3125,1,Fast,0.8169851303100586,957,720
3126,1,Fast,0.8507185578346252,954,714
3126,1,Fast,0.818634569644928,1009,678
3126,1,Fast,0.7263469099998474,883,889
3126,1,Fast,0.3271596431732178,991,719
3127,1,Fast,0.8384148478507996,953,709
3127,1,Fast,0.6908206939697266,1008,674
3127,1,Fast,0.676921546459198,885,896
3127,1,Fast,0.5930371880531311,884,505
3127,1,Fast,0.30754655599594116,1073,911
3128,1,Fast,0.8110805749893188,950,704
3128,1,Fast,0.7023476362228394,884,501
3128,1,Fast,0.6356265544891357,1005,669
3128,1,Fast,0.602877676486969,887,904
3128,1,Fast,0.5033456683158875,1069,903
3128,1,Fast,0.3771064281463623,986,709
3129,1,Fast,0.8165945410728455,949,699
3129,1,Fast,0.7635542154312134,1004,665
3129,1,Fast,0.7349013686180115,885,498
3129,1,Fast,0.4651675224304199,890,910
3129,1,Fast,0.4285100996494293,925,1059
3130,1,Fast,0.7854331135749817,947,693
3130,1,Fast,0.7384858727455139,1002,661
3130,1,Fast,0.679798424243927,884,495
3130,1,Fast,0.38893958926200867,891,917
3130,2,Slow,0.30691975355148315,914,488
3131,1,Fast,0.7450842261314392,945,687
3131,1,Fast,0.6162360310554504,1001,658
3131,1,Fast,0.5049629807472229,892,925
3131,1,Fast,0.491349995136261,884,493
3132,1,Fast,0.7993379831314087,943,682
3132,1,Fast,0.7152507901191711,894,933
3132,1,Fast,0.44173017144203186,884,490
3132,1,Fast,0.3417647182941437,999,654
3133,1,Fast,0.8368031978607178,897,941
3133,1,Fast,0.7797034382820129,941,677
3133,1,Fast,0.6546847820281982,884,485
3134,1,Fast,0.8051708936691284,899,949
3134,1,Fast,0.7288289666175842,938,672
3134,1,Fast,0.5260655283927917,974,682
3134,1,Fast,0.33153289556503296,995,645
3134,1,Fast,0.3006387948989868,884,483
3135,1,Fast,0.8194083571434021,901,957
3135,1,Fast,0.7089583277702332,937,665
3135,1,Fast,0.4147363305091858,883,480
3135,1,Fast,0.3630790114402771,992,640
3136,1,Fast,0.8308553695678711,904,965
3136,1,Fast,0.7063827514648438,935,660
3136,1,Fast,0.6953319907188416,991,637
3137,1,Fast,0.7919339537620544,906,974
3137,1,Fast,0.7233489751815796,933,655
3137,1,Fast,0.6295048594474792,990,634
3137,1,Fast,0.3997654318809509,881,476
3138,1,Fast,0.8333637714385986,909,981
3138,1,Fast,0.7784079313278198,932,650
3138,1,Fast,0.6983346939086914,880,471
3138,1,Fast,0.6409741640090942,989,630
3138,1,Fast,0.408831924200058,829,709
3139,1,Fast,0.8298671841621399,912,990
3139,1,Fast,0.6281878352165222,930,645
3139,1,Fast,0.6237677335739136,880,468
3139,1,Fast,0.5010411739349365,986,627
3140,1,Fast,0.8590526580810547,915,999
3140,1,Fast,0.6258747577667236,928,640
3140,1,Fast,0.4668070077896118,879,466
3141,1,Fast,0.8052430152893066,918,1008
3141,1,Fast,0.720124363899231,927,634
3141,1,Fast,0.3178115487098694,962,649
3141,1,Fast,0.3058904707431793,983,619
3142,1,Fast,0.7862025499343872,921,1017
3142,1,Fast,0.6528416872024536,925,630
3143,1,Fast,0.7163300514221191,923,625
3143,1,Fast,0.710956871509552,923,1026
3144,1,Fast,0.7732113599777222,922,621
3144,1,Fast,0.7332537770271301,925,1036
3144,1,Fast,0.696122944355011,1018,796
3145,1,Fast,0.7202053070068359,920,615
3145,1,Fast,0.5700325965881348,1016,790
3146,1,Fast,0.7597615718841553,918,610
3146,1,Fast,0.5009613037109375,1014,785
3146,1,Fast,0.4566497206687927,953,628
3147,1,Fast,0.7497158646583557,917,606
3147,1,Fast,0.5058205127716064,952,624
3148,1,Fast,0.7589725852012634,951,620
3148,1,Fast,0.6054669618606567,916,601
3148,1,Fast,0.4209412932395935,1010,773
3148,1,Fast,0.30872586369514465,974,593
3149,1,Fast,0.5452545881271362,972,590
3149,1,Fast,0.518805205821991,950,616
3149,1,Fast,0.4848392903804779,1007,768
3149,1,Fast,0.35915252566337585,915,598
3150,1,Fast,0.7106975317001343,948,611
3150,1,Fast,0.5820642113685608,913,594
3150,1,Fast,0.4227354824542999,875,440
3150,1,Fast,0.39876875281333923,844,765
3150,2,Slow,0.3842449486255646,906,443
3150,1,Fast,0.34312042593955994,971,587
3151,1,Fast,0.6540834307670593,912,589
3151,1,Fast,0.6524194478988647,947,608
3151,1,Fast,0.5369561314582825,846,771
3152,1,Fast,0.6482904553413391,847,776
3152,1,Fast,0.5628848075866699,946,605
3152,1,Fast,0.545924723148346,911,585
3153,1,Fast,0.7284579277038574,848,782
3153,1,Fast,0.4113648533821106,943,601
3154,1,Fast,0.5002491474151611,942,597
3154,1,Fast,0.4608646631240845,908,576
3154,1,Fast,0.314177930355072,849,787
3155,1,Fast,0.4630795419216156,907,572
3155,1,Fast,0.3833012878894806,942,594
3155,1,Fast,0.37912288308143616,851,794
3155,1,Fast,0.3165121078491211,965,572
3156,1,Fast,0.6989984512329102,853,799
3157,1,Fast,0.5116995573043823,854,804
3158,1,Fast,0.6122628450393677,856,811
3159,1,Fast,0.43157950043678284,902,557
3160,1,Fast,0.3686680495738983,936,575
3161,1,Fast,0.39285603165626526,900,550
3162,1,Fast,0.31118252873420715,899,545
3163,1,Fast,0.4783986806869507,898,541
3163,1,Fast,0.3478648066520691,976,695
3163,1,Fast,0.3198032081127167,862,839
3164,1,Fast,0.7758347988128662,974,690
3164,1,Fast,0.46247589588165283,897,537
3165,1,Fast,0.7112160921096802,973,684
3165,1,Fast,0.585835337638855,896,533
3166,1,Fast,0.7929877042770386,867,857
3166,1,Fast,0.6296983361244202,896,530
3166,1,Fast,0.6283929347991943,971,680
3167,1,Fast,0.5820505619049072,894,528
3167,1,Fast,0.40633413195610046,970,675
3168,1,Fast,0.6231246590614319,871,870
3168,1,Fast,0.4292928874492645,968,671
3168,1,Fast,0.3746036887168884,927,549
3169,1,Fast,0.6575287580490112,874,876
3169,1,Fast,0.4996742904186249,926,546
3169,1,Fast,0.41934555768966675,966,666
3170,1,Fast,0.7962728142738342,875,883
3170,1,Fast,0.5668813586235046,964,662
3171,1,Fast,0.5060791373252869,924,540
3171,1,Fast,0.31399980187416077,963,658
3172,1,Fast,0.5502840280532837,962,654
3172,1,Fast,0.5122341513633728,923,535
3173,1,Fast,0.6420992016792297,960,650
3173,1,Fast,0.597736120223999,922,533
3173,2,Slow,0.3491029739379883,943,519
3173,0,VRU,0.314169704914093,1329,855
3174,1,Fast,0.6585181355476379,922,529
3174,1,Fast,0.6361263990402222,889,500
3174,1,Fast,0.6358345746994019,958,645
3174,0,VRU,0.32936814427375793,1329,854
3174,1,Fast,0.32401686906814575,881,910
3174,1,Fast,0.30700385570526123,943,515
3175,1,Fast,0.6091164350509644,888,498
3175,1,Fast,0.5339229106903076,957,641
3175,1,Fast,0.482310026884079,920,526
3176,1,Fast,0.5505804419517517,955,637
3176,1,Fast,0.46487292647361755,887,496
3176,1,Fast,0.36737245321273804,918,524
3176,0,VRU,0.3241121470928192,1329,854
3177,1,Fast,0.6904257535934448,888,930
3177,1,Fast,0.6134437322616577,886,493
3177,1,Fast,0.5777329206466675,954,633
3177,1,Fast,0.5528872609138489,917,520
3177,0,VRU,0.3207020163536072,1329,855
3178,1,Fast,0.7754276394844055,889,937
3178,1,Fast,0.5075132250785828,952,628
3178,0,VRU,0.36725011467933655,1329,855
3178,1,Fast,0.3190753757953644,885,491
3179,1,Fast,0.6037342548370361,950,624
3179,1,Fast,0.500779390335083,892,945
3179,0,VRU,0.41836875677108765,1329,854
3179,2,Slow,0.3646920323371887,940,503
3180,1,Fast,0.7553333044052124,948,619
3180,1,Fast,0.57269287109375,894,953
3181,1,Fast,0.8156828284263611,897,960
3181,1,Fast,0.683630108833313,947,616
3181,1,Fast,0.32749712467193604,884,480
3182,1,Fast,0.7834964394569397,946,613
3182,1,Fast,0.6360217332839966,899,969
3182,1,Fast,0.5383961796760559,913,505
3183,1,Fast,0.7467554211616516,901,977
3183,1,Fast,0.692237377166748,945,609
3183,1,Fast,0.45403429865837097,883,475
3183,1,Fast,0.33679822087287903,912,502
3184,1,Fast,0.608034610748291,944,605
3184,1,Fast,0.5954087376594543,912,499
3184,1,Fast,0.3253430128097534,904,985
3185,1,Fast,0.39871370792388916,942,602
3185,1,Fast,0.3898136019706726,906,992
3186,1,Fast,0.44695809483528137,941,599
3186,1,Fast,0.4049646556377411,881,466
3186,1,Fast,0.3924161493778229,910,494
3187,1,Fast,0.512978732585907,910,492
3187,1,Fast,0.4099179208278656,940,595
3188,1,Fast,0.7584903240203857,939,591
3188,1,Fast,0.5246084928512573,783,824
3189,1,Fast,0.6489466428756714,938,587
3189,1,Fast,0.6217876672744751,783,829
3190,1,Fast,0.6311046481132507,937,584
3190,1,Fast,0.6116837859153748,784,832
3191,1,Fast,0.645219087600708,935,580
3191,1,Fast,0.4828605055809021,785,837
3191,1,Fast,0.3993007242679596,879,452
3192,1,Fast,0.5226019024848938,934,576
3193,1,Fast,0.6789043545722961,932,573
3193,1,Fast,0.34636205434799194,906,477
3194,1,Fast,0.5464842915534973,842,754
3194,1,Fast,0.3279513418674469,905,475
3195,1,Fast,0.4281187355518341,1179,1067
3195,1,Fast,0.34787777066230774,905,472
3195,1,Fast,0.33965209126472473,788,857
3195,1,Fast,0.3077869713306427,930,567
3196,1,Fast,0.6850974559783936,905,470
3197,2,Slow,0.6690084338188171,1164,1058
3197,1,Fast,0.5581849217414856,928,561
3197,1,Fast,0.492282509803772,790,867
3197,1,Fast,0.3616943061351776,904,468
3199,1,Fast,0.3807501494884491,926,554
3200,1,Fast,0.31399619579315186,925,551
3201,1,Fast,0.5904282331466675,924,548
3202,1,Fast,0.649409294128418,923,544
3204,1,Fast,0.38812077045440674,921,537
3204,1,Fast,0.34893864393234253,799,903
3206,2,Slow,0.43632790446281433,918,532
3206,1,Fast,0.3450605571269989,872,414
3212,1,Fast,0.5624750852584839,869,860
3213,1,Fast,0.6942838430404663,871,868
3214,1,Fast,0.4278871715068817,873,874
3214,1,Fast,0.3573766052722931,815,961
3215,1,Fast,0.452675998210907,875,882
3216,1,Fast,0.47565048933029175,878,888
3218,1,Fast,0.3794693350791931,895,419
3218,1,Fast,0.3366994559764862,881,901
3223,0,VRU,0.39771589636802673,1059,861
3226,1,Fast,0.47784972190856934,1178,1067
3226,1,Fast,0.32753491401672363,899,964
3227,1,Fast,0.6523131728172302,1172,1062
3228,1,Fast,0.6623881459236145,1163,1057
3229,1,Fast,0.32086077332496643,1157,1051
3230,1,Fast,0.512612521648407,1152,1042
3230,0,VRU,0.31351929903030396,1327,855
3231,1,Fast,0.736562192440033,1147,1032
3232,1,Fast,0.839883029460907,1142,1021
3233,1,Fast,0.8109223246574402,1137,1013
3233,0,VRU,0.31880030035972595,1031,800
3234,1,Fast,0.8519841432571411,1133,1004
3234,0,VRU,0.30103516578674316,1027,795
3235,1,Fast,0.8533231019973755,1128,995
3236,1,Fast,0.8467240929603577,1123,987
3237,1,Fast,0.8210564255714417,1119,979
3237,1,Fast,0.38672274351119995,819,639
3238,1,Fast,0.7788873910903931,1116,970
3238,1,Fast,0.3735381066799164,821,643
3239,1,Fast,0.7970702648162842,822,647
3239,1,Fast,0.7636764049530029,1111,963
3240,1,Fast,0.8306098580360413,823,650
3240,1,Fast,0.8046872615814209,1107,955
3241,1,Fast,0.8374757170677185,1103,948
3241,1,Fast,0.8164128065109253,824,655
3241,1,Fast,0.3114878237247467,899,440
3242,1,Fast,0.8212130069732666,824,660
3242,1,Fast,0.7959206700325012,1099,939
3243,1,Fast,0.8716729879379272,1095,931
3243,1,Fast,0.7828680872917175,825,664
3244,1,Fast,0.8438062071800232,1091,923
3244,1,Fast,0.704662561416626,826,668
3244,2,Slow,0.598143458366394,1004,743
3245,1,Fast,0.8313913345336914,1088,916
3245,1,Fast,0.7034507989883423,827,673
3245,0,VRU,0.4150613844394684,1001,738
3246,1,Fast,0.7962584495544434,1084,908
3246,1,Fast,0.7090209126472473,828,678
3247,1,Fast,0.8369911313056946,1080,902
3247,1,Fast,0.4892570674419403,830,682
3248,1,Fast,0.8368622660636902,1078,894
3248,1,Fast,0.6513890624046326,831,687
3249,1,Fast,0.8111965656280518,1074,888
3249,1,Fast,0.7718824744224548,831,691
3249,1,Fast,0.3631497919559479,834,573
3250,1,Fast,0.8266927003860474,833,696
3250,1,Fast,0.765601396560669,1071,880
3250,2,Slow,0.3116047978401184,896,421
3251,1,Fast,0.8516879677772522,834,700
3251,1,Fast,0.7933164834976196,1068,875
3251,1,Fast,0.3491681218147278,836,581
3252,1,Fast,0.8181919455528259,835,705
3252,1,Fast,0.7351240515708923,1065,868
3252,1,Fast,0.552060067653656,836,585
3253,1,Fast,0.8352574110031128,836,711
3253,1,Fast,0.7699385285377502,836,589
3253,1,Fast,0.7469117045402527,1062,862
3253,2,Slow,0.40878188610076904,987,699
3253,2,Slow,0.3173566460609436,894,416
3254,1,Fast,0.8469067811965942,836,715
3254,1,Fast,0.775250256061554,1058,854
3254,1,Fast,0.7745087742805481,837,593
3254,2,Slow,0.46764516830444336,894,414
3255,1,Fast,0.8654212951660156,837,721
3255,1,Fast,0.824122428894043,1056,847
3255,1,Fast,0.7085411548614502,838,597
3256,1,Fast,0.8602703213691711,1052,841
3256,1,Fast,0.8581578731536865,838,726
3256,1,Fast,0.7913321852684021,839,601
3256,2,Slow,0.3366791903972626,981,684
3257,1,Fast,0.8485212922096252,840,730
3257,1,Fast,0.8381075263023376,1050,835
3257,1,Fast,0.8367367386817932,841,605
3258,1,Fast,0.8540088534355164,841,736
3258,1,Fast,0.8158459663391113,841,609
3258,1,Fast,0.773673415184021,1047,829
3259,1,Fast,0.8430855870246887,842,742
3259,1,Fast,0.7557387351989746,1043,822
3259,1,Fast,0.7552054524421692,842,613
3260,1,Fast,0.8266869187355042,844,748
3260,1,Fast,0.7984305620193481,1041,816
3260,1,Fast,0.7133318185806274,843,618
3261,1,Fast,0.8259234428405762,1038,810
3261,1,Fast,0.8030616044998169,844,752
3261,0,VRU,0.5508624315261841,973,662
3261,1,Fast,0.5319495797157288,844,622
3262,1,Fast,0.8555153012275696,847,758
3262,1,Fast,0.7921509742736816,1035,805
3262,1,Fast,0.7022367715835571,845,627
3263,1,Fast,0.8798215985298157,848,763
3263,1,Fast,0.7711730599403381,1033,799
3263,1,Fast,0.562839686870575,846,631
3263,1,Fast,0.3101964592933655,1023,885
3264,1,Fast,0.8710810542106628,849,768
3264,1,Fast,0.66301429271698,1031,793
3264,1,Fast,0.42047014832496643,847,635
3265,1,Fast,0.8613690733909607,851,774
3265,1,Fast,0.766045093536377,1028,788
3265,1,Fast,0.47776317596435547,1017,869
3265,1,Fast,0.4059430956840515,849,640
3266,1,Fast,0.8759493827819824,852,780
3266,1,Fast,0.8248158097267151,1025,779
3266,1,Fast,0.6509315371513367,1013,861
3266,1,Fast,0.49938562512397766,850,644
3267,1,Fast,0.8638662695884705,853,786
3267,1,Fast,0.8003406524658203,1023,774
3267,1,Fast,0.6385685205459595,851,649
3267,2,Slow,0.5266808271408081,963,640
3267,1,Fast,0.4986305236816406,1009,852
3268,1,Fast,0.8636801838874817,855,791
3268,1,Fast,0.8114330768585205,1020,770
3268,1,Fast,0.5339329242706299,852,654
3268,2,Slow,0.5092836618423462,1006,846
3269,1,Fast,0.863553524017334,856,798
3269,1,Fast,0.6908174157142639,1018,765
3269,1,Fast,0.557251513004303,853,660
3269,2,Slow,0.5441288352012634,1002,837
3270,1,Fast,0.8507804870605469,858,804
3270,1,Fast,0.7710900902748108,854,665
3270,1,Fast,0.6591849327087402,1016,759
3271,1,Fast,0.8597162961959839,860,810
3271,1,Fast,0.8146678805351257,1013,753
3271,1,Fast,0.7198485136032104,856,669
3272,1,Fast,0.8508110642433167,862,816
3272,1,Fast,0.8008818626403809,1011,748
3272,1,Fast,0.745273768901825,858,674
3273,1,Fast,0.8761200904846191,863,822
3273,1,Fast,0.8195886611938477,1009,743
3273,1,Fast,0.7992812991142273,858,680
3273,2,Slow,0.5484112501144409,988,807
3273,2,Slow,0.30619165301322937,954,613
3274,1,Fast,0.857336163520813,865,829
3274,1,Fast,0.8314463496208191,1007,737
3274,1,Fast,0.8213760256767273,860,684
3274,2,Slow,0.3322272300720215,953,610
3275,1,Fast,0.8572450876235962,867,835
3275,1,Fast,0.8554918766021729,861,689
3275,1,Fast,0.7979335188865662,1005,733
3276,1,Fast,0.8556236624717712,869,842
3276,1,Fast,0.8112280964851379,862,694
3276,1,Fast,0.7447777986526489,1003,728
3277,1,Fast,0.8670395016670227,864,699
3277,1,Fast,0.8625666499137878,871,849
3277,1,Fast,0.7309445738792419,1002,723
3278,1,Fast,0.8727024793624878,873,856
3278,1,Fast,0.8709006905555725,866,705
3278,1,Fast,0.802511990070343,999,716
3278,2,Slow,0.3397940397262573,976,772
3279,1,Fast,0.8819025754928589,874,863
3279,1,Fast,0.862583577632904,867,711
3279,1,Fast,0.8450149297714233,997,711
3280,1,Fast,0.8860802054405212,876,869
3280,1,Fast,0.861752450466156,868,715
3280,1,Fast,0.8339890241622925,996,707
3281,1,Fast,0.8795957565307617,877,876
3281,1,Fast,0.8719281554222107,870,722
3281,1,Fast,0.7449710369110107,994,702
3282,1,Fast,0.8851875066757202,879,882
3282,1,Fast,0.8513168692588806,871,727
3282,1,Fast,0.6562440395355225,992,698
3282,1,Fast,0.33090752363204956,965,745
3283,1,Fast,0.875717043876648,882,890
3283,1,Fast,0.8542762398719788,872,733
3283,1,Fast,0.773091733455658,991,693
3284,1,Fast,0.8748790621757507,884,898
3284,1,Fast,0.8378989100456238,874,739
3284,1,Fast,0.6386470794677734,988,689
3285,1,Fast,0.884526252746582,887,904
3285,1,Fast,0.8598742485046387,876,745
3285,1,Fast,0.653910756111145,987,685
3285,1,Fast,0.3941898047924042,845,625
3286,1,Fast,0.8931775093078613,889,912
3286,1,Fast,0.8353308439254761,878,751
3286,1,Fast,0.667634129524231,985,680
3286,1,Fast,0.5369176268577576,846,630
3287,1,Fast,0.8914666175842285,891,919
3287,1,Fast,0.818503737449646,880,757
3287,1,Fast,0.6810783743858337,847,633
3287,1,Fast,0.6466445326805115,983,676
3287,1,Fast,0.494595468044281,1047,930
3287,1,Fast,0.37370696663856506,952,713
3287,1,Fast,0.35713624954223633,1117,1069
3288,1,Fast,0.8888022303581238,893,927
3288,1,Fast,0.8319293856620789,881,763
3288,1,Fast,0.76517653465271,981,671
3288,1,Fast,0.5670911073684692,1042,922
3288,1,Fast,0.5448687672615051,950,708
3289,1,Fast,0.8894243836402893,895,934
3289,1,Fast,0.8572177886962891,883,770
3289,1,Fast,0.7511029839515686,979,667
3290,1,Fast,0.8839878439903259,898,943
3290,1,Fast,0.863287627696991,886,776
3290,1,Fast,0.7284831404685974,979,662
3290,1,Fast,0.45788756012916565,851,647
3290,1,Fast,0.3944662809371948,1033,904
3291,1,Fast,0.8917564153671265,900,950
3291,1,Fast,0.868504524230957,887,782
3291,1,Fast,0.7887208461761475,977,658
3291,1,Fast,0.6258593797683716,852,652
3291,1,Fast,0.5552394986152649,1029,895
3291,1,Fast,0.4667653441429138,945,692
3292,1,Fast,0.8873829245567322,902,959
3292,1,Fast,0.8750255107879639,889,789
3292,1,Fast,0.7818615436553955,1026,888
3292,1,Fast,0.7654608488082886,975,653
3292,1,Fast,0.7573179602622986,853,655
3292,1,Fast,0.30093833804130554,942,687
3293,1,Fast,0.887660562992096,891,795
3293,1,Fast,0.8814116716384888,905,966
3293,1,Fast,0.563008189201355,974,650
3294,1,Fast,0.8754777312278748,907,975
3294,1,Fast,0.8720765113830566,893,802
3294,1,Fast,0.7946760654449463,855,665
3294,1,Fast,0.7774404883384705,1018,870
3294,1,Fast,0.31668171286582947,939,675
3295,1,Fast,0.8795310258865356,910,983
3295,1,Fast,0.8666484355926514,896,809
3295,1,Fast,0.8153893351554871,1015,862
3295,1,Fast,0.7627548575401306,856,671
3296,1,Fast,0.8817108869552612,913,992
3296,1,Fast,0.860535204410553,898,816
3296,1,Fast,0.8004334568977356,1012,854
3296,1,Fast,0.548616349697113,858,675
3296,1,Fast,0.5339699387550354,969,637
3297,1,Fast,0.8994442224502563,916,1001
3297,1,Fast,0.8705020546913147,900,823
3297,1,Fast,0.7274900078773499,859,679
3297,1,Fast,0.7261052131652832,968,633
3297,1,Fast,0.5185019373893738,1172,1069
3297,1,Fast,0.48423072695732117,1010,847
3297,2,Slow,0.3144490420818329,1010,847
3298,1,Fast,0.8842792510986328,919,1010
3298,1,Fast,0.8756333589553833,902,830
3298,1,Fast,0.694932222366333,967,629
3298,2,Slow,0.6426377296447754,1007,839
3298,1,Fast,0.621123731136322,860,683
3298,1,Fast,0.565037190914154,1170,1064
3298,1,Fast,0.5117771625518799,932,654
3299,1,Fast,0.8875616788864136,905,837
3299,1,Fast,0.85939621925354,922,1018
3299,1,Fast,0.700647234916687,966,626
3299,1,Fast,0.6433531045913696,1003,831
3299,1,Fast,0.5815574526786804,931,650
3299,1,Fast,0.5130780935287476,1163,1059
3300,1,Fast,0.8848882913589478,924,1029
3300,1,Fast,0.8821671605110168,907,845
3300,1,Fast,0.7893922924995422,1156,1055
3300,1,Fast,0.7120828628540039,1001,823
3300,1,Fast,0.443768709897995,964,621
3300,2,Slow,0.38312003016471863,925,527
3301,1,Fast,0.8859646916389465,910,852
3301,1,Fast,0.8455715775489807,927,1038
3301,1,Fast,0.7502478361129761,1149,1047
3301,1,Fast,0.559454083442688,997,816
3301,1,Fast,0.33209851384162903,864,699
3302,1,Fast,0.8770150542259216,912,859
3302,1,Fast,0.8677406907081604,931,1047
3302,1,Fast,0.7706558108329773,1144,1037
3302,1,Fast,0.611352264881134,994,808
3302,1,Fast,0.5596590638160706,866,705
3303,1,Fast,0.8709431886672974,914,867
3303,1,Fast,0.8519147634506226,1138,1026
3303,1,Fast,0.8251652717590332,935,1053
3304,1,Fast,0.8804947137832642,918,874
3304,1,Fast,0.8534237742424011,1133,1017
3304,1,Fast,0.6846370697021484,940,1058
3304,1,Fast,0.6497765779495239,988,795
3304,1,Fast,0.5554260015487671,959,605
3304,1,Fast,0.3730461299419403,868,715
3305,1,Fast,0.8815786838531494,1127,1008
3305,1,Fast,0.8648279309272766,920,882
3305,1,Fast,0.7875702381134033,869,721
3305,1,Fast,0.3952469825744629,1113,1071
3305,1,Fast,0.3752654790878296,945,1063
3306,1,Fast,0.8874897360801697,1122,999
3306,1,Fast,0.8687887191772461,923,890
3306,1,Fast,0.7598660588264465,870,726
3306,1,Fast,0.4142739176750183,982,781
3306,1,Fast,0.3192538321018219,1109,1066
3307,1,Fast,0.88763427734375,1117,990
3307,1,Fast,0.8526922464370728,926,899
3307,1,Fast,0.6570030450820923,980,774
3307,1,Fast,0.6458673477172852,873,732
3307,1,Fast,0.32958701252937317,1101,1060
3308,1,Fast,0.8781275153160095,1113,981
3308,1,Fast,0.8726196885108948,929,908
3308,1,Fast,0.8449201583862305,1093,1054
3308,1,Fast,0.778560996055603,874,737
3308,1,Fast,0.7318177819252014,977,768
3309,1,Fast,0.8880976438522339,1109,973
3309,1,Fast,0.8734485507011414,932,916
3309,1,Fast,0.8170915246009827,1087,1045
3309,1,Fast,0.39923328161239624,975,761
3309,1,Fast,0.3146543800830841,876,743
3310,1,Fast,0.8746088743209839,934,924
3310,1,Fast,0.8469486236572266,1104,965
3310,1,Fast,0.8380314707756042,1082,1033
3310,1,Fast,0.3235101103782654,952,584
3311,1,Fast,0.8772278428077698,1077,1022
3311,1,Fast,0.8719508051872253,938,932
3311,1,Fast,0.849663257598877,1099,956
3312,1,Fast,0.8872786164283752,941,941
3312,1,Fast,0.877682089805603,1095,947
3312,1,Fast,0.8771778345108032,1071,1011
3313,1,Fast,0.8788416981697083,944,950
3313,1,Fast,0.8743340969085693,1067,1000
3313,1,Fast,0.8460532426834106,1091,940
3313,1,Fast,0.6112990379333496,965,736
3314,1,Fast,0.8831291794776917,1061,990
3314,1,Fast,0.877005934715271,947,959
3314,1,Fast,0.8630488514900208,1086,931
3315,1,Fast,0.8690244555473328,950,969
3315,1,Fast,0.8605308532714844,1057,980
3315,1,Fast,0.838093638420105,1083,923
3315,1,Fast,0.5628153085708618,960,724
3315,1,Fast,0.42112770676612854,947,566
3315,2,Slow,0.3844335675239563,995,822
3316,1,Fast,0.8790572881698608,1078,915
3316,1,Fast,0.8690611720085144,1052,970
3316,1,Fast,0.7926191687583923,954,978
3316,1,Fast,0.5832615494728088,945,563
3316,2,Slow,0.44829627871513367,993,814
3316,1,Fast,0.425325483083725,958,717
3317,1,Fast,0.8894534707069397,1047,960
3317,1,Fast,0.853264570236206,1074,907
3317,1,Fast,0.8428490161895752,957,988
3317,1,Fast,0.7600467801094055,956,713
3317,1,Fast,0.7460470199584961,945,561
3318,1,Fast,0.8890547156333923,1070,899
3318,1,Fast,0.8619436621665955,1043,949
3318,1,Fast,0.8485035300254822,961,998
3318,1,Fast,0.7325319051742554,954,706
3318,1,Fast,0.6841278076171875,945,558
3319,1,Fast,0.8485353589057922,965,1008
3319,1,Fast,0.846783459186554,1067,893
3319,1,Fast,0.8402369618415833,1039,940
3319,1,Fast,0.5763659477233887,944,555
3319,1,Fast,0.36629390716552734,952,701
3320,1,Fast,0.8659065365791321,1063,886
3320,1,Fast,0.8570531010627747,1035,930
3320,1,Fast,0.8465779423713684,967,1018
3320,1,Fast,0.7251452207565308,950,695
3320,1,Fast,0.5414931178092957,943,552
3321,1,Fast,0.82628333568573,1030,922
3321,1,Fast,0.8146225214004517,972,1029
3321,1,Fast,0.7888714075088501,1060,879
3321,1,Fast,0.6028164625167847,942,549
3321,2,Slow,0.5754302740097046,948,690
3321,1,Fast,0.3698425590991974,898,819
3322,1,Fast,0.839990496635437,1027,913
3322,1,Fast,0.8391086459159851,1056,872
3322,1,Fast,0.8370146155357361,975,1039
3322,1,Fast,0.77471524477005,901,826
3322,2,Slow,0.48976895213127136,946,684
3322,1,Fast,0.41785866022109985,946,684
3322,1,Fast,0.3472828269004822,942,546
3323,1,Fast,0.8415019512176514,1022,904
3323,1,Fast,0.8207148909568787,980,1048
3323,1,Fast,0.7456009984016418,1054,866
3323,1,Fast,0.7102724313735962,903,833
3323,1,Fast,0.6958093643188477,943,679
3323,1,Fast,0.33793210983276367,941,542
3324,1,Fast,0.7516574263572693,1049,858
3324,1,Fast,0.7319729924201965,1019,895
3324,1,Fast,0.7151126861572266,906,841
3324,1,Fast,0.5536693334579468,985,1054
3325,1,Fast,0.8223700523376465,1046,850
3325,1,Fast,0.7946864366531372,1015,887
3325,1,Fast,0.4876711964607239,908,848
3325,1,Fast,0.32958608865737915,938,535
3326,1,Fast,0.8017922043800354,1042,843
3326,1,Fast,0.7556952238082886,1012,879
3326,1,Fast,0.591000497341156,936,531
3326,1,Fast,0.34896478056907654,994,1065
3327,1,Fast,0.8401549458503723,1009,870
3327,1,Fast,0.8355203866958618,1040,837
3327,1,Fast,0.7090392112731934,936,529
3328,1,Fast,0.8200107216835022,1036,831
3328,1,Fast,0.7730615139007568,1005,862
3328,1,Fast,0.7042403817176819,935,653
3328,1,Fast,0.7019521594047546,935,527
3328,1,Fast,0.30703550577163696,917,872
3329,1,Fast,0.8556956648826599,1001,854
3329,1,Fast,0.853998601436615,1033,825
3329,1,Fast,0.7280755043029785,934,524
3330,1,Fast,0.847290575504303,998,846
3330,1,Fast,0.8426777720451355,1029,819
3330,1,Fast,0.42827916145324707,933,521
3330,1,Fast,0.34102120995521545,932,644
3331,1,Fast,0.8516031503677368,994,838
3331,1,Fast,0.8430047035217285,1026,813
3331,1,Fast,0.4791204631328583,933,519
3332,1,Fast,0.799846887588501,991,831
3332,1,Fast,0.746055543422699,1024,806
3332,1,Fast,0.6051222085952759,929,634
3332,1,Fast,0.5974950194358826,932,515
3333,1,Fast,0.8100938200950623,988,824
3333,1,Fast,0.6896025538444519,1021,801
3333,1,Fast,0.43592917919158936,931,513
3333,1,Fast,0.3426973223686218,927,630
3334,1,Fast,0.7963753938674927,1019,794
3334,1,Fast,0.7855090498924255,984,817
3334,1,Fast,0.5645051598548889,932,918
3334,1,Fast,0.41316336393356323,931,510
3335,1,Fast,0.8702991604804993,982,809
3335,1,Fast,0.7696200609207153,1016,788
3335,1,Fast,0.6463161110877991,924,621
3335,1,Fast,0.6040148735046387,934,926
3335,1,Fast,0.5044852495193481,930,507
3335,2,Slow,0.4411862790584564,901,442
3336,1,Fast,0.819074809551239,1012,782
3336,1,Fast,0.8050664663314819,979,802
3336,1,Fast,0.6786240339279175,936,934
3336,1,Fast,0.6774102449417114,942,688
3336,1,Fast,0.6502556204795837,923,616
3336,1,Fast,0.36961787939071655,929,504
3336,2,Slow,0.3590743839740753,900,440
3337,1,Fast,0.828392744064331,1010,775
3337,1,Fast,0.8231371641159058,976,794
3337,1,Fast,0.6722201108932495,922,612
3337,1,Fast,0.47158879041671753,929,501
3338,1,Fast,0.8297885656356812,1007,770
3338,1,Fast,0.8189220428466797,973,787
3338,1,Fast,0.6462370157241821,928,499
3338,1,Fast,0.5946795344352722,921,607
3338,1,Fast,0.43079590797424316,938,677
3338,2,Slow,0.35931846499443054,832,608
3339,1,Fast,0.8348854184150696,970,780
3339,1,Fast,0.8289752006530762,1005,765
3339,1,Fast,0.7214106321334839,919,603
3339,1,Fast,0.6752319931983948,926,496
3340,1,Fast,0.875045895576477,967,773
3340,1,Fast,0.8528688549995422,1002,759
3340,1,Fast,0.5640548467636108,926,493
3340,1,Fast,0.44980987906455994,918,599
3341,1,Fast,0.8648942708969116,964,766
3341,1,Fast,0.8553197383880615,999,754
3341,1,Fast,0.712520182132721,954,980
3341,1,Fast,0.37100017070770264,926,490
3342,1,Fast,0.8513771295547485,997,748
3342,1,Fast,0.8507654070854187,961,760
3342,1,Fast,0.7646359801292419,915,591
3342,1,Fast,0.716204047203064,925,487
3342,1,Fast,0.501981258392334,956,990
3343,1,Fast,0.8373338580131531,958,753
3343,1,Fast,0.8364653587341309,994,743
3343,1,Fast,0.6225077509880066,925,485
3343,1,Fast,0.6136612296104431,914,587
3344,1,Fast,0.8538317084312439,955,746
3344,1,Fast,0.8119626045227051,993,737
3344,1,Fast,0.6591652631759644,924,483
3344,1,Fast,0.6507200598716736,1219,1062
3344,2,Slow,0.31839802861213684,925,647
3345,1,Fast,0.8618854880332947,953,740
3345,1,Fast,0.7952419519424438,990,732
3345,1,Fast,0.7074885964393616,1215,1059
3345,1,Fast,0.6363680958747864,923,481
3346,1,Fast,0.8693116307258606,951,734
3346,1,Fast,0.7938936948776245,988,726
3346,1,Fast,0.6992844343185425,1211,1055
3346,1,Fast,0.6792216897010803,922,478
3347,1,Fast,0.87005615234375,949,728
3347,1,Fast,0.7423602938652039,986,721
3347,1,Fast,0.6715046763420105,922,476
3347,1,Fast,0.49388179183006287,923,633
3347,1,Fast,0.42364293336868286,908,569
3347,1,Fast,0.4080270230770111,1202,1048
3348,1,Fast,0.8400366902351379,946,721
3348,1,Fast,0.7917793989181519,984,716
3348,1,Fast,0.6969385743141174,921,474
3348,1,Fast,0.6939608454704285,906,566
3348,1,Fast,0.6654976010322571,1197,1040
3349,1,Fast,0.8376888632774353,944,715
3349,1,Fast,0.8305381536483765,982,710
3349,1,Fast,0.6813984513282776,905,563
3349,1,Fast,0.6579167246818542,921,471
3349,1,Fast,0.5338663458824158,1193,1033
3349,1,Fast,0.35543859004974365,777,628
3350,1,Fast,0.8525258302688599,942,710
3350,1,Fast,0.8346288800239563,980,706
3350,1,Fast,0.6890351176261902,905,559
3350,1,Fast,0.6415925621986389,921,469
3351,1,Fast,0.8393832445144653,939,704
3351,1,Fast,0.8244807124137878,977,701
3351,1,Fast,0.7216063737869263,920,466
3351,1,Fast,0.4677933156490326,917,613
3352,1,Fast,0.8655139803886414,937,699
3352,1,Fast,0.8563405871391296,975,697
3352,1,Fast,0.5976695418357849,903,551
3352,1,Fast,0.562186062335968,919,464
3352,1,Fast,0.4638739824295044,916,609
3353,1,Fast,0.8484211564064026,935,693
3353,1,Fast,0.8078954815864563,974,692
3353,1,Fast,0.7798550724983215,902,547
3353,1,Fast,0.610646665096283,920,462
3353,1,Fast,0.42242947220802307,1177,1005
3353,1,Fast,0.3743326961994171,915,605
3354,1,Fast,0.8433213829994202,933,687
3354,1,Fast,0.8072556257247925,971,687
3354,1,Fast,0.6834231615066528,919,459
3354,1,Fast,0.6370142698287964,900,543
3354,1,Fast,0.501539945602417,1172,998
3355,1,Fast,0.8568171858787537,931,682
3355,1,Fast,0.8413457870483398,969,682
3355,1,Fast,0.8353099226951599,1168,991
3355,1,Fast,0.7592291831970215,918,457
3355,1,Fast,0.6432986259460449,900,540
3355,1,Fast,0.41943359375,780,649
3356,1,Fast,0.8566443920135498,1164,984
3356,1,Fast,0.8316870927810669,967,677
3356,1,Fast,0.8233403563499451,930,677
3356,1,Fast,0.6039528250694275,917,455
3356,1,Fast,0.5563555955886841,898,536
3356,1,Fast,0.481769323348999,780,653
3357,1,Fast,0.848172128200531,1161,979
3357,1,Fast,0.8330798745155334,966,673
3357,1,Fast,0.8125916719436646,926,672
3357,1,Fast,0.7997192740440369,898,533
3357,1,Fast,0.511197566986084,917,453
3357,1,Fast,0.379597544670105,780,657
3357,1,Fast,0.3191424310207367,1026,909
3358,1,Fast,0.8543474078178406,925,666
3358,1,Fast,0.8452551364898682,964,669
3358,1,Fast,0.7278863191604614,897,529
3358,1,Fast,0.6882895827293396,1159,973
3358,1,Fast,0.49362313747406006,781,661
3358,2,Slow,0.4638640284538269,810,623
3358,1,Fast,0.3570430278778076,907,584
3359,1,Fast,0.8143941164016724,963,665
3359,1,Fast,0.8125665783882141,923,661
3359,1,Fast,0.7576175332069397,1154,966
3359,1,Fast,0.7526775002479553,897,526
3359,2,Slow,0.6214020252227783,810,627
3359,1,Fast,0.4318045675754547,782,665
3360,1,Fast,0.8404613733291626,921,657
3360,1,Fast,0.6718798279762268,961,659
3360,1,Fast,0.6030541658401489,781,669
3360,2,Slow,0.5165477395057678,811,634
3360,1,Fast,0.3923459053039551,905,575
3360,1,Fast,0.3809734880924225,916,446
3360,1,Fast,0.3315828740596771,1151,959
3361,1,Fast,0.8616631627082825,919,651
3361,1,Fast,0.8165715932846069,959,655
3361,1,Fast,0.7444575428962708,783,673
3361,2,Slow,0.45276063680648804,810,637
3361,1,Fast,0.3537198603153229,916,444
3361,1,Fast,0.33936789631843567,1147,953
3361,1,Fast,0.30421575903892517,1012,877
3362,1,Fast,0.8216870427131653,918,646
3362,1,Fast,0.7837749123573303,957,651
3362,1,Fast,0.7798818945884705,1144,946
3362,1,Fast,0.5868098139762878,783,677
3362,2,Slow,0.30825793743133545,812,642
3363,1,Fast,0.8350209593772888,917,642
3363,1,Fast,0.7988513112068176,955,646
3363,1,Fast,0.6084009408950806,1141,940
3364,1,Fast,0.8392075896263123,915,636
3364,1,Fast,0.8331488966941833,953,643
3364,1,Fast,0.6640575528144836,1137,934
3364,1,Fast,0.39814382791519165,1002,851
3364,1,Fast,0.38941341638565063,784,687
3365,1,Fast,0.8473334312438965,951,638
3365,1,Fast,0.7871339917182922,914,632
3366,1,Fast,0.8054837584495544,950,634
3366,1,Fast,0.7862502932548523,911,626
3366,1,Fast,0.5562371611595154,892,502
3367,1,Fast,0.8372098803520203,910,622
3367,1,Fast,0.7729599475860596,949,630
3367,1,Fast,0.3030044138431549,892,499
3368,1,Fast,0.824982225894928,948,626
3368,1,Fast,0.8128861784934998,909,617
3368,1,Fast,0.42316141724586487,892,496
3368,1,Fast,0.3202623724937439,989,822
3369,1,Fast,0.8298084735870361,907,613
3369,1,Fast,0.8007006645202637,946,622
3369,1,Fast,0.34026217460632324,1122,905
3369,1,Fast,0.30498206615448,890,493
3370,1,Fast,0.8414467573165894,905,608
3370,1,Fast,0.7743303775787354,945,618
3370,1,Fast,0.48382142186164856,1118,899
3370,1,Fast,0.47267207503318787,983,807
3371,1,Fast,0.8397234678268433,904,604
3371,1,Fast,0.7450230121612549,942,613
3371,1,Fast,0.6681790947914124,980,801
3371,1,Fast,0.5313964486122131,1114,893
3372,1,Fast,0.8358269333839417,941,610
3372,1,Fast,0.7921102643013,902,600
3372,1,Fast,0.681814968585968,1112,889
3372,1,Fast,0.6091573238372803,1075,1005
3372,1,Fast,0.3652988076210022,895,530
3373,1,Fast,0.8368982672691345,940,606
3373,1,Fast,0.8330090045928955,901,595
3373,1,Fast,0.6168562769889832,1070,996
3373,1,Fast,0.5378249287605286,974,787
3374,1,Fast,0.8353520035743713,900,591
3374,1,Fast,0.8023435473442078,937,602
3374,1,Fast,0.45124551653862,1066,986
3375,1,Fast,0.804214358329773,898,587
3375,1,Fast,0.7912388443946838,936,599
3375,1,Fast,0.616924524307251,1062,977
3376,1,Fast,0.82161945104599,897,583
3376,1,Fast,0.8153465390205383,935,595
3377,1,Fast,0.8195686340332031,934,592
3377,1,Fast,0.8162817358970642,896,578
3378,1,Fast,0.845320463180542,895,574
3378,1,Fast,0.8130546808242798,933,588
3378,1,Fast,0.33592286705970764,1095,856
3379,1,Fast,0.8152069449424744,894,571
3379,1,Fast,0.7743204832077026,932,584
3379,1,Fast,0.6584317088127136,1176,1005
3379,1,Fast,0.47873684763908386,958,748
3379,1,Fast,0.3107280731201172,1092,851
3380,1,Fast,0.8421556353569031,892,567
3380,1,Fast,0.8259678483009338,931,580
3380,1,Fast,0.6401394605636597,956,742
3380,1,Fast,0.4352788031101227,1173,998
3381,1,Fast,0.8581005930900574,891,563
3381,1,Fast,0.7405831813812256,930,576
3381,1,Fast,0.6858512163162231,954,736
3381,1,Fast,0.6466014385223389,1169,990
3382,1,Fast,0.8539165258407593,890,559
3382,1,Fast,0.7951768636703491,1165,983
3382,1,Fast,0.7650112509727478,928,573
3382,1,Fast,0.5344122648239136,951,730
3383,1,Fast,0.8167414665222168,889,555
3383,1,Fast,0.772785484790802,1161,977
3383,1,Fast,0.7626323699951172,927,569
3383,1,Fast,0.5142995119094849,950,724
3384,1,Fast,0.8508464097976685,889,551
3384,1,Fast,0.822380781173706,927,566
3384,1,Fast,0.6668587327003479,947,717
3384,1,Fast,0.4721727967262268,1159,970
3385,1,Fast,0.8310475945472717,888,547
3385,1,Fast,0.8039522171020508,926,563
3385,1,Fast,0.7352059483528137,945,711
3385,1,Fast,0.44589942693710327,1154,964
3385,1,Fast,0.3043719232082367,1024,894
3386,1,Fast,0.8284519910812378,887,543
3386,1,Fast,0.828414797782898,925,559
3386,1,Fast,0.7300176024436951,943,706
3386,1,Fast,0.3772076964378357,1020,887
3387,1,Fast,0.8088516592979431,886,539
3387,1,Fast,0.8052113652229309,923,557
3387,1,Fast,0.5198097229003906,940,701
3387,1,Fast,0.32999661564826965,1147,950
3388,1,Fast,0.824751615524292,885,535
3388,1,Fast,0.7866330742835999,922,553
3388,1,Fast,0.6680048108100891,938,695
3388,1,Fast,0.357100248336792,1144,943
3389,1,Fast,0.8097909092903137,921,550
3389,1,Fast,0.7939150333404541,885,531
3389,1,Fast,0.6850538849830627,935,690
3389,1,Fast,0.43963855504989624,1140,937
3390,1,Fast,0.8599728941917419,933,684
3390,1,Fast,0.8255382776260376,883,529
3390,1,Fast,0.8234199285507202,920,547
3390,1,Fast,0.60395348072052,1137,930
3391,1,Fast,0.856788694858551,932,679
3391,1,Fast,0.8223217725753784,882,526
3391,1,Fast,0.8112473487854004,919,544
3392,1,Fast,0.8470413684844971,930,674
3392,1,Fast,0.8331804275512695,881,522
3392,1,Fast,0.769899308681488,918,541
3393,1,Fast,0.8505256175994873,880,519
3393,1,Fast,0.84442538022995,929,669
3393,1,Fast,0.7900300621986389,918,537
3394,1,Fast,0.8468191027641296,879,515
3394,1,Fast,0.8271943926811218,916,534
3394,1,Fast,0.822607696056366,927,663
3394,1,Fast,0.36699193716049194,816,839
3395,1,Fast,0.826565146446228,916,531
3395,1,Fast,0.8255882859230042,926,658
3395,1,Fast,0.7485580444335938,879,511
3395,1,Fast,0.6421699523925781,817,845
3396,1,Fast,0.8467649221420288,924,653
3396,1,Fast,0.7974854707717896,877,508
3396,1,Fast,0.7767823934555054,915,528
3396,1,Fast,0.5861358642578125,1118,892
3396,1,Fast,0.411312460899353,818,852
3397,1,Fast,0.8247459530830383,922,648
3397,1,Fast,0.7336408495903015,913,525
3397,1,Fast,0.6529570817947388,877,503
3397,1,Fast,0.49533429741859436,1114,888
3398,1,Fast,0.8042401671409607,876,501
3398,1,Fast,0.7697579860687256,913,522
3398,1,Fast,0.7652782797813416,920,644
3398,1,Fast,0.38735371828079224,1112,882
3398,1,Fast,0.32384341955184937,1167,1066
3399,1,Fast,0.8178273439407349,918,638
3399,1,Fast,0.8101699352264404,876,497
3399,1,Fast,0.8037674427032471,911,519
3399,1,Fast,0.6166703104972839,1161,1060
3399,1,Fast,0.3466191589832306,823,872
3400,1,Fast,0.8325410485267639,917,634
3400,1,Fast,0.7770820260047913,875,495
3400,1,Fast,0.7682088613510132,911,516
3400,1,Fast,0.5516423583030701,1108,872
3400,1,Fast,0.5128738880157471,1151,1056
3400,1,Fast,0.44257158041000366,825,878
3401,1,Fast,0.8127396106719971,874,491
3401,1,Fast,0.7694626450538635,916,629
3401,1,Fast,0.7136157751083374,1144,1047
3401,1,Fast,0.6446892619132996,910,513
3401,1,Fast,0.5860925912857056,826,885
3401,1,Fast,0.40668201446533203,959,586
3401,1,Fast,0.3753059208393097,1105,865
3402,1,Fast,0.8099423050880432,874,488
3402,1,Fast,0.7729610800743103,1139,1036
3402,1,Fast,0.7248890995979309,909,510
3402,1,Fast,0.4190228581428528,1102,859
3402,1,Fast,0.412541002035141,914,624
3402,1,Fast,0.3494001626968384,827,892
3403,1,Fast,0.8793171048164368,1133,1024
3403,1,Fast,0.8237500786781311,873,485
3403,1,Fast,0.7875894904136658,908,506
3403,1,Fast,0.7692153453826904,912,619
3403,1,Fast,0.557523250579834,1099,853
3403,1,Fast,0.3818860948085785,829,899
3404,1,Fast,0.8842452168464661,1127,1015
3404,1,Fast,0.7871798276901245,907,504
3404,1,Fast,0.7261655330657959,873,482
3404,1,Fast,0.6095552444458008,911,615
3405,1,Fast,0.894294261932373,1122,1005
3405,1,Fast,0.7878317832946777,907,501
3405,1,Fast,0.7380507588386536,910,610
3405,1,Fast,0.4645528495311737,965,760
3405,1,Fast,0.4177685081958771,873,479
3406,1,Fast,0.8845605850219727,1117,994
3406,1,Fast,0.7873496413230896,907,606
3406,1,Fast,0.7723437547683716,906,498
3406,1,Fast,0.7022810578346252,833,919
3406,1,Fast,0.6306798458099365,872,476
3406,1,Fast,0.538689136505127,962,754
3407,1,Fast,0.8653767108917236,1112,985
3407,1,Fast,0.7180818915367126,905,495
3407,1,Fast,0.642787754535675,871,473
3407,1,Fast,0.5897690057754517,960,748
3407,1,Fast,0.3215484023094177,906,602
3408,1,Fast,0.8795148134231567,1107,977
3408,1,Fast,0.7356780171394348,905,493
3408,1,Fast,0.6599729657173157,958,743
3408,1,Fast,0.6494837403297424,904,598
3409,1,Fast,0.8590260744094849,1103,967
3409,1,Fast,0.7960928678512573,955,737
3409,1,Fast,0.7952457666397095,904,490
3409,1,Fast,0.6742562055587769,903,595
3409,1,Fast,0.5979293584823608,871,468
3410,1,Fast,0.8632954359054565,1097,958
3410,1,Fast,0.8177618980407715,953,731
3410,1,Fast,0.7950418591499329,902,590
3410,1,Fast,0.7910777926445007,903,488
3410,1,Fast,0.32455727458000183,870,465
3411,1,Fast,0.852142870426178,1093,949
3411,1,Fast,0.7728015780448914,951,726
3411,1,Fast,0.7612127661705017,1080,813
3411,1,Fast,0.7222095131874084,902,486
3411,1,Fast,0.6791138648986816,901,586
3411,1,Fast,0.4300307333469391,869,462
3412,1,Fast,0.7676740884780884,948,720
3412,1,Fast,0.7327414751052856,1089,940
3412,1,Fast,0.6652625203132629,900,581
3412,1,Fast,0.6499332785606384,1078,807
3412,1,Fast,0.45849645137786865,901,484
3412,1,Fast,0.39753225445747375,844,963
3412,1,Fast,0.3217944800853729,869,459
3413,1,Fast,0.841353714466095,1084,930
3413,1,Fast,0.8302785158157349,947,715
3413,1,Fast,0.6754368543624878,898,576
3413,1,Fast,0.6428691744804382,1076,803
3413,1,Fast,0.5831314921379089,901,481
3413,1,Fast,0.5304085612297058,847,971
3413,1,Fast,0.3369453549385071,868,456
3414,1,Fast,0.8437932133674622,1080,922
3414,1,Fast,0.8290561437606812,945,710
3414,1,Fast,0.7811117172241211,897,572
3414,1,Fast,0.6868605017662048,848,979
3414,1,Fast,0.6032018661499023,901,477
3414,1,Fast,0.5620377659797668,1074,799
3414,1,Fast,0.46891841292381287,868,453
3415,1,Fast,0.8666839599609375,1076,914
3415,1,Fast,0.7819634079933167,896,569
3415,1,Fast,0.7377575039863586,851,988
3415,1,Fast,0.7025976181030273,942,705
3415,1,Fast,0.6551587581634521,901,475
3415,1,Fast,0.4188946783542633,1071,794
3415,1,Fast,0.3350510597229004,867,451
3416,1,Fast,0.8486377596855164,1071,906
3416,1,Fast,0.799217164516449,852,996
3416,1,Fast,0.7992144227027893,895,566
3416,1,Fast,0.7333906888961792,901,472
3416,1,Fast,0.6563989520072937,941,699
3416,1,Fast,0.3480955958366394,868,448
3416,1,Fast,0.339932918548584,1069,788
3417,1,Fast,0.8484740853309631,1067,898
3417,1,Fast,0.8052530884742737,893,562
3417,1,Fast,0.7664909958839417,856,1004
3417,1,Fast,0.6806730031967163,939,695
3417,1,Fast,0.6574265360832214,1067,783
3417,1,Fast,0.6143659353256226,900,469
3418,1,Fast,0.8431458473205566,1062,890
3418,1,Fast,0.7907127737998962,859,1013
3418,1,Fast,0.7779918313026428,893,558
3418,1,Fast,0.753097653388977,1065,779
3418,1,Fast,0.6953259110450745,937,689
3418,1,Fast,0.6550512313842773,899,468
3418,1,Fast,0.35302382707595825,867,443
3419,1,Fast,0.8466997146606445,1060,882
3419,1,Fast,0.782184362411499,861,1021
3419,1,Fast,0.7464408874511719,891,555
3419,1,Fast,0.7356579303741455,1063,775
3419,1,Fast,0.7280346751213074,935,685
3419,1,Fast,0.6581515073776245,898,465
3419,1,Fast,0.5483025908470154,1005,686
3419,1,Fast,0.3085682690143585,866,440
3420,1,Fast,0.8489221334457397,1056,874
3420,1,Fast,0.8145018815994263,1061,772
3420,1,Fast,0.7922233939170837,891,551
3420,1,Fast,0.7432477474212646,862,1030
3420,1,Fast,0.7233487963676453,934,680
3420,1,Fast,0.5797169208526611,897,463
3420,1,Fast,0.3199986219406128,866,437
3421,1,Fast,0.8202566504478455,1059,767
3421,1,Fast,0.8073754906654358,1052,866
3421,1,Fast,0.8073077201843262,890,547
3421,1,Fast,0.7773460745811462,864,1040
3421,1,Fast,0.6945151090621948,932,675
3421,1,Fast,0.5914623737335205,897,460
3422,1,Fast,0.763420045375824,866,1049
3422,1,Fast,0.7127842307090759,888,543
3422,1,Fast,0.6420662999153137,895,458
3422,1,Fast,0.6338826417922974,1057,764
3422,1,Fast,0.5923585295677185,1048,860
3422,1,Fast,0.5452211499214172,930,670
3423,1,Fast,0.7030138969421387,1055,759
3423,1,Fast,0.6971774101257324,888,539
3423,1,Fast,0.6403666138648987,895,456
3423,1,Fast,0.6273667812347412,1104,1069
3423,1,Fast,0.6227268576622009,869,1054
3423,1,Fast,0.5040684938430786,928,665
3423,1,Fast,0.46899449825286865,1044,852
3423,1,Fast,0.4523036479949951,799,785
3423,1,Fast,0.35342854261398315,864,430
3424,1,Fast,0.8260021209716797,1053,754
3424,1,Fast,0.7314397692680359,887,536
3424,1,Fast,0.6930006146430969,1040,844
3424,1,Fast,0.4767371714115143,927,660
3424,1,Fast,0.37661775946617126,895,454
3425,1,Fast,0.8129804730415344,1037,838
3425,1,Fast,0.8128330707550049,1051,750
3425,1,Fast,0.774084746837616,885,532
3425,1,Fast,0.6967644691467285,925,656
3425,1,Fast,0.43175920844078064,1091,1058
3425,1,Fast,0.39840278029441833,894,452
3426,1,Fast,0.8564853072166443,1049,746
3426,1,Fast,0.7957518696784973,1033,831
3426,1,Fast,0.7144433856010437,885,529
3426,1,Fast,0.5795937776565552,924,652
3426,1,Fast,0.5591135025024414,995,662
3426,1,Fast,0.4306965470314026,894,448
3426,1,Fast,0.3327503502368927,862,423
3426,1,Fast,0.3057265877723694,1085,1049
3427,1,Fast,0.8610391616821289,1048,742
3427,1,Fast,0.8372626304626465,1029,823
3427,1,Fast,0.6633276343345642,884,525
3427,1,Fast,0.5073019862174988,894,445
3427,1,Fast,0.47907307744026184,922,648
3427,1,Fast,0.47014692425727844,1080,1037
3427,1,Fast,0.4161287248134613,993,660
3428,1,Fast,0.8450090289115906,1026,816
3428,1,Fast,0.834683358669281,1045,738
3428,1,Fast,0.6709123849868774,883,522
3428,1,Fast,0.6341367363929749,893,443
3428,1,Fast,0.5728664994239807,920,643
3429,1,Fast,0.8052062392234802,1023,810
3429,1,Fast,0.7442773580551147,1044,735
3429,1,Fast,0.7400793433189392,1069,1016
3429,1,Fast,0.7287245988845825,892,441
3429,1,Fast,0.4038960635662079,919,639
3430,1,Fast,0.8155714273452759,1065,1006
3430,1,Fast,0.6641524434089661,1043,731
3430,1,Fast,0.6555811166763306,892,439
3430,1,Fast,0.6247037053108215,1020,803
3430,1,Fast,0.5534850358963013,918,634
3430,1,Fast,0.5104984045028687,881,514
3431,1,Fast,0.758130669593811,1059,997
3431,1,Fast,0.7510421872138977,1017,797
3431,1,Fast,0.7400169372558594,1041,728
3431,1,Fast,0.6900420784950256,916,630
3431,1,Fast,0.6599903106689453,891,438
3432,1,Fast,0.8101409077644348,1055,987
3432,1,Fast,0.7994282245635986,1039,723
3432,1,Fast,0.5233563780784607,1014,790
3432,1,Fast,0.48976895213127136,890,436
3432,1,Fast,0.4667273759841919,879,508
3432,1,Fast,0.37825942039489746,915,626
3432,2,Slow,0.3135277330875397,911,416
3433,1,Fast,0.775776743888855,1051,978
3433,1,Fast,0.7528141140937805,1011,783
3433,1,Fast,0.7424343228340149,1037,719
3433,1,Fast,0.437012642621994,890,434
3433,1,Fast,0.42004796862602234,913,622
3433,1,Fast,0.31290262937545776,879,505
3434,1,Fast,0.7789455652236938,1047,969
3434,1,Fast,0.7754615545272827,1036,715
3434,1,Fast,0.7074654698371887,878,501
3434,1,Fast,0.5436455607414246,812,846
3434,1,Fast,0.5062224268913269,912,617
3434,1,Fast,0.4671951234340668,1008,775
3434,1,Fast,0.37289270758628845,889,432
3434,2,Slow,0.32355788350105286,911,413
3435,1,Fast,0.8246060609817505,1042,959
3435,1,Fast,0.8226956725120544,1005,770
3435,1,Fast,0.7696978449821472,1034,712
3435,1,Fast,0.6159353256225586,910,612
3435,1,Fast,0.6020204424858093,878,498
3435,1,Fast,0.5050340294837952,814,854
3435,1,Fast,0.4937823712825775,889,430
3435,2,Slow,0.39809149503707886,910,412
3435,1,Fast,0.3737882971763611,982,635
3436,1,Fast,0.8308459520339966,1002,765
3436,1,Fast,0.7994643449783325,1038,949
3436,1,Fast,0.7848734855651855,909,609
3436,1,Fast,0.7735533118247986,1032,707
3436,1,Fast,0.7370295524597168,815,860
3436,1,Fast,0.5341775417327881,877,495
3436,2,Slow,0.3748568594455719,910,411
3436,1,Fast,0.3343196511268616,888,427
3437,1,Fast,0.8528732657432556,999,759
3437,1,Fast,0.7867053747177124,1034,940
3437,1,Fast,0.7394543886184692,907,606
3437,1,Fast,0.6780567765235901,816,866
3437,1,Fast,0.6440611481666565,1031,704
3438,1,Fast,0.8647580742835999,996,752
3438,1,Fast,0.6129187345504761,818,872
3438,1,Fast,0.5628617405891418,906,602
3438,1,Fast,0.3019193112850189,1029,700
3439,1,Fast,0.8059781193733215,993,746
3439,1,Fast,0.7608787417411804,1026,923
3439,1,Fast,0.3123067021369934,888,420
3440,1,Fast,0.779809296131134,1022,914
3440,1,Fast,0.7791492938995361,990,741
3440,1,Fast,0.5417599678039551,888,418
3440,1,Fast,0.39672455191612244,821,886
3441,1,Fast,0.7344765663146973,988,735
3441,1,Fast,0.7056782841682434,1018,907
3441,1,Fast,0.4729074239730835,874,481
3441,1,Fast,0.44319936633110046,887,417
3441,1,Fast,0.3382215201854706,974,619
3442,1,Fast,0.7760434746742249,1014,898
3442,1,Fast,0.6653248071670532,985,730
3442,1,Fast,0.5257167220115662,887,415
3442,1,Fast,0.4712703227996826,973,615
3442,1,Fast,0.37991002202033997,902,587
3442,1,Fast,0.33664172887802124,873,477
3442,1,Fast,0.3212452530860901,1023,685
3443,1,Fast,0.8217198848724365,1011,890
3443,1,Fast,0.7681763172149658,983,723
3443,1,Fast,0.6461118459701538,871,475
3443,1,Fast,0.6062760949134827,886,413
3443,1,Fast,0.5324282050132751,900,583
3443,1,Fast,0.5318476557731628,972,613
3444,1,Fast,0.7931525111198425,1008,883
3444,1,Fast,0.7211031913757324,871,472
3444,1,Fast,0.6227945685386658,981,716
3444,1,Fast,0.4555250108242035,885,411
3445,1,Fast,0.8011879920959473,979,712
3445,1,Fast,0.7973788976669312,1003,875
3445,1,Fast,0.5680105686187744,871,469
3445,1,Fast,0.35511767864227295,829,918
3446,1,Fast,0.8168689012527466,977,707
3446,1,Fast,0.6822641491889954,1000,866
3446,1,Fast,0.6810033321380615,870,466
3446,1,Fast,0.3878617286682129,885,408
3447,1,Fast,0.7865245342254639,974,702
3447,1,Fast,0.7464576959609985,997,858
3447,1,Fast,0.5474537014961243,885,405
3447,1,Fast,0.5021054744720459,896,567
3447,1,Fast,0.49573245644569397,831,932
3448,1,Fast,0.8186504244804382,971,697
3448,1,Fast,0.37032946944236755,995,850
3449,1,Fast,0.7985196113586426,969,691
3449,1,Fast,0.7756832838058472,990,845
3449,1,Fast,0.34736281633377075,884,402
3450,1,Fast,0.8217864036560059,967,686
3450,1,Fast,0.8027119636535645,987,837
3450,1,Fast,0.34190472960472107,884,399
3451,1,Fast,0.8270797729492188,964,681
3451,1,Fast,0.780867874622345,985,829
3451,1,Fast,0.4602808356285095,963,591
3452,1,Fast,0.8456787467002869,982,822
3452,1,Fast,0.7844439148902893,962,675
3452,1,Fast,0.360923171043396,962,589
3452,1,Fast,0.3091147541999817,1190,1040
3453,1,Fast,0.8101458549499512,979,815
3453,1,Fast,0.7719034552574158,960,670
3454,1,Fast,0.840411365032196,976,809
3454,1,Fast,0.7986196279525757,958,666
3455,1,Fast,0.8486201763153076,973,802
3455,1,Fast,0.7486603260040283,956,660
3455,1,Fast,0.6004915237426758,1177,1019
3456,1,Fast,0.8344524502754211,954,656
3456,1,Fast,0.8188226819038391,971,794
3456,1,Fast,0.5311091542243958,1173,1011
3457,1,Fast,0.8297730684280396,952,652
3457,1,Fast,0.6611229777336121,968,788
3457,1,Fast,0.41751793026924133,1169,1004
3458,1,Fast,0.8245447278022766,949,647
3458,1,Fast,0.769547700881958,965,781
3458,1,Fast,0.4304211139678955,1164,996
3458,1,Fast,0.3102562427520752,886,530
3459,1,Fast,0.8428605794906616,963,775
3459,1,Fast,0.8338375091552734,948,643
3459,1,Fast,0.435351699590683,1160,988
3460,1,Fast,0.8476884365081787,946,638
3460,1,Fast,0.8263046741485596,960,770
3460,1,Fast,0.6976414918899536,1156,982
3461,1,Fast,0.8205295205116272,945,633
3461,1,Fast,0.8005796670913696,957,763
3461,1,Fast,0.5957640409469604,1153,976
3462,1,Fast,0.8105149269104004,943,629
3462,1,Fast,0.8057515025138855,955,757
3462,1,Fast,0.45370668172836304,836,621
3462,1,Fast,0.43979477882385254,1148,969
3463,1,Fast,0.8444536328315735,941,624
3463,1,Fast,0.8414086699485779,952,750
3464,1,Fast,0.8562389612197876,950,744
3464,1,Fast,0.8431400656700134,940,620
3465,1,Fast,0.8409035801887512,948,738
3465,1,Fast,0.7832582592964172,939,616
3465,1,Fast,0.4998951256275177,1137,949
3465,1,Fast,0.32580801844596863,839,637
3466,1,Fast,0.8452339768409729,946,732
3466,1,Fast,0.8242244124412537,937,612
3466,1,Fast,0.5277444124221802,840,641
3466,1,Fast,0.40117451548576355,1134,942
3467,1,Fast,0.8482741117477417,934,607
3467,1,Fast,0.6746469140052795,842,647
3467,1,Fast,0.6497520208358765,948,552
3467,1,Fast,0.581167995929718,944,726
3467,1,Fast,0.5462250113487244,1130,936
3468,1,Fast,0.8128435611724854,932,604
3468,1,Fast,0.7053765058517456,941,719
3468,1,Fast,0.654342770576477,1127,930
3468,1,Fast,0.3264022767543793,843,652
3469,1,Fast,0.7766842842102051,931,600
3469,1,Fast,0.7574362754821777,939,714
3469,1,Fast,0.6683346629142761,1124,923
3469,1,Fast,0.574512243270874,845,658
3470,1,Fast,0.7639064788818359,930,596
3470,1,Fast,0.7265639305114746,937,710
3470,1,Fast,0.6997126936912537,1120,917
3470,1,Fast,0.3444204032421112,846,664
3471,1,Fast,0.8215857148170471,928,592
3471,1,Fast,0.6402181386947632,935,704
3471,1,Fast,0.4287523329257965,790,551
3472,1,Fast,0.8105372190475464,926,588
3472,1,Fast,0.6354126930236816,933,699
3472,1,Fast,0.4574569761753082,1113,905
3473,1,Fast,0.7634469270706177,926,584
3473,1,Fast,0.5777410864830017,1110,898
3473,1,Fast,0.4406573176383972,791,559
3473,1,Fast,0.41738003492355347,932,693
3473,1,Fast,0.407184898853302,851,681
3474,1,Fast,0.7564791440963745,924,579
3474,1,Fast,0.743191123008728,1107,892
3474,1,Fast,0.5846903920173645,929,689
3474,1,Fast,0.5827725529670715,792,563
3474,1,Fast,0.41764628887176514,852,687
3475,1,Fast,0.7499151825904846,923,575
3475,1,Fast,0.6946309208869934,1104,888
3475,1,Fast,0.5867913365364075,927,683
3475,1,Fast,0.5477208495140076,793,566
3475,1,Fast,0.40639668703079224,854,693
3476,1,Fast,0.6616570949554443,922,572
3476,1,Fast,0.6470696330070496,926,679
3476,1,Fast,0.51838618516922,793,570
3476,1,Fast,0.48543432354927063,856,699
3477,1,Fast,0.7552917003631592,921,568
3477,1,Fast,0.7484980821609497,924,673
3477,1,Fast,0.6044871807098389,858,706
3477,1,Fast,0.5857298374176025,1098,877
3477,2,Slow,0.5047553777694702,793,574
3478,1,Fast,0.6902133226394653,922,668
3478,1,Fast,0.6870908141136169,919,564
3478,1,Fast,0.6269906163215637,1095,870
3478,1,Fast,0.6210883259773254,859,713
3478,2,Slow,0.3577016294002533,794,577
3479,1,Fast,0.8272647261619568,860,719
3479,1,Fast,0.7676929235458374,917,561
3479,1,Fast,0.7554749250411987,920,663
3479,2,Slow,0.6307889223098755,794,582
3479,1,Fast,0.3188995122909546,1092,865
3480,1,Fast,0.870938241481781,862,726
3480,1,Fast,0.8186959624290466,919,658
3480,1,Fast,0.7073377966880798,916,557
3480,2,Slow,0.5660799145698547,795,586
3481,1,Fast,0.8717815279960632,864,732
3481,1,Fast,0.8148293495178223,918,654
3481,1,Fast,0.6491434574127197,915,553
3481,1,Fast,0.3638598620891571,1086,853
3481,2,Slow,0.35558998584747314,795,590
3482,1,Fast,0.874354362487793,866,739
3482,1,Fast,0.8280453085899353,916,649
3482,1,Fast,0.6538754105567932,796,593
3482,1,Fast,0.633517861366272,913,549
3482,1,Fast,0.42527416348457336,1083,849
3483,1,Fast,0.8625801801681519,868,745
3483,1,Fast,0.7817597985267639,797,598
3483,1,Fast,0.6533243656158447,914,644
3483,1,Fast,0.6515748500823975,913,545
3483,1,Fast,0.5992366671562195,1080,844
3484,1,Fast,0.8734832406044006,870,753
3484,1,Fast,0.8355013132095337,798,602
3484,1,Fast,0.6760432720184326,1076,838
3484,1,Fast,0.6142945885658264,912,639
3484,1,Fast,0.5935379862785339,912,542
3485,1,Fast,0.8645747303962708,872,759
3485,1,Fast,0.7729356288909912,799,605
3485,1,Fast,0.633712887763977,911,538
3485,1,Fast,0.5786530375480652,911,634
3485,1,Fast,0.3961810767650604,1074,832
3486,1,Fast,0.8808974027633667,874,767
3486,1,Fast,0.6931924819946289,910,630
3486,1,Fast,0.6929833889007568,910,535
3486,1,Fast,0.5589743256568909,800,609
3487,1,Fast,0.8759952783584595,876,774
3487,1,Fast,0.7758893370628357,800,614
3487,1,Fast,0.7518520951271057,907,625
3487,1,Fast,0.613064169883728,908,531
3487,1,Fast,0.3579862713813782,974,559
3487,1,Fast,0.350413978099823,1068,821
3488,1,Fast,0.8722919821739197,878,781
3488,1,Fast,0.7794315814971924,906,621
3488,1,Fast,0.5921489596366882,907,528
3488,1,Fast,0.36164191365242004,801,618
3489,1,Fast,0.8518784642219543,881,789
3489,1,Fast,0.6942380666732788,801,623
3489,1,Fast,0.6754274964332581,905,616
3489,1,Fast,0.5221969485282898,906,525
3490,1,Fast,0.8575904965400696,883,798
3490,1,Fast,0.736915647983551,903,612
3490,1,Fast,0.7228847742080688,802,628
3490,1,Fast,0.6680927872657776,905,522
3491,1,Fast,0.8508026599884033,886,805
3491,1,Fast,0.7967267036437988,803,633
3491,1,Fast,0.7446268200874329,904,519
3491,1,Fast,0.578436553478241,901,608
3491,1,Fast,0.36932307481765747,1057,803
3492,1,Fast,0.865302562713623,888,813
3492,1,Fast,0.8116058707237244,804,636
3492,1,Fast,0.775855302810669,903,516
3492,1,Fast,0.5102267265319824,1055,797
3492,1,Fast,0.40043678879737854,971,546
3493,1,Fast,0.8758522272109985,891,822
3493,1,Fast,0.7225149273872375,902,512
3493,1,Fast,0.600508451461792,804,641
3493,1,Fast,0.5447810292243958,899,601
3493,2,Slow,0.39463716745376587,804,641
3493,1,Fast,0.38549894094467163,1052,792
3494,1,Fast,0.8756221532821655,892,830
3494,1,Fast,0.7449429631233215,805,646
3494,1,Fast,0.6856578588485718,901,509
3494,1,Fast,0.35862302780151367,822,569
3494,1,Fast,0.33142080903053284,897,597
3495,1,Fast,0.8708750605583191,895,839
3495,1,Fast,0.7074726223945618,900,506
3495,1,Fast,0.6300178170204163,806,650
3495,2,Slow,0.4718610644340515,806,650
3495,1,Fast,0.44672098755836487,896,593
3495,1,Fast,0.4106440842151642,823,574
3496,1,Fast,0.8643896579742432,898,847
3496,1,Fast,0.6528982520103455,900,502
3496,1,Fast,0.517057478427887,895,589
3496,1,Fast,0.5130952596664429,825,578
3496,2,Slow,0.4807281494140625,808,655
3496,1,Fast,0.4606056809425354,808,655
3497,1,Fast,0.8533231019973755,901,856
3497,2,Slow,0.68831866979599,809,659
3497,1,Fast,0.6503569483757019,898,499
3497,1,Fast,0.5372467041015625,893,585
3498,1,Fast,0.8597534894943237,903,864
3498,2,Slow,0.7485442161560059,810,664
3498,1,Fast,0.6106761693954468,898,496
3498,1,Fast,0.32546713948249817,892,581
3499,1,Fast,0.8611048460006714,906,874
3499,2,Slow,0.7786900997161865,810,669
3499,1,Fast,0.5606318712234497,898,493
3499,1,Fast,0.5015575885772705,890,576
3499,1,Fast,0.3071307837963104,1038,765
3500,1,Fast,0.8313450217247009,909,882
3500,2,Slow,0.7872269749641418,812,674
3500,1,Fast,0.7180432677268982,897,490
3500,1,Fast,0.606225311756134,890,573
3500,1,Fast,0.40387585759162903,1036,759
3501,1,Fast,0.8392234444618225,913,893
3501,1,Fast,0.7421808838844299,890,569
3501,1,Fast,0.5990738272666931,813,680
3501,2,Slow,0.5931463241577148,813,680
3501,1,Fast,0.49037984013557434,897,488
3501,1,Fast,0.31581127643585205,1034,755
3501,1,Fast,0.3083336055278778,830,601
3502,1,Fast,0.8537958860397339,917,903
3502,2,Slow,0.6413934230804443,814,685
3502,1,Fast,0.5958439707756042,888,566
3502,1,Fast,0.5781993269920349,896,484
3502,1,Fast,0.5633565187454224,814,686
3502,1,Fast,0.4170590937137604,831,606
3503,1,Fast,0.8476589918136597,920,912
3503,2,Slow,0.671166718006134,815,691
3503,1,Fast,0.6244491934776306,815,691
3503,1,Fast,0.5948284864425659,832,610
3503,1,Fast,0.5753459334373474,886,562
3504,1,Fast,0.87038654088974,923,921
3504,1,Fast,0.8543440699577332,817,696
3504,1,Fast,0.7705386877059937,833,614
3504,1,Fast,0.6553310751914978,885,558
3505,1,Fast,0.8711808919906616,926,932
3505,1,Fast,0.8508850932121277,819,701
3505,1,Fast,0.6545730829238892,884,555
3505,1,Fast,0.5341789722442627,834,620
3506,1,Fast,0.8454898595809937,930,943
3506,1,Fast,0.8451393246650696,820,706
3506,1,Fast,0.6286890506744385,835,625
3506,1,Fast,0.44085943698883057,883,550
3507,1,Fast,0.8608217239379883,822,711
3507,1,Fast,0.8448631167411804,934,953
3507,1,Fast,0.6509793996810913,836,629
3507,1,Fast,0.6139897704124451,880,546
3507,1,Fast,0.3709138333797455,1020,728
3508,1,Fast,0.8625867962837219,822,716
3508,1,Fast,0.8242992758750916,937,963
3508,1,Fast,0.7199869155883789,836,635
3508,1,Fast,0.6764541864395142,880,543
3508,1,Fast,0.39983999729156494,1018,725
3509,1,Fast,0.8216500282287598,941,974
3509,1,Fast,0.8121824860572815,822,721
3509,1,Fast,0.7312601208686829,837,640
3509,1,Fast,0.6883262395858765,879,540
3510,1,Fast,0.813664436340332,839,645
3510,1,Fast,0.8107303977012634,877,536
3510,1,Fast,0.8096184134483337,945,985
3510,1,Fast,0.6583960056304932,823,728
3511,1,Fast,0.8066574335098267,950,997
3511,1,Fast,0.7930117249488831,876,533
3511,1,Fast,0.6960489153862,841,650
3511,1,Fast,0.6312804818153381,825,732
3511,2,Slow,0.629379153251648,825,733
3512,1,Fast,0.7655591368675232,827,739
3512,1,Fast,0.6846895217895508,842,655
3512,1,Fast,0.6821644902229309,877,530
3512,1,Fast,0.634013295173645,954,1009
3513,1,Fast,0.8431315422058105,829,745
3513,1,Fast,0.7686831951141357,958,1021
3513,1,Fast,0.6998982429504395,876,526
3513,1,Fast,0.6439601182937622,843,661
3514,1,Fast,0.8466940522193909,830,751
3514,1,Fast,0.7561191320419312,875,523
3514,1,Fast,0.6956228017807007,844,666
3514,1,Fast,0.4979877769947052,963,1033
3514,1,Fast,0.3527540862560272,1006,700
3515,1,Fast,0.8632764220237732,832,757
3515,1,Fast,0.779075026512146,846,672
3515,1,Fast,0.7745018005371094,874,520
3515,1,Fast,0.413014680147171,968,1045
3516,1,Fast,0.8691211938858032,834,764
3516,1,Fast,0.7629733085632324,873,516
3516,1,Fast,0.6587584614753723,847,678
3517,1,Fast,0.8665969371795654,835,770
3517,1,Fast,0.7059048414230347,849,684
3517,1,Fast,0.5938560962677002,873,513
3518,1,Fast,0.8677119612693787,837,776
3518,1,Fast,0.663826048374176,851,690
3518,1,Fast,0.5377737283706665,872,509
3518,1,Fast,0.4708017408847809,1000,685
3519,1,Fast,0.8656760454177856,838,782
3519,1,Fast,0.7233495712280273,852,695
3519,1,Fast,0.7054203152656555,871,506
3520,1,Fast,0.8694465160369873,840,789
3520,1,Fast,0.817732572555542,854,701
3520,1,Fast,0.5374532341957092,996,678
3521,1,Fast,0.8567019701004028,842,795
3521,1,Fast,0.8178852200508118,856,708
3521,1,Fast,0.64908766746521,994,675
3522,1,Fast,0.8342922329902649,844,803
3522,1,Fast,0.8216054439544678,858,713
3522,1,Fast,0.7413545250892639,992,671
3523,1,Fast,0.8081716299057007,859,720
3523,1,Fast,0.7715091109275818,846,810
3523,1,Fast,0.667271077632904,991,667
3524,1,Fast,0.8389453887939453,861,726
3524,1,Fast,0.8001805543899536,848,817
3524,1,Fast,0.6331415772438049,990,663
3525,1,Fast,0.8321529626846313,863,732
3525,1,Fast,0.5877679586410522,850,824
3525,1,Fast,0.5820415019989014,988,660
3525,2,Slow,0.565830647945404,850,824
3526,1,Fast,0.8282099366188049,865,739
3526,1,Fast,0.7185976505279541,852,831
3526,2,Slow,0.595435619354248,852,831
3526,1,Fast,0.5423468351364136,821,598
3526,1,Fast,0.5308265089988708,987,657
3527,1,Fast,0.8566625714302063,854,838
3527,1,Fast,0.8527176976203918,867,746
3528,1,Fast,0.8587306141853333,856,845
3528,1,Fast,0.8072856068611145,869,753
3528,1,Fast,0.3409779965877533,824,608
3529,1,Fast,0.8748252391815186,859,852
3529,1,Fast,0.8395687341690063,872,760
3529,1,Fast,0.43848201632499695,982,646
3529,1,Fast,0.36649298667907715,866,477
3530,1,Fast,0.8764221668243408,861,859
3530,1,Fast,0.8702790141105652,874,767
3530,1,Fast,0.5111683011054993,980,642
3531,1,Fast,0.8755843639373779,862,866
3531,1,Fast,0.8569225668907166,875,774
3531,1,Fast,0.7190647125244141,979,639
3531,1,Fast,0.30254578590393066,865,473
3532,1,Fast,0.8728324770927429,864,874
3532,1,Fast,0.8580761551856995,878,780
3532,1,Fast,0.5154852867126465,978,636
3533,1,Fast,0.863502025604248,867,882
3533,1,Fast,0.8527434468269348,880,788
3533,1,Fast,0.5866042375564575,864,467
3533,1,Fast,0.5550355911254883,976,633
3534,1,Fast,0.865094780921936,883,795
3534,1,Fast,0.8420576453208923,870,890
3534,1,Fast,0.3634520173072815,974,629
3535,1,Fast,0.8712393641471863,873,898
3535,1,Fast,0.8572989106178284,885,803
3535,1,Fast,0.5394819974899292,972,626
3535,1,Fast,0.4637001156806946,830,642
3535,1,Fast,0.33507242798805237,863,462
3536,1,Fast,0.8487066626548767,875,906
3536,1,Fast,0.8260465264320374,888,811
3536,1,Fast,0.5837936401367188,971,623
3537,1,Fast,0.8756859302520752,878,915
3537,1,Fast,0.818500280380249,891,819
3537,1,Fast,0.6483333110809326,969,619
3538,1,Fast,0.8715289235115051,880,923
3538,1,Fast,0.8449215292930603,893,827
3538,1,Fast,0.6111548542976379,968,616
3539,1,Fast,0.8803794980049133,882,931
3539,1,Fast,0.8179371356964111,896,835
3539,1,Fast,0.5706393122673035,967,613
3539,1,Fast,0.39596185088157654,862,452
3540,1,Fast,0.8772358298301697,885,941
3540,1,Fast,0.7870059013366699,899,843
3540,1,Fast,0.6340885162353516,966,610
3541,1,Fast,0.8630167245864868,887,950
3541,1,Fast,0.7841008305549622,901,851
3541,1,Fast,0.43138226866722107,964,607
3542,1,Fast,0.8793032765388489,890,959
3542,1,Fast,0.8529718518257141,904,860
3542,1,Fast,0.6747507452964783,860,445
3542,1,Fast,0.3107125461101532,962,604
3543,1,Fast,0.8645156621932983,893,969
3543,1,Fast,0.8282482624053955,907,868
3543,1,Fast,0.6621509790420532,860,442
3543,1,Fast,0.43997669219970703,961,600
3544,1,Fast,0.8500329256057739,910,877
3544,1,Fast,0.8313741087913513,896,978
3544,1,Fast,0.6625235676765442,842,694
3544,1,Fast,0.637751579284668,860,439
3544,1,Fast,0.6099621653556824,960,597
3545,1,Fast,0.8324915766716003,913,887
3545,1,Fast,0.8171488046646118,900,987
3545,1,Fast,0.7411503791809082,958,595
3545,1,Fast,0.6555548310279846,860,437
3546,1,Fast,0.8493395447731018,917,896
3546,1,Fast,0.7369585037231445,958,592
3546,1,Fast,0.6269717216491699,903,998
3546,1,Fast,0.5546042919158936,859,435
3547,1,Fast,0.8332871198654175,920,905
3547,1,Fast,0.815940797328949,906,1007
3547,1,Fast,0.5368204116821289,957,589
3547,1,Fast,0.4332912266254425,860,432
3547,2,Slow,0.3630419969558716,784,442
3548,1,Fast,0.8622086048126221,924,915
3548,1,Fast,0.7409831285476685,908,1018
3548,1,Fast,0.6210683584213257,859,430
3548,2,Slow,0.3391319513320923,784,444
3549,1,Fast,0.8749567270278931,926,925
3549,1,Fast,0.7878639698028564,912,1027
3549,1,Fast,0.5377792119979858,858,427
3550,1,Fast,0.8756123781204224,930,934
3550,1,Fast,0.6905146241188049,915,1036
3551,1,Fast,0.847987174987793,934,944
3551,1,Fast,0.3194698095321655,858,422
3552,1,Fast,0.8312492966651917,937,954
3552,1,Fast,0.41217240691185,951,574
3553,1,Fast,0.8017691373825073,941,964
3553,1,Fast,0.4321771264076233,858,753
3554,1,Fast,0.7619404196739197,946,976
3555,1,Fast,0.7658179998397827,950,987
3555,1,Fast,0.41347113251686096,947,566
3556,1,Fast,0.7588531374931335,954,998
3556,1,Fast,0.3836633861064911,867,775
3556,1,Fast,0.3163163661956787,946,564
3557,1,Fast,0.6176628470420837,958,1010
3557,1,Fast,0.5274776816368103,868,783
3557,1,Fast,0.310859739780426,856,409
3558,1,Fast,0.697771430015564,962,1021
3558,1,Fast,0.3110707104206085,945,558
3559,1,Fast,0.4358588457107544,967,1033
3560,1,Fast,0.3433992266654968,971,1045
3561,1,Fast,0.4095369279384613,977,1053
3561,1,Fast,0.3952825963497162,877,815
3562,1,Fast,0.5199645757675171,879,823
3562,2,Slow,0.37380215525627136,914,472
3563,1,Fast,0.5706661939620972,883,831
3563,2,Slow,0.3387688100337982,914,470
3564,1,Fast,0.45227789878845215,885,839
3565,1,Fast,0.5632676482200623,888,849
3567,1,Fast,0.351633220911026,893,867
3567,2,Slow,0.3337858319282532,784,491
3571,1,Fast,0.38549596071243286,960,681
3573,1,Fast,0.35113200545310974,794,575
3578,2,Slow,0.35179847478866577,787,524
3579,2,Slow,0.4209519624710083,787,526
3580,2,Slow,0.7035912275314331,788,530
3582,2,Slow,0.7793441414833069,789,536
3583,1,Fast,0.5866565108299255,799,611
3584,2,Slow,0.7687429785728455,789,542
3586,2,Slow,0.6133252382278442,789,550
3586,1,Fast,0.602875828742981,801,623
3587,2,Slow,0.6014298796653748,790,553
3587,1,Fast,0.353718638420105,802,627
3588,1,Fast,0.6106223464012146,803,630
3588,2,Slow,0.5713183283805847,792,556
3589,2,Slow,0.46815797686576843,792,558
3590,2,Slow,0.6045257449150085,792,562
3591,2,Slow,0.7604175806045532,793,567
3592,2,Slow,0.7371976971626282,793,570
3593,2,Slow,0.7778193950653076,795,574
3594,2,Slow,0.7951288819313049,795,577
3594,1,Fast,0.565018892288208,918,475
3595,2,Slow,0.6644303798675537,797,581
3596,2,Slow,0.6627193093299866,797,584
3597,2,Slow,0.7018206119537354,797,587
3597,1,Fast,0.562369167804718,1152,1066
3597,1,Fast,0.3144510090351105,811,668
3598,1,Fast,0.6382104158401489,1145,1060
3598,2,Slow,0.6043469309806824,798,591
3598,1,Fast,0.5627505779266357,812,673
3599,1,Fast,0.8154444098472595,1137,1056
3599,2,Slow,0.557371973991394,798,595
3599,1,Fast,0.5274988412857056,813,677
3600,2,Slow,0.5319816470146179,798,598
3600,1,Fast,0.46695324778556824,1133,1049
3601,1,Fast,0.8205671310424805,1128,1038
3601,2,Slow,0.544992983341217,798,602
3602,2,Slow,0.7869832515716553,799,605
3602,1,Fast,0.739959180355072,1123,1029
3603,2,Slow,0.7947097420692444,799,610
3603,1,Fast,0.7703689932823181,1119,1019
3604,2,Slow,0.8305090069770813,800,613
3604,1,Fast,0.8301247358322144,1114,1011
3605,2,Slow,0.8419215083122253,802,618
3605,1,Fast,0.8119158148765564,1110,1002
3606,2,Slow,0.8264135122299194,802,621
3606,1,Fast,0.7584215402603149,1104,994
3607,2,Slow,0.8174051642417908,803,626
3607,1,Fast,0.7711141109466553,1101,985
3608,2,Slow,0.7767087817192078,804,630
3608,1,Fast,0.7743707895278931,1096,977
3609,2,Slow,0.6643927097320557,805,635
3609,1,Fast,0.5401479601860046,1092,969
3610,1,Fast,0.7222955822944641,1089,960
3610,2,Slow,0.6908526420593262,805,638
3610,1,Fast,0.33738186955451965,826,729
3611,1,Fast,0.7400738000869751,1084,952
3611,2,Slow,0.5119963884353638,806,642
3612,1,Fast,0.5989070534706116,1081,944
3612,1,Fast,0.3108827471733093,799,583
3613,2,Slow,0.6129356622695923,808,650
3613,1,Fast,0.5256034135818481,1077,936
3614,2,Slow,0.7693480253219604,808,655
3615,1,Fast,0.6809801459312439,1069,921
3615,2,Slow,0.5924338102340698,810,659
3616,2,Slow,0.6220307350158691,812,664
3616,1,Fast,0.5940895676612854,1066,913
3617,2,Slow,0.6684050559997559,812,668
3617,1,Fast,0.5192792415618896,1061,907
3617,2,Slow,0.32090941071510315,903,503
3618,2,Slow,0.7549005150794983,814,672
3618,1,Fast,0.43253830075263977,1058,899
3618,1,Fast,0.4126814007759094,804,605
3618,2,Slow,0.34067776799201965,902,500
3619,1,Fast,0.6446481347084045,1055,892
3619,2,Slow,0.6182126402854919,814,678
3620,2,Slow,0.6671649813652039,816,683
3620,1,Fast,0.5811387300491333,1051,885
3620,1,Fast,0.3843778371810913,841,784
3621,1,Fast,0.6689615845680237,1167,1008
3621,2,Slow,0.651483952999115,817,688
3621,1,Fast,0.5890119671821594,842,790
3621,1,Fast,0.3615265488624573,1047,879
3621,1,Fast,0.3252882957458496,807,618
3622,2,Slow,0.5537570714950562,818,693
3622,1,Fast,0.346358060836792,844,797
3622,1,Fast,0.34458795189857483,808,623
3623,1,Fast,0.6363663673400879,846,802
3623,1,Fast,0.3488597869873047,1042,865
3624,1,Fast,0.6638889908790588,1038,858
3624,1,Fast,0.3096332252025604,847,807
3625,1,Fast,0.5936440229415894,1154,982
3625,1,Fast,0.5514498949050903,1105,999
3625,1,Fast,0.3396858870983124,1035,852
3628,2,Slow,0.6764836311340332,825,724
3628,1,Fast,0.54796302318573,1025,833
3629,1,Fast,0.6240185499191284,1023,827
3629,1,Fast,0.4226265549659729,896,471
3629,1,Fast,0.4199594557285309,826,728
3629,1,Fast,0.34144118428230286,857,839
3630,2,Slow,0.5256327390670776,896,470
3630,1,Fast,0.38670215010643005,1019,821
3631,1,Fast,0.48094335198402405,895,466
3631,1,Fast,0.3133034110069275,1017,815
3632,1,Fast,0.4280673861503601,831,743
3633,1,Fast,0.6266939640045166,864,867
3633,2,Slow,0.5457673668861389,834,748
3634,1,Fast,0.8327520489692688,866,874
3634,1,Fast,0.6789735555648804,1008,798
3635,1,Fast,0.6275468468666077,868,880
3635,1,Fast,0.6127035021781921,837,759
3636,1,Fast,0.7635411620140076,870,887
3636,1,Fast,0.6693899631500244,838,763
3636,1,Fast,0.5826762914657593,1060,910
3637,1,Fast,0.5645530223846436,873,894
3637,1,Fast,0.3814161717891693,1056,903
3638,2,Slow,0.5611063241958618,840,776
3638,1,Fast,0.5442675352096558,831,700
3638,1,Fast,0.4734318256378174,875,902
3639,2,Slow,0.508436381816864,842,784
3640,1,Fast,0.6881691217422485,879,916
3641,1,Fast,0.5947238802909851,882,922
3641,1,Fast,0.32638630270957947,835,715
3642,1,Fast,0.7014277577400208,846,801
3642,1,Fast,0.6186774373054504,837,721
3642,1,Fast,0.5794429183006287,884,930
3642,1,Fast,0.4325403571128845,987,753
3643,1,Fast,0.7447051405906677,839,727
3643,1,Fast,0.6017336845397949,849,807
3643,1,Fast,0.3467860221862793,985,748
3644,1,Fast,0.535071849822998,841,733
3644,1,Fast,0.37023094296455383,983,743
3644,1,Fast,0.36361971497535706,1083,1053
3645,1,Fast,0.7646651864051819,981,737
3645,1,Fast,0.6126750111579895,855,821
3645,1,Fast,0.5074464678764343,843,739
3646,1,Fast,0.7666568756103516,978,733
3646,1,Fast,0.7270539999008179,856,828
3646,1,Fast,0.4805487096309662,846,746
3646,1,Fast,0.44409090280532837,1070,1030
3646,1,Fast,0.37944552302360535,894,963
3647,1,Fast,0.7061631679534912,1065,1019
3647,1,Fast,0.6882618069648743,848,751
3647,1,Fast,0.6656447052955627,977,728
3647,1,Fast,0.6324861645698547,858,833
3647,1,Fast,0.5877845883369446,896,972
3648,1,Fast,0.7964117527008057,850,757
3648,1,Fast,0.7475643157958984,1021,828
3648,1,Fast,0.7073251605033875,898,979
3648,1,Fast,0.7001477479934692,1058,1008
3648,1,Fast,0.6717437505722046,975,722
3649,1,Fast,0.7957226037979126,902,988
3649,1,Fast,0.7763643860816956,852,763
3649,1,Fast,0.722732663154602,1054,997
3649,1,Fast,0.7031041383743286,1019,822
3649,1,Fast,0.5562041997909546,972,717
3649,1,Fast,0.4444110095500946,860,849
3650,1,Fast,0.8323751091957092,863,855
3650,1,Fast,0.7899411916732788,854,768
3650,1,Fast,0.7169321775436401,904,996
3650,1,Fast,0.6073821187019348,830,585
3650,1,Fast,0.5528881549835205,970,713
3650,1,Fast,0.4177089035511017,1049,987
3651,1,Fast,0.7637447714805603,856,775
3651,1,Fast,0.6790425777435303,968,707
3651,1,Fast,0.5992788076400757,864,861
3651,1,Fast,0.38256171345710754,1045,976
3652,1,Fast,0.8671510815620422,858,782
3652,1,Fast,0.699621319770813,1040,966
3652,1,Fast,0.6636338829994202,966,704
3652,1,Fast,0.36391007900238037,1011,804
3653,1,Fast,0.8728898763656616,861,789
3653,1,Fast,0.7602330446243286,964,699
3653,1,Fast,0.7283923029899597,869,877
3653,1,Fast,0.42849040031433105,1034,956
3654,1,Fast,0.8894466757774353,863,795
3654,1,Fast,0.7728586792945862,963,694
3654,1,Fast,0.4693416357040405,1030,945
3654,1,Fast,0.391616553068161,871,882
3655,1,Fast,0.8633657097816467,865,802
3655,1,Fast,0.7341142892837524,961,689
3655,1,Fast,0.47822055220603943,874,891
3655,1,Fast,0.3113272786140442,1026,936
3656,1,Fast,0.818967342376709,868,810
3656,1,Fast,0.6494084000587463,959,685
3656,1,Fast,0.37448394298553467,1021,926
3657,1,Fast,0.824010968208313,871,817
3657,1,Fast,0.7489452362060547,957,680
3657,1,Fast,0.5887041687965393,1016,917
3657,1,Fast,0.522570788860321,879,906
3658,1,Fast,0.861400306224823,874,823
3658,1,Fast,0.7888781428337097,882,911
3658,1,Fast,0.713324785232544,955,676
3659,1,Fast,0.8564882874488831,876,830
3659,1,Fast,0.8026497960090637,884,920
3659,1,Fast,0.6172957420349121,954,672
3660,1,Fast,0.8681287169456482,878,837
3660,1,Fast,0.767762303352356,886,929
3660,1,Fast,0.7521325945854187,991,758
3660,1,Fast,0.6724316477775574,840,631
3660,1,Fast,0.6560657024383545,953,667
3661,1,Fast,0.8527185916900635,888,936
3661,1,Fast,0.8349915146827698,881,845
3661,1,Fast,0.612923800945282,989,753
3661,1,Fast,0.5821340680122375,951,663
3662,1,Fast,0.861353874206543,885,853
3662,1,Fast,0.8452600240707397,890,944
3662,1,Fast,0.6838051676750183,987,748
3662,1,Fast,0.5146299600601196,949,660
3663,1,Fast,0.8723489046096802,887,860
3663,1,Fast,0.7062284350395203,946,655
3663,1,Fast,0.63507080078125,985,743
3663,1,Fast,0.3747631907463074,893,956
3664,1,Fast,0.8896081447601318,890,868
3664,1,Fast,0.8188055753707886,945,651
3664,1,Fast,0.5625832676887512,983,738
3664,1,Fast,0.5432056188583374,895,962
3664,1,Fast,0.3389450013637543,990,856
3665,1,Fast,0.8864258527755737,893,876
3665,1,Fast,0.7821900248527527,944,647
3665,1,Fast,0.6159522533416748,981,733
3666,1,Fast,0.8806913495063782,897,885
3666,1,Fast,0.7758475542068481,943,643
3666,1,Fast,0.704716682434082,982,840
3666,1,Fast,0.627433717250824,978,727
3666,1,Fast,0.37571269273757935,900,980
3667,1,Fast,0.8691114187240601,900,894
3667,1,Fast,0.7786190509796143,979,832
3667,1,Fast,0.7115693092346191,941,639
3667,1,Fast,0.6971846222877502,903,989
3667,1,Fast,0.5620187520980835,976,722
3668,1,Fast,0.8674736618995667,903,903
3668,1,Fast,0.8128502368927002,976,825
3668,1,Fast,0.7689383029937744,940,635
3668,1,Fast,0.6207517981529236,974,717
3668,1,Fast,0.510735034942627,906,997
3669,1,Fast,0.8606933355331421,905,911
3669,1,Fast,0.7741096019744873,938,631
3669,1,Fast,0.7512449026107788,909,1006
3669,1,Fast,0.7304018139839172,973,817
3669,1,Fast,0.7104668617248535,972,712
3670,1,Fast,0.8699808120727539,909,918
3670,1,Fast,0.6692075729370117,970,810
3670,1,Fast,0.6687860488891602,937,628
3670,1,Fast,0.598619282245636,913,1016
3671,1,Fast,0.8872613310813904,912,927
3671,1,Fast,0.746303379535675,967,803
3671,1,Fast,0.7258448600769043,916,1025
3671,1,Fast,0.6803591251373291,968,703
3671,1,Fast,0.5521690249443054,935,623
3672,1,Fast,0.8867671489715576,916,936
3672,1,Fast,0.7870379090309143,966,697
3672,1,Fast,0.7647988200187683,919,1036
3672,1,Fast,0.6195809841156006,965,795
3672,1,Fast,0.5962207913398743,934,620
3673,1,Fast,0.8914298415184021,920,946
3673,1,Fast,0.8140572905540466,964,694
3673,1,Fast,0.7325059175491333,961,788
3673,1,Fast,0.3762871325016022,932,616
3673,1,Fast,0.32493704557418823,1215,1060
3673,1,Fast,0.30224868655204773,921,1045
3674,1,Fast,0.8863813877105713,923,955
3674,1,Fast,0.7964354753494263,962,690
3674,1,Fast,0.642937958240509,1209,1057
3674,1,Fast,0.48396992683410645,958,781
3674,1,Fast,0.4719504714012146,932,613
3675,1,Fast,0.8714903593063354,927,964
3675,1,Fast,0.7668203115463257,960,685
3675,1,Fast,0.6713037490844727,955,773
3675,1,Fast,0.6343747973442078,1203,1051
3675,1,Fast,0.5890393853187561,929,609
3676,1,Fast,0.8225713968276978,931,974
3676,1,Fast,0.7914284467697144,953,767
3676,1,Fast,0.7845146656036377,1197,1043
3676,1,Fast,0.7324640154838562,959,681
3676,1,Fast,0.3512408435344696,928,606
3677,1,Fast,0.8125832676887512,950,760
3677,1,Fast,0.8076139092445374,935,984
3677,1,Fast,0.803514301776886,1193,1037
3677,1,Fast,0.7845039963722229,957,676
3677,1,Fast,0.7316888570785522,927,602
3678,1,Fast,0.8092209100723267,947,753
3678,1,Fast,0.7939291000366211,1189,1029
3678,1,Fast,0.7764694094657898,956,672
3678,1,Fast,0.7543743252754211,938,997
3678,1,Fast,0.7421533465385437,926,599
3679,1,Fast,0.8204919695854187,943,1005
3679,1,Fast,0.8110755681991577,954,667
3679,1,Fast,0.7717893719673157,945,746
3679,1,Fast,0.6594691872596741,1185,1022
3679,1,Fast,0.5784821510314941,925,595
3680,1,Fast,0.8651259541511536,946,1016
3680,1,Fast,0.72514408826828,952,662
3680,1,Fast,0.7187625765800476,1180,1015
3680,1,Fast,0.6988025903701782,942,740
3680,1,Fast,0.65790855884552,924,592
3681,1,Fast,0.8201062083244324,951,1027
3681,1,Fast,0.8086416125297546,951,659
3681,1,Fast,0.791929304599762,940,733
3681,1,Fast,0.740257978439331,1176,1008
3681,1,Fast,0.6774242520332336,923,588
3682,1,Fast,0.8482415080070496,948,655
3682,1,Fast,0.8343786597251892,938,727
3682,1,Fast,0.7374010682106018,1173,1002
3682,1,Fast,0.7059780955314636,922,585
3682,1,Fast,0.6361876130104065,955,1037
3683,1,Fast,0.8584680557250977,947,651
3683,1,Fast,0.8360654711723328,935,721
3683,1,Fast,0.8186042904853821,921,581
3683,1,Fast,0.7853140830993652,960,1047
3683,1,Fast,0.7806902527809143,1168,994
3684,1,Fast,0.8480998277664185,933,715
3684,1,Fast,0.8424475789070129,945,646
3684,1,Fast,0.8422403931617737,1164,987
3684,1,Fast,0.7349849343299866,919,577
3684,1,Fast,0.6666871309280396,965,1055
3685,1,Fast,0.8560066819190979,1160,980
3685,1,Fast,0.8328374624252319,944,644
3685,1,Fast,0.8241286873817444,931,709
3685,1,Fast,0.7263675928115845,919,574
3685,1,Fast,0.33109521865844727,971,1060
3686,1,Fast,0.8611283898353577,1158,975
3686,1,Fast,0.8469103574752808,942,639
3686,1,Fast,0.8007687330245972,929,703
3686,2,Slow,0.479169636964798,1002,693
3686,1,Fast,0.3949046730995178,919,571
3687,1,Fast,0.8405845165252686,941,635
3687,1,Fast,0.8213622570037842,927,698
3687,1,Fast,0.6660137176513672,917,568
3687,1,Fast,0.5621868371963501,1153,968
3687,1,Fast,0.311866819858551,887,799
3688,1,Fast,0.8385745882987976,1149,962
3688,1,Fast,0.8150747418403625,925,692
3688,1,Fast,0.8092589378356934,939,631
3688,1,Fast,0.5839022994041443,809,683
3688,1,Fast,0.4203425943851471,918,565
3689,1,Fast,0.8301605582237244,923,686
3689,1,Fast,0.8024938702583313,938,627
3689,1,Fast,0.5984130501747131,1147,955
3690,1,Fast,0.8217654228210449,922,680
3690,1,Fast,0.8174407482147217,935,623
3690,1,Fast,0.8146999478340149,1143,948
3690,1,Fast,0.5156310796737671,915,559
3691,1,Fast,0.8475544452667236,1140,942
3691,1,Fast,0.8069429993629456,934,619
3691,1,Fast,0.7639560103416443,920,674
3691,1,Fast,0.692071795463562,913,555
3692,1,Fast,0.8256910443305969,1136,937
3692,1,Fast,0.7964605689048767,933,616
3692,1,Fast,0.79573655128479,918,669
3692,1,Fast,0.6365544199943542,913,552
3693,1,Fast,0.8617694973945618,1133,931
3693,1,Fast,0.8193347454071045,932,612
3693,1,Fast,0.7763067483901978,916,663
3693,1,Fast,0.6421717405319214,912,549
3693,1,Fast,0.3470481038093567,902,846
3694,1,Fast,0.8294205069541931,931,608
3694,1,Fast,0.7809983491897583,1130,924
3694,1,Fast,0.7368971705436707,915,657
3694,1,Fast,0.6582441926002502,911,546
3694,1,Fast,0.4262101352214813,905,854
3695,1,Fast,0.8143652677536011,1126,918
3695,1,Fast,0.8108580112457275,930,604
3695,1,Fast,0.7217353582382202,912,652
3695,1,Fast,0.700160562992096,910,542
3695,1,Fast,0.6227902770042419,907,863
3695,1,Fast,0.4243169128894806,815,718
3696,1,Fast,0.8043125867843628,928,601
3696,1,Fast,0.7871870398521423,1123,913
3696,1,Fast,0.7299993634223938,909,539
3696,1,Fast,0.716472864151001,817,724
3696,1,Fast,0.7099007964134216,910,647
3696,1,Fast,0.6195326447486877,911,872
3697,1,Fast,0.8241569995880127,909,642
3697,1,Fast,0.8108126521110535,927,597
3697,1,Fast,0.8017212152481079,908,536
3697,1,Fast,0.6868605017662048,818,729
3697,1,Fast,0.43581849336624146,1120,907
3697,2,Slow,0.3774982988834381,985,657
3698,1,Fast,0.839341938495636,925,595
3698,1,Fast,0.786335825920105,1117,901
3698,1,Fast,0.7706179022789001,908,636
3698,1,Fast,0.7549495697021484,907,534
3698,2,Slow,0.5389844179153442,984,653
3698,1,Fast,0.44001030921936035,916,888
3698,1,Fast,0.32932043075561523,820,735
3699,1,Fast,0.8503388166427612,924,591
3699,1,Fast,0.793389081954956,906,531
3699,1,Fast,0.7754537463188171,1114,895
3699,1,Fast,0.712664783000946,907,632
3699,1,Fast,0.6595277190208435,821,741
3699,2,Slow,0.6401764154434204,982,650
3700,1,Fast,0.8152678608894348,923,587
3700,1,Fast,0.8095428943634033,1111,890
3700,1,Fast,0.7987433671951294,904,627
3700,1,Fast,0.7380633354187012,906,528
3700,1,Fast,0.6023791432380676,822,746
3701,1,Fast,0.8162559866905212,903,622
3701,1,Fast,0.8112367987632751,1108,885
3701,1,Fast,0.7992627620697021,922,584
3701,1,Fast,0.7138081789016724,905,525
3701,2,Slow,0.6103309988975525,980,643
3701,1,Fast,0.38165608048439026,823,753
3702,1,Fast,0.819804310798645,921,581
3702,1,Fast,0.7835854291915894,904,522
3702,1,Fast,0.7812201380729675,902,617
3702,1,Fast,0.7746456265449524,1106,880
3703,1,Fast,0.8260733485221863,921,577
3703,1,Fast,0.7776905298233032,903,520
3703,1,Fast,0.7537788152694702,1102,874
3703,1,Fast,0.7488659620285034,900,613
3703,1,Fast,0.5519080758094788,933,934
3703,2,Slow,0.35297372937202454,978,637
3704,1,Fast,0.8202453851699829,920,573
3704,1,Fast,0.775477945804596,903,517
3704,1,Fast,0.6271897554397583,898,608
3704,1,Fast,0.6018929481506348,1100,869
3704,1,Fast,0.48020872473716736,937,944
3704,1,Fast,0.4750385582447052,829,770
3705,1,Fast,0.7916842699050903,920,571
3705,1,Fast,0.752727210521698,898,603
3705,1,Fast,0.6993087530136108,1097,863
3705,1,Fast,0.660381555557251,940,956
3705,1,Fast,0.4761762320995331,903,513
3706,1,Fast,0.8193135261535645,919,567
3706,1,Fast,0.751317024230957,896,599
3706,1,Fast,0.6865935921669006,1094,857
3706,1,Fast,0.5963854193687439,832,783
3706,1,Fast,0.5439684391021729,945,965
3706,1,Fast,0.4535762071609497,902,511
3707,1,Fast,0.8303494453430176,917,565
3707,1,Fast,0.7894154191017151,895,595
3707,1,Fast,0.6561343669891357,1091,852
3707,1,Fast,0.5421134233474731,834,790
3707,1,Fast,0.37863025069236755,948,976
3707,1,Fast,0.3441159725189209,901,508
3708,1,Fast,0.7800926566123962,916,560
3708,1,Fast,0.7701522707939148,893,590
3708,1,Fast,0.7396681904792786,1088,848
3708,1,Fast,0.6112711429595947,836,797
3709,1,Fast,0.7999861240386963,1086,843
3709,1,Fast,0.7881006598472595,915,558
3709,1,Fast,0.7182940244674683,892,585
3709,1,Fast,0.6797116994857788,838,804
3709,1,Fast,0.47265568375587463,899,503
3710,1,Fast,0.7917299270629883,890,581
3710,1,Fast,0.7199012041091919,913,554
3710,1,Fast,0.5510118007659912,840,810
3710,1,Fast,0.42354023456573486,899,500
3710,1,Fast,0.30232569575309753,1083,838
3711,1,Fast,0.7945030331611633,912,552
3711,1,Fast,0.7850785851478577,889,577
3711,1,Fast,0.6844922304153442,842,817
3711,1,Fast,0.5387967228889465,899,498
3711,1,Fast,0.5336195826530457,1080,833
3712,1,Fast,0.8050203919410706,911,548
3712,1,Fast,0.7647969722747803,889,572
3712,1,Fast,0.5266865491867065,844,824
3713,1,Fast,0.8160660266876221,911,545
3713,1,Fast,0.7734606266021729,887,568
3713,1,Fast,0.7216306328773499,845,831
3713,1,Fast,0.6360370516777039,898,493
3713,2,Slow,0.35754212737083435,965,608
3714,1,Fast,0.8187878727912903,887,565
3714,1,Fast,0.7975314259529114,909,542
3714,1,Fast,0.6466785669326782,1071,817
3714,1,Fast,0.5598557591438293,847,838
3714,1,Fast,0.553899347782135,898,491
3715,1,Fast,0.7491045594215393,909,538
3715,1,Fast,0.6908586025238037,1070,813
3715,1,Fast,0.6876564025878906,885,561
3715,2,Slow,0.6733106374740601,961,602
3715,1,Fast,0.5165313482284546,849,845
3716,1,Fast,0.7846434116363525,908,536
3716,1,Fast,0.7179197072982788,884,556
3716,1,Fast,0.6460080146789551,852,853
3716,1,Fast,0.6007999181747437,896,485
3716,1,Fast,0.5938577055931091,1067,809
3716,2,Slow,0.556775689125061,960,601
3717,1,Fast,0.8083513379096985,907,532
3717,1,Fast,0.7585456967353821,882,552
3717,1,Fast,0.7351329326629639,853,862
3717,2,Slow,0.6265455484390259,959,598
3717,1,Fast,0.5987750887870789,1065,805
3717,1,Fast,0.48030635714530945,895,483
3718,1,Fast,0.7788211703300476,882,547
3718,1,Fast,0.7676565051078796,907,529
3718,2,Slow,0.7261639833450317,958,595
3718,1,Fast,0.6786379814147949,856,869
3719,1,Fast,0.7873761057853699,881,543
3719,1,Fast,0.7626979351043701,858,877
3719,1,Fast,0.7523929476737976,905,526
3719,2,Slow,0.751043438911438,958,592
3719,1,Fast,0.6423921585083008,894,477
3720,2,Slow,0.7818689346313477,957,589
3720,1,Fast,0.731718122959137,861,884
3720,1,Fast,0.7236578464508057,904,523
3720,1,Fast,0.5927706360816956,880,540
3720,1,Fast,0.5713784694671631,1057,791
3720,1,Fast,0.5329559445381165,894,475
3721,1,Fast,0.8163562417030334,904,521
3721,1,Fast,0.7889782190322876,878,536
3721,1,Fast,0.7536593079566956,863,891
3721,2,Slow,0.7134489417076111,956,588
3721,1,Fast,0.651216447353363,1055,785
3722,1,Fast,0.8111547827720642,1052,781
3722,1,Fast,0.7956653833389282,878,533
3722,1,Fast,0.7882806062698364,865,900
3722,1,Fast,0.7707486748695374,902,518
3722,2,Slow,0.7533085942268372,954,584
3722,1,Fast,0.3470225930213928,894,471
3723,1,Fast,0.7918115258216858,1050,778
3723,1,Fast,0.7783615589141846,902,515
3723,1,Fast,0.7659091949462891,877,529
3723,2,Slow,0.759502112865448,954,583
3723,1,Fast,0.6429929137229919,868,908
3723,1,Fast,0.5856515765190125,893,469
3724,1,Fast,0.8130691647529602,1048,773
3724,1,Fast,0.778689444065094,870,916
3724,2,Slow,0.7355039715766907,951,580
3724,1,Fast,0.7095984220504761,901,512
3724,1,Fast,0.6711708903312683,877,527
3724,1,Fast,0.48446720838546753,892,467
3725,2,Slow,0.7642300128936768,951,577
3725,1,Fast,0.730176568031311,873,924
3725,1,Fast,0.7106661200523376,875,523
3725,1,Fast,0.6733662486076355,1046,770
3725,1,Fast,0.5827906131744385,900,509
3726,1,Fast,0.8621289730072021,875,933
3726,2,Slow,0.7518938779830933,950,574
3726,1,Fast,0.6989321708679199,875,519
3726,1,Fast,0.5667731761932373,900,507
3727,1,Fast,0.7846444845199585,878,942
3727,1,Fast,0.7279996275901794,873,514
3727,1,Fast,0.5662185549736023,898,504
3727,2,Slow,0.5538241267204285,949,571
3727,1,Fast,0.49991416931152344,890,460
3728,1,Fast,0.8351287841796875,880,951
3728,1,Fast,0.7119346261024475,898,500
3728,2,Slow,0.6238619685173035,948,569
3728,1,Fast,0.5895368456840515,873,511
3728,1,Fast,0.5697624087333679,1039,755
3728,1,Fast,0.31198737025260925,889,458
3729,1,Fast,0.8204484581947327,883,961
3729,1,Fast,0.7728857398033142,1037,751
3729,1,Fast,0.7408971190452576,872,508
3729,1,Fast,0.7139496207237244,898,498
3729,2,Slow,0.5505070686340332,946,567
3730,1,Fast,0.8616958260536194,886,970
3730,1,Fast,0.6422895789146423,871,504
3730,1,Fast,0.6072879433631897,1035,747
3730,1,Fast,0.5915948748588562,897,496
3730,2,Slow,0.5088487267494202,946,565
3731,1,Fast,0.8593372702598572,890,979
3731,2,Slow,0.6450208425521851,944,562
3731,1,Fast,0.6400680541992188,897,493
3731,1,Fast,0.6281572580337524,871,501
3731,1,Fast,0.49295422434806824,1033,743
3732,1,Fast,0.8109483122825623,893,988
3732,1,Fast,0.7471487522125244,896,490
3732,2,Slow,0.7330489158630371,943,559
3732,1,Fast,0.523841142654419,870,496
3732,1,Fast,0.4810543358325958,1031,739
3733,1,Fast,0.8003557920455933,895,488
3733,1,Fast,0.7468996644020081,896,998
3733,2,Slow,0.6950175166130066,942,557
3733,1,Fast,0.3559987545013428,870,494
3733,1,Fast,0.3146325647830963,1028,735
3734,1,Fast,0.7534437775611877,893,485
3734,1,Fast,0.6521933674812317,868,491
3734,2,Slow,0.6334463357925415,942,554
3734,1,Fast,0.6180519461631775,900,1008
3734,1,Fast,0.5259147882461548,1027,731
3735,2,Slow,0.6993300318717957,940,551
3735,1,Fast,0.6837128400802612,903,1017
3735,1,Fast,0.5803034901618958,892,482
3735,1,Fast,0.5666870474815369,868,487
3735,1,Fast,0.496983140707016,1025,726
3736,2,Slow,0.7433236241340637,939,549
3736,1,Fast,0.6457571983337402,1023,722
3736,1,Fast,0.5167674422264099,892,479
3736,1,Fast,0.5090684294700623,867,484
3737,2,Slow,0.7577919363975525,939,546
3737,1,Fast,0.7496331930160522,1021,719
3737,1,Fast,0.6920642852783203,892,476
3737,1,Fast,0.4432591199874878,867,480
3738,1,Fast,0.8036901354789734,1019,716
3738,2,Slow,0.7463994026184082,938,544
3738,1,Fast,0.6556635499000549,892,474
3738,1,Fast,0.6181519031524658,867,477
3739,1,Fast,0.7950642108917236,1017,712
3739,2,Slow,0.7042161226272583,937,542
3739,1,Fast,0.6571436524391174,890,472
3739,1,Fast,0.6026883721351624,866,475
3740,1,Fast,0.7491709589958191,865,472
3740,1,Fast,0.7385110855102539,891,469
3740,2,Slow,0.6435108780860901,936,540
3740,1,Fast,0.5769498348236084,1016,708
3741,1,Fast,0.7535872459411621,865,469
3741,1,Fast,0.7173981070518494,890,467
3741,2,Slow,0.7099661827087402,936,538
3742,2,Slow,0.7636600732803345,934,536
3742,1,Fast,0.6368544101715088,864,467
3742,1,Fast,0.5750066637992859,889,465
3743,2,Slow,0.7875229716300964,933,533
3743,1,Fast,0.5369269847869873,889,463
3743,1,Fast,0.4417487382888794,864,464
3744,1,Fast,0.7782040238380432,889,461
3744,2,Slow,0.7388368844985962,932,530
3744,1,Fast,0.645993173122406,1008,692
3744,1,Fast,0.5952414274215698,865,460
3745,1,Fast,0.7782122492790222,1007,689
3745,1,Fast,0.7743423581123352,888,459
3745,2,Slow,0.6957516670227051,932,527
3745,1,Fast,0.6907457113265991,864,458
3746,1,Fast,0.7559158205986023,1005,686
3746,1,Fast,0.7002995014190674,887,457
3746,2,Slow,0.5106604695320129,931,525
3746,1,Fast,0.4677434265613556,863,455
3747,1,Fast,0.6581944227218628,1003,682
3747,1,Fast,0.5724557638168335,887,454
3747,2,Slow,0.4122546911239624,930,523
3747,1,Fast,0.32728132605552673,863,452
3748,1,Fast,0.7288346290588379,886,451
3748,1,Fast,0.5038413405418396,863,447
3748,1,Fast,0.4986130893230438,1002,679
3749,1,Fast,0.533973217010498,862,445
3749,1,Fast,0.5293242335319519,886,448
3749,2,Slow,0.4951707124710083,928,519
3750,2,Slow,0.6095786690711975,928,518
3750,1,Fast,0.4952884912490845,861,444
3750,1,Fast,0.4008302092552185,886,446
3751,2,Slow,0.7482520937919617,927,515
3751,1,Fast,0.46321988105773926,861,441
3751,1,Fast,0.34950628876686096,886,445
3752,2,Slow,0.7683364152908325,926,513
3752,1,Fast,0.6082216501235962,886,443
3752,1,Fast,0.5386000275611877,861,438
3752,1,Fast,0.5024625658988953,995,665
3753,2,Slow,0.7548242807388306,926,511
3753,1,Fast,0.7045029401779175,994,662
3753,1,Fast,0.6128044724464417,886,440
3753,1,Fast,0.45330724120140076,861,436
3754,1,Fast,0.7442212104797363,992,659
3754,2,Slow,0.6998617649078369,925,509
3754,1,Fast,0.6724953651428223,885,438
3754,1,Fast,0.5465273261070251,861,431
3754,1,Fast,0.3526706397533417,881,405
3755,1,Fast,0.7902305722236633,990,656
3755,2,Slow,0.7561195492744446,924,507
3755,1,Fast,0.668485164642334,884,437
3755,1,Fast,0.5536834597587585,860,429
3756,2,Slow,0.7680755853652954,924,505
3756,1,Fast,0.7200422883033752,989,653
3756,1,Fast,0.49012356996536255,860,428
3756,1,Fast,0.32007408142089844,884,435
3757,2,Slow,0.7737349271774292,923,503
3757,1,Fast,0.3327398896217346,860,423
3758,2,Slow,0.7703375816345215,922,500
3759,2,Slow,0.7484155297279358,921,498
3759,1,Fast,0.4668586552143097,984,643
3760,1,Fast,0.7521377205848694,983,639
3760,2,Slow,0.5919080376625061,920,495
3761,1,Fast,0.7901465892791748,982,636
3761,2,Slow,0.4295579195022583,920,493
3762,1,Fast,0.684052586555481,981,634
3762,2,Slow,0.45188117027282715,918,491
3762,1,Fast,0.4458424746990204,857,413
3763,1,Fast,0.6210443377494812,979,631
3763,2,Slow,0.3253178894519806,919,490
3764,1,Fast,0.5678884387016296,977,628
3764,2,Slow,0.554118275642395,918,488
3765,1,Fast,0.553596019744873,975,625
3765,2,Slow,0.5286705493927002,917,486
3766,2,Slow,0.5691937804222107,917,484
3766,1,Fast,0.3965705633163452,880,414
3767,2,Slow,0.6058828234672546,916,482
3767,1,Fast,0.4720926284790039,880,412
3768,1,Fast,0.42534133791923523,880,410
3768,1,Fast,0.3792778253555298,972,615
3768,2,Slow,0.3365595042705536,916,481
3768,1,Fast,0.32782986760139465,857,398
3769,1,Fast,0.4550193250179291,972,612
3769,2,Slow,0.3277052640914917,916,479
3769,1,Fast,0.311138778924942,879,409
3770,1,Fast,0.3593531548976898,970,609
3770,1,Fast,0.3353889286518097,879,407
3772,2,Slow,0.4431183934211731,914,473
3773,2,Slow,0.576886773109436,913,472
3774,2,Slow,0.6288201808929443,913,470
3775,1,Fast,0.7872004508972168,963,595
3775,2,Slow,0.5268968343734741,912,467
3775,1,Fast,0.4310639500617981,876,398
3776,1,Fast,0.7794613838195801,963,592
3776,2,Slow,0.6002416610717773,911,466
3776,1,Fast,0.47082072496414185,877,395
3777,1,Fast,0.8003188967704773,962,590
3777,2,Slow,0.5318665504455566,911,464
3777,1,Fast,0.3423604369163513,877,394
3778,1,Fast,0.6766520142555237,960,587
3778,2,Slow,0.42198988795280457,911,463
3778,1,Fast,0.3076348304748535,877,392
3779,2,Slow,0.5539249777793884,910,461
3779,1,Fast,0.41492196917533875,959,585
3780,2,Slow,0.5532483458518982,910,458
3781,2,Slow,0.6492865681648254,909,457
3782,2,Slow,0.4528849124908447,909,455
3783,2,Slow,0.6872910857200623,909,454
3784,2,Slow,0.6973710656166077,909,452
3785,2,Slow,0.6743037104606628,909,451
3785,1,Fast,0.350790411233902,852,859
3786,1,Fast,0.4347701668739319,854,867
3786,1,Fast,0.31783056259155273,875,380
3786,1,Fast,0.3112793266773224,951,566
3787,2,Slow,0.574830949306488,907,448
3788,2,Slow,0.5972734689712524,907,446
3790,1,Fast,0.4013080596923828,863,899
3791,2,Slow,0.602761447429657,906,441
3791,1,Fast,0.4305335581302643,947,553
3792,1,Fast,0.5612335801124573,946,551
3792,1,Fast,0.513319194316864,868,915
3792,2,Slow,0.3358764946460724,905,438
3793,2,Slow,0.43033722043037415,905,437
3793,1,Fast,0.4278540015220642,945,548
3794,2,Slow,0.4874145984649658,905,436
3794,1,Fast,0.4306841790676117,873,933
3795,1,Fast,0.5894325375556946,875,942
3796,2,Slow,0.5225595831871033,905,433
3796,1,Fast,0.3208789825439453,878,951
3797,2,Slow,0.6681490540504456,905,432
3797,1,Fast,0.6414679884910583,882,961
3797,1,Fast,0.3568737804889679,798,601
3798,1,Fast,0.46557244658470154,884,970
3798,2,Slow,0.31454217433929443,903,429
3799,2,Slow,0.5960878729820251,903,428
3800,2,Slow,0.6277591586112976,903,426
3800,1,Fast,0.41444748640060425,939,532
3801,2,Slow,0.6780813336372375,903,424
3801,1,Fast,0.34273675084114075,799,619
3801,1,Fast,0.31252163648605347,768,609
3802,2,Slow,0.702588677406311,903,423
3802,1,Fast,0.683583676815033,1119,1017
3802,1,Fast,0.30359023809432983,800,624
3803,2,Slow,0.7141594886779785,903,422
3803,1,Fast,0.647546648979187,1114,1008
3804,1,Fast,0.5442857146263123,1110,1000
3804,2,Slow,0.47717252373695374,903,420
3804,1,Fast,0.37494468688964844,768,620
3805,2,Slow,0.4144808053970337,903,419
3805,1,Fast,0.39864715933799744,1105,993
3806,2,Slow,0.5746651887893677,902,417
3806,1,Fast,0.46004724502563477,1101,984
3807,2,Slow,0.6126953363418579,902,416
3807,1,Fast,0.5470152497291565,1097,976
3808,2,Slow,0.6346811056137085,902,415
3808,1,Fast,0.552834153175354,770,634
3809,1,Fast,0.5233052372932434,771,638
3809,2,Slow,0.487710565328598,902,413
3810,2,Slow,0.5747094750404358,902,411
3810,1,Fast,0.44582217931747437,772,641
3811,1,Fast,0.6651642322540283,772,645
3811,2,Slow,0.37888118624687195,901,410
3812,1,Fast,0.7053382992744446,774,649
3812,2,Slow,0.35328808426856995,901,409
3813,1,Fast,0.753073513507843,775,653
3814,1,Fast,0.6143641471862793,775,657
3815,1,Fast,0.48483189940452576,776,661
3816,0,VRU,0.4829244315624237,1313,855
3816,1,Fast,0.4391386806964874,777,666
3817,1,Fast,0.7304942011833191,778,670
3817,0,VRU,0.43552306294441223,1313,855
3817,1,Fast,0.42890650033950806,925,494
3818,1,Fast,0.7463549971580505,779,674
3818,0,VRU,0.42677298188209534,1313,855
3818,1,Fast,0.3956412076950073,924,492
3819,1,Fast,0.6506105661392212,780,678
3819,0,VRU,0.41139212250709534,1313,855
