frame,class,label,confidence,x_center,y_center
0,1,Fast,0.8387524485588074,979,425
0,1,Fast,0.8173912167549133,993,535
0,1,Fast,0.8022074699401855,1013,501
0,1,Fast,0.5179609060287476,1284,934
0,2,Slow,0.4812833368778229,954,355
1,1,Fast,0.8411276936531067,1276,923
1,1,Fast,0.8283486366271973,990,529
1,1,Fast,0.8061625361442566,977,421
1,1,Fast,0.7600991129875183,1009,497
1,1,Fast,0.5523008108139038,953,353
2,1,Fast,0.8185299038887024,975,418
2,1,Fast,0.8005672097206116,987,525
2,1,Fast,0.8004794120788574,1007,491
2,1,Fast,0.7827896475791931,1269,912
2,1,Fast,0.6909599900245667,952,351
2,1,Fast,0.4499387741088867,913,297
2,1,Fast,0.32930219173431396,772,452
3,1,Fast,0.8495005965232849,973,414
3,1,Fast,0.8020181655883789,986,520
3,1,Fast,0.7958873510360718,1005,487
3,1,Fast,0.7348139882087708,1262,901
3,1,Fast,0.7013828158378601,1074,920
3,1,Fast,0.5974395275115967,773,454
3,1,Fast,0.5948588848114014,952,349
3,1,Fast,0.40895888209342957,913,295
3,1,Fast,0.403080552816391,963,302
3,1,Fast,0.3423596918582916,871,386
4,1,Fast,0.8438766598701477,971,411
4,1,Fast,0.8100225925445557,1255,890
4,1,Fast,0.8088389039039612,983,516
4,1,Fast,0.7746661305427551,1004,484
4,1,Fast,0.700835645198822,773,456
4,1,Fast,0.6252012848854065,1081,932
4,1,Fast,0.408296138048172,913,293
4,1,Fast,0.3245064616203308,951,347
4,1,Fast,0.30775225162506104,872,389
5,1,Fast,0.8388516306877136,969,407
5,1,Fast,0.7819846272468567,1002,480
5,1,Fast,0.766476035118103,981,511
5,1,Fast,0.6507508754730225,774,458
5,1,Fast,0.5597381591796875,1248,881
5,1,Fast,0.5389825105667114,1086,944
5,1,Fast,0.48045021295547485,949,345
5,1,Fast,0.4553467035293579,913,291
6,1,Fast,0.8350896239280701,979,507
6,1,Fast,0.8308717012405396,967,404
6,1,Fast,0.8274850845336914,1094,958
6,1,Fast,0.7746937870979309,1000,477
6,1,Fast,0.6923341155052185,1241,871
6,1,Fast,0.5007516145706177,949,342
6,1,Fast,0.3955775797367096,873,395
6,1,Fast,0.3245939612388611,775,460
6,1,Fast,0.31590536236763,913,289
7,1,Fast,0.8607489466667175,977,502
7,1,Fast,0.8467406630516052,964,401
7,1,Fast,0.8125821948051453,998,474
7,1,Fast,0.6367346048355103,1234,861
7,1,Fast,0.5395500063896179,874,398
7,1,Fast,0.48808372020721436,913,288
7,1,Fast,0.47204622626304626,775,462
7,1,Fast,0.373003214597702,948,340
8,1,Fast,0.8441500067710876,976,498
8,1,Fast,0.8205800652503967,963,398
8,1,Fast,0.8107959628105164,1227,852
8,1,Fast,0.7667919993400574,997,470
8,1,Fast,0.5909912586212158,775,464
8,2,Slow,0.38204553723335266,947,338
9,1,Fast,0.8363536596298218,973,493
9,1,Fast,0.8137564063072205,961,394
9,1,Fast,0.8117095232009888,1221,843
9,1,Fast,0.6697665452957153,996,466
9,1,Fast,0.5320352911949158,776,466
9,1,Fast,0.5181147456169128,875,405
10,1,Fast,0.814574658870697,971,489
10,1,Fast,0.799588143825531,959,391
10,1,Fast,0.7581993937492371,776,468
10,1,Fast,0.7569311261177063,1216,835
10,1,Fast,0.6523659825325012,875,408
10,1,Fast,0.587955117225647,994,462
10,1,Fast,0.40969306230545044,912,282
11,1,Fast,0.8412259817123413,957,388
11,1,Fast,0.8309082388877869,970,485
11,1,Fast,0.8004465699195862,776,470
11,1,Fast,0.7996581196784973,991,459
11,1,Fast,0.7561237812042236,1210,827
11,1,Fast,0.7449119091033936,876,411
11,1,Fast,0.5707398056983948,946,332
11,1,Fast,0.5402048230171204,911,280
12,1,Fast,0.848665177822113,956,385
12,1,Fast,0.761050820350647,776,471
12,1,Fast,0.7424144148826599,1203,817
12,1,Fast,0.6599331498146057,876,415
12,1,Fast,0.6367282271385193,990,455
12,1,Fast,0.4594339430332184,945,330
12,1,Fast,0.3662934899330139,969,480
12,1,Fast,0.3510863780975342,911,278
13,1,Fast,0.8356909155845642,954,382
13,1,Fast,0.8231794238090515,966,477
13,1,Fast,0.7412721514701843,776,474
13,1,Fast,0.7294783592224121,1198,808
13,1,Fast,0.7160288095474243,988,452
13,1,Fast,0.6259719133377075,877,418
13,1,Fast,0.553861677646637,945,328
14,1,Fast,0.853584349155426,964,473
14,1,Fast,0.8395498394966125,952,378
14,1,Fast,0.7160588502883911,1193,799
14,1,Fast,0.680561900138855,777,476
14,1,Fast,0.664947509765625,988,447
14,1,Fast,0.4229998290538788,879,421
14,1,Fast,0.3311421275138855,945,327
15,1,Fast,0.8399953842163086,962,469
15,1,Fast,0.7883397936820984,777,477
15,1,Fast,0.769335925579071,951,375
15,1,Fast,0.7476034164428711,986,446
15,1,Fast,0.6679239869117737,880,424
15,1,Fast,0.31374391913414,1187,790
16,1,Fast,0.8317233920097351,950,373
16,1,Fast,0.7999886870384216,777,479
16,1,Fast,0.7760297060012817,961,465
16,1,Fast,0.7361813187599182,985,442
16,1,Fast,0.5893011689186096,881,428
16,1,Fast,0.45492827892303467,1181,782
17,1,Fast,0.8188244700431824,949,370
17,1,Fast,0.7736270427703857,959,461
17,1,Fast,0.7617844939231873,983,439
17,1,Fast,0.7568925023078918,778,481
17,1,Fast,0.6438595652580261,882,431
17,1,Fast,0.5394272804260254,1176,773
18,1,Fast,0.7487253546714783,778,484
18,1,Fast,0.7238298058509827,948,366
18,1,Fast,0.7184926271438599,958,456
18,1,Fast,0.6455300450325012,883,435
18,1,Fast,0.565840482711792,981,436
18,1,Fast,0.4081737697124481,1171,766
18,1,Fast,0.3247194290161133,941,319
19,1,Fast,0.7826833724975586,779,486
19,1,Fast,0.7676738500595093,884,439
19,1,Fast,0.75123131275177,947,363
19,1,Fast,0.6791146993637085,956,453
19,1,Fast,0.6130110025405884,1165,758
19,1,Fast,0.5627932548522949,940,317
20,1,Fast,0.7669139504432678,885,443
20,1,Fast,0.7652472853660583,780,488
20,1,Fast,0.7419310212135315,955,448
20,1,Fast,0.6584423780441284,1160,752
20,1,Fast,0.6310708522796631,945,360
20,1,Fast,0.5792487263679504,940,314
20,1,Fast,0.4906364679336548,854,469
21,1,Fast,0.8252461552619934,886,446
21,1,Fast,0.7968350648880005,953,445
21,1,Fast,0.7865709662437439,780,490
21,1,Fast,0.7308613061904907,943,357
21,1,Fast,0.6321582198143005,1155,744
21,1,Fast,0.6185844540596008,940,312
21,1,Fast,0.4467134177684784,1375,1046
21,1,Fast,0.4297757148742676,854,473
22,1,Fast,0.8367443680763245,887,449
22,1,Fast,0.803311824798584,951,441
22,1,Fast,0.7922744154930115,1365,1039
22,1,Fast,0.7826933264732361,780,492
22,1,Fast,0.7529277205467224,942,354
22,1,Fast,0.7212326526641846,1151,738
22,1,Fast,0.7035281658172607,855,475
22,1,Fast,0.6113919615745544,940,311
23,1,Fast,0.8230555057525635,889,453
23,1,Fast,0.7890743613243103,941,352
23,1,Fast,0.7695568203926086,949,438
23,1,Fast,0.7562866806983948,780,494
23,1,Fast,0.7083894610404968,940,309
23,1,Fast,0.6765005588531494,1147,730
23,1,Fast,0.6307342648506165,855,478
24,1,Fast,0.8142415285110474,890,457
24,1,Fast,0.8111298680305481,939,349
24,1,Fast,0.7229642868041992,856,482
24,1,Fast,0.7143171429634094,947,435
24,1,Fast,0.7125924825668335,1349,1014
24,1,Fast,0.6697235107421875,940,307
24,1,Fast,0.6252396702766418,780,496
24,1,Fast,0.5872246026992798,1142,722
24,1,Fast,0.41689446568489075,973,416
25,1,Fast,0.8477672934532166,1340,1002
25,1,Fast,0.7983096241950989,890,461
25,1,Fast,0.7594876289367676,780,498
25,1,Fast,0.7489365935325623,938,346
25,1,Fast,0.7139731049537659,946,431
25,1,Fast,0.5752933025360107,857,485
25,1,Fast,0.5481224656105042,938,305
25,1,Fast,0.36879655718803406,971,413
25,1,Fast,0.3335237503051758,1138,715
26,1,Fast,0.834814190864563,1332,991
26,1,Fast,0.8322427868843079,892,465
26,1,Fast,0.7822920083999634,782,501
26,1,Fast,0.7582603693008423,937,343
26,1,Fast,0.7242459654808044,945,427
26,1,Fast,0.4954460859298706,938,304
26,1,Fast,0.4828718304634094,1133,709
26,1,Fast,0.4658834636211395,858,489
26,1,Fast,0.3806905746459961,971,410
27,1,Fast,0.8367542624473572,892,468
27,1,Fast,0.8260446190834045,1324,979
27,1,Fast,0.7647929787635803,858,492
27,1,Fast,0.7616678476333618,782,504
27,1,Fast,0.7066253423690796,943,424
27,1,Fast,0.6601685285568237,936,340
27,1,Fast,0.4312206506729126,937,302
27,1,Fast,0.3461974561214447,969,408
28,1,Fast,0.8499205708503723,893,473
28,1,Fast,0.8448284864425659,1316,968
28,1,Fast,0.7975962162017822,783,506
28,1,Fast,0.7098891735076904,859,495
28,1,Fast,0.5826178789138794,942,421
28,1,Fast,0.39784884452819824,935,338
29,1,Fast,0.8523527979850769,1309,957
29,1,Fast,0.8312984704971313,895,477
29,1,Fast,0.8138676285743713,783,509
29,1,Fast,0.7742798328399658,933,335
29,1,Fast,0.6647672653198242,941,417
29,1,Fast,0.6641141772270203,861,499
30,1,Fast,0.8234027028083801,897,481
30,1,Fast,0.8155626058578491,783,511
30,1,Fast,0.7141364812850952,932,333
30,1,Fast,0.644582211971283,1301,947
30,1,Fast,0.612193763256073,862,502
30,1,Fast,0.610618531703949,1116,680
30,1,Fast,0.6069908738136292,940,415
31,1,Fast,0.8320581316947937,898,485
31,1,Fast,0.7827954292297363,939,411
31,1,Fast,0.7555920481681824,783,513
31,1,Fast,0.6960061192512512,1294,937
31,1,Fast,0.6214727163314819,931,331
31,1,Fast,0.39854589104652405,1112,673
31,1,Fast,0.3319404125213623,863,505
32,1,Fast,0.840636670589447,900,489
32,1,Fast,0.812354564666748,783,515
32,1,Fast,0.747580349445343,938,408
32,1,Fast,0.703529953956604,930,328
32,1,Fast,0.7015393972396851,1286,926
32,1,Fast,0.6590028405189514,935,294
32,1,Fast,0.5255759358406067,1108,668
33,1,Fast,0.8517870306968689,901,493
33,1,Fast,0.7658923864364624,1279,916
33,1,Fast,0.7349295616149902,784,518
33,1,Fast,0.686828076839447,936,405
33,1,Fast,0.6570022106170654,1104,663
33,1,Fast,0.5533789396286011,935,292
33,1,Fast,0.49093204736709595,866,512
33,1,Fast,0.44817203283309937,930,326
34,1,Fast,0.8503791093826294,902,498
34,1,Fast,0.8149634599685669,1272,906
34,1,Fast,0.7554038166999817,935,402
34,1,Fast,0.7240501046180725,1101,657
34,1,Fast,0.6613823175430298,866,516
34,1,Fast,0.63360995054245,785,520
34,1,Fast,0.43731656670570374,935,290
34,1,Fast,0.4204959273338318,928,323
35,1,Fast,0.8452340364456177,904,502
35,1,Fast,0.8027575016021729,934,399
35,1,Fast,0.799429178237915,1266,897
35,1,Fast,0.6744979023933411,1097,651
35,1,Fast,0.6687539219856262,867,519
35,1,Fast,0.6261290907859802,785,522
35,1,Fast,0.4805479347705841,927,321
36,1,Fast,0.8527485132217407,905,507
36,1,Fast,0.8227594494819641,1260,887
36,1,Fast,0.8161554932594299,933,395
36,1,Fast,0.7986868619918823,868,523
36,1,Fast,0.6917995810508728,1095,645
36,1,Fast,0.6813192367553711,786,524
36,1,Fast,0.41850242018699646,935,287
36,1,Fast,0.40640705823898315,927,319
37,1,Fast,0.8549349308013916,907,511
37,1,Fast,0.8533649444580078,1254,879
37,1,Fast,0.8164920806884766,869,527
37,1,Fast,0.7831438779830933,932,393
37,1,Fast,0.7034137845039368,787,527
37,1,Fast,0.49814367294311523,926,318
38,1,Fast,0.8492308259010315,1247,869
38,1,Fast,0.841740071773529,909,516
38,1,Fast,0.8258376121520996,870,531
38,1,Fast,0.6914073824882507,788,529
38,1,Fast,0.6775906682014465,931,390
38,1,Fast,0.33168572187423706,1087,633
39,1,Fast,0.8423595428466797,871,535
39,1,Fast,0.8383062481880188,1241,859
39,1,Fast,0.8361760973930359,910,521
39,1,Fast,0.6930572390556335,930,387
39,1,Fast,0.6231287717819214,788,532
39,1,Fast,0.441779762506485,1083,627
40,1,Fast,0.8550998568534851,1235,851
40,1,Fast,0.8400230407714844,912,526
40,1,Fast,0.8166131377220154,872,538
40,1,Fast,0.7027735710144043,928,384
40,1,Fast,0.6041914224624634,786,534
40,1,Fast,0.5762625336647034,1080,622
40,1,Fast,0.34903234243392944,956,372
41,1,Fast,0.8644935488700867,1228,841
41,1,Fast,0.830883264541626,914,531
41,1,Fast,0.7855859994888306,928,380
41,1,Fast,0.7261019349098206,874,542
41,1,Fast,0.7078271508216858,788,536
41,1,Fast,0.586432158946991,922,307
41,1,Fast,0.36028942465782166,807,419
41,1,Fast,0.3041595220565796,1076,615
42,1,Fast,0.8542885780334473,1223,833
42,1,Fast,0.8348860740661621,916,536
42,1,Fast,0.7875413298606873,927,378
42,1,Fast,0.697769045829773,788,539
42,1,Fast,0.6071350574493408,876,546
42,1,Fast,0.5316135883331299,922,306
42,1,Fast,0.467588871717453,1073,610
42,1,Fast,0.4595254063606262,954,367
42,1,Fast,0.327140748500824,807,420
43,1,Fast,0.8468828797340393,918,541
43,1,Fast,0.7273401021957397,926,375
43,1,Fast,0.7187579274177551,789,542
43,1,Fast,0.6756643056869507,953,364
43,1,Fast,0.6658083200454712,1070,605
43,1,Fast,0.5445459485054016,877,550
43,1,Fast,0.5087893009185791,1217,826
43,1,Fast,0.4311594069004059,922,303
43,1,Fast,0.42564788460731506,1275,1012
43,1,Fast,0.3098118305206299,807,422
44,1,Fast,0.8394079208374023,919,546
44,1,Fast,0.7992537021636963,926,372
44,1,Fast,0.7545509934425354,790,545
44,1,Fast,0.699528694152832,1068,599
44,1,Fast,0.582926332950592,878,554
44,1,Fast,0.4901782274246216,952,361
44,1,Fast,0.4767285883426666,1212,817
44,1,Fast,0.39920374751091003,921,301
44,1,Fast,0.39198175072669983,1266,998
44,1,Fast,0.3532090187072754,807,424
45,1,Fast,0.8618568778038025,921,550
45,1,Fast,0.8078274726867676,925,369
45,1,Fast,0.7523291707038879,791,547
45,1,Fast,0.73753422498703,1064,595
45,1,Fast,0.6776785850524902,1206,808
45,1,Fast,0.6020821332931519,879,558
45,1,Fast,0.5838133692741394,953,357
45,1,Fast,0.43393200635910034,933,273
45,1,Fast,0.4175233244895935,1258,984
45,1,Fast,0.3242502212524414,920,298
46,1,Fast,0.85936039686203,923,555
46,1,Fast,0.8182159066200256,1200,800
46,1,Fast,0.8107017278671265,924,366
46,1,Fast,0.7754384875297546,792,550
46,1,Fast,0.7530203461647034,1061,590
46,1,Fast,0.7292596101760864,1381,1045
46,1,Fast,0.7251056432723999,880,562
46,1,Fast,0.70621258020401,951,356
46,1,Fast,0.5206541419029236,1248,970
46,1,Fast,0.44633373618125916,808,427
47,1,Fast,0.8429814577102661,925,561
47,1,Fast,0.8208425045013428,1196,792
47,1,Fast,0.8172870874404907,922,364
47,1,Fast,0.8172844052314758,882,566
47,1,Fast,0.7789431214332581,793,553
47,1,Fast,0.7156988382339478,950,354
47,1,Fast,0.6760278344154358,1059,584
47,1,Fast,0.6142868995666504,1371,1033
47,1,Fast,0.510692298412323,1239,957
48,1,Fast,0.8822575211524963,1191,784
48,1,Fast,0.8536489009857178,928,566
48,1,Fast,0.8233603239059448,883,570
48,1,Fast,0.7839978337287903,792,555
48,1,Fast,0.7684030532836914,922,361
48,1,Fast,0.6949938535690308,950,351
48,1,Fast,0.5914211869239807,1231,944
48,1,Fast,0.47007137537002563,808,431
48,1,Fast,0.4643419682979584,1363,1018
49,1,Fast,0.8574076294898987,929,572
49,1,Fast,0.8123578429222107,884,575
49,1,Fast,0.7839237451553345,921,358
49,1,Fast,0.7731921076774597,1188,778
49,1,Fast,0.7533795237541199,792,558
49,1,Fast,0.5474118590354919,949,350
49,1,Fast,0.47517669200897217,1223,930
49,1,Fast,0.4340447187423706,808,432
50,1,Fast,0.8444461226463318,931,577
50,1,Fast,0.8395439386367798,886,579
50,1,Fast,0.8086612820625305,921,356
50,1,Fast,0.7883783578872681,1182,771
50,1,Fast,0.7634656429290771,1214,918
50,1,Fast,0.7155672907829285,794,561
50,1,Fast,0.6220852136611938,948,348
50,1,Fast,0.5540871024131775,808,434
50,1,Fast,0.5326734781265259,1343,993
50,1,Fast,0.43945392966270447,1050,570
51,1,Fast,0.8664502501487732,933,582
51,1,Fast,0.8567807078361511,886,584
51,1,Fast,0.8379323482513428,1177,762
51,1,Fast,0.8183409571647644,920,354
51,1,Fast,0.7445136308670044,1334,981
51,1,Fast,0.6153538227081299,793,564
51,1,Fast,0.5966812372207642,1208,906
51,1,Fast,0.5127345323562622,1047,565
51,1,Fast,0.494430810213089,808,435
52,1,Fast,0.8693675994873047,935,588
52,1,Fast,0.8606800436973572,888,588
52,1,Fast,0.8246528506278992,1172,755
52,1,Fast,0.7973145246505737,919,351
52,1,Fast,0.7131558060646057,1201,894
52,1,Fast,0.7127047777175903,1325,968
52,1,Fast,0.6417109966278076,1044,560
52,1,Fast,0.5752028822898865,808,437
52,1,Fast,0.47092193365097046,795,568
53,1,Fast,0.8597086668014526,938,594
53,1,Fast,0.8543674945831299,890,592
53,1,Fast,0.7816875576972961,918,348
53,1,Fast,0.7718787789344788,1167,748
53,1,Fast,0.6550490856170654,1316,956
53,1,Fast,0.6550255417823792,945,341
53,1,Fast,0.6512976884841919,809,439
53,1,Fast,0.555231511592865,1194,883
53,1,Fast,0.5175065994262695,795,571
53,1,Fast,0.4105028510093689,1042,555
54,1,Fast,0.8640441298484802,941,601
54,1,Fast,0.8601656556129456,891,598
54,1,Fast,0.8011574745178223,1162,741
54,1,Fast,0.7671757936477661,1307,945
54,1,Fast,0.7437286376953125,917,345
54,1,Fast,0.7169075608253479,1187,872
54,1,Fast,0.6149562001228333,945,339
54,1,Fast,0.6062776446342468,796,574
54,1,Fast,0.5689949989318848,809,440
54,1,Fast,0.47840315103530884,1040,551
55,1,Fast,0.8490546345710754,944,607
55,1,Fast,0.7974311709403992,1158,734
55,1,Fast,0.7680431008338928,893,603
55,1,Fast,0.7641987204551697,1180,861
55,1,Fast,0.761962890625,916,343
55,1,Fast,0.7549970149993896,1299,935
55,1,Fast,0.740056574344635,797,576
55,1,Fast,0.5344359874725342,1037,547
55,1,Fast,0.5225439071655273,809,442
56,1,Fast,0.8637199401855469,947,613
56,1,Fast,0.7883837223052979,894,608
56,1,Fast,0.7745289206504822,1291,923
56,1,Fast,0.7616503238677979,916,340
56,1,Fast,0.7152243852615356,1174,851
56,1,Fast,0.684128999710083,798,579
56,1,Fast,0.6003723740577698,809,444
56,1,Fast,0.5894621014595032,1154,728
56,1,Fast,0.5663497447967529,1035,542
56,1,Fast,0.35842058062553406,943,333
57,1,Fast,0.8686234951019287,948,619
57,1,Fast,0.8030730485916138,896,611
57,1,Fast,0.7532644867897034,1150,720
57,1,Fast,0.7458292841911316,915,337
57,1,Fast,0.7404163479804993,798,582
57,1,Fast,0.7187421321868896,808,446
57,1,Fast,0.6193262338638306,1168,840
57,1,Fast,0.6005576848983765,1033,537
57,1,Fast,0.4656190574169159,1283,912
58,1,Fast,0.8644741177558899,952,626
58,1,Fast,0.8107547163963318,898,617
58,1,Fast,0.7716345191001892,1161,829
58,1,Fast,0.7675632834434509,797,585
58,1,Fast,0.6927735805511475,809,448
58,1,Fast,0.6832537651062012,1275,901
58,1,Fast,0.6652374863624573,915,335
58,1,Fast,0.6443330645561218,1030,532
58,1,Fast,0.6222091913223267,1145,713
59,1,Fast,0.8800339102745056,954,632
59,1,Fast,0.8031418919563293,900,621
59,1,Fast,0.801054835319519,1268,890
59,1,Fast,0.7732666730880737,797,587
59,1,Fast,0.7282256484031677,1141,706
59,1,Fast,0.7273663282394409,1029,527
59,1,Fast,0.6778462529182434,1155,819
59,1,Fast,0.57410728931427,915,333
59,1,Fast,0.539614200592041,809,450
59,1,Fast,0.34993797540664673,942,327
60,1,Fast,0.8719004392623901,957,638
60,1,Fast,0.858021080493927,1137,700
60,1,Fast,0.8534528017044067,902,626
60,1,Fast,0.7709352970123291,799,591
60,1,Fast,0.6731224656105042,941,325
60,1,Fast,0.6655480861663818,913,331
60,1,Fast,0.6417787671089172,1150,810
60,1,Fast,0.6364983320236206,1026,524
60,1,Fast,0.5559725165367126,1263,882
60,1,Fast,0.48629364371299744,809,452
61,1,Fast,0.8719873428344727,959,645
61,1,Fast,0.8434160947799683,903,631
61,1,Fast,0.8371911644935608,1135,695
61,1,Fast,0.7912430763244629,1023,520
61,1,Fast,0.6616799831390381,799,594
61,1,Fast,0.651287317276001,1255,871
61,1,Fast,0.6469330191612244,913,329
61,1,Fast,0.6320351362228394,1143,799
61,1,Fast,0.5202668309211731,941,323
61,1,Fast,0.5011539459228516,809,454
62,1,Fast,0.8642167448997498,962,652
62,1,Fast,0.8501583933830261,905,636
62,1,Fast,0.7996550798416138,1021,516
62,1,Fast,0.7750189900398254,1139,790
62,1,Fast,0.7732706069946289,1247,861
62,1,Fast,0.7383887767791748,1130,689
62,1,Fast,0.6402831673622131,912,327
62,1,Fast,0.46764370799064636,940,321
62,1,Fast,0.41233697533607483,803,598
62,1,Fast,0.39169037342071533,810,456
63,1,Fast,0.8696359992027283,965,660
63,1,Fast,0.8533345460891724,907,642
63,1,Fast,0.7743752002716064,1239,851
63,1,Fast,0.6518298983573914,913,325
63,1,Fast,0.6213719844818115,1019,513
63,1,Fast,0.6118378043174744,1133,781
63,1,Fast,0.474618136882782,1126,683
63,1,Fast,0.39861375093460083,910,264
64,1,Fast,0.8666327595710754,908,648
64,1,Fast,0.8568043112754822,968,667
64,1,Fast,0.7771373391151428,1128,772
64,1,Fast,0.7769331932067871,1122,676
64,1,Fast,0.7521477341651917,1233,842
64,1,Fast,0.7292411923408508,1017,508
64,1,Fast,0.6841185092926025,807,605
64,1,Fast,0.675127387046814,912,322
64,1,Fast,0.39018741250038147,790,501
65,1,Fast,0.86311936378479,972,674
65,1,Fast,0.8625010251998901,910,652
65,1,Fast,0.8345364928245544,1227,832
65,1,Fast,0.7859510183334351,1121,763
65,1,Fast,0.7553918361663818,1015,504
65,1,Fast,0.7270767092704773,912,320
65,1,Fast,0.7120382189750671,1118,671
65,1,Fast,0.6441699862480164,791,503
65,1,Fast,0.5806048512458801,807,608
65,1,Fast,0.3285352289676666,910,261
66,1,Fast,0.8729283809661865,912,659
66,1,Fast,0.8595228791236877,974,682
66,1,Fast,0.8223909139633179,1013,500
66,1,Fast,0.7336557507514954,808,611
66,1,Fast,0.7115006446838379,1114,664
66,1,Fast,0.711419939994812,911,318
66,1,Fast,0.4778009057044983,910,259
66,1,Fast,0.4659035801887512,1220,824
66,1,Fast,0.3788285553455353,1117,754
67,1,Fast,0.8644259572029114,978,689
67,1,Fast,0.8558288216590881,914,664
67,1,Fast,0.7979304194450378,1011,496
67,1,Fast,0.7694567441940308,1214,815
67,1,Fast,0.762442409992218,911,315
67,1,Fast,0.7283194065093994,809,615
67,1,Fast,0.6059220433235168,938,310
67,1,Fast,0.6007214784622192,1110,659
67,1,Fast,0.40907207131385803,1111,745
67,1,Fast,0.3341294825077057,812,465
68,1,Fast,0.8577503561973572,981,696
68,1,Fast,0.844223141670227,916,669
68,1,Fast,0.8164252638816833,1009,492
68,1,Fast,0.7045664191246033,1207,806
68,1,Fast,0.6609267592430115,911,313
68,1,Fast,0.6188321709632874,809,618
68,1,Fast,0.5778897404670715,937,308
68,1,Fast,0.5640583634376526,1105,736
68,1,Fast,0.5256996154785156,812,467
68,1,Fast,0.48801806569099426,1106,653
69,1,Fast,0.8647392392158508,919,676
69,1,Fast,0.8619229197502136,984,704
69,1,Fast,0.8299744129180908,1007,489
69,1,Fast,0.81644606590271,1201,797
69,1,Fast,0.7991035580635071,1103,648
69,1,Fast,0.6041697263717651,810,622
69,1,Fast,0.5707842111587524,812,469
69,1,Fast,0.45300519466400146,910,311
70,1,Fast,0.8735847473144531,988,712
70,1,Fast,0.8605365753173828,921,681
70,1,Fast,0.8518849015235901,1196,787
70,1,Fast,0.774377167224884,1006,484
70,1,Fast,0.7393981218338013,1099,642
70,1,Fast,0.6476245522499084,813,471
70,1,Fast,0.6152163147926331,909,309
70,1,Fast,0.5944382548332214,1095,719
70,1,Fast,0.5607925057411194,812,626
71,1,Fast,0.862414538860321,1192,781
71,1,Fast,0.8515679836273193,991,720
71,1,Fast,0.8493168354034424,923,686
71,1,Fast,0.7042745351791382,1004,481
71,1,Fast,0.655302882194519,812,630
71,1,Fast,0.6066291332244873,1097,637
71,1,Fast,0.4956587553024292,909,307
71,1,Fast,0.4823191165924072,812,474
72,1,Fast,0.8519768118858337,925,691
72,1,Fast,0.8452017307281494,996,729
72,1,Fast,0.7844505310058594,1185,772
72,1,Fast,0.7321843504905701,1001,477
72,1,Fast,0.7297280430793762,813,633
72,1,Fast,0.7118481397628784,1087,702
72,1,Fast,0.6887009143829346,1094,632
72,1,Fast,0.6400617361068726,812,476
72,1,Fast,0.40297043323516846,792,518
72,1,Fast,0.39020782709121704,910,305
73,1,Fast,0.8612629175186157,926,697
73,1,Fast,0.8574559092521667,1000,737
73,1,Fast,0.7980497479438782,999,473
73,1,Fast,0.7494732737541199,1178,764
73,1,Fast,0.6436063051223755,813,477
73,1,Fast,0.6082143783569336,814,636
73,1,Fast,0.5808216333389282,1090,626
73,1,Fast,0.3119974136352539,909,303
74,1,Fast,0.8666529059410095,1004,747
74,1,Fast,0.861031174659729,929,704
74,1,Fast,0.8091086745262146,998,469
74,1,Fast,0.7374791502952576,1172,756
74,1,Fast,0.5885233879089355,813,479
74,1,Fast,0.5507007241249084,815,640
74,1,Fast,0.4094027280807495,1087,621
75,1,Fast,0.8767027854919434,1008,755
75,1,Fast,0.8656161427497864,931,710
75,1,Fast,0.8245749473571777,1167,748
75,1,Fast,0.7884804606437683,996,466
75,1,Fast,0.7502132058143616,815,643
75,1,Fast,0.7471480369567871,793,526
75,1,Fast,0.5748660564422607,934,295
75,1,Fast,0.5267160534858704,813,481
75,1,Fast,0.47074076533317566,1083,616
76,1,Fast,0.8734127283096313,1013,765
76,1,Fast,0.8542283773422241,934,717
76,1,Fast,0.817437469959259,1161,741
76,1,Fast,0.786238431930542,994,463
76,1,Fast,0.6577621698379517,1079,610
76,1,Fast,0.6491367220878601,934,294
76,1,Fast,0.6463333368301392,816,647
76,1,Fast,0.44381794333457947,813,483
76,1,Fast,0.3625049293041229,1069,673
76,1,Fast,0.35186317563056946,909,297
77,1,Fast,0.8667611479759216,936,723
77,1,Fast,0.8635150194168091,1016,775
77,1,Fast,0.7954676151275635,993,460
77,1,Fast,0.7695028781890869,1077,606
77,1,Fast,0.7299543619155884,1157,733
77,1,Fast,0.663030207157135,818,650
77,1,Fast,0.30476298928260803,813,485
78,1,Fast,0.8802010416984558,1020,784
78,1,Fast,0.86539626121521,938,729
78,1,Fast,0.7678747177124023,992,456
78,1,Fast,0.674950361251831,1074,601
78,1,Fast,0.5234504342079163,1152,725
78,1,Fast,0.3589429259300232,908,293
78,1,Fast,0.3389199674129486,934,290
79,1,Fast,0.8805503845214844,941,736
79,1,Fast,0.8771687150001526,1025,795
79,1,Fast,0.6776265501976013,990,453
79,1,Fast,0.3680790960788727,933,288
79,1,Fast,0.36387112736701965,821,659
80,1,Fast,0.8772317171096802,1030,804
80,1,Fast,0.8765365481376648,944,743
80,1,Fast,0.6960127949714661,988,451
80,1,Fast,0.45472803711891174,907,289
80,1,Fast,0.4048912525177002,1069,591
80,1,Fast,0.3537087142467499,934,286
80,1,Fast,0.33268746733665466,822,663
81,1,Fast,0.8875207304954529,1035,815
81,1,Fast,0.883104681968689,946,750
81,1,Fast,0.743140697479248,987,446
81,1,Fast,0.6616575121879578,1138,702
81,1,Fast,0.41713979840278625,908,287
81,1,Fast,0.3486618101596832,815,495
82,1,Fast,0.8874838352203369,949,757
82,1,Fast,0.8858981728553772,1039,825
82,1,Fast,0.8021984696388245,986,443
82,1,Fast,0.6948000192642212,1135,697
82,1,Fast,0.6766157150268555,815,497
82,1,Fast,0.49322912096977234,1049,633
82,1,Fast,0.4928031265735626,1064,581
82,1,Fast,0.3464341461658478,822,671
82,1,Fast,0.30988603830337524,907,285
83,1,Fast,0.8837556838989258,952,764
83,1,Fast,0.8833932876586914,1044,835
83,1,Fast,0.7854040861129761,985,440
83,1,Fast,0.7703882455825806,1130,690
83,1,Fast,0.6936636567115784,816,499
83,1,Fast,0.6762468814849854,1061,577
83,1,Fast,0.6188809871673584,823,675
83,1,Fast,0.33992308378219604,796,548
83,1,Fast,0.30403682589530945,1045,626
84,1,Fast,0.8899312615394592,1049,847
84,1,Fast,0.8850979804992676,954,771
84,1,Fast,0.8178150057792664,1124,683
84,1,Fast,0.7837485671043396,983,438
84,1,Fast,0.7808864712715149,825,679
84,1,Fast,0.6451921463012695,816,502
84,1,Fast,0.5412753224372864,1041,620
84,1,Fast,0.5214043259620667,1058,572
84,1,Fast,0.47613325715065,796,550
84,1,Fast,0.46439769864082336,907,282
85,1,Fast,0.8876422643661499,1055,858
85,1,Fast,0.8767271637916565,957,779
85,1,Fast,0.6991673707962036,1120,677
85,1,Fast,0.6552047729492188,982,434
85,1,Fast,0.650510847568512,797,554
85,1,Fast,0.5767994523048401,824,683
85,1,Fast,0.5737156867980957,816,504
85,1,Fast,0.5201802253723145,907,280
86,1,Fast,0.8847354054450989,1060,869
86,1,Fast,0.8808485865592957,960,787
86,1,Fast,0.7053075432777405,979,432
86,1,Fast,0.5913019180297852,797,557
86,1,Fast,0.4911525249481201,816,506
86,1,Fast,0.44819319248199463,907,278
86,1,Fast,0.38440966606140137,824,687
87,1,Fast,0.8948737978935242,1066,881
87,1,Fast,0.8781441450119019,962,795
87,1,Fast,0.7863380312919617,978,429
87,1,Fast,0.5251110196113586,817,507
87,1,Fast,0.5127655267715454,1031,601
87,1,Fast,0.5018142461776733,1112,664
87,1,Fast,0.4799935221672058,1050,559
88,1,Fast,0.8875485062599182,1072,893
88,1,Fast,0.8769765496253967,965,803
88,1,Fast,0.6243758201599121,977,425
88,1,Fast,0.47762173414230347,818,509
88,1,Fast,0.3041037321090698,1047,555
89,1,Fast,0.8848969340324402,1078,906
89,1,Fast,0.8787199854850769,968,811
89,1,Fast,0.617584228515625,976,422
89,1,Fast,0.4536442458629608,818,513
89,1,Fast,0.4285741150379181,858,283
90,1,Fast,0.8962172865867615,1083,919
90,1,Fast,0.8825082182884216,971,819
90,1,Fast,0.7208302617073059,818,517
90,1,Fast,0.6213098168373108,975,419
90,1,Fast,0.4012196362018585,858,284
91,1,Fast,0.8984778523445129,1089,931
91,1,Fast,0.8931429982185364,975,825
91,1,Fast,0.7755756378173828,818,519
91,1,Fast,0.5896372199058533,1040,542
91,1,Fast,0.47232887148857117,858,286
91,1,Fast,0.4396611452102661,1020,578
91,1,Fast,0.4063028395175934,973,416
91,1,Fast,0.36535704135894775,834,710
91,1,Fast,0.3046490252017975,1097,639
92,1,Fast,0.9050241112709045,1095,944
92,1,Fast,0.8977973461151123,978,834
92,1,Fast,0.7772981524467468,818,520
92,1,Fast,0.7712528109550476,972,413
92,1,Fast,0.6481580138206482,1094,633
92,1,Fast,0.5780851244926453,835,715
92,1,Fast,0.41316497325897217,859,288
93,1,Fast,0.8978251814842224,1102,957
93,1,Fast,0.8937827944755554,981,841
93,1,Fast,0.7277862429618835,972,409
93,1,Fast,0.6529862284660339,1090,628
93,1,Fast,0.6325570344924927,819,522
93,1,Fast,0.41812559962272644,1035,532
94,1,Fast,0.8992000818252563,1109,971
94,1,Fast,0.8985500335693359,984,851
94,1,Fast,0.7783492207527161,971,407
94,1,Fast,0.5549109578132629,820,524
94,1,Fast,0.4315742552280426,1084,622
95,1,Fast,0.8971335887908936,989,859
95,1,Fast,0.8951335549354553,1116,986
95,1,Fast,0.7220103144645691,969,404
95,1,Fast,0.710055947303772,1081,617
95,1,Fast,0.6074275970458984,820,526
95,1,Fast,0.5747663378715515,1007,557
96,1,Fast,0.9062929153442383,993,867
96,1,Fast,0.8955103158950806,1123,1001
96,1,Fast,0.807041585445404,1078,611
96,1,Fast,0.7633094191551208,968,402
96,1,Fast,0.6073909401893616,821,528
97,1,Fast,0.8938117027282715,996,876
97,1,Fast,0.8891969919204712,1130,1016
97,1,Fast,0.7655659914016724,1075,606
97,1,Fast,0.7108302712440491,966,399
97,1,Fast,0.6857209205627441,822,530
97,1,Fast,0.4592205882072449,1003,546
98,1,Fast,0.8916486501693726,999,887
98,1,Fast,0.8834830522537231,1139,1031
98,1,Fast,0.6650588512420654,965,397
98,1,Fast,0.6176496148109436,822,532
99,1,Fast,0.8862365484237671,1004,897
99,1,Fast,0.814742386341095,1149,1042
99,1,Fast,0.638668954372406,964,393
99,1,Fast,0.6041247844696045,822,535
99,1,Fast,0.5205471515655518,845,750
100,1,Fast,0.8841786980628967,1007,908
100,1,Fast,0.7455196380615234,963,391
100,1,Fast,0.7046073079109192,1156,1050
100,1,Fast,0.644352912902832,823,537
100,1,Fast,0.523386538028717,996,531
100,1,Fast,0.48163023591041565,846,756
101,1,Fast,0.8799121379852295,1011,917
101,1,Fast,0.754369854927063,847,761
101,1,Fast,0.6527097821235657,1167,1058
101,1,Fast,0.565970242023468,963,388
101,1,Fast,0.4827238917350769,824,538
101,1,Fast,0.35215523838996887,994,525
101,1,Fast,0.340910404920578,809,604
102,1,Fast,0.877959668636322,1014,926
102,1,Fast,0.7749189138412476,961,386
102,1,Fast,0.7230238318443298,992,521
102,1,Fast,0.6068018078804016,824,541
102,1,Fast,0.4077495038509369,848,766
102,1,Fast,0.3949238061904907,809,607
103,1,Fast,0.8851171731948853,1019,936
103,1,Fast,0.73478764295578,824,544
103,1,Fast,0.684508740901947,961,383
103,1,Fast,0.5517997145652771,989,516
103,1,Fast,0.31775230169296265,810,610
104,1,Fast,0.9002541899681091,1022,944
104,1,Fast,0.7375456094741821,825,546
104,1,Fast,0.6396832466125488,961,380
105,1,Fast,0.8968401551246643,1027,954
105,1,Fast,0.684999942779541,812,617
105,1,Fast,0.6070743203163147,825,548
105,1,Fast,0.5996847748756409,959,379
105,1,Fast,0.5424102544784546,852,786
105,1,Fast,0.5078414082527161,985,508
105,1,Fast,0.3346134424209595,1050,565
106,1,Fast,0.8970372676849365,1032,965
106,1,Fast,0.7307064533233643,812,621
106,1,Fast,0.7265050411224365,853,790
106,1,Fast,0.6733680963516235,826,550
106,1,Fast,0.5679356455802917,1047,561
106,1,Fast,0.4965055286884308,982,503
106,1,Fast,0.4489646553993225,1011,484
106,1,Fast,0.32541918754577637,958,376
107,1,Fast,0.9000604748725891,1036,975
107,1,Fast,0.8266669511795044,980,499
107,1,Fast,0.7611529231071472,1043,556
107,1,Fast,0.7507908344268799,856,795
107,1,Fast,0.5200640559196472,827,552
107,1,Fast,0.43723633885383606,1008,480
107,1,Fast,0.4140860438346863,957,373
108,1,Fast,0.9000853300094604,1041,986
108,1,Fast,0.8656564950942993,1041,550
108,1,Fast,0.7234717011451721,979,495
108,1,Fast,0.6421715021133423,827,555
108,1,Fast,0.6198974251747131,858,801
109,1,Fast,0.8995994925498962,1047,998
109,1,Fast,0.880408525466919,1038,546
109,1,Fast,0.8407718539237976,977,491
109,1,Fast,0.7881776094436646,1005,475
109,1,Fast,0.6379709839820862,828,557
109,1,Fast,0.574558436870575,859,806
109,1,Fast,0.3862092196941376,815,632
110,1,Fast,0.8986497521400452,1052,1010
110,1,Fast,0.8078346252441406,975,486
110,1,Fast,0.6848036050796509,861,812
110,1,Fast,0.6730057597160339,1003,472
110,1,Fast,0.3999007046222687,1035,542
111,1,Fast,0.9005599617958069,1057,1022
111,1,Fast,0.7631360292434692,1001,468
111,1,Fast,0.6933861374855042,974,481
111,1,Fast,0.6717944741249084,863,817
111,1,Fast,0.5363339781761169,829,563
112,1,Fast,0.887584924697876,1062,1034
112,1,Fast,0.6893680691719055,1000,465
112,1,Fast,0.6346514225006104,971,478
112,1,Fast,0.6076499819755554,865,823
112,1,Fast,0.43977412581443787,829,565
113,1,Fast,0.8700649738311768,1068,1043
113,1,Fast,0.6218746900558472,867,830
113,1,Fast,0.6082486510276794,969,474
113,1,Fast,0.5085142850875854,818,646
113,1,Fast,0.4799732565879822,830,567
113,1,Fast,0.40102672576904297,999,462
114,1,Fast,0.8293646574020386,1075,1048
114,1,Fast,0.7112770080566406,967,470
114,1,Fast,0.6590240001678467,869,837
114,1,Fast,0.5272663831710815,831,570
114,1,Fast,0.46653348207473755,952,356
114,1,Fast,0.3562900424003601,997,458
114,1,Fast,0.31377974152565,818,649
115,1,Fast,0.8073506355285645,1082,1055
115,1,Fast,0.7064905166625977,871,843
115,1,Fast,0.6466162204742432,831,573
115,1,Fast,0.6413342356681824,951,354
115,1,Fast,0.40671950578689575,965,466
116,1,Fast,0.7360361218452454,1088,1061
116,1,Fast,0.7101294994354248,964,462
116,1,Fast,0.6771190762519836,831,576
116,1,Fast,0.6660879850387573,874,850
116,1,Fast,0.5121960639953613,951,352
116,1,Fast,0.4795284569263458,1021,515
117,1,Fast,0.8082208037376404,962,458
117,1,Fast,0.7133631706237793,833,578
117,1,Fast,0.6434870362281799,993,449
117,1,Fast,0.6242680549621582,950,349
117,1,Fast,0.6180035471916199,1017,511
117,1,Fast,0.5398774147033691,1099,1068
117,1,Fast,0.3656238615512848,861,332
118,1,Fast,0.8412429690361023,992,445
118,1,Fast,0.8089303970336914,961,454
118,1,Fast,0.7240651845932007,833,580
118,1,Fast,0.54261314868927,1015,507
118,1,Fast,0.48935478925704956,949,348
118,1,Fast,0.4149502217769623,877,863
119,1,Fast,0.8533763885498047,991,443
119,1,Fast,0.7695866227149963,960,451
119,1,Fast,0.7521284818649292,1013,502
119,1,Fast,0.712901771068573,834,584
119,1,Fast,0.4225905239582062,948,345
119,1,Fast,0.37175795435905457,823,671
119,1,Fast,0.31928157806396484,879,869
120,1,Fast,0.861226499080658,1010,499
120,1,Fast,0.8423111438751221,990,441
120,1,Fast,0.7868402600288391,958,447
120,1,Fast,0.7662109732627869,1470,1057
120,1,Fast,0.7594817280769348,825,674
120,1,Fast,0.7526352405548096,835,586
120,1,Fast,0.47861355543136597,882,875
120,1,Fast,0.3360846936702728,948,343
121,1,Fast,0.8500744700431824,1457,1051
121,1,Fast,0.8314512372016907,989,438
121,1,Fast,0.8136569857597351,957,444
121,1,Fast,0.7862444519996643,824,678
121,1,Fast,0.7578713297843933,883,883
121,1,Fast,0.7357327342033386,836,589
121,1,Fast,0.3149868845939636,1008,495
122,1,Fast,0.8258461356163025,955,440
122,1,Fast,0.8246949911117554,1448,1041
122,1,Fast,0.8174265027046204,825,682
122,1,Fast,0.781980574131012,988,436
122,1,Fast,0.7532029747962952,1005,491
122,1,Fast,0.7107106447219849,836,592
123,1,Fast,0.8570954203605652,1441,1030
123,1,Fast,0.8158824443817139,986,432
123,1,Fast,0.806858241558075,954,438
123,1,Fast,0.7438245415687561,837,595
123,1,Fast,0.5905336141586304,826,686
123,1,Fast,0.3208003044128418,1004,487
124,1,Fast,0.8381422758102417,985,431
124,1,Fast,0.8369680047035217,1433,1020
124,1,Fast,0.8071874380111694,952,433
124,1,Fast,0.6708323955535889,1001,484
124,1,Fast,0.6604299545288086,838,598
124,1,Fast,0.566870391368866,828,692
125,1,Fast,0.8522163033485413,1424,1009
125,1,Fast,0.8463583588600159,951,430
125,1,Fast,0.8401129245758057,984,427
125,1,Fast,0.6356428265571594,839,602
125,1,Fast,0.5143055319786072,865,354
125,1,Fast,0.4109732210636139,894,910
126,1,Fast,0.8353437781333923,950,426
126,1,Fast,0.8231956958770752,1417,1000
126,1,Fast,0.7678694128990173,982,423
126,1,Fast,0.6310673356056213,832,701
126,1,Fast,0.5890599489212036,840,604
127,1,Fast,0.8279599547386169,949,423
127,1,Fast,0.7679030299186707,1409,990
127,1,Fast,0.7636483311653137,981,421
127,1,Fast,0.735689640045166,833,706
127,1,Fast,0.6111735105514526,840,607
127,1,Fast,0.3787980377674103,899,925
128,1,Fast,0.8342344760894775,1403,981
128,1,Fast,0.8254269957542419,980,418
128,1,Fast,0.8159843683242798,833,710
128,1,Fast,0.7978073954582214,993,469
128,1,Fast,0.7118649482727051,948,420
128,1,Fast,0.5693483352661133,841,610
128,1,Fast,0.3444768190383911,866,361
128,1,Fast,0.32452476024627686,901,931
129,1,Fast,0.8528146147727966,979,416
129,1,Fast,0.8182689547538757,947,416
129,1,Fast,0.8035479784011841,1394,970
129,1,Fast,0.7699152231216431,992,466
129,1,Fast,0.6571702361106873,842,613
129,1,Fast,0.6328105926513672,835,716
129,1,Fast,0.462831050157547,903,940
129,1,Fast,0.36302125453948975,866,363
130,1,Fast,0.8468426465988159,1388,962
130,1,Fast,0.8365712761878967,977,413
130,1,Fast,0.828350305557251,990,462
130,1,Fast,0.8001402020454407,946,412
130,1,Fast,0.6937028169631958,836,721
130,1,Fast,0.6496244072914124,906,947
130,1,Fast,0.6157947778701782,843,616
130,1,Fast,0.36803296208381653,866,366
131,1,Fast,0.8423720002174377,1380,953
131,1,Fast,0.8279892802238464,976,410
131,1,Fast,0.8132636547088623,988,458
131,1,Fast,0.8109554052352905,944,410
131,1,Fast,0.6425076127052307,844,618
131,1,Fast,0.5935356616973877,866,369
131,1,Fast,0.44943591952323914,838,724
132,1,Fast,0.8525170087814331,1373,944
132,1,Fast,0.8250806331634521,943,408
132,1,Fast,0.8179189562797546,975,408
132,1,Fast,0.7821900248527527,987,455
132,1,Fast,0.7108858823776245,911,962
132,1,Fast,0.6995084285736084,845,622
132,1,Fast,0.5613176822662354,867,372
133,1,Fast,0.8542472720146179,914,970
133,1,Fast,0.8473442196846008,1367,936
133,1,Fast,0.8452733755111694,984,452
133,1,Fast,0.7745093107223511,942,404
133,1,Fast,0.7609298825263977,974,405
133,1,Fast,0.654357373714447,846,625
133,1,Fast,0.617572546005249,867,375
134,1,Fast,0.8452911972999573,1360,927
134,1,Fast,0.8442583084106445,917,979
134,1,Fast,0.7971948385238647,941,402
134,1,Fast,0.74821537733078,973,402
134,1,Fast,0.6272178888320923,868,377
134,1,Fast,0.5128613114356995,983,448
134,1,Fast,0.33255666494369507,847,628
135,1,Fast,0.8549900054931641,1353,918
135,1,Fast,0.8309928178787231,920,988
135,1,Fast,0.7885685563087463,972,400
135,1,Fast,0.7490952610969543,940,398
135,1,Fast,0.6651104688644409,982,445
135,1,Fast,0.6437200307846069,869,380
136,1,Fast,0.8337041735649109,1347,909
136,1,Fast,0.8170335292816162,979,442
136,1,Fast,0.7979302406311035,971,397
136,1,Fast,0.7766222953796387,870,383
136,1,Fast,0.5395511984825134,940,394
136,1,Fast,0.47817572951316833,844,752
136,1,Fast,0.3840775191783905,849,635
137,1,Fast,0.8699001669883728,1342,901
137,1,Fast,0.8217509388923645,977,438
137,1,Fast,0.8123255968093872,970,395
137,1,Fast,0.8011907339096069,870,385
137,1,Fast,0.6040472388267517,940,391
137,1,Fast,0.4747324585914612,849,638
137,1,Fast,0.43305259943008423,845,758
138,1,Fast,0.8450632095336914,969,393
138,1,Fast,0.8420745134353638,1335,894
138,1,Fast,0.8009458780288696,871,388
138,1,Fast,0.7243027687072754,976,436
138,1,Fast,0.5615788102149963,938,388
138,1,Fast,0.4463990032672882,850,641
138,1,Fast,0.4289248287677765,846,763
139,1,Fast,0.8320741653442383,1329,885
139,1,Fast,0.823196291923523,973,433
139,1,Fast,0.8158175349235535,968,391
139,1,Fast,0.722093939781189,871,391
139,1,Fast,0.6651813983917236,936,386
139,1,Fast,0.5148907899856567,852,645
139,1,Fast,0.37837061285972595,848,768
140,1,Fast,0.8341665863990784,935,383
140,1,Fast,0.8326686024665833,966,388
140,1,Fast,0.8007358312606812,871,393
140,1,Fast,0.746319591999054,1323,878
140,1,Fast,0.725924551486969,971,429
140,1,Fast,0.3894369900226593,852,648
141,1,Fast,0.8357663750648499,966,385
141,1,Fast,0.8344651460647583,871,396
141,1,Fast,0.8198618292808533,934,380
141,1,Fast,0.8062240481376648,1318,871
141,1,Fast,0.6350840330123901,970,426
141,1,Fast,0.5895149111747742,853,652
142,1,Fast,0.8445884585380554,872,398
142,1,Fast,0.8305284976959229,965,382
142,1,Fast,0.7941197156906128,932,377
142,1,Fast,0.6992051005363464,1313,863
142,1,Fast,0.49928998947143555,969,423
142,1,Fast,0.3700839877128601,854,655
143,1,Fast,0.8367323279380798,873,401
143,1,Fast,0.8279950022697449,964,380
143,1,Fast,0.7854246497154236,1306,855
143,1,Fast,0.7412739992141724,931,373
143,1,Fast,0.6311990022659302,967,420
143,1,Fast,0.6222959756851196,856,793
143,1,Fast,0.6152529120445251,855,659
144,1,Fast,0.8260700702667236,873,404
144,1,Fast,0.8215656280517578,1300,847
144,1,Fast,0.8186028599739075,963,378
144,1,Fast,0.8163376450538635,966,417
144,1,Fast,0.6915717720985413,931,371
144,1,Fast,0.6154235601425171,856,663
145,1,Fast,0.83498615026474,874,407
145,1,Fast,0.8264955282211304,964,415
145,1,Fast,0.7667919993400574,1296,840
145,1,Fast,0.7406569719314575,856,668
145,1,Fast,0.7369738817214966,962,375
145,1,Fast,0.6583106517791748,930,368
145,1,Fast,0.5965874791145325,857,805
145,1,Fast,0.49736836552619934,839,395
146,1,Fast,0.8594592809677124,874,411
146,1,Fast,0.8238852024078369,1289,833
146,1,Fast,0.8026930689811707,857,671
146,1,Fast,0.7845564484596252,961,372
146,1,Fast,0.7328572273254395,962,410
146,1,Fast,0.6702737212181091,929,365
146,1,Fast,0.4390341639518738,859,811
147,1,Fast,0.8629629015922546,875,414
147,1,Fast,0.8161478042602539,1285,827
147,1,Fast,0.8009448051452637,961,408
147,1,Fast,0.7644295692443848,960,371
147,1,Fast,0.7630563974380493,858,674
147,1,Fast,0.6832745671272278,928,362
148,1,Fast,0.8547244071960449,876,417
148,1,Fast,0.7838906049728394,1279,819
148,1,Fast,0.7667102813720703,859,677
148,1,Fast,0.7263877391815186,959,368
148,1,Fast,0.6428455710411072,928,359
148,1,Fast,0.5641317963600159,960,405
148,1,Fast,0.532491147518158,864,821
149,1,Fast,0.8445881009101868,876,420
149,1,Fast,0.8076962232589722,1274,813
149,1,Fast,0.7534758448600769,860,681
149,1,Fast,0.7519232630729675,927,356
149,1,Fast,0.743410050868988,958,365
149,1,Fast,0.691458523273468,958,402
149,1,Fast,0.30357369780540466,865,829
150,1,Fast,0.8399049043655396,877,423
150,1,Fast,0.8216859102249146,1269,804
150,1,Fast,0.8068222999572754,861,684
150,1,Fast,0.7767634987831116,926,354
150,1,Fast,0.7678788900375366,957,362
150,1,Fast,0.6943309903144836,867,835
150,1,Fast,0.42196395993232727,839,409
150,1,Fast,0.36417052149772644,957,400
151,1,Fast,0.8615378737449646,1263,797
151,1,Fast,0.8530517220497131,878,426
151,1,Fast,0.7958723306655884,862,688
151,1,Fast,0.7909554839134216,926,351
151,1,Fast,0.7297508120536804,871,842
151,1,Fast,0.6905403137207031,957,360
152,1,Fast,0.8589348196983337,1257,791
152,1,Fast,0.8430494666099548,879,429
152,1,Fast,0.8009135127067566,863,691
152,1,Fast,0.7825862765312195,872,848
152,1,Fast,0.7646089792251587,926,349
152,1,Fast,0.7177535891532898,956,357
153,1,Fast,0.8473283052444458,879,432
153,1,Fast,0.8320915699005127,1254,785
153,1,Fast,0.8012619614601135,864,695
153,1,Fast,0.780205249786377,955,355
153,1,Fast,0.6996862292289734,925,347
153,1,Fast,0.44853830337524414,874,855
154,1,Fast,0.8395262360572815,865,698
154,1,Fast,0.8140372037887573,880,436
154,1,Fast,0.7950789928436279,954,353
154,1,Fast,0.7820562720298767,1250,778
154,1,Fast,0.6358396410942078,876,862
154,1,Fast,0.5591574907302856,924,344
154,1,Fast,0.33957189321517944,951,387
155,1,Fast,0.8495072722434998,867,702
155,1,Fast,0.8037177324295044,881,438
155,1,Fast,0.7918581366539001,953,351
155,1,Fast,0.7409906387329102,950,385
155,1,Fast,0.7341753840446472,923,340
155,1,Fast,0.6809948682785034,879,869
155,1,Fast,0.5165665149688721,1245,773
156,1,Fast,0.8258389830589294,868,706
156,1,Fast,0.8113158345222473,882,442
156,1,Fast,0.8051694631576538,881,874
156,1,Fast,0.7887453436851501,952,349
156,1,Fast,0.7676292657852173,1239,767
156,1,Fast,0.7185094952583313,949,382
156,1,Fast,0.6714600324630737,923,340
157,1,Fast,0.8473090529441833,883,882
157,1,Fast,0.7994163036346436,869,711
157,1,Fast,0.7925715446472168,883,445
157,1,Fast,0.7331989407539368,952,347
157,1,Fast,0.6714264154434204,1236,760
157,1,Fast,0.6553075909614563,947,379
157,1,Fast,0.6339800953865051,922,337
158,1,Fast,0.8427150249481201,870,713
158,1,Fast,0.8174959421157837,884,448
158,1,Fast,0.806117832660675,1230,753
158,1,Fast,0.48754897713661194,950,345
158,1,Fast,0.456330269575119,922,334
159,1,Fast,0.8318090438842773,871,717
159,1,Fast,0.8234496116638184,885,451
159,1,Fast,0.8079016804695129,889,896
159,1,Fast,0.6641443371772766,1225,747
159,1,Fast,0.5489625930786133,950,342
159,1,Fast,0.37960943579673767,922,332
160,1,Fast,0.8397910594940186,872,722
160,1,Fast,0.8368315696716309,886,455
160,1,Fast,0.781561553478241,892,905
160,1,Fast,0.7095497250556946,1222,741
160,1,Fast,0.6968785524368286,949,339
160,1,Fast,0.3372568190097809,943,372
160,1,Fast,0.30844610929489136,921,330
161,1,Fast,0.8599346280097961,873,726
161,1,Fast,0.8330835103988647,887,459
161,1,Fast,0.7753975987434387,1218,736
161,1,Fast,0.759140133857727,948,338
161,1,Fast,0.7514163255691528,894,912
161,1,Fast,0.35636746883392334,920,328
162,1,Fast,0.8460320830345154,888,461
162,1,Fast,0.8026543259620667,875,730
162,1,Fast,0.6916478276252747,1214,731
162,1,Fast,0.6613374352455139,897,919
162,1,Fast,0.5816512107849121,948,335
163,1,Fast,0.8499774932861328,890,465
163,1,Fast,0.805882453918457,876,735
163,1,Fast,0.7173104286193848,900,928
163,1,Fast,0.6553080081939697,947,333
163,1,Fast,0.5403284430503845,919,324
164,1,Fast,0.8370567560195923,890,469
164,1,Fast,0.8334445953369141,878,739
164,1,Fast,0.6839831471443176,902,935
164,1,Fast,0.5982592105865479,947,331
164,1,Fast,0.5211119055747986,1206,719
165,1,Fast,0.8621109127998352,891,473
165,1,Fast,0.8336962461471558,880,743
165,1,Fast,0.7560452818870544,947,329
165,1,Fast,0.6592196226119995,1202,712
165,1,Fast,0.6555800437927246,906,944
166,1,Fast,0.8493695259094238,893,476
166,1,Fast,0.840477705001831,881,748
166,1,Fast,0.7968092560768127,1197,708
166,1,Fast,0.7049662470817566,946,327
166,1,Fast,0.3500002324581146,909,953
167,1,Fast,0.8455325365066528,882,752
167,1,Fast,0.8211754560470581,894,480
167,1,Fast,0.8049865365028381,912,961
167,1,Fast,0.6986494064331055,945,326
167,1,Fast,0.5203951597213745,1194,702
168,1,Fast,0.8779263496398926,916,970
168,1,Fast,0.8463789224624634,883,756
168,1,Fast,0.8223848342895508,895,484
168,1,Fast,0.7131507396697998,1190,697
168,1,Fast,0.5818842053413391,944,325
168,1,Fast,0.3944765329360962,935,352
169,1,Fast,0.8479322195053101,885,761
169,1,Fast,0.8124499917030334,896,487
169,1,Fast,0.7818672060966492,919,981
169,1,Fast,0.5702866911888123,1187,693
169,1,Fast,0.49884751439094543,944,322
169,1,Fast,0.3893694579601288,934,350
170,1,Fast,0.8299937844276428,886,765
170,1,Fast,0.8299767374992371,898,492
170,1,Fast,0.741085946559906,923,989
170,1,Fast,0.6921218037605286,1184,688
170,1,Fast,0.5926352739334106,942,320
171,1,Fast,0.8555314540863037,887,769
171,1,Fast,0.831446647644043,899,496
171,1,Fast,0.6372867226600647,941,319
171,1,Fast,0.4801563620567322,927,997
172,1,Fast,0.8665229678153992,888,774
172,1,Fast,0.8527135848999023,901,500
172,1,Fast,0.7306826710700989,1175,675
172,1,Fast,0.5905179381370544,942,317
173,1,Fast,0.8589574694633484,889,778
173,1,Fast,0.8389992117881775,902,503
173,1,Fast,0.6335493326187134,1171,671
173,1,Fast,0.584673285484314,1374,1054
173,1,Fast,0.35639721155166626,942,314
174,1,Fast,0.8638129830360413,891,783
174,1,Fast,0.8503351211547852,903,507
174,1,Fast,0.8369263410568237,1362,1046
174,1,Fast,0.6575042605400085,1168,666
174,1,Fast,0.48973843455314636,942,312
174,1,Fast,0.44594138860702515,940,1029
175,1,Fast,0.8800337910652161,1350,1039
175,1,Fast,0.8602126836776733,893,788
175,1,Fast,0.8553881049156189,904,511
175,1,Fast,0.37762629985809326,1165,662
175,1,Fast,0.3162468671798706,941,311
176,1,Fast,0.8910451531410217,1340,1025
176,1,Fast,0.8677282333374023,906,515
176,1,Fast,0.8628794550895691,894,793
176,1,Fast,0.7611987590789795,948,1043
176,1,Fast,0.48845329880714417,941,309
176,1,Fast,0.35559895634651184,1162,657
177,1,Fast,0.8887489438056946,1331,1011
177,1,Fast,0.8672506809234619,896,799
177,1,Fast,0.8663429021835327,907,519
177,1,Fast,0.6733874082565308,940,307
177,1,Fast,0.4687838852405548,1158,652
178,1,Fast,0.898090124130249,1320,997
178,1,Fast,0.8642113208770752,898,803
178,1,Fast,0.8618486523628235,909,524
178,1,Fast,0.7190626263618469,1331,1066
178,1,Fast,0.6669746041297913,939,306
178,1,Fast,0.59214848279953,1155,646
178,1,Fast,0.4364791810512543,868,384
178,1,Fast,0.424782931804657,912,294
179,1,Fast,0.8994367718696594,1311,983
179,1,Fast,0.8575960397720337,899,809
179,1,Fast,0.8505225777626038,910,528
179,1,Fast,0.8096578121185303,1320,1057
179,1,Fast,0.7185523509979248,939,305
179,1,Fast,0.4459843039512634,912,291
179,1,Fast,0.3162141740322113,1153,642
180,1,Fast,0.9035413265228271,1302,970
180,1,Fast,0.8623849153518677,901,814
180,1,Fast,0.8421335816383362,912,532
180,1,Fast,0.810623824596405,1307,1049
180,1,Fast,0.7893545627593994,1150,636
180,1,Fast,0.396124929189682,939,303
181,1,Fast,0.9048413634300232,1294,957
181,1,Fast,0.8662731647491455,1292,1041
181,1,Fast,0.8575795292854309,903,819
181,1,Fast,0.8507218956947327,913,537
181,1,Fast,0.4929857552051544,1146,633
181,1,Fast,0.41186651587486267,869,392
182,1,Fast,0.9092773199081421,1285,945
182,1,Fast,0.8968948125839233,1280,1025
182,1,Fast,0.8568257689476013,904,824
182,1,Fast,0.8535102009773254,915,541
182,1,Fast,0.6400147080421448,1142,629
182,1,Fast,0.3897143602371216,869,395
183,1,Fast,0.9044638276100159,1277,933
183,1,Fast,0.8929487466812134,1270,1010
183,1,Fast,0.8519785404205322,906,829
183,1,Fast,0.8363931179046631,916,546
183,1,Fast,0.5174318552017212,870,398
184,1,Fast,0.9088494777679443,1269,920
184,1,Fast,0.9040666818618774,1260,995
184,1,Fast,0.8614526391029358,908,834
184,1,Fast,0.8422722816467285,918,550
184,1,Fast,0.6833885312080383,870,401
184,1,Fast,0.34312760829925537,1136,620
184,1,Fast,0.3002382218837738,865,525
185,1,Fast,0.9048669338226318,1261,908
185,1,Fast,0.8986594676971436,1250,980
185,1,Fast,0.8639776706695557,909,839
185,1,Fast,0.8512489199638367,920,555
185,1,Fast,0.7192280292510986,866,530
185,1,Fast,0.6119899749755859,871,404
185,1,Fast,0.5952497124671936,936,294
186,1,Fast,0.9071672558784485,1253,896
186,1,Fast,0.8902888894081116,1241,966
186,1,Fast,0.8693867921829224,912,845
186,1,Fast,0.8113799095153809,921,559
186,1,Fast,0.7448320388793945,868,534
186,1,Fast,0.628418505191803,936,292
186,1,Fast,0.5792056322097778,872,406
187,1,Fast,0.8979820609092712,1246,884
187,1,Fast,0.8890828490257263,1232,952
187,1,Fast,0.8832500576972961,913,851
187,1,Fast,0.8234790563583374,923,564
187,1,Fast,0.7430802583694458,872,409
187,1,Fast,0.7282561659812927,869,538
187,1,Fast,0.6347750425338745,1127,606
187,1,Fast,0.5973672866821289,936,290
188,1,Fast,0.8987517952919006,1239,873
188,1,Fast,0.881382405757904,1223,938
188,1,Fast,0.8774902820587158,914,856
188,1,Fast,0.7660734057426453,924,569
188,1,Fast,0.7275737524032593,872,413
188,1,Fast,0.589631199836731,870,543
188,1,Fast,0.5743826627731323,936,289
188,1,Fast,0.3498222827911377,1125,602
189,1,Fast,0.9012676477432251,1231,863
189,1,Fast,0.8891587257385254,1214,924
189,1,Fast,0.8759284019470215,916,861
189,1,Fast,0.7842422723770142,873,415
189,1,Fast,0.7718680500984192,926,575
189,1,Fast,0.4463313817977905,936,288
189,1,Fast,0.3173445463180542,871,547
190,1,Fast,0.8988146185874939,1224,852
190,1,Fast,0.8902397155761719,1206,910
190,1,Fast,0.8762144446372986,918,867
190,1,Fast,0.8247460722923279,928,579
190,1,Fast,0.7753178477287292,874,418
190,1,Fast,0.5296292901039124,873,551
190,1,Fast,0.3968636691570282,936,286
191,1,Fast,0.898629367351532,1217,842
191,1,Fast,0.8970534801483154,1197,897
191,1,Fast,0.8706765174865723,921,872
191,1,Fast,0.7780952453613281,930,585
191,1,Fast,0.7732009887695312,875,421
191,1,Fast,0.5067408680915833,875,556
192,1,Fast,0.8960535526275635,1211,831
192,1,Fast,0.8942006230354309,1189,884
192,1,Fast,0.8716644048690796,922,877
192,1,Fast,0.7527479529380798,876,425
192,1,Fast,0.7019156813621521,932,590
192,1,Fast,0.6959803104400635,1114,586
192,1,Fast,0.6303850412368774,876,560
192,1,Fast,0.4914828836917877,935,282
193,1,Fast,0.8960450291633606,1204,822
193,1,Fast,0.8868356943130493,1181,872
193,1,Fast,0.8682153224945068,925,883
193,1,Fast,0.69370037317276,877,565
193,1,Fast,0.6833059787750244,1111,581
193,1,Fast,0.6806949973106384,877,428
193,1,Fast,0.6608137488365173,934,595
193,1,Fast,0.40989649295806885,935,281
194,1,Fast,0.8941813111305237,1198,812
194,1,Fast,0.8731216788291931,1175,860
194,1,Fast,0.8681508302688599,928,889
194,1,Fast,0.76578688621521,878,431
194,1,Fast,0.6983736753463745,934,280
194,1,Fast,0.6418365836143494,1110,578
194,1,Fast,0.5952715277671814,936,601
194,1,Fast,0.5111408829689026,878,569
195,1,Fast,0.8925376534461975,1193,803
195,1,Fast,0.8802818655967712,1167,849
195,1,Fast,0.87809818983078,930,896
195,1,Fast,0.7996967434883118,880,574
195,1,Fast,0.7222102880477905,879,435
195,1,Fast,0.6153723001480103,1107,575
195,1,Fast,0.6125448346138,934,278
195,1,Fast,0.5997699499130249,938,606
196,1,Fast,0.8889217376708984,1188,793
196,1,Fast,0.8860551714897156,1160,837
196,1,Fast,0.873944878578186,932,903
196,1,Fast,0.8078106045722961,882,579
196,1,Fast,0.748841404914856,878,437
197,1,Fast,0.8877177834510803,1181,784
197,1,Fast,0.8837053775787354,1154,827
197,1,Fast,0.8810114860534668,934,910
197,1,Fast,0.8239896893501282,884,584
197,1,Fast,0.8066712021827698,880,440
197,1,Fast,0.7727454900741577,943,617
198,1,Fast,0.8900784850120544,1174,775
198,1,Fast,0.8795825839042664,1147,815
198,1,Fast,0.8768115639686584,936,916
198,1,Fast,0.8224486112594604,885,590
198,1,Fast,0.8050721883773804,881,443
198,1,Fast,0.7517563700675964,945,622
199,1,Fast,0.888931393623352,1141,805
199,1,Fast,0.8880383372306824,1168,766
199,1,Fast,0.8518913984298706,938,922
199,1,Fast,0.7783345580101013,887,595
199,1,Fast,0.7697970867156982,947,628
199,1,Fast,0.7454721927642822,882,446
200,1,Fast,0.891595721244812,1134,794
200,1,Fast,0.8883456587791443,1163,757
200,1,Fast,0.8352487683296204,941,928
200,1,Fast,0.7667882442474365,950,633
200,1,Fast,0.7429146766662598,889,599
200,1,Fast,0.7204506993293762,883,449
200,1,Fast,0.4151128828525543,911,254
200,1,Fast,0.38716205954551697,933,270
201,1,Fast,0.8850412964820862,1158,749
201,1,Fast,0.8743447065353394,1128,784
201,1,Fast,0.8330510258674622,942,934
201,1,Fast,0.7308890223503113,884,453
201,1,Fast,0.6653302907943726,952,639
201,1,Fast,0.5768719911575317,911,254
201,1,Fast,0.44223839044570923,891,605
202,1,Fast,0.8899902105331421,1153,741
202,1,Fast,0.8748123645782471,1122,773
202,1,Fast,0.8556866645812988,944,940
202,1,Fast,0.7720810174942017,953,646
202,1,Fast,0.7675227522850037,886,456
202,1,Fast,0.37960299849510193,893,610
203,1,Fast,0.8755342960357666,1148,732
203,1,Fast,0.8657925128936768,1116,764
203,1,Fast,0.8518672585487366,945,947
203,1,Fast,0.7944521307945251,957,652
203,1,Fast,0.5548101663589478,886,460
203,1,Fast,0.43591558933258057,895,615
204,1,Fast,0.8799207806587219,1143,725
204,1,Fast,0.8576018810272217,1111,755
204,1,Fast,0.8389453887939453,949,954
204,1,Fast,0.8298499584197998,959,658
204,1,Fast,0.7917388677597046,887,463
204,1,Fast,0.6303440928459167,897,620
205,1,Fast,0.8752027153968811,1138,716
205,1,Fast,0.8471506834030151,1106,745
205,1,Fast,0.8407843708992004,963,664
205,1,Fast,0.8404498100280762,951,960
205,1,Fast,0.7687479257583618,889,467
205,1,Fast,0.7019401788711548,898,626
206,1,Fast,0.8734288215637207,1134,708
206,1,Fast,0.8661288022994995,1101,735
206,1,Fast,0.8296105861663818,954,968
206,1,Fast,0.7858162522315979,966,670
206,1,Fast,0.7434011101722717,889,471
206,1,Fast,0.4594029486179352,900,632
207,1,Fast,0.8642743825912476,956,975
207,1,Fast,0.8578658103942871,1130,700
207,1,Fast,0.8570839762687683,1095,727
207,1,Fast,0.7782129645347595,891,474
207,1,Fast,0.7575481534004211,968,677
207,1,Fast,0.6680026650428772,902,638
207,1,Fast,0.5368024706840515,1338,855
208,1,Fast,0.8658715486526489,1124,694
208,1,Fast,0.8651940226554871,959,982
208,1,Fast,0.8492066264152527,1089,717
208,1,Fast,0.812570333480835,970,684
208,1,Fast,0.7822444438934326,891,478
208,1,Fast,0.6483185291290283,904,645
208,1,Fast,0.40070584416389465,1332,847
209,1,Fast,0.8705412745475769,1119,686
209,1,Fast,0.8682491183280945,961,989
209,1,Fast,0.8680623173713684,1085,708
209,1,Fast,0.8270858526229858,974,691
209,1,Fast,0.7747769951820374,893,481
209,1,Fast,0.7357625365257263,907,650
210,1,Fast,0.8734287619590759,1080,700
210,1,Fast,0.871383786201477,1114,679
210,1,Fast,0.8441111445426941,965,997
210,1,Fast,0.8342641592025757,976,697
210,1,Fast,0.8005737066268921,894,485
210,1,Fast,0.7331530451774597,908,656
211,1,Fast,0.8804095983505249,1074,691
211,1,Fast,0.8654028177261353,1110,673
211,1,Fast,0.848243236541748,911,662
211,1,Fast,0.8282062411308289,896,490
211,1,Fast,0.8084392547607422,967,1004
211,1,Fast,0.7916911840438843,979,705
212,1,Fast,0.8667758107185364,1070,684
212,1,Fast,0.8614423871040344,1106,667
212,1,Fast,0.8269221186637878,970,1012
212,1,Fast,0.8232706785202026,896,494
212,1,Fast,0.8194823265075684,913,668
212,1,Fast,0.8165146708488464,982,711
212,1,Fast,0.4205438196659088,870,400
213,1,Fast,0.879856288433075,1066,676
213,1,Fast,0.8467997908592224,985,720
213,1,Fast,0.8430545926094055,1103,659
213,1,Fast,0.8252787590026855,973,1020
213,1,Fast,0.8174335956573486,898,498
213,1,Fast,0.7801591157913208,916,674
213,1,Fast,0.450805127620697,871,403
214,1,Fast,0.8673909306526184,1062,669
214,1,Fast,0.8502694368362427,989,727
214,1,Fast,0.8435999155044556,1099,653
214,1,Fast,0.832901656627655,899,501
214,1,Fast,0.8264132142066956,975,1029
214,1,Fast,0.8198350667953491,918,680
214,1,Fast,0.4647250473499298,871,405
214,1,Fast,0.45784786343574524,1300,803
215,1,Fast,0.8653930425643921,1095,646
215,1,Fast,0.8604550361633301,1057,661
215,1,Fast,0.8483661413192749,901,506
215,1,Fast,0.8402329087257385,978,1037
215,1,Fast,0.8395345211029053,992,735
215,1,Fast,0.8082107901573181,921,686
215,1,Fast,0.5379927754402161,881,446
215,1,Fast,0.44105222821235657,1062,503
215,1,Fast,0.3752270042896271,872,408
216,1,Fast,0.8555461764335632,1053,653
216,1,Fast,0.8521420359611511,923,692
216,1,Fast,0.8490365147590637,996,742
216,1,Fast,0.8452551364898682,902,509
216,1,Fast,0.8439368009567261,980,1042
216,1,Fast,0.8393114805221558,1091,640
216,1,Fast,0.6021299362182617,1061,499
216,1,Fast,0.4910552203655243,872,411
217,1,Fast,0.8677343130111694,1050,646
217,1,Fast,0.8531407713890076,999,750
217,1,Fast,0.8452662229537964,903,513
217,1,Fast,0.8371659517288208,1088,633
217,1,Fast,0.8330657482147217,925,699
217,1,Fast,0.8203831315040588,985,1047
217,1,Fast,0.599510133266449,873,415
217,1,Fast,0.5210123062133789,1059,498
218,1,Fast,0.8702695369720459,927,706
218,1,Fast,0.8621395230293274,1003,759
218,1,Fast,0.8480823636054993,1047,639
218,1,Fast,0.8183987140655518,1084,627
218,1,Fast,0.775928258895874,988,1051
218,1,Fast,0.7658970355987549,905,518
218,1,Fast,0.6187597513198853,873,418
218,1,Fast,0.598746657371521,884,455
218,1,Fast,0.36594006419181824,1056,495
219,1,Fast,0.8702153563499451,930,713
219,1,Fast,0.8575859069824219,1007,767
219,1,Fast,0.8462866544723511,1042,632
219,1,Fast,0.8286048173904419,1079,621
219,1,Fast,0.826499342918396,906,523
219,1,Fast,0.6468920707702637,993,1055
219,1,Fast,0.45793065428733826,874,420
219,1,Fast,0.3723143935203552,885,459
220,1,Fast,0.8748359084129333,933,720
220,1,Fast,0.8502194881439209,908,526
220,1,Fast,0.8479881882667542,1010,776
220,1,Fast,0.8276420831680298,1076,614
220,1,Fast,0.8134043216705322,1039,625
220,1,Fast,0.6005089282989502,998,1059
220,1,Fast,0.32457923889160156,875,423
220,1,Fast,0.31790822744369507,868,381
221,1,Fast,0.8735769391059875,935,727
221,1,Fast,0.8472579717636108,1014,785
221,1,Fast,0.8232598900794983,910,531
221,1,Fast,0.8231299519538879,1072,609
221,1,Fast,0.8074135184288025,1035,619
221,1,Fast,0.44535496830940247,999,1064
221,1,Fast,0.3575614094734192,876,426
222,1,Fast,0.8763938546180725,938,734
222,1,Fast,0.8498502373695374,1017,794
222,1,Fast,0.8271965980529785,911,536
222,1,Fast,0.8265581727027893,1069,603
222,1,Fast,0.8103325366973877,1032,612
222,1,Fast,0.7314690351486206,1050,482
222,1,Fast,0.5921270847320557,877,430
222,1,Fast,0.37907394766807556,1004,1068
222,1,Fast,0.312248557806015,868,386
223,1,Fast,0.8768624663352966,941,741
223,1,Fast,0.8522763252258301,1021,803
223,1,Fast,0.8196344971656799,1029,605
223,1,Fast,0.8029260039329529,913,541
223,1,Fast,0.7710616588592529,1066,597
223,1,Fast,0.6911700963973999,877,432
223,1,Fast,0.6666631698608398,1049,479
223,1,Fast,0.32798269391059875,869,389
224,1,Fast,0.8758143186569214,944,749
224,1,Fast,0.8632099032402039,1025,811
224,1,Fast,0.8243293762207031,914,545
224,1,Fast,0.7855845093727112,1062,592
224,1,Fast,0.7850257754325867,1025,598
224,1,Fast,0.7483015060424805,1047,476
224,1,Fast,0.643869161605835,878,435
224,1,Fast,0.43373292684555054,890,476
224,1,Fast,0.32383570075035095,1251,738
225,1,Fast,0.8762286305427551,947,756
225,1,Fast,0.8651617765426636,1029,820
225,1,Fast,0.8310600519180298,916,550
225,1,Fast,0.7812491655349731,1023,593
225,1,Fast,0.6746990084648132,879,439
225,1,Fast,0.6392813920974731,1060,586
225,1,Fast,0.5196995139122009,1247,732
225,1,Fast,0.3491433262825012,1045,474
226,1,Fast,0.867412269115448,1034,827
226,1,Fast,0.8671791553497314,951,763
226,1,Fast,0.8385671973228455,1019,586
226,1,Fast,0.8371942639350891,918,555
226,1,Fast,0.8075934648513794,1243,726
226,1,Fast,0.6193510293960571,1043,471
226,1,Fast,0.5995977520942688,1057,580
226,1,Fast,0.5479946732521057,880,441
226,1,Fast,0.4903002083301544,892,483
226,1,Fast,0.3147568702697754,871,398
227,1,Fast,0.8767091035842896,954,771
227,1,Fast,0.8658730983734131,1039,837
227,1,Fast,0.8274496793746948,919,560
227,1,Fast,0.8102095127105713,1017,579
227,1,Fast,0.7642064690589905,1239,720
227,1,Fast,0.6861950755119324,1054,574
227,1,Fast,0.5974973440170288,881,445
227,1,Fast,0.5857459902763367,894,487
227,1,Fast,0.5777510404586792,1042,468
227,1,Fast,0.4278463125228882,872,401
228,1,Fast,0.8767242431640625,956,780
228,1,Fast,0.8552789092063904,1043,847
228,1,Fast,0.8221760392189026,1013,573
228,1,Fast,0.7903802990913391,921,565
228,1,Fast,0.7629308700561523,1041,465
228,1,Fast,0.733701229095459,895,491
228,1,Fast,0.7188708186149597,882,448
228,1,Fast,0.7006698846817017,1051,570
228,1,Fast,0.5266385078430176,873,404
229,1,Fast,0.8833878040313721,959,789
229,1,Fast,0.8721975684165955,1048,856
229,1,Fast,0.8425949215888977,922,570
229,1,Fast,0.8149610161781311,1010,568
229,1,Fast,0.7549227476119995,1048,565
229,1,Fast,0.7225571870803833,1039,462
229,1,Fast,0.63401859998703,883,452
229,1,Fast,0.5903221964836121,873,407
229,1,Fast,0.579470157623291,896,495
230,1,Fast,0.8778072595596313,962,798
230,1,Fast,0.8678903579711914,1052,868
230,1,Fast,0.800232470035553,1045,559
230,1,Fast,0.7837805151939392,1007,562
230,1,Fast,0.778370201587677,924,576
230,1,Fast,0.7225354313850403,1038,460
230,1,Fast,0.6657828092575073,883,455
230,1,Fast,0.5352177619934082,874,410
231,1,Fast,0.8780549764633179,965,806
231,1,Fast,0.8528589606285095,1057,877
231,1,Fast,0.8302371501922607,1005,556
231,1,Fast,0.782111406326294,926,581
231,1,Fast,0.7527165412902832,1042,554
231,1,Fast,0.6385523080825806,884,459
231,1,Fast,0.5614660978317261,874,413
231,1,Fast,0.48066064715385437,1222,698
231,1,Fast,0.4261998236179352,1036,457
232,1,Fast,0.8746256232261658,969,814
232,1,Fast,0.8745086789131165,1062,888
232,1,Fast,0.8285686373710632,1002,551
232,1,Fast,0.802431583404541,928,586
232,1,Fast,0.7590367197990417,1039,549
232,1,Fast,0.6567240357398987,885,462
232,1,Fast,0.6551234126091003,875,416
232,1,Fast,0.6548468470573425,1033,454
232,1,Fast,0.5958343148231506,1219,692
232,1,Fast,0.5199657678604126,900,506
232,1,Fast,0.3532974421977997,775,468
233,1,Fast,0.8887383937835693,972,822
233,1,Fast,0.8831303715705872,1068,899
233,1,Fast,0.818181574344635,930,591
233,1,Fast,0.7736191749572754,999,545
233,1,Fast,0.7534342408180237,1036,544
233,1,Fast,0.7484007477760315,886,464
233,1,Fast,0.7203930020332336,1215,687
233,1,Fast,0.6600148677825928,776,470
233,1,Fast,0.6322857141494751,876,419
233,1,Fast,0.6065762639045715,1032,453
233,1,Fast,0.3172411620616913,900,510
234,1,Fast,0.8956142663955688,976,831
234,1,Fast,0.8802565336227417,1072,910
234,1,Fast,0.7996339797973633,997,539
234,1,Fast,0.7865477204322815,888,468
234,1,Fast,0.7861005663871765,932,596
234,1,Fast,0.718376636505127,1034,539
234,1,Fast,0.6230965256690979,876,422
234,1,Fast,0.5594531893730164,902,514
234,1,Fast,0.45632410049438477,1031,449
234,1,Fast,0.4050423204898834,775,472
235,1,Fast,0.8939949870109558,980,839
235,1,Fast,0.8833116292953491,1077,920
235,1,Fast,0.8161283731460571,889,472
235,1,Fast,0.7905001640319824,994,533
235,1,Fast,0.7634203433990479,934,602
235,1,Fast,0.7211053967475891,903,519
235,1,Fast,0.6386156678199768,1031,534
235,1,Fast,0.5784024000167847,877,426
235,1,Fast,0.46981295943260193,1029,446
235,1,Fast,0.3740209639072418,777,474
236,1,Fast,0.8975427746772766,983,848
236,1,Fast,0.883974552154541,1082,931
236,1,Fast,0.8442413210868835,890,476
236,1,Fast,0.79887855052948,992,528
236,1,Fast,0.6974369287490845,1029,529
236,1,Fast,0.6699384450912476,904,523
236,1,Fast,0.6581510901451111,936,607
236,1,Fast,0.6427536010742188,878,429
236,1,Fast,0.35421159863471985,777,475
237,1,Fast,0.9063028693199158,988,857
237,1,Fast,0.87546706199646,1087,942
237,1,Fast,0.8529491424560547,891,479
237,1,Fast,0.8079627752304077,989,523
237,1,Fast,0.7490578293800354,879,432
237,1,Fast,0.6965484619140625,906,527
237,1,Fast,0.6944870352745056,1027,524
237,1,Fast,0.5672456622123718,1026,441
237,1,Fast,0.39671438932418823,778,478
237,1,Fast,0.38987499475479126,938,612
237,1,Fast,0.3750881850719452,844,433
238,1,Fast,0.912828803062439,993,867
238,1,Fast,0.8643171787261963,1094,954
238,1,Fast,0.8325307369232178,987,518
238,1,Fast,0.8311431407928467,891,483
238,1,Fast,0.7666544914245605,880,435
238,1,Fast,0.7600370645523071,941,618
238,1,Fast,0.7102449536323547,778,481
238,1,Fast,0.6875853538513184,907,532
238,1,Fast,0.6000013947486877,1025,439
238,1,Fast,0.5765695571899414,845,436
238,1,Fast,0.5487067699432373,1025,521
239,1,Fast,0.8998501300811768,996,877
239,1,Fast,0.8647699356079102,1099,965
239,1,Fast,0.8435137271881104,893,486
239,1,Fast,0.8269168138504028,984,513
239,1,Fast,0.8030754327774048,881,438
239,1,Fast,0.7654954195022583,944,624
239,1,Fast,0.7622205018997192,779,483
239,1,Fast,0.702705442905426,845,439
239,1,Fast,0.6824563145637512,1022,516
239,1,Fast,0.6798501014709473,909,536
239,1,Fast,0.474344402551651,1024,438
240,1,Fast,0.8910596966743469,1000,888
240,1,Fast,0.8506730794906616,946,630
240,1,Fast,0.8457303047180176,983,508
240,1,Fast,0.835913896560669,1106,978
240,1,Fast,0.8315474987030029,894,490
240,1,Fast,0.8117960691452026,779,485
240,1,Fast,0.7951859831809998,882,442
240,1,Fast,0.7468266487121582,1019,511
240,1,Fast,0.6053311824798584,847,443
240,1,Fast,0.4026600122451782,911,540
240,1,Fast,0.30193281173706055,1022,436
241,1,Fast,0.8905066251754761,1004,899
241,1,Fast,0.8597838282585144,981,503
241,1,Fast,0.835357129573822,1113,990
241,1,Fast,0.8345898985862732,948,636
241,1,Fast,0.831518828868866,895,494
241,1,Fast,0.827875554561615,883,445
241,1,Fast,0.7494134902954102,1017,507
241,1,Fast,0.6433533430099487,779,487
241,1,Fast,0.5603924989700317,847,445
241,1,Fast,0.4219602346420288,912,544
242,1,Fast,0.8895434141159058,1008,910
242,1,Fast,0.8346043229103088,979,498
242,1,Fast,0.8320521116256714,897,498
242,1,Fast,0.8292229771614075,884,448
242,1,Fast,0.8018340468406677,780,489
242,1,Fast,0.7752823233604431,950,642
242,1,Fast,0.7469414472579956,914,548
242,1,Fast,0.720418393611908,1014,502
242,1,Fast,0.5823298096656799,847,448
243,1,Fast,0.8876217603683472,1012,920
243,1,Fast,0.8341090679168701,898,501
243,1,Fast,0.8283551931381226,885,451
243,1,Fast,0.826465904712677,977,493
243,1,Fast,0.8145719170570374,953,647
243,1,Fast,0.8019769787788391,1013,497
243,1,Fast,0.7685904502868652,779,491
243,1,Fast,0.49746039509773254,1126,1017
243,1,Fast,0.4748951494693756,848,450
243,1,Fast,0.4064178764820099,916,553
244,1,Fast,0.8826928734779358,1016,930
244,1,Fast,0.854020357131958,955,653
244,1,Fast,0.8256262540817261,886,455
244,1,Fast,0.8253698945045471,974,489
244,1,Fast,0.8212175369262695,900,505
244,1,Fast,0.7907339930534363,1010,493
244,1,Fast,0.7101055979728699,1132,1029
244,1,Fast,0.69208824634552,916,558
244,1,Fast,0.6383385062217712,780,493
244,1,Fast,0.595842182636261,1018,424
244,1,Fast,0.44640713930130005,849,453
245,1,Fast,0.8986338973045349,1021,940
245,1,Fast,0.8619602918624878,958,659
245,1,Fast,0.8401235342025757,901,510
245,1,Fast,0.8363053798675537,887,458
245,1,Fast,0.831024706363678,972,485
245,1,Fast,0.7945438623428345,1139,1042
245,1,Fast,0.7455445528030396,918,562
245,1,Fast,0.7133645415306091,1008,489
245,1,Fast,0.6311526298522949,1017,423
245,1,Fast,0.4703410565853119,849,456
245,1,Fast,0.4319426417350769,780,495
246,1,Fast,0.8901668787002563,1025,950
246,1,Fast,0.8557501435279846,961,666
246,1,Fast,0.843786895275116,888,462
246,1,Fast,0.8424289226531982,903,513
246,1,Fast,0.8288390040397644,781,498
246,1,Fast,0.8128119111061096,970,479
246,1,Fast,0.8108545541763306,920,567
246,1,Fast,0.7313457131385803,1006,485
246,1,Fast,0.6247689723968506,850,459
246,1,Fast,0.467892050743103,1015,421
247,1,Fast,0.9012975692749023,1030,960
247,1,Fast,0.8587867021560669,904,517
247,1,Fast,0.855376124382019,964,673
247,1,Fast,0.8498989343643188,889,465
247,1,Fast,0.8407630324363708,922,572
247,1,Fast,0.7977024912834167,781,501
247,1,Fast,0.7949681282043457,969,475
247,1,Fast,0.67913818359375,850,462
247,1,Fast,0.5199810266494751,1005,481
248,1,Fast,0.9075288772583008,1035,972
248,1,Fast,0.852561354637146,890,469
248,1,Fast,0.8460938930511475,906,521
248,1,Fast,0.8065927624702454,967,680
248,1,Fast,0.8044458031654358,967,471
248,1,Fast,0.803543746471405,924,577
248,1,Fast,0.7354087829589844,851,465
248,1,Fast,0.7326415777206421,781,503
248,1,Fast,0.4516618847846985,1003,477
249,1,Fast,0.8899218440055847,1040,984
249,1,Fast,0.8529343008995056,907,525
249,1,Fast,0.8518432974815369,891,473
249,1,Fast,0.8098922371864319,965,466
249,1,Fast,0.8010687232017517,969,687
249,1,Fast,0.7908278107643127,926,583
249,1,Fast,0.7857630848884583,782,505
249,1,Fast,0.7672446370124817,852,468
249,1,Fast,0.6294788122177124,1001,474
249,1,Fast,0.3418523669242859,1011,414
250,1,Fast,0.9013199210166931,1047,997
250,1,Fast,0.8577713966369629,893,476
250,1,Fast,0.8483600616455078,972,694
250,1,Fast,0.8263518810272217,928,587
250,1,Fast,0.8189443349838257,908,529
250,1,Fast,0.8089655041694641,964,463
250,1,Fast,0.7550479769706726,853,472
250,1,Fast,0.6747629046440125,782,508
250,1,Fast,0.646417498588562,999,470
250,1,Fast,0.41795477271080017,875,416
250,1,Fast,0.36485862731933594,1011,411
251,1,Fast,0.8914375901222229,1052,1009
251,1,Fast,0.8531425595283508,975,701
251,1,Fast,0.8513795733451843,893,480
251,1,Fast,0.8263872265815735,962,458
251,1,Fast,0.7938374876976013,930,593
251,1,Fast,0.7917076945304871,854,476
251,1,Fast,0.7844668030738831,909,532
251,1,Fast,0.7443698644638062,996,465
251,1,Fast,0.32751622796058655,1010,409
251,1,Fast,0.3195649981498718,876,419
251,1,Fast,0.31447288393974304,783,511
252,1,Fast,0.8853229284286499,1057,1023
252,1,Fast,0.865440845489502,978,709
252,1,Fast,0.8473082780838013,895,484
252,1,Fast,0.8394980430603027,911,538
252,1,Fast,0.8136682510375977,931,598
252,1,Fast,0.808276891708374,855,480
252,1,Fast,0.7799212336540222,960,454
252,1,Fast,0.7511730790138245,783,512
252,1,Fast,0.6151361465454102,994,462
252,1,Fast,0.4250562787055969,877,421
253,1,Fast,0.8844775557518005,1063,1035
253,1,Fast,0.8495591282844543,981,715
253,1,Fast,0.842495858669281,913,542
253,1,Fast,0.8376490473747253,896,488
253,1,Fast,0.8193629384040833,933,603
253,1,Fast,0.8060246706008911,856,483
253,1,Fast,0.6802679896354675,877,424
253,1,Fast,0.6406461596488953,958,450
253,1,Fast,0.40867266058921814,783,515
253,1,Fast,0.3239147365093231,993,458
254,1,Fast,0.8501994013786316,984,723
254,1,Fast,0.8319944143295288,1069,1043
254,1,Fast,0.8296605348587036,897,491
254,1,Fast,0.8204424381256104,856,486
254,1,Fast,0.8054143786430359,915,546
254,1,Fast,0.7825567126274109,784,518
254,1,Fast,0.7704212665557861,935,608
254,1,Fast,0.6695002913475037,957,446
254,1,Fast,0.3619655966758728,878,428
254,1,Fast,0.32714948058128357,991,455
255,1,Fast,0.8281655311584473,899,495
255,1,Fast,0.817261815071106,857,489
255,1,Fast,0.8172369599342346,988,730
255,1,Fast,0.768382728099823,784,519
255,1,Fast,0.7486410140991211,917,552
255,1,Fast,0.7231671810150146,955,441
255,1,Fast,0.709616482257843,1075,1049
255,1,Fast,0.6978846192359924,938,614
255,1,Fast,0.4799177944660187,879,431
256,1,Fast,0.8580808043479919,918,556
256,1,Fast,0.8354379534721375,900,499
256,1,Fast,0.8234637379646301,785,522
256,1,Fast,0.8000003099441528,992,739
256,1,Fast,0.7890845537185669,858,493
256,1,Fast,0.7527298331260681,941,619
256,1,Fast,0.7521796822547913,954,438
256,1,Fast,0.6856533288955688,1085,1056
256,1,Fast,0.4841325879096985,880,434
256,1,Fast,0.40566486120224,988,447
257,1,Fast,0.8316555619239807,943,625
257,1,Fast,0.8269100189208984,921,561
257,1,Fast,0.797278881072998,902,503
257,1,Fast,0.7720146179199219,786,525
257,1,Fast,0.7633873224258423,995,747
257,1,Fast,0.7608068585395813,859,496
257,1,Fast,0.7358018755912781,952,434
257,1,Fast,0.48705604672431946,987,443
257,1,Fast,0.39814773201942444,1091,1064
258,1,Fast,0.8550865650177002,922,566
258,1,Fast,0.8432069420814514,945,632
258,1,Fast,0.8428404331207275,903,507
258,1,Fast,0.811732828617096,860,499
258,1,Fast,0.7700501084327698,951,431
258,1,Fast,0.7474453449249268,786,528
258,1,Fast,0.7178045511245728,999,755
258,1,Fast,0.5395300984382629,986,439
259,1,Fast,0.8561547994613647,905,511
259,1,Fast,0.8536036610603333,923,570
259,1,Fast,0.8299741148948669,947,637
259,1,Fast,0.7561094760894775,861,503
259,1,Fast,0.723683774471283,950,427
259,1,Fast,0.6684027314186096,1002,763
259,1,Fast,0.5698246359825134,787,530
259,1,Fast,0.5015120506286621,984,436
260,1,Fast,0.8580095171928406,949,642
260,1,Fast,0.8555470705032349,906,516
260,1,Fast,0.8029164671897888,926,575
260,1,Fast,0.7301564812660217,862,506
260,1,Fast,0.4640405774116516,949,424
260,1,Fast,0.36126992106437683,1007,772
261,1,Fast,0.8619234561920166,908,520
261,1,Fast,0.8475460410118103,951,648
261,1,Fast,0.8311907649040222,927,579
261,1,Fast,0.6625226736068726,863,509
261,1,Fast,0.6011191606521606,1010,781
261,1,Fast,0.44877350330352783,787,535
262,1,Fast,0.8745428323745728,909,524
262,1,Fast,0.8631247878074646,929,585
262,1,Fast,0.8530899882316589,955,654
262,1,Fast,0.8292978405952454,1014,790
262,1,Fast,0.7761241793632507,864,512
262,1,Fast,0.7397425770759583,788,538
262,1,Fast,0.45309168100357056,978,427
262,1,Fast,0.4315224289894104,947,417
263,1,Fast,0.8641897439956665,911,529
263,1,Fast,0.8352158069610596,930,590
263,1,Fast,0.8343020081520081,957,661
263,1,Fast,0.8229155540466309,1018,799
263,1,Fast,0.7345839142799377,864,516
263,1,Fast,0.3156127631664276,977,423
264,1,Fast,0.847282886505127,912,533
264,1,Fast,0.8460606932640076,932,595
264,1,Fast,0.830226719379425,959,668
264,1,Fast,0.8078486323356628,1022,808
264,1,Fast,0.7705644369125366,866,520
264,1,Fast,0.7233745455741882,945,409
264,1,Fast,0.6785088181495667,789,544
264,1,Fast,0.6227441430091858,976,420
264,1,Fast,0.3446598947048187,888,460
264,2,Slow,0.3260735869407654,997,382
265,1,Fast,0.8655984401702881,914,538
265,1,Fast,0.8533898591995239,934,600
265,1,Fast,0.8345003128051758,961,673
265,1,Fast,0.8197106122970581,868,524
265,1,Fast,0.7915826439857483,1026,817
265,1,Fast,0.7264328002929688,791,547
265,1,Fast,0.7142471075057983,944,406
265,1,Fast,0.6295332908630371,975,417
265,1,Fast,0.4300720989704132,888,463
266,1,Fast,0.8515573740005493,915,543
266,1,Fast,0.8386892676353455,869,528
266,1,Fast,0.8335286974906921,964,680
266,1,Fast,0.7886284589767456,942,402
266,1,Fast,0.7743651866912842,973,413
266,1,Fast,0.7551344633102417,1030,826
266,1,Fast,0.7379611730575562,937,606
266,1,Fast,0.6894112229347229,792,548
266,1,Fast,0.4520849585533142,889,466
267,1,Fast,0.8595998287200928,870,532
267,1,Fast,0.8434165716171265,1035,835
267,1,Fast,0.8412824273109436,917,547
267,1,Fast,0.8389847278594971,967,687
267,1,Fast,0.7961110472679138,941,399
267,1,Fast,0.7944446206092834,793,551
267,1,Fast,0.7689772248268127,972,409
267,1,Fast,0.7143646478652954,940,610
267,1,Fast,0.6483111381530762,890,470
268,1,Fast,0.8653489351272583,919,552
268,1,Fast,0.8484821915626526,871,536
268,1,Fast,0.8356947898864746,970,694
268,1,Fast,0.8252149820327759,942,616
268,1,Fast,0.8091228604316711,940,396
268,1,Fast,0.7782937288284302,793,554
268,1,Fast,0.712543249130249,971,407
268,1,Fast,0.6994110345840454,892,474
268,1,Fast,0.6256943345069885,1040,845
269,1,Fast,0.8714131116867065,921,557
269,1,Fast,0.8482910990715027,972,700
269,1,Fast,0.8394232392311096,872,540
269,1,Fast,0.7985879778862,944,622
269,1,Fast,0.7765631675720215,795,556
269,1,Fast,0.7607473134994507,940,393
269,1,Fast,0.7452490329742432,970,404
269,1,Fast,0.6582381725311279,893,477
269,1,Fast,0.6367588639259338,1044,856
270,1,Fast,0.8649011850357056,923,562
270,1,Fast,0.8459903597831726,975,708
270,1,Fast,0.8212264180183411,873,544
270,1,Fast,0.8184770941734314,946,627
270,1,Fast,0.7962380051612854,794,561
270,1,Fast,0.7478638887405396,939,390
270,1,Fast,0.7168706655502319,968,402
270,1,Fast,0.6860166192054749,894,481
270,1,Fast,0.679960310459137,1049,866
271,1,Fast,0.8634162545204163,925,566
271,1,Fast,0.8622580170631409,948,633
271,1,Fast,0.8346911668777466,978,715
271,1,Fast,0.8245408535003662,874,547
271,1,Fast,0.7988945245742798,795,562
271,1,Fast,0.7727306485176086,895,485
271,1,Fast,0.7621973156929016,966,399
271,1,Fast,0.7452921271324158,938,387
271,1,Fast,0.47220784425735474,1054,877
272,1,Fast,0.8620404601097107,926,571
272,1,Fast,0.8376805186271667,982,723
272,1,Fast,0.8337636590003967,951,638
272,1,Fast,0.7929384112358093,897,488
272,1,Fast,0.7846002578735352,937,384
272,1,Fast,0.7628119587898254,965,396
272,1,Fast,0.7394058108329773,875,551
272,1,Fast,0.478399395942688,1060,887
272,1,Fast,0.4511148929595947,794,567
273,1,Fast,0.8552529215812683,928,576
273,1,Fast,0.8450102210044861,985,730
273,1,Fast,0.8353669047355652,936,380
273,1,Fast,0.8165796995162964,898,492
273,1,Fast,0.8153557181358337,953,645
273,1,Fast,0.782245934009552,877,555
273,1,Fast,0.7708349227905273,964,393
273,1,Fast,0.7511728405952454,1065,899
274,1,Fast,0.8541917204856873,930,581
274,1,Fast,0.8451698422431946,988,738
274,1,Fast,0.8263528943061829,955,651
274,1,Fast,0.8151267766952515,1070,910
274,1,Fast,0.8073295950889587,899,496
274,1,Fast,0.7998615503311157,878,558
274,1,Fast,0.794552206993103,935,377
274,1,Fast,0.7753533720970154,963,390
275,1,Fast,0.8625053763389587,932,586
275,1,Fast,0.8406403660774231,1074,921
275,1,Fast,0.8250047564506531,992,746
275,1,Fast,0.8034757375717163,962,387
275,1,Fast,0.7936609387397766,880,562
275,1,Fast,0.7750409841537476,958,656
275,1,Fast,0.7728355526924133,934,374
275,1,Fast,0.7530391216278076,900,500
275,1,Fast,0.49010977149009705,799,576
276,1,Fast,0.8647426962852478,934,592
276,1,Fast,0.8584688305854797,961,663
276,1,Fast,0.8483460545539856,996,754
276,1,Fast,0.8250463604927063,881,566
276,1,Fast,0.8074348568916321,1080,932
276,1,Fast,0.806542694568634,902,504
276,1,Fast,0.8045985102653503,933,371
276,1,Fast,0.7947006821632385,961,384
277,1,Fast,0.871624767780304,936,597
277,1,Fast,0.8415588140487671,998,761
277,1,Fast,0.8171546459197998,882,571
277,1,Fast,0.8043808341026306,963,669
277,1,Fast,0.7988260388374329,932,369
277,1,Fast,0.7888293862342834,960,381
277,1,Fast,0.7714623808860779,904,508
277,1,Fast,0.6983513832092285,1085,944
278,1,Fast,0.8755276203155518,938,602
278,1,Fast,0.8276075720787048,1002,770
278,1,Fast,0.8264346718788147,883,575
278,1,Fast,0.7586252093315125,931,366
278,1,Fast,0.7575317621231079,960,378
278,1,Fast,0.7516371011734009,966,675
278,1,Fast,0.6954742074012756,905,512
278,1,Fast,0.6660862565040588,1091,956
278,1,Fast,0.3821594715118408,801,585
279,1,Fast,0.8528088331222534,941,608
279,1,Fast,0.8006021976470947,1006,779
279,1,Fast,0.7959557771682739,969,682
279,1,Fast,0.7459349632263184,886,580
279,1,Fast,0.7356557250022888,906,516
279,1,Fast,0.7158176302909851,959,375
279,1,Fast,0.6049371361732483,930,363
279,1,Fast,0.43330061435699463,803,588
280,1,Fast,0.8646483421325684,943,613
280,1,Fast,0.8424886465072632,1010,787
280,1,Fast,0.8326203227043152,971,689
280,1,Fast,0.7899542450904846,957,373
280,1,Fast,0.7343670129776001,887,584
280,1,Fast,0.6562926769256592,907,520
280,1,Fast,0.6561846137046814,930,360
280,1,Fast,0.4188222587108612,803,591
280,1,Fast,0.41335180401802063,1330,1063
280,1,Fast,0.3346307575702667,1104,980
281,1,Fast,0.8544846177101135,946,619
281,1,Fast,0.828488290309906,1013,796
281,1,Fast,0.8191655278205872,956,370
281,1,Fast,0.811414361000061,974,696
281,1,Fast,0.8036434650421143,888,588
281,1,Fast,0.732607901096344,909,525
281,1,Fast,0.7306492328643799,928,357
281,1,Fast,0.5608335733413696,1313,1053
282,1,Fast,0.8656385540962219,948,625
282,1,Fast,0.8509066700935364,1300,1046
282,1,Fast,0.8503716588020325,1018,805
282,1,Fast,0.8300656676292419,977,702
282,1,Fast,0.8269711136817932,955,368
282,1,Fast,0.784925639629364,928,354
282,1,Fast,0.7841644883155823,890,592
282,1,Fast,0.699254035949707,910,530
283,1,Fast,0.8674249053001404,950,631
283,1,Fast,0.8447482585906982,1022,814
283,1,Fast,0.8394253849983215,1287,1032
283,1,Fast,0.8304950594902039,980,710
283,1,Fast,0.8185426592826843,953,365
283,1,Fast,0.8063655495643616,928,351
283,1,Fast,0.7377718687057495,891,597
283,1,Fast,0.6649411916732788,912,534
283,1,Fast,0.4878108501434326,1125,1021
284,1,Fast,0.8594415187835693,953,636
284,1,Fast,0.8452837467193604,1276,1016
284,1,Fast,0.824960470199585,1026,824
284,1,Fast,0.8165690898895264,982,717
284,1,Fast,0.7991954684257507,953,362
284,1,Fast,0.7926737070083618,927,349
284,1,Fast,0.5877094864845276,914,538
284,1,Fast,0.4790017306804657,894,602
285,1,Fast,0.8860027194023132,1265,1000
285,1,Fast,0.869709849357605,955,643
285,1,Fast,0.8265849351882935,985,723
285,1,Fast,0.8231567144393921,1030,833
285,1,Fast,0.7706994414329529,927,347
285,1,Fast,0.7601227760314941,952,360
285,1,Fast,0.5535415410995483,895,606
285,1,Fast,0.4815385639667511,915,544
286,1,Fast,0.8861179947853088,1256,985
286,1,Fast,0.8669008612632751,957,648
286,1,Fast,0.8561932444572449,1035,843
286,1,Fast,0.8327312469482422,988,731
286,1,Fast,0.7770637273788452,951,357
286,1,Fast,0.7325664162635803,926,344
286,1,Fast,0.7037495374679565,896,611
286,1,Fast,0.7012649178504944,811,610
286,1,Fast,0.5267219543457031,917,548
287,1,Fast,0.8897992372512817,1247,971
287,1,Fast,0.8555608987808228,960,655
287,1,Fast,0.8131416440010071,992,738
287,1,Fast,0.8085341453552246,951,354
287,1,Fast,0.8046021461486816,1039,853
287,1,Fast,0.7146432399749756,925,342
287,1,Fast,0.623211145401001,899,616
287,1,Fast,0.5701485276222229,811,614
288,1,Fast,0.8825756311416626,1238,956
288,1,Fast,0.8650668859481812,963,661
288,1,Fast,0.8199116587638855,812,617
288,1,Fast,0.8108871579170227,950,352
288,1,Fast,0.7911645174026489,899,620
288,1,Fast,0.7899112701416016,995,746
288,1,Fast,0.771553099155426,924,339
288,1,Fast,0.7067265510559082,1043,862
288,1,Fast,0.5833672285079956,920,557
289,1,Fast,0.8743236064910889,1229,941
289,1,Fast,0.8691256046295166,965,668
289,1,Fast,0.8582869172096252,1048,872
289,1,Fast,0.8046581745147705,901,626
289,1,Fast,0.8011335730552673,950,349
289,1,Fast,0.7918557524681091,924,337
289,1,Fast,0.7791348099708557,813,621
289,1,Fast,0.6034444570541382,999,753
289,1,Fast,0.44894951581954956,923,562
290,1,Fast,0.8870720863342285,1220,928
290,1,Fast,0.8746316432952881,968,674
290,1,Fast,0.8479538559913635,1053,883
290,1,Fast,0.7986540198326111,903,632
290,1,Fast,0.7916216254234314,949,347
290,1,Fast,0.747413158416748,1002,761
290,1,Fast,0.738471508026123,923,334
290,1,Fast,0.5632363557815552,814,625
290,1,Fast,0.54631108045578,924,566
291,1,Fast,0.8850736021995544,1212,914
291,1,Fast,0.8745827078819275,971,681
291,1,Fast,0.8527405858039856,1006,769
291,1,Fast,0.849372386932373,1058,893
291,1,Fast,0.7638018131256104,948,345
291,1,Fast,0.7147563695907593,905,636
291,1,Fast,0.7112058997154236,923,331
291,1,Fast,0.5814565420150757,927,572
291,1,Fast,0.4269475042819977,815,628
292,1,Fast,0.8850647211074829,1204,901
292,1,Fast,0.8718567490577698,1063,904
292,1,Fast,0.8629100918769836,974,688
292,1,Fast,0.8427626490592957,1009,778
292,1,Fast,0.7936373353004456,947,343
292,1,Fast,0.7663991451263428,816,633
292,1,Fast,0.6801205277442932,923,329
292,1,Fast,0.6635564565658569,928,577
292,1,Fast,0.5479743480682373,907,642
293,1,Fast,0.8783890008926392,1195,888
293,1,Fast,0.875659167766571,977,695
293,1,Fast,0.8743637204170227,1069,914
293,1,Fast,0.8531097769737244,1013,786
293,1,Fast,0.8159327507019043,947,340
293,1,Fast,0.693017840385437,922,326
293,1,Fast,0.6640549898147583,909,646
293,1,Fast,0.6522877216339111,930,581
293,1,Fast,0.47800374031066895,817,636
294,1,Fast,0.8737780451774597,1073,925
294,1,Fast,0.8671835064888,980,702
294,1,Fast,0.8665973544120789,1016,795
294,1,Fast,0.8619411587715149,1187,877
294,1,Fast,0.8144609928131104,946,338
294,1,Fast,0.7799230217933655,910,652
294,1,Fast,0.714878499507904,819,640
294,1,Fast,0.6931760907173157,931,587
294,1,Fast,0.6887567639350891,921,325
294,2,Slow,0.38527435064315796,977,327
295,1,Fast,0.8722978830337524,983,709
295,1,Fast,0.8709973096847534,1079,937
295,1,Fast,0.868896484375,1020,803
295,1,Fast,0.8371363282203674,1180,864
295,1,Fast,0.7843295335769653,913,658
295,1,Fast,0.7790540456771851,946,335
295,1,Fast,0.7316064834594727,819,643
295,1,Fast,0.7259594798088074,934,592
295,1,Fast,0.640670120716095,921,322
295,2,Slow,0.3767735958099365,976,326
296,1,Fast,0.870361328125,1084,948
296,1,Fast,0.8686932921409607,986,717
296,1,Fast,0.8650383353233337,1024,812
296,1,Fast,0.8603072166442871,1173,852
296,1,Fast,0.7505459785461426,946,332
296,1,Fast,0.708080530166626,820,647
296,1,Fast,0.6762658953666687,936,597
296,1,Fast,0.44150882959365845,920,319
296,2,Slow,0.3663652241230011,977,324
296,1,Fast,0.3204272389411926,915,664
297,1,Fast,0.8768979907035828,988,724
297,1,Fast,0.8716183304786682,1167,841
297,1,Fast,0.867904543876648,1090,960
297,1,Fast,0.8605130314826965,1028,820
297,1,Fast,0.7073490619659424,945,331
297,1,Fast,0.4800235331058502,938,603
297,1,Fast,0.47299724817276,823,651
297,1,Fast,0.37910738587379456,920,317
297,2,Slow,0.33451664447784424,977,322
298,1,Fast,0.878587543964386,992,732
298,1,Fast,0.8696393370628357,1160,829
298,1,Fast,0.8637661933898926,1096,973
298,1,Fast,0.8566067218780518,1032,829
298,1,Fast,0.6911945343017578,945,329
298,1,Fast,0.637165904045105,941,608
298,1,Fast,0.595533013343811,919,675
298,1,Fast,0.5233879685401917,823,655
299,1,Fast,0.8770485520362854,1153,819
299,1,Fast,0.8714518547058105,996,739
299,1,Fast,0.8474291563034058,1037,839
299,1,Fast,0.8101759552955627,922,680
299,1,Fast,0.8012004494667053,1102,985
299,1,Fast,0.697148859500885,943,613
299,1,Fast,0.6679430603981018,944,326
299,1,Fast,0.5682008862495422,824,660
299,1,Fast,0.5076748132705688,919,313
300,1,Fast,0.8838183283805847,1146,808
300,1,Fast,0.8737155199050903,999,747
300,1,Fast,0.8643401861190796,1041,849
300,1,Fast,0.8451168537139893,1108,998
300,1,Fast,0.8374081254005432,923,686
300,1,Fast,0.8356693983078003,826,664
300,1,Fast,0.8187237977981567,945,619
300,1,Fast,0.7317154407501221,943,324
300,1,Fast,0.5595072507858276,919,309
301,1,Fast,0.8874242901802063,1003,755
301,1,Fast,0.8785117864608765,1140,797
301,1,Fast,0.8675951957702637,1046,858
301,1,Fast,0.8259174227714539,926,691
301,1,Fast,0.8211286067962646,947,624
301,1,Fast,0.8010067939758301,1114,1012
301,1,Fast,0.7356780171394348,942,322
301,1,Fast,0.7137547135353088,918,307
301,1,Fast,0.7014201879501343,828,668
302,1,Fast,0.8944255709648132,1006,762
302,1,Fast,0.8745379447937012,1051,868
302,1,Fast,0.8422291874885559,1134,788
302,1,Fast,0.8257806897163391,950,630
302,1,Fast,0.822685182094574,927,698
302,1,Fast,0.7568071484565735,941,320
302,1,Fast,0.7424583435058594,829,671
302,1,Fast,0.7319426536560059,1121,1025
302,1,Fast,0.7256888747215271,918,305
303,1,Fast,0.88974928855896,1010,771
303,1,Fast,0.873032808303833,1055,878
303,1,Fast,0.848110556602478,930,704
303,1,Fast,0.846520185470581,1127,778
303,1,Fast,0.8303989768028259,952,636
303,1,Fast,0.7867633104324341,940,318
303,1,Fast,0.7667998671531677,830,676
303,1,Fast,0.680657684803009,1128,1039
303,1,Fast,0.6273398399353027,918,303
304,1,Fast,0.8890858888626099,1014,779
304,1,Fast,0.8752646446228027,1060,888
304,1,Fast,0.8619651794433594,1121,767
304,1,Fast,0.8381210565567017,933,710
304,1,Fast,0.831063449382782,954,641
304,1,Fast,0.7815042734146118,940,316
304,1,Fast,0.5959340333938599,917,301
304,1,Fast,0.35622748732566833,830,678
304,1,Fast,0.3100411891937256,1137,1046
305,1,Fast,0.8926695585250854,1018,787
305,1,Fast,0.8818267583847046,1064,898
305,1,Fast,0.8341046571731567,1116,757
305,1,Fast,0.826460599899292,935,716
305,1,Fast,0.8197296261787415,957,648
305,1,Fast,0.7636476159095764,940,314
305,1,Fast,0.4983229339122772,917,299
305,1,Fast,0.3152375817298889,1146,1053
305,1,Fast,0.307940810918808,832,682
306,1,Fast,0.8912284970283508,1022,796
306,1,Fast,0.8777991533279419,1069,909
306,1,Fast,0.8564256429672241,1111,748
306,1,Fast,0.8264702558517456,960,653
306,1,Fast,0.7922919392585754,939,312
306,1,Fast,0.7773556709289551,939,723
306,1,Fast,0.5347781181335449,1154,1060
306,1,Fast,0.4680440127849579,917,297
307,1,Fast,0.8901571035385132,1026,805
307,1,Fast,0.8737114667892456,1074,919
307,1,Fast,0.8308566808700562,1105,739
307,1,Fast,0.8147064447402954,962,660
307,1,Fast,0.8038519024848938,939,310
307,1,Fast,0.7863982915878296,940,730
307,1,Fast,0.6290122270584106,917,295
307,1,Fast,0.6169236302375793,837,694
308,1,Fast,0.8928779363632202,1030,814
308,1,Fast,0.8912632465362549,1079,930
308,1,Fast,0.851582944393158,943,736
308,1,Fast,0.8255669474601746,965,667
308,1,Fast,0.8080837726593018,940,308
308,1,Fast,0.7988147735595703,1101,730
308,1,Fast,0.745669424533844,839,700
308,1,Fast,0.6350122094154358,917,294
309,1,Fast,0.9003814458847046,1033,823
309,1,Fast,0.8855159878730774,1084,941
309,1,Fast,0.8499850630760193,1096,721
309,1,Fast,0.8357494473457336,945,742
309,1,Fast,0.8131207823753357,968,673
309,1,Fast,0.8107254505157471,841,702
309,1,Fast,0.7456082701683044,939,306
309,1,Fast,0.5278261303901672,917,291
310,1,Fast,0.8897097706794739,1037,832
310,1,Fast,0.8809523582458496,1089,952
310,1,Fast,0.841019332408905,970,679
310,1,Fast,0.8291298151016235,843,706
310,1,Fast,0.797521710395813,1090,712
310,1,Fast,0.7845080494880676,948,750
310,1,Fast,0.7285669445991516,939,304
310,1,Fast,0.5373650193214417,916,289
311,1,Fast,0.8905056715011597,1042,843
311,1,Fast,0.8536654114723206,974,686
311,1,Fast,0.8475566506385803,1096,964
311,1,Fast,0.7790752053260803,1086,703
311,1,Fast,0.7647794485092163,938,302
311,1,Fast,0.6806414723396301,844,711
311,1,Fast,0.6010963320732117,952,758
311,1,Fast,0.5696408748626709,916,287
312,1,Fast,0.9030108451843262,1046,852
312,1,Fast,0.8715667724609375,977,692
312,1,Fast,0.8583253622055054,1101,976
312,1,Fast,0.8402801752090454,954,764
312,1,Fast,0.7361370921134949,938,300
312,1,Fast,0.715644896030426,1080,695
312,1,Fast,0.5591870546340942,846,718
312,1,Fast,0.4589681029319763,916,285
313,1,Fast,0.889666736125946,1051,862
313,1,Fast,0.8660975694656372,1108,989
313,1,Fast,0.8585507273674011,980,698
313,1,Fast,0.8557065725326538,957,771
313,1,Fast,0.7927125692367554,1075,687
313,1,Fast,0.7231658697128296,937,299
313,1,Fast,0.40152600407600403,915,284
313,1,Fast,0.3241058588027954,848,722
314,1,Fast,0.895226776599884,1055,872
314,1,Fast,0.8836117386817932,983,705
314,1,Fast,0.864902138710022,1114,1002
314,1,Fast,0.8582020401954651,959,779
314,1,Fast,0.8159817457199097,1071,679
314,1,Fast,0.7450688481330872,936,297
314,1,Fast,0.516862154006958,850,726
314,1,Fast,0.3144766092300415,915,282
315,1,Fast,0.8986359238624573,1060,882
315,1,Fast,0.884633481502533,986,712
315,1,Fast,0.8508056998252869,1120,1014
315,1,Fast,0.8427419662475586,962,787
315,1,Fast,0.7783266305923462,1067,671
315,1,Fast,0.7658154368400574,937,295
315,1,Fast,0.7053909301757812,852,732
316,1,Fast,0.8936028480529785,1066,892
316,1,Fast,0.8838595151901245,989,720
316,1,Fast,0.8588733077049255,964,795
316,1,Fast,0.8113531470298767,854,737
316,1,Fast,0.7943646907806396,936,293
316,1,Fast,0.7740641236305237,1063,664
316,1,Fast,0.6254130601882935,1126,1027
317,1,Fast,0.8930526375770569,1071,904
317,1,Fast,0.8868553638458252,992,727
317,1,Fast,0.8682798743247986,968,802
317,1,Fast,0.8171627521514893,856,742
317,1,Fast,0.7874035835266113,936,291
317,1,Fast,0.7737734317779541,1133,1040
317,1,Fast,0.6176766157150269,1059,656
318,1,Fast,0.8959376811981201,1076,915
318,1,Fast,0.8688318729400635,996,735
318,1,Fast,0.8635864853858948,970,810
318,1,Fast,0.8074342608451843,857,748
318,1,Fast,0.783210277557373,936,289
318,1,Fast,0.6471878290176392,1055,648
318,1,Fast,0.587300181388855,1139,1048
319,1,Fast,0.8952682614326477,1081,925
319,1,Fast,0.8817638754844666,999,742
319,1,Fast,0.8717435598373413,974,818
319,1,Fast,0.809071958065033,936,288
319,1,Fast,0.7181950807571411,860,753
319,1,Fast,0.63356614112854,1052,640
320,1,Fast,0.9005858898162842,1086,937
320,1,Fast,0.8764721751213074,1003,752
320,1,Fast,0.7804929614067078,936,286
320,1,Fast,0.7251396775245667,862,758
320,1,Fast,0.6998507380485535,977,825
320,1,Fast,0.6632620692253113,1048,633
321,1,Fast,0.8998964428901672,1092,948
321,1,Fast,0.8929111361503601,1007,759
321,1,Fast,0.8707871437072754,980,834
321,1,Fast,0.7544675469398499,864,763
321,1,Fast,0.5288587212562561,936,284
321,1,Fast,0.47801336646080017,1043,626
322,1,Fast,0.8943490982055664,1098,960
322,1,Fast,0.885773777961731,1010,767
322,1,Fast,0.8600485324859619,984,842
322,1,Fast,0.7004037499427795,1039,620
322,1,Fast,0.45505720376968384,867,768
322,1,Fast,0.41389235854148865,935,282
323,1,Fast,0.892603874206543,1103,972
323,1,Fast,0.8788747191429138,1014,775
323,1,Fast,0.8706921935081482,987,851
323,1,Fast,0.6686142683029175,1036,613
323,1,Fast,0.6613305807113647,868,774
323,1,Fast,0.5304811596870422,935,281
324,1,Fast,0.8938813209533691,1018,784
324,1,Fast,0.8858293294906616,1109,985
324,1,Fast,0.8179553151130676,992,860
324,1,Fast,0.8178914785385132,871,781
324,1,Fast,0.6249804496765137,1032,607
324,1,Fast,0.4365125000476837,935,279
325,1,Fast,0.8860848546028137,1115,998
325,1,Fast,0.8783472776412964,1022,792
325,1,Fast,0.8543766140937805,872,787
325,1,Fast,0.8375806212425232,995,868
325,1,Fast,0.7518170475959778,1030,600
325,1,Fast,0.5529924035072327,934,277
326,1,Fast,0.8854768872261047,1122,1010
326,1,Fast,0.8742462396621704,1026,800
326,1,Fast,0.8477763533592224,875,793
326,1,Fast,0.8310844302177429,1027,594
326,1,Fast,0.8209441900253296,999,877
326,1,Fast,0.47152695059776306,934,275
327,1,Fast,0.8852404952049255,1030,809
327,1,Fast,0.8625435829162598,1129,1023
327,1,Fast,0.8611413836479187,1002,887
327,1,Fast,0.8514246940612793,877,798
327,1,Fast,0.8003513216972351,1024,587
327,1,Fast,0.5055992603302002,934,273
328,1,Fast,0.8909933567047119,1034,817
328,1,Fast,0.8536901473999023,1006,897
328,1,Fast,0.8154813051223755,879,804
328,1,Fast,0.8058285713195801,1136,1035
328,1,Fast,0.7977887392044067,1021,580
328,1,Fast,0.6189489364624023,934,271
329,1,Fast,0.8907726407051086,1039,826
329,1,Fast,0.8737595677375793,1009,907
329,1,Fast,0.8487005233764648,881,810
329,1,Fast,0.73649001121521,1017,575
329,1,Fast,0.5772966146469116,1144,1042
329,1,Fast,0.3873521387577057,934,270
330,1,Fast,0.8861114382743835,1043,837
330,1,Fast,0.8833829760551453,1012,915
330,1,Fast,0.8452334403991699,884,816
330,1,Fast,0.8039965629577637,1013,569
330,1,Fast,0.4197404086589813,1157,1049
330,1,Fast,0.3032713532447815,934,268
331,1,Fast,0.8834046125411987,1048,846
331,1,Fast,0.8740234375,1016,925
331,1,Fast,0.821658730506897,886,823
331,1,Fast,0.815624475479126,1011,563
332,1,Fast,0.8951730728149414,1052,857
332,1,Fast,0.8808310627937317,1020,935
332,1,Fast,0.8305879831314087,888,829
332,1,Fast,0.8121906518936157,1008,557
332,1,Fast,0.3812731206417084,933,266
333,1,Fast,0.8933280110359192,1057,866
333,1,Fast,0.8697606325149536,1024,944
333,1,Fast,0.8321362137794495,890,835
333,1,Fast,0.8107398152351379,1005,552
333,1,Fast,0.39369502663612366,933,264
334,1,Fast,0.8940115571022034,1062,877
334,1,Fast,0.8475773930549622,893,842
334,1,Fast,0.7938147783279419,1029,955
334,1,Fast,0.717221200466156,1002,546
334,1,Fast,0.39869219064712524,933,262
335,1,Fast,0.8977090120315552,1067,887
335,1,Fast,0.8759323358535767,1034,965
335,1,Fast,0.8443742990493774,895,848
335,1,Fast,0.8168781995773315,1000,540
336,1,Fast,0.892081081867218,1071,897
336,1,Fast,0.868470311164856,997,534
336,1,Fast,0.8517600297927856,898,854
336,1,Fast,0.8059834241867065,1039,977
336,1,Fast,0.3092567026615143,870,354
337,1,Fast,0.8896676898002625,1077,909
337,1,Fast,0.8531358242034912,900,861
337,1,Fast,0.8513242602348328,996,529
337,1,Fast,0.34641560912132263,1044,988
338,1,Fast,0.8878149390220642,1083,920
338,1,Fast,0.841602087020874,993,523
338,1,Fast,0.8308372497558594,902,869
338,1,Fast,0.6574658155441284,1050,999
339,1,Fast,0.8901650905609131,1088,929
339,1,Fast,0.837213397026062,991,519
339,1,Fast,0.8297439217567444,905,875
339,1,Fast,0.7666541934013367,1054,1012
340,1,Fast,0.8943710923194885,1093,941
340,1,Fast,0.8249436616897583,908,883
340,1,Fast,0.8208663463592529,988,514
340,1,Fast,0.8074212074279785,1059,1024
341,1,Fast,0.8885612487792969,1099,953
341,1,Fast,0.8326285481452942,911,890
341,1,Fast,0.8206952214241028,986,510
341,1,Fast,0.8136078715324402,1064,1037
342,1,Fast,0.887856662273407,1105,965
342,1,Fast,0.8381189703941345,913,897
342,1,Fast,0.8372743129730225,983,504
342,1,Fast,0.719533383846283,1070,1044
343,1,Fast,0.8865641355514526,1111,979
343,1,Fast,0.8376873135566711,982,500
343,1,Fast,0.834367036819458,916,905
343,1,Fast,0.41040775179862976,873,375
344,1,Fast,0.8815652132034302,1117,991
344,1,Fast,0.843414843082428,918,913
344,1,Fast,0.8152060508728027,979,494
344,1,Fast,0.35019129514694214,873,378
345,1,Fast,0.8919274210929871,1123,1004
345,1,Fast,0.8294277787208557,978,490
345,1,Fast,0.8281404376029968,921,922
345,1,Fast,0.4257819652557373,874,381
346,1,Fast,0.8414334058761597,1130,1017
346,1,Fast,0.8211615085601807,975,485
346,1,Fast,0.7257944345474243,923,930
346,1,Fast,0.4461718499660492,875,385
347,1,Fast,0.774994432926178,1137,1030
347,1,Fast,0.7555651068687439,974,480
347,1,Fast,0.7082959413528442,927,938
347,1,Fast,0.5292596220970154,876,389
348,1,Fast,0.8306230306625366,972,476
348,1,Fast,0.7968346476554871,1145,1042
348,1,Fast,0.6769699454307556,929,949
349,1,Fast,0.8158808350563049,969,472
349,1,Fast,0.7593991756439209,932,957
349,1,Fast,0.6706139445304871,1152,1049
350,1,Fast,0.821679949760437,935,963
350,1,Fast,0.8117401599884033,967,467
350,1,Fast,0.4950215220451355,1417,1004
350,1,Fast,0.36982813477516174,878,399
350,1,Fast,0.33224838972091675,1166,1056
351,1,Fast,0.837211012840271,938,972
351,1,Fast,0.8256891369819641,965,464
351,1,Fast,0.36518028378486633,1409,994
351,1,Fast,0.34926101565361023,879,403
351,1,Fast,0.3314068615436554,1177,1064
352,1,Fast,0.8464818596839905,942,982
352,1,Fast,0.8139339685440063,964,460
352,1,Fast,0.433375746011734,879,407
352,1,Fast,0.3970314860343933,1401,983
353,1,Fast,0.8201582431793213,945,990
353,1,Fast,0.7744023203849792,1392,971
353,1,Fast,0.772925615310669,962,455
354,1,Fast,0.7812867760658264,948,1000
354,1,Fast,0.6855717301368713,1387,960
354,1,Fast,0.6307780146598816,961,451
355,1,Fast,0.7607132196426392,958,447
355,1,Fast,0.6390889286994934,951,1010
355,1,Fast,0.4644315838813782,1377,951
356,1,Fast,0.7377132177352905,957,443
357,1,Fast,0.7840914726257324,956,439
357,1,Fast,0.4583328664302826,884,426
358,1,Fast,0.7602494955062866,955,436
358,1,Fast,0.6176621317863464,884,430
359,1,Fast,0.7135489583015442,953,432
359,1,Fast,0.5958093404769897,886,435
360,1,Fast,0.7849704027175903,886,438
360,1,Fast,0.7609012722969055,951,429
360,1,Fast,0.456490695476532,1342,903
361,1,Fast,0.8077706098556519,887,442
361,1,Fast,0.7106267213821411,950,425
361,1,Fast,0.5272178649902344,1347,1015
362,1,Fast,0.8132575154304504,889,446
362,1,Fast,0.7404919266700745,1338,1003
362,1,Fast,0.6901652216911316,949,421
363,1,Fast,0.8125754594802856,890,450
363,1,Fast,0.748965322971344,947,417
363,1,Fast,0.7061378359794617,1329,991
364,1,Fast,0.8194288611412048,891,454
364,1,Fast,0.7987775802612305,946,413
364,1,Fast,0.6133449077606201,1321,979
365,1,Fast,0.8240270018577576,892,458
365,1,Fast,0.8122797012329102,1313,967
365,1,Fast,0.7966699600219727,945,410
366,1,Fast,0.8388482928276062,894,463
366,1,Fast,0.744562029838562,944,407
366,1,Fast,0.642548143863678,1304,955
367,1,Fast,0.8539434671401978,895,467
367,1,Fast,0.7559105157852173,942,403
367,1,Fast,0.7218760848045349,1296,944
368,1,Fast,0.8542747497558594,896,471
368,1,Fast,0.6739599108695984,942,400
368,1,Fast,0.6132392883300781,1291,835
368,1,Fast,0.5299032330513,1289,932
369,1,Fast,0.8451658487319946,898,476
369,1,Fast,0.8099292516708374,1281,922
369,1,Fast,0.7023661732673645,939,396
369,1,Fast,0.6192194223403931,1284,829
370,1,Fast,0.8561220765113831,900,481
370,1,Fast,0.6997303366661072,938,393
371,1,Fast,0.8507048487663269,901,485
371,1,Fast,0.6304183006286621,937,390
371,1,Fast,0.43634313344955444,1267,900
372,1,Fast,0.8491547703742981,902,490
372,1,Fast,0.7032732963562012,936,386
372,1,Fast,0.3793278634548187,1261,891
373,1,Fast,0.8457504510879517,904,494
373,1,Fast,0.8016190528869629,1255,881
373,1,Fast,0.7014480829238892,935,383
373,1,Fast,0.49082955718040466,1263,798
374,1,Fast,0.8209656476974487,906,500
374,1,Fast,0.6676419973373413,934,379
374,1,Fast,0.6496381163597107,1259,791
374,1,Fast,0.3334394097328186,1248,871
375,1,Fast,0.7299416661262512,907,505
375,1,Fast,0.7207054495811462,1241,861
375,1,Fast,0.6915022134780884,933,376
375,1,Fast,0.3332432508468628,1254,784
376,1,Fast,0.7616106867790222,932,373
376,1,Fast,0.7574122548103333,910,510
376,1,Fast,0.4967799186706543,1235,852
377,1,Fast,0.8009655475616455,911,516
377,1,Fast,0.7516862154006958,931,371
377,1,Fast,0.5311973094940186,1228,841
378,1,Fast,0.8220734000205994,913,520
378,1,Fast,0.7059509754180908,1223,833
378,1,Fast,0.6812191605567932,930,368
378,2,Slow,0.3802947402000427,886,436
379,1,Fast,0.8582949042320251,915,527
379,1,Fast,0.6409851312637329,928,364
379,1,Fast,0.33527207374572754,1216,824
380,1,Fast,0.8297327160835266,917,531
380,1,Fast,0.6394949555397034,928,361
380,2,Slow,0.3215245008468628,887,444
381,1,Fast,0.851608157157898,919,537
381,1,Fast,0.7683212757110596,927,358
382,1,Fast,0.8715616464614868,921,543
382,1,Fast,0.7458472847938538,927,355
383,1,Fast,0.8576303720474243,923,549
383,1,Fast,0.819749116897583,927,352
384,1,Fast,0.8676773905754089,925,555
384,1,Fast,0.8074470162391663,926,349
384,1,Fast,0.31369197368621826,1190,781
385,1,Fast,0.8576845526695251,927,561
385,1,Fast,0.8190082311630249,925,347
385,1,Fast,0.702540397644043,1184,774
385,1,Fast,0.5829518437385559,1279,1019
386,1,Fast,0.8600044250488281,930,566
386,1,Fast,0.7389418482780457,924,345
386,1,Fast,0.7325270175933838,1178,766
386,1,Fast,0.5546996593475342,1200,709
386,1,Fast,0.5129584670066833,1270,1004
387,1,Fast,0.8613991141319275,932,573
387,1,Fast,0.7911915183067322,924,342
387,1,Fast,0.4826505780220032,1261,990
388,1,Fast,0.8592084050178528,934,579
388,1,Fast,0.7791226506233215,923,340
388,1,Fast,0.5036281943321228,1168,750
388,1,Fast,0.49033430218696594,1253,977
389,1,Fast,0.8878294825553894,936,586
389,1,Fast,0.770464301109314,922,337
389,1,Fast,0.5146132707595825,1243,963
389,1,Fast,0.49754419922828674,1164,743
389,1,Fast,0.4212130606174469,901,485
390,1,Fast,0.864138126373291,939,592
390,1,Fast,0.6910190582275391,922,335
390,1,Fast,0.6414798498153687,902,490
390,1,Fast,0.31939196586608887,1234,950
391,1,Fast,0.8459941148757935,942,599
391,1,Fast,0.7692421078681946,922,332
391,1,Fast,0.36106371879577637,904,495
392,1,Fast,0.8633244633674622,945,606
392,1,Fast,0.7616434097290039,922,328
393,1,Fast,0.862260639667511,948,612
393,1,Fast,0.7873804569244385,921,327
394,1,Fast,0.8716475367546082,950,620
394,1,Fast,0.8092762231826782,921,325
394,1,Fast,0.41373875737190247,1141,705
394,1,Fast,0.30770429968833923,1169,664
395,1,Fast,0.8742172122001648,953,627
395,1,Fast,0.799572229385376,920,323
395,1,Fast,0.688714861869812,1137,699
395,1,Fast,0.3572416305541992,1165,658
396,1,Fast,0.8734159469604492,956,634
396,1,Fast,0.7477232217788696,919,320
396,1,Fast,0.4871627986431122,1133,693
397,1,Fast,0.8653125166893005,959,642
397,1,Fast,0.7690285444259644,919,318
397,1,Fast,0.7151833772659302,916,528
398,1,Fast,0.864048957824707,962,649
398,1,Fast,0.5887118577957153,919,317
399,1,Fast,0.8560869097709656,966,657
399,1,Fast,0.6342786550521851,1120,674
399,1,Fast,0.5607650876045227,920,539
399,1,Fast,0.5337715148925781,919,313
400,1,Fast,0.8749788999557495,969,664
400,1,Fast,0.7427301406860352,919,311
400,1,Fast,0.5446443557739258,1166,837
401,1,Fast,0.8648900985717773,972,673
401,1,Fast,0.7556228637695312,919,308
401,1,Fast,0.5189913511276245,1160,825
402,1,Fast,0.8510065078735352,975,682
402,1,Fast,0.7700583934783936,918,306
403,1,Fast,0.8675771951675415,980,690
403,1,Fast,0.7514193058013916,917,304
404,1,Fast,0.8703434467315674,983,700
404,1,Fast,0.5206786394119263,916,302
405,1,Fast,0.8683865666389465,987,708
406,1,Fast,0.8705942034721375,990,717
406,1,Fast,0.6354109048843384,1094,632
406,1,Fast,0.46405208110809326,915,297
406,1,Fast,0.32072436809539795,1128,603
407,1,Fast,0.8753892779350281,995,725
407,1,Fast,0.5241560935974121,915,295
408,1,Fast,0.8627590537071228,999,735
408,1,Fast,0.5489233136177063,1472,1059
408,1,Fast,0.4155784845352173,915,293
409,1,Fast,0.8689569234848022,1003,745
409,1,Fast,0.7845470905303955,1458,1053
409,1,Fast,0.7163271903991699,1083,615
409,1,Fast,0.4672287404537201,841,386
410,1,Fast,0.8698664307594299,1008,755
410,1,Fast,0.8625394701957703,1447,1046
410,1,Fast,0.6146230697631836,1081,610
410,1,Fast,0.3202703595161438,842,389
411,1,Fast,0.8666279315948486,1012,765
411,1,Fast,0.8342175483703613,1439,1035
411,1,Fast,0.453117698431015,843,392
412,1,Fast,0.8758629560470581,1017,776
412,1,Fast,0.8527815937995911,1429,1024
412,1,Fast,0.7476791143417358,843,394
413,1,Fast,0.8822076320648193,1022,787
413,1,Fast,0.7201457619667053,1421,1013
413,1,Fast,0.5999158024787903,843,397
414,1,Fast,0.8806750774383545,1027,798
414,1,Fast,0.801849365234375,1413,1002
414,1,Fast,0.704541802406311,843,401
415,1,Fast,0.8878891468048096,1032,810
415,1,Fast,0.7687057256698608,1404,991
415,1,Fast,0.40039923787117004,844,404
416,1,Fast,0.8832388520240784,1037,820
416,1,Fast,0.860737144947052,1396,981
416,1,Fast,0.3190344572067261,844,407
417,1,Fast,0.8841927647590637,1388,970
417,1,Fast,0.8790855407714844,1043,832
418,1,Fast,0.8821236491203308,1048,844
418,1,Fast,0.873593270778656,1382,960
419,1,Fast,0.8843092322349548,1054,856
419,1,Fast,0.8614920377731323,1373,951
419,1,Fast,0.3959185481071472,846,416
420,1,Fast,0.8818202614784241,1060,869
420,1,Fast,0.8742284774780273,1366,941
420,1,Fast,0.5252565741539001,846,418
421,1,Fast,0.8837621808052063,1066,882
421,1,Fast,0.8665184378623962,1358,931
421,1,Fast,0.6480522751808167,848,421
421,1,Fast,0.4974832236766815,1048,556
422,1,Fast,0.874792218208313,1072,896
422,1,Fast,0.8689134120941162,1352,921
422,1,Fast,0.6346879005432129,847,425
423,1,Fast,0.8823406100273132,1079,910
423,1,Fast,0.8651150465011597,1345,912
423,1,Fast,0.6540838479995728,847,429
424,1,Fast,0.8889984488487244,1086,923
424,1,Fast,0.8704109191894531,1338,902
424,1,Fast,0.591363787651062,849,432
424,1,Fast,0.30814307928085327,1041,542
425,1,Fast,0.8842645287513733,1092,937
425,1,Fast,0.872123122215271,1331,893
425,1,Fast,0.47426164150238037,850,434
426,1,Fast,0.8919615149497986,1100,951
426,1,Fast,0.8520013689994812,1324,885
426,1,Fast,0.6710761785507202,851,439
427,1,Fast,0.8852444887161255,1107,967
427,1,Fast,0.838040292263031,1318,876
427,1,Fast,0.6759421825408936,852,442
428,1,Fast,0.8821009397506714,1115,981
428,1,Fast,0.821261465549469,1311,868
428,1,Fast,0.6660681962966919,852,445
429,1,Fast,0.8710322976112366,1123,998
429,1,Fast,0.8374977111816406,1305,860
429,1,Fast,0.6292343139648438,853,449
430,1,Fast,0.8677536249160767,1299,852
430,1,Fast,0.8448447585105896,1132,1014
430,1,Fast,0.659442663192749,854,453
430,1,Fast,0.4696789085865021,1028,517
430,1,Fast,0.33575016260147095,1024,788
430,1,Fast,0.32870134711265564,1032,602
431,1,Fast,0.8660454750061035,1293,845
431,1,Fast,0.853987455368042,1140,1031
431,1,Fast,0.750596284866333,855,457
432,1,Fast,0.8385306000709534,1287,836
432,1,Fast,0.768312931060791,1150,1043
432,1,Fast,0.7539241313934326,856,460
432,1,Fast,0.5977899432182312,1023,509
432,1,Fast,0.3533172011375427,1034,809
433,1,Fast,0.7827678918838501,1281,829
433,1,Fast,0.7557653188705444,1160,1051
433,1,Fast,0.7523936629295349,857,464
433,1,Fast,0.56424480676651,1038,820
433,1,Fast,0.554149329662323,1020,506
434,1,Fast,0.8139185309410095,1275,821
434,1,Fast,0.7077658176422119,857,468
434,1,Fast,0.6931759119033813,1019,501
434,1,Fast,0.5769279599189758,1044,831
435,1,Fast,0.8559471964836121,1269,814
435,1,Fast,0.6869499087333679,858,471
435,1,Fast,0.5836256742477417,1050,844
436,1,Fast,0.8334743976593018,1264,806
436,1,Fast,0.6808956265449524,859,475
436,1,Fast,0.4533081650733948,1015,493
437,1,Fast,0.8216805458068848,1259,799
437,1,Fast,0.6591361165046692,860,478
437,1,Fast,0.40589895844459534,1013,489
438,1,Fast,0.7558267116546631,1254,792
438,1,Fast,0.6559913754463196,1011,486
438,1,Fast,0.6164337992668152,861,482
438,1,Fast,0.36551839113235474,1009,557
438,1,Fast,0.3439982533454895,836,375
439,1,Fast,0.7666311264038086,1248,785
439,1,Fast,0.5849353671073914,862,487
439,1,Fast,0.5404502153396606,1010,482
440,1,Fast,0.7687935829162598,1243,776
440,1,Fast,0.6391146779060364,1007,479
440,1,Fast,0.47337621450424194,1004,547
440,1,Fast,0.3735244572162628,863,491
441,1,Fast,0.8514755964279175,1237,770
441,1,Fast,0.5703030228614807,1005,476
441,1,Fast,0.46802642941474915,1089,924
441,1,Fast,0.35793063044548035,1002,542
442,1,Fast,0.8143265247344971,1233,762
442,1,Fast,0.7266679406166077,1095,938
442,1,Fast,0.41026195883750916,1003,472
443,1,Fast,0.8531583547592163,1228,756
444,1,Fast,0.8484807014465332,1223,750
444,1,Fast,0.535188615322113,870,507
444,1,Fast,0.4270324409008026,1001,465
444,1,Fast,0.3500419855117798,838,391
445,1,Fast,0.758759617805481,1219,744
445,1,Fast,0.6131060123443604,839,393
445,1,Fast,0.3642778694629669,870,512
446,1,Fast,0.8326714634895325,991,518
446,1,Fast,0.811242401599884,1214,737
446,1,Fast,0.596929132938385,872,517
446,1,Fast,0.5938701033592224,839,397
446,1,Fast,0.5741592645645142,997,457
447,1,Fast,0.7949013113975525,989,513
447,1,Fast,0.7375684976577759,1209,731
447,1,Fast,0.6917703151702881,996,454
447,1,Fast,0.6791171431541443,839,400
447,1,Fast,0.53752601146698,873,521
448,1,Fast,0.8208187818527222,1205,725
448,1,Fast,0.6802765727043152,840,403
448,1,Fast,0.5715687870979309,986,508
448,1,Fast,0.5334689021110535,873,527
448,1,Fast,0.3099420368671417,994,450
448,1,Fast,0.3070999085903168,864,252
449,1,Fast,0.765211820602417,1201,719
449,1,Fast,0.5862584710121155,840,407
449,1,Fast,0.40096694231033325,864,254
450,1,Fast,0.7598594427108765,1197,712
450,1,Fast,0.7242723107337952,990,444
450,1,Fast,0.6786288022994995,982,499
450,1,Fast,0.3347773849964142,840,409
451,1,Fast,0.7598363161087036,1193,707
451,1,Fast,0.747455358505249,989,441
451,1,Fast,0.6739758849143982,877,541
451,1,Fast,0.4315183460712433,980,495
452,1,Fast,0.7084399461746216,988,438
452,1,Fast,0.5871170163154602,978,490
452,1,Fast,0.5755085349082947,1189,701
452,1,Fast,0.3369196951389313,864,258
453,1,Fast,0.7688318490982056,976,486
453,1,Fast,0.7018976807594299,883,551
453,1,Fast,0.6787729263305664,1184,695
453,1,Fast,0.6353351473808289,986,435
453,1,Fast,0.4523729085922241,863,260
453,1,Fast,0.3726211488246918,842,419
454,1,Fast,0.7514355182647705,884,555
454,1,Fast,0.7279902100563049,985,432
454,1,Fast,0.6780471801757812,974,481
454,1,Fast,0.5060006976127625,1180,689
454,1,Fast,0.31561657786369324,842,422
455,1,Fast,0.6205196380615234,983,430
455,1,Fast,0.5921694040298462,1176,683
455,1,Fast,0.4932612478733063,843,425
455,1,Fast,0.37754762172698975,972,477
456,1,Fast,0.7600465416908264,982,426
456,1,Fast,0.7459114789962769,1172,677
456,1,Fast,0.718855082988739,971,474
456,1,Fast,0.5729262828826904,844,429
456,1,Fast,0.5381150841712952,887,567
457,1,Fast,0.8263776302337646,888,572
457,1,Fast,0.7349031567573547,970,470
457,1,Fast,0.7087644338607788,981,424
457,1,Fast,0.63321453332901,1168,671
457,1,Fast,0.6056455373764038,844,432
457,1,Fast,0.3044872283935547,862,268
458,1,Fast,0.7097835540771484,1165,667
458,1,Fast,0.702345073223114,979,421
458,1,Fast,0.6960176825523376,967,467
458,1,Fast,0.5365021228790283,888,577
459,1,Fast,0.8031713962554932,965,462
459,1,Fast,0.7728191018104553,978,417
459,1,Fast,0.645634114742279,1161,661
459,1,Fast,0.6441269516944885,887,583
459,2,Slow,0.4208582937717438,873,400
460,1,Fast,0.8255399465560913,964,459
460,1,Fast,0.7777876853942871,977,415
460,1,Fast,0.5402692556381226,889,589
460,1,Fast,0.4209124445915222,1158,657
461,1,Fast,0.7940630912780762,962,454
461,1,Fast,0.791334867477417,976,411
461,1,Fast,0.6219473481178284,1389,1042
461,1,Fast,0.47500741481781006,1154,651
461,2,Slow,0.4332839548587799,876,408
462,1,Fast,0.7728643417358398,975,408
462,1,Fast,0.7469240427017212,961,451
462,2,Slow,0.37319764494895935,877,412
463,1,Fast,0.7595651745796204,960,447
463,1,Fast,0.7179455757141113,974,406
463,1,Fast,0.4463745355606079,849,455
463,1,Fast,0.3986330032348633,1368,1016
463,1,Fast,0.30094558000564575,1148,640
464,1,Fast,0.7843461632728577,958,444
464,1,Fast,0.6963664293289185,973,403
464,1,Fast,0.5613141655921936,850,457
464,1,Fast,0.5218238234519958,902,612
464,1,Fast,0.4980716407299042,1359,1002
464,1,Fast,0.3942109942436218,879,419
465,1,Fast,0.7011364102363586,957,440
465,1,Fast,0.6445174813270569,1348,987
465,1,Fast,0.5904886722564697,851,462
465,1,Fast,0.3858369290828705,972,401
465,1,Fast,0.321627140045166,880,422
465,1,Fast,0.32091230154037476,1141,630
466,1,Fast,0.851451575756073,1339,973
466,1,Fast,0.7208912968635559,852,466
466,1,Fast,0.6594903469085693,955,436
466,1,Fast,0.6276851892471313,880,427
467,1,Fast,0.7830648422241211,1328,959
467,1,Fast,0.6969571113586426,852,470
467,1,Fast,0.5337316393852234,953,433
467,1,Fast,0.37355905771255493,1134,622
467,2,Slow,0.35589730739593506,882,431
468,1,Fast,0.8660226464271545,1320,946
468,1,Fast,0.5472906231880188,854,474
468,1,Fast,0.5035720467567444,951,430
468,1,Fast,0.3117486536502838,1130,616
469,1,Fast,0.8374985456466675,1311,935
469,1,Fast,0.684099555015564,1128,611
469,1,Fast,0.4300535023212433,950,426
469,2,Slow,0.319606751203537,883,439
470,1,Fast,0.8623245358467102,1302,922
470,1,Fast,0.6914865374565125,1125,607
470,1,Fast,0.5032663345336914,855,483
471,1,Fast,0.7600507736206055,1293,909
471,1,Fast,0.5996490716934204,1122,602
472,1,Fast,0.8211928606033325,1284,897
472,1,Fast,0.5715190768241882,963,382
472,1,Fast,0.5316677093505859,1120,598
473,1,Fast,0.7081438302993774,1277,886
473,1,Fast,0.5486918091773987,946,412
473,1,Fast,0.325294554233551,963,379
474,1,Fast,0.7973358631134033,1269,876
474,1,Fast,0.7380854487419128,962,377
474,1,Fast,0.7182257175445557,944,409
474,1,Fast,0.5453150272369385,1112,589
474,1,Fast,0.455933541059494,886,458
474,1,Fast,0.3899479806423187,860,501
475,1,Fast,0.7272980809211731,1263,864
475,1,Fast,0.7157999277114868,944,406
475,1,Fast,0.663094162940979,961,375
475,1,Fast,0.38816630840301514,1109,584
475,1,Fast,0.36791566014289856,928,684
475,1,Fast,0.31386494636535645,861,504
476,1,Fast,0.7970836758613586,1254,852
476,1,Fast,0.7317876815795898,942,403
476,1,Fast,0.7123842239379883,1107,580
476,1,Fast,0.5959142446517944,960,373
477,1,Fast,0.8627827167510986,1246,841
477,1,Fast,0.6140297055244446,1105,576
477,1,Fast,0.5120547413825989,932,700
478,1,Fast,0.8574724197387695,1239,832
478,1,Fast,0.5945659875869751,958,368
478,1,Fast,0.5547835230827332,935,707
478,1,Fast,0.5370297431945801,864,517
478,1,Fast,0.48073288798332214,1103,572
478,1,Fast,0.4595484137535095,940,398
479,1,Fast,0.8519823551177979,1232,822
479,1,Fast,0.7130072116851807,938,716
479,1,Fast,0.6200205683708191,1100,569
479,1,Fast,0.5917237401008606,865,522
479,1,Fast,0.49993038177490234,957,365
479,1,Fast,0.36830630898475647,938,395
480,1,Fast,0.833423376083374,1227,812
480,1,Fast,0.6834999322891235,942,724
480,1,Fast,0.6825847029685974,1097,565
480,1,Fast,0.5433446168899536,867,526
480,1,Fast,0.44261932373046875,957,362
481,1,Fast,0.8147389888763428,1219,802
481,1,Fast,0.7701120972633362,1094,560
481,1,Fast,0.7014345526695251,868,532
481,1,Fast,0.5512784123420715,955,360
481,1,Fast,0.41306042671203613,937,388
482,1,Fast,0.8688915967941284,1213,790
482,1,Fast,0.7726961970329285,948,741
482,1,Fast,0.7443671822547913,1092,555
482,1,Fast,0.724144697189331,869,537
482,1,Fast,0.6658452153205872,955,357
482,1,Fast,0.41481876373291016,936,385
483,1,Fast,0.8002923130989075,1207,782
483,1,Fast,0.7703932523727417,955,355
483,1,Fast,0.7243671417236328,1089,551
483,1,Fast,0.7145342826843262,936,382
483,1,Fast,0.6472170352935791,871,542
484,1,Fast,0.8223658800125122,1200,773
484,1,Fast,0.7994564175605774,955,352
484,1,Fast,0.7901181578636169,935,379
484,1,Fast,0.6695161461830139,872,547
484,1,Fast,0.6029977202415466,1087,548
484,1,Fast,0.4787409007549286,955,757
485,1,Fast,0.8340625166893005,958,765
485,1,Fast,0.8100742697715759,1195,765
485,1,Fast,0.8007311224937439,954,350
485,1,Fast,0.76097571849823,934,376
485,1,Fast,0.6598210334777832,874,550
485,1,Fast,0.5481827259063721,1084,544
486,1,Fast,0.8448445200920105,1189,755
486,1,Fast,0.7791905999183655,933,373
486,1,Fast,0.7458042502403259,953,348
486,1,Fast,0.6691184639930725,876,556
486,1,Fast,0.35680508613586426,1081,540
487,1,Fast,0.8700183033943176,1183,747
487,1,Fast,0.739167332649231,964,784
487,1,Fast,0.7229703664779663,953,346
487,1,Fast,0.6711298823356628,877,560
487,1,Fast,0.6309519410133362,1078,536
487,1,Fast,0.49949172139167786,932,372
487,1,Fast,0.31246957182884216,907,516
488,1,Fast,0.8476031422615051,1177,738
488,1,Fast,0.7554510235786438,932,369
488,1,Fast,0.660896897315979,968,795
488,1,Fast,0.5867148041725159,1076,533
488,1,Fast,0.5262821316719055,879,566
488,1,Fast,0.48070886731147766,952,344
488,1,Fast,0.31203436851501465,867,340
489,1,Fast,0.8121569156646729,1171,729
489,1,Fast,0.8095309138298035,972,804
489,1,Fast,0.6962024569511414,932,366
489,1,Fast,0.5903350710868835,1074,528
489,1,Fast,0.5566166043281555,881,570
489,1,Fast,0.5538248419761658,867,344
490,1,Fast,0.8299030065536499,976,814
490,1,Fast,0.8007732033729553,1167,720
490,1,Fast,0.735777735710144,1072,525
490,1,Fast,0.7131226658821106,882,576
490,1,Fast,0.6019258499145508,930,363
490,1,Fast,0.5683521628379822,867,346
491,1,Fast,0.8502599596977234,980,824
491,1,Fast,0.828126847743988,1161,712
491,1,Fast,0.6725764274597168,867,349
491,1,Fast,0.6569783091545105,1071,522
491,1,Fast,0.6553995013237,884,582
491,1,Fast,0.6180922389030457,930,361
492,1,Fast,0.862808108329773,1155,703
492,1,Fast,0.8622269034385681,984,834
492,1,Fast,0.6738065481185913,867,352
492,1,Fast,0.6656453609466553,886,588
492,1,Fast,0.6117204427719116,929,358
492,1,Fast,0.5132877230644226,1068,518
493,1,Fast,0.8709325194358826,989,845
493,1,Fast,0.8471781611442566,1150,696
493,1,Fast,0.7242098450660706,868,356
493,1,Fast,0.6658750176429749,929,355
493,1,Fast,0.5848881006240845,1065,514
493,1,Fast,0.47905096411705017,888,593
494,1,Fast,0.8372641205787659,1146,689
494,1,Fast,0.8073648810386658,995,855
494,1,Fast,0.7524555325508118,868,359
494,1,Fast,0.7436188459396362,928,352
494,1,Fast,0.6881428956985474,889,602
494,1,Fast,0.3943166434764862,1063,511
495,1,Fast,0.8804075121879578,998,865
495,1,Fast,0.8405205011367798,1140,683
495,1,Fast,0.7704183459281921,927,349
495,1,Fast,0.7685283422470093,868,362
495,1,Fast,0.7324765920639038,891,607
495,1,Fast,0.5996705889701843,1061,507
496,1,Fast,0.8513175249099731,1136,675
496,1,Fast,0.813707709312439,869,365
496,1,Fast,0.762040913105011,1003,874
496,1,Fast,0.754578709602356,893,612
496,1,Fast,0.7483864426612854,927,347
496,1,Fast,0.4442336857318878,947,327
496,1,Fast,0.4398774802684784,1059,503
497,1,Fast,0.7952338457107544,1007,889
497,1,Fast,0.792687177658081,1131,667
497,1,Fast,0.7897519469261169,869,368
497,1,Fast,0.7422235608100891,895,617
497,1,Fast,0.7418232560157776,926,345
497,1,Fast,0.5857071280479431,1058,500
497,1,Fast,0.5731040835380554,947,326
498,1,Fast,0.8314490914344788,1012,901
498,1,Fast,0.8228420615196228,1127,660
498,1,Fast,0.7794959545135498,925,342
498,1,Fast,0.762283980846405,897,623
498,1,Fast,0.720366895198822,870,371
498,1,Fast,0.5237122178077698,946,324
499,1,Fast,0.8183948993682861,1017,912
499,1,Fast,0.7921212315559387,924,340
499,1,Fast,0.7895485758781433,899,631
499,1,Fast,0.7393051385879517,871,374
499,1,Fast,0.6960707306861877,1123,653
499,1,Fast,0.440367728471756,945,322
499,1,Fast,0.3054886758327484,1053,494
500,1,Fast,0.8690261840820312,1021,923
500,1,Fast,0.793901801109314,924,338
500,1,Fast,0.7887116074562073,1301,1047
500,1,Fast,0.7736319899559021,902,637
500,1,Fast,0.7062113881111145,871,378
500,1,Fast,0.5516195893287659,944,320
500,1,Fast,0.5181639194488525,1118,645
501,1,Fast,0.8551716804504395,1026,935
501,1,Fast,0.7923073768615723,923,335
501,1,Fast,0.7817558646202087,872,381
501,1,Fast,0.7628874182701111,904,644
501,1,Fast,0.6180188655853271,944,318
501,1,Fast,0.40359392762184143,1114,638
502,1,Fast,0.8687780499458313,1031,947
502,1,Fast,0.7816493511199951,872,384
502,1,Fast,0.7800053358078003,922,333
502,1,Fast,0.7693852782249451,906,650
502,1,Fast,0.7482298016548157,1109,631
502,1,Fast,0.6158338189125061,1048,483
502,1,Fast,0.60842365026474,943,316
502,1,Fast,0.5393478870391846,1280,1019
503,1,Fast,0.8917229175567627,1037,960
503,1,Fast,0.8099700808525085,1106,626
503,1,Fast,0.7526570558547974,873,387
503,1,Fast,0.7488781213760376,909,657
503,1,Fast,0.7444745898246765,922,331
503,1,Fast,0.719075083732605,1271,1004
503,1,Fast,0.7123541235923767,1046,480
503,1,Fast,0.6693950295448303,943,314
504,1,Fast,0.8874989151954651,1044,974
504,1,Fast,0.8140121102333069,911,664
504,1,Fast,0.7831850647926331,1045,478
504,1,Fast,0.7433907389640808,1262,990
504,1,Fast,0.689142644405365,921,328
504,1,Fast,0.6856761574745178,874,390
504,1,Fast,0.6851801872253418,1102,620
504,1,Fast,0.5477591156959534,942,312
505,1,Fast,0.8636105060577393,1050,988
505,1,Fast,0.8523046374320984,1098,614
505,1,Fast,0.8069949746131897,913,671
505,1,Fast,0.7814475893974304,1044,475
505,1,Fast,0.7763324975967407,1254,977
505,1,Fast,0.7459951639175415,875,395
505,1,Fast,0.721829354763031,921,326
505,1,Fast,0.6465744376182556,943,310
506,1,Fast,0.8287258148193359,915,678
506,1,Fast,0.8237181305885315,1041,472
506,1,Fast,0.7809926867485046,920,324
506,1,Fast,0.7626019716262817,1094,608
506,1,Fast,0.7238086462020874,1244,964
506,1,Fast,0.7075763940811157,942,307
506,1,Fast,0.6803719401359558,875,399
506,1,Fast,0.6604453325271606,1057,1001
507,1,Fast,0.8576273918151855,919,684
507,1,Fast,0.7906210422515869,1090,602
507,1,Fast,0.7859500646591187,920,322
507,1,Fast,0.7107287049293518,1039,469
507,1,Fast,0.6846051812171936,941,305
507,1,Fast,0.6655884385108948,877,403
507,1,Fast,0.5893990397453308,1236,950
507,1,Fast,0.549126386642456,1062,1017
508,1,Fast,0.8512260317802429,920,691
508,1,Fast,0.7245867848396301,919,320
508,1,Fast,0.658265233039856,1037,466
508,1,Fast,0.6491288542747498,877,406
508,1,Fast,0.5524975061416626,1229,938
508,1,Fast,0.5263582468032837,1086,596
508,1,Fast,0.49445629119873047,1068,1031
508,1,Fast,0.4334249198436737,942,304
509,1,Fast,0.8431673049926758,923,699
509,1,Fast,0.7625640034675598,879,410
509,1,Fast,0.7425737977027893,1035,462
509,1,Fast,0.4340463876724243,919,318
510,1,Fast,0.8522126078605652,926,707
510,1,Fast,0.7942057847976685,880,414
510,1,Fast,0.7227871417999268,1034,459
510,1,Fast,0.4166594445705414,919,316
510,1,Fast,0.3711422085762024,1079,584
511,1,Fast,0.8543993234634399,928,714
511,1,Fast,0.7638550400733948,881,418
511,1,Fast,0.7078032493591309,1033,457
512,1,Fast,0.8530425429344177,932,722
512,1,Fast,0.7587844133377075,883,423
512,1,Fast,0.5307813882827759,1031,454
513,1,Fast,0.8490890860557556,935,731
513,1,Fast,0.8276851177215576,884,427
513,1,Fast,0.768073320388794,1070,567
513,1,Fast,0.5069036483764648,1029,451
514,1,Fast,0.8522660136222839,938,738
514,1,Fast,0.824917733669281,885,431
514,1,Fast,0.7292938828468323,1067,561
514,1,Fast,0.6698697209358215,1027,448
515,1,Fast,0.8621435165405273,941,747
515,1,Fast,0.8431506752967834,886,435
515,1,Fast,0.7817676067352295,1025,445
515,1,Fast,0.7525370717048645,1063,556
515,1,Fast,0.5954870581626892,918,304
515,1,Fast,0.4761301577091217,981,704
516,1,Fast,0.8706337213516235,944,756
516,1,Fast,0.8385313153266907,1024,442
516,1,Fast,0.8338006138801575,887,439
516,1,Fast,0.75471431016922,1060,552
516,1,Fast,0.5594385862350464,917,303
516,1,Fast,0.4953745901584625,1172,845
517,1,Fast,0.8689014911651611,948,764
517,1,Fast,0.8440083861351013,889,443
517,1,Fast,0.7049773931503296,1023,440
517,1,Fast,0.6696368455886841,1165,836
517,1,Fast,0.6131739020347595,1057,546
517,1,Fast,0.49486270546913147,917,301
518,1,Fast,0.8671168684959412,951,773
518,1,Fast,0.8433395028114319,890,447
518,1,Fast,0.625176191329956,1054,540
518,1,Fast,0.5853421092033386,1022,437
518,1,Fast,0.3628111183643341,917,300
519,1,Fast,0.8706333637237549,955,782
519,1,Fast,0.831943929195404,891,452
519,1,Fast,0.5974246263504028,1021,435
519,1,Fast,0.48365873098373413,998,739
519,1,Fast,0.4506811797618866,1376,1050
519,1,Fast,0.4329336881637573,939,285
519,1,Fast,0.42519739270210266,1051,536
520,1,Fast,0.8714434504508972,958,792
520,1,Fast,0.8518281579017639,893,456
520,1,Fast,0.8495081663131714,1364,1043
520,1,Fast,0.532218337059021,1019,432
520,1,Fast,0.4405745267868042,1048,530
521,1,Fast,0.8725685477256775,961,801
521,1,Fast,0.8307581543922424,895,461
521,1,Fast,0.8204929232597351,1355,1033
521,1,Fast,0.6251936554908752,1045,525
521,1,Fast,0.47921067476272583,1017,429
522,1,Fast,0.8739895820617676,965,810
522,1,Fast,0.830808699131012,1345,1021
522,1,Fast,0.8164079189300537,896,466
522,1,Fast,0.8044834733009338,1043,520
522,1,Fast,0.5764718651771545,1017,426
522,1,Fast,0.33357709646224976,938,281
523,1,Fast,0.882948100566864,969,820
523,1,Fast,0.8689692616462708,1337,1008
523,1,Fast,0.8338344693183899,898,471
523,1,Fast,0.8214943408966064,1040,517
523,1,Fast,0.7029529809951782,1016,424
523,1,Fast,0.6106548309326172,1016,779
523,1,Fast,0.3092103898525238,938,280
524,1,Fast,0.8894232511520386,972,830
524,1,Fast,0.8744857907295227,1328,995
524,1,Fast,0.8503207564353943,900,475
524,1,Fast,0.8174755573272705,1037,512
524,1,Fast,0.8057312965393066,1020,789
524,1,Fast,0.6642902493476868,1014,422
524,1,Fast,0.42426714301109314,937,278
524,1,Fast,0.3455491065979004,915,287
525,1,Fast,0.8898738026618958,1320,983
525,1,Fast,0.8876695036888123,977,840
525,1,Fast,0.8500776886940002,901,480
525,1,Fast,0.7454266548156738,1035,507
525,1,Fast,0.5508754253387451,1012,419
525,1,Fast,0.4150845408439636,937,276
525,1,Fast,0.35117968916893005,915,285
526,1,Fast,0.8871005177497864,1310,971
526,1,Fast,0.8829630613327026,981,850
526,1,Fast,0.8573104739189148,902,485
526,1,Fast,0.7751922607421875,1010,417
526,1,Fast,0.7474524974822998,1030,811
526,1,Fast,0.5481909513473511,1032,503
527,1,Fast,0.8868223428726196,1303,960
527,1,Fast,0.884828507900238,986,862
527,1,Fast,0.861873984336853,904,490
527,1,Fast,0.748530924320221,1036,822
527,1,Fast,0.5706131458282471,1009,415
528,1,Fast,0.8888768553733826,1296,949
528,1,Fast,0.8839060664176941,991,873
528,1,Fast,0.867576003074646,906,496
528,1,Fast,0.8168962001800537,1042,833
528,1,Fast,0.7617237567901611,1007,412
529,1,Fast,0.8861696124076843,1288,939
529,1,Fast,0.8778824806213379,995,885
529,1,Fast,0.8618424534797668,908,501
529,1,Fast,0.7889301776885986,1007,409
529,1,Fast,0.6470301747322083,1047,845
530,1,Fast,0.8931412696838379,1281,927
530,1,Fast,0.8837235569953918,999,896
530,1,Fast,0.8566298484802246,909,506
530,1,Fast,0.7338128685951233,1005,407
530,1,Fast,0.5976560115814209,1052,856
531,1,Fast,0.8920823335647583,1004,908
531,1,Fast,0.8803655505180359,1273,916
531,1,Fast,0.8530392646789551,911,513
531,1,Fast,0.7263895869255066,1004,405
531,1,Fast,0.7192118763923645,1058,869
531,1,Fast,0.40265482664108276,1019,480
532,1,Fast,0.8881015181541443,1008,919
532,1,Fast,0.8808560371398926,1265,906
532,1,Fast,0.8496720194816589,913,518
532,1,Fast,0.7939528226852417,1064,882
532,1,Fast,0.7268692255020142,1002,402
532,1,Fast,0.7028448581695557,1017,477
532,1,Fast,0.3286885917186737,1338,1067
533,1,Fast,0.8937203884124756,1259,895
533,1,Fast,0.8911400437355042,1013,931
533,1,Fast,0.8707097172737122,915,524
533,1,Fast,0.7411108613014221,1001,400
533,1,Fast,0.7224298715591431,1015,473
533,1,Fast,0.7118222713470459,1070,894
533,1,Fast,0.37547409534454346,1325,1059
534,1,Fast,0.8983916640281677,1018,942
534,1,Fast,0.8595038652420044,917,530
534,1,Fast,0.8504800796508789,1251,885
534,1,Fast,0.8034308552742004,1076,907
534,1,Fast,0.7542176842689514,999,398
534,1,Fast,0.7489482760429382,1014,470
535,1,Fast,0.8877764940261841,1023,955
535,1,Fast,0.8810515403747559,1245,876
535,1,Fast,0.8722500205039978,919,536
535,1,Fast,0.8403027653694153,1295,1042
535,1,Fast,0.8393079042434692,1083,921
535,1,Fast,0.7116538286209106,1011,465
535,1,Fast,0.7034093737602234,998,395
536,1,Fast,0.8919618725776672,1090,934
536,1,Fast,0.8885027170181274,1028,968
536,1,Fast,0.8846427202224731,1238,867
536,1,Fast,0.880842387676239,921,542
536,1,Fast,0.8635501265525818,1285,1030
536,1,Fast,0.6613423824310303,998,393
536,1,Fast,0.6197954416275024,1009,461
537,1,Fast,0.8907525539398193,1274,1015
537,1,Fast,0.8856983184814453,1034,981
537,1,Fast,0.8767815828323364,1097,948
537,1,Fast,0.8655666708946228,1231,857
537,1,Fast,0.8559747934341431,924,548
537,1,Fast,0.5881191492080688,997,391
538,1,Fast,0.8970467448234558,1104,963
538,1,Fast,0.8966736793518066,1265,1000
538,1,Fast,0.8832730054855347,1225,848
538,1,Fast,0.8531683683395386,926,554
538,1,Fast,0.8480376601219177,1040,995
538,1,Fast,0.5584225058555603,996,389
539,1,Fast,0.8983960747718811,1255,986
539,1,Fast,0.8782543540000916,1219,839
539,1,Fast,0.8513582348823547,928,560
539,1,Fast,0.8431217670440674,1046,1010
539,1,Fast,0.8174241781234741,1111,977
539,1,Fast,0.706423819065094,994,387
540,1,Fast,0.8996434211730957,1246,973
540,1,Fast,0.8731510043144226,1213,829
540,1,Fast,0.8641244173049927,931,566
540,1,Fast,0.8597041368484497,1053,1025
540,1,Fast,0.8055599331855774,1118,992
540,1,Fast,0.7165732383728027,993,384
541,1,Fast,0.9016480445861816,1237,959
541,1,Fast,0.877606987953186,933,572
541,1,Fast,0.8723354339599609,1207,821
541,1,Fast,0.8691198825836182,1059,1037
541,1,Fast,0.7913717031478882,992,383
541,1,Fast,0.6156052350997925,999,441
541,1,Fast,0.585877001285553,1127,1007
542,1,Fast,0.9003846049308777,1229,946
542,1,Fast,0.8718606233596802,935,579
542,1,Fast,0.8561339974403381,1202,811
542,1,Fast,0.8295988440513611,1065,1044
542,1,Fast,0.8275795578956604,997,440
542,1,Fast,0.7960686683654785,992,380
543,1,Fast,0.8989381194114685,1221,933
543,1,Fast,0.8790988326072693,1196,804
543,1,Fast,0.8788629770278931,938,586
543,1,Fast,0.8152710199356079,1073,1052
543,1,Fast,0.7982562184333801,996,436
543,1,Fast,0.7618288993835449,991,378
544,1,Fast,0.8991515040397644,1212,920
544,1,Fast,0.8609631657600403,1190,795
544,1,Fast,0.8559831380844116,941,594
544,1,Fast,0.7970160841941833,1080,1060
544,1,Fast,0.789492130279541,993,432
544,1,Fast,0.7360299825668335,990,377
545,1,Fast,0.9049561619758606,1205,907
545,1,Fast,0.8722113966941833,944,601
545,1,Fast,0.8144319653511047,1185,786
545,1,Fast,0.740094006061554,989,374
545,1,Fast,0.6443400979042053,1092,1068
545,1,Fast,0.6439010500907898,992,430
546,1,Fast,0.9001219272613525,1198,895
546,1,Fast,0.8547151684761047,946,609
546,1,Fast,0.8499796986579895,1179,779
546,1,Fast,0.7325218915939331,988,372
546,1,Fast,0.6193481087684631,990,426
547,1,Fast,0.8908988237380981,1189,884
547,1,Fast,0.8766722679138184,950,616
547,1,Fast,0.8073782324790955,1174,771
547,1,Fast,0.5912209153175354,986,370
547,1,Fast,0.5173398852348328,989,423
548,1,Fast,0.9027488827705383,1183,873
548,1,Fast,0.8733628392219543,953,623
548,1,Fast,0.8697265982627869,1169,764
548,1,Fast,0.4397220015525818,986,369
549,1,Fast,0.8879427313804626,1176,862
549,1,Fast,0.8817586898803711,956,630
549,1,Fast,0.8636510372161865,1164,755
549,1,Fast,0.49973824620246887,985,366
550,1,Fast,0.8829272389411926,1169,850
550,1,Fast,0.8801798820495605,958,638
550,1,Fast,0.8620042204856873,1159,748
550,1,Fast,0.6199346780776978,984,364
550,1,Fast,0.45416149497032166,984,411
551,1,Fast,0.8897143006324768,1162,840
551,1,Fast,0.8812258839607239,1155,741
551,1,Fast,0.8703398704528809,962,646
551,1,Fast,0.7397030591964722,982,408
551,1,Fast,0.643706202507019,983,362
552,1,Fast,0.8905984163284302,1151,734
552,1,Fast,0.8852282762527466,1156,830
552,1,Fast,0.8540825247764587,965,655
552,1,Fast,0.746740996837616,981,406
552,1,Fast,0.4610323905944824,983,360
553,1,Fast,0.8755939602851868,1150,820
553,1,Fast,0.8694028258323669,1146,726
553,1,Fast,0.8409751653671265,968,663
553,1,Fast,0.7632007002830505,979,403
553,1,Fast,0.6102513670921326,981,358
554,1,Fast,0.8741649985313416,1142,719
554,1,Fast,0.8511738181114197,1144,809
554,1,Fast,0.8483823537826538,972,672
554,1,Fast,0.6389950513839722,978,400
554,1,Fast,0.5518869757652283,980,356
555,1,Fast,0.8733292818069458,1138,712
555,1,Fast,0.8534178733825684,1138,799
555,1,Fast,0.8372803330421448,976,681
555,1,Fast,0.7447740435600281,980,354
555,1,Fast,0.558947741985321,976,397
556,1,Fast,0.8711347579956055,1134,705
556,1,Fast,0.8602768778800964,1132,790
556,1,Fast,0.8239494562149048,980,691
556,1,Fast,0.7771618366241455,979,352
556,1,Fast,0.3951854705810547,975,393
557,1,Fast,0.8525153398513794,983,700
557,1,Fast,0.84405916929245,1126,780
557,1,Fast,0.8261492252349854,1130,699
557,1,Fast,0.7395884990692139,978,350
558,1,Fast,0.8668591380119324,1125,693
558,1,Fast,0.8408729434013367,987,709
558,1,Fast,0.8234248757362366,1120,771
558,1,Fast,0.7000468373298645,977,347
559,1,Fast,0.8636822700500488,991,719
559,1,Fast,0.853627622127533,1120,686
559,1,Fast,0.8459451794624329,1114,762
559,1,Fast,0.6723917722702026,977,346
560,1,Fast,0.8620538711547852,1109,753
560,1,Fast,0.8499887585639954,995,728
560,1,Fast,0.8445582985877991,1116,679
560,1,Fast,0.7012535333633423,977,344
560,1,Fast,0.6439719796180725,970,381
561,1,Fast,0.8352710604667664,1104,744
561,1,Fast,0.834754467010498,1112,674
561,1,Fast,0.8150827288627625,999,738
561,1,Fast,0.7551137804985046,976,342
561,1,Fast,0.7445914149284363,969,378
562,1,Fast,0.851800262928009,1108,669
562,1,Fast,0.8507567644119263,1098,736
562,1,Fast,0.8331700563430786,1004,748
562,1,Fast,0.7173768877983093,975,340
562,1,Fast,0.7144309878349304,968,377
563,1,Fast,0.8690831661224365,1104,662
563,1,Fast,0.862973153591156,1093,728
563,1,Fast,0.8256396651268005,1009,759
563,1,Fast,0.6863275170326233,974,338
563,1,Fast,0.4903731644153595,967,374
563,1,Fast,0.3363872468471527,991,518
564,1,Fast,0.8532720804214478,1088,720
564,1,Fast,0.8350167274475098,1101,656
564,1,Fast,0.821482241153717,1014,770
564,1,Fast,0.564972996711731,973,337
564,1,Fast,0.463172972202301,966,371
565,1,Fast,0.8639068603515625,1019,782
565,1,Fast,0.8524770736694336,1098,651
565,1,Fast,0.7891501188278198,1084,711
565,1,Fast,0.555597722530365,973,334
565,1,Fast,0.4918205738067627,964,368
566,1,Fast,0.8765063881874084,1024,795
566,1,Fast,0.8339349031448364,1094,644
566,1,Fast,0.696882963180542,1080,704
566,1,Fast,0.5020852088928223,971,332
566,1,Fast,0.30242830514907837,1395,970
567,1,Fast,0.882080614566803,1029,806
567,1,Fast,0.7898650169372559,1091,638
567,1,Fast,0.6166499853134155,1074,696
567,1,Fast,0.5561123490333557,1387,961
567,1,Fast,0.5013854503631592,971,331
567,2,Slow,0.5008969306945801,1447,1064
568,1,Fast,0.877167284488678,1035,818
568,1,Fast,0.783107340335846,1088,633
568,1,Fast,0.736972987651825,1380,952
568,1,Fast,0.7342281937599182,1070,687
568,2,Slow,0.5239677429199219,1439,1057
569,1,Fast,0.8705983757972717,1040,831
569,1,Fast,0.8354132175445557,1373,943
569,1,Fast,0.7740390300750732,1067,680
569,1,Fast,0.7518590688705444,1084,627
569,1,Fast,0.3404865860939026,969,327
569,1,Fast,0.3205198347568512,958,355
570,1,Fast,0.8610188364982605,1047,844
570,1,Fast,0.795805037021637,1080,622
570,1,Fast,0.7621890902519226,1062,673
570,1,Fast,0.6707782745361328,1365,933
570,1,Fast,0.5939862728118896,958,353
570,2,Slow,0.575297474861145,1421,1033
570,1,Fast,0.3558063805103302,969,326
571,1,Fast,0.8602513074874878,1053,858
571,1,Fast,0.8322617411613464,1077,617
571,1,Fast,0.770949125289917,1058,665
571,1,Fast,0.740240752696991,1359,924
571,1,Fast,0.595269501209259,958,351
571,1,Fast,0.44291040301322937,968,324
572,1,Fast,0.8374192118644714,1059,872
572,1,Fast,0.830535352230072,1074,611
572,1,Fast,0.8049404621124268,1055,658
572,1,Fast,0.7362214922904968,1351,915
572,1,Fast,0.6781316995620728,956,348
572,1,Fast,0.6372208595275879,968,322
573,1,Fast,0.864924967288971,1066,885
573,1,Fast,0.8281785249710083,1071,607
573,1,Fast,0.7719558477401733,1051,652
573,1,Fast,0.7070295214653015,955,346
573,1,Fast,0.6748152375221252,967,320
573,1,Fast,0.5647006034851074,1344,904
574,1,Fast,0.864479124546051,1072,900
574,1,Fast,0.8368326425552368,1068,601
574,1,Fast,0.8324345946311951,1047,646
574,1,Fast,0.6881619095802307,954,343
574,1,Fast,0.6688612699508667,967,318
574,1,Fast,0.5401309132575989,1337,895
575,1,Fast,0.8816413879394531,1079,914
575,1,Fast,0.8381381630897522,1065,596
575,1,Fast,0.7867652773857117,1044,639
575,1,Fast,0.7268511056900024,953,339
575,1,Fast,0.7047016024589539,1330,887
575,1,Fast,0.5673860907554626,967,317
576,1,Fast,0.8852655291557312,1086,929
576,1,Fast,0.836798906326294,1062,591
576,1,Fast,0.8165280818939209,1040,632
576,1,Fast,0.745425820350647,954,338
576,1,Fast,0.4995589554309845,967,317
576,1,Fast,0.37381285429000854,862,280
576,1,Fast,0.3416452407836914,965,463
577,1,Fast,0.8927510976791382,1093,945
577,1,Fast,0.8138121366500854,1059,586
577,1,Fast,0.7736424803733826,1036,627
577,1,Fast,0.6884986758232117,953,336
577,1,Fast,0.3911728858947754,966,315
578,1,Fast,0.893739640712738,1101,960
578,1,Fast,0.832305908203125,1033,620
578,1,Fast,0.7892276644706726,1057,581
578,1,Fast,0.7547600269317627,952,333
578,1,Fast,0.6255779266357422,1312,860
578,1,Fast,0.5306529402732849,876,459
578,1,Fast,0.4785098135471344,966,313
578,1,Fast,0.4045262634754181,861,283
579,1,Fast,0.8917173743247986,1110,976
579,1,Fast,0.8273419737815857,1030,614
579,1,Fast,0.7662853002548218,1054,576
579,1,Fast,0.7446451187133789,951,332
579,1,Fast,0.663135290145874,965,313
579,1,Fast,0.5542539358139038,1371,1045
579,1,Fast,0.5324272513389587,877,463
579,1,Fast,0.3594260811805725,1305,850
580,1,Fast,0.8908872604370117,1118,994
580,1,Fast,0.8124995827674866,1027,608
580,1,Fast,0.8078769445419312,1299,842
580,1,Fast,0.7909677028656006,1051,572
580,1,Fast,0.7073891162872314,951,329
580,1,Fast,0.6699473261833191,964,311
580,1,Fast,0.3356236219406128,1282,1032
581,1,Fast,0.8773247599601746,1126,1011
581,1,Fast,0.836574375629425,1023,601
581,1,Fast,0.8306856155395508,1049,567
581,1,Fast,0.7682942748069763,1293,834
581,1,Fast,0.7469650506973267,950,327
581,1,Fast,0.7284072041511536,964,310
581,1,Fast,0.6922946572303772,1271,1016
581,1,Fast,0.5763885378837585,957,444
582,1,Fast,0.8804377317428589,1135,1030
582,1,Fast,0.8427919149398804,1286,827
582,1,Fast,0.8417872786521912,1046,563
582,1,Fast,0.8251538276672363,1020,596
582,1,Fast,0.7865065932273865,949,325
582,1,Fast,0.7469272017478943,956,440
582,1,Fast,0.6649874448776245,964,308
582,1,Fast,0.6535623669624329,1261,1001
582,1,Fast,0.6021625399589539,1346,1006
583,1,Fast,0.8310034871101379,1017,590
583,1,Fast,0.8266836404800415,1043,557
583,1,Fast,0.7850465774536133,949,323
583,1,Fast,0.7836709022521973,1253,987
583,1,Fast,0.7717931270599365,1281,819
583,1,Fast,0.7487579584121704,955,437
583,1,Fast,0.6768990159034729,1146,1042
583,1,Fast,0.5363878607749939,964,307
584,1,Fast,0.8416159749031067,1014,584
584,1,Fast,0.8240653872489929,1040,553
584,1,Fast,0.8150163292884827,1276,811
584,1,Fast,0.7830560803413391,1153,1052
584,1,Fast,0.7702215313911438,1244,974
584,1,Fast,0.7484963536262512,947,321
584,1,Fast,0.6811346411705017,953,434
584,1,Fast,0.5454474687576294,963,306
584,1,Fast,0.5026645660400391,1327,981
585,1,Fast,0.8395076990127563,1012,578
585,1,Fast,0.8169318437576294,1039,548
585,1,Fast,0.7391500473022461,1270,803
585,1,Fast,0.7342342138290405,1236,959
585,1,Fast,0.7117964625358582,951,431
585,1,Fast,0.708916425704956,963,304
585,1,Fast,0.6699448227882385,946,318
585,1,Fast,0.4919116199016571,1320,970
586,1,Fast,0.8296025991439819,1009,573
586,1,Fast,0.8116229772567749,1036,544
586,1,Fast,0.7597459554672241,1228,946
586,1,Fast,0.7026418447494507,1312,960
586,1,Fast,0.6918721199035645,962,303
586,1,Fast,0.5884868502616882,889,494
586,1,Fast,0.5699149370193481,945,316
586,1,Fast,0.5699120163917542,1264,795
587,1,Fast,0.8313512206077576,1006,567
587,1,Fast,0.8014099597930908,1034,540
587,1,Fast,0.7821592092514038,889,498
587,1,Fast,0.7117370367050171,1259,788
587,1,Fast,0.6286596655845642,1220,933
587,1,Fast,0.6138516664505005,962,301
587,1,Fast,0.39187854528427124,943,314
588,1,Fast,0.8307017087936401,1003,562
588,1,Fast,0.8061312437057495,1298,938
588,1,Fast,0.7693238258361816,1031,536
588,1,Fast,0.7187617421150208,1212,920
588,1,Fast,0.6911389827728271,944,312
588,1,Fast,0.5977818965911865,891,502
588,1,Fast,0.5369665622711182,1255,780
588,1,Fast,0.4696599841117859,962,300
589,1,Fast,0.8377098441123962,1000,557
589,1,Fast,0.7891159653663635,1029,532
589,1,Fast,0.6875628232955933,944,310
589,1,Fast,0.6335216164588928,962,298
589,1,Fast,0.40253913402557373,1205,908
589,1,Fast,0.36971256136894226,893,507
590,1,Fast,0.8301199078559875,998,552
590,1,Fast,0.7250353097915649,1028,527
590,1,Fast,0.6438707113265991,943,308
590,1,Fast,0.629161536693573,961,297
590,1,Fast,0.5479000806808472,1243,766
590,1,Fast,0.4462861120700836,1198,896
591,1,Fast,0.8319129943847656,995,547
591,1,Fast,0.6806730031967163,943,307
591,1,Fast,0.6711165904998779,1026,522
591,1,Fast,0.632171094417572,944,411
591,1,Fast,0.5532469749450684,961,296
591,1,Fast,0.5162987112998962,1191,885
592,1,Fast,0.8043015003204346,993,541
592,1,Fast,0.7847716808319092,1233,751
592,1,Fast,0.7555242776870728,943,408
592,1,Fast,0.6570714116096497,1023,519
592,1,Fast,0.6548236012458801,943,305
592,1,Fast,0.6389017701148987,1183,873
592,1,Fast,0.6152567267417908,1271,897
592,1,Fast,0.5992549657821655,961,295
593,1,Fast,0.8016266226768494,990,535
593,1,Fast,0.7243596911430359,1021,517
593,1,Fast,0.7142019271850586,942,405
593,1,Fast,0.6892218589782715,943,303
593,1,Fast,0.6871241927146912,1228,745
593,1,Fast,0.6290436387062073,961,293
593,1,Fast,0.5083667635917664,1176,862
593,1,Fast,0.3201836943626404,864,263
594,1,Fast,0.8062418103218079,988,530
594,1,Fast,0.7689340114593506,1169,850
594,1,Fast,0.7609770894050598,941,403
594,1,Fast,0.7580465078353882,1018,512
594,1,Fast,0.7298805713653564,1224,739
594,1,Fast,0.6921283006668091,1258,876
594,1,Fast,0.6639469265937805,943,302
594,1,Fast,0.5970546007156372,961,292
594,1,Fast,0.3388307988643646,864,265
595,1,Fast,0.7962940335273743,986,525
595,1,Fast,0.7728020548820496,1016,508
595,1,Fast,0.6728838086128235,1219,733
595,1,Fast,0.6727910041809082,1162,840
595,1,Fast,0.6306933760643005,939,400
595,1,Fast,0.6091023683547974,1251,868
595,1,Fast,0.6041106581687927,961,290
595,1,Fast,0.5868160724639893,941,300
595,1,Fast,0.328708291053772,905,541
596,1,Fast,0.8120454549789429,1014,504
596,1,Fast,0.7921544313430786,983,521
596,1,Fast,0.7098021507263184,1156,829
596,1,Fast,0.6832593679428101,939,297
596,1,Fast,0.6041973233222961,1245,858
596,1,Fast,0.5302139520645142,961,289
596,1,Fast,0.43315473198890686,908,546
597,1,Fast,0.8120471835136414,1012,501
597,1,Fast,0.805983304977417,981,517
597,1,Fast,0.711540699005127,939,296
597,1,Fast,0.6854612827301025,1149,818
597,1,Fast,0.646570086479187,1210,719
597,1,Fast,0.5250639319419861,960,288
597,1,Fast,0.5188987851142883,908,551
597,1,Fast,0.44810763001441956,1239,849
598,1,Fast,0.7956365942955017,979,512
598,1,Fast,0.7675608992576599,938,294
598,1,Fast,0.7601978778839111,1232,840
598,1,Fast,0.7293100953102112,1010,497
598,1,Fast,0.4108307957649231,910,557
598,2,Slow,0.3934209942817688,1229,773
598,1,Fast,0.3825405538082123,1206,713
599,1,Fast,0.8261873126029968,1227,831
599,1,Fast,0.8042501211166382,1201,707
599,1,Fast,0.778874397277832,977,507
599,1,Fast,0.6043234467506409,938,292
599,1,Fast,0.5756721496582031,1008,492
599,2,Slow,0.5738686919212341,1225,766
599,1,Fast,0.4501824676990509,1140,798
599,2,Slow,0.40526527166366577,935,386
600,1,Fast,0.790724515914917,974,503
600,1,Fast,0.7409359216690063,1222,823
600,1,Fast,0.7398598790168762,1197,700
600,1,Fast,0.7055439352989197,938,290
600,1,Fast,0.5841293931007385,1007,489
600,1,Fast,0.5785918831825256,934,384
600,1,Fast,0.5739321112632751,915,568
601,1,Fast,0.7970367670059204,973,498
601,1,Fast,0.784662127494812,916,574
601,1,Fast,0.6960515379905701,1005,485
601,1,Fast,0.6644471883773804,938,289
601,1,Fast,0.6532374620437622,1216,814
601,1,Fast,0.46071821451187134,934,380
601,1,Fast,0.34851697087287903,862,278
602,1,Fast,0.792734682559967,972,494
602,1,Fast,0.7699677348136902,1210,806
602,1,Fast,0.760553240776062,933,377
602,1,Fast,0.7226489782333374,919,580
602,1,Fast,0.6797856092453003,1004,482
602,1,Fast,0.6032902002334595,937,287
602,1,Fast,0.3644527792930603,862,280
603,1,Fast,0.8348320722579956,969,489
603,1,Fast,0.6841892004013062,932,375
603,1,Fast,0.6826198101043701,1002,478
603,1,Fast,0.5658966898918152,921,587
603,1,Fast,0.5128257870674133,862,282
603,1,Fast,0.5046992301940918,1115,761
603,1,Fast,0.33246108889579773,937,285
603,1,Fast,0.3291148543357849,1205,798
604,1,Fast,0.8330848813056946,968,485
604,1,Fast,0.6864088177680969,1181,678
604,1,Fast,0.6829178929328918,932,373
604,1,Fast,0.6793280839920044,1000,475
604,1,Fast,0.5616731643676758,1199,789
604,1,Fast,0.5453954339027405,936,282
604,1,Fast,0.4102478623390198,862,283
604,1,Fast,0.3716551661491394,958,278
604,1,Fast,0.3605954647064209,1109,752
605,1,Fast,0.8406566977500916,1369,1042
605,1,Fast,0.8339245319366455,1195,780
605,1,Fast,0.8217800855636597,966,480
605,1,Fast,0.7735289335250854,998,471
605,1,Fast,0.6908023953437805,936,281
605,1,Fast,0.6426057815551758,932,370
605,1,Fast,0.6074129939079285,1177,672
605,1,Fast,0.5105768442153931,927,598
605,1,Fast,0.40643417835235596,1104,744
605,1,Fast,0.4000396132469177,862,286
605,1,Fast,0.32109999656677246,958,277
606,1,Fast,0.8221182823181152,964,476
606,1,Fast,0.8123606443405151,1361,1030
606,1,Fast,0.7694257497787476,1189,773
606,1,Fast,0.6881040334701538,1100,735
606,1,Fast,0.6826881766319275,997,467
606,1,Fast,0.6790091395378113,930,367
606,1,Fast,0.6023423671722412,934,279
606,1,Fast,0.5433863997459412,1172,665
606,1,Fast,0.45920780301094055,929,605
607,1,Fast,0.8153936266899109,962,472
607,1,Fast,0.7867394685745239,1350,1015
607,1,Fast,0.7354431748390198,995,464
607,1,Fast,0.7205265760421753,1183,764
607,1,Fast,0.684161365032196,1169,660
607,1,Fast,0.5378605127334595,934,277
607,1,Fast,0.3720880150794983,862,289
608,1,Fast,0.8272958397865295,1342,1005
608,1,Fast,0.7806295156478882,960,468
608,1,Fast,0.7735880613327026,993,461
608,1,Fast,0.7247999310493469,1179,758
608,1,Fast,0.5683634281158447,934,275
608,1,Fast,0.46495434641838074,1089,718
608,1,Fast,0.39501452445983887,957,274
608,1,Fast,0.3281223773956299,929,361
609,1,Fast,0.7850453853607178,992,458
609,1,Fast,0.774840235710144,959,464
609,1,Fast,0.752373456954956,1333,992
609,1,Fast,0.6844416260719299,1174,750
610,1,Fast,0.8189094066619873,957,460
610,1,Fast,0.802714467048645,991,454
610,1,Fast,0.651094913482666,928,355
610,1,Fast,0.5434302687644958,1169,743
610,1,Fast,0.42286184430122375,1326,980
611,1,Fast,0.8256728053092957,1155,639
611,1,Fast,0.8226507902145386,956,456
611,1,Fast,0.7773211598396301,1164,736
611,1,Fast,0.769087016582489,989,451
611,1,Fast,0.6935161352157593,927,353
611,1,Fast,0.6722665429115295,943,639
611,1,Fast,0.6224382519721985,1318,969
611,2,Slow,0.3492724895477295,1170,688
611,1,Fast,0.31507372856140137,862,297
612,1,Fast,0.8334372639656067,946,647
612,1,Fast,0.8253399133682251,954,453
612,1,Fast,0.8098785877227783,1151,634
612,1,Fast,0.7912353873252869,988,448
612,1,Fast,0.7546090483665466,927,350
612,1,Fast,0.590327262878418,1160,728
612,1,Fast,0.5645321607589722,1072,686
612,1,Fast,0.4745013117790222,1309,957
613,1,Fast,0.8228008151054382,953,449
613,1,Fast,0.8189535140991211,926,348
613,1,Fast,0.8031763434410095,987,445
613,1,Fast,0.6098586916923523,949,653
613,1,Fast,0.6035932898521423,1155,721
613,1,Fast,0.5979834794998169,1147,629
613,1,Fast,0.5067924857139587,1068,679
614,1,Fast,0.8361338376998901,951,445
614,1,Fast,0.7825621962547302,985,441
614,1,Fast,0.735148012638092,925,346
614,1,Fast,0.5216196775436401,1064,672
614,1,Fast,0.504490852355957,1295,935
614,1,Fast,0.4653763473033905,952,662
615,1,Fast,0.8414048552513123,949,441
615,1,Fast,0.7803089022636414,985,438
615,1,Fast,0.7570907473564148,924,344
615,1,Fast,0.36341142654418945,1147,707
616,1,Fast,0.8155250549316406,948,438
616,1,Fast,0.7720901370048523,923,342
616,1,Fast,0.6693643927574158,983,435
616,1,Fast,0.6446214914321899,959,677
616,1,Fast,0.44076940417289734,1142,700
617,1,Fast,0.7766805291175842,947,434
617,1,Fast,0.6824820041656494,923,340
617,1,Fast,0.6777026057243347,981,433
617,1,Fast,0.41696447134017944,961,683
617,1,Fast,0.3683623969554901,1138,693
618,1,Fast,0.8023653626441956,946,430
618,1,Fast,0.6907045245170593,979,430
618,1,Fast,0.6898276209831238,965,693
618,1,Fast,0.4338966906070709,1130,604
618,1,Fast,0.39778485894203186,1134,687
618,1,Fast,0.330578088760376,922,337
619,1,Fast,0.8072423934936523,968,701
619,1,Fast,0.7879581451416016,945,427
619,1,Fast,0.7487258911132812,978,427
619,1,Fast,0.7150945663452148,922,335
619,1,Fast,0.5573108196258545,1260,883
619,1,Fast,0.46368008852005005,1130,680
620,1,Fast,0.7901203036308289,943,423
620,1,Fast,0.7808505296707153,972,710
620,1,Fast,0.7514576315879822,1254,874
620,1,Fast,0.6876381635665894,977,424
620,1,Fast,0.6596711277961731,921,333
620,1,Fast,0.38433149456977844,1125,596
621,1,Fast,0.781161904335022,942,420
621,1,Fast,0.7628580927848816,976,719
621,1,Fast,0.7123090028762817,1246,864
621,1,Fast,0.6781198978424072,976,421
621,1,Fast,0.3218343257904053,921,330
622,1,Fast,0.8211467862129211,941,417
622,1,Fast,0.7310217618942261,975,418
622,1,Fast,0.6089088916778564,980,727
622,1,Fast,0.49506714940071106,1240,856
622,1,Fast,0.4271584153175354,1118,662
622,1,Fast,0.3712715208530426,1034,619
622,1,Fast,0.3312169015407562,921,328
623,1,Fast,0.831875205039978,940,413
623,1,Fast,0.7077760696411133,973,415
623,1,Fast,0.6981329321861267,919,327
623,1,Fast,0.6621609926223755,984,738
623,1,Fast,0.32285261154174805,1235,846
623,1,Fast,0.3090679943561554,1031,613
624,1,Fast,0.8325209021568298,939,410
624,1,Fast,0.8015485405921936,919,325
624,1,Fast,0.7962304353713989,988,746
624,1,Fast,0.7850856781005859,972,412
624,1,Fast,0.6841978430747986,1114,576
624,1,Fast,0.5124173760414124,1229,836
624,1,Fast,0.4934745728969574,1027,606
625,1,Fast,0.8138471245765686,938,407
625,1,Fast,0.7956250905990601,918,322
625,1,Fast,0.7953577637672424,972,409
625,1,Fast,0.6554003953933716,992,757
625,1,Fast,0.653430163860321,1024,601
625,1,Fast,0.5869556665420532,1110,572
626,1,Fast,0.7881035208702087,971,407
626,1,Fast,0.7553829550743103,937,404
626,1,Fast,0.7131835222244263,997,767
626,1,Fast,0.6234623789787292,918,320
626,1,Fast,0.47851666808128357,1020,594
626,1,Fast,0.4270200729370117,1238,965
627,1,Fast,0.8212155699729919,935,401
627,1,Fast,0.7473412156105042,970,404
627,1,Fast,0.7398492097854614,1001,777
627,1,Fast,0.7367183566093445,1100,633
627,1,Fast,0.580557107925415,917,318
627,1,Fast,0.5415170192718506,1018,589
627,1,Fast,0.41973575949668884,1229,951
628,1,Fast,0.8210656642913818,934,398
628,1,Fast,0.7640833854675293,968,402
628,1,Fast,0.7516648769378662,1005,787
628,1,Fast,0.7135456204414368,1097,627
628,1,Fast,0.4498346447944641,1015,583
628,1,Fast,0.422453910112381,917,316
628,1,Fast,0.38612666726112366,841,376
629,1,Fast,0.819264829158783,933,395
629,1,Fast,0.7385600805282593,967,400
629,1,Fast,0.6250407695770264,1011,798
629,1,Fast,0.49507632851600647,1013,577
629,1,Fast,0.4065605103969574,1093,622
630,1,Fast,0.787712812423706,932,392
630,1,Fast,0.7571682333946228,966,397
630,1,Fast,0.6931199431419373,1015,808
630,1,Fast,0.5967448353767395,1089,616
630,1,Fast,0.5461533665657043,1196,787
630,1,Fast,0.5373702645301819,1010,572
630,1,Fast,0.33715781569480896,1097,553
631,1,Fast,0.825188398361206,1192,780
631,1,Fast,0.7941069006919861,932,389
631,1,Fast,0.7124041318893433,965,394
631,1,Fast,0.6377540230751038,1021,819
631,1,Fast,0.4923282563686371,1093,548
631,1,Fast,0.44010698795318604,916,310
631,1,Fast,0.41649022698402405,1087,611
631,1,Fast,0.40208667516708374,1006,567
632,1,Fast,0.8094158172607422,931,387
632,1,Fast,0.7508044242858887,964,392
632,1,Fast,0.5296630263328552,1091,544
632,1,Fast,0.4853893220424652,1187,772
632,1,Fast,0.4667615592479706,916,307
632,1,Fast,0.46245646476745605,1025,829
632,1,Fast,0.4455028176307678,1083,606
633,1,Fast,0.7854025959968567,930,384
633,1,Fast,0.7790241837501526,963,388
633,1,Fast,0.7538667917251587,1079,602
633,1,Fast,0.6774975657463074,1031,841
633,1,Fast,0.6142355799674988,1180,764
633,1,Fast,0.4400534927845001,916,305
634,1,Fast,0.8159274458885193,962,386
634,1,Fast,0.7677955031394958,929,380
634,1,Fast,0.5385192036628723,1077,596
634,1,Fast,0.45979154109954834,1175,756
634,1,Fast,0.4212011694908142,1037,853
635,1,Fast,0.8237555027008057,961,383
635,1,Fast,0.7894084453582764,927,377
635,1,Fast,0.7374540567398071,1364,1046
635,1,Fast,0.7360470294952393,1073,591
635,1,Fast,0.605148434638977,1169,847
635,1,Fast,0.5859959125518799,1042,865
635,1,Fast,0.4638093411922455,1170,749
635,1,Fast,0.3015415668487549,997,545
636,1,Fast,0.793873131275177,1049,877
636,1,Fast,0.7865001559257507,1070,586
636,1,Fast,0.7797325849533081,960,381
636,1,Fast,0.7557634115219116,926,375
636,1,Fast,0.4364680051803589,1165,742
636,1,Fast,0.3813149333000183,843,395
636,1,Fast,0.3390924334526062,1161,836
637,1,Fast,0.7881381511688232,925,373
637,1,Fast,0.7731073498725891,1344,1019
637,1,Fast,0.7543535828590393,1055,890
637,1,Fast,0.6854072213172913,960,378
637,1,Fast,0.6809782981872559,1068,580
637,1,Fast,0.4905011057853699,868,430
637,1,Fast,0.36966410279273987,1153,824
637,1,Fast,0.3112277090549469,1162,736
638,1,Fast,0.813286542892456,1065,575
638,1,Fast,0.7932922840118408,924,369
638,1,Fast,0.7651920914649963,1334,1004
638,1,Fast,0.6766203045845032,1061,904
638,1,Fast,0.6689082980155945,989,530
638,1,Fast,0.6659903526306152,958,376
638,1,Fast,0.4876728951931,1075,521
638,1,Fast,0.4315638244152069,844,400
638,1,Fast,0.3308219909667969,869,433
639,1,Fast,0.8498245477676392,1063,571
639,1,Fast,0.8174161911010742,1067,917
639,1,Fast,0.7977147698402405,923,367
639,1,Fast,0.7087175846099854,1325,993
639,1,Fast,0.6852211356163025,987,525
639,1,Fast,0.6163875460624695,845,403
639,1,Fast,0.5370352268218994,958,374
640,1,Fast,0.8574793338775635,1315,980
640,1,Fast,0.8020036816596985,922,363
640,1,Fast,0.7282710671424866,1074,929
640,1,Fast,0.6924312114715576,1060,566
640,1,Fast,0.6430758237838745,845,405
640,1,Fast,0.6285209655761719,958,371
640,1,Fast,0.5829195976257324,986,521
641,1,Fast,0.8651619553565979,1306,969
641,1,Fast,0.8100566267967224,1079,944
641,1,Fast,0.806277334690094,983,516
641,1,Fast,0.7633177042007446,922,361
641,1,Fast,0.6885759830474854,1058,562
641,1,Fast,0.6700441241264343,956,370
641,1,Fast,0.6435465812683105,845,408
641,1,Fast,0.582547664642334,867,373
641,1,Fast,0.4449157118797302,1145,709
642,1,Fast,0.8709697127342224,1298,956
642,1,Fast,0.8282983303070068,1053,557
642,1,Fast,0.783367931842804,922,358
642,1,Fast,0.7705339193344116,1086,958
642,1,Fast,0.7289484739303589,955,366
642,1,Fast,0.6562134623527527,1142,701
642,1,Fast,0.5988855361938477,981,511
642,1,Fast,0.43315330147743225,845,410
642,1,Fast,0.41051068902015686,868,377
643,1,Fast,0.8464094400405884,1291,945
643,1,Fast,0.828299343585968,978,507
643,1,Fast,0.8222761750221252,921,355
643,1,Fast,0.7814313173294067,1051,553
643,1,Fast,0.7363383769989014,955,364
643,1,Fast,0.7093105912208557,1137,696
643,1,Fast,0.7018661499023438,845,413
643,1,Fast,0.6044394969940186,868,378
643,1,Fast,0.4778156578540802,1118,764
644,1,Fast,0.8675137162208557,1283,934
644,1,Fast,0.8483914732933044,1048,549
644,1,Fast,0.8422565460205078,976,503
644,1,Fast,0.8288846015930176,921,353
644,1,Fast,0.7603581547737122,954,361
644,1,Fast,0.7499701976776123,1133,689
644,1,Fast,0.6813620328903198,868,381
644,1,Fast,0.5394256114959717,846,415
644,1,Fast,0.4726525843143463,1101,988
644,1,Fast,0.369810551404953,1112,754
644,1,Fast,0.3615780472755432,1062,499
644,2,Slow,0.342673122882843,811,381
645,1,Fast,0.8724334239959717,1274,921
645,1,Fast,0.8493442535400391,1045,544
645,1,Fast,0.8303576707839966,920,350
645,1,Fast,0.8272175192832947,975,498
645,1,Fast,0.7163497805595398,954,359
645,1,Fast,0.6816750764846802,869,384
645,1,Fast,0.6569390296936035,1129,683
645,1,Fast,0.6497998237609863,1107,744
645,1,Fast,0.6224817037582397,872,460
645,1,Fast,0.6147816181182861,847,417
646,1,Fast,0.8595618009567261,1267,910
646,1,Fast,0.8394389152526855,1043,540
646,1,Fast,0.8141229152679443,919,348
646,1,Fast,0.7975233793258667,973,493
646,1,Fast,0.7819015383720398,953,357
646,1,Fast,0.7597156167030334,873,463
646,1,Fast,0.745033323764801,870,387
646,1,Fast,0.6791303753852844,1123,678
646,1,Fast,0.6127643585205078,1101,736
646,1,Fast,0.5842880606651306,848,420
646,1,Fast,0.4817804992198944,1117,1022
647,1,Fast,0.8460492491722107,1041,535
647,1,Fast,0.8446980714797974,1260,899
647,1,Fast,0.7958667278289795,952,354
647,1,Fast,0.779569685459137,919,346
647,1,Fast,0.7248044610023499,874,466
647,1,Fast,0.7217550873756409,871,389
647,1,Fast,0.6740292906761169,1120,672
647,1,Fast,0.6679595708847046,849,423
647,1,Fast,0.5595408082008362,972,489
647,1,Fast,0.47249236702919006,1125,1038
648,1,Fast,0.8654396533966064,1252,888
648,1,Fast,0.8563337922096252,1039,530
648,1,Fast,0.8121158480644226,952,352
648,1,Fast,0.8085905909538269,918,343
648,1,Fast,0.7874808311462402,1117,665
648,1,Fast,0.776215672492981,849,426
648,1,Fast,0.7221222519874573,872,392
648,1,Fast,0.5806971192359924,1091,718
648,1,Fast,0.5388298630714417,970,484
648,1,Fast,0.4232228994369507,811,390
648,1,Fast,0.395162433385849,874,469
649,1,Fast,0.832228422164917,1036,526
649,1,Fast,0.8259349465370178,917,340
649,1,Fast,0.7821910381317139,850,428
649,1,Fast,0.7759217023849487,872,396
649,1,Fast,0.7688060998916626,952,350
649,1,Fast,0.7191852927207947,1245,878
649,1,Fast,0.5525686740875244,968,480
649,1,Fast,0.5309533476829529,1114,660
649,1,Fast,0.47245699167251587,811,393
649,1,Fast,0.30602574348449707,1148,1055
650,1,Fast,0.8288625478744507,1033,522
650,1,Fast,0.8216486573219299,917,338
650,1,Fast,0.7673510313034058,850,431
650,1,Fast,0.7655928134918213,950,348
650,1,Fast,0.6639581322669983,873,399
650,1,Fast,0.5266984105110168,966,476
650,1,Fast,0.3972223401069641,1238,868
650,1,Fast,0.31022563576698303,1050,479
651,1,Fast,0.8559158444404602,1032,518
651,1,Fast,0.8147133588790894,916,335
651,1,Fast,0.7699249386787415,850,434
651,1,Fast,0.756995439529419,950,347
651,1,Fast,0.7512548565864563,964,473
651,1,Fast,0.7457573413848877,873,403
651,1,Fast,0.7048208713531494,1231,859
651,1,Fast,0.43015459179878235,1106,649
651,1,Fast,0.4048309028148651,1048,477
652,1,Fast,0.8368098735809326,1030,514
652,1,Fast,0.8156008720397949,963,469
652,1,Fast,0.7875792980194092,916,332
652,1,Fast,0.7861341238021851,1225,849
652,1,Fast,0.748051106929779,851,437
652,1,Fast,0.6609015464782715,950,344
652,1,Fast,0.6458820104598999,1072,685
652,1,Fast,0.6452176570892334,1103,643
652,1,Fast,0.6297314763069153,874,406
653,1,Fast,0.8485856056213379,1028,510
653,1,Fast,0.7404277324676514,949,342
653,1,Fast,0.7356894612312317,961,465
653,1,Fast,0.7347939014434814,916,330
653,1,Fast,0.723967432975769,1068,677
653,1,Fast,0.7225962281227112,1218,841
653,1,Fast,0.6988198161125183,851,441
653,1,Fast,0.6308301687240601,875,409
653,1,Fast,0.5757035613059998,1101,637
654,1,Fast,0.8203874230384827,1026,507
654,1,Fast,0.7902851104736328,1211,832
654,1,Fast,0.7892051339149475,949,340
654,1,Fast,0.7600716352462769,959,461
654,1,Fast,0.7432739734649658,915,327
654,1,Fast,0.7411069869995117,851,443
654,1,Fast,0.5337346792221069,876,413
654,1,Fast,0.48193761706352234,1063,669
654,1,Fast,0.3652496933937073,1097,631
654,1,Fast,0.3439459502696991,882,494
655,1,Fast,0.8170446753501892,1023,503
655,1,Fast,0.8073268532752991,949,338
655,1,Fast,0.7523052096366882,958,457
655,1,Fast,0.7313728928565979,882,498
655,1,Fast,0.7280362844467163,1206,823
655,1,Fast,0.7235369086265564,852,447
655,1,Fast,0.7133309841156006,915,326
655,1,Fast,0.6737331748008728,1059,662
655,1,Fast,0.5557445287704468,1094,627
655,1,Fast,0.48425623774528503,877,417
655,1,Fast,0.3609711229801178,810,409
656,1,Fast,0.8065709471702576,1199,813
656,1,Fast,0.7910056114196777,1022,499
656,1,Fast,0.7849581837654114,948,336
656,1,Fast,0.7271828651428223,915,324
656,1,Fast,0.7130385637283325,1056,654
656,1,Fast,0.6955917477607727,852,449
656,1,Fast,0.6856479644775391,882,503
656,1,Fast,0.6796929836273193,957,453
656,1,Fast,0.5451291799545288,878,421
656,1,Fast,0.42375943064689636,1092,622
656,1,Fast,0.4071987271308899,810,412
657,1,Fast,0.7648881673812866,1052,646
657,1,Fast,0.7613662481307983,948,334
657,1,Fast,0.7282046675682068,1019,495
657,1,Fast,0.6752440929412842,1194,803
657,1,Fast,0.6707772016525269,810,415
657,1,Fast,0.6568861603736877,879,424
657,1,Fast,0.6539086103439331,914,321
657,1,Fast,0.5992730855941772,853,452
657,1,Fast,0.5068917870521545,884,508
657,1,Fast,0.4694432020187378,1087,616
657,1,Fast,0.45205965638160706,954,449
658,1,Fast,0.7637844681739807,948,331
658,1,Fast,0.7282242774963379,1016,492
658,1,Fast,0.7264893054962158,913,319
658,1,Fast,0.704291045665741,854,455
658,1,Fast,0.5612326860427856,880,428
658,1,Fast,0.5610539317131042,1188,795
658,1,Fast,0.4628348648548126,1048,639
659,1,Fast,0.7641158699989319,1015,487
659,1,Fast,0.7639590501785278,948,329
659,1,Fast,0.755748450756073,880,432
659,1,Fast,0.7371511459350586,1043,633
659,1,Fast,0.6756957769393921,913,317
659,1,Fast,0.6747076511383057,855,458
659,1,Fast,0.669910192489624,1081,607
659,1,Fast,0.6229059100151062,951,441
659,1,Fast,0.43073782324790955,1182,787
660,1,Fast,0.8492041230201721,1040,626
660,1,Fast,0.7924686670303345,947,327
660,1,Fast,0.7842729091644287,1013,484
660,1,Fast,0.77519690990448,856,461
660,1,Fast,0.7738105058670044,881,436
660,1,Fast,0.7019309997558594,950,438
660,1,Fast,0.6900720000267029,811,423
660,1,Fast,0.6672115921974182,1079,601
660,1,Fast,0.6647346019744873,913,315
661,1,Fast,0.8322861790657043,1036,619
661,1,Fast,0.803923487663269,883,440
661,1,Fast,0.7980691194534302,946,326
661,1,Fast,0.776253342628479,857,464
661,1,Fast,0.7706573009490967,1012,480
661,1,Fast,0.6993699073791504,913,313
661,1,Fast,0.6776314973831177,811,426
661,1,Fast,0.6401961445808411,949,435
661,1,Fast,0.4541380703449249,1077,597
661,1,Fast,0.40429791808128357,1171,769
662,1,Fast,0.8054679036140442,857,467
662,1,Fast,0.803950309753418,884,444
662,1,Fast,0.7969524264335632,1010,477
662,1,Fast,0.7926344871520996,946,325
662,1,Fast,0.7822116017341614,811,430
662,1,Fast,0.7664036154747009,913,311
662,1,Fast,0.7582082748413086,948,432
662,1,Fast,0.4836255609989166,1074,592
662,1,Fast,0.33925938606262207,1032,613
662,1,Fast,0.317379355430603,1165,761
663,1,Fast,0.8432744741439819,1029,606
663,1,Fast,0.8058584928512573,1008,473
663,1,Fast,0.8028597831726074,885,447
663,1,Fast,0.802108108997345,858,470
663,1,Fast,0.7927805781364441,947,428
663,1,Fast,0.7900807857513428,912,308
663,1,Fast,0.6282145380973816,944,322
663,1,Fast,0.565432071685791,1160,753
663,1,Fast,0.5225309729576111,810,433
663,1,Fast,0.45625701546669006,1072,587
664,1,Fast,0.8363518118858337,1026,599
664,1,Fast,0.8160813450813293,859,474
664,1,Fast,0.8085452318191528,886,451
664,1,Fast,0.7948247790336609,912,306
664,1,Fast,0.7851044535636902,1007,470
664,1,Fast,0.749469518661499,945,424
664,1,Fast,0.722969651222229,811,436
664,1,Fast,0.6814022064208984,1068,582
664,1,Fast,0.6536111831665039,944,320
664,1,Fast,0.4015749990940094,1155,746
665,1,Fast,0.8502669334411621,1023,592
665,1,Fast,0.8287970423698425,887,456
665,1,Fast,0.7963417768478394,860,477
665,1,Fast,0.7953133583068848,1066,576
665,1,Fast,0.7901446223258972,912,304
665,1,Fast,0.7591633796691895,811,438
665,1,Fast,0.7216464877128601,1004,467
665,1,Fast,0.702617347240448,944,422
665,1,Fast,0.6772958040237427,1150,740
665,1,Fast,0.6542803645133972,944,319
665,1,Fast,0.3714803457260132,892,548
666,1,Fast,0.823470413684845,889,460
666,1,Fast,0.7919929027557373,860,481
666,1,Fast,0.7793318629264832,1020,586
666,1,Fast,0.7633087038993835,912,302
666,1,Fast,0.7431909441947937,1065,572
666,1,Fast,0.7187168002128601,942,418
666,1,Fast,0.6981112360954285,812,441
666,1,Fast,0.697265625,1002,463
666,1,Fast,0.6833199858665466,943,317
666,1,Fast,0.6440958976745605,893,554
666,1,Fast,0.49951493740081787,1145,732
667,1,Fast,0.8144298791885376,890,463
667,1,Fast,0.8119144439697266,813,444
667,1,Fast,0.781358003616333,1017,580
667,1,Fast,0.7631883025169373,860,484
667,1,Fast,0.7543485164642334,1000,460
667,1,Fast,0.6963117122650146,912,301
667,1,Fast,0.6247828602790833,943,315
667,1,Fast,0.5728597640991211,1061,568
667,1,Fast,0.5354046821594238,941,414
667,1,Fast,0.5286588668823242,1140,724
667,1,Fast,0.5107376575469971,895,558
668,1,Fast,0.8342381119728088,891,468
668,1,Fast,0.7486046552658081,940,411
668,1,Fast,0.7352868914604187,1014,574
668,1,Fast,0.7208786606788635,999,456
668,1,Fast,0.697651207447052,861,488
668,1,Fast,0.6667093634605408,812,447
668,1,Fast,0.6574297547340393,911,298
668,1,Fast,0.5909150242805481,943,313
669,1,Fast,0.8691021800041199,892,472
669,1,Fast,0.7769209146499634,862,491
669,1,Fast,0.7303347587585449,911,297
669,1,Fast,0.7148979306221008,939,408
669,1,Fast,0.6448063254356384,943,311
669,1,Fast,0.6088014245033264,997,454
669,1,Fast,0.5837744474411011,812,450
669,1,Fast,0.5363949537277222,898,568
669,1,Fast,0.4362509250640869,1055,559
669,1,Fast,0.39546018838882446,1011,568
670,1,Fast,0.8558876514434814,893,476
670,1,Fast,0.7909289002418518,1007,562
670,1,Fast,0.7532090544700623,911,295
670,1,Fast,0.6607821583747864,943,308
670,1,Fast,0.6569312810897827,863,495
670,1,Fast,0.6261290907859802,812,453
670,1,Fast,0.583006739616394,1052,555
670,1,Fast,0.44064271450042725,937,405
671,1,Fast,0.8541022539138794,895,481
671,1,Fast,0.7658277153968811,1004,556
671,1,Fast,0.7530553936958313,910,293
671,1,Fast,0.7351088523864746,994,447
671,1,Fast,0.7140489220619202,864,498
671,1,Fast,0.6972128748893738,943,307
671,1,Fast,0.6908913254737854,935,402
671,1,Fast,0.5511103868484497,1051,550
671,1,Fast,0.5391002893447876,813,457
672,1,Fast,0.8534548878669739,897,485
672,1,Fast,0.7846570014953613,934,399
672,1,Fast,0.7772287130355835,910,291
672,1,Fast,0.7704207897186279,993,445
672,1,Fast,0.7247200012207031,865,502
672,1,Fast,0.7131109833717346,943,306
672,1,Fast,0.6886058449745178,813,460
672,1,Fast,0.5270368456840515,1001,551
672,1,Fast,0.37306132912635803,1049,546
673,1,Fast,0.8509937524795532,898,490
673,1,Fast,0.804900586605072,933,396
673,1,Fast,0.7497333884239197,867,506
673,1,Fast,0.7401193380355835,991,440
673,1,Fast,0.7040804624557495,910,289
673,1,Fast,0.7030483484268188,841,395
673,1,Fast,0.6538695693016052,942,304
673,1,Fast,0.49717429280281067,814,464
674,1,Fast,0.8498347401618958,900,494
674,1,Fast,0.7831419706344604,933,393
674,1,Fast,0.7683358788490295,868,509
674,1,Fast,0.7108166813850403,990,438
674,1,Fast,0.7104036808013916,910,288
674,1,Fast,0.7039141058921814,814,467
674,1,Fast,0.6789025068283081,942,302
674,2,Slow,0.31383609771728516,1012,411
675,1,Fast,0.8482581377029419,901,499
675,1,Fast,0.8049697875976562,993,534
675,1,Fast,0.7870051860809326,815,470
675,1,Fast,0.7301996946334839,868,512
675,1,Fast,0.7072052955627441,988,436
675,1,Fast,0.6603974103927612,932,390
675,1,Fast,0.6245538592338562,1041,533
675,1,Fast,0.5406283140182495,841,401
675,1,Fast,0.46889936923980713,910,286
675,1,Fast,0.4569771885871887,941,301
676,1,Fast,0.8492667078971863,903,504
676,1,Fast,0.7943807244300842,991,528
676,1,Fast,0.7840472459793091,869,516
676,1,Fast,0.7746874690055847,815,474
676,1,Fast,0.766722559928894,986,433
676,1,Fast,0.7062703967094421,1039,528
676,1,Fast,0.6685628890991211,932,387
676,1,Fast,0.6068034172058105,1100,661
676,1,Fast,0.5132967829704285,1010,406
676,1,Fast,0.43405675888061523,910,283
677,1,Fast,0.8545613288879395,904,509
677,1,Fast,0.8430015444755554,870,520
677,1,Fast,0.7951064705848694,984,430
677,1,Fast,0.7430518269538879,931,385
677,1,Fast,0.7175597548484802,816,477
677,1,Fast,0.6786683201789856,988,524
677,1,Fast,0.6520834565162659,1096,656
677,1,Fast,0.6255214810371399,909,282
677,1,Fast,0.5528716444969177,1037,523
677,1,Fast,0.37229278683662415,841,408
677,1,Fast,0.36106371879577637,941,297
678,1,Fast,0.8506694436073303,905,514
678,1,Fast,0.8450053334236145,870,524
678,1,Fast,0.7655115723609924,930,382
678,1,Fast,0.7215650677680969,817,481
678,1,Fast,0.7189517617225647,982,427
678,1,Fast,0.7085492610931396,1092,650
678,1,Fast,0.6343486905097961,986,519
678,1,Fast,0.5217241048812866,908,280
678,1,Fast,0.44594892859458923,1035,520
678,1,Fast,0.43368399143218994,841,410
679,1,Fast,0.8649812340736389,907,519
679,1,Fast,0.85682612657547,872,528
679,1,Fast,0.7294411063194275,818,484
679,1,Fast,0.7196668982505798,981,424
679,1,Fast,0.7088022232055664,984,514
679,1,Fast,0.701606273651123,930,379
679,1,Fast,0.6427807211875916,841,410
679,1,Fast,0.5540435314178467,1031,516
679,1,Fast,0.530206561088562,908,279
679,1,Fast,0.5255329012870789,1089,643
679,1,Fast,0.47320833802223206,940,295
680,1,Fast,0.8543898463249207,909,525
680,1,Fast,0.8491967916488647,872,532
680,1,Fast,0.755908727645874,981,509
680,1,Fast,0.7377206087112427,818,489
680,1,Fast,0.6445087790489197,929,376
680,1,Fast,0.6387701630592346,940,293
680,1,Fast,0.6311352252960205,908,277
680,1,Fast,0.626883327960968,980,422
680,1,Fast,0.5250905752182007,841,409
680,1,Fast,0.45617884397506714,1030,512
680,1,Fast,0.34390828013420105,842,417
681,1,Fast,0.8547911047935486,873,536
681,1,Fast,0.848625659942627,911,530
681,1,Fast,0.6630396842956543,979,419
681,1,Fast,0.6307377815246582,818,493
681,1,Fast,0.6168299317359924,978,505
681,1,Fast,0.6137783527374268,928,374
681,1,Fast,0.5851923823356628,940,291
681,1,Fast,0.5723749995231628,908,276
681,1,Fast,0.4872664213180542,841,412
681,1,Fast,0.39812329411506653,1028,510
681,1,Fast,0.32647523283958435,1081,631
681,1,Fast,0.3229716420173645,842,418
682,1,Fast,0.8584919571876526,874,539
682,1,Fast,0.8560160398483276,913,535
682,1,Fast,0.8041789531707764,977,500
682,1,Fast,0.7700077891349792,978,416
682,1,Fast,0.7426824569702148,1026,506
682,1,Fast,0.7272977232933044,819,497
682,1,Fast,0.6043802499771118,940,290
682,1,Fast,0.4740819036960602,927,371
682,1,Fast,0.4464334547519684,842,416
682,1,Fast,0.44136565923690796,908,274
682,1,Fast,0.4221044182777405,843,420
682,1,Fast,0.3095516860485077,1078,625
683,1,Fast,0.8573772311210632,915,541
683,1,Fast,0.8244238495826721,876,544
683,1,Fast,0.7642533779144287,977,413
683,1,Fast,0.7368479371070862,974,495
683,1,Fast,0.7332344055175781,820,501
683,1,Fast,0.6742469668388367,939,289
683,1,Fast,0.643670380115509,1023,502
683,1,Fast,0.5784468054771423,926,368
683,1,Fast,0.5558371543884277,843,424
683,1,Fast,0.4293197691440582,842,419
683,1,Fast,0.3993430435657501,908,272
683,1,Fast,0.32298457622528076,867,348
684,1,Fast,0.8276510834693909,917,546
684,1,Fast,0.8090757131576538,976,410
684,1,Fast,0.7979046106338501,972,490
684,1,Fast,0.7694348692893982,877,548
684,1,Fast,0.7679253220558167,926,365
684,1,Fast,0.6631565690040588,1022,498
684,1,Fast,0.6543485522270203,820,505
684,1,Fast,0.6056439280509949,844,426
684,1,Fast,0.5794515609741211,923,662
684,1,Fast,0.48815807700157166,939,287
684,1,Fast,0.38367965817451477,867,351
684,1,Fast,0.3188251256942749,849,427
685,1,Fast,0.8559811115264893,919,551
685,1,Fast,0.7830003499984741,879,551
685,1,Fast,0.7738317251205444,971,484
685,1,Fast,0.7276860475540161,975,407
685,1,Fast,0.696200430393219,926,361
685,1,Fast,0.54278165102005,1019,494
685,1,Fast,0.43957632780075073,927,670
685,1,Fast,0.43220099806785583,845,429
685,1,Fast,0.36253976821899414,820,508
686,1,Fast,0.8870342969894409,921,557
686,1,Fast,0.8473710417747498,881,556
686,1,Fast,0.7150378227233887,974,405
686,1,Fast,0.6326253414154053,968,480
686,1,Fast,0.527305543422699,929,676
686,1,Fast,0.5232376456260681,924,359
687,1,Fast,0.8839911818504333,923,563
687,1,Fast,0.850963294506073,882,560
687,1,Fast,0.7952753305435181,924,356
687,1,Fast,0.7344025373458862,965,476
687,1,Fast,0.730453610420227,973,402
687,1,Fast,0.7023897171020508,930,683
687,1,Fast,0.6618913412094116,821,516
687,1,Fast,0.4472676217556,1016,486
688,1,Fast,0.878980815410614,925,568
688,1,Fast,0.849065363407135,883,564
688,1,Fast,0.8379963040351868,963,472
688,1,Fast,0.7887662649154663,923,355
688,1,Fast,0.5655606985092163,847,439
688,1,Fast,0.5622062683105469,972,400
688,1,Fast,0.37619733810424805,1014,482
688,1,Fast,0.34542229771614075,934,690
688,1,Fast,0.3377552628517151,822,520
688,1,Fast,0.33521801233291626,937,281
689,1,Fast,0.8514493107795715,885,569
689,1,Fast,0.8293567299842834,928,574
689,1,Fast,0.8251582384109497,923,351
689,1,Fast,0.718586266040802,1388,1053
689,1,Fast,0.6815622448921204,961,467
689,1,Fast,0.545314610004425,970,397
689,1,Fast,0.5281044244766235,823,524
689,1,Fast,0.5186532735824585,847,441
689,1,Fast,0.31659311056137085,1054,586
689,1,Fast,0.31012216210365295,1012,479
690,1,Fast,0.8709465861320496,1371,1046
690,1,Fast,0.8696931600570679,930,580
690,1,Fast,0.8581671714782715,885,573
690,1,Fast,0.8168569803237915,922,349
690,1,Fast,0.7856675982475281,960,463
690,1,Fast,0.6854599118232727,824,527
690,1,Fast,0.5872567296028137,969,394
690,1,Fast,0.5557060241699219,1011,476
690,1,Fast,0.4443804919719696,849,444
690,1,Fast,0.31009894609451294,1533,1068
691,1,Fast,0.8637621402740479,932,586
691,1,Fast,0.8569744229316711,886,577
691,1,Fast,0.8175990581512451,1009,473
691,1,Fast,0.7893887758255005,959,459
691,1,Fast,0.7871350646018982,921,347
691,1,Fast,0.7625187039375305,825,532
691,1,Fast,0.7601155042648315,1362,1034
691,1,Fast,0.6552985906600952,968,392
691,1,Fast,0.5469366312026978,1527,1063
692,1,Fast,0.8772665858268738,888,582
692,1,Fast,0.8587677478790283,1352,1019
692,1,Fast,0.8365063071250916,934,593
692,1,Fast,0.7894467711448669,957,454
692,1,Fast,0.7674431800842285,921,344
692,1,Fast,0.7511008381843567,1007,469
692,1,Fast,0.6907567381858826,826,535
692,1,Fast,0.6799437403678894,967,391
692,1,Fast,0.5951240658760071,869,372
693,1,Fast,0.8780139088630676,888,587
693,1,Fast,0.8624005317687988,1342,1006
693,1,Fast,0.8597534894943237,937,599
693,1,Fast,0.8093710541725159,920,342
693,1,Fast,0.7202066779136658,1005,466
693,1,Fast,0.719377875328064,1499,1052
693,1,Fast,0.7015250325202942,966,387
693,1,Fast,0.6798856258392334,946,730
693,1,Fast,0.6491051912307739,869,375
693,1,Fast,0.602846622467041,957,450
693,1,Fast,0.40335407853126526,827,539
694,1,Fast,0.8850119709968567,1333,992
694,1,Fast,0.8627205491065979,891,591
694,1,Fast,0.837417483329773,949,738
694,1,Fast,0.8013448715209961,1490,1046
694,1,Fast,0.7918732762336731,940,607
694,1,Fast,0.7723526358604431,965,385
694,1,Fast,0.7715311050415039,919,340
694,1,Fast,0.7037032246589661,955,446
694,1,Fast,0.6454687118530273,1003,463
694,1,Fast,0.523434579372406,870,377
694,1,Fast,0.42020732164382935,850,454
695,1,Fast,0.8788270354270935,892,596
695,1,Fast,0.87571781873703,1323,978
695,1,Fast,0.8349356651306152,952,442
695,1,Fast,0.7933228015899658,943,613
695,1,Fast,0.7843286991119385,952,747
695,1,Fast,0.7772326469421387,964,382
695,1,Fast,0.6924678087234497,918,337
695,1,Fast,0.621302604675293,1001,460
695,1,Fast,0.4667568504810333,860,464
695,1,Fast,0.4277758002281189,1484,1035
696,1,Fast,0.8666692972183228,1314,965
696,1,Fast,0.8645248413085938,945,620
696,1,Fast,0.8608896136283875,894,602
696,1,Fast,0.8573207259178162,955,755
696,1,Fast,0.8357214331626892,951,438
696,1,Fast,0.7887197732925415,918,335
696,1,Fast,0.7630736827850342,963,380
696,1,Fast,0.6910735964775085,1001,456
696,1,Fast,0.6884490251541138,871,384
696,1,Fast,0.6491332650184631,1472,1025
696,1,Fast,0.5453384518623352,859,466
697,1,Fast,0.8669761419296265,957,763
697,1,Fast,0.8663471341133118,949,626
697,1,Fast,0.8570524454116821,1306,953
697,1,Fast,0.834260880947113,896,606
697,1,Fast,0.7933571934700012,948,434
697,1,Fast,0.7726222276687622,856,469
697,1,Fast,0.7306494116783142,1466,1017
697,1,Fast,0.7180218696594238,962,377
697,1,Fast,0.6683460474014282,999,452
697,1,Fast,0.6598623394966125,917,333
697,1,Fast,0.5201939940452576,1030,546
697,1,Fast,0.4351358115673065,871,386
698,1,Fast,0.884057879447937,951,634
698,1,Fast,0.8549160957336426,947,431
698,1,Fast,0.8521823883056641,897,610
698,1,Fast,0.7750385999679565,1299,942
698,1,Fast,0.7651105523109436,961,771
698,1,Fast,0.7386881709098816,872,388
698,1,Fast,0.6807534098625183,857,472
698,1,Fast,0.6634196043014526,1026,540
698,1,Fast,0.6106833815574646,998,449
698,1,Fast,0.5630143284797668,961,376
698,1,Fast,0.36452236771583557,1458,1006
698,1,Fast,0.36326518654823303,917,331
699,1,Fast,0.8718209266662598,954,640
699,1,Fast,0.8692097663879395,899,616
699,1,Fast,0.8682644963264465,1289,929
699,1,Fast,0.8397353291511536,946,427
699,1,Fast,0.7122706770896912,996,445
699,1,Fast,0.6974451541900635,873,392
699,1,Fast,0.6086649298667908,1024,536
699,1,Fast,0.595782458782196,831,565
699,1,Fast,0.5868260264396667,857,476
699,1,Fast,0.5657551884651184,960,373
699,1,Fast,0.5317548513412476,1452,996
699,1,Fast,0.5241537094116211,917,328
699,1,Fast,0.4986448287963867,964,782
700,1,Fast,0.8728687167167664,957,648
700,1,Fast,0.8577494621276855,900,620
700,1,Fast,0.8327831625938416,995,442
700,1,Fast,0.8276494741439819,1281,919
700,1,Fast,0.7863731384277344,944,423
700,1,Fast,0.7235552072525024,1021,532
700,1,Fast,0.679351806640625,873,394
700,1,Fast,0.6625824570655823,1444,986
700,1,Fast,0.6306320428848267,959,371
700,1,Fast,0.5447567105293274,916,326
700,1,Fast,0.48030585050582886,831,568
701,1,Fast,0.8940231204032898,1273,907
701,1,Fast,0.8583113551139832,960,655
701,1,Fast,0.8551924228668213,902,625
701,1,Fast,0.8292204737663269,994,439
701,1,Fast,0.7879856824874878,874,399
701,1,Fast,0.7155672907829285,943,420
701,1,Fast,0.7013324499130249,1437,977
701,1,Fast,0.6978446245193481,916,324
701,1,Fast,0.6915404796600342,1019,526
701,1,Fast,0.6666807532310486,833,573
701,1,Fast,0.648352861404419,970,800
701,1,Fast,0.6324588656425476,958,369
702,1,Fast,0.8941149711608887,1264,895
702,1,Fast,0.8771703243255615,963,663
702,1,Fast,0.8654603958129883,903,630
702,1,Fast,0.8275274038314819,943,416
702,1,Fast,0.8202635645866394,992,437
702,1,Fast,0.8005973100662231,976,811
702,1,Fast,0.782852828502655,1429,968
702,1,Fast,0.7688440084457397,1016,522
702,1,Fast,0.7163438200950623,875,400
702,1,Fast,0.6612118482589722,956,366
702,1,Fast,0.6562203764915466,915,321
702,1,Fast,0.6466376185417175,844,393
702,1,Fast,0.598466694355011,834,578
703,1,Fast,0.8841547966003418,1257,884
703,1,Fast,0.8661283254623413,905,636
703,1,Fast,0.8629084825515747,966,671
703,1,Fast,0.8340359926223755,942,413
703,1,Fast,0.7513425350189209,876,404
703,1,Fast,0.7492532134056091,990,435
703,1,Fast,0.7421754598617554,1422,959
703,1,Fast,0.7186347246170044,956,364
703,1,Fast,0.6921634078025818,835,583
703,1,Fast,0.6709688305854797,1014,518
703,1,Fast,0.6450943350791931,915,319
703,1,Fast,0.6038916707038879,978,821
703,1,Fast,0.5119624733924866,843,397
703,2,Slow,0.36858633160591125,1017,432
704,1,Fast,0.8792590498924255,1249,873
704,1,Fast,0.8715822696685791,969,679
704,1,Fast,0.8694201111793518,907,641
704,1,Fast,0.8367936611175537,982,830
704,1,Fast,0.8237366080284119,940,409
704,1,Fast,0.7966912984848022,1414,950
704,1,Fast,0.7629410028457642,1011,514
704,1,Fast,0.7545329928398132,989,432
704,1,Fast,0.7437718510627747,836,588
704,1,Fast,0.7336825728416443,844,399
704,1,Fast,0.7045630216598511,877,407
704,1,Fast,0.7007364630699158,955,362
704,1,Fast,0.6525761485099792,915,317
704,2,Slow,0.5080247521400452,1015,429
705,1,Fast,0.886848509311676,1242,863
705,1,Fast,0.8776091933250427,908,647
705,1,Fast,0.8578832745552063,973,687
705,1,Fast,0.8531585335731506,986,840
705,1,Fast,0.8234395980834961,1409,942
705,1,Fast,0.7860321998596191,987,429
705,1,Fast,0.7296347618103027,939,406
705,1,Fast,0.7290181517601013,837,592
705,1,Fast,0.6983216404914856,1008,510
705,1,Fast,0.5280857682228088,914,315
705,1,Fast,0.5171060562133789,954,360
705,1,Fast,0.48416668176651,844,402
705,1,Fast,0.43070849776268005,877,411
705,2,Slow,0.42344823479652405,1014,426
706,1,Fast,0.8741930723190308,976,696
706,1,Fast,0.8725577592849731,1236,852
706,1,Fast,0.8707959055900574,910,652
706,1,Fast,0.8085273504257202,990,851
706,1,Fast,0.7944478988647461,1403,933
706,1,Fast,0.7838889360427856,839,598
706,1,Fast,0.7114763259887695,986,426
706,1,Fast,0.6697686314582825,1006,506
706,1,Fast,0.611871063709259,953,358
706,1,Fast,0.5775786638259888,937,402
706,1,Fast,0.5026890635490417,862,502
706,2,Slow,0.3954734206199646,878,415
706,1,Fast,0.3501390218734741,845,406
706,1,Fast,0.3135738968849182,913,313
707,1,Fast,0.8788717985153198,1229,842
707,1,Fast,0.8772403001785278,912,658
707,1,Fast,0.8768892884254456,980,704
707,1,Fast,0.8594823479652405,995,861
707,1,Fast,0.8124415278434753,936,400
707,1,Fast,0.7898269891738892,953,355
707,1,Fast,0.7818161249160767,865,506
707,1,Fast,0.7672417163848877,1396,924
707,1,Fast,0.741783857345581,985,422
707,1,Fast,0.7143409252166748,840,603
707,1,Fast,0.5017943382263184,1004,501
707,1,Fast,0.3183588981628418,914,312
708,1,Fast,0.8731980919837952,984,713
708,1,Fast,0.8675950169563293,914,664
708,1,Fast,0.8669529557228088,1390,916
708,1,Fast,0.8598098158836365,1222,832
708,1,Fast,0.8302887082099915,934,396
708,1,Fast,0.8013882637023926,952,352
708,1,Fast,0.793266773223877,999,871
708,1,Fast,0.7636680006980896,1002,497
708,1,Fast,0.7209365367889404,984,420
708,1,Fast,0.6394234895706177,867,509
708,1,Fast,0.6366916298866272,841,608
708,1,Fast,0.5150649547576904,845,411
708,1,Fast,0.4770001769065857,914,309
708,1,Fast,0.3878940939903259,879,419
709,1,Fast,0.8748423457145691,987,723
709,1,Fast,0.8543633222579956,916,670
709,1,Fast,0.8504623174667358,1383,908
709,1,Fast,0.8191343545913696,934,392
709,1,Fast,0.8034593462944031,999,493
709,1,Fast,0.7872716784477234,951,350
709,1,Fast,0.7788726687431335,1216,824
709,1,Fast,0.7483519911766052,1004,885
709,1,Fast,0.7084919214248657,842,614
709,1,Fast,0.6917920112609863,982,417
709,1,Fast,0.6516146659851074,845,414
709,1,Fast,0.639138400554657,867,514
709,1,Fast,0.41189518570899963,914,306
710,1,Fast,0.8647872805595398,991,731
710,1,Fast,0.8493613600730896,919,675
710,1,Fast,0.8097605109214783,1378,900
710,1,Fast,0.7990827560424805,997,489
710,1,Fast,0.7840369343757629,843,619
710,1,Fast,0.758268415927887,951,348
710,1,Fast,0.7538011074066162,1210,814
710,1,Fast,0.7134472131729126,868,517
710,1,Fast,0.7090693116188049,981,415
710,1,Fast,0.6986449956893921,845,415
710,1,Fast,0.681126594543457,933,389
710,1,Fast,0.44935959577560425,913,305
710,1,Fast,0.4440954625606537,881,426
710,2,Slow,0.33360520005226135,976,342
710,1,Fast,0.3325897753238678,1009,897
710,2,Slow,0.3092954456806183,1008,412
711,1,Fast,0.8753666281700134,921,681
711,1,Fast,0.8695797324180603,996,740
711,1,Fast,0.848869800567627,1013,908
711,1,Fast,0.8394700884819031,980,412
711,1,Fast,0.8242623805999756,995,485
711,1,Fast,0.796123743057251,932,386
711,1,Fast,0.7866705656051636,1203,804
711,1,Fast,0.7715774178504944,869,523
711,1,Fast,0.7628328800201416,1371,891
711,1,Fast,0.754070520401001,844,624
711,1,Fast,0.6984951496124268,949,347
711,1,Fast,0.48843616247177124,882,430
711,2,Slow,0.4392673671245575,975,341
711,1,Fast,0.40995141863822937,846,418
711,1,Fast,0.33999282121658325,912,303
711,2,Slow,0.337372362613678,1006,410
712,1,Fast,0.8757606148719788,1000,750
712,1,Fast,0.8653443455696106,923,687
712,1,Fast,0.8608856797218323,1197,795
712,1,Fast,0.8438199162483215,869,527
712,1,Fast,0.8430216908454895,1017,921
712,1,Fast,0.8357216715812683,1365,885
712,1,Fast,0.8155708909034729,979,408
712,1,Fast,0.8012058734893799,992,480
712,1,Fast,0.7690107822418213,931,383
712,1,Fast,0.6523188948631287,948,344
712,1,Fast,0.6331363320350647,845,629
712,1,Fast,0.6011224389076233,883,433
712,1,Fast,0.44234874844551086,912,301
713,1,Fast,0.8891741633415222,1191,785
713,1,Fast,0.8812124729156494,1004,759
713,1,Fast,0.8658005595207214,925,693
713,1,Fast,0.8135088682174683,1359,876
713,1,Fast,0.808487057685852,990,477
713,1,Fast,0.8049280047416687,1021,933
713,1,Fast,0.7911052107810974,978,407
713,1,Fast,0.7759143710136414,870,531
713,1,Fast,0.7516641616821289,948,342
713,1,Fast,0.7388302683830261,847,424
713,1,Fast,0.706116259098053,931,379
713,1,Fast,0.6832131147384644,847,634
713,1,Fast,0.600209653377533,884,437
713,2,Slow,0.4016610085964203,975,337
713,2,Slow,0.3670061528682709,1004,405
714,1,Fast,0.8752670884132385,1009,770
714,1,Fast,0.8684603571891785,1186,777
714,1,Fast,0.86734938621521,926,699
714,1,Fast,0.8553129434585571,1026,944
714,1,Fast,0.855060338973999,987,474
714,1,Fast,0.8326245546340942,1354,869
714,1,Fast,0.7647828459739685,870,535
714,1,Fast,0.7384587526321411,947,340
714,1,Fast,0.7351303696632385,884,442
714,1,Fast,0.727249264717102,977,405
714,1,Fast,0.7129892110824585,848,427
714,1,Fast,0.6092599034309387,930,377
714,1,Fast,0.531606912612915,849,640
714,2,Slow,0.4788368046283722,973,336
715,1,Fast,0.8697938919067383,928,705
715,1,Fast,0.8683748841285706,1013,781
715,1,Fast,0.8662366271018982,985,470
715,1,Fast,0.8576638102531433,1030,956
715,1,Fast,0.8387244343757629,1180,768
715,1,Fast,0.7968661189079285,871,539
715,1,Fast,0.7952687740325928,1348,861
715,1,Fast,0.7326566576957703,849,430
715,1,Fast,0.7253204584121704,946,338
715,1,Fast,0.7038379907608032,975,402
715,1,Fast,0.6591901183128357,850,647
715,1,Fast,0.5149000883102417,928,374
715,1,Fast,0.4532065689563751,886,445
715,1,Fast,0.4412318468093872,910,296
715,2,Slow,0.3373175859451294,1002,400
716,1,Fast,0.8811923861503601,1018,791
716,1,Fast,0.8722368478775024,930,712
716,1,Fast,0.8436731100082397,1036,969
716,1,Fast,0.8348215222358704,983,467
716,1,Fast,0.8244077563285828,1343,855
716,1,Fast,0.7609986066818237,1173,760
716,1,Fast,0.7567299604415894,873,544
716,1,Fast,0.7497416138648987,885,448
716,1,Fast,0.6945785284042358,974,400
716,1,Fast,0.6874855756759644,849,433
716,1,Fast,0.6636945009231567,852,653
716,1,Fast,0.6327735781669617,945,335
716,2,Slow,0.32278066873550415,972,331
717,1,Fast,0.8784304261207581,1023,801
717,1,Fast,0.8720548748970032,933,719
717,1,Fast,0.8576803803443909,1041,982
717,1,Fast,0.8382869362831116,1167,751
717,1,Fast,0.8336155414581299,981,463
717,1,Fast,0.8099451065063477,1338,847
717,1,Fast,0.7640526294708252,875,547
717,1,Fast,0.724936842918396,927,367
717,1,Fast,0.6806095242500305,972,396
717,1,Fast,0.6665375232696533,887,451
717,1,Fast,0.6404540538787842,945,334
717,1,Fast,0.5931702852249146,854,659
717,1,Fast,0.5350877642631531,848,436
717,1,Fast,0.4556548595428467,910,292
717,2,Slow,0.3264699876308441,971,326
718,1,Fast,0.8757866024971008,1027,813
718,1,Fast,0.8746386766433716,935,725
718,1,Fast,0.8625961542129517,1048,995
718,1,Fast,0.8446165919303894,878,553
718,1,Fast,0.8343823552131653,1332,840
718,1,Fast,0.8233446478843689,979,459
718,1,Fast,0.8176077604293823,1163,743
718,1,Fast,0.7768332958221436,888,455
718,1,Fast,0.7668748497962952,926,364
718,1,Fast,0.7209922075271606,971,394
718,1,Fast,0.6251900792121887,945,332
718,1,Fast,0.5729531049728394,851,440
718,2,Slow,0.41974714398384094,971,324
718,1,Fast,0.38705775141716003,910,290
718,1,Fast,0.349327951669693,855,664
719,1,Fast,0.8826491236686707,1032,823
719,1,Fast,0.8706855773925781,937,731
719,1,Fast,0.8439403176307678,879,558
719,1,Fast,0.800132691860199,978,456
719,1,Fast,0.793591320514679,1158,736
719,1,Fast,0.7151979207992554,970,391
719,1,Fast,0.6966935992240906,1326,833
719,1,Fast,0.6624712944030762,890,458
719,1,Fast,0.5782784223556519,925,361
719,1,Fast,0.5357123613357544,851,443
719,1,Fast,0.5204132795333862,945,329
719,1,Fast,0.4876769781112671,910,288
719,2,Slow,0.43693384528160095,971,324
719,1,Fast,0.38191643357276917,856,671
719,1,Fast,0.3472864031791687,1054,1011
720,1,Fast,0.8836174607276917,940,737
720,1,Fast,0.8787479400634766,1038,835
720,1,Fast,0.8394434452056885,881,562
720,1,Fast,0.835422933101654,1321,827
720,1,Fast,0.8318546414375305,1152,728
720,1,Fast,0.7984370589256287,976,452
720,1,Fast,0.7897019386291504,858,676
720,1,Fast,0.7480359077453613,890,462
720,1,Fast,0.7261852025985718,924,358
720,1,Fast,0.7122384309768677,1060,1026
720,1,Fast,0.6522098183631897,945,327
720,1,Fast,0.5809664726257324,969,388
720,1,Fast,0.37829580903053284,910,286
720,1,Fast,0.3333907723426819,851,446
720,2,Slow,0.3199332058429718,972,321
721,1,Fast,0.8773065805435181,1043,847
721,1,Fast,0.8762783408164978,943,745
721,1,Fast,0.8304397463798523,883,566
721,1,Fast,0.8199014663696289,1317,820
721,1,Fast,0.7907945513725281,1148,720
721,1,Fast,0.773210883140564,975,449
721,1,Fast,0.7678629755973816,859,681
721,1,Fast,0.7052980065345764,924,355
721,1,Fast,0.6424883604049683,944,326
721,1,Fast,0.6310797929763794,968,386
721,1,Fast,0.5832149386405945,892,465
721,1,Fast,0.41983285546302795,852,449
721,1,Fast,0.40592101216316223,1066,1042
721,2,Slow,0.40245863795280457,971,320
721,2,Slow,0.37482938170433044,994,383
722,1,Fast,0.8844177722930908,1049,859
722,1,Fast,0.8807684779167175,946,752
722,1,Fast,0.8439604043960571,1312,813
722,1,Fast,0.8199425935745239,972,445
722,1,Fast,0.7700482606887817,967,383
722,1,Fast,0.7506423592567444,923,352
722,1,Fast,0.7188774347305298,1142,711
722,1,Fast,0.697808027267456,943,324
722,1,Fast,0.6951792240142822,861,687
722,1,Fast,0.4972877502441406,851,451
722,1,Fast,0.46958252787590027,893,469
722,1,Fast,0.4402018189430237,884,571
722,2,Slow,0.42895859479904175,970,319
722,2,Slow,0.38505053520202637,993,380
723,1,Fast,0.8819431662559509,949,759
723,1,Fast,0.8802951574325562,1055,871
723,1,Fast,0.8422592878341675,970,441
723,1,Fast,0.791892409324646,1307,806
723,1,Fast,0.7876362204551697,1138,703
723,1,Fast,0.7096362113952637,942,322
723,1,Fast,0.7046803832054138,1085,1057
723,1,Fast,0.6845427751541138,922,350
723,1,Fast,0.6604611277580261,863,693
723,2,Slow,0.5119377374649048,969,318
723,1,Fast,0.4381472170352936,885,577
723,1,Fast,0.38728445768356323,966,380
723,1,Fast,0.35086652636528015,854,457
724,1,Fast,0.8760330677032471,1061,884
724,1,Fast,0.8754262328147888,951,766
724,1,Fast,0.823597252368927,1302,800
724,1,Fast,0.8230238556861877,969,438
724,1,Fast,0.7775341868400574,922,347
724,1,Fast,0.7615125179290771,887,583
724,1,Fast,0.703104555606842,895,477
724,1,Fast,0.6949597001075745,1134,697
724,1,Fast,0.6895490288734436,941,320
724,1,Fast,0.596382200717926,965,378
724,1,Fast,0.5138188004493713,864,699
724,1,Fast,0.4533606469631195,853,458
724,1,Fast,0.44009366631507874,1088,1065
724,2,Slow,0.366855263710022,968,316
724,2,Slow,0.32565540075302124,969,314
724,1,Fast,0.3028534948825836,910,279
724,1,Fast,0.3007512092590332,860,460
725,1,Fast,0.875662088394165,1067,897
725,1,Fast,0.8678471446037292,954,774
725,1,Fast,0.8218050003051758,1297,794
725,1,Fast,0.8017884492874146,887,587
725,1,Fast,0.7915672063827515,1129,690
725,1,Fast,0.7888825535774231,967,435
725,1,Fast,0.784809410572052,896,481
725,1,Fast,0.6254767775535583,940,318
725,1,Fast,0.6013365983963013,964,377
725,1,Fast,0.5731334686279297,922,344
725,1,Fast,0.3981415331363678,865,706
725,2,Slow,0.3301912546157837,968,311
725,1,Fast,0.3181174397468567,858,463
725,1,Fast,0.3006897270679474,854,462
726,1,Fast,0.8672768473625183,1073,911
726,1,Fast,0.8657359480857849,956,781
726,1,Fast,0.818085253238678,965,432
726,1,Fast,0.8067299723625183,1292,788
726,1,Fast,0.7402852773666382,866,710
726,1,Fast,0.726365327835083,921,341
726,1,Fast,0.7181174159049988,897,485
726,1,Fast,0.6866618990898132,1124,683
726,1,Fast,0.6498273015022278,888,592
726,1,Fast,0.5959169864654541,941,316
726,1,Fast,0.461313933134079,861,466
727,1,Fast,0.8733425736427307,1079,924
727,1,Fast,0.8670897483825684,959,790
727,1,Fast,0.8592220544815063,1287,782
727,1,Fast,0.8120182156562805,891,598
727,1,Fast,0.7956066131591797,963,429
727,1,Fast,0.7666026949882507,1119,676
727,1,Fast,0.738582193851471,899,490
727,1,Fast,0.7040274143218994,868,715
727,1,Fast,0.5862845778465271,940,314
727,1,Fast,0.5854416489601135,920,339
728,1,Fast,0.8752090334892273,1085,938
728,1,Fast,0.860978901386261,962,797
728,1,Fast,0.7979602217674255,962,426
728,1,Fast,0.7846389412879944,1283,775
728,1,Fast,0.7398428320884705,872,725
728,1,Fast,0.6235698461532593,918,336
728,1,Fast,0.6016502380371094,892,603
728,1,Fast,0.5815465450286865,900,494
728,1,Fast,0.5143469572067261,939,312
728,1,Fast,0.3344734311103821,1115,669
729,1,Fast,0.8752185106277466,1093,951
729,1,Fast,0.862694263458252,965,805
729,1,Fast,0.8554868698120117,1279,769
729,1,Fast,0.842278778553009,895,608
729,1,Fast,0.7826934456825256,960,422
729,1,Fast,0.7129846811294556,874,733
729,1,Fast,0.689835786819458,918,333
729,1,Fast,0.6690796613693237,938,311
729,1,Fast,0.5601782202720642,902,497
729,1,Fast,0.505620002746582,860,479
729,1,Fast,0.3669160008430481,1111,662
729,2,Slow,0.34225374460220337,985,364
729,1,Fast,0.32681041955947876,960,366
730,1,Fast,0.8731698393821716,1099,966
730,1,Fast,0.8694841861724854,968,813
730,1,Fast,0.8626472353935242,898,613
730,1,Fast,0.8573580384254456,1275,762
730,1,Fast,0.7086087465286255,876,740
730,1,Fast,0.6972324252128601,959,420
730,1,Fast,0.6014459133148193,937,309
730,1,Fast,0.5671459436416626,902,501
730,1,Fast,0.511947512626648,917,331
730,1,Fast,0.3067628741264343,860,481
731,1,Fast,0.8695068359375,971,821
731,1,Fast,0.8685898780822754,1107,980
731,1,Fast,0.8573686480522156,899,618
731,1,Fast,0.811877965927124,957,416
731,1,Fast,0.8047900199890137,1270,757
731,1,Fast,0.7977744340896606,878,748
731,1,Fast,0.6576327085494995,1103,649
731,1,Fast,0.6438801288604736,938,307
731,1,Fast,0.5731262564659119,917,328
731,1,Fast,0.45421919226646423,904,506
731,1,Fast,0.31276601552963257,958,361
732,1,Fast,0.8739921450614929,975,828
732,1,Fast,0.831841230392456,901,623
732,1,Fast,0.8311899304389954,955,413
732,1,Fast,0.8261919617652893,1266,751
732,1,Fast,0.7922152280807495,1115,997
732,1,Fast,0.7736161351203918,881,755
732,1,Fast,0.7447342872619629,905,511
732,1,Fast,0.7125979661941528,938,305
732,1,Fast,0.7015679478645325,917,326
732,1,Fast,0.5629962682723999,1100,643
732,1,Fast,0.41505303978919983,957,359
732,2,Slow,0.32897937297821045,963,305
733,1,Fast,0.872081458568573,978,837
733,1,Fast,0.854805588722229,1123,1013
733,1,Fast,0.8431088328361511,954,410
733,1,Fast,0.8236361145973206,883,762
733,1,Fast,0.7605141401290894,903,629
733,1,Fast,0.7330037951469421,1261,746
733,1,Fast,0.6820815801620483,938,304
733,1,Fast,0.576528012752533,1097,636
733,1,Fast,0.47093120217323303,918,325
733,1,Fast,0.37705105543136597,957,356
733,1,Fast,0.3729788064956665,907,516
734,1,Fast,0.878535270690918,981,845
734,1,Fast,0.8415131568908691,1132,1029
734,1,Fast,0.8312779068946838,1256,741
734,1,Fast,0.8258309960365295,886,769
734,1,Fast,0.8215762376785278,953,407
734,1,Fast,0.7935435771942139,1092,630
734,1,Fast,0.7888228297233582,905,635
734,1,Fast,0.676055371761322,937,302
734,1,Fast,0.5978931188583374,917,321
734,1,Fast,0.44570696353912354,956,355
735,1,Fast,0.883768618106842,985,853
735,1,Fast,0.8561193943023682,907,642
735,1,Fast,0.8389020562171936,1141,1044
735,1,Fast,0.8356614708900452,1253,735
735,1,Fast,0.82244873046875,888,778
735,1,Fast,0.777108907699585,951,404
735,1,Fast,0.7526050209999084,955,352
735,1,Fast,0.5441585183143616,916,319
735,1,Fast,0.5316966772079468,911,525
735,1,Fast,0.45260801911354065,936,300
735,1,Fast,0.43988195061683655,1088,624
735,2,Slow,0.3231654167175293,979,351
736,1,Fast,0.8951974511146545,989,863
736,1,Fast,0.8605146408081055,908,649
736,1,Fast,0.8379159569740295,890,786
736,1,Fast,0.8288806676864624,950,402
736,1,Fast,0.8002654910087585,1250,729
736,1,Fast,0.6834310293197632,912,530
736,1,Fast,0.5740207433700562,1151,1052
736,1,Fast,0.5166316628456116,1085,619
736,1,Fast,0.48896703124046326,954,350
736,1,Fast,0.45128658413887024,869,503
737,1,Fast,0.8828004002571106,993,872
737,1,Fast,0.8491933345794678,892,793
737,1,Fast,0.8397465944290161,1245,724
737,1,Fast,0.8315126299858093,911,655
737,1,Fast,0.8238648772239685,949,398
737,1,Fast,0.6181373000144958,1080,613
737,1,Fast,0.565379798412323,1164,1060
737,1,Fast,0.4966204762458801,871,507
737,1,Fast,0.46146160364151,935,297
737,1,Fast,0.3778633177280426,953,348
737,2,Slow,0.33637896180152893,963,295
738,1,Fast,0.8904040455818176,996,882
738,1,Fast,0.8468157649040222,913,660
738,1,Fast,0.8291510343551636,915,540
738,1,Fast,0.8195138573646545,948,395
738,1,Fast,0.7790722846984863,894,801
738,1,Fast,0.7503694891929626,1242,718
738,1,Fast,0.6340655088424683,935,295
738,1,Fast,0.5073726773262024,952,346
738,2,Slow,0.3881966471672058,963,293
739,1,Fast,0.87672358751297,1000,893
739,1,Fast,0.8373569250106812,897,809
739,1,Fast,0.7887638807296753,946,393
739,1,Fast,0.7885590195655823,915,666
739,1,Fast,0.7449108362197876,917,544
739,1,Fast,0.7336656451225281,1237,714
739,1,Fast,0.7180191874504089,1445,1043
739,1,Fast,0.7111414074897766,935,294
739,1,Fast,0.5700100660324097,951,343
739,2,Slow,0.3609808087348938,963,292
739,1,Fast,0.3129357695579529,915,310
740,1,Fast,0.8741403818130493,1003,902
740,1,Fast,0.8335993885993958,900,817
740,1,Fast,0.8204933404922485,917,672
740,1,Fast,0.7902548909187317,1234,708
740,1,Fast,0.7072888016700745,919,549
740,1,Fast,0.6356421709060669,951,342
740,1,Fast,0.6071073412895203,934,292
740,1,Fast,0.5871027708053589,1438,1031
740,1,Fast,0.4979963004589081,945,390
741,1,Fast,0.8809051513671875,1007,912
741,1,Fast,0.8435576558113098,920,679
741,1,Fast,0.8151527643203735,902,825
741,1,Fast,0.7159847617149353,944,387
741,1,Fast,0.704693078994751,1230,703
741,1,Fast,0.6926677227020264,921,555
741,1,Fast,0.624830424785614,951,340
741,1,Fast,0.5798354148864746,1428,1020
741,1,Fast,0.5405054092407227,934,291
741,2,Slow,0.3533501625061035,973,338
741,1,Fast,0.3314289152622223,875,524
742,1,Fast,0.8713418245315552,1011,921
742,1,Fast,0.8529335260391235,922,685
742,1,Fast,0.8010494112968445,942,384
742,1,Fast,0.7958757281303406,905,835
742,1,Fast,0.6209022402763367,1226,698
742,1,Fast,0.5518600940704346,934,289
742,1,Fast,0.48584219813346863,951,339
743,1,Fast,0.8712270855903625,1016,931
743,1,Fast,0.8335224986076355,908,844
743,1,Fast,0.8218582272529602,1223,693
743,1,Fast,0.819664478302002,924,692
743,1,Fast,0.8175091743469238,941,381
743,1,Fast,0.43393978476524353,934,287
743,1,Fast,0.3241056501865387,1409,996
744,1,Fast,0.8957892060279846,1020,941
744,1,Fast,0.8330380320549011,940,379
744,1,Fast,0.827060878276825,911,852
744,1,Fast,0.8106224536895752,926,699
744,1,Fast,0.7350521683692932,1219,689
744,1,Fast,0.707554280757904,1401,985
744,1,Fast,0.33613139390945435,933,286
744,1,Fast,0.3146890103816986,913,301
745,1,Fast,0.8833005428314209,1024,951
745,1,Fast,0.8584111928939819,928,706
745,1,Fast,0.7943210601806641,939,376
745,1,Fast,0.7353034019470215,1393,974
745,1,Fast,0.671326220035553,1216,683
745,1,Fast,0.641471266746521,914,861
745,1,Fast,0.3864210247993469,934,283
745,1,Fast,0.33252236247062683,913,298
746,1,Fast,0.8947156667709351,1029,960
746,1,Fast,0.8686730265617371,1385,964
746,1,Fast,0.8613985776901245,930,714
746,1,Fast,0.7754312753677368,938,373
746,1,Fast,0.7591913938522339,1213,678
746,1,Fast,0.5874749422073364,917,870
746,1,Fast,0.39943546056747437,949,330
746,2,Slow,0.37351667881011963,969,327
746,1,Fast,0.30309516191482544,933,282
747,1,Fast,0.8995601534843445,1033,971
747,1,Fast,0.8511492013931274,933,722
747,1,Fast,0.8213813304901123,1378,954
747,1,Fast,0.8040019869804382,936,371
747,1,Fast,0.7432095408439636,1209,673
747,1,Fast,0.7324180603027344,919,879
747,2,Slow,0.6204699873924255,969,326
747,1,Fast,0.5912153720855713,883,550
747,1,Fast,0.41379034519195557,1049,560
747,1,Fast,0.3596592843532562,933,281
747,1,Fast,0.35141658782958984,912,295
748,1,Fast,0.8858781456947327,1038,982
748,1,Fast,0.8605982065200806,936,729
748,1,Fast,0.8166770935058594,935,368
748,1,Fast,0.7462952733039856,923,888
748,1,Fast,0.7379328012466431,1369,943
748,2,Slow,0.7112997174263,969,324
748,1,Fast,0.6733297109603882,885,555
748,1,Fast,0.6586583256721497,1206,670
748,1,Fast,0.3686746656894684,933,280
749,1,Fast,0.8946841955184937,1044,994
749,1,Fast,0.8621590733528137,939,735
749,1,Fast,0.8061361908912659,934,366
749,1,Fast,0.7804383635520935,926,897
749,1,Fast,0.665456235408783,1202,665
749,1,Fast,0.6628493666648865,887,560
749,2,Slow,0.6542655229568481,968,322
749,1,Fast,0.48350217938423157,1362,934
749,1,Fast,0.3013243079185486,932,277
750,1,Fast,0.8950380682945251,1049,1006
750,1,Fast,0.857243001461029,941,742
750,1,Fast,0.8386489748954773,1354,924
750,1,Fast,0.8298254013061523,930,908
750,1,Fast,0.7793313264846802,934,364
750,1,Fast,0.7100871205329895,1199,660
750,2,Slow,0.5334919095039368,968,320
750,1,Fast,0.44533541798591614,888,563
751,1,Fast,0.8906093835830688,1054,1019
751,1,Fast,0.8667511940002441,945,750
751,1,Fast,0.7708019018173218,1196,656
751,1,Fast,0.7408199310302734,933,362
751,1,Fast,0.7073756456375122,1347,914
751,1,Fast,0.3689170777797699,932,274
751,1,Fast,0.3254264295101166,933,918
752,1,Fast,0.8814507126808167,1059,1031
752,1,Fast,0.8737958669662476,949,758
752,1,Fast,0.8345648050308228,1339,903
752,1,Fast,0.6778910160064697,1193,652
752,1,Fast,0.6310486793518066,932,359
752,1,Fast,0.6222858428955078,891,575
752,1,Fast,0.4062338173389435,931,273
753,1,Fast,0.8814511895179749,952,766
753,1,Fast,0.8684536814689636,1064,1041
753,1,Fast,0.8035597801208496,940,939
753,1,Fast,0.7814139127731323,931,356
753,1,Fast,0.7797207832336426,1333,894
753,1,Fast,0.6791791319847107,1190,647
753,1,Fast,0.5193237066268921,945,317
753,1,Fast,0.47042229771614075,932,271
753,1,Fast,0.31755149364471436,893,580
754,1,Fast,0.8620493412017822,954,773
754,1,Fast,0.8454272150993347,1070,1048
754,1,Fast,0.7425854802131653,930,354
754,1,Fast,0.6902883648872375,943,949
754,1,Fast,0.6120402216911316,1325,885
754,1,Fast,0.593376874923706,1187,642
754,1,Fast,0.5023874640464783,945,315
754,1,Fast,0.4590735137462616,932,270
754,1,Fast,0.3171520531177521,911,280
755,1,Fast,0.8581670522689819,957,784
755,1,Fast,0.8153482675552368,1078,1054
755,1,Fast,0.8146304488182068,947,961
755,1,Fast,0.6145719885826111,929,352
755,1,Fast,0.5443503260612488,952,637
755,1,Fast,0.5440762042999268,1319,877
755,1,Fast,0.44276705384254456,945,313
755,1,Fast,0.38315659761428833,931,269
756,1,Fast,0.874706506729126,952,972
756,1,Fast,0.869979977607727,960,792
756,1,Fast,0.7728472948074341,1312,868
756,1,Fast,0.7253214120864868,1086,1061
756,1,Fast,0.6674798727035522,928,349
756,1,Fast,0.5598421692848206,945,311
756,1,Fast,0.48699885606765747,1181,635
756,1,Fast,0.4679466485977173,932,268
756,1,Fast,0.4612281918525696,910,276
756,2,Slow,0.3623674511909485,964,309
756,1,Fast,0.34998083114624023,955,644
757,1,Fast,0.8719587922096252,955,982
757,1,Fast,0.8629106283187866,963,802
757,1,Fast,0.8205070495605469,1305,860
757,1,Fast,0.766995906829834,928,347
757,1,Fast,0.6240646839141846,944,310
757,1,Fast,0.5793287754058838,1094,1067
757,1,Fast,0.5433964729309082,957,651
757,1,Fast,0.4496615529060364,931,267
757,1,Fast,0.43187570571899414,1178,631
757,1,Fast,0.33898675441741943,910,275
758,1,Fast,0.870066225528717,967,810
758,1,Fast,0.8194416761398315,1299,851
758,1,Fast,0.8149312138557434,959,989
758,1,Fast,0.7391548156738281,927,345
758,1,Fast,0.7192717790603638,904,606
758,1,Fast,0.6486202478408813,960,658
758,1,Fast,0.6292799115180969,943,308
758,1,Fast,0.5457826852798462,1175,627
758,1,Fast,0.4904434084892273,1021,508
758,1,Fast,0.48510846495628357,910,273
758,1,Fast,0.467361181974411,931,264
758,1,Fast,0.3559854030609131,1275,1002
759,1,Fast,0.8698258996009827,969,818
759,1,Fast,0.8029596209526062,1293,842
759,1,Fast,0.7789808511734009,963,995
759,1,Fast,0.7700462341308594,927,343
759,1,Fast,0.6974318027496338,906,611
759,1,Fast,0.6592472791671753,943,306
759,1,Fast,0.4498920142650604,963,664
759,1,Fast,0.4221140444278717,1172,623
759,1,Fast,0.37207552790641785,930,263
759,1,Fast,0.33552655577659607,910,271
759,1,Fast,0.3270150125026703,1266,987
760,1,Fast,0.87896728515625,973,826
760,1,Fast,0.7719262838363647,1287,835
760,1,Fast,0.7354945540428162,926,340
760,1,Fast,0.6335574984550476,967,1016
760,1,Fast,0.6127252578735352,943,305
760,1,Fast,0.6046221256256104,908,615
760,1,Fast,0.5771169662475586,1256,973
760,1,Fast,0.4712902307510376,1169,618
760,1,Fast,0.46419134736061096,966,670
760,1,Fast,0.35619598627090454,930,262
761,1,Fast,0.8909412026405334,978,835
761,1,Fast,0.8198792934417725,970,1029
761,1,Fast,0.8121138215065002,1248,958
761,1,Fast,0.788785994052887,1281,827
761,1,Fast,0.7533592581748962,925,339
761,1,Fast,0.39182448387145996,930,261
762,1,Fast,0.892375111579895,981,845
762,1,Fast,0.7861316204071045,1240,945
762,1,Fast,0.7746814489364624,924,336
762,1,Fast,0.5536485910415649,1274,818
762,1,Fast,0.4140431880950928,930,260
762,1,Fast,0.3090246319770813,975,1041
763,1,Fast,0.9025242328643799,985,854
763,1,Fast,0.7080227136611938,924,334
763,1,Fast,0.6347390413284302,1232,931
763,1,Fast,0.6075576543807983,1269,810
763,1,Fast,0.36879855394363403,931,258
764,1,Fast,0.8959327936172485,990,863
764,1,Fast,0.7500751614570618,1263,802
764,1,Fast,0.7261963486671448,923,331
764,1,Fast,0.7000732421875,1223,919
764,1,Fast,0.5027980208396912,1159,602
764,1,Fast,0.3561185598373413,978,700
765,1,Fast,0.8873334527015686,993,873
765,1,Fast,0.8584108352661133,1258,795
765,1,Fast,0.6558967232704163,922,329
765,1,Fast,0.385807067155838,1215,906
766,1,Fast,0.8696967959403992,997,884
766,1,Fast,0.7724166512489319,1252,787
766,1,Fast,0.7320713400840759,922,327
766,1,Fast,0.6823372840881348,1207,894
766,1,Fast,0.45732608437538147,985,716
766,1,Fast,0.3250117301940918,1006,475
767,1,Fast,0.8749425411224365,1002,897
767,1,Fast,0.7439851760864258,1247,780
767,1,Fast,0.72480708360672,921,325
767,1,Fast,0.34313899278640747,1201,882
768,1,Fast,0.8726407885551453,1005,908
768,1,Fast,0.7831968069076538,1240,773
768,1,Fast,0.7605469822883606,920,323
768,1,Fast,0.5904826521873474,1193,870
768,1,Fast,0.3551825284957886,992,733
768,1,Fast,0.3456311523914337,1149,587
768,1,Fast,0.3142041265964508,1002,467
769,1,Fast,0.880142092704773,1009,917
769,1,Fast,0.7835588455200195,920,321
769,1,Fast,0.5377405285835266,1187,859
769,1,Fast,0.43522909283638,1000,463
769,1,Fast,0.4270402491092682,1235,765
769,1,Fast,0.42567306756973267,1147,584
770,1,Fast,0.8824427127838135,1014,928
770,1,Fast,0.753758430480957,919,319
770,1,Fast,0.6849978566169739,1230,758
770,1,Fast,0.6235246658325195,1179,848
770,1,Fast,0.4794563055038452,1144,580
770,1,Fast,0.4340578019618988,1000,750
770,1,Fast,0.379849374294281,999,459
771,1,Fast,0.8803401589393616,1018,938
771,1,Fast,0.8521324396133423,1225,751
771,1,Fast,0.7370249032974243,919,318
771,1,Fast,0.7280177474021912,1173,837
771,1,Fast,0.6999935507774353,933,682
771,1,Fast,0.468934565782547,1004,758
771,1,Fast,0.3917072117328644,997,455
772,1,Fast,0.8836828470230103,1023,949
772,1,Fast,0.8278758525848389,1221,744
772,1,Fast,0.6940731406211853,919,315
772,1,Fast,0.6840962767601013,1008,767
772,1,Fast,0.6334004998207092,937,689
772,1,Fast,0.5678706169128418,1139,573
772,1,Fast,0.4518679678440094,1167,826
773,1,Fast,0.8902269601821899,1028,960
773,1,Fast,0.8317762017250061,1215,738
773,1,Fast,0.7026879191398621,918,313
773,1,Fast,0.5770017504692078,1162,816
773,1,Fast,0.46131017804145813,994,448
773,1,Fast,0.35029375553131104,1012,777
774,1,Fast,0.8861880302429199,1033,972
774,1,Fast,0.7588135600090027,918,310
774,1,Fast,0.7508929371833801,1017,786
774,1,Fast,0.7137266993522644,992,444
774,1,Fast,0.7064120173454285,1210,731
774,1,Fast,0.6646138429641724,1155,806
775,1,Fast,0.8888928294181824,1038,985
775,1,Fast,0.769173264503479,991,441
775,1,Fast,0.7651709914207458,918,308
775,1,Fast,0.7091478109359741,1206,725
775,1,Fast,0.6699919700622559,1021,796
775,1,Fast,0.46933695673942566,1148,795
775,1,Fast,0.4335813820362091,1322,984
776,1,Fast,0.8979941606521606,1045,998
776,1,Fast,0.8016974925994873,1315,971
776,1,Fast,0.7616278529167175,917,306
776,1,Fast,0.7549178600311279,990,439
776,1,Fast,0.7386337518692017,1025,805
776,1,Fast,0.7263323068618774,1202,718
776,1,Fast,0.5691136717796326,1144,785
776,1,Fast,0.3775274455547333,1130,560
777,1,Fast,0.8874751925468445,1050,1012
777,1,Fast,0.8217489719390869,1197,712
777,1,Fast,0.8104819655418396,1029,815
777,1,Fast,0.6746494174003601,917,304
777,1,Fast,0.5503548979759216,988,436
777,1,Fast,0.5211984515190125,1308,961
777,1,Fast,0.35960811376571655,1129,556
777,1,Fast,0.35616153478622437,1138,776
778,1,Fast,0.8816004395484924,1056,1025
778,1,Fast,0.8114997148513794,1193,707
778,1,Fast,0.7262504696846008,1035,824
778,1,Fast,0.6051466464996338,916,303
778,1,Fast,0.5537956357002258,987,432
778,1,Fast,0.4201594591140747,1126,553
778,1,Fast,0.4187621474266052,1298,948
779,1,Fast,0.8499621748924255,1061,1035
779,1,Fast,0.7331700325012207,1040,834
779,1,Fast,0.7230597734451294,1189,701
779,1,Fast,0.6673509478569031,915,301
779,1,Fast,0.550438404083252,985,430
779,1,Fast,0.5059821605682373,1298,1050
780,1,Fast,0.8311417102813721,1286,1040
780,1,Fast,0.7759352326393127,1184,694
780,1,Fast,0.7435274720191956,1044,846
780,1,Fast,0.6766115427017212,1067,1042
780,1,Fast,0.5893210768699646,1121,748
780,1,Fast,0.4699908494949341,960,750
780,1,Fast,0.43225622177124023,1281,925
780,1,Fast,0.40896764397621155,915,299
780,1,Fast,0.38875332474708557,937,272
781,1,Fast,0.8024773001670837,1277,1024
781,1,Fast,0.7641043663024902,1274,914
781,1,Fast,0.746040403842926,1050,857
781,1,Fast,0.7201119065284729,1180,688
781,1,Fast,0.6701836585998535,964,757
781,1,Fast,0.6648412346839905,1074,1049
781,1,Fast,0.5495461821556091,915,297
781,1,Fast,0.3219090402126312,1120,543
782,1,Fast,0.8885050415992737,1266,1009
782,1,Fast,0.7696241736412048,1079,1055
782,1,Fast,0.7672173380851746,1055,868
782,1,Fast,0.6980082988739014,968,765
782,1,Fast,0.5904896259307861,1175,682
782,1,Fast,0.4251515865325928,1267,903
782,1,Fast,0.3959413468837738,915,295
782,1,Fast,0.3734700679779053,980,418
782,1,Fast,0.35214588046073914,846,428
783,1,Fast,0.8947033286094666,1257,993
783,1,Fast,0.8191279172897339,1059,879
783,1,Fast,0.8184826970100403,1171,675
783,1,Fast,0.6919209361076355,1106,722
783,1,Fast,0.5110817551612854,971,773
783,1,Fast,0.3547019362449646,845,431
783,2,Slow,0.3135548233985901,1089,1062
783,1,Fast,0.30234161019325256,915,294
784,1,Fast,0.8965535759925842,1247,979
784,1,Fast,0.814479649066925,1066,891
784,1,Fast,0.7894768118858337,1167,670
784,1,Fast,0.7137549519538879,975,782
784,1,Fast,0.6175743341445923,1091,1070
784,1,Fast,0.554898738861084,978,413
784,1,Fast,0.5010125637054443,846,434
784,1,Fast,0.41815051436424255,1102,712
785,1,Fast,0.8957040309906006,1238,965
785,1,Fast,0.8668467998504639,1072,902
785,1,Fast,0.8486303091049194,1163,664
785,1,Fast,0.7820433378219604,1244,870
785,1,Fast,0.7156264781951904,1097,704
785,1,Fast,0.6949290037155151,976,409
785,1,Fast,0.6194851994514465,846,437
785,1,Fast,0.3827284276485443,915,289
786,1,Fast,0.8968290686607361,1229,952
786,1,Fast,0.8783676624298096,1076,914
786,1,Fast,0.7333295345306396,1159,659
786,1,Fast,0.6600739359855652,983,800
786,1,Fast,0.6297538876533508,1237,860
786,1,Fast,0.6102916598320007,1093,697
786,1,Fast,0.5947613716125488,848,440
786,1,Fast,0.41267159581184387,915,288
786,1,Fast,0.38227564096450806,976,406
787,1,Fast,0.8813210725784302,1221,937
787,1,Fast,0.8704878687858582,1083,926
787,1,Fast,0.7125694155693054,1230,849
787,1,Fast,0.6982063055038452,1089,690
787,1,Fast,0.683734655380249,847,443
787,1,Fast,0.525245189666748,1156,654
787,1,Fast,0.5131528973579407,914,286
787,1,Fast,0.5081765651702881,986,810
787,1,Fast,0.4047856628894806,974,404
788,1,Fast,0.87166827917099,1212,924
788,1,Fast,0.8689576983451843,1088,939
788,1,Fast,0.6642664074897766,990,819
788,1,Fast,0.6486837267875671,1223,840
788,1,Fast,0.5537697076797485,849,446
788,1,Fast,0.5114988088607788,1152,649
788,1,Fast,0.411722868680954,914,285
789,1,Fast,0.8805575966835022,1204,910
789,1,Fast,0.8768202662467957,1095,951
789,1,Fast,0.7033097147941589,994,827
789,1,Fast,0.5752459168434143,1079,674
789,1,Fast,0.562076985836029,914,283
789,1,Fast,0.4706040322780609,849,449
789,1,Fast,0.4565446376800537,1148,642
790,1,Fast,0.8796319365501404,1102,964
790,1,Fast,0.8534708619117737,1196,898
790,1,Fast,0.7239560484886169,1145,637
790,1,Fast,0.5766849517822266,913,281
790,1,Fast,0.5025532245635986,847,452
790,1,Fast,0.3224707543849945,1075,667
791,1,Fast,0.8347678780555725,1109,978
791,1,Fast,0.7824839949607849,1188,885
791,1,Fast,0.6828588247299194,912,280
791,1,Fast,0.6377670168876648,1141,632
791,1,Fast,0.5632501244544983,1003,846
791,1,Fast,0.5117434859275818,1071,660
791,1,Fast,0.3666517734527588,849,455
792,1,Fast,0.822167694568634,1181,873
792,1,Fast,0.7655704617500305,1007,857
792,1,Fast,0.6769574284553528,912,278
792,1,Fast,0.6467622518539429,1115,991
792,1,Fast,0.6247966885566711,1137,628
792,1,Fast,0.36529240012168884,1068,653
792,1,Fast,0.33589649200439453,850,459
793,1,Fast,0.8156415224075317,1174,861
793,1,Fast,0.7526609301567078,1064,647
793,1,Fast,0.6772251725196838,1134,623
793,1,Fast,0.540702223777771,856,464
793,1,Fast,0.534242570400238,912,276
793,1,Fast,0.49437153339385986,1012,867
793,1,Fast,0.44812247157096863,851,461
794,1,Fast,0.8441346883773804,1167,850
794,1,Fast,0.6910735964775085,1131,618
794,1,Fast,0.6225144863128662,854,466
794,1,Fast,0.4387960135936737,1061,639
794,1,Fast,0.3062763214111328,912,275
795,1,Fast,0.8678566813468933,1160,839
795,1,Fast,0.7433619499206543,1128,612
795,1,Fast,0.7194319367408752,1057,633
795,1,Fast,0.5230568051338196,964,379
795,1,Fast,0.3172149062156677,853,469
796,1,Fast,0.8633859753608704,1153,828
796,1,Fast,0.7667933702468872,1125,608
796,1,Fast,0.6263375878334045,854,474
796,1,Fast,0.5998102426528931,1054,626
796,1,Fast,0.36561745405197144,912,272
796,1,Fast,0.3265506327152252,1026,900
797,1,Fast,0.8530147075653076,1147,817
797,1,Fast,0.6847953200340271,1122,603
797,1,Fast,0.3937544524669647,855,476
797,1,Fast,0.309987336397171,912,270
798,1,Fast,0.8245027661323547,1141,806
798,1,Fast,0.38592010736465454,911,268
798,1,Fast,0.3175618052482605,856,479
799,1,Fast,0.7788900136947632,1134,796
799,1,Fast,0.5367506742477417,858,483
799,1,Fast,0.5329623818397522,1043,606
799,1,Fast,0.39371734857559204,1115,593
799,1,Fast,0.37332814931869507,911,266
800,1,Fast,0.8278816938400269,1040,601
800,1,Fast,0.6521933674812317,1128,787
800,1,Fast,0.46736785769462585,911,265
800,1,Fast,0.42556700110435486,859,488
800,1,Fast,0.3562001585960388,1112,589
801,1,Fast,0.7059091329574585,1123,778
801,1,Fast,0.5281403064727783,911,264
801,1,Fast,0.4722042679786682,1109,584
801,1,Fast,0.34119129180908203,1036,593
802,1,Fast,0.8263372182846069,1033,588
802,1,Fast,0.8014395833015442,1106,580
802,1,Fast,0.7967604398727417,1117,767
802,1,Fast,0.34713345766067505,911,262
803,1,Fast,0.8025091290473938,1111,758
803,1,Fast,0.768970787525177,1103,576
803,1,Fast,0.4604969024658203,1031,582
803,1,Fast,0.4441206753253937,1335,1002
804,1,Fast,0.8418228626251221,1105,748
804,1,Fast,0.8119356632232666,1101,572
804,1,Fast,0.6369399428367615,1028,576
804,1,Fast,0.347520649433136,1326,989
805,1,Fast,0.8308143615722656,1026,572
805,1,Fast,0.8064642548561096,1100,739
805,1,Fast,0.5985287427902222,956,353
805,1,Fast,0.5300841927528381,1098,567
806,1,Fast,0.7877931594848633,1022,566
806,1,Fast,0.7858788371086121,1096,731
806,1,Fast,0.7626509666442871,955,351
806,1,Fast,0.688279390335083,1096,563
806,1,Fast,0.4758829176425934,1128,693
807,1,Fast,0.8262048959732056,1090,722
807,1,Fast,0.7734255194664001,1020,561
807,1,Fast,0.7537521123886108,954,348
807,1,Fast,0.5876004099845886,1093,559
808,1,Fast,0.7753353118896484,1085,712
808,1,Fast,0.6514467000961304,1017,555
808,1,Fast,0.5860581398010254,1291,939
808,1,Fast,0.4823797941207886,1090,554
808,1,Fast,0.4009362459182739,954,346
809,1,Fast,0.7846055626869202,1080,704
809,1,Fast,0.7737628817558289,869,524
809,1,Fast,0.6323817372322083,1088,550
809,1,Fast,0.30554136633872986,1015,549
810,1,Fast,0.812515139579773,1075,695
810,1,Fast,0.6872164607048035,870,528
810,1,Fast,0.6531070470809937,1013,544
810,1,Fast,0.59852534532547,1085,545
810,1,Fast,0.48017778992652893,952,340
810,1,Fast,0.4077495038509369,1274,915
811,1,Fast,0.8128235936164856,1070,687
811,1,Fast,0.3438640832901001,1267,904
811,1,Fast,0.33556070923805237,1082,542
812,1,Fast,0.8210983276367188,1066,680
812,1,Fast,0.35313162207603455,1008,532
812,1,Fast,0.33736565709114075,1260,893
813,1,Fast,0.8270400166511536,1062,673
813,1,Fast,0.5696247220039368,1077,534
813,1,Fast,0.5237688422203064,1253,884
814,1,Fast,0.7761437892913818,1058,666
814,1,Fast,0.560175359249115,874,545
814,1,Fast,0.5012152194976807,1245,873
814,1,Fast,0.4766981601715088,1075,530
815,1,Fast,0.8148927688598633,1054,657
815,1,Fast,0.6967234015464783,1073,526
815,1,Fast,0.3502828776836395,950,328
815,1,Fast,0.33064815402030945,1002,518
816,1,Fast,0.8299267292022705,1049,650
816,1,Fast,0.6812071800231934,1071,522
816,1,Fast,0.633941113948822,949,327
816,1,Fast,0.4667983949184418,882,555
816,1,Fast,0.3302413523197174,1231,852
817,1,Fast,0.8494564890861511,1046,642
817,1,Fast,0.5217881202697754,1068,519
817,1,Fast,0.48479020595550537,949,325
818,1,Fast,0.8528275489807129,1042,636
818,1,Fast,0.4684823751449585,883,563
818,1,Fast,0.31283265352249146,947,324
819,1,Fast,0.854856014251709,1039,628
819,1,Fast,0.6741480827331543,884,569
819,1,Fast,0.5782463550567627,946,321
819,1,Fast,0.43474718928337097,1063,511
820,1,Fast,0.8492451906204224,1035,622
820,1,Fast,0.5216253399848938,1061,508
820,1,Fast,0.3061913549900055,885,574
821,1,Fast,0.8404505252838135,1031,615
821,1,Fast,0.689490795135498,888,579
821,1,Fast,0.616454541683197,1198,803
821,1,Fast,0.4775460958480835,1059,504
822,1,Fast,0.8552647829055786,1028,609
822,1,Fast,0.7712787389755249,887,584
822,1,Fast,0.5788714289665222,1193,794
822,1,Fast,0.5526517033576965,1057,501
823,1,Fast,0.8446285128593445,1024,603
823,1,Fast,0.6659297347068787,888,589
823,1,Fast,0.5945558547973633,1188,784
823,1,Fast,0.5312032103538513,1055,498
824,1,Fast,0.81879061460495,1021,597
824,1,Fast,0.7495707273483276,1183,777
824,1,Fast,0.6583518981933594,984,477
824,1,Fast,0.6557515859603882,886,593
824,1,Fast,0.4952794909477234,1053,494
825,1,Fast,0.8393264412879944,1017,590
825,1,Fast,0.7367125749588013,982,474
825,1,Fast,0.6613873839378357,1176,768
825,1,Fast,0.6526417136192322,1440,1047
825,1,Fast,0.5115371942520142,1051,491
825,1,Fast,0.33790120482444763,944,308
826,1,Fast,0.8354363441467285,1015,584
826,1,Fast,0.8046554327011108,1170,760
826,1,Fast,0.8042558431625366,981,470
826,1,Fast,0.5504364967346191,1048,487
826,1,Fast,0.5410882234573364,840,417
826,1,Fast,0.5366211533546448,1429,1033
826,1,Fast,0.5212838649749756,943,306
826,1,Fast,0.3388781249523163,910,230
827,1,Fast,0.8596667051315308,1012,578
827,1,Fast,0.8156535625457764,1165,752
827,1,Fast,0.639774739742279,1047,484
827,1,Fast,0.49968764185905457,840,420
827,1,Fast,0.47766801714897156,980,466
827,1,Fast,0.3092058002948761,901,611
827,1,Fast,0.30333220958709717,943,305
828,1,Fast,0.8525995016098022,1009,571
828,1,Fast,0.8071160912513733,1408,1004
828,1,Fast,0.7946021556854248,1045,481
828,1,Fast,0.7783687710762024,1159,743
828,1,Fast,0.7164387702941895,978,462
828,1,Fast,0.6868157982826233,900,615
829,1,Fast,0.8742595911026001,1399,992
829,1,Fast,0.8067806959152222,1006,566
829,1,Fast,0.7559270858764648,1044,478
829,1,Fast,0.6842439770698547,1156,735
829,1,Fast,0.5403938293457031,976,458
830,1,Fast,0.8098555207252502,1043,475
830,1,Fast,0.796750009059906,1003,560
830,1,Fast,0.7441268563270569,1389,979
830,1,Fast,0.4681670665740967,975,453
830,1,Fast,0.45984211564064026,902,628
831,1,Fast,0.8151227235794067,1379,966
831,1,Fast,0.7772738337516785,1000,554
831,1,Fast,0.6748712658882141,1040,472
831,1,Fast,0.615590512752533,903,633
831,1,Fast,0.584571361541748,843,432
831,1,Fast,0.46005672216415405,1144,719
832,1,Fast,0.8591015934944153,1368,954
832,1,Fast,0.8299530744552612,998,549
832,1,Fast,0.551975667476654,939,295
832,1,Fast,0.5403844714164734,1038,469
832,1,Fast,0.5091175436973572,843,435
833,1,Fast,0.8475460410118103,1360,943
833,1,Fast,0.8390006422996521,995,543
833,1,Fast,0.8166418671607971,1136,704
833,1,Fast,0.6600388288497925,1037,465
833,1,Fast,0.574658215045929,938,293
833,1,Fast,0.4561064541339874,843,437
833,1,Fast,0.38458052277565,970,441
834,1,Fast,0.8540613651275635,992,537
834,1,Fast,0.7788655757904053,1351,931
834,1,Fast,0.6793914437294006,844,441
834,1,Fast,0.6238440275192261,938,291
834,1,Fast,0.6128557920455933,1132,698
834,1,Fast,0.5568950176239014,970,438
834,1,Fast,0.47631964087486267,1035,462
834,1,Fast,0.4068320691585541,911,219
835,1,Fast,0.8537352681159973,990,532
835,1,Fast,0.7885288000106812,1343,920
835,1,Fast,0.766705334186554,1128,691
835,1,Fast,0.6094297766685486,938,290
835,1,Fast,0.6008266806602478,1033,460
835,1,Fast,0.5672601461410522,968,435
835,1,Fast,0.4782944321632385,844,444
836,1,Fast,0.8295863270759583,988,527
836,1,Fast,0.5543168783187866,911,217
836,1,Fast,0.5113875269889832,845,447
836,1,Fast,0.4876181483268738,1122,683
836,1,Fast,0.39193812012672424,937,288
836,1,Fast,0.3711606562137604,1031,457
836,1,Fast,0.32756105065345764,1334,907
837,1,Fast,0.8482842445373535,985,522
837,1,Fast,0.7265171408653259,847,449
837,1,Fast,0.695942759513855,1118,676
837,1,Fast,0.5054996013641357,911,215
837,1,Fast,0.3476256728172302,937,286
837,1,Fast,0.30386292934417725,1325,898
838,1,Fast,0.8677114844322205,983,518
838,1,Fast,0.6538989543914795,847,453
838,1,Fast,0.6277714371681213,921,676
838,1,Fast,0.42060884833335876,911,215
838,1,Fast,0.3150160014629364,1028,450
839,1,Fast,0.8407979011535645,981,513
839,1,Fast,0.6957768797874451,848,456
839,1,Fast,0.6812281012535095,923,682
839,1,Fast,0.5952389240264893,1310,876
839,1,Fast,0.5104943513870239,1025,448
839,1,Fast,0.42292946577072144,1109,663
840,1,Fast,0.8516298532485962,979,508
840,1,Fast,0.7370049357414246,1024,445
840,1,Fast,0.726193904876709,1302,866
840,1,Fast,0.6508919596672058,848,457
841,1,Fast,0.8507716059684753,977,502
841,1,Fast,0.6911699175834656,849,463
841,1,Fast,0.6626389622688293,1294,855
841,1,Fast,0.4759121239185333,1023,442
842,1,Fast,0.8300634622573853,975,498
842,1,Fast,0.8113403916358948,1287,845
842,1,Fast,0.724243700504303,849,465
842,1,Fast,0.5637532472610474,928,702
842,1,Fast,0.37571537494659424,1098,643
842,1,Fast,0.32284438610076904,1022,439
843,1,Fast,0.822842538356781,1279,836
843,1,Fast,0.8115739822387695,973,493
843,1,Fast,0.7712733745574951,931,710
843,1,Fast,0.7636306285858154,850,469
843,1,Fast,0.4901922345161438,1015,493
843,1,Fast,0.4485420882701874,959,408
843,1,Fast,0.4238084554672241,1021,437
844,1,Fast,0.8506572246551514,1272,827
844,1,Fast,0.824141800403595,970,489
844,1,Fast,0.7029756903648376,934,717
844,1,Fast,0.6569842100143433,851,472
844,1,Fast,0.6392853856086731,1013,489
844,1,Fast,0.4847075641155243,1091,632
844,1,Fast,0.4260440468788147,958,405
844,1,Fast,0.3957538604736328,1019,435
845,1,Fast,0.8391053080558777,969,484
845,1,Fast,0.7455416917800903,1266,817
845,1,Fast,0.6583287119865417,852,477
845,1,Fast,0.539691686630249,937,724
845,1,Fast,0.5107367038726807,1011,484
845,1,Fast,0.3966148793697357,1017,431
846,1,Fast,0.8184826970100403,966,479
846,1,Fast,0.7159252762794495,854,481
846,1,Fast,0.6365640759468079,1260,808
846,1,Fast,0.6222764253616333,1083,619
846,1,Fast,0.354157954454422,1008,480
846,1,Fast,0.33185243606567383,1016,429
846,1,Fast,0.31083807349205017,940,732
847,1,Fast,0.8481805920600891,965,475
847,1,Fast,0.8248676061630249,1253,798
847,1,Fast,0.6703484654426575,854,484
847,1,Fast,0.6282060742378235,1079,614
847,1,Fast,0.48777398467063904,1015,425
847,1,Fast,0.43166863918304443,943,740
848,1,Fast,0.84665846824646,963,471
848,1,Fast,0.5796634554862976,855,488
848,1,Fast,0.5225878953933716,1014,423
848,1,Fast,0.44581782817840576,947,749
848,1,Fast,0.33649054169654846,1076,608
849,1,Fast,0.8190100193023682,962,467
849,1,Fast,0.7324307560920715,950,757
849,1,Fast,0.5547192096710205,856,492
849,1,Fast,0.3298848569393158,1240,781
849,1,Fast,0.3152916133403778,1073,603
850,1,Fast,0.8562103509902954,953,763
850,1,Fast,0.80845046043396,960,463
850,1,Fast,0.6886819005012512,857,496
850,1,Fast,0.6237912178039551,1001,466
850,1,Fast,0.4334852397441864,1234,773
851,1,Fast,0.8120799660682678,958,459
851,1,Fast,0.6378214359283447,857,499
851,1,Fast,0.5188709497451782,999,462
851,1,Fast,0.45366695523262024,1227,764
851,1,Fast,0.31876787543296814,1010,416
851,1,Fast,0.3116972744464874,887,437
852,1,Fast,0.8297567367553711,956,454
852,1,Fast,0.7586216926574707,950,380
852,1,Fast,0.7044135332107544,958,780
852,1,Fast,0.6578158140182495,998,459
852,1,Fast,0.5878750085830688,858,502
852,1,Fast,0.49030208587646484,1222,755
852,1,Fast,0.43251582980155945,889,441
853,1,Fast,0.7926182150840759,955,450
853,1,Fast,0.6934151649475098,960,789
853,1,Fast,0.6921762228012085,996,455
853,1,Fast,0.5949803590774536,949,378
853,1,Fast,0.5817734599113464,859,507
853,1,Fast,0.394269734621048,1007,410
854,1,Fast,0.834773600101471,953,446
854,1,Fast,0.7965429425239563,964,799
854,1,Fast,0.7507487535476685,1209,740
854,1,Fast,0.5966484546661377,860,510
854,1,Fast,0.5653034448623657,949,375
855,1,Fast,0.8399202823638916,952,442
855,1,Fast,0.8311248421669006,968,808
855,1,Fast,0.7517350316047668,992,447
855,1,Fast,0.6709475517272949,861,514
855,1,Fast,0.5198508501052856,948,373
855,1,Fast,0.34748023748397827,1055,569
856,1,Fast,0.8199828863143921,950,439
856,1,Fast,0.7970073223114014,971,817
856,1,Fast,0.7846740484237671,991,444
856,1,Fast,0.7416926622390747,862,518
856,1,Fast,0.36624225974082947,1052,565
857,1,Fast,0.8467272520065308,975,826
857,1,Fast,0.7827685475349426,949,435
857,1,Fast,0.713311493396759,863,522
857,1,Fast,0.7075985074043274,1048,560
857,1,Fast,0.6455675959587097,989,441
857,1,Fast,0.4876311719417572,896,464
858,1,Fast,0.8449820876121521,979,835
858,1,Fast,0.818096935749054,947,432
858,1,Fast,0.7342084646224976,864,526
858,1,Fast,0.6134749054908752,897,468
858,1,Fast,0.44058093428611755,1046,555
859,1,Fast,0.8435142040252686,982,845
859,1,Fast,0.8021989464759827,945,427
859,1,Fast,0.7746952772140503,865,530
859,1,Fast,0.5232640504837036,898,474
859,1,Fast,0.4191577434539795,987,435
860,1,Fast,0.7950118184089661,900,478
860,1,Fast,0.7941508889198303,987,855
860,1,Fast,0.777488112449646,944,424
860,1,Fast,0.6144410371780396,985,432
860,1,Fast,0.5788518190383911,867,534
860,1,Fast,0.4937687814235687,1041,545
860,1,Fast,0.46771734952926636,1180,695
860,1,Fast,0.440440833568573,943,357
861,1,Fast,0.8238043189048767,901,484
861,1,Fast,0.7984793186187744,991,864
861,1,Fast,0.7691166996955872,942,419
861,1,Fast,0.690461277961731,983,428
861,1,Fast,0.6331763863563538,868,538
862,1,Fast,0.847781777381897,942,416
862,1,Fast,0.8306107521057129,903,488
862,1,Fast,0.753804624080658,995,872
862,1,Fast,0.7449304461479187,870,543
863,1,Fast,0.8612461090087891,905,493
863,1,Fast,0.8455713987350464,940,412
863,1,Fast,0.6913996934890747,870,546
863,1,Fast,0.6023539900779724,941,351
863,1,Fast,0.5237600207328796,980,421
863,1,Fast,0.48523545265197754,999,883
864,1,Fast,0.8533255457878113,907,499
864,1,Fast,0.8504973649978638,939,409
864,1,Fast,0.786277174949646,1002,897
864,1,Fast,0.7493695616722107,872,551
864,1,Fast,0.6961395144462585,979,419
864,1,Fast,0.5713410973548889,942,348
864,1,Fast,0.5344129800796509,770,439
864,1,Fast,0.41463497281074524,1161,667
865,1,Fast,0.8566778898239136,909,506
865,1,Fast,0.8281629085540771,939,406
865,1,Fast,0.8110474944114685,873,555
865,1,Fast,0.765381932258606,1007,908
865,1,Fast,0.7586126327514648,978,416
865,1,Fast,0.6331010460853577,941,346
865,1,Fast,0.5907195210456848,771,441
865,1,Fast,0.5666275024414062,1156,660
866,1,Fast,0.8576540350914001,1011,917
866,1,Fast,0.8251896500587463,937,403
866,1,Fast,0.8041152358055115,912,511
866,1,Fast,0.7955769300460815,875,559
866,1,Fast,0.7829617857933044,977,413
866,1,Fast,0.4553854465484619,993,379
866,1,Fast,0.3091084361076355,1026,516
866,1,Fast,0.3001839220523834,771,442
867,1,Fast,0.8624063730239868,1015,928
867,1,Fast,0.8449295163154602,936,400
867,1,Fast,0.8400558829307556,913,517
867,1,Fast,0.8175160884857178,877,563
867,1,Fast,0.7817155718803406,976,409
867,1,Fast,0.6472831964492798,992,376
867,1,Fast,0.46830809116363525,1023,512
867,1,Fast,0.41781455278396606,1147,648
868,1,Fast,0.8678562045097351,915,523
868,1,Fast,0.851098895072937,934,397
868,1,Fast,0.8482182621955872,1020,939
868,1,Fast,0.8294920325279236,877,569
868,1,Fast,0.7349921464920044,975,406
868,1,Fast,0.5851467847824097,992,375
868,1,Fast,0.5282696485519409,1020,508
868,1,Fast,0.3103187084197998,771,444
869,1,Fast,0.8432061672210693,933,393
869,1,Fast,0.8373429775238037,1025,950
869,1,Fast,0.8031074404716492,918,529
869,1,Fast,0.7665354013442993,879,573
869,1,Fast,0.7313569784164429,973,404
869,1,Fast,0.35538986325263977,991,372
870,1,Fast,0.8376630544662476,1030,963
870,1,Fast,0.7801447510719299,933,390
870,1,Fast,0.7692104578018188,881,578
870,1,Fast,0.7659265995025635,920,535
870,1,Fast,0.7055093050003052,972,400
870,1,Fast,0.4699164927005768,1016,499
870,1,Fast,0.4498346447944641,939,333
871,1,Fast,0.8625134229660034,1035,975
871,1,Fast,0.840569019317627,932,386
871,1,Fast,0.8368930220603943,922,543
871,1,Fast,0.7852104902267456,882,583
871,1,Fast,0.7771234512329102,971,398
871,1,Fast,0.6048707962036133,939,331
871,1,Fast,0.4003520905971527,773,448
871,1,Fast,0.35209593176841736,988,369
872,1,Fast,0.831743597984314,931,383
872,1,Fast,0.8070929646492004,969,395
872,1,Fast,0.7986490726470947,884,588
872,1,Fast,0.7009126543998718,923,548
872,1,Fast,0.6533601880073547,1042,988
872,1,Fast,0.6042057871818542,938,328
872,1,Fast,0.5431100726127625,988,366
873,1,Fast,0.8084763288497925,931,380
873,1,Fast,0.7909291982650757,885,593
873,1,Fast,0.7886162400245667,968,392
873,1,Fast,0.7278621196746826,1047,1000
873,1,Fast,0.694987416267395,926,555
873,1,Fast,0.6288095116615295,937,327
873,1,Fast,0.6036263704299927,987,364
874,1,Fast,0.7962336540222168,887,599
874,1,Fast,0.7914892435073853,929,563
874,1,Fast,0.7564865350723267,929,377
874,1,Fast,0.7360060811042786,967,390
874,1,Fast,0.6917475461959839,986,363
874,1,Fast,0.536472737789154,1053,1016
874,1,Fast,0.37775135040283203,937,326
875,1,Fast,0.7678816318511963,966,386
875,1,Fast,0.7426345348358154,931,569
875,1,Fast,0.729750394821167,889,604
875,1,Fast,0.6854140162467957,929,374
875,1,Fast,0.6477246284484863,1058,1029
875,1,Fast,0.5936842560768127,985,362
875,1,Fast,0.5304110646247864,937,323
875,1,Fast,0.4059031009674072,773,453
876,1,Fast,0.8045035600662231,934,576
876,1,Fast,0.798156201839447,966,384
876,1,Fast,0.7954859733581543,927,371
876,1,Fast,0.7531334161758423,890,609
876,1,Fast,0.6122270226478577,936,321
876,1,Fast,0.5891310572624207,1064,1040
876,1,Fast,0.37461504340171814,1004,476
876,1,Fast,0.3506034016609192,984,358
877,1,Fast,0.8392322659492493,937,582
877,1,Fast,0.8105416297912598,927,368
877,1,Fast,0.7979180812835693,966,381
877,1,Fast,0.5441088080406189,893,614
877,1,Fast,0.41071197390556335,983,357
878,1,Fast,0.8377215266227722,940,590
878,1,Fast,0.8280888795852661,926,365
878,1,Fast,0.7977904677391052,964,378
878,1,Fast,0.6664921045303345,895,620
878,1,Fast,0.5273840427398682,982,355
878,1,Fast,0.516393780708313,774,458
878,1,Fast,0.5143900513648987,999,469
878,1,Fast,0.44177791476249695,1080,1054
879,1,Fast,0.8217445015907288,925,362
879,1,Fast,0.7917647957801819,943,598
879,1,Fast,0.771058976650238,896,625
879,1,Fast,0.768905520439148,964,376
879,1,Fast,0.6682060956954956,998,464
879,1,Fast,0.5938025116920471,982,352
879,1,Fast,0.5286170244216919,1087,1062
880,1,Fast,0.8314329981803894,946,606
880,1,Fast,0.7853844165802002,963,373
880,1,Fast,0.7451278567314148,925,360
880,1,Fast,0.7413369417190552,897,632
880,1,Fast,0.5959870219230652,981,350
880,1,Fast,0.5822293758392334,997,461
880,1,Fast,0.43320760130882263,1101,576
881,1,Fast,0.7918979525566101,924,357
881,1,Fast,0.7892747521400452,962,371
881,1,Fast,0.7789459824562073,900,637
881,1,Fast,0.7069512605667114,995,458
881,1,Fast,0.6187682747840881,950,613
881,1,Fast,0.5207927823066711,980,349
881,1,Fast,0.384995698928833,774,461
881,1,Fast,0.32430675625801086,934,310
882,1,Fast,0.8209940791130066,952,621
882,1,Fast,0.8110319972038269,924,354
882,1,Fast,0.7496011257171631,902,642
882,1,Fast,0.7445547580718994,961,368
882,1,Fast,0.7004767656326294,993,453
882,1,Fast,0.5905511379241943,979,347
882,1,Fast,0.5377441048622131,933,307
882,1,Fast,0.40846431255340576,774,462
883,1,Fast,0.8331934213638306,955,628
883,1,Fast,0.8265346884727478,923,351
883,1,Fast,0.8157158493995667,904,648
883,1,Fast,0.6706063747406006,933,305
883,1,Fast,0.633951723575592,960,366
883,1,Fast,0.6149439811706543,979,345
883,1,Fast,0.5148181319236755,774,464
883,1,Fast,0.4998970329761505,992,450
884,1,Fast,0.8332496285438538,958,636
884,1,Fast,0.816864013671875,906,652
884,1,Fast,0.8125500082969666,923,348
884,1,Fast,0.7956382036209106,990,446
884,1,Fast,0.6313856840133667,978,343
884,1,Fast,0.5918002128601074,932,303
884,1,Fast,0.5467755198478699,959,365
885,1,Fast,0.781822919845581,989,443
885,1,Fast,0.7777774333953857,922,346
885,1,Fast,0.771369218826294,909,659
885,1,Fast,0.7125612497329712,962,644
885,1,Fast,0.6943767666816711,958,361
885,1,Fast,0.6436653137207031,977,341
885,1,Fast,0.5988749265670776,933,302
886,1,Fast,0.7968707084655762,965,653
886,1,Fast,0.7744351625442505,988,440
886,1,Fast,0.7493276596069336,921,343
886,1,Fast,0.6656118035316467,774,468
886,1,Fast,0.6623179316520691,976,339
886,1,Fast,0.5797877907752991,958,359
886,1,Fast,0.43530645966529846,910,666
887,1,Fast,0.8099089860916138,920,340
887,1,Fast,0.7641416788101196,986,436
887,1,Fast,0.7468215823173523,958,356
887,1,Fast,0.7151163220405579,774,469
887,1,Fast,0.6682141423225403,969,662
887,1,Fast,0.5980428457260132,976,337
888,1,Fast,0.8194337487220764,919,339
888,1,Fast,0.7997488975524902,957,353
888,1,Fast,0.7990269660949707,775,471
888,1,Fast,0.7463228702545166,984,433
888,1,Fast,0.5600082874298096,975,335
888,1,Fast,0.4320951998233795,973,670
888,1,Fast,0.40960055589675903,915,677
889,1,Fast,0.8205892443656921,919,336
889,1,Fast,0.816100001335144,956,351
889,1,Fast,0.6875832676887512,916,683
889,1,Fast,0.672325849533081,983,431
889,1,Fast,0.5763696432113647,776,472
889,1,Fast,0.5730667114257812,977,679
889,1,Fast,0.43813055753707886,974,334
890,1,Fast,0.8086838126182556,919,333
890,1,Fast,0.8068423867225647,955,348
890,1,Fast,0.7831538319587708,980,427
890,1,Fast,0.7591638565063477,919,690
890,1,Fast,0.7458993792533875,981,689
890,1,Fast,0.5186478495597839,776,474
890,1,Fast,0.48514610528945923,974,332
890,1,Fast,0.46017563343048096,931,292
891,1,Fast,0.8142685294151306,979,423
891,1,Fast,0.813553512096405,921,695
891,1,Fast,0.8061493039131165,954,347
891,1,Fast,0.780360221862793,918,331
891,1,Fast,0.7703282833099365,985,697
891,1,Fast,0.7443708181381226,776,475
891,1,Fast,0.6037362813949585,931,290
891,1,Fast,0.547657310962677,1070,523
891,1,Fast,0.377243310213089,973,330
892,1,Fast,0.7607823610305786,924,702
892,1,Fast,0.7448467016220093,777,476
892,1,Fast,0.7439744472503662,918,329
892,1,Fast,0.7403344511985779,953,345
892,1,Fast,0.7248752117156982,978,420
892,1,Fast,0.7040359377861023,931,289
892,1,Fast,0.6084461212158203,989,708
892,1,Fast,0.4340808093547821,973,328
892,1,Fast,0.4281068444252014,1066,519
893,1,Fast,0.8217151165008545,926,709
893,1,Fast,0.8161147236824036,919,326
893,1,Fast,0.8073756694793701,977,418
893,1,Fast,0.762065589427948,952,342
893,1,Fast,0.741081953048706,778,478
893,1,Fast,0.7109202146530151,994,718
893,1,Fast,0.6123687624931335,931,287
893,1,Fast,0.4895968735218048,1064,514
893,1,Fast,0.432171493768692,973,327
894,1,Fast,0.8194239139556885,928,716
894,1,Fast,0.8155136108398438,918,324
894,1,Fast,0.8060043454170227,975,414
894,1,Fast,0.7706458568572998,952,341
894,1,Fast,0.6568947434425354,999,727
894,1,Fast,0.5406003594398499,778,480
894,1,Fast,0.48346003890037537,972,325
894,1,Fast,0.4490108788013458,1062,510
894,1,Fast,0.3905711770057678,931,285
895,1,Fast,0.832973837852478,931,723
895,1,Fast,0.8308829665184021,1004,738
895,1,Fast,0.7993032932281494,951,338
895,1,Fast,0.7818504571914673,974,410
895,1,Fast,0.7805389761924744,917,322
895,1,Fast,0.5725517272949219,972,323
895,1,Fast,0.35294127464294434,777,481
896,1,Fast,0.8385879993438721,934,730
896,1,Fast,0.8203877806663513,1009,750
896,1,Fast,0.7811154127120972,973,408
896,1,Fast,0.7747798562049866,951,336
896,1,Fast,0.7122802734375,777,483
896,1,Fast,0.7056642174720764,917,320
896,1,Fast,0.5098244547843933,971,322
897,1,Fast,0.852523922920227,937,737
897,1,Fast,0.7689352035522461,950,334
897,1,Fast,0.7385120391845703,972,404
897,1,Fast,0.7340692281723022,1014,762
897,1,Fast,0.7198194265365601,777,484
897,1,Fast,0.6279329657554626,916,317
897,1,Fast,0.45732417702674866,970,321
898,1,Fast,0.839852511882782,939,745
898,1,Fast,0.7765908241271973,1019,772
898,1,Fast,0.758621871471405,971,402
898,1,Fast,0.7542060017585754,950,332
898,1,Fast,0.7470248937606812,778,485
898,1,Fast,0.5993049144744873,970,319
898,1,Fast,0.47850051522254944,916,315
898,1,Fast,0.40921664237976074,930,278
899,1,Fast,0.8248377442359924,943,752
899,1,Fast,0.792417049407959,970,399
899,1,Fast,0.768948495388031,1025,785
899,1,Fast,0.6838602423667908,949,329
899,1,Fast,0.573829174041748,916,313
899,1,Fast,0.5601285696029663,778,487
899,1,Fast,0.4548008143901825,969,317
899,1,Fast,0.3222077488899231,930,276
900,1,Fast,0.8481096029281616,1031,797
900,1,Fast,0.847169816493988,945,760
900,1,Fast,0.8134452104568481,968,396
900,1,Fast,0.6520246267318726,949,327
900,1,Fast,0.5158586502075195,915,310
900,1,Fast,0.47258293628692627,777,488
900,1,Fast,0.4331916868686676,1048,486
900,1,Fast,0.33172091841697693,969,314
901,1,Fast,0.8598453402519226,1036,810
901,1,Fast,0.8050026893615723,948,767
901,1,Fast,0.7804040312767029,967,393
901,1,Fast,0.7185010313987732,778,490
901,1,Fast,0.5982929468154907,948,325
901,1,Fast,0.5303376913070679,1047,482
901,1,Fast,0.38177064061164856,914,308
902,1,Fast,0.8566756248474121,1042,822
902,1,Fast,0.8526264429092407,951,776
902,1,Fast,0.7455337047576904,778,491
902,1,Fast,0.7057539224624634,948,323
902,1,Fast,0.5334463119506836,965,390
902,1,Fast,0.4619600474834442,1044,479
902,1,Fast,0.4531153440475464,913,305
902,1,Fast,0.43027567863464355,968,311
903,1,Fast,0.86866295337677,1049,834
903,1,Fast,0.8508431315422058,953,784
903,1,Fast,0.5918234586715698,964,387
903,1,Fast,0.5447555184364319,778,493
903,1,Fast,0.5348972082138062,913,304
903,1,Fast,0.4861738085746765,967,310
903,1,Fast,0.4253874719142914,947,322
904,1,Fast,0.8642892241477966,956,793
904,1,Fast,0.8550205826759338,1055,848
904,1,Fast,0.783410370349884,964,385
904,1,Fast,0.5536928772926331,914,302
904,1,Fast,0.476276159286499,780,494
904,1,Fast,0.4352070391178131,1039,471
905,1,Fast,0.8779294490814209,1063,862
905,1,Fast,0.8669962286949158,959,802
905,1,Fast,0.7867687344551086,962,381
905,1,Fast,0.5044962167739868,781,496
905,1,Fast,0.4138948917388916,967,306
905,1,Fast,0.3995704650878906,1037,467
905,1,Fast,0.3922504186630249,946,318
905,1,Fast,0.34517383575439453,914,300
906,1,Fast,0.8747361898422241,1070,877
906,1,Fast,0.8668420910835266,962,810
906,1,Fast,0.7642743587493896,962,379
906,1,Fast,0.5006661415100098,1036,464
906,1,Fast,0.35898661613464355,782,497
906,1,Fast,0.35522162914276123,913,298
907,1,Fast,0.874578595161438,1077,892
907,1,Fast,0.873284101486206,966,818
907,1,Fast,0.8068752288818359,962,377
907,1,Fast,0.7434369325637817,780,499
907,1,Fast,0.5751774907112122,967,303
907,1,Fast,0.4816533625125885,913,295
907,1,Fast,0.4560776948928833,944,313
907,1,Fast,0.3604311943054199,1035,461
908,1,Fast,0.8798108100891113,970,826
908,1,Fast,0.8748517632484436,1085,907
908,1,Fast,0.8121665120124817,780,501
908,1,Fast,0.6973851323127747,961,375
908,1,Fast,0.5264080166816711,944,310
908,1,Fast,0.5051749348640442,913,293
909,1,Fast,0.891735851764679,974,835
909,1,Fast,0.8797876238822937,1092,922
909,1,Fast,0.827908456325531,781,502
909,1,Fast,0.7757888436317444,960,372
909,1,Fast,0.4946613609790802,945,308
909,1,Fast,0.4385036528110504,913,290
910,1,Fast,0.886893093585968,977,844
910,1,Fast,0.8833819031715393,1099,937
910,1,Fast,0.8250004053115845,781,504
910,1,Fast,0.7591742873191833,959,370
910,1,Fast,0.5302131772041321,913,289
910,1,Fast,0.4044784903526306,946,306
911,1,Fast,0.8866302967071533,981,854
911,1,Fast,0.8865167498588562,1108,954
911,1,Fast,0.810729444026947,781,506
911,1,Fast,0.6757750511169434,957,366
911,1,Fast,0.555914580821991,913,287
911,1,Fast,0.4096757769584656,945,304
912,1,Fast,0.8886427283287048,985,863
912,1,Fast,0.8444123864173889,1117,971
912,1,Fast,0.817392885684967,781,508
912,1,Fast,0.6963107585906982,956,363
912,1,Fast,0.4303537607192993,943,304
912,1,Fast,0.3694519102573395,1024,444
913,1,Fast,0.8804983496665955,989,872
913,1,Fast,0.837907075881958,1126,988
913,1,Fast,0.7540412545204163,1023,440
913,1,Fast,0.7382001280784607,781,509
913,1,Fast,0.5469834208488464,954,361
913,1,Fast,0.39064380526542664,913,283
914,1,Fast,0.8890153765678406,993,884
914,1,Fast,0.8076634407043457,1135,1006
914,1,Fast,0.7594709396362305,782,510
914,1,Fast,0.4254639446735382,1022,438
914,1,Fast,0.35817986726760864,912,281
915,1,Fast,0.8779546022415161,997,894
915,1,Fast,0.8047232627868652,782,512
915,1,Fast,0.6456993818283081,1145,1025
915,1,Fast,0.4989628791809082,912,279
915,1,Fast,0.31316763162612915,1020,436
915,1,Fast,0.3000110685825348,953,356
916,1,Fast,0.8744081854820251,1000,905
916,1,Fast,0.7810009717941284,1156,1042
916,1,Fast,0.6577585339546204,782,513
916,1,Fast,0.6544188857078552,953,353
916,1,Fast,0.5499160885810852,912,277
917,1,Fast,0.8914876580238342,1004,915
917,1,Fast,0.8032844662666321,951,351
917,1,Fast,0.6809101104736328,1170,1053
917,1,Fast,0.3871281147003174,782,514
917,1,Fast,0.38545215129852295,912,275
918,1,Fast,0.8796619772911072,1009,924
918,1,Fast,0.6774312853813171,951,349
918,1,Fast,0.6745504140853882,782,517
919,1,Fast,0.8830870985984802,1013,934
919,1,Fast,0.697555422782898,783,518
919,1,Fast,0.5692920088768005,848,427
920,1,Fast,0.8932546377182007,1018,945
920,1,Fast,0.6163519620895386,783,520
921,1,Fast,0.8774558901786804,1023,956
921,1,Fast,0.5785142183303833,783,521
922,1,Fast,0.8780527710914612,1028,968
922,2,Slow,0.4158365726470947,947,339
922,1,Fast,0.3603648245334625,783,523
923,1,Fast,0.8755975365638733,1033,981
923,1,Fast,0.7077405452728271,784,526
923,2,Slow,0.5229835510253906,946,337
924,1,Fast,0.884875476360321,1038,992
924,1,Fast,0.7474631667137146,785,527
924,1,Fast,0.5653282403945923,1006,407
924,1,Fast,0.3622755706310272,945,334
925,1,Fast,0.8882349133491516,1044,1006
925,1,Fast,0.6220266819000244,786,529
925,1,Fast,0.3338441848754883,945,332
926,1,Fast,0.8820114731788635,1050,1019
926,1,Fast,0.6079527735710144,786,531
926,2,Slow,0.31507331132888794,801,533
927,1,Fast,0.8420127034187317,1055,1032
927,1,Fast,0.7301205992698669,787,532
927,1,Fast,0.32610806822776794,944,328
928,1,Fast,0.8614007234573364,1061,1042
928,1,Fast,0.7236097455024719,787,533
928,1,Fast,0.37251657247543335,943,325
929,1,Fast,0.750054121017456,786,535
929,1,Fast,0.7377704381942749,1068,1048
929,1,Fast,0.5570811629295349,943,324
929,1,Fast,0.3083439767360687,936,275
930,1,Fast,0.754849374294281,942,322
930,1,Fast,0.6702700257301331,1078,1055
930,1,Fast,0.4922901391983032,1336,1036
931,1,Fast,0.7508329749107361,1082,1063
931,1,Fast,0.564934253692627,941,320
932,1,Fast,0.6233694553375244,940,317
932,1,Fast,0.4019466042518616,1093,1070
932,1,Fast,0.3367396593093872,788,541
933,1,Fast,0.5509438514709473,940,315
933,1,Fast,0.4934770166873932,788,544
933,1,Fast,0.41560977697372437,1307,992
934,1,Fast,0.6426641941070557,940,313
934,1,Fast,0.6395447850227356,1298,979
935,1,Fast,0.7676646709442139,1289,966
935,1,Fast,0.6926533579826355,940,311
936,1,Fast,0.7358040809631348,1282,953
936,1,Fast,0.696415364742279,939,309
936,1,Fast,0.37448638677597046,789,548
937,1,Fast,0.8368532061576843,1274,941
937,1,Fast,0.7143992781639099,939,307
937,1,Fast,0.6658428907394409,791,550
938,1,Fast,0.7369504570960999,1266,929
938,1,Fast,0.6542879343032837,938,305
938,1,Fast,0.6227188110351562,791,551
938,1,Fast,0.3472065329551697,934,261
939,1,Fast,0.7091151475906372,1258,916
939,1,Fast,0.6439247131347656,791,553
939,1,Fast,0.5880151987075806,938,304
940,1,Fast,0.7580220103263855,1251,904
940,1,Fast,0.7210099697113037,792,555
940,1,Fast,0.3185667097568512,938,302
941,1,Fast,0.7324718832969666,792,557
941,1,Fast,0.4995462894439697,1244,894
942,1,Fast,0.6614741683006287,793,559
942,1,Fast,0.5235792994499207,1237,883
943,1,Fast,0.5979247689247131,1229,872
943,1,Fast,0.5001602172851562,793,561
943,1,Fast,0.37468498945236206,910,233
944,1,Fast,0.6208048462867737,1222,862
944,1,Fast,0.47952988743782043,936,295
944,1,Fast,0.42218634486198425,793,561
944,1,Fast,0.36216801404953003,934,252
945,1,Fast,0.6896306276321411,1216,851
945,1,Fast,0.4995007812976837,936,293
946,1,Fast,0.8399149179458618,1209,840
946,2,Slow,0.3924182057380676,934,249
946,1,Fast,0.3397788405418396,935,291
946,1,Fast,0.3150958716869354,911,230
947,1,Fast,0.8157938718795776,1202,830
947,1,Fast,0.5768350958824158,1302,1046
947,2,Slow,0.38547226786613464,933,248
947,2,Slow,0.382578581571579,978,350
948,1,Fast,0.811622679233551,1197,820
948,1,Fast,0.4148358702659607,1293,1030
949,1,Fast,0.8395115733146667,1192,811
949,1,Fast,0.6576163172721863,794,572
949,1,Fast,0.42804190516471863,781,481
949,1,Fast,0.42433977127075195,1283,1015
950,1,Fast,0.8050576448440552,1186,801
950,1,Fast,0.6847268342971802,795,574
950,1,Fast,0.509201169013977,781,482
950,1,Fast,0.31794533133506775,1275,1001
951,1,Fast,0.8543976545333862,1180,791
951,1,Fast,0.8077275156974792,795,576
952,1,Fast,0.8026303052902222,795,577
952,1,Fast,0.6896235346794128,1174,783
952,1,Fast,0.4643256664276123,1259,976
952,1,Fast,0.3017405569553375,783,486
953,1,Fast,0.8164809942245483,795,579
953,1,Fast,0.6369390487670898,1168,774
954,1,Fast,0.8020687699317932,1163,765
954,1,Fast,0.7809233069419861,795,580
954,1,Fast,0.37259405851364136,1243,949
955,1,Fast,0.8444755673408508,1158,756
955,1,Fast,0.8137792348861694,794,582
956,1,Fast,0.8332064747810364,1153,748
956,1,Fast,0.7577992677688599,795,584
957,1,Fast,0.8361923694610596,1147,739
957,1,Fast,0.7737921476364136,794,586
958,1,Fast,0.7592569589614868,1142,731
958,1,Fast,0.7418654561042786,794,588
958,1,Fast,0.5261580348014832,1213,903
959,1,Fast,0.7144513726234436,1138,723
959,1,Fast,0.6617944240570068,795,590
959,1,Fast,0.4911479651927948,785,496
960,1,Fast,0.5954914093017578,796,592
960,1,Fast,0.5916771292686462,786,498
960,1,Fast,0.46795853972435,1134,716
960,1,Fast,0.31567952036857605,1199,880
961,1,Fast,0.5769070386886597,796,594
961,1,Fast,0.3942173719406128,786,500
962,1,Fast,0.5877850651741028,796,596
962,1,Fast,0.37495797872543335,786,502
963,1,Fast,0.6660007834434509,796,598
963,1,Fast,0.4556751549243927,1121,693
963,1,Fast,0.4020621180534363,787,503
963,2,Slow,0.3577263653278351,931,264
964,1,Fast,0.7475072741508484,797,600
964,1,Fast,0.411329984664917,1173,840
965,1,Fast,0.7755990028381348,799,602
965,1,Fast,0.3456536829471588,1110,678
966,1,Fast,0.8033751845359802,799,604
966,1,Fast,0.46218597888946533,1107,671
967,1,Fast,0.7648619413375854,800,605
967,1,Fast,0.6526419520378113,1103,664
967,1,Fast,0.4398803412914276,1155,810
968,1,Fast,0.7639238238334656,799,607
969,1,Fast,0.7967090606689453,800,609
970,1,Fast,0.7649667263031006,801,610
970,1,Fast,0.5084454417228699,1139,783
971,1,Fast,0.7547014951705933,802,612
972,1,Fast,0.7325798869132996,801,614
973,1,Fast,0.4471278190612793,801,616
973,1,Fast,0.3689122200012207,1080,625
974,1,Fast,0.498147577047348,802,618
974,1,Fast,0.32124170660972595,1076,620
975,1,Fast,0.5051997303962708,1074,613
976,1,Fast,0.5751324892044067,1071,607
977,1,Fast,0.6541749238967896,1068,601
977,1,Fast,0.37225621938705444,1102,723
980,1,Fast,0.6520750522613525,957,752
980,1,Fast,0.31744620203971863,1058,584
981,1,Fast,0.8219455480575562,961,761
981,1,Fast,0.580406665802002,1085,693
981,1,Fast,0.4014934301376343,1055,579
982,1,Fast,0.5088399052619934,1052,574
982,1,Fast,0.4816961884498596,965,769
982,1,Fast,0.46642547845840454,1080,685
982,1,Fast,0.44216176867485046,803,633
983,1,Fast,0.4528326988220215,1076,677
983,1,Fast,0.3148502707481384,805,635
983,1,Fast,0.30461397767066956,1049,569
984,1,Fast,0.6356110572814941,1046,563
984,1,Fast,0.580625593662262,806,637
984,1,Fast,0.37985071539878845,1072,670
985,1,Fast,0.72368323802948,806,638
985,1,Fast,0.6553348898887634,1068,664
985,1,Fast,0.5126752257347107,1044,559
986,1,Fast,0.806068480014801,979,809
986,1,Fast,0.7581575512886047,806,640
986,1,Fast,0.6110735535621643,1041,553
987,1,Fast,0.7845996022224426,1039,548
987,1,Fast,0.7391662001609802,982,819
987,1,Fast,0.7218219041824341,806,642
988,1,Fast,0.774063766002655,986,828
988,1,Fast,0.7103826999664307,1036,543
988,1,Fast,0.7097253203392029,806,644
989,1,Fast,0.8352973461151123,991,839
989,1,Fast,0.6574540138244629,807,646
989,1,Fast,0.4229910671710968,1054,638
989,1,Fast,0.41060760617256165,1034,538
990,1,Fast,0.7365121841430664,996,849
990,1,Fast,0.6898084282875061,807,648
990,1,Fast,0.5265132188796997,1050,632
990,1,Fast,0.47210803627967834,1031,533
991,1,Fast,0.8388359546661377,1001,860
991,1,Fast,0.7588912844657898,807,650
991,1,Fast,0.5737122297286987,1047,626
992,1,Fast,0.7824594974517822,807,652
992,1,Fast,0.7787484526634216,1044,620
992,1,Fast,0.7191571593284607,1005,870
992,1,Fast,0.5176936388015747,1095,630
992,1,Fast,0.4925897717475891,1026,522
993,1,Fast,0.8035706281661987,1010,881
993,1,Fast,0.7473263144493103,1039,614
993,1,Fast,0.5614599585533142,808,653
993,1,Fast,0.5019063949584961,1024,519
994,1,Fast,0.7583503723144531,1021,515
994,1,Fast,0.6339526176452637,808,656
994,1,Fast,0.49537762999534607,1015,894
994,1,Fast,0.48490363359451294,1036,608
995,1,Fast,0.7161193490028381,1034,602
995,1,Fast,0.7022660970687866,1019,906
995,1,Fast,0.6045804023742676,810,657
995,1,Fast,0.5224862694740295,1019,511
996,1,Fast,0.867938756942749,1024,917
996,1,Fast,0.5517010688781738,810,659
996,1,Fast,0.3994755148887634,1017,506
996,1,Fast,0.39940595626831055,1030,596
997,1,Fast,0.8514053821563721,1029,929
997,1,Fast,0.5721016526222229,1028,591
997,1,Fast,0.32648319005966187,1015,503
998,1,Fast,0.8243441581726074,1034,941
998,1,Fast,0.4061744809150696,1014,498
998,1,Fast,0.36919844150543213,810,663
999,1,Fast,0.6413054466247559,1039,953
999,1,Fast,0.5805824398994446,811,665
999,1,Fast,0.44881221652030945,1011,494
999,1,Fast,0.31921276450157166,1072,592
1000,1,Fast,0.7452153563499451,812,666
1000,1,Fast,0.6113497614860535,1046,969
1000,1,Fast,0.5728009343147278,1010,489
1000,1,Fast,0.5401350259780884,1069,589
1000,1,Fast,0.4937814474105835,1020,573
1001,1,Fast,0.7877972722053528,1052,982
1001,1,Fast,0.7549679279327393,1007,484
1001,1,Fast,0.749209463596344,811,667
1001,1,Fast,0.5944356322288513,1016,569
1002,1,Fast,0.7729190587997437,812,670
1002,1,Fast,0.7578643560409546,1058,995
1002,1,Fast,0.6956163644790649,1005,480
1002,1,Fast,0.6867821216583252,1013,563
1002,1,Fast,0.30782294273376465,814,572
1003,1,Fast,0.769436776638031,812,672
1003,1,Fast,0.7557286620140076,1011,559
1003,1,Fast,0.6836212277412415,1004,477
1003,1,Fast,0.5647202730178833,1061,573
1003,1,Fast,0.5113033652305603,1064,1010
1003,1,Fast,0.39610856771469116,815,573
1004,1,Fast,0.8143120408058167,813,673
1004,1,Fast,0.781999409198761,1009,553
1004,1,Fast,0.7722211480140686,1070,1025
1004,1,Fast,0.5201174020767212,816,576
1004,1,Fast,0.4398013949394226,1002,474
1005,1,Fast,0.840590238571167,813,675
1005,1,Fast,0.6438363790512085,1000,470
1005,1,Fast,0.5780160427093506,1007,548
1005,1,Fast,0.46487027406692505,817,577
1005,1,Fast,0.4385353624820709,1077,1037
1005,1,Fast,0.32106563448905945,1056,564
1006,1,Fast,0.8263552188873291,814,677
1006,1,Fast,0.6866766810417175,998,466
1006,1,Fast,0.6655139923095703,1004,543
1006,1,Fast,0.5360140204429626,818,579
1006,1,Fast,0.35025402903556824,1317,1057
1007,1,Fast,0.8108662366867065,815,678
1007,1,Fast,0.6392993927001953,997,462
1007,1,Fast,0.5340411067008972,1305,1049
1007,1,Fast,0.5319198966026306,818,581
1007,1,Fast,0.45461782813072205,1002,538
1008,1,Fast,0.8073194622993469,814,680
1008,1,Fast,0.7550298571586609,1287,1041
1008,1,Fast,0.6803926825523376,995,458
1008,1,Fast,0.5773930549621582,818,583
1008,1,Fast,0.36476683616638184,999,533
1009,1,Fast,0.7901117205619812,1276,1024
1009,1,Fast,0.7212641835212708,814,682
1009,1,Fast,0.6065189242362976,997,528
1009,1,Fast,0.5111456513404846,994,454
1009,1,Fast,0.3850945830345154,819,585
1010,1,Fast,0.86126309633255,1268,1010
1010,1,Fast,0.739933967590332,814,683
1010,1,Fast,0.49404340982437134,992,451
1010,1,Fast,0.493539959192276,1416,1067
1010,1,Fast,0.4106902480125427,995,523
1011,1,Fast,0.8591442704200745,1258,996
1011,1,Fast,0.7863370776176453,815,686
1011,1,Fast,0.723997175693512,1407,1060
1011,1,Fast,0.6567957997322083,990,447
1011,1,Fast,0.6317349672317505,993,519
1012,1,Fast,0.8633070588111877,1249,981
1012,1,Fast,0.8603854775428772,1391,1052
1012,1,Fast,0.8384090065956116,816,687
1012,1,Fast,0.7489538192749023,989,443
1012,1,Fast,0.4827072322368622,991,515
1013,1,Fast,0.8870450854301453,1380,1043
1013,1,Fast,0.8586956262588501,1240,967
1013,1,Fast,0.8355937004089355,816,689
1013,1,Fast,0.7507287859916687,988,439
1013,1,Fast,0.6810833215713501,989,511
1013,1,Fast,0.3324805498123169,822,593
1014,1,Fast,0.8864133358001709,1370,1030
1014,1,Fast,0.8542863726615906,1232,953
1014,1,Fast,0.7893602848052979,817,691
1014,1,Fast,0.7710751295089722,987,437
1014,1,Fast,0.6125355958938599,986,506
1014,1,Fast,0.4386490285396576,823,595
1015,1,Fast,0.8984100222587585,1361,1017
1015,1,Fast,0.8477283716201782,1224,940
1015,1,Fast,0.8076119422912598,984,501
1015,1,Fast,0.7070964574813843,817,692
1015,1,Fast,0.6935627460479736,985,434
1015,1,Fast,0.6180195212364197,824,598
1016,1,Fast,0.8922015428543091,1350,1003
1016,1,Fast,0.8465291857719421,982,498
1016,1,Fast,0.8445908427238464,1215,926
1016,1,Fast,0.756141722202301,818,694
1016,1,Fast,0.6906065344810486,983,431
1016,1,Fast,0.6671040654182434,825,600
1017,1,Fast,0.8882288336753845,1341,989
1017,1,Fast,0.8089799284934998,981,493
1017,1,Fast,0.8089722394943237,1207,913
1017,1,Fast,0.7639864683151245,818,696
1017,1,Fast,0.736107587814331,981,427
1017,1,Fast,0.7262125015258789,826,602
1018,1,Fast,0.8860070705413818,1332,977
1018,1,Fast,0.8321409821510315,1200,901
1018,1,Fast,0.8033921718597412,827,604
1018,1,Fast,0.7394536733627319,818,699
1018,1,Fast,0.7171260714530945,980,424
1018,1,Fast,0.710797131061554,979,489
1018,1,Fast,0.5544506907463074,772,437
1019,1,Fast,0.8897011876106262,1324,965
1019,1,Fast,0.8450368642807007,1192,890
1019,1,Fast,0.7983447909355164,829,606
1019,1,Fast,0.7679863572120667,979,421
1019,1,Fast,0.7647847533226013,818,701
1019,1,Fast,0.740975022315979,978,484
1019,1,Fast,0.5273892283439636,773,439
1020,1,Fast,0.8859431743621826,1315,953
1020,1,Fast,0.872758686542511,1185,878
1020,1,Fast,0.8249527812004089,976,480
1020,1,Fast,0.8203126192092896,978,417
1020,1,Fast,0.7823485732078552,829,608
1020,1,Fast,0.7770468592643738,819,703
1020,1,Fast,0.7579333186149597,773,441
1020,1,Fast,0.5535029172897339,1021,499
1021,1,Fast,0.880737841129303,1307,942
1021,1,Fast,0.8660628199577332,1177,866
1021,1,Fast,0.8178158402442932,976,415
1021,1,Fast,0.8112871050834656,830,610
1021,1,Fast,0.7828825116157532,819,704
1021,1,Fast,0.7817389965057373,974,477
1021,1,Fast,0.5211134552955627,773,442
1022,1,Fast,0.8857274055480957,1299,931
1022,1,Fast,0.8615286350250244,1171,855
1022,1,Fast,0.8282400965690613,972,473
1022,1,Fast,0.8281739354133606,830,612
1022,1,Fast,0.8037936091423035,820,706
1022,1,Fast,0.8018289804458618,975,411
1022,1,Fast,0.41483405232429504,773,444
1023,1,Fast,0.8911214470863342,1291,919
1023,1,Fast,0.867120623588562,1164,844
1023,1,Fast,0.804984450340271,970,469
1023,1,Fast,0.7930370569229126,820,707
1023,1,Fast,0.774390459060669,975,408
1023,1,Fast,0.6802802681922913,831,614
1024,1,Fast,0.8872653841972351,1284,909
1024,1,Fast,0.8392512798309326,1158,833
1024,1,Fast,0.7992348670959473,968,465
1024,1,Fast,0.767713725566864,820,709
1024,1,Fast,0.7443410754203796,973,405
1024,1,Fast,0.4910878837108612,832,617
1024,1,Fast,0.4354211986064911,1014,483
1025,1,Fast,0.8822581768035889,1277,897
1025,1,Fast,0.8416998386383057,1152,823
1025,1,Fast,0.827531635761261,966,462
1025,1,Fast,0.7518731355667114,821,711
1025,1,Fast,0.7416064143180847,973,402
1025,1,Fast,0.43535101413726807,834,619
1026,1,Fast,0.8840775489807129,1269,886
1026,1,Fast,0.8404819965362549,1145,813
1026,1,Fast,0.7976553440093994,965,458
1026,1,Fast,0.7637829184532166,821,714
1026,1,Fast,0.6959995031356812,971,400
1026,1,Fast,0.643317699432373,834,622
1027,1,Fast,0.8847852349281311,1261,875
1027,1,Fast,0.8583868741989136,1139,803
1027,1,Fast,0.743484616279602,823,715
1027,1,Fast,0.7385914325714111,964,454
1027,1,Fast,0.7191914319992065,970,397
1027,1,Fast,0.5943871140480042,835,624
1028,1,Fast,0.864298403263092,1255,865
1028,1,Fast,0.8375459909439087,1134,792
1028,1,Fast,0.803678035736084,963,451
1028,1,Fast,0.785309910774231,1007,471
1028,1,Fast,0.7448026537895203,823,717
1028,1,Fast,0.7019757032394409,969,394
1028,1,Fast,0.6548011898994446,836,625
1029,1,Fast,0.8737746477127075,1248,856
1029,1,Fast,0.824093759059906,961,447
1029,1,Fast,0.8142574429512024,1127,783
1029,1,Fast,0.7573253512382507,824,719
1029,1,Fast,0.7211759090423584,836,628
1029,1,Fast,0.49398690462112427,968,390
1029,1,Fast,0.48012349009513855,1005,467
1030,1,Fast,0.8640007376670837,1241,847
1030,1,Fast,0.8429376482963562,1120,773
1030,1,Fast,0.7929290533065796,960,443
1030,1,Fast,0.7291650772094727,824,721
1030,1,Fast,0.7068724632263184,837,630
1030,1,Fast,0.6684333682060242,966,387
1031,1,Fast,0.8594048023223877,1234,838
1031,1,Fast,0.8282325863838196,1115,763
1031,1,Fast,0.7912483811378479,958,440
1031,1,Fast,0.7540120482444763,965,384
1031,1,Fast,0.7538639903068542,824,723
1031,1,Fast,0.6516939401626587,837,633
1032,1,Fast,0.8688629865646362,1228,829
1032,1,Fast,0.8596436977386475,1110,754
1032,1,Fast,0.8079278469085693,957,437
1032,1,Fast,0.8016065955162048,964,381
1032,1,Fast,0.7716795206069946,824,725
1032,1,Fast,0.6903163194656372,838,635
1033,1,Fast,0.8535223603248596,1222,821
1033,1,Fast,0.8456863164901733,1105,745
1033,1,Fast,0.8133890628814697,963,378
1033,1,Fast,0.7872828245162964,954,432
1033,1,Fast,0.765362560749054,824,727
1033,1,Fast,0.6746896505355835,839,636
1034,1,Fast,0.8653872609138489,1216,811
1034,1,Fast,0.805701732635498,952,429
1034,1,Fast,0.7947094440460205,1100,737
1034,1,Fast,0.7771250009536743,824,728
1034,1,Fast,0.7566487789154053,962,376
1034,1,Fast,0.46416473388671875,840,639
1035,1,Fast,0.864945113658905,1210,802
1035,1,Fast,0.806738555431366,951,425
1035,1,Fast,0.7903775572776794,824,730
1035,1,Fast,0.7520319223403931,962,373
1035,1,Fast,0.6567904949188232,1095,728
1035,1,Fast,0.4529610276222229,995,446
1035,1,Fast,0.3628723919391632,842,641
1036,1,Fast,0.8610870242118835,1204,792
1036,1,Fast,0.802727460861206,825,732
1036,1,Fast,0.7996661067008972,1091,720
1036,1,Fast,0.7287508845329285,951,423
1036,1,Fast,0.7176347374916077,961,372
1036,1,Fast,0.3815136253833771,843,643
1036,1,Fast,0.3502119183540344,847,447
1037,1,Fast,0.86989426612854,1198,783
1037,1,Fast,0.7883856892585754,825,733
1037,1,Fast,0.772339940071106,992,440
1037,1,Fast,0.633046567440033,1086,711
1037,1,Fast,0.5602893233299255,960,369
1037,1,Fast,0.5313190817832947,950,420
1038,1,Fast,0.8581560254096985,1192,775
1038,1,Fast,0.7950679659843445,825,735
1038,1,Fast,0.6997736096382141,958,365
1038,1,Fast,0.6936073303222656,949,416
1038,1,Fast,0.6632579565048218,992,438
1038,1,Fast,0.4053627848625183,777,468
1038,1,Fast,0.3192345201969147,1081,702
1039,1,Fast,0.8678396344184875,1187,766
1039,1,Fast,0.8053817749023438,826,737
1039,1,Fast,0.7602927684783936,948,412
1039,1,Fast,0.7598914504051208,958,363
1039,1,Fast,0.6279668211936951,1076,695
1039,1,Fast,0.5510889887809753,990,434
1039,1,Fast,0.40909767150878906,778,471
1040,1,Fast,0.843616783618927,1182,758
1040,1,Fast,0.7898237705230713,947,409
1040,1,Fast,0.7873702049255371,1072,688
1040,1,Fast,0.7698433995246887,826,738
1040,1,Fast,0.6323457956314087,957,360
1040,1,Fast,0.5613786578178406,851,461
1040,1,Fast,0.5557055473327637,989,432
1040,1,Fast,0.509540855884552,847,654
1040,1,Fast,0.49024948477745056,778,473
1041,1,Fast,0.8616494536399841,1176,751
1041,1,Fast,0.8065990805625916,1068,680
1041,1,Fast,0.7660951018333435,956,357
1041,1,Fast,0.7361535429954529,945,406
1041,1,Fast,0.6581476330757141,827,739
1041,1,Fast,0.6207159161567688,852,463
1041,1,Fast,0.36339226365089417,779,474
1041,1,Fast,0.3207302987575531,988,428
1042,1,Fast,0.8638895153999329,1170,744
1042,1,Fast,0.8370588421821594,1064,672
1042,1,Fast,0.8267421126365662,955,355
1042,1,Fast,0.7318432927131653,944,404
1042,1,Fast,0.7074777483940125,986,425
1042,1,Fast,0.6783219575881958,853,467
1042,1,Fast,0.5927284359931946,827,740
1042,1,Fast,0.4749598503112793,779,475
1042,1,Fast,0.4090195298194885,848,658
1043,1,Fast,0.8694867491722107,1166,737
1043,1,Fast,0.834212064743042,955,352
1043,1,Fast,0.7652694582939148,1059,665
1043,1,Fast,0.7515811920166016,854,470
1043,1,Fast,0.7074915170669556,943,401
1043,1,Fast,0.6332497000694275,780,478
1043,1,Fast,0.43725481629371643,984,422
1043,1,Fast,0.325814813375473,827,742
1043,1,Fast,0.32540446519851685,848,661
1044,1,Fast,0.841019332408905,1161,730
1044,1,Fast,0.8207100629806519,954,350
1044,1,Fast,0.7091304659843445,781,479
1044,1,Fast,0.6778729557991028,855,473
1044,1,Fast,0.6558902263641357,942,397
1044,1,Fast,0.5324783325195312,1056,658
1044,1,Fast,0.3954693078994751,827,744
1045,1,Fast,0.8480437397956848,1157,722
1045,1,Fast,0.7903283834457397,953,347
1045,1,Fast,0.7442817091941833,940,394
1045,1,Fast,0.6725450754165649,780,481
1045,1,Fast,0.5832921266555786,827,747
1045,1,Fast,0.5394137501716614,856,477
1045,1,Fast,0.4602300226688385,1052,650
1045,1,Fast,0.31976741552352905,980,416
1046,1,Fast,0.8406711220741272,1151,714
1046,1,Fast,0.6994693279266357,781,482
1046,1,Fast,0.6948831081390381,1048,644
1046,1,Fast,0.643731415271759,939,391
1046,1,Fast,0.6004354953765869,953,345
1046,1,Fast,0.5788718461990356,829,748
1046,1,Fast,0.4832291007041931,980,413
1046,1,Fast,0.43724143505096436,857,480
1047,1,Fast,0.8368008732795715,1147,706
1047,1,Fast,0.7404301762580872,952,342
1047,1,Fast,0.7239594459533691,780,483
1047,1,Fast,0.6949146389961243,938,388
1047,1,Fast,0.6632694602012634,979,411
1047,1,Fast,0.6616016030311584,1045,637
1047,1,Fast,0.5395227670669556,829,749
1047,1,Fast,0.5314183831214905,858,485
1048,1,Fast,0.8460383415222168,1143,699
1048,1,Fast,0.7646270394325256,859,488
1048,1,Fast,0.7561898827552795,781,485
1048,1,Fast,0.739957869052887,1042,630
1048,1,Fast,0.7374544739723206,937,386
1048,1,Fast,0.7075849175453186,830,751
1048,1,Fast,0.6514211297035217,951,340
1048,1,Fast,0.4862328767776489,855,671
1048,1,Fast,0.3045496344566345,978,408
1049,1,Fast,0.8623355627059937,1137,692
1049,1,Fast,0.8067794442176819,936,383
1049,1,Fast,0.7859475016593933,782,487
1049,1,Fast,0.7849852442741394,830,753
1049,1,Fast,0.7571110725402832,951,338
1049,1,Fast,0.6955059170722961,860,492
1049,1,Fast,0.6864534020423889,1038,624
1049,1,Fast,0.6021367311477661,856,676
1050,1,Fast,0.8442954421043396,1133,686
1050,1,Fast,0.8114944696426392,950,335
1050,1,Fast,0.8109013438224792,936,380
1050,1,Fast,0.7949948906898499,830,755
1050,1,Fast,0.768766462802887,782,489
1050,1,Fast,0.691376268863678,857,678
1050,1,Fast,0.5280362367630005,1034,618
1050,1,Fast,0.4613184928894043,861,495
1051,1,Fast,0.8388185501098633,1129,679
1051,1,Fast,0.7993349432945251,782,491
1051,1,Fast,0.7899655103683472,935,377
1051,1,Fast,0.7828134894371033,830,756
1051,1,Fast,0.7144080400466919,950,333
1051,1,Fast,0.7130877375602722,1031,611
1051,1,Fast,0.5555067658424377,858,680
1051,1,Fast,0.4450942277908325,863,499
1052,1,Fast,0.8055452108383179,1125,672
1052,1,Fast,0.7773469090461731,830,757
1052,1,Fast,0.7718045711517334,782,492
1052,1,Fast,0.7348116040229797,859,682
1052,1,Fast,0.6897374391555786,949,330
1052,1,Fast,0.5867534279823303,864,503
1052,1,Fast,0.5520631074905396,934,374
1052,1,Fast,0.5015218257904053,972,397
1052,1,Fast,0.3194293677806854,1028,605
1053,1,Fast,0.791573166847229,949,327
1053,1,Fast,0.7833498120307922,933,372
1053,1,Fast,0.7817528247833252,1120,666
1053,1,Fast,0.7794279456138611,783,493
1053,1,Fast,0.7785789370536804,830,759
1053,1,Fast,0.7706543207168579,865,507
1053,1,Fast,0.6240733861923218,860,684
1053,1,Fast,0.43203413486480713,971,394
1054,1,Fast,0.7909396886825562,948,326
1054,1,Fast,0.7820990085601807,830,761
1054,1,Fast,0.7810204029083252,932,369
1054,1,Fast,0.7064840197563171,1117,660
1054,1,Fast,0.6629567742347717,783,495
1054,1,Fast,0.638171374797821,867,510
1054,1,Fast,0.48076462745666504,861,687
1054,1,Fast,0.33291351795196533,767,425
1055,1,Fast,0.8202486038208008,947,324
1055,1,Fast,0.8057870864868164,1114,654
1055,1,Fast,0.8010159730911255,862,690
1055,1,Fast,0.7963089346885681,932,367
1055,1,Fast,0.7807947397232056,831,762
1055,1,Fast,0.7771127223968506,784,497
1055,1,Fast,0.765015721321106,867,514
1055,1,Fast,0.3060327470302582,1019,586
1056,1,Fast,0.8371366262435913,869,518
1056,1,Fast,0.820807695388794,1110,648
1056,1,Fast,0.8169975280761719,785,500
1056,1,Fast,0.7773101329803467,831,763
1056,1,Fast,0.7642717957496643,862,692
1056,1,Fast,0.7524740099906921,947,322
1056,1,Fast,0.7075898051261902,931,364
1057,1,Fast,0.8379892706871033,784,501
1057,1,Fast,0.8298709988594055,870,521
1057,1,Fast,0.7984732985496521,1106,641
1057,1,Fast,0.7274993062019348,831,765
1057,1,Fast,0.6872513294219971,931,361
1057,1,Fast,0.6371097564697266,864,694
1057,1,Fast,0.6322460174560547,946,320
1058,1,Fast,0.8477295637130737,871,526
1058,1,Fast,0.8373943567276001,785,502
1058,1,Fast,0.7939119935035706,1102,634
1058,1,Fast,0.7412149310112,831,767
1058,1,Fast,0.7006475925445557,946,318
1058,1,Fast,0.6026326417922974,931,358
1058,1,Fast,0.5871548056602478,967,381
1058,1,Fast,0.5115131139755249,865,696
1059,1,Fast,0.8478509187698364,871,530
1059,1,Fast,0.8051335215568542,785,504
1059,1,Fast,0.7093830108642578,1099,628
1059,1,Fast,0.7092370986938477,831,768
1059,1,Fast,0.6594674587249756,946,315
1059,1,Fast,0.5807979106903076,930,356
1059,1,Fast,0.40577933192253113,966,378
1060,1,Fast,0.8510135412216187,873,535
1060,1,Fast,0.8160533308982849,1095,623
1060,1,Fast,0.7470643520355225,831,769
1060,1,Fast,0.7171546220779419,946,313
1060,1,Fast,0.6924927830696106,785,506
1060,1,Fast,0.5608727931976318,929,353
1060,1,Fast,0.5545331239700317,965,376
1060,1,Fast,0.499554842710495,867,702
1061,1,Fast,0.8204800486564636,875,539
1061,1,Fast,0.8052462935447693,1091,618
1061,1,Fast,0.7018479704856873,786,508
1061,1,Fast,0.6895225048065186,945,312
1061,1,Fast,0.6855992674827576,832,771
1061,1,Fast,0.6357981562614441,929,350
1061,1,Fast,0.5398706793785095,868,704
1061,1,Fast,0.3658866882324219,964,373
1062,1,Fast,0.7883248329162598,1087,612
1062,1,Fast,0.7717313170433044,877,544
1062,1,Fast,0.7222382426261902,945,310
1062,1,Fast,0.7021355032920837,928,348
1062,1,Fast,0.6592974662780762,786,509
1062,1,Fast,0.6040283441543579,868,706
1062,1,Fast,0.5902804136276245,832,772
1062,1,Fast,0.40558505058288574,963,371
1062,1,Fast,0.39047926664352417,771,437
1063,1,Fast,0.7702316045761108,1084,607
1063,1,Fast,0.729162871837616,927,346
1063,1,Fast,0.7015712857246399,878,548
1063,1,Fast,0.6805706024169922,944,308
1063,1,Fast,0.6702070832252502,869,707
1063,1,Fast,0.6325162649154663,787,512
1063,1,Fast,0.5727826356887817,833,774
1064,1,Fast,0.7842121720314026,880,551
1064,1,Fast,0.7100882530212402,1081,602
1064,1,Fast,0.6844242811203003,961,366
1064,1,Fast,0.6671104431152344,870,710
1064,1,Fast,0.6510652303695679,927,343
1064,1,Fast,0.6175552010536194,833,776
1064,1,Fast,0.554378092288971,944,306
1064,1,Fast,0.5316349267959595,772,440
1064,1,Fast,0.5125205516815186,788,515
1065,1,Fast,0.8359858989715576,882,556
1065,1,Fast,0.7572240233421326,872,712
1065,1,Fast,0.6906409859657288,1078,595
1065,1,Fast,0.6874001026153564,926,341
1065,1,Fast,0.6727748513221741,944,304
1065,1,Fast,0.6404116749763489,772,441
1065,1,Fast,0.6374090909957886,834,777
1065,1,Fast,0.4390120506286621,960,363
1065,1,Fast,0.35076335072517395,789,515
1066,1,Fast,0.8454927802085876,884,560
1066,1,Fast,0.8260682821273804,1075,591
1066,1,Fast,0.7626203894615173,926,338
1066,1,Fast,0.6860911846160889,943,303
1066,1,Fast,0.6247081160545349,834,779
1066,1,Fast,0.5533316731452942,874,716
1066,1,Fast,0.4447951018810272,773,443
1066,1,Fast,0.3811761438846588,991,527
1067,1,Fast,0.8432245850563049,1072,585
1067,1,Fast,0.8323926329612732,885,564
1067,1,Fast,0.7882283926010132,925,336
1067,1,Fast,0.6258214116096497,835,780
1067,1,Fast,0.6164073944091797,876,720
1067,1,Fast,0.6049702167510986,943,301
1067,1,Fast,0.5371476411819458,989,522
1067,1,Fast,0.4792875647544861,790,519
1067,1,Fast,0.30399101972579956,960,358
1068,1,Fast,0.8511521220207214,886,570
1068,1,Fast,0.837295413017273,1069,580
1068,1,Fast,0.7991449236869812,925,334
1068,1,Fast,0.6937028169631958,835,781
1068,1,Fast,0.672508955001831,791,521
1068,1,Fast,0.48201316595077515,878,722
1068,1,Fast,0.46263521909713745,958,356
1068,1,Fast,0.4501412808895111,943,299
1068,1,Fast,0.3956398665904999,987,518
1069,1,Fast,0.846817135810852,887,575
1069,1,Fast,0.7764331102371216,791,522
1069,1,Fast,0.7669737339019775,1066,574
1069,1,Fast,0.7530110478401184,925,331
1069,1,Fast,0.7275593876838684,835,783
1069,1,Fast,0.4642667770385742,958,354
1069,1,Fast,0.3140018582344055,942,298
1070,1,Fast,0.8522727489471436,889,580
1070,1,Fast,0.7874945998191833,957,352
1070,1,Fast,0.7550919651985168,836,784
1070,1,Fast,0.6982442736625671,792,524
1070,1,Fast,0.6972074508666992,1064,569
1070,1,Fast,0.6767371892929077,924,329
1070,1,Fast,0.3503904342651367,942,296
1070,1,Fast,0.33895254135131836,982,508
1071,1,Fast,0.8683467507362366,890,584
1071,1,Fast,0.8023245334625244,956,350
1071,1,Fast,0.7807627320289612,923,327
1071,1,Fast,0.7538816928863525,836,785
1071,1,Fast,0.7344866394996643,1060,564
1071,1,Fast,0.6357861757278442,791,525
1071,1,Fast,0.47621411085128784,882,732
1072,1,Fast,0.8596363067626953,892,589
1072,1,Fast,0.8115447759628296,1057,560
1072,1,Fast,0.7930233478546143,923,325
1072,1,Fast,0.7616515755653381,955,347
1072,1,Fast,0.7512515187263489,837,786
1072,1,Fast,0.7241423726081848,978,499
1072,1,Fast,0.6794153451919556,883,735
1072,1,Fast,0.6377110481262207,792,528
1072,1,Fast,0.49007999897003174,941,291
1073,1,Fast,0.8281470537185669,894,595
1073,1,Fast,0.8100447654724121,922,324
1073,1,Fast,0.7174752950668335,837,787
1073,1,Fast,0.6997255682945251,1055,555
1073,1,Fast,0.6966552734375,941,289
1073,1,Fast,0.6928752064704895,885,739
1073,1,Fast,0.6718859076499939,954,345
1074,1,Fast,0.8088614344596863,896,600
1074,1,Fast,0.7799045443534851,922,320
1074,1,Fast,0.7731178998947144,953,342
1074,1,Fast,0.7250471115112305,837,788
1074,1,Fast,0.7167366147041321,1052,551
1074,1,Fast,0.7057808637619019,887,742
1074,1,Fast,0.6408013701438904,974,490
1074,1,Fast,0.6301360726356506,941,287
1075,1,Fast,0.8103289008140564,898,605
1075,1,Fast,0.7518823742866516,921,319
1075,1,Fast,0.7398025393486023,838,790
1075,1,Fast,0.6954406499862671,953,340
1075,1,Fast,0.6905452013015747,889,745
1075,1,Fast,0.630199670791626,1048,546
1075,1,Fast,0.49893641471862793,973,485
1075,1,Fast,0.4729420840740204,941,286
1076,1,Fast,0.8001402020454407,900,610
1076,1,Fast,0.7596313953399658,921,317
1076,1,Fast,0.7560938596725464,837,791
1076,1,Fast,0.7137818336486816,891,749
1076,1,Fast,0.5888974666595459,941,284
1076,1,Fast,0.5472835302352905,1046,541
1076,1,Fast,0.47841766476631165,952,339
1077,1,Fast,0.8502441048622131,902,615
1077,1,Fast,0.7302992343902588,838,792
1077,1,Fast,0.705710768699646,892,752
1077,1,Fast,0.6777702569961548,952,337
1077,1,Fast,0.66063392162323,1043,537
1077,1,Fast,0.53947913646698,920,314
1077,1,Fast,0.48259982466697693,968,477
1077,1,Fast,0.4033657908439636,940,283
1078,1,Fast,0.8380972743034363,905,620
1078,1,Fast,0.7924836874008179,1041,532
1078,1,Fast,0.718609631061554,921,312
1078,1,Fast,0.6885248422622681,839,794
1078,1,Fast,0.6596865057945251,967,473
1078,1,Fast,0.5728545188903809,895,756
1078,1,Fast,0.49568307399749756,797,541
1078,1,Fast,0.4802437126636505,951,335
1078,1,Fast,0.3820027709007263,939,282
1078,1,Fast,0.34914103150367737,777,463
1079,1,Fast,0.835737407207489,907,626
1079,1,Fast,0.8097226023674011,965,469
1079,1,Fast,0.7878739833831787,921,310
1079,1,Fast,0.7686670422554016,1038,527
1079,1,Fast,0.727421760559082,840,795
1079,1,Fast,0.6566240787506104,797,544
1079,1,Fast,0.6383070349693298,896,759
1079,1,Fast,0.4769755005836487,777,465
1079,1,Fast,0.4763928949832916,940,280
1079,1,Fast,0.47581419348716736,951,333
1080,1,Fast,0.8245425224304199,908,631
1080,1,Fast,0.8213516473770142,1036,521
1080,1,Fast,0.7832459807395935,920,308
1080,1,Fast,0.7771244645118713,963,465
1080,1,Fast,0.7577824592590332,777,466
1080,1,Fast,0.7273982763290405,840,796
1080,1,Fast,0.631122887134552,897,762
1080,1,Fast,0.4443495273590088,939,278
1080,1,Fast,0.4368003010749817,950,331
1081,1,Fast,0.8103628754615784,910,637
1081,1,Fast,0.8053868412971497,1035,517
1081,1,Fast,0.784532904624939,962,461
1081,1,Fast,0.7453230619430542,920,306
1081,1,Fast,0.7438725233078003,841,797
1081,1,Fast,0.7346002459526062,899,765
1081,1,Fast,0.7244899272918701,778,467
1081,1,Fast,0.7107702493667603,950,328
1081,1,Fast,0.40603742003440857,939,276
1082,1,Fast,0.8167600035667419,912,643
1082,1,Fast,0.8022065162658691,1033,513
1082,1,Fast,0.7944661378860474,900,768
1082,1,Fast,0.7901465892791748,950,327
1082,1,Fast,0.7526068091392517,842,798
1082,1,Fast,0.7519571185112,920,304
1082,1,Fast,0.7137810587882996,961,456
1082,1,Fast,0.6895779967308044,778,469
1082,1,Fast,0.5425028204917908,938,274
1083,1,Fast,0.8295934200286865,914,648
1083,1,Fast,0.7907346487045288,901,770
1083,1,Fast,0.7516915798187256,842,799
1083,1,Fast,0.7027691602706909,1030,510
1083,1,Fast,0.68726646900177,778,471
1083,1,Fast,0.6865623593330383,960,453
1083,1,Fast,0.6856708526611328,919,302
1083,1,Fast,0.6225312948226929,949,325
1084,1,Fast,0.825334906578064,917,654
1084,1,Fast,0.8013878464698792,948,323
1084,1,Fast,0.7696454524993896,1028,506
1084,1,Fast,0.7576903700828552,902,773
1084,1,Fast,0.7498895525932312,842,800
1084,1,Fast,0.6872090697288513,779,473
1084,1,Fast,0.6682611107826233,919,300
1084,1,Fast,0.6223660707473755,958,449
1084,1,Fast,0.4845505952835083,797,554
1085,1,Fast,0.8202040195465088,1025,502
1085,1,Fast,0.8001749515533447,919,660
1085,1,Fast,0.7703663110733032,947,321
1085,1,Fast,0.7592107653617859,842,802
1085,1,Fast,0.7389414310455322,956,445
1085,1,Fast,0.5955207943916321,903,777
1085,1,Fast,0.40691331028938293,780,475
1086,1,Fast,0.7911901473999023,843,803
1086,1,Fast,0.7821721434593201,1023,498
1086,1,Fast,0.7672020792961121,955,442
1086,1,Fast,0.7596400380134583,922,666
1086,1,Fast,0.7418139576911926,905,782
1086,1,Fast,0.620618462562561,781,476
1087,1,Fast,0.8572752475738525,925,672
1087,1,Fast,0.790711522102356,844,804
1087,1,Fast,0.7841764092445374,954,438
1087,1,Fast,0.7793962955474854,1021,494
1087,1,Fast,0.6986379623413086,907,785
1087,1,Fast,0.6175738573074341,781,478
1088,1,Fast,0.8445796370506287,927,679
1088,1,Fast,0.8245424032211304,845,805
1088,1,Fast,0.8112189769744873,1018,490
1088,1,Fast,0.7532951235771179,908,790
1088,1,Fast,0.6532854437828064,952,435
1088,1,Fast,0.6276575326919556,781,480
1089,1,Fast,0.8350032567977905,1016,487
1089,1,Fast,0.8229618072509766,930,684
1089,1,Fast,0.8220625519752502,845,806
1089,1,Fast,0.7862313389778137,909,793
1089,1,Fast,0.7402974367141724,950,432
1089,1,Fast,0.6361595392227173,782,481
1090,1,Fast,0.8458850383758545,846,807
1090,1,Fast,0.7889184951782227,911,798
1090,1,Fast,0.7716869115829468,933,690
1090,1,Fast,0.7702714204788208,949,428
1090,1,Fast,0.7644302845001221,1014,481
1090,1,Fast,0.6422151327133179,783,483
1090,1,Fast,0.5903920531272888,918,289
1090,1,Fast,0.4115484356880188,808,571
1090,1,Fast,0.31176266074180603,945,312
1091,1,Fast,0.829131007194519,846,808
1091,1,Fast,0.8089659214019775,1012,478
1091,1,Fast,0.8053514361381531,948,424
1091,1,Fast,0.7936571836471558,913,801
1091,1,Fast,0.7867949604988098,935,697
1091,1,Fast,0.6173044443130493,783,486
1091,1,Fast,0.5393111705780029,918,288
1091,1,Fast,0.4934711456298828,944,311
1091,1,Fast,0.3638870418071747,809,572
1092,1,Fast,0.8664199113845825,938,704
1092,1,Fast,0.8415315747261047,1010,475
1092,1,Fast,0.8291541934013367,847,808
1092,1,Fast,0.7787249088287354,914,805
1092,1,Fast,0.7653959393501282,947,421
1092,1,Fast,0.7185735702514648,944,308
1092,1,Fast,0.6891528367996216,783,488
1092,1,Fast,0.5547592639923096,917,286
1092,1,Fast,0.4240383505821228,808,574
1093,1,Fast,0.8651235103607178,941,711
1093,1,Fast,0.8481299877166748,1008,471
1093,1,Fast,0.8322397470474243,848,810
1093,1,Fast,0.7913132905960083,915,809
1093,1,Fast,0.6849398612976074,784,490
1093,1,Fast,0.624541163444519,947,417
1093,1,Fast,0.5831138491630554,944,307
1093,1,Fast,0.4763755798339844,810,576
1093,1,Fast,0.33059316873550415,917,284
1094,1,Fast,0.8804033994674683,944,719
1094,1,Fast,0.8240281343460083,848,811
1094,1,Fast,0.7943348288536072,1008,467
1094,1,Fast,0.7048162817955017,917,813
1094,1,Fast,0.7003085017204285,784,492
1094,1,Fast,0.5883551836013794,943,305
1094,1,Fast,0.5823736786842346,946,414
1094,1,Fast,0.4727902114391327,916,283
1095,1,Fast,0.8823900818824768,947,725
1095,1,Fast,0.8380850553512573,848,812
1095,1,Fast,0.775519847869873,785,493
1095,1,Fast,0.7675262093544006,1007,464
1095,1,Fast,0.7326943874359131,944,410
1095,1,Fast,0.6306360363960266,919,816
1095,1,Fast,0.32193613052368164,916,281
1096,1,Fast,0.8510595560073853,950,732
1096,1,Fast,0.8387182354927063,848,812
1096,1,Fast,0.7587568759918213,1004,461
1096,1,Fast,0.7348619699478149,786,495
1096,1,Fast,0.7125117778778076,942,407
1096,1,Fast,0.4263915717601776,919,821
1097,1,Fast,0.827082633972168,848,814
1097,1,Fast,0.8104390501976013,954,740
1097,1,Fast,0.7942187190055847,1002,458
1097,1,Fast,0.7510460615158081,787,497
1097,1,Fast,0.6065544486045837,941,404
1097,1,Fast,0.5723255276679993,921,824
1098,1,Fast,0.8200861811637878,849,815
1098,1,Fast,0.816525399684906,788,499
1098,1,Fast,0.8027510643005371,957,748
1098,1,Fast,0.8026090264320374,922,828
1098,1,Fast,0.7047153115272522,1001,454
1098,1,Fast,0.6613028645515442,940,402
1099,1,Fast,0.8504838347434998,960,755
1099,1,Fast,0.8175832629203796,788,501
1099,1,Fast,0.815730094909668,923,833
1099,1,Fast,0.815330982208252,849,816
1099,1,Fast,0.7340922951698303,999,450
1099,1,Fast,0.6228613257408142,939,399
1099,1,Fast,0.4173313081264496,814,588
1100,1,Fast,0.8571779131889343,964,763
1100,1,Fast,0.8184855580329895,849,817
1100,1,Fast,0.7932459712028503,789,503
1100,1,Fast,0.7691190242767334,937,395
1100,1,Fast,0.763008177280426,997,446
1100,1,Fast,0.7207878232002258,925,837
1100,1,Fast,0.5900830030441284,816,591
1101,1,Fast,0.8412655591964722,967,770
1101,1,Fast,0.8157985210418701,995,443
1101,1,Fast,0.815149188041687,849,818
1101,1,Fast,0.8143748044967651,926,841
1101,1,Fast,0.7308563590049744,788,504
1101,1,Fast,0.39391472935676575,819,596
1101,1,Fast,0.31619274616241455,936,392
1102,1,Fast,0.8375331163406372,928,845
1102,1,Fast,0.8320356011390686,850,819
1102,1,Fast,0.8265179991722107,994,440
1102,1,Fast,0.8012126088142395,971,778
1102,1,Fast,0.6349934935569763,935,389
1102,1,Fast,0.6013365983963013,820,599
1102,1,Fast,0.546557605266571,788,507
1103,1,Fast,0.8701386451721191,975,787
1103,1,Fast,0.8474960327148438,850,820
1103,1,Fast,0.8177259564399719,930,850
1103,1,Fast,0.791729211807251,993,437
1103,1,Fast,0.6816861629486084,934,386
1103,1,Fast,0.5229107737541199,820,600
1103,1,Fast,0.5067906975746155,789,509
1104,1,Fast,0.8925014734268188,978,795
1104,1,Fast,0.8638187050819397,850,821
1104,1,Fast,0.8290534019470215,931,854
1104,1,Fast,0.8068110346794128,991,433
1104,1,Fast,0.7452727556228638,934,383
1104,1,Fast,0.5536561608314514,821,604
1104,1,Fast,0.35725343227386475,790,511
1105,1,Fast,0.8905443549156189,981,803
1105,1,Fast,0.8590103387832642,850,822
1105,1,Fast,0.8352206349372864,933,859
1105,1,Fast,0.8002700805664062,933,380
1105,1,Fast,0.729170560836792,990,431
1105,1,Fast,0.4861919581890106,822,606
1105,1,Fast,0.42897194623947144,791,514
1106,1,Fast,0.8880118131637573,985,811
1106,1,Fast,0.8483555316925049,850,823
1106,1,Fast,0.8250772356987,934,863
1106,1,Fast,0.7792096734046936,988,428
1106,1,Fast,0.76899653673172,933,377
1106,1,Fast,0.7249853014945984,791,515
1106,1,Fast,0.4769793450832367,823,609
1107,1,Fast,0.9019001126289368,989,819
1107,1,Fast,0.8444215655326843,936,867
1107,1,Fast,0.8132297992706299,850,824
1107,1,Fast,0.6886956095695496,932,375
1107,1,Fast,0.6139433979988098,987,425
1108,1,Fast,0.890217661857605,993,827
1108,1,Fast,0.830298662185669,850,825
1108,1,Fast,0.8222318887710571,937,870
1108,1,Fast,0.6172521710395813,932,372
1108,1,Fast,0.5064550638198853,985,422
1109,1,Fast,0.8831483125686646,997,836
1109,1,Fast,0.8342260122299194,850,825
1109,1,Fast,0.8335973024368286,939,874
1109,1,Fast,0.6556286811828613,793,521
1109,1,Fast,0.6054840087890625,984,420
1109,1,Fast,0.5158237814903259,931,370
1110,1,Fast,0.8806725740432739,1001,846
1110,1,Fast,0.8515036106109619,940,879
1110,1,Fast,0.8201804757118225,851,827
1110,1,Fast,0.7137255668640137,795,524
1110,1,Fast,0.6871059536933899,983,416
1110,1,Fast,0.5803316235542297,930,366
1111,1,Fast,0.899229884147644,1005,855
1111,1,Fast,0.8537392616271973,941,884
1111,1,Fast,0.8164670467376709,851,827
1111,1,Fast,0.8117375373840332,982,412
1111,1,Fast,0.6193125247955322,795,526
1111,1,Fast,0.37444642186164856,930,363
1112,1,Fast,0.8933661580085754,1010,864
1112,1,Fast,0.8607212901115417,942,890
1112,1,Fast,0.8197230696678162,851,828
1112,1,Fast,0.7905129194259644,981,408
1113,1,Fast,0.8768258690834045,1014,874
1113,1,Fast,0.8725427985191345,944,895
1113,1,Fast,0.8168751001358032,851,829
1113,1,Fast,0.781898558139801,980,406
1113,1,Fast,0.4990243911743164,792,529
1113,1,Fast,0.34697654843330383,928,358
1114,1,Fast,0.8915321826934814,1019,885
1114,1,Fast,0.864613950252533,945,900
1114,1,Fast,0.794254720211029,979,403
1114,1,Fast,0.7910658121109009,851,829
1114,1,Fast,0.6293386816978455,792,531
1114,1,Fast,0.4154573678970337,927,356
1115,1,Fast,0.8603929877281189,1024,895
1115,1,Fast,0.8600233793258667,947,905
1115,1,Fast,0.8091295957565308,978,400
1115,1,Fast,0.7398282885551453,851,830
1115,1,Fast,0.6551839113235474,793,533
1115,1,Fast,0.6035871505737305,927,353
1115,1,Fast,0.5065895318984985,835,633
1116,1,Fast,0.8464192152023315,1028,905
1116,1,Fast,0.8415330648422241,948,909
1116,1,Fast,0.7934653162956238,926,350
1116,1,Fast,0.7857330441474915,852,831
1116,1,Fast,0.6752532720565796,977,399
1116,1,Fast,0.4745672345161438,834,635
1116,1,Fast,0.4630340337753296,793,536
1117,1,Fast,0.8818991780281067,1032,915
1117,1,Fast,0.8141517639160156,950,916
1117,1,Fast,0.7883341312408447,926,348
1117,1,Fast,0.7521535754203796,852,832
1117,1,Fast,0.3941226005554199,835,638
1117,1,Fast,0.3606429696083069,975,396
1118,1,Fast,0.8837425708770752,1037,926
1118,1,Fast,0.8505326509475708,952,921
1118,1,Fast,0.7940512299537659,925,346
1118,1,Fast,0.7884984612464905,852,833
1118,1,Fast,0.7058199048042297,801,541
1119,1,Fast,0.8737350702285767,1041,936
1119,1,Fast,0.8723875284194946,954,925
1119,1,Fast,0.8076925873756409,852,834
1119,1,Fast,0.7621845602989197,924,344
1119,1,Fast,0.717387855052948,803,544
1119,1,Fast,0.5583267211914062,973,390
1120,1,Fast,0.8881398439407349,1046,948
1120,1,Fast,0.8566210269927979,955,931
1120,1,Fast,0.7900771498680115,852,834
1120,1,Fast,0.7882509827613831,923,342
1120,1,Fast,0.4599747955799103,972,387
1121,1,Fast,0.8862529993057251,1052,958
1121,1,Fast,0.8724696636199951,956,936
1121,1,Fast,0.7964675426483154,852,835
1121,1,Fast,0.7596727013587952,971,384
1121,1,Fast,0.6585988998413086,922,340
1122,1,Fast,0.8846650123596191,958,941
1122,1,Fast,0.8773697018623352,1057,970
1122,1,Fast,0.8274861574172974,970,381
1122,1,Fast,0.8159427642822266,853,836
1122,1,Fast,0.7563976645469666,921,337
1123,1,Fast,0.8889092206954956,1063,982
1123,1,Fast,0.8873708844184875,959,947
1123,1,Fast,0.814049243927002,853,836
1123,1,Fast,0.793181836605072,969,378
1123,1,Fast,0.7069156765937805,921,335
1124,1,Fast,0.8964973092079163,1067,993
1124,1,Fast,0.8845531940460205,961,952
1124,1,Fast,0.8016457557678223,853,837
1124,1,Fast,0.7658255696296692,968,376
1124,1,Fast,0.5752184987068176,921,333
1125,1,Fast,0.8951509594917297,963,957
1125,1,Fast,0.8942184448242188,1073,1007
1125,1,Fast,0.800956666469574,853,837
1125,1,Fast,0.7242801189422607,967,374
1125,1,Fast,0.7018888592720032,921,330
1126,1,Fast,0.8827739357948303,964,964
1126,1,Fast,0.8823931217193604,1080,1020
1126,1,Fast,0.7901265025138855,853,838
1126,1,Fast,0.7135864496231079,966,371
1126,1,Fast,0.5615224242210388,920,328
1127,1,Fast,0.8885957598686218,966,969
1127,1,Fast,0.8499505519866943,1087,1032
1127,1,Fast,0.770380437374115,853,838
1127,1,Fast,0.7111862897872925,965,369
1127,1,Fast,0.48639875650405884,920,327
1128,1,Fast,0.8830647468566895,969,975
1128,1,Fast,0.8604384660720825,1094,1043
1128,1,Fast,0.7876678109169006,853,839
1128,1,Fast,0.7605876326560974,919,325
1128,1,Fast,0.35644468665122986,848,673
1129,1,Fast,0.872834324836731,971,981
1129,1,Fast,0.8127216696739197,1099,1050
1129,1,Fast,0.7841586470603943,853,839
1129,1,Fast,0.666398823261261,919,322
1129,1,Fast,0.3460850119590759,810,570
1130,1,Fast,0.8669402003288269,973,985
1130,1,Fast,0.765228271484375,853,840
1130,1,Fast,0.751248300075531,1108,1057
1130,1,Fast,0.6959142684936523,919,319
1130,1,Fast,0.5027097463607788,853,680
1130,1,Fast,0.4010540246963501,811,573
1131,1,Fast,0.8580333590507507,975,990
1131,1,Fast,0.7901943922042847,854,840
1131,1,Fast,0.652650773525238,855,683
1131,1,Fast,0.5637715458869934,812,575
1131,1,Fast,0.40921133756637573,1119,1064
1131,1,Fast,0.3015924096107483,918,317
1132,1,Fast,0.8425787687301636,977,998
1132,1,Fast,0.7754379510879517,854,840
1132,1,Fast,0.6051616668701172,812,577
1132,1,Fast,0.5571866035461426,855,687
1133,1,Fast,0.820059061050415,979,1003
1133,1,Fast,0.7718754410743713,853,841
1133,1,Fast,0.5128591060638428,961,355
1133,1,Fast,0.4558403193950653,918,313
1133,1,Fast,0.38516944646835327,857,691
1134,1,Fast,0.7937334179878235,853,841
1134,1,Fast,0.7476080656051636,857,693
1134,1,Fast,0.693696916103363,981,1010
1134,1,Fast,0.5419524312019348,918,312
1134,1,Fast,0.5027219653129578,960,352
1134,1,Fast,0.36785200238227844,815,583
1135,1,Fast,0.7856246829032898,854,842
1135,1,Fast,0.6960313320159912,858,696
1135,1,Fast,0.6307475566864014,983,1018
1135,1,Fast,0.4619585871696472,960,350
1135,1,Fast,0.42453595995903015,918,310
1135,2,Slow,0.3274208605289459,874,411
1136,1,Fast,0.7893704175949097,854,842
1136,1,Fast,0.6117721199989319,958,348
1136,1,Fast,0.4939168095588684,985,1026
1136,1,Fast,0.42283231019973755,918,307
1136,1,Fast,0.3268362283706665,858,700
1137,1,Fast,0.8007400631904602,854,842
1137,1,Fast,0.7821965217590332,987,1032
1137,1,Fast,0.6415704488754272,917,305
1137,1,Fast,0.6112179160118103,859,704
1137,1,Fast,0.5821361541748047,958,345
1138,1,Fast,0.7936117649078369,854,843
1138,1,Fast,0.7305169105529785,861,707
1138,1,Fast,0.661222517490387,989,1039
1138,1,Fast,0.6121925711631775,916,303
1139,1,Fast,0.7991203665733337,854,843
1139,1,Fast,0.6960061192512512,862,712
1139,1,Fast,0.6066763997077942,916,301
1140,1,Fast,0.8568724393844604,864,713
1140,1,Fast,0.8002938628196716,855,843
1140,1,Fast,0.506121814250946,994,1047
1140,1,Fast,0.42065513134002686,822,597
1140,1,Fast,0.4119838774204254,915,299
1141,1,Fast,0.8257459998130798,864,715
1141,1,Fast,0.806189775466919,855,843
1141,1,Fast,0.5701160430908203,916,297
1141,1,Fast,0.4985806941986084,822,600
1142,1,Fast,0.8101124167442322,866,720
1142,1,Fast,0.8034817576408386,854,844
1142,1,Fast,0.6675562262535095,916,296
1142,1,Fast,0.514532744884491,824,602
1143,1,Fast,0.8064495325088501,855,844
1143,1,Fast,0.7315802574157715,916,293
1143,1,Fast,0.6639503240585327,868,725
1143,1,Fast,0.5479068160057068,825,606
1144,1,Fast,0.8120805025100708,855,845
1144,1,Fast,0.7319121956825256,916,291
1144,1,Fast,0.6879109740257263,826,608
1144,1,Fast,0.5872237682342529,870,731
1144,1,Fast,0.34589487314224243,954,330
1145,1,Fast,0.8111750483512878,855,845
1145,1,Fast,0.7628504633903503,916,289
1145,1,Fast,0.7285944223403931,827,611
1145,1,Fast,0.6290256381034851,871,737
1145,1,Fast,0.3052373230457306,953,328
1146,1,Fast,0.8095881342887878,855,845
1146,1,Fast,0.7643948793411255,915,287
1146,1,Fast,0.7540292143821716,873,741
1146,1,Fast,0.6087133288383484,952,326
1147,1,Fast,0.815729558467865,855,845
1147,1,Fast,0.7991729378700256,875,745
1147,1,Fast,0.7438271641731262,952,324
1147,1,Fast,0.5311825275421143,915,285
1148,1,Fast,0.8089353442192078,854,845
1148,1,Fast,0.7333571314811707,876,749
1148,1,Fast,0.6223286390304565,952,322
1149,1,Fast,0.8089706301689148,854,846
1149,1,Fast,0.7093344330787659,878,753
1150,1,Fast,0.8059291839599609,854,846
1150,1,Fast,0.5804778337478638,880,758
1150,1,Fast,0.3337937891483307,915,281
1151,1,Fast,0.8048104047775269,882,762
1151,1,Fast,0.8043224811553955,854,846
1151,1,Fast,0.4905793070793152,835,628
1151,1,Fast,0.3051880896091461,915,279
1152,1,Fast,0.8488869071006775,882,766
1152,1,Fast,0.8007457256317139,854,847
1152,1,Fast,0.6147522330284119,835,630
1152,1,Fast,0.42315953969955444,844,394
1152,1,Fast,0.30975982546806335,914,277
1153,1,Fast,0.8496667146682739,884,771
1153,1,Fast,0.791333019733429,854,847
1153,1,Fast,0.5719221234321594,837,633
1153,1,Fast,0.35177066922187805,914,275
1154,1,Fast,0.8604807257652283,886,776
1154,1,Fast,0.8045786023139954,854,847
1154,1,Fast,0.5093916654586792,838,636
1154,1,Fast,0.35831382870674133,950,310
1155,1,Fast,0.8580361008644104,887,780
1155,1,Fast,0.8015255928039551,854,848
1155,1,Fast,0.5783142447471619,839,639
1155,1,Fast,0.44055667519569397,949,308
1155,1,Fast,0.3913155496120453,915,272
1156,1,Fast,0.8564817309379578,889,784
1156,1,Fast,0.8032439351081848,854,848
1156,1,Fast,0.6698035001754761,948,306
1156,1,Fast,0.4683033227920532,841,643
1157,1,Fast,0.849600613117218,890,789
1157,1,Fast,0.8056100606918335,854,847
1157,1,Fast,0.5826060771942139,948,304
1158,1,Fast,0.833450973033905,892,794
1158,1,Fast,0.8035318851470947,854,847
1158,1,Fast,0.5454089045524597,948,302
1159,1,Fast,0.8588667511940002,893,798
1159,1,Fast,0.8194811940193176,854,847
1160,1,Fast,0.8534990549087524,895,804
1160,1,Fast,0.8227556347846985,854,847
1160,1,Fast,0.5554945468902588,912,263
1161,1,Fast,0.8405717015266418,897,809
1161,1,Fast,0.8282404541969299,854,846
1161,1,Fast,0.422053724527359,912,262
1162,1,Fast,0.8505069613456726,899,814
1162,1,Fast,0.8384427428245544,1375,1046
1162,1,Fast,0.8318215012550354,854,846
1162,1,Fast,0.338716596364975,912,260
1163,1,Fast,0.879836916923523,1364,1034
1163,1,Fast,0.8599022030830383,901,819
1163,1,Fast,0.8336687088012695,855,846
1163,1,Fast,0.4708786904811859,912,258
1164,1,Fast,0.8958153128623962,1354,1018
1164,1,Fast,0.8516384363174438,903,822
1164,1,Fast,0.8296934366226196,855,846
1164,1,Fast,0.4547308385372162,912,256
1165,1,Fast,0.8957394361495972,1343,1004
1165,1,Fast,0.8555508852005005,905,828
1165,1,Fast,0.8298875689506531,855,846
1166,1,Fast,0.892957329750061,1333,990
1166,1,Fast,0.8416615128517151,907,834
1166,1,Fast,0.8238474130630493,855,845
1166,1,Fast,0.5606539249420166,945,289
1167,1,Fast,0.8952797055244446,1324,975
1167,1,Fast,0.8232929110527039,856,845
1167,1,Fast,0.7694090008735657,909,838
1167,1,Fast,0.4302651584148407,945,288
1168,1,Fast,0.8848342895507812,1315,963
1168,1,Fast,0.842618465423584,910,843
1168,1,Fast,0.8250694870948792,856,846
1168,1,Fast,0.4146226942539215,856,684
1168,1,Fast,0.37161287665367126,916,545
1169,1,Fast,0.8892441391944885,1306,950
1169,1,Fast,0.8417555093765259,912,849
1169,1,Fast,0.8223747611045837,856,845
1169,1,Fast,0.7289363741874695,857,686
1169,1,Fast,0.33792829513549805,944,283
1170,1,Fast,0.8830187916755676,1297,937
1170,1,Fast,0.8404181599617004,914,853
1170,1,Fast,0.8211957812309265,857,845
1170,1,Fast,0.6487966179847717,858,691
1170,1,Fast,0.5072317123413086,944,282
1171,1,Fast,0.8875945210456848,1289,925
1171,1,Fast,0.8321923017501831,857,845
1171,1,Fast,0.8124926686286926,916,859
1171,1,Fast,0.6816329956054688,859,694
1171,1,Fast,0.3373350501060486,943,279
1172,1,Fast,0.9003786444664001,1280,912
1172,1,Fast,0.8391435742378235,857,845
1172,1,Fast,0.8140018582344055,918,864
1172,1,Fast,0.7885555028915405,860,696
1173,1,Fast,0.8896121978759766,1272,900
1173,1,Fast,0.8450993895530701,857,845
1173,1,Fast,0.8299059271812439,920,870
1173,1,Fast,0.6824005246162415,861,699
1174,1,Fast,0.8939507007598877,1264,887
1174,1,Fast,0.8639343976974487,922,875
1174,1,Fast,0.8434662222862244,857,845
1174,1,Fast,0.6147330403327942,862,704
1175,1,Fast,0.8994882106781006,1255,876
1175,1,Fast,0.8626767992973328,924,880
1175,1,Fast,0.8444919586181641,857,845
1175,1,Fast,0.4613025486469269,863,706
1176,1,Fast,0.893742561340332,1248,866
1176,1,Fast,0.8781143426895142,926,886
1176,1,Fast,0.8486276268959045,857,845
1176,1,Fast,0.7341092824935913,864,708
1177,1,Fast,0.8914654850959778,1241,855
1177,1,Fast,0.8744584321975708,929,893
1177,1,Fast,0.8485851883888245,856,845
1177,1,Fast,0.7641980648040771,865,710
1178,1,Fast,0.8781406283378601,1233,845
1178,1,Fast,0.874346137046814,931,900
1178,1,Fast,0.8477839827537537,856,845
1178,1,Fast,0.67023104429245,867,717
1178,1,Fast,0.4241701662540436,942,268
1179,1,Fast,0.8807048201560974,1226,835
1179,1,Fast,0.8452050089836121,856,845
1179,1,Fast,0.8289417624473572,933,907
1179,1,Fast,0.7474075555801392,869,723
1179,1,Fast,0.46741461753845215,942,266
1180,1,Fast,0.8809999823570251,1220,825
1180,1,Fast,0.841675877571106,856,845
1180,1,Fast,0.8386707305908203,935,912
1180,1,Fast,0.6800687313079834,872,727
1180,1,Fast,0.4934307634830475,941,264
1181,1,Fast,0.8856241703033447,1213,816
1181,1,Fast,0.8390522599220276,856,846
1181,1,Fast,0.8322802782058716,938,918
1181,1,Fast,0.7858977317810059,873,731
1182,1,Fast,0.876305878162384,1206,805
1182,1,Fast,0.8373052477836609,855,846
1182,1,Fast,0.8364772796630859,875,736
1182,1,Fast,0.6915050745010376,940,924
1183,1,Fast,0.8867726922035217,941,930
1183,1,Fast,0.8771072626113892,1200,795
1183,1,Fast,0.842617928981781,856,845
1183,1,Fast,0.8021121025085449,876,740
1183,1,Fast,0.40728065371513367,950,632
1184,1,Fast,0.886400043964386,944,936
1184,1,Fast,0.8818354606628418,1194,785
1184,1,Fast,0.8446091413497925,856,845
1184,1,Fast,0.8204663395881653,878,745
1185,1,Fast,0.8938227891921997,946,943
1185,1,Fast,0.8659868240356445,1188,776
1185,1,Fast,0.8482859134674072,856,845
1185,1,Fast,0.8059861660003662,879,749
1186,1,Fast,0.8932068347930908,949,950
1186,1,Fast,0.8679139614105225,1181,767
1186,1,Fast,0.8448553681373596,856,846
1186,1,Fast,0.7872318029403687,881,753
1186,1,Fast,0.6798092126846313,958,652
1187,1,Fast,0.8873453736305237,951,957
1187,1,Fast,0.8390898704528809,856,846
1187,1,Fast,0.8217191100120544,1176,758
1187,1,Fast,0.6700013875961304,883,757
1187,1,Fast,0.41411033272743225,961,658
1188,1,Fast,0.8763087391853333,954,964
1188,1,Fast,0.846910834312439,884,762
1188,1,Fast,0.8379937410354614,856,845
1188,1,Fast,0.8060070872306824,1169,749
1188,1,Fast,0.4517393410205841,964,665
1189,1,Fast,0.876986026763916,957,971
1189,1,Fast,0.8515918254852295,885,767
1189,1,Fast,0.8234521150588989,856,845
1189,1,Fast,0.8130269646644592,1164,741
1190,1,Fast,0.8855437636375427,959,977
1190,1,Fast,0.8200383186340332,887,771
1190,1,Fast,0.8058781623840332,856,846
1190,1,Fast,0.7976731657981873,1160,734
1190,1,Fast,0.38864317536354065,940,249
1191,1,Fast,0.845425546169281,889,776
1191,1,Fast,0.8444893956184387,961,983
1191,1,Fast,0.8415666818618774,1154,725
1191,1,Fast,0.8045571446418762,855,846
1192,1,Fast,0.8676615953445435,890,780
1192,1,Fast,0.8308990597724915,964,990
1192,1,Fast,0.7994981408119202,854,846
1192,1,Fast,0.738157331943512,1149,716
1193,1,Fast,0.8563936352729797,892,784
1193,1,Fast,0.798966646194458,967,994
1193,1,Fast,0.7973732352256775,854,846
1193,1,Fast,0.7843122482299805,1143,708
1193,1,Fast,0.30392202734947205,980,703
1194,1,Fast,0.8410329222679138,894,788
1194,1,Fast,0.8020272850990295,1138,700
1194,1,Fast,0.7762765884399414,854,846
1194,1,Fast,0.7757168412208557,968,999
1195,1,Fast,0.8355425000190735,895,793
1195,1,Fast,0.7893702983856201,854,846
1195,1,Fast,0.7850263118743896,1132,692
1195,1,Fast,0.6199828386306763,971,1009
1196,1,Fast,0.7954243421554565,854,846
1196,1,Fast,0.7498782873153687,896,798
1196,1,Fast,0.6660909056663513,1128,685
1197,1,Fast,0.8100214600563049,855,845
1197,1,Fast,0.7685629725456238,1123,678
1197,1,Fast,0.763323962688446,899,802
1197,1,Fast,0.6162986755371094,977,1031
1198,1,Fast,0.8185009956359863,855,845
1198,1,Fast,0.6718705892562866,981,1038
1198,1,Fast,0.5853576064109802,1119,671
1198,1,Fast,0.5172234177589417,901,808
1199,1,Fast,0.8132985234260559,855,844
1199,1,Fast,0.7264038324356079,1115,664
1199,1,Fast,0.6711989045143127,902,812
1200,1,Fast,0.8108199834823608,855,844
1200,1,Fast,0.7837877869606018,904,815
1200,1,Fast,0.6826357245445251,1111,656
1200,1,Fast,0.44403359293937683,884,551
1201,1,Fast,0.8233727216720581,856,844
1201,1,Fast,0.7982353568077087,906,821
1201,1,Fast,0.6580467820167542,1107,651
1201,1,Fast,0.5133732557296753,885,556
1202,1,Fast,0.8181966543197632,856,844
1202,1,Fast,0.7932296991348267,908,826
1202,1,Fast,0.351535826921463,1103,643
1203,1,Fast,0.8216841220855713,856,844
1203,1,Fast,0.7360866665840149,910,831
1203,1,Fast,0.6955451369285583,1098,636
1204,1,Fast,0.8201306462287903,856,844
1204,1,Fast,0.7966631650924683,1094,629
1204,1,Fast,0.6459068655967712,912,837
1204,1,Fast,0.6206512451171875,1021,799
1204,1,Fast,0.3607271611690521,888,570
1205,1,Fast,0.8178625106811523,857,844
1205,1,Fast,0.8158923983573914,1090,623
1205,1,Fast,0.7626247406005859,914,842
1205,1,Fast,0.5922887325286865,1026,808
1206,1,Fast,0.8324245810508728,857,844
1206,1,Fast,0.7715185284614563,1086,617
1206,1,Fast,0.7635621428489685,916,847
1206,1,Fast,0.5128953456878662,1031,817
1207,1,Fast,0.8411363363265991,858,844
1207,1,Fast,0.7959614992141724,918,852
1207,1,Fast,0.6521635055541992,1083,610
1207,1,Fast,0.4989300072193146,1036,827
1208,1,Fast,0.8406829833984375,858,844
1208,1,Fast,0.7525746822357178,920,858
1208,1,Fast,0.6641345620155334,1079,605
1208,1,Fast,0.3888094127178192,1040,837
1209,1,Fast,0.8484535217285156,858,844
1209,1,Fast,0.8364940285682678,921,863
1209,1,Fast,0.5852083563804626,1076,599
1209,1,Fast,0.3812294602394104,1045,849
1210,1,Fast,0.8526143431663513,923,868
1210,1,Fast,0.8468121886253357,858,844
1210,1,Fast,0.7432422637939453,1072,593
1211,1,Fast,0.8428967595100403,858,844
1211,1,Fast,0.8125830292701721,925,873
1211,1,Fast,0.7899400591850281,1069,587
1212,1,Fast,0.8580734729766846,927,879
1212,1,Fast,0.8526668548583984,858,844
1212,1,Fast,0.7202489376068115,1066,582
1212,1,Fast,0.6063860058784485,902,608
1212,1,Fast,0.3713201582431793,1061,880
1213,1,Fast,0.8673810958862305,930,885
1213,1,Fast,0.854142963886261,858,844
1213,1,Fast,0.5196636915206909,1063,576
1213,1,Fast,0.331816703081131,1067,893
1214,1,Fast,0.8604816198348999,932,892
1214,1,Fast,0.8543832302093506,858,844
1214,1,Fast,0.5999727845191956,1072,904
1214,1,Fast,0.5301381349563599,1059,569
1215,1,Fast,0.855211615562439,858,844
1215,1,Fast,0.7912597060203552,934,898
1215,1,Fast,0.675103485584259,1056,565
1215,1,Fast,0.45614150166511536,1078,917
1216,1,Fast,0.8539291620254517,857,845
1216,1,Fast,0.8362125158309937,937,903
1216,1,Fast,0.6607621908187866,1365,1039
1216,1,Fast,0.6305403113365173,1053,561
1216,1,Fast,0.5117077827453613,1085,928
1217,1,Fast,0.8514063358306885,939,910
1217,1,Fast,0.850976824760437,857,845
1217,1,Fast,0.77024245262146,1090,941
1217,1,Fast,0.7190695405006409,1050,555
1217,1,Fast,0.7102579474449158,1354,1022
1218,1,Fast,0.84178626537323,857,845
1218,1,Fast,0.7819364666938782,941,917
1218,1,Fast,0.734041690826416,1096,954
1218,1,Fast,0.7041466236114502,1047,550
1218,1,Fast,0.6870934367179871,1316,1055
1218,1,Fast,0.5378782749176025,1342,1007
1219,1,Fast,0.8321520090103149,857,845
1219,1,Fast,0.8191601634025574,943,924
1219,1,Fast,0.812371015548706,1331,991
1219,1,Fast,0.7538848519325256,1102,967
1219,1,Fast,0.727580189704895,1296,1046
1219,1,Fast,0.7115170359611511,1045,544
1220,1,Fast,0.8742358684539795,1280,1030
1220,1,Fast,0.8351829648017883,857,845
1220,1,Fast,0.8324538469314575,945,927
1220,1,Fast,0.7431694865226746,1320,976
1220,1,Fast,0.6021493077278137,1042,539
1220,1,Fast,0.49632033705711365,1109,980
1221,1,Fast,0.8838065266609192,1269,1012
1221,1,Fast,0.8499072194099426,1310,961
1221,1,Fast,0.8366904854774475,857,845
1221,1,Fast,0.776648223400116,948,934
1221,1,Fast,0.739203691482544,1039,534
1221,1,Fast,0.66435706615448,1115,994
1222,1,Fast,0.8437047004699707,949,941
1222,1,Fast,0.841046154499054,1256,994
1222,1,Fast,0.8318725824356079,857,845
1222,1,Fast,0.7907657623291016,1037,530
1222,1,Fast,0.7080012559890747,1123,1010
1222,1,Fast,0.5400086641311646,1300,947
1223,1,Fast,0.8634532690048218,952,947
1223,1,Fast,0.8369371891021729,857,844
1223,1,Fast,0.8147022724151611,1035,525
1223,1,Fast,0.805362343788147,1247,979
1223,1,Fast,0.7060151100158691,1290,933
1223,1,Fast,0.5195503234863281,1129,1024
1224,1,Fast,0.873216986656189,1236,962
1224,1,Fast,0.8687241673469543,954,954
1224,1,Fast,0.8370710611343384,1280,919
1224,1,Fast,0.8243185877799988,857,845
1224,1,Fast,0.7766278982162476,1033,519
1224,1,Fast,0.46282485127449036,926,676
1224,1,Fast,0.300612211227417,1138,1039
1225,1,Fast,0.8545154333114624,1227,947
1225,1,Fast,0.8366649150848389,957,961
1225,1,Fast,0.8250622153282166,857,845
1225,1,Fast,0.7947795391082764,1030,515
1225,1,Fast,0.7771649360656738,1270,905
1225,1,Fast,0.6018296480178833,928,681
1226,1,Fast,0.8621493577957153,1217,930
1226,1,Fast,0.8499393463134766,959,968
1226,1,Fast,0.8241474628448486,856,845
1226,1,Fast,0.7671926617622375,1262,893
1226,1,Fast,0.6608684659004211,1028,511
1227,1,Fast,0.834019124507904,962,975
1227,1,Fast,0.8203412890434265,856,845
1227,1,Fast,0.7766790390014648,1025,506
1227,1,Fast,0.7456943392753601,1207,915
1227,1,Fast,0.6969417929649353,1255,881
1228,1,Fast,0.8119083046913147,856,845
1228,1,Fast,0.810788094997406,965,981
1228,1,Fast,0.7884737849235535,1200,901
1228,1,Fast,0.7820106744766235,1023,502
1228,1,Fast,0.7336115837097168,1246,870
1229,1,Fast,0.8087266087532043,856,845
1229,1,Fast,0.7815530896186829,1191,888
1229,1,Fast,0.7538288831710815,966,986
1229,1,Fast,0.6396125555038452,1020,497
1229,1,Fast,0.5975224375724792,1238,858
1230,1,Fast,0.8494589924812317,1183,874
1230,1,Fast,0.7965619564056396,855,845
1230,1,Fast,0.7502151727676392,1018,493
1230,1,Fast,0.7254175543785095,968,995
1230,1,Fast,0.3437306880950928,1229,845
1231,1,Fast,0.7942861914634705,855,845
1231,1,Fast,0.7484641671180725,1174,860
1231,1,Fast,0.671492874622345,971,1003
1231,1,Fast,0.5481739640235901,1016,489
1232,1,Fast,0.8277941942214966,974,1013
1232,1,Fast,0.8054122924804688,1167,847
1232,1,Fast,0.7968103885650635,855,845
1232,1,Fast,0.536838173866272,1014,484
1233,1,Fast,0.8002547025680542,855,846
1233,1,Fast,0.7729664444923401,976,1021
1233,1,Fast,0.7409303784370422,1159,834
1233,1,Fast,0.6725203394889832,1012,480
1234,1,Fast,0.825084924697876,1010,476
1234,1,Fast,0.8210992813110352,1152,822
1234,1,Fast,0.801447331905365,855,845
1234,1,Fast,0.7759682536125183,980,1029
1234,1,Fast,0.5433987975120544,1199,802
1235,1,Fast,0.8347049951553345,1008,472
1235,1,Fast,0.8225783705711365,982,1037
1235,1,Fast,0.7923687100410461,855,845
1235,1,Fast,0.7712694406509399,1145,810
1235,1,Fast,0.3624194264411926,1192,790
1236,1,Fast,0.8366280198097229,985,1045
1236,1,Fast,0.8276621103286743,1139,797
1236,1,Fast,0.8254359364509583,1006,469
1236,1,Fast,0.78850919008255,856,846
1236,1,Fast,0.4355863928794861,1189,781
1236,1,Fast,0.37570247054100037,954,760
1237,1,Fast,0.8057349920272827,856,845
1237,1,Fast,0.7783036231994629,1004,464
1237,1,Fast,0.7698132991790771,988,1049
1237,1,Fast,0.760542631149292,1131,786
1237,1,Fast,0.622032105922699,958,767
1238,1,Fast,0.8151892423629761,1125,775
1238,1,Fast,0.8116079568862915,855,845
1238,1,Fast,0.7477228045463562,1002,461
1238,1,Fast,0.6859847903251648,1174,762
1238,1,Fast,0.562481164932251,993,1053
1239,1,Fast,0.8059727549552917,855,845
1239,1,Fast,0.7768726348876953,1117,764
1239,1,Fast,0.5919819474220276,1001,456
1240,1,Fast,0.803534746170044,855,846
1240,1,Fast,0.739274263381958,1112,753
1240,1,Fast,0.3910452425479889,999,452
1241,1,Fast,0.799613356590271,855,846
1241,1,Fast,0.6098255515098572,1106,742
1241,1,Fast,0.5940108895301819,996,450
1242,1,Fast,0.7980360388755798,855,845
1242,1,Fast,0.7125069499015808,994,446
1242,1,Fast,0.3993035852909088,1099,732
1243,1,Fast,0.8273871541023254,993,442
1243,1,Fast,0.7928355932235718,855,845
1243,1,Fast,0.573432981967926,1094,722
1244,1,Fast,0.807091474533081,992,438
1244,1,Fast,0.7881553173065186,855,845
1244,1,Fast,0.35329410433769226,1089,712
1245,1,Fast,0.7968526482582092,856,845
1245,1,Fast,0.7181459665298462,990,435
1245,1,Fast,0.6442832350730896,1084,703
1246,1,Fast,0.7963432669639587,855,845
1246,1,Fast,0.7783829569816589,1078,694
1246,1,Fast,0.697831392288208,988,432
1246,1,Fast,0.4404887557029724,987,844
1247,1,Fast,0.7992783784866333,856,845
1247,1,Fast,0.7257946133613586,1072,683
1247,1,Fast,0.6575828194618225,987,429
1247,1,Fast,0.47964125871658325,992,853
1248,1,Fast,0.8004209995269775,856,845
1248,1,Fast,0.6838247776031494,995,860
1248,1,Fast,0.4830682575702667,985,425
1248,1,Fast,0.44768428802490234,1068,674
1249,1,Fast,0.7709464430809021,856,845
1249,1,Fast,0.7161359786987305,999,869
1250,1,Fast,0.7307578921318054,856,845
1250,1,Fast,0.6341309547424316,1002,878
1250,1,Fast,0.47988805174827576,982,418
1251,1,Fast,0.7165234088897705,856,846
1251,1,Fast,0.6547877788543701,981,415
1251,1,Fast,0.4826924502849579,1005,891
1251,1,Fast,0.33096882700920105,1055,649
1252,1,Fast,0.8059589266777039,980,412
1252,1,Fast,0.7248739004135132,1010,902
1252,1,Fast,0.7143702507019043,856,846
1252,1,Fast,0.5799874663352966,1050,641
1253,1,Fast,0.8284226655960083,1013,911
1253,1,Fast,0.7902247309684753,979,409
1253,1,Fast,0.7314830422401428,1046,634
1253,1,Fast,0.7143545150756836,856,846
1254,1,Fast,0.7936573028564453,978,406
1254,1,Fast,0.7817203402519226,1042,627
1254,1,Fast,0.7549587488174438,856,845
1254,1,Fast,0.6042753458023071,1017,920
1255,1,Fast,0.8224185109138489,977,402
1255,1,Fast,0.7534813284873962,856,845
1255,1,Fast,0.7059070467948914,1037,619
1255,1,Fast,0.6988802552223206,1021,931
1256,1,Fast,0.7470930218696594,1025,941
1256,1,Fast,0.7094413638114929,856,845
1256,1,Fast,0.7039948105812073,1033,611
1256,1,Fast,0.6976459622383118,976,400
1257,1,Fast,0.737480878829956,1030,604
1257,1,Fast,0.6685508489608765,856,845
1257,1,Fast,0.6335612535476685,1030,952
1257,1,Fast,0.4357790946960449,974,396
1258,1,Fast,0.7436572313308716,1034,963
1258,1,Fast,0.6969963908195496,855,845
1258,1,Fast,0.5384552478790283,1026,596
1258,1,Fast,0.31103822588920593,973,393
1259,1,Fast,0.7606990933418274,1041,976
1259,1,Fast,0.6893460750579834,856,845
1259,1,Fast,0.5040730237960815,1023,589
1259,1,Fast,0.41660282015800476,972,391
1260,1,Fast,0.7228026390075684,1020,582
1260,1,Fast,0.7073736786842346,855,846
1260,1,Fast,0.45825815200805664,1068,591
1260,1,Fast,0.340636283159256,971,387
1261,1,Fast,0.7877542972564697,1016,575
1261,1,Fast,0.7174504995346069,855,846
1261,1,Fast,0.6921670436859131,1052,998
1261,1,Fast,0.4081026017665863,970,384
1262,1,Fast,0.7739624977111816,1013,569
1262,1,Fast,0.7356253266334534,969,380
1262,1,Fast,0.7112687230110168,855,846
1262,1,Fast,0.36991745233535767,1057,1013
1263,1,Fast,0.8491868376731873,1010,562
1263,1,Fast,0.7016326189041138,855,846
1263,1,Fast,0.6386066675186157,968,378
1263,1,Fast,0.30754604935646057,1061,1025
1264,1,Fast,0.7966168522834778,1007,555
1264,1,Fast,0.6945335865020752,856,846
1264,1,Fast,0.6509447693824768,966,376
1265,1,Fast,0.8092962503433228,1004,550
1265,1,Fast,0.7121694087982178,856,846
1265,1,Fast,0.657730221748352,1050,561
1265,1,Fast,0.6315050721168518,965,373
1266,1,Fast,0.8041080832481384,1001,542
1266,1,Fast,0.6900957226753235,856,846
1266,1,Fast,0.5267112851142883,1048,555
1266,1,Fast,0.5102057456970215,964,370
1267,1,Fast,0.6637281775474548,856,846
1267,1,Fast,0.6474782824516296,998,536
1267,1,Fast,0.5217836499214172,963,367
1268,1,Fast,0.83607417345047,996,531
1268,1,Fast,0.6520776748657227,856,846
1268,1,Fast,0.43175894021987915,1042,543
1269,1,Fast,0.7948123812675476,993,524
1269,1,Fast,0.6104085445404053,857,845
1270,1,Fast,0.8242979049682617,990,519
1270,1,Fast,0.7450239062309265,1036,532
1270,1,Fast,0.6156429648399353,856,846
1270,1,Fast,0.34135860204696655,960,359
1271,1,Fast,0.8038230538368225,987,513
1271,1,Fast,0.6045090556144714,856,846
1271,1,Fast,0.5424346923828125,1032,527
1272,1,Fast,0.7759015560150146,985,507
1272,1,Fast,0.7007916569709778,856,846
1272,1,Fast,0.6335922479629517,959,354
1273,1,Fast,0.8496134281158447,983,501
1273,1,Fast,0.7114018797874451,856,846
1273,1,Fast,0.6791922450065613,958,351
1274,1,Fast,0.8236613869667053,981,496
1274,1,Fast,0.7289198040962219,856,846
1274,1,Fast,0.6967068910598755,957,349
1275,1,Fast,0.8297699093818665,978,491
1275,1,Fast,0.7336497902870178,1021,507
1275,1,Fast,0.7106161713600159,856,846
1275,1,Fast,0.7065298557281494,957,347
1276,1,Fast,0.8052715063095093,976,486
1276,1,Fast,0.7656219601631165,1019,502
1276,1,Fast,0.7137933373451233,856,846
1276,1,Fast,0.5843684673309326,956,344
1277,1,Fast,0.7279784679412842,974,480
1277,1,Fast,0.6668282747268677,856,845
1277,1,Fast,0.46128079295158386,1017,497
1277,1,Fast,0.32485640048980713,956,342
1278,1,Fast,0.7668588161468506,971,475
1278,1,Fast,0.663181483745575,856,845
1279,1,Fast,0.8053076267242432,970,470
1279,1,Fast,0.6542808413505554,856,845
1279,1,Fast,0.5914905071258545,1013,487
1280,1,Fast,0.7603688836097717,967,465
1280,1,Fast,0.7007070183753967,856,845
1281,1,Fast,0.7631974220275879,965,461
1281,1,Fast,0.7075136303901672,856,845
1281,1,Fast,0.3461340069770813,1008,478
1281,1,Fast,0.32260558009147644,953,332
1282,1,Fast,0.813622236251831,964,456
1282,1,Fast,0.7333541512489319,856,845
1282,1,Fast,0.5678476691246033,1006,474
1283,1,Fast,0.7514899969100952,856,845
1283,1,Fast,0.6552420854568481,962,451
1283,1,Fast,0.41611504554748535,1003,469
1284,1,Fast,0.7931811809539795,961,447
1284,1,Fast,0.7453866600990295,857,846
1284,1,Fast,0.4358590543270111,1001,466
1285,1,Fast,0.8061927556991577,960,442
1285,1,Fast,0.7497566342353821,857,846
1286,1,Fast,0.8055742383003235,957,438
1286,1,Fast,0.7296369671821594,857,845
1286,1,Fast,0.33612778782844543,950,321
1287,1,Fast,0.8015317320823669,956,433
1287,1,Fast,0.7452749013900757,856,845
1288,1,Fast,0.8320003151893616,954,429
1288,1,Fast,0.7268947958946228,856,845
1289,1,Fast,0.8278738260269165,953,425
1289,1,Fast,0.7289390563964844,856,845
1289,1,Fast,0.4490295350551605,991,444
1290,1,Fast,0.8135349154472351,990,440
1290,1,Fast,0.7815080285072327,952,421
1290,1,Fast,0.7592260837554932,857,845
1291,1,Fast,0.8208431005477905,950,417
1291,1,Fast,0.7506780624389648,857,845
1291,1,Fast,0.7020500898361206,989,437
1291,1,Fast,0.615556001663208,948,309
1292,1,Fast,0.8267019987106323,949,412
1292,1,Fast,0.7558883428573608,857,845
1292,1,Fast,0.4884468615055084,947,307
1292,1,Fast,0.4837108254432678,988,433
1293,1,Fast,0.8263127207756042,948,409
1293,1,Fast,0.7103010416030884,857,845
1293,1,Fast,0.593893826007843,947,305
1294,1,Fast,0.7651612162590027,946,405
1294,1,Fast,0.6890797019004822,857,845
1294,1,Fast,0.5167378783226013,946,303
1295,1,Fast,0.705741286277771,857,845
1295,1,Fast,0.677644670009613,945,401
1295,1,Fast,0.3800729215145111,946,302
1296,1,Fast,0.7584987878799438,857,845
1296,1,Fast,0.7329645752906799,944,396
1296,1,Fast,0.46879538893699646,979,418
1297,1,Fast,0.7480313777923584,857,845
1297,1,Fast,0.6911640167236328,943,393
1297,1,Fast,0.5327454209327698,978,414
1297,1,Fast,0.36472848057746887,845,384
1298,1,Fast,0.750304102897644,857,845
1298,1,Fast,0.6508827805519104,1369,1050
1298,1,Fast,0.5413358807563782,976,411
1298,1,Fast,0.49375686049461365,942,389
1299,1,Fast,0.7974870204925537,1360,1042
1299,1,Fast,0.7545120716094971,857,845
1299,1,Fast,0.32449769973754883,846,388
1300,1,Fast,0.8163841366767883,1351,1030
1300,1,Fast,0.7573309540748596,857,845
1300,1,Fast,0.7258045077323914,939,382
1300,1,Fast,0.42816147208213806,847,392
1301,1,Fast,0.8145022392272949,1342,1017
1301,1,Fast,0.7618428468704224,937,378
1301,1,Fast,0.7466763854026794,857,845
1302,1,Fast,0.80825275182724,1334,1004
1302,1,Fast,0.7288464903831482,857,845
1302,1,Fast,0.7196363210678101,848,397
1302,1,Fast,0.7106274962425232,936,375
1303,1,Fast,0.7460573315620422,857,845
1303,1,Fast,0.7418289184570312,934,372
1303,1,Fast,0.7413742542266846,848,400
1303,1,Fast,0.7091662883758545,1326,994
1304,1,Fast,0.8164822459220886,1318,983
1304,1,Fast,0.7775464653968811,848,404
1304,1,Fast,0.7512149810791016,857,845
1304,1,Fast,0.5781104564666748,934,369
1305,1,Fast,0.7912086844444275,1310,971
1305,1,Fast,0.7656803131103516,849,407
1305,1,Fast,0.7535918951034546,857,845
1305,1,Fast,0.6313066482543945,933,364
1306,1,Fast,0.8445940613746643,1303,961
1306,1,Fast,0.7626330256462097,857,845
1306,1,Fast,0.7347214818000793,849,410
1307,1,Fast,0.8007649183273315,1295,950
1307,1,Fast,0.7842496633529663,850,414
1307,1,Fast,0.7490086555480957,857,845
1307,1,Fast,0.4827524721622467,932,358
1308,1,Fast,0.854322612285614,1288,940
1308,1,Fast,0.7239464521408081,858,845
1308,1,Fast,0.7162162661552429,851,417
1308,1,Fast,0.705961287021637,931,355
1309,1,Fast,0.8552529215812683,1282,929
1309,1,Fast,0.7747405767440796,930,352
1309,1,Fast,0.7251321077346802,858,845
1309,1,Fast,0.4839094579219818,851,420
1310,1,Fast,0.8175181150436401,1275,918
1310,1,Fast,0.7230497598648071,858,845
1310,1,Fast,0.6983013153076172,929,348
1310,1,Fast,0.5711252689361572,852,423
1311,1,Fast,0.8183750510215759,1268,908
1311,1,Fast,0.688414454460144,929,345
1311,1,Fast,0.6801308989524841,858,845
1311,1,Fast,0.5925132036209106,852,426
1312,1,Fast,0.7670552134513855,927,342
1312,1,Fast,0.7642737627029419,1262,898
1312,1,Fast,0.6956307291984558,858,845
1312,1,Fast,0.6760762929916382,853,430
1313,1,Fast,0.7720738649368286,1256,889
1313,1,Fast,0.7421673536300659,858,845
1313,1,Fast,0.7216882109642029,928,339
1313,1,Fast,0.7184756398200989,854,433
1314,1,Fast,0.8117955327033997,927,336
1314,1,Fast,0.7576512098312378,854,436
1314,1,Fast,0.7546424865722656,1249,880
1314,1,Fast,0.7478886842727661,858,845
1314,1,Fast,0.5176085233688354,1363,1039
1315,1,Fast,0.783482551574707,926,333
1315,1,Fast,0.7815369963645935,1244,870
1315,1,Fast,0.7454056143760681,858,845
1315,1,Fast,0.6235663294792175,854,440
1316,1,Fast,0.7805799245834351,1237,861
1316,1,Fast,0.7682945132255554,924,331
1316,1,Fast,0.7444731593132019,1345,1013
1316,1,Fast,0.7408360838890076,858,845
1316,1,Fast,0.6940829753875732,855,443
1317,1,Fast,0.8667812347412109,1337,1001
1317,1,Fast,0.8032072186470032,924,327
1317,1,Fast,0.7458422780036926,1231,853
1317,1,Fast,0.7442395687103271,858,845
1317,1,Fast,0.6604962348937988,856,447
1318,1,Fast,0.84837406873703,1225,845
1318,1,Fast,0.7935762405395508,923,325
1318,1,Fast,0.7434729933738708,858,845
1318,1,Fast,0.7266089916229248,1328,990
1318,1,Fast,0.6883066296577454,857,451
1319,1,Fast,0.812371551990509,922,321
1319,1,Fast,0.743904173374176,1219,836
1319,1,Fast,0.7333800792694092,858,845
1319,1,Fast,0.7195380330085754,857,454
1319,1,Fast,0.498507022857666,1321,978
1320,1,Fast,0.7781370282173157,859,458
1320,1,Fast,0.761815071105957,1313,967
1320,1,Fast,0.7409915328025818,1214,828
1320,1,Fast,0.727800190448761,858,845
1320,1,Fast,0.6825823783874512,922,318
1321,1,Fast,0.729362428188324,860,462
1321,1,Fast,0.7267177700996399,857,845
1321,1,Fast,0.6652944087982178,923,316
1321,1,Fast,0.6558149456977844,1306,955
1321,1,Fast,0.36968421936035156,1209,819
1322,1,Fast,0.7856592535972595,1298,944
1322,1,Fast,0.778301477432251,861,465
1322,1,Fast,0.7348942756652832,858,845
1322,1,Fast,0.6963569521903992,1203,811
1322,1,Fast,0.6542611718177795,922,312
1323,1,Fast,0.8176088333129883,861,469
1323,1,Fast,0.745566725730896,1198,803
1323,1,Fast,0.7269108295440674,857,845
1323,1,Fast,0.7252493500709534,921,310
1323,1,Fast,0.3479011654853821,1291,934
1324,1,Fast,0.8134040236473083,863,472
1324,1,Fast,0.7326486110687256,857,845
1324,1,Fast,0.728395402431488,921,308
1324,1,Fast,0.6236696839332581,1194,795
1324,1,Fast,0.5292895436286926,1284,924
1325,1,Fast,0.7104109525680542,857,845
1325,1,Fast,0.5898405313491821,863,476
1325,1,Fast,0.5788283348083496,920,305
1326,1,Fast,0.7339861989021301,857,844
1326,1,Fast,0.6478902101516724,1271,904
1326,1,Fast,0.5753149390220642,1184,779
1326,1,Fast,0.5469272136688232,865,481
1327,1,Fast,0.7162895202636719,857,844
1327,1,Fast,0.6411747336387634,865,484
1327,1,Fast,0.5670501589775085,1178,771
1327,1,Fast,0.38901573419570923,1263,894
1328,1,Fast,0.7243636846542358,857,845
1328,1,Fast,0.6057045459747314,1258,884
1328,1,Fast,0.5954296588897705,866,488
1328,1,Fast,0.32518845796585083,1174,764
1329,1,Fast,0.8491582274436951,1251,875
1329,1,Fast,0.7342336177825928,857,845
1329,1,Fast,0.6428840756416321,869,493
1329,1,Fast,0.5666364431381226,1169,757
1329,1,Fast,0.4745926856994629,1270,1014
1330,1,Fast,0.8643697500228882,1244,866
1330,1,Fast,0.7837880849838257,869,497
1330,1,Fast,0.7426939010620117,857,844
1330,1,Fast,0.6160966157913208,1164,750
1330,1,Fast,0.49172428250312805,1260,999
1331,1,Fast,0.8727365732192993,1238,856
1331,1,Fast,0.8029836416244507,870,501
1331,1,Fast,0.7465534806251526,1251,984
1331,1,Fast,0.7318367958068848,857,844
1331,1,Fast,0.4717647135257721,1160,743
1332,1,Fast,0.860923171043396,1231,847
1332,1,Fast,0.801830530166626,872,505
1332,1,Fast,0.7947322726249695,1241,969
1332,1,Fast,0.7313655018806458,1155,736
1332,1,Fast,0.676685631275177,857,844
1333,1,Fast,0.8480389714241028,1226,837
1333,1,Fast,0.8335033655166626,873,509
1333,1,Fast,0.7350326776504517,1233,955
1333,1,Fast,0.6860332489013672,857,844
1333,1,Fast,0.5995643734931946,1152,730
1334,1,Fast,0.8532590270042419,874,513
1334,1,Fast,0.8373386859893799,1220,829
1334,1,Fast,0.8182896375656128,1226,941
1334,1,Fast,0.7289137840270996,1147,722
1334,1,Fast,0.7144982814788818,858,844
1335,1,Fast,0.8314342498779297,875,518
1335,1,Fast,0.7450268268585205,1215,822
1335,1,Fast,0.7222703099250793,858,844
1335,1,Fast,0.5743439197540283,1217,926
1335,1,Fast,0.530001699924469,1143,715
1336,1,Fast,0.8548048734664917,876,522
1336,1,Fast,0.7285110354423523,857,844
1336,1,Fast,0.6819998621940613,1210,814
1336,1,Fast,0.6517789959907532,1139,709
1336,1,Fast,0.6511239409446716,1209,914
1337,1,Fast,0.8805170655250549,878,527
1337,1,Fast,0.7921098470687866,1203,805
1337,1,Fast,0.7512691020965576,857,844
1337,1,Fast,0.34255608916282654,1202,901
1338,1,Fast,0.8610444068908691,879,532
1338,1,Fast,0.8129372000694275,1199,797
1338,1,Fast,0.7568661570549011,857,844
1338,1,Fast,0.45982420444488525,1195,889
1339,1,Fast,0.8567192554473877,880,537
1339,1,Fast,0.742829442024231,1194,788
1339,1,Fast,0.7217673063278198,857,844
1339,1,Fast,0.48334193229675293,1187,877
1339,1,Fast,0.4427416920661926,1127,690
1340,1,Fast,0.8528052568435669,882,542
1340,1,Fast,0.8323665857315063,1189,781
1340,1,Fast,0.7127660512924194,856,844
1340,1,Fast,0.6551801562309265,1122,685
1340,1,Fast,0.41420724987983704,1180,864
1341,1,Fast,0.840124785900116,884,546
1341,1,Fast,0.8212332129478455,1185,774
1341,1,Fast,0.7650411128997803,856,845
1341,1,Fast,0.5394893288612366,1119,678
1341,1,Fast,0.5136941075325012,1173,853
1342,1,Fast,0.8635584115982056,1178,767
1342,1,Fast,0.8581280708312988,885,551
1342,1,Fast,0.7533109188079834,856,845
1342,1,Fast,0.5903858542442322,1166,841
1343,1,Fast,0.8745090365409851,887,556
1343,1,Fast,0.8397015333175659,1173,758
1343,1,Fast,0.8031228184700012,1159,830
1343,1,Fast,0.7308432459831238,856,845
1344,1,Fast,0.8698921203613281,1169,751
1344,1,Fast,0.8676255345344543,889,561
1344,1,Fast,0.7693350911140442,1153,818
1344,1,Fast,0.7414765954017639,857,845
1344,1,Fast,0.4431554675102234,1108,660
1345,1,Fast,0.8790749907493591,890,566
1345,1,Fast,0.8091647624969482,1164,744
1345,1,Fast,0.7539651393890381,857,845
1345,1,Fast,0.50965416431427,1146,808
1345,1,Fast,0.4051287770271301,1105,655
1346,1,Fast,0.889633059501648,891,572
1346,1,Fast,0.8430376052856445,1159,738
1346,1,Fast,0.7578769326210022,857,845
1346,1,Fast,0.3448761999607086,1101,650
1347,1,Fast,0.8768754601478577,893,577
1347,1,Fast,0.7581533789634705,857,845
1347,1,Fast,0.5239542722702026,1098,643
1347,1,Fast,0.47893577814102173,1156,731
1348,1,Fast,0.8823546171188354,895,583
1348,1,Fast,0.7697316408157349,1151,725
1348,1,Fast,0.768767237663269,857,845
1348,1,Fast,0.47735047340393066,1095,638
1349,1,Fast,0.8703283667564392,896,589
1349,1,Fast,0.7804909944534302,1122,768
1349,1,Fast,0.7705920934677124,857,844
1349,1,Fast,0.7020299434661865,1146,717
1349,1,Fast,0.6269484758377075,1092,633
1350,1,Fast,0.8684138655662537,899,595
1350,1,Fast,0.7849621772766113,856,844
1350,1,Fast,0.7709435820579529,1117,758
1350,1,Fast,0.6747662425041199,1142,709
1350,1,Fast,0.3284650444984436,1089,627
1351,1,Fast,0.8763825297355652,900,600
1351,1,Fast,0.7858173251152039,856,845
1351,1,Fast,0.7343040108680725,1112,750
1351,1,Fast,0.5829395055770874,1138,703
1352,1,Fast,0.8680376410484314,902,606
1352,1,Fast,0.8499271869659424,1135,697
1352,1,Fast,0.7951757311820984,856,845
1352,1,Fast,0.7620161771774292,1107,741
1352,1,Fast,0.5484694838523865,1082,618
1353,1,Fast,0.8747256994247437,905,612
1353,1,Fast,0.818193793296814,1132,692
1353,1,Fast,0.8019945621490479,856,845
1353,1,Fast,0.7030838131904602,1102,731
1353,1,Fast,0.45951712131500244,1079,613
1354,1,Fast,0.8733425736427307,907,618
1354,1,Fast,0.8217757344245911,857,845
1354,1,Fast,0.7822133302688599,1126,685
1354,1,Fast,0.6618165969848633,1096,722
1354,1,Fast,0.4991292655467987,1075,608
1355,1,Fast,0.8699234127998352,909,624
1355,1,Fast,0.8121084570884705,1122,679
1355,1,Fast,0.8114174604415894,856,845
1355,1,Fast,0.5098477602005005,1073,603
1355,1,Fast,0.4631343483924866,1092,712
1356,1,Fast,0.882028341293335,911,630
1356,1,Fast,0.7843161821365356,857,846
1356,1,Fast,0.7030987739562988,1087,703
1356,1,Fast,0.623097836971283,1070,598
1356,1,Fast,0.6149460077285767,1118,671
1357,1,Fast,0.8732644319534302,913,636
1357,1,Fast,0.7614981532096863,856,845
1357,1,Fast,0.6433616876602173,1068,593
1357,1,Fast,0.6289812922477722,1115,666
1357,1,Fast,0.6106718182563782,1082,697
1358,1,Fast,0.8732863664627075,914,643
1358,1,Fast,0.7878563404083252,1065,588
1358,1,Fast,0.7650846838951111,856,845
1358,1,Fast,0.7602653503417969,1076,689
1358,1,Fast,0.6857517957687378,1112,660
1359,1,Fast,0.8689549565315247,917,649
1359,1,Fast,0.7567822337150574,856,845
1359,1,Fast,0.7546943426132202,1063,583
1359,1,Fast,0.640903651714325,1073,680
1359,1,Fast,0.612635612487793,1108,655
1360,1,Fast,0.8570258021354675,919,656
1360,1,Fast,0.7624520659446716,857,845
1360,1,Fast,0.7163792848587036,1069,673
1360,1,Fast,0.6767563223838806,1104,649
1360,1,Fast,0.6448596119880676,1060,579
1361,1,Fast,0.8602557182312012,922,663
1361,1,Fast,0.7753783464431763,857,845
1361,1,Fast,0.7597914934158325,1058,574
1361,1,Fast,0.3844541311264038,1101,643
1361,1,Fast,0.30020394921302795,849,384
1362,1,Fast,0.8688850402832031,924,670
1362,1,Fast,0.7812641263008118,857,844
1362,1,Fast,0.7175466418266296,1056,569
1362,1,Fast,0.6826605200767517,1060,657
1362,1,Fast,0.5977345705032349,1098,638
1363,1,Fast,0.8713536858558655,926,677
1363,1,Fast,0.8200205564498901,1094,633
1363,1,Fast,0.8121622800827026,857,844
1363,1,Fast,0.704142689704895,1053,566
1363,1,Fast,0.6618473529815674,1055,649
1364,1,Fast,0.8669649362564087,929,684
1364,1,Fast,0.8163431882858276,857,845
1364,1,Fast,0.7602308988571167,1051,642
1364,1,Fast,0.7455604672431946,1090,627
1364,1,Fast,0.5714302659034729,1050,561
1364,1,Fast,0.3272971510887146,850,394
1365,1,Fast,0.8550246953964233,932,690
1365,1,Fast,0.8228380084037781,857,845
1365,1,Fast,0.7262037992477417,1047,556
1365,1,Fast,0.7089974880218506,850,398
1365,1,Fast,0.30184072256088257,1087,622
1366,1,Fast,0.8673926591873169,934,698
1366,1,Fast,0.8274036645889282,857,845
1366,1,Fast,0.7453393340110779,851,400
1366,1,Fast,0.7285001873970032,1045,553
1366,1,Fast,0.6954967975616455,1083,617
1367,1,Fast,0.8583796620368958,937,706
1367,1,Fast,0.8207642436027527,857,845
1367,1,Fast,0.6734521985054016,851,404
1367,1,Fast,0.6492661833763123,1043,548
1367,1,Fast,0.5451461672782898,1081,611
1368,1,Fast,0.8641512989997864,939,714
1368,1,Fast,0.8078262805938721,857,845
1368,1,Fast,0.7825765013694763,1041,544
1368,1,Fast,0.7505831122398376,1079,607
1368,1,Fast,0.7232331037521362,1037,615
1368,1,Fast,0.7224887609481812,851,408
1368,1,Fast,0.6479924917221069,1422,1067
1369,1,Fast,0.8732304573059082,942,722
1369,1,Fast,0.8247438073158264,1039,540
1369,1,Fast,0.8048514723777771,857,845
1369,1,Fast,0.7425008416175842,1075,602
1369,1,Fast,0.7243145704269409,852,412
1369,1,Fast,0.7048843502998352,1409,1062
1370,1,Fast,0.8760853409767151,945,730
1370,1,Fast,0.8081213235855103,857,845
1370,1,Fast,0.8010587096214294,1036,536
1370,1,Fast,0.7497820258140564,852,416
1370,1,Fast,0.6459360718727112,1032,602
1370,1,Fast,0.6167895197868347,1072,596
1370,1,Fast,0.5007491111755371,1395,1055
1371,1,Fast,0.8633423447608948,948,737
1371,1,Fast,0.8447532653808594,1035,532
1371,1,Fast,0.7992609143257141,1385,1048
1371,1,Fast,0.7927175760269165,858,845
1371,1,Fast,0.7867350578308105,853,419
1371,1,Fast,0.7077533602714539,1070,591
1371,1,Fast,0.6048452854156494,1028,595
1372,1,Fast,0.8772096633911133,1374,1042
1372,1,Fast,0.8585618734359741,952,747
1372,1,Fast,0.8266135454177856,853,423
1372,1,Fast,0.8155030012130737,1067,586
1372,1,Fast,0.811711311340332,1033,527
1372,1,Fast,0.7979055047035217,858,845
1372,1,Fast,0.7777724266052246,1024,589
1373,1,Fast,0.8829260468482971,1366,1030
1373,1,Fast,0.8751290440559387,955,755
1373,1,Fast,0.8612579107284546,853,427
1373,1,Fast,0.8202381134033203,1031,523
1373,1,Fast,0.7889272570610046,858,844
1373,1,Fast,0.7031602263450623,1021,582
1373,1,Fast,0.466767281293869,1065,582
1374,1,Fast,0.877371072769165,959,764
1374,1,Fast,0.8510387539863586,854,430
1374,1,Fast,0.8450049757957458,1030,519
1374,1,Fast,0.8369802832603455,1358,1017
1374,1,Fast,0.7810293436050415,858,844
1374,1,Fast,0.5870436429977417,1018,577
1374,1,Fast,0.5498092770576477,1062,577
1375,1,Fast,0.8721433877944946,962,772
1375,1,Fast,0.8609607219696045,1027,516
1375,1,Fast,0.8415806293487549,854,433
1375,1,Fast,0.7909260988235474,1015,571
1375,1,Fast,0.7842488288879395,858,844
1375,1,Fast,0.7601391077041626,1349,1006
1375,1,Fast,0.67951899766922,1059,572
1376,1,Fast,0.8587731719017029,1341,995
1376,1,Fast,0.8334792852401733,966,782
1376,1,Fast,0.8304174542427063,855,438
1376,1,Fast,0.7930518388748169,858,844
1376,1,Fast,0.7905789613723755,1025,512
1376,1,Fast,0.5803629755973816,1057,568
1376,1,Fast,0.5284635424613953,1013,566
1377,1,Fast,0.877205491065979,1333,983
1377,1,Fast,0.8614622354507446,970,792
1377,1,Fast,0.8396148681640625,856,442
1377,1,Fast,0.8233068585395813,1022,509
1377,1,Fast,0.7772542834281921,858,845
1377,1,Fast,0.5592151880264282,1053,564
1377,1,Fast,0.5450223088264465,836,386
1377,1,Fast,0.5078105926513672,1010,561
1378,1,Fast,0.863853931427002,973,801
1378,1,Fast,0.8265494108200073,1326,972
1378,1,Fast,0.8132818937301636,1020,505
1378,1,Fast,0.7935850024223328,856,446
1378,1,Fast,0.7763503193855286,858,845
1378,1,Fast,0.7326486110687256,1050,558
1378,1,Fast,0.4318085312843323,1008,554
1378,1,Fast,0.4009357988834381,836,390
1379,1,Fast,0.8744351863861084,1317,961
1379,1,Fast,0.8642258048057556,977,810
1379,1,Fast,0.8381847143173218,1018,502
1379,1,Fast,0.7701483964920044,858,844
1379,1,Fast,0.7181946039199829,836,391
1379,1,Fast,0.6952067017555237,1048,554
1379,1,Fast,0.6885085105895996,858,450
1379,1,Fast,0.5787922739982605,1006,549
1380,1,Fast,0.8755573630332947,980,820
1380,1,Fast,0.8610337376594543,1310,950
1380,1,Fast,0.8007888793945312,1016,498
1380,1,Fast,0.7649744153022766,858,844
1380,1,Fast,0.7325571179389954,836,393
1380,1,Fast,0.7319621443748474,1003,543
1380,1,Fast,0.6412925124168396,858,454
1380,1,Fast,0.36725255846977234,1047,550
1381,1,Fast,0.8679293394088745,984,829
1381,1,Fast,0.8561304807662964,1303,939
1381,1,Fast,0.8391583561897278,1014,495
1381,1,Fast,0.7752593755722046,859,844
1381,1,Fast,0.7466577887535095,859,458
1381,1,Fast,0.6333163380622864,836,396
1381,1,Fast,0.6250528693199158,1000,537
1381,1,Fast,0.4842676520347595,1044,546
1382,1,Fast,0.8723979592323303,1296,930
1382,1,Fast,0.8657257556915283,989,839
1382,1,Fast,0.8523197174072266,1013,491
1382,1,Fast,0.8457001447677612,997,532
1382,1,Fast,0.8447522521018982,860,462
1382,1,Fast,0.7997469902038574,859,844
1382,1,Fast,0.7435139417648315,1042,541
1382,1,Fast,0.7045859098434448,838,399
1383,1,Fast,0.8873155117034912,994,850
1383,1,Fast,0.8647135496139526,1289,920
1383,1,Fast,0.8439421653747559,995,527
1383,1,Fast,0.8430494666099548,1012,487
1383,1,Fast,0.838336169719696,861,467
1383,1,Fast,0.8082390427589417,859,844
1383,1,Fast,0.6601713299751282,838,402
1383,1,Fast,0.4675297737121582,1040,537
1384,1,Fast,0.8885912299156189,998,861
1384,1,Fast,0.8866891860961914,1282,910
1384,1,Fast,0.845529317855835,993,522
1384,1,Fast,0.845394492149353,862,471
1384,1,Fast,0.8321691751480103,1037,532
1384,1,Fast,0.8227906227111816,1010,484
1384,1,Fast,0.8156631588935852,859,844
1384,1,Fast,0.6194856762886047,839,405
1385,1,Fast,0.8946572542190552,1275,900
1385,1,Fast,0.8754562735557556,1003,872
1385,1,Fast,0.8242608308792114,990,517
1385,1,Fast,0.8187809586524963,859,844
1385,1,Fast,0.8142647743225098,1034,529
1385,1,Fast,0.809810996055603,1008,481
1385,1,Fast,0.7871662378311157,863,475
1386,1,Fast,0.8841221928596497,1007,884
1386,1,Fast,0.878922164440155,1268,890
1386,1,Fast,0.8459770679473877,987,513
1386,1,Fast,0.8187634348869324,859,844
1386,1,Fast,0.8147254586219788,1007,478
1386,1,Fast,0.7738487124443054,1032,524
1386,1,Fast,0.6477331519126892,864,480
1387,1,Fast,0.8851925730705261,1263,881
1387,1,Fast,0.8750038743019104,1011,895
1387,1,Fast,0.8299097418785095,985,508
1387,1,Fast,0.8093410730361938,859,844
1387,1,Fast,0.7945223450660706,1006,475
1387,1,Fast,0.6463542580604553,1029,519
1387,1,Fast,0.6244295239448547,865,485
1388,1,Fast,0.8815926313400269,1016,908
1388,1,Fast,0.8772134780883789,1257,873
1388,1,Fast,0.8593745827674866,983,503
1388,1,Fast,0.8157266974449158,1004,471
1388,1,Fast,0.7970179915428162,859,844
1388,1,Fast,0.7920982241630554,1028,516
1388,1,Fast,0.6935601234436035,866,490
1389,1,Fast,0.8748579621315002,1021,919
1389,1,Fast,0.8650295734405518,1251,863
1389,1,Fast,0.8128916621208191,982,497
1389,1,Fast,0.784170925617218,859,844
1389,1,Fast,0.6454722285270691,1025,513
1389,1,Fast,0.5915082693099976,1001,468
1389,1,Fast,0.4151100218296051,840,419
1389,1,Fast,0.3032616674900055,867,494
1390,1,Fast,0.8738082647323608,1025,930
1390,1,Fast,0.8711717128753662,1244,854
1390,1,Fast,0.8182029128074646,980,493
1390,1,Fast,0.8089298009872437,1022,509
1390,1,Fast,0.7984408736228943,859,844
1390,1,Fast,0.7697995901107788,1000,464
1390,1,Fast,0.6702390909194946,868,499
1390,1,Fast,0.6071956157684326,840,421
1391,1,Fast,0.8847531080245972,1030,941
1391,1,Fast,0.8788342475891113,1239,845
1391,1,Fast,0.8222158551216125,978,488
1391,1,Fast,0.7960432767868042,869,504
1391,1,Fast,0.7900516986846924,998,462
1391,1,Fast,0.7822592854499817,859,844
1391,1,Fast,0.7282686233520508,1020,504
1391,1,Fast,0.708850622177124,841,425
1392,1,Fast,0.8876961469650269,1036,954
1392,1,Fast,0.8758862018585205,1232,837
1392,1,Fast,0.8281408548355103,870,508
1392,1,Fast,0.8044803738594055,997,459
1392,1,Fast,0.7979313731193542,1018,500
1392,1,Fast,0.7934557795524597,859,844
1392,1,Fast,0.7554467916488647,841,427
1392,1,Fast,0.6605469584465027,975,482
1393,1,Fast,0.8891921639442444,1042,967
1393,1,Fast,0.8655948638916016,1227,828
1393,1,Fast,0.8353731036186218,872,514
1393,1,Fast,0.7961281538009644,859,844
1393,1,Fast,0.7735947966575623,1016,497
1393,1,Fast,0.6916100382804871,842,430
1393,1,Fast,0.6148746609687805,995,455
1393,1,Fast,0.5910311341285706,972,478
1394,1,Fast,0.8896931409835815,1049,980
1394,1,Fast,0.8676184415817261,1222,821
1394,1,Fast,0.8286362290382385,873,518
1394,1,Fast,0.8045272827148438,859,844
1394,1,Fast,0.7584061026573181,1014,493
1394,1,Fast,0.40275222063064575,994,451
1394,1,Fast,0.4016053080558777,970,474
1395,1,Fast,0.8781488537788391,1055,994
1395,1,Fast,0.8604614734649658,1216,811
1395,1,Fast,0.8285782337188721,874,523
1395,1,Fast,0.7948160767555237,859,844
1395,1,Fast,0.6416971683502197,1012,488
1395,1,Fast,0.6396692395210266,968,470
1395,1,Fast,0.5181285738945007,992,449
1396,1,Fast,0.8829575777053833,1060,1009
1396,1,Fast,0.8796793222427368,1211,804
1396,1,Fast,0.8462603092193604,875,529
1396,1,Fast,0.818292498588562,1010,485
1396,1,Fast,0.8058018684387207,859,844
1396,1,Fast,0.6728768944740295,965,466
1396,1,Fast,0.4982618987560272,992,446
1397,1,Fast,0.8776979446411133,1205,796
1397,1,Fast,0.8737157583236694,1067,1023
1397,1,Fast,0.851954996585846,876,535
1397,1,Fast,0.8013079762458801,859,844
1397,1,Fast,0.7969673275947571,964,463
1397,1,Fast,0.772875189781189,1007,481
1397,1,Fast,0.7439591884613037,991,443
1398,1,Fast,0.8772147297859192,1200,787
1398,1,Fast,0.8491703271865845,1074,1036
1398,1,Fast,0.8411900401115417,963,458
1398,1,Fast,0.7751716375350952,990,440
1398,1,Fast,0.7745944261550903,859,844
1398,1,Fast,0.7478753328323364,1006,478
1398,1,Fast,0.7455720901489258,879,540
1399,1,Fast,0.8896912932395935,1195,780
1399,1,Fast,0.8260725140571594,961,454
1399,1,Fast,0.7882239818572998,1084,1043
1399,1,Fast,0.7814655303955078,1004,475
1399,1,Fast,0.7785871624946594,1409,1050
1399,1,Fast,0.7647210955619812,859,844
1399,1,Fast,0.7326377630233765,988,437
1399,1,Fast,0.6905562281608582,880,546
1400,1,Fast,0.8851763010025024,1191,773
1400,1,Fast,0.841448187828064,1398,1041
1400,1,Fast,0.8198626041412354,881,551
1400,1,Fast,0.7939853072166443,1002,472
1400,1,Fast,0.7788124680519104,986,435
1400,1,Fast,0.7754957675933838,960,450
1400,1,Fast,0.7680137157440186,858,844
1400,1,Fast,0.7241823673248291,1090,1051
1401,1,Fast,0.8847008943557739,1186,765
1401,1,Fast,0.8706732988357544,1389,1029
1401,1,Fast,0.8068182468414307,883,556
1401,1,Fast,0.77255779504776,858,844
1401,1,Fast,0.5991954207420349,958,445
1401,1,Fast,0.41998985409736633,1097,1059
1401,1,Fast,0.368749737739563,985,431
1402,1,Fast,0.8949318528175354,1379,1015
1402,1,Fast,0.8791623711585999,1181,758
1402,1,Fast,0.8096001744270325,858,845
1402,1,Fast,0.8086138963699341,885,561
1402,1,Fast,0.7859667539596558,956,441
1402,1,Fast,0.7402480840682983,983,429
1402,1,Fast,0.715916097164154,998,464
1402,1,Fast,0.40095803141593933,1102,1067
1402,1,Fast,0.33153513073921204,844,458
1403,1,Fast,0.8839095830917358,1371,1002
1403,1,Fast,0.8646337985992432,1176,751
1403,1,Fast,0.8165184259414673,887,567
1403,1,Fast,0.7683678269386292,858,844
1403,1,Fast,0.7544841766357422,954,438
1403,1,Fast,0.7369712591171265,996,461
1403,1,Fast,0.7046398520469666,983,425
1403,1,Fast,0.5739328265190125,845,461
1404,1,Fast,0.873123049736023,1362,989
1404,1,Fast,0.8440435528755188,1171,744
1404,1,Fast,0.8375169038772583,994,458
1404,1,Fast,0.8129677176475525,888,573
1404,1,Fast,0.7825954556465149,858,844
1404,1,Fast,0.7746656537055969,953,434
1404,1,Fast,0.4405677914619446,981,424
1405,1,Fast,0.8786144256591797,1355,978
1405,1,Fast,0.8466821908950806,1167,738
1405,1,Fast,0.8326272368431091,890,579
1405,1,Fast,0.7855281233787537,858,844
1405,1,Fast,0.6898244023323059,951,430
1405,1,Fast,0.6547093987464905,992,454
1405,1,Fast,0.5805773138999939,981,420
1405,1,Fast,0.36261996626853943,846,466
1406,1,Fast,0.8765997290611267,1347,966
1406,1,Fast,0.828343391418457,1164,731
1406,1,Fast,0.8202993869781494,892,586
1406,1,Fast,0.7768038511276245,858,844
1406,1,Fast,0.7657540440559387,950,426
1406,1,Fast,0.6680976748466492,979,418
1406,1,Fast,0.6402313113212585,991,451
1406,1,Fast,0.38864070177078247,848,470
1407,1,Fast,0.8749911785125732,1338,955
1407,1,Fast,0.8369985818862915,1160,724
1407,1,Fast,0.7870784997940063,894,592
1407,1,Fast,0.7812588810920715,858,844
1407,1,Fast,0.7022132873535156,988,447
1407,1,Fast,0.501171350479126,949,422
1407,1,Fast,0.44208788871765137,978,415
1408,1,Fast,0.8849603533744812,1331,944
1408,1,Fast,0.8186398148536682,986,445
1408,1,Fast,0.8147950768470764,1155,717
1408,1,Fast,0.7891550064086914,977,412
1408,1,Fast,0.7832593321800232,858,844
1408,1,Fast,0.7759753465652466,898,599
1408,1,Fast,0.6439520716667175,948,419
1409,1,Fast,0.8866127729415894,1325,933
1409,1,Fast,0.8379989266395569,1150,710
1409,1,Fast,0.8221392035484314,985,442
1409,1,Fast,0.7902282476425171,976,409
1409,1,Fast,0.7872531414031982,858,844
1409,1,Fast,0.7155230045318604,899,606
1409,1,Fast,0.5369629263877869,947,415
1410,1,Fast,0.8803457021713257,1318,923
1410,1,Fast,0.8462424874305725,1146,703
1410,1,Fast,0.8210577964782715,984,439
1410,1,Fast,0.8186940550804138,902,611
1410,1,Fast,0.8050908446311951,858,844
1410,1,Fast,0.7875086069107056,975,406
1410,1,Fast,0.7347322106361389,946,412
1411,1,Fast,0.8668085932731628,1310,913
1411,1,Fast,0.8533895611763,1142,697
1411,1,Fast,0.8359721899032593,904,618
1411,1,Fast,0.8095739483833313,858,844
1411,1,Fast,0.7694966197013855,983,437
1411,1,Fast,0.7461433410644531,945,408
1411,1,Fast,0.7442906498908997,975,404
1412,1,Fast,0.8845455646514893,1304,902
1412,1,Fast,0.873447835445404,1139,691
1412,1,Fast,0.8080500364303589,858,844
1412,1,Fast,0.7747904062271118,907,625
1412,1,Fast,0.7398595213890076,981,433
1412,1,Fast,0.6840752363204956,974,401
1412,1,Fast,0.6291869282722473,944,405
1413,1,Fast,0.8727372288703918,1297,892
1413,1,Fast,0.841789960861206,1135,686
1413,1,Fast,0.8328455686569214,909,632
1413,1,Fast,0.8175360560417175,859,844
1413,1,Fast,0.7737340331077576,972,399
1413,1,Fast,0.6823935508728027,981,431
1413,1,Fast,0.5403830409049988,943,402
1414,1,Fast,0.8707046508789062,1289,882
1414,1,Fast,0.8317400813102722,1130,679
1414,1,Fast,0.8269397020339966,911,639
1414,1,Fast,0.8091365098953247,858,844
1414,1,Fast,0.636806070804596,971,396
1414,1,Fast,0.6226986646652222,979,428
1414,1,Fast,0.43513014912605286,941,398
1415,1,Fast,0.8677061200141907,1283,872
1415,1,Fast,0.8598148226737976,913,647
1415,1,Fast,0.8079580068588257,858,844
1415,1,Fast,0.7864711880683899,1126,673
1416,1,Fast,0.879233181476593,1277,861
1416,1,Fast,0.8360425233840942,916,654
1416,1,Fast,0.7878056168556213,858,844
1416,1,Fast,0.5461696982383728,969,391
1416,1,Fast,0.5061041712760925,1121,667
1416,1,Fast,0.4266184866428375,939,392
1417,1,Fast,0.8790603876113892,1271,852
1417,1,Fast,0.8336933255195618,919,662
1417,1,Fast,0.7922527194023132,858,844
1417,1,Fast,0.4769971966743469,1118,662
1417,1,Fast,0.35791856050491333,968,389
1418,1,Fast,0.8761124014854431,1265,843
1418,1,Fast,0.810293972492218,922,670
1418,1,Fast,0.8056501150131226,858,844
1418,1,Fast,0.3495769500732422,1397,1062
1419,1,Fast,0.8700541853904724,1259,835
1419,1,Fast,0.8637521266937256,924,677
1419,1,Fast,0.828266441822052,858,844
1419,1,Fast,0.77540123462677,967,384
1419,1,Fast,0.7461277842521667,971,412
1419,1,Fast,0.6179184913635254,936,382
1419,1,Fast,0.6146537661552429,1382,1055
1419,1,Fast,0.5696576833724976,1112,650
1420,1,Fast,0.8646360039710999,927,685
1420,1,Fast,0.8538942933082581,1253,827
1420,1,Fast,0.8452362418174744,1368,1048
1420,1,Fast,0.8287939429283142,859,844
1420,1,Fast,0.6376506686210632,966,381
1420,1,Fast,0.63362056016922,968,409
1420,1,Fast,0.5870984196662903,935,379
1420,1,Fast,0.3402826189994812,1109,645
1421,1,Fast,0.8540067076683044,930,693
1421,1,Fast,0.8361256718635559,1360,1035
1421,1,Fast,0.8304926753044128,1248,820
1421,1,Fast,0.8301602005958557,859,844
1421,1,Fast,0.7288434505462646,934,376
1421,1,Fast,0.7233960628509521,966,378
1421,1,Fast,0.6903055310249329,967,407
1421,1,Fast,0.3811005651950836,1105,639
1422,1,Fast,0.8702787160873413,1243,810
1422,1,Fast,0.8501116633415222,933,702
1422,1,Fast,0.8223279714584351,858,844
1422,1,Fast,0.8016566634178162,1351,1021
1422,1,Fast,0.7230920195579529,964,376
1422,1,Fast,0.7187092900276184,933,373
1422,1,Fast,0.633513867855072,1102,633
1422,1,Fast,0.630054235458374,965,403
1423,1,Fast,0.8542624115943909,936,710
1423,1,Fast,0.8423750996589661,1238,802
1423,1,Fast,0.8171979188919067,858,844
1423,1,Fast,0.7679139375686646,1342,1008
1423,1,Fast,0.7329760789871216,965,402
1423,1,Fast,0.7326314449310303,1099,628
1423,1,Fast,0.7229226231575012,963,374
1423,1,Fast,0.6627719402313232,932,371
1424,1,Fast,0.8598453998565674,939,718
1424,1,Fast,0.8387568593025208,1232,793
1424,1,Fast,0.81699138879776,858,844
1424,1,Fast,0.7854188680648804,1333,997
1424,1,Fast,0.7714788317680359,963,373
1424,1,Fast,0.7419547438621521,931,367
1424,1,Fast,0.663469672203064,1095,623
1424,1,Fast,0.5474863052368164,964,400
1425,1,Fast,0.8685048818588257,942,727
1425,1,Fast,0.8617154955863953,1325,986
1425,1,Fast,0.849260687828064,1226,784
1425,1,Fast,0.8216725587844849,859,844
1425,1,Fast,0.7751201391220093,930,364
1425,1,Fast,0.7204462289810181,1093,618
1425,1,Fast,0.5599213242530823,962,371
1425,1,Fast,0.4045793414115906,962,397
1426,1,Fast,0.8749738335609436,1316,974
1426,1,Fast,0.8702478408813477,946,735
1426,1,Fast,0.8197969794273376,858,844
1426,1,Fast,0.8143589496612549,1221,777
1426,1,Fast,0.696247398853302,930,361
1426,1,Fast,0.4784952700138092,1089,613
1426,1,Fast,0.4180889129638672,961,368
1427,1,Fast,0.8774503469467163,1308,962
1427,1,Fast,0.859203040599823,949,746
1427,1,Fast,0.8507359623908997,1216,769
1427,1,Fast,0.8265852928161621,859,844
1427,1,Fast,0.7228607535362244,930,358
1427,1,Fast,0.5956852436065674,1085,608
1427,1,Fast,0.3817141354084015,960,391
1428,1,Fast,0.8770296573638916,1301,951
1428,1,Fast,0.8673198223114014,954,755
1428,1,Fast,0.8353736400604248,858,844
1428,1,Fast,0.8349524736404419,1211,761
1428,1,Fast,0.6703554391860962,930,355
1428,1,Fast,0.6601316928863525,1082,603
1429,1,Fast,0.8568922877311707,958,765
1429,1,Fast,0.8351135849952698,859,844
1429,1,Fast,0.8338281512260437,1207,754
1429,1,Fast,0.8252266645431519,1293,940
1429,1,Fast,0.6992032527923584,957,384
1429,1,Fast,0.6990405917167664,930,351
1429,1,Fast,0.4805772304534912,959,361
1430,1,Fast,0.8778969049453735,962,774
1430,1,Fast,0.8638885021209717,1286,930
1430,1,Fast,0.8366053700447083,859,844
1430,1,Fast,0.835695743560791,1202,746
1430,1,Fast,0.7172863483428955,928,349
1430,1,Fast,0.6994822025299072,956,381
1430,1,Fast,0.5477041602134705,876,568
1431,1,Fast,0.8606143593788147,1278,919
1431,1,Fast,0.8539577722549438,966,785
1431,1,Fast,0.8533315062522888,1197,740
1431,1,Fast,0.836985170841217,859,844
1431,1,Fast,0.7683976292610168,955,379
1431,1,Fast,0.7341839671134949,928,347
1431,1,Fast,0.5759094953536987,1073,589
1431,1,Fast,0.5626998543739319,877,573
1431,1,Fast,0.37923872470855713,958,356
1432,1,Fast,0.8579801917076111,1193,733
1432,1,Fast,0.8546781539916992,969,796
1432,1,Fast,0.8373258113861084,859,844
1432,1,Fast,0.7904675602912903,1272,908
1432,1,Fast,0.7597926259040833,953,377
1432,1,Fast,0.7053321003913879,927,344
1432,1,Fast,0.5912222862243652,957,353
1432,1,Fast,0.5046240091323853,1071,584
1433,1,Fast,0.882602870464325,974,806
1433,1,Fast,0.850001335144043,1265,898
1433,1,Fast,0.8396603465080261,859,844
1433,1,Fast,0.832615077495575,1189,727
1433,1,Fast,0.7364192605018616,952,376
1433,1,Fast,0.7166897654533386,926,341
1433,1,Fast,0.6995149254798889,957,351
1434,1,Fast,0.8678030967712402,1185,719
1434,1,Fast,0.8676651120185852,978,816
1434,1,Fast,0.8321839570999146,859,844
1434,1,Fast,0.8053148984909058,1259,887
1434,1,Fast,0.7837166786193848,956,350
1434,1,Fast,0.7226160764694214,926,338
1434,1,Fast,0.7141084671020508,951,373
1434,1,Fast,0.4657585620880127,1065,574
1435,1,Fast,0.878128707408905,982,826
1435,1,Fast,0.8475401401519775,1180,713
1435,1,Fast,0.8293166160583496,859,844
1435,1,Fast,0.825019121170044,1252,877
1435,1,Fast,0.7579732537269592,950,369
1435,1,Fast,0.7575937509536743,956,348
1435,1,Fast,0.695595383644104,926,335
1436,1,Fast,0.8800523281097412,988,836
1436,1,Fast,0.8601658940315247,1176,705
1436,1,Fast,0.8311775326728821,860,844
1436,1,Fast,0.7778007984161377,949,368
1436,1,Fast,0.775561511516571,1245,868
1436,1,Fast,0.7316463589668274,925,332
1436,1,Fast,0.7179714441299438,955,347
1437,1,Fast,0.8966092467308044,993,849
1437,1,Fast,0.8672654032707214,1239,859
1437,1,Fast,0.8366422057151794,860,844
1437,1,Fast,0.8017430901527405,1172,699
1437,1,Fast,0.7728147506713867,948,365
1437,1,Fast,0.5971046090126038,925,329
1437,1,Fast,0.4885283410549164,954,345
1437,1,Fast,0.47118639945983887,1057,561
1438,1,Fast,0.8938611745834351,997,861
1438,1,Fast,0.8476181626319885,1169,692
1438,1,Fast,0.8401524424552917,860,843
1438,1,Fast,0.8123573064804077,1233,849
1438,1,Fast,0.6878661513328552,1055,557
1438,1,Fast,0.39860624074935913,953,343
1438,1,Fast,0.3894542157649994,924,327
1438,1,Fast,0.3357286751270294,947,362
1439,1,Fast,0.8930881023406982,1003,872
1439,1,Fast,0.8579727411270142,1227,841
1439,1,Fast,0.8405578136444092,860,843
1439,1,Fast,0.7836841940879822,1164,685
1439,1,Fast,0.5591414570808411,924,326
1439,1,Fast,0.4154638946056366,946,359
1439,1,Fast,0.32701167464256287,1052,554
1440,1,Fast,0.892697811126709,1008,886
1440,1,Fast,0.8474895358085632,1160,679
1440,1,Fast,0.8399915099143982,860,843
1440,1,Fast,0.7864508628845215,1221,833
1440,1,Fast,0.7351851463317871,1049,549
1440,1,Fast,0.6615872979164124,924,324
1440,1,Fast,0.49242743849754333,945,356
1441,1,Fast,0.8806833028793335,1013,899
1441,1,Fast,0.8369826078414917,860,843
1441,1,Fast,0.8186407685279846,1307,1052
1441,1,Fast,0.8077297806739807,1157,672
1441,1,Fast,0.7480260133743286,1215,824
1441,1,Fast,0.7299785017967224,923,321
1441,1,Fast,0.6953743696212769,1047,544
1441,1,Fast,0.650083601474762,943,353
1441,1,Fast,0.539366602897644,892,625
1442,1,Fast,0.8819569945335388,1018,912
1442,1,Fast,0.8386706113815308,860,844
1442,1,Fast,0.8145090937614441,1209,815
1442,1,Fast,0.7785613536834717,1296,1037
1442,1,Fast,0.7372961640357971,1154,666
1442,1,Fast,0.682170033454895,942,351
1442,1,Fast,0.6714038848876953,923,318
1442,1,Fast,0.6382929682731628,895,632
1442,1,Fast,0.3975381851196289,950,334
1443,1,Fast,0.8840529918670654,1023,924
1443,1,Fast,0.8441936373710632,1286,1020
1443,1,Fast,0.8349185585975647,860,844
1443,1,Fast,0.7628861665725708,1150,660
1443,1,Fast,0.7453990578651428,942,349
1443,1,Fast,0.7097770571708679,1204,806
1443,1,Fast,0.6646257638931274,922,316
1443,1,Fast,0.6341787576675415,897,638
1443,1,Fast,0.5216938853263855,950,331
1444,1,Fast,0.8875563144683838,1029,936
1444,1,Fast,0.8348029851913452,860,844
1444,1,Fast,0.8346409201622009,1275,1006
1444,1,Fast,0.7841644883155823,1199,797
1444,1,Fast,0.7502503991127014,942,348
1444,1,Fast,0.714410126209259,1147,655
1444,1,Fast,0.6569123864173889,898,643
1444,1,Fast,0.6365205645561218,922,313
1444,1,Fast,0.6214655637741089,950,328
1445,1,Fast,0.8938705921173096,1035,950
1445,1,Fast,0.8268445134162903,860,844
1445,1,Fast,0.7774131298065186,1143,649
1445,1,Fast,0.7418691515922546,1266,991
1445,1,Fast,0.7281619906425476,949,327
1445,1,Fast,0.7210320234298706,941,346
1445,1,Fast,0.6097756624221802,921,311
1445,1,Fast,0.44453272223472595,1038,527
1446,1,Fast,0.898043692111969,1041,963
1446,1,Fast,0.8290612697601318,860,844
1446,1,Fast,0.8282618522644043,1257,977
1446,1,Fast,0.7948360443115234,1140,643
1446,1,Fast,0.7351390719413757,949,325
1446,1,Fast,0.7236233353614807,941,343
1446,1,Fast,0.6187604069709778,1190,780
1446,1,Fast,0.5442867279052734,921,310
1446,1,Fast,0.4425830841064453,1036,523
1447,1,Fast,0.8996582627296448,1048,978
1447,1,Fast,0.8351972699165344,860,844
1447,1,Fast,0.835114061832428,1249,965
1447,1,Fast,0.7905888557434082,939,340
1447,1,Fast,0.7852585911750793,1136,637
1447,1,Fast,0.744858980178833,921,307
1447,1,Fast,0.735858142375946,948,324
1447,1,Fast,0.6498542428016663,1034,519
1447,1,Fast,0.5943372249603271,1184,772
1448,1,Fast,0.8999713063240051,1055,993
1448,1,Fast,0.8344058394432068,1239,951
1448,1,Fast,0.8321439623832703,860,844
1448,1,Fast,0.8164030909538269,1132,632
1448,1,Fast,0.7877526879310608,937,338
1448,1,Fast,0.7379910349845886,1178,764
1448,1,Fast,0.7266408801078796,947,322
1448,1,Fast,0.6820858716964722,1032,515
1448,1,Fast,0.601740300655365,920,304
1449,1,Fast,0.9018579125404358,1062,1009
1449,1,Fast,0.8310434222221375,860,844
1449,1,Fast,0.8013300895690918,1230,938
1449,1,Fast,0.7997896075248718,936,336
1449,1,Fast,0.7885771989822388,1131,626
1449,1,Fast,0.705730140209198,1174,757
1449,1,Fast,0.6887264847755432,947,321
1449,1,Fast,0.6385676860809326,920,302
1449,1,Fast,0.46554169058799744,1031,511
1450,1,Fast,0.8947246074676514,1069,1025
1450,1,Fast,0.8173279762268066,860,844
1450,1,Fast,0.8024742007255554,936,334
1450,1,Fast,0.7280124425888062,1223,924
1450,1,Fast,0.6940945386886597,1169,749
1450,1,Fast,0.6819096803665161,947,319
1450,1,Fast,0.650161623954773,920,301
1450,1,Fast,0.647357702255249,1127,621
1451,1,Fast,0.8714667558670044,1076,1039
1451,1,Fast,0.8128899335861206,859,844
1451,1,Fast,0.7884932160377502,1214,912
1451,1,Fast,0.7451575994491577,936,332
1451,1,Fast,0.7101296186447144,1124,615
1451,1,Fast,0.627113938331604,946,317
1451,1,Fast,0.5929983258247375,914,684
1451,1,Fast,0.5511698722839355,1164,743
1451,1,Fast,0.3498365581035614,919,299
1452,1,Fast,0.8229858875274658,1085,1047
1452,1,Fast,0.8162642121315002,859,844
1452,1,Fast,0.801149845123291,916,691
1452,1,Fast,0.7895885109901428,1207,900
1452,1,Fast,0.7533961534500122,1121,610
1452,1,Fast,0.6999146342277527,1160,736
1452,1,Fast,0.6736191511154175,935,331
1452,1,Fast,0.6671591401100159,946,317
1452,1,Fast,0.300370454788208,918,298
1453,1,Fast,0.8251275420188904,859,844
1453,1,Fast,0.8181529641151428,919,698
1453,1,Fast,0.8075125217437744,1198,886
1453,1,Fast,0.7715272903442383,934,328
1453,1,Fast,0.7615074515342712,1094,1055
1453,1,Fast,0.7105568647384644,1118,605
1453,1,Fast,0.6265295147895813,919,296
1453,1,Fast,0.6151742935180664,1156,729
1453,1,Fast,0.5620169043540955,1022,498
1453,1,Fast,0.5609037280082703,945,315
1454,1,Fast,0.859904408454895,922,705
1454,1,Fast,0.8321546912193298,859,844
1454,1,Fast,0.8169296979904175,1191,874
1454,1,Fast,0.8063870072364807,934,326
1454,1,Fast,0.6979061365127563,1115,600
1454,1,Fast,0.6555055379867554,918,293
1454,1,Fast,0.5670366287231445,1152,720
1454,1,Fast,0.5573996305465698,944,312
1454,1,Fast,0.4011348783969879,1106,1065
1455,1,Fast,0.8304792642593384,859,844
1455,1,Fast,0.8081414699554443,933,324
1455,1,Fast,0.7931870222091675,1184,862
1455,1,Fast,0.7774999141693115,924,713
1455,1,Fast,0.7535002827644348,1112,594
1455,1,Fast,0.6755890250205994,917,290
1455,1,Fast,0.5879351496696472,944,309
1455,1,Fast,0.3648545742034912,1148,713
1456,1,Fast,0.8706661462783813,927,720
1456,1,Fast,0.8325504064559937,859,845
1456,1,Fast,0.8160086274147034,1178,851
1456,1,Fast,0.7905571460723877,933,324
1456,1,Fast,0.6759620308876038,1109,590
1456,1,Fast,0.6333208084106445,945,307
1456,1,Fast,0.532421350479126,917,288
1456,1,Fast,0.3706859052181244,1143,707
1457,1,Fast,0.8335840702056885,858,844
1457,1,Fast,0.7978926301002502,1106,584
1457,1,Fast,0.784712553024292,930,727
1457,1,Fast,0.7780649065971375,1170,842
1457,1,Fast,0.7731685638427734,932,322
1457,1,Fast,0.6110982298851013,945,306
1457,1,Fast,0.46749866008758545,917,286
1457,1,Fast,0.4139532148838043,1014,482
1457,1,Fast,0.3360757529735565,1139,700
1458,1,Fast,0.8356701135635376,859,845
1458,1,Fast,0.8232295513153076,1103,580
1458,1,Fast,0.8015037775039673,1163,831
1458,1,Fast,0.7460699677467346,931,319
1458,1,Fast,0.7381377816200256,933,735
1458,1,Fast,0.7148440480232239,1135,693
1458,1,Fast,0.5630370378494263,945,304
1458,1,Fast,0.4764045774936676,1013,479
1459,1,Fast,0.8339958786964417,859,845
1459,1,Fast,0.7459171414375305,1102,576
1459,1,Fast,0.7007904648780823,1157,821
1459,1,Fast,0.6972410082817078,931,318
1459,1,Fast,0.6438536047935486,936,743
1459,1,Fast,0.5509287714958191,943,302
1459,1,Fast,0.42086896300315857,1011,475
1459,1,Fast,0.3739693760871887,1131,687
1460,1,Fast,0.8313172459602356,859,845
1460,1,Fast,0.7005360126495361,1128,680
1460,1,Fast,0.6101327538490295,1151,809
1460,1,Fast,0.5673678517341614,943,301
1460,1,Fast,0.5578994154930115,1010,473
1460,1,Fast,0.546290934085846,939,750
1460,1,Fast,0.5331472754478455,930,316
1461,1,Fast,0.8232933282852173,859,844
1461,1,Fast,0.7157484889030457,1009,470
1461,1,Fast,0.6944895386695862,1124,674
1461,1,Fast,0.6132603287696838,942,759
1461,1,Fast,0.6116205453872681,1097,565
1461,1,Fast,0.39303502440452576,1145,799
1461,1,Fast,0.3812461197376251,943,299
1461,1,Fast,0.36643296480178833,928,313
1462,1,Fast,0.8296171426773071,859,845
1462,1,Fast,0.7356016039848328,944,766
1462,1,Fast,0.6084966063499451,942,298
1462,1,Fast,0.5839855074882507,1121,668
1462,1,Fast,0.5684345364570618,928,312
1462,1,Fast,0.531333327293396,1007,467
1462,1,Fast,0.48190903663635254,1138,789
1462,1,Fast,0.4036065638065338,1093,561
1463,1,Fast,0.8380452394485474,859,844
1463,1,Fast,0.709103524684906,1117,662
1463,1,Fast,0.7067362666130066,1132,778
1463,1,Fast,0.5985129475593567,1091,556
1463,1,Fast,0.5982733368873596,947,774
1463,1,Fast,0.5883593559265137,928,309
1463,1,Fast,0.5557248592376709,1005,464
1463,1,Fast,0.5199341177940369,941,297
1464,1,Fast,0.8367039561271667,859,844
1464,1,Fast,0.8226467370986938,950,782
1464,1,Fast,0.8194372057914734,1126,769
1464,1,Fast,0.709534764289856,1089,551
1464,1,Fast,0.6477011442184448,928,308
1464,1,Fast,0.6043604016304016,1113,656
1464,1,Fast,0.46537846326828003,1004,460
1465,1,Fast,0.838047981262207,859,844
1465,1,Fast,0.8171194791793823,953,790
1465,1,Fast,0.7103250026702881,928,307
1465,1,Fast,0.6892030835151672,1120,759
1465,1,Fast,0.593731701374054,1086,547
1465,1,Fast,0.48299017548561096,1002,457
1465,1,Fast,0.4433280825614929,1110,651
1466,1,Fast,0.8469410538673401,957,798
1466,1,Fast,0.8422219157218933,860,844
1466,1,Fast,0.7643712162971497,927,305
1466,1,Fast,0.6746174097061157,1114,750
1466,1,Fast,0.5508909821510315,941,292
1466,1,Fast,0.40921685099601746,1001,453
1466,1,Fast,0.32599636912345886,1107,645
1467,1,Fast,0.8374638557434082,860,843
1467,1,Fast,0.758891761302948,927,304
1467,1,Fast,0.7380625605583191,960,808
1467,1,Fast,0.5385047197341919,1109,742
1467,1,Fast,0.39313358068466187,1000,450
1467,1,Fast,0.3722912669181824,1080,539
1467,1,Fast,0.36293262243270874,941,291
1468,1,Fast,0.8392762541770935,860,843
1468,1,Fast,0.7487781047821045,926,302
1468,1,Fast,0.7220583558082581,963,815
1468,1,Fast,0.7054054141044617,1101,633
1468,1,Fast,0.6393662691116333,1078,535
1468,1,Fast,0.5920096039772034,1104,733
1468,1,Fast,0.36056119203567505,940,289
1469,1,Fast,0.8421762585639954,859,844
1469,1,Fast,0.7749758362770081,1076,529
1469,1,Fast,0.760034441947937,1097,627
1469,1,Fast,0.717201828956604,926,300
1469,1,Fast,0.6868169903755188,1098,725
1469,1,Fast,0.6227972507476807,967,825
1469,1,Fast,0.555162250995636,941,287
1469,1,Fast,0.41974082589149475,996,444
1470,1,Fast,0.8460415601730347,860,844
1470,1,Fast,0.7965624332427979,1073,525
1470,1,Fast,0.7697449922561646,925,298
1470,1,Fast,0.7664408683776855,971,834
1470,1,Fast,0.7182084918022156,1094,622
1470,1,Fast,0.7151070237159729,995,440
1470,1,Fast,0.5794687271118164,1094,715
1470,1,Fast,0.41509947180747986,940,286
1471,1,Fast,0.8425668478012085,860,844
1471,1,Fast,0.8060103058815002,925,297
1471,1,Fast,0.7688469290733337,975,844
1471,1,Fast,0.7462424635887146,994,438
1471,1,Fast,0.7425695657730103,1072,522
1471,1,Fast,0.6692221760749817,1092,617
1471,1,Fast,0.5924474000930786,1090,706
1471,1,Fast,0.3013932704925537,940,284
1472,1,Fast,0.8401519656181335,860,844
1472,1,Fast,0.7964252233505249,924,296
1472,1,Fast,0.7104541063308716,1088,611
1472,1,Fast,0.7065229415893555,992,436
1472,1,Fast,0.7017671465873718,978,854
1472,1,Fast,0.6947148442268372,1070,519
1472,1,Fast,0.4445803165435791,940,283
1472,1,Fast,0.3394821584224701,1084,698
1473,1,Fast,0.8425833582878113,860,844
1473,1,Fast,0.8016170859336853,1085,607
1473,1,Fast,0.7923862934112549,923,294
1473,1,Fast,0.7344862818717957,1080,690
1473,1,Fast,0.6624770760536194,991,433
1473,1,Fast,0.5776950120925903,983,863
1473,1,Fast,0.496292382478714,1067,515
1473,1,Fast,0.33865442872047424,940,281
1474,1,Fast,0.8306026458740234,860,844
1474,1,Fast,0.7917653918266296,1082,602
1474,1,Fast,0.7808286547660828,923,292
1474,1,Fast,0.7650836110115051,1074,682
1474,1,Fast,0.6885825395584106,986,871
1474,1,Fast,0.657295286655426,1065,510
1474,1,Fast,0.5270119905471802,989,430
1474,1,Fast,0.3508577346801758,939,280
1475,1,Fast,0.8183669447898865,860,844
1475,1,Fast,0.8068336248397827,1063,505
1475,1,Fast,0.7954533696174622,1071,674
1475,1,Fast,0.783250629901886,990,882
1475,1,Fast,0.7669034600257874,1080,597
1475,1,Fast,0.763785719871521,923,291
1475,1,Fast,0.5722410082817078,987,427
1476,1,Fast,0.8375351428985596,1061,502
1476,1,Fast,0.8256421685218811,993,893
1476,1,Fast,0.8165010213851929,859,845
1476,1,Fast,0.7378883361816406,923,289
1476,1,Fast,0.7237738370895386,1066,667
1476,1,Fast,0.6678072214126587,1077,592
1476,1,Fast,0.5437563061714172,986,424
1477,1,Fast,0.8615663647651672,998,903
1477,1,Fast,0.8160921335220337,859,845
1477,1,Fast,0.8121886253356934,1060,499
1477,1,Fast,0.7667537331581116,1062,659
1477,1,Fast,0.7110952138900757,1074,587
1477,1,Fast,0.6741393208503723,923,287
1477,1,Fast,0.4777345657348633,986,421
1478,1,Fast,0.8785222172737122,1002,911
1478,1,Fast,0.801584780216217,859,844
1478,1,Fast,0.7175900936126709,1058,495
1478,1,Fast,0.7137449979782104,1058,652
1478,1,Fast,0.6120123863220215,1072,582
1478,1,Fast,0.5255319476127625,922,286
1479,1,Fast,0.8522945046424866,1006,923
1479,1,Fast,0.799343466758728,859,844
1479,1,Fast,0.7866551280021667,1055,645
1479,1,Fast,0.5879842638969421,1055,491
1479,1,Fast,0.4543437659740448,1069,577
1479,1,Fast,0.43896669149398804,984,415
1479,1,Fast,0.37116578221321106,922,284
1480,1,Fast,0.7933333516120911,860,844
1480,1,Fast,0.781358003616333,1010,933
1480,1,Fast,0.7468933463096619,1053,487
1480,1,Fast,0.6804718971252441,1067,572
1480,1,Fast,0.6347922682762146,1051,638
1480,1,Fast,0.582138180732727,982,414
1480,1,Fast,0.5106180310249329,921,283
1481,1,Fast,0.8820215463638306,1016,944
1481,1,Fast,0.7691932320594788,860,844
1481,1,Fast,0.7621244192123413,981,410
1481,1,Fast,0.7572450041770935,1052,483
1481,1,Fast,0.7156309485435486,1064,567
1481,1,Fast,0.6668435335159302,1047,631
1481,1,Fast,0.6615012884140015,921,281
1482,1,Fast,0.8752660751342773,1020,955
1482,1,Fast,0.8139476776123047,1043,624
1482,1,Fast,0.7966134548187256,1050,480
1482,1,Fast,0.7803334593772888,980,408
1482,1,Fast,0.7643318772315979,860,845
1482,1,Fast,0.7295731902122498,1062,564
1482,1,Fast,0.6993310451507568,921,279
1482,1,Fast,0.4507189393043518,937,268
1483,1,Fast,0.7927791476249695,1025,966
1483,1,Fast,0.7848386764526367,859,845
1483,1,Fast,0.784554123878479,1048,478
1483,1,Fast,0.7297831773757935,920,277
1483,1,Fast,0.7284984588623047,1040,618
1483,1,Fast,0.6960906386375427,979,406
1483,1,Fast,0.6786036491394043,1060,559
1484,1,Fast,0.7953447103500366,859,845
1484,1,Fast,0.7852439284324646,1046,474
1484,1,Fast,0.7706354260444641,1312,1044
1484,1,Fast,0.7652344703674316,977,403
1484,1,Fast,0.7372480034828186,1036,611
1484,1,Fast,0.6463534235954285,1057,554
1484,1,Fast,0.6033317446708679,920,276
1484,1,Fast,0.5620713233947754,1031,979
1485,1,Fast,0.8123122453689575,1302,1030
1485,1,Fast,0.7924903035163879,860,845
1485,1,Fast,0.7504767179489136,1036,991
1485,1,Fast,0.7475806474685669,1045,471
1485,1,Fast,0.7021480798721313,978,401
1485,1,Fast,0.6703699827194214,1033,605
1485,1,Fast,0.6493766903877258,1054,550
1485,1,Fast,0.5825251340866089,920,274
1485,1,Fast,0.4676344394683838,936,264
1486,1,Fast,0.86951744556427,1292,1016
1486,1,Fast,0.8019410967826843,860,845
1486,1,Fast,0.7782680988311768,1041,1004
1486,1,Fast,0.7753407955169678,1042,466
1486,1,Fast,0.7516071796417236,1029,599
1486,1,Fast,0.7356360554695129,1052,546
1486,1,Fast,0.674476146697998,976,398
1486,1,Fast,0.6130501627922058,919,272
1486,1,Fast,0.3183451294898987,936,263
1487,1,Fast,0.8866792321205139,1282,1001
1487,1,Fast,0.8249601125717163,1041,463
1487,1,Fast,0.784184455871582,1047,1018
1487,1,Fast,0.7728983163833618,860,844
1487,1,Fast,0.6632893085479736,1027,592
1487,1,Fast,0.5612679123878479,919,271
1487,1,Fast,0.5500332117080688,1050,541
1487,1,Fast,0.4621131718158722,975,395
1488,1,Fast,0.8788086175918579,1273,988
1488,1,Fast,0.8467268347740173,1052,1031
1488,1,Fast,0.840554416179657,1039,460
1488,1,Fast,0.7823415994644165,1023,586
1488,1,Fast,0.7664781808853149,860,844
1488,1,Fast,0.6298204064369202,975,392
1488,1,Fast,0.5378479361534119,1048,537
1488,1,Fast,0.3944186866283417,919,270
1489,1,Fast,0.8725603222846985,1264,974
1489,1,Fast,0.8478183150291443,1038,457
1489,1,Fast,0.8199896216392517,1020,580
1489,1,Fast,0.7544090747833252,860,844
1489,1,Fast,0.7075112462043762,1059,1041
1489,1,Fast,0.6226481795310974,1046,533
1489,1,Fast,0.47269323468208313,919,268
1489,1,Fast,0.4489053785800934,974,390
1490,1,Fast,0.8573611378669739,1256,961
1490,1,Fast,0.8141591548919678,1037,454
1490,1,Fast,0.8045743703842163,1017,574
1490,1,Fast,0.7366526126861572,860,844
1490,1,Fast,0.6853208541870117,1043,528
1490,1,Fast,0.6369809508323669,973,386
1490,1,Fast,0.5923290848731995,919,267
1491,1,Fast,0.8458717465400696,1013,568
1491,1,Fast,0.8322465419769287,1247,949
1491,1,Fast,0.7793899178504944,1034,451
1491,1,Fast,0.7544347047805786,860,844
1491,1,Fast,0.7020317912101746,1041,524
1491,1,Fast,0.6589775085449219,972,384
1491,1,Fast,0.6543973088264465,919,266
1492,1,Fast,0.8379923105239868,1011,563
1492,1,Fast,0.7915263175964355,1239,936
1492,1,Fast,0.7667229175567627,1033,449
1492,1,Fast,0.7482576370239258,860,844
1492,1,Fast,0.5932804942131042,1040,519
1492,1,Fast,0.5333127379417419,919,265
1492,1,Fast,0.4803396761417389,971,381
1493,1,Fast,0.8541592955589294,1231,924
1493,1,Fast,0.8375664949417114,1031,445
1493,1,Fast,0.8247896432876587,1008,557
1493,1,Fast,0.7664765119552612,970,379
1493,1,Fast,0.7279450297355652,860,844
1493,1,Fast,0.7059905529022217,918,263
1493,1,Fast,0.6297421455383301,1038,516
1494,1,Fast,0.8839370012283325,1223,911
1494,1,Fast,0.8548503518104553,1030,441
1494,1,Fast,0.8263562917709351,1005,552
1494,1,Fast,0.7170896530151367,860,844
1494,1,Fast,0.7036417722702026,969,378
1494,1,Fast,0.5167771577835083,1036,512
1494,1,Fast,0.48723211884498596,917,262
1495,1,Fast,0.8295042514801025,1216,900
1495,1,Fast,0.8280118703842163,1029,439
1495,1,Fast,0.7992501854896545,1002,546
1495,1,Fast,0.7107381224632263,860,844
1495,1,Fast,0.5988775491714478,968,375
1495,1,Fast,0.3835362195968628,916,260
1496,1,Fast,0.8819546699523926,1209,888
1496,1,Fast,0.7892516255378723,1000,541
1496,1,Fast,0.7454609274864197,1026,437
1496,1,Fast,0.7177133560180664,860,844
1496,1,Fast,0.6015158891677856,967,373
1496,1,Fast,0.44515496492385864,917,259
1497,1,Fast,0.8542782068252563,1202,878
1497,1,Fast,0.8352931141853333,998,535
1497,1,Fast,0.7714946866035461,1025,434
1497,1,Fast,0.7252077460289001,860,844
1497,1,Fast,0.5706409215927124,1030,502
1497,1,Fast,0.4543841779232025,966,371
1497,1,Fast,0.36938372254371643,917,258
1498,1,Fast,0.8848047256469727,1195,866
1498,1,Fast,0.8118565678596497,1023,430
1498,1,Fast,0.8068086504936218,995,530
1498,1,Fast,0.7233304381370544,860,844
1498,1,Fast,0.40929967164993286,1028,498
1499,1,Fast,0.793203592300415,1188,856
1499,1,Fast,0.7758623361587524,1022,426
1499,1,Fast,0.7694692015647888,993,525
1499,1,Fast,0.6909575462341309,860,844
1499,1,Fast,0.42920416593551636,964,366
1499,1,Fast,0.391711562871933,1026,494
1500,1,Fast,0.8397555351257324,1182,845
1500,1,Fast,0.8135464787483215,1021,424
1500,1,Fast,0.7941983938217163,990,520
1500,1,Fast,0.5902239084243774,860,844
1500,1,Fast,0.5361279249191284,1024,491
1501,1,Fast,0.8189396858215332,1175,836
1501,1,Fast,0.7983113527297974,987,515
1501,1,Fast,0.777705192565918,1018,422
1501,1,Fast,0.5477518439292908,860,844
1501,1,Fast,0.3957349359989166,1023,487
1502,1,Fast,0.813761293888092,1168,825
1502,1,Fast,0.7847468256950378,985,510
1502,1,Fast,0.7477794885635376,1017,420
1502,1,Fast,0.5596750378608704,860,844
1502,1,Fast,0.31222715973854065,916,251
1502,2,Slow,0.30550307035446167,963,358
1503,1,Fast,0.8726353049278259,1162,816
1503,1,Fast,0.798295795917511,983,506
1503,1,Fast,0.5864714980125427,860,844
1503,1,Fast,0.3539746105670929,1016,416
1503,1,Fast,0.33397969603538513,1020,480
1504,1,Fast,0.8551950454711914,1157,806
1504,1,Fast,0.8099694848060608,981,501
1504,1,Fast,0.6156801581382751,860,844
1504,1,Fast,0.498416930437088,1015,414
1504,1,Fast,0.46306297183036804,1019,477
1505,1,Fast,0.8786976933479309,1150,796
1505,1,Fast,0.7769164443016052,978,497
1505,1,Fast,0.693259060382843,1013,411
1505,1,Fast,0.64222651720047,1017,474
1505,1,Fast,0.6000812649726868,860,844
1505,1,Fast,0.34060555696487427,915,246
1506,1,Fast,0.8762348294258118,1144,787
1506,1,Fast,0.7891163229942322,1012,408
1506,1,Fast,0.7814421057701111,977,492
1506,1,Fast,0.7752965688705444,1015,470
1506,1,Fast,0.5815862417221069,860,844
1507,1,Fast,0.7590360045433044,975,487
1507,1,Fast,0.7390385866165161,1139,779
1507,1,Fast,0.6949419379234314,1011,407
1507,1,Fast,0.5684471726417542,860,844
1507,1,Fast,0.31950753927230835,959,348
1508,1,Fast,0.7654452323913574,973,482
1508,1,Fast,0.7032102346420288,1010,404
1508,1,Fast,0.6739679574966431,1133,769
1508,1,Fast,0.5981804132461548,860,844
1508,1,Fast,0.39198175072669983,959,346
1508,1,Fast,0.30912837386131287,1013,463
1509,1,Fast,0.7833093404769897,971,478
1509,1,Fast,0.6551580429077148,860,844
1509,1,Fast,0.6045917868614197,1128,761
1509,1,Fast,0.6014339923858643,1009,401
1509,1,Fast,0.592726469039917,958,344
1509,1,Fast,0.3393177390098572,1011,461
1510,1,Fast,0.7986637949943542,969,474
1510,1,Fast,0.673956573009491,1123,752
1510,1,Fast,0.6571049094200134,958,342
1510,1,Fast,0.6525523662567139,860,844
1510,1,Fast,0.3074880838394165,1010,458
1511,1,Fast,0.798721432685852,967,471
1511,1,Fast,0.6430114507675171,860,843
1511,1,Fast,0.6005695462226868,1007,395
1511,1,Fast,0.5058779120445251,1118,744
1511,1,Fast,0.4716315269470215,958,340
1511,1,Fast,0.3719485402107239,1008,455
1512,1,Fast,0.7629383206367493,965,466
1512,1,Fast,0.6989285945892334,1113,736
1512,1,Fast,0.6703314185142517,860,844
1512,1,Fast,0.5090870261192322,1006,393
1512,2,Slow,0.3014702796936035,957,338
1513,1,Fast,0.8052210211753845,1107,728
1513,1,Fast,0.7884120345115662,963,462
1513,1,Fast,0.7067520618438721,860,844
1513,1,Fast,0.5937003493309021,1005,448
1513,1,Fast,0.5891970992088318,1004,391
1514,1,Fast,0.8039084672927856,961,458
1514,1,Fast,0.7918432354927063,1102,720
1514,1,Fast,0.7279146909713745,860,844
1514,1,Fast,0.5060979723930359,1004,444
1514,1,Fast,0.3992319107055664,956,333
1514,1,Fast,0.3793047368526459,1003,388
1515,1,Fast,0.7670371532440186,960,454
1515,1,Fast,0.7484855055809021,860,844
1515,1,Fast,0.714063286781311,1097,712
1515,1,Fast,0.5722106695175171,1002,441
1515,1,Fast,0.47044888138771057,1001,385
1516,1,Fast,0.8322869539260864,1093,703
1516,1,Fast,0.7785707712173462,958,450
1516,1,Fast,0.7600767016410828,859,844
1516,1,Fast,0.705177903175354,1001,438
1516,1,Fast,0.6374053955078125,1001,383
1517,1,Fast,0.810486376285553,956,446
1517,1,Fast,0.7881593108177185,1088,696
1517,1,Fast,0.7864198088645935,859,844
1517,1,Fast,0.7047287821769714,1000,381
1517,1,Fast,0.6601915955543518,1000,435
1517,1,Fast,0.5487310886383057,955,327
1517,1,Fast,0.5127502083778381,1413,1062
1518,1,Fast,0.8297169804573059,954,443
1518,1,Fast,0.813754677772522,1400,1055
1518,1,Fast,0.7755104899406433,860,844
1518,1,Fast,0.6911290287971497,999,433
1518,1,Fast,0.6079900860786438,1084,689
1518,1,Fast,0.5727264881134033,954,326
1518,1,Fast,0.4457451403141022,999,379
1519,1,Fast,0.8639395236968994,1387,1048
1519,1,Fast,0.8091166019439697,953,439
1519,1,Fast,0.7712368369102478,860,844
1519,1,Fast,0.6804918646812439,1080,681
1519,1,Fast,0.5690622925758362,954,325
1519,1,Fast,0.5363813042640686,998,377
1519,1,Fast,0.4294985234737396,998,430
1520,1,Fast,0.8009974360466003,1376,1039
1520,1,Fast,0.7800366282463074,952,436
1520,1,Fast,0.7220193147659302,860,844
1520,1,Fast,0.6737260222434998,953,323
1520,1,Fast,0.6051934957504272,1076,674
1520,1,Fast,0.5003798007965088,997,428
1520,1,Fast,0.4779244363307953,997,375
1521,1,Fast,0.865986168384552,1368,1026
1521,1,Fast,0.7995107769966125,950,432
1521,1,Fast,0.6936067342758179,860,845
1521,1,Fast,0.6886091232299805,1072,667
1521,1,Fast,0.6242221593856812,995,425
1521,1,Fast,0.579301655292511,951,322
1521,1,Fast,0.49004924297332764,995,372
1522,1,Fast,0.8751097917556763,1361,1015
1522,1,Fast,0.817698061466217,948,428
1522,1,Fast,0.746163547039032,1068,660
1522,1,Fast,0.6863558888435364,860,845
1522,1,Fast,0.5926035046577454,950,320
1522,1,Fast,0.5797791481018066,994,422
1523,1,Fast,0.8630459308624268,1350,1003
1523,1,Fast,0.8105234503746033,947,425
1523,1,Fast,0.6625277996063232,860,845
1523,1,Fast,0.6190625429153442,1065,654
1523,1,Fast,0.6061260104179382,993,419
1524,1,Fast,0.8679028153419495,1342,991
1524,1,Fast,0.7758913040161133,945,421
1524,1,Fast,0.727853000164032,1061,647
1524,1,Fast,0.7015354037284851,860,844
1524,1,Fast,0.6860447525978088,992,416
1524,1,Fast,0.5802378058433533,992,365
1525,1,Fast,0.8663280606269836,1335,980
1525,1,Fast,0.7320535778999329,944,417
1525,1,Fast,0.7228419780731201,860,844
1525,1,Fast,0.5551955103874207,992,363
1525,1,Fast,0.46205368638038635,991,413
1525,1,Fast,0.444047212600708,1058,640
1526,1,Fast,0.8448175191879272,1327,968
1526,1,Fast,0.8002710342407227,943,413
1526,1,Fast,0.7527433633804321,1053,634
1526,1,Fast,0.7376099228858948,990,410
1526,1,Fast,0.7338269948959351,860,844
1526,1,Fast,0.6270225048065186,951,311
1526,1,Fast,0.4695981740951538,991,362
1527,1,Fast,0.8633237481117249,1319,958
1527,1,Fast,0.8301909565925598,942,410
1527,1,Fast,0.7578633427619934,860,844
1527,1,Fast,0.6645547151565552,1050,627
1527,1,Fast,0.5913861393928528,989,407
1527,1,Fast,0.5884032845497131,950,310
1528,1,Fast,0.8532581925392151,1313,946
1528,1,Fast,0.82068932056427,940,407
1528,1,Fast,0.75014328956604,861,844
1528,1,Fast,0.6815177202224731,988,405
1528,1,Fast,0.654818058013916,950,308
1529,1,Fast,0.8353713154792786,1305,937
1529,1,Fast,0.7637869119644165,939,404
1529,1,Fast,0.7471278309822083,861,845
1529,1,Fast,0.7276641130447388,987,403
1529,1,Fast,0.5554051995277405,1043,616
1529,1,Fast,0.5202216506004333,949,307
1530,1,Fast,0.8367104530334473,1298,927
1530,1,Fast,0.8137597441673279,937,400
1530,1,Fast,0.8024924993515015,949,305
1530,1,Fast,0.7388590574264526,860,845
1530,1,Fast,0.7070418000221252,1040,610
1530,1,Fast,0.5859241485595703,986,400
1531,1,Fast,0.8300261497497559,936,397
1531,1,Fast,0.8159253001213074,1291,917
1531,1,Fast,0.7747222185134888,1036,604
1531,1,Fast,0.7274232506752014,948,303
1531,1,Fast,0.7056554555892944,861,845
1531,1,Fast,0.5684712529182434,985,398
1532,1,Fast,0.8760432004928589,1284,908
1532,1,Fast,0.8226629495620728,935,394
1532,1,Fast,0.8182133436203003,1033,597
1532,1,Fast,0.7201530933380127,948,302
1532,1,Fast,0.719737708568573,860,845
1532,1,Fast,0.5954976081848145,984,395
1533,1,Fast,0.8667230010032654,1277,897
1533,1,Fast,0.7810182571411133,934,391
1533,1,Fast,0.7522988319396973,1031,592
1533,1,Fast,0.6796172261238098,860,844
1533,1,Fast,0.6751129627227783,948,301
1534,1,Fast,0.8748843669891357,1270,888
1534,1,Fast,0.7926644682884216,1028,587
1534,1,Fast,0.7685225605964661,934,388
1534,1,Fast,0.6683995127677917,860,845
1534,1,Fast,0.3539659082889557,947,299
1535,1,Fast,0.846655011177063,1265,880
1535,1,Fast,0.8069852590560913,932,385
1535,1,Fast,0.7294331789016724,1025,581
1535,1,Fast,0.7213578820228577,860,845
1535,1,Fast,0.4038873612880707,867,268
1536,1,Fast,0.867557168006897,1258,870
1536,1,Fast,0.8052624464035034,932,382
1536,1,Fast,0.7777227163314819,860,845
1536,1,Fast,0.6919494271278381,1022,576
1537,1,Fast,0.8608341813087463,1252,860
1537,1,Fast,0.7903215885162354,931,378
1537,1,Fast,0.7792906761169434,860,845
1537,1,Fast,0.7559186220169067,1019,570
1537,1,Fast,0.49618464708328247,979,383
1537,1,Fast,0.3942089080810547,868,271
1537,1,Fast,0.33237916231155396,946,295
1538,1,Fast,0.8439332842826843,1246,852
1538,1,Fast,0.7883241772651672,860,845
1538,1,Fast,0.7327383160591125,930,376
1538,1,Fast,0.6901591420173645,1016,565
1538,1,Fast,0.5299822092056274,978,380
1538,1,Fast,0.3161269426345825,946,294
1539,1,Fast,0.8646557927131653,1240,843
1539,1,Fast,0.7677266001701355,860,845
1539,1,Fast,0.7352386116981506,1013,560
1539,1,Fast,0.7293270230293274,978,378
1539,1,Fast,0.6193327903747559,929,373
1539,1,Fast,0.5634868144989014,945,292
1539,1,Fast,0.5572147965431213,867,274
1539,1,Fast,0.3855246603488922,980,335
1540,1,Fast,0.854535698890686,1234,834
1540,1,Fast,0.7616819739341736,860,845
1540,1,Fast,0.7462182641029358,928,371
1540,1,Fast,0.7022075057029724,977,376
1540,1,Fast,0.7012473940849304,980,333
1540,1,Fast,0.6770246028900146,1011,555
1540,1,Fast,0.5239714980125427,945,291
1540,1,Fast,0.41807201504707336,867,277
1541,1,Fast,0.8711459040641785,1228,826
1541,1,Fast,0.8037647604942322,927,368
1541,1,Fast,0.7841681838035583,977,373
1541,1,Fast,0.7487595677375793,860,845
1541,1,Fast,0.7416067719459534,1008,550
1541,1,Fast,0.6003629565238953,944,289
1541,1,Fast,0.5524647235870361,979,331
1542,1,Fast,0.8356466293334961,926,364
1542,1,Fast,0.8171088695526123,1006,545
1542,1,Fast,0.8141359090805054,976,371
1542,1,Fast,0.8089003562927246,1224,818
1542,1,Fast,0.7473243474960327,860,845
1542,1,Fast,0.6307990550994873,944,287
1542,1,Fast,0.6260051727294922,978,329
1542,1,Fast,0.46625980734825134,866,281
1543,1,Fast,0.8180726170539856,1219,811
1543,1,Fast,0.805993378162384,1005,539
1543,1,Fast,0.7968488335609436,926,362
1543,1,Fast,0.7502261996269226,860,845
1543,1,Fast,0.6386682391166687,866,282
1543,1,Fast,0.5368066430091858,975,368
1543,1,Fast,0.37260907888412476,978,328
1543,1,Fast,0.36649805307388306,944,285
1544,1,Fast,0.8575936555862427,1213,802
1544,1,Fast,0.8084677457809448,1002,534
1544,1,Fast,0.7373706102371216,860,845
1544,1,Fast,0.5770024657249451,925,360
1544,1,Fast,0.4290311336517334,943,284
1544,1,Fast,0.42680516839027405,866,285
1545,1,Fast,0.8232942819595337,1207,794
1545,1,Fast,0.8206140995025635,999,530
1545,1,Fast,0.7335832715034485,860,845
1545,1,Fast,0.7269623875617981,924,357
1545,1,Fast,0.524848461151123,866,286
1545,1,Fast,0.40406206250190735,942,283
1546,1,Fast,0.8287928700447083,1202,786
1546,1,Fast,0.7496128082275391,997,524
1546,1,Fast,0.737703263759613,923,354
1546,1,Fast,0.7200973033905029,860,845
1546,1,Fast,0.6036767959594727,865,288
1546,1,Fast,0.46742114424705505,942,282
1547,1,Fast,0.8425167202949524,1197,779
1547,1,Fast,0.8214194178581238,995,520
1547,1,Fast,0.7280468344688416,860,845
1547,1,Fast,0.7114379405975342,922,351
1547,1,Fast,0.6625568866729736,865,290
1547,1,Fast,0.5059946775436401,942,280
1547,1,Fast,0.3363891541957855,855,416
1547,1,Fast,0.3042939007282257,838,283
1548,1,Fast,0.8118268251419067,1193,772
1548,1,Fast,0.8054379224777222,993,515
1548,1,Fast,0.7948722243309021,921,348
1548,1,Fast,0.7802873849868774,860,845
1548,1,Fast,0.6509642601013184,942,279
1549,1,Fast,0.818541944026947,1188,764
1549,1,Fast,0.7896933555603027,860,845
1549,1,Fast,0.7142132520675659,991,511
1549,1,Fast,0.6936308741569519,921,345
1549,1,Fast,0.5195351243019104,942,277
1550,1,Fast,0.7790687084197998,860,845
1550,1,Fast,0.7627673149108887,1182,757
1550,1,Fast,0.7605952620506287,988,507
1550,1,Fast,0.6566324234008789,920,343
1550,1,Fast,0.3485336899757385,942,276
1551,1,Fast,0.7943379282951355,985,502
1551,1,Fast,0.7685858607292175,860,845
1551,1,Fast,0.6956942677497864,920,341
1551,1,Fast,0.6856724619865417,1178,749
1551,1,Fast,0.5892338156700134,856,427
1552,1,Fast,0.7997100353240967,983,497
1552,1,Fast,0.7555612325668335,860,845
1552,1,Fast,0.7523103356361389,1172,743
1552,1,Fast,0.6662015914916992,919,337
1552,1,Fast,0.42569613456726074,857,430
1553,1,Fast,0.8161646723747253,982,493
1553,1,Fast,0.7920913100242615,1169,737
1553,1,Fast,0.7474480271339417,860,845
1553,1,Fast,0.6555619239807129,919,335
1554,1,Fast,0.840428352355957,980,489
1554,1,Fast,0.7469623684883118,860,845
1554,1,Fast,0.7258405089378357,918,333
1554,1,Fast,0.6111744046211243,1165,730
1555,1,Fast,0.8417131900787354,978,485
1555,1,Fast,0.7612359523773193,859,845
1555,1,Fast,0.6060425043106079,918,330
1555,1,Fast,0.6027217507362366,1161,722
1556,1,Fast,0.7981991171836853,976,481
1556,1,Fast,0.753872811794281,859,845
1556,1,Fast,0.48549631237983704,918,328
1556,1,Fast,0.34717756509780884,1159,716
1557,1,Fast,0.822536826133728,975,477
1557,1,Fast,0.7565111517906189,859,845
1557,1,Fast,0.7347149848937988,1152,708
1557,1,Fast,0.5864266753196716,1380,1046
1557,1,Fast,0.5786272287368774,917,326
1558,1,Fast,0.8182540535926819,973,473
1558,1,Fast,0.7521469593048096,859,845
1558,1,Fast,0.7193847894668579,1367,1039
1558,1,Fast,0.6546483039855957,1149,701
1558,1,Fast,0.3585403561592102,939,264
1558,1,Fast,0.3084608316421509,916,324
1559,1,Fast,0.830337405204773,972,469
1559,1,Fast,0.7661429643630981,859,845
1559,1,Fast,0.7260348200798035,1145,697
1559,1,Fast,0.5532358884811401,916,321
1559,1,Fast,0.47775784134864807,939,263
1559,1,Fast,0.31284207105636597,1359,1027
1560,1,Fast,0.8349401950836182,1141,691
1560,1,Fast,0.7818307876586914,859,845
1560,1,Fast,0.77744460105896,969,465
1560,1,Fast,0.7512542009353638,1352,1014
1560,1,Fast,0.6484937071800232,916,319
1560,1,Fast,0.4799530506134033,939,262
1560,1,Fast,0.46316206455230713,861,458
1561,1,Fast,0.7785470485687256,859,845
1561,1,Fast,0.7344827055931091,1343,1004
1561,1,Fast,0.7294198274612427,1136,685
1561,1,Fast,0.7029824256896973,968,462
1561,1,Fast,0.4456061124801636,916,317
1561,1,Fast,0.44272518157958984,862,462
1562,1,Fast,0.8265615701675415,1335,993
1562,1,Fast,0.7804047465324402,859,845
1562,1,Fast,0.6511256694793701,1133,679
1562,1,Fast,0.5705648064613342,966,458
1562,1,Fast,0.5258092284202576,864,464
1563,1,Fast,0.7824541330337524,859,845
1563,1,Fast,0.7313989996910095,1327,982
1563,1,Fast,0.6128302216529846,964,454
1563,1,Fast,0.5774771571159363,1129,673
1564,1,Fast,0.8133962154388428,1320,972
1564,1,Fast,0.7820979356765747,859,845
1564,1,Fast,0.6155207753181458,1126,668
1564,1,Fast,0.5410835146903992,962,450
1564,1,Fast,0.3293260931968689,915,309
1565,1,Fast,0.7891271114349365,859,845
1565,1,Fast,0.774458646774292,1312,961
1565,1,Fast,0.6554496884346008,961,447
1565,1,Fast,0.3089573383331299,1122,662
1566,1,Fast,0.7867068648338318,859,845
1566,1,Fast,0.7343281507492065,1306,951
1566,1,Fast,0.5479819178581238,960,443
1566,1,Fast,0.33495739102363586,914,305
1567,1,Fast,0.7945590615272522,1299,941
1567,1,Fast,0.7903168797492981,859,845
1567,1,Fast,0.7499358654022217,959,440
1567,1,Fast,0.4557168483734131,914,302
1567,1,Fast,0.3543379604816437,1117,651
1567,1,Fast,0.34710419178009033,967,287
1568,1,Fast,0.786766529083252,859,845
1568,1,Fast,0.7344741821289062,1291,932
1568,1,Fast,0.5635492205619812,957,437
1568,1,Fast,0.5302771329879761,1113,645
1568,1,Fast,0.31092214584350586,913,301
1569,1,Fast,0.7828943729400635,859,845
1569,1,Fast,0.7557188868522644,1284,922
1569,1,Fast,0.5713004469871521,955,433
1570,1,Fast,0.7883385419845581,859,845
1570,1,Fast,0.7859407663345337,1278,913
1570,1,Fast,0.5834494829177856,954,430
1570,1,Fast,0.42380988597869873,912,296
1571,1,Fast,0.78691565990448,859,845
1571,1,Fast,0.633638322353363,911,294
1571,1,Fast,0.6180323958396912,952,427
1571,1,Fast,0.5933152437210083,1271,902
1571,1,Fast,0.5397840738296509,867,340
1572,1,Fast,0.8034478425979614,1265,893
1572,1,Fast,0.7521167397499084,859,845
1572,1,Fast,0.6170485019683838,866,342
1572,1,Fast,0.5775632858276367,1100,623
1572,1,Fast,0.4981265068054199,951,423
1572,1,Fast,0.3610958755016327,911,291
1573,1,Fast,0.7608352899551392,859,845
1573,1,Fast,0.7057117819786072,866,346
1573,1,Fast,0.6986879110336304,1097,620
1573,1,Fast,0.6852205395698547,1260,885
1573,1,Fast,0.6107296347618103,950,420
1573,1,Fast,0.3226601779460907,879,507
1574,1,Fast,0.8289082646369934,1254,876
1574,1,Fast,0.7586461305618286,859,845
1574,1,Fast,0.7383764982223511,949,416
1574,1,Fast,0.6203745603561401,866,348
1574,1,Fast,0.5334615111351013,1094,615
1575,1,Fast,0.8017518520355225,1248,867
1575,1,Fast,0.7788895964622498,948,413
1575,1,Fast,0.752217173576355,859,845
1575,1,Fast,0.6656279563903809,867,351
1575,1,Fast,0.5287171006202698,1091,609
1576,1,Fast,0.8219326734542847,947,410
1576,1,Fast,0.754207968711853,1242,858
1576,1,Fast,0.7461472749710083,859,845
1576,1,Fast,0.6294267773628235,867,354
1577,1,Fast,0.8140677809715271,1236,850
1577,1,Fast,0.795585572719574,946,407
1577,1,Fast,0.7554648518562317,859,845
1578,1,Fast,0.8336457014083862,1230,841
1578,1,Fast,0.7958846688270569,946,404
1578,1,Fast,0.7558505535125732,859,845
1578,1,Fast,0.3390962779521942,867,360
1579,1,Fast,0.8516812324523926,1225,834
1579,1,Fast,0.801613450050354,945,401
1579,1,Fast,0.7397938370704651,860,845
1579,1,Fast,0.41469696164131165,867,363
1579,1,Fast,0.3409190773963928,1081,590
1580,1,Fast,0.8286148309707642,943,399
1580,1,Fast,0.7411577105522156,859,845
1580,1,Fast,0.6250123977661133,1220,826
1580,1,Fast,0.4509732723236084,868,365
1580,1,Fast,0.4288093149662018,1078,585
1581,1,Fast,0.8324243426322937,942,395
1581,1,Fast,0.8167619705200195,1214,817
1581,1,Fast,0.7442466616630554,859,845
1581,1,Fast,0.6766489148139954,868,368
1581,1,Fast,0.4183720052242279,1075,580
1582,1,Fast,0.8334035277366638,941,392
1582,1,Fast,0.7751067876815796,859,845
1582,1,Fast,0.767661452293396,1209,810
1582,1,Fast,0.7053194046020508,1072,576
1582,1,Fast,0.6433279514312744,868,372
1583,1,Fast,0.7865495085716248,940,389
1583,1,Fast,0.7740060687065125,859,845
1583,1,Fast,0.7007092237472534,1070,571
1583,1,Fast,0.6705284714698792,1203,802
1583,1,Fast,0.5529954433441162,888,555
1583,1,Fast,0.49178773164749146,869,375
1584,1,Fast,0.820526123046875,939,385
1584,1,Fast,0.8006581664085388,859,845
1584,1,Fast,0.7476851940155029,1198,794
1584,1,Fast,0.697315514087677,1068,567
1584,1,Fast,0.5704689621925354,869,378
1585,1,Fast,0.8512524962425232,1195,785
1585,1,Fast,0.8152325749397278,939,382
1585,1,Fast,0.8000691533088684,859,845
1585,1,Fast,0.7133029103279114,1066,563
1585,1,Fast,0.679801344871521,869,381
1586,1,Fast,0.811405599117279,938,379
1586,1,Fast,0.805965006351471,858,846
1586,1,Fast,0.8026390671730042,1190,779
1586,1,Fast,0.7559245824813843,870,384
1586,1,Fast,0.7056214213371277,1064,561
1587,1,Fast,0.8083980083465576,870,387
1587,1,Fast,0.8030582666397095,859,846
1587,1,Fast,0.7871043086051941,937,377
1587,1,Fast,0.7007124423980713,1187,773
1588,1,Fast,0.8000302314758301,859,846
1588,1,Fast,0.7699854373931885,1181,766
1588,1,Fast,0.7601808905601501,871,390
1588,1,Fast,0.7345574498176575,936,375
1589,1,Fast,0.8005586266517639,935,372
1589,1,Fast,0.8005111217498779,871,393
1589,1,Fast,0.7977008819580078,859,846
1589,1,Fast,0.7591103315353394,1176,758
1589,1,Fast,0.5508258938789368,1056,547
1590,1,Fast,0.8250306248664856,872,396
1590,1,Fast,0.8023487329483032,934,370
1590,1,Fast,0.7904253005981445,859,846
1590,1,Fast,0.7271085381507874,1171,752
1590,1,Fast,0.36541444063186646,1053,543
1591,1,Fast,0.8440854549407959,1167,745
1591,1,Fast,0.8373393416404724,873,400
1591,1,Fast,0.8304958939552307,934,367
1591,1,Fast,0.7907702922821045,859,846
1591,1,Fast,0.5846155881881714,1051,538
1592,1,Fast,0.8278779983520508,874,403
1592,1,Fast,0.8001685738563538,932,365
1592,1,Fast,0.7802298069000244,859,845
1592,1,Fast,0.7736111283302307,1163,739
1592,1,Fast,0.7467775940895081,1050,534
1593,1,Fast,0.8124349117279053,874,406
1593,1,Fast,0.7850407361984253,932,362
1593,1,Fast,0.7809608578681946,859,846
1593,1,Fast,0.6666451692581177,1048,530
1593,1,Fast,0.3442281186580658,904,609
1593,1,Fast,0.3201116621494293,1160,732
1594,1,Fast,0.8416904211044312,875,409
1594,1,Fast,0.7807314395904541,859,846
1594,1,Fast,0.7732785940170288,931,359
1594,1,Fast,0.6343389749526978,1046,525
1594,1,Fast,0.5048394799232483,1157,726
1595,1,Fast,0.8568115830421448,875,413
1595,1,Fast,0.8123881816864014,931,357
1595,1,Fast,0.789928674697876,859,846
1595,1,Fast,0.7401828169822693,1043,520
1595,1,Fast,0.32188376784324646,1152,719
1596,1,Fast,0.8279806971549988,876,417
1596,1,Fast,0.7945865988731384,859,846
1596,1,Fast,0.7913717031478882,930,354
1596,1,Fast,0.7728502750396729,1042,518
1596,1,Fast,0.5617980360984802,1342,1007
1597,1,Fast,0.8242073655128479,1040,514
1597,1,Fast,0.8192945122718811,877,420
1597,1,Fast,0.7943494319915771,859,846
1597,1,Fast,0.7632584571838379,929,352
1597,1,Fast,0.34570786356925964,1143,705
1598,1,Fast,0.791147768497467,877,422
1598,1,Fast,0.7824089527130127,858,846
1598,1,Fast,0.7661084532737732,1140,699
1598,1,Fast,0.7639437317848206,1038,511
1598,1,Fast,0.7076912522315979,929,350
1599,1,Fast,0.8137468695640564,877,426
1599,1,Fast,0.7768410444259644,858,845
1599,1,Fast,0.7478665113449097,928,347
1599,1,Fast,0.7009715437889099,1136,695
1599,1,Fast,0.6847241520881653,1036,509
1599,1,Fast,0.3263647258281708,1319,973
1600,1,Fast,0.8197056651115417,879,429
1600,1,Fast,0.807969868183136,1134,690
1600,1,Fast,0.7788486480712891,859,846
1600,1,Fast,0.6893599033355713,928,345
1600,1,Fast,0.5408461689949036,1034,506
1601,1,Fast,0.8403642177581787,880,433
1601,1,Fast,0.7758314609527588,859,846
1601,1,Fast,0.7379183769226074,927,342
1601,1,Fast,0.5794728994369507,1032,501
1601,1,Fast,0.519372284412384,1129,683
1601,1,Fast,0.45399385690689087,842,393
1602,1,Fast,0.8257858753204346,880,437
1602,1,Fast,0.775510847568512,859,845
1602,1,Fast,0.7318199276924133,927,340
1602,1,Fast,0.5617468953132629,1125,677
1602,1,Fast,0.42123815417289734,1031,498
1602,1,Fast,0.40719160437583923,1298,941
1603,1,Fast,0.8477430939674377,882,441
1603,1,Fast,0.774803102016449,860,845
1603,1,Fast,0.7561251521110535,926,337
1603,1,Fast,0.6692857146263123,842,399
1603,1,Fast,0.4504617154598236,925,673
1604,1,Fast,0.8192188739776611,883,444
1604,1,Fast,0.7783615589141846,859,845
1604,1,Fast,0.6272258758544922,926,335
1604,1,Fast,0.6129931807518005,1026,490
1604,1,Fast,0.5030636191368103,843,401
1605,1,Fast,0.820796012878418,884,448
1605,1,Fast,0.7897652983665466,859,845
1605,1,Fast,0.581675112247467,929,686
1605,1,Fast,0.5624037384986877,1025,486
1605,1,Fast,0.5592317581176758,843,404
1605,1,Fast,0.5382823944091797,925,333
1606,1,Fast,0.8235169649124146,885,451
1606,1,Fast,0.7915917634963989,859,845
1606,1,Fast,0.6088144183158875,1023,483
1606,1,Fast,0.5794879794120789,925,330
1607,1,Fast,0.8405996561050415,886,455
1607,1,Fast,0.7925137877464294,859,845
1607,1,Fast,0.5764320492744446,1021,479
1607,1,Fast,0.5478699803352356,924,328
1607,1,Fast,0.39901092648506165,1263,892
1607,1,Fast,0.3177066147327423,844,410
1608,1,Fast,0.8410513997077942,887,459
1608,1,Fast,0.8118182420730591,1020,476
1608,1,Fast,0.8047779202461243,859,845
1608,1,Fast,0.5972018837928772,924,326
1608,1,Fast,0.5146523714065552,845,413
1608,1,Fast,0.41360804438591003,1258,883
1609,1,Fast,0.8479407429695129,888,463
1609,1,Fast,0.8079716563224792,858,845
1609,1,Fast,0.8073737025260925,1019,473
1609,1,Fast,0.5431020855903625,924,324
1609,1,Fast,0.42144787311553955,1253,875
1610,1,Fast,0.8413791060447693,890,467
1610,1,Fast,0.8085852861404419,1017,470
1610,1,Fast,0.8013286590576172,858,845
1610,1,Fast,0.623356282711029,1246,866
1610,1,Fast,0.6233283281326294,923,321
1611,1,Fast,0.8261892795562744,891,471
1611,1,Fast,0.8018879890441895,858,846
1611,1,Fast,0.7815333008766174,1016,467
1611,1,Fast,0.6010023355484009,922,319
1611,1,Fast,0.40170523524284363,848,421
1612,1,Fast,0.8404174447059631,892,476
1612,1,Fast,0.8081831336021423,858,845
1612,1,Fast,0.708949089050293,1234,848
1612,1,Fast,0.6145745515823364,1014,464
1612,1,Fast,0.48494836688041687,848,425
1612,1,Fast,0.43330687284469604,921,317
1613,1,Fast,0.8328790664672852,893,480
1613,1,Fast,0.8092169165611267,859,845
1613,1,Fast,0.7643768787384033,1229,840
1613,1,Fast,0.6959018111228943,849,428
1613,1,Fast,0.566740870475769,921,316
1613,1,Fast,0.42561501264572144,1013,461
1614,1,Fast,0.8341705799102783,894,484
1614,1,Fast,0.8111845850944519,859,845
1614,1,Fast,0.7469812631607056,850,430
1614,1,Fast,0.6526033878326416,954,758
1614,1,Fast,0.6460263133049011,1223,832
1614,1,Fast,0.4735521674156189,921,313
1614,1,Fast,0.41570332646369934,1012,458
1615,1,Fast,0.8483590483665466,896,489
1615,1,Fast,0.8127408027648926,858,845
1615,1,Fast,0.669093132019043,921,310
1615,1,Fast,0.6634136438369751,850,433
1615,1,Fast,0.5977729558944702,957,766
1615,1,Fast,0.589190661907196,1011,454
1615,1,Fast,0.5745325684547424,1217,824
1616,1,Fast,0.8288390040397644,897,494
1616,1,Fast,0.8121213912963867,858,845
1616,1,Fast,0.6905908584594727,851,436
1616,1,Fast,0.6824398040771484,921,308
1616,1,Fast,0.3828708231449127,1009,451
1617,1,Fast,0.8392725586891174,898,498
1617,1,Fast,0.8128490447998047,859,845
1617,1,Fast,0.7060511112213135,851,439
1617,1,Fast,0.6817532777786255,920,307
1618,1,Fast,0.8099327683448792,900,502
1618,1,Fast,0.809086263179779,859,845
1618,1,Fast,0.6737188696861267,1005,445
1618,1,Fast,0.5402988195419312,852,443
1618,1,Fast,0.5212043523788452,967,795
1618,1,Fast,0.5073866248130798,919,305
1619,1,Fast,0.7997977137565613,901,507
1619,1,Fast,0.7975372672080994,859,845
1619,1,Fast,0.5800398588180542,1004,441
1619,1,Fast,0.5705631971359253,971,804
1619,1,Fast,0.5262243747711182,1197,790
1619,1,Fast,0.5226508975028992,919,303
1619,1,Fast,0.456249862909317,853,446
1620,1,Fast,0.8569539189338684,903,511
1620,1,Fast,0.8108665347099304,859,845
1620,1,Fast,0.8013948202133179,1003,438
1620,1,Fast,0.8005049228668213,1192,782
1620,1,Fast,0.6264944672584534,854,450
1620,1,Fast,0.467892050743103,919,301
1620,1,Fast,0.43560656905174255,975,813
1621,1,Fast,0.8078197836875916,860,844
1621,1,Fast,0.7826326489448547,904,516
1621,1,Fast,0.7530550956726074,1002,436
1621,1,Fast,0.6817147731781006,855,453
1621,1,Fast,0.6584442853927612,979,822
1621,1,Fast,0.6418684124946594,1189,776
1621,1,Fast,0.4483639895915985,918,298
1621,1,Fast,0.34393391013145447,868,369
1622,1,Fast,0.8681256771087646,906,521
1622,1,Fast,0.817017674446106,859,844
1622,1,Fast,0.8011823892593384,983,832
1622,1,Fast,0.7639250159263611,1001,433
1622,1,Fast,0.7538016438484192,856,456
1622,1,Fast,0.6637909412384033,868,371
1622,1,Fast,0.3985070288181305,917,297
1623,1,Fast,0.8754814863204956,908,526
1623,1,Fast,0.8043386936187744,859,844
1623,1,Fast,0.7734901905059814,1000,431
1623,1,Fast,0.7548990845680237,857,459
1623,1,Fast,0.6363649964332581,869,375
1623,1,Fast,0.6259976029396057,986,843
1623,1,Fast,0.6013347506523132,918,295
1624,1,Fast,0.8565676212310791,909,531
1624,1,Fast,0.8002716302871704,859,844
1624,1,Fast,0.7854400277137756,858,463
1624,1,Fast,0.7837415933609009,999,428
1624,1,Fast,0.7033839821815491,917,293
1624,1,Fast,0.692566454410553,992,853
1624,1,Fast,0.5942105650901794,869,377
1625,1,Fast,0.8631885647773743,911,536
1625,1,Fast,0.832532525062561,996,863
1625,1,Fast,0.8136683106422424,858,466
1625,1,Fast,0.7998099327087402,859,845
1625,1,Fast,0.7304025888442993,917,291
1625,1,Fast,0.700508177280426,997,425
1625,1,Fast,0.6932734251022339,869,381
1625,1,Fast,0.3412410318851471,1422,1063
1626,1,Fast,0.8582453727722168,913,541
1626,1,Fast,0.8149892687797546,859,469
1626,1,Fast,0.8003539443016052,859,845
1626,1,Fast,0.7896252870559692,999,871
1626,1,Fast,0.7395302653312683,995,423
1626,1,Fast,0.711084246635437,870,384
1626,1,Fast,0.6182101964950562,917,289
1626,1,Fast,0.4892338514328003,1164,742
1626,1,Fast,0.36756640672683716,1403,1057
1627,1,Fast,0.8067521452903748,859,845
1627,1,Fast,0.7959610223770142,915,547
1627,1,Fast,0.7613415122032166,860,473
1627,1,Fast,0.7261137366294861,870,387
1627,1,Fast,0.6704509258270264,1003,884
1627,1,Fast,0.6192165017127991,994,421
1627,1,Fast,0.5081908702850342,917,288
1627,1,Fast,0.4223077893257141,1393,1050
1628,1,Fast,0.8491248488426208,917,552
1628,1,Fast,0.824577808380127,1381,1044
1628,1,Fast,0.8083989024162292,858,845
1628,1,Fast,0.7184177041053772,871,389
1628,1,Fast,0.7048631310462952,1007,896
1628,1,Fast,0.6661252975463867,992,418
1628,1,Fast,0.580830454826355,861,476
1628,1,Fast,0.42692628502845764,917,286
1629,1,Fast,0.8568115830421448,919,557
1629,1,Fast,0.8522595167160034,1012,908
1629,1,Fast,0.813500702381134,858,845
1629,1,Fast,0.7751782536506653,991,414
1629,1,Fast,0.7111517786979675,1371,1033
1629,1,Fast,0.6831010580062866,872,392
1629,1,Fast,0.636714518070221,861,480
1630,1,Fast,0.8188073635101318,921,563
1630,1,Fast,0.8112048506736755,859,845
1630,1,Fast,0.7735324501991272,989,410
1630,1,Fast,0.7406952977180481,1016,919
1630,1,Fast,0.729103684425354,872,395
1630,1,Fast,0.6466304063796997,862,484
1630,1,Fast,0.44881999492645264,1364,1019
1630,1,Fast,0.3857596814632416,1336,1067
1631,1,Fast,0.8688567876815796,922,568
1631,1,Fast,0.8652136325836182,1021,932
1631,1,Fast,0.8099436163902283,859,846
1631,1,Fast,0.7823286652565002,989,408
1631,1,Fast,0.6361898183822632,873,398
1631,1,Fast,0.6222845315933228,863,488
1631,1,Fast,0.3450916111469269,1326,1061
1632,1,Fast,0.8757470846176147,1026,943
1632,1,Fast,0.8651120066642761,1348,998
1632,1,Fast,0.8606095910072327,924,574
1632,1,Fast,0.8169757127761841,859,846
1632,1,Fast,0.7451847195625305,988,406
1632,1,Fast,0.7446436285972595,874,402
1632,1,Fast,0.7429571151733398,1140,701
1632,1,Fast,0.554837703704834,1315,1052
1632,1,Fast,0.4936746060848236,865,491
1633,1,Fast,0.864697277545929,927,580
1633,1,Fast,0.8463889360427856,1031,956
1633,1,Fast,0.8062309622764587,858,846
1633,1,Fast,0.7605513334274292,987,404
1633,1,Fast,0.7368888258934021,874,404
1633,1,Fast,0.6748581528663635,1137,696
1633,1,Fast,0.6484318375587463,1339,988
1633,1,Fast,0.5576959252357483,1304,1047
1633,1,Fast,0.32396307587623596,867,495
1634,1,Fast,0.8604390621185303,929,586
1634,1,Fast,0.8403444290161133,1036,968
1634,1,Fast,0.7971441745758057,859,847
1634,1,Fast,0.796759843826294,987,402
1634,1,Fast,0.7261945009231567,1333,977
1634,1,Fast,0.6545816659927368,875,408
1634,1,Fast,0.6190804839134216,867,499
1635,1,Fast,0.8485265374183655,931,593
1635,1,Fast,0.8120276927947998,1044,982
1635,1,Fast,0.7919124364852905,859,847
1635,1,Fast,0.784203827381134,868,503
1635,1,Fast,0.7700902223587036,1325,967
1635,1,Fast,0.7470503449440002,985,399
1635,1,Fast,0.6656826734542847,1286,1022
1635,1,Fast,0.5478765368461609,876,411
1636,1,Fast,0.8666925430297852,934,598
1636,1,Fast,0.840731680393219,1049,994
1636,1,Fast,0.8098969459533691,870,506
1636,1,Fast,0.7918980717658997,859,847
1636,1,Fast,0.7706576585769653,1318,955
1636,1,Fast,0.7269124388694763,984,397
1636,1,Fast,0.6535535454750061,877,415
1636,1,Fast,0.40594083070755005,1280,1009
1636,1,Fast,0.35440731048583984,916,271
1637,1,Fast,0.8547099232673645,937,605
1637,1,Fast,0.8232923150062561,871,509
1637,1,Fast,0.7996909618377686,1269,996
1637,1,Fast,0.7882949113845825,859,847
1637,1,Fast,0.7759218215942383,878,418
1637,1,Fast,0.7633018493652344,1310,946
1637,1,Fast,0.5809745788574219,983,394
1637,1,Fast,0.5438268184661865,1055,1009
1638,1,Fast,0.8318925499916077,939,611
1638,1,Fast,0.8255035877227783,872,513
1638,1,Fast,0.7749295830726624,1303,936
1638,1,Fast,0.7537298202514648,878,421
1638,1,Fast,0.7478938698768616,859,847
1638,1,Fast,0.739996612071991,1262,984
1638,1,Fast,0.6424289345741272,1061,1024
1638,1,Fast,0.634851336479187,983,392
1638,1,Fast,0.39482876658439636,1536,1066
1639,1,Fast,0.8568509221076965,942,617
1639,1,Fast,0.8448822498321533,1254,973
1639,1,Fast,0.8201263546943665,873,517
1639,1,Fast,0.7640182375907898,859,847
1639,1,Fast,0.7368230223655701,879,424
1639,1,Fast,0.6573159098625183,1296,926
1639,1,Fast,0.5964756608009338,1525,1059
1639,1,Fast,0.5899598002433777,981,390
1640,1,Fast,0.8398873209953308,873,521
1640,1,Fast,0.8107339143753052,944,624
1640,1,Fast,0.7968006134033203,880,428
1640,1,Fast,0.7375061511993408,1249,964
1640,1,Fast,0.7324763536453247,980,387
1640,1,Fast,0.7137047052383423,859,848
1640,1,Fast,0.4798676073551178,1289,917
1641,1,Fast,0.8600167036056519,947,631
1641,1,Fast,0.8450261354446411,875,526
1641,1,Fast,0.81168532371521,881,431
1641,1,Fast,0.7947884202003479,1241,952
1641,1,Fast,0.7582130432128906,859,848
1641,1,Fast,0.6827448010444641,979,385
1642,1,Fast,0.8499351739883423,950,638
1642,1,Fast,0.8495040535926819,876,531
1642,1,Fast,0.8045775294303894,979,381
1642,1,Fast,0.7900846004486084,883,435
1642,1,Fast,0.7755643129348755,859,849
1642,1,Fast,0.6610620617866516,1234,941
1642,0,VRU,0.5194932222366333,1276,896
1642,1,Fast,0.4194152057170868,1096,1061
1643,1,Fast,0.8707495927810669,953,645
1643,1,Fast,0.858317494392395,877,535
1643,1,Fast,0.79888916015625,977,379
1643,1,Fast,0.7949965000152588,859,849
1643,1,Fast,0.7510300874710083,883,438
1643,1,Fast,0.46788185834884644,1227,929
1644,1,Fast,0.8722566366195679,955,652
1644,1,Fast,0.8021703362464905,878,539
1644,1,Fast,0.7963849902153015,977,377
1644,1,Fast,0.7905303239822388,859,848
1644,1,Fast,0.785027265548706,1220,918
1644,1,Fast,0.7805564999580383,885,442
1644,1,Fast,0.5940991640090942,1265,880
1645,1,Fast,0.8708248734474182,958,659
1645,1,Fast,0.810752809047699,860,848
1645,1,Fast,0.7851650714874268,880,544
1645,1,Fast,0.7669267058372498,886,446
1645,1,Fast,0.7630612850189209,976,376
1645,1,Fast,0.7263134121894836,1212,906
1646,1,Fast,0.8744896054267883,961,666
1646,1,Fast,0.8072523474693298,886,449
1646,1,Fast,0.8065483570098877,881,548
1646,1,Fast,0.7937341332435608,1204,895
1646,1,Fast,0.7530529499053955,859,849
1646,1,Fast,0.6990253329277039,975,374
1646,1,Fast,0.40857401490211487,870,388
1647,1,Fast,0.8845664262771606,964,675
1647,1,Fast,0.8298316597938538,883,552
1647,1,Fast,0.8168465495109558,1197,885
1647,1,Fast,0.8152479529380798,887,453
1647,1,Fast,0.7643203735351562,859,850
1647,1,Fast,0.6154869794845581,974,372
1647,1,Fast,0.5007615089416504,871,390
1648,1,Fast,0.8688950538635254,968,682
1648,1,Fast,0.860399603843689,1191,874
1648,1,Fast,0.85374516248703,885,557
1648,1,Fast,0.8445062637329102,888,457
1648,1,Fast,0.8039911389350891,859,850
1648,1,Fast,0.5829946994781494,872,393
1648,1,Fast,0.4824572205543518,973,369
1649,1,Fast,0.8754588961601257,971,690
1649,1,Fast,0.8434945940971375,886,561
1649,1,Fast,0.8175744414329529,859,850
1649,1,Fast,0.7753407955169678,890,460
1649,1,Fast,0.7667698860168457,1187,866
1649,1,Fast,0.5534722805023193,872,396
1650,1,Fast,0.8725417852401733,974,698
1650,1,Fast,0.8455532789230347,1179,856
1650,1,Fast,0.8276935815811157,888,565
1650,1,Fast,0.8216297626495361,860,850
1650,1,Fast,0.7145097851753235,891,464
1650,1,Fast,0.6710503101348877,873,400
1651,1,Fast,0.8760034441947937,978,707
1651,1,Fast,0.8465571999549866,889,570
1651,1,Fast,0.8449088335037231,1174,846
1651,1,Fast,0.8233428597450256,860,851
1651,1,Fast,0.6528922915458679,892,467
1651,1,Fast,0.4445153474807739,874,403
1652,1,Fast,0.8608500957489014,982,716
1652,1,Fast,0.86008620262146,1169,838
1652,1,Fast,0.8504005074501038,890,575
1652,1,Fast,0.8207316398620605,860,851
1652,1,Fast,0.6368644833564758,893,472
1652,1,Fast,0.5522348284721375,875,407
1653,1,Fast,0.873903751373291,986,724
1653,1,Fast,0.8597320914268494,892,580
1653,1,Fast,0.8443325757980347,1162,829
1653,1,Fast,0.8267582058906555,860,851
1653,1,Fast,0.7049670815467834,895,477
1653,1,Fast,0.5238584876060486,875,411
1653,1,Fast,0.496479332447052,969,358
1654,1,Fast,0.8739039897918701,989,733
1654,1,Fast,0.870232343673706,893,585
1654,1,Fast,0.8295201659202576,860,852
1654,1,Fast,0.8232492804527283,1158,821
1654,1,Fast,0.7676265835762024,896,481
1654,1,Fast,0.3048863708972931,1208,798
1655,1,Fast,0.8701918721199036,993,742
1655,1,Fast,0.8467541337013245,1153,812
1655,1,Fast,0.8424394130706787,894,590
1655,1,Fast,0.8308581113815308,860,852
1655,1,Fast,0.737048327922821,897,485
1655,1,Fast,0.585355818271637,968,354
1656,1,Fast,0.8759728670120239,998,751
1656,1,Fast,0.8380378484725952,897,595
1656,1,Fast,0.8353971838951111,860,853
1656,1,Fast,0.8202515840530396,1146,802
1656,1,Fast,0.8150856494903564,899,488
1656,1,Fast,0.7769305109977722,967,352
1656,1,Fast,0.5254964828491211,877,420
1657,1,Fast,0.8875378370285034,1002,760
1657,1,Fast,0.8385767936706543,860,853
1657,1,Fast,0.8340991139411926,1141,793
1657,1,Fast,0.8270673155784607,899,601
1657,1,Fast,0.8142167329788208,900,492
1657,1,Fast,0.7604464292526245,967,350
1658,1,Fast,0.8816118240356445,1007,770
1658,1,Fast,0.8579580783843994,1136,784
1658,1,Fast,0.8431953191757202,900,606
1658,1,Fast,0.8372410535812378,860,853
1658,1,Fast,0.8133397698402405,902,497
1658,1,Fast,0.738728404045105,965,347
1658,1,Fast,0.4213567078113556,879,426
1659,1,Fast,0.8738960027694702,1012,780
1659,1,Fast,0.841015636920929,902,611
1659,1,Fast,0.8391271233558655,1130,776
1659,1,Fast,0.8309783935546875,903,501
1659,1,Fast,0.8290014266967773,861,854
1659,1,Fast,0.6575650572776794,964,345
1659,1,Fast,0.4907699525356293,881,430
1660,1,Fast,0.8757895827293396,1016,790
1660,1,Fast,0.868871808052063,1124,768
1660,1,Fast,0.8648557662963867,904,615
1660,1,Fast,0.8367250561714172,904,505
1660,1,Fast,0.8020433187484741,860,854
1660,1,Fast,0.4173435866832733,964,343
1660,1,Fast,0.40065819025039673,881,434
1661,1,Fast,0.8748682737350464,1021,800
1661,1,Fast,0.8518574237823486,1120,762
1661,1,Fast,0.8445452451705933,905,510
1661,1,Fast,0.8377698659896851,906,620
1661,1,Fast,0.8194199800491333,861,855
1661,1,Fast,0.5824673771858215,993,438
1662,1,Fast,0.8719323873519897,1026,810
1662,1,Fast,0.8648459911346436,1116,754
1662,1,Fast,0.8490675091743469,907,516
1662,1,Fast,0.8488559722900391,908,626
1662,1,Fast,0.8402062058448792,861,855
1662,1,Fast,0.6036311388015747,883,442
1662,1,Fast,0.5565118193626404,991,436
1663,1,Fast,0.8783197402954102,1030,822
1663,1,Fast,0.8535633683204651,909,520
1663,1,Fast,0.8400978446006775,861,856
1663,1,Fast,0.8400497436523438,1112,746
1663,1,Fast,0.8391040563583374,909,633
1663,1,Fast,0.6021246314048767,963,337
1663,1,Fast,0.4990173876285553,884,445
1663,1,Fast,0.37841758131980896,990,433
1664,1,Fast,0.8810725212097168,1036,832
1664,1,Fast,0.8455859422683716,1107,739
1664,1,Fast,0.8362685441970825,861,857
1664,1,Fast,0.8300002217292786,911,526
1664,1,Fast,0.8158946633338928,911,638
1664,1,Fast,0.6931537985801697,884,449
1664,1,Fast,0.610404908657074,962,334
1665,1,Fast,0.8769335746765137,1041,844
1665,1,Fast,0.8490920066833496,913,645
1665,1,Fast,0.8468596339225769,912,529
1665,1,Fast,0.838792622089386,861,857
1665,1,Fast,0.8036702275276184,1103,731
1665,1,Fast,0.6851640939712524,962,334
1665,1,Fast,0.3715992569923401,886,452
1666,1,Fast,0.8814677000045776,1047,856
1666,1,Fast,0.850091278553009,915,650
1666,1,Fast,0.8403017520904541,861,858
1666,1,Fast,0.8346592783927917,914,534
1666,1,Fast,0.8312555551528931,1099,723
1666,1,Fast,0.6799997687339783,961,331
1666,1,Fast,0.6188265681266785,886,455
1667,1,Fast,0.8790973424911499,1052,868
1667,1,Fast,0.8450874090194702,917,656
1667,1,Fast,0.8410566449165344,1094,715
1667,1,Fast,0.8388340473175049,916,540
1667,1,Fast,0.8337834477424622,861,858
1667,1,Fast,0.711310863494873,889,459
1667,1,Fast,0.6770191788673401,960,328
1667,0,VRU,0.35595154762268066,1362,898
1668,1,Fast,0.8780708909034729,1059,880
1668,1,Fast,0.85797119140625,920,662
1668,1,Fast,0.8575572371482849,1089,708
1668,1,Fast,0.8369859457015991,918,544
1668,1,Fast,0.8299749493598938,862,858
1668,1,Fast,0.7286811470985413,960,327
1668,1,Fast,0.689041256904602,889,463
1668,1,Fast,0.37383028864860535,866,283
1669,1,Fast,0.8841537833213806,1065,892
1669,1,Fast,0.8574499487876892,1085,701
1669,1,Fast,0.8455597758293152,920,549
1669,1,Fast,0.8393529057502747,923,668
1669,1,Fast,0.83096843957901,862,859
1669,0,VRU,0.7050468325614929,1350,881
1669,1,Fast,0.6322578191757202,960,326
1669,1,Fast,0.5482252240180969,890,466
1669,1,Fast,0.4258066713809967,865,286
1670,1,Fast,0.8754916191101074,925,673
1670,1,Fast,0.8744081258773804,1071,905
1670,1,Fast,0.854564905166626,922,555
1670,1,Fast,0.851341187953949,1082,695
1670,1,Fast,0.8305596113204956,862,859
1670,0,VRU,0.7239895462989807,1344,874
1670,1,Fast,0.6782530546188354,892,471
1670,1,Fast,0.537190318107605,960,324
1670,1,Fast,0.3335544168949127,866,288
1671,1,Fast,0.8720305562019348,1077,918
1671,1,Fast,0.859535276889801,927,680
1671,1,Fast,0.8551254868507385,1077,688
1671,1,Fast,0.8469584584236145,923,560
1671,1,Fast,0.8304221630096436,862,860
1671,1,Fast,0.6789864301681519,893,476
1671,1,Fast,0.5650296807289124,959,323
1671,0,VRU,0.49288228154182434,1338,864
1672,1,Fast,0.8819037079811096,1084,931
1672,1,Fast,0.8601675629615784,929,685
1672,1,Fast,0.856372058391571,1074,681
1672,1,Fast,0.8436570167541504,925,566
1672,1,Fast,0.8352222442626953,863,861
1672,1,Fast,0.7411937117576599,894,480
1672,1,Fast,0.6744279265403748,1333,1066
1672,1,Fast,0.5448432564735413,959,321
1672,0,VRU,0.4112078547477722,1329,856
1672,1,Fast,0.304781973361969,979,408
1673,1,Fast,0.8834537267684937,1090,945
1673,1,Fast,0.8613765835762024,931,693
1673,1,Fast,0.8564956188201904,927,573
1673,1,Fast,0.8399016261100769,1071,676
1673,1,Fast,0.8300217390060425,863,861
1673,1,Fast,0.8088314533233643,895,484
1673,1,Fast,0.5729122757911682,1324,1058
1673,1,Fast,0.3908049762248993,978,406
1673,0,VRU,0.32469943165779114,1324,847
1674,1,Fast,0.8905768394470215,1097,957
1674,1,Fast,0.8616095185279846,934,699
1674,1,Fast,0.846517026424408,929,578
1674,1,Fast,0.8405245542526245,1068,670
1674,1,Fast,0.8345786333084106,863,862
1674,1,Fast,0.8007152676582336,897,488
1674,1,Fast,0.7912638783454895,1311,1051
1674,1,Fast,0.38153815269470215,977,403
1674,0,VRU,0.3558450937271118,1318,840
1675,1,Fast,0.8911076784133911,1104,972
1675,1,Fast,0.869304895401001,1297,1044
1675,1,Fast,0.8637478947639465,932,583
1675,1,Fast,0.8606399893760681,936,706
1675,1,Fast,0.8331336975097656,898,492
1675,1,Fast,0.8289093375205994,863,863
1675,1,Fast,0.8085973262786865,1064,664
1675,1,Fast,0.3581552505493164,975,401
1676,1,Fast,0.8883423805236816,1111,987
1676,1,Fast,0.8617972135543823,933,589
1676,1,Fast,0.8584946393966675,938,713
1676,1,Fast,0.833197832107544,1287,1031
1676,1,Fast,0.8298911452293396,863,863
1676,1,Fast,0.8074156045913696,900,497
1676,1,Fast,0.7094399929046631,1060,656
1677,1,Fast,0.8844525814056396,1278,1015
1677,1,Fast,0.8836948871612549,1120,1001
1677,1,Fast,0.8683350682258606,936,594
1677,1,Fast,0.8643417954444885,941,720
1677,1,Fast,0.8435809016227722,901,501
1677,1,Fast,0.8342465758323669,863,864
1677,1,Fast,0.7845564484596252,1057,651
1677,1,Fast,0.5556167960166931,957,313
1678,1,Fast,0.8878610730171204,1128,1017
1678,1,Fast,0.8819659948348999,1268,1002
1678,1,Fast,0.876012921333313,938,600
1678,1,Fast,0.8693897724151611,943,727
1678,1,Fast,0.8506875038146973,903,505
1678,1,Fast,0.8403254747390747,864,865
1678,1,Fast,0.8251051306724548,1054,645
1678,1,Fast,0.5766407251358032,956,310
1679,1,Fast,0.8933995366096497,1259,989
1679,1,Fast,0.8796562552452087,1136,1033
1679,1,Fast,0.8632363677024841,946,734
1679,1,Fast,0.8620389699935913,904,509
1679,1,Fast,0.8504127860069275,940,606
1679,1,Fast,0.8399367332458496,864,865
1679,1,Fast,0.8101142048835754,1051,639
1679,1,Fast,0.7623688578605652,955,308
1680,1,Fast,0.8905611038208008,1251,976
1680,1,Fast,0.8691526651382446,949,741
1680,1,Fast,0.85954350233078,1144,1046
1680,1,Fast,0.8498091697692871,944,612
1680,1,Fast,0.8475572466850281,905,514
1680,1,Fast,0.8408823609352112,864,866
1680,1,Fast,0.8403505682945251,1048,633
1680,1,Fast,0.7911707758903503,955,307
1681,1,Fast,0.894066572189331,1243,963
1681,1,Fast,0.8639222383499146,907,519
1681,1,Fast,0.8614610433578491,952,749
1681,1,Fast,0.8481547832489014,865,867
1681,1,Fast,0.8358049392700195,946,619
1681,1,Fast,0.8153360486030579,1044,627
1681,1,Fast,0.8012648224830627,1155,1054
1681,1,Fast,0.7753552794456482,955,306
1682,1,Fast,0.8888061046600342,1235,951
1682,1,Fast,0.8660732507705688,956,757
1682,1,Fast,0.8609341382980347,908,523
1682,1,Fast,0.8496949076652527,865,868
1682,1,Fast,0.8434511423110962,948,626
1682,1,Fast,0.8227018117904663,1042,622
1682,1,Fast,0.750888466835022,954,305
1682,1,Fast,0.6141325831413269,1168,1063
1683,1,Fast,0.893808126449585,1228,938
1683,1,Fast,0.8595689535140991,959,765
1683,1,Fast,0.8498993515968323,866,869
1683,1,Fast,0.8469713926315308,951,632
1683,1,Fast,0.8413878083229065,910,528
1683,1,Fast,0.8145192265510559,1039,616
1683,1,Fast,0.5297452211380005,955,304
1683,1,Fast,0.3474873900413513,1369,1047
1684,1,Fast,0.8858168125152588,1220,926
1684,1,Fast,0.8634274005889893,962,773
1684,1,Fast,0.8520136475563049,953,639
1684,1,Fast,0.8458245396614075,912,534
1684,1,Fast,0.8435402512550354,866,871
1684,1,Fast,0.8128844499588013,1035,612
1684,1,Fast,0.6085574626922607,954,302
1685,1,Fast,0.8944478034973145,1213,914
1685,1,Fast,0.8606420755386353,965,782
1685,1,Fast,0.8600265979766846,956,646
1685,1,Fast,0.8520949482917786,914,538
1685,1,Fast,0.8388723134994507,867,872
1685,1,Fast,0.8113317489624023,1033,608
1685,1,Fast,0.6653327941894531,1352,1025
1685,1,Fast,0.6282766461372375,953,301
1685,1,Fast,0.4262038767337799,1006,470
1686,1,Fast,0.8833944797515869,1206,902
1686,1,Fast,0.8630163669586182,968,790
1686,1,Fast,0.8626791834831238,959,653
1686,1,Fast,0.85204017162323,915,543
1686,1,Fast,0.828580915927887,867,872
1686,1,Fast,0.762711763381958,1030,602
1686,1,Fast,0.524838924407959,1343,1012
1686,1,Fast,0.4248521029949188,954,299
1687,1,Fast,0.8839453458786011,1200,891
1687,1,Fast,0.872072160243988,971,798
1687,1,Fast,0.8645710945129395,962,660
1687,1,Fast,0.8436001539230347,867,874
1687,1,Fast,0.8152864575386047,917,548
1687,1,Fast,0.6832688450813293,1027,596
1688,1,Fast,0.8877573013305664,975,806
1688,1,Fast,0.8709973096847534,1192,881
1688,1,Fast,0.855277955532074,919,553
1688,1,Fast,0.8541443347930908,965,667
1688,1,Fast,0.8388919830322266,868,875
1688,1,Fast,0.76010662317276,1024,591
1688,1,Fast,0.5833479762077332,1325,988
1688,2,Slow,0.3767525553703308,953,298
1689,1,Fast,0.8859544396400452,978,814
1689,1,Fast,0.8822520971298218,1186,870
1689,1,Fast,0.8613595366477966,968,674
1689,1,Fast,0.8606297373771667,921,559
1689,1,Fast,0.8371004462242126,868,876
1689,1,Fast,0.8055849671363831,1316,977
1689,1,Fast,0.7928428053855896,1023,585
1690,1,Fast,0.88956618309021,981,822
1690,1,Fast,0.8796800374984741,1179,859
1690,1,Fast,0.8593484163284302,923,564
1690,1,Fast,0.8579734563827515,971,682
1690,1,Fast,0.8565490245819092,1308,966
1690,1,Fast,0.8394025564193726,868,877
1690,1,Fast,0.8014236688613892,1020,579
1691,1,Fast,0.8902409672737122,985,830
1691,1,Fast,0.8870306611061096,1173,849
1691,1,Fast,0.8620557188987732,974,690
1691,1,Fast,0.855819821357727,925,570
1691,1,Fast,0.8518664240837097,1300,954
1691,1,Fast,0.8309365510940552,869,878
1691,1,Fast,0.8211258053779602,1018,575
1692,1,Fast,0.8956694602966309,989,839
1692,1,Fast,0.8820843696594238,1167,838
1692,1,Fast,0.8647570013999939,978,697
1692,1,Fast,0.8433467149734497,927,576
1692,1,Fast,0.8362777233123779,869,879
1692,1,Fast,0.8254393339157104,1310,1051
1692,1,Fast,0.8232870697975159,1292,943
1692,1,Fast,0.8152857422828674,1015,570
1692,1,Fast,0.4723464250564575,952,291
1693,1,Fast,0.8925372958183289,993,849
1693,1,Fast,0.8867422342300415,1160,828
1693,1,Fast,0.8697195649147034,1297,1044
1693,1,Fast,0.8652764558792114,981,706
1693,1,Fast,0.8557136654853821,929,581
1693,1,Fast,0.8498900532722473,870,880
1693,1,Fast,0.8229799270629883,1013,565
1693,1,Fast,0.7338089346885681,1286,932
1693,1,Fast,0.5313262343406677,951,290
1694,1,Fast,0.8873932361602783,1155,819
1694,1,Fast,0.8849943280220032,997,858
1694,1,Fast,0.8831665515899658,1279,922
1694,1,Fast,0.8660951852798462,984,714
1694,1,Fast,0.8570237159729004,931,588
1694,1,Fast,0.8569546937942505,870,881
1694,1,Fast,0.8388468027114868,1287,1031
1694,1,Fast,0.8162515163421631,1010,561
1695,1,Fast,0.8876529335975647,1001,868
1695,1,Fast,0.8819025754928589,1148,810
1695,1,Fast,0.8807990550994873,1277,1015
1695,1,Fast,0.8683050274848938,987,723
1695,1,Fast,0.8627898693084717,1272,911
1695,1,Fast,0.8595180511474609,870,882
1695,1,Fast,0.8399843573570251,934,593
1695,1,Fast,0.8060629963874817,1007,555
1695,1,Fast,0.7442049384117126,990,441
1695,1,Fast,0.5089869499206543,951,287
1696,1,Fast,0.8883289098739624,1006,880
1696,1,Fast,0.8828126192092896,1142,800
1696,1,Fast,0.8787230849266052,1267,1001
1696,1,Fast,0.8707175850868225,991,731
1696,1,Fast,0.8490408658981323,937,599
1696,1,Fast,0.8414127230644226,1265,901
1696,1,Fast,0.8353257775306702,870,883
1696,1,Fast,0.8159144520759583,1005,552
1696,1,Fast,0.5885517597198486,989,438
1696,1,Fast,0.5054116249084473,950,284
1697,1,Fast,0.8820787668228149,1010,891
1697,1,Fast,0.8781487345695496,1137,790
1697,1,Fast,0.8716487288475037,1259,989
1697,1,Fast,0.8563150763511658,994,739
1697,1,Fast,0.8428583145141602,1258,891
1697,1,Fast,0.8250181674957275,871,884
1697,1,Fast,0.8018051981925964,1003,547
1697,1,Fast,0.7737494111061096,939,605
1697,1,Fast,0.44504809379577637,864,232
1697,1,Fast,0.4414754807949066,863,264
1697,1,Fast,0.3217010498046875,950,284
1698,1,Fast,0.8816360235214233,1132,782
1698,1,Fast,0.8719533681869507,1014,900
1698,1,Fast,0.8703803420066833,1251,975
1698,1,Fast,0.8570222854614258,998,748
1698,1,Fast,0.8568699955940247,1251,881
1698,1,Fast,0.8278052806854248,872,885
1698,1,Fast,0.814750075340271,1001,542
1698,1,Fast,0.6962924003601074,942,610
1698,1,Fast,0.40204909443855286,864,234
1698,1,Fast,0.33763593435287476,843,397
1699,1,Fast,0.8826674818992615,1243,962
1699,1,Fast,0.8781553506851196,1244,871
1699,1,Fast,0.8755378723144531,1126,772
1699,1,Fast,0.8742936253547668,1018,912
1699,1,Fast,0.8629311323165894,1002,757
1699,1,Fast,0.8309131264686584,873,887
1699,1,Fast,0.8235663771629333,944,617
1699,1,Fast,0.8083532452583313,999,537
1699,1,Fast,0.40237629413604736,864,235
1699,1,Fast,0.38882648944854736,863,268
1699,1,Fast,0.37692275643348694,844,399
1700,1,Fast,0.8899747133255005,1237,862
1700,1,Fast,0.8778055310249329,1235,950
1700,1,Fast,0.8744052052497864,1022,921
1700,1,Fast,0.8742679357528687,1121,764
1700,1,Fast,0.8622103333473206,1006,766
1700,1,Fast,0.8343011736869812,874,888
1700,1,Fast,0.8139716386795044,997,533
1700,1,Fast,0.7642982602119446,946,623
1700,1,Fast,0.30494022369384766,870,358
1701,1,Fast,0.8877427577972412,1231,853
1701,1,Fast,0.8876413106918335,1027,930
1701,1,Fast,0.8876268267631531,1227,938
1701,1,Fast,0.8671060800552368,1116,755
1701,1,Fast,0.8655174374580383,1011,775
1701,1,Fast,0.8409989476203918,949,631
1701,1,Fast,0.8238193392753601,995,528
1701,1,Fast,0.8135947585105896,874,889
1701,1,Fast,0.31813398003578186,950,278
1702,1,Fast,0.896723210811615,1031,941
1702,1,Fast,0.8878739476203918,1225,844
1702,1,Fast,0.8786340951919556,1220,926
1702,1,Fast,0.8710770010948181,1015,785
1702,1,Fast,0.851382315158844,952,636
1702,1,Fast,0.8269858360290527,876,891
1702,1,Fast,0.8221079707145691,1112,746
1702,1,Fast,0.8201245665550232,993,523
1703,1,Fast,0.890516996383667,1037,952
1703,1,Fast,0.8812032341957092,1211,913
1703,1,Fast,0.8803348541259766,1019,795
1703,1,Fast,0.880196750164032,1218,835
1703,1,Fast,0.868425190448761,955,642
1703,1,Fast,0.8641842603683472,1107,739
1703,1,Fast,0.8313376903533936,876,891
1703,1,Fast,0.8288710713386536,992,520
1703,1,Fast,0.38274282217025757,872,365
1704,1,Fast,0.8982124328613281,1041,964
1704,1,Fast,0.8801828026771545,1204,902
1704,1,Fast,0.8781852126121521,1024,805
1704,1,Fast,0.8699427247047424,1213,827
1704,1,Fast,0.8686414957046509,957,650
1704,1,Fast,0.8531524538993835,877,894
1704,1,Fast,0.8253791332244873,1101,731
1704,1,Fast,0.8178867697715759,990,515
1704,1,Fast,0.37390372157096863,872,369
1705,1,Fast,0.9091507792472839,1047,976
1705,1,Fast,0.8754237294197083,1197,890
1705,1,Fast,0.8739233016967773,1028,814
1705,1,Fast,0.8608039021492004,960,657
1705,1,Fast,0.8491019010543823,1097,723
1705,1,Fast,0.8481675982475281,877,895
1705,1,Fast,0.811906635761261,1207,818
1705,1,Fast,0.7998645901679993,988,511
1705,1,Fast,0.38816043734550476,873,371
1705,1,Fast,0.38034170866012573,863,278
1706,1,Fast,0.9062583446502686,1053,988
1706,1,Fast,0.879051685333252,1033,825
1706,1,Fast,0.8748471140861511,1191,880
1706,1,Fast,0.8647206425666809,963,664
1706,1,Fast,0.8410499691963196,1202,809
1706,1,Fast,0.8368368148803711,1092,715
1706,1,Fast,0.8295151591300964,878,896
1706,1,Fast,0.8189452886581421,986,507
1706,1,Fast,0.6586279273033142,847,417
1706,1,Fast,0.5300944447517395,863,281
1706,1,Fast,0.5044118165969849,873,374
1707,1,Fast,0.9007039666175842,1059,1000
1707,1,Fast,0.8810243606567383,1184,869
1707,1,Fast,0.870857834815979,1038,836
1707,1,Fast,0.8573263883590698,966,670
1707,1,Fast,0.8564419150352478,878,898
1707,1,Fast,0.8562211394309998,1196,801
1707,1,Fast,0.8367141485214233,984,504
1707,1,Fast,0.7920823693275452,1088,706
1707,1,Fast,0.6165381669998169,863,282
1707,1,Fast,0.5937983989715576,874,377
1707,1,Fast,0.5305274724960327,847,419
1708,1,Fast,0.8919395804405212,1065,1013
1708,1,Fast,0.8736470937728882,1176,858
1708,1,Fast,0.8641581535339355,969,678
1708,1,Fast,0.8453511595726013,1042,846
1708,1,Fast,0.8352766036987305,982,500
1708,1,Fast,0.8314811587333679,879,899
1708,1,Fast,0.8220295906066895,1084,699
1708,1,Fast,0.7813488245010376,1192,792
1708,1,Fast,0.6224508285522461,848,422
1708,1,Fast,0.49561557173728943,975,407
1708,1,Fast,0.43848320841789246,863,285
1709,1,Fast,0.8900436758995056,1070,1026
1709,1,Fast,0.8807149529457092,1170,848
1709,1,Fast,0.8302938342094421,972,686
1709,1,Fast,0.8165758848190308,1080,693
1709,1,Fast,0.8111564517021179,1186,784
1709,1,Fast,0.7932608127593994,880,900
1709,1,Fast,0.7844951152801514,980,496
1709,1,Fast,0.7697965502738953,849,425
1709,1,Fast,0.7670984268188477,1048,857
1709,1,Fast,0.6101640462875366,973,405
1709,1,Fast,0.5935947895050049,863,286
1710,1,Fast,0.878953754901886,1164,837
1710,1,Fast,0.8729828000068665,1075,1038
1710,1,Fast,0.8652023077011108,1180,777
1710,1,Fast,0.8587973713874817,975,693
1710,1,Fast,0.8267732858657837,880,903
1710,1,Fast,0.8225968480110168,979,492
1710,1,Fast,0.8224112391471863,850,427
1710,1,Fast,0.7863723635673523,1075,686
1710,1,Fast,0.7457453608512878,1053,868
1710,1,Fast,0.6993635296821594,876,386
1710,1,Fast,0.544786274433136,863,288
1710,1,Fast,0.32255107164382935,972,402
1711,1,Fast,0.8872621655464172,1157,827
1711,1,Fast,0.8746298551559448,1175,769
1711,1,Fast,0.8586172461509705,1081,1046
1711,1,Fast,0.8527267575263977,979,701
1711,1,Fast,0.7627134919166565,851,431
1711,1,Fast,0.7544628381729126,1071,678
1711,1,Fast,0.7434149384498596,882,905
1711,1,Fast,0.725717306137085,1059,880
1711,1,Fast,0.5906906127929688,978,488
1711,1,Fast,0.5539820790290833,971,400
1711,1,Fast,0.3825094401836395,863,290
1711,1,Fast,0.3018476665019989,876,389
1712,1,Fast,0.8755229711532593,1169,761
1712,1,Fast,0.8732416033744812,1151,818
1712,1,Fast,0.8718727827072144,983,709
1712,1,Fast,0.8326495885848999,1065,892
1712,1,Fast,0.8294442892074585,882,906
1712,1,Fast,0.8160656094551086,1090,1053
1712,1,Fast,0.811543881893158,977,483
1712,1,Fast,0.7248831987380981,851,433
1712,1,Fast,0.6897988319396973,1068,672
1712,1,Fast,0.46378007531166077,970,398
1712,1,Fast,0.34338605403900146,863,292
1713,1,Fast,0.8838295936584473,1071,904
1713,1,Fast,0.8815269470214844,1165,754
1713,1,Fast,0.8812296390533447,1146,808
1713,1,Fast,0.8763650059700012,986,718
1713,1,Fast,0.81651771068573,975,480
1713,1,Fast,0.8155990839004517,883,908
1713,1,Fast,0.7186985015869141,851,435
1713,1,Fast,0.6172019839286804,1094,1060
1713,1,Fast,0.5940488576889038,968,395
1713,1,Fast,0.5701098442077637,1063,664
1713,1,Fast,0.40926966071128845,878,395
1714,1,Fast,0.8932314515113831,1077,917
1714,1,Fast,0.8786690831184387,990,725
1714,1,Fast,0.8677992820739746,1160,747
1714,1,Fast,0.8636202812194824,1140,799
1714,1,Fast,0.8260017037391663,974,477
1714,1,Fast,0.8189689517021179,1060,658
1714,1,Fast,0.8037580847740173,883,909
1714,1,Fast,0.7814081311225891,852,438
1714,1,Fast,0.5654890537261963,1105,1067
1714,1,Fast,0.3574678599834442,968,393
1715,1,Fast,0.8873191475868225,1083,929
1715,1,Fast,0.8754926323890686,1155,740
1715,1,Fast,0.8699609637260437,993,733
1715,1,Fast,0.8676587343215942,1135,789
1715,1,Fast,0.8388828635215759,884,910
1715,1,Fast,0.833044171333313,972,473
1715,1,Fast,0.8002002239227295,852,442
1715,1,Fast,0.7121989130973816,1056,651
1715,1,Fast,0.4530964195728302,880,402
1716,1,Fast,0.8794184327125549,1129,781
1716,1,Fast,0.8734848499298096,1151,733
1716,1,Fast,0.8733517527580261,997,741
1716,1,Fast,0.8715517520904541,1089,941
1716,1,Fast,0.8400835394859314,970,469
1716,1,Fast,0.8322941660881042,1052,645
1716,1,Fast,0.8207024931907654,885,912
1716,1,Fast,0.7200642228126526,853,444
1716,1,Fast,0.5525981783866882,837,392
1716,1,Fast,0.35678014159202576,881,406
1717,1,Fast,0.8752257227897644,1002,751
1717,1,Fast,0.869909405708313,1123,772
1717,1,Fast,0.8519928455352783,1096,954
1717,1,Fast,0.8447380065917969,1147,726
1717,1,Fast,0.8309747576713562,886,913
1717,1,Fast,0.8224267959594727,1049,639
1717,1,Fast,0.8185672163963318,968,465
1717,1,Fast,0.6144719123840332,853,446
1717,1,Fast,0.5398374199867249,1335,1068
1717,1,Fast,0.3374464511871338,882,409
1717,1,Fast,0.3177405297756195,1510,1066
1718,1,Fast,0.8766738176345825,1102,968
1718,1,Fast,0.8727318048477173,1117,763
1718,1,Fast,0.8719961047172546,1005,760
1718,1,Fast,0.8573195934295654,1046,633
1718,1,Fast,0.8414585590362549,966,462
1718,1,Fast,0.8391457796096802,1142,718
1718,1,Fast,0.8317286968231201,887,915
1718,1,Fast,0.6156968474388123,1328,1061
1718,1,Fast,0.5282394289970398,838,397
1718,1,Fast,0.4215801954269409,860,263
1719,1,Fast,0.8623534440994263,1010,769
1719,1,Fast,0.8619651794433594,1112,755
1719,1,Fast,0.8549839854240417,965,459
1719,1,Fast,0.8346313238143921,1043,627
1719,1,Fast,0.8246811628341675,1137,711
1719,1,Fast,0.8022266626358032,888,917
1719,1,Fast,0.716071605682373,855,453
1719,1,Fast,0.7097628712654114,1316,1053
1719,1,Fast,0.705639660358429,838,400
1719,1,Fast,0.5977468490600586,1109,982
1719,1,Fast,0.5749936103820801,883,416
1719,1,Fast,0.37155118584632874,964,381
1719,1,Fast,0.35498180985450745,864,306
1719,1,Fast,0.30311036109924316,943,309
1720,1,Fast,0.87640380859375,1134,704
1720,1,Fast,0.8689881563186646,1302,1046
1720,1,Fast,0.8648892045021057,1107,746
1720,1,Fast,0.8623162508010864,1014,779
1720,1,Fast,0.8552807569503784,964,456
1720,1,Fast,0.8114140629768372,889,918
1720,1,Fast,0.7311163544654846,1040,620
1720,1,Fast,0.6024641394615173,856,456
1720,1,Fast,0.5717612504959106,1117,997
1720,1,Fast,0.5320338606834412,964,379
1720,1,Fast,0.5206419825553894,864,308
1720,1,Fast,0.46884146332740784,943,307
1721,1,Fast,0.8758459091186523,1019,789
1721,1,Fast,0.8656842708587646,1102,738
1721,1,Fast,0.8655123710632324,1130,698
1721,1,Fast,0.8495520949363708,1293,1036
1721,1,Fast,0.8183594346046448,963,452
1721,1,Fast,0.8180634379386902,890,919
1721,1,Fast,0.8135817646980286,1037,615
1721,1,Fast,0.6621825695037842,857,459
1721,1,Fast,0.5731016993522644,865,310
1722,1,Fast,0.881246030330658,1284,1022
1722,1,Fast,0.8792299628257751,1125,693
1722,1,Fast,0.8725448846817017,1097,730
1722,1,Fast,0.872529923915863,1023,798
1722,1,Fast,0.8490978479385376,891,921
1722,1,Fast,0.8189487457275391,962,449
1722,1,Fast,0.7755287885665894,1033,609
1722,1,Fast,0.6402528285980225,858,462
1722,1,Fast,0.4732285737991333,1132,1026
1722,1,Fast,0.35771650075912476,865,312
1723,1,Fast,0.8884187340736389,1276,1010
1723,1,Fast,0.8808842897415161,1028,809
1723,1,Fast,0.8773220777511597,1121,687
1723,1,Fast,0.868496298789978,1093,722
1723,1,Fast,0.8672155141830444,891,922
1723,1,Fast,0.8218551278114319,961,444
1723,1,Fast,0.7341914176940918,1436,1020
1723,1,Fast,0.6597586870193481,1139,1040
1723,1,Fast,0.6508544087409973,859,464
1723,1,Fast,0.6350679993629456,1031,604
1723,1,Fast,0.6350259780883789,840,409
1723,1,Fast,0.5682482719421387,886,431
1724,1,Fast,0.8867877125740051,1032,819
1724,1,Fast,0.873019814491272,1267,997
1724,1,Fast,0.8600912094116211,1117,680
1724,1,Fast,0.8575476408004761,891,923
1724,1,Fast,0.8397441506385803,1089,714
1724,1,Fast,0.8172486424446106,960,442
1724,1,Fast,0.7952636480331421,860,468
1724,1,Fast,0.7061813473701477,887,435
1724,1,Fast,0.33969753980636597,841,411
1725,1,Fast,0.8882068991661072,1260,984
1725,1,Fast,0.879826009273529,1037,829
1725,1,Fast,0.8651568293571472,1113,674
1725,1,Fast,0.8459059000015259,892,925
1725,1,Fast,0.8396146297454834,1085,706
1725,1,Fast,0.8077959418296814,860,471
1725,1,Fast,0.8022432923316956,959,440
1726,1,Fast,0.8896199464797974,1252,972
1726,1,Fast,0.8724189400672913,1042,840
1726,1,Fast,0.8608933091163635,893,927
1726,1,Fast,0.8349683284759521,1080,700
1726,1,Fast,0.8239622712135315,1108,669
1726,1,Fast,0.731952428817749,958,436
1726,1,Fast,0.6781594157218933,1410,987
1726,1,Fast,0.3007866144180298,861,475
1727,1,Fast,0.8871184587478638,1245,961
1727,1,Fast,0.8855737447738647,1048,851
1727,1,Fast,0.8584705591201782,1076,692
1727,1,Fast,0.8533701300621033,1105,662
1727,1,Fast,0.8411394357681274,895,929
1727,1,Fast,0.773273229598999,957,434
1727,1,Fast,0.48210790753364563,1401,975
1727,1,Fast,0.4254858195781708,1018,580
1727,1,Fast,0.3072753846645355,862,478
1728,1,Fast,0.8847957849502563,1238,949
1728,1,Fast,0.8547683954238892,1053,862
1728,1,Fast,0.8421048521995544,1102,656
1728,1,Fast,0.828899085521698,1072,684
1728,1,Fast,0.8094841241836548,955,431
1728,1,Fast,0.8018367886543274,896,931
1728,1,Fast,0.789562463760376,1392,965
1728,1,Fast,0.7582429051399231,1016,575
1728,2,Slow,0.3219265341758728,841,420
1729,1,Fast,0.8814170360565186,1230,938
1729,1,Fast,0.857337474822998,1067,677
1729,1,Fast,0.8567820191383362,1098,650
1729,1,Fast,0.8491685390472412,1058,873
1729,1,Fast,0.8283145427703857,1012,570
1729,1,Fast,0.8054206371307373,896,933
1729,1,Fast,0.7288082838058472,955,428
1729,1,Fast,0.6856601238250732,1384,954
1729,2,Slow,0.5469950437545776,841,423
1729,1,Fast,0.3625119924545288,863,485
1730,1,Fast,0.8792612552642822,1223,927
1730,1,Fast,0.8750821352005005,1064,885
1730,1,Fast,0.8672579526901245,1063,671
1730,1,Fast,0.8625697493553162,1095,645
1730,1,Fast,0.8404344916343689,897,935
1730,1,Fast,0.784645140171051,1010,565
1730,1,Fast,0.6227479577064514,953,424
1730,2,Slow,0.5517687797546387,842,427
1730,1,Fast,0.5480753779411316,864,488
1730,1,Fast,0.4530859887599945,1377,946
1731,1,Fast,0.8768052458763123,1216,915
1731,1,Fast,0.8694151043891907,1070,897
1731,1,Fast,0.8445107340812683,1092,639
1731,1,Fast,0.8423791527748108,1060,664
1731,1,Fast,0.8099777102470398,897,936
1731,1,Fast,0.7908420562744141,1007,560
1731,1,Fast,0.7208266258239746,1370,935
1731,1,Fast,0.6589410901069641,951,423
1731,2,Slow,0.6345406770706177,842,429
1732,1,Fast,0.8749520182609558,1076,909
1732,1,Fast,0.8669010400772095,1210,904
1732,1,Fast,0.8457106947898865,1089,633
1732,1,Fast,0.7774259448051453,898,938
1732,1,Fast,0.7527080178260803,1004,555
1732,1,Fast,0.7518455386161804,1056,657
1732,1,Fast,0.6682458519935608,950,419
1732,2,Slow,0.5469669103622437,843,432
1732,1,Fast,0.5033034682273865,866,494
1732,1,Fast,0.48154526948928833,1362,925
1733,1,Fast,0.8770619630813599,1081,922
1733,1,Fast,0.8721799850463867,1203,894
1733,1,Fast,0.8517771363258362,899,940
1733,1,Fast,0.8427294492721558,1086,628
1733,1,Fast,0.802078127861023,949,416
1733,1,Fast,0.7923792004585266,1053,650
1733,1,Fast,0.7835533618927002,1003,550
1733,1,Fast,0.7296223044395447,1354,915
1733,1,Fast,0.666210949420929,868,498
1733,1,Fast,0.3600441813468933,954,351
1734,1,Fast,0.8893187046051025,1347,906
1734,1,Fast,0.8765203356742859,1088,934
1734,1,Fast,0.8733682036399841,1197,884
1734,1,Fast,0.8460778594017029,1000,545
1734,1,Fast,0.8387357592582703,1082,622
1734,1,Fast,0.8345191478729248,1049,643
1734,1,Fast,0.8251510858535767,948,412
1734,1,Fast,0.8213827013969421,899,941
1734,1,Fast,0.6462757587432861,868,501
1734,1,Fast,0.6331732869148254,954,350
1734,2,Slow,0.3296174705028534,848,437
1735,1,Fast,0.8881769776344299,1094,947
1735,1,Fast,0.8786056637763977,1189,874
1735,1,Fast,0.8491550087928772,1078,617
1735,1,Fast,0.8486126065254211,1339,896
1735,1,Fast,0.8159874677658081,846,439
1735,1,Fast,0.8046127557754517,948,409
1735,1,Fast,0.7884685397148132,1045,637
1735,1,Fast,0.7872586250305176,998,540
1735,1,Fast,0.7624948620796204,900,942
1735,1,Fast,0.7354108691215515,871,505
1735,1,Fast,0.3011956214904785,953,348
1736,1,Fast,0.8954195976257324,1101,960
1736,1,Fast,0.8648324012756348,1184,865
1736,1,Fast,0.8573695421218872,1075,613
1736,1,Fast,0.8519473075866699,1042,632
1736,1,Fast,0.8291860818862915,996,534
1736,1,Fast,0.7861437797546387,947,407
1736,1,Fast,0.7403771877288818,871,508
1736,1,Fast,0.6929340362548828,847,442
1736,1,Fast,0.6393913626670837,901,944
1736,1,Fast,0.5123456716537476,901,480
1736,1,Fast,0.46255388855934143,1333,887
1736,2,Slow,0.308840274810791,992,429
1737,1,Fast,0.8899140954017639,1108,974
1737,1,Fast,0.8774940371513367,1178,855
1737,1,Fast,0.8528984189033508,1072,608
1737,1,Fast,0.8046225309371948,993,530
1737,1,Fast,0.7443892955780029,872,512
1737,1,Fast,0.7010245323181152,947,404
1737,1,Fast,0.6046998500823975,1038,625
1737,1,Fast,0.5061208605766296,902,947
1737,2,Slow,0.3229791522026062,848,445
1738,1,Fast,0.8824860453605652,1172,845
1738,1,Fast,0.8786134123802185,1115,988
1738,1,Fast,0.8601003885269165,1069,603
1738,1,Fast,0.7652842998504639,991,525
1738,1,Fast,0.729465901851654,945,400
1738,1,Fast,0.7234777808189392,1035,619
1738,1,Fast,0.6793208122253418,1319,869
1738,1,Fast,0.6576524376869202,872,516
1738,1,Fast,0.554508626461029,903,949
1738,2,Slow,0.3806968927383423,848,448
1738,2,Slow,0.3122591972351074,989,423
1739,1,Fast,0.8717456459999084,1167,836
1739,1,Fast,0.8422285318374634,1122,1002
1739,1,Fast,0.8353928923606873,1066,598
1739,1,Fast,0.8110688924789429,988,521
1739,1,Fast,0.7598261833190918,1032,613
1739,1,Fast,0.693399965763092,873,520
1739,1,Fast,0.5802191495895386,944,397
1739,1,Fast,0.5446999669075012,904,951
1739,1,Fast,0.521354079246521,1313,861
1739,2,Slow,0.44190797209739685,849,451
1739,1,Fast,0.4002929925918579,869,353
1740,1,Fast,0.8779429793357849,1161,827
1740,1,Fast,0.8493286967277527,1063,593
1740,1,Fast,0.8167212009429932,986,517
1740,1,Fast,0.8166124224662781,1130,1018
1740,1,Fast,0.8078458309173584,874,523
1740,1,Fast,0.8014299869537354,906,953
1740,1,Fast,0.8012844324111938,1305,853
1740,1,Fast,0.7252383828163147,1028,607
1740,1,Fast,0.7161995768547058,942,394
1740,1,Fast,0.6888139843940735,906,499
1740,1,Fast,0.5467882752418518,870,355
1740,2,Slow,0.4158463180065155,849,454
1741,1,Fast,0.8480589389801025,1156,819
1741,1,Fast,0.8457562327384949,1026,602
1741,1,Fast,0.8274686932563782,1061,588
1741,1,Fast,0.8179218173027039,874,527
1741,1,Fast,0.8100804090499878,1299,845
1741,1,Fast,0.8062238693237305,907,955
1741,1,Fast,0.7978824377059937,1137,1033
1741,1,Fast,0.7978427410125732,984,513
1741,1,Fast,0.6831458210945129,908,504
1741,1,Fast,0.5978339910507202,941,392
1741,1,Fast,0.32681137323379517,870,358
1742,1,Fast,0.8639540672302246,1150,810
1742,1,Fast,0.8338727951049805,1022,596
1742,1,Fast,0.829664945602417,907,956
1742,1,Fast,0.8282233476638794,1059,583
1742,1,Fast,0.816980242729187,982,508
1742,1,Fast,0.7906711101531982,876,531
1742,1,Fast,0.784203052520752,1145,1044
1742,1,Fast,0.7603304982185364,1293,837
1742,1,Fast,0.7572513818740845,940,391
1742,1,Fast,0.5089032649993896,909,508
1743,1,Fast,0.8564662933349609,1056,579
1743,1,Fast,0.8386892676353455,1019,591
1743,1,Fast,0.8314947485923767,1146,800
1743,1,Fast,0.8303059935569763,908,957
1743,1,Fast,0.8291219472885132,980,504
1743,1,Fast,0.7269707322120667,877,535
1743,1,Fast,0.7108879089355469,940,388
1743,1,Fast,0.4091612994670868,1156,1051
1743,1,Fast,0.3191976547241211,1288,830
1743,1,Fast,0.3038199245929718,910,514
1744,1,Fast,0.8585947155952454,1141,791
1744,1,Fast,0.8454152345657349,909,959
1744,1,Fast,0.826375424861908,1017,585
1744,1,Fast,0.8262997269630432,978,500
1744,1,Fast,0.789412796497345,1054,574
1744,1,Fast,0.6047411561012268,912,518
1744,1,Fast,0.5940937399864197,850,464
1744,1,Fast,0.5090828537940979,878,538
1744,1,Fast,0.4957650899887085,948,331
1744,1,Fast,0.48083290457725525,871,367
1744,1,Fast,0.47129616141319275,940,384
1744,1,Fast,0.3270520567893982,1165,1059
1745,1,Fast,0.8662122488021851,910,961
1745,1,Fast,0.8544270992279053,1014,580
1745,1,Fast,0.845606803894043,1136,784
1745,1,Fast,0.819066047668457,1051,570
1745,1,Fast,0.7986301779747009,976,496
1745,1,Fast,0.7750419974327087,915,524
1745,1,Fast,0.734049916267395,938,382
1745,1,Fast,0.7002670168876648,852,469
1745,1,Fast,0.6285432577133179,880,543
1745,1,Fast,0.6137310862541199,1275,813
1745,1,Fast,0.5562418699264526,872,369
1745,1,Fast,0.5072864890098572,948,329
1746,1,Fast,0.8760771751403809,911,963
1746,1,Fast,0.8643332123756409,1011,575
1746,1,Fast,0.8421378135681152,1048,565
1746,1,Fast,0.8229598999023438,1268,805
1746,1,Fast,0.818030059337616,973,491
1746,1,Fast,0.7620343565940857,1131,775
1746,1,Fast,0.7267082929611206,916,528
1746,1,Fast,0.7228412628173828,938,378
1746,1,Fast,0.7050614953041077,872,373
1746,1,Fast,0.6948855519294739,881,547
1746,1,Fast,0.5144022107124329,947,327
1746,1,Fast,0.4953564703464508,811,409
1747,1,Fast,0.8826763033866882,912,965
1747,1,Fast,0.849702000617981,1045,560
1747,1,Fast,0.8451698422431946,1008,569
1747,1,Fast,0.8410854935646057,1126,767
1747,1,Fast,0.8373769521713257,971,487
1747,1,Fast,0.779850423336029,937,377
1747,1,Fast,0.7723078727722168,1263,798
1747,1,Fast,0.770533561706543,882,551
1747,1,Fast,0.7567545175552368,918,533
1747,1,Fast,0.6722270846366882,873,375
1747,1,Fast,0.6388436555862427,854,476
1747,1,Fast,0.6029637455940247,1281,1034
1747,1,Fast,0.3457034230232239,811,411
1748,1,Fast,0.8885918259620667,914,967
1748,1,Fast,0.8474915623664856,1006,564
1748,1,Fast,0.8400250673294067,1043,556
1748,1,Fast,0.8391515016555786,970,483
1748,1,Fast,0.8112317323684692,1257,791
1748,1,Fast,0.8098992705345154,1121,760
1748,1,Fast,0.7682723999023438,919,539
1748,1,Fast,0.7637540102005005,884,555
1748,1,Fast,0.7577117085456848,874,378
1748,1,Fast,0.7466067671775818,936,375
1748,1,Fast,0.5725785493850708,1273,1017
1748,1,Fast,0.45818936824798584,855,479
1748,1,Fast,0.31966274976730347,945,325
1749,1,Fast,0.8887876272201538,914,968
1749,1,Fast,0.8418901562690735,1040,551
1749,1,Fast,0.841404378414154,969,479
1749,1,Fast,0.8143903017044067,1003,558
1749,1,Fast,0.7923547029495239,1117,752
1749,1,Fast,0.7258298993110657,874,381
1749,1,Fast,0.7156035304069519,1253,783
1749,1,Fast,0.7128634452819824,885,559
1749,1,Fast,0.6581557989120483,936,372
1749,1,Fast,0.6495217084884644,921,544
1749,1,Fast,0.5911033153533936,1264,1005
1749,1,Fast,0.5113438963890076,811,416
1749,1,Fast,0.47284889221191406,843,396
1750,1,Fast,0.8865870237350464,916,970
1750,1,Fast,0.864664614200592,967,476
1750,1,Fast,0.8435925841331482,1038,548
1750,1,Fast,0.8119492530822754,1001,553
1750,1,Fast,0.7770949006080627,887,563
1750,1,Fast,0.7536450028419495,934,369
1750,1,Fast,0.7161608338356018,875,384
1750,1,Fast,0.7105607986450195,1113,745
1750,1,Fast,0.6574546694755554,1256,993
1750,1,Fast,0.51908278465271,843,398
1750,1,Fast,0.4490448236465454,811,418
1750,1,Fast,0.32363495230674744,856,486
1751,1,Fast,0.8704299926757812,917,972
1751,1,Fast,0.8572971224784851,964,472
1751,1,Fast,0.8338048458099365,999,548
1751,1,Fast,0.810389518737793,1036,543
1751,1,Fast,0.7866864800453186,1109,738
1751,1,Fast,0.6622728109359741,933,368
1751,1,Fast,0.6459790468215942,875,387
1751,1,Fast,0.6262460947036743,1249,980
1751,1,Fast,0.5771023035049438,844,401
1751,2,Slow,0.42121338844299316,857,489
1751,1,Fast,0.3406353294849396,1241,769
1752,1,Fast,0.8698493838310242,917,974
1752,1,Fast,0.8444406986236572,963,468
1752,1,Fast,0.8259985446929932,996,544
1752,1,Fast,0.800715446472168,1034,539
1752,1,Fast,0.7762256264686584,1241,968
1752,1,Fast,0.7279312610626221,926,560
1752,1,Fast,0.7158397436141968,1105,730
1752,1,Fast,0.704818069934845,890,572
1752,1,Fast,0.6098395586013794,876,389
1752,1,Fast,0.6075824499130249,1234,761
1752,1,Fast,0.5404409766197205,844,403
1752,1,Fast,0.5362488627433777,812,422
1752,1,Fast,0.5277115702629089,857,491
1752,1,Fast,0.5151885747909546,933,365
1753,1,Fast,0.8616809844970703,1230,755
1753,1,Fast,0.8434014916419983,919,976
1753,1,Fast,0.8363890051841736,891,575
1753,1,Fast,0.823664128780365,961,464
1753,1,Fast,0.8177347183227539,993,539
1753,1,Fast,0.812183678150177,1031,534
1753,1,Fast,0.7865228652954102,1100,722
1753,1,Fast,0.7763504385948181,1234,956
1753,1,Fast,0.733951985836029,928,565
1753,1,Fast,0.6983391046524048,813,425
1753,1,Fast,0.6356479525566101,877,392
1753,1,Fast,0.5957144498825073,844,407
1753,1,Fast,0.3443657159805298,933,363
1753,1,Fast,0.34048324823379517,857,494
1754,1,Fast,0.8593721985816956,892,580
1754,1,Fast,0.8550064563751221,1225,748
1754,1,Fast,0.8482301831245422,920,979
1754,1,Fast,0.8420500755310059,960,460
1754,1,Fast,0.8368790149688721,991,535
1754,1,Fast,0.8174858093261719,1029,531
1754,1,Fast,0.7911904454231262,1226,945
1754,1,Fast,0.7520193457603455,878,396
1754,1,Fast,0.7016968727111816,1097,715
1754,1,Fast,0.6913663148880005,812,427
1754,1,Fast,0.6590002775192261,845,409
1754,1,Fast,0.6303996443748474,858,498
1754,1,Fast,0.6131727695465088,933,361
1754,1,Fast,0.3862011730670929,930,571
1755,1,Fast,0.8740062713623047,921,980
1755,1,Fast,0.8646312952041626,893,584
1755,1,Fast,0.8390772938728333,989,530
1755,1,Fast,0.8302546143531799,1092,707
1755,1,Fast,0.830245316028595,958,456
1755,1,Fast,0.8262984752655029,1220,741
1755,1,Fast,0.8092839121818542,1027,526
1755,1,Fast,0.7994534969329834,878,399
1755,1,Fast,0.6747231483459473,844,411
1755,1,Fast,0.5894315838813782,859,501
1755,1,Fast,0.5459768176078796,1219,933
1755,1,Fast,0.4597070813179016,941,312
1755,1,Fast,0.43110135197639465,933,576
1756,1,Fast,0.8824816942214966,922,982
1756,1,Fast,0.8568978905677795,894,588
1756,1,Fast,0.8375632762908936,957,453
1756,1,Fast,0.8308804631233215,986,525
1756,1,Fast,0.8281910419464111,1089,700
1756,1,Fast,0.812868058681488,1025,523
1756,1,Fast,0.805569052696228,879,403
1756,1,Fast,0.7748889923095703,1215,735
1756,1,Fast,0.6823914647102356,935,582
1756,1,Fast,0.6722800135612488,861,504
1756,1,Fast,0.6652368307113647,1212,923
1756,1,Fast,0.6618109941482544,941,311
1756,1,Fast,0.6466158628463745,845,413
1756,1,Fast,0.5836706161499023,931,354
1757,1,Fast,0.868285596370697,924,984
1757,1,Fast,0.8498353958129883,896,593
1757,1,Fast,0.8325009346008301,937,587
1757,1,Fast,0.832359254360199,984,520
1757,1,Fast,0.8237965106964111,955,449
1757,1,Fast,0.7956323623657227,1210,727
1757,1,Fast,0.792943000793457,881,405
1757,1,Fast,0.7832373380661011,1086,694
1757,1,Fast,0.7794235348701477,941,309
1757,1,Fast,0.7781400680541992,1023,519
1757,1,Fast,0.7050232291221619,1438,1034
1757,1,Fast,0.669109582901001,930,353
1757,1,Fast,0.5761898756027222,1205,911
1757,1,Fast,0.5432451963424683,844,414
1757,1,Fast,0.46591946482658386,813,433
1757,2,Slow,0.391781747341156,862,508
1758,1,Fast,0.8837974667549133,926,986
1758,1,Fast,0.8510808944702148,983,516
1758,1,Fast,0.8491178154945374,954,445
1758,1,Fast,0.7976182699203491,941,307
1758,1,Fast,0.7936773300170898,898,598
1758,1,Fast,0.7913610339164734,1020,515
1758,1,Fast,0.7881394028663635,1081,687
1758,1,Fast,0.7828875780105591,881,409
1758,1,Fast,0.6265884041786194,1199,899
1758,1,Fast,0.4904610216617584,930,351
1758,2,Slow,0.4814491868019104,863,511
1758,1,Fast,0.4410771429538727,1206,721
1758,1,Fast,0.35783374309539795,844,416
1758,1,Fast,0.3038759231567383,845,420
1759,1,Fast,0.846805214881897,953,442
1759,1,Fast,0.8390291333198547,899,603
1759,1,Fast,0.8335217833518982,1077,681
1759,1,Fast,0.8242239952087402,927,988
1759,1,Fast,0.8216044902801514,981,512
1759,1,Fast,0.784347414970398,1019,511
1759,1,Fast,0.7715938687324524,940,306
1759,1,Fast,0.7350934147834778,882,413
1759,1,Fast,0.6024433374404907,1202,715
1759,1,Fast,0.35791414976119995,846,421
1759,1,Fast,0.3097909390926361,928,349
1760,1,Fast,0.8471344113349915,951,439
1760,1,Fast,0.8463518619537354,1074,675
1760,1,Fast,0.8393814563751221,979,507
1760,1,Fast,0.8014816045761108,901,607
1760,1,Fast,0.783579409122467,1016,507
1760,1,Fast,0.7831801176071167,1412,999
1760,1,Fast,0.764786958694458,1186,878
1760,1,Fast,0.6777290105819702,883,416
1760,1,Fast,0.6676396727561951,940,304
1760,1,Fast,0.6296256184577942,929,989
1760,2,Slow,0.5604180693626404,865,519
1760,1,Fast,0.5436971783638,1198,709
1760,1,Fast,0.4303278625011444,946,607
1760,1,Fast,0.3134671747684479,928,347
1761,1,Fast,0.843962550163269,903,612
1761,1,Fast,0.8391205668449402,977,502
1761,1,Fast,0.8193113207817078,1014,503
1761,1,Fast,0.8149760365486145,950,435
1761,1,Fast,0.8044753670692444,1403,988
1761,1,Fast,0.7902098894119263,1071,669
1761,1,Fast,0.6778852343559265,932,992
1761,1,Fast,0.6733601093292236,1181,868
1761,1,Fast,0.5771700739860535,884,420
1761,1,Fast,0.5703479647636414,1193,703
1761,1,Fast,0.4226861298084259,939,303
1762,1,Fast,0.8609902262687683,905,616
1762,1,Fast,0.838432252407074,1013,500
1762,1,Fast,0.8368641138076782,976,499
1762,1,Fast,0.8365000486373901,949,432
1762,1,Fast,0.8196841478347778,1069,663
1762,1,Fast,0.809351921081543,1395,976
1762,1,Fast,0.764626681804657,1189,697
1762,1,Fast,0.7371343374252319,867,526
1762,1,Fast,0.7367886304855347,931,994
1762,1,Fast,0.6280674934387207,885,423
1762,1,Fast,0.5724011659622192,939,302
1762,1,Fast,0.5446656346321106,1174,858
1762,2,Slow,0.39427703619003296,965,365
1762,1,Fast,0.3887353837490082,847,429
1762,1,Fast,0.3214019536972046,815,446
1763,1,Fast,0.852592945098877,1386,966
1763,1,Fast,0.8432486653327942,948,429
1763,1,Fast,0.8165786266326904,973,493
1763,1,Fast,0.8158584237098694,907,620
1763,1,Fast,0.8114420771598816,1011,496
1763,1,Fast,0.7836607694625854,933,996
1763,1,Fast,0.7320470809936523,1067,656
1763,1,Fast,0.7003017067909241,1168,849
1763,1,Fast,0.6419558525085449,886,427
1763,1,Fast,0.4513114094734192,939,300
1763,1,Fast,0.3587070405483246,1186,691
1763,2,Slow,0.3573077321052551,964,362
1764,1,Fast,0.8459732532501221,908,626
1764,1,Fast,0.8436158299446106,1010,492
1764,1,Fast,0.832638144493103,1380,956
1764,1,Fast,0.8259468078613281,972,490
1764,1,Fast,0.8245311975479126,946,426
1764,1,Fast,0.7785901427268982,934,999
1764,1,Fast,0.6888909935951233,956,634
1764,1,Fast,0.6781188249588013,1063,651
1764,1,Fast,0.6652045845985413,887,430
1764,1,Fast,0.5417793989181519,1162,840
1764,1,Fast,0.5121712684631348,849,436
1764,1,Fast,0.4912232756614685,869,535
1764,1,Fast,0.4213337302207947,1182,684
1764,1,Fast,0.38122856616973877,939,298
1764,2,Slow,0.340615838766098,963,359
1765,1,Fast,0.8579520583152771,909,631
1765,1,Fast,0.851186990737915,1008,488
1765,1,Fast,0.850742518901825,970,485
1765,1,Fast,0.8238510489463806,936,1001
1765,1,Fast,0.8134332895278931,946,423
1765,1,Fast,0.7506301999092102,888,434
1765,1,Fast,0.6740982532501221,1156,831
1765,1,Fast,0.6660527586936951,850,437
1765,1,Fast,0.5869982838630676,1373,945
1765,1,Fast,0.5617408156394958,1060,645
1765,1,Fast,0.5576738119125366,939,297
1765,2,Slow,0.47167637944221497,962,357
1765,1,Fast,0.43730807304382324,1177,678
1766,1,Fast,0.8449239134788513,912,636
1766,1,Fast,0.8407780528068542,1006,485
1766,1,Fast,0.8319011330604553,969,481
1766,1,Fast,0.8010944128036499,889,437
1766,1,Fast,0.7926273345947266,936,1004
1766,1,Fast,0.7384012937545776,1172,674
1766,1,Fast,0.7336575984954834,944,420
1766,1,Fast,0.7280423045158386,938,295
1766,1,Fast,0.6983824968338013,850,440
1766,1,Fast,0.6755066514015198,1057,639
1766,1,Fast,0.6080425977706909,962,647
1766,1,Fast,0.5304799675941467,1363,936
1766,1,Fast,0.47088128328323364,872,541
1766,1,Fast,0.44459208846092224,1150,821
1766,1,Fast,0.42333370447158813,926,333
1766,1,Fast,0.31762591004371643,818,457
1767,1,Fast,0.8513991832733154,1168,668
1767,1,Fast,0.851300835609436,913,642
1767,1,Fast,0.8451300859451294,966,478
1767,1,Fast,0.8293983340263367,890,442
1767,1,Fast,0.818296492099762,1005,481
1767,1,Fast,0.7959560751914978,937,1006
1767,1,Fast,0.7819511294364929,943,417
1767,1,Fast,0.7771839499473572,1356,927
1767,1,Fast,0.705846905708313,1054,633
1767,1,Fast,0.6242689490318298,851,443
1767,1,Fast,0.53694087266922,1145,812
1767,1,Fast,0.5293484330177307,925,331
1767,1,Fast,0.35122519731521606,965,655
1768,1,Fast,0.8612166047096252,964,474
1768,1,Fast,0.8462119102478027,1164,663
1768,1,Fast,0.8458797335624695,915,647
1768,1,Fast,0.8084822297096252,890,445
1768,1,Fast,0.808292806148529,941,413
1768,1,Fast,0.7941649556159973,1003,478
1768,1,Fast,0.7584934830665588,939,1009
1768,1,Fast,0.6187615394592285,852,445
1768,1,Fast,0.5377421975135803,937,292
1768,1,Fast,0.40927472710609436,925,330
1768,1,Fast,0.3759686350822449,868,368
1768,1,Fast,0.3609473705291748,968,663
1768,1,Fast,0.33222609758377075,1348,917
1768,1,Fast,0.31450825929641724,874,550
1769,1,Fast,0.8373937606811523,962,470
1769,1,Fast,0.8363202214241028,917,653
1769,1,Fast,0.8198421001434326,940,410
1769,1,Fast,0.8149713277816772,1341,907
1769,1,Fast,0.8053128123283386,892,450
1769,1,Fast,0.8018619418144226,1001,475
1769,1,Fast,0.7926880121231079,940,1012
1769,1,Fast,0.7522563338279724,1160,657
1769,1,Fast,0.7176240682601929,875,553
1769,1,Fast,0.5782611966133118,972,669
1769,1,Fast,0.5368692874908447,868,371
1769,1,Fast,0.49318927526474,852,448
1769,1,Fast,0.4895663559436798,820,464
1769,1,Fast,0.48081597685813904,937,291
1769,1,Fast,0.473251610994339,1048,624
1770,1,Fast,0.8575125336647034,1334,898
1770,1,Fast,0.8553850650787354,919,659
1770,1,Fast,0.8256483674049377,940,408
1770,1,Fast,0.8181061148643494,961,466
1770,1,Fast,0.8088215589523315,1000,472
1770,1,Fast,0.8056202530860901,877,557
1770,1,Fast,0.7938376665115356,893,453
1770,1,Fast,0.7543099522590637,941,1014
1770,1,Fast,0.7453600168228149,976,677
1770,1,Fast,0.6517112255096436,869,374
1770,1,Fast,0.600440502166748,1045,618
1770,1,Fast,0.47090578079223633,937,290
1770,1,Fast,0.3766931891441345,852,451
1770,1,Fast,0.3478732109069824,821,466
1770,1,Fast,0.31641238927841187,940,289
1771,1,Fast,0.8480129837989807,922,664
1771,1,Fast,0.824837327003479,998,469
1771,1,Fast,0.8193015456199646,894,457
1771,1,Fast,0.8049832582473755,879,561
1771,1,Fast,0.7991271615028381,960,463
1771,1,Fast,0.745665431022644,939,405
1771,1,Fast,0.7383103370666504,943,1018
1771,1,Fast,0.7357556819915771,870,377
1771,1,Fast,0.6312016248703003,1153,646
1771,1,Fast,0.6050038933753967,1042,613
1771,1,Fast,0.5821579694747925,821,469
1771,1,Fast,0.5713126063346863,937,288
1771,1,Fast,0.5691769123077393,853,454
1771,1,Fast,0.4355241358280182,978,684
1772,1,Fast,0.8490199446678162,924,670
1772,1,Fast,0.8037070035934448,959,459
1772,1,Fast,0.7998523712158203,895,461
1772,1,Fast,0.7966418266296387,997,466
1772,1,Fast,0.7950533628463745,937,402
1772,1,Fast,0.7743065357208252,1121,770
1772,1,Fast,0.747085452079773,879,565
1772,1,Fast,0.7282574772834778,870,380
1772,1,Fast,0.6769616603851318,1149,641
1772,1,Fast,0.6664698719978333,944,1020
1772,1,Fast,0.6061151027679443,854,459
1772,1,Fast,0.5305678844451904,1040,607
1772,1,Fast,0.5129727721214294,820,471
1772,1,Fast,0.47772976756095886,1321,881
1773,1,Fast,0.8616151213645935,926,676
1773,1,Fast,0.8466644287109375,1146,636
1773,1,Fast,0.8142057657241821,995,462
1773,1,Fast,0.8126652836799622,1116,761
1773,1,Fast,0.8054822087287903,936,399
1773,1,Fast,0.8025774955749512,957,455
1773,1,Fast,0.7916550636291504,897,465
1773,1,Fast,0.7789732813835144,946,1023
1773,1,Fast,0.7182228565216064,856,461
1773,1,Fast,0.6904433369636536,1038,602
1773,1,Fast,0.6762458682060242,870,383
1773,1,Fast,0.5783156156539917,1315,872
1773,1,Fast,0.5203792452812195,820,475
1774,1,Fast,0.8792967796325684,1143,632
1774,1,Fast,0.8635770678520203,928,681
1774,1,Fast,0.8338955640792847,882,574
1774,1,Fast,0.832262396812439,994,458
1774,1,Fast,0.8156338334083557,898,469
1774,1,Fast,0.8110641837120056,934,395
1774,1,Fast,0.8057396411895752,956,451
1774,1,Fast,0.7896715402603149,1112,754
1774,1,Fast,0.7576382160186768,856,464
1774,1,Fast,0.7561803460121155,947,1026
1774,1,Fast,0.7135575413703918,1307,862
1774,1,Fast,0.7101514935493469,870,386
1774,1,Fast,0.6524791121482849,1037,597
1774,1,Fast,0.5838193893432617,821,476
1774,1,Fast,0.5611763000488281,990,710
1775,1,Fast,0.8649682998657227,930,686
1775,1,Fast,0.8479982614517212,899,473
1775,1,Fast,0.8358607292175293,955,447
1775,1,Fast,0.8310934901237488,884,578
1775,1,Fast,0.8293719291687012,992,455
1775,1,Fast,0.8243409991264343,1140,627
1775,1,Fast,0.8109924793243408,934,392
1775,1,Fast,0.7897037863731384,1301,853
1775,1,Fast,0.787148654460907,949,1027
1775,1,Fast,0.7839903831481934,858,467
1775,1,Fast,0.77486252784729,993,719
1775,1,Fast,0.7567408084869385,1107,746
1775,1,Fast,0.7551110982894897,871,388
1775,1,Fast,0.6408106088638306,822,479
1775,1,Fast,0.6392382979393005,1034,592
1776,1,Fast,0.8709301948547363,931,692
1776,1,Fast,0.8594734072685242,885,582
1776,1,Fast,0.8517628908157349,953,444
1776,1,Fast,0.8483587503433228,1294,844
1776,1,Fast,0.8451912999153137,901,476
1776,1,Fast,0.8224089741706848,950,1030
1776,1,Fast,0.802734375,991,452
1776,1,Fast,0.8013354539871216,858,470
1776,1,Fast,0.7964377999305725,1137,622
1776,1,Fast,0.7929826378822327,871,391
1776,1,Fast,0.7835285067558289,997,728
1776,1,Fast,0.7311448454856873,933,390
1776,1,Fast,0.5587888360023499,1033,587
1776,1,Fast,0.5373424887657166,1103,739
1776,1,Fast,0.42986705899238586,822,482
1777,1,Fast,0.8774744868278503,934,698
1777,1,Fast,0.8512504696846008,952,440
1777,1,Fast,0.8420434594154358,902,481
1777,1,Fast,0.8408874869346619,886,587
1777,1,Fast,0.8364171385765076,932,386
1777,1,Fast,0.8236992955207825,872,395
1777,1,Fast,0.8204042315483093,951,1032
1777,1,Fast,0.8200818300247192,858,474
1777,1,Fast,0.7817584872245789,989,450
1777,1,Fast,0.7774088382720947,1288,837
1777,1,Fast,0.7228333950042725,822,486
1777,1,Fast,0.6780139207839966,1132,617
1777,1,Fast,0.6302861571311951,1001,736
1777,1,Fast,0.48704794049263,1030,582
1777,1,Fast,0.4500312805175781,936,280
1778,1,Fast,0.8744150400161743,936,705
1778,1,Fast,0.8621074557304382,903,485
1778,1,Fast,0.8521667718887329,952,1036
1778,1,Fast,0.8396356105804443,950,436
1778,1,Fast,0.828527569770813,873,397
1778,1,Fast,0.8277677893638611,932,384
1778,1,Fast,0.8141922354698181,988,446
1778,1,Fast,0.807969331741333,1283,830
1778,1,Fast,0.8019421696662903,887,591
1778,1,Fast,0.7849681973457336,858,476
1778,1,Fast,0.7638603448867798,1129,612
1778,1,Fast,0.5225257873535156,936,278
1778,1,Fast,0.3910888135433197,921,308
1778,1,Fast,0.3450073301792145,822,489
1778,1,Fast,0.34478044509887695,1028,575
1779,1,Fast,0.8741896152496338,904,489
1779,1,Fast,0.8726971745491028,938,711
1779,1,Fast,0.8596234321594238,1126,608
1779,1,Fast,0.8503406643867493,954,1038
1779,1,Fast,0.8472927808761597,949,434
1779,1,Fast,0.8406962752342224,888,595
1779,1,Fast,0.8261465430259705,987,443
1779,1,Fast,0.8085273504257202,874,401
1779,1,Fast,0.8074499368667603,931,382
1779,1,Fast,0.7538214921951294,859,480
1779,1,Fast,0.65060955286026,1025,571
1779,1,Fast,0.5974560379981995,1276,822
1779,1,Fast,0.5941244959831238,936,277
1779,1,Fast,0.4518512785434723,921,307
1779,1,Fast,0.41943567991256714,823,492
1779,1,Fast,0.3808659613132477,1011,755
1780,1,Fast,0.881487250328064,940,717
1780,1,Fast,0.8749512434005737,906,493
1780,1,Fast,0.8732366561889648,1123,603
1780,1,Fast,0.8622782826423645,948,430
1780,1,Fast,0.8573996424674988,955,1040
1780,1,Fast,0.8434402346611023,1271,814
1780,1,Fast,0.8384747505187988,986,441
1780,1,Fast,0.7917011976242065,859,483
1780,1,Fast,0.7768527865409851,875,405
1780,1,Fast,0.7342081069946289,930,379
1780,1,Fast,0.6106162667274475,936,275
1780,1,Fast,0.5787279009819031,842,397
1780,1,Fast,0.5775046348571777,823,495
1780,1,Fast,0.5171924829483032,921,305
1780,1,Fast,0.5141806602478027,1022,567
1780,1,Fast,0.4518638253211975,890,600
1781,1,Fast,0.8739491701126099,942,724
1781,1,Fast,0.865589439868927,907,498
1781,1,Fast,0.8584687113761902,1121,599
1781,1,Fast,0.8472546339035034,947,427
1781,1,Fast,0.8464745879173279,956,1042
1781,1,Fast,0.8348520994186401,985,438
1781,1,Fast,0.8037037253379822,860,487
1781,1,Fast,0.7935137748718262,1265,805
1781,2,Slow,0.708450198173523,876,407
1781,1,Fast,0.6606643199920654,930,377
1781,1,Fast,0.6344946622848511,824,498
1781,1,Fast,0.5689353346824646,920,304
1781,1,Fast,0.42577728629112244,936,274
1781,1,Fast,0.42021894454956055,954,328
1782,1,Fast,0.8767854571342468,1259,798
1782,1,Fast,0.8766506910324097,944,730
1782,1,Fast,0.8746400475502014,909,502
1782,1,Fast,0.8444544076919556,957,1043
1782,1,Fast,0.8338648676872253,893,610
1782,1,Fast,0.8287705183029175,946,424
1782,1,Fast,0.8035323619842529,983,436
1782,1,Fast,0.7919106483459473,1118,594
1782,1,Fast,0.788995623588562,861,490
1782,1,Fast,0.7303252220153809,826,501
1782,1,Fast,0.6795372366905212,936,273
1782,2,Slow,0.6767321825027466,876,411
1782,1,Fast,0.6664577722549438,1018,557
1782,1,Fast,0.635638415813446,920,302
1782,1,Fast,0.6129560470581055,928,375
1782,1,Fast,0.5566080212593079,1024,784
1782,1,Fast,0.4424748420715332,953,326
1783,1,Fast,0.8781130909919739,947,737
1783,1,Fast,0.8577096462249756,910,507
1783,1,Fast,0.8461670279502869,959,1045
1783,1,Fast,0.8416411876678467,1254,789
1783,1,Fast,0.7957170009613037,981,432
1783,1,Fast,0.7636800408363342,945,420
1783,1,Fast,0.7375320196151733,862,493
1783,1,Fast,0.7123111486434937,927,371
1783,1,Fast,0.6957694292068481,896,614
1783,1,Fast,0.6893078684806824,1114,589
1783,1,Fast,0.6356956362724304,1074,688
1783,1,Fast,0.545029878616333,936,271
1783,1,Fast,0.5275972485542297,843,404
1783,1,Fast,0.49955159425735474,876,414
1783,1,Fast,0.45220354199409485,827,503
1783,1,Fast,0.37780696153640747,920,300
1783,1,Fast,0.36760541796684265,1017,552
1784,1,Fast,0.8742154836654663,950,744
1784,1,Fast,0.8524375557899475,912,512
1784,1,Fast,0.8297249674797058,897,618
1784,1,Fast,0.817226231098175,944,417
1784,1,Fast,0.8170800805091858,961,1046
1784,1,Fast,0.7916519045829773,980,429
1784,1,Fast,0.7888491749763489,1111,585
1784,1,Fast,0.7622295022010803,927,369
1784,1,Fast,0.7200861573219299,877,417
1784,1,Fast,0.6841440796852112,1014,548
1784,1,Fast,0.6193914413452148,952,322
1784,1,Fast,0.6080259680747986,862,496
1784,1,Fast,0.5351620316505432,1247,782
1784,1,Fast,0.5063623189926147,1070,681
1784,1,Fast,0.4028577506542206,844,406
1784,1,Fast,0.32844266295433044,920,297
1785,1,Fast,0.8766168355941772,953,751
1785,1,Fast,0.8616074323654175,914,517
1785,1,Fast,0.8404917120933533,1107,581
1785,1,Fast,0.8354411125183105,942,413
1785,1,Fast,0.8192737102508545,978,426
1785,1,Fast,0.8170889616012573,1038,815
1785,1,Fast,0.8094632625579834,877,420
1785,1,Fast,0.8068808913230896,962,1048
1785,1,Fast,0.7743664979934692,1012,543
1785,1,Fast,0.7728951573371887,926,366
1785,1,Fast,0.660783052444458,864,500
1785,1,Fast,0.5633816123008728,1066,675
1785,1,Fast,0.4659811854362488,1241,776
1785,1,Fast,0.3992556929588318,844,409
1785,1,Fast,0.38877710700035095,898,625
1786,1,Fast,0.8837676048278809,956,758
1786,1,Fast,0.8687745928764343,915,521
1786,1,Fast,0.8501385450363159,1104,577
1786,1,Fast,0.8485244512557983,941,410
1786,1,Fast,0.8275795578956604,878,423
1786,1,Fast,0.796573281288147,977,424
1786,1,Fast,0.768753707408905,925,363
1786,1,Fast,0.7148969769477844,1010,538
1786,1,Fast,0.6942057013511658,1236,768
1786,1,Fast,0.6878542304039001,865,503
1786,1,Fast,0.6155510544776917,844,412
1786,1,Fast,0.5984171628952026,901,629
1786,1,Fast,0.4244602620601654,964,1049
1786,1,Fast,0.39098402857780457,1043,824
1787,1,Fast,0.8773632049560547,1102,573
1787,1,Fast,0.8738974332809448,959,765
1787,1,Fast,0.8728399276733398,918,527
1787,1,Fast,0.845248281955719,941,407
1787,1,Fast,0.8438679575920105,879,426
1787,1,Fast,0.794143557548523,1231,760
1787,1,Fast,0.7811053991317749,977,421
1787,1,Fast,0.7620400190353394,866,507
1787,1,Fast,0.761387288570404,1009,534
1787,1,Fast,0.605552613735199,925,360
1787,1,Fast,0.4884139895439148,845,414
1787,1,Fast,0.44724950194358826,965,1050
1787,1,Fast,0.37029924988746643,1047,835
1787,1,Fast,0.34442728757858276,902,635
1788,1,Fast,0.8781783580780029,961,771
1788,1,Fast,0.8676457405090332,919,531
1788,1,Fast,0.861230731010437,1226,753
1788,1,Fast,0.838806688785553,881,430
1788,1,Fast,0.8371559977531433,1100,568
1788,1,Fast,0.8074817657470703,903,638
1788,1,Fast,0.7880079746246338,940,405
1788,1,Fast,0.7731035947799683,976,418
1788,1,Fast,0.7344920039176941,924,357
1788,1,Fast,0.7299222946166992,868,510
1788,1,Fast,0.583867609500885,1008,530
1788,1,Fast,0.5744372010231018,967,1051
1789,1,Fast,0.8787364363670349,921,537
1789,1,Fast,0.8665418028831482,964,780
1789,1,Fast,0.8454412817955017,1222,747
1789,1,Fast,0.836169421672821,939,402
1789,1,Fast,0.8262240290641785,882,433
1789,1,Fast,0.8172381520271301,905,644
1789,1,Fast,0.8014129996299744,1098,564
1789,1,Fast,0.7776153683662415,923,354
1789,1,Fast,0.7734146118164062,975,415
1789,1,Fast,0.7680315375328064,868,514
1789,1,Fast,0.5803543925285339,1006,525
1789,1,Fast,0.5709996223449707,969,1053
1789,1,Fast,0.32741761207580566,846,419
1789,1,Fast,0.3185237646102905,919,289
1790,1,Fast,0.8571141362190247,967,788
1790,1,Fast,0.8552212715148926,923,542
1790,1,Fast,0.832648754119873,937,399
1790,1,Fast,0.8231260776519775,908,650
1790,1,Fast,0.7948204278945923,883,437
1790,1,Fast,0.7869798541069031,869,517
1790,1,Fast,0.7781994342803955,922,352
1790,1,Fast,0.7747595310211182,974,412
1790,1,Fast,0.7745367884635925,1094,559
1790,1,Fast,0.7649997472763062,1217,741
1790,1,Fast,0.6000487208366394,1004,521
1790,1,Fast,0.5446616411209106,971,1054
1790,1,Fast,0.479995459318161,918,288
1790,1,Fast,0.4300660192966461,847,420
1790,1,Fast,0.32899823784828186,934,261
1791,1,Fast,0.852610170841217,969,796
1791,1,Fast,0.8408467173576355,936,396
1791,1,Fast,0.8405529260635376,925,547
1791,1,Fast,0.8380793929100037,1091,555
1791,1,Fast,0.8278605341911316,883,439
1791,1,Fast,0.8038462400436401,922,349
1791,1,Fast,0.7984337210655212,871,520
1791,1,Fast,0.7976168394088745,973,410
1791,1,Fast,0.664422333240509,1002,517
1791,1,Fast,0.4555370807647705,973,1056
1791,1,Fast,0.41000527143478394,1211,734
1791,1,Fast,0.3837644159793854,847,423
1791,1,Fast,0.32233408093452454,918,287
1792,1,Fast,0.8675053119659424,973,803
1792,1,Fast,0.8597443103790283,927,552
1792,1,Fast,0.8387314081192017,1089,551
1792,1,Fast,0.8359329700469971,884,443
1792,1,Fast,0.8275771141052246,935,393
1792,1,Fast,0.8052523136138916,1207,726
1792,1,Fast,0.788969874382019,872,525
1792,1,Fast,0.7853642106056213,972,407
1792,1,Fast,0.7379124760627747,922,347
1792,1,Fast,0.7110669612884521,1001,513
1792,1,Fast,0.35683393478393555,947,309
1792,1,Fast,0.34938499331474304,911,660
1793,1,Fast,0.8692857027053833,976,811
1793,1,Fast,0.8605870008468628,930,558
1793,1,Fast,0.8045202493667603,872,529
1793,1,Fast,0.8023401498794556,913,665
1793,1,Fast,0.7949986457824707,885,447
1793,1,Fast,0.7562515735626221,1087,547
1793,1,Fast,0.7095740437507629,935,389
1793,1,Fast,0.6853416562080383,970,404
1793,1,Fast,0.6813786625862122,948,307
1793,1,Fast,0.6354774236679077,921,343
1793,1,Fast,0.567674994468689,1203,719
1793,1,Fast,0.5502141714096069,1001,509
1793,1,Fast,0.5159314870834351,934,258
1793,1,Fast,0.49231040477752686,917,284
1793,1,Fast,0.41544321179389954,854,427
1794,1,Fast,0.8748626112937927,979,819
1794,1,Fast,0.8625199198722839,932,563
1794,1,Fast,0.8545485138893127,915,670
1794,1,Fast,0.85084468126297,934,386
1794,1,Fast,0.8415244817733765,1198,713
1794,1,Fast,0.8173457980155945,873,533
1794,1,Fast,0.8070303201675415,1084,543
1794,1,Fast,0.7943664193153381,886,451
1794,1,Fast,0.7842046618461609,921,341
1794,1,Fast,0.6994555592536926,969,402
1794,1,Fast,0.654282808303833,999,506
1794,1,Fast,0.569793701171875,849,432
1794,1,Fast,0.5248813033103943,948,306
1794,1,Fast,0.5224853157997131,916,283
1794,1,Fast,0.3352530896663666,980,1059
1795,1,Fast,0.8809547424316406,934,569
1795,1,Fast,0.8776827454566956,982,826
1795,1,Fast,0.8583487272262573,917,676
1795,1,Fast,0.8519473075866699,933,383
1795,1,Fast,0.828086793422699,1194,707
1795,1,Fast,0.8238440752029419,874,536
1795,1,Fast,0.8120863437652588,888,455
1795,1,Fast,0.7955232858657837,1081,539
1795,1,Fast,0.7767999172210693,920,339
1795,1,Fast,0.7480475306510925,968,399
1795,1,Fast,0.5406506061553955,998,502
1795,1,Fast,0.38884055614471436,851,434
1795,1,Fast,0.31766682863235474,916,280
1796,1,Fast,0.8850063681602478,936,574
1796,1,Fast,0.8709895014762878,984,834
1796,1,Fast,0.8391894102096558,918,681
1796,1,Fast,0.8390589952468872,932,379
1796,1,Fast,0.8210872411727905,875,540
1796,1,Fast,0.8156106472015381,889,458
1796,1,Fast,0.7891178727149963,920,337
1796,1,Fast,0.7881978154182434,995,497
1796,1,Fast,0.7808009386062622,966,396
1796,1,Fast,0.77580326795578,1079,535
1796,1,Fast,0.40112581849098206,1190,700
1796,1,Fast,0.34318628907203674,851,438
1796,1,Fast,0.311720609664917,948,303
1797,1,Fast,0.8793110251426697,938,580
1797,1,Fast,0.8772276043891907,989,842
1797,1,Fast,0.8076796531677246,931,377
1797,1,Fast,0.8043930530548096,994,493
1797,1,Fast,0.8009226322174072,890,462
1797,1,Fast,0.796785831451416,1076,531
1797,1,Fast,0.7951477766036987,877,544
1797,1,Fast,0.792488694190979,966,394
1797,1,Fast,0.7831829190254211,919,335
1797,1,Fast,0.3408566117286682,920,688
1798,1,Fast,0.888215184211731,992,851
1798,1,Fast,0.8771408200263977,940,587
1798,1,Fast,0.815794050693512,993,490
1798,1,Fast,0.7721595764160156,965,392
1798,1,Fast,0.7720614075660706,891,466
1798,1,Fast,0.7699011564254761,1074,528
1798,1,Fast,0.7505738139152527,919,332
1798,1,Fast,0.7028420567512512,922,694
1798,1,Fast,0.691865086555481,930,374
1798,1,Fast,0.6871129274368286,878,548
1798,1,Fast,0.5863997936248779,854,444
1798,1,Fast,0.581200361251831,1180,689
1798,1,Fast,0.3301423192024231,916,275
1799,1,Fast,0.8931106925010681,996,859
1799,1,Fast,0.864953875541687,943,593
1799,1,Fast,0.835243284702301,892,469
1799,1,Fast,0.7919282913208008,992,486
1799,1,Fast,0.7457952499389648,924,699
1799,1,Fast,0.7386016845703125,930,372
1799,1,Fast,0.684807300567627,879,551
1799,1,Fast,0.6553432941436768,918,331
1799,1,Fast,0.6053395867347717,1176,682
1799,1,Fast,0.5804997682571411,964,390
1799,1,Fast,0.5605308413505554,1072,524
1799,1,Fast,0.4825831651687622,916,274
1800,1,Fast,0.8904809355735779,1000,868
1800,1,Fast,0.874868631362915,946,599
1800,1,Fast,0.8548484444618225,894,474
1800,1,Fast,0.7894201874732971,963,387
1800,1,Fast,0.770596444606781,990,482
1800,1,Fast,0.7504288554191589,926,706
1800,1,Fast,0.7075405120849609,1172,676
1800,1,Fast,0.7002886533737183,881,555
1800,1,Fast,0.6616020202636719,918,328
1800,1,Fast,0.6368391513824463,929,369
1800,1,Fast,0.576518177986145,855,450
1800,1,Fast,0.5436697006225586,916,273
1800,1,Fast,0.47283321619033813,1069,520
1801,1,Fast,0.8898600935935974,1003,878
1801,1,Fast,0.8691859245300293,949,605
1801,1,Fast,0.8139441609382629,896,478
1801,1,Fast,0.8059879541397095,928,367
1801,1,Fast,0.8035703301429749,1067,516
1801,1,Fast,0.7993043661117554,882,559
1801,1,Fast,0.7870132923126221,1168,670
1801,1,Fast,0.7868055701255798,962,384
1801,1,Fast,0.7688248753547668,988,479
1801,1,Fast,0.7679170370101929,917,327
1801,1,Fast,0.5465060472488403,928,713
1802,1,Fast,0.885701596736908,1007,888
1802,1,Fast,0.8750585317611694,952,612
1802,1,Fast,0.8372299671173096,987,475
1802,1,Fast,0.836175262928009,897,482
1802,1,Fast,0.7968823313713074,1164,664
1802,1,Fast,0.7915943264961243,883,562
1802,1,Fast,0.7797021269798279,961,382
1802,1,Fast,0.7720493674278259,928,364
1802,1,Fast,0.7582421898841858,917,325
1802,1,Fast,0.5822498202323914,1064,513
1802,1,Fast,0.3130439221858978,838,560
1803,1,Fast,0.8886906504631042,1011,897
1803,1,Fast,0.8715160489082336,954,619
1803,1,Fast,0.8437809944152832,898,487
1803,1,Fast,0.8321325182914734,985,472
1803,1,Fast,0.8158566355705261,884,567
1803,1,Fast,0.8099081516265869,933,725
1803,1,Fast,0.7768926620483398,927,361
1803,1,Fast,0.7571764588356018,961,380
1803,1,Fast,0.741600751876831,916,322
1803,1,Fast,0.6543879508972168,1062,509
1804,1,Fast,0.8796926140785217,957,626
1804,1,Fast,0.8680225610733032,1014,908
1804,1,Fast,0.8536322116851807,936,732
1804,1,Fast,0.833663821220398,900,491
1804,1,Fast,0.8311578035354614,885,573
1804,1,Fast,0.8146485686302185,985,469
1804,1,Fast,0.8033480048179626,927,357
1804,1,Fast,0.7687897682189941,1061,506
1804,1,Fast,0.718792200088501,916,321
1804,1,Fast,0.6243395805358887,960,377
1804,1,Fast,0.5845212936401367,840,567
1804,1,Fast,0.5793665647506714,1156,654
1805,1,Fast,0.8779435157775879,1018,917
1805,1,Fast,0.873668372631073,960,632
1805,1,Fast,0.8667980432510376,939,738
1805,1,Fast,0.8394624590873718,901,495
1805,1,Fast,0.8291845321655273,886,578
1805,1,Fast,0.8128972053527832,927,355
1805,1,Fast,0.7819702625274658,984,466
1805,1,Fast,0.7035951614379883,1059,502
1805,1,Fast,0.6900114417076111,916,318
1805,1,Fast,0.6449196338653564,1153,649
1805,1,Fast,0.5890188813209534,861,465
1805,1,Fast,0.45062878727912903,1009,563
1805,1,Fast,0.44261297583580017,958,375
1805,1,Fast,0.34153831005096436,916,265
1806,1,Fast,0.8838582038879395,1022,927
1806,1,Fast,0.8754619359970093,962,639
1806,1,Fast,0.8585000038146973,941,744
1806,1,Fast,0.849359929561615,888,582
1806,1,Fast,0.8323931694030762,903,498
1806,1,Fast,0.8170792460441589,982,462
1806,1,Fast,0.816317081451416,926,353
1806,1,Fast,0.7310559153556824,1006,558
1806,1,Fast,0.7163988351821899,915,316
1806,1,Fast,0.6908923983573914,842,573
1806,1,Fast,0.6836593747138977,1056,498
1806,1,Fast,0.6060026288032532,958,372
1806,1,Fast,0.5457718372344971,1149,642
1806,1,Fast,0.525990903377533,861,467
1806,1,Fast,0.33636000752449036,944,287
1807,1,Fast,0.8817555904388428,965,646
1807,1,Fast,0.8783425688743591,1026,935
1807,1,Fast,0.8580074906349182,944,752
1807,1,Fast,0.8378305435180664,889,586
1807,1,Fast,0.8282387852668762,904,503
1807,1,Fast,0.822406530380249,981,459
1807,1,Fast,0.81939297914505,925,350
1807,1,Fast,0.7880256772041321,1055,495
1807,1,Fast,0.7119997143745422,915,314
1807,1,Fast,0.7049129605293274,843,577
1807,1,Fast,0.6456825733184814,943,285
1807,1,Fast,0.5938650965690613,957,370
1807,1,Fast,0.58949875831604,1005,554
1807,1,Fast,0.40333089232444763,916,261
1808,1,Fast,0.8925315737724304,1030,945
1808,1,Fast,0.8825944066047668,968,653
1808,1,Fast,0.8616076111793518,946,758
1808,1,Fast,0.8457407355308533,890,591
1808,1,Fast,0.837165355682373,980,456
1808,1,Fast,0.8221144080162048,906,508
1808,1,Fast,0.8043957352638245,925,348
1808,1,Fast,0.7842538356781006,1052,492
1808,1,Fast,0.7165952920913696,844,580
1808,1,Fast,0.6932933330535889,914,312
1808,1,Fast,0.6741049885749817,956,368
1808,1,Fast,0.5210677981376648,1142,632
1808,1,Fast,0.4825381934642792,1002,549
1808,1,Fast,0.32081112265586853,915,260
1809,1,Fast,0.8938505053520203,1035,955
1809,1,Fast,0.8719750046730042,971,661
1809,1,Fast,0.8425289988517761,907,513
1809,1,Fast,0.842220664024353,892,596
1809,1,Fast,0.8254671692848206,949,765
1809,1,Fast,0.8226172924041748,979,453
1809,1,Fast,0.7692254781723022,956,365
1809,1,Fast,0.7315592765808105,1051,488
1809,1,Fast,0.7151147723197937,925,345
1809,1,Fast,0.6628482937812805,914,310
1809,1,Fast,0.5921292304992676,844,584
1809,1,Fast,0.3443955183029175,915,259
1810,1,Fast,0.8932605385780334,1039,965
1810,1,Fast,0.8660909533500671,975,669
1810,1,Fast,0.8186275362968445,909,517
1810,1,Fast,0.8097703456878662,952,774
1810,1,Fast,0.8073286414146423,978,448
1810,1,Fast,0.7905557155609131,924,342
1810,1,Fast,0.7852144837379456,893,600
1810,1,Fast,0.7761440873146057,1048,486
1810,1,Fast,0.7562461495399475,955,363
1810,1,Fast,0.5940242409706116,914,308
1810,1,Fast,0.48925352096557617,915,256
1810,1,Fast,0.3734847605228424,943,281
1811,1,Fast,0.899051308631897,1044,976
1811,1,Fast,0.8815847039222717,978,677
1811,1,Fast,0.8370038866996765,977,446
1811,1,Fast,0.8179740905761719,1047,482
1811,1,Fast,0.8077870607376099,923,340
1811,1,Fast,0.7581170201301575,911,523
1811,1,Fast,0.751593291759491,955,781
1811,1,Fast,0.6653358340263367,954,360
1811,1,Fast,0.46735718846321106,914,305
1811,1,Fast,0.43330177664756775,895,605
1811,1,Fast,0.3158336281776428,996,534
1812,1,Fast,0.8917652368545532,1050,988
1812,1,Fast,0.872097373008728,981,685
1812,1,Fast,0.8665157556533813,956,789
1812,1,Fast,0.8304228782653809,976,442
1812,1,Fast,0.8092761039733887,923,338
1812,1,Fast,0.8084573745727539,912,528
1812,1,Fast,0.7651017904281616,954,358
1812,1,Fast,0.7581404447555542,1045,479
1812,1,Fast,0.6919975876808167,994,529
1812,1,Fast,0.5809144377708435,913,303
1812,1,Fast,0.5300260186195374,915,254
1812,1,Fast,0.498105525970459,897,610
1813,1,Fast,0.8934916257858276,1055,998
1813,1,Fast,0.8786770105361938,985,693
1813,1,Fast,0.8505347967147827,960,796
1813,1,Fast,0.823613166809082,975,439
1813,1,Fast,0.7953586578369141,922,335
1813,1,Fast,0.7625591158866882,953,356
1813,1,Fast,0.6183281540870667,1043,475
1813,1,Fast,0.6044319868087769,914,532
1813,1,Fast,0.5983646512031555,913,301
1813,1,Fast,0.5763193964958191,991,525
1813,1,Fast,0.5409939885139465,899,614
1813,1,Fast,0.5014538764953613,915,253
1814,1,Fast,0.8851332664489746,1060,1011
1814,1,Fast,0.8790882229804993,988,701
1814,1,Fast,0.8425655364990234,963,805
1814,1,Fast,0.7855679392814636,922,332
1814,1,Fast,0.7848211526870728,974,436
1814,1,Fast,0.7450796961784363,900,619
1814,1,Fast,0.6925289034843445,1041,472
1814,1,Fast,0.6846739053726196,990,522
1814,1,Fast,0.6616184711456299,952,353
1814,1,Fast,0.5294225811958313,914,252
1814,1,Fast,0.456875205039978,913,300
1814,1,Fast,0.33528536558151245,917,537
1815,1,Fast,0.8834891319274902,1065,1022
1815,1,Fast,0.8773006200790405,992,709
1815,1,Fast,0.8206483125686646,973,433
1815,1,Fast,0.8078283667564392,952,351
1815,1,Fast,0.7383957505226135,966,811
1815,1,Fast,0.7308927774429321,922,330
1815,1,Fast,0.7234453558921814,901,623
1815,1,Fast,0.6050588488578796,1040,469
1815,1,Fast,0.6036306619644165,912,297
1815,1,Fast,0.5371443033218384,988,517
1815,1,Fast,0.5287491679191589,918,543
1816,1,Fast,0.8744556903839111,996,718
1816,1,Fast,0.8610132932662964,1070,1034
1816,1,Fast,0.8324142694473267,972,430
1816,1,Fast,0.7957358956336975,951,350
1816,1,Fast,0.7872263193130493,968,819
1816,1,Fast,0.7810395359992981,922,327
1816,1,Fast,0.7140989303588867,1038,467
1816,1,Fast,0.7119510173797607,904,630
1816,1,Fast,0.6465693712234497,912,295
1816,1,Fast,0.6151145100593567,920,547
1816,1,Fast,0.5985986590385437,986,513
1817,1,Fast,0.8755528330802917,1000,726
1817,1,Fast,0.8719131350517273,973,827
1817,1,Fast,0.8480823636054993,1075,1043
1817,1,Fast,0.8373761177062988,905,635
1817,1,Fast,0.8289049863815308,971,427
1817,1,Fast,0.7820281386375427,922,326
1817,1,Fast,0.7807656526565552,950,348
1817,1,Fast,0.6690980195999146,922,552
1817,1,Fast,0.6422297954559326,912,294
1817,1,Fast,0.5788983106613159,983,510
1817,1,Fast,0.3913841247558594,1036,464
1818,1,Fast,0.8731098175048828,1004,736
1818,1,Fast,0.8700988292694092,976,836
1818,1,Fast,0.8233492374420166,971,424
1818,1,Fast,0.7933477759361267,921,324
1818,1,Fast,0.7911603450775146,907,641
1818,1,Fast,0.7281234860420227,950,346
1818,1,Fast,0.7137278914451599,1082,1050
1818,1,Fast,0.6902851462364197,911,293
1818,1,Fast,0.673717200756073,924,558
1818,1,Fast,0.652552604675293,982,505
1818,1,Fast,0.5092798471450806,1035,461
1818,1,Fast,0.5029181838035583,853,617
1818,1,Fast,0.31674304604530334,871,508
1819,1,Fast,0.8686747550964355,1008,745
1819,1,Fast,0.8391445279121399,979,845
1819,1,Fast,0.8360995054244995,909,646
1819,1,Fast,0.814825177192688,970,422
1819,1,Fast,0.8063450455665588,920,322
1819,1,Fast,0.7405307292938232,980,501
1819,1,Fast,0.7008303999900818,949,343
1819,1,Fast,0.6971518397331238,911,290
1819,1,Fast,0.6384217739105225,854,620
1819,1,Fast,0.5557905435562134,1090,1056
1819,1,Fast,0.5151095986366272,926,563
1819,1,Fast,0.32119277119636536,1033,458
1820,1,Fast,0.8697389960289001,1013,754
1820,1,Fast,0.8441095352172852,910,651
1820,1,Fast,0.8264926671981812,982,853
1820,1,Fast,0.7961979508399963,969,419
1820,1,Fast,0.7921271324157715,948,341
1820,1,Fast,0.7853966355323792,929,569
1820,1,Fast,0.7165937423706055,920,319
1820,1,Fast,0.6824881434440613,911,289
1820,1,Fast,0.5150525569915771,979,497
1820,1,Fast,0.4711279273033142,855,623
1820,1,Fast,0.37922996282577515,1094,1063
1821,1,Fast,0.8784797191619873,1017,765
1821,1,Fast,0.8413415551185608,968,416
1821,1,Fast,0.8322270512580872,912,656
1821,1,Fast,0.8116541504859924,947,339
1821,1,Fast,0.7935487627983093,985,862
1821,1,Fast,0.7845723628997803,978,493
1821,1,Fast,0.6966516375541687,920,317
1821,1,Fast,0.6584711074829102,911,287
1821,1,Fast,0.6067661046981812,1030,451
1821,2,Slow,0.4815058410167694,931,575
1821,1,Fast,0.46176639199256897,931,575
1821,1,Fast,0.44892993569374084,855,626
1821,1,Fast,0.30160605907440186,1105,1069
1822,1,Fast,0.8478111624717712,967,413
1822,1,Fast,0.8239808678627014,915,662
1822,1,Fast,0.8111159205436707,976,489
1822,1,Fast,0.8044548034667969,1021,775
1822,1,Fast,0.7850469946861267,947,337
1822,2,Slow,0.7146588563919067,933,580
1822,1,Fast,0.6868982315063477,919,315
1822,1,Fast,0.6616703867912292,910,285
1822,1,Fast,0.6599695086479187,856,631
1822,1,Fast,0.40904492139816284,933,580
1822,2,Slow,0.38888019323349,990,872
1823,1,Fast,0.8602927327156067,1026,784
1823,1,Fast,0.8464324474334717,966,410
1823,1,Fast,0.8408622145652771,974,485
1823,1,Fast,0.7877086400985718,936,586
1823,1,Fast,0.7839251160621643,947,335
1823,1,Fast,0.7445977926254272,917,667
1823,1,Fast,0.7101079225540161,918,313
1823,1,Fast,0.655894935131073,857,634
1823,1,Fast,0.6117227077484131,910,283
1823,1,Fast,0.4022916555404663,1027,446
1824,1,Fast,0.8589232563972473,1031,796
1824,1,Fast,0.8361528515815735,965,408
1824,1,Fast,0.8200242519378662,937,592
1824,1,Fast,0.7853050231933594,973,480
1824,1,Fast,0.7548065781593323,1026,444
1824,1,Fast,0.7221012115478516,919,673
1824,1,Fast,0.6690426468849182,946,333
1824,1,Fast,0.6607981324195862,858,638
1824,1,Fast,0.640829861164093,918,311
1824,1,Fast,0.5945377945899963,997,892
1824,1,Fast,0.5085223913192749,910,282
1825,1,Fast,0.8758164644241333,1036,805
1825,1,Fast,0.8438988924026489,940,597
1825,1,Fast,0.7939211130142212,971,477
1825,1,Fast,0.7677243947982788,921,679
1825,1,Fast,0.7656053304672241,965,406
1825,1,Fast,0.7517915964126587,1001,900
1825,1,Fast,0.7309253811836243,1024,441
1825,1,Fast,0.6740812659263611,859,642
1825,1,Fast,0.6414467096328735,919,308
1825,1,Fast,0.5095377564430237,911,280
1825,1,Fast,0.49718284606933594,946,331
1826,1,Fast,0.8794388771057129,1040,816
1826,1,Fast,0.8443349599838257,1005,908
1826,1,Fast,0.8320919871330261,963,403
1826,1,Fast,0.8096696734428406,923,684
1826,1,Fast,0.8056533932685852,1023,438
1826,1,Fast,0.8050365447998047,969,474
1826,1,Fast,0.7803958654403687,943,604
1826,1,Fast,0.7231370806694031,919,305
1826,1,Fast,0.7072933316230774,860,645
1826,1,Fast,0.6656529903411865,911,278
1826,1,Fast,0.6241517066955566,946,328
1827,1,Fast,0.8744522333145142,1045,827
1827,1,Fast,0.8416990637779236,962,401
1827,1,Fast,0.8048608899116516,968,470
1827,1,Fast,0.7783875465393066,1021,435
1827,1,Fast,0.7643067836761475,946,609
1827,1,Fast,0.7623183131217957,861,649
1827,1,Fast,0.7558915615081787,925,691
1827,1,Fast,0.7008854150772095,946,327
1827,1,Fast,0.6988688111305237,1008,918
1827,1,Fast,0.6726719737052917,918,303
1827,1,Fast,0.6313941478729248,911,276
1828,1,Fast,0.865276575088501,1051,839
1828,1,Fast,0.8456462621688843,949,616
1828,1,Fast,0.8200148344039917,962,398
1828,1,Fast,0.7384135723114014,927,697
1828,1,Fast,0.6978546380996704,1020,432
1828,1,Fast,0.6637541055679321,1012,927
1828,1,Fast,0.5986788868904114,966,467
1828,1,Fast,0.5824360847473145,911,275
1828,1,Fast,0.47546833753585815,918,302
1828,1,Fast,0.45499947667121887,862,652
1828,1,Fast,0.43960776925086975,946,325
1829,1,Fast,0.8689164519309998,1056,850
1829,1,Fast,0.8514809608459473,1016,937
1829,1,Fast,0.8429477214813232,951,622
1829,1,Fast,0.8187345266342163,964,463
1829,1,Fast,0.7758122682571411,962,396
1829,1,Fast,0.7369333505630493,929,705
1829,1,Fast,0.7287120819091797,1019,430
1829,1,Fast,0.6851592063903809,885,552
1829,1,Fast,0.5014402866363525,911,274
1829,1,Fast,0.4651316702365875,918,300
1829,1,Fast,0.42006516456604004,864,654
1830,1,Fast,0.8530265092849731,1062,862
1830,1,Fast,0.850780725479126,953,628
1830,1,Fast,0.8447374701499939,963,459
1830,1,Fast,0.8420582413673401,1019,947
1830,1,Fast,0.8000209331512451,886,555
1830,1,Fast,0.7858617901802063,961,393
1830,1,Fast,0.741445004940033,1017,427
1830,1,Fast,0.7262617945671082,931,712
1830,1,Fast,0.6283441185951233,910,272
1830,1,Fast,0.41607633233070374,866,659
1830,1,Fast,0.33839136362075806,918,298
1831,1,Fast,0.8616341948509216,1068,874
1831,1,Fast,0.857313871383667,957,636
1831,1,Fast,0.8378927111625671,962,455
1831,1,Fast,0.8298733830451965,1025,958
1831,1,Fast,0.711587131023407,960,390
1831,1,Fast,0.7061652541160583,887,558
1831,1,Fast,0.6654131412506104,934,718
1831,1,Fast,0.5292994976043701,1015,425
1831,1,Fast,0.5266389846801758,917,297
1831,1,Fast,0.4701386094093323,910,271
1832,1,Fast,0.8818566203117371,1073,886
1832,1,Fast,0.8585310578346252,960,642
1832,1,Fast,0.8463373184204102,1029,969
1832,1,Fast,0.8419604897499084,961,452
1832,1,Fast,0.8165835738182068,937,725
1832,1,Fast,0.7618179321289062,960,387
1832,1,Fast,0.6511057615280151,1014,422
1832,1,Fast,0.6274452805519104,917,295
1832,1,Fast,0.38145357370376587,915,226
1833,1,Fast,0.8917258977890015,1079,899
1833,1,Fast,0.8602703213691711,963,649
1833,1,Fast,0.8358196020126343,1033,981
1833,1,Fast,0.8250564336776733,939,731
1833,1,Fast,0.8112719058990479,959,448
1833,1,Fast,0.7527770400047302,1013,419
1833,1,Fast,0.7460490465164185,959,385
1833,1,Fast,0.5659058690071106,917,293
1833,1,Fast,0.3805120885372162,890,568
1834,1,Fast,0.8835102915763855,1086,912
1834,1,Fast,0.8399076461791992,966,656
1834,1,Fast,0.8238183856010437,958,445
1834,1,Fast,0.816155195236206,1039,991
1834,1,Fast,0.8090807199478149,943,738
1834,1,Fast,0.7915582060813904,958,382
1834,1,Fast,0.7654077410697937,1012,417
1834,1,Fast,0.5365443229675293,917,292
1834,1,Fast,0.39341869950294495,910,267
1835,1,Fast,0.8882974982261658,1093,925
1835,1,Fast,0.8693365454673767,1043,1003
1835,1,Fast,0.8534914255142212,1011,415
1835,1,Fast,0.8476636409759521,957,442
1835,1,Fast,0.8378872871398926,969,663
1835,1,Fast,0.8316537141799927,946,745
1835,1,Fast,0.7862880825996399,958,380
1835,1,Fast,0.6221190690994263,909,265
1835,1,Fast,0.6211695671081543,941,312
1835,1,Fast,0.40838414430618286,917,290
1835,1,Fast,0.34594210982322693,893,579
1835,1,Fast,0.32215163111686707,915,223
1836,1,Fast,0.8717637658119202,1099,939
1836,1,Fast,0.8605630993843079,955,438
1836,1,Fast,0.8590863347053528,947,751
1836,1,Fast,0.8530935645103455,972,669
1836,1,Fast,0.8518837094306946,1010,412
1836,1,Fast,0.8324793577194214,1048,1016
1836,1,Fast,0.8035539388656616,958,378
1836,1,Fast,0.5394547581672668,871,683
1836,1,Fast,0.5152829885482788,940,311
1836,1,Fast,0.506393551826477,909,262
1836,1,Fast,0.4149608612060547,917,288
1837,1,Fast,0.8925896883010864,1107,953
1837,1,Fast,0.8435462713241577,975,677
1837,1,Fast,0.8428595662117004,1009,409
1837,1,Fast,0.8049173355102539,954,435
1837,1,Fast,0.762780487537384,958,376
1837,1,Fast,0.7518404126167297,950,758
1837,1,Fast,0.7359845638275146,871,686
1837,1,Fast,0.7044640183448792,1055,1028
1837,1,Fast,0.5291516780853271,917,286
1837,1,Fast,0.38537850975990295,895,588
1837,1,Fast,0.3672751486301422,908,261
1838,1,Fast,0.8980007171630859,1113,967
1838,1,Fast,0.8497987389564514,952,432
1838,1,Fast,0.8206835389137268,979,685
1838,1,Fast,0.7989473938941956,1008,406
1838,1,Fast,0.7874007225036621,1061,1042
1838,1,Fast,0.771430253982544,873,690
1838,1,Fast,0.7597116231918335,957,373
1838,1,Fast,0.7265313267707825,954,765
1838,1,Fast,0.606390118598938,917,284
1838,1,Fast,0.5700340270996094,909,260
1838,1,Fast,0.5667530298233032,1421,1065
1838,1,Fast,0.491219699382782,940,307
1839,1,Fast,0.8920853137969971,1121,983
1839,1,Fast,0.8489465117454529,982,694
1839,1,Fast,0.8397863507270813,1006,404
1839,1,Fast,0.835757315158844,951,428
1839,1,Fast,0.797147810459137,1411,1057
1839,1,Fast,0.7786788940429688,1067,1048
1839,1,Fast,0.7617300152778625,874,692
1839,1,Fast,0.6500428318977356,956,371
1839,1,Fast,0.5705668926239014,909,258
1839,1,Fast,0.5417034029960632,956,773
1839,1,Fast,0.5054781436920166,917,282
1839,1,Fast,0.3868978023529053,940,305
1840,1,Fast,0.8661225438117981,1129,998
1840,1,Fast,0.8618218302726746,950,425
1840,1,Fast,0.8538590669631958,986,702
1840,1,Fast,0.8518235683441162,1395,1051
1840,1,Fast,0.8308476209640503,1005,401
1840,1,Fast,0.8160526156425476,1075,1053
1840,1,Fast,0.8072474002838135,958,781
1840,1,Fast,0.6553786396980286,956,368
1840,1,Fast,0.5476707816123962,909,257
1840,1,Fast,0.3972173035144806,875,696
1840,1,Fast,0.3370705246925354,916,281
1841,1,Fast,0.8687142729759216,1385,1041
1841,1,Fast,0.8569126725196838,1137,1014
1841,1,Fast,0.8442243337631226,990,709
1841,1,Fast,0.8243787884712219,1004,399
1841,1,Fast,0.6884524822235107,961,788
1841,1,Fast,0.6613271832466125,902,606
1841,1,Fast,0.6594151854515076,955,366
1841,1,Fast,0.6076913475990295,949,422
1841,1,Fast,0.5843890309333801,876,701
1841,1,Fast,0.34269312024116516,909,255
1841,1,Fast,0.3183746337890625,1080,1061
1842,1,Fast,0.8877401947975159,1375,1028
1842,1,Fast,0.8540266752243042,994,717
1842,1,Fast,0.8314607739448547,1145,1030
1842,1,Fast,0.8229972720146179,964,797
1842,1,Fast,0.8171292543411255,949,418
1842,1,Fast,0.7661583423614502,876,705
1842,1,Fast,0.7570437788963318,904,609
1842,1,Fast,0.7425754070281982,1003,397
1842,1,Fast,0.6883993148803711,954,363
1842,1,Fast,0.40107598900794983,1100,1067
1843,1,Fast,0.8865676522254944,1366,1015
1843,1,Fast,0.8672407269477844,948,416
1843,1,Fast,0.8609046936035156,998,725
1843,1,Fast,0.8382403254508972,968,804
1843,1,Fast,0.757461428642273,1002,395
1843,1,Fast,0.6805773973464966,953,361
1843,1,Fast,0.6468881964683533,1155,1042
1843,1,Fast,0.36067575216293335,906,613
1843,1,Fast,0.33732831478118896,877,708
1844,1,Fast,0.8674619793891907,1001,733
1844,1,Fast,0.865070104598999,1358,1002
1844,1,Fast,0.8646368384361267,946,413
1844,1,Fast,0.859620988368988,970,812
1844,1,Fast,0.7387165427207947,953,358
1844,1,Fast,0.737885594367981,1001,393
1844,1,Fast,0.31067273020744324,909,251
1845,1,Fast,0.862380862236023,1347,989
1845,1,Fast,0.8606619834899902,973,821
1845,1,Fast,0.8555670380592346,1005,742
1845,1,Fast,0.8516848683357239,946,410
1845,1,Fast,0.8127533197402954,1000,390
1845,1,Fast,0.6888789534568787,953,356
1846,1,Fast,0.8730180859565735,1339,977
1846,1,Fast,0.8683805465698242,977,828
1846,1,Fast,0.8394138813018799,1010,752
1846,1,Fast,0.8157321810722351,945,407
1846,1,Fast,0.8056085705757141,999,388
1846,1,Fast,0.7070009112358093,953,354
1846,1,Fast,0.43151700496673584,936,295
1846,1,Fast,0.4111974537372589,882,722
1847,1,Fast,0.8692382574081421,1330,965
1847,1,Fast,0.8597132563591003,980,836
1847,1,Fast,0.8570750951766968,1014,762
1847,1,Fast,0.8315190672874451,998,385
1847,1,Fast,0.7700861096382141,944,404
1847,1,Fast,0.7590457797050476,952,352
1847,1,Fast,0.47924473881721497,936,293
1848,1,Fast,0.8641956448554993,1322,954
1848,1,Fast,0.8630759716033936,984,844
1848,1,Fast,0.8437269330024719,1019,771
1848,1,Fast,0.8428879380226135,997,384
1848,1,Fast,0.8328981399536133,943,400
1848,1,Fast,0.7561066746711731,952,350
1848,1,Fast,0.4548710286617279,936,292
1848,1,Fast,0.35406655073165894,915,642
1848,2,Slow,0.33980944752693176,937,234
1849,1,Fast,0.8694260716438293,1314,942
1849,1,Fast,0.8542893528938293,987,853
1849,1,Fast,0.8467154502868652,1023,781
1849,1,Fast,0.832140326499939,996,381
1849,1,Fast,0.8269392848014832,941,398
1849,1,Fast,0.7513427734375,951,348
1849,1,Fast,0.4609888195991516,916,648
1850,1,Fast,0.8751474022865295,1307,932
1850,1,Fast,0.8643397092819214,1027,791
1850,1,Fast,0.849190354347229,940,395
1850,1,Fast,0.8348548412322998,991,862
1850,1,Fast,0.8195499777793884,995,379
1850,1,Fast,0.6828951835632324,950,347
1850,1,Fast,0.5019330978393555,918,652
1851,1,Fast,0.8733623027801514,1298,920
1851,1,Fast,0.8569344878196716,1033,800
1851,1,Fast,0.8363867402076721,940,392
1851,1,Fast,0.8172063827514648,994,377
1851,1,Fast,0.7903075218200684,995,870
1851,1,Fast,0.6068582534790039,949,344
1851,1,Fast,0.31085482239723206,936,288
1851,1,Fast,0.30346623063087463,919,658
1852,1,Fast,0.8835785984992981,1290,909
1852,1,Fast,0.8778220415115356,1037,810
1852,1,Fast,0.800891101360321,993,375
1852,1,Fast,0.7766881585121155,998,880
1852,1,Fast,0.7693301439285278,938,390
1852,1,Fast,0.526103138923645,949,341
1852,1,Fast,0.49545159935951233,1471,1055
1853,1,Fast,0.8873065710067749,1282,899
1853,1,Fast,0.8759722113609314,1042,819
1853,1,Fast,0.8295217752456665,938,386
1853,1,Fast,0.8131303191184998,1002,889
1853,1,Fast,0.785753607749939,992,372
1853,1,Fast,0.6269850730895996,949,339
1854,1,Fast,0.8871104717254639,1275,888
1854,1,Fast,0.869732141494751,1047,829
1854,1,Fast,0.8696659207344055,1006,899
1854,1,Fast,0.8397529721260071,937,385
1854,1,Fast,0.6138590574264526,949,337
1854,1,Fast,0.5750471949577332,991,369
1854,1,Fast,0.3521566390991211,927,673
1854,0,VRU,0.3001422584056854,1649,862
1855,1,Fast,0.8786104321479797,1269,879
1855,1,Fast,0.8670520186424255,1009,909
1855,1,Fast,0.8662559986114502,1052,840
1855,1,Fast,0.842541515827179,936,381
1855,1,Fast,0.7759634256362915,929,678
1855,1,Fast,0.5549331307411194,949,334
1855,1,Fast,0.49137014150619507,896,763
1855,1,Fast,0.4412892162799835,991,367
1856,1,Fast,0.8774776458740234,1057,852
1856,1,Fast,0.8694047927856445,1261,868
1856,1,Fast,0.8588573932647705,1012,918
1856,1,Fast,0.8421856760978699,935,378
1856,1,Fast,0.6908153891563416,897,768
1856,1,Fast,0.6642260551452637,931,684
1856,1,Fast,0.5998732447624207,949,332
1856,1,Fast,0.4906083643436432,990,366
1856,1,Fast,0.3143332004547119,1433,1013
1857,1,Fast,0.8800226449966431,1017,927
1857,1,Fast,0.8775332570075989,1255,858
1857,1,Fast,0.8671728372573853,1063,863
1857,1,Fast,0.8087711334228516,934,376
1857,1,Fast,0.49143707752227783,989,363
1857,1,Fast,0.4541042447090149,948,331
1858,1,Fast,0.8860746622085571,1068,875
1858,1,Fast,0.88510662317276,1021,937
1858,1,Fast,0.870522677898407,1247,848
1858,1,Fast,0.7995514869689941,933,373
1858,1,Fast,0.6444283723831177,987,362
1858,1,Fast,0.5901947617530823,1418,995
1858,1,Fast,0.5236572623252869,899,776
1858,1,Fast,0.44689542055130005,948,329
1858,1,Fast,0.3022685647010803,933,276
1859,1,Fast,0.8880199790000916,1074,887
1859,1,Fast,0.8777450919151306,1026,946
1859,1,Fast,0.8777435421943665,1241,839
1859,1,Fast,0.8130372762680054,933,371
1859,1,Fast,0.7253475785255432,901,781
1859,1,Fast,0.6978321671485901,986,360
1859,1,Fast,0.4534584581851959,1410,984
1859,1,Fast,0.3542681038379669,934,276
1859,1,Fast,0.3240149915218353,947,328
1860,1,Fast,0.891599714756012,1080,899
1860,1,Fast,0.8818406462669373,1030,956
1860,1,Fast,0.8659255504608154,1235,831
1860,1,Fast,0.6662094593048096,985,358
1860,1,Fast,0.6195822954177856,932,368
1860,1,Fast,0.6011086106300354,1403,975
1860,1,Fast,0.5884866714477539,902,786
1860,1,Fast,0.36283910274505615,933,275
1860,1,Fast,0.3146064281463623,940,712
1861,1,Fast,0.8912092447280884,1086,912
1861,1,Fast,0.8813801407814026,1034,967
1861,1,Fast,0.8639215230941772,1229,823
1861,1,Fast,0.7591504454612732,931,365
1861,1,Fast,0.7582163214683533,1396,964
1861,1,Fast,0.5485842227935791,904,791
1861,1,Fast,0.5004398226737976,985,356
1862,1,Fast,0.8828380703926086,1093,924
1862,1,Fast,0.8543293476104736,1039,978
1862,1,Fast,0.851606011390686,1223,815
1862,1,Fast,0.7145693302154541,931,363
1862,1,Fast,0.5990843772888184,905,796
1862,1,Fast,0.5938503742218018,1389,955
1862,1,Fast,0.4662996828556061,944,725
1862,1,Fast,0.44787389039993286,984,354
1863,1,Fast,0.889394223690033,1100,938
1863,1,Fast,0.8587026000022888,1217,805
1863,1,Fast,0.7923356294631958,1381,946
1863,1,Fast,0.7816428542137146,907,801
1863,1,Fast,0.7415705919265747,1044,989
1863,1,Fast,0.6773114800453186,931,360
1863,1,Fast,0.5755840539932251,947,732
1864,1,Fast,0.8904630541801453,1106,952
1864,1,Fast,0.8788248300552368,1211,797
1864,1,Fast,0.825267493724823,1048,1001
1864,1,Fast,0.8019418716430664,909,806
1864,1,Fast,0.7704472541809082,1374,938
1864,1,Fast,0.7256535291671753,949,739
1864,1,Fast,0.6917321085929871,931,357
1864,1,Fast,0.360166996717453,983,350
1865,1,Fast,0.8887284398078918,1113,966
1865,1,Fast,0.8550623655319214,911,811
1865,1,Fast,0.8447520732879639,1205,787
1865,1,Fast,0.7203962802886963,1369,930
1865,1,Fast,0.6510528922080994,1054,1014
1865,1,Fast,0.5137451887130737,930,356
1865,1,Fast,0.45023754239082336,982,348
1865,1,Fast,0.3735927939414978,953,746
1866,1,Fast,0.8921600580215454,1199,779
1866,1,Fast,0.8839496374130249,1120,981
1866,1,Fast,0.8387772440910339,913,816
1866,1,Fast,0.6226882934570312,929,353
1866,1,Fast,0.6069021224975586,957,754
1866,1,Fast,0.5891574025154114,1060,1026
1866,1,Fast,0.5875688195228577,1361,921
1866,1,Fast,0.5239807963371277,981,346
1867,1,Fast,0.8612918257713318,1128,995
1867,1,Fast,0.8608754277229309,1065,1038
1867,1,Fast,0.8599520921707153,1194,772
1867,1,Fast,0.8471776843070984,914,821
1867,1,Fast,0.8143180012702942,958,759
1867,1,Fast,0.7391367554664612,928,350
1867,1,Fast,0.5224686861038208,980,344
1868,1,Fast,0.8595417141914368,1136,1010
1868,1,Fast,0.8426720499992371,1071,1045
1868,1,Fast,0.8400866389274597,916,826
1868,1,Fast,0.8383750319480896,1188,763
1868,1,Fast,0.8153663277626038,961,765
1868,1,Fast,0.6884303689002991,928,348
1868,1,Fast,0.6058691740036011,979,342
1869,1,Fast,0.7632356882095337,917,832
1869,1,Fast,0.7599995732307434,1183,755
1869,1,Fast,0.7366230487823486,1077,1052
1869,1,Fast,0.7060503363609314,927,345
1869,1,Fast,0.6919655203819275,1341,894
1869,1,Fast,0.5904176831245422,1144,1025
1869,1,Fast,0.4199603796005249,978,340
1870,1,Fast,0.6908027529716492,1334,886
1870,1,Fast,0.679592490196228,1178,748
1870,1,Fast,0.584048330783844,926,343
1870,1,Fast,0.5250791907310486,918,837
1870,1,Fast,0.3900432884693146,977,338
1871,1,Fast,0.7886863350868225,1173,742
1871,1,Fast,0.7444731593132019,1089,1065
1871,1,Fast,0.5928595662117004,977,336
1871,1,Fast,0.5606842041015625,1328,878
1871,1,Fast,0.38516637682914734,926,340
1871,1,Fast,0.33762630820274353,920,842
1871,1,Fast,0.31152084469795227,970,795
1872,1,Fast,0.8389094471931458,1167,734
1872,1,Fast,0.8092504739761353,973,802
1872,1,Fast,0.6438398957252502,921,847
1872,1,Fast,0.6116448044776917,977,334
1872,1,Fast,0.4065285325050354,925,338
1872,1,Fast,0.35589706897735596,1322,871
1873,1,Fast,0.8004663586616516,975,808
1873,1,Fast,0.7343885898590088,924,336
1873,1,Fast,0.713421106338501,1164,726
1873,1,Fast,0.6452378034591675,923,852
1873,1,Fast,0.6450832486152649,976,332
1874,1,Fast,0.7410028576850891,1159,719
1874,1,Fast,0.7211686968803406,923,334
1874,1,Fast,0.7050068974494934,979,815
1874,1,Fast,0.5543795228004456,976,331
1874,1,Fast,0.5533770322799683,925,857
1875,1,Fast,0.8111243844032288,982,824
1875,1,Fast,0.6667536497116089,927,862
1875,1,Fast,0.6518368124961853,923,332
1875,1,Fast,0.561333179473877,975,329
1875,1,Fast,0.3604138493537903,847,442
1876,1,Fast,0.8480773568153381,985,832
1876,1,Fast,0.7388195991516113,1149,704
1876,1,Fast,0.5275550484657288,930,867
1876,1,Fast,0.44657909870147705,974,327
1876,1,Fast,0.3571226894855499,922,330
1876,1,Fast,0.30878010392189026,1299,840
1877,1,Fast,0.8317522406578064,988,842
1877,1,Fast,0.8150227069854736,933,871
1877,1,Fast,0.7203490734100342,922,327
1877,1,Fast,0.7024168372154236,1145,696
1877,1,Fast,0.4586160182952881,973,325
1878,1,Fast,0.8318023681640625,934,877
1878,1,Fast,0.8072872161865234,992,850
1878,1,Fast,0.7547005414962769,1141,692
1878,1,Fast,0.5954296588897705,922,325
1878,1,Fast,0.45863473415374756,972,323
1879,1,Fast,0.8255062699317932,997,858
1879,1,Fast,0.7895210385322571,921,323
1879,1,Fast,0.7413749694824219,936,882
1879,1,Fast,0.6488921046257019,1136,685
1879,1,Fast,0.4300641715526581,972,322
1879,1,Fast,0.401900976896286,849,456
1879,1,Fast,0.35010024905204773,1282,819
1880,1,Fast,0.7638068199157715,921,320
1880,1,Fast,0.7246659994125366,1000,865
1880,1,Fast,0.684348464012146,937,888
1880,1,Fast,0.5963849425315857,971,319
1880,1,Fast,0.5646712779998779,1132,679
1880,1,Fast,0.4364287853240967,849,459
1881,1,Fast,0.7956241369247437,939,895
1881,1,Fast,0.6440923810005188,920,319
1881,1,Fast,0.5464445948600769,971,318
1881,1,Fast,0.4628210663795471,851,462
1882,1,Fast,0.7806402444839478,941,901
1882,1,Fast,0.5503647923469543,970,316
1882,1,Fast,0.5480157136917114,852,466
1882,1,Fast,0.5300236344337463,920,316
1882,1,Fast,0.3086128234863281,1124,667
1883,1,Fast,0.7883707284927368,943,907
1883,1,Fast,0.7554743885993958,853,471
1883,1,Fast,0.6726203560829163,970,315
1883,1,Fast,0.6467539072036743,920,314
1883,1,Fast,0.39636385440826416,777,438
1884,1,Fast,0.7622267603874207,919,311
1884,1,Fast,0.7301880717277527,854,474
1884,1,Fast,0.6832570433616638,968,312
1884,1,Fast,0.585126519203186,944,913
1884,1,Fast,0.5653426647186279,1016,906
1884,1,Fast,0.36043572425842285,1117,654
1885,1,Fast,0.7809383869171143,1020,915
1885,1,Fast,0.7788757085800171,947,918
1885,1,Fast,0.7412663698196411,919,310
1885,1,Fast,0.6302409768104553,1113,648
1885,1,Fast,0.6150549054145813,855,478
1885,1,Fast,0.5124209523200989,968,311
1886,1,Fast,0.8145650029182434,1023,924
1886,1,Fast,0.7785246968269348,949,924
1886,1,Fast,0.7268086671829224,919,308
1886,1,Fast,0.520966112613678,1111,643
1886,1,Fast,0.5008141994476318,856,482
1887,1,Fast,0.6845104098320007,1027,933
1887,1,Fast,0.6750771403312683,856,486
1887,1,Fast,0.5914167761802673,951,929
1887,1,Fast,0.5284830331802368,918,306
1887,1,Fast,0.3591606616973877,1106,635
1887,1,Fast,0.3349548578262329,968,307
1888,1,Fast,0.8049988746643066,953,937
1888,1,Fast,0.7975475788116455,1031,944
1888,1,Fast,0.4750877916812897,858,489
1888,1,Fast,0.4068108797073364,918,304
1888,1,Fast,0.3923545479774475,967,305
1889,1,Fast,0.7939135432243347,1037,954
1889,1,Fast,0.7475817203521729,955,942
1890,1,Fast,0.6950427889823914,957,948
1890,1,Fast,0.6084813475608826,1042,965
1890,1,Fast,0.4606931209564209,1095,619
1890,1,Fast,0.3059939444065094,967,302
1891,1,Fast,0.7125389575958252,959,955
1891,1,Fast,0.44773170351982117,861,502
1891,1,Fast,0.4418155252933502,846,275
1891,1,Fast,0.35592135787010193,966,301
1892,1,Fast,0.8049893975257874,961,962
1892,1,Fast,0.785634458065033,1053,985
1892,1,Fast,0.5999841690063477,863,505
1892,1,Fast,0.5255452394485474,966,300
1892,1,Fast,0.4952494204044342,847,276
1893,1,Fast,0.7909557819366455,963,968
1893,1,Fast,0.5402050018310547,965,298
1893,1,Fast,0.49751758575439453,847,278
1893,1,Fast,0.43474534153938293,1057,993
1894,1,Fast,0.7238796353340149,966,975
1894,1,Fast,0.6598060131072998,865,514
1894,1,Fast,0.6373866200447083,965,297
1894,1,Fast,0.5194461345672607,847,279
1895,1,Fast,0.7131577730178833,866,519
1895,1,Fast,0.6727196574211121,917,290
1895,1,Fast,0.607842743396759,965,296
1895,1,Fast,0.5510585308074951,968,980
1895,1,Fast,0.4905811548233032,1079,594
1895,1,Fast,0.4886398911476135,848,281
1895,2,Slow,0.3045153021812439,979,354
1896,1,Fast,0.7272708415985107,917,288
1896,1,Fast,0.7111915946006775,867,522
1897,1,Fast,0.7825680375099182,868,527
1897,1,Fast,0.6884510517120361,917,286
1897,1,Fast,0.636459469795227,972,987
1897,1,Fast,0.5888037085533142,1077,1044
1897,1,Fast,0.4158390760421753,964,293
1898,1,Fast,0.8059688806533813,869,532
1898,1,Fast,0.6289301514625549,784,468
1898,1,Fast,0.6061806678771973,974,991
1898,1,Fast,0.5643972158432007,917,284
1898,1,Fast,0.33920690417289734,964,291
1898,1,Fast,0.3075940012931824,1070,577
1898,1,Fast,0.3005356788635254,1087,1050
1899,1,Fast,0.7691769003868103,784,470
1899,1,Fast,0.675693929195404,871,535
1899,1,Fast,0.35393232107162476,916,283
1899,1,Fast,0.32109346985816956,1068,571
1900,1,Fast,0.783656895160675,872,540
1900,1,Fast,0.4830792248249054,785,472
1900,1,Fast,0.4245063364505768,1100,1063
1901,1,Fast,0.6523597836494446,873,545
1902,1,Fast,0.6347076296806335,876,549
1902,1,Fast,0.31249600648880005,786,476
1903,1,Fast,0.682936429977417,878,554
1904,1,Fast,0.613650381565094,879,559
1905,1,Fast,0.7445682287216187,880,563
1905,1,Fast,0.36859211325645447,788,483
1906,1,Fast,0.8073475360870361,881,568
1907,1,Fast,0.8315185904502869,883,573
1908,1,Fast,0.8251160383224487,885,578
1908,1,Fast,0.44225865602493286,1043,530
1909,1,Fast,0.8597943782806396,887,584
1909,1,Fast,0.5922757983207703,790,493
1909,1,Fast,0.5350324511528015,1040,526
1910,1,Fast,0.8505299091339111,889,590
1910,1,Fast,0.7679305672645569,1038,520
1910,1,Fast,0.6467579007148743,791,495
1911,1,Fast,0.8368503451347351,891,595
1911,1,Fast,0.8196709752082825,791,498
1911,1,Fast,0.7763544917106628,1036,517
1911,1,Fast,0.4167748689651489,960,273
1911,2,Slow,0.38288432359695435,968,324
1912,1,Fast,0.8210785388946533,792,500
1912,1,Fast,0.7479339241981506,893,602
1913,1,Fast,0.772661030292511,793,502
1913,1,Fast,0.7092083692550659,895,608
1914,1,Fast,0.7772043943405151,897,613
1914,1,Fast,0.5501722097396851,793,505
1915,1,Fast,0.801405131816864,899,619
1915,1,Fast,0.4666932225227356,793,507
1915,2,Slow,0.34561777114868164,966,317
1916,1,Fast,0.8175158500671387,901,624
1916,1,Fast,0.36117812991142273,794,511
1917,1,Fast,0.8468673229217529,903,631
1917,1,Fast,0.7638277411460876,794,513
1918,1,Fast,0.8520230054855347,905,637
1918,1,Fast,0.6781259179115295,795,515
1919,1,Fast,0.8597921133041382,908,643
1919,1,Fast,0.6603653430938721,1017,487
1920,1,Fast,0.8593751788139343,910,649
1920,1,Fast,0.6532992720603943,1015,482
1921,1,Fast,0.8430593013763428,913,656
1921,1,Fast,0.58847975730896,1014,480
1921,1,Fast,0.5627477169036865,796,523
1922,1,Fast,0.8363352417945862,915,661
1922,1,Fast,0.7580781579017639,1012,475
1922,1,Fast,0.5481316447257996,798,526
1923,1,Fast,0.8305603265762329,917,667
1923,1,Fast,0.7862491011619568,1010,473
1923,1,Fast,0.5345973372459412,797,528
1924,1,Fast,0.8409148454666138,920,674
1924,1,Fast,0.6916117072105408,1388,1038
1924,1,Fast,0.4511765241622925,1009,469
1925,1,Fast,0.8401724696159363,923,681
1925,1,Fast,0.4526706039905548,1377,1024
1926,1,Fast,0.8433548808097839,925,687
1926,1,Fast,0.5525116324424744,1367,1010
1926,2,Slow,0.3194478154182434,808,537
1927,1,Fast,0.8345499038696289,926,694
1927,1,Fast,0.34611478447914124,1356,996
1927,1,Fast,0.3433311879634857,797,538
1928,1,Fast,0.8445682525634766,929,702
1928,1,Fast,0.5538439750671387,1346,982
1928,1,Fast,0.4370565414428711,1002,454
1929,1,Fast,0.8437963128089905,932,709
1929,1,Fast,0.8271458745002747,1335,968
1930,1,Fast,0.8487997651100159,935,717
1930,1,Fast,0.6554738879203796,1326,955
1930,1,Fast,0.42149949073791504,998,447
1931,1,Fast,0.8559895157814026,937,723
1931,1,Fast,0.8509501814842224,1316,941
1931,1,Fast,0.6376686692237854,996,444
1932,1,Fast,0.8650320172309875,941,730
1932,1,Fast,0.7340137958526611,1307,930
1932,1,Fast,0.7337068319320679,995,440
1933,1,Fast,0.8577907085418701,944,738
1933,1,Fast,0.6716539859771729,993,438
1933,1,Fast,0.5837072134017944,1299,919
1934,1,Fast,0.8841236233711243,1290,906
1934,1,Fast,0.8608508110046387,948,746
1934,1,Fast,0.5170131921768188,992,436
1935,1,Fast,0.8854036331176758,1282,895
1935,1,Fast,0.8656663298606873,951,754
1936,1,Fast,0.8790696859359741,1274,883
1936,1,Fast,0.8665775060653687,954,762
1936,1,Fast,0.606429934501648,988,429
1937,1,Fast,0.8676278591156006,958,770
1937,1,Fast,0.828150749206543,1267,874
1937,1,Fast,0.6459255814552307,987,426
1938,1,Fast,0.8501620292663574,960,780
1938,1,Fast,0.837748110294342,1259,862
1938,1,Fast,0.6044926047325134,985,423
1939,1,Fast,0.8728716969490051,1251,851
1939,1,Fast,0.8416661024093628,965,790
1939,1,Fast,0.5203849077224731,984,422
1939,1,Fast,0.3848584294319153,806,575
1940,1,Fast,0.8754106163978577,1244,841
1940,1,Fast,0.851783037185669,968,797
1940,1,Fast,0.48065102100372314,983,417
1941,1,Fast,0.867339551448822,972,806
1941,1,Fast,0.8176805973052979,1236,830
1941,1,Fast,0.7490714192390442,981,414
1942,1,Fast,0.8791111707687378,975,814
1942,1,Fast,0.8588429093360901,1229,821
1942,1,Fast,0.7928062677383423,981,410
1943,1,Fast,0.8826759457588196,979,823
1943,1,Fast,0.8246012926101685,1223,811
1943,1,Fast,0.7650484442710876,980,408
1944,1,Fast,0.8758158683776855,983,832
1944,1,Fast,0.7284806966781616,979,405
1944,1,Fast,0.619223952293396,1216,801
1945,1,Fast,0.8770002126693726,988,841
1945,1,Fast,0.7709056735038757,1210,791
1945,1,Fast,0.7240798473358154,977,403
1946,1,Fast,0.8919594883918762,993,851
1946,1,Fast,0.829748272895813,1203,781
1946,1,Fast,0.7425719499588013,977,401
1946,2,Slow,0.32565751671791077,813,363
1946,1,Fast,0.30832159519195557,810,598
1947,1,Fast,0.8843992948532104,997,861
1947,1,Fast,0.8649696707725525,1197,774
1947,2,Slow,0.5962986350059509,814,364
1947,1,Fast,0.47443854808807373,975,398
1948,1,Fast,0.8781112432479858,1002,871
1948,1,Fast,0.7973204851150513,1191,766
1948,2,Slow,0.5310894250869751,813,366
1948,1,Fast,0.5040745139122009,973,395
1948,2,Slow,0.3062625527381897,844,380
1949,1,Fast,0.8826602697372437,1006,883
1949,1,Fast,0.5066505670547485,972,393
1949,1,Fast,0.43922296166419983,1185,756
1949,2,Slow,0.4293237328529358,813,369
1950,1,Fast,0.8825574517250061,1011,895
1950,1,Fast,0.7024158239364624,1179,748
1950,2,Slow,0.547558605670929,814,370
1950,1,Fast,0.3481215238571167,972,388
1951,1,Fast,0.8890747427940369,1015,905
1951,1,Fast,0.7360647916793823,1172,740
1951,2,Slow,0.6242702603340149,813,371
1951,1,Fast,0.5831298232078552,971,387
1952,1,Fast,0.8797318935394287,1019,916
1952,1,Fast,0.7708413004875183,970,384
1952,1,Fast,0.6171422600746155,1167,732
1952,2,Slow,0.5462120175361633,814,372
1953,1,Fast,0.8888798356056213,1023,926
1953,1,Fast,0.7999910116195679,969,381
1953,1,Fast,0.6310262680053711,1162,724
1953,2,Slow,0.33918115496635437,814,374
1954,1,Fast,0.9004164338111877,1028,936
1954,1,Fast,0.7576717734336853,968,379
1954,1,Fast,0.6589387655258179,851,392
1954,2,Slow,0.5742823481559753,814,376
1955,1,Fast,0.9064772129058838,1033,947
1955,1,Fast,0.7295190095901489,967,376
1955,2,Slow,0.3521104156970978,815,377
1956,1,Fast,0.9020507335662842,1039,959
1956,1,Fast,0.628000020980835,966,373
1956,2,Slow,0.5631850957870483,814,380
1956,1,Fast,0.384088933467865,1147,697
1957,1,Fast,0.9045860171318054,1045,971
1957,2,Slow,0.6246961355209351,815,382
1957,1,Fast,0.6054148077964783,965,372
1957,1,Fast,0.5044606924057007,1142,691
1958,1,Fast,0.8993274569511414,1051,984
1958,2,Slow,0.7342814207077026,814,385
1958,1,Fast,0.6440839171409607,964,370
1958,1,Fast,0.3286685049533844,1137,687
1959,1,Fast,0.8930640816688538,1057,997
1959,2,Slow,0.7212334871292114,815,387
1959,1,Fast,0.3300727307796478,963,368
1960,1,Fast,0.888142466545105,1064,1010
1960,2,Slow,0.629196047782898,815,389
1961,1,Fast,0.8927523493766785,1069,1024
1961,2,Slow,0.539855420589447,815,391
1962,1,Fast,0.8773715496063232,1075,1035
1962,2,Slow,0.7916474342346191,815,392
1963,1,Fast,0.8625379204750061,1082,1042
1963,2,Slow,0.7916702628135681,817,394
1963,1,Fast,0.3862340450286865,826,662
1964,1,Fast,0.8163274526596069,1089,1049
1964,2,Slow,0.6395214796066284,816,396
1965,1,Fast,0.7634345293045044,1098,1055
1965,1,Fast,0.5764753818511963,858,423
1965,1,Fast,0.48453012108802795,959,352
1965,1,Fast,0.33134156465530396,849,424
1965,2,Slow,0.329722136259079,817,398
1966,2,Slow,0.6653733253479004,817,400
1966,1,Fast,0.6463680267333984,958,349
1966,1,Fast,0.639915406703949,1106,1062
1966,1,Fast,0.46850016713142395,858,425
1966,1,Fast,0.3896948993206024,850,426
1966,1,Fast,0.32727858424186707,853,425
1966,1,Fast,0.3156147301197052,829,675
1967,1,Fast,0.7004071474075317,957,348
1967,2,Slow,0.6584149599075317,817,402
1967,1,Fast,0.6475499272346497,858,427
1967,1,Fast,0.4576430022716522,866,261
1967,1,Fast,0.43841567635536194,855,427
1968,1,Fast,0.6605030298233032,858,429
1968,1,Fast,0.5814710855484009,866,263
1968,2,Slow,0.4798678457736969,817,404
1968,1,Fast,0.47283226251602173,956,345
1970,1,Fast,0.5739465951919556,954,341
1971,1,Fast,0.6317248344421387,954,339
1971,1,Fast,0.4736529588699341,866,267
1972,1,Fast,0.41921043395996094,953,338
1972,1,Fast,0.3524443507194519,865,269
1972,1,Fast,0.30250084400177,839,703
1973,1,Fast,0.585401177406311,866,271
1973,1,Fast,0.4094970226287842,952,335
1973,1,Fast,0.30446794629096985,840,707
1974,2,Slow,0.6175401210784912,819,419
1974,1,Fast,0.5048259496688843,952,333
1974,1,Fast,0.40412637591362,841,712
1975,2,Slow,0.5882004499435425,819,420
1975,1,Fast,0.40094655752182007,952,330
1975,1,Fast,0.34170928597450256,865,273
1976,1,Fast,0.6422396302223206,952,327
1976,1,Fast,0.438495397567749,865,275
1976,1,Fast,0.43805593252182007,857,453
1977,1,Fast,0.7279539704322815,951,325
1977,2,Slow,0.4394266903400421,820,424
1977,1,Fast,0.4190084636211395,864,276
1978,1,Fast,0.7608898282051086,950,325
1978,1,Fast,0.6356956362724304,866,461
1978,1,Fast,0.562407910823822,864,278
1979,1,Fast,0.7827604413032532,949,322
1979,1,Fast,0.7243364453315735,866,464
1979,1,Fast,0.6640113592147827,820,428
1979,1,Fast,0.5337188243865967,865,280
1980,1,Fast,0.7439223527908325,948,320
1980,1,Fast,0.49432992935180664,864,282
1981,1,Fast,0.8161374926567078,850,747
1981,1,Fast,0.7138278484344482,947,320
1981,1,Fast,0.4325272738933563,820,432
1982,1,Fast,0.8553280830383301,853,753
1982,1,Fast,0.66749107837677,947,318
1982,1,Fast,0.4366734027862549,821,435
1983,1,Fast,0.7078648209571838,854,758
1985,1,Fast,0.6287204623222351,946,311
1985,2,Slow,0.32872048020362854,1040,468
1986,1,Fast,0.6350701451301575,946,309
1986,2,Slow,0.3032584488391876,1040,465
1987,1,Fast,0.7168659567832947,946,307
1987,2,Slow,0.30066758394241333,822,446
1988,1,Fast,0.7209283113479614,945,305
1988,1,Fast,0.5739554762840271,863,787
1989,1,Fast,0.6085034012794495,945,304
1989,1,Fast,0.5334168672561646,864,792
1990,1,Fast,0.7528906464576721,867,798
1991,1,Fast,0.661474347114563,869,804
1992,1,Fast,0.7569786310195923,872,808
1993,1,Fast,0.5673184394836426,874,816
1993,1,Fast,0.540774405002594,941,297
1993,2,Slow,0.3341963291168213,1028,447
1994,1,Fast,0.5107607841491699,826,462
1994,1,Fast,0.43396949768066406,876,822
1994,1,Fast,0.40280452370643616,940,295
1995,1,Fast,0.6902809143066406,879,828
1995,1,Fast,0.5868000984191895,827,465
1995,1,Fast,0.3446189761161804,940,293
1996,1,Fast,0.8032575845718384,881,834
1996,1,Fast,0.5427842736244202,940,292
1996,2,Slow,0.43873271346092224,827,467
1997,1,Fast,0.858529269695282,883,840
1997,1,Fast,0.7536672949790955,940,289
1998,1,Fast,0.7574984431266785,940,288
1998,1,Fast,0.6988941431045532,886,849
1999,1,Fast,0.8245364427566528,888,854
1999,1,Fast,0.6916612982749939,939,286
1999,2,Slow,0.46075648069381714,827,475
2000,1,Fast,0.753889799118042,890,861
2000,1,Fast,0.3868808448314667,940,284
2001,1,Fast,0.7656002044677734,888,544
2001,1,Fast,0.7158896923065186,891,867
2001,1,Fast,0.33787888288497925,939,283
2001,2,Slow,0.3090945780277252,1017,424
2002,1,Fast,0.7906916737556458,894,874
2002,1,Fast,0.6883966326713562,889,549
2002,1,Fast,0.5959762930870056,937,282
2002,2,Slow,0.4558100700378418,829,484
2002,2,Slow,0.42314979434013367,1016,423
2003,1,Fast,0.7896111607551575,897,881
2003,1,Fast,0.7316645383834839,937,280
2003,1,Fast,0.5776335597038269,866,323
2003,2,Slow,0.4562143087387085,830,487
2003,1,Fast,0.35248905420303345,890,553
2003,1,Fast,0.34179335832595825,866,266
2004,1,Fast,0.7878478169441223,892,558
2004,1,Fast,0.6884923577308655,937,278
2004,1,Fast,0.6327771544456482,867,326
2004,2,Slow,0.4152110815048218,830,490
2004,2,Slow,0.3929779529571533,1014,418
2005,1,Fast,0.6958434581756592,936,277
2005,1,Fast,0.6756985187530518,867,327
2005,2,Slow,0.4788950979709625,1013,417
2005,1,Fast,0.3075355887413025,903,897
2006,1,Fast,0.6826539039611816,936,276
2006,2,Slow,0.6581841111183167,830,496
2006,1,Fast,0.5436872243881226,906,903
2006,1,Fast,0.5125657916069031,867,327
2006,2,Slow,0.3179463744163513,1011,415
2006,1,Fast,0.31547436118125916,865,270
2007,1,Fast,0.8142397999763489,909,911
2007,1,Fast,0.7284137606620789,935,275
2007,1,Fast,0.5571797490119934,992,438
2007,2,Slow,0.5497244596481323,1011,413
2007,2,Slow,0.5272826552391052,832,500
2007,1,Fast,0.4320116937160492,897,573
2007,1,Fast,0.4124215543270111,865,272
2007,1,Fast,0.3697492182254791,867,330
2008,1,Fast,0.7985705137252808,910,916
2008,1,Fast,0.6544022560119629,936,273
2008,1,Fast,0.5968347787857056,990,434
2008,2,Slow,0.5741181373596191,834,502
2008,2,Slow,0.4218667149543762,1010,409
2009,2,Slow,0.6969006657600403,834,506
2009,1,Fast,0.48012590408325195,936,271
2009,1,Fast,0.38353216648101807,913,924
2010,2,Slow,0.4676174819469452,834,508
2010,1,Fast,0.36118802428245544,900,588
2010,1,Fast,0.3589027523994446,869,339
2010,1,Fast,0.31354159116744995,915,933
2011,1,Fast,0.7315963506698608,900,592
2011,2,Slow,0.6081469058990479,834,512
2011,1,Fast,0.4187999367713928,865,279
2012,2,Slow,0.781659722328186,834,515
2012,1,Fast,0.37238168716430664,935,267
2012,1,Fast,0.3338257968425751,869,344
2012,1,Fast,0.3277401328086853,866,281
2013,1,Fast,0.8233081698417664,924,958
2013,1,Fast,0.4028031826019287,869,346
2013,1,Fast,0.3227248191833496,935,265
2014,1,Fast,0.845913290977478,927,967
2014,2,Slow,0.6078246235847473,837,520
2014,1,Fast,0.5147028565406799,907,605
2014,1,Fast,0.4651761054992676,868,348
2015,2,Slow,0.7513293623924255,836,522
2015,1,Fast,0.6504737138748169,931,976
2015,1,Fast,0.5991677045822144,869,351
2015,1,Fast,0.5293577313423157,910,610
2015,1,Fast,0.4428784251213074,865,285
2016,2,Slow,0.6670799255371094,836,527
2016,1,Fast,0.6603180766105652,934,983
2016,1,Fast,0.4687498211860657,869,353
2016,1,Fast,0.40200644731521606,866,287
2017,2,Slow,0.686254620552063,836,531
2017,2,Slow,0.3391146957874298,937,991
2017,1,Fast,0.3112848401069641,869,356
2018,1,Fast,0.7497032880783081,940,1001
2018,2,Slow,0.44180893898010254,838,534
2018,1,Fast,0.4405277967453003,869,358
2019,1,Fast,0.768119752407074,943,1011
2019,2,Slow,0.5769647359848022,838,537
2020,1,Fast,0.789026141166687,945,1019
2020,2,Slow,0.5171391367912292,839,540
2021,1,Fast,0.7745147347450256,950,1029
2021,1,Fast,0.6528751254081726,871,366
2021,2,Slow,0.41632941365242004,840,544
2022,2,Slow,0.6554731726646423,841,547
2022,1,Fast,0.477914422750473,871,368
2022,1,Fast,0.4491505026817322,953,1039
2023,1,Fast,0.7345278859138489,871,371
2023,1,Fast,0.6086083650588989,958,1049
2023,2,Slow,0.5443488955497742,843,550
2024,1,Fast,0.8171157240867615,872,373
2024,2,Slow,0.48028191924095154,844,553
2024,1,Fast,0.3733004629611969,970,386
2025,1,Fast,0.7846808433532715,872,375
2025,1,Fast,0.47873371839523315,845,556
2025,1,Fast,0.3886144161224365,840,374
2025,1,Fast,0.31190407276153564,969,383
2026,1,Fast,0.8205792903900146,873,378
2026,1,Fast,0.7415013313293457,932,671
2026,1,Fast,0.6244362592697144,967,380
2026,1,Fast,0.6221240162849426,840,376
2026,2,Slow,0.37785717844963074,978,325
2026,2,Slow,0.3723360002040863,846,559
2027,1,Fast,0.8507521748542786,874,381
2027,1,Fast,0.827883243560791,934,677
2027,1,Fast,0.7529093027114868,847,562
2027,1,Fast,0.7279661893844604,841,378
2027,1,Fast,0.3701065480709076,967,377
2028,1,Fast,0.8495489954948425,874,384
2028,1,Fast,0.8226854801177979,936,683
2028,1,Fast,0.7937718033790588,841,380
2028,2,Slow,0.5992859601974487,847,566
2029,1,Fast,0.8242741227149963,874,387
2029,1,Fast,0.730282723903656,841,383
2029,2,Slow,0.7079573273658752,847,570
2029,1,Fast,0.632819652557373,938,689
2030,1,Fast,0.8150297999382019,875,389
2030,1,Fast,0.7852786183357239,842,384
2030,1,Fast,0.377395898103714,941,697
2031,1,Fast,0.8163410425186157,876,392
2031,1,Fast,0.7454808950424194,842,387
2031,2,Slow,0.49766361713409424,849,577
2032,1,Fast,0.8419338464736938,876,395
2032,1,Fast,0.7202014923095703,842,389
2032,1,Fast,0.5107614994049072,947,712
2032,2,Slow,0.4164679944515228,850,581
2033,1,Fast,0.8305769562721252,877,398
2033,1,Fast,0.7806118726730347,843,391
2033,2,Slow,0.4246295690536499,851,584
2034,1,Fast,0.8311582803726196,878,401
2034,1,Fast,0.8214572668075562,843,393
2034,1,Fast,0.5295926928520203,951,725
2035,1,Fast,0.8249626755714417,843,396
2035,1,Fast,0.8034675121307373,878,404
2035,1,Fast,0.36588892340660095,853,592
2035,1,Fast,0.34838831424713135,953,732
2036,1,Fast,0.8255864381790161,844,398
2036,1,Fast,0.8194360733032227,879,406
2036,1,Fast,0.6498937606811523,957,353
2037,1,Fast,0.8378468155860901,879,409
2037,1,Fast,0.8054140210151672,844,400
2037,1,Fast,0.5201226472854614,956,350
2037,2,Slow,0.39279118180274963,854,600
2038,1,Fast,0.8352915048599243,880,412
2038,1,Fast,0.7716963887214661,844,403
2038,1,Fast,0.6301460862159729,962,752
2038,1,Fast,0.47670236229896545,956,348
2038,2,Slow,0.4573379158973694,855,605
2039,1,Fast,0.818608283996582,881,416
2039,1,Fast,0.8081321120262146,966,760
2039,1,Fast,0.7673761248588562,845,406
2039,1,Fast,0.7005143761634827,858,608
2040,1,Fast,0.8153396248817444,969,767
2040,1,Fast,0.8143468499183655,881,419
2040,1,Fast,0.8109938502311707,845,409
2040,1,Fast,0.6911424398422241,858,611
2040,1,Fast,0.6453179717063904,815,389
2041,1,Fast,0.8240145444869995,882,422
2041,1,Fast,0.8177232146263123,846,412
2041,1,Fast,0.7731472849845886,815,391
2041,1,Fast,0.6117392778396606,972,775
2041,1,Fast,0.5117132663726807,859,616
2042,1,Fast,0.821064293384552,883,425
2042,1,Fast,0.8162401914596558,846,414
2042,1,Fast,0.7592459917068481,816,393
2042,1,Fast,0.7272511720657349,861,620
2042,1,Fast,0.3858640491962433,976,782
2043,1,Fast,0.8514698147773743,884,428
2043,1,Fast,0.7880297899246216,847,416
2043,1,Fast,0.768838107585907,816,395
2043,1,Fast,0.68796706199646,862,625
2043,1,Fast,0.5461897850036621,978,792
2044,1,Fast,0.8442561626434326,884,432
2044,1,Fast,0.7680284380912781,847,419
2044,1,Fast,0.7221605181694031,816,397
2044,1,Fast,0.4086795449256897,969,298
2044,1,Fast,0.3557565212249756,981,801
2044,1,Fast,0.33788397908210754,951,335
2045,1,Fast,0.8561986684799194,985,810
2045,1,Fast,0.8442896604537964,885,435
2045,1,Fast,0.8042249083518982,849,422
2045,1,Fast,0.7634537816047668,816,399
2045,2,Slow,0.31638410687446594,864,634
2046,1,Fast,0.8415277600288391,988,817
2046,1,Fast,0.8351444005966187,886,438
2046,1,Fast,0.8310967087745667,849,424
2046,1,Fast,0.7524238228797913,816,401
2046,2,Slow,0.5936440229415894,864,638
2046,1,Fast,0.44394832849502563,868,348
2047,1,Fast,0.8407121300697327,992,824
2047,1,Fast,0.8378267288208008,849,427
2047,1,Fast,0.8275153040885925,887,441
2047,1,Fast,0.7794031500816345,816,403
2047,2,Slow,0.6297932267189026,866,641
2047,1,Fast,0.5475233793258667,868,350
2047,1,Fast,0.4053611159324646,950,327
2048,1,Fast,0.8649344444274902,888,444
2048,1,Fast,0.8387366533279419,850,430
2048,1,Fast,0.7785006761550903,816,405
2048,1,Fast,0.7405635714530945,995,832
2048,1,Fast,0.7293477654457092,868,354
2048,1,Fast,0.6036995649337769,950,326
2048,2,Slow,0.4161019027233124,867,646
2048,1,Fast,0.31861382722854614,967,293
2049,1,Fast,0.8614532947540283,889,448
2049,1,Fast,0.8105723261833191,850,433
2049,1,Fast,0.792817234992981,949,324
2049,1,Fast,0.6634935140609741,816,407
2049,1,Fast,0.6113024353981018,868,356
2049,1,Fast,0.5466433763504028,1000,841
2049,1,Fast,0.37607401609420776,967,291
2050,1,Fast,0.8533398509025574,890,451
2050,1,Fast,0.8294244408607483,1004,850
2050,1,Fast,0.8038850426673889,851,435
2050,1,Fast,0.5404191613197327,868,357
2050,1,Fast,0.5074518322944641,948,321
2050,1,Fast,0.40053316950798035,816,409
2051,1,Fast,0.8209423422813416,851,438
2051,1,Fast,0.8102007508277893,1008,859
2051,1,Fast,0.7979422211647034,890,454
2051,1,Fast,0.5936079025268555,868,362
2051,2,Slow,0.5354288816452026,869,661
2051,1,Fast,0.46879667043685913,947,319
2051,1,Fast,0.4547060430049896,816,412
2052,1,Fast,0.8236752152442932,852,441
2052,1,Fast,0.8128373026847839,892,457
2052,1,Fast,0.7824971675872803,1011,868
2052,1,Fast,0.6283383965492249,817,414
2052,1,Fast,0.6147654056549072,868,363
2052,2,Slow,0.46654725074768066,872,666
2052,1,Fast,0.4599003493785858,946,317
2052,2,Slow,0.30063390731811523,973,322
2053,1,Fast,0.8437321782112122,893,461
2053,1,Fast,0.8125671148300171,1015,877
2053,1,Fast,0.8040679693222046,853,445
2053,2,Slow,0.5795012712478638,972,321
2053,1,Fast,0.5679941773414612,817,417
2053,1,Fast,0.5110070705413818,946,314
2053,1,Fast,0.4964209198951721,869,365
2053,2,Slow,0.35207921266555786,873,671
2054,1,Fast,0.8488269448280334,894,465
2054,1,Fast,0.8330231308937073,1018,887
2054,1,Fast,0.8064572811126709,853,448
2054,1,Fast,0.7497149705886841,945,313
2054,1,Fast,0.6983497738838196,817,419
2054,2,Slow,0.6126206517219543,972,321
2054,1,Fast,0.5796258449554443,870,369
2054,1,Fast,0.3090191185474396,875,674
2055,1,Fast,0.8610568046569824,1023,898
2055,1,Fast,0.8460644483566284,878,679
2055,1,Fast,0.8362452983856201,895,469
2055,1,Fast,0.7914567589759827,854,451
2055,1,Fast,0.7647782564163208,945,311
2055,1,Fast,0.7071552872657776,818,420
2055,2,Slow,0.6264614462852478,972,320
2055,1,Fast,0.53564453125,871,372
2056,1,Fast,0.8637663125991821,1027,908
2056,1,Fast,0.8244016170501709,896,472
2056,1,Fast,0.8191471099853516,878,683
2056,1,Fast,0.8100082278251648,855,453
2056,1,Fast,0.7641060948371887,945,309
2056,1,Fast,0.7119575142860413,818,422
2056,2,Slow,0.5690707564353943,971,318
2056,1,Fast,0.4823243319988251,871,374
2057,1,Fast,0.875694990158081,1032,917
2057,1,Fast,0.8405818343162537,897,477
2057,1,Fast,0.8325046300888062,856,456
2057,1,Fast,0.7391382455825806,818,425
2057,1,Fast,0.7068786025047302,945,307
2057,2,Slow,0.5456127524375916,971,316
2057,2,Slow,0.4477618932723999,880,687
2057,1,Fast,0.38121461868286133,880,687
2058,1,Fast,0.882622241973877,1036,927
2058,1,Fast,0.8545598387718201,898,480
2058,1,Fast,0.8415204286575317,856,459
2058,1,Fast,0.7874677181243896,819,427
2058,1,Fast,0.4900740385055542,945,304
2058,2,Slow,0.36948102712631226,882,693
2058,2,Slow,0.3502897322177887,970,315
2058,1,Fast,0.34381940960884094,882,693
2059,1,Fast,0.8750473260879517,1040,938
2059,1,Fast,0.8549073338508606,899,484
2059,1,Fast,0.8278689384460449,857,462
2059,1,Fast,0.7814704179763794,883,698
2059,1,Fast,0.7703934907913208,819,430
2059,1,Fast,0.4794774651527405,944,303
2059,2,Slow,0.3991994261741638,970,313
2060,1,Fast,0.8755776882171631,1045,948
2060,1,Fast,0.8493086695671082,900,488
2060,1,Fast,0.8350276947021484,858,464
2060,1,Fast,0.7440531253814697,820,431
2060,2,Slow,0.5981411933898926,970,310
2060,1,Fast,0.5516862273216248,884,702
2060,1,Fast,0.41701412200927734,944,301
2060,1,Fast,0.318121999502182,873,385
2061,1,Fast,0.8612010478973389,1050,959
2061,1,Fast,0.8470302224159241,902,492
2061,1,Fast,0.8409886956214905,858,468
2061,2,Slow,0.6637213230133057,969,309
2061,1,Fast,0.6569060683250427,820,434
2061,1,Fast,0.4182397127151489,873,387
2061,1,Fast,0.3008316159248352,885,707
2062,1,Fast,0.8595290184020996,904,495
2062,1,Fast,0.8537208437919617,859,471
2062,1,Fast,0.733759880065918,821,436
2062,2,Slow,0.5195598602294922,969,308
2062,1,Fast,0.49578824639320374,874,389
2062,1,Fast,0.3940267562866211,1056,972
2062,1,Fast,0.3489438593387604,887,713
2063,1,Fast,0.8320978283882141,859,474
2063,1,Fast,0.8277162909507751,1062,982
2063,1,Fast,0.7882342338562012,905,499
2063,1,Fast,0.684863269329071,875,393
2063,2,Slow,0.5736830830574036,968,307
2063,1,Fast,0.5256106853485107,821,439
2063,1,Fast,0.43875229358673096,942,296
2064,1,Fast,0.8312169313430786,861,478
2064,1,Fast,0.8075023293495178,906,503
2064,1,Fast,0.6804470419883728,1067,993
2064,2,Slow,0.4927716851234436,967,305
2064,1,Fast,0.44123610854148865,876,394
2064,1,Fast,0.43859076499938965,821,441
2065,1,Fast,0.8621429800987244,1072,1005
2065,1,Fast,0.8299599885940552,862,481
2065,1,Fast,0.8104580044746399,907,507
2065,1,Fast,0.6537838578224182,821,444
2065,1,Fast,0.5466963052749634,892,728
2065,2,Slow,0.47123607993125916,967,304
2065,1,Fast,0.4214383363723755,876,398
2065,1,Fast,0.39397844672203064,942,291
2066,1,Fast,0.8493844866752625,908,512
2066,1,Fast,0.8317943811416626,862,483
2066,1,Fast,0.8004655838012695,1077,1019
2066,1,Fast,0.627641499042511,942,289
2066,1,Fast,0.5467958450317383,894,732
2066,1,Fast,0.5304579138755798,877,401
2066,1,Fast,0.4733413755893707,822,445
2066,2,Slow,0.3406115174293518,967,302
2067,1,Fast,0.8611355423927307,909,516
2067,1,Fast,0.8303520083427429,864,487
2067,1,Fast,0.8223404884338379,1083,1031
2067,1,Fast,0.7542267441749573,942,288
2067,1,Fast,0.738227128982544,896,739
2067,1,Fast,0.6940127015113831,877,404
2067,1,Fast,0.3971230089664459,822,448
2067,2,Slow,0.36522361636161804,966,301
2068,1,Fast,0.8502871990203857,911,521
2068,1,Fast,0.8322765231132507,864,492
2068,1,Fast,0.6057157516479492,942,286
2068,1,Fast,0.5849423408508301,877,407
2068,1,Fast,0.34343793988227844,1088,1040
2069,1,Fast,0.8514406085014343,913,525
2069,1,Fast,0.8281316161155701,865,495
2069,1,Fast,0.5729712843894958,879,410
2069,2,Slow,0.5014133453369141,965,298
2069,1,Fast,0.49317774176597595,941,284
2069,1,Fast,0.3075889050960541,823,453
2070,1,Fast,0.8261473774909973,915,530
2070,1,Fast,0.8205929398536682,866,499
2070,1,Fast,0.7376335263252258,903,756
2070,2,Slow,0.4750516414642334,965,297
2070,1,Fast,0.45345592498779297,823,455
2070,1,Fast,0.36024460196495056,879,412
2070,1,Fast,0.3546179533004761,941,283
2071,1,Fast,0.8305132985115051,916,534
2071,1,Fast,0.8220602869987488,867,502
2071,1,Fast,0.7775800228118896,905,763
2071,1,Fast,0.5449931621551514,1112,1059
2071,2,Slow,0.4796340763568878,964,296
2071,1,Fast,0.47228577733039856,940,282
2071,1,Fast,0.4259997308254242,880,416
2071,1,Fast,0.40430158376693726,824,458
2072,1,Fast,0.8592501878738403,917,539
2072,1,Fast,0.8310971260070801,869,506
2072,1,Fast,0.823256254196167,907,768
2072,2,Slow,0.649379312992096,964,295
2072,1,Fast,0.6179945468902588,825,461
2072,1,Fast,0.4887203872203827,940,279
2072,1,Fast,0.3941556513309479,880,418
2073,1,Fast,0.8457878232002258,919,544
2073,1,Fast,0.8425347805023193,870,508
2073,1,Fast,0.7928624749183655,880,421
2073,2,Slow,0.6194159984588623,964,293
2073,1,Fast,0.6090332865715027,825,463
2073,1,Fast,0.5859887599945068,908,774
2074,1,Fast,0.8460134267807007,921,548
2074,1,Fast,0.8325474262237549,870,512
2074,1,Fast,0.7238222360610962,882,424
2074,1,Fast,0.6543703675270081,825,465
2074,1,Fast,0.4821071922779083,910,781
2074,2,Slow,0.35297179222106934,964,292
2075,1,Fast,0.8675665855407715,923,553
2075,1,Fast,0.8249513506889343,871,515
2075,1,Fast,0.7818713188171387,912,786
2075,1,Fast,0.7466116547584534,882,428
2075,1,Fast,0.6946555972099304,826,467
2075,2,Slow,0.32770484685897827,963,290
2076,1,Fast,0.848862886428833,872,521
2076,1,Fast,0.8268473148345947,924,559
2076,1,Fast,0.7413559556007385,883,430
2076,1,Fast,0.7212905883789062,826,471
2076,1,Fast,0.6954753994941711,914,793
2077,1,Fast,0.8669040203094482,873,524
2077,1,Fast,0.8564361333847046,926,564
2077,1,Fast,0.8279412388801575,917,800
2077,1,Fast,0.713961660861969,884,433
2077,1,Fast,0.6493905782699585,827,473
2077,1,Fast,0.4057959020137787,940,270
2078,1,Fast,0.856787383556366,874,528
2078,1,Fast,0.8558301329612732,928,568
2078,1,Fast,0.6967618465423584,827,476
2078,1,Fast,0.5675867199897766,885,437
2078,1,Fast,0.48187193274497986,919,808
2078,1,Fast,0.46886855363845825,842,393
2079,1,Fast,0.8527655005455017,875,532
2079,1,Fast,0.8355728983879089,929,573
2079,1,Fast,0.624078094959259,921,814
2079,1,Fast,0.6183241009712219,827,479
2079,1,Fast,0.538724422454834,842,395
2079,1,Fast,0.5309324264526367,886,440
2080,1,Fast,0.8682053685188293,876,536
2080,1,Fast,0.8128873705863953,930,579
2080,1,Fast,0.7350501418113708,828,481
2080,1,Fast,0.5574542880058289,923,819
2081,1,Fast,0.8728078007698059,877,540
2081,1,Fast,0.7568004727363586,933,584
2081,1,Fast,0.467683345079422,829,484
2082,1,Fast,0.8620196580886841,878,545
2082,1,Fast,0.8420891165733337,935,589
2082,1,Fast,0.6042561531066895,887,450
2082,1,Fast,0.5437310338020325,829,488
2082,1,Fast,0.4555297791957855,843,402
2083,1,Fast,0.8586582541465759,937,595
2083,1,Fast,0.848617672920227,880,548
2083,1,Fast,0.4564322829246521,829,490
2083,1,Fast,0.38526806235313416,844,404
2083,1,Fast,0.36836886405944824,931,840
2084,1,Fast,0.852592945098877,939,600
2084,1,Fast,0.8511999845504761,882,552
2084,1,Fast,0.5381909608840942,845,407
2084,1,Fast,0.34152382612228394,934,847
2084,1,Fast,0.33551275730133057,889,457
2085,1,Fast,0.8645001649856567,942,606
2085,1,Fast,0.8512814044952393,882,556
2085,1,Fast,0.6052432060241699,846,409
2085,1,Fast,0.4153251051902771,937,855
2085,2,Slow,0.3416386842727661,890,461
2086,1,Fast,0.8527402281761169,884,560
2086,1,Fast,0.8510950207710266,944,611
2086,1,Fast,0.6412110924720764,846,413
2086,1,Fast,0.6351137161254883,939,861
2086,1,Fast,0.5703654885292053,891,465
2086,1,Fast,0.42172881960868835,832,500
2087,1,Fast,0.8750001192092896,946,617
2087,1,Fast,0.8446617126464844,886,565
2087,1,Fast,0.771968424320221,941,867
2087,1,Fast,0.6320388913154602,892,468
2087,1,Fast,0.6012758016586304,845,415
2088,1,Fast,0.881230354309082,948,624
2088,1,Fast,0.8632433414459229,887,569
2088,1,Fast,0.7144773006439209,943,875
2088,1,Fast,0.3744100034236908,833,505
2088,1,Fast,0.3643271028995514,894,472
2088,1,Fast,0.33408504724502563,845,417
2089,1,Fast,0.8870318531990051,950,630
2089,1,Fast,0.8554235100746155,888,574
2089,1,Fast,0.41257521510124207,834,508
2089,2,Slow,0.315544992685318,894,476
2090,1,Fast,0.8830645084381104,953,635
2090,1,Fast,0.8654928207397461,889,579
2090,1,Fast,0.5779687762260437,846,422
2090,1,Fast,0.3870530128479004,834,511
2090,1,Fast,0.3348005414009094,949,891
2091,1,Fast,0.8874891996383667,891,584
2091,1,Fast,0.8777819871902466,955,641
2091,1,Fast,0.6049913763999939,846,424
2091,1,Fast,0.5712481141090393,835,514
2091,1,Fast,0.38484105467796326,953,899
2092,1,Fast,0.881016194820404,892,588
2092,1,Fast,0.8714821934700012,957,647
2092,1,Fast,0.6295006275177002,835,517
2092,1,Fast,0.36532750725746155,847,428
2093,1,Fast,0.8695475459098816,960,654
2093,1,Fast,0.8648055791854858,894,593
2093,1,Fast,0.6641337275505066,836,520
2093,1,Fast,0.5828207731246948,848,430
2094,1,Fast,0.8704413771629333,963,661
2094,1,Fast,0.8636766672134399,895,599
2094,1,Fast,0.6756856441497803,837,523
2094,1,Fast,0.35381752252578735,849,433
2094,1,Fast,0.351898193359375,900,495
2095,1,Fast,0.863303542137146,966,667
2095,1,Fast,0.8418803811073303,896,603
2095,1,Fast,0.7269005179405212,838,526
2095,1,Fast,0.6114041209220886,850,435
2096,1,Fast,0.8581018447875977,969,674
2096,1,Fast,0.8410775661468506,898,608
2096,1,Fast,0.6888671517372131,838,529
2096,1,Fast,0.5603419542312622,967,940
2096,1,Fast,0.5173213481903076,851,438
2097,1,Fast,0.8497750759124756,972,681
2097,1,Fast,0.8454593420028687,900,612
2097,1,Fast,0.6402831673622131,852,441
2097,1,Fast,0.6192833781242371,838,533
2097,2,Slow,0.3707909882068634,903,506
2097,1,Fast,0.33181890845298767,969,949
2098,1,Fast,0.8685948848724365,975,689
2098,1,Fast,0.8492920398712158,902,617
2098,1,Fast,0.7211713194847107,1415,1061
2098,1,Fast,0.6508802175521851,840,536
2098,1,Fast,0.6493354439735413,852,444
2098,1,Fast,0.5347411036491394,973,957
2099,1,Fast,0.8695656657218933,978,696
2099,1,Fast,0.8233088254928589,1404,1055
2099,1,Fast,0.8045358657836914,904,622
2099,1,Fast,0.7235419154167175,853,446
2099,1,Fast,0.6439833045005798,840,539
2099,1,Fast,0.5707491040229797,975,965
2099,1,Fast,0.3964316248893738,869,354
2099,1,Fast,0.3488617539405823,906,514
2100,1,Fast,0.8874753713607788,1386,1047
2100,1,Fast,0.8707226514816284,980,702
2100,1,Fast,0.8356900215148926,906,627
2100,1,Fast,0.7573482990264893,841,543
2100,1,Fast,0.6950878500938416,980,975
2100,1,Fast,0.6597118377685547,853,450
2101,1,Fast,0.8687480092048645,983,709
2101,1,Fast,0.865982711315155,908,632
2101,1,Fast,0.8580443263053894,1378,1038
2101,1,Fast,0.719002902507782,842,546
2101,1,Fast,0.7167384028434753,854,452
2101,1,Fast,0.6683714985847473,982,981
2102,1,Fast,0.8892107605934143,1369,1025
2102,1,Fast,0.8731063008308411,986,718
2102,1,Fast,0.8489336371421814,910,638
2102,1,Fast,0.7457934617996216,843,550
2102,1,Fast,0.7236136198043823,853,455
2102,1,Fast,0.5995299816131592,986,991
2102,1,Fast,0.42247670888900757,910,528
2103,1,Fast,0.8834763765335083,989,725
2103,1,Fast,0.8669924736022949,1361,1012
2103,1,Fast,0.8581666946411133,911,643
2103,1,Fast,0.7629769444465637,844,553
2103,1,Fast,0.3765299916267395,989,1000
2104,1,Fast,0.8757339119911194,1352,1000
2104,1,Fast,0.8646286129951477,992,733
2104,1,Fast,0.8487350940704346,912,649
2104,1,Fast,0.8303409218788147,845,555
2104,1,Fast,0.7426709532737732,855,462
2104,1,Fast,0.48496171832084656,913,537
2105,1,Fast,0.8745518922805786,1343,988
2105,1,Fast,0.8531695604324341,996,741
2105,1,Fast,0.8510686755180359,914,655
2105,1,Fast,0.8369938135147095,845,559
2105,1,Fast,0.6762926578521729,856,464
2105,1,Fast,0.475738525390625,915,542
2106,1,Fast,0.8702744245529175,1336,975
2106,1,Fast,0.8635748624801636,999,750
2106,1,Fast,0.8492004871368408,916,661
2106,1,Fast,0.7928294539451599,847,562
2106,1,Fast,0.737055778503418,856,467
2107,1,Fast,0.8777651786804199,1004,758
2107,1,Fast,0.8665322065353394,1328,964
2107,1,Fast,0.8122752904891968,918,667
2107,1,Fast,0.7986687421798706,848,566
2107,1,Fast,0.7070440649986267,858,470
2108,1,Fast,0.8830152750015259,1006,767
2108,1,Fast,0.8777039647102356,1321,953
2108,1,Fast,0.8472490906715393,848,570
2108,1,Fast,0.8445086479187012,920,672
2108,1,Fast,0.6350969076156616,858,473
2108,1,Fast,0.3092228174209595,1011,1048
2109,1,Fast,0.8804957270622253,1313,942
2109,1,Fast,0.8728596568107605,1010,775
2109,1,Fast,0.8171564936637878,922,677
2109,1,Fast,0.8127297759056091,849,573
2109,1,Fast,0.784942090511322,859,477
2109,1,Fast,0.5456184148788452,921,560
2110,1,Fast,0.880447506904602,1306,932
2110,1,Fast,0.8714151978492737,1014,784
2110,1,Fast,0.8332211971282959,925,683
2110,1,Fast,0.780507504940033,849,577
2110,1,Fast,0.7643495798110962,860,479
2110,1,Fast,0.4140512943267822,922,565
2110,1,Fast,0.3891107439994812,874,383
2111,1,Fast,0.8894788026809692,1017,793
2111,1,Fast,0.8828334212303162,1299,922
2111,1,Fast,0.8527320027351379,926,689
2111,1,Fast,0.8200083374977112,851,580
2111,1,Fast,0.7020742893218994,860,481
2111,1,Fast,0.33996742963790894,874,385
2112,1,Fast,0.8911466002464294,1291,911
2112,1,Fast,0.8908193707466125,1021,802
2112,1,Fast,0.8611359000205994,927,696
2112,1,Fast,0.8437097072601318,851,584
2112,1,Fast,0.5896053910255432,861,485
2112,1,Fast,0.5721574425697327,875,387
2113,1,Fast,0.8933274149894714,1025,811
2113,1,Fast,0.8803839087486267,1286,901
2113,1,Fast,0.8577786684036255,930,703
2113,1,Fast,0.8131886124610901,852,588
2113,1,Fast,0.6104108095169067,875,390
2114,1,Fast,0.8921416401863098,1278,891
2114,1,Fast,0.890005886554718,1029,820
2114,1,Fast,0.8569014072418213,933,708
2114,1,Fast,0.8141699433326721,853,592
2114,1,Fast,0.458827942609787,876,393
2114,1,Fast,0.4495304226875305,862,492
2115,1,Fast,0.8884191513061523,1273,881
2115,1,Fast,0.8883943557739258,1033,829
2115,1,Fast,0.8397639393806458,935,715
2115,1,Fast,0.8172827959060669,855,596
2115,1,Fast,0.6000842452049255,877,396
2116,1,Fast,0.8896065354347229,1037,840
2116,1,Fast,0.8771347403526306,1267,872
2116,1,Fast,0.8368090987205505,856,601
2116,1,Fast,0.7986394166946411,937,722
2116,1,Fast,0.6004267930984497,877,399
2116,1,Fast,0.3975624144077301,934,596
2116,1,Fast,0.36180350184440613,863,498
2117,1,Fast,0.891314685344696,1041,850
2117,1,Fast,0.8863077163696289,1260,862
2117,1,Fast,0.8523461222648621,940,730
2117,1,Fast,0.818002462387085,856,605
2117,1,Fast,0.4450127184391022,878,402
2118,1,Fast,0.8827987313270569,1046,860
2118,1,Fast,0.8801624178886414,1254,853
2118,1,Fast,0.8725855350494385,942,736
2118,1,Fast,0.8193222880363464,857,609
2118,1,Fast,0.4309348464012146,867,505
2118,1,Fast,0.3790164887905121,938,607
2118,1,Fast,0.3524852395057678,879,406
2119,1,Fast,0.8938344120979309,1051,871
2119,1,Fast,0.8759297132492065,1248,844
2119,1,Fast,0.8577661514282227,945,743
2119,1,Fast,0.8174700736999512,859,613
2119,1,Fast,0.5113293528556824,868,508
2120,1,Fast,0.894465982913971,1055,882
2120,1,Fast,0.8701565861701965,1243,835
2120,1,Fast,0.8359072208404541,948,750
2120,1,Fast,0.833683967590332,860,616
2120,1,Fast,0.6872139573097229,870,512
2121,1,Fast,0.8789613246917725,1060,893
2121,1,Fast,0.8676465153694153,1237,828
2121,1,Fast,0.8313589692115784,951,758
2121,1,Fast,0.8271375298500061,861,620
2121,1,Fast,0.5179749727249146,871,516
2122,1,Fast,0.8892945647239685,1065,904
2122,1,Fast,0.8496938943862915,1232,819
2122,1,Fast,0.8114809989929199,862,624
2122,1,Fast,0.8013413548469543,954,764
2122,1,Fast,0.7699986100196838,872,520
2122,1,Fast,0.4900743067264557,882,417
2122,1,Fast,0.4681553542613983,948,631
2123,1,Fast,0.8903493285179138,1070,916
2123,1,Fast,0.871060848236084,1227,811
2123,1,Fast,0.8677089810371399,956,772
2123,1,Fast,0.8325267434120178,864,629
2123,1,Fast,0.8104501962661743,873,523
2123,1,Fast,0.6893468499183655,883,420
2123,1,Fast,0.6835857629776001,950,636
2124,1,Fast,0.890056848526001,1075,927
2124,1,Fast,0.8741668462753296,1221,802
2124,1,Fast,0.8435729742050171,959,781
2124,1,Fast,0.7925567626953125,864,634
2124,1,Fast,0.677802562713623,874,527
2124,2,Slow,0.43186357617378235,884,423
2125,1,Fast,0.9051589965820312,1080,939
2125,1,Fast,0.876714825630188,1217,794
2125,1,Fast,0.8497866988182068,961,788
2125,1,Fast,0.7904357314109802,865,638
2125,1,Fast,0.6417713165283203,956,649
2125,1,Fast,0.5086780190467834,885,426
2126,1,Fast,0.9000775218009949,1085,951
2126,1,Fast,0.8721848130226135,1211,784
2126,1,Fast,0.8707472085952759,964,796
2126,1,Fast,0.8150907754898071,867,643
2126,1,Fast,0.6908392310142517,886,430
2126,1,Fast,0.45172426104545593,958,655
2127,1,Fast,0.8987448215484619,1090,964
2127,1,Fast,0.871547520160675,1207,778
2127,1,Fast,0.8582536578178406,967,804
2127,1,Fast,0.762592613697052,868,648
2127,1,Fast,0.6551529169082642,961,662
2127,1,Fast,0.5272599458694458,886,433
2128,1,Fast,0.8958953619003296,1096,977
2128,1,Fast,0.880288302898407,1201,771
2128,1,Fast,0.8608583211898804,970,812
2128,1,Fast,0.8106335401535034,869,653
2128,1,Fast,0.7887627482414246,963,668
2128,1,Fast,0.5313390493392944,887,437
2129,1,Fast,0.888358473777771,1102,990
2129,1,Fast,0.8752254843711853,974,820
2129,1,Fast,0.8713665008544922,1197,762
2129,1,Fast,0.7481644153594971,966,675
2129,1,Fast,0.7458958029747009,888,439
2129,1,Fast,0.7235994935035706,871,657
2130,1,Fast,0.8795090913772583,1109,1003
2130,1,Fast,0.8786196708679199,977,828
2130,1,Fast,0.8448556661605835,1192,754
2130,1,Fast,0.7955569624900818,872,663
2130,1,Fast,0.7797170281410217,889,443
2130,1,Fast,0.7267692685127258,969,682
2131,1,Fast,0.8851624727249146,1114,1017
2131,1,Fast,0.8785809874534607,980,837
2131,1,Fast,0.777616024017334,1187,747
2131,1,Fast,0.7660688161849976,873,667
2131,1,Fast,0.725983202457428,973,689
2131,1,Fast,0.6026109457015991,890,445
2132,1,Fast,0.8892241716384888,1122,1031
2132,1,Fast,0.8737250566482544,983,846
2132,1,Fast,0.8498327136039734,1183,740
2132,1,Fast,0.8194645643234253,976,696
2132,1,Fast,0.8121201992034912,874,672
2132,1,Fast,0.5111783146858215,891,449
2133,1,Fast,0.8743395805358887,987,855
2133,1,Fast,0.8726834058761597,1128,1041
2133,1,Fast,0.858240008354187,1179,734
2133,1,Fast,0.8462142944335938,979,703
2133,1,Fast,0.8365230560302734,877,676
2133,1,Fast,0.7468154430389404,887,561
2133,1,Fast,0.5659604668617249,892,452
2134,1,Fast,0.8572964668273926,1135,1048
2134,1,Fast,0.8542437553405762,991,864
2134,1,Fast,0.8527937531471252,982,710
2134,1,Fast,0.8304785490036011,878,681
2134,1,Fast,0.8108243346214294,1176,727
2134,1,Fast,0.6629303693771362,893,456
2134,1,Fast,0.6600003242492676,888,566
2135,1,Fast,0.8439640998840332,985,718
2135,1,Fast,0.821951150894165,880,685
2135,1,Fast,0.8215482831001282,1172,720
2135,1,Fast,0.7998246550559998,995,873
2135,1,Fast,0.7949543595314026,1144,1055
2135,1,Fast,0.794715940952301,889,571
2135,1,Fast,0.752739429473877,895,459
2136,1,Fast,0.8580445051193237,988,726
2136,1,Fast,0.8573344945907593,1167,712
2136,1,Fast,0.8381293416023254,881,689
2136,1,Fast,0.8319242000579834,998,884
2136,1,Fast,0.8180346488952637,890,575
2136,1,Fast,0.7613268494606018,896,463
2136,1,Fast,0.4321008026599884,1155,1063
2137,1,Fast,0.8627846240997314,1002,894
2137,1,Fast,0.8625166416168213,1163,706
2137,1,Fast,0.8324463963508606,882,695
2137,1,Fast,0.8178018927574158,992,733
2137,1,Fast,0.7463040351867676,897,467
2138,1,Fast,0.8452108502388,1005,904
2138,1,Fast,0.8255202174186707,898,470
2138,1,Fast,0.819577157497406,1159,699
2138,1,Fast,0.8121752142906189,995,740
2138,1,Fast,0.7268938422203064,884,700
2139,1,Fast,0.8691327571868896,1009,913
2139,1,Fast,0.8403540849685669,899,473
2139,1,Fast,0.8182306885719299,1156,693
2139,1,Fast,0.809638261795044,999,748
2139,1,Fast,0.806970477104187,885,706
2139,1,Fast,0.6400358080863953,894,588
2140,1,Fast,0.8596526980400085,1012,923
2140,1,Fast,0.850538969039917,887,712
2140,1,Fast,0.8375325798988342,1152,687
2140,1,Fast,0.82791668176651,901,478
2140,1,Fast,0.7518791556358337,1003,757
2140,1,Fast,0.33487752079963684,873,357
2141,1,Fast,0.8719629645347595,1016,933
2141,1,Fast,0.8643831014633179,889,717
2141,1,Fast,0.844825029373169,902,481
2141,1,Fast,0.7920831441879272,1148,681
2141,1,Fast,0.6376363039016724,1006,764
2141,1,Fast,0.34712329506874084,873,360
2142,1,Fast,0.8790461421012878,1021,943
2142,1,Fast,0.8651635646820068,891,723
2142,1,Fast,0.8518538475036621,903,484
2142,1,Fast,0.7957531213760376,1010,774
2142,1,Fast,0.7073193788528442,1144,675
2143,1,Fast,0.8763617873191833,1025,953
2143,1,Fast,0.85609370470047,892,728
2143,1,Fast,0.8455477952957153,905,488
2143,1,Fast,0.8280720114707947,1014,783
2143,1,Fast,0.6733462810516357,1140,669
2143,1,Fast,0.6605240702629089,902,607
2144,1,Fast,0.8914753198623657,1029,964
2144,1,Fast,0.8665430545806885,893,734
2144,1,Fast,0.8445655703544617,1019,793
2144,1,Fast,0.8326882719993591,906,492
2144,1,Fast,0.7605292797088623,1136,663
2144,1,Fast,0.7557669281959534,904,611
2144,1,Fast,0.5804690718650818,874,368
2145,1,Fast,0.8844600319862366,1035,976
2145,1,Fast,0.8661395907402039,895,739
2145,1,Fast,0.8564575910568237,1023,801
2145,1,Fast,0.7466606497764587,908,497
2145,1,Fast,0.6896775960922241,1133,656
2145,1,Fast,0.44980964064598083,906,615
2146,1,Fast,0.8754357099533081,1039,987
2146,1,Fast,0.8663080334663391,1027,810
2146,1,Fast,0.8651243448257446,897,745
2146,1,Fast,0.8163610696792603,1130,651
2146,1,Fast,0.8108115196228027,909,500
2146,1,Fast,0.691990315914154,907,620
2147,1,Fast,0.8683368563652039,1045,999
2147,1,Fast,0.8590022325515747,1031,819
2147,1,Fast,0.8552570939064026,899,751
2147,1,Fast,0.7968018651008606,1128,645
2147,1,Fast,0.7184389233589172,911,505
2147,1,Fast,0.6536340713500977,909,625
2148,1,Fast,0.8701379895210266,902,756
2148,1,Fast,0.866767942905426,1035,827
2148,1,Fast,0.8414300084114075,1051,1012
2148,1,Fast,0.8173375129699707,912,509
2148,1,Fast,0.7543366551399231,1124,639
2148,1,Fast,0.46772393584251404,911,630
2148,1,Fast,0.402395099401474,844,388
2149,1,Fast,0.8577694892883301,903,762
2149,1,Fast,0.8420071005821228,1056,1024
2149,1,Fast,0.8393839001655579,1040,837
2149,1,Fast,0.8112509846687317,914,514
2149,1,Fast,0.7778316736221313,1122,634
2149,1,Fast,0.5127730965614319,913,636
2150,1,Fast,0.8634397387504578,1061,1036
2150,1,Fast,0.8536779284477234,906,767
2150,1,Fast,0.8085817098617554,1044,848
2150,1,Fast,0.6199751496315002,916,518
2150,1,Fast,0.5915877819061279,1117,629
2151,1,Fast,0.8482611179351807,917,522
2151,1,Fast,0.8213603496551514,908,774
2151,1,Fast,0.8084008097648621,1048,857
2151,1,Fast,0.6801748871803284,1066,1043
2151,1,Fast,0.5147066712379456,1114,623
2151,1,Fast,0.45693790912628174,879,386
2151,1,Fast,0.4396573603153229,847,394
2152,1,Fast,0.8658047914505005,919,526
2152,1,Fast,0.8459121584892273,909,781
2152,1,Fast,0.8260595202445984,1054,868
2152,1,Fast,0.5842755436897278,1111,619
2153,1,Fast,0.8763274550437927,920,530
2153,1,Fast,0.8571664690971375,911,787
2153,1,Fast,0.840842068195343,1059,878
2153,1,Fast,0.67897629737854,1110,613
2153,1,Fast,0.352961003780365,1084,1058
2154,1,Fast,0.8733919262886047,922,534
2154,1,Fast,0.8548557758331299,1065,889
2154,1,Fast,0.8378481864929199,913,795
2154,1,Fast,0.5832743048667908,848,401
2154,1,Fast,0.3814200162887573,881,395
2154,1,Fast,0.35839077830314636,1106,608
2155,1,Fast,0.8618403673171997,1070,899
2155,1,Fast,0.8530109524726868,924,539
2155,1,Fast,0.8399202823638916,916,801
2155,1,Fast,0.6783381700515747,881,396
2155,1,Fast,0.4729687571525574,847,403
2156,1,Fast,0.8714362382888794,1076,911
2156,1,Fast,0.858036458492279,918,809
2156,1,Fast,0.8357424736022949,926,544
2156,1,Fast,0.5392429232597351,882,401
2156,1,Fast,0.5368075370788574,1101,599
2156,1,Fast,0.5160243511199951,928,674
2156,1,Fast,0.5012125968933105,847,407
2157,1,Fast,0.8641567230224609,1081,923
2157,1,Fast,0.8590785264968872,920,815
2157,1,Fast,0.8512733578681946,927,548
2157,1,Fast,0.767622172832489,931,679
2157,1,Fast,0.6330368518829346,848,409
2157,1,Fast,0.5915741920471191,883,404
2157,1,Fast,0.4378660023212433,1098,594
2157,1,Fast,0.3771819472312927,813,384
2158,1,Fast,0.8737539052963257,1086,934
2158,1,Fast,0.8641326427459717,930,554
2158,1,Fast,0.8616690039634705,922,821
2158,1,Fast,0.8162025809288025,932,684
2158,1,Fast,0.716441810131073,849,412
2158,1,Fast,0.6443962454795837,1096,588
2158,1,Fast,0.6202130913734436,883,407
2158,1,Fast,0.5412973165512085,813,386
2159,1,Fast,0.8712632656097412,1093,945
2159,1,Fast,0.8606582880020142,932,558
2159,1,Fast,0.8545101284980774,925,828
2159,1,Fast,0.8300612568855286,1094,583
2159,1,Fast,0.7628039121627808,850,414
2159,1,Fast,0.7266495227813721,813,388
2159,1,Fast,0.7075292468070984,934,690
2159,1,Fast,0.6205583214759827,885,410
2160,1,Fast,0.8654987812042236,926,835
2160,1,Fast,0.838247537612915,934,563
2160,1,Fast,0.7530242204666138,813,390
2160,1,Fast,0.7337908148765564,850,415
2160,1,Fast,0.7225023508071899,885,412
2160,1,Fast,0.6663275957107544,1099,957
2160,1,Fast,0.6341338753700256,1091,579
2161,1,Fast,0.8879237174987793,935,568
2161,1,Fast,0.8643854260444641,929,842
2161,1,Fast,0.8075341582298279,886,416
2161,1,Fast,0.7909858822822571,813,392
2161,1,Fast,0.7249338030815125,851,418
2161,1,Fast,0.7173423171043396,940,704
2162,1,Fast,0.8861996531486511,937,573
2162,1,Fast,0.8819378018379211,931,849
2162,1,Fast,0.8139511346817017,813,394
2162,1,Fast,0.7123234272003174,941,710
2162,1,Fast,0.6803163290023804,887,418
2162,1,Fast,0.6173110008239746,850,425
2162,1,Fast,0.48648473620414734,852,418
2162,1,Fast,0.4609241187572479,856,422
2162,1,Fast,0.3157314360141754,1086,569
2163,1,Fast,0.8713021874427795,935,856
2163,1,Fast,0.8415603637695312,940,578
2163,1,Fast,0.8206568956375122,813,396
2163,1,Fast,0.6677073836326599,849,425
2163,1,Fast,0.5810217261314392,858,425
2163,1,Fast,0.5417568683624268,888,422
2164,1,Fast,0.8681445121765137,938,863
2164,1,Fast,0.8635032773017883,941,584
2164,1,Fast,0.816104531288147,813,398
2164,1,Fast,0.6042995452880859,888,424
2164,1,Fast,0.4135192334651947,850,427
2164,1,Fast,0.36642324924468994,859,427
2164,1,Fast,0.30860722064971924,945,723
2165,1,Fast,0.8558235764503479,943,589
2165,1,Fast,0.8512746095657349,940,870
2165,1,Fast,0.8003528714179993,814,401
2165,1,Fast,0.714072585105896,889,428
2165,1,Fast,0.6749846935272217,854,429
2166,1,Fast,0.8646423816680908,943,878
2166,1,Fast,0.8037212491035461,946,594
2166,1,Fast,0.773149311542511,814,403
2166,1,Fast,0.5971133708953857,852,432
2166,1,Fast,0.44383957982063293,889,431
2166,1,Fast,0.41381117701530457,1140,1038
2167,1,Fast,0.8596936464309692,949,600
2167,1,Fast,0.8527327179908752,946,886
2167,1,Fast,0.7081116437911987,814,406
2167,1,Fast,0.6324335932731628,853,434
2167,1,Fast,0.44958001375198364,889,434
2168,1,Fast,0.8506107926368713,949,895
2168,1,Fast,0.8455570340156555,951,605
2168,1,Fast,0.7449050545692444,814,408
2168,1,Fast,0.6700453758239746,891,438
2168,1,Fast,0.49721962213516235,957,751
2168,1,Fast,0.41586756706237793,853,439
2169,1,Fast,0.8664795756340027,953,611
2169,1,Fast,0.8450347185134888,952,903
2169,1,Fast,0.8040165901184082,814,410
2169,1,Fast,0.7836495637893677,892,441
2169,1,Fast,0.7590398788452148,857,441
2169,1,Fast,0.7583128213882446,960,757
2169,1,Fast,0.40069580078125,1071,540
2170,1,Fast,0.8477596640586853,954,911
2170,1,Fast,0.8078310489654541,814,413
2170,1,Fast,0.7988917827606201,955,617
2170,1,Fast,0.7750014066696167,893,445
2170,1,Fast,0.7598803043365479,856,445
2170,1,Fast,0.7374688386917114,963,763
2170,1,Fast,0.44039592146873474,1068,535
2171,1,Fast,0.8568300008773804,957,920
2171,1,Fast,0.8219896554946899,894,448
2171,1,Fast,0.8141739368438721,814,415
2171,1,Fast,0.7728139758110046,857,448
2171,1,Fast,0.6513639688491821,1066,530
2171,1,Fast,0.5964332222938538,959,623
2171,1,Fast,0.3201797306537628,965,769
2172,1,Fast,0.8764983415603638,960,927
2172,1,Fast,0.8209297060966492,814,417
2172,1,Fast,0.7838039994239807,960,628
2172,1,Fast,0.7793332934379578,895,451
2172,1,Fast,0.7560653686523438,1064,526
2172,1,Fast,0.7296602725982666,856,450
2172,1,Fast,0.5687714219093323,1404,1063
2172,1,Fast,0.38677406311035156,969,779
2172,1,Fast,0.3737269639968872,867,282
2173,1,Fast,0.8631528615951538,963,634
2173,1,Fast,0.8431703448295593,963,935
2173,1,Fast,0.8048202991485596,815,420
2173,1,Fast,0.7312824130058289,857,454
2173,1,Fast,0.695313036441803,897,455
2173,1,Fast,0.6864786148071289,1393,1056
2173,1,Fast,0.6288936138153076,1063,522
2173,1,Fast,0.3789895474910736,867,284
2174,1,Fast,0.8630272150039673,966,943
2174,1,Fast,0.8183531761169434,1378,1049
2174,1,Fast,0.8116808533668518,966,640
2174,1,Fast,0.7941669821739197,815,421
2174,1,Fast,0.7114583253860474,897,458
2174,1,Fast,0.46060967445373535,868,286
2175,1,Fast,0.8666908740997314,1367,1040
2175,1,Fast,0.8452364802360535,969,952
2175,1,Fast,0.8448700308799744,968,646
2175,1,Fast,0.8168145418167114,816,423
2175,1,Fast,0.7873219847679138,898,463
2175,1,Fast,0.666769802570343,860,460
2175,1,Fast,0.5843636989593506,979,803
2175,1,Fast,0.5602604150772095,868,287
2176,1,Fast,0.8696365356445312,972,960
2176,1,Fast,0.8537876605987549,1358,1027
2176,1,Fast,0.833953320980072,816,426
2176,1,Fast,0.7793006896972656,971,653
2176,1,Fast,0.6615678668022156,982,810
2176,1,Fast,0.6614380478858948,899,466
2176,1,Fast,0.6466077566146851,860,463
2177,1,Fast,0.8502405285835266,1349,1013
2177,1,Fast,0.8490316271781921,976,969
2177,1,Fast,0.8326535224914551,816,428
2177,1,Fast,0.8044911623001099,974,659
2177,1,Fast,0.7727829217910767,900,470
2177,1,Fast,0.6626864671707153,859,463
2177,1,Fast,0.5097548365592957,986,819
2178,1,Fast,0.8794253468513489,1339,1001
2178,1,Fast,0.8644933700561523,979,978
2178,1,Fast,0.8278964161872864,977,666
2178,1,Fast,0.8073782324790955,816,430
2178,1,Fast,0.6378958821296692,901,473
2178,1,Fast,0.6294899582862854,861,468
2178,1,Fast,0.592951238155365,989,827
2178,1,Fast,0.47440341114997864,1051,504
2179,1,Fast,0.8776746392250061,1330,990
2179,1,Fast,0.8465893268585205,983,988
2179,1,Fast,0.8394107818603516,902,478
2179,1,Fast,0.7848066091537476,817,433
2179,1,Fast,0.735381543636322,979,673
2179,1,Fast,0.723114550113678,863,471
2179,1,Fast,0.561761200428009,1049,500
2180,1,Fast,0.8872570395469666,1322,977
2180,1,Fast,0.8477588891983032,987,998
2180,1,Fast,0.8421992659568787,903,481
2180,1,Fast,0.785365641117096,982,679
2180,1,Fast,0.7375423312187195,817,435
2180,1,Fast,0.6988435387611389,1048,497
2180,1,Fast,0.6789725422859192,862,476
2180,1,Fast,0.5044698715209961,996,843
2181,1,Fast,0.8772276043891907,1313,966
2181,1,Fast,0.8443405628204346,990,1007
2181,1,Fast,0.8263185024261475,904,485
2181,1,Fast,0.8030624985694885,985,687
2181,1,Fast,0.7926514148712158,817,438
2181,1,Fast,0.636001706123352,863,478
2181,1,Fast,0.3808223307132721,1046,493
2182,1,Fast,0.8774837851524353,1306,956
2182,1,Fast,0.8600319623947144,989,694
2182,1,Fast,0.8325248956680298,905,489
2182,1,Fast,0.8289629220962524,995,1017
2182,1,Fast,0.797162652015686,818,441
2182,1,Fast,0.6202658414840698,864,482
2182,1,Fast,0.5789526104927063,1004,861
2182,1,Fast,0.5526637434959412,1045,489
2183,1,Fast,0.8734696507453918,1298,945
2183,1,Fast,0.8186706900596619,992,701
2183,1,Fast,0.7941060066223145,906,492
2183,1,Fast,0.7712351083755493,998,1029
2183,1,Fast,0.7411503791809082,819,444
2183,1,Fast,0.5589877367019653,1042,485
2183,1,Fast,0.3329885005950928,1008,870
2184,1,Fast,0.8828163146972656,1290,933
2184,1,Fast,0.8029254078865051,1002,1039
2184,1,Fast,0.801079511642456,995,708
2184,1,Fast,0.7819194197654724,819,446
2184,1,Fast,0.5865558981895447,867,489
2184,1,Fast,0.5442057847976685,908,496
2184,1,Fast,0.4978046715259552,1041,482
2184,1,Fast,0.3394456207752228,1012,880
2185,1,Fast,0.8783319592475891,1282,922
2185,1,Fast,0.8073179721832275,1007,1045
2185,1,Fast,0.7912978529930115,819,449
2185,1,Fast,0.7101091146469116,910,500
2185,1,Fast,0.6073793768882751,998,714
2185,1,Fast,0.5735263228416443,1016,890
2185,1,Fast,0.4507567286491394,1039,478
2185,1,Fast,0.40916916728019714,867,492
2186,1,Fast,0.8705987334251404,1276,912
2186,1,Fast,0.8229265809059143,1001,723
2186,1,Fast,0.7878578901290894,820,451
2186,1,Fast,0.753567636013031,911,505
2186,1,Fast,0.7210031151771545,1020,900
2186,1,Fast,0.7051665782928467,1011,1051
2186,1,Fast,0.6296652555465698,869,496
2186,1,Fast,0.3454797565937042,1039,474
2187,1,Fast,0.8354331851005554,1269,902
2187,1,Fast,0.822300910949707,820,454
2187,1,Fast,0.819625198841095,871,500
2187,1,Fast,0.8078224658966064,1024,910
2187,1,Fast,0.8058637976646423,1005,730
2187,1,Fast,0.7635608911514282,912,509
2187,1,Fast,0.7226592898368835,1017,1056
2187,1,Fast,0.6376028656959534,1036,471
2188,1,Fast,0.8294885158538818,1008,737
2188,1,Fast,0.8149815201759338,821,456
2188,1,Fast,0.8112389445304871,1261,891
2188,1,Fast,0.7992696166038513,872,504
2188,1,Fast,0.7960940599441528,913,514
2188,1,Fast,0.6985231041908264,1029,920
2188,1,Fast,0.6769883036613464,1023,1061
2188,1,Fast,0.4980504512786865,1035,467
2189,1,Fast,0.8317639231681824,874,506
2189,1,Fast,0.8290159106254578,1255,881
2189,1,Fast,0.805699348449707,915,518
2189,1,Fast,0.7991697192192078,1012,745
2189,1,Fast,0.6812411546707153,823,460
2189,1,Fast,0.6241771578788757,1033,930
2189,1,Fast,0.49048203229904175,1030,1066
2190,1,Fast,0.868130624294281,1016,753
2190,1,Fast,0.8232988119125366,1248,872
2190,1,Fast,0.7937079668045044,1037,939
2190,1,Fast,0.786382257938385,916,522
2190,1,Fast,0.7778671979904175,875,510
2190,1,Fast,0.7647994756698608,822,462
2191,1,Fast,0.8494252562522888,1019,762
2191,1,Fast,0.8248000741004944,918,527
2191,1,Fast,0.816706657409668,875,513
2191,1,Fast,0.8070955872535706,1240,862
2191,1,Fast,0.7355733513832092,823,464
2191,1,Fast,0.6980384588241577,1042,949
2192,1,Fast,0.8350752592086792,1023,771
2192,1,Fast,0.8335716128349304,1234,854
2192,1,Fast,0.7710001468658447,919,531
2192,1,Fast,0.7641093730926514,824,467
2192,1,Fast,0.7633029222488403,876,517
2192,1,Fast,0.6640358567237854,1046,959
2193,1,Fast,0.8583461046218872,1027,780
2193,1,Fast,0.8575093746185303,1228,845
2193,1,Fast,0.8217113018035889,921,535
2193,1,Fast,0.7457311749458313,877,520
2193,1,Fast,0.7278491258621216,824,469
2193,1,Fast,0.3209567964076996,1052,971
2194,1,Fast,0.8630664348602295,1031,789
2194,1,Fast,0.8340229392051697,1222,837
2194,1,Fast,0.8020191192626953,922,541
2194,1,Fast,0.7555785179138184,877,525
2194,1,Fast,0.7311931848526001,825,472
2195,1,Fast,0.8655524253845215,1036,796
2195,1,Fast,0.844261109828949,1216,829
2195,1,Fast,0.6855043172836304,877,528
2195,1,Fast,0.6556336283683777,825,475
2195,1,Fast,0.652115523815155,924,545
2195,1,Fast,0.394564688205719,1062,992
2196,1,Fast,0.8707002997398376,1040,806
2196,1,Fast,0.7541455626487732,1211,820
2196,1,Fast,0.7528528571128845,826,478
2196,1,Fast,0.7328004837036133,879,533
2196,1,Fast,0.6097622513771057,925,550
2197,1,Fast,0.8643941283226013,1044,814
2197,1,Fast,0.8147084712982178,1205,810
2197,1,Fast,0.7671276330947876,827,482
2197,1,Fast,0.6856586933135986,880,536
2197,1,Fast,0.48497629165649414,927,556
2197,1,Fast,0.3174535632133484,1021,440
2198,1,Fast,0.875482976436615,1049,823
2198,1,Fast,0.7455744743347168,827,484
2198,1,Fast,0.7383036613464355,1199,802
2198,1,Fast,0.7269555926322937,929,560
2198,1,Fast,0.7073858976364136,882,540
2199,1,Fast,0.8435938954353333,1054,832
2199,1,Fast,0.8214179277420044,828,488
2199,1,Fast,0.6877127289772034,1194,794
2199,1,Fast,0.6383804082870483,931,565
2200,1,Fast,0.851208508014679,1059,842
2200,1,Fast,0.8147189617156982,828,492
2200,1,Fast,0.8133413791656494,886,548
2200,1,Fast,0.7886016368865967,933,571
2200,1,Fast,0.4941708743572235,1187,786
2201,1,Fast,0.8449940085411072,1064,853
2201,1,Fast,0.8333829045295715,934,575
2201,1,Fast,0.8296259045600891,888,553
2201,1,Fast,0.7961162328720093,828,495
2201,1,Fast,0.4734209179878235,1182,777
2202,1,Fast,0.851581871509552,1069,863
2202,1,Fast,0.832396388053894,889,556
2202,1,Fast,0.8219025731086731,829,499
2202,1,Fast,0.7265681028366089,937,581
2202,1,Fast,0.6186319589614868,1177,769
2202,1,Fast,0.43749335408210754,1418,995
2203,1,Fast,0.8441984057426453,1074,875
2203,1,Fast,0.8197569251060486,829,502
2203,1,Fast,0.6774402856826782,890,559
2203,1,Fast,0.5302698016166687,938,587
2203,1,Fast,0.524642288684845,1172,761
2203,1,Fast,0.48787713050842285,1410,983
2204,1,Fast,0.8860255479812622,1079,885
2204,1,Fast,0.8547511100769043,1400,972
2204,1,Fast,0.7884247899055481,941,592
2204,1,Fast,0.7835167646408081,830,505
2204,1,Fast,0.7327418327331543,1167,754
2204,1,Fast,0.7174891829490662,891,563
2205,1,Fast,0.8839602470397949,1085,896
2205,1,Fast,0.7641382217407227,830,507
2205,1,Fast,0.7117229104042053,943,597
2205,1,Fast,0.6971758008003235,1162,747
2205,1,Fast,0.6424165368080139,1392,962
2205,1,Fast,0.41284751892089844,887,570
2206,1,Fast,0.8746494650840759,1090,908
2206,1,Fast,0.8241387009620667,832,510
2206,1,Fast,0.7954949736595154,945,603
2206,1,Fast,0.7681640386581421,1157,741
2206,1,Fast,0.7439486384391785,1008,414
2206,1,Fast,0.7008792161941528,892,575
2206,1,Fast,0.623390793800354,1387,953
2207,1,Fast,0.886029839515686,1094,919
2207,1,Fast,0.8559743762016296,1379,943
2207,1,Fast,0.8212828636169434,832,514
2207,1,Fast,0.8195992112159729,948,608
2207,1,Fast,0.7765840291976929,1153,734
2207,1,Fast,0.6623370051383972,1007,411
2207,1,Fast,0.6050889492034912,894,578
2208,1,Fast,0.8950464725494385,1100,930
2208,1,Fast,0.8516361713409424,950,614
2208,1,Fast,0.8251189589500427,833,517
2208,1,Fast,0.7894411683082581,1148,727
2208,1,Fast,0.7318856120109558,1371,934
2208,1,Fast,0.7156922221183777,896,584
2208,1,Fast,0.5920416116714478,1005,407
2209,1,Fast,0.8926528692245483,1106,941
2209,1,Fast,0.8244208097457886,834,521
2209,1,Fast,0.8195816278457642,952,621
2209,1,Fast,0.8031324744224548,1362,924
2209,1,Fast,0.7785568833351135,897,589
2209,1,Fast,0.7401599884033203,1144,719
2209,1,Fast,0.3855367600917816,1004,406
2209,1,Fast,0.3597853481769562,873,364
2210,1,Fast,0.8851787447929382,1112,953
2210,1,Fast,0.8300671577453613,954,627
2210,1,Fast,0.8220465779304504,834,524
2210,1,Fast,0.7959193587303162,1355,915
2210,1,Fast,0.6725602746009827,899,594
2210,1,Fast,0.5426337122917175,1140,713
2211,1,Fast,0.8772652745246887,1118,965
2211,1,Fast,0.8501856327056885,957,633
2211,1,Fast,0.840685248374939,835,528
2211,1,Fast,0.6830843091011047,901,599
2211,1,Fast,0.6102012395858765,1135,706
2211,1,Fast,0.5590746998786926,1348,904
2212,1,Fast,0.8670812845230103,1125,977
2212,1,Fast,0.8441674113273621,959,638
2212,1,Fast,0.8183695077896118,835,532
2212,1,Fast,0.6289007663726807,903,603
2212,1,Fast,0.6031023263931274,1130,700
2212,1,Fast,0.3470980226993561,1341,896
2213,1,Fast,0.8109819889068604,962,645
2213,1,Fast,0.7711598873138428,836,536
2213,1,Fast,0.745362401008606,906,608
2213,1,Fast,0.6879263520240784,1132,991
2213,1,Fast,0.4022792875766754,1126,693
2214,1,Fast,0.8410849571228027,964,651
2214,1,Fast,0.7987759709358215,907,613
2214,1,Fast,0.7954460978507996,836,539
2214,1,Fast,0.7306419014930725,1138,1004
2214,1,Fast,0.46383556723594666,1122,686
2214,1,Fast,0.35006600618362427,875,379
2215,1,Fast,0.7778860330581665,967,657
2215,1,Fast,0.7701931595802307,838,543
2215,1,Fast,0.5633894205093384,1118,680
2215,1,Fast,0.5533023476600647,907,616
2215,1,Fast,0.5029544234275818,1145,1018
2216,1,Fast,0.8279086351394653,970,664
2216,1,Fast,0.7143852710723877,1316,862
2216,1,Fast,0.7079038023948669,838,546
2216,1,Fast,0.6715829372406006,1152,1033
2216,1,Fast,0.38974660634994507,877,386
2217,1,Fast,0.7898128032684326,973,671
2217,1,Fast,0.463300496339798,877,388
2217,1,Fast,0.37649887800216675,839,549
2217,1,Fast,0.3639669418334961,1164,1042
2217,1,Fast,0.36333155632019043,1309,854
2217,1,Fast,0.34696099162101746,1111,668
2218,1,Fast,0.8301690816879272,1302,844
2218,1,Fast,0.7507018446922302,976,678
2218,1,Fast,0.4936898350715637,840,552
2218,1,Fast,0.48363107442855835,913,635
2218,1,Fast,0.45858120918273926,878,391
2218,1,Fast,0.4584121108055115,1106,662
2219,1,Fast,0.7980245351791382,979,685
2219,1,Fast,0.7552775740623474,1296,837
2219,1,Fast,0.6939681768417358,841,556
2219,1,Fast,0.5626515746116638,879,393
2219,1,Fast,0.44487303495407104,915,639
2219,1,Fast,0.40024334192276,1102,656
2219,1,Fast,0.3522194027900696,852,430
2220,1,Fast,0.8363876938819885,982,692
2220,1,Fast,0.7701337337493896,917,646
2220,1,Fast,0.7437096834182739,842,559
2220,1,Fast,0.7352137565612793,1291,829
2220,1,Fast,0.5216303467750549,1099,651
2220,1,Fast,0.35055533051490784,879,397
2221,1,Fast,0.8388946056365967,984,699
2221,1,Fast,0.780386209487915,918,651
2221,1,Fast,0.7511283159255981,1285,822
2221,1,Fast,0.6705501675605774,842,564
2221,1,Fast,0.6504700779914856,880,401
2221,1,Fast,0.5395405292510986,1096,645
2221,1,Fast,0.45578283071517944,852,436
2221,1,Fast,0.4169255495071411,867,285
2222,1,Fast,0.8487507104873657,988,707
2222,1,Fast,0.7362197041511536,843,568
2222,1,Fast,0.7235254645347595,920,657
2222,1,Fast,0.6791819930076599,1279,814
2222,1,Fast,0.6007893681526184,880,404
2222,1,Fast,0.38358989357948303,1093,639
2222,1,Fast,0.339559942483902,855,439
2222,1,Fast,0.3315686285495758,868,287
2223,1,Fast,0.8579885363578796,991,714
2223,1,Fast,0.7529968619346619,845,572
2223,1,Fast,0.7284662127494812,881,407
2223,1,Fast,0.6910859942436218,856,442
2223,1,Fast,0.6621708273887634,1274,805
2223,1,Fast,0.3927450180053711,1088,633
2223,1,Fast,0.3572889268398285,868,289
2224,1,Fast,0.8644846677780151,994,722
2224,1,Fast,0.8030145764350891,845,575
2224,1,Fast,0.8016659021377563,1267,798
2224,1,Fast,0.6652233004570007,856,445
2224,1,Fast,0.6322706341743469,881,411
2224,1,Fast,0.3871937394142151,868,291
2225,1,Fast,0.8616130948066711,998,729
2225,1,Fast,0.7112546563148499,847,579
2225,1,Fast,0.6660932898521423,856,448
2225,1,Fast,0.5997596383094788,867,293
2225,1,Fast,0.5433101058006287,882,415
2225,1,Fast,0.521744966506958,927,672
2225,1,Fast,0.4250979721546173,1082,622
2225,1,Fast,0.4158760607242584,1262,790
2226,1,Fast,0.8600051403045654,1001,738
2226,1,Fast,0.813930332660675,847,583
2226,1,Fast,0.7460805177688599,929,679
2226,1,Fast,0.5466516613960266,856,452
2226,1,Fast,0.545526921749115,883,417
2226,1,Fast,0.4431529939174652,867,295
2226,1,Fast,0.40403270721435547,1078,616
2227,1,Fast,0.8611549139022827,1005,746
2227,1,Fast,0.8244343400001526,849,587
2227,1,Fast,0.7935007810592651,930,684
2227,1,Fast,0.5499306917190552,884,420
2227,1,Fast,0.31158965826034546,855,457
2228,1,Fast,0.8658009767532349,1009,754
2228,1,Fast,0.7482346296310425,885,423
2228,1,Fast,0.7267146706581116,850,591
2228,1,Fast,0.5112392902374268,858,460
2228,1,Fast,0.44611552357673645,1247,770
2228,1,Fast,0.35565268993377686,1071,606
2228,1,Fast,0.31141602993011475,931,690
2229,1,Fast,0.8704846501350403,1012,762
2229,1,Fast,0.7287833094596863,886,427
2229,1,Fast,0.7125102281570435,861,462
2229,1,Fast,0.6589483618736267,850,595
2229,1,Fast,0.35462141036987305,1069,601
2230,1,Fast,0.862976610660553,1016,771
2230,1,Fast,0.7550126910209656,886,431
2230,1,Fast,0.7356364130973816,861,466
2230,1,Fast,0.6668521761894226,1235,754
2230,1,Fast,0.5610884428024292,1066,596
2230,1,Fast,0.47246384620666504,852,600
2231,1,Fast,0.8668122291564941,1020,781
2231,1,Fast,0.7935931086540222,887,435
2231,1,Fast,0.7895498871803284,1230,748
2231,1,Fast,0.7688722014427185,1063,591
2231,1,Fast,0.7227827310562134,853,605
2231,1,Fast,0.7136694192886353,861,470
2232,1,Fast,0.8618835806846619,1024,790
2232,1,Fast,0.8110013008117676,1225,743
2232,1,Fast,0.7890978455543518,888,438
2232,1,Fast,0.7647878527641296,1061,586
2232,1,Fast,0.7258874177932739,862,473
2232,1,Fast,0.6910204291343689,854,610
2233,1,Fast,0.8604315519332886,1028,798
2233,1,Fast,0.8014530539512634,889,442
2233,1,Fast,0.7858855724334717,856,613
2233,1,Fast,0.7176857590675354,1058,581
2233,1,Fast,0.6382493376731873,863,476
2233,1,Fast,0.42965129017829895,1222,737
2234,1,Fast,0.864540696144104,1031,807
2234,1,Fast,0.8056762218475342,890,446
2234,1,Fast,0.7896406054496765,857,618
2234,1,Fast,0.670765221118927,865,479
2234,1,Fast,0.42721372842788696,1055,576
2234,1,Fast,0.4048173725605011,945,730
2234,1,Fast,0.31848493218421936,1217,729
2235,1,Fast,0.8722731471061707,1036,816
2235,1,Fast,0.7635983824729919,891,449
2235,1,Fast,0.759390652179718,858,622
2235,1,Fast,0.6740224361419678,948,737
2235,1,Fast,0.5429120659828186,1254,946
2235,1,Fast,0.5148198008537292,1052,571
2235,1,Fast,0.3389347493648529,864,484
2236,1,Fast,0.8789652585983276,1040,825
2236,1,Fast,0.8097721934318542,859,627
2236,1,Fast,0.7776918411254883,893,452
2236,1,Fast,0.5781986117362976,1049,567
2236,1,Fast,0.31254106760025024,1246,935
2237,1,Fast,0.8631704449653625,1044,835
2237,1,Fast,0.8088773488998413,860,632
2237,1,Fast,0.7173148393630981,894,456
2237,1,Fast,0.5190637707710266,1047,562
2237,1,Fast,0.44535771012306213,1202,709
2238,1,Fast,0.8673413395881653,1050,844
2238,1,Fast,0.8099974989891052,895,460
2238,1,Fast,0.7818281650543213,861,637
2238,1,Fast,0.4477446973323822,1045,557
2238,1,Fast,0.4152628183364868,956,758
2238,1,Fast,0.3427389860153198,1198,703
2239,1,Fast,0.878909170627594,1054,854
2239,1,Fast,0.8223237991333008,863,642
2239,1,Fast,0.8181527256965637,959,765
2239,1,Fast,0.817505419254303,897,464
2239,1,Fast,0.4998158812522888,870,499
2239,1,Fast,0.47197967767715454,1042,553
2239,1,Fast,0.43910062313079834,1194,697
2240,1,Fast,0.8685139417648315,1059,864
2240,1,Fast,0.8252742290496826,898,468
2240,1,Fast,0.7974072694778442,864,648
2240,1,Fast,0.6262268424034119,1218,889
2240,1,Fast,0.45700180530548096,1039,548
2240,1,Fast,0.4183947443962097,872,502
2240,1,Fast,0.3367229700088501,871,324
2240,1,Fast,0.3153580129146576,961,772
2241,1,Fast,0.8763274550437927,1064,875
2241,1,Fast,0.8433777689933777,898,472
2241,1,Fast,0.7511499524116516,865,653
2241,1,Fast,0.699607253074646,873,505
2241,1,Fast,0.5859829187393188,1037,544
2241,1,Fast,0.5336395502090454,871,326
2241,1,Fast,0.3951989412307739,964,780
2241,1,Fast,0.3472999036312103,973,331
2242,1,Fast,0.8724702596664429,1069,886
2242,1,Fast,0.8416361212730408,900,476
2242,1,Fast,0.7029406428337097,875,509
2242,1,Fast,0.6876828074455261,867,658
2242,1,Fast,0.6322890520095825,1035,540
2242,1,Fast,0.5618257522583008,870,327
2242,1,Fast,0.37276652455329895,966,789
2242,1,Fast,0.31409186124801636,973,329
2243,1,Fast,0.8806740641593933,1074,897
2243,1,Fast,0.8400365114212036,901,480
2243,1,Fast,0.7021101117134094,868,663
2243,1,Fast,0.6276806592941284,1032,536
2243,1,Fast,0.528914213180542,1178,674
2243,1,Fast,0.4867427349090576,875,513
2243,1,Fast,0.44315701723098755,1198,858
2243,1,Fast,0.392342746257782,972,327
2243,1,Fast,0.31379422545433044,969,798
2244,1,Fast,0.8733708262443542,1079,908
2244,1,Fast,0.8345251679420471,902,485
2244,1,Fast,0.7828401923179626,1029,531
2244,1,Fast,0.7023558616638184,876,518
2244,1,Fast,0.6485089659690857,973,806
2244,1,Fast,0.6266633868217468,972,325
2244,1,Fast,0.5521588921546936,869,668
2244,1,Fast,0.36991173028945923,1173,669
2245,1,Fast,0.8864759802818298,1084,920
2245,1,Fast,0.8253223896026611,904,489
2245,1,Fast,0.7650880813598633,1028,526
2245,1,Fast,0.6947957277297974,871,673
2245,1,Fast,0.6093368530273438,971,324
2245,1,Fast,0.5986170172691345,976,813
2245,1,Fast,0.4726801812648773,878,522
2245,1,Fast,0.3709869384765625,1186,839
2246,1,Fast,0.899914026260376,1090,932
2246,1,Fast,0.8369539380073547,905,493
2246,1,Fast,0.7882242202758789,874,677
2246,1,Fast,0.6968599557876587,970,322
2246,1,Fast,0.68636554479599,979,823
2246,1,Fast,0.6698072552680969,1025,523
2246,1,Fast,0.47659727931022644,879,526
2247,1,Fast,0.8899157047271729,1095,944
2247,1,Fast,0.8461277484893799,906,497
2247,1,Fast,0.8117938041687012,982,831
2247,1,Fast,0.800896167755127,875,682
2247,1,Fast,0.6526660919189453,1023,519
2247,1,Fast,0.31595441699028015,969,319
2248,1,Fast,0.8853474855422974,1102,955
2248,1,Fast,0.8266158699989319,908,502
2248,1,Fast,0.8216975331306458,876,686
2248,1,Fast,0.7529640793800354,985,839
2248,1,Fast,0.7441754937171936,1380,1044
2248,1,Fast,0.5603898763656616,1022,515
2248,1,Fast,0.5536248087882996,969,318
2249,1,Fast,0.8715772032737732,1109,969
2249,1,Fast,0.8414974808692932,878,692
2249,1,Fast,0.7612852454185486,910,506
2249,1,Fast,0.7026167511940002,1369,1033
2249,1,Fast,0.5082868933677673,1019,511
2249,1,Fast,0.3457944393157959,989,847
2249,1,Fast,0.33808010816574097,969,316
2250,1,Fast,0.8712648749351501,1115,981
2250,1,Fast,0.8492263555526733,879,697
2250,1,Fast,0.798863410949707,1360,1020
2250,1,Fast,0.7967255711555481,911,511
2250,1,Fast,0.7147958278656006,993,856
2250,1,Fast,0.4758320152759552,1017,507
2250,1,Fast,0.38997727632522583,844,393
2250,1,Fast,0.3123420178890228,871,349
2251,1,Fast,0.8546039462089539,1121,995
2251,1,Fast,0.8459218144416809,913,516
2251,1,Fast,0.8432835936546326,879,702
2251,1,Fast,0.7522106170654297,1353,1008
2251,1,Fast,0.720083475112915,886,548
2251,1,Fast,0.6912429332733154,997,865
2251,1,Fast,0.6623406410217285,1152,784
2251,1,Fast,0.5903996825218201,844,397
2251,1,Fast,0.5405425429344177,871,353
2252,1,Fast,0.8596677780151367,915,521
2252,1,Fast,0.8427446484565735,881,708
2252,1,Fast,0.7955835461616516,887,552
2252,1,Fast,0.735853910446167,1000,872
2252,1,Fast,0.6979347467422485,845,399
2252,1,Fast,0.6437709927558899,1344,996
2252,1,Fast,0.634211540222168,1128,1008
2252,1,Fast,0.5926610827445984,872,355
2252,1,Fast,0.42213842272758484,1013,499
2252,1,Fast,0.35224223136901855,967,311
2253,1,Fast,0.8658567667007446,916,526
2253,1,Fast,0.8325017094612122,883,715
2253,1,Fast,0.7692199349403381,888,556
2253,1,Fast,0.7446901202201843,1135,1022
2253,1,Fast,0.6863088607788086,1335,983
2253,1,Fast,0.5924805998802185,845,401
2253,1,Fast,0.4961327016353607,1004,882
2253,1,Fast,0.42823272943496704,872,357
2253,1,Fast,0.3848324120044708,1011,495
2254,1,Fast,0.8708497285842896,918,531
2254,1,Fast,0.8256943821907043,1327,972
2254,1,Fast,0.8190598487854004,885,721
2254,1,Fast,0.7951050400733948,1142,1036
2254,1,Fast,0.7316656112670898,889,560
2254,1,Fast,0.5869971513748169,846,405
2254,1,Fast,0.4027554392814636,1008,895
2254,1,Fast,0.364169180393219,1009,491
2255,1,Fast,0.8730950355529785,919,536
2255,1,Fast,0.8345367312431335,887,727
2255,1,Fast,0.7978827357292175,891,566
2255,1,Fast,0.794491171836853,1317,960
2255,1,Fast,0.6788287162780762,1011,903
2255,1,Fast,0.5485542416572571,1151,1044
2255,1,Fast,0.5235045552253723,846,408
2255,1,Fast,0.4740419387817383,1007,488
2255,1,Fast,0.4465392529964447,873,363
2256,1,Fast,0.8812586665153503,921,541
2256,1,Fast,0.8739301562309265,1015,913
2256,1,Fast,0.8602436184883118,890,734
2256,1,Fast,0.856362521648407,1309,948
2256,1,Fast,0.8110419511795044,892,571
2256,1,Fast,0.5704516768455505,847,411
2256,1,Fast,0.5186371207237244,1006,484
2256,1,Fast,0.5000972747802734,874,366
2257,1,Fast,0.8587791323661804,923,546
2257,1,Fast,0.8574187755584717,1019,923
2257,1,Fast,0.8566923141479492,891,740
2257,1,Fast,0.7803187370300293,1301,938
2257,1,Fast,0.6358259320259094,847,415
2257,1,Fast,0.6204105019569397,874,369
2257,1,Fast,0.5911720395088196,1003,480
2257,1,Fast,0.48193860054016113,1123,736
2257,1,Fast,0.4751347601413727,1127,604
2257,1,Fast,0.3799983561038971,894,577
2257,1,Fast,0.36557963490486145,964,303
2258,1,Fast,0.8648422360420227,1023,934
2258,1,Fast,0.8569598197937012,925,551
2258,1,Fast,0.8492978811264038,893,747
2258,1,Fast,0.7136585116386414,875,372
2258,1,Fast,0.6789255738258362,895,582
2258,1,Fast,0.6715567708015442,1295,928
2258,1,Fast,0.5933451652526855,1002,477
2258,1,Fast,0.5888341665267944,847,416
2258,1,Fast,0.3046221435070038,1179,1066
2259,1,Fast,0.859171986579895,1027,943
2259,1,Fast,0.8540005087852478,895,752
2259,1,Fast,0.8529089093208313,927,557
2259,1,Fast,0.7140282392501831,1286,917
2259,1,Fast,0.6681807041168213,876,375
2259,1,Fast,0.6633341908454895,1000,473
2259,1,Fast,0.5046898126602173,896,587
2260,1,Fast,0.8591034412384033,898,759
2260,1,Fast,0.8544632196426392,1032,955
2260,1,Fast,0.8522493243217468,929,563
2260,1,Fast,0.7894702553749084,999,469
2260,1,Fast,0.6704300045967102,877,378
2260,1,Fast,0.6273476481437683,1280,907
2260,1,Fast,0.5835658311843872,849,422
2260,1,Fast,0.5258886218070984,897,592
2261,1,Fast,0.8688793778419495,901,765
2261,1,Fast,0.8643732666969299,931,568
2261,1,Fast,0.8042137622833252,1036,966
2261,1,Fast,0.7547996044158936,997,466
2261,1,Fast,0.7144796252250671,963,296
2261,1,Fast,0.6497839689254761,878,381
2261,1,Fast,0.6493293642997742,850,425
2261,1,Fast,0.48329001665115356,1272,896
2261,1,Fast,0.34734976291656494,1105,703
2262,1,Fast,0.8714035153388977,934,573
2262,1,Fast,0.8644513487815857,903,771
2262,1,Fast,0.8120302557945251,1265,885
2262,1,Fast,0.8031551241874695,996,463
2262,1,Fast,0.7948318123817444,1041,977
2262,1,Fast,0.7184574604034424,963,294
2262,1,Fast,0.654425323009491,850,428
2262,1,Fast,0.6350261569023132,902,603
2262,1,Fast,0.5656048059463501,878,385
2262,1,Fast,0.32880908250808716,1102,697
2263,1,Fast,0.8586820363998413,935,579
2263,1,Fast,0.8559073805809021,905,780
2263,1,Fast,0.811436116695404,993,460
2263,1,Fast,0.7426084280014038,1261,877
2263,1,Fast,0.6775148510932922,850,431
2263,1,Fast,0.5611279010772705,903,607
2263,1,Fast,0.5399764180183411,878,387
2263,1,Fast,0.48441389203071594,1046,988
2263,1,Fast,0.42058101296424866,963,293
2264,1,Fast,0.8719447255134583,937,584
2264,1,Fast,0.8509395718574524,906,786
2264,1,Fast,0.8337666392326355,1052,1000
2264,1,Fast,0.823147714138031,992,456
2264,1,Fast,0.7708703279495239,1253,868
2264,1,Fast,0.7402616739273071,905,611
2264,1,Fast,0.6702559590339661,851,434
2265,1,Fast,0.8600760102272034,940,591
2265,1,Fast,0.8541038036346436,909,793
2265,1,Fast,0.8076592087745667,907,616
2265,1,Fast,0.7845635414123535,991,453
2265,1,Fast,0.6813815236091614,1057,1013
2265,1,Fast,0.6728042364120483,1246,858
2265,1,Fast,0.664673388004303,851,437
2266,1,Fast,0.8558521270751953,911,801
2266,1,Fast,0.850970983505249,942,597
2266,1,Fast,0.8216589689254761,1239,849
2266,1,Fast,0.7677299976348877,1061,1025
2266,1,Fast,0.7510185241699219,989,450
2266,1,Fast,0.7080475687980652,852,441
2266,1,Fast,0.6878935694694519,909,622
2266,1,Fast,0.44186490774154663,962,289
2266,1,Fast,0.4288385212421417,881,397
2267,1,Fast,0.8572657108306885,914,808
2267,1,Fast,0.8444568514823914,1066,1037
2267,1,Fast,0.8382492065429688,945,603
2267,1,Fast,0.8312109708786011,987,446
2267,1,Fast,0.7776110172271729,1232,840
2267,1,Fast,0.7250996232032776,882,400
2267,1,Fast,0.6668646931648254,853,444
2267,1,Fast,0.6298949122428894,910,628
2268,1,Fast,0.8601136803627014,947,609
2268,1,Fast,0.8522551655769348,916,815
2268,1,Fast,0.8468922972679138,985,443
2268,1,Fast,0.7835148572921753,1227,831
2268,1,Fast,0.7119430303573608,853,447
2268,1,Fast,0.651414692401886,883,404
2268,1,Fast,0.61442631483078,913,634
2268,1,Fast,0.5946919322013855,1072,1043
2268,1,Fast,0.31607428193092346,844,397
2269,1,Fast,0.8601582050323486,918,822
2269,1,Fast,0.8595326542854309,949,615
2269,1,Fast,0.8451045751571655,985,440
2269,1,Fast,0.7843522429466248,1221,822
2269,1,Fast,0.620394766330719,853,450
2269,1,Fast,0.5612179040908813,883,407
2269,1,Fast,0.5014982223510742,1079,1050
2269,1,Fast,0.32294371724128723,844,399
2270,1,Fast,0.8606457114219666,920,830
2270,1,Fast,0.8506476283073425,951,622
2270,1,Fast,0.8181015253067017,983,437
2270,1,Fast,0.6990473866462708,884,411
2270,1,Fast,0.6641353964805603,1088,1056
2270,1,Fast,0.5712035298347473,1215,813
2270,1,Fast,0.5450310111045837,854,455
2270,1,Fast,0.36624565720558167,845,402
2271,1,Fast,0.8653132319450378,923,838
2271,1,Fast,0.8346602916717529,954,628
2271,1,Fast,0.7728407382965088,982,434
2271,1,Fast,0.7090145945549011,884,413
2271,1,Fast,0.6530897617340088,1210,805
2271,1,Fast,0.6189131736755371,855,458
2271,1,Fast,0.5187968611717224,1091,1063
2271,1,Fast,0.3112933337688446,846,405
2272,1,Fast,0.8666698932647705,926,845
2272,1,Fast,0.8380667567253113,957,634
2272,1,Fast,0.7851166129112244,981,431
2272,1,Fast,0.6926472783088684,856,461
2272,1,Fast,0.47516411542892456,885,416
2272,1,Fast,0.46394777297973633,847,408
2272,1,Fast,0.4086795449256897,1063,632
2273,1,Fast,0.8655287027359009,929,853
2273,1,Fast,0.8137367367744446,960,641
2273,1,Fast,0.6291958689689636,856,464
2273,1,Fast,0.46268001198768616,847,411
2273,1,Fast,0.44974684715270996,979,428
2273,1,Fast,0.35843685269355774,886,420
2274,1,Fast,0.8713971376419067,932,862
2274,1,Fast,0.8519119024276733,962,648
2274,1,Fast,0.7488150596618652,857,468
2274,1,Fast,0.7398372888565063,886,424
2274,1,Fast,0.7070322632789612,1194,780
2274,1,Fast,0.5937459468841553,847,415
2274,1,Fast,0.4541853964328766,979,425
2275,1,Fast,0.8649758696556091,936,869
2275,1,Fast,0.8495981693267822,966,654
2275,1,Fast,0.7661389112472534,858,471
2275,1,Fast,0.7000328302383423,888,427
2275,1,Fast,0.6835601925849915,1190,773
2275,1,Fast,0.3571082651615143,847,417
2275,1,Fast,0.3474389612674713,929,677
2276,1,Fast,0.8578836917877197,939,875
2276,1,Fast,0.8531822562217712,969,661
2276,1,Fast,0.7786223888397217,888,431
2276,1,Fast,0.775490939617157,858,475
2276,1,Fast,0.6711315512657166,1183,765
2276,1,Fast,0.6255654692649841,931,684
2277,1,Fast,0.8672060966491699,941,884
2277,1,Fast,0.834309995174408,972,667
2277,1,Fast,0.7595094442367554,889,434
2277,1,Fast,0.7462137341499329,933,690
2277,1,Fast,0.726777970790863,860,478
2277,1,Fast,0.574562132358551,849,423
2277,1,Fast,0.3772965371608734,1177,756
2278,1,Fast,0.8628973364830017,945,894
2278,1,Fast,0.834769606590271,975,676
2278,1,Fast,0.7530325651168823,861,483
2278,1,Fast,0.6481612324714661,1172,750
2278,1,Fast,0.631903350353241,849,426
2278,1,Fast,0.5606412291526794,890,437
2278,2,Slow,0.3687779903411865,890,438
2278,1,Fast,0.3223928213119507,936,696
2278,1,Fast,0.32088032364845276,845,375
2279,1,Fast,0.862204909324646,947,903
2279,1,Fast,0.8589597940444946,978,683
2279,1,Fast,0.7714993357658386,861,486
2279,1,Fast,0.7514066696166992,891,443
2279,1,Fast,0.7241288423538208,1167,743
2279,1,Fast,0.6390209197998047,939,705
2279,1,Fast,0.5775781869888306,850,429
2279,1,Fast,0.3022485673427582,845,378
2280,1,Fast,0.8625754117965698,949,912
2280,1,Fast,0.8446416854858398,981,692
2280,1,Fast,0.7898374795913696,891,445
2280,1,Fast,0.7875500917434692,1163,735
2280,1,Fast,0.7351077198982239,862,490
2280,1,Fast,0.6238187551498413,850,432
2281,1,Fast,0.8604907989501953,953,921
2281,1,Fast,0.844025731086731,984,699
2281,1,Fast,0.7744125127792358,892,449
2281,1,Fast,0.4870937764644623,862,493
2281,1,Fast,0.46235284209251404,850,435
2282,1,Fast,0.8598065376281738,956,930
2282,1,Fast,0.8218858242034912,987,707
2282,1,Fast,0.7091418504714966,893,451
2282,1,Fast,0.6996894478797913,851,437
2282,1,Fast,0.587201714515686,1154,720
2282,1,Fast,0.4774792194366455,845,386
2282,1,Fast,0.37309446930885315,863,496
2282,1,Fast,0.3570086658000946,945,728
2282,1,Fast,0.30747681856155396,810,577
2283,1,Fast,0.8735828399658203,959,940
2283,1,Fast,0.8374159336090088,991,715
2283,1,Fast,0.8362067341804504,895,456
2283,1,Fast,0.7834489941596985,852,442
2283,1,Fast,0.7457200884819031,866,502
2283,1,Fast,0.45382532477378845,846,389
2284,1,Fast,0.8734393119812012,963,949
2284,1,Fast,0.8357023596763611,995,723
2284,1,Fast,0.7817671895027161,896,459
2284,1,Fast,0.7518142461776733,852,445
2284,1,Fast,0.6450986862182617,866,506
2284,1,Fast,0.5290932655334473,846,391
2285,1,Fast,0.8775951266288757,966,958
2285,1,Fast,0.7848753929138184,998,732
2285,1,Fast,0.7652448415756226,897,463
2285,1,Fast,0.7012038230895996,853,448
2285,1,Fast,0.645057201385498,868,511
2285,1,Fast,0.6382356882095337,847,393
2286,1,Fast,0.8761299848556519,970,968
2286,1,Fast,0.8147954344749451,1003,740
2286,1,Fast,0.7463813424110413,899,467
2286,1,Fast,0.7059394717216492,853,451
2286,1,Fast,0.701603889465332,869,516
2286,1,Fast,0.5391528010368347,848,396
2286,1,Fast,0.45064833760261536,1137,692
2287,1,Fast,0.8746761679649353,973,978
2287,1,Fast,0.8481042981147766,1007,749
2287,1,Fast,0.8355212807655334,870,519
2287,1,Fast,0.7555804252624512,853,454
2287,1,Fast,0.7324711084365845,900,472
2287,1,Fast,0.6853874921798706,848,398
2287,1,Fast,0.6370373964309692,1133,687
2287,1,Fast,0.46394017338752747,960,764
2287,1,Fast,0.43868938088417053,963,390
2288,1,Fast,0.8630384802818298,977,985
2288,1,Fast,0.8451554179191589,901,476
2288,1,Fast,0.8378838896751404,1011,758
2288,1,Fast,0.8194993734359741,871,523
2288,1,Fast,0.7602918148040771,848,402
2288,1,Fast,0.7332795262336731,1128,681
2288,1,Fast,0.6931160092353821,854,457
2288,1,Fast,0.6597124338150024,962,388
2288,1,Fast,0.3948809802532196,962,772
2289,1,Fast,0.8297287225723267,982,997
2289,1,Fast,0.8265566825866699,1015,768
2289,1,Fast,0.8151177763938904,902,480
2289,1,Fast,0.7893639206886292,872,528
2289,1,Fast,0.673842191696167,849,405
2289,1,Fast,0.6609695553779602,1123,674
2289,1,Fast,0.6322571039199829,855,460
2289,1,Fast,0.6061431169509888,961,385
2289,1,Fast,0.39160269498825073,966,781
2289,1,Fast,0.3424255847930908,813,602
2290,1,Fast,0.8439455032348633,903,484
2290,1,Fast,0.8382391333580017,985,1008
2290,1,Fast,0.8311334252357483,1019,777
2290,1,Fast,0.8227073550224304,874,532
2290,1,Fast,0.7379032373428345,856,464
2290,1,Fast,0.7177083492279053,849,407
2290,1,Fast,0.4523448050022125,960,382
2290,1,Fast,0.3888351023197174,969,790
2291,1,Fast,0.85667884349823,990,1021
2291,1,Fast,0.8485491275787354,1024,787
2291,1,Fast,0.8397894501686096,905,489
2291,1,Fast,0.7668577432632446,875,536
2291,1,Fast,0.7160086035728455,850,410
2291,1,Fast,0.7127981185913086,857,467
2291,1,Fast,0.4279298484325409,959,380
2292,1,Fast,0.8520112633705139,993,1031
2292,1,Fast,0.8379663825035095,1028,797
2292,1,Fast,0.820448637008667,907,492
2292,1,Fast,0.7729644179344177,850,414
2292,1,Fast,0.7394027709960938,875,540
2292,1,Fast,0.7140858769416809,858,471
2292,1,Fast,0.5654810667037964,976,809
2293,1,Fast,0.8515079021453857,1033,807
2293,1,Fast,0.8449034094810486,998,1042
2293,1,Fast,0.7530004382133484,851,416
2293,1,Fast,0.7398261427879333,908,497
2293,1,Fast,0.7036703824996948,878,546
2293,1,Fast,0.642172634601593,859,474
2294,1,Fast,0.865838348865509,1038,816
2294,1,Fast,0.7979089021682739,879,550
2294,1,Fast,0.7427731156349182,851,419
2294,1,Fast,0.7380253076553345,859,478
2294,1,Fast,0.7148034572601318,910,502
2294,1,Fast,0.6532232165336609,1001,1047
2294,1,Fast,0.535465657711029,1039,464
2295,1,Fast,0.8545284271240234,1043,826
2295,1,Fast,0.7697627544403076,852,422
2295,1,Fast,0.737583339214325,861,482
2295,1,Fast,0.7179880738258362,879,555
2295,1,Fast,0.6923194527626038,1006,1052
2295,1,Fast,0.6595353484153748,911,506
2295,1,Fast,0.4561239182949066,1038,461
2296,1,Fast,0.8221743702888489,1048,838
2296,1,Fast,0.7923456430435181,852,425
2296,1,Fast,0.7542286515235901,880,559
2296,1,Fast,0.7449672222137451,1012,1058
2296,1,Fast,0.730303943157196,913,511
2296,1,Fast,0.6848620176315308,861,486
2296,1,Fast,0.3358238935470581,990,844
2297,1,Fast,0.8145415186882019,1053,849
2297,1,Fast,0.7727060317993164,853,428
2297,1,Fast,0.7535596489906311,883,565
2297,1,Fast,0.7262436747550964,863,490
2297,1,Fast,0.7033688426017761,914,517
2297,1,Fast,0.6218827366828918,1095,626
2297,1,Fast,0.499860554933548,1018,1065
2297,1,Fast,0.43117669224739075,1340,1065
2297,1,Fast,0.30460861325263977,827,634
2298,1,Fast,0.8458253145217896,1058,860
2298,1,Fast,0.8145935535430908,916,522
2298,1,Fast,0.7870435118675232,884,570
2298,1,Fast,0.7540758848190308,863,494
2298,1,Fast,0.7305666208267212,854,432
2298,1,Fast,0.48730313777923584,1018,1070
2298,1,Fast,0.42100217938423157,1329,1056
2298,1,Fast,0.37170615792274475,1092,622
2299,1,Fast,0.8454992175102234,1063,870
2299,1,Fast,0.8415437936782837,918,527
2299,1,Fast,0.8099831342697144,886,576
2299,1,Fast,0.7261144518852234,863,497
2299,1,Fast,0.720291018486023,1317,1049
2299,1,Fast,0.6936634182929993,853,435
2299,1,Fast,0.43016791343688965,1088,616
2300,1,Fast,0.8198304772377014,1307,1041
2300,1,Fast,0.8198172450065613,1069,883
2300,1,Fast,0.8165785670280457,919,531
2300,1,Fast,0.7302278876304626,888,580
2300,1,Fast,0.6956367492675781,864,501
2300,1,Fast,0.6848188042640686,854,438
2301,1,Fast,0.7667031288146973,1075,894
2301,1,Fast,0.7574397325515747,1296,1028
2301,1,Fast,0.7538936734199524,888,585
2301,1,Fast,0.6726730465888977,855,442
2301,1,Fast,0.5427863597869873,866,505
2301,1,Fast,0.4210089445114136,921,536
2302,1,Fast,0.7825316786766052,891,590
2302,1,Fast,0.7675622701644897,1081,908
2302,1,Fast,0.7671341896057129,856,445
2302,1,Fast,0.5449331402778625,866,508
2302,1,Fast,0.52468341588974,1014,907
2302,1,Fast,0.4811477065086365,1287,1013
2303,1,Fast,0.8401058316230774,1086,919
2303,1,Fast,0.8284105062484741,1278,999
2303,1,Fast,0.7828055024147034,856,449
2303,1,Fast,0.7292682528495789,868,513
2303,1,Fast,0.6598496437072754,892,596
2303,1,Fast,0.5230900049209595,924,545
2304,1,Fast,0.8565592169761658,1093,932
2304,1,Fast,0.800297200679779,1269,986
2304,1,Fast,0.7897884249687195,870,519
2304,1,Fast,0.7583837509155273,856,452
2304,1,Fast,0.6385095715522766,926,551
2305,1,Fast,0.8637920022010803,1099,945
2305,1,Fast,0.8064036965370178,1260,974
2305,1,Fast,0.795907735824585,857,456
2305,1,Fast,0.7942590713500977,871,522
2305,1,Fast,0.5570879578590393,1027,940
2305,1,Fast,0.4958885908126831,928,557
2305,1,Fast,0.40180882811546326,896,607
2306,1,Fast,0.8793870806694031,1253,961
2306,1,Fast,0.8379525542259216,1106,957
2306,1,Fast,0.8071459531784058,872,526
2306,1,Fast,0.8070264458656311,858,459
2306,1,Fast,0.5173394083976746,1402,1058
2306,1,Fast,0.42097893357276917,897,612
2307,1,Fast,0.8489536046981812,1245,948
2307,1,Fast,0.84769207239151,1112,971
2307,1,Fast,0.8157091736793518,1384,1051
2307,1,Fast,0.7958025336265564,859,462
2307,1,Fast,0.6828047037124634,873,531
2307,1,Fast,0.5749895572662354,932,567
2308,1,Fast,0.8655267953872681,1121,986
2308,1,Fast,0.8554227352142334,1237,937
2308,1,Fast,0.8535512089729309,1374,1043
2308,1,Fast,0.8057597279548645,860,465
2308,1,Fast,0.7382391691207886,934,574
2308,1,Fast,0.6939195990562439,874,536
2308,1,Fast,0.433291494846344,1335,1071
2309,1,Fast,0.8919739127159119,1364,1030
2309,1,Fast,0.8762288689613342,1229,925
2309,1,Fast,0.870320737361908,1127,1001
2309,1,Fast,0.8076599836349487,861,469
2309,1,Fast,0.7728968262672424,1323,1063
2309,1,Fast,0.6858541369438171,875,540
2309,1,Fast,0.5133118033409119,903,630
2310,1,Fast,0.9030526876449585,1354,1016
2310,1,Fast,0.895104706287384,1134,1015
2310,1,Fast,0.8950080275535583,1223,913
2310,1,Fast,0.8367452621459961,1310,1055
2310,1,Fast,0.7735315561294556,862,473
2310,1,Fast,0.6998463273048401,905,636
2310,1,Fast,0.3082963824272156,876,544
2311,1,Fast,0.9106002449989319,1345,1003
2311,1,Fast,0.8924034833908081,1141,1031
2311,1,Fast,0.868126392364502,1299,1049
2311,1,Fast,0.8627001643180847,1216,902
2311,1,Fast,0.7652161121368408,862,478
2311,1,Fast,0.7513466477394104,878,550
2311,1,Fast,0.6461842060089111,907,642
2311,1,Fast,0.45499178767204285,845,699
2311,1,Fast,0.4180229902267456,947,334
2311,1,Fast,0.3002264201641083,1059,1014
2312,1,Fast,0.9045829176902771,1335,990
2312,1,Fast,0.8861097693443298,1290,1040
2312,1,Fast,0.8715652227401733,1150,1044
2312,1,Fast,0.8580536842346191,1209,890
2312,1,Fast,0.7898710370063782,880,553
2312,1,Fast,0.7898674011230469,863,481
2312,1,Fast,0.6881142258644104,910,647
2312,1,Fast,0.35923194885253906,947,333
2313,1,Fast,0.9081913232803345,1327,978
2313,1,Fast,0.8759076595306396,1281,1025
2313,1,Fast,0.8280583024024963,1202,880
2313,1,Fast,0.8068594336509705,880,557
2313,1,Fast,0.8049769997596741,863,485
2313,1,Fast,0.7231051921844482,1160,1052
2313,1,Fast,0.5455585718154907,911,653
2314,1,Fast,0.9105343222618103,1318,966
2314,1,Fast,0.8911213278770447,1273,1011
2314,1,Fast,0.8516809940338135,1195,869
2314,1,Fast,0.7897379994392395,881,561
2314,1,Fast,0.7586307525634766,864,488
2314,1,Fast,0.6076797246932983,1170,1060
2314,1,Fast,0.3079390823841095,913,660
2315,1,Fast,0.9176886081695557,1310,954
2315,1,Fast,0.8998157382011414,1264,998
2315,1,Fast,0.811979353427887,883,568
2315,1,Fast,0.6950821876525879,865,493
2315,1,Fast,0.6889944672584534,1189,859
2315,2,Slow,0.46846505999565125,871,366
2316,1,Fast,0.9070322513580322,1302,943
2316,1,Fast,0.9019858241081238,1255,984
2316,1,Fast,0.8471940755844116,1182,849
2316,1,Fast,0.8154332637786865,885,573
2316,1,Fast,0.741511344909668,867,497
2316,2,Slow,0.5677023530006409,872,368
2316,1,Fast,0.30745476484298706,953,621
2317,1,Fast,0.9068887829780579,1294,932
2317,1,Fast,0.8876028656959534,1247,973
2317,1,Fast,0.812885046005249,1176,839
2317,1,Fast,0.8034064769744873,886,578
2317,1,Fast,0.7962058186531067,868,501
2317,2,Slow,0.7703460454940796,872,372
2317,1,Fast,0.7356263995170593,956,629
2318,1,Fast,0.907677948474884,1286,920
2318,1,Fast,0.8915628790855408,1240,961
2318,1,Fast,0.8109630346298218,869,504
2318,1,Fast,0.7555281519889832,959,635
2318,1,Fast,0.7498733401298523,888,584
2318,1,Fast,0.7430698871612549,1170,829
2318,2,Slow,0.6531955599784851,873,374
2319,1,Fast,0.9077379703521729,1278,909
2319,1,Fast,0.8891632556915283,1233,948
2319,1,Fast,0.8605706095695496,1165,820
2319,1,Fast,0.806145429611206,890,588
2319,1,Fast,0.8011299967765808,871,507
2319,1,Fast,0.7818936109542847,961,642
2319,2,Slow,0.7781392931938171,873,378
2320,1,Fast,0.9071784019470215,1272,898
2320,1,Fast,0.8856881260871887,1226,936
2320,1,Fast,0.8514412045478821,1159,810
2320,1,Fast,0.8227713704109192,965,649
2320,1,Fast,0.8031904101371765,892,594
2320,1,Fast,0.8017731308937073,872,512
2320,1,Fast,0.6764419078826904,927,699
2320,2,Slow,0.314344197511673,874,381
2321,1,Fast,0.9056650996208191,1264,887
2321,1,Fast,0.8819469213485718,1219,925
2321,1,Fast,0.8794472217559814,1153,801
2321,1,Fast,0.7971730828285217,872,517
2321,1,Fast,0.7921051383018494,967,655
2321,1,Fast,0.7826448082923889,893,600
2321,1,Fast,0.635374903678894,930,706
2321,2,Slow,0.6243185997009277,874,384
2322,1,Fast,0.9094381928443909,1257,877
2322,1,Fast,0.8799007534980774,1212,912
2322,1,Fast,0.8592423796653748,1148,792
2322,1,Fast,0.8320256471633911,873,521
2322,1,Fast,0.7506552338600159,971,663
2322,1,Fast,0.7267084717750549,895,604
2322,1,Fast,0.6795571446418762,933,714
2322,1,Fast,0.6703381538391113,865,759
2322,2,Slow,0.5946744680404663,875,388
2323,1,Fast,0.8978950381278992,1250,867
2323,1,Fast,0.8870698809623718,1203,901
2323,1,Fast,0.8347856402397156,874,526
2323,1,Fast,0.8111918568611145,866,765
2323,1,Fast,0.8110267519950867,1142,783
2323,1,Fast,0.8003548383712769,936,722
2323,2,Slow,0.745940625667572,875,392
2323,1,Fast,0.7238153219223022,896,609
2323,1,Fast,0.7149336934089661,974,670
2323,1,Fast,0.5162906050682068,953,412
2324,1,Fast,0.9099830985069275,1243,857
2324,1,Fast,0.8884066343307495,1197,889
2324,1,Fast,0.8293991684913635,875,530
2324,1,Fast,0.7869917750358582,1137,775
2324,1,Fast,0.7730481028556824,953,408
2324,1,Fast,0.7511499524116516,898,615
2324,2,Slow,0.7440304160118103,876,396
2324,1,Fast,0.7130801677703857,939,730
2324,1,Fast,0.6162121295928955,977,679
2325,1,Fast,0.8946309089660645,1237,848
2325,1,Fast,0.8812806010246277,1191,880
2325,1,Fast,0.8245769143104553,876,534
2325,1,Fast,0.8198432326316833,1132,766
2325,1,Fast,0.7678062915802002,900,620
2325,1,Fast,0.7359724044799805,871,779
2325,2,Slow,0.6882529854774475,877,399
2325,1,Fast,0.6787525415420532,981,687
2325,1,Fast,0.4326243996620178,942,738
2326,1,Fast,0.8921159505844116,1230,839
2326,1,Fast,0.8841516375541687,1184,870
2326,1,Fast,0.808295726776123,902,626
2326,1,Fast,0.8063865900039673,877,539
2326,1,Fast,0.7798230051994324,984,695
2326,1,Fast,0.7781628370285034,874,785
2326,1,Fast,0.7701716423034668,1127,758
2326,2,Slow,0.6788361668586731,878,403
2327,1,Fast,0.8928377628326416,1225,829
2327,1,Fast,0.8732388019561768,1178,858
2327,1,Fast,0.8179436922073364,879,544
2327,1,Fast,0.8125391006469727,1123,749
2327,1,Fast,0.8000096082687378,904,632
2327,1,Fast,0.7316568493843079,877,791
2327,2,Slow,0.6193928122520447,879,406
2327,1,Fast,0.5280745029449463,987,702
2327,1,Fast,0.37212899327278137,1308,1050
2328,1,Fast,0.900075376033783,1218,820
2328,1,Fast,0.8713617324829102,1172,849
2328,2,Slow,0.8131697773933411,879,411
2328,1,Fast,0.8113734722137451,881,548
2328,1,Fast,0.8071006536483765,1291,1043
2328,1,Fast,0.7939980626106262,878,798
2328,1,Fast,0.7804262042045593,1118,742
2328,1,Fast,0.6623883247375488,906,639
2328,1,Fast,0.5595308542251587,991,711
2329,1,Fast,0.9062762260437012,1212,811
2329,1,Fast,0.8850541710853577,1166,839
2329,1,Fast,0.8434158563613892,881,805
2329,1,Fast,0.8367919325828552,1282,1030
2329,1,Fast,0.8346132636070251,882,553
2329,2,Slow,0.8004505634307861,880,415
2329,1,Fast,0.778009295463562,908,646
2329,1,Fast,0.7691143155097961,1113,734
2329,1,Fast,0.7505420446395874,994,719
2329,1,Fast,0.6610264182090759,955,773
2330,1,Fast,0.8972691893577576,1206,802
2330,1,Fast,0.876905620098114,1161,830
2330,1,Fast,0.8584151268005371,1273,1015
2330,1,Fast,0.845464825630188,884,557
2330,1,Fast,0.8388170003890991,1109,726
2330,1,Fast,0.8372145891189575,999,727
2330,1,Fast,0.8069246411323547,910,652
2330,2,Slow,0.7787455916404724,880,419
2330,1,Fast,0.7360761761665344,883,811
2330,1,Fast,0.7103834748268127,958,782
2331,1,Fast,0.9027038216590881,1201,794
2331,1,Fast,0.8699800968170166,1155,821
2331,1,Fast,0.847177267074585,1265,1002
2331,1,Fast,0.8327195644378662,886,560
2331,1,Fast,0.8044045567512512,1003,736
2331,1,Fast,0.7972591519355774,912,659
2331,2,Slow,0.7402362823486328,882,422
2331,1,Fast,0.7344990372657776,1104,718
2331,1,Fast,0.5619868040084839,1012,476
2331,1,Fast,0.5233404040336609,947,391
2331,1,Fast,0.5166575908660889,961,790
2331,1,Fast,0.4450986981391907,887,816
2332,1,Fast,0.8920258283615112,1195,785
2332,1,Fast,0.8747546076774597,1149,810
2332,1,Fast,0.865545392036438,1257,989
2332,1,Fast,0.8357579708099365,886,566
2332,2,Slow,0.8320472240447998,882,425
2332,1,Fast,0.6530011296272278,1100,710
2332,1,Fast,0.6439664959907532,1011,473
2332,1,Fast,0.6237321496009827,1414,1066
2332,1,Fast,0.6072205901145935,1008,746
2332,1,Fast,0.5354518890380859,890,825
2332,1,Fast,0.4572768211364746,964,799
2332,1,Fast,0.41602927446365356,945,389
2333,1,Fast,0.8710312843322754,1190,777
2333,1,Fast,0.8539892435073853,1249,976
2333,1,Fast,0.8489100337028503,887,573
2333,1,Fast,0.8208708167076111,1145,801
2333,1,Fast,0.8138442635536194,892,833
2333,2,Slow,0.8006494045257568,883,428
2333,1,Fast,0.7800549268722534,1095,702
2333,1,Fast,0.7767109274864197,1009,469
2333,1,Fast,0.7290863394737244,1403,1059
2333,1,Fast,0.4879103899002075,1011,755
2333,1,Fast,0.3602961599826813,917,671
2334,1,Fast,0.8952511548995972,1184,769
2334,1,Fast,0.8746107816696167,1139,792
2334,1,Fast,0.8680323958396912,1241,963
2334,1,Fast,0.8547516465187073,889,578
2334,1,Fast,0.8542134761810303,1386,1052
2334,1,Fast,0.8415356278419495,893,840
2334,1,Fast,0.7945631146430969,1091,696
2334,2,Slow,0.7429484128952026,884,432
2334,1,Fast,0.6371842622756958,1015,765
2334,1,Fast,0.5854070782661438,919,677
2334,1,Fast,0.48402777314186096,1008,466
2335,1,Fast,0.8842384219169617,1376,1043
2335,1,Fast,0.876508891582489,891,582
2335,1,Fast,0.859599232673645,1133,783
2335,1,Fast,0.8505969047546387,1178,760
2335,1,Fast,0.8494797348976135,896,847
2335,1,Fast,0.8473271131515503,1233,950
2335,2,Slow,0.7554522156715393,886,435
2335,1,Fast,0.7287901639938354,1019,775
2335,1,Fast,0.6216737627983093,942,378
2335,1,Fast,0.6098043918609619,1087,688
2336,1,Fast,0.8909898400306702,1367,1029
2336,1,Fast,0.8816847801208496,892,587
2336,1,Fast,0.87773197889328,1174,753
2336,1,Fast,0.86041259765625,899,855
2336,1,Fast,0.854015052318573,1226,938
2336,1,Fast,0.852325439453125,1127,774
2336,1,Fast,0.6588549017906189,1024,784
2336,1,Fast,0.6539226770401001,1083,682
2336,1,Fast,0.6483758687973022,942,376
2336,1,Fast,0.5521209239959717,887,438
2336,1,Fast,0.5265881419181824,924,691
2337,1,Fast,0.887665331363678,1122,766
2337,1,Fast,0.8852026462554932,1169,745
2337,1,Fast,0.8801146149635315,1357,1016
2337,1,Fast,0.863572359085083,894,593
2337,1,Fast,0.8612409234046936,901,862
2337,1,Fast,0.8445113301277161,1219,926
2337,1,Fast,0.8269702792167664,1028,794
2337,2,Slow,0.8033326268196106,889,443
2337,1,Fast,0.6692225933074951,1079,675
2337,1,Fast,0.3580951988697052,940,373
2337,1,Fast,0.3463382124900818,926,697
2338,1,Fast,0.8887872695922852,1347,1002
2338,1,Fast,0.8830987215042114,1164,738
2338,1,Fast,0.8662914037704468,1118,759
2338,1,Fast,0.854235827922821,1211,913
2338,1,Fast,0.8456690311431885,896,599
2338,1,Fast,0.8383421897888184,1034,804
2338,1,Fast,0.7528326511383057,903,869
2338,1,Fast,0.7063233852386475,929,704
2338,1,Fast,0.6733364462852478,1076,669
2338,1,Fast,0.6186078786849976,939,370
2338,1,Fast,0.6007996797561646,869,385
2338,2,Slow,0.4457998275756836,889,447
2339,1,Fast,0.8789108395576477,1159,730
2339,1,Fast,0.8767005801200867,1338,990
2339,1,Fast,0.8619582653045654,1205,902
2339,1,Fast,0.8450176119804382,1113,749
2339,1,Fast,0.8291539549827576,907,878
2339,1,Fast,0.8290683627128601,898,604
2339,1,Fast,0.8243510723114014,1038,813
2339,1,Fast,0.7465978860855103,931,712
2339,1,Fast,0.6992861032485962,1072,661
2339,1,Fast,0.583023190498352,869,388
2339,2,Slow,0.5298255085945129,890,452
2339,1,Fast,0.374769926071167,938,368
2340,1,Fast,0.900885283946991,1154,722
2340,1,Fast,0.8821616172790527,1043,824
2340,1,Fast,0.8805491924285889,1329,977
2340,1,Fast,0.8666937351226807,1108,741
2340,1,Fast,0.8652771711349487,1199,891
2340,1,Fast,0.8495725393295288,900,610
2340,1,Fast,0.8473213315010071,910,887
2340,2,Slow,0.8201607465744019,892,456
2340,1,Fast,0.7464773654937744,870,392
2340,1,Fast,0.7446485161781311,934,720
2340,1,Fast,0.5466247200965881,1069,655
2340,1,Fast,0.39672669768333435,937,365
2341,1,Fast,0.8888492584228516,1321,966
2341,1,Fast,0.8737035989761353,1104,734
2341,1,Fast,0.8676624894142151,901,615
2341,1,Fast,0.8595964908599854,1192,881
2341,1,Fast,0.8525616526603699,913,894
2341,1,Fast,0.848924458026886,1048,835
2341,2,Slow,0.8240466713905334,893,460
2341,1,Fast,0.8187625408172607,1150,715
2341,1,Fast,0.6312611699104309,871,394
2341,1,Fast,0.6104121804237366,937,728
2341,1,Fast,0.5128891468048096,1066,649
2341,1,Fast,0.5005099773406982,935,363
2342,1,Fast,0.8766524791717529,1313,954
2342,1,Fast,0.8759633898735046,916,904
2342,1,Fast,0.8681219816207886,1186,870
2342,1,Fast,0.8610277771949768,1145,708
2342,1,Fast,0.8531848192214966,903,620
2342,1,Fast,0.8523035049438477,1100,726
2342,1,Fast,0.8051325678825378,939,737
2342,1,Fast,0.8003499507904053,1053,845
2342,2,Slow,0.7483509182929993,895,465
2342,1,Fast,0.7417610287666321,872,398
2342,1,Fast,0.7198739051818848,996,438
2342,1,Fast,0.5290172100067139,1003,900
2342,1,Fast,0.3007984459400177,936,360
2343,1,Fast,0.8796493411064148,1304,943
2343,1,Fast,0.8749359846115112,1141,700
2343,1,Fast,0.8730699419975281,1095,717
2343,1,Fast,0.8626108765602112,1179,859
2343,1,Fast,0.8596720695495605,918,912
2343,1,Fast,0.8375430107116699,1059,858
2343,1,Fast,0.8354300260543823,905,626
2343,2,Slow,0.8016452789306641,895,469
2343,1,Fast,0.6696659326553345,942,744
2343,1,Fast,0.6114929914474487,935,357
2343,1,Fast,0.6025965809822083,873,401
2343,1,Fast,0.5924139618873596,1058,635
2343,1,Fast,0.5473967790603638,994,436
2344,1,Fast,0.8837452530860901,1297,932
2344,1,Fast,0.8766635060310364,1091,710
2344,1,Fast,0.8680798411369324,1173,849
2344,1,Fast,0.8647863268852234,920,920
2344,1,Fast,0.8559452295303345,1065,869
2344,1,Fast,0.8557831645011902,907,633
2344,1,Fast,0.854878842830658,1137,694
2344,2,Slow,0.8292275071144104,896,474
2344,1,Fast,0.6968857645988464,945,752
2344,1,Fast,0.6600701212882996,1055,630
2344,1,Fast,0.4395856559276581,934,356
2344,2,Slow,0.3552592098712921,873,406
2345,1,Fast,0.879929780960083,1289,922
2345,1,Fast,0.8714832067489624,1070,882
2345,1,Fast,0.8626673817634583,1167,840
2345,1,Fast,0.8488430380821228,1088,702
2345,1,Fast,0.8385413885116577,910,639
2345,1,Fast,0.8259260654449463,1132,687
2345,2,Slow,0.8023711442947388,898,479
2345,1,Fast,0.6275770664215088,924,928
2345,1,Fast,0.5522661209106445,949,759
2345,1,Fast,0.45539870858192444,1052,625
2345,2,Slow,0.4239062964916229,874,409
2346,1,Fast,0.8707942962646484,1128,680
2346,1,Fast,0.8697862029075623,1161,830
2346,1,Fast,0.8692775964736938,1076,894
2346,1,Fast,0.8683032989501953,1282,911
2346,1,Fast,0.854338526725769,912,645
2346,1,Fast,0.8475568294525146,929,940
2346,1,Fast,0.8446393013000488,1083,695
2346,2,Slow,0.7686097025871277,900,484
2346,1,Fast,0.688776969909668,933,351
2346,1,Fast,0.6170557141304016,952,768
2346,1,Fast,0.5878289937973022,1049,619
2346,2,Slow,0.43618062138557434,874,413
2347,1,Fast,0.8832037448883057,1274,900
2347,1,Fast,0.8787340521812439,1156,820
2347,1,Fast,0.8722600936889648,1078,688
2347,1,Fast,0.8716738224029541,1082,907
2347,1,Fast,0.867929220199585,932,950
2347,1,Fast,0.8554878830909729,1123,674
2347,1,Fast,0.8450719118118286,913,651
2347,1,Fast,0.7936990261077881,932,349
2347,2,Slow,0.7621880173683167,900,487
2347,1,Fast,0.744688093662262,955,776
2347,1,Fast,0.3775368630886078,1046,612
2348,1,Fast,0.8909669518470764,1089,919
2348,1,Fast,0.8771474957466125,935,959
2348,1,Fast,0.8768701553344727,1074,682
2348,1,Fast,0.8745290040969849,1150,810
2348,1,Fast,0.8729181289672852,1267,889
2348,1,Fast,0.8390551209449768,915,658
2348,1,Fast,0.8230118751525879,1120,668
2348,1,Fast,0.7932426929473877,958,785
2348,2,Slow,0.7584887742996216,903,493
2348,1,Fast,0.7481147646903992,932,346
2348,1,Fast,0.71096271276474,875,420
2348,1,Fast,0.5817331075668335,1042,606
2348,1,Fast,0.5161829590797424,1032,970
2349,1,Fast,0.8867765069007874,1095,932
2349,1,Fast,0.8843839168548584,1259,877
2349,1,Fast,0.880944013595581,939,968
2349,1,Fast,0.8669431805610657,1071,675
2349,1,Fast,0.8662905693054199,1144,800
2349,1,Fast,0.8360660076141357,917,664
2349,1,Fast,0.8158949613571167,1116,662
2349,1,Fast,0.7738772630691528,960,795
2349,2,Slow,0.6793738007545471,905,497
2349,1,Fast,0.6617166996002197,1039,601
2349,1,Fast,0.5229326486587524,932,343
2349,1,Fast,0.4317886531352997,876,424
2349,2,Slow,0.33674800395965576,983,420
2350,1,Fast,0.8947980999946594,941,977
2350,1,Fast,0.884580135345459,1102,946
2350,1,Fast,0.8804827332496643,1252,868
2350,1,Fast,0.8651369214057922,1140,791
2350,1,Fast,0.8575573563575745,1067,668
2350,1,Fast,0.8409011363983154,1112,656
2350,1,Fast,0.8399276733398438,919,671
2350,1,Fast,0.8244377374649048,964,803
2350,2,Slow,0.7906798720359802,907,503
2350,1,Fast,0.5377559661865234,1037,595
2350,1,Fast,0.5355467796325684,877,428
2350,1,Fast,0.5190057158470154,930,341
2351,1,Fast,0.8887820243835449,945,986
2351,1,Fast,0.8813217282295227,1108,957
2351,1,Fast,0.8692220449447632,922,677
2351,1,Fast,0.8690027594566345,1135,782
2351,1,Fast,0.8623783588409424,1064,662
2351,1,Fast,0.8579530715942383,1246,859
2351,1,Fast,0.8350712656974792,1108,650
2351,2,Slow,0.8082313537597656,909,508
2351,1,Fast,0.7983703017234802,967,813
2351,1,Fast,0.5290514230728149,1034,590
2352,1,Fast,0.8666293621063232,1060,654
2352,1,Fast,0.8665457367897034,1239,850
2352,1,Fast,0.8642461895942688,923,684
2352,1,Fast,0.858288049697876,1129,773
2352,1,Fast,0.8530842661857605,1105,642
2352,1,Fast,0.8404501080513,1115,972
2352,1,Fast,0.8371139764785767,949,997
2352,1,Fast,0.8253313899040222,971,822
2352,2,Slow,0.7911193370819092,911,513
2352,1,Fast,0.6175869107246399,1031,583
2352,1,Fast,0.30934086441993713,981,409
2353,1,Fast,0.8760019540786743,1124,765
2353,1,Fast,0.8714362382888794,1233,840
2353,1,Fast,0.8568770885467529,925,690
2353,1,Fast,0.8558031320571899,1057,647
2353,1,Fast,0.842318594455719,975,831
2353,1,Fast,0.7916055917739868,1101,636
2353,2,Slow,0.7668823599815369,913,517
2353,1,Fast,0.6728823184967041,1122,987
2353,1,Fast,0.4343752861022949,1059,1037
2353,1,Fast,0.43149110674858093,1029,578
2354,1,Fast,0.8655524253845215,1119,756
2354,1,Fast,0.8642574548721313,1098,630
2354,1,Fast,0.8614403605461121,1226,832
2354,1,Fast,0.8562873601913452,928,698
2354,1,Fast,0.8455964922904968,1054,641
2354,1,Fast,0.8120307326316833,979,840
2354,2,Slow,0.7477490901947021,915,522
2354,1,Fast,0.712717592716217,1026,573
2354,1,Fast,0.6503304243087769,957,1021
2354,1,Fast,0.5778824090957642,979,405
2354,1,Fast,0.46353885531425476,929,332
2354,1,Fast,0.4363545775413513,1130,1001
2355,1,Fast,0.8719764351844788,960,1032
2355,1,Fast,0.8711801767349243,1221,823
2355,1,Fast,0.8706343173980713,931,706
2355,1,Fast,0.8674637675285339,1094,625
2355,1,Fast,0.8588703274726868,1115,748
2355,1,Fast,0.842553436756134,1050,635
2355,1,Fast,0.8107279539108276,1138,1016
2355,1,Fast,0.7799175977706909,983,850
2355,1,Fast,0.76909339427948,917,529
2355,1,Fast,0.7262524962425232,1024,568
2355,1,Fast,0.7051255702972412,979,402
2355,1,Fast,0.6069644689559937,928,331
2356,1,Fast,0.8768672943115234,1215,815
2356,1,Fast,0.8667604327201843,933,713
2356,1,Fast,0.8619876503944397,1110,740
2356,1,Fast,0.8393875956535339,965,1039
2356,1,Fast,0.8281910419464111,1047,629
2356,1,Fast,0.8159849047660828,987,860
2356,1,Fast,0.795660138130188,1091,620
2356,1,Fast,0.7585403323173523,1146,1032
2356,2,Slow,0.7294601202011108,919,535
2356,1,Fast,0.6300227642059326,977,400
2356,1,Fast,0.609235405921936,1081,1061
2356,1,Fast,0.6071760058403015,927,328
2356,1,Fast,0.5479070544242859,884,452
2356,1,Fast,0.4740469753742218,1021,564
2357,1,Fast,0.8738519549369812,1106,732
2357,1,Fast,0.8663758635520935,936,720
2357,1,Fast,0.8498144745826721,1209,806
2357,1,Fast,0.8329756855964661,1043,623
2357,1,Fast,0.7717924118041992,991,871
2357,1,Fast,0.7597995400428772,1087,614
2357,2,Slow,0.7095826864242554,920,541
2357,1,Fast,0.5595979690551758,927,327
2357,1,Fast,0.498227596282959,1019,559
2357,1,Fast,0.49216383695602417,884,458
2358,1,Fast,0.8625360131263733,939,728
2358,1,Fast,0.8584278225898743,1040,618
2358,1,Fast,0.8505302667617798,1203,797
2358,1,Fast,0.847180187702179,1102,724
2358,1,Fast,0.7873860001564026,1085,609
2358,2,Slow,0.738586962223053,923,546
2358,1,Fast,0.6083200573921204,885,461
2358,1,Fast,0.594950258731842,926,325
2358,1,Fast,0.37779170274734497,996,882
2358,1,Fast,0.34336626529693604,1017,553
2359,1,Fast,0.8736552596092224,941,735
2359,1,Fast,0.8489728569984436,1038,611
2359,1,Fast,0.8294652700424194,1097,716
2359,1,Fast,0.7997687458992004,1081,604
2359,1,Fast,0.7700413465499878,1197,789
2359,1,Fast,0.7458997368812561,999,894
2359,1,Fast,0.683238685131073,926,322
2359,2,Slow,0.678044319152832,925,551
2359,1,Fast,0.5365609526634216,887,464
2359,1,Fast,0.3408223092556,1014,548
2360,1,Fast,0.8751189708709717,944,742
2360,1,Fast,0.8353652954101562,1078,599
2360,1,Fast,0.8160918354988098,1034,606
2360,1,Fast,0.8091034293174744,1093,708
2360,1,Fast,0.7941145896911621,1192,780
2360,1,Fast,0.7851057052612305,1003,905
2360,1,Fast,0.704502522945404,926,320
2360,2,Slow,0.6522907018661499,927,558
2360,1,Fast,0.6464109420776367,1011,543
2360,1,Fast,0.33088552951812744,888,469
2361,1,Fast,0.8665022850036621,947,750
2361,1,Fast,0.8328907489776611,1032,601
2361,1,Fast,0.8112219572067261,1075,593
2361,1,Fast,0.8077685832977295,1088,701
2361,1,Fast,0.8033677935600281,1185,772
2361,1,Fast,0.5947485566139221,890,473
2361,1,Fast,0.5885970592498779,1008,916
2361,1,Fast,0.5854928493499756,1009,538
2361,2,Slow,0.5459921956062317,929,564
2361,1,Fast,0.46607282757759094,968,386
2361,1,Fast,0.4563390016555786,925,318
2362,1,Fast,0.8524339199066162,950,759
2362,1,Fast,0.8480997681617737,1071,588
2362,1,Fast,0.8378270268440247,1030,595
2362,1,Fast,0.7942104339599609,1180,763
2362,1,Fast,0.7856106758117676,1084,694
2362,1,Fast,0.7577680945396423,1012,928
2362,1,Fast,0.6342668533325195,1007,534
2362,1,Fast,0.5139982104301453,925,316
2362,2,Slow,0.46641457080841064,932,570
2362,1,Fast,0.36050355434417725,892,478
2363,1,Fast,0.8552172780036926,1069,582
2363,1,Fast,0.8531107306480408,954,767
2363,1,Fast,0.8428702354431152,1080,686
2363,1,Fast,0.8407567739486694,1027,589
2363,1,Fast,0.8359456062316895,1017,938
2363,1,Fast,0.7930508255958557,1175,756
2363,1,Fast,0.7678711414337158,1005,529
2363,2,Slow,0.587185800075531,935,576
2364,1,Fast,0.85885089635849,1066,577
2364,1,Fast,0.8528152704238892,956,777
2364,1,Fast,0.8467503190040588,1025,583
2364,1,Fast,0.8163374662399292,1022,948
2364,1,Fast,0.8126850128173828,1003,524
2364,1,Fast,0.7746773362159729,968,378
2364,1,Fast,0.7413057088851929,1170,749
2364,1,Fast,0.7110952138900757,1076,679
2364,1,Fast,0.5402294397354126,924,311
2365,1,Fast,0.8634228706359863,1027,960
2365,1,Fast,0.8549880981445312,959,785
2365,1,Fast,0.8524191379547119,1064,572
2365,1,Fast,0.8461520075798035,1021,578
2365,1,Fast,0.8268440365791321,1073,673
2365,1,Fast,0.8227697014808655,1165,741
2365,1,Fast,0.8063956499099731,1001,520
2365,1,Fast,0.3527723550796509,940,590
2365,1,Fast,0.30926528573036194,968,377
2366,1,Fast,0.8462457060813904,1019,574
2366,1,Fast,0.8400840759277344,999,516
2366,1,Fast,0.8289139270782471,1061,567
2366,1,Fast,0.8253341317176819,963,795
2366,1,Fast,0.819551408290863,1161,734
2366,1,Fast,0.7444539070129395,1033,973
2366,1,Fast,0.690125048160553,1070,666
2366,1,Fast,0.5343315601348877,923,308
2366,1,Fast,0.4979061782360077,896,498
2367,1,Fast,0.8585472702980042,945,604
2367,1,Fast,0.8427777886390686,967,804
2367,1,Fast,0.812645435333252,1016,568
2367,1,Fast,0.8120471835136414,1156,727
2367,1,Fast,0.8108656406402588,1065,660
2367,1,Fast,0.806213915348053,996,511
2367,1,Fast,0.7699050307273865,1058,563
2367,1,Fast,0.7210813760757446,1039,985
2367,1,Fast,0.6322517991065979,923,305
2367,1,Fast,0.5614505410194397,965,372
2368,1,Fast,0.8568059802055359,970,812
2368,1,Fast,0.8486690521240234,1013,563
2368,1,Fast,0.7478461861610413,1152,719
2368,1,Fast,0.7070385813713074,1055,558
2368,1,Fast,0.7012413740158081,995,508
2368,1,Fast,0.6470140814781189,948,610
2368,1,Fast,0.6275643706321716,1062,652
2368,1,Fast,0.6077713966369629,1044,998
2368,1,Fast,0.543290913105011,923,304
2369,1,Fast,0.882310152053833,974,820
2369,1,Fast,0.8471710681915283,1010,558
2369,1,Fast,0.7873599529266357,1052,553
2369,1,Fast,0.776978075504303,952,617
2369,1,Fast,0.5905917286872864,1058,647
2369,1,Fast,0.5842623710632324,1051,1014
2369,1,Fast,0.48575714230537415,1147,712
2369,1,Fast,0.46252334117889404,902,513
2369,1,Fast,0.3717458248138428,993,504
2370,1,Fast,0.875185489654541,978,830
2370,1,Fast,0.8417893052101135,1008,553
2370,1,Fast,0.7821180820465088,1050,549
2370,1,Fast,0.6578366756439209,955,623
2370,1,Fast,0.6569256782531738,1143,705
2370,1,Fast,0.6227685809135437,991,499
2370,1,Fast,0.620262622833252,1055,640
2370,1,Fast,0.3547224700450897,1056,1027
2371,1,Fast,0.8851739168167114,981,839
2371,1,Fast,0.8263245224952698,1006,549
2371,1,Fast,0.7971374988555908,1047,545
2371,1,Fast,0.6931434273719788,1051,634
2371,1,Fast,0.6640296578407288,989,495
2371,1,Fast,0.559194028377533,1138,697
2371,1,Fast,0.5511828064918518,905,524
2371,1,Fast,0.5186134576797485,958,632
2372,1,Fast,0.8686466813087463,985,849
2372,1,Fast,0.8526108264923096,1004,544
2372,1,Fast,0.8142138719558716,1045,540
2372,1,Fast,0.7287149429321289,1048,627
2372,1,Fast,0.6652774214744568,1134,691
2372,1,Fast,0.6008486151695251,988,491
2372,1,Fast,0.4219237267971039,906,530
2373,1,Fast,0.8695000410079956,990,860
2373,1,Fast,0.8339447975158691,1002,539
2373,1,Fast,0.8338784575462341,1042,536
2373,1,Fast,0.7756187319755554,1129,684
2373,1,Fast,0.7328956723213196,986,487
2373,1,Fast,0.729289174079895,965,647
2373,1,Fast,0.42973950505256653,1045,622
2374,1,Fast,0.8715199828147888,1000,534
2374,1,Fast,0.8325519561767578,1040,531
2374,1,Fast,0.7982771396636963,984,482
2374,1,Fast,0.7755759954452515,967,654
2374,1,Fast,0.7736528515815735,995,870
2374,1,Fast,0.772266149520874,1125,677
2374,1,Fast,0.6442769169807434,1041,616
2374,1,Fast,0.5914559364318848,921,294
2374,1,Fast,0.5636847615242004,1087,1063
2374,1,Fast,0.377916157245636,910,540
2375,1,Fast,0.8775040507316589,971,662
2375,1,Fast,0.8742244839668274,998,529
2375,1,Fast,0.8073903322219849,1037,526
2375,1,Fast,0.7874955534934998,983,478
2375,1,Fast,0.7486095428466797,998,880
2375,1,Fast,0.6418383717536926,1121,671
2375,1,Fast,0.5493837594985962,921,292
2375,1,Fast,0.5457931160926819,1420,1062
2375,1,Fast,0.48619475960731506,1038,610
2375,1,Fast,0.4380932152271271,912,545
2376,1,Fast,0.8738194108009338,973,670
2376,1,Fast,0.8707967400550842,996,524
2376,1,Fast,0.8478608131408691,1002,893
2376,1,Fast,0.7926734089851379,1036,522
2376,1,Fast,0.7910053133964539,1407,1054
2376,1,Fast,0.7539552450180054,981,474
2376,1,Fast,0.641141951084137,921,290
2376,1,Fast,0.5661740899085999,915,551
2376,1,Fast,0.5239888429641724,1116,665
2377,1,Fast,0.877231240272522,978,678
2377,1,Fast,0.8624894618988037,994,521
2377,1,Fast,0.8482686877250671,1034,518
2377,1,Fast,0.8443120121955872,1007,904
2377,1,Fast,0.8042707443237305,1393,1048
2377,1,Fast,0.8041667938232422,917,557
2377,1,Fast,0.7994519472122192,980,470
2377,1,Fast,0.6837839484214783,957,348
2377,1,Fast,0.5424784421920776,1032,598
2377,1,Fast,0.5334022045135498,1114,659
2377,1,Fast,0.4590822458267212,920,288
2378,1,Fast,0.8761404156684875,1011,914
2378,1,Fast,0.8695082664489746,981,686
2378,1,Fast,0.8543614149093628,992,516
2378,1,Fast,0.8176677227020264,1031,514
2378,1,Fast,0.7985144257545471,1383,1038
2378,1,Fast,0.7662667036056519,978,467
2378,1,Fast,0.7619644403457642,1030,593
2378,1,Fast,0.7472844123840332,1110,653
2378,1,Fast,0.6873005032539368,920,563
2378,1,Fast,0.6833328008651733,957,346
2378,1,Fast,0.49441006779670715,920,287
2379,1,Fast,0.8727177381515503,1015,923
2379,1,Fast,0.8499417304992676,1028,587
2379,1,Fast,0.8339936137199402,922,570
2379,1,Fast,0.8323649168014526,984,695
2379,1,Fast,0.8316251635551453,1375,1026
2379,1,Fast,0.8299819827079773,990,512
2379,1,Fast,0.8193812966346741,1106,647
2379,1,Fast,0.7937831878662109,1029,509
2379,1,Fast,0.7868138551712036,977,463
2379,1,Fast,0.7171720266342163,957,343
2379,1,Fast,0.4233928620815277,919,285
2380,1,Fast,0.8856658339500427,1366,1012
2380,1,Fast,0.8837184309959412,1020,934
2380,1,Fast,0.8664904236793518,1025,582
2380,1,Fast,0.8586268424987793,989,704
2380,1,Fast,0.8250106573104858,988,507
2380,1,Fast,0.7956048846244812,924,576
2380,1,Fast,0.7825196981430054,1103,641
2380,1,Fast,0.7752079963684082,1027,505
2380,1,Fast,0.7666729688644409,975,459
2380,1,Fast,0.7091375589370728,956,341
2381,1,Fast,0.8806211948394775,1026,944
2381,1,Fast,0.8552497029304504,985,503
2381,1,Fast,0.8429484367370605,1022,577
2381,1,Fast,0.8355493545532227,994,714
2381,1,Fast,0.8193445801734924,973,456
2381,1,Fast,0.7966094613075256,1357,1001
2381,1,Fast,0.7386409044265747,1025,501
2381,1,Fast,0.7173063158988953,927,583
2381,1,Fast,0.5916462540626526,1100,636
2382,1,Fast,0.8826353549957275,1030,956
2382,1,Fast,0.8647150993347168,984,499
2382,1,Fast,0.8422226905822754,1347,988
2382,1,Fast,0.8414565324783325,1019,572
2382,1,Fast,0.8389568328857422,998,724
2382,1,Fast,0.8134828805923462,973,452
2382,1,Fast,0.7828049063682556,1022,497
2382,1,Fast,0.7265718579292297,928,591
2382,1,Fast,0.4108174443244934,1097,629
2382,1,Fast,0.3399141728878021,954,337
2383,1,Fast,0.8935320973396301,1002,733
2383,1,Fast,0.8889192938804626,1034,967
2383,1,Fast,0.8599070310592651,1339,976
2383,1,Fast,0.8490894436836243,982,495
2383,1,Fast,0.8373318910598755,1021,494
2383,1,Fast,0.8269723057746887,1016,567
2383,1,Fast,0.8154468536376953,972,449
2383,1,Fast,0.709108829498291,1092,623
2383,1,Fast,0.6884686350822449,931,597
2384,1,Fast,0.8942205905914307,1040,981
2384,1,Fast,0.8667598962783813,981,491
2384,1,Fast,0.8530789613723755,1007,742
2384,1,Fast,0.8376411199569702,970,445
2384,1,Fast,0.8334112167358398,1019,490
2384,1,Fast,0.8329513669013977,1331,965
2384,1,Fast,0.7994794845581055,1013,562
2384,1,Fast,0.776650071144104,1089,618
2384,1,Fast,0.706895112991333,953,332
2384,1,Fast,0.6418793201446533,934,603
2385,1,Fast,0.8769235610961914,1047,994
2385,1,Fast,0.8749346137046814,1011,752
2385,1,Fast,0.8687045574188232,1322,953
2385,1,Fast,0.8643488883972168,979,488
2385,1,Fast,0.8607984185218811,1011,556
2385,1,Fast,0.83612459897995,969,441
2385,1,Fast,0.8254418969154358,1017,486
2385,1,Fast,0.6680663824081421,952,330
2385,1,Fast,0.6053574085235596,1085,611
2386,1,Fast,0.876985490322113,1315,942
2386,1,Fast,0.8484740853309631,1016,762
2386,1,Fast,0.8473001718521118,978,483
2386,1,Fast,0.8441196084022522,1054,1009
2386,1,Fast,0.8319157958030701,968,438
2386,1,Fast,0.8156951665878296,1009,551
2386,1,Fast,0.7883478999137878,1015,482
2386,1,Fast,0.7458175420761108,952,328
2386,1,Fast,0.5383912324905396,1081,606
2386,1,Fast,0.4219662845134735,942,617
2387,1,Fast,0.8854987025260925,1061,1024
2387,1,Fast,0.8450619578361511,976,478
2387,1,Fast,0.838824450969696,1013,478
2387,1,Fast,0.8249425292015076,966,434
2387,1,Fast,0.8203163743019104,1021,774
2387,1,Fast,0.8065688610076904,1006,546
2387,1,Fast,0.7683531641960144,1308,932
2387,1,Fast,0.7630591988563538,952,325
2387,1,Fast,0.7475490570068359,943,623
2387,1,Fast,0.5582743287086487,1079,601
2388,1,Fast,0.864888608455658,1066,1036
2388,1,Fast,0.8535261750221252,975,475
2388,1,Fast,0.8458424806594849,1011,475
2388,1,Fast,0.8427291512489319,1004,541
2388,1,Fast,0.830858051776886,1300,921
2388,1,Fast,0.8254398703575134,1026,784
2388,1,Fast,0.819771945476532,965,432
2388,1,Fast,0.8143061399459839,946,631
2388,1,Fast,0.7605847120285034,952,324
2388,1,Fast,0.7263184785842896,1076,596
2389,1,Fast,0.8863880634307861,1292,910
2389,1,Fast,0.8620641827583313,1031,796
2389,1,Fast,0.8517778515815735,1009,471
2389,1,Fast,0.8429083824157715,973,472
2389,1,Fast,0.8412085175514221,1072,1044
2389,1,Fast,0.827154278755188,1074,591
2389,1,Fast,0.8214500546455383,1002,537
2389,1,Fast,0.791938304901123,949,639
2389,1,Fast,0.780760645866394,951,323
2389,1,Fast,0.7102221846580505,964,428
2390,1,Fast,0.8799428939819336,1284,900
2390,1,Fast,0.8771092295646667,1000,532
2390,1,Fast,0.8465006351470947,972,468
2390,1,Fast,0.8359581828117371,1036,806
2390,1,Fast,0.8300797343254089,1071,586
2390,1,Fast,0.8263384103775024,1081,1050
2390,1,Fast,0.7800295948982239,1008,468
2390,1,Fast,0.7627524733543396,963,425
2390,1,Fast,0.7263573408126831,951,321
2390,1,Fast,0.5933966636657715,952,646
2391,1,Fast,0.8728947639465332,998,527
2391,1,Fast,0.8659132122993469,1042,818
2391,1,Fast,0.857144296169281,1278,890
2391,1,Fast,0.837225615978241,1069,580
2391,1,Fast,0.8179101943969727,970,464
2391,1,Fast,0.8135425448417664,1006,464
2391,1,Fast,0.7835191488265991,1088,1057
2391,1,Fast,0.6517991423606873,950,319
2391,1,Fast,0.5751345753669739,962,422
2391,1,Fast,0.5171705484390259,954,654
2392,1,Fast,0.881888210773468,995,522
2392,1,Fast,0.8700075745582581,1272,881
2392,1,Fast,0.8503033518791199,968,461
2392,1,Fast,0.8381428718566895,1048,830
2392,1,Fast,0.8034104108810425,1004,461
2392,1,Fast,0.7944731116294861,1065,575
2392,1,Fast,0.7200725078582764,957,663
2392,1,Fast,0.6702367663383484,961,418
2392,1,Fast,0.5553994178771973,1096,1065
2393,1,Fast,0.8898311257362366,994,518
2393,1,Fast,0.864355206489563,1054,842
2393,1,Fast,0.854834258556366,967,457
2393,1,Fast,0.8139533400535583,1003,457
2393,1,Fast,0.732416570186615,1265,871
2393,1,Fast,0.5564598441123962,961,671
2393,1,Fast,0.5531682372093201,960,415
2393,1,Fast,0.5079660415649414,1062,570
2394,1,Fast,0.8766201734542847,1257,861
2394,1,Fast,0.8718691468238831,1060,856
2394,1,Fast,0.8616885542869568,992,514
2394,1,Fast,0.8412308096885681,965,454
2394,1,Fast,0.8226015567779541,1001,453
2394,1,Fast,0.7731892466545105,964,680
2394,1,Fast,0.7677066922187805,1058,565
2394,1,Fast,0.5961268544197083,958,412
2395,1,Fast,0.8694355487823486,1066,870
2395,1,Fast,0.8544785976409912,1250,851
2395,1,Fast,0.8459467887878418,989,510
2395,1,Fast,0.8285847902297974,999,451
2395,1,Fast,0.823797345161438,1056,562
2395,1,Fast,0.8157396912574768,965,451
2395,1,Fast,0.798197865486145,968,689
2395,1,Fast,0.7760385274887085,957,408
2395,1,Fast,0.46489518880844116,948,311
2395,2,Slow,0.31840983033180237,852,441
2396,1,Fast,0.8800621628761292,1073,882
2396,1,Fast,0.8557481169700623,972,697
2396,1,Fast,0.8501206636428833,987,506
2396,1,Fast,0.8437520861625671,998,447
2396,1,Fast,0.8305827379226685,963,447
2396,1,Fast,0.8144032955169678,1244,843
2396,1,Fast,0.789638102054596,1053,557
2396,1,Fast,0.7818341851234436,957,406
2396,1,Fast,0.3820022642612457,949,309
2396,2,Slow,0.3459107279777527,853,445
2396,1,Fast,0.3323066830635071,946,309
2397,1,Fast,0.8726717829704285,985,502
2397,1,Fast,0.8691229820251465,1080,896
2397,1,Fast,0.8642037510871887,976,706
2397,1,Fast,0.8594151139259338,996,444
2397,1,Fast,0.8321333527565002,962,443
2397,1,Fast,0.8171325922012329,1238,834
2397,1,Fast,0.797170102596283,1050,552
2397,1,Fast,0.7105011940002441,956,404
2397,2,Slow,0.42919620871543884,853,447
2397,1,Fast,0.33618515729904175,946,308
2398,1,Fast,0.8671160340309143,1086,909
2398,1,Fast,0.8661938905715942,984,498
2398,1,Fast,0.8459590673446655,980,716
2398,1,Fast,0.844763994216919,995,440
2398,1,Fast,0.8212995529174805,1047,547
2398,1,Fast,0.816094160079956,961,439
2398,1,Fast,0.6781760454177856,955,400
2398,1,Fast,0.5662461519241333,1231,826
2398,1,Fast,0.4253828227519989,947,305
2399,1,Fast,0.8749026656150818,982,493
2399,1,Fast,0.8748429417610168,1093,923
2399,1,Fast,0.8167520761489868,993,437
2399,1,Fast,0.8141636252403259,1045,543
2399,1,Fast,0.7962486743927002,984,726
2399,1,Fast,0.7860593199729919,959,437
2399,1,Fast,0.7736908197402954,1226,817
2399,1,Fast,0.6490009427070618,946,304
2399,1,Fast,0.5122742056846619,954,398
2400,1,Fast,0.8935791850090027,980,490
2400,1,Fast,0.8815450072288513,1101,939
2400,1,Fast,0.8205333948135376,992,435
2400,1,Fast,0.8119844198226929,1043,538
2400,1,Fast,0.7844845056533813,988,735
2400,1,Fast,0.7538451552391052,1220,808
2400,1,Fast,0.7522755265235901,957,434
2400,1,Fast,0.6787225604057312,945,302
2400,2,Slow,0.6009634137153625,855,458
2400,1,Fast,0.3482038974761963,954,395
2401,1,Fast,0.8767203688621521,1108,954
2401,1,Fast,0.8673049211502075,978,485
2401,1,Fast,0.847175121307373,1040,534
2401,1,Fast,0.8137043118476868,991,432
2401,1,Fast,0.7994893789291382,1214,800
2401,1,Fast,0.7006208896636963,956,431
2401,2,Slow,0.620789110660553,856,461
2401,1,Fast,0.5342292785644531,943,301
2401,1,Fast,0.4451250731945038,992,746
2402,1,Fast,0.8705499768257141,1116,969
2402,1,Fast,0.8473103642463684,977,480
2402,1,Fast,0.8283663392066956,1038,529
2402,1,Fast,0.8003004193305969,1208,791
2402,1,Fast,0.7914709448814392,990,428
2402,1,Fast,0.6709620952606201,955,427
2402,2,Slow,0.5764532685279846,857,465
2402,1,Fast,0.4075288772583008,945,299
2402,1,Fast,0.341709166765213,998,755
2403,1,Fast,0.8624926805496216,1124,986
2403,1,Fast,0.8346610069274902,975,477
2403,1,Fast,0.7909141778945923,1036,524
2403,1,Fast,0.7723848819732666,1203,783
2403,1,Fast,0.7571436762809753,989,426
2403,1,Fast,0.6371833682060242,954,424
2403,2,Slow,0.472024142742157,858,469
2403,1,Fast,0.44498443603515625,1002,765
2403,1,Fast,0.4011722207069397,943,297
2404,1,Fast,0.8815778493881226,1197,775
2404,1,Fast,0.8569863438606262,1133,1002
2404,1,Fast,0.8512189388275146,974,474
2404,1,Fast,0.8082793951034546,1034,520
2404,1,Fast,0.7580986618995667,987,422
2404,1,Fast,0.7192607522010803,1008,776
2404,2,Slow,0.5998729467391968,859,472
2404,1,Fast,0.510129988193512,953,422
2405,1,Fast,0.8603652715682983,1193,768
2405,1,Fast,0.8495222330093384,972,470
2405,1,Fast,0.8138572573661804,1141,1019
2405,1,Fast,0.8023874759674072,1032,516
2405,1,Fast,0.7844829559326172,1012,789
2405,1,Fast,0.7419589757919312,985,419
2405,1,Fast,0.690615713596344,951,418
2405,1,Fast,0.6559186577796936,950,380
2405,2,Slow,0.5029024481773376,860,476
2405,1,Fast,0.3964994251728058,941,294
2406,1,Fast,0.847590982913971,970,467
2406,1,Fast,0.7836506962776184,1017,799
2406,1,Fast,0.771291971206665,984,416
2406,1,Fast,0.765708863735199,1186,760
2406,1,Fast,0.7612335681915283,1029,512
2406,1,Fast,0.7541208267211914,950,415
2406,1,Fast,0.7143957614898682,1150,1035
2406,1,Fast,0.67951899766922,949,377
2407,1,Fast,0.8408939838409424,969,463
2407,1,Fast,0.8081600666046143,1026,508
2407,1,Fast,0.8045833706855774,983,413
2407,1,Fast,0.7596365809440613,1181,752
2407,1,Fast,0.7591910362243652,1160,1045
2407,1,Fast,0.7535561323165894,949,411
2407,1,Fast,0.6879258751869202,1023,811
2407,1,Fast,0.5705991387367249,948,374
2407,2,Slow,0.42075857520103455,862,484
2408,1,Fast,0.8596475720405579,967,459
2408,1,Fast,0.8365238308906555,1023,504
2408,1,Fast,0.7947620153427124,981,410
2408,1,Fast,0.7762665748596191,948,408
2408,1,Fast,0.7749950885772705,1028,821
2408,1,Fast,0.7336239218711853,948,372
2408,2,Slow,0.4631221890449524,863,489
2408,1,Fast,0.4265228807926178,1175,745
2409,1,Fast,0.8584123253822327,966,456
2409,1,Fast,0.8214593529701233,1022,501
2409,1,Fast,0.7725172638893127,980,407
2409,1,Fast,0.7535768747329712,1171,738
2409,1,Fast,0.6530207991600037,947,406
2409,1,Fast,0.6417657732963562,947,370
2409,1,Fast,0.46921196579933167,1035,835
2409,1,Fast,0.456534206867218,942,287
2410,1,Fast,0.8146086931228638,965,452
2410,1,Fast,0.7681276798248291,1020,497
2410,1,Fast,0.7431450486183167,979,404
2410,1,Fast,0.691829264163971,946,402
2410,1,Fast,0.6807352304458618,1167,732
2410,1,Fast,0.5077213048934937,947,367
2410,1,Fast,0.3650675415992737,1040,848
2411,1,Fast,0.8257190585136414,963,448
2411,1,Fast,0.8003938794136047,1018,493
2411,1,Fast,0.794931173324585,978,402
2411,1,Fast,0.7794153094291687,1163,724
2411,1,Fast,0.5108258724212646,945,400
2411,1,Fast,0.43784016370773315,947,365
2412,1,Fast,0.8382796049118042,962,445
2412,1,Fast,0.8233721852302551,1016,489
2412,1,Fast,0.7300200462341309,1158,717
2412,1,Fast,0.6064483523368835,977,400
2412,1,Fast,0.38439318537712097,1052,872
2412,1,Fast,0.32751747965812683,944,397
2413,1,Fast,0.8330124020576477,1015,485
2413,1,Fast,0.8218498229980469,960,441
2413,1,Fast,0.7789174914360046,1153,709
2413,1,Fast,0.6080619096755981,1058,885
2413,1,Fast,0.5364843606948853,976,397
2414,1,Fast,0.8227333426475525,959,438
2414,1,Fast,0.8098493814468384,1012,481
2414,1,Fast,0.7791299223899841,1064,899
2414,1,Fast,0.6246811151504517,1149,702
2414,1,Fast,0.5797080993652344,975,394
2414,1,Fast,0.4259437620639801,941,280
2415,1,Fast,0.8566786050796509,1145,696
2415,1,Fast,0.8353901505470276,1011,477
2415,1,Fast,0.7973086833953857,1071,913
2415,1,Fast,0.783621609210968,958,435
2415,1,Fast,0.6536038517951965,973,392
2416,1,Fast,0.8479633331298828,1009,474
2416,1,Fast,0.8396199941635132,1141,690
2416,1,Fast,0.8223453760147095,957,432
2416,1,Fast,0.7196919322013855,1078,928
2416,1,Fast,0.4604644477367401,972,388
2416,1,Fast,0.3493460714817047,943,352
2416,1,Fast,0.33216357231140137,941,385
2417,1,Fast,0.8377290368080139,955,429
2417,1,Fast,0.8313984870910645,1008,471
2417,1,Fast,0.7348619699478149,1135,685
2417,1,Fast,0.6981723308563232,971,386
2417,1,Fast,0.6646387577056885,1085,943
2417,1,Fast,0.5374850034713745,943,350
2417,1,Fast,0.5349470376968384,940,381
2418,1,Fast,0.8361517786979675,953,425
2418,1,Fast,0.7798992991447449,971,384
2418,1,Fast,0.7553367614746094,1005,467
2418,1,Fast,0.571406900882721,940,379
2418,1,Fast,0.5595142841339111,943,347
2418,1,Fast,0.4191465675830841,1131,678
2418,1,Fast,0.34084653854370117,1092,957
2419,1,Fast,0.8403143882751465,952,423
2419,1,Fast,0.7405859231948853,1003,464
2419,1,Fast,0.7287150621414185,970,380
2419,1,Fast,0.43579670786857605,943,345
2419,2,Slow,0.3612809479236603,878,537
2419,1,Fast,0.34707126021385193,1128,671
2419,1,Fast,0.3426389694213867,938,377
2419,2,Slow,0.30730319023132324,815,441
2420,1,Fast,0.8001691699028015,1002,460
2420,1,Fast,0.7948204278945923,951,419
2420,1,Fast,0.7630296945571899,969,378
2420,1,Fast,0.63138747215271,942,342
2420,1,Fast,0.5611941814422607,1124,665
2420,2,Slow,0.49911192059516907,816,445
2420,1,Fast,0.3861139416694641,938,374
2421,1,Fast,0.8431552648544312,950,416
2421,1,Fast,0.8161237835884094,1000,456
2421,1,Fast,0.6795978546142578,941,341
2421,1,Fast,0.5761442184448242,967,376
2421,1,Fast,0.5266328454017639,1120,659
2421,2,Slow,0.476298987865448,816,447
2421,1,Fast,0.47281280159950256,936,370
2421,2,Slow,0.32186225056648254,880,548
2422,1,Fast,0.847378671169281,949,413
2422,1,Fast,0.7794992923736572,999,453
2422,1,Fast,0.5955917835235596,966,373
2422,2,Slow,0.5887041687965393,817,451
2422,1,Fast,0.5153636336326599,942,338
2422,2,Slow,0.34765949845314026,881,551
2423,1,Fast,0.8339200019836426,948,410
2423,1,Fast,0.7312252521514893,997,449
2423,2,Slow,0.722823977470398,817,455
2423,1,Fast,0.40405356884002686,1134,1039
2423,1,Fast,0.3835570812225342,1113,648
2424,1,Fast,0.8177428245544434,995,446
2424,1,Fast,0.8012654185295105,948,407
2424,2,Slow,0.7294853329658508,818,458
2424,1,Fast,0.6245952844619751,1110,642
2425,1,Fast,0.8295285105705261,994,443
2425,1,Fast,0.7238343954086304,947,403
2425,2,Slow,0.6185651421546936,818,461
2425,1,Fast,0.5950353145599365,1105,636
2425,2,Slow,0.3733798861503601,886,568
2426,1,Fast,0.8140759468078613,993,439
2426,1,Fast,0.745775043964386,946,400
2426,2,Slow,0.5851659774780273,819,465
2426,1,Fast,0.5796040892601013,1102,630
2426,1,Fast,0.3841208517551422,932,356
2426,1,Fast,0.3112930357456207,940,329
2427,1,Fast,0.7490153312683105,991,436
2427,1,Fast,0.7336684465408325,945,398
2427,2,Slow,0.6225570440292358,819,469
2427,2,Slow,0.5278257131576538,890,579
2427,1,Fast,0.520682692527771,1100,625
2427,1,Fast,0.48399895429611206,932,354
2427,1,Fast,0.36599159240722656,939,327
2428,1,Fast,0.7038859128952026,990,434
2428,1,Fast,0.6786617040634155,944,395
2428,2,Slow,0.5762127041816711,819,471
2428,1,Fast,0.4450089931488037,932,352
2428,2,Slow,0.40268683433532715,893,584
2428,1,Fast,0.3733004629611969,1096,621
2428,1,Fast,0.34036827087402344,939,326
2429,1,Fast,0.6959353089332581,988,430
2429,1,Fast,0.572452962398529,943,392
2429,1,Fast,0.5663642883300781,961,355
2429,1,Fast,0.5500195026397705,938,324
2429,2,Slow,0.5352030396461487,820,475
2429,1,Fast,0.4141501188278198,932,349
2430,1,Fast,0.7546566128730774,986,428
2430,1,Fast,0.6379947662353516,960,353
2430,1,Fast,0.550022304058075,942,389
2430,1,Fast,0.5038773417472839,938,322
2430,2,Slow,0.4793713688850403,895,596
2430,1,Fast,0.4107525944709778,1088,610
2430,1,Fast,0.35739603638648987,931,347
2430,2,Slow,0.3380771279335022,821,480
2431,1,Fast,0.7715491652488708,985,425
2431,1,Fast,0.7304224371910095,941,386
2431,1,Fast,0.545103907585144,938,320
2431,1,Fast,0.4444611668586731,1085,606
2431,1,Fast,0.4231395423412323,960,350
2431,2,Slow,0.3920612931251526,821,485
2431,2,Slow,0.3732631802558899,897,601
2432,1,Fast,0.7839962244033813,939,384
2432,1,Fast,0.7560172080993652,983,422
2432,2,Slow,0.47283416986465454,822,487
2432,1,Fast,0.3729132413864136,938,318
2432,1,Fast,0.3574168086051941,959,348
2432,1,Fast,0.3338618576526642,929,341
2433,1,Fast,0.7872523069381714,939,380
2433,1,Fast,0.7143893241882324,982,418
2433,2,Slow,0.33953970670700073,821,488
2434,1,Fast,0.7831870317459106,938,378
2434,1,Fast,0.7673770785331726,981,416
2434,1,Fast,0.5234683752059937,1077,590
2435,1,Fast,0.815753698348999,980,414
2435,1,Fast,0.7255240678787231,937,376
2436,1,Fast,0.8169124126434326,979,410
2436,1,Fast,0.6891957521438599,936,373
2437,1,Fast,0.7561717629432678,978,408
2437,1,Fast,0.7547686696052551,935,370
2437,1,Fast,0.5173046588897705,1069,574
2437,1,Fast,0.32470405101776123,937,247
2438,1,Fast,0.7745140790939331,934,369
2438,1,Fast,0.669185221195221,978,405
2438,1,Fast,0.37432464957237244,927,327
2438,1,Fast,0.320552259683609,935,307
2439,1,Fast,0.7515121102333069,932,366
2439,1,Fast,0.7044807076454163,976,401
2440,1,Fast,0.6780988574028015,932,363
2440,1,Fast,0.48973584175109863,975,398
2440,1,Fast,0.3616194427013397,926,324
2441,1,Fast,0.5917365550994873,931,361
2441,1,Fast,0.5081634521484375,973,396
2441,1,Fast,0.3551892936229706,925,322
2442,1,Fast,0.6360900402069092,972,393
2442,1,Fast,0.6001041531562805,930,357
2443,1,Fast,0.5438533425331116,972,392
2443,1,Fast,0.4897790253162384,930,355
2444,1,Fast,0.7137508392333984,931,353
2444,1,Fast,0.7059473991394043,970,388
2445,1,Fast,0.6835010051727295,930,350
2445,1,Fast,0.639160692691803,969,386
2446,1,Fast,0.7522145509719849,968,383
2446,1,Fast,0.6394991278648376,930,348
2446,1,Fast,0.3153759241104126,923,312
2447,1,Fast,0.7747748494148254,967,380
2447,1,Fast,0.6394234895706177,1042,530
2447,1,Fast,0.6273202300071716,929,346
2447,1,Fast,0.561571478843689,923,310
2448,1,Fast,0.7441230416297913,967,377
2448,1,Fast,0.6575641632080078,923,308
2448,1,Fast,0.6358370184898376,928,343
2448,1,Fast,0.4733617305755615,1041,525
2449,1,Fast,0.7296079993247986,966,375
2449,1,Fast,0.656220555305481,1038,520
2449,1,Fast,0.6529257297515869,928,341
2449,1,Fast,0.6340336203575134,923,305
2450,1,Fast,0.7629327178001404,965,372
2450,1,Fast,0.6295037269592285,922,304
2450,1,Fast,0.6048703193664551,1037,517
2450,1,Fast,0.6040549874305725,927,340
2450,1,Fast,0.3545866906642914,933,282
2451,1,Fast,0.7577379941940308,927,337
2451,1,Fast,0.7548327445983887,964,370
2451,1,Fast,0.6974244117736816,1034,514
2451,1,Fast,0.517125129699707,921,302
2451,1,Fast,0.34154024720191956,933,281
2452,1,Fast,0.7387607097625732,926,335
2452,1,Fast,0.7157962322235107,963,369
2452,1,Fast,0.3811635673046112,1032,511
2452,1,Fast,0.35467419028282166,920,300
2452,1,Fast,0.3302779495716095,933,280
2453,1,Fast,0.7628628611564636,962,367
2453,1,Fast,0.6900530457496643,926,333
2453,1,Fast,0.38463422656059265,919,298
2453,1,Fast,0.359317809343338,1029,507
2454,1,Fast,0.6211215257644653,961,364
2454,1,Fast,0.5937346816062927,926,331
2454,1,Fast,0.4865664541721344,919,296
2454,1,Fast,0.301073282957077,1027,504
2455,1,Fast,0.5804416537284851,918,295
2455,1,Fast,0.5070328712463379,925,328
2455,1,Fast,0.501368522644043,1024,499
2455,1,Fast,0.4773861765861511,960,363
2455,1,Fast,0.3044411838054657,871,353
2456,1,Fast,0.7454968690872192,1383,1040
2456,1,Fast,0.7316457629203796,1023,496
2456,1,Fast,0.6895825266838074,924,326
2456,1,Fast,0.5773380994796753,918,292
2456,1,Fast,0.48124220967292786,960,359
2457,1,Fast,0.7462599873542786,924,324
2457,1,Fast,0.6327314376831055,960,356
2457,1,Fast,0.5643203258514404,919,290
2457,1,Fast,0.5328735709190369,1373,1027
2457,1,Fast,0.513181746006012,1021,492
2458,1,Fast,0.7519521117210388,924,322
2458,1,Fast,0.6951771974563599,959,354
2458,1,Fast,0.6096850633621216,1019,488
2458,1,Fast,0.5702359676361084,1365,1014
2458,1,Fast,0.5616865754127502,918,288
2459,1,Fast,0.7642597556114197,958,351
2459,1,Fast,0.6725507974624634,923,320
2459,1,Fast,0.6379351019859314,1016,483
2459,1,Fast,0.335733562707901,1357,1004
2459,1,Fast,0.32107964158058167,918,286
2460,1,Fast,0.7873685956001282,957,349
2460,1,Fast,0.6954842805862427,1015,479
2460,1,Fast,0.6787742376327515,923,318
2460,1,Fast,0.31499171257019043,1347,991
2461,1,Fast,0.77852863073349,957,347
2461,1,Fast,0.7729529142379761,1013,475
2461,1,Fast,0.7140751481056213,1339,979
2461,1,Fast,0.6529786586761475,922,316
2462,1,Fast,0.771115779876709,1012,473
2462,1,Fast,0.7337703704833984,956,345
2462,1,Fast,0.6817333698272705,922,313
2462,1,Fast,0.5682972073554993,1331,968
2463,1,Fast,0.8082730174064636,1010,470
2463,1,Fast,0.7203009724617004,922,312
2463,1,Fast,0.646915853023529,955,343
2463,1,Fast,0.624776303768158,1323,956
2464,1,Fast,0.8345895409584045,1315,946
2464,1,Fast,0.7369993925094604,922,310
2464,1,Fast,0.7077556848526001,1010,467
2464,1,Fast,0.6544505953788757,954,342
2465,1,Fast,0.7573639154434204,953,340
2465,1,Fast,0.745053231716156,921,307
2465,1,Fast,0.7209693193435669,1307,936
2465,1,Fast,0.5915269255638123,1007,464
2465,1,Fast,0.3516504168510437,875,384
2466,1,Fast,0.8455919027328491,1299,925
2466,1,Fast,0.777868390083313,953,338
2466,1,Fast,0.681860625743866,921,305
2466,1,Fast,0.3622240126132965,875,386
2467,1,Fast,0.7929776310920715,1292,914
2467,1,Fast,0.7759611010551453,952,335
2467,1,Fast,0.58905029296875,921,305
2468,1,Fast,0.769888162612915,1285,904
2468,1,Fast,0.7673982381820679,952,333
2468,1,Fast,0.5592646598815918,920,303
2468,1,Fast,0.4407668113708496,1002,453
2469,1,Fast,0.8268256783485413,1278,895
2469,1,Fast,0.7591491937637329,952,331
2469,1,Fast,0.558910608291626,920,302
2469,1,Fast,0.3463914096355438,1001,450
2470,1,Fast,0.8569911122322083,1271,884
2470,1,Fast,0.7042795419692993,952,329
2470,1,Fast,0.5385282635688782,998,446
2470,1,Fast,0.42502525448799133,920,299
2471,1,Fast,0.8083204627037048,1266,878
2471,1,Fast,0.7762981653213501,951,327
2471,1,Fast,0.7181617617607117,997,442
2471,1,Fast,0.352182537317276,919,298
2472,1,Fast,0.8080630898475647,996,440
2472,1,Fast,0.797957181930542,950,325
2472,1,Fast,0.6869683861732483,1259,867
2472,1,Fast,0.6587815880775452,919,296
2473,1,Fast,0.8069168329238892,950,324
2473,1,Fast,0.7845194935798645,995,438
2473,1,Fast,0.7005624175071716,1252,857
2473,1,Fast,0.6493449807167053,919,294
2473,1,Fast,0.4790455102920532,881,410
2474,1,Fast,0.8084778189659119,949,322
2474,1,Fast,0.694376528263092,993,436
2474,1,Fast,0.6209601759910583,882,413
2474,1,Fast,0.5466811656951904,919,292
2474,1,Fast,0.5405023097991943,1245,848
2474,1,Fast,0.3903959393501282,878,377
2475,1,Fast,0.8053784966468811,948,320
2475,1,Fast,0.6008067727088928,992,433
2475,1,Fast,0.5607662200927734,919,290
2475,1,Fast,0.5149053335189819,1239,839
2475,1,Fast,0.49513810873031616,883,417
2476,1,Fast,0.7956276535987854,948,318
2476,1,Fast,0.7798047661781311,1232,830
2476,1,Fast,0.6708690524101257,884,419
2476,1,Fast,0.6162312626838684,990,429
2476,1,Fast,0.44523200392723083,879,382
2476,1,Fast,0.33244627714157104,919,289
2477,1,Fast,0.7776312232017517,1228,822
2477,1,Fast,0.7482369542121887,948,317
2477,1,Fast,0.5313708782196045,884,424
2477,1,Fast,0.5199846029281616,988,426
2477,1,Fast,0.35849469900131226,879,386
2478,1,Fast,0.6916052103042603,947,314
2478,1,Fast,0.6558344960212708,885,427
2478,1,Fast,0.6200607419013977,987,423
2478,1,Fast,0.4495113492012024,1223,814
2479,1,Fast,0.7693658471107483,948,311
2479,1,Fast,0.7513197064399719,1216,805
2479,1,Fast,0.5414914488792419,886,430
2479,1,Fast,0.5197041630744934,987,421
2480,1,Fast,0.8049097061157227,1210,797
2480,1,Fast,0.789894163608551,947,309
2480,1,Fast,0.64380943775177,985,417
2480,1,Fast,0.37134453654289246,1388,1049
2480,2,Slow,0.3360954523086548,1092,1062
2480,1,Fast,0.32424822449684143,882,394
2481,1,Fast,0.7970742583274841,947,307
2481,1,Fast,0.7596622109413147,1378,1041
2481,1,Fast,0.719658613204956,1205,788
2481,1,Fast,0.6471131443977356,984,414
2481,1,Fast,0.394313246011734,883,398
2481,1,Fast,0.35961973667144775,887,437
2482,1,Fast,0.8153076171875,1199,779
2482,1,Fast,0.7926824688911438,947,306
2482,1,Fast,0.7487328052520752,983,411
2482,1,Fast,0.7482016086578369,1370,1029
2482,1,Fast,0.6391423344612122,889,441
2482,1,Fast,0.5164075493812561,884,402
2483,1,Fast,0.7902509570121765,1361,1015
2483,1,Fast,0.7789624929428101,1195,774
2483,1,Fast,0.7449839115142822,946,304
2483,1,Fast,0.7097631096839905,889,444
2483,1,Fast,0.673214316368103,982,408
2483,1,Fast,0.59742671251297,884,405
2484,1,Fast,0.8360776901245117,1351,1004
2484,1,Fast,0.8190286159515381,891,448
2484,1,Fast,0.7196788191795349,981,406
2484,1,Fast,0.7110781669616699,946,303
2484,1,Fast,0.6985015869140625,885,408
2484,1,Fast,0.42214494943618774,856,454
2484,1,Fast,0.3041662275791168,1191,767
2485,1,Fast,0.8700768351554871,1343,992
2485,1,Fast,0.7836330533027649,892,452
2485,1,Fast,0.7269972562789917,856,457
2485,1,Fast,0.718806266784668,886,412
2485,1,Fast,0.5841155052185059,980,403
2485,1,Fast,0.5192403793334961,945,302
2486,1,Fast,0.8851012587547302,1335,981
2486,1,Fast,0.806754469871521,893,457
2486,1,Fast,0.7826746106147766,887,416
2486,1,Fast,0.7156534790992737,857,461
2486,1,Fast,0.450580358505249,979,401
2486,1,Fast,0.33982977271080017,945,300
2487,1,Fast,0.8764614462852478,1327,969
2487,1,Fast,0.793049156665802,895,460
2487,1,Fast,0.6774685978889465,858,464
2487,1,Fast,0.6602557897567749,888,419
2487,1,Fast,0.3349500596523285,977,399
2487,1,Fast,0.3270774483680725,944,299
2488,1,Fast,0.860029935836792,1319,958
2488,1,Fast,0.7723041772842407,889,422
2488,1,Fast,0.7657169103622437,895,463
2488,1,Fast,0.5520697236061096,858,468
2488,1,Fast,0.33069732785224915,944,297
2489,1,Fast,0.8640219569206238,1312,947
2489,1,Fast,0.7108485102653503,889,425
2489,1,Fast,0.525556206703186,896,468
2490,1,Fast,0.7697955369949341,890,429
2490,1,Fast,0.7603534460067749,1305,937
2490,1,Fast,0.5883015990257263,898,472
2490,1,Fast,0.5021398067474365,974,391
2491,1,Fast,0.8134600520133972,1298,927
2491,1,Fast,0.7684834003448486,891,432
2491,1,Fast,0.7024712562561035,899,476
2491,1,Fast,0.4663456976413727,860,478
2491,1,Fast,0.3232058882713318,972,388
2492,1,Fast,0.8470581769943237,1291,916
2492,1,Fast,0.7357907295227051,892,436
2492,1,Fast,0.674592912197113,901,481
2492,1,Fast,0.6455879211425781,862,483
2492,1,Fast,0.49669650197029114,971,386
2492,1,Fast,0.4789586365222931,943,290
2493,1,Fast,0.8551444411277771,1283,906
2493,1,Fast,0.7500242590904236,893,440
2493,1,Fast,0.7444149255752563,863,487
2493,1,Fast,0.7157294750213623,971,382
2493,1,Fast,0.6800705790519714,774,433
2493,1,Fast,0.6342783570289612,902,486
2493,1,Fast,0.554664134979248,943,288
2494,1,Fast,0.8592668175697327,1276,897
2494,1,Fast,0.7203152179718018,894,444
2494,1,Fast,0.6952196359634399,970,379
2494,1,Fast,0.671370804309845,904,490
2494,1,Fast,0.642102062702179,863,490
2494,1,Fast,0.6416149139404297,775,434
2494,1,Fast,0.5114065408706665,1144,695
2495,1,Fast,0.8500518798828125,1270,886
2495,1,Fast,0.699717104434967,896,448
2495,1,Fast,0.6284617185592651,969,378
2495,1,Fast,0.5437234044075012,864,494
2495,1,Fast,0.48384419083595276,906,495
2495,1,Fast,0.47172656655311584,775,436
2495,1,Fast,0.3544579744338989,1140,690
2496,1,Fast,0.8786914348602295,1264,877
2496,1,Fast,0.7337552905082703,897,452
2496,1,Fast,0.6185576915740967,968,376
2496,1,Fast,0.5233432650566101,775,437
2496,1,Fast,0.4359164237976074,907,499
2496,1,Fast,0.4290097653865814,942,283
2496,1,Fast,0.3916645050048828,1136,684
2497,1,Fast,0.8591026067733765,1257,868
2497,1,Fast,0.7583343386650085,898,455
2497,1,Fast,0.7559648752212524,775,439
2497,1,Fast,0.6435583233833313,908,504
2497,1,Fast,0.4345747232437134,941,282
2498,1,Fast,0.8437570929527283,1250,858
2498,1,Fast,0.814279317855835,899,459
2498,1,Fast,0.6961367130279541,775,440
2498,1,Fast,0.5445410013198853,910,508
2498,1,Fast,0.34635129570961,965,370
2498,1,Fast,0.3246864974498749,940,280
2499,1,Fast,0.8247345089912415,900,463
2499,1,Fast,0.7886344194412231,1245,850
2499,1,Fast,0.6486145853996277,911,513
2499,1,Fast,0.4796479046344757,775,442
2500,1,Fast,0.8059124946594238,901,467
2500,1,Fast,0.803019106388092,1239,842
2500,1,Fast,0.5699976086616516,913,518
2500,1,Fast,0.5149755477905273,869,514
2500,1,Fast,0.3775187134742737,775,444
2501,1,Fast,0.8225352168083191,1233,833
2501,1,Fast,0.7875925302505493,903,472
2501,1,Fast,0.7791360020637512,870,518
2501,1,Fast,0.761517345905304,915,523
2501,1,Fast,0.5890380144119263,775,446
2501,1,Fast,0.4170398414134979,963,363
2502,1,Fast,0.7808071374893188,903,476
2502,1,Fast,0.7664883136749268,872,522
2502,1,Fast,0.6989133358001709,916,528
2502,1,Fast,0.6306325197219849,1228,826
2503,1,Fast,0.797007143497467,872,526
2503,1,Fast,0.7961961030960083,905,480
2503,1,Fast,0.7398844361305237,1222,817
2503,1,Fast,0.7146640419960022,918,533
2504,1,Fast,0.8268584609031677,906,484
2504,1,Fast,0.7558621764183044,873,530
2504,1,Fast,0.7054541707038879,1216,809
2504,1,Fast,0.6274800896644592,919,537
2504,1,Fast,0.42394566535949707,1353,1018
2505,1,Fast,0.832579493522644,1211,800
2505,1,Fast,0.8250832557678223,907,488
2505,1,Fast,0.7747145891189575,875,535
2505,1,Fast,0.6897421479225159,1343,1005
2505,1,Fast,0.4955509901046753,921,543
2505,1,Fast,0.3039405643939972,777,453
2506,1,Fast,0.843089759349823,1206,792
2506,1,Fast,0.824302613735199,1335,994
2506,1,Fast,0.8153554201126099,909,492
2506,1,Fast,0.6761293411254883,876,540
2506,1,Fast,0.5889039635658264,924,548
2506,1,Fast,0.48104482889175415,959,351
2506,1,Fast,0.4512074887752533,778,455
2507,1,Fast,0.8435426354408264,1326,982
2507,1,Fast,0.7995933294296265,911,498
2507,1,Fast,0.7747291922569275,877,545
2507,1,Fast,0.7436656951904297,1200,783
2507,1,Fast,0.5932806730270386,778,456
2507,1,Fast,0.555599570274353,958,349
2507,1,Fast,0.5386367440223694,926,553
2508,1,Fast,0.8274456262588501,1195,776
2508,1,Fast,0.8074647784233093,912,502
2508,1,Fast,0.8068245649337769,1319,971
2508,1,Fast,0.6754984855651855,957,347
2508,1,Fast,0.6103625297546387,927,558
2508,1,Fast,0.5541236400604248,778,459
2508,1,Fast,0.45411375164985657,878,549
2509,1,Fast,0.8174833059310913,914,507
2509,1,Fast,0.780402421951294,1311,960
2509,1,Fast,0.7738195061683655,1190,768
2509,1,Fast,0.6480575203895569,779,461
2509,1,Fast,0.5691714286804199,880,552
2509,1,Fast,0.39963358640670776,957,344
2509,1,Fast,0.35593709349632263,929,564
2510,1,Fast,0.8234677314758301,916,512
2510,1,Fast,0.7403027415275574,1185,760
2510,1,Fast,0.7288849353790283,1304,949
2510,1,Fast,0.6700828671455383,780,463
2510,1,Fast,0.6634939908981323,882,558
2510,1,Fast,0.5443572402000427,931,572
2510,1,Fast,0.538811206817627,956,342
2511,1,Fast,0.8355121612548828,917,517
2511,1,Fast,0.7368379831314087,883,563
2511,1,Fast,0.7137126922607422,1180,753
2511,1,Fast,0.6606411933898926,956,340
2511,1,Fast,0.5692625045776367,1296,939
2511,1,Fast,0.5016974210739136,934,576
2511,1,Fast,0.4159785807132721,779,465
2512,1,Fast,0.8497654795646667,919,521
2512,1,Fast,0.8100135326385498,885,568
2512,1,Fast,0.5890313386917114,955,338
2512,1,Fast,0.543528139591217,936,582
2512,1,Fast,0.4880165457725525,1175,746
2513,1,Fast,0.8645902872085571,920,527
2513,1,Fast,0.8442429900169373,886,573
2513,1,Fast,0.6743605136871338,955,336
2513,1,Fast,0.5594696402549744,938,588
2513,1,Fast,0.42613092064857483,1282,918
2513,1,Fast,0.4214211106300354,780,469
2513,1,Fast,0.4085689187049866,1171,740
2514,1,Fast,0.869546115398407,922,532
2514,1,Fast,0.8327844142913818,888,578
2514,1,Fast,0.6648876070976257,954,334
2514,1,Fast,0.6628718972206116,1275,908
2514,1,Fast,0.5602827072143555,780,471
2514,1,Fast,0.5521145462989807,1167,734
2514,1,Fast,0.33534160256385803,940,594
2515,1,Fast,0.8605150580406189,924,537
2515,1,Fast,0.839745044708252,889,584
2515,1,Fast,0.7177299857139587,954,333
2515,1,Fast,0.5975420475006104,1268,898
2515,1,Fast,0.370262086391449,943,601
2515,1,Fast,0.3650321364402771,781,473
2515,1,Fast,0.34853705763816833,1163,727
2516,1,Fast,0.8548422455787659,925,543
2516,1,Fast,0.8448665142059326,890,589
2516,1,Fast,0.8102350234985352,781,475
2516,1,Fast,0.7270559072494507,953,330
2516,1,Fast,0.466456800699234,1158,720
2516,1,Fast,0.3437483310699463,945,607
2517,1,Fast,0.847845733165741,927,548
2517,1,Fast,0.8281207084655762,892,594
2517,1,Fast,0.7930487990379333,781,477
2517,1,Fast,0.7581869959831238,952,327
2517,1,Fast,0.708516538143158,1255,879
2517,1,Fast,0.6320503950119019,1154,713
2518,1,Fast,0.8683096766471863,929,554
2518,1,Fast,0.7878460884094238,951,326
2518,1,Fast,0.7513002753257751,782,478
2518,1,Fast,0.6574916243553162,1150,705
2518,1,Fast,0.6097338795661926,1248,869
2518,1,Fast,0.5435311198234558,894,600
2518,1,Fast,0.4348885118961334,952,620
2519,1,Fast,0.8681386113166809,932,558
2519,1,Fast,0.7974625825881958,951,325
2519,1,Fast,0.7537577748298645,782,481
2519,1,Fast,0.6871067881584167,953,628
2519,1,Fast,0.6218971014022827,1243,860
2519,1,Fast,0.4610229730606079,896,606
2519,1,Fast,0.4360131025314331,1146,698
2520,1,Fast,0.867149829864502,934,564
2520,1,Fast,0.8003594279289246,950,323
2520,1,Fast,0.7637158036231995,956,636
2520,1,Fast,0.709263026714325,781,483
2520,1,Fast,0.6201450228691101,1141,692
2520,1,Fast,0.3725036680698395,1237,852
2521,1,Fast,0.8644088506698608,936,570
2521,1,Fast,0.8036240339279175,949,322
2521,1,Fast,0.6807024478912354,959,642
2521,1,Fast,0.6151127219200134,782,486
2521,1,Fast,0.4516453742980957,1137,686
2521,1,Fast,0.42241203784942627,899,617
2522,1,Fast,0.875243604183197,938,576
2522,1,Fast,0.7900914549827576,949,320
2522,1,Fast,0.7695369124412537,962,649
2522,1,Fast,0.7360012531280518,1133,679
2522,1,Fast,0.722835898399353,783,488
2522,1,Fast,0.6157487630844116,901,622
2522,1,Fast,0.5638034343719482,1225,835
2523,1,Fast,0.8646784424781799,940,581
2523,1,Fast,0.7479925751686096,965,656
2523,1,Fast,0.7191479206085205,1130,674
2523,1,Fast,0.6896119117736816,949,319
2523,1,Fast,0.6724850535392761,783,490
2523,1,Fast,0.655636727809906,902,629
2523,1,Fast,0.46985146403312683,1219,827
2524,1,Fast,0.8701377511024475,943,587
2524,1,Fast,0.8040369749069214,968,663
2524,1,Fast,0.7087734937667847,904,635
2524,1,Fast,0.6555212140083313,949,316
2524,1,Fast,0.6356201171875,1126,668
2524,1,Fast,0.5836900472640991,1213,819
2524,1,Fast,0.5506286025047302,783,492
2525,1,Fast,0.8605310320854187,945,593
2525,1,Fast,0.7614511847496033,971,672
2525,1,Fast,0.7582699656486511,907,640
2525,1,Fast,0.7206344604492188,949,313
2525,1,Fast,0.5895133018493652,783,494
2525,1,Fast,0.44140633940696716,1122,662
2525,1,Fast,0.4089271128177643,1208,810
2526,1,Fast,0.853853702545166,948,600
2526,1,Fast,0.7826005220413208,909,647
2526,1,Fast,0.7533329129219055,949,311
2526,1,Fast,0.7504486441612244,975,680
2526,1,Fast,0.5817859172821045,1202,802
2526,1,Fast,0.5081851482391357,783,496
2527,1,Fast,0.8604530692100525,950,606
2527,1,Fast,0.7991663813591003,948,309
2527,1,Fast,0.7884740829467773,911,653
2527,1,Fast,0.7055402398109436,1197,794
2527,1,Fast,0.682490885257721,978,687
2527,1,Fast,0.5230785012245178,784,499
2528,1,Fast,0.8608786463737488,953,613
2528,1,Fast,0.8119781613349915,912,659
2528,1,Fast,0.8020925521850586,948,307
2528,1,Fast,0.7737577557563782,981,695
2528,1,Fast,0.5772691965103149,785,501
2528,1,Fast,0.49181389808654785,1192,785
2529,1,Fast,0.8725900053977966,955,619
2529,1,Fast,0.8131654262542725,914,666
2529,1,Fast,0.8021829128265381,948,306
2529,1,Fast,0.7321353554725647,984,703
2529,1,Fast,0.5147690773010254,785,502
2529,1,Fast,0.3051043748855591,1188,777
2530,1,Fast,0.8706052303314209,958,626
2530,1,Fast,0.8141065239906311,916,672
2530,1,Fast,0.7834368944168091,947,305
2530,1,Fast,0.7730815410614014,989,712
2530,1,Fast,0.7272065281867981,785,505
2530,1,Fast,0.6949154734611511,1379,1052
2530,1,Fast,0.6520066261291504,1181,769
2530,1,Fast,0.4057374894618988,1105,633
2531,1,Fast,0.8812341690063477,961,633
2531,1,Fast,0.8732939958572388,1365,1045
2531,1,Fast,0.8445971608161926,918,678
2531,1,Fast,0.8016051054000854,992,720
2531,1,Fast,0.7666903138160706,946,303
2531,1,Fast,0.7586098313331604,786,508
2531,1,Fast,0.680627703666687,1102,628
2531,1,Fast,0.37793293595314026,1177,761
2532,1,Fast,0.8944842219352722,1356,1033
2532,1,Fast,0.8721637725830078,964,640
2532,1,Fast,0.8206281065940857,921,684
2532,1,Fast,0.7940279841423035,995,729
2532,1,Fast,0.7089640498161316,946,301
2532,1,Fast,0.6356346607208252,1099,623
2532,1,Fast,0.6165929436683655,785,510
2533,1,Fast,0.896071195602417,1346,1020
2533,1,Fast,0.8655864596366882,967,647
2533,1,Fast,0.8507524728775024,923,691
2533,1,Fast,0.8249092102050781,999,738
2533,1,Fast,0.6673217415809631,1095,619
2533,1,Fast,0.5436763763427734,787,513
2533,1,Fast,0.38451528549194336,946,300
2533,1,Fast,0.36120545864105225,1167,748
2534,1,Fast,0.8968067765235901,1338,1006
2534,1,Fast,0.855677604675293,925,698
2534,1,Fast,0.8551802635192871,969,654
2534,1,Fast,0.8272446393966675,1003,748
2534,1,Fast,0.7165271043777466,1092,613
2534,1,Fast,0.4045265018939972,1162,741
2535,1,Fast,0.8958216905593872,1328,994
2535,1,Fast,0.8540083169937134,972,662
2535,1,Fast,0.8297868967056274,928,705
2535,1,Fast,0.7401794791221619,1007,756
2535,1,Fast,0.5917593836784363,1089,607
2535,1,Fast,0.3757462799549103,945,296
2536,1,Fast,0.8968256115913391,1319,981
2536,1,Fast,0.8709093332290649,975,669
2536,1,Fast,0.8474576473236084,931,712
2536,1,Fast,0.6075999736785889,1086,603
2536,1,Fast,0.48705366253852844,1012,765
2537,1,Fast,0.8853325247764587,1311,970
2537,1,Fast,0.8675674200057983,979,676
2537,1,Fast,0.8379163146018982,933,719
2537,1,Fast,0.5437851548194885,1016,777
2537,1,Fast,0.4257054626941681,1149,720
2537,2,Slow,0.33143070340156555,948,295
2538,1,Fast,0.8906206488609314,1303,957
2538,1,Fast,0.858492374420166,982,684
2538,1,Fast,0.8516764044761658,936,726
2538,1,Fast,0.7275078296661377,1020,787
2538,1,Fast,0.3085569739341736,1080,593
2539,1,Fast,0.8873327970504761,1294,946
2539,1,Fast,0.8693653345108032,986,692
2539,1,Fast,0.8427373170852661,939,734
2539,1,Fast,0.6231816411018372,1025,796
2539,1,Fast,0.5062819123268127,944,289
2539,1,Fast,0.3956325352191925,1077,589
2540,1,Fast,0.8821574449539185,1287,934
2540,1,Fast,0.8781048655509949,989,700
2540,1,Fast,0.8540963530540466,941,741
2540,1,Fast,0.826050877571106,1029,807
2540,1,Fast,0.6631054878234863,943,288
2540,1,Fast,0.4097454249858856,1074,583
2541,1,Fast,0.8851215839385986,1279,922
2541,1,Fast,0.8754415512084961,993,708
2541,1,Fast,0.8647040128707886,1033,817
2541,1,Fast,0.8159058690071106,945,750
2541,1,Fast,0.6574767827987671,943,286
2541,1,Fast,0.6529233455657959,1071,578
2541,1,Fast,0.34701719880104065,1132,694
2542,1,Fast,0.8953340649604797,1272,911
2542,1,Fast,0.8711186647415161,996,717
2542,1,Fast,0.855118989944458,1038,828
2542,1,Fast,0.8456427454948425,948,758
2542,1,Fast,0.745465874671936,1069,573
2542,1,Fast,0.5521058440208435,943,284
2543,1,Fast,0.8992446064949036,1264,900
2543,1,Fast,0.8734403848648071,1000,726
2543,1,Fast,0.854273796081543,1043,839
2543,1,Fast,0.7808337807655334,1066,569
2543,1,Fast,0.7158854603767395,951,767
2543,1,Fast,0.6293909549713135,942,283
2543,1,Fast,0.5725564956665039,1123,682
2544,1,Fast,0.889419674873352,1257,889
2544,1,Fast,0.8842114806175232,954,775
2544,1,Fast,0.8781065344810486,1004,735
2544,1,Fast,0.8749282956123352,1048,851
2544,1,Fast,0.7664235830307007,1063,565
2544,1,Fast,0.7054799199104309,941,281
2544,1,Fast,0.626981794834137,1120,674
2544,1,Fast,0.3731813430786133,791,539
2545,1,Fast,0.8850035667419434,957,784
2545,1,Fast,0.8849306702613831,1250,880
2545,1,Fast,0.8665098547935486,1008,744
2545,1,Fast,0.857406497001648,1054,862
2545,1,Fast,0.7686161994934082,1061,561
2545,1,Fast,0.6857967972755432,941,280
2545,1,Fast,0.5242100954055786,792,542
2546,1,Fast,0.88707435131073,960,794
2546,1,Fast,0.8863891363143921,1244,869
2546,1,Fast,0.8667818307876587,1059,875
2546,1,Fast,0.8572284579277039,1013,753
2546,1,Fast,0.7459884881973267,1058,556
2546,1,Fast,0.6330454349517822,941,279
2546,1,Fast,0.5346713662147522,793,545
2547,1,Fast,0.8877063989639282,1017,763
2547,1,Fast,0.8838949799537659,964,803
2547,1,Fast,0.8790732026100159,1236,860
2547,1,Fast,0.8779157400131226,1065,887
2547,1,Fast,0.6966859102249146,941,276
2547,1,Fast,0.5874857902526855,1056,552
2547,1,Fast,0.5210927724838257,841,394
2547,1,Fast,0.5142087936401367,795,547
2548,1,Fast,0.8844821453094482,1022,773
2548,1,Fast,0.8776219487190247,1230,851
2548,1,Fast,0.8727167844772339,1071,899
2548,1,Fast,0.8602648973464966,967,811
2548,1,Fast,0.7375351190567017,1053,547
2548,1,Fast,0.7361941337585449,941,275
2548,1,Fast,0.5596590638160706,794,550
2548,1,Fast,0.44253063201904297,842,396
2548,1,Fast,0.34148332476615906,1105,653
2549,1,Fast,0.8859781622886658,1076,912
2549,1,Fast,0.8822169899940491,970,820
2549,1,Fast,0.8735219836235046,1224,841
2549,1,Fast,0.8553244471549988,1027,783
2549,1,Fast,0.7766586542129517,940,274
2549,1,Fast,0.7663539052009583,842,399
2549,1,Fast,0.7374368906021118,1051,543
2549,1,Fast,0.5541439056396484,793,552
2549,1,Fast,0.43584194779396057,1102,646
2550,1,Fast,0.8875225186347961,974,829
2550,1,Fast,0.8819022178649902,1082,924
2550,1,Fast,0.8787689208984375,1031,793
2550,1,Fast,0.8671327829360962,1218,832
2550,1,Fast,0.7450489401817322,940,272
2550,1,Fast,0.730416476726532,1048,539
2550,1,Fast,0.6582695245742798,794,556
2550,1,Fast,0.6065057516098022,842,403
2551,1,Fast,0.8895189166069031,1087,937
2551,1,Fast,0.8728169798851013,1211,823
2551,1,Fast,0.8639844059944153,1036,802
2551,1,Fast,0.8477441668510437,978,838
2551,1,Fast,0.6814730167388916,1046,535
2551,1,Fast,0.6285014152526855,843,406
2551,1,Fast,0.6171190738677979,940,271
2552,1,Fast,0.8786132335662842,1205,813
2552,1,Fast,0.8782806992530823,982,848
2552,1,Fast,0.8736647963523865,1093,951
2552,1,Fast,0.8384358882904053,1041,813
2552,1,Fast,0.6916376948356628,1043,530
2552,1,Fast,0.6837078928947449,844,409
2552,1,Fast,0.6264067888259888,1093,629
2552,1,Fast,0.3650350272655487,940,269
2553,1,Fast,0.8772358298301697,1046,824
2553,1,Fast,0.8742208480834961,1199,804
2553,1,Fast,0.8466721177101135,986,858
2553,1,Fast,0.828430712223053,1100,966
2553,1,Fast,0.8178508877754211,1041,526
2553,1,Fast,0.6630217432975769,844,411
2553,1,Fast,0.5809135437011719,939,267
2553,1,Fast,0.392024427652359,797,563
2553,1,Fast,0.3812861442565918,1090,625
2554,1,Fast,0.8689643144607544,1194,795
2554,1,Fast,0.8487042188644409,990,869
2554,1,Fast,0.8181268572807312,1051,834
2554,1,Fast,0.8074188828468323,1106,980
2554,1,Fast,0.7930646538734436,1039,522
2554,1,Fast,0.7305741310119629,938,266
2554,1,Fast,0.6907098889350891,844,414
2555,1,Fast,0.8646842241287231,1189,787
2555,1,Fast,0.8275837302207947,1056,846
2555,1,Fast,0.8194801211357117,994,881
2555,1,Fast,0.7921261787414551,1038,519
2555,1,Fast,0.7357028126716614,937,264
2555,1,Fast,0.6326452493667603,1114,994
2555,1,Fast,0.5377806425094604,845,417
2556,1,Fast,0.8674672842025757,1182,779
2556,1,Fast,0.8576284646987915,998,891
2556,1,Fast,0.8564590811729431,1062,858
2556,1,Fast,0.8132327198982239,1036,515
2556,1,Fast,0.7416966557502747,800,572
2556,1,Fast,0.7341660857200623,937,264
2556,1,Fast,0.6579827666282654,1121,1011
2556,1,Fast,0.4860265851020813,846,420
2557,1,Fast,0.8908702731132507,1002,901
2557,1,Fast,0.8377286195755005,1176,770
2557,1,Fast,0.8200555443763733,1129,1026
2557,1,Fast,0.8014575242996216,1034,511
2557,1,Fast,0.6575261950492859,937,262
2557,1,Fast,0.6386277675628662,1068,870
2558,1,Fast,0.8926200270652771,1007,913
2558,1,Fast,0.8709176182746887,1074,882
2558,1,Fast,0.8522727489471436,1137,1040
2558,1,Fast,0.7753072381019592,1032,507
2558,1,Fast,0.7704485654830933,1171,762
2558,1,Fast,0.7555778622627258,847,427
2558,1,Fast,0.5609593391418457,801,578
2558,1,Fast,0.4352874755859375,937,261
2559,1,Fast,0.883078932762146,1011,924
2559,1,Fast,0.8530635237693787,1080,894
2559,1,Fast,0.8409826755523682,1165,754
2559,1,Fast,0.7649111747741699,1029,504
2559,1,Fast,0.598942756652832,848,430
2559,1,Fast,0.40214812755584717,1148,1047
2559,1,Fast,0.37717676162719727,937,260
2559,1,Fast,0.32861337065696716,802,580
2560,1,Fast,0.8897745013237,1015,935
2560,1,Fast,0.8808526992797852,1086,908
2560,1,Fast,0.8076351284980774,1027,500
2560,1,Fast,0.779827892780304,1161,747
2560,1,Fast,0.7211260795593262,849,433
2560,1,Fast,0.3688964545726776,1154,1055
2561,1,Fast,0.8957604765892029,1020,946
2561,1,Fast,0.8825086355209351,1093,920
2561,1,Fast,0.813350260257721,1025,496
2561,1,Fast,0.8017556071281433,1156,739
2561,1,Fast,0.7007210850715637,849,436
2562,1,Fast,0.8820402026176453,1025,957
2562,1,Fast,0.7894976735115051,1023,492
2562,1,Fast,0.7548038363456726,1152,732
2562,1,Fast,0.7507665753364563,1100,934
2562,1,Fast,0.6851596236228943,850,440
2563,1,Fast,0.8687621355056763,1031,969
2563,1,Fast,0.8578976392745972,1107,948
2563,1,Fast,0.8227361440658569,1021,489
2563,1,Fast,0.7862429022789001,1147,724
2563,1,Fast,0.7288594841957092,851,443
2564,1,Fast,0.8471606969833374,1035,983
2564,1,Fast,0.8376836180686951,1019,486
2564,1,Fast,0.7585172653198242,1114,962
2564,1,Fast,0.7138223648071289,1142,716
2564,1,Fast,0.5923937559127808,851,448
2564,1,Fast,0.5009739398956299,804,596
2565,1,Fast,0.8481874465942383,1121,976
2565,1,Fast,0.8319045901298523,1018,482
2565,1,Fast,0.773079514503479,1041,996
2565,1,Fast,0.755486011505127,1138,709
2565,1,Fast,0.7266387939453125,806,600
2565,1,Fast,0.6094692349433899,852,450
2566,1,Fast,0.8646217584609985,1046,1009
2566,1,Fast,0.8297783136367798,1016,479
2566,1,Fast,0.7598932981491089,1129,992
2566,1,Fast,0.7469384074211121,807,603
2566,1,Fast,0.6422913670539856,853,454
2566,1,Fast,0.5686469674110413,1134,702
2567,1,Fast,0.8772836327552795,1053,1023
2567,1,Fast,0.8484572172164917,1013,476
2567,1,Fast,0.8472359776496887,1136,1007
2567,1,Fast,0.7667987942695618,809,606
2567,1,Fast,0.6880624890327454,853,457
2567,1,Fast,0.6796543598175049,1128,695
2567,1,Fast,0.38458725810050964,1049,557
2568,1,Fast,0.8810065388679504,1059,1037
2568,1,Fast,0.86741703748703,1012,472
2568,1,Fast,0.8261556029319763,1146,1023
2568,1,Fast,0.45322689414024353,1124,688
2568,1,Fast,0.42053312063217163,854,461
2568,1,Fast,0.33953532576560974,810,609
2569,1,Fast,0.8556097149848938,1066,1046
2569,1,Fast,0.8490888476371765,1010,469
2569,1,Fast,0.7166626453399658,855,465
2569,1,Fast,0.6929510831832886,1156,1036
2569,1,Fast,0.3625732660293579,1120,682
2570,1,Fast,0.8352975845336914,1009,465
2570,1,Fast,0.7476940155029297,856,468
2570,1,Fast,0.6281023025512695,1075,1053
2570,1,Fast,0.4975070655345917,1042,544
2570,1,Fast,0.42838701605796814,1116,674
2571,1,Fast,0.830256998538971,1008,463
2571,1,Fast,0.8030142188072205,857,472
2571,1,Fast,0.6594429016113281,1040,539
2571,1,Fast,0.5503643155097961,1084,1061
2571,1,Fast,0.36262398958206177,1112,669
2572,1,Fast,0.8368729948997498,1006,459
2572,1,Fast,0.7385221719741821,1038,535
2572,1,Fast,0.7175711989402771,858,476
2572,1,Fast,0.6385295987129211,1108,662
2572,1,Fast,0.523467481136322,1092,1068
2573,1,Fast,0.8278727531433105,1005,456
2573,1,Fast,0.726802408695221,859,479
2573,1,Fast,0.6987407803535461,1035,531
2573,1,Fast,0.5124928951263428,1104,656
2573,1,Fast,0.4210430681705475,816,625
2574,1,Fast,0.8175972104072571,1003,452
2574,1,Fast,0.8108429312705994,1033,527
2574,1,Fast,0.713509202003479,860,484
2574,1,Fast,0.5793869495391846,1100,650
2574,1,Fast,0.525734543800354,816,629
2575,1,Fast,0.8229660391807556,1002,449
2575,1,Fast,0.7612723708152771,1032,522
2575,1,Fast,0.7104164361953735,861,488
2575,1,Fast,0.6911155581474304,817,633
2575,1,Fast,0.5769384503364563,1097,643
2576,1,Fast,0.8343386054039001,1000,446
2576,1,Fast,0.7201388478279114,1030,518
2576,1,Fast,0.6415388584136963,861,492
2576,1,Fast,0.6328516006469727,1094,638
2576,1,Fast,0.44730186462402344,818,636
2576,1,Fast,0.3692733347415924,879,392
2577,1,Fast,0.8546167016029358,999,442
2577,1,Fast,0.7475025057792664,1027,515
2577,1,Fast,0.6008362770080566,1090,631
2577,1,Fast,0.5666492581367493,818,640
2577,2,Slow,0.3054463863372803,878,396
2578,1,Fast,0.850739598274231,997,440
2578,1,Fast,0.6603989601135254,1025,511
2578,1,Fast,0.40787434577941895,1087,626
2578,1,Fast,0.33269447088241577,864,501
2578,1,Fast,0.31920862197875977,820,643
2579,1,Fast,0.8331251740455627,996,437
2579,1,Fast,0.7300522327423096,1023,507
2579,1,Fast,0.5709019303321838,1083,620
2579,1,Fast,0.4743928909301758,866,505
2579,1,Fast,0.3060470223426819,820,646
2580,1,Fast,0.8350685834884644,995,434
2580,1,Fast,0.7437513470649719,1020,504
2580,1,Fast,0.6234650611877441,867,508
2580,1,Fast,0.4656774401664734,1079,614
2581,1,Fast,0.8374344110488892,993,432
2581,1,Fast,0.804171085357666,1018,500
2581,1,Fast,0.7435228228569031,868,512
2581,1,Fast,0.5683839917182922,1075,608
2582,1,Fast,0.8285229802131653,992,430
2582,1,Fast,0.8093257546424866,869,516
2582,1,Fast,0.7666370868682861,1016,497
2582,1,Fast,0.7128610014915466,1072,603
2583,1,Fast,0.830238938331604,871,521
2583,1,Fast,0.8189795613288879,1014,493
2583,1,Fast,0.8030112385749817,991,426
2583,1,Fast,0.5973849296569824,1069,597
2583,1,Fast,0.579673707485199,824,662
2584,1,Fast,0.8385946154594421,872,526
2584,1,Fast,0.8268904089927673,1013,489
2584,1,Fast,0.8013759851455688,989,423
2584,1,Fast,0.6490376591682434,884,422
2584,1,Fast,0.6321218013763428,1067,592
2584,1,Fast,0.5963743925094604,826,666
2585,1,Fast,0.8457270860671997,1011,485
2585,1,Fast,0.82343989610672,873,530
2585,1,Fast,0.7779064774513245,988,420
2585,1,Fast,0.6859502792358398,1064,587
2585,1,Fast,0.5607950687408447,827,670
2585,1,Fast,0.483862042427063,1301,1000
2586,1,Fast,0.8366649150848389,874,535
2586,1,Fast,0.8203034996986389,1009,481
2586,1,Fast,0.8054128885269165,986,417
2586,1,Fast,0.5927729606628418,827,674
2586,1,Fast,0.5590723752975464,1062,582
2587,1,Fast,0.8417418003082275,1008,478
2587,1,Fast,0.8255727291107178,986,415
2587,1,Fast,0.8170554637908936,876,540
2587,1,Fast,0.7119101285934448,828,677
2587,1,Fast,0.5451246500015259,1283,974
2587,1,Fast,0.41597118973731995,1059,577
2588,1,Fast,0.8456817269325256,1006,475
2588,1,Fast,0.8361298441886902,985,411
2588,1,Fast,0.7830467224121094,877,545
2588,1,Fast,0.6346834897994995,1057,572
2588,1,Fast,0.3489993214607239,1275,960
2589,1,Fast,0.8419710993766785,984,409
2589,1,Fast,0.8314775228500366,1005,472
2589,1,Fast,0.6431668996810913,1054,567
2589,1,Fast,0.5535175204277039,831,685
2589,1,Fast,0.534709095954895,879,549
2589,1,Fast,0.4149257242679596,1267,947
2590,1,Fast,0.8303589820861816,983,407
2590,1,Fast,0.8155224919319153,1002,468
2590,1,Fast,0.7124969959259033,1051,563
2590,1,Fast,0.6372896432876587,881,554
2590,1,Fast,0.509181797504425,833,690
2590,1,Fast,0.4548821747303009,1259,935
2591,1,Fast,0.8259916305541992,982,405
2591,1,Fast,0.8200544118881226,1000,464
2591,1,Fast,0.7807733416557312,883,558
2591,1,Fast,0.7430270910263062,1048,558
2591,1,Fast,0.49695757031440735,891,451
2591,1,Fast,0.48094335198402405,1249,923
2592,1,Fast,0.8609143495559692,998,461
2592,1,Fast,0.8465550541877747,981,402
2592,1,Fast,0.8278006911277771,884,563
2592,1,Fast,0.8072518110275269,1241,911
2592,1,Fast,0.7534751892089844,1045,553
2592,1,Fast,0.35560092329978943,835,699
2593,1,Fast,0.8770238757133484,998,459
2593,1,Fast,0.8580023050308228,885,569
2593,1,Fast,0.8573904633522034,980,400
2593,1,Fast,0.7483262419700623,1043,549
2593,1,Fast,0.7210052013397217,836,702
2593,1,Fast,0.31896722316741943,1234,899
2594,1,Fast,0.8758782148361206,996,456
2594,1,Fast,0.8535879254341125,979,397
2594,1,Fast,0.8464317321777344,1041,543
2594,1,Fast,0.8459901213645935,887,574
2594,1,Fast,0.8152156472206116,837,706
2594,1,Fast,0.7844584584236145,1227,888
2595,1,Fast,0.8487825393676758,889,579
2595,1,Fast,0.8468369245529175,994,452
2595,1,Fast,0.8372129797935486,978,394
2595,1,Fast,0.8058934211730957,1038,539
2595,1,Fast,0.7924152612686157,839,711
2595,1,Fast,0.564500629901886,1221,878
2596,1,Fast,0.8675806522369385,890,585
2596,1,Fast,0.831466794013977,993,449
2596,1,Fast,0.8214911222457886,1036,535
2596,1,Fast,0.7866677641868591,977,391
2596,1,Fast,0.7233060002326965,840,716
2596,1,Fast,0.5970091819763184,1213,867
2597,1,Fast,0.8505661487579346,991,446
2597,1,Fast,0.849896252155304,892,591
2597,1,Fast,0.8282723426818848,1034,530
2597,1,Fast,0.7823550701141357,841,720
2597,1,Fast,0.7768823504447937,975,389
2597,1,Fast,0.31997373700141907,1207,856
2598,1,Fast,0.8460445404052734,990,443
2598,1,Fast,0.8317359685897827,894,596
2598,1,Fast,0.7862893342971802,974,386
2598,1,Fast,0.7755168080329895,1032,526
2598,1,Fast,0.6869252920150757,1200,845
2598,1,Fast,0.6603698134422302,901,483
2598,1,Fast,0.4743250906467438,842,724
2599,1,Fast,0.8302669525146484,989,440
2599,1,Fast,0.8135175108909607,973,383
2599,1,Fast,0.7474552392959595,1030,521
2599,1,Fast,0.704767107963562,896,602
2600,1,Fast,0.8252665400505066,972,382
2600,1,Fast,0.8096045851707458,988,438
2600,1,Fast,0.7675469517707825,1028,518
2600,1,Fast,0.6929387450218201,898,608
2600,1,Fast,0.6107337474822998,904,494
2601,1,Fast,0.8294647932052612,971,379
2601,1,Fast,0.8164805769920349,901,613
2601,1,Fast,0.7813519835472107,1025,513
2601,1,Fast,0.7784174680709839,986,435
2601,1,Fast,0.7015217542648315,1181,815
2601,1,Fast,0.5113245844841003,905,499
2602,1,Fast,0.8278982639312744,970,377
2602,1,Fast,0.8129021525382996,984,432
2602,1,Fast,0.8110331892967224,903,618
2602,1,Fast,0.7827436923980713,848,743
2602,1,Fast,0.6945819854736328,1023,509
2602,1,Fast,0.6081382632255554,1175,805
2603,1,Fast,0.8482096195220947,849,748
2603,1,Fast,0.8354617953300476,905,624
2603,1,Fast,0.8169478178024292,1168,795
2603,1,Fast,0.8074192404747009,983,429
2603,1,Fast,0.8026733994483948,969,375
2603,1,Fast,0.7729567289352417,1020,506
2603,1,Fast,0.5884079337120056,909,510
2604,1,Fast,0.8745085597038269,906,631
2604,1,Fast,0.848034679889679,982,426
2604,1,Fast,0.8439605236053467,1162,786
2604,1,Fast,0.8336787223815918,851,753
2604,1,Fast,0.8325392603874207,968,372
2604,1,Fast,0.8186525106430054,1019,502
2604,1,Fast,0.6238491535186768,912,516
2604,2,Slow,0.39066562056541443,953,312
2605,1,Fast,0.8511286377906799,909,637
2605,1,Fast,0.8478654623031616,980,423
2605,1,Fast,0.8454593420028687,967,370
2605,1,Fast,0.8242552280426025,1016,497
2605,1,Fast,0.7971154451370239,852,758
2605,1,Fast,0.7256778478622437,1158,779
2605,1,Fast,0.5301187038421631,913,522
2605,2,Slow,0.3395572304725647,953,310
2606,1,Fast,0.8604950904846191,911,643
2606,1,Fast,0.8421550393104553,966,368
2606,1,Fast,0.8335392475128174,854,763
2606,1,Fast,0.8209481239318848,1014,494
2606,1,Fast,0.807191014289856,979,421
2606,1,Fast,0.5477258563041687,915,527
2606,1,Fast,0.3735690116882324,1152,770
2607,1,Fast,0.8578317761421204,856,768
2607,1,Fast,0.8498600125312805,913,650
2607,1,Fast,0.8435590863227844,965,366
2607,1,Fast,0.839453935623169,1013,490
2607,1,Fast,0.8258537650108337,977,418
2607,1,Fast,0.43778103590011597,1147,761
2608,1,Fast,0.8462638258934021,915,657
2608,1,Fast,0.836183488368988,977,415
2608,1,Fast,0.826509952545166,857,773
2608,1,Fast,0.8219530582427979,965,363
2608,1,Fast,0.7892143130302429,1011,486
2608,1,Fast,0.4120573401451111,918,539
2609,1,Fast,0.8315741419792175,917,663
2609,1,Fast,0.8222337365150452,976,412
2609,1,Fast,0.8181473016738892,859,779
2609,1,Fast,0.8022488951683044,964,361
2609,1,Fast,0.7443022727966309,1009,482
2609,1,Fast,0.723322868347168,921,543
2609,1,Fast,0.5850077271461487,1135,744
2610,1,Fast,0.8241716027259827,860,785
2610,1,Fast,0.8129006624221802,1008,478
2610,1,Fast,0.8110092282295227,964,358
2610,1,Fast,0.7980790138244629,975,409
2610,1,Fast,0.7836255431175232,920,670
2610,1,Fast,0.620194673538208,1131,736
2611,1,Fast,0.8663658499717712,924,676
2611,1,Fast,0.8410332798957825,862,789
2611,1,Fast,0.8345584273338318,963,356
2611,1,Fast,0.8266074061393738,1006,475
2611,1,Fast,0.7801586389541626,974,407
2611,1,Fast,0.5460522174835205,926,557
2612,1,Fast,0.8554183840751648,865,794
2612,1,Fast,0.8343182802200317,1005,472
2612,1,Fast,0.8332656621932983,962,354
2612,1,Fast,0.8295201659202576,926,681
2612,1,Fast,0.7628311514854431,973,404
2612,1,Fast,0.5202935338020325,1122,719
2613,1,Fast,0.8634303212165833,927,690
2613,1,Fast,0.8502280712127686,866,798
2613,1,Fast,0.8340814113616943,962,352
2613,1,Fast,0.8045433163642883,932,570
2613,1,Fast,0.8022510409355164,1002,467
2613,1,Fast,0.3790595829486847,971,401
2614,1,Fast,0.8600934743881226,930,697
2614,1,Fast,0.8452969193458557,868,804
2614,1,Fast,0.8251836895942688,961,350
2614,1,Fast,0.7971007823944092,1000,464
2614,1,Fast,0.4838729798793793,970,399
2614,1,Fast,0.36085429787635803,933,576
2615,1,Fast,0.8641922473907471,933,705
2615,1,Fast,0.8374687433242798,870,809
2615,1,Fast,0.8263721466064453,999,460
2615,1,Fast,0.7738131284713745,960,348
2615,1,Fast,0.5203527808189392,969,396
2615,1,Fast,0.5034145712852478,1108,696
2615,1,Fast,0.44862934947013855,936,582
2616,1,Fast,0.8716978430747986,935,712
2616,1,Fast,0.8443275690078735,997,457
2616,1,Fast,0.8266371488571167,872,815
2616,1,Fast,0.8033863306045532,967,394
2616,1,Fast,0.7547827959060669,960,346
2616,1,Fast,0.6977705955505371,939,589
2616,1,Fast,0.6776174306869507,1103,690
2617,1,Fast,0.8749350905418396,938,720
2617,1,Fast,0.8257821202278137,995,453
2617,1,Fast,0.8005138635635376,966,391
2617,1,Fast,0.7431896924972534,959,343
2617,1,Fast,0.7007520198822021,874,820
2617,1,Fast,0.5363803505897522,941,596
2618,1,Fast,0.8770996332168579,942,728
2618,1,Fast,0.8016478419303894,994,450
2618,1,Fast,0.7803568243980408,958,341
2618,1,Fast,0.7061314582824707,965,389
2618,1,Fast,0.6887035965919495,876,826
2618,1,Fast,0.6146097183227539,945,604
2618,1,Fast,0.3120042681694031,1094,675
2619,1,Fast,0.8723503947257996,945,736
2619,1,Fast,0.8289844989776611,992,447
2619,1,Fast,0.7998555898666382,965,387
2619,1,Fast,0.6829050779342651,878,833
2619,1,Fast,0.6737889051437378,957,340
2619,1,Fast,0.3060383200645447,947,287
2620,1,Fast,0.8668331503868103,947,744
2620,1,Fast,0.8351752758026123,991,444
2620,1,Fast,0.7979227304458618,964,384
2620,1,Fast,0.7465094923973083,880,838
2620,1,Fast,0.7462003827095032,957,338
2620,1,Fast,0.47744569182395935,950,619
2621,1,Fast,0.8539841175079346,951,753
2621,1,Fast,0.8507296442985535,990,441
2621,1,Fast,0.8459476232528687,883,843
2621,1,Fast,0.7744128704071045,963,382
2621,1,Fast,0.724005937576294,956,335
2621,1,Fast,0.3166399598121643,954,626
2622,1,Fast,0.8743889927864075,884,850
2622,1,Fast,0.8660622835159302,955,761
2622,1,Fast,0.8383634090423584,989,438
2622,1,Fast,0.7849911451339722,962,379
2622,1,Fast,0.7148352861404419,956,333
2622,1,Fast,0.42454850673675537,957,634
2622,1,Fast,0.3012946844100952,946,283
2623,1,Fast,0.872329831123352,886,854
2623,1,Fast,0.8469827771186829,958,769
2623,1,Fast,0.8249397873878479,987,435
2623,1,Fast,0.7870955467224121,962,377
2623,1,Fast,0.7222358584403992,955,331
2623,1,Fast,0.3257771134376526,961,641
2624,1,Fast,0.8702968955039978,888,860
2624,1,Fast,0.862586259841919,961,779
2624,1,Fast,0.8374130725860596,985,432
2624,1,Fast,0.7630288600921631,955,328
2624,1,Fast,0.6310300230979919,961,375
2624,1,Fast,0.40949979424476624,964,649
2625,1,Fast,0.8705163598060608,965,788
2625,1,Fast,0.869748055934906,891,865
2625,1,Fast,0.7965052127838135,954,327
2625,1,Fast,0.7667839527130127,984,429
2625,1,Fast,0.41726383566856384,1379,1051
2626,1,Fast,0.8726093173027039,968,798
2626,1,Fast,0.8664572834968567,893,871
2626,1,Fast,0.8460254669189453,982,425
2626,1,Fast,0.8391790986061096,1367,1045
2626,1,Fast,0.6851195096969604,954,325
2627,1,Fast,0.8884756565093994,972,806
2627,1,Fast,0.8729347586631775,895,878
2627,1,Fast,0.8626921772956848,1359,1035
2627,1,Fast,0.8124501705169678,981,422
2627,1,Fast,0.6016338467597961,953,323
2627,1,Fast,0.468136191368103,957,368
2628,1,Fast,0.8966025710105896,976,815
2628,1,Fast,0.8782142996788025,1350,1023
2628,1,Fast,0.870334267616272,897,884
2628,1,Fast,0.8168730139732361,980,420
2628,1,Fast,0.7689038515090942,953,321
2628,1,Fast,0.5943830013275146,956,366
2629,1,Fast,0.894079327583313,979,825
2629,1,Fast,0.8791181445121765,1341,1011
2629,1,Fast,0.8679307699203491,900,891
2629,1,Fast,0.8470715284347534,979,417
2629,1,Fast,0.7350034713745117,956,364
2629,1,Fast,0.6822740435600281,952,319
2629,1,Fast,0.5466516613960266,983,693
2630,1,Fast,0.8960105180740356,983,835
2630,1,Fast,0.8822759985923767,1333,999
2630,1,Fast,0.8493489027023315,903,897
2630,1,Fast,0.8378309607505798,978,414
2630,1,Fast,0.7684563398361206,987,702
2630,1,Fast,0.7480759620666504,956,361
2630,1,Fast,0.6001268029212952,951,318
2630,1,Fast,0.3869505524635315,1049,598
2631,1,Fast,0.8992228507995605,987,845
2631,1,Fast,0.8813410997390747,1325,989
2631,1,Fast,0.876695990562439,906,904
2631,1,Fast,0.843005359172821,977,411
2631,1,Fast,0.7495932579040527,955,358
2631,1,Fast,0.6810116171836853,991,711
2631,1,Fast,0.6383748650550842,951,316
2631,1,Fast,0.43547287583351135,1046,592
2632,1,Fast,0.8995589017868042,992,855
2632,1,Fast,0.8887185454368591,1317,978
2632,1,Fast,0.8843083381652832,908,910
2632,1,Fast,0.8326154947280884,976,408
2632,1,Fast,0.7796748876571655,955,356
2632,1,Fast,0.7215245962142944,1043,586
2632,1,Fast,0.49322789907455444,995,722
2632,1,Fast,0.4500860273838043,951,314
2633,1,Fast,0.900708794593811,997,864
2633,1,Fast,0.8838489055633545,911,916
2633,1,Fast,0.882403552532196,1309,968
2633,1,Fast,0.7918813824653625,975,405
2633,1,Fast,0.7270460724830627,954,353
2633,1,Fast,0.7130531668663025,999,731
2633,1,Fast,0.4170284867286682,1041,581
2633,1,Fast,0.41696658730506897,951,311
2634,1,Fast,0.890570342540741,1001,876
2634,1,Fast,0.8853164315223694,1303,958
2634,1,Fast,0.8811137080192566,913,923
2634,1,Fast,0.8089401125907898,974,402
2634,1,Fast,0.5664823055267334,1038,575
2634,1,Fast,0.5118162035942078,954,351
2634,1,Fast,0.3556053042411804,1004,741
2635,1,Fast,0.8937131762504578,1005,888
2635,1,Fast,0.8905318379402161,915,929
2635,1,Fast,0.8878338932991028,1295,947
2635,1,Fast,0.7623110413551331,973,400
2635,1,Fast,0.4909716546535492,1035,570
2635,1,Fast,0.3796226978302002,949,308
2635,1,Fast,0.372904509305954,1008,752
2636,1,Fast,0.8923702836036682,1010,900
2636,1,Fast,0.8872663974761963,1288,938
2636,1,Fast,0.8694354295730591,918,936
2636,1,Fast,0.8581153750419617,1461,1047
2636,1,Fast,0.7707294821739197,971,397
2636,1,Fast,0.5400280952453613,949,306
2636,1,Fast,0.41735148429870605,1032,565
2636,1,Fast,0.3800257444381714,813,386
2636,1,Fast,0.3468519151210785,1013,762
2637,1,Fast,0.8977609276771545,1014,911
2637,1,Fast,0.8912715911865234,1281,927
2637,1,Fast,0.8547274470329285,921,943
2637,1,Fast,0.7865750789642334,970,394
2637,1,Fast,0.7184059619903564,948,305
2637,1,Fast,0.6374159455299377,813,388
2637,1,Fast,0.6189014911651611,952,346
2637,1,Fast,0.4410296380519867,1451,1034
2637,1,Fast,0.4176950752735138,1029,560
2638,1,Fast,0.8899180889129639,1274,916
2638,1,Fast,0.8879756927490234,1019,922
2638,1,Fast,0.8652142882347107,924,952
2638,1,Fast,0.7806475758552551,813,391
2638,1,Fast,0.7801002264022827,968,392
2638,1,Fast,0.6804134845733643,948,303
2638,1,Fast,0.5251538753509521,1023,784
2638,1,Fast,0.5164732933044434,1444,1023
2638,1,Fast,0.44828546047210693,950,344
2639,1,Fast,0.8977320790290833,926,958
2639,1,Fast,0.8971076607704163,1268,907
2639,1,Fast,0.8937826752662659,1023,934
2639,1,Fast,0.7976928949356079,813,394
2639,1,Fast,0.7194602489471436,967,389
2639,1,Fast,0.6760871410369873,1029,797
2639,1,Fast,0.6700038313865662,1433,1010
2639,1,Fast,0.3105229437351227,947,302
2640,1,Fast,0.8984612226486206,929,965
2640,1,Fast,0.8980728983879089,1028,946
2640,1,Fast,0.8940802812576294,1261,898
2640,1,Fast,0.8342286348342896,813,396
2640,1,Fast,0.7782654166221619,966,387
2640,1,Fast,0.7688956260681152,1035,809
2640,1,Fast,0.4234585165977478,1021,545
2640,1,Fast,0.3399992287158966,947,300
2641,1,Fast,0.899250328540802,932,973
2641,1,Fast,0.8918031454086304,1034,958
2641,1,Fast,0.8847796320915222,1255,888
2641,1,Fast,0.8359639048576355,813,399
2641,1,Fast,0.8107725381851196,1040,820
2641,1,Fast,0.8087753057479858,1414,987
2641,1,Fast,0.7413801550865173,966,384
2641,1,Fast,0.5783681869506836,1292,1041
2642,1,Fast,0.8949529528617859,1039,970
2642,1,Fast,0.8929724097251892,934,980
2642,1,Fast,0.888131320476532,1248,880
2642,1,Fast,0.8280898928642273,814,401
2642,1,Fast,0.8274990916252136,965,382
2642,1,Fast,0.8271233439445496,1282,1025
2642,1,Fast,0.6486321687698364,1046,833
2642,1,Fast,0.5922871828079224,1406,975
2643,1,Fast,0.8901710510253906,1243,871
2643,1,Fast,0.8891141414642334,938,986
2643,1,Fast,0.8825604319572449,1046,984
2643,1,Fast,0.8593625426292419,1272,1010
2643,1,Fast,0.8300409317016602,964,379
2643,1,Fast,0.8243066072463989,814,404
2643,1,Fast,0.8087618350982666,1397,963
2643,1,Fast,0.7360870838165283,1051,845
2643,1,Fast,0.43650418519973755,1014,530
2644,1,Fast,0.887924313545227,1054,996
2644,1,Fast,0.8871485590934753,1236,862
2644,1,Fast,0.8637383580207825,941,994
2644,1,Fast,0.8630510568618774,1263,997
2644,1,Fast,0.8616200685501099,1390,953
2644,1,Fast,0.8007920980453491,814,407
2644,1,Fast,0.7971888780593872,963,376
2644,1,Fast,0.6413585543632507,1057,859
2644,1,Fast,0.41324013471603394,948,331
2645,1,Fast,0.8851721882820129,1230,854
2645,1,Fast,0.8829646110534668,1059,1012
2645,1,Fast,0.8665773272514343,1254,983
2645,1,Fast,0.8626843690872192,944,1002
2645,1,Fast,0.8496958613395691,1380,943
2645,1,Fast,0.847001850605011,814,410
2645,1,Fast,0.7962278127670288,962,374
2645,1,Fast,0.5195344090461731,1065,872
2646,1,Fast,0.8961405158042908,1225,845
2646,1,Fast,0.8835226893424988,1064,1026
2646,1,Fast,0.8781530857086182,1245,971
2646,1,Fast,0.8545432686805725,814,413
2646,1,Fast,0.8131923079490662,1373,933
2646,1,Fast,0.7980567812919617,962,372
2646,1,Fast,0.7484787106513977,948,1011
2646,1,Fast,0.6305413842201233,1072,886
2646,1,Fast,0.3609812557697296,1008,516
2647,1,Fast,0.8911924958229065,1219,837
2647,1,Fast,0.8870300650596619,1237,958
2647,1,Fast,0.8789829611778259,1069,1039
2647,1,Fast,0.86021488904953,1365,923
2647,1,Fast,0.8318451046943665,814,415
2647,1,Fast,0.831815242767334,1079,900
2647,1,Fast,0.7598590850830078,961,370
2647,1,Fast,0.6819882988929749,950,1020
2648,1,Fast,0.8983537554740906,1214,829
2648,1,Fast,0.8681105971336365,1229,945
2648,1,Fast,0.8641226291656494,1076,1047
2648,1,Fast,0.813441276550293,954,1027
2648,1,Fast,0.8106105327606201,1086,915
2648,1,Fast,0.7810655236244202,815,418
2648,1,Fast,0.7717633843421936,960,368
2648,1,Fast,0.5997079610824585,1357,912
2649,1,Fast,0.8886074423789978,1209,821
2649,1,Fast,0.874992847442627,1221,932
2649,1,Fast,0.827983558177948,956,1036
2649,1,Fast,0.8194758296012878,1093,930
2649,1,Fast,0.8054026961326599,958,365
2649,1,Fast,0.7931606769561768,815,421
2649,1,Fast,0.7796629667282104,1086,1055
2649,1,Fast,0.7771238088607788,1349,901
2650,1,Fast,0.9004046320915222,1203,813
2650,1,Fast,0.8713338375091553,1214,920
2650,1,Fast,0.814606785774231,1101,946
2650,1,Fast,0.8072584867477417,960,1042
2650,1,Fast,0.7955586910247803,957,363
2650,1,Fast,0.7824124097824097,816,424
2650,1,Fast,0.6788161993026733,1342,893
2650,1,Fast,0.4154784381389618,1093,1063
2651,1,Fast,0.8927333950996399,1198,805
2651,1,Fast,0.857097327709198,1108,962
2651,1,Fast,0.8480291962623596,1207,909
2651,1,Fast,0.8320981860160828,816,427
2651,1,Fast,0.7833152413368225,957,361
2651,1,Fast,0.7556514143943787,961,1045
2652,1,Fast,0.8863264918327332,1193,797
2652,1,Fast,0.8177668452262878,1200,897
2652,1,Fast,0.8075787425041199,817,429
2652,1,Fast,0.7696825265884399,956,358
2652,1,Fast,0.6356872916221619,1116,977
2652,1,Fast,0.4556148648262024,966,1050
2653,1,Fast,0.862881600856781,1188,790
2653,1,Fast,0.7976338267326355,817,432
2653,1,Fast,0.7823092937469482,956,355
2653,1,Fast,0.7725598216056824,1193,885
2653,1,Fast,0.6611197590827942,1320,864
2654,1,Fast,0.877539336681366,1183,782
2654,1,Fast,0.8270726203918457,956,353
2654,1,Fast,0.7812834978103638,817,434
2654,1,Fast,0.762356698513031,1186,874
2654,1,Fast,0.7148767113685608,1314,855
2654,1,Fast,0.3139823377132416,990,481
2655,1,Fast,0.8333050012588501,1178,776
2655,1,Fast,0.8284411430358887,955,351
2655,1,Fast,0.8163918256759644,1180,864
2655,1,Fast,0.7746567726135254,818,437
2655,1,Fast,0.5803525447845459,988,478
2656,1,Fast,0.8707098960876465,1173,768
2656,1,Fast,0.8082972764968872,819,440
2656,1,Fast,0.7845061421394348,987,474
2656,1,Fast,0.7586813569068909,954,349
2656,1,Fast,0.7108743190765381,1173,852
2656,1,Fast,0.43559008836746216,1299,837
2657,1,Fast,0.8751881718635559,1167,841
2657,1,Fast,0.867871105670929,1169,761
2657,1,Fast,0.8183444142341614,986,470
2657,1,Fast,0.8153756856918335,819,444
2657,1,Fast,0.6546177268028259,953,346
2657,1,Fast,0.5138309597969055,1295,829
2658,1,Fast,0.8856233954429626,1164,755
2658,1,Fast,0.8586859703063965,1160,831
2658,1,Fast,0.7679707407951355,984,467
2658,1,Fast,0.7382266521453857,819,447
2658,1,Fast,0.6195989847183228,953,345
2658,1,Fast,0.5900121331214905,1288,821
2659,1,Fast,0.873479425907135,1160,748
2659,1,Fast,0.8019249439239502,1153,821
2659,1,Fast,0.7251262068748474,952,342
2659,1,Fast,0.7159479260444641,819,450
2659,1,Fast,0.6291432976722717,1282,812
2659,1,Fast,0.48976609110832214,982,463
2660,1,Fast,0.8807730674743652,1156,741
2660,1,Fast,0.7154754400253296,820,453
2660,1,Fast,0.669021725654602,951,340
2660,1,Fast,0.6445977091789246,1149,812
2660,1,Fast,0.5917108058929443,1276,804
2661,1,Fast,0.8924691081047058,1152,735
2661,1,Fast,0.8048833608627319,821,456
2661,1,Fast,0.7713456749916077,951,339
2661,1,Fast,0.6445510983467102,1270,795
2661,1,Fast,0.5879713892936707,1143,802
2662,1,Fast,0.8692928552627563,1148,728
2662,1,Fast,0.7882896661758423,821,460
2662,1,Fast,0.7526077628135681,950,336
2662,1,Fast,0.5129637718200684,1138,793
2662,1,Fast,0.41668030619621277,977,451
2663,1,Fast,0.8724518418312073,1143,721
2663,1,Fast,0.7777878046035767,950,334
2663,1,Fast,0.7395826578140259,822,463
2663,1,Fast,0.3472415506839752,974,447
2663,1,Fast,0.3335300087928772,1258,779
2664,1,Fast,0.8616814613342285,1140,715
2664,1,Fast,0.8264443874359131,1127,774
2664,1,Fast,0.77107173204422,822,466
2664,1,Fast,0.6950741410255432,950,331
2664,1,Fast,0.6083523035049438,973,443
2665,1,Fast,0.8570031523704529,1136,708
2665,1,Fast,0.7823516726493835,823,469
2665,1,Fast,0.7472755312919617,972,440
2665,1,Fast,0.6299333572387695,1121,766
2665,1,Fast,0.5687779784202576,949,329
2666,1,Fast,0.7942920923233032,823,473
2666,1,Fast,0.7829703688621521,1132,701
2666,1,Fast,0.6606326699256897,949,328
2666,1,Fast,0.6556246280670166,971,437
2666,1,Fast,0.4306333363056183,1116,756
2667,1,Fast,0.8660658597946167,1128,697
2667,1,Fast,0.7363716959953308,1111,748
2667,1,Fast,0.7359986305236816,824,477
2667,1,Fast,0.5545284152030945,948,326
2667,1,Fast,0.46324172616004944,969,434
2667,1,Fast,0.3407023847103119,1299,1011
2668,1,Fast,0.8853600025177002,1124,691
2668,1,Fast,0.7342559099197388,1106,740
2668,1,Fast,0.7329391837120056,825,480
2668,1,Fast,0.619972288608551,1289,998
2669,1,Fast,0.8587558269500732,1121,685
2669,1,Fast,0.6904924511909485,1280,984
2669,1,Fast,0.6842030882835388,825,484
2669,1,Fast,0.37882018089294434,1101,732
2670,1,Fast,0.8681621551513672,1117,679
2670,1,Fast,0.8228268027305603,1271,971
2670,1,Fast,0.7206209897994995,826,488
2670,1,Fast,0.5465102791786194,1097,722
2671,1,Fast,0.8679664731025696,1114,674
2671,1,Fast,0.8493164777755737,1263,958
2671,1,Fast,0.6026821732521057,826,493
2671,1,Fast,0.4751426875591278,1092,714
2672,1,Fast,0.8628002405166626,1110,669
2672,1,Fast,0.8140575885772705,1255,946
2672,1,Fast,0.560640811920166,827,496
2672,1,Fast,0.4454922378063202,1088,706
2673,1,Fast,0.8710485100746155,1106,664
2673,1,Fast,0.8300384283065796,1246,934
2673,1,Fast,0.6715584993362427,828,501
2673,1,Fast,0.46917667984962463,1206,709
2673,1,Fast,0.3780461847782135,959,413
2673,1,Fast,0.3344902992248535,1083,701
2674,1,Fast,0.864402711391449,1103,657
2674,1,Fast,0.8344123959541321,1238,921
2674,1,Fast,0.7811200022697449,958,410
2674,1,Fast,0.6434749960899353,830,504
2674,1,Fast,0.5146514177322388,1079,694
2674,1,Fast,0.39910244941711426,1200,701
2675,1,Fast,0.8604989647865295,1100,652
2675,1,Fast,0.7459651827812195,1230,909
2675,1,Fast,0.7005491852760315,957,407
2675,1,Fast,0.6793582439422607,831,508
2675,1,Fast,0.6587481498718262,1197,696
2675,1,Fast,0.612832248210907,1075,686
2676,1,Fast,0.8714277744293213,1097,647
2676,1,Fast,0.7860264778137207,1223,898
2676,1,Fast,0.7511804103851318,831,511
2676,1,Fast,0.7223780751228333,1071,678
2676,1,Fast,0.6242110133171082,956,404
2677,1,Fast,0.8617836236953735,1094,642
2677,1,Fast,0.805338442325592,832,514
2677,1,Fast,0.6789920330047607,1217,886
2677,1,Fast,0.5766373872756958,955,401
2677,1,Fast,0.5150532722473145,1067,672
2678,1,Fast,0.8524635434150696,1091,636
2678,1,Fast,0.8349639177322388,1210,876
2678,1,Fast,0.715379536151886,832,518
2678,1,Fast,0.6791040897369385,1063,664
2679,1,Fast,0.8571740388870239,1088,631
2679,1,Fast,0.7904295325279236,1203,864
2679,1,Fast,0.6666737794876099,833,522
2679,1,Fast,0.6359107494354248,1060,657
2679,1,Fast,0.43477481603622437,1179,670
2680,1,Fast,0.8490514755249023,1085,627
2680,1,Fast,0.7686554789543152,834,526
2680,1,Fast,0.7309247255325317,1175,664
2680,1,Fast,0.642130970954895,1196,854
2680,1,Fast,0.6006423234939575,1056,650
2681,1,Fast,0.8488171696662903,1083,622
2681,1,Fast,0.7691649198532104,1190,844
2681,1,Fast,0.7559720873832703,835,530
2681,1,Fast,0.750613808631897,1053,644
2681,1,Fast,0.6546261310577393,1171,659
2682,1,Fast,0.8479979634284973,1079,617
2682,1,Fast,0.813923180103302,1182,834
2682,1,Fast,0.7698472142219543,836,534
2682,1,Fast,0.6169703006744385,1050,638
2683,1,Fast,0.8491384387016296,1077,612
2683,1,Fast,0.7312445640563965,837,538
2683,1,Fast,0.6509254574775696,1047,631
2683,1,Fast,0.42972278594970703,1176,823
2683,1,Fast,0.3611806631088257,947,382
2684,1,Fast,0.8199397921562195,1074,608
2684,1,Fast,0.8101494908332825,838,543
2684,1,Fast,0.6943966150283813,946,379
2684,1,Fast,0.5300038456916809,1171,814
2684,1,Fast,0.34483006596565247,1043,625
2685,1,Fast,0.8500235080718994,1071,603
2685,1,Fast,0.8258938789367676,839,546
2685,1,Fast,0.7372764348983765,946,377
2685,1,Fast,0.7187334299087524,1155,636
2685,1,Fast,0.5690450072288513,1040,619
2685,1,Fast,0.5430623888969421,1164,804
2686,1,Fast,0.8506445288658142,1069,599
2686,1,Fast,0.8014087080955505,841,550
2686,1,Fast,0.697643518447876,1037,613
2686,1,Fast,0.686530590057373,945,375
2686,1,Fast,0.45770856738090515,1151,630
2687,1,Fast,0.8568226099014282,1154,785
2687,1,Fast,0.846758246421814,1067,594
2687,1,Fast,0.8303419947624207,842,554
2687,1,Fast,0.6800288558006287,1033,607
2687,1,Fast,0.46670469641685486,944,371
2687,1,Fast,0.4327692985534668,1384,1051
2688,1,Fast,0.8570267558097839,1373,1045
2688,1,Fast,0.8470847010612488,843,558
2688,1,Fast,0.8388649821281433,1064,589
2688,1,Fast,0.7161259651184082,1148,777
2688,1,Fast,0.7144763469696045,864,464
2688,1,Fast,0.5982906222343445,1031,602
2688,1,Fast,0.30563679337501526,942,369
2689,1,Fast,0.8836118578910828,1363,1034
2689,1,Fast,0.8241262435913086,844,562
2689,1,Fast,0.8156253695487976,1062,584
2689,1,Fast,0.4939297139644623,942,366
2689,1,Fast,0.4536040723323822,865,467
2689,1,Fast,0.3332626521587372,1142,767
2690,1,Fast,0.8941409587860107,1354,1021
2690,1,Fast,0.8431022763252258,846,567
2690,1,Fast,0.7928833365440369,1059,579
2690,1,Fast,0.7670106887817383,1137,759
2690,1,Fast,0.36573272943496704,1025,590
2691,1,Fast,0.8883987069129944,1345,1008
2691,1,Fast,0.8704185485839844,847,572
2691,1,Fast,0.8122384548187256,1057,576
2691,1,Fast,0.7288619875907898,1132,751
2691,1,Fast,0.6612007021903992,1133,604
2691,1,Fast,0.34153231978416443,1023,584
2692,1,Fast,0.8965677618980408,1336,996
2692,1,Fast,0.8543718457221985,848,577
2692,1,Fast,0.799919605255127,1055,571
2692,1,Fast,0.6687114238739014,1127,743
2692,1,Fast,0.5339362025260925,1130,598
2692,1,Fast,0.4859841763973236,1020,578
2693,1,Fast,0.8996070623397827,1328,983
2693,1,Fast,0.8676906824111938,849,582
2693,1,Fast,0.8062934875488281,1052,567
2693,1,Fast,0.689727246761322,1018,572
2693,1,Fast,0.6537663340568542,1122,734
2694,1,Fast,0.8968607783317566,1319,971
2694,1,Fast,0.8377522230148315,850,586
2694,1,Fast,0.8217352628707886,1050,562
2694,1,Fast,0.5108477473258972,936,352
2694,1,Fast,0.43469560146331787,1015,568
2695,1,Fast,0.89397794008255,1310,960
2695,1,Fast,0.8409080505371094,852,591
2695,1,Fast,0.8188619017601013,1048,558
2695,1,Fast,0.6225835084915161,936,349
2695,1,Fast,0.5312859416007996,1012,561
2696,1,Fast,0.8981015682220459,1303,948
2696,1,Fast,0.8544911742210388,853,596
2696,1,Fast,0.8369602560997009,1045,554
2696,1,Fast,0.7452194690704346,1010,556
2696,1,Fast,0.7066587805747986,872,499
2696,1,Fast,0.3818352520465851,1107,709
2697,1,Fast,0.8924354910850525,1296,937
2697,1,Fast,0.8544123768806458,1043,550
2697,1,Fast,0.8508846759796143,855,601
2697,1,Fast,0.8380430936813354,874,505
2697,1,Fast,0.7733715176582336,1105,702
2697,1,Fast,0.5360175967216492,1008,552
2697,1,Fast,0.44389185309410095,1114,574
2698,1,Fast,0.8952416181564331,1288,926
2698,1,Fast,0.8694877028465271,1042,547
2698,1,Fast,0.8486890196800232,856,606
2698,1,Fast,0.7829692363739014,875,509
2698,1,Fast,0.7630082964897156,1100,695
2698,1,Fast,0.41836783289909363,935,342
2698,1,Fast,0.35090216994285583,1005,548
2699,1,Fast,0.8951208591461182,1280,915
2699,1,Fast,0.8558478355407715,858,612
2699,1,Fast,0.8346965909004211,1039,542
2699,1,Fast,0.7290418744087219,1096,688
2699,1,Fast,0.668848991394043,1002,541
2699,1,Fast,0.5583159327507019,877,513
2700,1,Fast,0.9022579789161682,1274,904
2700,1,Fast,0.8698461055755615,860,616
2700,1,Fast,0.8131628036499023,1038,538
2700,1,Fast,0.6412934064865112,878,518
2700,1,Fast,0.5317569971084595,1090,680
2701,1,Fast,0.9050898551940918,1266,893
2701,1,Fast,0.8558050394058228,862,622
2701,1,Fast,0.8276888132095337,1036,533
2701,1,Fast,0.6810640692710876,879,524
2701,1,Fast,0.3609297573566437,1087,673
2702,1,Fast,0.8991422653198242,1260,883
2702,1,Fast,0.8717512488365173,863,628
2702,1,Fast,0.8120401501655579,1034,530
2702,1,Fast,0.7277528643608093,880,530
2702,1,Fast,0.5030758380889893,1082,666
2703,1,Fast,0.8966465592384338,1252,873
2703,1,Fast,0.8640449643135071,864,633
2703,1,Fast,0.7631956934928894,1032,526
2703,1,Fast,0.6221268773078918,931,330
2703,1,Fast,0.6024727821350098,882,535
2703,1,Fast,0.3616669774055481,1079,659
2704,1,Fast,0.9014792442321777,1246,864
2704,1,Fast,0.8601754307746887,866,639
2704,1,Fast,0.7590636014938354,1030,522
2704,1,Fast,0.6678277254104614,931,328
2704,1,Fast,0.5077284574508667,884,540
2704,1,Fast,0.3001248240470886,991,518
2705,1,Fast,0.894627034664154,1239,855
2705,1,Fast,0.8617987632751465,868,646
2705,1,Fast,0.7991729378700256,1028,519
2705,1,Fast,0.6759806275367737,885,546
2705,1,Fast,0.616930365562439,930,326
2706,1,Fast,0.8823059797286987,1233,845
2706,1,Fast,0.8578803539276123,869,651
2706,1,Fast,0.7850068211555481,888,551
2706,1,Fast,0.7630617618560791,1026,516
2707,1,Fast,0.8834056258201599,1227,837
2707,1,Fast,0.8571274876594543,871,657
2707,1,Fast,0.8085100054740906,890,557
2707,1,Fast,0.6882147192955017,1023,512
2707,1,Fast,0.5713045597076416,1064,633
2707,1,Fast,0.524523138999939,928,322
2708,1,Fast,0.8815804123878479,1221,828
2708,1,Fast,0.8624963760375977,873,663
2708,1,Fast,0.7924248576164246,891,561
2708,1,Fast,0.7404565215110779,1022,508
2708,1,Fast,0.7053931355476379,928,319
2708,1,Fast,0.45761069655418396,1061,627
2709,1,Fast,0.8895571827888489,1215,819
2709,1,Fast,0.8598144054412842,875,669
2709,1,Fast,0.8051439523696899,1020,504
2709,1,Fast,0.6992056369781494,928,317
2709,1,Fast,0.6230557560920715,893,567
2710,1,Fast,0.8875682353973389,1210,810
2710,1,Fast,0.8644758462905884,877,675
2710,1,Fast,0.8204858303070068,1019,501
2710,1,Fast,0.6948177814483643,928,315
2710,1,Fast,0.6441171169281006,979,491
2710,1,Fast,0.6153303384780884,895,575
2711,1,Fast,0.8938199877738953,1204,801
2711,1,Fast,0.8650821447372437,879,681
2711,1,Fast,0.7966838479042053,1017,498
2711,1,Fast,0.7685614228248596,897,580
2711,1,Fast,0.6446053385734558,977,488
2711,1,Fast,0.522418737411499,927,313
2712,1,Fast,0.8906532526016235,1198,792
2712,1,Fast,0.8734257221221924,881,687
2712,1,Fast,0.8224811553955078,898,586
2712,1,Fast,0.8057829141616821,1016,495
2712,1,Fast,0.7678775787353516,1401,992
2712,1,Fast,0.743443489074707,976,483
2712,1,Fast,0.3780156970024109,927,311
2713,1,Fast,0.8885636925697327,1192,783
2713,1,Fast,0.869530975818634,882,693
2713,1,Fast,0.8419538736343384,900,593
2713,1,Fast,0.8389186263084412,1013,491
2713,1,Fast,0.6596769094467163,1394,982
2713,1,Fast,0.6359800696372986,975,479
2713,1,Fast,0.5793943405151367,927,309
2714,1,Fast,0.8748613595962524,1187,776
2714,1,Fast,0.8712604641914368,885,699
2714,1,Fast,0.8418265581130981,1012,488
2714,1,Fast,0.8388227820396423,903,599
2714,1,Fast,0.6821909546852112,1387,973
2714,1,Fast,0.6646414995193481,973,475
2714,1,Fast,0.584208607673645,926,307
2715,1,Fast,0.8765501976013184,1181,767
2715,1,Fast,0.8729757070541382,886,706
2715,1,Fast,0.8456175327301025,905,606
2715,1,Fast,0.8262101411819458,1011,484
2715,1,Fast,0.6647781133651733,971,471
2715,1,Fast,0.6089661121368408,1379,964
2716,1,Fast,0.8706949949264526,889,713
2716,1,Fast,0.8632200956344604,1176,759
2716,1,Fast,0.8438295125961304,908,612
2716,1,Fast,0.7923917770385742,1010,481
2716,1,Fast,0.7403368353843689,969,467
2716,1,Fast,0.6560667753219604,1373,955
2717,1,Fast,0.8722145557403564,1172,752
2717,1,Fast,0.8698015809059143,891,720
2717,1,Fast,0.8275055885314941,1009,478
2717,1,Fast,0.7997556328773499,910,618
2717,1,Fast,0.7190889716148376,968,463
2717,1,Fast,0.5003523826599121,1032,575
2717,1,Fast,0.49088746309280396,1365,948
2717,1,Fast,0.48620569705963135,925,302
2718,1,Fast,0.8709951043128967,893,727
2718,1,Fast,0.847606897354126,1166,745
2718,1,Fast,0.8372039794921875,1007,475
2718,1,Fast,0.8093574047088623,912,625
2718,1,Fast,0.6882656812667847,967,460
2718,1,Fast,0.5198660492897034,1030,570
2718,1,Fast,0.3836927115917206,1360,939
2719,1,Fast,0.8714397549629211,895,734
2719,1,Fast,0.8596577048301697,1162,738
2719,1,Fast,0.8328360915184021,1006,471
2719,1,Fast,0.8042678236961365,965,455
2719,1,Fast,0.7725514769554138,915,634
2719,1,Fast,0.6703281998634338,1027,564
2719,1,Fast,0.3492274880409241,924,297
2720,1,Fast,0.8682910799980164,898,741
2720,1,Fast,0.8479793071746826,1158,731
2720,1,Fast,0.8373424410820007,917,640
2720,1,Fast,0.8159571290016174,1004,469
2720,1,Fast,0.8121278285980225,964,453
2720,1,Fast,0.6395509243011475,1025,560
2720,1,Fast,0.5585127472877502,923,295
2720,1,Fast,0.40146276354789734,1347,922
2721,1,Fast,0.8799787759780884,1153,723
2721,1,Fast,0.8660104274749756,900,749
2721,1,Fast,0.811084508895874,919,648
2721,1,Fast,0.8033705949783325,1002,466
2721,1,Fast,0.764815092086792,962,448
2721,1,Fast,0.5697483420372009,1022,555
2721,1,Fast,0.5250720381736755,923,293
2722,1,Fast,0.8733211755752563,903,756
2722,1,Fast,0.8658427000045776,921,655
2722,1,Fast,0.8494877219200134,1149,716
2722,1,Fast,0.8195186257362366,1001,463
2722,1,Fast,0.802841305732727,962,445
2722,1,Fast,0.7003991603851318,1019,549
2722,1,Fast,0.32940351963043213,923,291
2723,1,Fast,0.8645284175872803,906,763
2723,1,Fast,0.851421594619751,924,662
2723,1,Fast,0.8442041873931885,1144,709
2723,1,Fast,0.833876371383667,1000,460
2723,1,Fast,0.7854278087615967,960,442
2723,1,Fast,0.732921302318573,1017,545
2723,1,Fast,0.6021658182144165,923,289
2724,1,Fast,0.8719083666801453,909,770
2724,1,Fast,0.8566104769706726,1139,701
2724,1,Fast,0.8533879518508911,928,669
2724,1,Fast,0.8238254189491272,999,457
2724,1,Fast,0.7329113483428955,959,438
2724,1,Fast,0.6193543672561646,923,287
2724,1,Fast,0.5810965299606323,1013,539
2725,1,Fast,0.873457133769989,912,779
2725,1,Fast,0.8715658783912659,931,677
2725,1,Fast,0.8599153757095337,1135,694
2725,1,Fast,0.7861380577087402,998,454
2725,1,Fast,0.7336598634719849,1012,535
2725,1,Fast,0.6836179494857788,958,435
2725,1,Fast,0.34396907687187195,923,285
2726,1,Fast,0.8734028339385986,914,788
2726,1,Fast,0.8647448420524597,934,684
2726,1,Fast,0.8393467664718628,1009,531
2726,1,Fast,0.7817988395690918,1131,688
2726,1,Fast,0.769460141658783,996,451
2726,1,Fast,0.7090122103691101,957,431
2726,1,Fast,0.6028829216957092,1311,875
2727,1,Fast,0.8535077571868896,917,797
2727,1,Fast,0.8360064029693604,936,693
2727,1,Fast,0.8124959468841553,995,449
2727,1,Fast,0.8028120398521423,1127,682
2727,1,Fast,0.7506086826324463,955,428
2727,1,Fast,0.7382948398590088,1006,524
2727,1,Fast,0.6953174471855164,1306,867
2727,1,Fast,0.44756829738616943,922,282
2728,1,Fast,0.8627360463142395,920,806
2728,1,Fast,0.8627187609672546,1004,520
2728,1,Fast,0.8315846920013428,993,446
2728,1,Fast,0.826507568359375,939,702
2728,1,Fast,0.7993930578231812,1301,860
2728,1,Fast,0.7972024083137512,954,425
2728,1,Fast,0.7968685626983643,1123,674
2728,1,Fast,0.3138531446456909,922,280
2729,1,Fast,0.8639518618583679,942,710
2729,1,Fast,0.8617042303085327,923,814
2729,1,Fast,0.8592966794967651,1002,516
2729,1,Fast,0.841603696346283,993,442
2729,1,Fast,0.705346405506134,953,421
2729,1,Fast,0.6802504062652588,1119,669
2729,1,Fast,0.4660094380378723,922,278
2730,1,Fast,0.876585066318512,945,720
2730,1,Fast,0.8699240684509277,925,821
2730,1,Fast,0.8558194041252136,1000,512
2730,1,Fast,0.8425747156143188,992,440
2730,1,Fast,0.7720577120780945,1116,663
2730,1,Fast,0.6716077327728271,952,418
2730,1,Fast,0.6123313903808594,1289,845
2731,1,Fast,0.8816453814506531,949,728
2731,1,Fast,0.8603684902191162,928,830
2731,1,Fast,0.8239561915397644,991,437
2731,1,Fast,0.7930756211280823,1284,838
2731,1,Fast,0.7417138814926147,998,508
2731,1,Fast,0.6916449666023254,1112,657
2731,1,Fast,0.6521180868148804,951,414
2732,1,Fast,0.8860987424850464,953,737
2732,1,Fast,0.8623300790786743,931,839
2732,1,Fast,0.8060571551322937,1279,831
2732,1,Fast,0.7846763134002686,989,435
2732,1,Fast,0.7541784644126892,995,503
2732,1,Fast,0.7475329637527466,950,411
2732,1,Fast,0.6455708742141724,1109,652
2733,1,Fast,0.8899577260017395,957,746
2733,1,Fast,0.8703681230545044,934,847
2733,1,Fast,0.8327167630195618,993,499
2733,1,Fast,0.8107677698135376,988,432
2733,1,Fast,0.7709227204322815,1274,825
2733,1,Fast,0.7436788082122803,949,408
2733,1,Fast,0.7380034327507019,1105,645
2734,1,Fast,0.8888809680938721,961,756
2734,1,Fast,0.8672757148742676,938,856
2734,1,Fast,0.8202534317970276,991,494
2734,1,Fast,0.8169618844985962,987,429
2734,1,Fast,0.8121711611747742,1269,817
2734,1,Fast,0.7120675444602966,949,405
2734,1,Fast,0.689832866191864,1102,638
2735,1,Fast,0.8871949911117554,965,765
2735,1,Fast,0.8579580187797546,942,866
2735,1,Fast,0.8275898694992065,1098,632
2735,1,Fast,0.8199087977409363,989,490
2735,1,Fast,0.8198757767677307,986,426
2735,1,Fast,0.7668523788452148,948,402
2735,1,Fast,0.7158567905426025,1264,811
2736,1,Fast,0.8638104796409607,969,776
2736,1,Fast,0.8493096232414246,946,875
2736,1,Fast,0.8268479108810425,1094,626
2736,1,Fast,0.8185870051383972,987,486
2736,1,Fast,0.8127059936523438,985,423
2736,1,Fast,0.7919873595237732,947,399
2736,1,Fast,0.7151235342025757,1259,804
2736,1,Fast,0.3855282664299011,920,267
2737,1,Fast,0.863438606262207,973,787
2737,1,Fast,0.8558349013328552,949,884
2737,1,Fast,0.8482564091682434,984,481
2737,1,Fast,0.8303606510162354,1091,621
2737,1,Fast,0.7891979813575745,984,421
2737,1,Fast,0.7829810976982117,946,396
2737,1,Fast,0.6590748429298401,1254,797
2737,1,Fast,0.5963817238807678,920,265
2738,1,Fast,0.8691638708114624,977,797
2738,1,Fast,0.8677310943603516,953,895
2738,1,Fast,0.8569785356521606,983,477
2738,1,Fast,0.8173322677612305,982,419
2738,1,Fast,0.7321712970733643,1088,616
2738,1,Fast,0.7301276922225952,945,393
2738,1,Fast,0.5276378989219666,920,263
2738,1,Fast,0.4190158545970917,1023,423
2739,1,Fast,0.8792853951454163,981,807
2739,1,Fast,0.8670113682746887,956,905
2739,1,Fast,0.8440748453140259,981,474
2739,1,Fast,0.841334342956543,981,417
2739,1,Fast,0.7273476123809814,1084,610
2739,1,Fast,0.7085872292518616,945,390
2739,1,Fast,0.599075198173523,1022,419
2740,1,Fast,0.8858177065849304,985,818
2740,1,Fast,0.8832963705062866,959,916
2740,1,Fast,0.8703280091285706,979,470
2740,1,Fast,0.8452965617179871,980,414
2740,1,Fast,0.7974687218666077,1081,605
2740,1,Fast,0.7299532890319824,944,386
2741,1,Fast,0.8927856683731079,991,828
2741,1,Fast,0.8855283260345459,963,925
2741,1,Fast,0.844520628452301,979,411
2741,1,Fast,0.816016674041748,977,467
2741,1,Fast,0.7889515161514282,1078,599
2741,1,Fast,0.7649984359741211,943,384
2742,1,Fast,0.8809155225753784,995,838
2742,1,Fast,0.8742163777351379,967,936
2742,1,Fast,0.8325056433677673,979,408
2742,1,Fast,0.8252766728401184,976,462
2742,1,Fast,0.7877038717269897,942,381
2742,1,Fast,0.7697140574455261,1075,594
2742,1,Fast,0.3854205012321472,1017,411
2743,1,Fast,0.8972722291946411,1002,851
2743,1,Fast,0.8639795184135437,971,946
2743,1,Fast,0.8163099884986877,974,459
2743,1,Fast,0.8066772222518921,978,406
2743,1,Fast,0.7789519429206848,941,378
2743,1,Fast,0.7662119269371033,1072,590
2743,1,Fast,0.4603327214717865,1016,408
2744,1,Fast,0.8992992639541626,1007,863
2744,1,Fast,0.8623212575912476,975,957
2744,1,Fast,0.8556883335113525,973,455
2744,1,Fast,0.8278920650482178,977,404
2744,1,Fast,0.779649555683136,1070,584
2744,1,Fast,0.7190248370170593,940,376
2745,1,Fast,0.8900616765022278,1011,875
2745,1,Fast,0.8584879636764526,979,968
2745,1,Fast,0.826772153377533,971,451
2745,1,Fast,0.8157800436019897,976,401
2745,1,Fast,0.7454271912574768,939,373
2745,1,Fast,0.7184337377548218,1068,579
2746,1,Fast,0.8721907138824463,1016,890
2746,1,Fast,0.8456194996833801,983,980
2746,1,Fast,0.7968577742576599,970,447
2746,1,Fast,0.7886819839477539,939,370
2746,1,Fast,0.7717555165290833,974,398
2746,1,Fast,0.7342541217803955,1065,574
2746,1,Fast,0.35460078716278076,1214,742
2747,1,Fast,0.8783225417137146,1022,903
2747,1,Fast,0.8364585638046265,968,443
2747,1,Fast,0.834790050983429,1062,569
2747,1,Fast,0.7950934767723083,973,395
2747,1,Fast,0.7678486704826355,938,368
2747,1,Fast,0.7655543088912964,987,992
2747,1,Fast,0.3174327611923218,1211,736
2748,1,Fast,0.8861366510391235,1027,915
2748,1,Fast,0.8617846965789795,966,440
2748,1,Fast,0.8393616676330566,992,1004
2748,1,Fast,0.8154731392860413,972,393
2748,1,Fast,0.8152357339859009,1059,564
2748,1,Fast,0.7578580379486084,938,365
2748,1,Fast,0.3215550482273102,1008,394
2749,1,Fast,0.8971578478813171,1033,927
2749,1,Fast,0.8675053715705872,996,1015
2749,1,Fast,0.8268669247627258,965,437
2749,1,Fast,0.8153414726257324,1057,559
2749,1,Fast,0.802179753780365,972,391
2749,1,Fast,0.7452377676963806,937,362
2750,1,Fast,0.9041119813919067,1038,940
2750,1,Fast,0.8519542217254639,1002,1028
2750,1,Fast,0.819765031337738,963,433
2750,1,Fast,0.810882568359375,971,389
2750,1,Fast,0.8019358515739441,1054,555
2750,1,Fast,0.7125301957130432,937,360
2751,1,Fast,0.8995571732521057,1044,954
2751,1,Fast,0.8461266756057739,1007,1039
2751,1,Fast,0.8359614610671997,970,387
2751,1,Fast,0.8277770280838013,962,430
2751,1,Fast,0.7825605869293213,936,356
2751,1,Fast,0.7712525129318237,1051,550
2752,1,Fast,0.907068133354187,1050,969
2752,1,Fast,0.8343481421470642,969,385
2752,1,Fast,0.8161594867706299,1049,546
2752,1,Fast,0.8033904433250427,960,427
2752,1,Fast,0.787068784236908,936,355
2752,1,Fast,0.7060673236846924,1011,1046
2753,1,Fast,0.9076611399650574,1058,984
2753,1,Fast,0.841733992099762,968,382
2753,1,Fast,0.8202458024024963,935,352
2753,1,Fast,0.8110176920890808,959,423
2753,1,Fast,0.8041095733642578,1047,541
2753,1,Fast,0.7125843167304993,1016,1052
2754,1,Fast,0.9042936563491821,1065,999
2754,1,Fast,0.8397190570831299,968,380
2754,1,Fast,0.7972896695137024,935,349
2754,1,Fast,0.777431845664978,959,420
2754,1,Fast,0.7715114951133728,1044,537
2754,1,Fast,0.5916075110435486,1023,1058
2755,1,Fast,0.8800704479217529,1073,1017
2755,1,Fast,0.8262588381767273,956,416
2755,1,Fast,0.8242831230163574,1042,533
2755,1,Fast,0.8172985315322876,967,377
2755,1,Fast,0.7622096538543701,934,346
2755,1,Fast,0.608305037021637,1034,1065
2756,1,Fast,0.8463382720947266,1040,528
2756,1,Fast,0.8314161896705627,1079,1033
2756,1,Fast,0.8292022347450256,956,414
2756,1,Fast,0.7885711193084717,967,375
2756,1,Fast,0.6560516953468323,934,344
2757,1,Fast,0.8405247926712036,954,409
2757,1,Fast,0.8348914980888367,1038,524
2757,1,Fast,0.8263640999794006,966,373
2757,1,Fast,0.8152765035629272,1088,1044
2757,1,Fast,0.7776303291320801,934,342
2758,1,Fast,0.8388696312904358,1036,520
2758,1,Fast,0.8291593790054321,965,371
2758,1,Fast,0.8216413855552673,953,407
2758,1,Fast,0.8076539635658264,933,340
2758,1,Fast,0.710502028465271,1099,1051
2758,1,Fast,0.5917227864265442,997,370
2759,1,Fast,0.8468888998031616,1035,516
2759,1,Fast,0.8402206897735596,964,370
2759,1,Fast,0.7736358642578125,933,338
2759,1,Fast,0.7598549127578735,952,404
2759,1,Fast,0.7182871103286743,1106,1060
2760,1,Fast,0.8329732418060303,963,367
2760,1,Fast,0.8306843042373657,1032,512
2760,1,Fast,0.8284380435943604,951,401
2760,1,Fast,0.7727122902870178,933,336
2760,1,Fast,0.44005608558654785,994,364
2761,1,Fast,0.8255763053894043,962,365
2761,1,Fast,0.8038621544837952,1030,508
2761,1,Fast,0.7794522047042847,950,398
2761,1,Fast,0.778799831867218,932,334
2762,1,Fast,0.8464924097061157,1027,504
2762,1,Fast,0.8057877421379089,961,362
2762,1,Fast,0.7821929454803467,932,331
2762,1,Fast,0.6815922260284424,949,394
2763,1,Fast,0.8458957076072693,1025,500
2763,1,Fast,0.7832996249198914,931,328
2763,1,Fast,0.7728439569473267,948,391
2763,1,Fast,0.7311935424804688,961,360
2764,1,Fast,0.8381997346878052,1023,497
2764,1,Fast,0.7972797751426697,931,327
2764,1,Fast,0.7819895148277283,961,358
2764,1,Fast,0.4922434389591217,947,388
2765,1,Fast,0.8396921157836914,1021,493
2765,1,Fast,0.8042777180671692,946,385
2765,1,Fast,0.7690184116363525,960,355
2765,1,Fast,0.7659159302711487,931,325
2766,1,Fast,0.8468989133834839,1019,489
2766,1,Fast,0.7784839272499084,931,323
2766,1,Fast,0.7730953097343445,945,383
2766,1,Fast,0.7495948672294617,960,353
2767,1,Fast,0.8383659720420837,1018,485
2767,1,Fast,0.7758264541625977,945,380
2767,1,Fast,0.747324526309967,930,321
2767,1,Fast,0.7452090382575989,960,351
2768,1,Fast,0.802213728427887,1016,481
2768,1,Fast,0.7969334125518799,943,378
2768,1,Fast,0.7467588782310486,959,349
2768,1,Fast,0.729826033115387,930,319
2769,1,Fast,0.8576299548149109,1014,478
2769,1,Fast,0.7789676785469055,942,375
2769,1,Fast,0.7775007486343384,959,348
2769,1,Fast,0.6915101408958435,930,317
2769,1,Fast,0.5319077968597412,1386,1044
2770,1,Fast,0.881095290184021,1013,474
2770,1,Fast,0.8204503059387207,941,372
2770,1,Fast,0.7495772838592529,958,346
2770,1,Fast,0.6479805111885071,930,313
2770,1,Fast,0.3283836543560028,1376,1033
2771,1,Fast,0.8737931251525879,1011,471
2771,1,Fast,0.8147985935211182,940,369
2771,1,Fast,0.743843674659729,958,343
2771,1,Fast,0.5926949381828308,930,312
2771,1,Fast,0.5453349351882935,1368,1020
2772,1,Fast,0.854579508304596,1009,467
2772,1,Fast,0.8035588264465332,939,367
2772,1,Fast,0.770325779914856,957,341
2772,1,Fast,0.5550129413604736,930,310
2772,1,Fast,0.5247761607170105,982,338
2773,1,Fast,0.8386231064796448,1007,464
2773,1,Fast,0.7999052405357361,938,364
2773,1,Fast,0.7633563280105591,956,339
2773,1,Fast,0.5323774218559265,930,308
2773,1,Fast,0.5225200653076172,981,336
2774,1,Fast,0.8458359837532043,1006,461
2774,1,Fast,0.7955569624900818,938,361
2774,1,Fast,0.7843551635742188,955,337
2774,1,Fast,0.5990536212921143,928,305
2774,1,Fast,0.5301651954650879,980,334
2774,1,Fast,0.3619799017906189,1343,985
2775,1,Fast,0.8357929587364197,1004,457
2775,1,Fast,0.7962319850921631,955,335
2775,1,Fast,0.7692233324050903,1335,973
2775,1,Fast,0.7222884893417358,937,359
2775,1,Fast,0.5866023898124695,928,304
2776,1,Fast,0.817006528377533,1003,453
2776,1,Fast,0.8045463562011719,937,356
2776,1,Fast,0.7646996378898621,954,333
2776,1,Fast,0.6407197713851929,1327,962
2776,1,Fast,0.5849596858024597,928,302
2777,1,Fast,0.8247766494750977,936,353
2777,1,Fast,0.7917289137840271,1001,450
2777,1,Fast,0.7474370002746582,954,331
2777,1,Fast,0.5055735111236572,928,300
2777,1,Fast,0.3287019431591034,977,327
2778,1,Fast,0.837367594242096,1000,447
2778,1,Fast,0.8076575994491577,935,351
2778,1,Fast,0.7265695929527283,1312,941
2778,1,Fast,0.7132590413093567,954,329
2778,1,Fast,0.6068193316459656,928,297
2778,1,Fast,0.3068711757659912,977,325
2779,1,Fast,0.859428882598877,999,444
2779,1,Fast,0.8015550374984741,935,349
2779,1,Fast,0.7786910533905029,954,327
2779,1,Fast,0.7507773637771606,1305,932
2779,1,Fast,0.5988255143165588,928,296
2779,1,Fast,0.3222039043903351,1470,1056
2780,1,Fast,0.8637076020240784,997,441
2780,1,Fast,0.8204149007797241,1456,1049
2780,1,Fast,0.7929165363311768,953,326
2780,1,Fast,0.779229462146759,934,347
2780,1,Fast,0.7162354588508606,1299,921
2780,1,Fast,0.43288731575012207,927,295
2781,1,Fast,0.857786238193512,1291,910
2781,1,Fast,0.8504924178123474,995,438
2781,1,Fast,0.8131500482559204,953,324
2781,1,Fast,0.731471836566925,1312,1049
2781,1,Fast,0.7113561034202576,933,345
2781,1,Fast,0.6323817372322083,1447,1037
2781,1,Fast,0.5547555088996887,927,293
2781,1,Fast,0.5378851294517517,975,319
2782,1,Fast,0.8382581472396851,1285,901
2782,1,Fast,0.8352483510971069,994,435
2782,1,Fast,0.8184239268302917,952,323
2782,1,Fast,0.7924718260765076,1302,1038
2782,1,Fast,0.7892287969589233,932,342
2782,1,Fast,0.7289164662361145,1438,1025
2782,1,Fast,0.5731172561645508,974,317
2782,1,Fast,0.43619394302368164,927,291
2783,1,Fast,0.864298939704895,1278,890
2783,1,Fast,0.8573043942451477,992,432
2783,1,Fast,0.8140891790390015,932,340
2783,1,Fast,0.8066499829292297,952,321
2783,1,Fast,0.7479026913642883,1292,1023
2783,1,Fast,0.7369992136955261,1428,1012
2783,1,Fast,0.5941923260688782,927,289
2783,1,Fast,0.49093958735466003,973,315
2784,1,Fast,0.87529057264328,1271,881
2784,1,Fast,0.8581857681274414,991,429
2784,1,Fast,0.8538020849227905,1282,1007
2784,1,Fast,0.8184664249420166,931,338
2784,1,Fast,0.7965655326843262,951,320
2784,1,Fast,0.7466195225715637,1420,1000
2784,1,Fast,0.6356956362724304,927,288
2784,1,Fast,0.6172459125518799,973,313
2785,1,Fast,0.875789225101471,1273,994
2785,1,Fast,0.8526049852371216,1266,873
2785,1,Fast,0.828675389289856,931,335
2785,1,Fast,0.8282128572463989,990,426
2785,1,Fast,0.7825008630752563,951,318
2785,1,Fast,0.7325137257575989,1410,989
2785,1,Fast,0.5501013398170471,927,286
2785,1,Fast,0.47812557220458984,972,312
2786,1,Fast,0.8791650533676147,1265,980
2786,1,Fast,0.8722596168518066,1258,863
2786,1,Fast,0.8184450268745422,989,423
2786,1,Fast,0.8076767325401306,931,333
2786,1,Fast,0.7628620266914368,1401,977
2786,1,Fast,0.7463734149932861,950,317
2786,1,Fast,0.5668445825576782,972,310
2786,1,Fast,0.36176565289497375,927,284
2787,1,Fast,0.889473557472229,1255,967
2787,1,Fast,0.8617578744888306,1393,965
2787,1,Fast,0.8565319776535034,1253,854
2787,1,Fast,0.8100006580352783,987,420
2787,1,Fast,0.7512146234512329,930,331
2787,1,Fast,0.6534647345542908,950,315
2787,1,Fast,0.4846983253955841,927,282
2788,1,Fast,0.8911961317062378,1247,953
2788,1,Fast,0.8815459609031677,1246,845
2788,1,Fast,0.85353684425354,986,417
2788,1,Fast,0.8380796313285828,1385,956
2788,1,Fast,0.7425664663314819,949,313
2788,1,Fast,0.6703681945800781,930,329
2788,1,Fast,0.4175008237361908,927,281
2789,1,Fast,0.8867726922035217,1239,941
2789,1,Fast,0.8824630975723267,1240,836
2789,1,Fast,0.8635240793228149,985,415
2789,1,Fast,0.7802374958992004,949,311
2789,1,Fast,0.7607659101486206,1376,945
2789,1,Fast,0.6661574244499207,930,327
2789,1,Fast,0.5990593433380127,927,279
2790,1,Fast,0.8817095160484314,1231,928
2790,1,Fast,0.8647739291191101,1234,828
2790,1,Fast,0.8611493110656738,984,412
2790,1,Fast,0.8505781292915344,1368,934
2790,1,Fast,0.7843328714370728,949,309
2790,1,Fast,0.6329748034477234,929,325
2790,1,Fast,0.4699276387691498,927,277
2791,1,Fast,0.8823444843292236,1223,915
2791,1,Fast,0.8662701845169067,1229,820
2791,1,Fast,0.8624244928359985,1361,923
2791,1,Fast,0.8469186425209045,982,409
2791,1,Fast,0.7766126394271851,949,307
2791,1,Fast,0.7349593043327332,928,323
2791,1,Fast,0.42328619956970215,926,275
2792,1,Fast,0.8947739601135254,1216,903
2792,1,Fast,0.8713996410369873,1224,812
2792,1,Fast,0.8509073257446289,1354,914
2792,1,Fast,0.8213613629341125,981,406
2792,1,Fast,0.7743325233459473,949,305
2792,1,Fast,0.7596703767776489,928,320
2792,1,Fast,0.36621472239494324,926,274
2793,1,Fast,0.8750819563865662,1346,903
2793,1,Fast,0.8748621940612793,1209,890
2793,1,Fast,0.8616341948509216,1218,803
2793,1,Fast,0.8178834915161133,980,404
2793,1,Fast,0.7684506177902222,928,318
2793,1,Fast,0.7555334568023682,949,304
2794,1,Fast,0.8826479315757751,1202,880
2794,1,Fast,0.8648667335510254,1213,795
2794,1,Fast,0.8490765690803528,980,401
2794,1,Fast,0.8275972008705139,1339,894
2794,1,Fast,0.7626779079437256,927,317
2794,1,Fast,0.718402624130249,949,302
2795,1,Fast,0.8846611976623535,1195,869
2795,1,Fast,0.854272186756134,979,398
2795,1,Fast,0.8386856913566589,1208,787
2795,1,Fast,0.8083782196044922,1333,884
2795,1,Fast,0.6871885657310486,948,301
2795,1,Fast,0.605384886264801,926,314
2796,1,Fast,0.883882999420166,1188,858
2796,1,Fast,0.8460301160812378,977,396
2796,1,Fast,0.8455991148948669,1203,781
2796,1,Fast,0.784857988357544,1325,875
2796,1,Fast,0.7375061511993408,926,312
2796,1,Fast,0.5463730096817017,948,300
2796,1,Fast,0.36794936656951904,870,327
2797,1,Fast,0.8755438327789307,1181,847
2797,1,Fast,0.8249063491821289,1199,774
2797,1,Fast,0.8020630478858948,976,393
2797,1,Fast,0.766153872013092,925,310
2797,1,Fast,0.7045304775238037,947,298
2797,1,Fast,0.42515578866004944,1319,866
2797,1,Fast,0.3481901288032532,870,328
2798,1,Fast,0.8619400858879089,1174,837
2798,1,Fast,0.811493456363678,1194,766
2798,1,Fast,0.802232563495636,925,308
2798,1,Fast,0.7821323275566101,947,297
2798,1,Fast,0.6701282262802124,975,391
2798,1,Fast,0.6357277035713196,1312,857
2799,1,Fast,0.8558311462402344,1168,827
2799,1,Fast,0.8049932718276978,925,306
2799,1,Fast,0.76996248960495,946,296
2799,1,Fast,0.7315819263458252,1187,758
2799,1,Fast,0.7168067097663879,974,388
2799,1,Fast,0.5589959621429443,1305,848
2800,1,Fast,0.8481301069259644,1183,750
2800,1,Fast,0.8429626822471619,1162,816
2800,1,Fast,0.8416463732719421,1299,841
2800,1,Fast,0.8045482635498047,973,385
2800,1,Fast,0.7881360650062561,925,304
2800,1,Fast,0.7430611252784729,946,294
2801,1,Fast,0.8377323150634766,972,382
2801,1,Fast,0.8034874796867371,1178,743
2801,1,Fast,0.8004425764083862,1155,806
2801,1,Fast,0.7619088888168335,1292,833
2801,1,Fast,0.7565086483955383,924,303
2801,1,Fast,0.7014003396034241,946,292
2802,1,Fast,0.8454585671424866,971,380
2802,1,Fast,0.8418106436729431,1150,796
2802,1,Fast,0.780975878238678,1286,824
2802,1,Fast,0.6631016135215759,924,301
2802,1,Fast,0.595871090888977,1173,736
2802,1,Fast,0.484194278717041,946,290
2803,1,Fast,0.8326793313026428,970,377
2803,1,Fast,0.8195900917053223,1280,816
2803,1,Fast,0.806732177734375,1144,787
2803,1,Fast,0.7563506364822388,1169,729
2803,1,Fast,0.6482474207878113,924,298
2803,1,Fast,0.5965678691864014,945,289
2803,1,Fast,0.3610062897205353,846,420
2804,1,Fast,0.843163788318634,1273,807
2804,1,Fast,0.8402312994003296,1165,723
2804,1,Fast,0.7977415323257446,970,375
2804,1,Fast,0.7617135643959045,924,297
2804,1,Fast,0.7266436815261841,1138,778
2804,1,Fast,0.6214004755020142,945,287
2805,1,Fast,0.8704501390457153,1268,799
2805,1,Fast,0.7940950989723206,968,373
2805,1,Fast,0.7875414490699768,1133,769
2805,1,Fast,0.7703102827072144,923,295
2805,1,Fast,0.7640184164047241,1161,716
2805,1,Fast,0.6689062118530273,945,286
2806,1,Fast,0.817220151424408,968,371
2806,1,Fast,0.8120724558830261,1263,791
2806,1,Fast,0.7966727614402771,1157,710
2806,1,Fast,0.770473837852478,923,293
2806,1,Fast,0.7560402154922485,1127,760
2806,1,Fast,0.6711381077766418,945,284
2806,1,Fast,0.4404419958591461,848,429
2807,1,Fast,0.7569465637207031,923,291
2807,1,Fast,0.7034786343574524,1152,702
2807,1,Fast,0.6954657435417175,966,368
2807,1,Fast,0.6768958568572998,944,284
2807,1,Fast,0.6307780146598816,1122,751
2807,1,Fast,0.5103763937950134,1257,784
2808,1,Fast,0.7581304311752319,1117,742
2808,1,Fast,0.715194046497345,923,290
2808,1,Fast,0.7017635703086853,966,366
2808,1,Fast,0.6530566215515137,944,282
2808,1,Fast,0.6502519249916077,1149,696
2808,1,Fast,0.5591286420822144,1252,775
2808,1,Fast,0.4153517186641693,850,435
2809,1,Fast,0.7934346795082092,1246,768
2809,1,Fast,0.7574641108512878,1112,734
2809,1,Fast,0.7381755709648132,965,363
2809,1,Fast,0.7137420773506165,1145,691
2809,1,Fast,0.7108858823776245,923,288
2809,1,Fast,0.6587356925010681,943,280
2809,1,Fast,0.3564055263996124,851,438
2810,1,Fast,0.7559931874275208,1107,724
2810,1,Fast,0.7082496285438538,1240,760
2810,1,Fast,0.703243613243103,964,361
2810,1,Fast,0.6902133226394653,1140,685
2810,1,Fast,0.6611863970756531,943,279
2810,1,Fast,0.5548384189605713,922,286
2810,1,Fast,0.4775282144546509,851,441
2811,1,Fast,0.8568466901779175,1235,753
2811,1,Fast,0.7793028354644775,1136,679
2811,1,Fast,0.7511008381843567,963,359
2811,1,Fast,0.6659666299819946,942,278
2811,1,Fast,0.5399295091629028,922,283
2811,1,Fast,0.473422110080719,1101,715
2811,1,Fast,0.3923654854297638,851,444
2812,1,Fast,0.8593820929527283,1230,747
2812,1,Fast,0.786971390247345,1097,707
2812,1,Fast,0.7774011492729187,962,356
2812,1,Fast,0.7051936984062195,942,277
2812,1,Fast,0.5968940258026123,921,282
2812,1,Fast,0.5841981768608093,1132,671
2812,1,Fast,0.5650779604911804,852,447
2813,1,Fast,0.8376516699790955,1225,741
2813,1,Fast,0.7879536151885986,962,354
2813,1,Fast,0.7773033380508423,1092,700
2813,1,Fast,0.7161205410957336,941,275
2813,1,Fast,0.6888111233711243,920,281
2813,1,Fast,0.5274372696876526,1128,666
2813,1,Fast,0.5201092958450317,873,369
2813,1,Fast,0.5014774799346924,853,451
2814,1,Fast,0.7939484715461731,961,352
2814,1,Fast,0.757134199142456,1221,733
2814,1,Fast,0.7519254088401794,1088,693
2814,1,Fast,0.7239057421684265,1125,660
2814,1,Fast,0.7203102707862854,920,279
2814,1,Fast,0.7179688811302185,941,274
2814,1,Fast,0.5606837272644043,853,453
2814,1,Fast,0.40915346145629883,873,372
2815,1,Fast,0.8083388805389404,961,350
2815,1,Fast,0.7791290283203125,1216,727
2815,1,Fast,0.7117913961410522,941,272
2815,1,Fast,0.6992487907409668,920,277
2815,1,Fast,0.6953978538513184,1084,685
2815,1,Fast,0.4311448633670807,874,374
2815,1,Fast,0.42267826199531555,1122,656
2816,1,Fast,0.7896956205368042,1079,678
2816,1,Fast,0.7655799984931946,960,348
2816,1,Fast,0.6978798508644104,941,271
2816,1,Fast,0.6944625377655029,1212,720
2816,1,Fast,0.6462762355804443,854,461
2816,1,Fast,0.643706202507019,919,276
2816,1,Fast,0.603023111820221,1119,651
2816,1,Fast,0.39849719405174255,875,377
2817,1,Fast,0.7901759743690491,1207,713
2817,1,Fast,0.7089108824729919,1075,671
2817,1,Fast,0.7034476399421692,959,346
2817,1,Fast,0.6358305811882019,919,274
2817,1,Fast,0.588361918926239,854,463
2817,1,Fast,0.571173906326294,940,270
2817,1,Fast,0.37796252965927124,875,380
2817,1,Fast,0.36486518383026123,1116,644
2818,1,Fast,0.816444993019104,1203,706
2818,1,Fast,0.7080393433570862,1071,664
2818,1,Fast,0.6851131319999695,959,344
2818,1,Fast,0.5904681086540222,941,268
2818,1,Fast,0.5493773818016052,920,271
2818,1,Fast,0.4234566390514374,854,465
2818,1,Fast,0.3918611705303192,1111,637
2818,1,Fast,0.38099798560142517,875,382
2819,1,Fast,0.7819923162460327,1198,700
2819,1,Fast,0.690750002861023,941,266
2819,1,Fast,0.6273695230484009,958,341
2819,1,Fast,0.6002023220062256,1068,656
2819,1,Fast,0.4757140278816223,1108,632
2819,1,Fast,0.33663251996040344,876,385
2819,1,Fast,0.3264840245246887,920,270
2820,1,Fast,0.8103329539299011,1063,650
2820,1,Fast,0.6762760877609253,1194,693
2820,1,Fast,0.6662660837173462,942,265
2820,1,Fast,0.5800893306732178,921,267
2820,1,Fast,0.5666897892951965,877,387
2820,1,Fast,0.5071091651916504,958,339
2820,1,Fast,0.4964674413204193,1105,628
2821,1,Fast,0.7833245992660522,1060,643
2821,1,Fast,0.6682272553443909,941,264
2821,1,Fast,0.6619711518287659,877,390
2821,1,Fast,0.5698230862617493,1189,686
2821,1,Fast,0.5475751161575317,921,267
2821,1,Fast,0.4869690537452698,957,337
2821,1,Fast,0.466705322265625,858,477
2822,1,Fast,0.7949392795562744,1056,635
2822,1,Fast,0.7552578449249268,878,393
2822,1,Fast,0.6666574478149414,941,263
2822,1,Fast,0.609546422958374,1185,681
2822,1,Fast,0.5658606290817261,956,335
2822,1,Fast,0.5134595036506653,920,266
2823,1,Fast,0.7011670470237732,1052,629
2823,1,Fast,0.6366483569145203,941,262
2823,1,Fast,0.5943122506141663,1181,673
2823,1,Fast,0.4975467324256897,920,265
2823,1,Fast,0.47963839769363403,956,333
2824,1,Fast,0.7844406962394714,1049,624
2824,1,Fast,0.7032603621482849,1177,668
2824,1,Fast,0.6609917283058167,880,399
2824,1,Fast,0.5550654530525208,941,261
2824,1,Fast,0.5107667446136475,919,263
2824,1,Fast,0.40297454595565796,955,331
2825,1,Fast,0.7331252098083496,880,403
2825,1,Fast,0.7318363785743713,955,329
2825,1,Fast,0.731814980506897,1045,617
2825,1,Fast,0.6548162698745728,1172,663
2825,1,Fast,0.5226761698722839,919,261
2825,1,Fast,0.5203534960746765,940,260
2826,1,Fast,0.7856742739677429,1041,611
2826,1,Fast,0.7625265121459961,954,327
2826,1,Fast,0.6868537664413452,881,405
2826,1,Fast,0.5803046822547913,940,258
2826,1,Fast,0.4669305980205536,1168,658
2826,1,Fast,0.4501388669013977,919,260
2827,1,Fast,0.801335334777832,1038,605
2827,1,Fast,0.7900708317756653,954,325
2827,1,Fast,0.7839846014976501,881,408
2827,1,Fast,0.5550089478492737,919,258
2827,1,Fast,0.5502089858055115,940,257
2827,1,Fast,0.52276611328125,1165,652
2828,1,Fast,0.7759190201759338,953,323
2828,1,Fast,0.763488233089447,1036,599
2828,1,Fast,0.758922278881073,882,410
2828,1,Fast,0.48190632462501526,940,255
2828,1,Fast,0.3698158860206604,919,256
2829,1,Fast,0.795526385307312,952,321
2829,1,Fast,0.7823289036750793,883,414
2829,1,Fast,0.6971691250801086,1031,593
2829,1,Fast,0.5696686506271362,1157,640
2829,1,Fast,0.49581262469291687,940,254
2830,1,Fast,0.7693971395492554,952,320
2830,1,Fast,0.7574973702430725,884,417
2830,1,Fast,0.7467377185821533,1029,586
2830,1,Fast,0.7034911513328552,1154,635
2830,1,Fast,0.5154274702072144,940,253
2830,1,Fast,0.3368973135948181,920,252
2831,1,Fast,0.8347192406654358,1026,581
2831,1,Fast,0.7379505038261414,885,420
2831,1,Fast,0.698771595954895,952,318
2831,1,Fast,0.6421003341674805,1150,629
2831,1,Fast,0.6351366639137268,939,251
2831,1,Fast,0.5251816511154175,919,251
2832,1,Fast,0.8322185277938843,1023,575
2832,1,Fast,0.7162335515022278,885,423
2832,1,Fast,0.6509465575218201,939,250
2832,1,Fast,0.6421529054641724,1147,625
2832,1,Fast,0.5960795879364014,951,317
2832,1,Fast,0.32438114285469055,919,250
2833,1,Fast,0.8191948533058167,1020,569
2833,1,Fast,0.8085495829582214,886,427
2833,1,Fast,0.6921014785766602,939,250
2833,1,Fast,0.5556934475898743,950,315
2833,1,Fast,0.525657057762146,919,248
2833,1,Fast,0.45528945326805115,1143,619
2834,1,Fast,0.8330312371253967,1017,564
2834,1,Fast,0.7934537529945374,887,430
2834,1,Fast,0.6772043108940125,939,249
2834,1,Fast,0.6411709785461426,950,313
2834,1,Fast,0.4576853811740875,919,246
2835,1,Fast,0.825035572052002,1014,558
2835,1,Fast,0.7505313754081726,949,310
2835,1,Fast,0.7330603003501892,888,434
2835,1,Fast,0.6638545393943787,939,248
2835,1,Fast,0.6529592275619507,1135,608
2836,1,Fast,0.8383520245552063,1012,553
2836,1,Fast,0.7945502996444702,1132,604
2836,1,Fast,0.7586339116096497,949,309
2836,1,Fast,0.6954140067100525,889,438
2836,1,Fast,0.6729992628097534,939,247
2837,1,Fast,0.8211790323257446,1009,548
2837,1,Fast,0.7460814118385315,1129,599
2837,1,Fast,0.7411880493164062,949,307
2837,1,Fast,0.6952577829360962,938,246
2837,1,Fast,0.677815854549408,890,440
2837,1,Fast,0.32005199790000916,919,242
2838,1,Fast,0.8090085387229919,1007,543
2838,1,Fast,0.780857264995575,1125,595
2838,1,Fast,0.7610597610473633,891,444
2838,1,Fast,0.7038350105285645,948,305
2838,1,Fast,0.6740299463272095,938,244
2839,1,Fast,0.776691734790802,1005,538
2839,1,Fast,0.7717995047569275,892,447
2839,1,Fast,0.6972652077674866,1123,590
2839,1,Fast,0.6342929601669312,938,243
2839,1,Fast,0.5840988159179688,948,303
2840,1,Fast,0.7967025637626648,893,451
2840,1,Fast,0.7722659111022949,1001,532
2840,1,Fast,0.7295822501182556,938,243
2840,1,Fast,0.536332368850708,947,302
2840,1,Fast,0.495002418756485,880,552
2840,1,Fast,0.43261924386024475,1119,584
2840,1,Fast,0.40082448720932007,919,238
2841,1,Fast,0.8384924530982971,1117,579
2841,1,Fast,0.8030877113342285,894,455
2841,1,Fast,0.7779792547225952,999,527
2841,1,Fast,0.6123945713043213,938,241
2841,1,Fast,0.5782274603843689,947,301
2841,1,Fast,0.32644376158714294,920,237
2842,1,Fast,0.8651662468910217,895,458
2842,1,Fast,0.8389236330986023,1114,575
2842,1,Fast,0.8271943926811218,997,522
2842,1,Fast,0.7119232416152954,946,298
2842,1,Fast,0.6248731017112732,883,562
2842,1,Fast,0.4011639654636383,938,238
2842,1,Fast,0.32137057185173035,919,236
2842,1,Fast,0.3209218978881836,1046,527
2843,1,Fast,0.8352252244949341,896,461
2843,1,Fast,0.8282803297042847,1111,571
2843,1,Fast,0.8179243803024292,995,518
2843,1,Fast,0.6161304712295532,945,297
2843,1,Fast,0.533917248249054,938,238
2843,1,Fast,0.38494014739990234,885,567
2844,1,Fast,0.8535130620002747,897,465
2844,1,Fast,0.8422480821609497,1108,567
2844,1,Fast,0.8105407357215881,992,514
2844,1,Fast,0.7593333125114441,887,571
2844,1,Fast,0.6354663372039795,938,237
2844,1,Fast,0.30179983377456665,945,295
2845,1,Fast,0.859582245349884,898,469
2845,1,Fast,0.8104607462882996,990,509
2845,1,Fast,0.7332105040550232,938,236
2845,1,Fast,0.719046413898468,1105,563
2845,1,Fast,0.6419021487236023,920,231
2845,1,Fast,0.6059256792068481,1040,515
2845,1,Fast,0.5644811391830444,889,576
2845,1,Fast,0.5377668738365173,944,293
2846,1,Fast,0.8602941632270813,899,472
2846,1,Fast,0.8289282321929932,1102,558
2846,1,Fast,0.8046021461486816,988,504
2846,1,Fast,0.7289798855781555,890,581
2846,1,Fast,0.6838575601577759,939,235
2846,1,Fast,0.5519709587097168,944,291
2847,1,Fast,0.854727029800415,901,477
2847,1,Fast,0.8371173143386841,1099,553
2847,1,Fast,0.8127843141555786,986,500
2847,1,Fast,0.6782124638557434,938,234
2847,1,Fast,0.6621673703193665,944,290
2847,1,Fast,0.3231939971446991,920,230
2848,1,Fast,0.8623235821723938,1097,549
2848,1,Fast,0.8556896448135376,902,481
2848,1,Fast,0.8159632682800293,984,495
2848,1,Fast,0.6739884614944458,944,288
2848,1,Fast,0.6633743047714233,938,233
2848,1,Fast,0.46919867396354675,1033,504
2849,1,Fast,0.8591166138648987,903,485
2849,1,Fast,0.8414188623428345,1095,545
2849,1,Fast,0.8397524356842041,982,491
2849,1,Fast,0.7390801310539246,944,287
2849,1,Fast,0.5843613147735596,938,233
2850,1,Fast,0.8380338549613953,980,488
2850,1,Fast,0.7636964321136475,905,489
2850,1,Fast,0.6769232153892517,1092,541
2850,1,Fast,0.6496304869651794,943,286
2850,1,Fast,0.5124185681343079,938,232
2850,1,Fast,0.3299633860588074,893,600
2851,1,Fast,0.7870276570320129,979,483
2851,1,Fast,0.700493574142456,906,493
2851,1,Fast,0.5661442279815674,943,284
2851,1,Fast,0.4603634178638458,1089,536
2851,1,Fast,0.41594198346138,938,231
2852,1,Fast,0.8047043085098267,977,479
2852,1,Fast,0.7267605066299438,908,498
2852,1,Fast,0.6602774262428284,1086,532
2852,1,Fast,0.5542977452278137,943,282
2852,1,Fast,0.5126780271530151,938,229
2853,1,Fast,0.8056960701942444,1083,527
2853,1,Fast,0.8023998141288757,975,475
2853,1,Fast,0.7770934700965881,909,502
2853,1,Fast,0.5087986588478088,942,280
2853,1,Fast,0.4979519546031952,900,618
2853,1,Fast,0.445203959941864,938,228
2854,1,Fast,0.8531246781349182,1082,524
2854,1,Fast,0.8013839721679688,973,471
2854,1,Fast,0.7349374294281006,911,506
2854,1,Fast,0.5973221063613892,942,279
2854,1,Fast,0.48837724328041077,903,622
2855,1,Fast,0.8540387153625488,1079,521
2855,1,Fast,0.789547324180603,970,467
2855,1,Fast,0.7785578966140747,912,511
2855,1,Fast,0.41938459873199463,941,278
2856,1,Fast,0.833903968334198,1077,517
2856,1,Fast,0.8282241821289062,969,464
2856,1,Fast,0.6077531576156616,914,515
2856,1,Fast,0.5191956758499146,941,276
2856,1,Fast,0.33035609126091003,908,634
2857,1,Fast,0.8530300259590149,967,459
2857,1,Fast,0.8407951593399048,915,520
2857,1,Fast,0.5464694499969482,940,275
2857,1,Fast,0.48308974504470825,922,217
2857,1,Fast,0.4272092878818512,1075,513
2857,1,Fast,0.33274781703948975,938,223
2858,1,Fast,0.8496659994125366,917,524
2858,1,Fast,0.8492348790168762,965,455
2858,1,Fast,0.8169466853141785,1366,1035
2858,1,Fast,0.6044285893440247,941,273
2858,1,Fast,0.3128714859485626,938,222
2859,1,Fast,0.8780500888824463,919,529
2859,1,Fast,0.8211537003517151,964,450
2859,1,Fast,0.6977533102035522,941,272
2859,1,Fast,0.6515370011329651,1069,505
2859,1,Fast,0.32548779249191284,876,381
2860,1,Fast,0.8801193833351135,920,533
2860,1,Fast,0.8199539184570312,963,446
2860,1,Fast,0.8152639865875244,1068,502
2860,1,Fast,0.6298630833625793,941,270
2860,1,Fast,0.5149453282356262,877,384
2861,1,Fast,0.8869839310646057,922,538
2861,1,Fast,0.8024947643280029,962,443
2861,1,Fast,0.7951867580413818,814,396
2861,1,Fast,0.7942113280296326,1339,996
2861,1,Fast,0.7932156324386597,1066,498
2861,1,Fast,0.5938209295272827,850,402
2861,1,Fast,0.43517518043518066,941,269
2862,1,Fast,0.8753117322921753,924,543
2862,1,Fast,0.8387643694877625,814,398
2862,1,Fast,0.7961044311523438,960,439
2862,1,Fast,0.793699324131012,1331,984
2862,1,Fast,0.7212140560150146,1064,495
2862,1,Fast,0.5987246632575989,878,390
2862,1,Fast,0.5936083793640137,940,268
2862,1,Fast,0.5909954309463501,851,404
2863,1,Fast,0.8766331672668457,1323,971
2863,1,Fast,0.8597288131713867,926,548
2863,1,Fast,0.8241328597068787,815,401
2863,1,Fast,0.7677371501922607,959,436
2863,1,Fast,0.6190375089645386,878,392
2863,1,Fast,0.5566405653953552,851,407
2863,1,Fast,0.5561557412147522,939,266
2863,1,Fast,0.3402675688266754,1062,491
2864,1,Fast,0.8781841397285461,928,553
2864,1,Fast,0.8753355741500854,1314,960
2864,1,Fast,0.8047404289245605,814,403
2864,1,Fast,0.7702420949935913,957,433
2864,1,Fast,0.704346239566803,879,396
2864,1,Fast,0.6409884095191956,1059,486
2864,1,Fast,0.6360193490982056,939,265
2864,1,Fast,0.39064815640449524,938,217
2865,1,Fast,0.8744869828224182,930,558
2865,1,Fast,0.8695130348205566,1306,949
2865,1,Fast,0.8112578392028809,955,430
2865,1,Fast,0.7794660925865173,815,406
2865,1,Fast,0.7387861609458923,880,399
2865,1,Fast,0.7188332676887512,1057,483
2865,1,Fast,0.5711976885795593,939,264
2865,1,Fast,0.5272379517555237,851,412
2866,1,Fast,0.8638900518417358,932,563
2866,1,Fast,0.8569557666778564,1299,939
2866,1,Fast,0.8306806683540344,954,427
2866,1,Fast,0.8295312523841858,1055,480
2866,1,Fast,0.7853018045425415,815,408
2866,1,Fast,0.6688350439071655,880,402
2866,1,Fast,0.6384188532829285,938,262
2866,1,Fast,0.45013076066970825,1002,443
2867,1,Fast,0.8813638687133789,934,568
2867,1,Fast,0.8583914637565613,1053,477
2867,1,Fast,0.8181707859039307,1292,928
2867,1,Fast,0.8128986358642578,953,423
2867,1,Fast,0.8045505285263062,815,411
2867,1,Fast,0.7819612622261047,881,405
2867,1,Fast,0.6076622009277344,938,261
2867,1,Fast,0.3523789048194885,1001,440
2868,1,Fast,0.8859562873840332,936,573
2868,1,Fast,0.853240966796875,1051,474
2868,1,Fast,0.8264744877815247,1283,917
2868,1,Fast,0.8131223917007446,952,419
2868,1,Fast,0.8037071824073792,999,438
2868,1,Fast,0.7840007543563843,882,408
2868,1,Fast,0.782374918460846,815,414
2868,1,Fast,0.564506471157074,925,204
2868,1,Fast,0.5105670690536499,938,260
2868,1,Fast,0.45083144307136536,936,708
2868,1,Fast,0.39886000752449036,938,212
2869,1,Fast,0.8760022521018982,938,578
2869,1,Fast,0.8603920340538025,1276,906
2869,1,Fast,0.8096435070037842,1050,471
2869,1,Fast,0.805955708026886,951,416
2869,1,Fast,0.8027836084365845,883,412
2869,1,Fast,0.7618144750595093,997,436
2869,1,Fast,0.7161425948143005,815,417
2869,1,Fast,0.41719889640808105,855,424
2869,1,Fast,0.36178457736968994,937,258
2870,1,Fast,0.8656704425811768,940,584
2870,1,Fast,0.8342772126197815,950,413
2870,1,Fast,0.7928659319877625,1270,896
2870,1,Fast,0.7877195477485657,884,415
2870,1,Fast,0.7166324853897095,1048,467
2870,1,Fast,0.6974847316741943,816,419
2870,1,Fast,0.6779252290725708,996,434
2870,1,Fast,0.5703509449958801,856,427
2870,1,Fast,0.5577568411827087,937,257
2871,1,Fast,0.8625664710998535,943,590
2871,1,Fast,0.8289317488670349,949,410
2871,1,Fast,0.8077006936073303,884,418
2871,1,Fast,0.7289953827857971,1047,464
2871,1,Fast,0.7086699604988098,817,422
2871,1,Fast,0.661819338798523,1264,886
2871,1,Fast,0.6437830328941345,857,430
2871,1,Fast,0.5469645261764526,996,431
2871,1,Fast,0.47066035866737366,938,255
2872,1,Fast,0.8635842800140381,945,595
2872,1,Fast,0.8129543662071228,885,421
2872,1,Fast,0.799732506275177,817,426
2872,1,Fast,0.7917284369468689,1257,877
2872,1,Fast,0.7840078473091125,1045,461
2872,1,Fast,0.7502509355545044,948,407
2872,1,Fast,0.6972217559814453,857,434
2872,1,Fast,0.3734758496284485,993,428
2873,1,Fast,0.8738412857055664,947,601
2873,1,Fast,0.8330404162406921,1249,868
2873,1,Fast,0.8277251124382019,886,424
2873,1,Fast,0.8129969239234924,817,428
2873,1,Fast,0.8089478015899658,1043,458
2873,1,Fast,0.6995008587837219,947,406
2873,1,Fast,0.6931111812591553,857,436
2873,1,Fast,0.3868200182914734,937,252
2874,1,Fast,0.8712446093559265,950,607
2874,1,Fast,0.8630335330963135,1243,858
2874,1,Fast,0.8406275510787964,886,428
2874,1,Fast,0.8206383585929871,1041,455
2874,1,Fast,0.8136460781097412,817,431
2874,1,Fast,0.7636814117431641,858,439
2874,1,Fast,0.7308855056762695,946,403
2874,1,Fast,0.5260686278343201,990,422
2875,1,Fast,0.880040168762207,1237,848
2875,1,Fast,0.878336489200592,952,613
2875,1,Fast,0.8297184705734253,887,432
2875,1,Fast,0.7986775636672974,817,433
2875,1,Fast,0.7302657961845398,858,442
2875,1,Fast,0.4045056104660034,1038,451
2875,1,Fast,0.3201196491718292,943,399
2876,1,Fast,0.8747711181640625,1230,839
2876,1,Fast,0.8711303472518921,954,619
2876,1,Fast,0.8448737859725952,888,435
2876,1,Fast,0.7875041365623474,818,435
2876,1,Fast,0.7776291966438293,859,445
2876,1,Fast,0.7240306735038757,1037,449
2876,1,Fast,0.44297394156455994,942,395
2877,1,Fast,0.8688645362854004,1225,831
2877,1,Fast,0.8606910109519958,957,625
2877,1,Fast,0.8242973685264587,1036,446
2877,1,Fast,0.8110741972923279,889,438
2877,1,Fast,0.7936574816703796,818,439
2877,1,Fast,0.6899806261062622,860,448
2877,1,Fast,0.40536409616470337,941,392
2877,1,Fast,0.39455902576446533,988,413
2878,1,Fast,0.8703709244728088,960,632
2878,1,Fast,0.8190829753875732,890,442
2878,1,Fast,0.8151018619537354,818,441
2878,1,Fast,0.8023837804794312,1034,443
2878,1,Fast,0.7915080189704895,1220,823
2878,1,Fast,0.7053683996200562,986,410
2878,2,Slow,0.5194908380508423,979,340
2878,1,Fast,0.42618024349212646,861,452
2879,1,Fast,0.8715965747833252,962,637
2879,1,Fast,0.8267743587493896,891,445
2879,1,Fast,0.8226737976074219,820,445
2879,1,Fast,0.8017109632492065,1033,440
2879,1,Fast,0.7741184830665588,1214,814
2879,1,Fast,0.6772474646568298,986,408
2879,2,Slow,0.575425386428833,979,338
2879,1,Fast,0.4630686044692993,940,385
2879,1,Fast,0.35713499784469604,862,455
2879,1,Fast,0.3359769284725189,967,791
2880,1,Fast,0.8776212930679321,965,644
2880,1,Fast,0.8543018102645874,1208,805
2880,1,Fast,0.843424916267395,891,449
2880,1,Fast,0.8229398131370544,1032,436
2880,1,Fast,0.8054254055023193,819,447
2880,1,Fast,0.712953507900238,984,407
2880,1,Fast,0.6479485630989075,863,459
2880,1,Fast,0.39869239926338196,939,381
2881,1,Fast,0.8719800114631653,967,650
2881,1,Fast,0.8366828560829163,1030,434
2881,1,Fast,0.8353801965713501,892,452
2881,1,Fast,0.8329324126243591,1203,797
2881,1,Fast,0.7779247164726257,819,451
2881,1,Fast,0.7655470967292786,863,463
2881,1,Fast,0.5272356867790222,939,379
2881,1,Fast,0.5095821619033813,983,404
2882,1,Fast,0.8779588341712952,1197,787
2882,1,Fast,0.8637932538986206,971,657
2882,1,Fast,0.8524457812309265,893,456
2882,1,Fast,0.8268775939941406,1029,431
2882,1,Fast,0.8058538436889648,821,454
2882,1,Fast,0.7336583733558655,864,465
2882,1,Fast,0.6999629139900208,937,376
2882,1,Fast,0.6282526254653931,981,402
2882,1,Fast,0.32537463307380676,978,818
2883,1,Fast,0.8682919144630432,973,664
2883,1,Fast,0.8510907292366028,895,459
2883,1,Fast,0.8464834094047546,1192,779
2883,1,Fast,0.8274254202842712,821,457
2883,1,Fast,0.7908740639686584,1027,428
2883,1,Fast,0.6992973685264587,865,469
2883,1,Fast,0.598651111125946,936,373
2883,1,Fast,0.5340425372123718,980,400
2884,1,Fast,0.8736551403999329,976,670
2884,1,Fast,0.8370654582977295,896,463
2884,1,Fast,0.8211166858673096,822,460
2884,1,Fast,0.8109732270240784,935,371
2884,1,Fast,0.8064629435539246,1186,773
2884,1,Fast,0.7720971703529358,1026,425
2884,1,Fast,0.5445241928100586,865,472
2885,1,Fast,0.8800857663154602,979,678
2885,1,Fast,0.8428285121917725,1181,765
2885,1,Fast,0.8326056599617004,897,467
2885,1,Fast,0.8028624653816223,823,463
2885,1,Fast,0.7650555372238159,866,475
2885,1,Fast,0.7059319615364075,934,369
2885,1,Fast,0.6549473404884338,1024,422
2886,1,Fast,0.8699480295181274,982,684
2886,1,Fast,0.8415979146957397,898,472
2886,1,Fast,0.7775617241859436,823,466
2886,1,Fast,0.7642747163772583,1176,757
2886,1,Fast,0.7562819719314575,1023,420
2886,1,Fast,0.6712237596511841,867,479
2886,1,Fast,0.6533319354057312,934,365
2887,1,Fast,0.8708516955375671,986,692
2887,1,Fast,0.8484955430030823,899,475
2887,1,Fast,0.8000553846359253,823,470
2887,1,Fast,0.7993979454040527,1171,750
2887,1,Fast,0.7974948883056641,1021,418
2887,1,Fast,0.7099655866622925,933,362
2887,1,Fast,0.6768201589584351,868,483
2888,1,Fast,0.8688896298408508,989,700
2888,1,Fast,0.8630850315093994,1166,742
2888,1,Fast,0.8400881886482239,900,479
2888,1,Fast,0.7966644167900085,824,474
2888,1,Fast,0.5409278869628906,1020,415
2888,1,Fast,0.5119949579238892,932,360
2888,1,Fast,0.48041868209838867,868,486
2889,1,Fast,0.8602068424224854,993,708
2889,1,Fast,0.8452907800674438,901,483
2889,1,Fast,0.8337386250495911,1161,736
2889,1,Fast,0.799251139163971,824,477
2889,1,Fast,0.7622323036193848,932,357
2889,1,Fast,0.7354939579963684,1019,413
2889,1,Fast,0.7086032032966614,869,490
2889,1,Fast,0.5512304902076721,1401,971
2889,1,Fast,0.47886961698532104,773,445
2890,1,Fast,0.8587594628334045,996,716
2890,1,Fast,0.8333848714828491,903,487
2890,1,Fast,0.8012104630470276,824,480
2890,1,Fast,0.580848753452301,1017,409
2890,1,Fast,0.5718429684638977,871,494
2890,1,Fast,0.5573204755783081,1158,729
2890,1,Fast,0.4576256573200226,773,447
2890,1,Fast,0.42954155802726746,972,382
2891,1,Fast,0.8629098534584045,999,723
2891,1,Fast,0.8296211361885071,904,491
2891,1,Fast,0.7944528460502625,931,352
2891,1,Fast,0.7901474237442017,824,484
2891,1,Fast,0.7737951278686523,1016,407
2891,1,Fast,0.7194013595581055,1154,722
2891,1,Fast,0.5587568283081055,971,380
2891,1,Fast,0.5232112407684326,1013,905
2891,1,Fast,0.4176713228225708,773,448
2892,1,Fast,0.8712489604949951,1002,731
2892,1,Fast,0.8344363570213318,825,488
2892,1,Fast,0.8177394270896912,906,496
2892,1,Fast,0.7733033299446106,971,378
2892,1,Fast,0.7568603754043579,931,349
2892,1,Fast,0.7196373343467712,1015,405
2892,1,Fast,0.46975281834602356,1148,714
2892,1,Fast,0.30920302867889404,773,450
2893,1,Fast,0.8491330146789551,1007,738
2893,1,Fast,0.8031119704246521,907,501
2893,1,Fast,0.7714684009552002,826,491
2893,1,Fast,0.7386503219604492,1013,402
2893,1,Fast,0.714686393737793,931,346
2893,1,Fast,0.4685291647911072,969,375
2893,1,Fast,0.34978538751602173,1144,706
2894,1,Fast,0.8549752235412598,1010,747
2894,1,Fast,0.7779868245124817,908,505
2894,1,Fast,0.6563557386398315,1141,700
2894,1,Fast,0.6401236653327942,826,496
2894,1,Fast,0.6385492086410522,930,344
2895,1,Fast,0.867469847202301,1014,756
2895,1,Fast,0.8033636808395386,910,510
2895,1,Fast,0.7573277950286865,1136,694
2895,1,Fast,0.6406703591346741,929,342
2895,1,Fast,0.44917580485343933,827,499
2895,1,Fast,0.36862197518348694,1011,397
2896,1,Fast,0.8700248003005981,1018,766
2896,1,Fast,0.8073885440826416,911,514
2896,1,Fast,0.708294153213501,1131,688
2896,1,Fast,0.6721417307853699,828,503
2896,1,Fast,0.5143473148345947,878,517
2897,1,Fast,0.864587128162384,1023,775
2897,1,Fast,0.8386152386665344,912,518
2897,1,Fast,0.7739476561546326,1127,682
2897,1,Fast,0.7501136660575867,878,521
2897,1,Fast,0.6679794192314148,928,337
2897,1,Fast,0.5463862419128418,828,507
2897,1,Fast,0.42542967200279236,1008,392
2898,1,Fast,0.8626987934112549,1027,785
2898,1,Fast,0.8480004072189331,914,523
2898,1,Fast,0.7641808390617371,879,526
2898,1,Fast,0.7277424335479736,1123,676
2898,1,Fast,0.7013466358184814,928,335
2898,1,Fast,0.636387288570404,829,511
2898,1,Fast,0.5170069932937622,1007,389
2899,1,Fast,0.8623281121253967,1031,794
2899,1,Fast,0.8364465832710266,916,528
2899,1,Fast,0.7507187724113464,880,529
2899,1,Fast,0.7152360081672668,927,332
2899,1,Fast,0.71000075340271,830,515
2899,1,Fast,0.6091209650039673,1120,670
2899,1,Fast,0.5850939750671387,1006,387
2900,1,Fast,0.8703019618988037,1036,803
2900,1,Fast,0.8334612250328064,918,533
2900,1,Fast,0.7840440273284912,882,534
2900,1,Fast,0.7411212921142578,831,518
2900,1,Fast,0.5907100439071655,927,330
2900,1,Fast,0.5360978841781616,1116,664
2900,1,Fast,0.35960790514945984,1005,385
2901,1,Fast,0.8819348216056824,1040,812
2901,1,Fast,0.8501901030540466,919,538
2901,1,Fast,0.7458084225654602,831,522
2901,1,Fast,0.7457643747329712,927,328
2901,1,Fast,0.735558032989502,883,538
2901,1,Fast,0.30776166915893555,775,470
2902,1,Fast,0.881156861782074,1044,821
2902,1,Fast,0.8368869423866272,921,543
2902,1,Fast,0.7885351181030273,832,525
2902,1,Fast,0.7576665878295898,926,326
2902,1,Fast,0.7012169361114502,885,543
2902,1,Fast,0.4441143274307251,962,354
2902,1,Fast,0.4018280804157257,776,472
2903,1,Fast,0.8832783102989197,1049,830
2903,1,Fast,0.8306339383125305,923,548
2903,1,Fast,0.823528528213501,833,529
2903,1,Fast,0.6775181889533997,886,547
2903,1,Fast,0.6562290191650391,926,324
2903,1,Fast,0.6320788264274597,961,352
2903,1,Fast,0.6113123893737793,776,474
2903,1,Fast,0.5715821385383606,1002,378
2904,1,Fast,0.8915169835090637,1054,841
2904,1,Fast,0.8318688869476318,925,553
2904,1,Fast,0.8155832886695862,834,534
2904,1,Fast,0.7578316330909729,1001,375
2904,1,Fast,0.7429103851318359,776,476
2904,1,Fast,0.5297114849090576,926,322
2904,1,Fast,0.4388406276702881,960,350
2904,1,Fast,0.3664688467979431,888,552
2905,1,Fast,0.8874059915542603,1059,851
2905,1,Fast,0.8423104882240295,927,558
2905,1,Fast,0.8321846723556519,835,538
2905,1,Fast,0.7363772392272949,889,556
2905,1,Fast,0.7012659907341003,777,478
2905,1,Fast,0.5817834734916687,924,320
2905,1,Fast,0.5790778994560242,1000,372
2905,1,Fast,0.5595885515213013,960,348
2906,1,Fast,0.874963641166687,1065,861
2906,1,Fast,0.8155471682548523,929,563
2906,1,Fast,0.8076213002204895,836,543
2906,1,Fast,0.6461623907089233,890,561
2906,1,Fast,0.4843562841415405,777,481
2906,1,Fast,0.4380268156528473,958,347
2906,1,Fast,0.39070287346839905,924,319
2906,1,Fast,0.37072426080703735,999,370
2907,1,Fast,0.8831830620765686,1069,873
2907,1,Fast,0.8337687849998474,931,568
2907,1,Fast,0.8301457762718201,836,546
2907,1,Fast,0.7628101110458374,891,564
2907,1,Fast,0.5328099727630615,998,368
2907,1,Fast,0.5321093201637268,923,317
2907,1,Fast,0.5264944434165955,778,484
2908,1,Fast,0.88121098279953,1075,884
2908,1,Fast,0.846922755241394,932,573
2908,1,Fast,0.8086497187614441,838,550
2908,1,Fast,0.7141106128692627,893,570
2908,1,Fast,0.7049382925033569,1089,618
2908,1,Fast,0.6783801913261414,997,366
2908,1,Fast,0.6577372550964355,778,486
2908,1,Fast,0.47446614503860474,957,341
2909,1,Fast,0.8766164183616638,1080,896
2909,1,Fast,0.8298423886299133,839,554
2909,1,Fast,0.8048475980758667,934,578
2909,1,Fast,0.7624392509460449,894,574
2909,1,Fast,0.6379720568656921,995,364
2909,1,Fast,0.6324690580368042,957,340
2909,1,Fast,0.501624584197998,779,487
2909,1,Fast,0.40580329298973083,1085,612
2910,1,Fast,0.872642993927002,1085,907
2910,1,Fast,0.8512626886367798,840,558
2910,1,Fast,0.7595379948616028,895,579
2910,1,Fast,0.7333088517189026,957,338
2910,1,Fast,0.6846286058425903,936,583
2910,1,Fast,0.6278402805328369,923,309
2910,1,Fast,0.512764573097229,995,362
2911,1,Fast,0.8827143311500549,1090,918
2911,1,Fast,0.8485321998596191,841,563
2911,1,Fast,0.7548964619636536,897,584
2911,1,Fast,0.712684690952301,956,335
2911,1,Fast,0.6743810176849365,994,359
2911,1,Fast,0.6701838374137878,923,307
2911,1,Fast,0.644006073474884,938,590
2912,1,Fast,0.8824887275695801,1096,931
2912,1,Fast,0.8593697547912598,842,568
2912,1,Fast,0.8320389986038208,898,589
2912,1,Fast,0.7591992616653442,993,357
2912,1,Fast,0.7085573077201843,955,333
2912,1,Fast,0.6278790235519409,923,305
2912,1,Fast,0.5939796566963196,941,596
2913,1,Fast,0.8847898244857788,1102,943
2913,1,Fast,0.862362802028656,843,572
2913,1,Fast,0.8174526691436768,900,594
2913,1,Fast,0.7418808341026306,943,602
2913,1,Fast,0.7381920218467712,955,331
2913,1,Fast,0.6867653131484985,993,355
2913,1,Fast,0.5599826574325562,922,303
2914,1,Fast,0.8840470314025879,1109,955
2914,1,Fast,0.8572528958320618,844,577
2914,1,Fast,0.7930042147636414,946,608
2914,1,Fast,0.7438556551933289,992,354
2914,1,Fast,0.731992781162262,902,599
2914,1,Fast,0.6881731748580933,954,330
2914,1,Fast,0.49709993600845337,921,302
2915,1,Fast,0.87188321352005,846,582
2915,1,Fast,0.8436272144317627,1115,967
2915,1,Fast,0.781743049621582,991,351
2915,1,Fast,0.7738072872161865,949,613
2915,1,Fast,0.7522223591804504,953,327
2915,1,Fast,0.4523698389530182,781,503
2915,1,Fast,0.44095444679260254,920,300
2916,1,Fast,0.882729709148407,847,586
2916,1,Fast,0.8798064589500427,1122,981
2916,1,Fast,0.7878755331039429,951,620
2916,1,Fast,0.77254718542099,953,326
2916,1,Fast,0.7526803612709045,990,349
2916,1,Fast,0.683090090751648,906,609
2916,1,Fast,0.3889090120792389,919,298
2917,1,Fast,0.8623232245445251,848,591
2917,1,Fast,0.8532286882400513,1129,995
2917,1,Fast,0.8055571913719177,953,626
2917,1,Fast,0.7935084700584412,952,324
2917,1,Fast,0.6797974705696106,990,347
2917,1,Fast,0.6505936980247498,907,614
2917,1,Fast,0.5656249523162842,920,296
2917,1,Fast,0.3773963749408722,782,507
2918,1,Fast,0.869687020778656,849,596
2918,1,Fast,0.8600492477416992,956,632
2918,1,Fast,0.8476583361625671,1137,1009
2918,1,Fast,0.7955080270767212,951,323
2918,1,Fast,0.7137664556503296,909,619
2918,1,Fast,0.6853994727134705,988,345
2918,1,Fast,0.5754803419113159,919,294
2919,1,Fast,0.8405798673629761,850,601
2919,1,Fast,0.8291060328483582,958,637
2919,1,Fast,0.827619194984436,1144,1024
2919,1,Fast,0.7927642464637756,910,624
2919,1,Fast,0.7637929320335388,951,321
2919,1,Fast,0.7433769106864929,987,342
2919,1,Fast,0.36673569679260254,919,291
2920,1,Fast,0.8415249586105347,851,606
2920,1,Fast,0.8361915349960327,961,644
2920,1,Fast,0.8096308708190918,1151,1037
2920,1,Fast,0.7649982571601868,912,630
2920,1,Fast,0.7648802995681763,986,340
2920,1,Fast,0.7251174449920654,950,320
2920,1,Fast,0.38806912302970886,919,290
2921,1,Fast,0.8529722094535828,963,651
2921,1,Fast,0.850315511226654,853,611
2921,1,Fast,0.8465239405632019,914,636
2921,1,Fast,0.783068060874939,986,339
2921,1,Fast,0.7016528248786926,950,318
2921,1,Fast,0.6865043044090271,1161,1044
2921,1,Fast,0.3185623586177826,1207,713
2922,1,Fast,0.8602847456932068,854,616
2922,1,Fast,0.8330444097518921,916,643
2922,1,Fast,0.828347384929657,966,659
2922,1,Fast,0.6934267282485962,985,337
2922,1,Fast,0.36220744252204895,950,317
2923,1,Fast,0.8414557576179504,969,665
2923,1,Fast,0.8406108021736145,856,621
2923,1,Fast,0.8365939855575562,917,649
2923,1,Fast,0.7532720565795898,984,335
2923,1,Fast,0.44491660594940186,950,315
2924,1,Fast,0.8421703577041626,858,627
2924,1,Fast,0.827669620513916,920,654
2924,1,Fast,0.8201851844787598,973,674
2924,1,Fast,0.6195216178894043,983,333
2924,1,Fast,0.3926943242549896,785,526
2924,1,Fast,0.33004751801490784,948,313
2925,1,Fast,0.8546959161758423,859,632
2925,1,Fast,0.8471452593803406,976,681
2925,1,Fast,0.83913654088974,922,660
2925,1,Fast,0.7261688709259033,982,331
2925,1,Fast,0.69032222032547,948,311
2925,1,Fast,0.5751509070396423,785,529
2926,1,Fast,0.852401614189148,860,638
2926,1,Fast,0.8427737951278687,979,689
2926,1,Fast,0.7564703822135925,924,667
2926,1,Fast,0.7558568120002747,948,309
2926,1,Fast,0.6852414608001709,982,329
2926,1,Fast,0.48144426941871643,786,532
2927,1,Fast,0.8736515045166016,862,645
2927,1,Fast,0.8514804244041443,982,695
2927,1,Fast,0.7788785099983215,927,674
2927,1,Fast,0.7440313100814819,981,327
2927,1,Fast,0.7183486223220825,948,307
2927,2,Slow,0.5266497135162354,1481,1064
2927,1,Fast,0.45155444741249084,786,534
2928,1,Fast,0.8579555153846741,864,650
2928,1,Fast,0.8512765169143677,985,703
2928,1,Fast,0.841701865196228,930,679
2928,1,Fast,0.771115779876709,980,325
2928,1,Fast,0.7290306091308594,947,305
2928,1,Fast,0.6902686357498169,787,537
2929,1,Fast,0.8589215874671936,988,710
2929,1,Fast,0.8278953433036804,865,656
2929,1,Fast,0.8222658038139343,931,685
2929,1,Fast,0.7907499074935913,980,323
2929,1,Fast,0.7355161905288696,947,304
2929,1,Fast,0.5871390700340271,787,540
2929,1,Fast,0.5211306214332581,1340,1066
2930,1,Fast,0.850343644618988,991,718
2930,1,Fast,0.8402259349822998,867,661
2930,1,Fast,0.7881277799606323,933,691
2930,1,Fast,0.7313299775123596,946,303
2930,1,Fast,0.7119776010513306,979,321
2930,1,Fast,0.6449530720710754,788,543
2931,1,Fast,0.8566020727157593,995,726
2931,1,Fast,0.8340879678726196,868,667
2931,1,Fast,0.7881249189376831,935,697
2931,1,Fast,0.7024156451225281,946,301
2931,1,Fast,0.6865646243095398,1313,1050
2931,1,Fast,0.6525180339813232,979,320
2931,1,Fast,0.5525227189064026,788,545
2932,1,Fast,0.8454349040985107,998,735
2932,1,Fast,0.8435925841331482,870,674
2932,1,Fast,0.8419198393821716,937,706
2932,1,Fast,0.8415770530700684,1302,1043
2932,1,Fast,0.6638413667678833,788,548
2932,1,Fast,0.6466217041015625,978,318
2932,2,Slow,0.5463609099388123,1444,1020
2932,1,Fast,0.42845895886421204,946,300
2933,1,Fast,0.8670876026153564,872,679
2933,1,Fast,0.8625454306602478,940,712
2933,1,Fast,0.8374167680740356,1003,743
2933,1,Fast,0.7896278500556946,1291,1026
2933,1,Fast,0.5649970769882202,791,550
2933,2,Slow,0.4395394027233124,1435,1011
2933,1,Fast,0.4092435836791992,978,317
2934,1,Fast,0.876660168170929,942,719
2934,1,Fast,0.876329779624939,1282,1014
2934,1,Fast,0.8555707931518555,873,685
2934,1,Fast,0.8555604815483093,1006,752
2934,2,Slow,0.6102640628814697,1429,1002
2934,1,Fast,0.5104943513870239,791,553
2934,1,Fast,0.37214195728302,978,315
2935,1,Fast,0.8773853182792664,1274,1001
2935,1,Fast,0.8701443076133728,945,726
2935,1,Fast,0.8556349873542786,876,691
2935,1,Fast,0.8526949882507324,1011,761
2935,1,Fast,0.639491617679596,791,557
2935,1,Fast,0.34240809082984924,977,313
2936,1,Fast,0.875950038433075,1266,988
2936,1,Fast,0.8622599244117737,877,698
2936,1,Fast,0.8590490818023682,949,734
2936,1,Fast,0.848924994468689,1015,770
2936,1,Fast,0.7125534415245056,1387,1049
2936,1,Fast,0.6295633316040039,792,560
2937,1,Fast,0.8812442421913147,880,704
2937,1,Fast,0.873690664768219,1258,975
2937,1,Fast,0.8565682768821716,1018,779
2937,1,Fast,0.8510423898696899,951,741
2937,1,Fast,0.6362138390541077,1376,1041
2937,1,Fast,0.6129593849182129,793,563
2938,1,Fast,0.8827007412910461,880,710
2938,1,Fast,0.873379647731781,1251,963
2938,1,Fast,0.8609030842781067,1022,789
2938,1,Fast,0.8370540142059326,954,748
2938,1,Fast,0.37835413217544556,794,566
2938,1,Fast,0.34855571389198303,945,289
2939,1,Fast,0.8789071440696716,883,717
2939,1,Fast,0.8691965341567993,1243,952
2939,1,Fast,0.8614180684089661,1027,798
2939,1,Fast,0.7966834306716919,958,756
2939,1,Fast,0.6982510685920715,1358,1014
2939,1,Fast,0.5317859649658203,795,569
2939,2,Slow,0.37683361768722534,1397,957
2940,1,Fast,0.879800021648407,885,725
2940,1,Fast,0.8761655688285828,1031,807
2940,1,Fast,0.864861011505127,1235,939
2940,1,Fast,0.8620317578315735,961,764
2940,1,Fast,0.8223029375076294,1349,1002
2940,2,Slow,0.5763400793075562,1390,951
2940,1,Fast,0.5067687630653381,944,286
2940,1,Fast,0.34508758783340454,796,572
2941,1,Fast,0.8847999572753906,887,732
2941,1,Fast,0.8792286515235901,1036,817
2941,1,Fast,0.869947075843811,1228,927
2941,1,Fast,0.830414891242981,1340,988
2941,1,Fast,0.823811411857605,964,772
2941,2,Slow,0.6770829558372498,1383,941
2941,1,Fast,0.570823073387146,944,285
2941,1,Fast,0.4729611277580261,1011,474
2941,1,Fast,0.46084973216056824,798,575
2942,1,Fast,0.8798319101333618,1040,827
2942,1,Fast,0.8765237927436829,1221,915
2942,1,Fast,0.8699411153793335,890,739
2942,1,Fast,0.8137935400009155,1332,977
2942,1,Fast,0.7917951345443726,966,780
2942,1,Fast,0.6803839802742004,799,578
2942,2,Slow,0.6557886600494385,1377,933
2942,1,Fast,0.5808292627334595,1009,470
2942,1,Fast,0.5164004564285278,943,284
2943,1,Fast,0.8857064247131348,1214,904
2943,1,Fast,0.8770642280578613,969,789
2943,1,Fast,0.8759345412254333,1045,837
2943,1,Fast,0.8738915324211121,892,747
2943,1,Fast,0.7803200483322144,1324,965
2943,1,Fast,0.6331274509429932,799,580
2943,1,Fast,0.5809530019760132,942,283
2943,1,Fast,0.5164080262184143,1008,467
2944,1,Fast,0.8853756189346313,972,798
2944,1,Fast,0.8805656433105469,1050,848
2944,1,Fast,0.8739205598831177,895,754
2944,1,Fast,0.8709918856620789,1208,894
2944,1,Fast,0.8099295496940613,1316,953
2944,1,Fast,0.6848978996276855,942,281
2944,1,Fast,0.5710303783416748,799,584
2944,1,Fast,0.5110641717910767,972,298
2944,2,Slow,0.31648218631744385,1365,918
2945,1,Fast,0.8923221230506897,976,807
2945,1,Fast,0.8874642848968506,897,761
2945,1,Fast,0.8747979998588562,1055,859
2945,1,Fast,0.8713237047195435,1201,884
2945,1,Fast,0.6968253254890442,1308,943
2945,1,Fast,0.6075365543365479,941,280
2945,1,Fast,0.3637183904647827,800,587
2946,1,Fast,0.8889065980911255,901,768
2946,1,Fast,0.8870449066162109,1060,870
2946,1,Fast,0.8847894072532654,979,815
2946,1,Fast,0.8757979273796082,1194,873
2946,1,Fast,0.6949476003646851,941,277
2946,1,Fast,0.48583051562309265,1301,933
2946,1,Fast,0.38309890031814575,802,591
2947,1,Fast,0.8916468024253845,1065,881
2947,1,Fast,0.8907533288002014,902,776
2947,1,Fast,0.8836143016815186,983,823
2947,1,Fast,0.8809049725532532,1187,863
2947,1,Fast,0.6212002635002136,1293,921
2947,1,Fast,0.6147640347480774,942,276
2947,1,Fast,0.41510188579559326,803,594
2948,1,Fast,0.8916840553283691,986,833
2948,1,Fast,0.8901590704917908,906,785
2948,1,Fast,0.8815689086914062,1070,893
2948,1,Fast,0.8781980276107788,1181,853
2948,1,Fast,0.7276750802993774,941,275
2948,1,Fast,0.39334383606910706,1335,1056
2948,1,Fast,0.3656449019908905,804,597
2948,1,Fast,0.34482383728027344,1286,911
2949,1,Fast,0.9017114639282227,990,841
2949,1,Fast,0.88938307762146,1176,843
2949,1,Fast,0.8887817859649658,908,793
2949,1,Fast,0.8858050107955933,1076,905
2949,1,Fast,0.7837008833885193,1320,1048
2949,1,Fast,0.7222240567207336,941,274
2950,1,Fast,0.9015588760375977,1081,917
2950,1,Fast,0.8941611647605896,910,801
2950,1,Fast,0.8881427049636841,1170,834
2950,1,Fast,0.8827816843986511,994,852
2950,1,Fast,0.8408976197242737,1309,1040
2950,1,Fast,0.7108098268508911,1271,890
2950,1,Fast,0.6807032823562622,941,272
2950,1,Fast,0.4786985516548157,807,604
2951,1,Fast,0.9020166993141174,998,862
2951,1,Fast,0.9001577496528625,1088,929
2951,1,Fast,0.8930758833885193,913,809
2951,1,Fast,0.8814754486083984,1165,825
2951,1,Fast,0.8251692652702332,1266,880
2951,1,Fast,0.809746265411377,1299,1027
2951,1,Fast,0.6022171378135681,941,270
2951,1,Fast,0.4169996976852417,807,607
2952,1,Fast,0.9006458520889282,1003,870
2952,1,Fast,0.9003759026527405,1094,942
2952,1,Fast,0.8993866443634033,915,818
2952,1,Fast,0.8741326928138733,1160,815
2952,1,Fast,0.8698828220367432,1289,1012
2952,1,Fast,0.8515491485595703,1258,870
2952,1,Fast,0.49428868293762207,808,610
2952,1,Fast,0.4578688144683838,941,269
2953,1,Fast,0.9065319895744324,1006,882
2953,1,Fast,0.8989717960357666,1100,955
2953,1,Fast,0.8960557579994202,1280,999
2953,1,Fast,0.8880250453948975,918,826
2953,1,Fast,0.874580442905426,1154,806
2953,1,Fast,0.8663902878761292,1252,859
2953,1,Fast,0.4378201961517334,940,268
2953,1,Fast,0.35733532905578613,809,614
2954,1,Fast,0.8982810378074646,1272,986
2954,1,Fast,0.8941726088523865,1010,892
2954,1,Fast,0.8916536569595337,1107,967
2954,1,Fast,0.8907104730606079,921,835
2954,1,Fast,0.8747622966766357,1148,797
2954,1,Fast,0.8357963562011719,1245,850
2954,1,Fast,0.5062782168388367,940,267
2954,1,Fast,0.3091685175895691,969,283
2955,1,Fast,0.8918851613998413,1114,981
2955,1,Fast,0.890811026096344,1014,903
2955,1,Fast,0.8899005055427551,1263,973
2955,1,Fast,0.8893536925315857,925,844
2955,1,Fast,0.8654187917709351,1143,787
2955,1,Fast,0.7963749170303345,1239,842
2955,1,Fast,0.5919206738471985,940,266
2956,1,Fast,0.9002285003662109,928,853
2956,1,Fast,0.897322416305542,1256,962
2956,1,Fast,0.895012617111206,1018,914
2956,1,Fast,0.8869177103042603,1121,996
2956,1,Fast,0.87788325548172,1138,779
2956,1,Fast,0.8252007365226746,1232,833
2956,1,Fast,0.5315722227096558,939,264
2956,1,Fast,0.34142637252807617,813,626
2957,1,Fast,0.8979380130767822,931,862
2957,1,Fast,0.8979151248931885,1247,949
2957,1,Fast,0.8899511098861694,1022,924
2957,1,Fast,0.8890795707702637,1128,1010
2957,1,Fast,0.8494235277175903,1133,771
2957,1,Fast,0.8202742338180542,1227,825
2958,1,Fast,0.9035683870315552,1240,937
2958,1,Fast,0.903234601020813,934,871
2958,1,Fast,0.8929386734962463,1135,1025
2958,1,Fast,0.8878846168518066,1027,935
2958,1,Fast,0.8580799102783203,1128,762
2958,1,Fast,0.7882038950920105,1222,817
2958,1,Fast,0.47831204533576965,815,633
2958,1,Fast,0.32720571756362915,838,419
2959,1,Fast,0.906269371509552,1232,925
2959,1,Fast,0.9018939733505249,938,880
2959,1,Fast,0.8944039344787598,1032,946
2959,1,Fast,0.8803094029426575,1142,1039
2959,1,Fast,0.8626676797866821,1123,754
2959,1,Fast,0.8554572463035583,1216,808
2959,1,Fast,0.5480121374130249,816,637
2959,1,Fast,0.5229880809783936,838,421
2959,1,Fast,0.336840957403183,776,435
2960,1,Fast,0.9020127058029175,1225,913
2960,1,Fast,0.8918499946594238,941,890
2960,1,Fast,0.8876231908798218,1037,957
2960,1,Fast,0.8515564203262329,1119,746
2960,1,Fast,0.8461452722549438,1149,1047
2960,1,Fast,0.8460407853126526,1210,800
2960,1,Fast,0.6361412405967712,818,641
2960,1,Fast,0.5365412831306458,839,425
2961,1,Fast,0.9062581062316895,1218,902
2961,1,Fast,0.8875726461410522,945,901
2961,1,Fast,0.8720084428787231,1042,969
2961,1,Fast,0.8566380739212036,1114,738
2961,1,Fast,0.8182023167610168,1204,791
2961,1,Fast,0.7118426561355591,1160,1055
2961,1,Fast,0.701300323009491,982,412
2961,1,Fast,0.6279298067092896,839,427
2961,1,Fast,0.4643810987472534,819,645
2961,1,Fast,0.3017880916595459,777,439
2962,1,Fast,0.9083216786384583,1212,890
2962,1,Fast,0.8954148292541504,948,911
2962,1,Fast,0.8842428922653198,1048,981
2962,1,Fast,0.8836900591850281,1198,782
2962,1,Fast,0.8374632596969604,1110,731
2962,1,Fast,0.7706839442253113,981,409
2962,1,Fast,0.6543701887130737,1167,1062
2962,1,Fast,0.6146167516708374,820,649
2962,1,Fast,0.5350580811500549,840,430
2962,1,Fast,0.48037511110305786,938,256
2963,1,Fast,0.9006545543670654,1204,881
2963,1,Fast,0.8830299377441406,952,922
2963,1,Fast,0.8639917969703674,1105,724
2963,1,Fast,0.8295426964759827,1194,775
2963,1,Fast,0.7971947193145752,1053,993
2963,1,Fast,0.7514312267303467,980,407
2963,1,Fast,0.34619712829589844,938,254
2963,1,Fast,0.3057912588119507,820,653
2964,1,Fast,0.8960058093070984,1198,871
2964,1,Fast,0.8762909770011902,956,932
2964,1,Fast,0.852847158908844,1188,767
2964,1,Fast,0.8252706527709961,1060,1009
2964,1,Fast,0.8008518815040588,1101,716
2964,1,Fast,0.6840296983718872,979,404
2964,1,Fast,0.5099319219589233,925,575
2964,1,Fast,0.46692466735839844,821,658
2964,1,Fast,0.3004646599292755,841,436
2965,1,Fast,0.8859016299247742,960,943
2965,1,Fast,0.8846519589424133,1191,860
2965,1,Fast,0.8220568895339966,1183,759
2965,1,Fast,0.8142565488815308,1096,708
2965,1,Fast,0.7713224291801453,1064,1021
2965,1,Fast,0.6414170861244202,978,402
2965,1,Fast,0.41245293617248535,823,663
2965,1,Fast,0.3579041063785553,938,252
2966,1,Fast,0.8872455954551697,1185,851
2966,1,Fast,0.8793036937713623,964,954
2966,1,Fast,0.836603581905365,1178,752
2966,1,Fast,0.78671795129776,1092,700
2966,1,Fast,0.5243161916732788,823,666
2966,1,Fast,0.4692186117172241,1069,1033
2967,1,Fast,0.8855947852134705,969,965
2967,1,Fast,0.884331226348877,1179,841
2967,1,Fast,0.8349325060844421,1088,694
2967,1,Fast,0.8168070316314697,1173,744
2967,1,Fast,0.7209501266479492,1075,1044
2967,1,Fast,0.42021453380584717,825,670
2967,1,Fast,0.3097057044506073,976,396
2968,1,Fast,0.896195650100708,972,977
2968,1,Fast,0.8708934783935547,1173,831
2968,1,Fast,0.8538252115249634,1168,738
2968,1,Fast,0.8138622045516968,1084,687
2968,1,Fast,0.6613083481788635,1082,1051
2968,1,Fast,0.6569740772247314,826,674
2968,2,Slow,0.3091067969799042,1588,911
2969,1,Fast,0.8976877927780151,976,987
2969,1,Fast,0.8800682425498962,1167,822
2969,1,Fast,0.8330860137939453,1164,730
2969,1,Fast,0.8120799660682678,827,678
2969,1,Fast,0.7904493808746338,1080,680
2969,1,Fast,0.5861203670501709,1094,1058
2969,1,Fast,0.4358246326446533,846,452
2970,1,Fast,0.889014482498169,982,999
2970,1,Fast,0.8844699263572693,1161,813
2970,1,Fast,0.8562101125717163,1159,723
2970,1,Fast,0.841496467590332,829,682
2970,1,Fast,0.8311933875083923,1077,673
2970,1,Fast,0.6001636385917664,1100,1065
2970,1,Fast,0.35320496559143066,846,455
2971,1,Fast,0.8849671483039856,1155,804
2971,1,Fast,0.8849408030509949,987,1012
2971,1,Fast,0.8486574292182922,1155,716
2971,1,Fast,0.8323256969451904,1073,667
2971,1,Fast,0.799068033695221,830,685
2971,1,Fast,0.6683346629142761,847,458
2971,1,Fast,0.4102434813976288,1100,1071
2972,1,Fast,0.8831077814102173,1150,794
2972,1,Fast,0.8741796016693115,992,1025
2972,1,Fast,0.8493300080299377,1150,710
2972,1,Fast,0.8305153846740723,1070,661
2972,1,Fast,0.8290791511535645,831,690
2972,1,Fast,0.6865436434745789,848,461
2972,1,Fast,0.5515848398208618,970,382
2973,1,Fast,0.8853269219398499,1145,786
2973,1,Fast,0.8693847060203552,996,1037
2973,1,Fast,0.8445420265197754,1146,702
2973,1,Fast,0.789122462272644,1066,654
2973,1,Fast,0.4761752486228943,848,464
2973,1,Fast,0.4699905812740326,970,379
2973,1,Fast,0.3618663549423218,832,695
2973,1,Fast,0.3489377796649933,782,462
2974,1,Fast,0.884425699710846,1139,777
2974,1,Fast,0.8607586622238159,1143,697
2974,1,Fast,0.8072718381881714,1063,648
2974,1,Fast,0.7075418829917908,834,700
2974,1,Fast,0.699207067489624,1001,1044
2974,1,Fast,0.6432207822799683,849,467
2974,1,Fast,0.4959472119808197,783,464
2974,1,Fast,0.3303429186344147,948,636
2975,1,Fast,0.8772397637367249,1134,769
2975,1,Fast,0.8595870733261108,1138,690
2975,1,Fast,0.8387671709060669,836,705
2975,1,Fast,0.8191013932228088,1060,642
2975,1,Fast,0.6995391249656677,850,471
2975,1,Fast,0.660649299621582,783,466
2975,1,Fast,0.37087225914001465,1006,1051
2975,1,Fast,0.3103632926940918,968,375
2976,1,Fast,0.8633365035057068,1129,760
2976,1,Fast,0.8398838043212891,1134,683
2976,1,Fast,0.8253587484359741,1057,636
2976,1,Fast,0.8246095776557922,837,710
2976,1,Fast,0.7105094194412231,852,474
2976,1,Fast,0.6345346570014954,783,468
2976,1,Fast,0.37278813123703003,1014,1058
2977,1,Fast,0.8755361437797546,1124,753
2977,1,Fast,0.8624804019927979,1130,677
2977,1,Fast,0.81451416015625,840,714
2977,1,Fast,0.8047688007354736,1054,630
2977,1,Fast,0.7104440927505493,854,478
2977,1,Fast,0.5775344371795654,784,470
2977,1,Fast,0.4556347727775574,1021,1065
2978,1,Fast,0.8627207279205322,1126,671
2978,1,Fast,0.8387776613235474,1120,744
2978,1,Fast,0.7985754609107971,841,719
2978,1,Fast,0.788614809513092,855,482
2978,1,Fast,0.6368847489356995,784,473
2978,1,Fast,0.47529828548431396,1050,624
2979,1,Fast,0.878329336643219,1122,665
2979,1,Fast,0.8534039855003357,1115,737
2979,1,Fast,0.7857879996299744,856,485
2979,1,Fast,0.7757810354232788,842,723
2979,1,Fast,0.6895559430122375,1046,620
2979,1,Fast,0.566182017326355,784,475
2980,1,Fast,0.843071460723877,1111,730
2980,1,Fast,0.8393732309341431,1118,658
2980,1,Fast,0.7769196629524231,1043,614
2980,1,Fast,0.7607134580612183,857,489
2980,1,Fast,0.677401065826416,843,728
2980,1,Fast,0.4187558591365814,784,477
2981,1,Fast,0.8461307287216187,1106,722
2981,1,Fast,0.8067402243614197,1041,608
2981,1,Fast,0.7364509701728821,1115,654
2981,1,Fast,0.5454741716384888,857,493
2982,1,Fast,0.8408900499343872,1101,713
2982,1,Fast,0.8078487515449524,1037,602
2982,1,Fast,0.7825511693954468,1112,647
2982,1,Fast,0.5839217901229858,858,497
2982,1,Fast,0.38623476028442383,785,482
2983,1,Fast,0.8707463145256042,1097,706
2983,1,Fast,0.7956714630126953,1034,597
2983,1,Fast,0.7465372681617737,1108,641
2983,1,Fast,0.7438478469848633,847,744
2983,1,Fast,0.5744987726211548,858,500
2983,1,Fast,0.419853538274765,785,484
2984,1,Fast,0.85540771484375,1092,699
2984,1,Fast,0.8344177007675171,1032,591
2984,1,Fast,0.7873485088348389,1105,636
2984,1,Fast,0.7166091799736023,849,750
2984,1,Fast,0.5658198595046997,786,486
2984,1,Fast,0.47445374727249146,860,504
2985,1,Fast,0.8345117568969727,1029,586
2985,1,Fast,0.8169901371002197,1089,692
2985,1,Fast,0.7625707387924194,850,755
2985,1,Fast,0.7227774262428284,1102,630
2985,1,Fast,0.7065290212631226,978,711
2985,1,Fast,0.6537879705429077,861,507
2985,1,Fast,0.43055322766304016,958,352
2985,1,Fast,0.35951653122901917,870,329
2986,1,Fast,0.839083731174469,1026,580
2986,1,Fast,0.8338221907615662,852,760
2986,1,Fast,0.8136948347091675,1083,684
2986,1,Fast,0.7592557072639465,1313,1051
2986,1,Fast,0.6152770519256592,863,511
2986,1,Fast,0.5250872373580933,1098,625
2986,1,Fast,0.4180603623390198,958,349
2986,1,Fast,0.3040299713611603,881,398
2987,1,Fast,0.8627214431762695,1079,678
2987,1,Fast,0.8384594917297363,1024,575
2987,1,Fast,0.8318525552749634,1303,1042
2987,1,Fast,0.8232004642486572,855,765
2987,1,Fast,0.755489706993103,864,514
2987,1,Fast,0.7226927280426025,1095,619
2987,1,Fast,0.5047558546066284,958,348
2987,1,Fast,0.4020302891731262,788,493
2988,1,Fast,0.8705003261566162,1075,671
2988,1,Fast,0.8519501686096191,1091,614
2988,1,Fast,0.8443621397018433,1021,570
2988,1,Fast,0.8145477175712585,856,770
2988,1,Fast,0.811147153377533,1293,1030
2988,1,Fast,0.8080118894577026,865,518
2988,1,Fast,0.678893506526947,883,404
2988,1,Fast,0.600239634513855,958,345
2988,1,Fast,0.5590763688087463,788,495
2989,1,Fast,0.8656708002090454,1089,609
2989,1,Fast,0.8574116826057434,1284,1015
2989,1,Fast,0.8555788993835449,1072,665
2989,1,Fast,0.8274136781692505,1019,565
2989,1,Fast,0.822289228439331,867,522
2989,1,Fast,0.7530632615089417,857,778
2989,1,Fast,0.7070474624633789,883,407
2989,1,Fast,0.6717683672904968,788,498
2989,1,Fast,0.42022058367729187,957,343
2990,1,Fast,0.861268162727356,1275,1001
2990,1,Fast,0.856894850730896,1068,659
2990,1,Fast,0.8503787517547607,1085,604
2990,1,Fast,0.8385628461837769,1016,560
2990,1,Fast,0.8358060121536255,868,526
2990,1,Fast,0.785526692867279,859,784
2990,1,Fast,0.779033362865448,789,501
2990,1,Fast,0.7179938554763794,884,411
2990,1,Fast,0.5032289028167725,957,341
2991,1,Fast,0.8686168193817139,1266,988
2991,1,Fast,0.847596287727356,1064,652
2991,1,Fast,0.8332013487815857,869,530
2991,1,Fast,0.8302848935127258,1014,556
2991,1,Fast,0.7921655178070068,861,789
2991,1,Fast,0.7855002284049988,789,503
2991,1,Fast,0.7212357521057129,885,414
2991,1,Fast,0.6131406426429749,1082,599
2991,1,Fast,0.3981491029262543,1000,761
2992,1,Fast,0.8783420324325562,1258,975
2992,1,Fast,0.8724686503410339,1061,646
2992,1,Fast,0.839302122592926,1012,551
2992,1,Fast,0.8341091275215149,870,534
2992,1,Fast,0.8311709761619568,864,794
2992,1,Fast,0.7867769598960876,1079,595
2992,1,Fast,0.7556588053703308,885,418
2992,1,Fast,0.7524981498718262,789,505
2993,1,Fast,0.8738920092582703,1251,963
2993,1,Fast,0.8604506850242615,1058,639
2993,1,Fast,0.848937451839447,871,538
2993,1,Fast,0.8402083516120911,1010,547
2993,1,Fast,0.8076097965240479,865,799
2993,1,Fast,0.7795581221580505,1077,589
2993,1,Fast,0.7266260385513306,789,507
2993,1,Fast,0.6256127953529358,886,421
2994,1,Fast,0.8713610768318176,1055,633
2994,1,Fast,0.8702186346054077,1243,950
2994,1,Fast,0.851466178894043,872,543
2994,1,Fast,0.8256070017814636,1007,541
2994,1,Fast,0.7866296768188477,866,806
2994,1,Fast,0.7391448616981506,1073,584
2994,1,Fast,0.7373450994491577,790,511
2994,1,Fast,0.5688338279724121,887,425
2994,1,Fast,0.4711158573627472,956,331
2995,1,Fast,0.8806443810462952,1235,938
2995,1,Fast,0.8699570894241333,1051,628
2995,1,Fast,0.8338178992271423,874,547
2995,1,Fast,0.8311191201210022,1005,537
2995,1,Fast,0.7833669781684875,1071,578
2995,1,Fast,0.7706645131111145,869,811
2995,1,Fast,0.6396525502204895,790,513
2995,1,Fast,0.6211655139923096,888,428
2995,1,Fast,0.584094226360321,955,330
2996,1,Fast,0.8886163830757141,1228,926
2996,1,Fast,0.8527599573135376,1047,622
2996,1,Fast,0.8505164384841919,876,551
2996,1,Fast,0.8250412940979004,1003,532
2996,1,Fast,0.7751249074935913,1069,575
2996,1,Fast,0.7215627431869507,889,432
2996,1,Fast,0.5435043573379517,955,328
2996,1,Fast,0.5305353403091431,870,817
2996,1,Fast,0.44603610038757324,791,516
2997,1,Fast,0.8999723196029663,1220,915
2997,1,Fast,0.8578751087188721,1045,617
2997,1,Fast,0.8488157391548157,877,555
2997,1,Fast,0.8263731598854065,1001,527
2997,1,Fast,0.7173511385917664,890,437
2997,1,Fast,0.6925134658813477,1066,569
2997,1,Fast,0.6917340755462646,791,519
2997,1,Fast,0.5251880884170532,954,326
2997,1,Fast,0.5240173935890198,1329,970
2998,1,Fast,0.8947550654411316,1213,903
2998,1,Fast,0.8521213531494141,879,560
2998,1,Fast,0.8322930932044983,999,523
2998,1,Fast,0.8315882086753845,1041,612
2998,1,Fast,0.7940760254859924,1064,565
2998,1,Fast,0.5448333024978638,953,325
2998,1,Fast,0.5213802456855774,1029,827
2998,1,Fast,0.5155131816864014,891,440
2998,1,Fast,0.4843945801258087,792,522
2998,1,Fast,0.4510485529899597,873,364
2999,1,Fast,0.8806455731391907,1206,893
2999,1,Fast,0.8676967024803162,1039,605
2999,1,Fast,0.8593699932098389,997,519
2999,1,Fast,0.8464784026145935,880,564
2999,1,Fast,0.7745264768600464,1061,561
2999,1,Fast,0.6013960838317871,873,366
2999,1,Fast,0.5627937316894531,953,324
2999,1,Fast,0.535327136516571,793,525
2999,1,Fast,0.4388920068740845,878,839
2999,1,Fast,0.3108498454093933,892,443
3000,1,Fast,0.8863090872764587,1200,883
3000,1,Fast,0.8470618724822998,1036,600
3000,1,Fast,0.8440835475921631,882,569
3000,1,Fast,0.8389238715171814,994,515
3000,1,Fast,0.7270916700363159,1058,555
3000,1,Fast,0.6413034796714783,874,369
3000,1,Fast,0.6326043009757996,879,845
3000,1,Fast,0.6113910675048828,793,527
3000,1,Fast,0.43407729268074036,952,322
3000,1,Fast,0.3327605128288269,893,448
3001,1,Fast,0.8814138770103455,1193,872
3001,1,Fast,0.8544909954071045,883,574
3001,1,Fast,0.8493286967277527,1033,595
3001,1,Fast,0.8122189044952393,992,511
3001,1,Fast,0.7613418698310852,882,852
3001,1,Fast,0.7041494250297546,794,530
3001,1,Fast,0.48301541805267334,1055,551
3001,1,Fast,0.41643044352531433,874,373
3002,1,Fast,0.8625584840774536,1187,862
3002,1,Fast,0.8390118479728699,884,578
3002,1,Fast,0.8255138993263245,1031,589
3002,1,Fast,0.8001911044120789,990,507
3002,1,Fast,0.7703065276145935,884,857
3002,1,Fast,0.6396520733833313,795,532
3002,1,Fast,0.6060943603515625,1053,547
3002,1,Fast,0.4258228540420532,1048,870
3002,1,Fast,0.35990220308303833,875,376
3003,1,Fast,0.8853468298912048,1180,852
3003,1,Fast,0.8543203473091125,887,583
3003,1,Fast,0.8131465911865234,1028,583
3003,1,Fast,0.7935324907302856,988,503
3003,1,Fast,0.7823959589004517,885,864
3003,1,Fast,0.7013942003250122,794,534
3003,1,Fast,0.5283159613609314,1054,881
3003,1,Fast,0.5107395648956299,1051,543
3003,1,Fast,0.48890531063079834,896,460
3003,1,Fast,0.3450516164302826,876,379
3004,1,Fast,0.8876188397407532,1175,842
3004,1,Fast,0.8640549778938293,1026,578
3004,1,Fast,0.8543300628662109,888,588
3004,1,Fast,0.8132369518280029,986,499
3004,1,Fast,0.7730761766433716,1060,893
3004,1,Fast,0.5447877049446106,898,464
3004,1,Fast,0.4314115047454834,876,383
3004,1,Fast,0.3739079535007477,888,871
3005,1,Fast,0.8882044553756714,1168,832
3005,1,Fast,0.8547319769859314,1022,573
3005,1,Fast,0.8397414088249207,890,594
3005,1,Fast,0.804969310760498,984,495
3005,1,Fast,0.7592034339904785,1065,905
3005,1,Fast,0.7014914751052856,890,877
3005,1,Fast,0.7012611627578735,1045,534
3005,1,Fast,0.5799086093902588,795,540
3005,1,Fast,0.3885604739189148,899,468
3005,1,Fast,0.3241890072822571,950,312
3006,1,Fast,0.8909481167793274,1163,823
3006,1,Fast,0.8443155288696289,892,599
3006,1,Fast,0.8409647941589355,983,490
3006,1,Fast,0.8323436975479126,1019,568
3006,1,Fast,0.7574381828308105,1043,530
3006,1,Fast,0.7418103218078613,1071,917
3006,1,Fast,0.701388418674469,900,473
3006,1,Fast,0.6608678102493286,950,310
3006,1,Fast,0.6434820294380188,796,544
3006,1,Fast,0.353965699672699,893,886
3007,1,Fast,0.8872609734535217,1157,814
3007,1,Fast,0.8685061931610107,1076,928
3007,1,Fast,0.8530938029289246,893,604
3007,1,Fast,0.8383366465568542,982,486
3007,1,Fast,0.7780405282974243,1017,563
3007,1,Fast,0.6775652766227722,948,309
3007,1,Fast,0.6562141180038452,1041,526
3007,1,Fast,0.6246564984321594,798,546
3007,1,Fast,0.5722365379333496,901,478
3007,1,Fast,0.46089592576026917,896,893
3008,1,Fast,0.8775957822799683,1151,804
3008,1,Fast,0.8388020992279053,1082,940
3008,1,Fast,0.8345090746879578,895,609
3008,1,Fast,0.8218114972114563,980,482
3008,1,Fast,0.8145586848258972,1014,558
3008,1,Fast,0.7777053713798523,899,900
3008,1,Fast,0.7118591070175171,800,549
3008,1,Fast,0.61454176902771,903,482
3008,1,Fast,0.5259885191917419,1039,521
3008,1,Fast,0.35233497619628906,948,307
3009,1,Fast,0.884980320930481,1146,795
3009,1,Fast,0.8374522924423218,1011,554
3009,1,Fast,0.8338156938552856,897,614
3009,1,Fast,0.8285614252090454,979,479
3009,1,Fast,0.7866957783699036,1089,953
3009,1,Fast,0.7853356003761292,901,908
3009,1,Fast,0.7612056732177734,800,553
3009,1,Fast,0.7289841175079346,1037,518
3009,1,Fast,0.7105475068092346,904,486
3009,1,Fast,0.33051878213882446,947,306
3010,1,Fast,0.8884593844413757,1140,787
3010,1,Fast,0.8448782563209534,899,619
3010,1,Fast,0.8396304845809937,977,476
3010,1,Fast,0.8293524980545044,1010,549
3010,1,Fast,0.82220858335495,904,915
3010,1,Fast,0.7198508381843567,1095,966
3010,1,Fast,0.6837243437767029,801,556
3010,1,Fast,0.6670047044754028,1036,515
3010,1,Fast,0.5787791013717651,905,491
3010,1,Fast,0.40156954526901245,947,305
3011,1,Fast,0.8833344578742981,1135,779
3011,1,Fast,0.8550915718078613,906,922
3011,1,Fast,0.8315618634223938,901,625
3011,1,Fast,0.8097280859947205,1007,544
3011,1,Fast,0.8062690496444702,975,473
3011,1,Fast,0.804995059967041,801,558
3011,1,Fast,0.7046279907226562,907,495
3011,1,Fast,0.3529431223869324,882,406
3011,1,Fast,0.3083234429359436,946,303
3012,1,Fast,0.8672453761100769,1130,771
3012,1,Fast,0.8587431311607361,903,630
3012,1,Fast,0.8364095091819763,972,469
3012,1,Fast,0.7884860038757324,1005,540
3012,1,Fast,0.7171502113342285,909,930
3012,1,Fast,0.6871471405029297,802,561
3012,1,Fast,0.5398280024528503,908,500
3013,1,Fast,0.8684298992156982,1125,761
3013,1,Fast,0.8575320243835449,904,636
3013,1,Fast,0.8163254857063293,972,466
3013,1,Fast,0.8111342787742615,912,938
3013,1,Fast,0.7978819608688354,1003,534
3013,1,Fast,0.5449669361114502,910,504
3013,1,Fast,0.4098704159259796,1029,502
3013,1,Fast,0.3552607297897339,803,563
3014,1,Fast,0.8710229992866516,1120,754
3014,1,Fast,0.8554709553718567,907,641
3014,1,Fast,0.8409918546676636,970,461
3014,1,Fast,0.8107864856719971,1001,530
3014,1,Fast,0.6768748164176941,915,946
3014,1,Fast,0.6048888564109802,911,509
3014,1,Fast,0.5433730483055115,884,415
3015,1,Fast,0.8575990200042725,909,647
3015,1,Fast,0.8463491201400757,1116,745
3015,1,Fast,0.8441523909568787,999,526
3015,1,Fast,0.8356487154960632,968,458
3015,1,Fast,0.7916975021362305,918,956
3015,1,Fast,0.7902025580406189,913,515
3015,1,Fast,0.7698289752006531,884,418
3015,1,Fast,0.42671841382980347,1025,495
3015,1,Fast,0.4244760572910309,804,571
3015,1,Fast,0.36010679602622986,1130,1038
3016,1,Fast,0.8768326640129089,1110,738
3016,1,Fast,0.8621400594711304,997,522
3016,1,Fast,0.850053608417511,911,653
3016,1,Fast,0.8348822593688965,967,454
3016,1,Fast,0.7918993234634399,914,520
3016,1,Fast,0.775948166847229,921,964
3016,1,Fast,0.7454873919487,805,575
3016,1,Fast,0.6099843978881836,885,421
3016,1,Fast,0.4267190992832184,1140,1046
3016,1,Fast,0.34130972623825073,1023,491
3017,1,Fast,0.8711831569671631,1106,729
3017,1,Fast,0.8569148182868958,913,660
3017,1,Fast,0.851899266242981,994,518
3017,1,Fast,0.8173006772994995,965,451
3017,1,Fast,0.8149240612983704,924,973
3017,1,Fast,0.7778365612030029,916,525
3017,1,Fast,0.7020877599716187,806,578
3017,1,Fast,0.535015881061554,885,425
3017,1,Fast,0.40865325927734375,1022,488
3018,1,Fast,0.8736481666564941,1101,722
3018,1,Fast,0.8719660639762878,928,981
3018,1,Fast,0.8506277203559875,915,665
3018,1,Fast,0.8236987590789795,965,447
3018,1,Fast,0.8094295859336853,992,514
3018,1,Fast,0.8038234710693359,918,530
3018,1,Fast,0.7544457316398621,886,429
3018,1,Fast,0.6744742393493652,807,580
3018,1,Fast,0.4283011257648468,1163,1062
3018,1,Fast,0.3631088137626648,1020,484
3019,1,Fast,0.8715187907218933,1097,714
3019,1,Fast,0.857382595539093,920,535
3019,1,Fast,0.8450729250907898,963,444
3019,1,Fast,0.8430159687995911,917,671
3019,1,Fast,0.8109021782875061,990,509
3019,1,Fast,0.8101106286048889,887,432
3019,1,Fast,0.6427364945411682,1018,480
3019,1,Fast,0.5855592489242554,807,584
3019,1,Fast,0.4755372703075409,933,990
3020,1,Fast,0.8868904113769531,1092,707
3020,1,Fast,0.8672270178794861,920,677
3020,1,Fast,0.8430020213127136,922,541
3020,1,Fast,0.8339848518371582,963,441
3020,1,Fast,0.8226774334907532,988,505
3020,1,Fast,0.7742013335227966,888,436
3020,1,Fast,0.7314929962158203,808,587
3020,1,Fast,0.43814489245414734,935,1000
3020,1,Fast,0.4214859902858734,1016,477
3020,1,Fast,0.33747598528862,942,287
3021,1,Fast,0.8605429530143738,1089,700
3021,1,Fast,0.860207736492157,922,683
3021,1,Fast,0.8412480354309082,924,546
3021,1,Fast,0.8303452134132385,986,501
3021,1,Fast,0.8157585263252258,962,439
3021,1,Fast,0.7603484392166138,889,439
3021,1,Fast,0.6634743809700012,1015,474
3021,1,Fast,0.6421321034431458,809,591
3022,1,Fast,0.8630507588386536,924,689
3022,1,Fast,0.8517689108848572,926,551
3022,1,Fast,0.8326716423034668,984,496
3022,1,Fast,0.8262342810630798,1084,693
3022,1,Fast,0.7540606260299683,960,436
3022,1,Fast,0.7124518156051636,809,594
3022,1,Fast,0.6062275767326355,1013,470
3022,1,Fast,0.5448037385940552,890,444
3022,1,Fast,0.4072033166885376,942,1020
3023,1,Fast,0.8742391467094421,928,556
3023,1,Fast,0.8717045187950134,982,492
3023,1,Fast,0.8689771294593811,926,696
3023,1,Fast,0.8665547370910645,1080,686
3023,1,Fast,0.7602578997612,959,432
3023,1,Fast,0.7597017288208008,811,598
3023,1,Fast,0.6999590992927551,891,446
3023,1,Fast,0.6846170425415039,1011,467
3023,1,Fast,0.5620543956756592,947,1030
3024,1,Fast,0.8799937963485718,981,488
3024,1,Fast,0.8789427876472473,1076,679
3024,1,Fast,0.8633242249488831,930,562
3024,1,Fast,0.8580689430236816,928,703
3024,1,Fast,0.8073880076408386,957,429
3024,1,Fast,0.8055449724197388,812,602
3024,1,Fast,0.7721309065818787,1009,463
3024,1,Fast,0.7413098812103271,949,1037
3024,1,Fast,0.6181791424751282,892,450
3025,1,Fast,0.8859038949012756,931,568
3025,1,Fast,0.8651975989341736,931,709
3025,1,Fast,0.8630852699279785,1072,672
3025,1,Fast,0.8595408201217651,979,484
3025,1,Fast,0.8239082098007202,956,426
3025,1,Fast,0.8013155460357666,1008,460
3025,1,Fast,0.7983027100563049,955,1044
3025,1,Fast,0.7928136587142944,813,605
3025,1,Fast,0.706097424030304,893,452
3026,1,Fast,0.8756263256072998,933,574
3026,1,Fast,0.8654661178588867,1069,666
3026,1,Fast,0.8632774949073792,934,716
3026,1,Fast,0.8197324275970459,955,423
3026,1,Fast,0.8165952563285828,978,480
3026,1,Fast,0.7931593060493469,957,1049
3026,1,Fast,0.7853256464004517,1006,456
3026,1,Fast,0.745735764503479,895,456
3026,1,Fast,0.7412235736846924,814,608
3027,1,Fast,0.8781260251998901,936,579
3027,1,Fast,0.8625332713127136,936,723
3027,1,Fast,0.8403961062431335,1065,658
3027,1,Fast,0.8258397579193115,976,477
3027,1,Fast,0.7593127489089966,954,420
3027,1,Fast,0.726103663444519,1005,453
3027,1,Fast,0.6842475533485413,896,461
3027,1,Fast,0.5864992737770081,815,612
3028,1,Fast,0.8706535696983337,939,586
3028,1,Fast,0.8607383370399475,939,730
3028,1,Fast,0.8297350406646729,1062,652
3028,1,Fast,0.8173288702964783,975,474
3028,1,Fast,0.8075754642486572,952,416
3028,1,Fast,0.7397188544273376,897,465
3028,1,Fast,0.708366870880127,1004,450
3028,1,Fast,0.513195812702179,817,615
3028,1,Fast,0.3863256275653839,969,1060
3029,1,Fast,0.8689162731170654,941,592
3029,1,Fast,0.8554484844207764,942,737
3029,1,Fast,0.8359430432319641,1058,646
3029,1,Fast,0.8173297047615051,951,414
3029,1,Fast,0.8141508102416992,973,470
3029,1,Fast,0.729526162147522,898,470
3029,1,Fast,0.5879858136177063,1002,446
3030,1,Fast,0.8741620779037476,944,599
3030,1,Fast,0.8609700798988342,945,745
3030,1,Fast,0.8231877088546753,899,474
3030,1,Fast,0.8198124766349792,950,410
3030,1,Fast,0.8047592043876648,970,467
3030,1,Fast,0.8035879731178284,1055,639
3030,1,Fast,0.6690808534622192,1000,442
3031,1,Fast,0.8632391095161438,947,753
3031,1,Fast,0.8538142442703247,947,605
3031,1,Fast,0.8419615030288696,900,478
3031,1,Fast,0.8365252017974854,1052,634
3031,1,Fast,0.832687258720398,970,463
3031,1,Fast,0.8172963261604309,949,407
3031,1,Fast,0.5902262330055237,819,627
3031,1,Fast,0.4904875159263611,999,439
3032,1,Fast,0.8601292967796326,968,459
3032,1,Fast,0.8595327138900757,950,612
3032,1,Fast,0.8591015934944153,950,760
3032,1,Fast,0.813220739364624,901,481
3032,1,Fast,0.8096328377723694,1048,629
3032,1,Fast,0.7452479600906372,949,405
3032,1,Fast,0.740975022315979,820,630
3032,1,Fast,0.5598071217536926,998,436
3033,1,Fast,0.8540580868721008,953,768
3033,1,Fast,0.8467787504196167,903,487
3033,1,Fast,0.844007670879364,967,456
3033,1,Fast,0.8242303729057312,948,401
3033,1,Fast,0.8182136416435242,953,618
3033,1,Fast,0.7991735339164734,821,634
3033,1,Fast,0.7866391539573669,1045,623
3033,1,Fast,0.46754446625709534,996,433
3034,1,Fast,0.8391532301902771,956,776
3034,1,Fast,0.8360253572463989,955,625
3034,1,Fast,0.8269443511962891,904,491
3034,1,Fast,0.8134405612945557,1042,617
3034,1,Fast,0.81343674659729,947,399
3034,1,Fast,0.8041914105415344,822,638
3034,1,Fast,0.7978787422180176,965,452
3035,1,Fast,0.853814959526062,958,631
3035,1,Fast,0.8464862704277039,959,785
3035,1,Fast,0.834162712097168,963,448
3035,1,Fast,0.7797137498855591,824,643
3035,1,Fast,0.7633437514305115,1039,611
3035,1,Fast,0.7564914226531982,906,495
3035,1,Fast,0.7520104646682739,945,395
3036,1,Fast,0.8569827079772949,961,638
3036,1,Fast,0.8479178547859192,962,794
3036,1,Fast,0.8422979712486267,963,444
3036,1,Fast,0.8041794896125793,907,498
3036,1,Fast,0.7967005372047424,824,647
3036,1,Fast,0.7946822047233582,1035,605
3036,1,Fast,0.6427222490310669,946,393
3036,1,Fast,0.3467825651168823,881,387
3037,1,Fast,0.8697371482849121,964,645
3037,1,Fast,0.8493908047676086,909,503
3037,1,Fast,0.8458992838859558,966,801
3037,1,Fast,0.8346968293190002,961,441
3037,1,Fast,0.7434085607528687,1033,599
3037,1,Fast,0.6869630217552185,944,390
3037,1,Fast,0.650523841381073,825,651
3037,1,Fast,0.5947292447090149,990,422
3037,1,Fast,0.45314839482307434,882,390
3038,1,Fast,0.8544995188713074,967,652
3038,1,Fast,0.8440291881561279,969,810
3038,1,Fast,0.8083795309066772,960,438
3038,1,Fast,0.7681083679199219,910,508
3038,1,Fast,0.71821528673172,945,387
3038,1,Fast,0.69111168384552,989,418
3038,1,Fast,0.6511954665184021,1030,594
3038,1,Fast,0.4318314790725708,882,393
3038,1,Fast,0.3234151601791382,857,442
3038,1,Fast,0.31466761231422424,826,655
3039,1,Fast,0.8650550842285156,970,660
3039,1,Fast,0.8580089807510376,973,819
3039,1,Fast,0.8259336948394775,912,512
3039,1,Fast,0.8193022608757019,1027,588
3039,1,Fast,0.8071240186691284,958,434
3039,1,Fast,0.7729898691177368,988,417
3039,1,Fast,0.7444314360618591,943,385
3039,1,Fast,0.5690286755561829,883,397
3039,1,Fast,0.5312735438346863,828,660
3039,1,Fast,0.36180001497268677,857,445
3040,1,Fast,0.8615804314613342,976,826
3040,1,Fast,0.8504665493965149,973,668
3040,1,Fast,0.8409563899040222,956,432
3040,1,Fast,0.7829484939575195,1025,582
3040,1,Fast,0.7783223390579224,987,414
3040,1,Fast,0.7535056471824646,943,382
3040,1,Fast,0.6757468581199646,913,518
3040,1,Fast,0.6059971451759338,884,401
3040,1,Fast,0.3553496301174164,829,664
3041,1,Fast,0.8709250092506409,977,676
3041,1,Fast,0.8619445562362671,980,835
3041,1,Fast,0.8381112217903137,954,428
3041,1,Fast,0.7997180223464966,1022,577
3041,1,Fast,0.7840291857719421,986,410
3041,1,Fast,0.7623791694641113,942,380
3041,1,Fast,0.7497121095657349,915,523
3041,1,Fast,0.7164028882980347,884,404
3042,1,Fast,0.8679772615432739,980,684
3042,1,Fast,0.8661732077598572,984,843
3042,1,Fast,0.8358957767486572,916,527
3042,1,Fast,0.8354178667068481,953,426
3042,1,Fast,0.8131740689277649,1019,573
3042,1,Fast,0.7880452871322632,941,378
3042,1,Fast,0.7693843245506287,985,408
3042,1,Fast,0.7686958312988281,885,407
3043,1,Fast,0.8864995241165161,988,853
3043,1,Fast,0.8712071776390076,984,693
3043,1,Fast,0.8261358141899109,952,423
3043,1,Fast,0.7790831327438354,918,533
3043,1,Fast,0.7682920694351196,886,410
3043,1,Fast,0.7587602734565735,1016,568
3043,1,Fast,0.6853591203689575,940,375
3043,1,Fast,0.6310291886329651,983,406
3044,1,Fast,0.8759093284606934,987,702
3044,1,Fast,0.8753988742828369,991,862
3044,1,Fast,0.799553632736206,951,420
3044,1,Fast,0.7906097173690796,887,414
3044,1,Fast,0.7394139766693115,938,372
3044,1,Fast,0.7278749346733093,1013,563
3044,1,Fast,0.6993037462234497,920,539
3044,1,Fast,0.5397334098815918,981,404
3044,1,Fast,0.5151592493057251,835,680
3045,1,Fast,0.8780815601348877,990,710
3045,1,Fast,0.8545542359352112,996,873
3045,1,Fast,0.8370741605758667,950,417
3045,1,Fast,0.8060731887817383,888,417
3045,1,Fast,0.8027510643005371,1011,557
3045,1,Fast,0.7645693421363831,937,371
3045,1,Fast,0.7326019406318665,921,543
3045,1,Fast,0.5972863435745239,981,402
3046,1,Fast,0.8630661964416504,999,883
3046,1,Fast,0.8598517775535583,994,719
3046,1,Fast,0.8326933979988098,949,413
3046,1,Fast,0.8132822513580322,888,420
3046,1,Fast,0.7708433270454407,937,368
3046,1,Fast,0.744461715221405,1008,553
3047,1,Fast,0.8629942536354065,998,728
3047,1,Fast,0.8589001297950745,1003,893
3047,1,Fast,0.844414234161377,948,410
3047,1,Fast,0.7708531022071838,937,364
3047,1,Fast,0.7600334286689758,889,423
3047,1,Fast,0.715689480304718,864,467
3047,1,Fast,0.6471092700958252,1005,547
3047,1,Fast,0.4568501114845276,978,395
3048,1,Fast,0.8702272772789001,1003,737
3048,1,Fast,0.845446765422821,890,427
3048,1,Fast,0.8392561674118042,1008,905
3048,1,Fast,0.8147038817405701,948,407
3048,1,Fast,0.7862746119499207,1003,542
3048,1,Fast,0.7626946568489075,937,362
3048,1,Fast,0.6242834329605103,864,470
3049,1,Fast,0.8667620420455933,1007,745
3049,1,Fast,0.8575233221054077,1012,915
3049,1,Fast,0.797285258769989,947,404
3049,1,Fast,0.7952439188957214,891,430
3049,1,Fast,0.7717486023902893,1001,537
3049,1,Fast,0.6654899716377258,842,702
3049,1,Fast,0.6193381547927856,936,360
3049,1,Fast,0.4402161240577698,976,388
3049,1,Fast,0.4244332015514374,865,473
3049,1,Fast,0.3012787103652954,780,476
3050,1,Fast,0.8689967393875122,1011,755
3050,1,Fast,0.8490003347396851,1016,924
3050,1,Fast,0.8308152556419373,998,533
3050,1,Fast,0.8190532922744751,892,434
3050,1,Fast,0.8130404949188232,946,402
3050,1,Fast,0.7959723472595215,843,708
3050,1,Fast,0.7608263492584229,936,357
3050,1,Fast,0.6965168118476868,931,572
3050,1,Fast,0.5950313210487366,865,476
3050,1,Fast,0.5774623155593872,975,386
3051,1,Fast,0.8761371970176697,1015,765
3051,1,Fast,0.8527753353118896,1020,936
3051,1,Fast,0.8368992805480957,997,528
3051,1,Fast,0.8305608630180359,892,437
3051,1,Fast,0.8047510981559753,944,399
3051,1,Fast,0.7926779389381409,935,355
3051,1,Fast,0.7815243005752563,844,713
3051,1,Fast,0.6675249338150024,933,577
3052,1,Fast,0.8842917084693909,1019,775
3052,1,Fast,0.8779085874557495,1025,946
3052,1,Fast,0.8513011336326599,894,441
3052,1,Fast,0.8371443748474121,846,718
3052,1,Fast,0.830387532711029,943,396
3052,1,Fast,0.829887866973877,995,523
3052,1,Fast,0.7983929514884949,935,353
3052,1,Fast,0.703940749168396,973,381
3052,1,Fast,0.42391538619995117,782,482
3052,1,Fast,0.3009401559829712,866,482
3053,1,Fast,0.8789368867874146,1029,956
3053,1,Fast,0.8634845018386841,1024,785
3053,1,Fast,0.8372414112091064,895,445
3053,1,Fast,0.8199456930160522,942,392
3053,1,Fast,0.8132480978965759,992,520
3053,1,Fast,0.7980491518974304,934,350
3053,1,Fast,0.7828601598739624,867,486
3053,1,Fast,0.7197284698486328,847,722
3053,1,Fast,0.6370916366577148,784,484
3053,1,Fast,0.6116647124290466,938,589
3053,1,Fast,0.5870676040649414,973,379
3054,1,Fast,0.8782504200935364,1034,968
3054,1,Fast,0.8778557777404785,1029,796
3054,1,Fast,0.8230956196784973,990,515
3054,1,Fast,0.8198332786560059,897,449
3054,1,Fast,0.791471540927887,934,348
3054,1,Fast,0.7723050117492676,941,390
3054,1,Fast,0.6394917964935303,972,377
3054,1,Fast,0.49829578399658203,867,489
3055,1,Fast,0.8838651776313782,1034,805
3055,1,Fast,0.8742735981941223,1040,980
3055,1,Fast,0.8363774418830872,940,388
3055,1,Fast,0.812091588973999,988,511
3055,1,Fast,0.7935255169868469,897,453
3055,1,Fast,0.7489186525344849,933,346
3055,1,Fast,0.42101940512657166,869,491
3055,1,Fast,0.3977510631084442,971,374
3055,1,Fast,0.3544815182685852,942,601
3056,1,Fast,0.886017382144928,1045,992
3056,1,Fast,0.87752765417099,1038,816
3056,1,Fast,0.8365973234176636,986,507
3056,1,Fast,0.8315534591674805,940,384
3056,1,Fast,0.7969930171966553,898,456
3056,1,Fast,0.6996076703071594,944,607
3056,1,Fast,0.6686800122261047,785,491
3056,1,Fast,0.6206391453742981,933,344
3056,1,Fast,0.47365888953208923,869,494
3056,1,Fast,0.44605782628059387,971,371
3057,1,Fast,0.8881587386131287,1051,1005
3057,1,Fast,0.8813568353652954,1043,827
3057,1,Fast,0.8398317098617554,984,503
3057,1,Fast,0.8224711418151855,940,380
3057,1,Fast,0.7895159125328064,900,460
3057,1,Fast,0.7079342603683472,871,498
3057,1,Fast,0.6178427934646606,932,342
3057,1,Fast,0.5638484954833984,784,492
3057,1,Fast,0.5040430426597595,948,614
3057,1,Fast,0.4555571675300598,969,369
3058,1,Fast,0.8876024484634399,1049,838
3058,1,Fast,0.8674550652503967,1057,1019
3058,1,Fast,0.842355489730835,982,498
3058,1,Fast,0.8335107564926147,901,464
3058,1,Fast,0.8251970410346985,939,378
3058,1,Fast,0.7805399298667908,951,621
3058,1,Fast,0.746641218662262,932,340
3058,1,Fast,0.6882753372192383,872,501
3058,1,Fast,0.6796826124191284,854,749
3058,1,Fast,0.37542423605918884,968,366
3058,1,Fast,0.34669962525367737,785,494
3059,1,Fast,0.8720951080322266,1054,849
3059,1,Fast,0.860832691192627,1062,1031
3059,1,Fast,0.8506778478622437,980,494
3059,1,Fast,0.8314343690872192,902,468
3059,1,Fast,0.8025195598602295,856,755
3059,1,Fast,0.7947258353233337,938,376
3059,1,Fast,0.7613750100135803,873,504
3059,1,Fast,0.7516207695007324,931,337
3059,1,Fast,0.7410720586776733,953,627
3059,1,Fast,0.601481556892395,785,497
3059,1,Fast,0.531295120716095,967,363
3060,1,Fast,0.8748728632926941,1061,861
3060,1,Fast,0.8511238098144531,857,760
3060,1,Fast,0.8510614633560181,904,473
3060,1,Fast,0.8503996133804321,955,634
3060,1,Fast,0.8448706865310669,979,490
3060,1,Fast,0.8296219706535339,1068,1041
3060,1,Fast,0.8090571761131287,937,374
3060,1,Fast,0.8041885495185852,874,507
3060,1,Fast,0.7457171678543091,931,334
3060,1,Fast,0.6785067319869995,786,500
3060,1,Fast,0.45134589076042175,967,361
3061,1,Fast,0.88541579246521,1066,873
3061,1,Fast,0.8418664932250977,905,477
3061,1,Fast,0.8392770886421204,978,486
3061,1,Fast,0.8225191831588745,937,371
3061,1,Fast,0.7826342582702637,1076,1047
3061,1,Fast,0.7467141151428223,875,511
3061,1,Fast,0.7373074889183044,930,333
3061,1,Fast,0.6815162897109985,787,502
3061,1,Fast,0.6740550994873047,860,764
3061,1,Fast,0.48331713676452637,958,640
3062,1,Fast,0.886400580406189,1071,885
3062,1,Fast,0.8528316617012024,907,482
3062,1,Fast,0.8279295563697815,935,369
3062,1,Fast,0.8110726475715637,976,482
3062,1,Fast,0.7207761406898499,961,649
3062,1,Fast,0.7160724401473999,875,514
3062,1,Fast,0.711051344871521,1085,1054
3062,1,Fast,0.6834314465522766,861,772
3062,1,Fast,0.6498714089393616,930,331
3062,1,Fast,0.6360154151916504,787,504
3063,1,Fast,0.8875507712364197,1078,898
3063,1,Fast,0.8590572476387024,908,486
3063,1,Fast,0.8310908675193787,934,367
3063,1,Fast,0.8054950833320618,974,479
3063,1,Fast,0.7212161421775818,877,518
3063,1,Fast,0.6498091220855713,964,655
3063,1,Fast,0.608895480632782,930,328
3063,1,Fast,0.5973982810974121,788,507
3063,1,Fast,0.5648855566978455,863,778
3064,1,Fast,0.8903791308403015,1084,911
3064,1,Fast,0.8433155417442322,910,491
3064,1,Fast,0.823088526725769,933,364
3064,1,Fast,0.8167497515678406,966,662
3064,1,Fast,0.7461065053939819,972,476
3064,1,Fast,0.6750286221504211,928,327
3064,1,Fast,0.6732155680656433,964,353
3064,1,Fast,0.6470260620117188,865,784
3064,1,Fast,0.49348562955856323,878,521
3064,1,Fast,0.4626077115535736,788,509
3064,1,Fast,0.33125799894332886,1095,1068
3065,1,Fast,0.8855219483375549,1091,923
3065,1,Fast,0.8357667326927185,911,495
3065,1,Fast,0.8046640157699585,867,790
3065,1,Fast,0.8043735027313232,970,472
3065,1,Fast,0.7904728055000305,933,361
3065,1,Fast,0.727243959903717,969,669
3065,1,Fast,0.7152919769287109,928,325
3065,1,Fast,0.651459276676178,789,512
3065,1,Fast,0.6132933497428894,879,525
3065,1,Fast,0.4715580940246582,963,351
3066,1,Fast,0.8866639733314514,1096,937
3066,1,Fast,0.8336213231086731,912,499
3066,1,Fast,0.8077176213264465,869,795
3066,1,Fast,0.8033016324043274,933,359
3066,1,Fast,0.7592048048973083,928,322
3066,1,Fast,0.7501400709152222,879,528
3066,1,Fast,0.7342371344566345,968,468
3066,1,Fast,0.6758022308349609,972,677
3066,1,Fast,0.6344261169433594,790,514
3067,1,Fast,0.8899922966957092,1104,951
3067,1,Fast,0.8341537714004517,914,504
3067,1,Fast,0.8299860954284668,932,356
3067,1,Fast,0.7920193672180176,880,532
3067,1,Fast,0.7813296318054199,870,801
3067,1,Fast,0.7808179259300232,967,465
3067,1,Fast,0.7556045651435852,927,321
3067,1,Fast,0.7038899064064026,790,517
3067,1,Fast,0.6212542057037354,975,686
3067,2,Slow,0.46749037504196167,1024,423
3067,1,Fast,0.35739731788635254,873,392
3068,1,Fast,0.8897790312767029,1110,965
3068,1,Fast,0.8292956352233887,916,508
3068,1,Fast,0.8133939504623413,979,694
3068,1,Fast,0.8061571717262268,931,353
3068,1,Fast,0.7704691886901855,964,461
3068,1,Fast,0.7668218612670898,872,807
3068,1,Fast,0.7420955300331116,881,535
3068,1,Fast,0.7233407497406006,928,318
3068,1,Fast,0.6710837483406067,790,519
3068,2,Slow,0.40417301654815674,1023,421
3068,1,Fast,0.35179758071899414,961,342
3069,1,Fast,0.8874008059501648,1118,980
3069,1,Fast,0.8464637994766235,917,513
3069,1,Fast,0.8244649767875671,982,702
3069,1,Fast,0.7968639135360718,932,351
3069,1,Fast,0.7716415524482727,963,457
3069,1,Fast,0.7411525845527649,875,811
3069,1,Fast,0.6870250105857849,927,317
3069,1,Fast,0.5205743908882141,882,539
3069,1,Fast,0.38270092010498047,960,340
3069,2,Slow,0.36956101655960083,1022,419
3070,1,Fast,0.8740881085395813,1126,996
3070,1,Fast,0.8335045576095581,919,517
3070,1,Fast,0.8046704530715942,985,710
3070,1,Fast,0.7742276787757874,931,348
3070,1,Fast,0.7732517719268799,962,453
3070,1,Fast,0.7047807574272156,884,544
3070,1,Fast,0.4236045181751251,959,338
3070,1,Fast,0.4171184301376343,927,315
3070,1,Fast,0.3635782301425934,877,818
3071,1,Fast,0.8818737268447876,1134,1012
3071,1,Fast,0.8698362112045288,920,522
3071,1,Fast,0.7988942265510559,989,719
3071,1,Fast,0.7918330430984497,960,450
3071,1,Fast,0.7131445407867432,930,346
3071,1,Fast,0.7010387778282166,885,547
3071,1,Fast,0.5313865542411804,927,312
3071,1,Fast,0.5309813618659973,879,825
3071,1,Fast,0.32226017117500305,959,336
3072,1,Fast,0.8781957030296326,1142,1027
3072,1,Fast,0.8739769458770752,922,528
3072,1,Fast,0.7924391627311707,958,446
3072,1,Fast,0.7915327548980713,886,551
3072,1,Fast,0.7900681495666504,993,727
3072,1,Fast,0.6693382263183594,926,310
3072,1,Fast,0.644234299659729,930,345
3072,1,Fast,0.5810465812683105,791,530
3072,1,Fast,0.5031256079673767,958,333
3072,1,Fast,0.39246439933776855,881,832
3073,1,Fast,0.8690418601036072,1150,1041
3073,1,Fast,0.8491711616516113,925,533
3073,1,Fast,0.8125162720680237,888,555
3073,1,Fast,0.8001305460929871,957,442
3073,1,Fast,0.7766145467758179,883,839
3073,1,Fast,0.7387570738792419,997,736
3073,1,Fast,0.722553014755249,928,342
3073,1,Fast,0.7193068265914917,926,309
3073,1,Fast,0.6008756160736084,958,332
3073,2,Slow,0.3909282982349396,1018,411
3073,1,Fast,0.36880987882614136,792,531
3074,1,Fast,0.838639497756958,926,538
3074,1,Fast,0.8281367421150208,885,845
3074,1,Fast,0.8157304525375366,888,559
3074,1,Fast,0.8099163174629211,956,439
3074,1,Fast,0.7723948955535889,927,339
3074,1,Fast,0.7427636981010437,926,307
3074,1,Fast,0.6788511276245117,1161,1049
3074,1,Fast,0.6701003909111023,1000,746
3074,1,Fast,0.6226435303688049,957,330
3074,1,Fast,0.5210523009300232,792,534
3074,2,Slow,0.4171968102455139,1017,410
3075,1,Fast,0.8513572812080383,928,544
3075,1,Fast,0.8381050229072571,887,852
3075,1,Fast,0.8221776485443115,890,562
3075,1,Fast,0.7913755178451538,927,337
3075,1,Fast,0.7680254578590393,955,437
3075,1,Fast,0.7552178502082825,926,305
3075,1,Fast,0.6849793791770935,956,328
3075,1,Fast,0.5567935705184937,1005,755
3075,1,Fast,0.42034536600112915,1174,1057
3075,2,Slow,0.35226380825042725,1017,408
3075,1,Fast,0.31515955924987793,791,535
3076,1,Fast,0.8464651107788086,889,858
3076,1,Fast,0.844297468662262,930,549
3076,1,Fast,0.8407458066940308,891,567
3076,1,Fast,0.8065483570098877,954,433
3076,1,Fast,0.8050055503845215,927,335
3076,1,Fast,0.7374529242515564,925,303
3076,1,Fast,0.7298504710197449,955,326
3076,1,Fast,0.5795530676841736,792,540
3076,1,Fast,0.5426133275032043,1009,765
3076,2,Slow,0.4401933550834656,1015,405
3076,1,Fast,0.34900158643722534,881,422
3076,1,Fast,0.3245888352394104,1192,1066
3077,1,Fast,0.8554151654243469,932,554
3077,1,Fast,0.8438977599143982,892,571
3077,1,Fast,0.8330714702606201,891,863
3077,1,Fast,0.8079103827476501,927,333
3077,1,Fast,0.7899776697158813,952,430
3077,1,Fast,0.7562329173088074,1013,775
3077,1,Fast,0.727950930595398,955,325
3077,1,Fast,0.6353267431259155,924,302
3077,2,Slow,0.4266577363014221,1014,404
3078,1,Fast,0.8544074296951294,934,560
3078,1,Fast,0.8344656825065613,895,871
3078,1,Fast,0.8261950612068176,1018,784
3078,1,Fast,0.8208170533180237,893,576
3078,1,Fast,0.8087719082832336,951,427
3078,1,Fast,0.7704269886016846,927,331
3078,1,Fast,0.766322672367096,954,324
3078,1,Fast,0.4415965974330902,923,300
3079,1,Fast,0.8668171167373657,936,565
3079,1,Fast,0.8292070627212524,894,579
3079,1,Fast,0.8242208361625671,897,878
3079,1,Fast,0.8180263042449951,1022,795
3079,1,Fast,0.7812014222145081,950,424
3079,1,Fast,0.7638300657272339,953,322
3079,1,Fast,0.7601238489151001,926,329
3079,1,Fast,0.4668368399143219,795,547
3079,1,Fast,0.3596658706665039,923,298
3080,1,Fast,0.8758196234703064,938,570
3080,1,Fast,0.834404468536377,895,583
3080,1,Fast,0.8019236922264099,900,886
3080,1,Fast,0.7898058295249939,926,327
3080,1,Fast,0.7891918420791626,1028,805
3080,1,Fast,0.7819559574127197,949,421
3080,1,Fast,0.730800449848175,952,320
3080,1,Fast,0.5607023239135742,923,297
3080,1,Fast,0.4083327353000641,796,550
3081,1,Fast,0.8545509576797485,940,576
3081,1,Fast,0.83394455909729,903,892
3081,1,Fast,0.8326340913772583,1032,815
3081,1,Fast,0.8198974132537842,897,588
3081,1,Fast,0.808999240398407,948,418
3081,1,Fast,0.778835654258728,926,324
3081,1,Fast,0.6642842888832092,953,318
3081,1,Fast,0.6437346339225769,922,295
3081,1,Fast,0.3887541890144348,797,553
3082,1,Fast,0.8649776577949524,942,582
3082,1,Fast,0.8486466407775879,907,899
3082,1,Fast,0.8317230939865112,898,592
3082,1,Fast,0.7952394485473633,925,323
3082,1,Fast,0.7938924431800842,946,415
3082,1,Fast,0.7819475531578064,1037,825
3082,1,Fast,0.6698595881462097,922,293
3082,1,Fast,0.652218222618103,952,316
3082,1,Fast,0.3791895806789398,799,556
3082,2,Slow,0.36953964829444885,1010,394
3082,2,Slow,0.34412482380867004,887,444
3083,1,Fast,0.8725280165672302,909,908
3083,1,Fast,0.8588693737983704,945,588
3083,1,Fast,0.8336442708969116,900,596
3083,1,Fast,0.7887769341468811,924,321
3083,1,Fast,0.7834543585777283,945,412
3083,1,Fast,0.6873376369476318,1042,836
3083,1,Fast,0.640368640422821,922,291
3083,1,Fast,0.5103515982627869,798,558
3083,1,Fast,0.4741881787776947,951,313
3083,1,Fast,0.42292025685310364,868,296
3084,1,Fast,0.8781859874725342,911,915
3084,1,Fast,0.8475033640861511,947,594
3084,1,Fast,0.8286863565444946,901,601
3084,1,Fast,0.8048439621925354,1047,848
3084,1,Fast,0.7554301619529724,923,319
3084,1,Fast,0.7529885768890381,889,450
3084,1,Fast,0.723303496837616,944,409
3084,1,Fast,0.7080174088478088,950,311
3084,1,Fast,0.637346088886261,921,290
3084,1,Fast,0.6120606064796448,801,560
3085,1,Fast,0.8716006278991699,950,601
3085,1,Fast,0.863241970539093,914,922
3085,1,Fast,0.8331096172332764,904,606
3085,1,Fast,0.7769156098365784,943,406
3085,1,Fast,0.7268476486206055,950,310
3085,1,Fast,0.6568506956100464,923,317
3085,1,Fast,0.6391115784645081,1052,859
3085,1,Fast,0.6252790093421936,890,454
3085,1,Fast,0.5945342183113098,921,288
3086,1,Fast,0.8654490113258362,952,606
3086,1,Fast,0.8452411890029907,918,930
3086,1,Fast,0.8392314910888672,906,610
3086,1,Fast,0.7883188128471375,891,458
3086,1,Fast,0.7605429887771606,950,308
3086,1,Fast,0.7403489351272583,942,403
3086,1,Fast,0.6207864284515381,923,315
3086,1,Fast,0.5565328001976013,1058,870
3086,1,Fast,0.45460548996925354,922,286
3086,2,Slow,0.34594041109085083,1006,384
3087,1,Fast,0.8557706475257874,954,613
3087,1,Fast,0.8532242178916931,921,937
3087,1,Fast,0.834391713142395,907,615
3087,1,Fast,0.7618481516838074,1064,884
3087,1,Fast,0.7547174692153931,949,306
3087,1,Fast,0.6824799180030823,922,313
3087,1,Fast,0.6807113885879517,941,400
3087,1,Fast,0.6452354192733765,892,462
3087,1,Fast,0.5092405080795288,804,571
3087,2,Slow,0.4668504595756531,1005,383
3087,1,Fast,0.3236042261123657,920,284
3088,1,Fast,0.8547383546829224,957,619
3088,1,Fast,0.8438867926597595,908,619
3088,1,Fast,0.8348151445388794,1070,896
3088,1,Fast,0.8281536102294922,893,465
3088,1,Fast,0.7591654062271118,939,396
3088,1,Fast,0.7530114650726318,949,304
3088,1,Fast,0.7525631785392761,922,311
3088,2,Slow,0.6206088066101074,1005,381
3088,1,Fast,0.608355700969696,805,574
3088,1,Fast,0.5174808502197266,923,947
3088,1,Fast,0.4440043568611145,921,282
3088,1,Fast,0.3239807188510895,866,277
3089,1,Fast,0.8656101226806641,1075,909
3089,1,Fast,0.842025101184845,960,625
3089,1,Fast,0.837997555732727,925,955
3089,1,Fast,0.8266546726226807,895,470
3089,1,Fast,0.8113307356834412,806,577
3089,1,Fast,0.7988603711128235,910,623
3089,1,Fast,0.7605615854263306,921,309
3089,1,Fast,0.7569864988327026,939,393
3089,1,Fast,0.7178053855895996,949,304
3089,2,Slow,0.5841653347015381,1003,380
3089,1,Fast,0.581010103225708,921,281
3089,1,Fast,0.4282756745815277,866,278
3090,1,Fast,0.8660175800323486,963,632
3090,1,Fast,0.8512037396430969,928,964
3090,1,Fast,0.8495979905128479,1082,922
3090,1,Fast,0.8057597279548645,807,579
3090,1,Fast,0.7985661029815674,912,628
3090,1,Fast,0.7666842341423035,922,307
3090,1,Fast,0.7368451952934265,937,391
3090,1,Fast,0.734764575958252,896,474
3090,1,Fast,0.6693983674049377,949,302
3090,1,Fast,0.6558519601821899,920,279
3090,2,Slow,0.6206687688827515,1003,379
3090,1,Fast,0.3499646782875061,869,309
3091,1,Fast,0.8681946396827698,933,972
3091,1,Fast,0.8618535995483398,966,638
3091,1,Fast,0.8404772281646729,1088,935
3091,1,Fast,0.8276582956314087,913,633
3091,1,Fast,0.7687775492668152,937,388
3091,1,Fast,0.7308303117752075,921,304
3091,1,Fast,0.7220579385757446,897,478
3091,1,Fast,0.644081711769104,920,277
3091,1,Fast,0.6413140296936035,806,582
3091,1,Fast,0.5005702972412109,869,310
3091,2,Slow,0.49067842960357666,1002,376
3091,1,Fast,0.36428359150886536,948,300
3092,1,Fast,0.8766566514968872,968,646
3092,1,Fast,0.8428286910057068,936,981
3092,1,Fast,0.8377794623374939,1095,948
3092,1,Fast,0.827233612537384,914,638
3092,1,Fast,0.8061656355857849,899,482
3092,1,Fast,0.7443639636039734,935,385
3092,1,Fast,0.6974781155586243,921,303
3092,1,Fast,0.6355763673782349,920,276
3092,1,Fast,0.6276307702064514,807,585
3092,1,Fast,0.46377766132354736,869,313
3092,2,Slow,0.4163214862346649,1002,374
3092,1,Fast,0.4161437749862671,948,297
3093,1,Fast,0.8550371527671814,1101,963
3093,1,Fast,0.8454574942588806,972,653
3093,1,Fast,0.8440892696380615,917,644
3093,1,Fast,0.8279088735580444,901,487
3093,1,Fast,0.8065260648727417,935,383
3093,1,Fast,0.7922966480255127,940,989
3093,1,Fast,0.6849517822265625,807,589
3093,1,Fast,0.5996353030204773,921,301
3093,1,Fast,0.5982792377471924,920,274
3093,1,Fast,0.4245885908603668,948,297
3093,2,Slow,0.41015201807022095,1001,372
3093,1,Fast,0.3422785997390747,869,315
3094,1,Fast,0.8463060259819031,975,660
3094,1,Fast,0.8435416221618652,943,999
3094,1,Fast,0.8191199898719788,902,492
3094,1,Fast,0.8167174458503723,919,649
3094,1,Fast,0.8002696633338928,934,379
3094,1,Fast,0.7504869103431702,1109,978
3094,1,Fast,0.6914458274841309,809,592
3094,1,Fast,0.5545095801353455,869,318
3094,1,Fast,0.48774442076683044,920,272
3094,1,Fast,0.43398943543434143,948,295
3094,1,Fast,0.32217204570770264,920,299
3095,1,Fast,0.8447808623313904,920,654
3095,1,Fast,0.8441603779792786,904,496
3095,1,Fast,0.8321844339370728,978,667
3095,1,Fast,0.812187135219574,946,1008
3095,1,Fast,0.7528099417686462,933,377
3095,1,Fast,0.6243590712547302,870,319
3095,1,Fast,0.5585564970970154,810,595
3095,1,Fast,0.5279346704483032,978,399
3095,1,Fast,0.41285234689712524,948,294
3095,1,Fast,0.3865336775779724,1116,993
3095,1,Fast,0.3861479163169861,919,297
3095,2,Slow,0.3685729503631592,1000,370
3095,1,Fast,0.3005051612854004,920,271
3096,1,Fast,0.8577737808227539,923,659
3096,1,Fast,0.8475996255874634,982,675
3096,1,Fast,0.82881760597229,905,500
3096,1,Fast,0.7851133346557617,950,1018
3096,1,Fast,0.7544372081756592,870,322
3096,1,Fast,0.7462238669395447,933,374
3096,1,Fast,0.7428256273269653,811,598
3096,1,Fast,0.5444508790969849,919,296
3096,2,Slow,0.4099917709827423,1000,369
3096,1,Fast,0.32953792810440063,1123,1008
3097,1,Fast,0.8360229134559631,925,664
3097,1,Fast,0.8309078216552734,811,602
3097,1,Fast,0.8168035745620728,932,372
3097,1,Fast,0.802359938621521,954,1028
3097,1,Fast,0.8012757301330566,984,682
3097,1,Fast,0.7646058201789856,907,504
3097,1,Fast,0.7589768767356873,870,324
3097,1,Fast,0.5874245166778564,919,294
3097,1,Fast,0.5176222920417786,1131,1024
3097,1,Fast,0.4557572603225708,948,290
3097,1,Fast,0.3480928838253021,920,267
3098,1,Fast,0.8180186748504639,927,670
3098,1,Fast,0.8023122549057007,989,691
3098,1,Fast,0.7895217537879944,812,605
3098,1,Fast,0.7724587917327881,931,369
3098,1,Fast,0.7141413688659668,870,326
3098,1,Fast,0.7009859681129456,909,509
3098,1,Fast,0.6847854852676392,1140,1040
3098,1,Fast,0.6035167574882507,919,292
3098,1,Fast,0.5625243186950684,948,289
3098,1,Fast,0.4522521495819092,920,266
3098,1,Fast,0.4184448719024658,957,1035
3099,1,Fast,0.8542006015777588,929,675
3099,1,Fast,0.8482149243354797,992,699
3099,1,Fast,0.7646225690841675,930,366
3099,1,Fast,0.761374294757843,960,1044
3099,1,Fast,0.717884361743927,870,328
3099,1,Fast,0.6843793988227844,911,515
3099,1,Fast,0.6786436438560486,919,291
3099,1,Fast,0.6174684762954712,813,608
3099,1,Fast,0.5377882122993469,947,287
3099,1,Fast,0.45806196331977844,1151,1048
3099,1,Fast,0.4364578425884247,919,264
3100,1,Fast,0.8570269346237183,931,680
3100,1,Fast,0.847573459148407,996,707
3100,1,Fast,0.8012211322784424,913,519
3100,1,Fast,0.7231292724609375,930,364
3100,1,Fast,0.6428809762001038,870,331
3100,1,Fast,0.6281753182411194,919,289
3100,1,Fast,0.5123337507247925,946,285
3100,1,Fast,0.3355255722999573,918,263
3101,1,Fast,0.8608151078224182,933,685
3101,1,Fast,0.8491408228874207,1000,715
3101,1,Fast,0.8244809508323669,915,524
3101,1,Fast,0.672438383102417,930,361
3101,1,Fast,0.6464044451713562,972,381
3101,1,Fast,0.5395483374595642,920,287
3101,1,Fast,0.4953981637954712,870,333
3101,1,Fast,0.47619199752807617,945,284
3101,1,Fast,0.3624727427959442,918,262
3102,1,Fast,0.8611167073249817,1004,724
3102,1,Fast,0.8531903028488159,934,692
3102,1,Fast,0.8350401520729065,917,529
3102,1,Fast,0.6662769317626953,929,359
3102,1,Fast,0.5469286441802979,972,379
3102,1,Fast,0.5014503002166748,945,282
3102,1,Fast,0.4315888583660126,870,335
3102,1,Fast,0.4137403964996338,918,260
3102,2,Slow,0.3648328185081482,971,1060
3102,1,Fast,0.34455886483192444,920,286
3103,1,Fast,0.8544774055480957,1007,734
3103,1,Fast,0.853473961353302,936,698
3103,1,Fast,0.8209707140922546,918,534
3103,1,Fast,0.7393918633460999,1321,1049
3103,1,Fast,0.7312726378440857,929,357
3103,1,Fast,0.7051580548286438,971,377
3103,1,Fast,0.37676239013671875,918,258
3103,1,Fast,0.31628355383872986,871,337
3104,1,Fast,0.8623018860816956,1011,742
3104,1,Fast,0.8597973585128784,939,704
3104,1,Fast,0.8534078001976013,1308,1040
3104,1,Fast,0.8244779706001282,920,539
3104,1,Fast,0.7003883719444275,928,354
3104,1,Fast,0.5296240448951721,970,375
3104,1,Fast,0.38667047023773193,819,626
3105,1,Fast,0.8732213377952576,1016,752
3105,1,Fast,0.8640370965003967,941,710
3105,1,Fast,0.8584324717521667,922,544
3105,1,Fast,0.7656481266021729,927,352
3105,1,Fast,0.761966347694397,1298,1025
3105,1,Fast,0.39934030175209045,969,372
3105,1,Fast,0.36471638083457947,871,342
3105,1,Fast,0.3142983615398407,820,631
3106,1,Fast,0.8636497855186462,1020,761
3106,1,Fast,0.8592197299003601,943,717
3106,1,Fast,0.8210633993148804,1288,1010
3106,1,Fast,0.7859023213386536,926,350
3106,1,Fast,0.7412370443344116,924,549
3106,1,Fast,0.5578523874282837,968,370
3106,1,Fast,0.43629974126815796,822,634
3106,1,Fast,0.34423792362213135,917,279
3107,1,Fast,0.8615562319755554,946,722
3107,1,Fast,0.85762619972229,1025,771
3107,1,Fast,0.8343914747238159,1279,997
3107,1,Fast,0.7339470982551575,926,348
3107,1,Fast,0.7219565510749817,927,555
3107,1,Fast,0.6268324851989746,967,368
3107,1,Fast,0.563409149646759,823,638
3107,1,Fast,0.33725449442863464,917,277
3107,1,Fast,0.32843706011772156,918,252
3108,1,Fast,0.8710417747497559,948,728
3108,1,Fast,0.8583871126174927,1029,780
3108,1,Fast,0.8576807975769043,1270,982
3108,1,Fast,0.7694274187088013,929,560
3108,1,Fast,0.6581695079803467,925,345
3108,1,Fast,0.6224010586738586,965,365
3108,1,Fast,0.5307849645614624,917,274
3108,1,Fast,0.4946567714214325,918,251
3108,1,Fast,0.4261109530925751,941,273
3108,1,Fast,0.38925424218177795,872,350
3108,1,Fast,0.309481680393219,824,642
3109,1,Fast,0.8726586103439331,950,734
3109,1,Fast,0.8714761137962341,1033,790
3109,1,Fast,0.8544344902038574,1263,970
3109,1,Fast,0.7179164290428162,931,565
3109,1,Fast,0.7103682160377502,925,343
3109,1,Fast,0.5604279041290283,965,363
3109,1,Fast,0.5416375398635864,872,352
3109,1,Fast,0.530403733253479,917,273
3109,1,Fast,0.5294791460037231,918,249
3109,1,Fast,0.3809606432914734,941,271
3110,1,Fast,0.8738380074501038,953,740
3110,1,Fast,0.8723583817481995,1254,956
3110,1,Fast,0.8706954121589661,1038,799
3110,1,Fast,0.8611031770706177,933,572
3110,1,Fast,0.736671507358551,924,341
3110,1,Fast,0.6896674036979675,872,354
3110,1,Fast,0.5622614622116089,917,272
3110,1,Fast,0.49441787600517273,918,248
3110,1,Fast,0.39578941464424133,964,361
3111,1,Fast,0.8736568093299866,956,747
3111,1,Fast,0.871843159198761,1042,810
3111,1,Fast,0.8621758222579956,935,577
3111,1,Fast,0.8479586243629456,1246,943
3111,1,Fast,0.7457240223884583,923,338
3111,1,Fast,0.7360950112342834,872,356
3111,1,Fast,0.561720609664917,917,247
3111,1,Fast,0.4244581162929535,917,270
3111,1,Fast,0.42015761137008667,963,357
3111,1,Fast,0.3395821452140808,941,268
3112,1,Fast,0.8795027732849121,1047,820
3112,1,Fast,0.8694179654121399,959,753
3112,1,Fast,0.831742525100708,938,582
3112,1,Fast,0.8114767670631409,1239,932
3112,1,Fast,0.7309738397598267,872,358
3112,1,Fast,0.6994436979293823,923,336
3112,1,Fast,0.6120121479034424,962,355
3112,1,Fast,0.3643827438354492,917,245
3113,1,Fast,0.8867242336273193,961,760
3113,1,Fast,0.8792391419410706,1052,831
3113,1,Fast,0.82132488489151,1231,920
3113,1,Fast,0.8195204734802246,940,589
3113,1,Fast,0.7578078508377075,873,361
3113,1,Fast,0.6805988550186157,922,334
3113,1,Fast,0.6052418351173401,961,353
3113,1,Fast,0.40594491362571716,941,267
3113,1,Fast,0.37024208903312683,917,244
3113,1,Fast,0.3028215765953064,917,268
3114,1,Fast,0.8794803023338318,1058,841
3114,1,Fast,0.8758924007415771,964,767
3114,1,Fast,0.8541969060897827,1223,908
3114,1,Fast,0.8337746262550354,943,595
3114,1,Fast,0.8069291710853577,874,364
3114,1,Fast,0.7323905229568481,921,332
3114,1,Fast,0.7069279551506042,961,351
3114,1,Fast,0.5561444163322449,941,265
3114,1,Fast,0.49133673310279846,830,666
3114,1,Fast,0.345251202583313,917,267
3115,1,Fast,0.8899252414703369,1063,853
3115,1,Fast,0.8669423460960388,966,775
3115,1,Fast,0.8603668808937073,1217,896
3115,1,Fast,0.8237015604972839,945,602
3115,1,Fast,0.8080388307571411,874,367
3115,1,Fast,0.6954163908958435,960,349
3115,1,Fast,0.6407228112220764,921,330
3115,1,Fast,0.36774468421936035,941,264
3116,1,Fast,0.8916878700256348,1069,865
3116,1,Fast,0.8682278394699097,970,783
3116,1,Fast,0.8388216495513916,875,369
3116,1,Fast,0.6985725164413452,1211,885
3116,1,Fast,0.6816673874855042,948,608
3116,1,Fast,0.6660557389259338,920,328
3116,1,Fast,0.599528431892395,958,347
3116,1,Fast,0.4734479784965515,940,263
3116,1,Fast,0.39548251032829285,916,264
3116,1,Fast,0.35543203353881836,833,674
3117,1,Fast,0.8862956762313843,1075,876
3117,1,Fast,0.868141233921051,972,791
3117,1,Fast,0.8329212665557861,876,372
3117,1,Fast,0.7867028713226318,1203,874
3117,1,Fast,0.7144685387611389,951,614
3117,1,Fast,0.672612726688385,920,325
3117,1,Fast,0.6042582392692566,958,344
3117,1,Fast,0.35142919421195984,940,262
3118,1,Fast,0.8956307768821716,1081,889
3118,1,Fast,0.8742353320121765,975,797
3118,1,Fast,0.8596559762954712,1196,863
3118,1,Fast,0.8323335647583008,876,374
3118,1,Fast,0.7530660629272461,954,619
3118,1,Fast,0.6810300350189209,919,323
3118,1,Fast,0.6790606379508972,957,342
3118,1,Fast,0.5552812218666077,836,681
3118,1,Fast,0.3733093738555908,940,261
3118,1,Fast,0.3439289629459381,916,260
3119,1,Fast,0.8895378708839417,1087,901
3119,1,Fast,0.8777425289154053,977,805
3119,1,Fast,0.8273724913597107,876,378
3119,1,Fast,0.8194419741630554,1190,852
3119,1,Fast,0.7586677670478821,956,340
3119,1,Fast,0.6662423610687256,957,625
3119,1,Fast,0.6605387926101685,919,321
3120,1,Fast,0.8931423425674438,1093,914
3120,1,Fast,0.8849067687988281,980,811
3120,1,Fast,0.8689602613449097,1184,844
3120,1,Fast,0.8420889377593994,959,634
3120,1,Fast,0.8386741280555725,877,380
3120,1,Fast,0.738768458366394,956,338
3120,1,Fast,0.5778950452804565,918,319
3120,1,Fast,0.3462081253528595,918,234
3120,1,Fast,0.3168184757232666,939,257
3121,1,Fast,0.9013474583625793,1099,927
3121,1,Fast,0.8892131447792053,983,819
3121,1,Fast,0.8265562653541565,877,382
3121,1,Fast,0.8087605237960815,1178,833
3121,1,Fast,0.7873250246047974,962,640
3121,1,Fast,0.6270807385444641,955,336
3121,1,Fast,0.6101127862930298,918,317
3121,1,Fast,0.490431547164917,918,233
3121,1,Fast,0.47870898246765137,940,254
3121,1,Fast,0.46323543787002563,916,256
3122,1,Fast,0.8966418504714966,1105,940
3122,1,Fast,0.8825287818908691,987,826
3122,1,Fast,0.8217329978942871,878,385
3122,1,Fast,0.7699618339538574,965,648
3122,1,Fast,0.7464615106582642,954,334
3122,1,Fast,0.6351950168609619,1171,822
3122,1,Fast,0.616112232208252,918,315
3122,1,Fast,0.4925198554992676,941,253
3122,1,Fast,0.4678877592086792,918,232
3122,1,Fast,0.3754461407661438,916,254
3122,1,Fast,0.34625759720802307,841,699
3123,1,Fast,0.8878194093704224,1112,954
3123,1,Fast,0.8849351406097412,991,833
3123,1,Fast,0.8191664218902588,878,389
3123,1,Fast,0.8182845711708069,1166,814
3123,1,Fast,0.8099436163902283,968,654
3123,1,Fast,0.742935299873352,954,332
3123,1,Fast,0.6154436469078064,918,313
3123,1,Fast,0.35865429043769836,941,253
3123,1,Fast,0.3477277457714081,918,231
3123,1,Fast,0.30020013451576233,850,406
3124,1,Fast,0.8899602890014648,993,841
3124,1,Fast,0.8819404244422913,1119,967
3124,1,Fast,0.8180543184280396,879,392
3124,1,Fast,0.8094181418418884,1160,804
3124,1,Fast,0.740696370601654,972,662
3124,1,Fast,0.7240979671478271,954,330
3124,1,Fast,0.6609819531440735,918,311
3124,1,Fast,0.40200552344322205,939,251
3124,1,Fast,0.3150475025177002,844,709
3125,1,Fast,0.8951138854026794,997,850
3125,1,Fast,0.8750385642051697,1127,982
3125,1,Fast,0.831443727016449,975,668
3125,1,Fast,0.8229261636734009,880,394
3125,1,Fast,0.7960745692253113,1155,795
3125,1,Fast,0.7682517170906067,953,328
3125,1,Fast,0.6651085019111633,918,310
3125,1,Fast,0.4836077094078064,939,249
3125,2,Slow,0.43377014994621277,979,324
3125,1,Fast,0.31412339210510254,850,410
3126,1,Fast,0.8965261578559875,1001,858
3126,1,Fast,0.8876996636390686,1134,998
3126,1,Fast,0.8359864950180054,979,676
3126,1,Fast,0.8313258290290833,1150,785
3126,1,Fast,0.8003978133201599,953,326
3126,1,Fast,0.7987453937530518,881,398
3126,1,Fast,0.6827914714813232,917,307
3126,2,Slow,0.5729180574417114,979,323
3126,1,Fast,0.4094253182411194,851,412
3126,1,Fast,0.3450044095516205,846,718
3126,1,Fast,0.3441465497016907,940,248
3127,1,Fast,0.8907670378684998,1005,866
3127,1,Fast,0.8764119148254395,1142,1013
3127,1,Fast,0.810909628868103,882,400
3127,1,Fast,0.7791684865951538,952,325
3127,1,Fast,0.7681725025177002,982,683
3127,1,Fast,0.6386601328849792,917,305
3127,1,Fast,0.6122901439666748,1145,778
3127,2,Slow,0.5100625157356262,979,322
3128,1,Fast,0.8889565467834473,1008,876
3128,1,Fast,0.8847358822822571,1149,1028
3128,1,Fast,0.8383650183677673,985,693
3128,1,Fast,0.8177593350410461,883,404
3128,1,Fast,0.7911033034324646,952,323
3128,1,Fast,0.6554895639419556,1138,767
3128,1,Fast,0.5629655122756958,917,304
3128,2,Slow,0.44196560978889465,979,321
3128,1,Fast,0.4183163046836853,1311,1044
3129,1,Fast,0.8917842507362366,1012,886
3129,1,Fast,0.8587554097175598,1158,1042
3129,1,Fast,0.8517586588859558,989,700
3129,1,Fast,0.8374208807945251,883,407
3129,1,Fast,0.695265531539917,1134,760
3129,1,Fast,0.6356857419013977,951,321
3129,1,Fast,0.49630436301231384,1301,1034
3129,1,Fast,0.49467968940734863,917,302
3129,2,Slow,0.3594507575035095,977,319
3130,1,Fast,0.8859483599662781,1015,895
3130,1,Fast,0.8322774171829224,884,410
3130,1,Fast,0.7984331250190735,992,708
3130,1,Fast,0.7802513837814331,1170,1049
3130,1,Fast,0.7164416313171387,1130,752
3130,1,Fast,0.6196515560150146,950,319
3130,1,Fast,0.38682496547698975,917,300
3131,1,Fast,0.8783474564552307,1019,905
3131,1,Fast,0.8273262977600098,885,413
3131,1,Fast,0.749159038066864,996,717
3131,1,Fast,0.7350603342056274,1124,743
3131,1,Fast,0.7051094770431519,950,317
3131,1,Fast,0.5118517279624939,916,298
3131,1,Fast,0.5059687495231628,1282,1001
3131,1,Fast,0.32608646154403687,854,743
3132,1,Fast,0.8814314603805542,1023,914
3132,1,Fast,0.8304246068000793,885,416
3132,1,Fast,0.8266948461532593,1000,726
3132,1,Fast,0.7555829286575317,1119,734
3132,1,Fast,0.6530106663703918,1273,987
3132,1,Fast,0.6077613830566406,915,296
3132,1,Fast,0.5995810627937317,949,315
3133,1,Fast,0.8827831745147705,1027,922
3133,1,Fast,0.830112636089325,886,420
3133,1,Fast,0.8198583722114563,1005,734
3133,1,Fast,0.6842957735061646,1114,727
3133,1,Fast,0.5828738808631897,1264,975
3133,1,Fast,0.5738580226898193,948,313
3133,1,Fast,0.5082054138183594,915,294
3133,1,Fast,0.5018656253814697,917,218
3133,1,Fast,0.41362622380256653,857,753
3134,1,Fast,0.8901258111000061,1030,930
3134,1,Fast,0.8345154523849487,1009,742
3134,1,Fast,0.8322451710700989,887,424
3134,1,Fast,0.8209322690963745,1256,960
3134,1,Fast,0.7694917321205139,1110,719
3134,1,Fast,0.742847740650177,858,759
3134,1,Fast,0.5614449381828308,947,311
3134,1,Fast,0.4974222183227539,915,292
3134,1,Fast,0.4973020851612091,917,217
3135,1,Fast,0.8906203508377075,1035,939
3135,1,Fast,0.8571493625640869,1014,752
3135,1,Fast,0.8099323511123657,888,427
3135,1,Fast,0.6805038452148438,947,309
3135,1,Fast,0.661550760269165,914,290
3135,1,Fast,0.5951672196388245,1248,947
3135,1,Fast,0.561439037322998,860,763
3135,1,Fast,0.5226333141326904,918,216
3135,1,Fast,0.4972856342792511,1105,711
3135,1,Fast,0.3586421012878418,917,235
3135,1,Fast,0.3091275990009308,939,237
3136,1,Fast,0.8949909806251526,1039,949
3136,1,Fast,0.8369131088256836,889,431
3136,1,Fast,0.8128286004066467,1018,762
3136,1,Fast,0.6731324791908264,915,289
3136,1,Fast,0.5261849164962769,1102,704
3136,1,Fast,0.4892222583293915,947,307
3136,1,Fast,0.47155070304870605,1240,935
3136,1,Fast,0.4380788803100586,916,235
3136,1,Fast,0.3962700664997101,919,215
3137,1,Fast,0.89432293176651,1043,959
3137,1,Fast,0.8411527872085571,890,434
3137,1,Fast,0.8225694298744202,1022,772
3137,1,Fast,0.7294354438781738,914,287
3137,1,Fast,0.7267578840255737,1097,696
3137,1,Fast,0.5062423944473267,916,233
3137,1,Fast,0.49296998977661133,857,442
3137,1,Fast,0.4390871822834015,863,777
3137,1,Fast,0.30031877756118774,947,306
3138,1,Fast,0.885042667388916,1048,969
3138,1,Fast,0.8590949177742004,891,438
3138,1,Fast,0.8316430449485779,1027,783
3138,1,Fast,0.7916590571403503,1093,689
3138,1,Fast,0.7630107402801514,914,285
3138,1,Fast,0.5738365650177002,947,305
3138,1,Fast,0.5313903093338013,917,231
3138,1,Fast,0.457463800907135,1225,910
3138,1,Fast,0.4028674066066742,857,445
3138,1,Fast,0.3329370617866516,875,387
3139,1,Fast,0.8942757844924927,1054,980
3139,1,Fast,0.8531125783920288,892,441
3139,1,Fast,0.8510584831237793,1032,793
3139,1,Fast,0.7359908819198608,914,284
3139,1,Fast,0.7210968732833862,946,303
3139,1,Fast,0.7141922116279602,1089,683
3139,1,Fast,0.38929781317710876,867,787
3139,1,Fast,0.3773544728755951,917,231
3140,1,Fast,0.8962975144386292,1058,991
3140,1,Fast,0.8622226119041443,1037,803
3140,1,Fast,0.8495979309082031,893,444
3140,1,Fast,0.7882546782493591,1085,676
3140,1,Fast,0.7419351935386658,913,282
3140,1,Fast,0.5425435304641724,869,793
3140,1,Fast,0.4723649322986603,946,301
3140,1,Fast,0.46817007660865784,917,229
3141,1,Fast,0.894733726978302,1063,1002
3141,1,Fast,0.840903103351593,894,448
3141,1,Fast,0.8362493515014648,1041,813
3141,1,Fast,0.7648249268531799,913,281
3141,1,Fast,0.6563472747802734,870,799
3141,1,Fast,0.5721648931503296,1080,669
3141,1,Fast,0.4872978925704956,917,228
3142,1,Fast,0.8914267420768738,1069,1014
3142,1,Fast,0.8540059924125671,1047,824
3142,1,Fast,0.8358464241027832,895,452
3142,1,Fast,0.7727271914482117,1077,661
3142,1,Fast,0.7310547828674316,914,279
3142,1,Fast,0.6659594178199768,872,804
3142,2,Slow,0.4340152144432068,877,399
3143,1,Fast,0.8884723782539368,1073,1025
3143,1,Fast,0.8485386967658997,1052,834
3143,1,Fast,0.8382431864738464,896,456
3143,1,Fast,0.6384855508804321,1074,655
3143,1,Fast,0.4120478928089142,874,808
3143,1,Fast,0.3639790713787079,914,277
3144,1,Fast,0.8733326196670532,1079,1035
3144,1,Fast,0.8426642417907715,897,459
3144,1,Fast,0.841306746006012,1057,845
3144,1,Fast,0.7409743070602417,1071,648
3144,2,Slow,0.44551730155944824,879,406
3144,1,Fast,0.4028041660785675,917,225
3144,1,Fast,0.3536313474178314,1185,844
3144,1,Fast,0.32714587450027466,913,275
3145,1,Fast,0.8627289533615112,1085,1041
3145,1,Fast,0.8501330614089966,898,463
3145,1,Fast,0.8461896777153015,1064,857
3145,1,Fast,0.7135337591171265,1068,642
3145,2,Slow,0.5471838712692261,881,409
3146,1,Fast,0.8513779044151306,1091,1047
3146,1,Fast,0.8483383655548096,900,467
3146,1,Fast,0.8465806245803833,1069,869
3146,1,Fast,0.666589617729187,1065,636
3146,1,Fast,0.5033287405967712,918,223
3146,2,Slow,0.48487192392349243,881,412
3146,2,Slow,0.4822778105735779,943,290
3146,1,Fast,0.3195585608482361,863,468
3146,2,Slow,0.316802978515625,971,297
3146,1,Fast,0.3156426250934601,921,205
3147,1,Fast,0.8464577794075012,1098,1053
3147,1,Fast,0.838677704334259,901,471
3147,1,Fast,0.7863538861274719,1076,881
3147,1,Fast,0.7227672338485718,1061,631
3147,1,Fast,0.5603043437004089,863,471
3147,2,Slow,0.5037936568260193,944,289
3147,1,Fast,0.4705999493598938,882,836
3147,2,Slow,0.45707041025161743,971,295
3147,1,Fast,0.3327089846134186,918,222
3147,1,Fast,0.31210213899612427,914,271
3148,1,Fast,0.8626279234886169,1081,893
3148,1,Fast,0.8437954783439636,902,474
3148,1,Fast,0.7975691556930542,1100,1060
3148,1,Fast,0.7424159049987793,884,841
3148,1,Fast,0.6624259352684021,864,475
3148,1,Fast,0.5689622759819031,943,287
3148,1,Fast,0.5452871322631836,1058,624
3148,2,Slow,0.4205789268016815,970,294
3149,1,Fast,0.8733657598495483,1088,906
3149,1,Fast,0.8610948920249939,903,478
3149,1,Fast,0.8157144784927368,886,848
3149,1,Fast,0.657997190952301,1155,796
3149,1,Fast,0.655367910861969,1107,1066
3149,1,Fast,0.5541856288909912,865,478
3149,2,Slow,0.5501141548156738,970,293
3149,1,Fast,0.47820645570755005,943,285
3149,1,Fast,0.40850186347961426,1054,619
3149,1,Fast,0.3020075559616089,913,268
3150,1,Fast,0.8769952058792114,1094,919
3150,1,Fast,0.8590539693832397,904,483
3150,1,Fast,0.8047246932983398,888,854
3150,2,Slow,0.6696364283561707,970,292
3150,1,Fast,0.47776687145233154,1051,612
3150,1,Fast,0.43917495012283325,943,284
3150,1,Fast,0.43903741240501404,866,480
3150,1,Fast,0.4231204390525818,1108,1072
3151,1,Fast,0.8591759204864502,890,859
3151,1,Fast,0.8585859537124634,905,486
3151,1,Fast,0.8321729302406311,1100,932
3151,2,Slow,0.6179157495498657,970,291
3151,1,Fast,0.5650200843811035,1047,606
3151,1,Fast,0.47929468750953674,867,483
3152,1,Fast,0.8631153702735901,1106,947
3152,1,Fast,0.8491528630256653,907,491
3152,1,Fast,0.6295088529586792,1044,601
3152,2,Slow,0.600051999092102,969,291
3152,1,Fast,0.49495089054107666,867,487
3152,1,Fast,0.4092528522014618,893,864
3153,1,Fast,0.8605603575706482,908,495
3153,1,Fast,0.8496326208114624,1114,960
3153,1,Fast,0.5535706877708435,895,873
3153,1,Fast,0.49362167716026306,869,491
3153,1,Fast,0.47564056515693665,1042,594
3153,1,Fast,0.37374410033226013,1134,761
3153,1,Fast,0.3260471522808075,913,262
3153,2,Slow,0.3233613073825836,969,289
3154,1,Fast,0.85466468334198,910,499
3154,1,Fast,0.7817173600196838,1040,590
3154,1,Fast,0.6652489304542542,1121,975
3154,1,Fast,0.5938864350318909,898,880
3154,2,Slow,0.45668095350265503,889,439
3154,1,Fast,0.35078465938568115,913,260
3155,1,Fast,0.8559937477111816,912,504
3155,1,Fast,0.7820330262184143,1037,584
3155,1,Fast,0.6152594089508057,1129,989
3155,1,Fast,0.46454811096191406,901,888
3155,1,Fast,0.46386033296585083,913,258
3156,1,Fast,0.865957498550415,913,509
3156,1,Fast,0.777353048324585,1137,1005
3156,1,Fast,0.7738595604896545,903,894
3156,1,Fast,0.42617231607437134,1035,578
3156,1,Fast,0.417144775390625,1119,736
3156,1,Fast,0.35123151540756226,872,500
3157,1,Fast,0.8577480912208557,914,513
3157,1,Fast,0.7602317929267883,1145,1020
3157,1,Fast,0.7453125715255737,907,902
3157,1,Fast,0.6604611277580261,874,504
3157,1,Fast,0.5932772159576416,1031,573
3157,1,Fast,0.3731960356235504,1380,1051
3158,1,Fast,0.8530000448226929,916,518
3158,1,Fast,0.8347234129905701,909,909
3158,1,Fast,0.650353193283081,1153,1037
3158,1,Fast,0.6107504963874817,874,508
3158,1,Fast,0.43847447633743286,1369,1038
3158,1,Fast,0.3972456157207489,914,254
3158,1,Fast,0.34083154797554016,852,419
3159,1,Fast,0.8555611968040466,912,916
3159,1,Fast,0.8454580903053284,918,523
3159,1,Fast,0.736290454864502,1164,1046
3159,1,Fast,0.5602442026138306,1357,1022
3159,1,Fast,0.4740844666957855,875,510
3159,1,Fast,0.35276880860328674,853,422
3160,1,Fast,0.8620333075523376,919,527
3160,1,Fast,0.5460975766181946,875,515
3160,1,Fast,0.3576860725879669,916,923
3161,1,Fast,0.8551293015480042,921,532
3161,1,Fast,0.7201938033103943,876,518
3161,1,Fast,0.4622284173965454,918,931
3161,1,Fast,0.3467208743095398,853,428
3161,1,Fast,0.34001293778419495,896,465
3162,1,Fast,0.857270359992981,922,537
3162,1,Fast,0.772718608379364,876,522
3162,1,Fast,0.6019020676612854,897,468
3162,1,Fast,0.49984264373779297,1328,981
3162,1,Fast,0.3640914559364319,921,939
3163,1,Fast,0.8753358721733093,924,542
3163,1,Fast,0.7696021199226379,877,525
3163,1,Fast,0.6077165603637695,1015,543
3163,1,Fast,0.5538997650146484,1319,967
3163,1,Fast,0.40230223536491394,925,948
3164,1,Fast,0.876097559928894,926,547
3164,1,Fast,0.8380830883979797,927,956
3164,1,Fast,0.8125136494636536,878,530
3164,1,Fast,0.4490509629249573,1013,538
3164,1,Fast,0.3745647966861725,1311,955
3164,0,VRU,0.3435227870941162,1328,659
3165,1,Fast,0.8665265440940857,928,552
3165,1,Fast,0.8343238234519958,929,965
3165,1,Fast,0.8091256022453308,879,534
3165,1,Fast,0.7231318950653076,1301,941
3166,1,Fast,0.8832127451896667,933,973
3166,1,Fast,0.8702123761177063,930,557
3166,1,Fast,0.8223928809165955,881,537
3166,1,Fast,0.3967285454273224,857,442
3166,0,VRU,0.3522261381149292,1329,659
3166,1,Fast,0.335232675075531,902,484
3166,1,Fast,0.3158639371395111,1293,929
3167,1,Fast,0.8832834362983704,932,562
3167,1,Fast,0.8613187670707703,937,981
3167,1,Fast,0.6605916023254395,883,541
3167,1,Fast,0.6351079940795898,858,445
3167,1,Fast,0.5340918898582458,1285,917
3168,1,Fast,0.8743402361869812,935,567
3168,1,Fast,0.7096675634384155,883,546
3168,1,Fast,0.661349892616272,858,447
3168,1,Fast,0.5983997583389282,904,493
3169,1,Fast,0.8829524517059326,936,573
3169,1,Fast,0.7611139416694641,885,549
3169,1,Fast,0.44601869583129883,857,450
3170,1,Fast,0.878351092338562,939,579
3170,1,Fast,0.7478634715080261,886,553
3170,1,Fast,0.4837658405303955,857,453
3171,1,Fast,0.8721814751625061,941,584
3171,1,Fast,0.7399817705154419,888,557
3172,1,Fast,0.8762799501419067,943,590
3172,1,Fast,0.7037449479103088,888,561
3172,1,Fast,0.5140863656997681,1246,862
3172,1,Fast,0.4722679853439331,911,510
3172,1,Fast,0.40782293677330017,859,460
3173,1,Fast,0.8361602425575256,945,596
3173,1,Fast,0.8017830848693848,889,565
3173,1,Fast,0.5862661004066467,1239,850
3173,1,Fast,0.45364758372306824,913,515
3173,1,Fast,0.36078348755836487,861,463
3174,1,Fast,0.8190427422523499,947,602
3174,1,Fast,0.5631616115570068,914,519
3174,1,Fast,0.5492595434188843,891,569
3174,1,Fast,0.5231170058250427,862,466
3174,1,Fast,0.4652080833911896,962,1043
3174,1,Fast,0.382530152797699,1233,841
3175,1,Fast,0.8659727573394775,950,608
3175,1,Fast,0.7259261012077332,891,573
3175,1,Fast,0.6717902421951294,1225,831
3175,1,Fast,0.4972401261329651,916,524
3175,2,Slow,0.35318154096603394,964,263
3175,1,Fast,0.3001087009906769,963,1047
3176,1,Fast,0.8668416738510132,953,614
3176,1,Fast,0.7988967895507812,892,578
3176,1,Fast,0.743097186088562,917,528
3176,1,Fast,0.5803855061531067,1219,820
3177,1,Fast,0.8764403462409973,955,621
3177,1,Fast,0.784398078918457,894,582
3177,1,Fast,0.6893652677536011,1213,810
3177,1,Fast,0.5520025491714478,919,534
3177,1,Fast,0.39372140169143677,986,481
3178,1,Fast,0.8759620189666748,957,627
3178,1,Fast,0.7633423209190369,896,587
3178,1,Fast,0.6825741529464722,921,538
3178,1,Fast,0.46705424785614014,984,477
3178,1,Fast,0.440067857503891,1206,801
3179,1,Fast,0.8688411116600037,960,633
3179,1,Fast,0.7077648043632507,897,591
3179,1,Fast,0.6729688048362732,922,544
3180,1,Fast,0.871218204498291,963,640
3180,1,Fast,0.6685866117477417,981,470
3180,1,Fast,0.6047616600990295,899,596
3180,1,Fast,0.4464339017868042,925,550
3181,1,Fast,0.8642303943634033,966,646
3181,1,Fast,0.7042495608329773,927,555
3181,1,Fast,0.6706683039665222,980,466
3181,1,Fast,0.33459070324897766,1188,773
3181,1,Fast,0.3313821256160736,901,601
3182,1,Fast,0.8617520332336426,969,653
3182,1,Fast,0.8207437992095947,929,560
3182,1,Fast,0.5159628987312317,902,606
3182,1,Fast,0.4875898063182831,1182,764
3182,1,Fast,0.4761395752429962,979,462
3183,1,Fast,0.8571534156799316,971,660
3183,1,Fast,0.7617870569229126,931,566
3183,1,Fast,0.7203108072280884,905,610
3183,1,Fast,0.35840174555778503,976,458
3184,1,Fast,0.8608505129814148,975,668
3184,1,Fast,0.7517352104187012,933,571
3184,1,Fast,0.681934654712677,906,614
3184,1,Fast,0.5182802081108093,975,455
3185,1,Fast,0.8653020262718201,978,675
3185,1,Fast,0.8210626244544983,934,575
3185,1,Fast,0.7475218772888184,907,619
3185,1,Fast,0.5609139204025269,1166,739
3185,1,Fast,0.5245383381843567,974,451
3186,1,Fast,0.8546895384788513,981,683
3186,1,Fast,0.8074483275413513,908,624
3186,1,Fast,0.7861726880073547,937,581
3186,1,Fast,0.7358250021934509,972,448
3187,1,Fast,0.852454662322998,984,690
3187,1,Fast,0.8189221024513245,939,587
3187,1,Fast,0.7946826219558716,910,628
3187,1,Fast,0.6442734003067017,970,443
3188,1,Fast,0.8646523356437683,988,698
3188,1,Fast,0.8196109533309937,912,634
3188,1,Fast,0.8021048307418823,968,439
3188,1,Fast,0.771358072757721,941,593
3189,1,Fast,0.8743712902069092,991,706
3189,1,Fast,0.8284278512001038,913,640
3189,1,Fast,0.7604981660842896,967,436
3189,1,Fast,0.6130841374397278,944,599
3190,1,Fast,0.8603764772415161,995,713
3190,1,Fast,0.8360981941223145,915,646
3190,1,Fast,0.7578170895576477,966,434
3190,1,Fast,0.684091329574585,946,605
3191,1,Fast,0.8615416884422302,998,722
3191,1,Fast,0.8150364756584167,917,651
3191,1,Fast,0.7245639562606812,949,611
3191,1,Fast,0.600934624671936,964,431
3192,1,Fast,0.8643339276313782,1002,730
3192,1,Fast,0.8491748571395874,919,656
3192,1,Fast,0.7973602414131165,952,618
3192,1,Fast,0.3301832377910614,962,428
3193,1,Fast,0.8674195408821106,1006,739
3193,1,Fast,0.8490124344825745,921,661
3193,1,Fast,0.802199125289917,954,624
3193,1,Fast,0.7451810836791992,961,424
3194,1,Fast,0.8609836101531982,1010,748
3194,1,Fast,0.7500088810920715,923,666
3194,1,Fast,0.7497985363006592,956,631
3194,1,Fast,0.6305943131446838,959,421
3195,1,Fast,0.8610532283782959,1014,758
3195,1,Fast,0.7534788250923157,958,636
3195,1,Fast,0.6905763745307922,925,672
3195,1,Fast,0.6482015252113342,959,418
3196,1,Fast,0.854084312915802,1018,766
3196,1,Fast,0.812150239944458,927,677
3196,1,Fast,0.7830508947372437,957,414
3196,1,Fast,0.5156051516532898,993,501
3196,1,Fast,0.3318021297454834,961,643
3197,1,Fast,0.8533857464790344,1022,776
3197,1,Fast,0.8259004354476929,930,682
3197,1,Fast,0.8143892288208008,956,410
3197,1,Fast,0.6072033643722534,991,496
3197,1,Fast,0.491681307554245,963,649
3198,1,Fast,0.8763708472251892,1027,786
3198,1,Fast,0.858823835849762,932,689
3198,1,Fast,0.8101303577423096,956,407
3198,1,Fast,0.6418315768241882,989,492
3198,1,Fast,0.3318405747413635,891,552
3199,1,Fast,0.8678328990936279,1032,794
3199,1,Fast,0.8505100607872009,933,694
3199,1,Fast,0.7683631777763367,955,404
3199,1,Fast,0.7117616534233093,987,488
3199,1,Fast,0.4239158630371094,890,555
3200,1,Fast,0.8681575655937195,1036,804
3200,1,Fast,0.8373258113861084,935,700
3200,1,Fast,0.7765868306159973,954,402
3200,1,Fast,0.5936603546142578,985,484
3201,1,Fast,0.8663721680641174,1041,814
3201,1,Fast,0.8410775661468506,938,706
3201,1,Fast,0.7980786561965942,952,399
3201,1,Fast,0.6546765565872192,984,479
3202,1,Fast,0.8651609420776367,1045,824
3202,1,Fast,0.8435039520263672,940,713
3202,1,Fast,0.7314956188201904,951,396
3202,1,Fast,0.665182888507843,983,475
3203,1,Fast,0.8628246188163757,1051,834
3203,1,Fast,0.8460197448730469,941,720
3203,1,Fast,0.768101155757904,980,472
3203,1,Fast,0.4481101632118225,982,693
3203,1,Fast,0.3741950988769531,897,574
3204,1,Fast,0.8639243841171265,1056,845
3204,1,Fast,0.8455311059951782,944,726
3204,1,Fast,0.7909727692604065,979,468
3204,1,Fast,0.5628500580787659,949,390
3204,1,Fast,0.5566170811653137,985,702
3205,1,Fast,0.8718581199645996,1061,856
3205,1,Fast,0.8603723645210266,947,732
3205,1,Fast,0.8062282204627991,977,465
3205,1,Fast,0.7009763717651367,949,387
3205,1,Fast,0.3830024302005768,899,583
3205,1,Fast,0.371259480714798,989,709
3206,1,Fast,0.8546788692474365,950,738
3206,1,Fast,0.8499354720115662,1067,868
3206,1,Fast,0.7862314581871033,975,461
3206,1,Fast,0.5530993342399597,948,384
3207,1,Fast,0.8556957840919495,1073,880
3207,1,Fast,0.8504843711853027,952,744
3207,1,Fast,0.7887165546417236,974,457
3207,1,Fast,0.754593551158905,947,382
3207,1,Fast,0.6506161689758301,996,725
3207,1,Fast,0.35272547602653503,901,592
3208,1,Fast,0.8544622659683228,955,752
3208,1,Fast,0.8531911969184875,1078,892
3208,1,Fast,0.7797231078147888,946,378
3208,1,Fast,0.7427046895027161,972,454
3208,1,Fast,0.5400148034095764,999,733
3209,1,Fast,0.8582728505134583,1084,904
3209,1,Fast,0.8485520482063293,958,759
3209,1,Fast,0.7628222107887268,946,376
3209,1,Fast,0.6424074769020081,971,450
3209,1,Fast,0.5458971261978149,1003,743
3210,1,Fast,0.8582416772842407,1090,916
3210,1,Fast,0.8370517492294312,961,767
3210,1,Fast,0.7451758980751038,945,374
3210,1,Fast,0.5461288094520569,969,446
3210,1,Fast,0.4847525954246521,1007,752
3211,1,Fast,0.8665212988853455,963,774
3211,1,Fast,0.8595839142799377,1097,928
3211,1,Fast,0.7950393557548523,967,443
3211,1,Fast,0.7144584655761719,944,372
3211,1,Fast,0.7098607420921326,1012,760
3212,1,Fast,0.8544740676879883,965,781
3212,1,Fast,0.8375293016433716,966,439
3212,1,Fast,0.8183157444000244,1104,941
3212,1,Fast,0.7262788414955139,943,369
3212,1,Fast,0.6763531565666199,1016,770
3213,1,Fast,0.8584195375442505,968,790
3213,1,Fast,0.813876748085022,1110,954
3213,1,Fast,0.7977644205093384,965,436
3213,1,Fast,0.7780153155326843,942,367
3213,1,Fast,0.7717185020446777,1020,778
3213,1,Fast,0.49274110794067383,913,620
3214,1,Fast,0.863304853439331,1117,967
3214,1,Fast,0.8598348498344421,971,796
3214,1,Fast,0.8067088723182678,964,433
3214,1,Fast,0.7610650658607483,941,364
3214,1,Fast,0.7325835824012756,1023,789
3215,1,Fast,0.8750051856040955,974,804
3215,1,Fast,0.8290523886680603,962,429
3215,1,Fast,0.685890257358551,941,361
3215,1,Fast,0.6446459889411926,1125,982
3215,1,Fast,0.5124593377113342,1028,799
3216,1,Fast,0.8704089522361755,977,811
3216,1,Fast,0.7988857626914978,961,426
3216,1,Fast,0.635374903678894,940,358
3216,1,Fast,0.6353629231452942,1034,809
3216,1,Fast,0.5144069790840149,1132,997
3217,1,Fast,0.8767198324203491,980,819
3217,1,Fast,0.7628276944160461,1038,819
3217,1,Fast,0.7286714315414429,939,356
3217,1,Fast,0.6122675538063049,960,423
3218,1,Fast,0.869747519493103,984,826
3218,1,Fast,0.7350540161132812,938,354
3218,1,Fast,0.6494501233100891,959,420
3218,1,Fast,0.569819450378418,1043,828
3218,1,Fast,0.39159971475601196,1147,1026
3219,1,Fast,0.8758141994476318,988,834
3219,1,Fast,0.7636964321136475,958,416
3219,1,Fast,0.7474031448364258,937,352
3219,1,Fast,0.7132057547569275,1048,839
3220,1,Fast,0.8709647059440613,991,843
3220,1,Fast,0.7720281481742859,957,413
3220,1,Fast,0.7485835552215576,937,349
3220,1,Fast,0.7160961031913757,1052,850
3221,1,Fast,0.8556222915649414,994,852
3221,1,Fast,0.8135255575180054,956,410
3221,1,Fast,0.7364922165870667,937,347
3221,1,Fast,0.4178540110588074,1058,862
3222,1,Fast,0.884861171245575,998,861
3222,1,Fast,0.82719486951828,954,407
3222,1,Fast,0.5787281394004822,936,345
3222,1,Fast,0.5589523315429688,1063,873
3222,1,Fast,0.3022422194480896,932,670
3223,1,Fast,0.8961047530174255,1001,869
3223,1,Fast,0.8023747205734253,953,404
3223,1,Fast,0.7364450097084045,936,342
3223,1,Fast,0.6642687916755676,933,675
3223,1,Fast,0.4751208424568176,1068,885
3224,1,Fast,0.8956082463264465,1004,879
3224,1,Fast,0.8269725441932678,952,401
3224,1,Fast,0.6904372572898865,1074,898
3224,1,Fast,0.581467866897583,935,340
3225,1,Fast,0.888626754283905,1008,889
3225,1,Fast,0.818985641002655,951,398
3225,1,Fast,0.6924904584884644,935,338
3225,1,Fast,0.6839874386787415,1080,909
3226,1,Fast,0.8951696753501892,1011,897
3226,1,Fast,0.7984760403633118,950,395
3226,1,Fast,0.6996223330497742,934,336
3226,1,Fast,0.6913252472877502,1085,923
3227,1,Fast,0.8872418403625488,1015,907
3227,1,Fast,0.842014491558075,1093,935
3227,1,Fast,0.7889249920845032,949,392
3227,1,Fast,0.7467039227485657,933,333
3228,1,Fast,0.8917257785797119,1019,917
3228,1,Fast,0.6471813321113586,1100,947
3228,1,Fast,0.6217831969261169,933,331
3228,1,Fast,0.5372976660728455,948,390
3228,1,Fast,0.4824574887752533,1301,941
3229,1,Fast,0.8940435647964478,1022,925
3229,1,Fast,0.7555702328681946,1106,962
3229,1,Fast,0.6688963174819946,947,387
3229,1,Fast,0.47470206022262573,932,328
3230,1,Fast,0.8967235684394836,1027,935
3230,1,Fast,0.7614085674285889,947,384
3230,1,Fast,0.5866835713386536,932,327
3230,1,Fast,0.5703145265579224,1112,975
3231,1,Fast,0.905308723449707,1031,944
3231,1,Fast,0.8250827193260193,946,381
3231,1,Fast,0.8043056726455688,931,325
3231,1,Fast,0.3517380654811859,952,727
3232,1,Fast,0.9009353518486023,1034,954
3232,1,Fast,0.822157621383667,946,378
3232,1,Fast,0.7802314162254333,932,323
3233,1,Fast,0.8994345664978027,1039,964
3233,1,Fast,0.7706947922706604,931,320
3233,1,Fast,0.753084659576416,945,376
3233,1,Fast,0.3507555425167084,1006,467
3234,1,Fast,0.9067375659942627,1044,975
3234,1,Fast,0.7324763536453247,944,373
3234,1,Fast,0.6901546120643616,931,319
3235,1,Fast,0.8914260268211365,1049,986
3235,1,Fast,0.8157970905303955,943,370
3235,1,Fast,0.8063433766365051,963,755
3235,1,Fast,0.6739528179168701,930,317
3236,1,Fast,0.902974545955658,1054,997
3236,1,Fast,0.816695511341095,941,368
3236,1,Fast,0.7444060444831848,965,760
3236,1,Fast,0.34979361295700073,930,315
3237,1,Fast,0.8972947001457214,1059,1009
3237,1,Fast,0.7915319204330444,940,365
3237,1,Fast,0.31512993574142456,929,313
3238,1,Fast,0.8849973678588867,1064,1020
3238,1,Fast,0.7485553622245789,939,363
3238,1,Fast,0.5099493265151978,929,311
3238,1,Fast,0.41294485330581665,1241,857
3239,1,Fast,0.8802244067192078,1069,1031
3239,1,Fast,0.7951377034187317,939,361
3239,1,Fast,0.6611438989639282,929,309
3240,1,Fast,0.8696101903915405,1074,1040
3240,1,Fast,0.7973996996879578,938,358
3240,1,Fast,0.458156943321228,930,306
3241,1,Fast,0.850018322467804,1079,1046
3241,1,Fast,0.828269898891449,938,355
3241,1,Fast,0.6030182838439941,929,304
3242,1,Fast,0.8259886503219604,937,352
3242,1,Fast,0.7461651563644409,1084,1052
3242,1,Fast,0.7209887504577637,928,303
3242,1,Fast,0.5147157311439514,984,808
3243,1,Fast,0.8187174201011658,937,350
3243,1,Fast,0.7602879405021667,988,816
3243,1,Fast,0.6675960421562195,1092,1057
3243,1,Fast,0.6440932750701904,928,301
3244,1,Fast,0.8163701891899109,936,348
3244,1,Fast,0.7906560301780701,991,825
3244,1,Fast,0.6854664087295532,1094,1064
3244,1,Fast,0.4659275412559509,927,299
3244,1,Fast,0.3846656382083893,796,484
3245,1,Fast,0.759813129901886,936,345
3245,1,Fast,0.5410882234573364,927,298
3245,1,Fast,0.5255635976791382,994,833
3245,1,Fast,0.4239228069782257,1099,1071
3246,1,Fast,0.7998111248016357,936,343
3246,1,Fast,0.7032991647720337,927,296
3246,1,Fast,0.37716689705848694,999,841
3247,1,Fast,0.8174939751625061,935,341
3247,1,Fast,0.6667082905769348,926,295
3247,1,Fast,0.3166228234767914,861,466
3248,1,Fast,0.7987786531448364,934,339
3248,1,Fast,0.733278751373291,1007,858
3248,1,Fast,0.70894455909729,926,293
3248,1,Fast,0.3939994275569916,862,470
3248,2,Slow,0.37861117720603943,982,413
3248,1,Fast,0.3697812557220459,797,492
3249,1,Fast,0.6859211325645447,926,291
3249,1,Fast,0.6801247000694275,934,337
3249,1,Fast,0.4831525683403015,863,473
3250,1,Fast,0.7450293302536011,933,335
3250,1,Fast,0.7093459963798523,926,289
3250,1,Fast,0.40996479988098145,863,476
3251,1,Fast,0.7750871777534485,933,332
3251,1,Fast,0.7160168290138245,926,287
3251,1,Fast,0.4307498633861542,864,479
3251,1,Fast,0.40024352073669434,799,499
3252,1,Fast,0.7024571299552917,932,330
3252,1,Fast,0.6658176779747009,865,483
3252,1,Fast,0.5180992484092712,926,286
3252,1,Fast,0.4829471707344055,799,501
3252,1,Fast,0.4054834246635437,1020,898
3253,1,Fast,0.7590545415878296,932,328
3253,1,Fast,0.5977534651756287,799,504
3253,1,Fast,0.5971153974533081,866,486
3253,1,Fast,0.5660049915313721,1024,907
3254,1,Fast,0.7650390267372131,932,326
3254,1,Fast,0.5369266271591187,1028,916
3254,1,Fast,0.47106045484542847,925,283
3254,1,Fast,0.3530026972293854,866,489
3254,1,Fast,0.33179935812950134,799,505
3255,1,Fast,0.8074624538421631,932,324
3255,1,Fast,0.7622644305229187,1033,927
3255,1,Fast,0.6259093880653381,924,281
3255,1,Fast,0.5271788835525513,1163,739
3256,1,Fast,0.8131526708602905,931,321
3256,1,Fast,0.680794894695282,924,279
3256,1,Fast,0.5807937383651733,1037,937
3257,1,Fast,0.7462131977081299,930,319
3257,1,Fast,0.5858001708984375,1042,947
3257,1,Fast,0.5761470198631287,923,278
3258,1,Fast,0.702092170715332,930,317
3258,1,Fast,0.6276004314422607,923,276
3258,1,Fast,0.43488314747810364,1046,958
3258,1,Fast,0.41286981105804443,802,515
3259,1,Fast,0.6591052412986755,930,316
3259,1,Fast,0.6448980569839478,924,274
3260,1,Fast,0.6233209371566772,924,272
3260,1,Fast,0.5421813130378723,929,314
3261,1,Fast,0.6122068762779236,929,311
3261,1,Fast,0.41191551089286804,1062,990
3261,1,Fast,0.40678277611732483,924,271
3262,1,Fast,0.6377649903297424,929,309
3262,1,Fast,0.43294864892959595,874,517
3262,1,Fast,0.4091991186141968,1066,1003
3263,1,Fast,0.7315714359283447,928,308
3263,1,Fast,0.4640229046344757,924,268
3263,1,Fast,0.41861289739608765,875,520
3263,1,Fast,0.39038413763046265,1071,1016
3264,1,Fast,0.6921404600143433,928,306
3264,1,Fast,0.5651299953460693,923,267
3264,1,Fast,0.4166167378425598,876,524
3265,1,Fast,0.7122470736503601,928,304
3265,1,Fast,0.6459664106369019,876,528
3265,1,Fast,0.6141512989997864,922,265
3265,1,Fast,0.508171796798706,1081,1041
3266,1,Fast,0.7300405502319336,927,302
3266,1,Fast,0.6783390641212463,878,533
3266,1,Fast,0.6169763803482056,922,263
3267,1,Fast,0.6075772047042847,879,536
3267,1,Fast,0.5526170134544373,922,262
3267,1,Fast,0.5515314936637878,927,300
3267,2,Slow,0.38546252250671387,962,357
3268,1,Fast,0.5961939096450806,926,298
3268,2,Slow,0.5108451843261719,962,354
3268,1,Fast,0.4872411787509918,922,260
3268,1,Fast,0.3926858901977539,881,541
3268,1,Fast,0.3287998139858246,1104,1061
3269,2,Slow,0.606969952583313,961,352
3269,1,Fast,0.5705375075340271,926,296
3269,1,Fast,0.4793706238269806,882,545
3269,1,Fast,0.3862225115299225,922,259
3270,1,Fast,0.7101770639419556,883,548
3270,1,Fast,0.6220834255218506,926,295
3270,2,Slow,0.5235564112663269,961,349
3271,1,Fast,0.6635891199111938,884,552
3271,1,Fast,0.6323861479759216,925,294
3271,2,Slow,0.4397529661655426,960,347
3272,1,Fast,0.733044445514679,885,556
3272,1,Fast,0.6596659421920776,925,292
3273,1,Fast,0.7798584699630737,886,561
3273,1,Fast,0.6283432841300964,925,290
3274,1,Fast,0.8243312835693359,888,565
3274,1,Fast,0.5111923813819885,925,288
3275,1,Fast,0.8427147269248962,889,570
3275,2,Slow,0.5686530470848083,957,338
3276,1,Fast,0.8602849841117859,890,574
3276,2,Slow,0.6843429207801819,957,335
3277,1,Fast,0.8499835729598999,892,578
3277,2,Slow,0.6311068534851074,956,333
3278,1,Fast,0.8542503118515015,893,583
3278,2,Slow,0.6409339904785156,956,331
3279,1,Fast,0.8154696822166443,894,588
3279,2,Slow,0.47537845373153687,956,328
3280,1,Fast,0.8317647576332092,896,592
3280,2,Slow,0.5728664994239807,956,327
3281,1,Fast,0.8208501935005188,898,598
3281,2,Slow,0.6889358162879944,955,326
3282,1,Fast,0.8148413896560669,899,604
3282,2,Slow,0.7506716847419739,954,323
3283,1,Fast,0.8172177672386169,901,608
3283,2,Slow,0.6847681999206543,953,320
3284,1,Fast,0.7805393934249878,902,613
3284,2,Slow,0.6259105205535889,952,319
3285,1,Fast,0.8029997944831848,904,617
3285,2,Slow,0.5353387594223022,952,317
3286,1,Fast,0.8379049301147461,905,623
3286,2,Slow,0.3860170841217041,951,315
3287,1,Fast,0.8391785025596619,907,628
3287,2,Slow,0.4249129593372345,951,313
3288,1,Fast,0.8493267297744751,908,634
3288,2,Slow,0.5973560810089111,952,311
3289,1,Fast,0.847499430179596,910,638
3289,2,Slow,0.623371958732605,951,308
3290,1,Fast,0.841221034526825,912,644
3290,2,Slow,0.5627374053001404,951,306
3291,1,Fast,0.8393269777297974,913,650
3291,2,Slow,0.4550429880619049,951,305
3291,1,Fast,0.3050699234008789,854,276
3292,1,Fast,0.84172123670578,916,655
3292,2,Slow,0.5119315981864929,950,303
3293,1,Fast,0.8433318138122559,918,662
3293,2,Slow,0.40830257534980774,950,300
3294,1,Fast,0.8542025089263916,919,667
3295,1,Fast,0.8561094403266907,921,673
3295,2,Slow,0.4130423963069916,949,296
3296,1,Fast,0.8490248918533325,923,678
3296,2,Slow,0.6059440970420837,949,295
3297,1,Fast,0.8454055786132812,925,684
3297,2,Slow,0.6385221481323242,949,292
3297,1,Fast,0.37948304414749146,826,631
3298,1,Fast,0.8412377834320068,926,691
3298,2,Slow,0.5831630229949951,949,290
3299,1,Fast,0.8387104868888855,929,696
3299,2,Slow,0.5606581568717957,949,289
3299,1,Fast,0.3039429187774658,921,248
3300,1,Fast,0.8284059166908264,931,703
3300,2,Slow,0.549809992313385,948,287
3301,1,Fast,0.8418084979057312,933,710
3301,2,Slow,0.5699138641357422,948,285
3302,1,Fast,0.8498092293739319,936,716
3302,2,Slow,0.4885738492012024,947,283
3303,1,Fast,0.8608867526054382,938,723
3304,1,Fast,0.8623155951499939,941,730
3304,2,Slow,0.35292917490005493,947,281
3305,1,Fast,0.8591362237930298,944,736
3305,2,Slow,0.323542058467865,946,278
3306,1,Fast,0.8590341806411743,947,743
3307,1,Fast,0.865197479724884,949,751
3308,1,Fast,0.8687949776649475,952,758
3308,1,Fast,0.3778100907802582,921,236
3309,1,Fast,0.8723227381706238,955,765
3309,1,Fast,0.3739113211631775,921,235
3310,1,Fast,0.8703908920288086,958,774
3310,1,Fast,0.4262308180332184,829,482
3311,1,Fast,0.857020914554596,961,782
3312,1,Fast,0.8656534552574158,964,790
3313,1,Fast,0.8664626479148865,967,797
3314,1,Fast,0.8758737444877625,970,805
3315,1,Fast,0.8837047219276428,973,813
3315,1,Fast,0.568997323513031,832,498
3316,1,Fast,0.8915116190910339,976,821
3317,1,Fast,0.8856220245361328,980,829
3318,1,Fast,0.8926404118537903,984,837
3319,1,Fast,0.8970138430595398,988,847
3320,1,Fast,0.9038215279579163,991,856
3321,1,Fast,0.8996270298957825,994,866
3321,1,Fast,0.5354741811752319,877,387
3321,1,Fast,0.46290239691734314,839,516
3322,1,Fast,0.889313817024231,998,876
3322,1,Fast,0.604537308216095,839,520
3323,1,Fast,0.8945814967155457,1002,885
3323,1,Fast,0.3114420771598816,878,392
3324,1,Fast,0.8888338208198547,1006,894
3325,1,Fast,0.888709306716919,1010,905
3325,1,Fast,0.328667014837265,880,398
3326,1,Fast,0.8932335376739502,1014,914
3326,1,Fast,0.5711350440979004,1322,1052
3327,1,Fast,0.8865750432014465,1018,924
3327,1,Fast,0.8738746643066406,1306,1044
3328,1,Fast,0.8950574398040771,1022,933
3328,1,Fast,0.8754026293754578,1297,1034
3328,1,Fast,0.4539799094200134,881,406
3329,1,Fast,0.9005893468856812,1027,944
3329,1,Fast,0.8922080397605896,1288,1020
3329,1,Fast,0.7794122099876404,1370,1035
3329,1,Fast,0.6025630235671997,882,409
3330,1,Fast,0.8921235203742981,1032,954
3330,1,Fast,0.8910437226295471,1280,1007
3330,1,Fast,0.589369535446167,883,413
3330,1,Fast,0.5418419241905212,1363,1024
3331,1,Fast,0.8891295194625854,1036,966
3331,1,Fast,0.8815086483955383,1272,994
3331,1,Fast,0.6259627342224121,1356,1014
3331,1,Fast,0.5063930749893188,884,415
3331,1,Fast,0.43382543325424194,875,798
3332,1,Fast,0.896871030330658,1041,977
3332,1,Fast,0.8721242547035217,1265,983
3332,1,Fast,0.658210277557373,1349,1002
3332,1,Fast,0.6350615620613098,885,418
3332,1,Fast,0.6026550531387329,877,803
3333,1,Fast,0.8917930722236633,1046,990
3333,1,Fast,0.8784770369529724,1256,970
3333,1,Fast,0.6847422122955322,1341,993
3333,1,Fast,0.6562380194664001,886,421
3334,1,Fast,0.8885785341262817,1052,1001
3334,1,Fast,0.878724217414856,1249,959
3334,1,Fast,0.5683844685554504,887,423
3334,1,Fast,0.36607834696769714,1334,983
3335,1,Fast,0.8923089504241943,1058,1013
3335,1,Fast,0.8605811595916748,1242,947
3335,1,Fast,0.643559455871582,1328,973
3335,1,Fast,0.47736597061157227,888,428
3336,1,Fast,0.8981809020042419,1063,1026
3336,1,Fast,0.8608165383338928,1234,936
3336,1,Fast,0.662759006023407,888,430
3336,1,Fast,0.3368048667907715,1321,963
3337,1,Fast,0.8899945616722107,1068,1036
3337,1,Fast,0.8741816878318787,1227,924
3338,1,Fast,0.8719304203987122,1073,1043
3338,1,Fast,0.8400174379348755,1221,914
3338,1,Fast,0.5858288407325745,891,438
3338,1,Fast,0.4442470967769623,866,367
3338,1,Fast,0.33272579312324524,791,504
3339,1,Fast,0.8569016456604004,1079,1049
3339,1,Fast,0.8506349325180054,1214,903
3339,1,Fast,0.7784454226493835,891,441
3339,1,Fast,0.6712176203727722,895,850
3339,1,Fast,0.45945364236831665,867,370
3340,1,Fast,0.8216363191604614,1208,892
3340,1,Fast,0.8212422132492065,1087,1056
3340,1,Fast,0.5634349584579468,896,858
3340,1,Fast,0.5104021430015564,892,444
3340,1,Fast,0.34254080057144165,792,508
3341,1,Fast,0.8715909719467163,1202,882
3341,1,Fast,0.6661732196807861,1094,1063
3341,1,Fast,0.6182317733764648,893,446
3341,1,Fast,0.5527641773223877,793,511
3342,1,Fast,0.8709555268287659,1195,871
3342,1,Fast,0.6602147221565247,894,450
3342,1,Fast,0.5392571687698364,1100,1069
3342,1,Fast,0.45238354802131653,862,462
3343,1,Fast,0.8669258952140808,1189,861
3343,1,Fast,0.642278254032135,895,453
3343,1,Fast,0.480653315782547,863,465
3344,1,Fast,0.8756411671638489,1185,852
3344,1,Fast,0.7908317446708679,896,456
3344,1,Fast,0.6494114398956299,870,382
3344,1,Fast,0.6447388529777527,863,468
3345,1,Fast,0.8656668066978455,1179,842
3345,1,Fast,0.8125630617141724,897,459
3345,1,Fast,0.7500908970832825,864,470
3345,1,Fast,0.4431833326816559,870,385
3346,1,Fast,0.8372150659561157,1173,834
3346,1,Fast,0.7681681513786316,899,462
3346,1,Fast,0.6686478853225708,865,474
3346,1,Fast,0.49072515964508057,871,388
3347,1,Fast,0.8344542384147644,1168,825
3347,1,Fast,0.7872633934020996,900,466
3347,1,Fast,0.7036954164505005,866,477
3347,1,Fast,0.6034876108169556,871,390
3347,1,Fast,0.31208840012550354,918,911
3348,1,Fast,0.8275734186172485,1162,815
3348,1,Fast,0.803759753704071,901,469
3348,1,Fast,0.6862942576408386,866,480
3348,1,Fast,0.5477943420410156,1249,860
3348,1,Fast,0.4095362424850464,872,393
3349,1,Fast,0.7953711152076721,902,473
3349,1,Fast,0.7685444355010986,872,396
3349,1,Fast,0.7678759098052979,1157,806
3349,1,Fast,0.7467427849769592,867,484
3349,1,Fast,0.46553391218185425,1244,853
3350,1,Fast,0.8243438601493835,902,476
3350,1,Fast,0.8233351707458496,1152,797
3350,1,Fast,0.816055178642273,873,399
3350,1,Fast,0.7645504474639893,868,487
3351,1,Fast,0.829222559928894,1147,788
3351,1,Fast,0.8039451241493225,904,479
3351,1,Fast,0.7209666967391968,869,490
3351,1,Fast,0.5282539129257202,873,401
3351,1,Fast,0.44364631175994873,1233,837
3351,1,Fast,0.31244662404060364,864,627
3352,1,Fast,0.8237674236297607,1142,781
3352,1,Fast,0.7773329019546509,905,484
3352,1,Fast,0.7503724098205566,1228,830
3352,1,Fast,0.7048875689506531,869,493
3352,1,Fast,0.46823543310165405,865,632
3352,2,Slow,0.3628964424133301,874,404
3353,1,Fast,0.8547907471656799,1137,773
3353,1,Fast,0.8226626515388489,938,962
3353,1,Fast,0.5730850696563721,1224,823
3353,1,Fast,0.5457718372344971,906,487
3353,1,Fast,0.47302839159965515,875,407
3353,1,Fast,0.39474400877952576,870,496
3354,1,Fast,0.8787826895713806,943,971
3354,1,Fast,0.8563141226768494,1132,764
3354,1,Fast,0.7336330413818359,908,492
3354,1,Fast,0.5520873665809631,876,410
3354,1,Fast,0.5192629098892212,1219,816
3354,1,Fast,0.5086175203323364,871,500
3355,1,Fast,0.839645266532898,1128,756
3355,1,Fast,0.8179351687431335,947,979
3355,1,Fast,0.7937901616096497,909,495
3355,1,Fast,0.7166239619255066,1214,808
3355,1,Fast,0.6779772639274597,872,503
3355,1,Fast,0.6298764944076538,877,413
3356,1,Fast,0.8150842189788818,1124,749
3356,1,Fast,0.8003444671630859,911,499
3356,1,Fast,0.6547653675079346,873,505
3356,1,Fast,0.6433178782463074,878,416
3356,1,Fast,0.6266564726829529,952,989
3356,1,Fast,0.40337488055229187,1209,801
3357,1,Fast,0.786530613899231,1120,741
3357,1,Fast,0.7815297842025757,912,502
3357,1,Fast,0.5866971015930176,874,508
3357,1,Fast,0.3620356619358063,878,419
3357,1,Fast,0.33426475524902344,1205,795
3358,1,Fast,0.746374785900116,913,506
3358,1,Fast,0.6812614798545837,879,422
3358,1,Fast,0.615432858467102,875,512
3358,1,Fast,0.45343250036239624,1115,734
3358,1,Fast,0.3749440312385559,1201,788
3359,1,Fast,0.7380074262619019,915,511
3359,1,Fast,0.6967723369598389,875,516
3359,1,Fast,0.6288671493530273,1111,726
3359,1,Fast,0.6198780536651611,880,425
3360,1,Fast,0.8275542855262756,1107,719
3360,1,Fast,0.8101521730422974,917,515
3360,1,Fast,0.7756164073944092,877,519
3360,1,Fast,0.7655748724937439,881,428
3360,1,Fast,0.5792256593704224,1192,773
3361,1,Fast,0.7825648188591003,881,431
3361,1,Fast,0.7551569938659668,918,519
3361,1,Fast,0.709379255771637,877,522
3361,1,Fast,0.6641696691513062,1102,712
3361,1,Fast,0.4563177525997162,1189,768
3362,1,Fast,0.7804174423217773,1184,761
3362,1,Fast,0.7566621899604797,1099,704
3362,1,Fast,0.7544951438903809,920,523
3362,1,Fast,0.7012357711791992,879,526
3362,1,Fast,0.3903362452983856,883,434
3362,2,Slow,0.3137139081954956,883,434
3363,1,Fast,0.8088310360908508,1179,755
3363,1,Fast,0.7911962866783142,880,530
3363,1,Fast,0.7378182411193848,921,528
3363,1,Fast,0.6370272636413574,1095,698
3363,2,Slow,0.3633626699447632,885,437
3364,1,Fast,0.8246158957481384,1175,748
3364,1,Fast,0.7967360615730286,881,534
3364,1,Fast,0.7643224000930786,1091,692
3364,1,Fast,0.5347031354904175,922,531
3364,1,Fast,0.4511052072048187,1181,680
3364,2,Slow,0.4151771664619446,886,440
3365,1,Fast,0.7693692445755005,1170,742
3365,1,Fast,0.7375301122665405,1086,684
3365,1,Fast,0.7054879069328308,882,538
3365,1,Fast,0.705295205116272,887,444
3365,1,Fast,0.6858401298522949,924,536
3365,1,Fast,0.63785320520401,1177,675
3366,1,Fast,0.8488165736198425,887,447
3366,1,Fast,0.8464099168777466,1167,736
3366,1,Fast,0.714445173740387,1083,678
3366,1,Fast,0.6719046831130981,883,542
3366,1,Fast,0.5128243565559387,1174,671
3366,1,Fast,0.4386959373950958,925,541
3367,1,Fast,0.8689099550247192,888,451
3367,1,Fast,0.7603012919425964,1080,672
3367,1,Fast,0.6954752206802368,884,546
3367,1,Fast,0.6567855477333069,1163,729
3367,1,Fast,0.525990903377533,927,545
3367,1,Fast,0.31685253977775574,1171,668
3368,1,Fast,0.8649179935455322,889,454
3368,1,Fast,0.7038773894309998,1168,664
3368,1,Fast,0.665753960609436,1160,724
3368,1,Fast,0.659436047077179,886,549
3368,1,Fast,0.626583456993103,1076,665
3369,1,Fast,0.8637098073959351,891,457
3369,1,Fast,0.811205267906189,1155,717
3369,1,Fast,0.7627082467079163,1164,659
3369,1,Fast,0.6343832015991211,1073,659
3369,1,Fast,0.5421664714813232,887,552
3369,1,Fast,0.4700694680213928,932,555
3370,1,Fast,0.8800963759422302,891,460
3370,1,Fast,0.7980602979660034,1151,711
3370,1,Fast,0.7099599242210388,889,557
3370,1,Fast,0.5291931629180908,1162,655
3371,1,Fast,0.8812696933746338,892,463
3371,1,Fast,0.759834349155426,890,560
3371,1,Fast,0.7293227314949036,1148,706
3371,1,Fast,0.6295482516288757,1067,647
3371,1,Fast,0.5017106533050537,1159,651
3372,1,Fast,0.8720740079879761,894,467
3372,1,Fast,0.8539543747901917,891,564
3372,1,Fast,0.6965968608856201,936,569
3372,1,Fast,0.5682098865509033,1065,640
3372,1,Fast,0.5075662136077881,1146,699
3372,1,Fast,0.3210446238517761,1156,646
3372,1,Fast,0.3083670735359192,785,453
3373,1,Fast,0.858317494392395,896,470
3373,1,Fast,0.8549631834030151,893,568
3373,1,Fast,0.7464324831962585,1061,635
3373,1,Fast,0.6487523317337036,1153,642
3373,1,Fast,0.630512535572052,938,574
3373,1,Fast,0.6112315058708191,1404,966
3373,1,Fast,0.39939865469932556,784,455
3373,1,Fast,0.3281191289424896,1143,694
3374,1,Fast,0.8628403544425964,897,474
3374,1,Fast,0.8608707785606384,894,572
3374,1,Fast,0.833612859249115,1398,959
3374,1,Fast,0.7664708495140076,1138,689
3374,1,Fast,0.7418466806411743,1058,629
3374,1,Fast,0.6149992942810059,1151,639
3375,1,Fast,0.8790459632873535,898,477
3375,1,Fast,0.8498595356941223,896,576
3375,1,Fast,0.8178002238273621,1393,952
3375,1,Fast,0.6646550893783569,899,750
3375,1,Fast,0.632893443107605,1134,685
3375,1,Fast,0.3432757258415222,1148,635
3376,1,Fast,0.8752418756484985,899,481
3376,1,Fast,0.8552201986312866,897,580
3376,1,Fast,0.828795850276947,1131,679
3376,1,Fast,0.7089406251907349,1145,632
3376,1,Fast,0.6522738337516785,901,756
3376,1,Fast,0.600667417049408,818,604
3376,1,Fast,0.397289901971817,1388,944
3377,1,Fast,0.8638254404067993,900,485
3377,1,Fast,0.852717399597168,898,585
3377,1,Fast,0.8083406686782837,1127,674
3377,1,Fast,0.747623860836029,903,761
3377,1,Fast,0.6767790913581848,1381,938
3377,1,Fast,0.590247631072998,1142,629
3377,2,Slow,0.4231744706630707,957,336
3378,1,Fast,0.8594880700111389,901,489
3378,1,Fast,0.8440483212471008,900,589
3378,1,Fast,0.8287858963012695,906,767
3378,1,Fast,0.7689208388328552,1375,931
3378,1,Fast,0.6550602316856384,1388,1045
3378,2,Slow,0.51404869556427,956,334
3378,1,Fast,0.4961725175380707,1124,668
3379,1,Fast,0.8766579031944275,902,493
3379,1,Fast,0.8423107266426086,901,593
3379,1,Fast,0.7885904908180237,1121,664
3379,1,Fast,0.7038071751594543,908,774
3379,1,Fast,0.660956084728241,1044,603
3379,2,Slow,0.4216127395629883,956,332
3379,1,Fast,0.41320183873176575,952,606
3379,1,Fast,0.4126797020435333,1369,924
3380,1,Fast,0.8798399567604065,904,497
3380,1,Fast,0.8391540050506592,903,598
3380,1,Fast,0.8217942118644714,909,780
3380,1,Fast,0.7262409329414368,1118,658
3380,2,Slow,0.4260212182998657,956,331
3380,1,Fast,0.34833356738090515,788,467
3381,1,Fast,0.872861385345459,905,502
3381,1,Fast,0.8074166178703308,904,603
3381,1,Fast,0.7470371723175049,912,787
3381,2,Slow,0.41108593344688416,955,330
3382,1,Fast,0.8802566528320312,906,505
3382,1,Fast,0.8317520022392273,914,793
3382,1,Fast,0.8096309900283813,906,607
3382,1,Fast,0.7283458113670349,1111,648
3382,1,Fast,0.7088140249252319,1358,1001
3382,2,Slow,0.5091758966445923,955,328
3382,1,Fast,0.37185853719711304,789,472
3383,1,Fast,0.8784509897232056,909,509
3383,1,Fast,0.8559182286262512,908,612
3383,1,Fast,0.786026120185852,916,800
3383,1,Fast,0.6934709548950195,1109,643
3383,2,Slow,0.5837366580963135,955,327
3383,1,Fast,0.5401654839515686,1350,991
3383,1,Fast,0.4070826768875122,1126,605
3384,1,Fast,0.8812664747238159,910,513
3384,1,Fast,0.8718663454055786,909,616
3384,1,Fast,0.7851483821868896,918,807
3384,1,Fast,0.6912491321563721,1124,602
3384,1,Fast,0.6585944294929504,1343,981
3384,1,Fast,0.5841354131698608,963,634
3384,1,Fast,0.5541658997535706,1106,638
3384,2,Slow,0.536334216594696,955,325
3385,1,Fast,0.8746715784072876,911,517
3385,1,Fast,0.8609244227409363,911,620
3385,1,Fast,0.8331324458122253,921,814
3385,1,Fast,0.8264873623847961,1103,633
3385,1,Fast,0.6625316739082336,1122,599
3385,2,Slow,0.5688855051994324,954,323
3385,1,Fast,0.5645270943641663,1029,572
3385,1,Fast,0.395550012588501,1336,971
3386,1,Fast,0.8863798975944519,913,522
3386,1,Fast,0.8542429208755493,912,625
3386,1,Fast,0.8205237984657288,923,821
3386,1,Fast,0.6318323612213135,1329,962
3386,1,Fast,0.5889444351196289,1100,628
3386,1,Fast,0.5653620362281799,1119,595
3386,2,Slow,0.45280247926712036,953,322
3387,1,Fast,0.8818458318710327,915,526
3387,1,Fast,0.8545612096786499,914,630
3387,1,Fast,0.7324565649032593,925,827
3387,2,Slow,0.3983077108860016,953,321
3387,1,Fast,0.3406298756599426,827,640
3388,1,Fast,0.8747199177742004,917,531
3388,1,Fast,0.8498241901397705,916,635
3388,1,Fast,0.815204918384552,928,835
3388,1,Fast,0.35191506147384644,1316,943
3388,1,Fast,0.31863710284233093,1114,588
3389,1,Fast,0.8816492557525635,918,535
3389,1,Fast,0.82864910364151,918,640
3389,1,Fast,0.7664069533348083,930,842
3389,1,Fast,0.457935094833374,1310,934
3389,2,Slow,0.3470264971256256,952,317
3389,1,Fast,0.3087092936038971,791,485
3390,1,Fast,0.8954980969429016,920,540
3390,1,Fast,0.8664658665657043,920,646
3390,1,Fast,0.6611118912696838,932,850
3390,1,Fast,0.6439317464828491,1110,581
3390,1,Fast,0.6361169815063477,1088,611
3390,2,Slow,0.3469608426094055,951,316
3391,1,Fast,0.8812780380249023,921,544
3391,1,Fast,0.8570783138275146,922,651
3391,1,Fast,0.6536563038825989,1086,606
3391,1,Fast,0.5264444947242737,1308,844
3391,1,Fast,0.5000402927398682,1016,544
3391,1,Fast,0.42301058769226074,935,858
3391,1,Fast,0.41093307733535767,1245,938
3391,1,Fast,0.33441048860549927,1108,578
3392,1,Fast,0.8834705948829651,923,548
3392,1,Fast,0.8644124865531921,924,656
3392,1,Fast,0.7008532881736755,1083,603
3392,1,Fast,0.5093744993209839,1014,539
3392,1,Fast,0.4273254871368408,1106,576
3392,1,Fast,0.4113466143608093,938,865
3392,1,Fast,0.3834933936595917,1237,926
3392,1,Fast,0.317278653383255,1303,839
3393,1,Fast,0.8922227621078491,926,554
3393,1,Fast,0.8573932647705078,926,661
3393,1,Fast,0.5640009045600891,986,693
3393,1,Fast,0.4935302138328552,1103,573
3393,1,Fast,0.42580997943878174,1080,598
3393,1,Fast,0.40590766072273254,940,871
3393,1,Fast,0.315701961517334,833,664
3394,1,Fast,0.8862113356590271,928,558
3394,1,Fast,0.8306284546852112,928,667
3394,1,Fast,0.8146960735321045,942,878
3394,1,Fast,0.7973399758338928,989,700
3394,1,Fast,0.5937323570251465,834,667
3394,1,Fast,0.5472380518913269,1101,571
3394,1,Fast,0.4861299693584442,1078,593
3394,1,Fast,0.36102214455604553,1225,906
3395,1,Fast,0.8860423564910889,930,562
3395,1,Fast,0.8557215929031372,930,673
3395,1,Fast,0.7624104022979736,992,707
3395,1,Fast,0.7598642706871033,944,885
3395,1,Fast,0.6898671984672546,834,670
3395,1,Fast,0.42873647809028625,1009,525
3395,1,Fast,0.3979406952857971,1099,566
3395,1,Fast,0.3396832346916199,793,496
3396,1,Fast,0.8899426460266113,932,567
3396,1,Fast,0.8741217255592346,932,677
3396,1,Fast,0.7384127378463745,793,499
3396,1,Fast,0.7370676398277283,948,895
3396,1,Fast,0.721889853477478,995,714
3396,1,Fast,0.6618131995201111,1072,585
3396,1,Fast,0.5360757112503052,1007,521
3396,1,Fast,0.4272122383117676,1097,562
3397,1,Fast,0.896139919757843,933,571
3397,1,Fast,0.8726193904876709,933,683
3397,1,Fast,0.8322614431381226,950,903
3397,1,Fast,0.7950971722602844,793,500
3397,1,Fast,0.7236717939376831,1071,580
3397,1,Fast,0.656877338886261,999,722
3397,1,Fast,0.5866476893424988,1094,559
3397,1,Fast,0.46096962690353394,1005,518
3398,1,Fast,0.8916428685188293,935,576
3398,1,Fast,0.8714877367019653,936,689
3398,1,Fast,0.8072090744972229,1068,577
3398,1,Fast,0.6854732632637024,1092,556
3398,1,Fast,0.6086379289627075,1003,514
3398,1,Fast,0.5616806745529175,954,912
3398,1,Fast,0.36127781867980957,1198,864
3398,1,Fast,0.3401098847389221,792,502
3399,1,Fast,0.886044979095459,937,582
3399,1,Fast,0.8716683983802795,938,694
3399,1,Fast,0.7351303696632385,1006,737
3399,1,Fast,0.7171492576599121,1089,554
3399,1,Fast,0.6823910474777222,957,921
3399,1,Fast,0.6060895919799805,1066,573
3399,1,Fast,0.3393252193927765,1193,854
3400,1,Fast,0.8876460790634155,939,587
3400,1,Fast,0.8730548620223999,940,700
3400,1,Fast,0.7004855871200562,960,929
3400,1,Fast,0.6102742552757263,1187,845
3400,1,Fast,0.5459493398666382,1010,745
3401,1,Fast,0.88460773229599,941,592
3401,1,Fast,0.8697613477706909,942,706
3401,1,Fast,0.8059487342834473,963,938
3401,1,Fast,0.5444782972335815,1013,753
3401,1,Fast,0.3919103741645813,1182,836
3402,1,Fast,0.8800365924835205,944,598
3402,1,Fast,0.8765157461166382,944,712
3402,1,Fast,0.7225369811058044,843,697
3402,1,Fast,0.405598521232605,1085,544
3402,1,Fast,0.39997321367263794,967,947
3402,1,Fast,0.3513578176498413,1175,827
3403,1,Fast,0.8895792961120605,946,603
3403,1,Fast,0.8707482814788818,947,719
3403,1,Fast,0.7841647863388062,1056,557
3403,1,Fast,0.6233463883399963,1020,770
3403,1,Fast,0.617922306060791,970,956
3403,1,Fast,0.4852414131164551,1083,541
3403,1,Fast,0.45198214054107666,996,494
3403,1,Fast,0.3577471971511841,844,702
3404,1,Fast,0.8936907052993774,949,609
3404,1,Fast,0.8734280467033386,950,724
3404,1,Fast,0.8175488710403442,1054,553
3404,1,Fast,0.7191159129142761,994,491
3404,1,Fast,0.5547689199447632,1081,539
3404,1,Fast,0.5229424238204956,1024,778
3404,1,Fast,0.5195120573043823,973,965
3404,1,Fast,0.4927791357040405,845,705
3404,1,Fast,0.30254870653152466,1165,810
3405,1,Fast,0.8860272169113159,952,614
3405,1,Fast,0.8691394329071045,952,731
3405,1,Fast,0.7560548186302185,1052,550
3405,1,Fast,0.7174182534217834,977,974
3405,1,Fast,0.685505747795105,993,487
3405,1,Fast,0.5348696708679199,1027,785
3405,1,Fast,0.4378814995288849,845,709
3406,1,Fast,0.8887067437171936,954,619
3406,1,Fast,0.8808164596557617,955,737
3406,1,Fast,0.7850301265716553,1030,794
3406,1,Fast,0.75409996509552,992,483
3406,1,Fast,0.6414175629615784,1051,546
3406,1,Fast,0.6158398389816284,1155,792
3406,1,Fast,0.36718419194221497,1076,533
3407,1,Fast,0.8980852961540222,956,625
3407,1,Fast,0.8784763813018799,958,744
3407,1,Fast,0.7776361107826233,1048,542
3407,1,Fast,0.7260515093803406,1034,804
3407,1,Fast,0.7225621938705444,990,480
3407,1,Fast,0.47027745842933655,1075,530
3408,1,Fast,0.8842743635177612,958,631
3408,1,Fast,0.8807173371315002,961,751
3408,1,Fast,0.841899037361145,1039,812
3408,1,Fast,0.7764625549316406,988,476
3408,1,Fast,0.6839701533317566,1046,538
3409,1,Fast,0.8878914713859558,961,637
3409,1,Fast,0.8855429291725159,964,757
3409,1,Fast,0.765659749507904,1043,823
3409,1,Fast,0.7445654273033142,987,472
3409,1,Fast,0.712089478969574,1044,535
3409,1,Fast,0.5025091171264648,1072,524
3409,1,Fast,0.3285909593105316,796,527
3410,1,Fast,0.8794922828674316,966,764
3410,1,Fast,0.8733465671539307,964,643
3410,1,Fast,0.8368743062019348,1042,531
3410,1,Fast,0.8195181488990784,1048,831
3410,1,Fast,0.8110800981521606,985,469
3410,1,Fast,0.5951808094978333,1071,521
3410,1,Fast,0.4038028120994568,796,529
3411,1,Fast,0.8777458071708679,969,770
3411,1,Fast,0.8699160814285278,966,649
3411,1,Fast,0.8361980319023132,1053,840
3411,1,Fast,0.8030679225921631,1040,528
3411,1,Fast,0.5431761145591736,999,1033
3411,1,Fast,0.5134716629981995,985,466
3411,1,Fast,0.4305494725704193,1069,519
3412,1,Fast,0.8802599310874939,971,777
3412,1,Fast,0.8664767146110535,969,655
3412,1,Fast,0.818573534488678,1039,524
3412,1,Fast,0.7144266963005066,1067,516
3412,1,Fast,0.6811127066612244,1058,851
3412,1,Fast,0.3731326162815094,854,742
3412,1,Fast,0.3347727060317993,1124,745
3412,1,Fast,0.328520804643631,798,532
3413,1,Fast,0.8815539479255676,974,785
3413,1,Fast,0.8754726052284241,972,662
3413,1,Fast,0.7493846416473389,1038,520
3413,1,Fast,0.7052848935127258,1063,861
3413,1,Fast,0.6697743535041809,855,747
3413,1,Fast,0.5836984515190125,1119,738
3413,1,Fast,0.45916613936424255,797,535
3413,1,Fast,0.37169918417930603,1185,757
3414,1,Fast,0.889445424079895,975,668
3414,1,Fast,0.8793701529502869,977,793
3414,1,Fast,0.8676570057868958,1067,871
3414,1,Fast,0.7467739582061768,1035,517
3414,1,Fast,0.6539556384086609,1064,510
3414,1,Fast,0.3972609341144562,1181,751
3414,1,Fast,0.34467506408691406,857,751
3415,1,Fast,0.8877543807029724,978,674
3415,1,Fast,0.8820248246192932,980,800
3415,1,Fast,0.8415569067001343,1071,882
3415,1,Fast,0.4577111601829529,1063,508
3415,1,Fast,0.43906980752944946,799,541
3416,1,Fast,0.8871372938156128,981,681
3416,1,Fast,0.8823652863502502,983,807
3416,1,Fast,0.8662081956863403,1076,892
3416,1,Fast,0.566938042640686,801,543
3416,1,Fast,0.5061742663383484,979,446
3416,1,Fast,0.49142736196517944,1173,738
3416,1,Fast,0.35561707615852356,1031,510
3417,1,Fast,0.8804702162742615,986,815
3417,1,Fast,0.8790631890296936,983,687
3417,1,Fast,0.8784427046775818,1081,904
3417,1,Fast,0.6565439105033875,978,443
3417,1,Fast,0.5506970286369324,1170,732
3417,1,Fast,0.5308364033699036,1059,503
3417,1,Fast,0.44084978103637695,1374,1027
3417,1,Fast,0.42478176951408386,1029,508
3417,1,Fast,0.34795913100242615,1325,1050
3418,1,Fast,0.8927834033966064,986,694
3418,1,Fast,0.8904412984848022,989,822
3418,1,Fast,0.8798961639404297,1086,914
3418,1,Fast,0.854763925075531,1311,1042
3418,1,Fast,0.7375463843345642,1026,504
3418,1,Fast,0.6942601799964905,977,441
3418,1,Fast,0.6887040138244629,1167,726
3418,1,Fast,0.6805013418197632,1368,1017
3418,1,Fast,0.5218121409416199,1057,500
3418,1,Fast,0.35602420568466187,1204,704
3419,1,Fast,0.895544171333313,990,700
3419,1,Fast,0.8825417757034302,993,830
3419,1,Fast,0.8748761415481567,1091,926
3419,1,Fast,0.8458117842674255,1302,1028
3419,1,Fast,0.7956879138946533,976,438
3419,1,Fast,0.7342770099639893,1362,1007
3419,1,Fast,0.634846031665802,1025,501
3419,1,Fast,0.5981439352035522,801,550
3419,1,Fast,0.416261225938797,1163,720
3420,1,Fast,0.8866125345230103,993,707
3420,1,Fast,0.8858944177627563,996,838
3420,1,Fast,0.8854225277900696,1096,936
3420,1,Fast,0.8188005089759827,1293,1015
3420,1,Fast,0.7550359964370728,1023,498
3420,1,Fast,0.7410182356834412,975,436
3420,1,Fast,0.6285820007324219,1355,998
3420,1,Fast,0.5730373859405518,801,553
3420,1,Fast,0.4488152265548706,1055,494
3421,1,Fast,0.890984058380127,1102,948
3421,1,Fast,0.8843379616737366,1000,846
3421,1,Fast,0.8775101900100708,997,714
3421,1,Fast,0.853761613368988,1285,1002
3421,1,Fast,0.7327121496200562,868,786
3421,1,Fast,0.7234035730361938,1022,494
3421,1,Fast,0.6966543197631836,975,432
3421,1,Fast,0.633492648601532,802,555
3421,1,Fast,0.4033903479576111,1348,988
3422,1,Fast,0.8955979347229004,1004,854
3422,1,Fast,0.890246570110321,1108,960
3422,1,Fast,0.8787955641746521,1000,721
3422,1,Fast,0.8254552483558655,1278,991
3422,1,Fast,0.6184669733047485,869,791
3422,1,Fast,0.49802064895629883,802,557
3422,1,Fast,0.40346404910087585,973,429
3422,1,Fast,0.39735591411590576,1021,491
3423,1,Fast,0.8964880108833313,1008,863
3423,1,Fast,0.8890829682350159,1003,729
3423,1,Fast,0.8241404294967651,1271,979
3423,1,Fast,0.8047979474067688,1115,971
3423,1,Fast,0.6367070078849792,1019,487
3423,1,Fast,0.5518718957901001,1336,969
3423,1,Fast,0.4969255328178406,870,796
3423,1,Fast,0.4027746915817261,803,560
3423,1,Fast,0.3748064637184143,1146,697
3424,1,Fast,0.892698347568512,1011,872
3424,1,Fast,0.8861122131347656,1007,736
3424,1,Fast,0.8537918329238892,1122,984
3424,1,Fast,0.8394016027450562,1262,967
3424,1,Fast,0.7096688151359558,871,801
3424,1,Fast,0.639991044998169,1017,484
3424,1,Fast,0.604548990726471,1143,693
3424,1,Fast,0.4642089307308197,1077,663
3424,1,Fast,0.41735589504241943,1329,960
3424,1,Fast,0.3338378965854645,1050,484
3425,1,Fast,0.8975049257278442,1014,881
3425,1,Fast,0.8769896030426025,1011,743
3425,1,Fast,0.8715894222259521,1127,998
3425,1,Fast,0.8161183595657349,1255,955
3425,1,Fast,0.7748092412948608,873,806
3425,1,Fast,0.7026623487472534,1016,481
3425,1,Fast,0.6398916840553284,1073,657
3425,1,Fast,0.4698706269264221,1048,481
3425,1,Fast,0.38654497265815735,1139,688
3425,1,Fast,0.32761305570602417,970,421
3426,1,Fast,0.8890372514724731,1018,890
3426,1,Fast,0.8794344067573547,1015,752
3426,1,Fast,0.8788795471191406,1135,1012
3426,1,Fast,0.8137474060058594,1249,944
3426,1,Fast,0.7695287466049194,1015,478
3426,1,Fast,0.6169236302375793,1047,479
3426,1,Fast,0.5771515965461731,875,812
3426,1,Fast,0.5270645618438721,1136,682
3426,1,Fast,0.3782675266265869,1070,651
3427,1,Fast,0.8932225108146667,1019,759
3427,1,Fast,0.8826977610588074,1022,899
3427,1,Fast,0.8753100037574768,1141,1025
3427,1,Fast,0.6851773262023926,1241,934
3427,1,Fast,0.5498308539390564,1132,678
3427,1,Fast,0.4852147400379181,1066,645
3427,1,Fast,0.4713306427001953,1013,476
3427,1,Fast,0.3018304705619812,1046,477
3428,1,Fast,0.8951480388641357,1025,909
3428,1,Fast,0.8909890055656433,1022,768
3428,1,Fast,0.8009545803070068,1148,1039
3428,1,Fast,0.7606419920921326,1235,924
3428,1,Fast,0.5736730098724365,1011,472
3428,1,Fast,0.5039271116256714,966,411
3428,1,Fast,0.40794408321380615,876,328
3429,1,Fast,0.8900595307350159,1029,918
3429,1,Fast,0.8859766721725464,1026,777
3429,1,Fast,0.7866823673248291,966,409
3429,1,Fast,0.6193075776100159,1228,913
3429,1,Fast,0.5452092289924622,1010,470
3429,1,Fast,0.46163511276245117,1156,1046
3430,1,Fast,0.8991822600364685,1033,926
3430,1,Fast,0.8798092603683472,1031,785
3430,1,Fast,0.7158608436584473,1221,902
3430,1,Fast,0.6262452006340027,1008,467
3430,1,Fast,0.48587340116500854,966,407
3430,1,Fast,0.39793723821640015,1499,1063
3430,1,Fast,0.31850531697273254,1042,470
3431,1,Fast,0.8998375535011292,1037,935
3431,1,Fast,0.893422544002533,1034,793
3431,1,Fast,0.7480029463768005,1488,1058
3431,1,Fast,0.736850380897522,1215,892
3431,1,Fast,0.6476724147796631,1007,464
3431,1,Fast,0.5235702395439148,965,405
3431,1,Fast,0.5032114386558533,1169,1060
3431,1,Fast,0.45473718643188477,809,583
3432,1,Fast,0.9069885015487671,1042,945
3432,1,Fast,0.8747655749320984,1039,803
3432,1,Fast,0.8125160932540894,1006,461
3432,1,Fast,0.7561917901039124,1480,1052
3432,1,Fast,0.7442092895507812,1209,883
3432,1,Fast,0.6143521666526794,1040,466
3432,1,Fast,0.47630324959754944,964,402
3432,1,Fast,0.45157289505004883,887,845
3432,2,Slow,0.3756742775440216,1183,1067
3432,1,Fast,0.32970482110977173,1117,651
3433,1,Fast,0.8969873785972595,1046,955
3433,1,Fast,0.8674468398094177,1043,811
3433,1,Fast,0.8630216717720032,1470,1047
3433,1,Fast,0.7751164436340332,1005,458
3433,1,Fast,0.7457981705665588,1038,463
3433,1,Fast,0.6746842265129089,1114,647
3433,1,Fast,0.661360502243042,962,399
3433,1,Fast,0.6237433552742004,1202,873
3434,1,Fast,0.8958115577697754,1051,965
3434,1,Fast,0.8578970432281494,1047,820
3434,1,Fast,0.8160179853439331,1462,1039
3434,1,Fast,0.7073547840118408,1196,863
3434,1,Fast,0.6284129619598389,1046,606
3434,1,Fast,0.5721452832221985,961,396
3434,1,Fast,0.4883498549461365,1003,455
3434,1,Fast,0.4435387849807739,878,344
3434,1,Fast,0.3756650686264038,1273,880
3435,1,Fast,0.897263765335083,1056,976
3435,1,Fast,0.8809955716133118,1455,1029
3435,1,Fast,0.8608781695365906,1051,829
3435,1,Fast,0.7116348743438721,1043,601
3435,1,Fast,0.6758469343185425,1191,854
3435,1,Fast,0.5770276784896851,1108,637
3435,1,Fast,0.4843567907810211,1002,452
3435,1,Fast,0.42924878001213074,1158,634
3436,1,Fast,0.8944895267486572,1061,987
3436,1,Fast,0.8461178541183472,1448,1021
3436,1,Fast,0.8362904787063599,1057,839
3436,1,Fast,0.6196569800376892,1185,845
3436,1,Fast,0.5820270776748657,1041,595
3436,1,Fast,0.5239953398704529,1001,449
3436,1,Fast,0.4995201528072357,1106,632
3437,1,Fast,0.8939794898033142,1066,998
3437,1,Fast,0.8695679306983948,1441,1013
3437,1,Fast,0.8623912930488586,1060,848
3437,1,Fast,0.7927915453910828,814,601
3437,1,Fast,0.5969444513320923,999,446
3437,1,Fast,0.5345907211303711,1179,836
3437,1,Fast,0.30292102694511414,1038,591
3438,1,Fast,0.8995962142944336,1071,1010
3438,1,Fast,0.866009533405304,1066,858
3438,1,Fast,0.8649051785469055,1434,1004
3438,1,Fast,0.6836822628974915,997,444
3438,1,Fast,0.5770862698554993,816,604
3438,1,Fast,0.5639359354972839,1099,623
3438,1,Fast,0.47536104917526245,1174,827
3439,1,Fast,0.8882031440734863,1075,1021
3439,1,Fast,0.8262572288513184,1072,868
3439,1,Fast,0.760381817817688,996,441
3439,1,Fast,0.6344420313835144,1427,995
3439,1,Fast,0.4976861774921417,1169,819
3439,1,Fast,0.4824608266353607,1096,618
3439,1,Fast,0.422323614358902,817,607
3439,1,Fast,0.36391109228134155,958,382
3440,1,Fast,0.879963755607605,1076,878
3440,1,Fast,0.8790301084518433,1080,1032
3440,1,Fast,0.8343517780303955,1421,986
3440,1,Fast,0.8137447834014893,957,379
3440,1,Fast,0.7323877215385437,995,439
3440,1,Fast,0.47104179859161377,1164,811
3441,1,Fast,0.8757175803184509,1082,888
3441,1,Fast,0.8743042945861816,1085,1040
3441,1,Fast,0.7952919006347656,1415,978
3441,1,Fast,0.7891198992729187,956,377
3441,1,Fast,0.7549204230308533,994,437
3441,1,Fast,0.5380390286445618,1158,802
3442,1,Fast,0.8884170651435852,1087,899
3442,1,Fast,0.8760879635810852,1092,1047
3442,1,Fast,0.8280506730079651,1153,794
3442,1,Fast,0.7808524966239929,1409,970
3442,1,Fast,0.7756492495536804,993,434
3442,1,Fast,0.6855891942977905,956,375
3442,1,Fast,0.3500189185142517,1025,566
3443,1,Fast,0.8983203768730164,1091,910
3443,1,Fast,0.8677969574928284,1098,1053
3443,1,Fast,0.8545997738838196,1403,962
3443,1,Fast,0.822595477104187,991,432
3443,1,Fast,0.6681661605834961,1148,785
3443,1,Fast,0.6611618399620056,955,372
3443,1,Fast,0.5541191697120667,1028,440
3443,1,Fast,0.3030625283718109,1085,601
3444,1,Fast,0.8955080509185791,1097,921
3444,1,Fast,0.8566200733184814,1397,956
3444,1,Fast,0.8366220593452454,1104,1059
3444,1,Fast,0.8083028793334961,990,430
3444,1,Fast,0.5948519110679626,955,370
3444,1,Fast,0.5823098421096802,1082,596
3444,1,Fast,0.5756164193153381,1144,778
3444,1,Fast,0.3879239857196808,882,371
3444,1,Fast,0.32664230465888977,1019,556
3444,1,Fast,0.3222852349281311,1028,439
3445,1,Fast,0.890995442867279,1103,932
3445,1,Fast,0.8475214242935181,1392,948
3445,1,Fast,0.7098274827003479,989,427
3445,1,Fast,0.6895277500152588,1113,1066
3445,1,Fast,0.685889482498169,1138,769
3445,1,Fast,0.6522122025489807,954,367
3445,1,Fast,0.5013425350189209,882,375
3445,1,Fast,0.4630700349807739,1080,593
3445,1,Fast,0.3895220458507538,1018,552
3446,1,Fast,0.9005117416381836,1109,944
3446,1,Fast,0.8527634143829346,1385,940
3446,1,Fast,0.7476481795310974,988,424
3446,1,Fast,0.7429608106613159,1134,761
3446,1,Fast,0.6853422522544861,1016,547
3446,1,Fast,0.6353656649589539,883,378
3446,1,Fast,0.6138538718223572,1078,588
3446,1,Fast,0.49674710631370544,1114,1071
3446,1,Fast,0.3951970636844635,953,365
3446,1,Fast,0.38299643993377686,821,628
3447,1,Fast,0.8721291422843933,1115,956
3447,1,Fast,0.8430535793304443,1380,933
3447,1,Fast,0.7965359687805176,987,422
3447,1,Fast,0.7382999658584595,884,382
3447,1,Fast,0.7056642174720764,1014,542
3447,1,Fast,0.592301607131958,1129,754
3447,1,Fast,0.5561400651931763,1076,585
3447,1,Fast,0.5237836241722107,822,632
3448,1,Fast,0.8734235763549805,1120,967
3448,1,Fast,0.8471972346305847,1374,926
3448,1,Fast,0.7647201418876648,884,385
3448,1,Fast,0.6866791248321533,1125,747
3448,1,Fast,0.5999357104301453,824,635
3448,1,Fast,0.4730395972728729,987,419
3448,1,Fast,0.45026567578315735,1012,539
3448,1,Fast,0.4151780605316162,1073,579
3449,1,Fast,0.8591275215148926,1368,919
3449,1,Fast,0.8288493156433105,1127,980
3449,1,Fast,0.8028303980827332,884,388
3449,1,Fast,0.7389142513275146,1120,740
3449,1,Fast,0.6805102825164795,1010,534
3449,1,Fast,0.6570683717727661,1071,576
3449,1,Fast,0.6502703428268433,986,417
3449,1,Fast,0.6375880241394043,824,638
3449,1,Fast,0.6312363147735596,1123,586
3449,1,Fast,0.5140953660011292,951,358
3450,1,Fast,0.8564034700393677,1363,911
3450,1,Fast,0.8161078691482544,885,391
3450,1,Fast,0.7695040702819824,1115,733
3450,1,Fast,0.7661453485488892,984,414
3450,1,Fast,0.7531391382217407,1133,993
3450,1,Fast,0.6601805090904236,1008,530
3450,1,Fast,0.6405981183052063,1069,571
3450,1,Fast,0.6056528687477112,928,963
3450,1,Fast,0.5743675231933594,1121,582
3450,1,Fast,0.5622478723526001,824,642
3450,1,Fast,0.41920578479766846,951,356
3451,1,Fast,0.8614538908004761,1357,903
3451,1,Fast,0.8487548828125,886,394
3451,1,Fast,0.7850611805915833,984,411
3451,1,Fast,0.6948250532150269,1142,1006
3451,1,Fast,0.6523852348327637,932,970
3451,1,Fast,0.6151391267776489,1006,525
3451,1,Fast,0.5381338000297546,951,354
3451,1,Fast,0.5083231329917908,1112,725
3451,1,Fast,0.43465203046798706,825,646
3451,1,Fast,0.3789527118206024,1119,579
3451,1,Fast,0.32196465134620667,1020,425
3452,1,Fast,0.866680383682251,886,397
3452,1,Fast,0.8620103597640991,1351,896
3452,1,Fast,0.8548551201820374,1107,719
3452,1,Fast,0.8205401301383972,1004,521
3452,1,Fast,0.8170028924942017,982,410
3452,1,Fast,0.8006155490875244,950,352
3452,1,Fast,0.7712366580963135,1064,565
3452,1,Fast,0.7244837880134583,1148,1019
3452,1,Fast,0.6937422752380371,1188,757
3452,1,Fast,0.5059978365898132,1117,576
3453,1,Fast,0.8654751777648926,887,401
3453,1,Fast,0.8579294681549072,1348,890
3453,1,Fast,0.7939556241035461,950,350
3453,1,Fast,0.77985018491745,982,407
3453,1,Fast,0.715842068195343,1157,1031
3453,1,Fast,0.6786860227584839,1002,516
3453,1,Fast,0.6689831018447876,1062,561
3453,1,Fast,0.486306369304657,1103,711
3454,1,Fast,0.8704536557197571,1341,884
3454,1,Fast,0.8604909777641296,888,404
3454,1,Fast,0.7705802917480469,950,347
3454,1,Fast,0.7056648135185242,1099,704
3454,1,Fast,0.7039228677749634,981,404
3454,1,Fast,0.46718576550483704,1000,513
3454,1,Fast,0.399822860956192,1018,419
3454,1,Fast,0.39467111229896545,1060,556
3455,1,Fast,0.8564395904541016,888,407
3455,1,Fast,0.8536027073860168,1336,876
3455,1,Fast,0.7406410574913025,980,402
3455,1,Fast,0.7145848274230957,949,346
3455,1,Fast,0.6969829201698303,829,660
3455,1,Fast,0.6451590061187744,1096,697
3455,1,Fast,0.3563060164451599,998,509
3455,1,Fast,0.3379044830799103,1018,417
3456,1,Fast,0.878296971321106,889,411
3456,1,Fast,0.8270748853683472,1331,869
3456,1,Fast,0.7349117398262024,949,343
3456,1,Fast,0.6735201478004456,831,663
3456,1,Fast,0.6497141122817993,1092,691
3456,1,Fast,0.6223123073577881,995,505
3456,1,Fast,0.5274078249931335,979,400
3457,1,Fast,0.8706349730491638,890,415
3457,1,Fast,0.8204766511917114,831,666
3457,1,Fast,0.8005190491676331,1326,863
3457,1,Fast,0.7687925100326538,993,501
3457,1,Fast,0.7554670572280884,847,398
3457,1,Fast,0.6802912950515747,977,398
3457,1,Fast,0.5913434624671936,1054,545
3458,1,Fast,0.8579831719398499,891,418
3458,1,Fast,0.8408007025718689,832,670
3458,1,Fast,0.7945928573608398,1322,857
3458,1,Fast,0.7340396642684937,848,400
3458,1,Fast,0.6681314706802368,992,497
3458,1,Fast,0.5085121393203735,977,395
3458,1,Fast,0.5018503069877625,1052,542
3458,1,Fast,0.4670511782169342,1084,678
3459,1,Fast,0.8428860902786255,892,422
3459,1,Fast,0.8280717134475708,833,674
3459,1,Fast,0.7343606948852539,1079,672
3459,1,Fast,0.7319982647895813,990,493
3459,1,Fast,0.7214618921279907,1316,851
3459,1,Fast,0.6862813830375671,975,393
3459,1,Fast,0.5345166325569153,849,403
3459,1,Fast,0.35305070877075195,1014,409
3460,1,Fast,0.8686813116073608,893,426
3460,1,Fast,0.7877755761146545,1311,844
3460,1,Fast,0.7715329527854919,849,405
3460,1,Fast,0.7636411786079407,989,489
3461,1,Fast,0.8694827556610107,893,429
3461,1,Fast,0.8353191018104553,1306,839
3461,1,Fast,0.7748024463653564,987,485
3461,1,Fast,0.6286981701850891,1073,660
3461,1,Fast,0.6038991808891296,850,408
3461,1,Fast,0.5591008067131042,1345,1067
3461,1,Fast,0.5265125036239624,946,332
3461,1,Fast,0.3559390604496002,975,388
3462,1,Fast,0.8558081388473511,894,434
3462,1,Fast,0.8030697703361511,985,482
3462,1,Fast,0.7724422216415405,1302,833
3462,1,Fast,0.7103456258773804,850,411
3462,1,Fast,0.6672925353050232,973,386
3462,1,Fast,0.6530672907829285,946,329
3462,1,Fast,0.6228358149528503,1338,1059
3462,1,Fast,0.349636048078537,833,684
3463,1,Fast,0.8306356072425842,895,437
3463,1,Fast,0.8178513646125793,1297,827
3463,1,Fast,0.7936418652534485,984,478
3463,1,Fast,0.7736861109733582,945,327
3463,1,Fast,0.7685334086418152,973,384
3463,1,Fast,0.7237733602523804,1322,1051
3463,1,Fast,0.5741598606109619,851,414
3463,1,Fast,0.5529954433441162,1067,648
3464,1,Fast,0.8574771285057068,983,475
3464,1,Fast,0.8565809726715088,897,440
3464,1,Fast,0.8521211743354797,1309,1043
3464,1,Fast,0.8209658861160278,1292,820
3464,1,Fast,0.790621280670166,972,381
3464,1,Fast,0.7136628031730652,946,326
3464,1,Fast,0.6822126507759094,1064,642
3464,1,Fast,0.577229380607605,851,417
3464,1,Fast,0.4292871654033661,1042,519
3465,1,Fast,0.8602033853530884,981,472
3465,1,Fast,0.8579841256141663,1040,517
3465,1,Fast,0.846750795841217,1288,815
3465,1,Fast,0.8463255763053894,898,445
3465,1,Fast,0.7940780520439148,971,380
3465,1,Fast,0.7107612490653992,946,325
3465,1,Fast,0.6834446787834167,1298,1028
3466,1,Fast,0.8606480360031128,980,468
3466,1,Fast,0.856207013130188,1288,1014
3466,1,Fast,0.8432015180587769,899,448
3466,1,Fast,0.8224708437919617,971,378
3466,1,Fast,0.8178904056549072,1284,808
3466,1,Fast,0.7608298063278198,945,323
3466,1,Fast,0.7151256799697876,1058,631
3466,1,Fast,0.6602250337600708,1038,514
3466,1,Fast,0.6328759789466858,841,701
3467,1,Fast,0.8700575828552246,1279,1000
3467,1,Fast,0.8281809091567993,900,452
3467,1,Fast,0.8016164898872375,1280,802
3467,1,Fast,0.7959393858909607,970,376
3467,1,Fast,0.7432881593704224,1036,511
3467,1,Fast,0.7054328322410583,945,320
3467,1,Fast,0.6425755620002747,979,465
3467,1,Fast,0.4896874725818634,841,705
3467,1,Fast,0.4769704043865204,1055,626
3467,1,Fast,0.44255331158638,852,425
3468,1,Fast,0.8727716207504272,1275,796
3468,1,Fast,0.8519186973571777,901,457
3468,1,Fast,0.8184700012207031,1271,988
3468,1,Fast,0.8143100738525391,978,462
3468,1,Fast,0.7939097881317139,843,709
3468,1,Fast,0.6912844777107239,969,373
3468,1,Fast,0.6664726138114929,853,427
3468,1,Fast,0.5865161418914795,1034,507
3468,1,Fast,0.5094688534736633,945,318
3469,1,Fast,0.8648999333381653,1263,974
3469,1,Fast,0.8613568544387817,903,460
3469,1,Fast,0.8543079495429993,1271,791
3469,1,Fast,0.7172273397445679,968,372
3469,1,Fast,0.637512743473053,976,457
3469,1,Fast,0.4446403384208679,843,712
3469,1,Fast,0.4152100384235382,1033,504
3469,1,Fast,0.37919363379478455,853,430
3469,1,Fast,0.33027762174606323,1049,615
3470,1,Fast,0.8831161260604858,1255,962
3470,1,Fast,0.8691321611404419,904,465
3470,1,Fast,0.8439359068870544,1267,785
3470,1,Fast,0.7892441749572754,975,454
3470,1,Fast,0.7524384260177612,967,370
3470,1,Fast,0.6853167414665222,1031,501
3470,1,Fast,0.45938071608543396,1046,610
3470,1,Fast,0.4428532123565674,945,313
3470,1,Fast,0.40184611082077026,854,433
3471,1,Fast,0.8725320100784302,905,469
3471,1,Fast,0.8579776287078857,1247,949
3471,1,Fast,0.7568138241767883,1263,779
3471,1,Fast,0.6440572142601013,1044,605
3471,1,Fast,0.6146393418312073,966,368
3471,1,Fast,0.3957173526287079,854,437
3471,1,Fast,0.3017973303794861,973,451
3472,1,Fast,0.8802845478057861,906,473
3472,1,Fast,0.8471614718437195,1240,938
3472,1,Fast,0.7522330284118652,1041,599
3472,1,Fast,0.5389744639396667,1259,773
3472,1,Fast,0.4783569872379303,965,366
3472,1,Fast,0.4733999967575073,855,440
3472,1,Fast,0.4644259214401245,973,448
3473,1,Fast,0.8761508464813232,907,478
3473,1,Fast,0.8540511131286621,1232,925
3473,1,Fast,0.7466064095497131,856,443
3473,1,Fast,0.7244910597801208,970,445
3473,1,Fast,0.7216389775276184,1254,768
3473,1,Fast,0.5368253588676453,1039,594
3473,1,Fast,0.31152790784835815,964,364
3474,1,Fast,0.8477994203567505,1226,914
3474,1,Fast,0.8468388915061951,909,482
3474,1,Fast,0.8424484729766846,968,441
3474,1,Fast,0.6009771823883057,857,446
3474,1,Fast,0.5590446591377258,1250,764
3474,1,Fast,0.5544207692146301,1036,590
3474,1,Fast,0.328246533870697,943,307
3474,1,Fast,0.3000612258911133,964,362
3475,1,Fast,0.8529297113418579,910,487
3475,1,Fast,0.8403195738792419,1218,902
3475,1,Fast,0.8337678909301758,967,438
3475,1,Fast,0.7727998495101929,1023,485
3475,1,Fast,0.7235132455825806,1246,758
3475,1,Fast,0.6900842785835266,857,449
3475,1,Fast,0.6365927457809448,1033,585
3475,1,Fast,0.5972330570220947,943,304
3475,1,Fast,0.4874400794506073,1411,1068
3475,1,Fast,0.33941248059272766,963,360
3476,1,Fast,0.8700763583183289,1211,888
3476,1,Fast,0.8362095355987549,912,491
3476,1,Fast,0.7584686875343323,966,436
3476,1,Fast,0.7083942890167236,1242,752
3476,1,Fast,0.6652767658233643,1407,1062
3476,1,Fast,0.6131153106689453,857,453
3476,1,Fast,0.5685332417488098,1030,579
3476,1,Fast,0.5427951216697693,1023,482
3476,1,Fast,0.5182623863220215,943,303
3477,1,Fast,0.8658629059791565,1203,879
3477,1,Fast,0.8450632095336914,913,496
3477,1,Fast,0.8115917444229126,964,433
3477,1,Fast,0.7983784079551697,1238,747
3477,1,Fast,0.743834912776947,1028,575
3477,1,Fast,0.6800562143325806,1397,1056
3477,1,Fast,0.6704667210578918,942,302
3477,1,Fast,0.5139100551605225,1021,479
3477,1,Fast,0.37028878927230835,857,456
3477,1,Fast,0.3374598026275635,962,355
3478,1,Fast,0.8605068325996399,1197,868
3478,1,Fast,0.8400936126708984,1026,570
3478,1,Fast,0.8354178667068481,915,500
3478,1,Fast,0.8013632297515869,1235,743
3478,1,Fast,0.7746838331222534,963,430
3478,1,Fast,0.7327901721000671,961,353
3478,1,Fast,0.7070879340171814,854,753
3478,1,Fast,0.6995050311088562,1019,476
3478,1,Fast,0.6941589117050171,1386,1050
3478,1,Fast,0.6468812227249146,858,459
3478,1,Fast,0.5064440965652466,942,300
3479,1,Fast,0.8442584872245789,1190,857
3479,1,Fast,0.8405706882476807,1232,738
3479,1,Fast,0.8343654274940491,917,504
3479,1,Fast,0.7876904606819153,961,426
3479,1,Fast,0.7727551460266113,1024,566
3479,1,Fast,0.7340016961097717,855,758
3479,1,Fast,0.6420645713806152,961,351
3479,1,Fast,0.5857992172241211,1375,1044
3479,1,Fast,0.45338258147239685,942,298
3479,1,Fast,0.35946381092071533,1019,474
3479,1,Fast,0.3572731614112854,859,462
3480,1,Fast,0.8833639621734619,918,509
3480,1,Fast,0.8729447722434998,1184,846
3480,1,Fast,0.8382349014282227,1228,733
3480,1,Fast,0.7998613715171814,960,423
3480,1,Fast,0.7142879962921143,960,349
3480,1,Fast,0.7134600877761841,1367,1032
3480,1,Fast,0.7007726430892944,1021,561
3480,1,Fast,0.6646223664283752,860,466
3480,1,Fast,0.5191404223442078,1016,471
3480,1,Fast,0.4996457099914551,942,297
3480,1,Fast,0.3807305693626404,855,762
3481,1,Fast,0.8757015466690063,921,515
3481,1,Fast,0.8740820288658142,1179,838
3481,1,Fast,0.8202243447303772,1018,557
3481,1,Fast,0.75738525390625,1224,729
3481,1,Fast,0.6734087467193604,960,348
3481,1,Fast,0.6443077325820923,1359,1021
3481,1,Fast,0.6126353740692139,959,421
3481,1,Fast,0.6013063788414001,941,295
3481,1,Fast,0.5463446378707886,861,469
3482,1,Fast,0.889702558517456,922,520
3482,1,Fast,0.8665306568145752,1172,828
3482,1,Fast,0.831194281578064,1221,724
3482,1,Fast,0.8079407215118408,1016,552
3482,1,Fast,0.7837580442428589,958,417
3482,1,Fast,0.7070409655570984,862,472
3482,1,Fast,0.6960408687591553,1352,1010
3482,1,Fast,0.681623101234436,941,293
3482,1,Fast,0.6380268931388855,959,346
3482,1,Fast,0.42274710536003113,1094,607
3483,1,Fast,0.8805404901504517,924,525
3483,1,Fast,0.8203926682472229,1167,819
3483,1,Fast,0.8107269406318665,1218,720
3483,1,Fast,0.8105025887489319,1014,548
3483,1,Fast,0.7620421051979065,1012,462
3483,1,Fast,0.7528276443481445,863,475
3483,1,Fast,0.6824187636375427,941,292
3483,1,Fast,0.6067819595336914,957,415
3483,1,Fast,0.5595888495445251,958,344
3483,1,Fast,0.5206053256988525,1344,1000
3484,1,Fast,0.8624088764190674,926,531
3484,1,Fast,0.8215398788452148,1161,809
3484,1,Fast,0.8168410658836365,956,412
3484,1,Fast,0.789487898349762,1012,543
3484,1,Fast,0.7457507848739624,1215,713
3484,1,Fast,0.7222424149513245,1336,988
3484,1,Fast,0.7067702412605286,940,290
3484,1,Fast,0.6909286379814148,1010,460
3484,1,Fast,0.6680435538291931,864,478
3484,1,Fast,0.5618034601211548,958,342
3485,1,Fast,0.8752198815345764,928,536
3485,1,Fast,0.8240681290626526,1211,708
3485,1,Fast,0.8111796379089355,1155,800
3485,1,Fast,0.8069016933441162,1329,978
3485,1,Fast,0.7974160313606262,955,409
3485,1,Fast,0.7753500938415527,1009,456
3485,1,Fast,0.7726278305053711,1010,539
3485,1,Fast,0.7220979928970337,864,482
3485,1,Fast,0.7175757884979248,940,289
3485,1,Fast,0.43634524941444397,957,340
3485,1,Fast,0.42742660641670227,864,786
3486,1,Fast,0.8736994862556458,930,542
3486,1,Fast,0.8497628569602966,1150,789
3486,1,Fast,0.8449336886405945,1322,967
3486,1,Fast,0.816441535949707,1208,704
3486,1,Fast,0.7992899417877197,1008,535
3486,1,Fast,0.798875629901886,954,406
3486,1,Fast,0.7756882905960083,1008,454
3486,1,Fast,0.7286242246627808,865,486
3486,1,Fast,0.701093316078186,939,288
3486,1,Fast,0.6188685894012451,956,338
3486,1,Fast,0.548080563545227,866,791
3487,1,Fast,0.8715904951095581,1145,780
3487,1,Fast,0.8637349009513855,932,546
3487,1,Fast,0.8196839690208435,1314,958
3487,1,Fast,0.8155867457389832,1006,531
3487,1,Fast,0.8045474886894226,1205,700
3487,1,Fast,0.7679659724235535,1006,451
3487,1,Fast,0.7493447065353394,953,403
3487,1,Fast,0.7280340194702148,957,336
3487,1,Fast,0.7047704458236694,868,796
3487,1,Fast,0.607184886932373,940,285
3487,1,Fast,0.5985913276672363,866,489
3488,1,Fast,0.8867964148521423,934,552
3488,1,Fast,0.8753023743629456,1139,771
3488,1,Fast,0.8380329012870789,1003,526
3488,1,Fast,0.8357025980949402,952,401
3488,1,Fast,0.7987843751907349,1307,949
3488,1,Fast,0.788829505443573,1201,696
3488,1,Fast,0.7458558678627014,869,800
3488,1,Fast,0.7451336979866028,1005,447
3488,1,Fast,0.7367962002754211,957,334
3488,1,Fast,0.5766915082931519,940,284
3488,1,Fast,0.43263351917266846,780,439
3488,1,Fast,0.401299387216568,867,493
3489,1,Fast,0.8918405175209045,936,559
3489,1,Fast,0.8706219792366028,1133,763
3489,1,Fast,0.8244236707687378,1001,522
3489,1,Fast,0.8170846700668335,1301,938
3489,1,Fast,0.7532079219818115,871,805
3489,1,Fast,0.7432535886764526,956,332
3489,1,Fast,0.7393360137939453,1198,692
3489,1,Fast,0.6842860579490662,868,497
3489,1,Fast,0.6819034814834595,1003,445
3489,1,Fast,0.662124752998352,951,397
3489,1,Fast,0.5665311217308044,940,283
3489,1,Fast,0.5384219884872437,780,441
3490,1,Fast,0.8790040612220764,938,564
3490,1,Fast,0.8674278855323792,1128,755
3490,1,Fast,0.8149582147598267,999,518
3490,1,Fast,0.8106517195701599,950,394
3490,1,Fast,0.7487782835960388,868,500
3490,1,Fast,0.7270370125770569,1002,442
3490,1,Fast,0.6987820863723755,956,331
3490,1,Fast,0.6790456771850586,873,811
3490,1,Fast,0.6278188824653625,1294,930
3490,1,Fast,0.609528660774231,1195,687
3490,1,Fast,0.5333969593048096,940,282
3490,1,Fast,0.42655229568481445,781,442
3491,1,Fast,0.8813911080360413,940,570
3491,1,Fast,0.8776620626449585,1123,746
3491,1,Fast,0.8539483547210693,997,514
3491,1,Fast,0.7717633843421936,870,503
3491,1,Fast,0.6912612915039062,1288,921
3491,1,Fast,0.6725879907608032,1192,683
3491,1,Fast,0.635735809803009,956,328
3491,1,Fast,0.569119393825531,940,280
3491,1,Fast,0.5560606122016907,1001,440
3491,2,Slow,0.39273980259895325,757,522
3491,1,Fast,0.3594340980052948,875,816
3491,1,Fast,0.3275246322154999,949,392
3492,1,Fast,0.8699238896369934,943,575
3492,1,Fast,0.8641446232795715,1119,738
3492,1,Fast,0.8431344032287598,995,510
3492,1,Fast,0.8150350451469421,870,507
3492,1,Fast,0.7997965216636658,1188,678
3492,1,Fast,0.7547208070755005,1282,913
3492,1,Fast,0.7379602193832397,955,327
3492,1,Fast,0.7270577549934387,1000,438
3492,1,Fast,0.6790059804916382,949,389
3492,1,Fast,0.5280735492706299,940,279
3493,1,Fast,0.8688302040100098,946,581
3493,1,Fast,0.840300977230072,1114,731
3493,1,Fast,0.8382353186607361,993,506
3493,1,Fast,0.7990878224372864,872,511
3493,1,Fast,0.7397994995117188,948,387
3493,1,Fast,0.7386176586151123,955,325
3493,1,Fast,0.7343941926956177,1275,902
3493,1,Fast,0.7191469669342041,1186,673
3493,1,Fast,0.6165929436683655,939,276
3494,1,Fast,0.8880748748779297,948,588
3494,1,Fast,0.8544918298721313,1110,723
3494,1,Fast,0.8332008719444275,992,503
3494,1,Fast,0.8316036462783813,1182,669
3494,1,Fast,0.7929812073707581,873,516
3494,1,Fast,0.7754133939743042,1270,894
3494,1,Fast,0.757835328578949,955,324
3494,1,Fast,0.6830244064331055,948,384
3494,1,Fast,0.6758412718772888,881,834
3494,1,Fast,0.5977838039398193,939,275
3494,1,Fast,0.5054574608802795,998,433
3495,1,Fast,0.8868716955184937,951,594
3495,1,Fast,0.8568349480628967,1105,715
3495,1,Fast,0.8425352573394775,1179,665
3495,1,Fast,0.8294445276260376,947,382
3495,1,Fast,0.813244640827179,990,499
3495,1,Fast,0.8054831027984619,1263,885
3495,1,Fast,0.8037024140357971,874,519
3495,1,Fast,0.732864499092102,953,322
3495,1,Fast,0.65296870470047,995,431
3495,1,Fast,0.6159082651138306,939,273
3495,1,Fast,0.615554690361023,1313,857
3495,1,Fast,0.49189984798431396,883,839
3496,1,Fast,0.889825165271759,953,600
3496,1,Fast,0.8640193939208984,1100,706
3496,1,Fast,0.8223289251327515,1176,661
3496,1,Fast,0.8160260915756226,875,523
3496,1,Fast,0.814292311668396,1257,876
3496,1,Fast,0.8107538223266602,946,378
3496,1,Fast,0.7975916266441345,989,495
3496,1,Fast,0.720329225063324,953,320
3496,1,Fast,0.7101601958274841,885,843
3496,1,Fast,0.4991922378540039,995,428
3496,1,Fast,0.3990534842014313,939,272
3496,1,Fast,0.39679837226867676,784,453
3497,1,Fast,0.8804375529289246,956,606
3497,1,Fast,0.8792944550514221,1096,699
3497,1,Fast,0.8250411152839661,876,527
3497,1,Fast,0.8053276538848877,1173,658
3497,1,Fast,0.7866783738136292,946,376
3497,1,Fast,0.7846102714538574,1251,868
3497,1,Fast,0.7837603092193604,886,849
3497,1,Fast,0.7394648790359497,987,492
3497,1,Fast,0.7092217206954956,952,319
3497,1,Fast,0.6218898892402649,784,454
3497,1,Fast,0.46041256189346313,994,425
3497,1,Fast,0.31356364488601685,939,270
3498,1,Fast,0.8886163830757141,959,614
3498,1,Fast,0.8749464750289917,1091,692
3498,1,Fast,0.8371782302856445,877,532
3498,1,Fast,0.8238668441772461,1246,860
3498,1,Fast,0.8007389307022095,985,488
3498,1,Fast,0.7247586250305176,888,855
3498,1,Fast,0.6855741739273071,946,374
3498,1,Fast,0.672418475151062,953,318
3498,1,Fast,0.5468667149543762,993,422
3498,1,Fast,0.46126535534858704,1171,654
3498,1,Fast,0.3942134976387024,1301,838
3498,1,Fast,0.3298412263393402,784,456
3499,1,Fast,0.8860166668891907,962,620
3499,1,Fast,0.8673641085624695,1088,685
3499,1,Fast,0.8495401740074158,983,484
3499,1,Fast,0.8342283964157104,1241,852
3499,1,Fast,0.8285473585128784,890,860
3499,1,Fast,0.7858730554580688,878,536
3499,1,Fast,0.7023079991340637,952,316
3499,1,Fast,0.6780440807342529,1168,650
3499,1,Fast,0.6645908951759338,992,420
3499,1,Fast,0.5202228426933289,945,371
3500,1,Fast,0.8833585977554321,965,627
3500,1,Fast,0.8733459115028381,1083,678
3500,1,Fast,0.8329686522483826,982,480
3500,1,Fast,0.8065264821052551,892,865
3500,1,Fast,0.7948649525642395,1234,844
3500,1,Fast,0.5835776925086975,880,541
3500,1,Fast,0.5595612525939941,991,417
3500,1,Fast,0.5088346004486084,951,313
3500,1,Fast,0.4244143068790436,1165,645
3501,1,Fast,0.8864903450012207,968,633
3501,1,Fast,0.8820155262947083,1080,672
3501,1,Fast,0.8625271916389465,980,477
3501,1,Fast,0.8103341460227966,1229,837
3501,1,Fast,0.7116010189056396,1161,641
3501,1,Fast,0.6791267395019531,951,312
3501,1,Fast,0.6616750955581665,881,545
3501,1,Fast,0.6327447891235352,990,415
3501,1,Fast,0.552502453327179,895,872
3502,1,Fast,0.883535623550415,971,641
3502,1,Fast,0.8774318099021912,1075,667
3502,1,Fast,0.8701996207237244,979,474
3502,1,Fast,0.8680086135864258,1159,637
3502,1,Fast,0.8427268862724304,1225,830
3502,1,Fast,0.7977064847946167,882,549
3502,1,Fast,0.7194989323616028,951,310
3502,1,Fast,0.7097259759902954,989,413
3502,1,Fast,0.6992139220237732,897,879
3502,1,Fast,0.3237902522087097,942,363
3502,1,Fast,0.3007243275642395,1282,815
3503,1,Fast,0.8752560615539551,974,649
3503,1,Fast,0.858846127986908,1072,660
3503,1,Fast,0.8586081862449646,1157,634
3503,1,Fast,0.8550078868865967,977,470
3503,1,Fast,0.8543272018432617,1220,822
3503,1,Fast,0.7626112699508667,951,309
3503,1,Fast,0.7148390412330627,989,410
3503,1,Fast,0.6914354562759399,884,552
3503,1,Fast,0.6308448910713196,900,885
3503,1,Fast,0.3026406168937683,1049,528
3504,1,Fast,0.8737472295761108,978,657
3504,1,Fast,0.8576591610908508,1154,630
3504,1,Fast,0.8507272601127625,1067,652
3504,1,Fast,0.8478195667266846,976,467
3504,1,Fast,0.8375498652458191,1214,815
3504,1,Fast,0.8328007459640503,885,558
3504,1,Fast,0.7936821579933167,951,307
3504,1,Fast,0.7836182117462158,1036,441
3504,1,Fast,0.7343376278877258,987,408
3504,1,Fast,0.5761809945106506,788,468
3504,1,Fast,0.5168400406837463,940,360
3505,1,Fast,0.8772284984588623,981,664
3505,1,Fast,0.8528499007225037,1065,647
3505,1,Fast,0.828478217124939,974,463
3505,1,Fast,0.8278795480728149,1153,626
3505,1,Fast,0.7732645273208618,951,306
3505,1,Fast,0.745219886302948,886,562
3505,1,Fast,0.7149229645729065,987,407
3505,1,Fast,0.6372426748275757,1036,439
3505,1,Fast,0.5953202843666077,788,470
3505,1,Fast,0.5526377558708191,939,357
3505,1,Fast,0.33617886900901794,1046,521
3506,1,Fast,0.881499171257019,985,672
3506,1,Fast,0.860762894153595,1062,641
3506,1,Fast,0.8500222563743591,888,566
3506,1,Fast,0.8470763564109802,973,460
3506,1,Fast,0.7831406593322754,1203,800
3506,1,Fast,0.7284826040267944,950,304
3506,1,Fast,0.7187042832374573,1150,622
3506,1,Fast,0.677577793598175,1035,438
3506,1,Fast,0.5591254830360413,986,405
3506,1,Fast,0.526957094669342,907,901
3506,1,Fast,0.5139598250389099,789,471
3506,1,Fast,0.4598006308078766,1045,518
3507,1,Fast,0.888732373714447,988,679
3507,1,Fast,0.869209349155426,1059,633
3507,1,Fast,0.8514786958694458,889,572
3507,1,Fast,0.839468240737915,972,457
3507,1,Fast,0.8182085752487183,1147,618
3507,1,Fast,0.7593147158622742,950,303
3507,1,Fast,0.7583428621292114,909,908
3507,1,Fast,0.7180880904197693,1199,793
3507,1,Fast,0.715701162815094,1042,516
3507,1,Fast,0.6946041584014893,865,460
3507,1,Fast,0.6742078065872192,939,352
3507,1,Fast,0.6520951390266418,985,403
3507,1,Fast,0.545331597328186,1034,436
3508,1,Fast,0.8867301940917969,992,687
3508,1,Fast,0.8656484484672546,1055,627
3508,1,Fast,0.865164041519165,891,576
3508,1,Fast,0.8545660972595215,971,454
3508,1,Fast,0.7513675093650818,939,350
3508,1,Fast,0.7312759757041931,1145,615
3508,1,Fast,0.7062284350395203,950,302
3508,1,Fast,0.7059977054595947,911,914
3508,1,Fast,0.5862860083580017,866,463
3508,1,Fast,0.5208219289779663,984,401
3508,1,Fast,0.39664795994758606,1040,513
3508,1,Fast,0.306711345911026,790,476
3509,1,Fast,0.8827390074729919,996,696
3509,1,Fast,0.8628715872764587,892,581
3509,1,Fast,0.8564139604568481,1052,621
3509,1,Fast,0.8253492712974548,969,450
3509,1,Fast,0.81223464012146,913,920
3509,1,Fast,0.7273549437522888,938,348
3509,1,Fast,0.6997645497322083,1398,1052
3509,1,Fast,0.6384217739105225,866,466
3509,1,Fast,0.5369744896888733,1142,612
3509,1,Fast,0.34587106108665466,1190,777
3509,1,Fast,0.30346575379371643,950,300
3510,1,Fast,0.8841193914413452,1000,705
3510,1,Fast,0.8521990180015564,1385,1045
3510,1,Fast,0.8521745204925537,1048,615
3510,1,Fast,0.8505945205688477,968,446
3510,1,Fast,0.8346668481826782,1139,607
3510,1,Fast,0.8045269846916199,1186,772
3510,1,Fast,0.7989699840545654,894,585
3510,1,Fast,0.7874610424041748,916,927
3510,1,Fast,0.5374748110771179,867,470
3510,1,Fast,0.5219613313674927,938,345
3511,1,Fast,0.890289843082428,1003,714
3511,1,Fast,0.8629701137542725,1045,610
3511,1,Fast,0.8418952226638794,966,443
3511,1,Fast,0.8310641050338745,1137,604
3511,1,Fast,0.8153164982795715,896,591
3511,1,Fast,0.7818191647529602,1375,1037
3511,1,Fast,0.74613356590271,1181,765
3511,1,Fast,0.6831817030906677,868,474
3511,1,Fast,0.4932679831981659,937,343
3511,1,Fast,0.4385414123535156,980,394
3511,1,Fast,0.36957457661628723,918,934
3512,1,Fast,0.8871096968650818,1008,723
3512,1,Fast,0.866104006767273,1042,604
3512,1,Fast,0.8478639125823975,966,440
3512,1,Fast,0.8268221616744995,1369,1025
3512,1,Fast,0.8037295341491699,898,596
3512,1,Fast,0.6641930341720581,1134,600
3512,1,Fast,0.6629139184951782,869,476
3512,1,Fast,0.6181517243385315,1176,758
3512,1,Fast,0.6048159003257751,979,392
3512,1,Fast,0.4737164080142975,921,941
3513,1,Fast,0.8900052905082703,1012,733
3513,1,Fast,0.856499969959259,1040,598
3513,1,Fast,0.8367873430252075,964,437
3513,1,Fast,0.774113118648529,1360,1014
3513,1,Fast,0.7074674367904663,900,602
3513,1,Fast,0.680594265460968,1132,597
3513,1,Fast,0.6769883036613464,870,480
3513,1,Fast,0.6455916166305542,924,948
3513,1,Fast,0.6033436059951782,1389,961
3513,1,Fast,0.5014598369598389,1170,750
3513,1,Fast,0.4572342038154602,947,295
3513,1,Fast,0.34415483474731445,979,390
3514,1,Fast,0.8868772387504578,1016,741
3514,1,Fast,0.8626635670661926,1352,1003
3514,1,Fast,0.8515949845314026,1383,954
3514,1,Fast,0.8511733412742615,1038,592
3514,1,Fast,0.8070318102836609,963,435
3514,1,Fast,0.7910486459732056,927,954
3514,1,Fast,0.7827082276344299,901,607
3514,1,Fast,0.7566636204719543,1131,593
3514,1,Fast,0.7394914627075195,871,484
3514,1,Fast,0.6016319394111633,946,293
3514,1,Fast,0.5407524108886719,978,386
3514,1,Fast,0.4805220067501068,935,337
3514,1,Fast,0.4684823751449585,1168,745
3515,1,Fast,0.8901939392089844,1020,750
3515,1,Fast,0.8549818396568298,1343,992
3515,1,Fast,0.8303526639938354,1035,587
3515,1,Fast,0.8253012895584106,962,432
3515,1,Fast,0.8163383603096008,904,611
3515,1,Fast,0.812102198600769,1378,946
3515,1,Fast,0.7730047106742859,871,487
3515,1,Fast,0.7426667213439941,930,962
3515,1,Fast,0.6514856815338135,1129,590
3515,1,Fast,0.6068999171257019,934,334
3515,1,Fast,0.5933382511138916,946,292
3515,1,Fast,0.5891497731208801,978,384
3515,1,Fast,0.36825481057167053,793,490
3516,1,Fast,0.8910963535308838,1025,760
3516,1,Fast,0.8680094480514526,1336,982
3516,1,Fast,0.8492914438247681,905,616
3516,1,Fast,0.81756991147995,960,429
3516,1,Fast,0.780514657497406,1032,581
3516,1,Fast,0.7782794237136841,1373,939
3516,1,Fast,0.7737780809402466,932,968
3516,1,Fast,0.7260740399360657,872,491
3516,1,Fast,0.7184945344924927,946,291
3516,1,Fast,0.6251426935195923,977,383
3516,1,Fast,0.6095109581947327,1127,586
3516,1,Fast,0.5655916929244995,934,333
3516,1,Fast,0.5006990432739258,1161,732
3517,1,Fast,0.8858628869056702,1030,770
3517,1,Fast,0.8571054935455322,1329,971
3517,1,Fast,0.8444137573242188,907,622
3517,1,Fast,0.8277913928031921,1028,576
3517,1,Fast,0.7962655425071716,958,425
3517,1,Fast,0.7477070093154907,946,290
3517,1,Fast,0.7334975600242615,1157,726
3517,1,Fast,0.7290402054786682,1125,583
3517,1,Fast,0.6988776326179504,935,975
3517,1,Fast,0.5976274013519287,976,380
3517,1,Fast,0.5325314998626709,873,495
3517,1,Fast,0.48679277300834656,934,331
3518,1,Fast,0.8827146887779236,1035,781
3518,1,Fast,0.8715784549713135,909,627
3518,1,Fast,0.8424144387245178,1321,962
3518,1,Fast,0.8409250378608704,1026,571
3518,1,Fast,0.8047409057617188,958,422
3518,1,Fast,0.7454899549484253,946,288
3518,1,Fast,0.7194274663925171,938,981
3518,1,Fast,0.6893644332885742,975,378
3518,1,Fast,0.5049594044685364,934,329
3518,1,Fast,0.4940843880176544,875,499
3518,1,Fast,0.48667463660240173,1122,579
3519,1,Fast,0.8889217376708984,1040,791
3519,1,Fast,0.8574612736701965,1314,952
3519,1,Fast,0.8538464903831482,911,633
3519,1,Fast,0.8481189608573914,1024,566
3519,1,Fast,0.8131751418113708,1119,576
3519,1,Fast,0.7756373286247253,957,419
3519,1,Fast,0.676816463470459,946,287
3519,1,Fast,0.6551634669303894,933,327
3519,1,Fast,0.6532455086708069,1149,714
3519,1,Fast,0.5859696269035339,975,377
3519,1,Fast,0.5518869757652283,876,503
3519,1,Fast,0.493355929851532,942,989
3519,1,Fast,0.3726969361305237,794,499
3520,1,Fast,0.8905768394470215,1045,801
3520,1,Fast,0.8742953538894653,1308,943
3520,1,Fast,0.8474349975585938,913,638
3520,1,Fast,0.8304623961448669,1020,561
3520,1,Fast,0.82002854347229,1118,573
3520,1,Fast,0.8190349340438843,956,416
3520,1,Fast,0.6795584559440613,933,326
3520,1,Fast,0.6195477247238159,974,375
3520,1,Fast,0.5936511754989624,1020,410
3520,1,Fast,0.561108410358429,946,285
3520,1,Fast,0.5364499688148499,878,505
3520,1,Fast,0.5313432812690735,794,501
3520,1,Fast,0.4873683750629425,1021,477
3520,1,Fast,0.3675597906112671,944,996
3521,1,Fast,0.8947932720184326,1050,812
3521,1,Fast,0.8646513819694519,915,645
3521,1,Fast,0.8228430151939392,1017,556
3521,1,Fast,0.8215828537940979,955,413
3521,1,Fast,0.7533268332481384,1301,934
3521,1,Fast,0.743554949760437,1116,569
3521,1,Fast,0.7358318567276001,932,324
3521,1,Fast,0.6929754614830017,879,509
3521,1,Fast,0.5953621864318848,973,373
3521,1,Fast,0.39762359857559204,945,284
3521,1,Fast,0.3033011853694916,1020,474
3522,1,Fast,0.8951388001441956,1055,823
3522,1,Fast,0.8675218224525452,918,650
3522,1,Fast,0.8401322364807129,1014,550
3522,1,Fast,0.8383200168609619,1295,925
3522,1,Fast,0.8246512413024902,954,410
3522,1,Fast,0.7558515667915344,932,322
3522,1,Fast,0.7215799689292908,1113,566
3522,1,Fast,0.719825267791748,879,513
3522,1,Fast,0.6085899472236633,1018,471
3522,1,Fast,0.544414222240448,794,504
3522,1,Fast,0.539795458316803,972,371
3522,1,Fast,0.43377625942230225,1019,406
3523,1,Fast,0.8925518989562988,1060,834
3523,1,Fast,0.8740456700325012,1012,545
3523,1,Fast,0.8646354079246521,920,656
3523,1,Fast,0.8432967662811279,1288,915
3523,1,Fast,0.8225201368331909,953,407
3523,1,Fast,0.791679859161377,1111,564
3523,1,Fast,0.7535215616226196,880,517
3523,1,Fast,0.6900744438171387,931,320
3523,1,Fast,0.44982025027275085,972,370
3524,1,Fast,0.8943400979042053,1066,846
3524,1,Fast,0.8729586601257324,921,662
3524,1,Fast,0.8628826141357422,1011,541
3524,1,Fast,0.8530198931694031,1282,906
3524,1,Fast,0.8133878707885742,1108,560
3524,1,Fast,0.7813553810119629,952,404
3524,1,Fast,0.6958848834037781,1016,467
3524,1,Fast,0.6875032186508179,882,521
3524,1,Fast,0.5333357453346252,1130,685
3524,1,Fast,0.5083369612693787,931,318
3524,1,Fast,0.4117133617401123,944,280
3524,1,Fast,0.3000921607017517,1328,882
3525,1,Fast,0.8934313058853149,1072,858
3525,1,Fast,0.8654211163520813,1275,897
3525,1,Fast,0.8571558594703674,1009,535
3525,1,Fast,0.8354247212409973,924,667
3525,1,Fast,0.8256200551986694,951,402
3525,1,Fast,0.6705787777900696,1127,680
3525,1,Fast,0.63788241147995,883,526
3525,1,Fast,0.6315960884094238,1015,464
3525,1,Fast,0.5709715485572815,1107,556
3525,1,Fast,0.5502160787582397,930,316
3525,1,Fast,0.5400609970092773,1323,876
3525,1,Fast,0.4123968183994293,945,279
3525,1,Fast,0.3168424069881439,971,365
3526,1,Fast,0.8933761119842529,1078,870
3526,1,Fast,0.854595959186554,926,674
3526,1,Fast,0.8514370322227478,1006,531
3526,1,Fast,0.8413388133049011,951,400
3526,1,Fast,0.8349417448043823,1270,889
3526,1,Fast,0.7975795865058899,1013,461
3526,1,Fast,0.7856605052947998,883,531
3526,1,Fast,0.7655625343322754,1105,553
3526,1,Fast,0.5996488928794861,1319,870
3526,1,Fast,0.5459240674972534,930,313
3526,1,Fast,0.48805204033851624,880,803
3526,1,Fast,0.46994590759277344,1124,674
3526,1,Fast,0.3695234954357147,971,363
3527,1,Fast,0.8957369327545166,1084,882
3527,1,Fast,0.8659523129463196,929,680
3527,1,Fast,0.8517048358917236,1264,880
3527,1,Fast,0.8436869382858276,1103,549
3527,1,Fast,0.8385586738586426,1005,525
3527,1,Fast,0.8339635133743286,950,397
3527,1,Fast,0.8337015509605408,1012,459
3527,1,Fast,0.7963419556617737,885,535
3527,1,Fast,0.5473635196685791,882,807
3527,1,Fast,0.5201773643493652,930,312
3527,1,Fast,0.3256617784500122,1314,862
3527,1,Fast,0.3088270425796509,1121,669
3528,1,Fast,0.896125853061676,1091,895
3528,1,Fast,0.872181236743927,931,686
3528,1,Fast,0.8653492331504822,1258,873
3528,1,Fast,0.8491047620773315,1100,546
3528,1,Fast,0.8422802090644836,1002,521
3528,1,Fast,0.8406577110290527,1010,456
3528,1,Fast,0.818471372127533,949,394
3528,1,Fast,0.7023569941520691,886,539
3528,1,Fast,0.6601783633232117,884,813
3528,1,Fast,0.5866722464561462,1308,855
3528,1,Fast,0.47198179364204407,930,310
3528,1,Fast,0.3545655310153961,1117,663
3529,1,Fast,0.8916014432907104,1096,908
3529,1,Fast,0.8726360201835632,933,692
3529,1,Fast,0.865401029586792,1000,517
3529,1,Fast,0.8596912622451782,1252,864
3529,1,Fast,0.8376443982124329,1099,543
3529,1,Fast,0.8254633545875549,1009,453
3529,1,Fast,0.7900722622871399,948,391
3529,1,Fast,0.7615047097206116,888,544
3529,1,Fast,0.6172159314155579,1305,849
3529,1,Fast,0.473929226398468,930,309
3529,1,Fast,0.34757018089294434,943,274
3530,1,Fast,0.8891697525978088,1103,921
3530,1,Fast,0.8712841868400574,935,699
3530,1,Fast,0.8628478646278381,1246,855
3530,1,Fast,0.836927592754364,998,513
3530,1,Fast,0.8116375207901001,1097,540
3530,1,Fast,0.7787871956825256,1300,843
3530,1,Fast,0.7779249548912048,889,548
3530,1,Fast,0.7286785840988159,948,388
3530,1,Fast,0.5644157528877258,1008,450
3530,1,Fast,0.4918358027935028,930,307
3530,1,Fast,0.33565935492515564,944,271
3531,1,Fast,0.8925228714942932,1110,935
3531,1,Fast,0.8760067224502563,1242,847
3531,1,Fast,0.874563455581665,938,705
3531,1,Fast,0.84368896484375,995,508
3531,1,Fast,0.814946174621582,1095,538
3531,1,Fast,0.8019662499427795,1007,447
3531,1,Fast,0.7822779417037964,947,386
3531,1,Fast,0.7740997672080994,891,552
3531,1,Fast,0.6348665952682495,1295,837
3531,1,Fast,0.4909237325191498,929,305
3532,1,Fast,0.890246570110321,1117,949
3532,1,Fast,0.8739321231842041,940,712
3532,1,Fast,0.839806318283081,892,556
3532,1,Fast,0.8364875316619873,1236,839
3532,1,Fast,0.8297087550163269,993,504
3532,1,Fast,0.7813414335250854,946,383
3532,1,Fast,0.6423487663269043,1093,535
3532,1,Fast,0.6295352578163147,1005,445
3532,1,Fast,0.6148033738136292,1291,830
3532,1,Fast,0.3675774931907654,928,304
3533,1,Fast,0.8918180465698242,1124,963
3533,1,Fast,0.8719873428344727,942,719
3533,1,Fast,0.8249480724334717,991,500
3533,1,Fast,0.818945050239563,893,560
3533,1,Fast,0.8032533526420593,1231,831
3533,1,Fast,0.7774132490158081,1004,442
3533,1,Fast,0.7630653381347656,945,381
3533,1,Fast,0.6628924012184143,1091,531
3533,1,Fast,0.5370712280273438,1285,825
3533,1,Fast,0.3956749439239502,893,844
3533,1,Fast,0.36580702662467957,928,302
3534,1,Fast,0.8839242458343506,1132,978
3534,1,Fast,0.8795342445373535,945,726
3534,1,Fast,0.8401959538459778,895,849
3534,1,Fast,0.82547527551651,1226,825
3534,1,Fast,0.8144316077232361,1089,527
3534,1,Fast,0.7925686836242676,989,496
3534,1,Fast,0.7908093929290771,1003,439
3534,1,Fast,0.7875098586082458,895,565
3534,1,Fast,0.7236987948417664,945,378
3534,1,Fast,0.5701859593391418,1099,633
3534,1,Fast,0.4682627022266388,928,300
3534,1,Fast,0.43038904666900635,966,349
3535,1,Fast,0.8855605721473694,1140,994
3535,1,Fast,0.8796411156654358,948,733
3535,1,Fast,0.8150244355201721,987,492
3535,1,Fast,0.8025244474411011,1221,817
3535,1,Fast,0.795732319355011,1088,525
3535,1,Fast,0.7929534912109375,897,854
3535,1,Fast,0.7853764295578003,896,570
3535,1,Fast,0.7111214995384216,944,375
3535,1,Fast,0.7051140666007996,1002,437
3535,1,Fast,0.5769121050834656,1096,627
3536,1,Fast,0.8831406831741333,1148,1010
3536,1,Fast,0.8798415064811707,951,740
3536,1,Fast,0.8456676006317139,985,489
3536,1,Fast,0.8293089866638184,1086,522
3536,1,Fast,0.8097248077392578,898,575
3536,1,Fast,0.7954015135765076,1215,810
3536,1,Fast,0.7408796548843384,943,372
3536,1,Fast,0.6579969525337219,900,860
3536,1,Fast,0.6553336977958679,1001,435
3536,1,Fast,0.5892335772514343,1092,623
3536,1,Fast,0.3846633732318878,942,264
3536,1,Fast,0.3758065402507782,1273,807
3537,1,Fast,0.8848764300346375,1156,1026
3537,1,Fast,0.8689782023429871,954,748
3537,1,Fast,0.8514844179153442,984,485
3537,1,Fast,0.8390154242515564,1084,519
3537,1,Fast,0.7868549823760986,899,579
3537,1,Fast,0.7839886546134949,1210,803
3537,1,Fast,0.7151533961296082,942,370
3537,1,Fast,0.6983698010444641,1000,433
3537,1,Fast,0.6376394033432007,1007,380
3537,1,Fast,0.5521213412284851,1089,618
3537,1,Fast,0.5012786388397217,901,867
3537,1,Fast,0.3578948974609375,927,296
3538,1,Fast,0.8762218356132507,958,755
3538,1,Fast,0.8538764119148254,1167,1040
3538,1,Fast,0.8268067240715027,982,481
3538,1,Fast,0.8260676264762878,1082,517
3538,1,Fast,0.825118362903595,901,584
3538,1,Fast,0.777389645576477,1205,796
3538,1,Fast,0.5785751342773438,927,294
3538,1,Fast,0.5395040512084961,942,368
3538,1,Fast,0.5074871778488159,999,430
3538,1,Fast,0.3641294538974762,803,545
3538,1,Fast,0.32088643312454224,942,261
3539,1,Fast,0.8752874732017517,962,763
3539,1,Fast,0.8449826836585999,981,476
3539,1,Fast,0.8390676975250244,903,589
3539,1,Fast,0.8268743753433228,1081,514
3539,1,Fast,0.7674611806869507,1201,788
3539,1,Fast,0.6985580921173096,1084,610
3539,1,Fast,0.6923213005065918,941,365
3539,1,Fast,0.6561842560768127,1177,1048
3539,1,Fast,0.6164714694023132,927,292
3539,1,Fast,0.5932263731956482,1486,1054
3539,1,Fast,0.3274589776992798,996,427
3539,1,Fast,0.32067710161209106,805,547
3540,1,Fast,0.8717339038848877,965,771
3540,1,Fast,0.8650031685829163,979,473
3540,1,Fast,0.8171631693840027,1479,1050
3540,1,Fast,0.815775990486145,904,594
3540,1,Fast,0.8132137656211853,1197,781
3540,1,Fast,0.7642741203308105,941,362
3540,1,Fast,0.7000259757041931,1079,512
3540,1,Fast,0.6276785135269165,1185,1057
3540,1,Fast,0.5045779943466187,995,424
3540,1,Fast,0.367813378572464,927,290
3540,1,Fast,0.3446100354194641,1255,784
3541,1,Fast,0.8695070743560791,967,779
3541,1,Fast,0.8638160228729248,1470,1045
3541,1,Fast,0.8515998721122742,978,469
3541,1,Fast,0.7044206857681274,1192,774
3541,1,Fast,0.7032577991485596,906,600
3541,1,Fast,0.6741971373558044,940,360
3541,1,Fast,0.6571029424667358,1077,509
3541,1,Fast,0.5028976798057556,995,423
3541,1,Fast,0.3266713321208954,927,289
3542,1,Fast,0.8853549361228943,1462,1037
3542,1,Fast,0.8746517300605774,970,788
3542,1,Fast,0.7934925556182861,976,466
3542,1,Fast,0.7697625756263733,913,900
3542,1,Fast,0.7575368285179138,1075,506
3542,1,Fast,0.6783409118652344,1188,767
3542,1,Fast,0.5954641103744507,908,606
3542,1,Fast,0.5779890418052673,940,357
3542,1,Fast,0.521185576915741,994,421
3543,1,Fast,0.8935193419456482,1455,1028
3543,1,Fast,0.8728361129760742,974,796
3543,1,Fast,0.811902642250061,915,907
3543,1,Fast,0.7598249316215515,1075,503
3543,1,Fast,0.7575230002403259,974,462
3543,1,Fast,0.7268457412719727,938,356
3543,1,Fast,0.6294547915458679,911,610
3543,1,Fast,0.4531782269477844,1183,760
3543,1,Fast,0.3044663369655609,942,255
3544,1,Fast,0.8820644021034241,977,805
3544,1,Fast,0.8737202286720276,1448,1019
3544,1,Fast,0.8677887916564941,1073,501
3544,1,Fast,0.8043739199638367,972,459
3544,1,Fast,0.7612622976303101,913,616
3544,1,Fast,0.736557126045227,939,353
3544,1,Fast,0.6678499579429626,917,914
3544,1,Fast,0.5875371098518372,992,416
3544,1,Fast,0.4854348301887512,1178,754
3545,1,Fast,0.8794651627540588,981,812
3545,1,Fast,0.8575196266174316,1442,1010
3545,1,Fast,0.8361284732818604,1071,497
3545,1,Fast,0.8270375728607178,971,455
3545,1,Fast,0.739911675453186,938,351
3545,1,Fast,0.7064151763916016,915,621
3545,1,Fast,0.623807966709137,991,414
3545,1,Fast,0.44892215728759766,920,921
3545,1,Fast,0.40997445583343506,941,253
3545,1,Fast,0.39979541301727295,1174,746
3546,1,Fast,0.8801764845848083,984,821
3546,1,Fast,0.8596920967102051,1434,1003
3546,1,Fast,0.8459857106208801,1069,494
3546,1,Fast,0.8251203894615173,969,452
3546,1,Fast,0.7506380677223206,937,348
3546,1,Fast,0.727323055267334,917,627
3546,1,Fast,0.708867609500885,990,412
3546,1,Fast,0.5893462300300598,1169,741
3546,1,Fast,0.43802353739738464,1067,578
3547,1,Fast,0.8790029287338257,989,829
3547,1,Fast,0.8487244844436646,1068,492
3547,1,Fast,0.8393048048019409,1429,994
3547,1,Fast,0.832230269908905,968,448
3547,1,Fast,0.7361446619033813,1165,735
3547,1,Fast,0.7242581844329834,918,633
3547,1,Fast,0.7237432599067688,937,346
3547,1,Fast,0.7168663740158081,989,408
3547,1,Fast,0.6348546147346497,925,280
3547,1,Fast,0.4216885566711426,1420,1068
3547,1,Fast,0.3699350655078888,1064,574
3547,1,Fast,0.30591386556625366,941,252
3548,1,Fast,0.8852609395980835,992,837
3548,1,Fast,0.8548909425735474,1422,987
3548,1,Fast,0.8456496596336365,967,445
3548,1,Fast,0.7972292304039001,920,639
3548,1,Fast,0.7262779474258423,937,343
3548,1,Fast,0.702875554561615,1161,729
3548,1,Fast,0.6810138821601868,988,407
3548,1,Fast,0.6120839715003967,1067,489
3548,1,Fast,0.6009007692337036,925,278
3548,1,Fast,0.5115362405776978,1063,570
3548,1,Fast,0.4983983337879181,959,324
3549,1,Fast,0.8804118633270264,996,846
3549,1,Fast,0.8483603000640869,965,441
3549,1,Fast,0.8291541934013367,922,645
3549,1,Fast,0.8258287906646729,1416,978
3549,1,Fast,0.7893180847167969,1158,724
3549,1,Fast,0.7751721143722534,1065,487
3549,1,Fast,0.7472688555717468,936,341
3549,1,Fast,0.529167652130127,987,405
3549,1,Fast,0.4722047448158264,812,576
3549,1,Fast,0.4413197636604309,958,322
3549,1,Fast,0.3164006173610687,925,277
3550,1,Fast,0.8894900679588318,1410,970
3550,1,Fast,0.8864220380783081,1000,856
3550,1,Fast,0.8463429808616638,924,650
3550,1,Fast,0.8384574055671692,964,438
3550,1,Fast,0.8059972524642944,1063,484
3550,1,Fast,0.7620708346366882,1154,717
3550,1,Fast,0.7346973419189453,936,339
3550,1,Fast,0.6529695987701416,986,403
3550,1,Fast,0.344229519367218,1057,562
3550,1,Fast,0.3214362859725952,925,275
3550,1,Fast,0.3208872973918915,1382,1049
3551,1,Fast,0.8976899981498718,1005,865
3551,1,Fast,0.8857371211051941,1404,962
3551,1,Fast,0.8413987755775452,926,655
3551,1,Fast,0.8334465622901917,1062,481
3551,1,Fast,0.7915307283401489,963,435
3551,1,Fast,0.7699962854385376,935,337
3551,1,Fast,0.7405745387077332,1150,710
3551,1,Fast,0.7387968301773071,985,401
3551,1,Fast,0.6897449493408203,1373,1042
3552,1,Fast,0.8924635052680969,1009,876
3552,1,Fast,0.8796184659004211,1398,955
3552,1,Fast,0.8454558849334717,1061,480
3552,1,Fast,0.8043206930160522,962,431
3552,1,Fast,0.785256028175354,928,662
3552,1,Fast,0.7648322582244873,935,335
3552,1,Fast,0.7358309030532837,1146,704
3552,1,Fast,0.7350276708602905,984,399
3552,1,Fast,0.6387287974357605,1053,553
3552,1,Fast,0.5260341763496399,1210,723
3552,1,Fast,0.4802798926830292,1365,1031
3553,1,Fast,0.8913869261741638,1012,886
3553,1,Fast,0.8874226212501526,1393,947
3553,1,Fast,0.8583210110664368,1060,477
3553,1,Fast,0.7825577855110168,959,429
3553,1,Fast,0.7502709031105042,1356,1019
3553,1,Fast,0.7056729197502136,934,333
3553,1,Fast,0.66220623254776,1143,698
3553,1,Fast,0.640984058380127,930,668
3553,1,Fast,0.5459396839141846,982,396
3554,1,Fast,0.8923689126968384,1017,896
3554,1,Fast,0.8838245868682861,1387,941
3554,1,Fast,0.8755685687065125,1058,475
3554,1,Fast,0.826614499092102,958,425
3554,1,Fast,0.7988315224647522,933,674
3554,1,Fast,0.7550540566444397,1139,694
3554,1,Fast,0.7072574496269226,934,332
3554,1,Fast,0.6933882236480713,1348,1009
3554,1,Fast,0.561297595500946,1204,713
3554,1,Fast,0.43524783849716187,1353,1071
3554,1,Fast,0.30259814858436584,981,394
3555,1,Fast,0.8895708918571472,1021,907
3555,1,Fast,0.8817203640937805,1381,932
3555,1,Fast,0.871738076210022,1056,473
3555,1,Fast,0.8433390855789185,957,423
3555,1,Fast,0.8333356976509094,936,679
3555,1,Fast,0.8014937043190002,1136,687
3555,1,Fast,0.746054470539093,1337,1064
3555,1,Fast,0.7210001945495605,933,330
3555,1,Fast,0.6972571611404419,1341,998
3556,1,Fast,0.8859017491340637,1025,917
3556,1,Fast,0.8805158138275146,1376,925
3556,1,Fast,0.8467017412185669,1054,470
3556,1,Fast,0.8059694170951843,1333,987
3556,1,Fast,0.8010956048965454,956,420
3556,1,Fast,0.7976479530334473,1323,1055
3556,1,Fast,0.7674208283424377,938,686
3556,1,Fast,0.7364809513092041,1132,681
3556,1,Fast,0.7019298076629639,933,328
3556,1,Fast,0.6452401876449585,1197,704
3557,1,Fast,0.8914245367050171,1030,926
3557,1,Fast,0.8848675489425659,1370,918
3557,1,Fast,0.8704813718795776,1325,976
3557,1,Fast,0.8664937019348145,1308,1048
3557,1,Fast,0.847142219543457,1053,467
3557,1,Fast,0.8384024500846863,955,416
3557,1,Fast,0.8246197700500488,940,693
3557,1,Fast,0.7796714901924133,1129,675
3557,1,Fast,0.7511136531829834,933,326
3557,1,Fast,0.6822819113731384,818,601
3557,1,Fast,0.445684552192688,923,265
3557,1,Fast,0.3970966637134552,1192,699
3557,1,Fast,0.37671831250190735,979,387
3557,1,Fast,0.3127300441265106,1044,536
3558,1,Fast,0.8939434289932251,1297,1035
3558,1,Fast,0.8925448060035706,1318,965
3558,1,Fast,0.8898867964744568,1034,936
3558,1,Fast,0.8865026831626892,1364,911
3558,1,Fast,0.8353613018989563,1052,465
3558,1,Fast,0.8347179293632507,954,413
3558,1,Fast,0.7617701292037964,943,699
3558,1,Fast,0.7599744200706482,933,324
3558,1,Fast,0.7065666317939758,1126,670
3558,1,Fast,0.6803464889526367,818,605
3558,1,Fast,0.5066641569137573,1041,531
3558,1,Fast,0.48792025446891785,923,263
3558,1,Fast,0.38645994663238525,978,386
3559,1,Fast,0.8987146615982056,1038,946
3559,1,Fast,0.8953332304954529,1287,1020
3559,1,Fast,0.8938234448432922,1311,955
3559,1,Fast,0.8847975134849548,1359,902
3559,1,Fast,0.8373424410820007,953,410
3559,1,Fast,0.8369620442390442,945,707
3559,1,Fast,0.8232327699661255,1051,463
3559,1,Fast,0.7908554673194885,932,322
3559,1,Fast,0.7364823818206787,1122,664
3559,1,Fast,0.7165687680244446,1040,527
3559,1,Fast,0.5718331336975098,977,384
3559,1,Fast,0.5064979791641235,1188,689
3559,1,Fast,0.4474494159221649,819,607
3559,1,Fast,0.32923415303230286,955,307
3560,1,Fast,0.8938505053520203,1044,958
3560,1,Fast,0.8890709280967712,1278,1005
3560,1,Fast,0.886907696723938,1353,897
3560,1,Fast,0.8750753402709961,1304,945
3560,1,Fast,0.8252257704734802,948,713
3560,1,Fast,0.8240372538566589,1050,460
3560,1,Fast,0.8149680495262146,952,407
3560,1,Fast,0.7913418412208557,931,320
3560,1,Fast,0.7443541884422302,1119,659
3560,1,Fast,0.6279378533363342,955,306
3560,1,Fast,0.6025120615959167,976,381
3560,1,Fast,0.4349285960197449,922,260
3561,1,Fast,0.8947136402130127,1268,991
3561,1,Fast,0.8891448974609375,1049,969
3561,1,Fast,0.8867150545120239,1348,890
3561,1,Fast,0.8583288788795471,950,720
3561,1,Fast,0.8512465357780457,1048,458
3561,1,Fast,0.8292379975318909,1297,934
3561,1,Fast,0.7557727098464966,931,318
3561,1,Fast,0.7528916001319885,951,404
3561,1,Fast,0.6276726722717285,975,379
3561,1,Fast,0.6041197776794434,1116,654
3561,1,Fast,0.41765835881233215,1179,679
3561,1,Fast,0.3858792185783386,954,304
3561,1,Fast,0.3338734209537506,922,259
3562,1,Fast,0.8921104073524475,1055,981
3562,1,Fast,0.8885105848312378,1260,978
3562,1,Fast,0.8858067989349365,1343,883
3562,1,Fast,0.8543601036071777,1047,456
3562,1,Fast,0.849776029586792,1290,925
3562,1,Fast,0.8493421673774719,952,727
3562,1,Fast,0.8079404234886169,950,401
3562,1,Fast,0.7350763082504272,975,378
3562,1,Fast,0.7054036259651184,1177,675
3562,1,Fast,0.6682255864143372,930,316
3562,1,Fast,0.6346919536590576,1112,649
3562,1,Fast,0.3470546007156372,1035,516
3563,1,Fast,0.901664137840271,1061,993
3563,1,Fast,0.8930982947349548,1250,965
3563,1,Fast,0.8883259892463684,1338,876
3563,1,Fast,0.8726999163627625,955,733
3563,1,Fast,0.8570073246955872,1046,454
3563,1,Fast,0.8320400714874268,948,399
3563,1,Fast,0.744139552116394,1283,915
3563,1,Fast,0.7025976181030273,974,376
3563,1,Fast,0.5795732736587524,930,314
3563,1,Fast,0.5792855620384216,1109,644
3563,1,Fast,0.5701077580451965,1174,671
3564,1,Fast,0.895095705986023,1066,1007
3564,1,Fast,0.8892499804496765,1243,951
3564,1,Fast,0.8842245936393738,1333,869
3564,1,Fast,0.8677492141723633,958,741
3564,1,Fast,0.8432332873344421,1044,451
3564,1,Fast,0.831108808517456,947,396
3564,1,Fast,0.7677085995674133,1278,905
3564,1,Fast,0.7065340280532837,930,312
3564,1,Fast,0.6782872080802917,1106,640
3564,1,Fast,0.6333065629005432,1170,667
3564,1,Fast,0.6128628253936768,974,374
3564,1,Fast,0.5961452722549438,1096,548
3565,1,Fast,0.8974673748016357,1235,939
3565,1,Fast,0.8961915969848633,1072,1019
3565,1,Fast,0.8854712843894958,1328,862
3565,1,Fast,0.8719696402549744,961,749
3565,1,Fast,0.8343307375907898,1272,896
3565,1,Fast,0.8231640458106995,1043,449
3565,1,Fast,0.7884311676025391,947,393
3565,1,Fast,0.6927688717842102,930,311
3565,1,Fast,0.6423275470733643,1103,634
3565,1,Fast,0.5600542426109314,973,372
3565,1,Fast,0.5288065671920776,1167,664
3566,1,Fast,0.8916234374046326,1226,926
3566,1,Fast,0.8873710632324219,1323,856
3566,1,Fast,0.8871089816093445,1077,1031
3566,1,Fast,0.8710113763809204,964,756
3566,1,Fast,0.823250949382782,1042,447
3566,1,Fast,0.7365099787712097,1265,887
3566,1,Fast,0.6892443299293518,1101,629
3566,1,Fast,0.6706647276878357,1165,658
3566,1,Fast,0.6203171014785767,945,391
3566,1,Fast,0.5669291615486145,930,309
3566,1,Fast,0.4683021306991577,973,370
3566,1,Fast,0.4286072552204132,828,633
3566,1,Fast,0.3536962866783142,1027,503
3567,1,Fast,0.8902605175971985,1319,850
3567,1,Fast,0.890070378780365,1219,913
3567,1,Fast,0.8668707609176636,1083,1040
3567,1,Fast,0.8663053512573242,967,763
3567,1,Fast,0.8569170832633972,1258,878
3567,1,Fast,0.8068931698799133,1162,655
3567,1,Fast,0.7610681653022766,1041,444
3567,1,Fast,0.6704456806182861,945,388
3567,1,Fast,0.6440528631210327,1099,625
3567,1,Fast,0.5891726016998291,930,307
3567,1,Fast,0.5359230041503906,828,637
3567,1,Fast,0.4379425048828125,972,369
3568,1,Fast,0.8877675533294678,1313,844
3568,1,Fast,0.8647282719612122,1211,899
3568,1,Fast,0.8627294898033142,1088,1047
3568,1,Fast,0.8606436848640442,970,773
3568,1,Fast,0.8540497422218323,1040,442
3568,1,Fast,0.8058494925498962,1159,651
3568,1,Fast,0.7974718809127808,1252,869
3568,1,Fast,0.756617546081543,943,385
3568,1,Fast,0.5811725854873657,971,367
3568,1,Fast,0.5175161361694336,1096,621
3568,1,Fast,0.4913860857486725,930,305
3569,1,Fast,0.8862095475196838,1309,838
3569,1,Fast,0.8563269376754761,1203,887
3569,1,Fast,0.8461682200431824,1039,440
3569,1,Fast,0.8422361612319946,973,781
3569,1,Fast,0.8383155465126038,1096,1053
3569,1,Fast,0.8079515099525452,1246,860
3569,1,Fast,0.7588877081871033,943,381
3569,1,Fast,0.7585735321044922,1157,647
3569,1,Fast,0.6450483202934265,970,364
3569,1,Fast,0.49330127239227295,929,304
3569,1,Fast,0.41527557373046875,1092,615
3569,1,Fast,0.3651333153247833,1087,533
3570,1,Fast,0.8819406628608704,1304,832
3570,1,Fast,0.8691601753234863,1196,876
3570,1,Fast,0.8448774814605713,1038,437
3570,1,Fast,0.830111026763916,976,790
3570,1,Fast,0.7942752838134766,1241,852
3570,1,Fast,0.760396420955658,942,378
3570,1,Fast,0.7386944890022278,1101,1060
3570,1,Fast,0.6502391695976257,970,362
3570,1,Fast,0.5737728476524353,929,302
3570,1,Fast,0.5243499875068665,1153,642
3570,1,Fast,0.48747849464416504,1456,1040
3570,1,Fast,0.4326930046081543,1089,610
3570,1,Fast,0.3077657222747803,1086,531
3571,1,Fast,0.8760296702384949,1300,826
3571,1,Fast,0.8316441178321838,1234,843
3571,1,Fast,0.823645830154419,1189,865
3571,1,Fast,0.8215320706367493,980,798
3571,1,Fast,0.8175504207611084,1036,436
3571,1,Fast,0.7783114910125732,941,376
3571,1,Fast,0.7728875875473022,1152,638
3571,1,Fast,0.6446691751480103,1109,1067
3571,1,Fast,0.5853000283241272,928,301
3571,1,Fast,0.49073854088783264,970,361
3571,1,Fast,0.43761059641838074,1084,528
3571,1,Fast,0.3852899372577667,1087,606
3572,1,Fast,0.8678680062294006,1295,820
3572,1,Fast,0.841643214225769,983,807
3572,1,Fast,0.8278996348381042,1183,853
3572,1,Fast,0.8197034001350403,1035,434
3572,1,Fast,0.8110374212265015,1229,836
3572,1,Fast,0.767458438873291,941,373
3572,1,Fast,0.6811359524726868,1082,525
3572,1,Fast,0.4620154798030853,1148,634
3572,1,Fast,0.43394654989242554,928,299
3572,1,Fast,0.39448684453964233,1084,601
3573,1,Fast,0.8784428238868713,1291,814
3573,1,Fast,0.8621805310249329,987,815
3573,1,Fast,0.8568866848945618,1176,843
3573,1,Fast,0.8083888292312622,939,371
3573,1,Fast,0.8014025092124939,1223,827
3573,1,Fast,0.6658904552459717,1033,432
3573,1,Fast,0.635783314704895,968,357
3573,1,Fast,0.6205573678016663,927,298
3573,1,Fast,0.5392926931381226,949,288
3573,1,Fast,0.41264259815216064,1146,631
3574,1,Fast,0.8734529614448547,1287,809
3574,1,Fast,0.8675544857978821,990,823
3574,1,Fast,0.8644976615905762,1169,833
3574,1,Fast,0.8335694670677185,1032,430
3574,1,Fast,0.8137086629867554,938,369
3574,1,Fast,0.747365415096283,1219,820
3574,1,Fast,0.7330769300460815,927,296
3574,1,Fast,0.6879633665084839,968,355
3574,1,Fast,0.5384364724159241,950,287
3574,1,Fast,0.36051124334335327,1079,520
3575,1,Fast,0.8707953691482544,994,831
3575,1,Fast,0.8672757148742676,1282,803
3575,1,Fast,0.8304302096366882,1162,823
3575,1,Fast,0.8213189244270325,937,367
3575,1,Fast,0.7633917927742004,1213,811
3575,1,Fast,0.762569785118103,1031,427
3575,1,Fast,0.7502326369285583,927,294
3575,1,Fast,0.7400041222572327,967,353
3575,1,Fast,0.5812817215919495,1076,589
3575,1,Fast,0.5601564049720764,1419,994
3575,1,Fast,0.4836598336696625,950,286
3576,1,Fast,0.8793075680732727,998,840
3576,1,Fast,0.8726801872253418,1156,812
3576,1,Fast,0.8720616698265076,1278,797
3576,1,Fast,0.8211359977722168,936,364
3576,1,Fast,0.820684552192688,1208,803
3576,1,Fast,0.777520477771759,1031,425
3576,1,Fast,0.7567580342292786,927,292
3576,1,Fast,0.7485860586166382,966,351
3576,1,Fast,0.7330855131149292,1413,987
3576,1,Fast,0.5597437024116516,1075,515
3576,1,Fast,0.48744338750839233,949,284
3576,1,Fast,0.3951856195926666,1074,584
3576,2,Slow,0.38116466999053955,1013,472
3577,1,Fast,0.890731930732727,1002,849
3577,1,Fast,0.8762751221656799,1274,791
3577,1,Fast,0.8699854612350464,1149,801
3577,1,Fast,0.851499617099762,1203,796
3577,1,Fast,0.8020304441452026,936,362
3577,1,Fast,0.7501779794692993,927,291
3577,1,Fast,0.7442909479141235,1029,423
3577,1,Fast,0.7148897647857666,965,349
3577,1,Fast,0.5728870630264282,1074,512
3577,1,Fast,0.4358898997306824,1071,580
3577,1,Fast,0.3994840085506439,949,283
3577,1,Fast,0.37559330463409424,1135,616
3578,1,Fast,0.894481897354126,1006,859
3578,1,Fast,0.8663151264190674,1270,786
3578,1,Fast,0.8551666736602783,1144,792
3578,1,Fast,0.8196594715118408,1028,422
3578,1,Fast,0.7690973877906799,1199,788
3578,1,Fast,0.755809485912323,936,359
3578,1,Fast,0.7281255722045898,965,348
3578,1,Fast,0.6888737082481384,1071,509
3578,1,Fast,0.677872359752655,927,290
3578,1,Fast,0.666147768497467,1009,466
3578,1,Fast,0.5259205102920532,1399,968
3578,1,Fast,0.3518759310245514,1132,611
3579,1,Fast,0.8822295069694519,1010,870
3579,1,Fast,0.863251268863678,1266,781
3579,1,Fast,0.8450484275817871,1139,783
3579,1,Fast,0.8289837837219238,935,356
3579,1,Fast,0.7792642116546631,1027,421
3579,1,Fast,0.7563674449920654,1070,506
3579,1,Fast,0.6677306294441223,926,288
3579,1,Fast,0.630384087562561,964,346
3579,1,Fast,0.626606285572052,1130,607
3579,1,Fast,0.6205610036849976,1008,462
3579,1,Fast,0.614213228225708,1194,781
3579,1,Fast,0.5337311625480652,1393,960
3580,1,Fast,0.8793182969093323,1014,881
3580,1,Fast,0.831556499004364,1262,775
3580,1,Fast,0.8252699375152588,935,354
3580,1,Fast,0.7774865031242371,1069,503
3580,1,Fast,0.7710070610046387,1132,773
3580,1,Fast,0.7266738414764404,1128,604
3580,1,Fast,0.6904351711273193,1189,774
3580,1,Fast,0.5122965574264526,926,286
3580,1,Fast,0.4707641303539276,1026,418
3580,1,Fast,0.4079432189464569,948,280
3580,1,Fast,0.40256255865097046,1385,952
3580,1,Fast,0.32541459798812866,1065,566
3580,1,Fast,0.30844810605049133,964,345
3581,1,Fast,0.8791041374206543,1018,891
3581,1,Fast,0.8283900618553162,1258,770
3581,1,Fast,0.8221367597579956,934,352
3581,1,Fast,0.7894346117973328,1127,764
3581,1,Fast,0.7545357942581177,1067,500
3581,1,Fast,0.7118057012557983,1184,767
3581,1,Fast,0.6217360496520996,1025,416
3581,1,Fast,0.489094078540802,963,343
3581,1,Fast,0.471488893032074,1379,944
3582,1,Fast,0.8725070357322693,1022,903
3582,1,Fast,0.844343364238739,1255,765
3582,1,Fast,0.8155542016029358,1122,755
3582,1,Fast,0.8016691207885742,934,349
3582,1,Fast,0.7107008099555969,1066,498
3582,1,Fast,0.6685168147087097,1023,414
3582,1,Fast,0.6219419240951538,1396,1055
3582,1,Fast,0.5544478297233582,1374,936
3582,1,Fast,0.5338631272315979,1059,560
3582,1,Fast,0.526913583278656,1004,453
3582,1,Fast,0.4043852388858795,926,283
3582,1,Fast,0.3276602029800415,1179,760
3582,1,Fast,0.3269929885864258,849,699
3583,1,Fast,0.8711855411529541,1026,913
3583,1,Fast,0.8496778607368469,1251,760
3583,1,Fast,0.8020983338356018,1366,929
3583,1,Fast,0.7992424964904785,1174,753
3583,1,Fast,0.7959733009338379,1385,1049
3583,1,Fast,0.7794533371925354,933,347
3583,1,Fast,0.7688744068145752,1117,747
3583,1,Fast,0.7559953331947327,1056,555
3583,1,Fast,0.7552052736282349,1022,412
3583,1,Fast,0.7166339755058289,1064,496
3583,1,Fast,0.4540160596370697,1121,593
3583,1,Fast,0.4536761939525604,925,282
3583,1,Fast,0.3683440387248993,1003,451
3584,1,Fast,0.8722509145736694,1031,922
3584,1,Fast,0.8442169427871704,1111,738
3584,1,Fast,0.8340537548065186,1246,754
3584,1,Fast,0.8221810460090637,1360,921
3584,1,Fast,0.7778586149215698,1377,1038
3584,1,Fast,0.6962895393371582,1170,746
3584,1,Fast,0.682059645652771,933,345
3584,1,Fast,0.6752912998199463,1002,449
3584,1,Fast,0.6407597064971924,1063,493
3584,1,Fast,0.6054054498672485,1054,551
3584,1,Fast,0.417309045791626,924,280
3584,1,Fast,0.3993512988090515,1022,410
3584,1,Fast,0.30574479699134827,962,337
3585,1,Fast,0.8894937038421631,1035,931
3585,1,Fast,0.8647269606590271,1243,749
3585,1,Fast,0.8442447781562805,1107,729
3585,1,Fast,0.8106004595756531,1165,740
3585,1,Fast,0.7938830256462097,1001,445
3585,1,Fast,0.7876643538475037,931,343
3585,1,Fast,0.7443951368331909,1022,408
3585,1,Fast,0.6774265170097351,1369,1027
3585,1,Fast,0.6032641530036926,1062,490
3585,1,Fast,0.5767256617546082,1354,913
3585,1,Fast,0.45566052198410034,1053,548
3585,1,Fast,0.4222852289676666,925,278
3585,1,Fast,0.32851365208625793,1117,587
3586,1,Fast,0.8854475617408752,1040,942
3586,1,Fast,0.8598755598068237,1101,721
3586,1,Fast,0.8491336107254028,1239,744
3586,1,Fast,0.774260401725769,930,341
3586,1,Fast,0.7629146575927734,1162,733
3586,1,Fast,0.7455968260765076,1359,1014
3586,1,Fast,0.6922051310539246,1020,407
3586,1,Fast,0.6762431263923645,1050,544
3586,1,Fast,0.4770366847515106,924,276
3586,1,Fast,0.3743184208869934,1349,905
3586,1,Fast,0.35466256737709045,1059,487
3587,1,Fast,0.8796156644821167,1045,953
3587,1,Fast,0.840519905090332,1236,739
3587,1,Fast,0.8266921639442444,1097,713
3587,1,Fast,0.7689553499221802,1059,484
3587,1,Fast,0.741736888885498,1351,1002
3587,1,Fast,0.724383533000946,1157,727
3587,1,Fast,0.6340739130973816,930,339
3587,1,Fast,0.6109119653701782,1049,540
3587,1,Fast,0.4838637113571167,1020,405
3587,1,Fast,0.3526090085506439,925,275
3588,1,Fast,0.8858554363250732,1049,964
3588,1,Fast,0.8597148060798645,1092,705
3588,1,Fast,0.8492283225059509,1232,735
3588,1,Fast,0.8346277475357056,1342,991
3588,1,Fast,0.8149933218955994,1057,482
3588,1,Fast,0.6870071291923523,1154,720
3588,1,Fast,0.5993699431419373,998,438
3588,1,Fast,0.5579702258110046,929,336
3588,1,Fast,0.4322810471057892,1110,577
3588,1,Fast,0.3980366587638855,1046,536
3588,1,Fast,0.3891717493534088,924,273
3589,1,Fast,0.8846966028213501,1055,977
3589,1,Fast,0.8079144954681396,1229,730
3589,1,Fast,0.7839524745941162,1056,480
3589,1,Fast,0.7615715861320496,1088,697
3589,1,Fast,0.7380625605583191,1334,980
3589,1,Fast,0.7209557294845581,928,334
3589,1,Fast,0.6651491522789001,1109,574
3589,1,Fast,0.6302561163902283,1044,532
3589,1,Fast,0.5565189123153687,1149,714
3589,1,Fast,0.3191719353199005,958,328
3590,1,Fast,0.8982939720153809,1061,987
3590,1,Fast,0.8453126549720764,1326,970
3590,1,Fast,0.8248780369758606,1042,528
3590,1,Fast,0.8209647536277771,1054,478
3590,1,Fast,0.81233811378479,1225,726
3590,1,Fast,0.7492312788963318,1083,689
3590,1,Fast,0.7288044691085815,928,332
3590,1,Fast,0.669934868812561,1145,708
3590,1,Fast,0.6177241206169128,995,432
3590,1,Fast,0.5699521899223328,959,327
3590,1,Fast,0.3445083796977997,1326,876
3591,1,Fast,0.8966142535209656,1066,1002
3591,1,Fast,0.8604410886764526,1319,959
3591,1,Fast,0.8558668494224548,1222,721
3591,1,Fast,0.8188055753707886,1040,525
3591,1,Fast,0.8139463663101196,1053,476
3591,1,Fast,0.8023414015769958,1079,682
3591,1,Fast,0.7202579975128174,1321,869
3591,1,Fast,0.5720255374908447,928,330
3591,1,Fast,0.5652415752410889,1142,701
3591,1,Fast,0.5528834462165833,958,326
3591,1,Fast,0.37538275122642517,924,268
3592,1,Fast,0.8884485960006714,1072,1015
3592,1,Fast,0.849369466304779,1218,716
3592,1,Fast,0.8467500805854797,1311,950
3592,1,Fast,0.8377771377563477,1075,674
3592,1,Fast,0.8313501477241516,1039,521
3592,1,Fast,0.7785190939903259,1051,475
3592,1,Fast,0.7743919491767883,1315,863
3592,1,Fast,0.7220876216888428,866,749
3592,1,Fast,0.6624577045440674,928,327
3592,1,Fast,0.5951701998710632,958,325
3592,1,Fast,0.5088379383087158,1103,565
3592,1,Fast,0.506689727306366,1138,696
3592,1,Fast,0.40023770928382874,924,267
3593,1,Fast,0.8822916746139526,1078,1029
3593,1,Fast,0.8684213161468506,1214,711
3593,1,Fast,0.8569334149360657,1304,939
3593,1,Fast,0.8514816164970398,1310,856
3593,1,Fast,0.836445152759552,1071,667
3593,1,Fast,0.8333937525749207,1038,518
3593,1,Fast,0.8190537691116333,1133,690
3593,1,Fast,0.8063697218894958,1100,561
3593,1,Fast,0.7283352613449097,927,326
3593,1,Fast,0.7108686566352844,1050,472
3593,1,Fast,0.6130209565162659,957,324
3593,1,Fast,0.5461912155151367,1014,394
3593,1,Fast,0.5082683563232422,868,754
3593,1,Fast,0.34772396087646484,924,266
3594,1,Fast,0.8709113001823425,1083,1041
3594,1,Fast,0.8690767884254456,1211,707
3594,1,Fast,0.8477261662483215,1067,660
3594,1,Fast,0.8249265551567078,1297,929
3594,1,Fast,0.8221900463104248,1304,848
3594,1,Fast,0.819003701210022,1036,515
3594,1,Fast,0.8059990406036377,1098,557
3594,1,Fast,0.7796873450279236,1130,684
3594,1,Fast,0.7404046654701233,927,324
3594,1,Fast,0.6783972382545471,957,322
3594,1,Fast,0.6752026677131653,1049,469
3594,1,Fast,0.6270211935043335,870,759
3594,1,Fast,0.6233446598052979,1013,392
3594,1,Fast,0.41439884901046753,923,265
3595,1,Fast,0.8713874220848083,1208,702
3595,1,Fast,0.8583435416221619,1299,843
3595,1,Fast,0.8573698997497559,1290,918
3595,1,Fast,0.8550626039505005,1089,1048
3595,1,Fast,0.8377978801727295,1063,654
3595,1,Fast,0.830784797668457,1126,679
3595,1,Fast,0.8216133117675781,1096,554
3595,1,Fast,0.800282895565033,1034,511
3595,1,Fast,0.7721765637397766,927,322
3595,1,Fast,0.7597142457962036,1047,467
3595,1,Fast,0.6322983503341675,1013,391
3595,1,Fast,0.5864021182060242,989,420
3595,1,Fast,0.5622820854187012,957,320
3595,1,Fast,0.36363375186920166,873,765
3596,1,Fast,0.867910623550415,1283,908
3596,1,Fast,0.8599483966827393,1204,698
3596,1,Fast,0.8507391810417175,1060,647
3596,1,Fast,0.8373008966445923,1122,673
3596,1,Fast,0.8353728652000427,1097,1055
3596,1,Fast,0.8190956115722656,1095,550
3596,1,Fast,0.7822261452674866,926,319
3596,1,Fast,0.7642320990562439,1294,836
3596,1,Fast,0.7639656066894531,1031,508
3596,1,Fast,0.756266176700592,1046,464
3596,1,Fast,0.527809739112854,988,419
3596,1,Fast,0.48474404215812683,956,319
3597,1,Fast,0.8627508282661438,1201,694
3597,1,Fast,0.8279175758361816,1277,899
3597,1,Fast,0.82410728931427,1289,830
3597,1,Fast,0.8166986107826233,1057,640
3597,1,Fast,0.7762176990509033,1119,667
3597,1,Fast,0.7584630846977234,926,318
3597,1,Fast,0.7165328860282898,1105,1062
3597,1,Fast,0.6829665899276733,1092,547
3597,1,Fast,0.5936801433563232,1011,387
3597,1,Fast,0.5729455947875977,1029,504
3597,1,Fast,0.49117541313171387,1045,461
3597,1,Fast,0.36333730816841125,955,317
3598,1,Fast,0.8359032273292542,1198,690
3598,1,Fast,0.8165885806083679,1271,889
3598,1,Fast,0.7983793616294861,1284,824
3598,1,Fast,0.7598614692687988,1053,633
3598,1,Fast,0.7374441027641296,879,784
3598,1,Fast,0.7274034023284912,986,412
3598,1,Fast,0.7265313267707825,1028,501
3598,1,Fast,0.7245092988014221,1115,662
3598,1,Fast,0.6874275803565979,925,316
3598,1,Fast,0.6096013188362122,1111,1069
3598,1,Fast,0.4970608055591583,1091,545
3598,1,Fast,0.4657145142555237,1044,459
3598,1,Fast,0.3169233202934265,1010,385
3599,1,Fast,0.811937689781189,881,790
3599,1,Fast,0.8092824220657349,1195,685
3599,1,Fast,0.7809474468231201,1049,627
3599,1,Fast,0.7735070586204529,985,410
3599,1,Fast,0.6964488625526428,1279,818
3599,1,Fast,0.6618261933326721,1026,498
3599,1,Fast,0.6267784833908081,1264,880
3599,1,Fast,0.624915599822998,1043,457
3599,1,Fast,0.5346310138702393,1112,656
3599,1,Fast,0.5285783410072327,1010,384
3599,1,Fast,0.40306928753852844,925,314
3599,1,Fast,0.3238271176815033,1417,1064
3599,1,Fast,0.30526435375213623,1088,541
3600,1,Fast,0.8500785231590271,883,795
3600,1,Fast,0.8208293318748474,1046,621
3600,1,Fast,0.8042723536491394,1192,681
3600,1,Fast,0.7934219837188721,984,408
3600,1,Fast,0.7440647482872009,1024,494
3600,1,Fast,0.7304235696792603,924,312
3600,1,Fast,0.7181681990623474,1275,811
3600,1,Fast,0.6069421768188477,1258,871
3600,1,Fast,0.5795146822929382,1042,455
3600,1,Fast,0.5459751486778259,1109,652
3600,1,Fast,0.5443001985549927,1009,381
3600,1,Fast,0.5174439549446106,1401,1057
3600,1,Fast,0.43800047039985657,1086,538
3600,1,Fast,0.30625709891319275,955,312
3601,1,Fast,0.8563085794448853,1189,676
3601,1,Fast,0.848447322845459,884,801
3601,1,Fast,0.8268378376960754,1043,615
3601,1,Fast,0.8222867250442505,1106,646
3601,1,Fast,0.8164855241775513,1023,491
3601,1,Fast,0.7781917452812195,924,310
3601,1,Fast,0.7291824221611023,1271,806
3601,1,Fast,0.7210569977760315,983,406
3601,1,Fast,0.7163082957267761,1009,379
3601,1,Fast,0.5235916376113892,1085,536
3601,1,Fast,0.4416847825050354,1040,454
3601,1,Fast,0.40678536891937256,1390,1051
3601,1,Fast,0.40506306290626526,1251,863
3602,1,Fast,0.8716309666633606,1186,671
3602,1,Fast,0.8395426869392395,886,806
3602,1,Fast,0.808569610118866,1021,487
3602,1,Fast,0.8024122714996338,1040,608
3602,1,Fast,0.794921338558197,1266,799
3602,1,Fast,0.7941666841506958,923,308
3602,1,Fast,0.7376199960708618,1103,640
3602,1,Fast,0.7254577279090881,982,403
3602,1,Fast,0.7182714343070984,1007,377
3602,1,Fast,0.658494770526886,1379,1039
3602,1,Fast,0.5502495765686035,954,309
3602,1,Fast,0.5142435431480408,1245,855
3602,1,Fast,0.3314651548862457,1084,533
3603,1,Fast,0.8675805926322937,1182,668
3603,1,Fast,0.8374964594841003,1370,1026
3603,1,Fast,0.8178275227546692,1036,602
3603,1,Fast,0.8066142797470093,1020,484
3603,1,Fast,0.8019261360168457,923,306
3603,1,Fast,0.7925479412078857,888,811
3603,1,Fast,0.7883089184761047,1037,448
3603,1,Fast,0.755516529083252,981,401
3603,1,Fast,0.7498055100440979,1099,635
3603,1,Fast,0.7252440452575684,1459,1043
3603,1,Fast,0.716859757900238,1082,530
3603,1,Fast,0.6902759075164795,1239,846
3603,1,Fast,0.6861072182655334,1007,376
3603,1,Fast,0.6033210158348083,1262,794
3603,1,Fast,0.35548052191734314,954,307
3604,1,Fast,0.8691720366477966,1180,664
3604,1,Fast,0.8274613618850708,1360,1014
3604,1,Fast,0.816785454750061,1033,596
3604,1,Fast,0.7956367135047913,923,304
3604,1,Fast,0.7943755984306335,1036,446
3604,1,Fast,0.7832127213478088,1097,629
3604,1,Fast,0.7777798771858215,1018,481
3604,1,Fast,0.7660636901855469,891,818
3604,1,Fast,0.6692826747894287,1256,788
3604,1,Fast,0.6644923090934753,980,399
3604,1,Fast,0.6206952333450317,1006,374
3604,1,Fast,0.5772780179977417,1079,527
3604,1,Fast,0.5676031112670898,954,305
3604,1,Fast,0.39641404151916504,1452,1034
3604,1,Fast,0.33229875564575195,1233,837
3604,1,Fast,0.3113326132297516,847,392
3605,1,Fast,0.8709844350814819,1177,660
3605,1,Fast,0.8188616037368774,1030,590
3605,1,Fast,0.8183363676071167,1252,782
3605,1,Fast,0.7842669486999512,894,826
3605,1,Fast,0.7823859453201294,1035,444
3605,1,Fast,0.7772694826126099,1017,478
3605,1,Fast,0.7744609713554382,923,302
3605,1,Fast,0.7393724918365479,1093,625
3605,1,Fast,0.7239808440208435,1228,829
3605,1,Fast,0.7212769985198975,953,304
3605,1,Fast,0.6655476689338684,1078,524
3605,1,Fast,0.5671826601028442,847,394
3605,1,Fast,0.502929151058197,1351,1001
3605,0,VRU,0.43731561303138733,1351,1001
3606,1,Fast,0.847404420375824,896,834
3606,1,Fast,0.8441682457923889,1027,583
3606,1,Fast,0.8324993252754211,1174,656
3606,1,Fast,0.8010804057121277,1248,775
3606,1,Fast,0.7882379293441772,1016,475
3606,1,Fast,0.7727012038230896,1034,442
3606,1,Fast,0.7596139311790466,1222,821
3606,1,Fast,0.7511944770812988,1344,991
3606,1,Fast,0.6937157511711121,923,300
3606,1,Fast,0.6684225797653198,1076,521
3606,1,Fast,0.6541701555252075,953,303
3606,1,Fast,0.45905834436416626,847,395
3606,1,Fast,0.4295864999294281,1091,620
3606,1,Fast,0.38845694065093994,977,394
3607,1,Fast,0.8481248021125793,898,839
3607,1,Fast,0.8349979519844055,1243,770
3607,1,Fast,0.8087676167488098,1170,652
3607,1,Fast,0.7864094972610474,1025,578
3607,1,Fast,0.7770874500274658,1217,812
3607,1,Fast,0.7473558187484741,1015,472
3607,1,Fast,0.6787462830543518,1087,615
3607,1,Fast,0.6204509735107422,1033,440
3607,1,Fast,0.591851532459259,976,392
3607,1,Fast,0.509888768196106,1335,979
3607,1,Fast,0.5028576254844666,847,398
3607,1,Fast,0.47048234939575195,922,299
3607,1,Fast,0.4429697096347809,1075,520
3607,1,Fast,0.4331968426704407,952,302
3608,1,Fast,0.8664710521697998,900,845
3608,1,Fast,0.8394215106964111,1167,648
3608,1,Fast,0.8145967125892639,1022,572
3608,1,Fast,0.8033040165901184,1012,470
3608,1,Fast,0.790145754814148,1239,764
3608,1,Fast,0.7633401155471802,1032,438
3608,1,Fast,0.7311480045318604,1084,610
3608,1,Fast,0.6950696706771851,1328,968
3608,1,Fast,0.6723739504814148,922,298
3608,1,Fast,0.6282100677490234,1212,804
3608,1,Fast,0.6267107129096985,976,389
3608,1,Fast,0.4307399094104767,848,401
3608,2,Slow,0.3093907833099365,1004,367
3608,1,Fast,0.30218109488487244,952,301
3609,1,Fast,0.8615438938140869,903,852
3609,1,Fast,0.8265395760536194,1019,567
3609,1,Fast,0.8041988015174866,1165,644
3609,1,Fast,0.7778051495552063,1010,466
3609,1,Fast,0.7716608643531799,1031,437
3609,1,Fast,0.7546722888946533,922,296
3609,1,Fast,0.7511879801750183,1234,756
3609,1,Fast,0.6997203230857849,1082,605
3609,1,Fast,0.6829608082771301,975,387
3609,1,Fast,0.6176105737686157,1207,796
3609,2,Slow,0.3371475636959076,1003,367
3609,1,Fast,0.33513057231903076,848,402
3610,1,Fast,0.8700487613677979,906,857
3610,1,Fast,0.8570009469985962,1162,639
3610,1,Fast,0.8385077714920044,1016,562
3610,1,Fast,0.8192917704582214,1079,600
3610,1,Fast,0.7941619753837585,922,294
3610,1,Fast,0.7926815748214722,1008,463
3610,1,Fast,0.7922577261924744,1230,751
3610,1,Fast,0.6395490169525146,1030,435
3610,1,Fast,0.6052080988883972,975,385
3610,1,Fast,0.5790634751319885,1202,788
3610,1,Fast,0.5598223805427551,1002,365
3610,1,Fast,0.5310614109039307,1312,946
3610,1,Fast,0.45772653818130493,1070,510
3610,1,Fast,0.38689693808555603,849,405
3611,1,Fast,0.8723824620246887,1013,556
3611,1,Fast,0.8698065876960754,1159,635
3611,1,Fast,0.8467121720314026,908,863
3611,1,Fast,0.8135913014411926,1007,461
3611,1,Fast,0.7870450615882874,1076,596
3611,1,Fast,0.7718428373336792,921,292
3611,1,Fast,0.7394073605537415,1305,935
3611,1,Fast,0.7064673900604248,1028,431
3611,1,Fast,0.706284761428833,1226,746
3611,1,Fast,0.6828212141990662,1403,972
3611,1,Fast,0.6513583064079285,974,382
3611,1,Fast,0.6460133194923401,1068,506
3611,1,Fast,0.4982330799102783,1001,363
3611,1,Fast,0.36970436573028564,850,407
3612,1,Fast,0.8805251121520996,1011,550
3612,1,Fast,0.8796932697296143,1157,632
3612,1,Fast,0.8405981659889221,911,870
3612,1,Fast,0.8157970905303955,1221,741
3612,1,Fast,0.8126542568206787,1006,458
3612,1,Fast,0.7300243973731995,921,290
3612,1,Fast,0.721407949924469,1073,592
3612,1,Fast,0.7085563540458679,1298,926
3612,1,Fast,0.6371859908103943,850,409
3612,1,Fast,0.5697426795959473,1066,504
3612,1,Fast,0.5540256500244141,973,380
3612,1,Fast,0.5479155778884888,1396,963
3612,1,Fast,0.5410974621772766,1027,430
3613,1,Fast,0.8796975016593933,1154,628
3613,1,Fast,0.8561220765113831,1008,546
3613,1,Fast,0.8536477088928223,914,877
3613,1,Fast,0.7822766304016113,1005,454
3613,1,Fast,0.7605909705162048,1290,917
3613,1,Fast,0.7519172430038452,1071,586
3613,1,Fast,0.720934271812439,1217,735
3613,1,Fast,0.6812548041343689,922,289
3613,1,Fast,0.678791880607605,1065,501
3613,1,Fast,0.6673670411109924,1391,955
3613,1,Fast,0.5851719975471497,1026,428
3613,1,Fast,0.5026254653930664,850,412
3613,1,Fast,0.35909807682037354,1186,766
3614,1,Fast,0.8683290481567383,1152,625
3614,1,Fast,0.8488559126853943,1005,540
3614,1,Fast,0.8141002655029297,1284,905
3614,1,Fast,0.8134617805480957,1385,948
3614,1,Fast,0.7629142999649048,917,886
3614,1,Fast,0.7602903842926025,1004,452
3614,1,Fast,0.6066976189613342,921,287
3614,1,Fast,0.5925590991973877,1213,730
3614,1,Fast,0.5404453277587891,1063,499
3614,1,Fast,0.5305913686752319,1180,759
3614,1,Fast,0.48786064982414246,1068,582
3614,1,Fast,0.3492495119571686,850,414
3615,1,Fast,0.8692539930343628,1379,940
3615,1,Fast,0.8512851595878601,1003,535
3615,1,Fast,0.8456586003303528,920,891
3615,1,Fast,0.8432700634002686,1150,622
3615,1,Fast,0.782667338848114,1002,449
3615,1,Fast,0.7728716731071472,1210,725
3615,1,Fast,0.7440356612205505,1276,896
3615,1,Fast,0.7175116539001465,1176,752
3615,1,Fast,0.629250168800354,1066,578
3615,1,Fast,0.5043314695358276,851,416
3615,1,Fast,0.45154470205307007,922,285
3615,1,Fast,0.39279937744140625,1024,423
3616,1,Fast,0.8610193133354187,1001,530
3616,1,Fast,0.831244170665741,923,898
3616,1,Fast,0.8283793330192566,1271,887
3616,1,Fast,0.8194879293441772,1374,932
3616,1,Fast,0.8134943246841431,1147,618
3616,1,Fast,0.7950129508972168,1002,446
3616,1,Fast,0.6874212026596069,1172,745
3616,1,Fast,0.6064733862876892,1206,720
3616,1,Fast,0.5316339731216431,1064,574
3616,1,Fast,0.46089476346969604,850,420
3616,1,Fast,0.4549897611141205,828,469
3616,1,Fast,0.3997006416320801,921,283
3617,1,Fast,0.8580268025398254,999,524
3617,1,Fast,0.8384658694267273,925,906
3617,1,Fast,0.8368061184883118,1144,613
3617,1,Fast,0.8342452645301819,1366,925
3617,1,Fast,0.8042020797729492,1000,443
3617,1,Fast,0.8024796843528748,1264,877
3617,1,Fast,0.7295747399330139,1167,739
3617,1,Fast,0.7183802723884583,1061,568
3617,1,Fast,0.673677384853363,920,282
3617,1,Fast,0.5739769339561462,949,289
3617,1,Fast,0.5726385116577148,850,421
3617,1,Fast,0.39793702960014343,1202,714
3617,1,Fast,0.3880424201488495,829,471
3617,2,Slow,0.30529388785362244,968,371
3618,1,Fast,0.8770669102668762,997,520
3618,1,Fast,0.8486858606338501,1142,611
3618,1,Fast,0.8322043418884277,928,913
3618,1,Fast,0.8112377524375916,1258,869
3618,1,Fast,0.8021749258041382,998,440
3618,1,Fast,0.7427995800971985,920,281
3618,1,Fast,0.6949714422225952,1361,917
3618,1,Fast,0.6944937705993652,949,288
3618,1,Fast,0.6824764013290405,851,423
3618,1,Fast,0.6210984587669373,1164,732
3618,1,Fast,0.5693486928939819,1058,565
3618,1,Fast,0.5600049495697021,830,476
3618,2,Slow,0.559184730052948,967,369
3618,1,Fast,0.3608415722846985,1199,709
3619,1,Fast,0.8601736426353455,1139,607
3619,1,Fast,0.8594481348991394,994,515
3619,1,Fast,0.8018576502799988,997,438
3619,1,Fast,0.7752136588096619,1251,859
3619,1,Fast,0.7670224905014038,920,279
3619,1,Fast,0.7296069264411926,933,920
3619,1,Fast,0.6549813151359558,852,426
3619,1,Fast,0.6241061091423035,949,287
3619,2,Slow,0.6184037327766418,966,366
3619,1,Fast,0.6040869951248169,830,477
3619,1,Fast,0.5898547768592834,1159,725
3619,1,Fast,0.462864488363266,1355,910
3619,1,Fast,0.38308289647102356,1055,561
3620,1,Fast,0.8701618313789368,1137,604
3620,1,Fast,0.836604118347168,992,511
3620,1,Fast,0.760672926902771,996,436
3620,1,Fast,0.7440876364707947,919,277
3620,1,Fast,0.709571123123169,1245,850
3620,2,Slow,0.6407269239425659,965,365
3620,1,Fast,0.6401535272598267,851,428
3620,1,Fast,0.5751006007194519,1349,902
3620,1,Fast,0.5705323219299316,831,481
3620,1,Fast,0.5657228231430054,1053,556
3620,1,Fast,0.3992382884025574,949,286
3620,1,Fast,0.3255282938480377,1155,718
3621,1,Fast,0.8659828901290894,1134,600
3621,1,Fast,0.8434044122695923,990,507
3621,1,Fast,0.7698855996131897,995,433
3621,1,Fast,0.7097797989845276,1240,841
3621,1,Fast,0.701645016670227,918,275
3621,1,Fast,0.6887520551681519,852,430
3621,1,Fast,0.6138036847114563,1050,552
3621,2,Slow,0.5529497265815735,965,361
3621,1,Fast,0.5389853119850159,1189,694
3621,1,Fast,0.4692647159099579,1345,895
3621,1,Fast,0.4446851313114166,1052,480
3621,1,Fast,0.391475111246109,1151,712
3621,1,Fast,0.3843212127685547,831,483
3622,1,Fast,0.8653334379196167,988,502
3622,1,Fast,0.8630759716033936,1132,597
3622,1,Fast,0.809490442276001,993,430
3622,1,Fast,0.7020325660705566,942,946
3622,1,Fast,0.672213613986969,918,274
3622,1,Fast,0.6611003279685974,1048,548
3622,1,Fast,0.6525943279266357,852,433
3622,1,Fast,0.6074519157409668,1051,479
3622,1,Fast,0.561353325843811,1147,704
3622,2,Slow,0.5314946174621582,963,359
3622,1,Fast,0.35569292306900024,1233,832
3623,1,Fast,0.8592066168785095,1130,593
3623,1,Fast,0.8476858735084534,986,497
3623,1,Fast,0.8026851415634155,993,428
3623,1,Fast,0.775626540184021,1046,544
3623,1,Fast,0.6287787556648254,945,953
3623,1,Fast,0.6071746945381165,919,272
3623,1,Fast,0.5967958569526672,853,435
3623,1,Fast,0.5856786966323853,1182,685
3623,2,Slow,0.578727662563324,962,358
3623,1,Fast,0.5686238408088684,1050,475
3623,1,Fast,0.5331577658653259,1228,825
3623,1,Fast,0.5142595171928406,1143,699
3623,1,Fast,0.40894296765327454,1334,880
3623,1,Fast,0.4019642472267151,1017,408
3624,1,Fast,0.8689018487930298,984,493
3624,1,Fast,0.8657443523406982,1128,591
3624,1,Fast,0.8169164657592773,1043,539
3624,1,Fast,0.8108170628547668,1138,693
3624,1,Fast,0.8059996962547302,991,425
3624,1,Fast,0.8010314702987671,1328,874
3624,1,Fast,0.7804396748542786,948,961
3624,1,Fast,0.7773566246032715,1017,406
3624,1,Fast,0.7430287599563599,1223,816
3624,2,Slow,0.6286240220069885,962,356
3624,1,Fast,0.5992982983589172,1178,679
3624,1,Fast,0.5108351707458496,853,436
3624,1,Fast,0.4436456561088562,1049,474
3624,1,Fast,0.41884803771972656,919,270
3625,1,Fast,0.8844220042228699,982,489
3625,1,Fast,0.8589812517166138,1041,536
3625,1,Fast,0.8559101819992065,1126,587
3625,1,Fast,0.8036646246910095,951,969
3625,1,Fast,0.7857745289802551,990,423
3625,1,Fast,0.7021213173866272,1322,867
3625,1,Fast,0.6462703347206116,1134,686
3625,1,Fast,0.5164881944656372,854,440
3625,1,Fast,0.4972190260887146,1218,808
3625,1,Fast,0.4741227924823761,961,353
3625,1,Fast,0.4478297829627991,1016,404
3625,1,Fast,0.4185144901275635,833,494
3625,1,Fast,0.41585299372673035,1174,674
3625,1,Fast,0.38975703716278076,919,268
3625,1,Fast,0.32891398668289185,1047,472
3626,1,Fast,0.8807939291000366,1039,532
3626,1,Fast,0.8748033046722412,980,484
3626,1,Fast,0.8629216551780701,1124,583
3626,1,Fast,0.7963203191757202,1318,860
3626,1,Fast,0.7778447866439819,956,978
3626,1,Fast,0.7531153559684753,1212,800
3626,1,Fast,0.7308920621871948,1130,680
3626,1,Fast,0.7193790078163147,989,421
3626,1,Fast,0.4673459827899933,919,267
3626,2,Slow,0.45650729537010193,961,351
3626,1,Fast,0.45137253403663635,1046,469
3626,1,Fast,0.445524126291275,856,443
3627,1,Fast,0.8675763607025146,1122,580
3627,1,Fast,0.8548389077186584,1037,528
3627,1,Fast,0.8527202606201172,979,480
3627,1,Fast,0.7568422555923462,988,418
3627,1,Fast,0.7528961896896362,961,986
3627,1,Fast,0.6981633305549622,1126,674
3627,1,Fast,0.6921069025993347,919,266
3627,1,Fast,0.6747302412986755,1313,853
3627,2,Slow,0.5999700427055359,961,349
3627,1,Fast,0.5812956690788269,856,446
3627,1,Fast,0.5791617035865784,1045,467
3627,1,Fast,0.4614267945289612,1014,401
3627,1,Fast,0.4518721103668213,1208,793
3628,1,Fast,0.868269681930542,1120,577
3628,1,Fast,0.851582944393158,1034,524
3628,1,Fast,0.8498682975769043,977,476
3628,1,Fast,0.8400698900222778,1307,845
3628,1,Fast,0.8010782599449158,988,416
3628,1,Fast,0.717158317565918,964,995
3628,1,Fast,0.6963587403297424,1123,669
3628,1,Fast,0.6717419028282166,1043,465
3628,1,Fast,0.6711785197257996,919,265
3628,1,Fast,0.6178927421569824,1203,784
3628,1,Fast,0.4947912096977234,960,347
3628,1,Fast,0.49222010374069214,856,448
3629,1,Fast,0.866737961769104,1119,574
3629,1,Fast,0.837395429611206,1032,520
3629,1,Fast,0.8354077339172363,976,472
3629,1,Fast,0.805061936378479,1302,839
3629,1,Fast,0.799690842628479,987,413
3629,1,Fast,0.7355403304100037,1120,664
3629,1,Fast,0.7313120365142822,1042,462
3629,1,Fast,0.7118043303489685,1198,777
3629,1,Fast,0.6228695511817932,918,264
3629,1,Fast,0.3912859857082367,856,448
3629,1,Fast,0.3710111081600189,857,450
3630,1,Fast,0.8605507016181946,1116,570
3630,1,Fast,0.8438559770584106,973,468
3630,1,Fast,0.8026449680328369,986,410
3630,1,Fast,0.7876118421554565,1193,770
3630,1,Fast,0.7538045048713684,918,261
3630,1,Fast,0.7488014101982117,1041,460
3630,1,Fast,0.7448617815971375,1299,834
3630,1,Fast,0.7358452081680298,1031,517
3630,1,Fast,0.5312495231628418,1116,657
3630,1,Fast,0.50909423828125,858,453
3630,1,Fast,0.47667810320854187,946,273
3630,2,Slow,0.37732261419296265,958,345
3630,1,Fast,0.30900895595550537,856,450
3631,1,Fast,0.8696348071098328,1114,567
3631,1,Fast,0.8379746675491333,971,464
3631,1,Fast,0.8104249835014343,984,408
3631,1,Fast,0.7938126921653748,1040,458
3631,1,Fast,0.7169569134712219,918,260
3631,1,Fast,0.6817080974578857,1293,829
3631,1,Fast,0.6577604413032532,1187,762
3631,1,Fast,0.5826445817947388,838,513
3631,1,Fast,0.5203701853752136,1028,513
3631,1,Fast,0.503156840801239,1112,652
3631,1,Fast,0.48855599761009216,975,1024
3631,1,Fast,0.4372221827507019,857,457
3631,2,Slow,0.4180190861225128,958,343
3631,1,Fast,0.41263440251350403,947,271
3632,1,Fast,0.8677926659584045,1112,565
3632,1,Fast,0.8531057834625244,969,460
3632,1,Fast,0.7906118035316467,1038,455
3632,1,Fast,0.7672069668769836,984,406
3632,1,Fast,0.6910337209701538,918,259
3632,1,Fast,0.6801817417144775,1027,510
3632,1,Fast,0.6754431128501892,1109,647
3632,1,Fast,0.6426909565925598,839,516
3632,1,Fast,0.4645131230354309,857,461
3632,1,Fast,0.39777347445487976,947,271
3632,1,Fast,0.3815908133983612,1183,754
3632,1,Fast,0.3521389067173004,1288,822
3633,1,Fast,0.8662310838699341,968,456
3633,1,Fast,0.864979088306427,1110,562
3633,1,Fast,0.7949970960617065,983,403
3633,1,Fast,0.7642821073532104,839,520
3633,1,Fast,0.7142667770385742,1025,506
3633,1,Fast,0.6517153978347778,918,258
3633,1,Fast,0.6395149230957031,858,464
3633,1,Fast,0.6164642572402954,1037,453
3633,1,Fast,0.5010018348693848,1106,642
3633,1,Fast,0.4159519076347351,1284,816
3633,1,Fast,0.3464414179325104,982,1040
3633,1,Fast,0.31718742847442627,946,270
3633,2,Slow,0.3127687871456146,957,339
3634,1,Fast,0.8592034578323364,1108,559
3634,1,Fast,0.8489487171173096,967,452
3634,1,Fast,0.8259044885635376,982,401
3634,1,Fast,0.7448267340660095,1036,450
3634,1,Fast,0.7445011138916016,1023,503
3634,1,Fast,0.6519073247909546,859,466
3634,2,Slow,0.6307897567749023,957,338
3634,1,Fast,0.5904393196105957,1102,637
3634,1,Fast,0.49260836839675903,1279,809
3634,1,Fast,0.4760458767414093,918,257
3634,1,Fast,0.4536260962486267,840,522
3635,1,Fast,0.8534888029098511,965,449
3635,1,Fast,0.8447525501251221,1106,555
3635,1,Fast,0.8330960869789124,1021,499
3635,1,Fast,0.8221895098686218,981,399
3635,1,Fast,0.7952870726585388,1485,1055
3635,1,Fast,0.7702667117118835,1034,447
3635,1,Fast,0.7266666293144226,1099,632
3635,2,Slow,0.7249661684036255,955,336
3635,1,Fast,0.7054522633552551,860,468
3635,1,Fast,0.6624340415000916,1274,803
3635,1,Fast,0.4300433397293091,1145,632
3635,1,Fast,0.3963783085346222,918,255
3635,1,Fast,0.39561522006988525,1007,387
3636,1,Fast,0.86256343126297,964,445
3636,1,Fast,0.8612430691719055,1476,1048
3636,1,Fast,0.8584371209144592,1103,552
3636,1,Fast,0.8181350827217102,1270,797
3636,1,Fast,0.8104509115219116,1033,445
3636,1,Fast,0.8047782182693481,979,397
3636,1,Fast,0.7942696809768677,1019,496
3636,1,Fast,0.7695553302764893,1096,627
3636,1,Fast,0.7102388739585876,861,471
3636,1,Fast,0.543567955493927,918,253
3636,1,Fast,0.4531342685222626,1143,628
3636,2,Slow,0.4317416548728943,955,334
3637,1,Fast,0.8605381846427917,1102,549
3637,1,Fast,0.8554234504699707,1468,1037
3637,1,Fast,0.8515353798866272,962,441
3637,1,Fast,0.8123165965080261,1017,493
3637,1,Fast,0.7959476113319397,1032,444
3637,1,Fast,0.7946160435676575,978,395
3637,1,Fast,0.7435200810432434,1265,790
3637,1,Fast,0.6789970397949219,861,473
3637,1,Fast,0.6084152460098267,1093,621
3637,2,Slow,0.5504936575889587,954,332
3637,1,Fast,0.49612244963645935,1006,384
3637,1,Fast,0.3036901354789734,918,253
3638,1,Fast,0.8700108528137207,1101,546
3638,1,Fast,0.8676184415817261,1460,1027
3638,1,Fast,0.8186436295509338,1031,442
3638,1,Fast,0.8164263963699341,961,437
3638,1,Fast,0.7906376719474792,1090,616
3638,1,Fast,0.7780395746231079,1015,489
3638,1,Fast,0.7697925567626953,977,392
3638,1,Fast,0.6609742641448975,861,475
3638,1,Fast,0.5598397850990295,1005,381
3638,1,Fast,0.377240389585495,1263,785
3638,1,Fast,0.35436999797821045,918,252
3639,1,Fast,0.8634442687034607,1099,544
3639,1,Fast,0.8628594875335693,1013,486
3639,1,Fast,0.8476603031158447,1453,1018
3639,1,Fast,0.8222723603248596,1030,439
3639,1,Fast,0.7947234511375427,960,433
3639,1,Fast,0.7683046460151672,953,328
3639,1,Fast,0.748817503452301,1086,611
3639,1,Fast,0.7151384949684143,976,391
3639,1,Fast,0.6487860679626465,1004,380
3639,1,Fast,0.6439905762672424,863,478
3639,1,Fast,0.4390066862106323,1152,707
3639,1,Fast,0.4240740239620209,918,250
3640,1,Fast,0.8635738492012024,1012,482
3640,1,Fast,0.8617830872535706,1098,541
3640,1,Fast,0.8175451755523682,957,430
3640,1,Fast,0.8163852095603943,1084,606
3640,1,Fast,0.7910446524620056,1029,437
3640,1,Fast,0.7559967637062073,976,388
3640,1,Fast,0.7012078166007996,1004,378
3640,1,Fast,0.6600741744041443,864,481
3640,1,Fast,0.6338344216346741,1445,1008
3640,1,Fast,0.4650569558143616,918,248
3640,2,Slow,0.41251349449157715,953,327
3641,1,Fast,0.8550937175750732,1010,479
3641,1,Fast,0.8531859517097473,1096,538
3641,1,Fast,0.8324346542358398,1081,602
3641,1,Fast,0.8068970441818237,955,427
3641,1,Fast,0.7451796531677246,1003,377
3641,1,Fast,0.7394865155220032,1028,435
3641,1,Fast,0.7038244605064392,975,386
3641,1,Fast,0.6781899929046631,1250,768
3641,1,Fast,0.6240637898445129,865,486
3641,1,Fast,0.5507541298866272,953,325
3641,1,Fast,0.5120082497596741,1129,609
3641,1,Fast,0.5021264553070068,918,247
3641,1,Fast,0.337421178817749,1145,694
3641,1,Fast,0.311492919921875,1438,999
3642,1,Fast,0.8611253499984741,1009,476
3642,1,Fast,0.8435454368591309,1094,535
3642,1,Fast,0.8424021005630493,955,423
3642,1,Fast,0.8324014544487,1078,597
3642,1,Fast,0.8001901507377625,1140,688
3642,1,Fast,0.7877220511436462,1027,433
3642,1,Fast,0.6733527779579163,974,383
3642,1,Fast,0.6008898019790649,1003,375
3642,1,Fast,0.5731313824653625,867,489
3642,1,Fast,0.5263912677764893,917,246
3642,2,Slow,0.5123103857040405,952,323
3642,1,Fast,0.38135701417922974,1126,605
3642,1,Fast,0.30671337246894836,1244,760
3643,1,Fast,0.8479993343353271,1092,532
3643,1,Fast,0.8287007808685303,1076,593
3643,1,Fast,0.8241027593612671,1007,473
3643,1,Fast,0.8163843750953674,953,420
3643,1,Fast,0.7495115995407104,1027,431
3643,1,Fast,0.7261924147605896,1240,754
3643,1,Fast,0.7205939292907715,973,380
3643,1,Fast,0.7060863375663757,1124,602
3643,1,Fast,0.5367857813835144,918,244
3643,1,Fast,0.5337114930152893,866,490
3643,1,Fast,0.5218921303749084,1136,682
3644,1,Fast,0.8458189964294434,953,417
3644,1,Fast,0.8438066244125366,1091,529
3644,1,Fast,0.8391443490982056,1236,749
3644,1,Fast,0.8328588604927063,1005,470
3644,1,Fast,0.8213471174240112,1072,587
3644,1,Fast,0.7503694891929626,973,378
3644,1,Fast,0.7479479908943176,1025,429
3644,1,Fast,0.7014605402946472,1122,598
3644,1,Fast,0.5593037009239197,867,494
3644,1,Fast,0.5585222840309143,1133,676
3644,1,Fast,0.41339805722236633,951,320
3644,1,Fast,0.33796125650405884,918,242
3644,1,Fast,0.3137742877006531,1417,972
3645,1,Fast,0.8639636039733887,951,414
3645,1,Fast,0.8481693863868713,1089,526
3645,1,Fast,0.8132621645927429,1070,583
3645,1,Fast,0.7946123480796814,1231,744
3645,1,Fast,0.7747635245323181,972,377
3645,1,Fast,0.725882887840271,1004,467
3645,1,Fast,0.6663636565208435,1411,962
3645,1,Fast,0.6596510410308838,951,318
3645,1,Fast,0.656630277633667,1024,427
3645,1,Fast,0.5810822248458862,1119,594
3645,1,Fast,0.4651886224746704,868,497
3645,1,Fast,0.33240944147109985,918,241
3646,1,Fast,0.8597198128700256,950,410
3646,1,Fast,0.857398509979248,1087,524
3646,1,Fast,0.8433117866516113,1403,955
3646,1,Fast,0.8005883693695068,1117,591
3646,1,Fast,0.7544195055961609,1229,739
3646,1,Fast,0.7342332005500793,971,375
3646,1,Fast,0.7235838174819946,1023,424
3646,1,Fast,0.6955735683441162,1068,579
3646,1,Fast,0.6789816617965698,1003,464
3646,1,Fast,0.5619668364524841,869,502
3646,2,Slow,0.3574579954147339,950,317
3646,1,Fast,0.3429528772830963,881,364
3647,1,Fast,0.856425940990448,1086,521
3647,1,Fast,0.8368580341339111,1115,587
3647,1,Fast,0.8244171738624573,949,406
3647,1,Fast,0.7992600202560425,1065,575
3647,1,Fast,0.7923415303230286,971,373
3647,1,Fast,0.7522525787353516,1398,948
3647,1,Fast,0.735370934009552,1001,461
3647,1,Fast,0.6922032833099365,870,504
3647,1,Fast,0.49900147318840027,1022,423
3647,1,Fast,0.4454626142978668,1225,734
3647,1,Fast,0.3768898546695709,999,367
3647,2,Slow,0.3456059396266937,951,315
3648,1,Fast,0.858054518699646,1085,518
3648,1,Fast,0.8569744229316711,1113,584
3648,1,Fast,0.837078332901001,948,403
3648,1,Fast,0.7970583438873291,970,371
3648,1,Fast,0.6933261752128601,1062,569
3648,1,Fast,0.6542592644691467,853,399
3648,1,Fast,0.6448928117752075,871,507
3648,1,Fast,0.6310096383094788,1392,938
3648,2,Slow,0.47682636976242065,949,314
3648,1,Fast,0.4753410518169403,1021,421
3648,1,Fast,0.43477797508239746,1222,729
3648,1,Fast,0.4253003001213074,1000,457
3649,1,Fast,0.8546462655067444,1083,516
3649,1,Fast,0.8255913853645325,947,401
3649,1,Fast,0.8055649399757385,1110,580
3649,1,Fast,0.801909327507019,1060,565
3649,1,Fast,0.7974357604980469,968,369
3649,1,Fast,0.7637795209884644,1385,931
3649,1,Fast,0.6375944018363953,1218,723
3649,1,Fast,0.6302303671836853,872,510
3649,1,Fast,0.6139861345291138,998,454
3649,2,Slow,0.5962430834770203,948,312
3649,1,Fast,0.5680363178253174,853,401
3649,1,Fast,0.5146313309669495,919,237
3649,2,Slow,0.4780062437057495,883,373
3649,1,Fast,0.31819790601730347,997,364
3650,1,Fast,0.8516374230384827,1378,922
3650,1,Fast,0.8360438942909241,1081,513
3650,1,Fast,0.828193724155426,1058,562
3650,1,Fast,0.7990419864654541,1108,577
3650,1,Fast,0.797102689743042,968,367
3650,1,Fast,0.7939297556877136,997,451
3650,1,Fast,0.7788489460945129,946,397
3650,1,Fast,0.6501437425613403,919,235
3650,1,Fast,0.6211235523223877,874,515
3650,2,Slow,0.4542239010334015,949,310
3650,1,Fast,0.4440825283527374,1019,417
3651,1,Fast,0.8394410014152527,995,448
3651,1,Fast,0.8366810083389282,1080,510
3651,1,Fast,0.8055480718612671,1372,914
3651,1,Fast,0.7958081364631653,968,365
3651,1,Fast,0.789225161075592,1106,574
3651,1,Fast,0.7844716310501099,946,394
3651,1,Fast,0.7740638852119446,1055,557
3651,1,Fast,0.6744593381881714,875,518
3651,1,Fast,0.5745223164558411,1210,712
3651,1,Fast,0.5732744932174683,854,408
3651,1,Fast,0.5637237429618835,918,234
3651,1,Fast,0.5491278171539307,1018,415
3651,1,Fast,0.42388463020324707,948,308
3651,2,Slow,0.40694737434387207,883,379
3652,1,Fast,0.8546587228775024,994,446
3652,1,Fast,0.8353592157363892,1052,553
3652,1,Fast,0.8348246812820435,1078,509
3652,1,Fast,0.8314158916473389,1104,571
3652,1,Fast,0.8127884268760681,1367,906
3652,1,Fast,0.781390905380249,1208,708
3652,1,Fast,0.7793536186218262,967,363
3652,1,Fast,0.7247759103775024,944,392
3652,1,Fast,0.6971286535263062,1017,413
3652,1,Fast,0.6200079917907715,876,522
3652,1,Fast,0.6065464615821838,919,233
3652,1,Fast,0.381700724363327,854,410
3652,2,Slow,0.36760610342025757,948,307
3653,1,Fast,0.8425716757774353,992,443
3653,1,Fast,0.8390966057777405,1076,505
3653,1,Fast,0.8334654569625854,1360,897
3653,1,Fast,0.8269662857055664,1102,566
3653,1,Fast,0.7964065670967102,1050,549
3653,1,Fast,0.7790336608886719,1016,411
3653,1,Fast,0.7554337382316589,944,388
3653,1,Fast,0.7370511889457703,966,361
3653,1,Fast,0.6823472380638123,878,525
3653,1,Fast,0.6794034242630005,1204,703
3653,1,Fast,0.5759693384170532,918,231
3653,1,Fast,0.42920365929603577,978,304
3654,1,Fast,0.86800616979599,1100,563
3654,1,Fast,0.8559192419052124,1074,503
3654,1,Fast,0.8486859798431396,1354,890
3654,1,Fast,0.8344646096229553,1048,545
3654,1,Fast,0.8312771320343018,991,440
3654,1,Fast,0.7781726121902466,943,386
3654,1,Fast,0.7731719017028809,878,526
3654,1,Fast,0.7446238994598389,1015,409
3654,1,Fast,0.5638768672943115,1200,698
3654,1,Fast,0.5619567632675171,885,389
3654,1,Fast,0.4899415075778961,965,359
3654,1,Fast,0.4209068715572357,919,230
3654,1,Fast,0.3980204463005066,948,304
3654,1,Fast,0.3693661689758301,978,303
3654,1,Fast,0.315685898065567,854,416
3655,1,Fast,0.8628854155540466,1097,560
3655,1,Fast,0.862797200679779,1073,501
3655,1,Fast,0.8015992045402527,1045,540
3655,1,Fast,0.7928861379623413,990,437
3655,1,Fast,0.7906287908554077,942,383
3655,1,Fast,0.7779212594032288,1015,408
3655,1,Fast,0.711127758026123,1095,615
3655,1,Fast,0.672346830368042,880,531
3655,1,Fast,0.6601606011390686,965,357
3655,1,Fast,0.5280885100364685,885,392
3655,1,Fast,0.4897303581237793,1349,884
3655,1,Fast,0.4858190715312958,919,229
3655,1,Fast,0.3789527118206024,875,262
3656,1,Fast,0.8450362682342529,1072,498
3656,1,Fast,0.8339189887046814,1095,556
3656,1,Fast,0.8092873096466064,1043,536
3656,1,Fast,0.7704534530639648,988,434
3656,1,Fast,0.7679713368415833,1014,406
3656,1,Fast,0.7575469017028809,941,379
3656,1,Fast,0.7463057041168213,964,355
3656,1,Fast,0.6259002685546875,1343,876
3656,1,Fast,0.5027806162834167,881,534
3656,1,Fast,0.4687962234020233,919,228
3656,2,Slow,0.3968349099159241,947,301
3656,2,Slow,0.38973069190979004,885,396
3656,1,Fast,0.3223141133785248,875,265
3657,1,Fast,0.857061505317688,1071,496
3657,1,Fast,0.8116955161094666,1041,532
3657,1,Fast,0.8017957210540771,986,432
3657,1,Fast,0.770366907119751,940,376
3657,1,Fast,0.7610917091369629,963,353
3657,1,Fast,0.6803746819496155,1093,553
3657,1,Fast,0.6632347702980042,1013,404
3657,1,Fast,0.5781523585319519,1338,868
3657,1,Fast,0.5637453198432922,882,538
3657,1,Fast,0.4399896264076233,875,266
3657,1,Fast,0.42821645736694336,919,227
3658,1,Fast,0.8525052070617676,1070,494
3658,1,Fast,0.8215664029121399,1039,529
3658,1,Fast,0.742297887802124,939,373
3658,1,Fast,0.7116113901138306,962,351
3658,1,Fast,0.668212890625,884,543
3658,1,Fast,0.5656988620758057,1332,862
3658,1,Fast,0.5568526387214661,855,428
3658,1,Fast,0.5500728487968445,1091,549
3658,1,Fast,0.47559934854507446,985,430
3658,1,Fast,0.4733564853668213,919,225
3658,1,Fast,0.38955560326576233,1012,401
3658,1,Fast,0.3463335931301117,875,268
3658,1,Fast,0.32919836044311523,861,612
3658,1,Fast,0.30047911405563354,1186,677
3659,1,Fast,0.8451160192489624,1068,491
3659,1,Fast,0.8072826266288757,1037,525
3659,1,Fast,0.7881101369857788,938,371
3659,1,Fast,0.6170804500579834,1011,400
3659,1,Fast,0.5931310653686523,961,349
3659,1,Fast,0.5337062478065491,884,546
3659,1,Fast,0.5261380076408386,984,427
3659,1,Fast,0.4711519479751587,1089,546
3659,1,Fast,0.44228595495224,1327,855
3659,1,Fast,0.40948963165283203,875,270
3659,1,Fast,0.38575854897499084,919,224
3659,1,Fast,0.33702486753463745,856,430
3660,1,Fast,0.8486577272415161,1067,488
3660,1,Fast,0.8239996433258057,1180,668
3660,1,Fast,0.7862699627876282,1010,398
3660,1,Fast,0.740694522857666,1035,521
3660,1,Fast,0.7181058526039124,983,424
3660,1,Fast,0.6212440729141235,961,348
3660,1,Fast,0.591211199760437,937,368
3660,1,Fast,0.5696583986282349,886,549
3660,1,Fast,0.5473558306694031,859,436
3660,1,Fast,0.49984145164489746,874,271
3660,1,Fast,0.4537152051925659,863,621
3660,1,Fast,0.42498287558555603,1087,543
3660,2,Slow,0.3599822223186493,888,409
3660,1,Fast,0.3310029208660126,1322,847
3661,1,Fast,0.84913170337677,1066,486
3661,1,Fast,0.8085736036300659,1177,663
3661,1,Fast,0.8039765954017639,1009,396
3661,1,Fast,0.8017491102218628,1316,841
3661,1,Fast,0.7505066394805908,1085,541
3661,1,Fast,0.7270827293395996,935,365
3661,1,Fast,0.693131685256958,887,553
3661,1,Fast,0.6379057765007019,1033,517
3661,1,Fast,0.5760888457298279,859,438
3661,1,Fast,0.5177856683731079,983,421
3661,1,Fast,0.5119024515151978,961,346
3661,1,Fast,0.3963170647621155,874,273
3662,1,Fast,0.8468390107154846,1083,538
3662,1,Fast,0.8399410247802734,1064,483
3662,1,Fast,0.7912515997886658,888,556
3662,1,Fast,0.7813788056373596,1310,834
3662,1,Fast,0.7558239698410034,1031,514
3662,1,Fast,0.7456104159355164,1009,394
3662,1,Fast,0.7257251143455505,982,419
3662,1,Fast,0.7006190419197083,859,442
3662,1,Fast,0.6949031352996826,934,362
3662,1,Fast,0.4445659816265106,875,275
3663,1,Fast,0.857503354549408,1081,535
3663,1,Fast,0.8377755284309387,1063,481
3663,1,Fast,0.8047256469726562,889,560
3663,1,Fast,0.7840237021446228,1307,829
3663,1,Fast,0.7335718870162964,981,417
3663,1,Fast,0.7097835540771484,934,360
3663,1,Fast,0.7008308172225952,1029,511
3663,1,Fast,0.6886729598045349,1008,392
3663,1,Fast,0.4726121723651886,875,277
3663,1,Fast,0.3650173246860504,959,342
3663,1,Fast,0.33568423986434937,1074,575
3664,1,Fast,0.8345164656639099,1078,532
3664,1,Fast,0.8316985368728638,1062,479
3664,1,Fast,0.7821952700614929,890,564
3664,1,Fast,0.7778457999229431,1028,507
3664,1,Fast,0.7758364081382751,934,357
3664,1,Fast,0.6848289370536804,1008,391
3664,1,Fast,0.6463606357574463,1301,822
3664,1,Fast,0.5630903244018555,874,279
3664,1,Fast,0.5099393129348755,980,414
3664,1,Fast,0.4100406765937805,1071,570
3664,1,Fast,0.40536367893218994,959,340
3664,2,Slow,0.32791152596473694,945,290
3665,1,Fast,0.8477185964584351,1078,528
3665,1,Fast,0.8344982862472534,1061,477
3665,1,Fast,0.8135289549827576,978,412
3665,1,Fast,0.8057098388671875,934,354
3665,1,Fast,0.7770851850509644,1025,503
3665,1,Fast,0.7625259757041931,891,568
3665,1,Fast,0.7411402463912964,1296,815
3665,1,Fast,0.587744414806366,1007,389
3665,1,Fast,0.48282915353775024,958,337
3665,1,Fast,0.46922388672828674,875,281
3665,1,Fast,0.42891862988471985,1397,1055
3665,1,Fast,0.36989903450012207,1068,565
3666,1,Fast,0.8458429574966431,1060,474
3666,1,Fast,0.8422590494155884,1023,499
3666,1,Fast,0.8149222731590271,933,351
3666,1,Fast,0.8126628398895264,1384,1048
3666,1,Fast,0.7963571548461914,1076,525
3666,1,Fast,0.7318107485771179,978,408
3666,1,Fast,0.7265594005584717,1065,562
3666,1,Fast,0.7234041094779968,893,573
3666,1,Fast,0.6073971390724182,860,458
3666,1,Fast,0.5196672677993774,1291,809
3666,1,Fast,0.46297046542167664,958,336
3666,1,Fast,0.4322800934314728,875,283
3666,1,Fast,0.3687097430229187,1007,387
3667,1,Fast,0.8747732043266296,1375,1040
3667,1,Fast,0.8601083755493164,1059,472
3667,1,Fast,0.8095152378082275,1062,557
3667,1,Fast,0.8085606098175049,933,348
3667,1,Fast,0.8048028945922852,1022,496
3667,1,Fast,0.8010208010673523,1074,522
3667,1,Fast,0.7523781061172485,895,578
3667,1,Fast,0.7031347751617432,977,406
3667,1,Fast,0.6831821799278259,862,461
3667,1,Fast,0.5718366503715515,958,333
3667,1,Fast,0.5649605989456177,1160,637
3667,1,Fast,0.5334534645080566,986,337
3667,1,Fast,0.3652881979942322,1005,385
3667,1,Fast,0.333568811416626,875,285
3668,1,Fast,0.8961985111236572,1365,1028
3668,1,Fast,0.8608332276344299,1058,470
3668,1,Fast,0.8340243697166443,1282,795
3668,1,Fast,0.8113787770271301,1020,492
3668,1,Fast,0.7696559429168701,897,582
3668,1,Fast,0.7663185596466064,1060,554
3668,1,Fast,0.7634162902832031,1157,633
3668,1,Fast,0.7275941967964172,932,346
3668,1,Fast,0.6493223905563354,976,403
3668,1,Fast,0.6218239665031433,861,462
3668,1,Fast,0.5503690242767334,958,332
3668,1,Fast,0.41787081956863403,985,335
3668,1,Fast,0.35295695066452026,1005,384
3668,1,Fast,0.337668776512146,1072,519
3669,1,Fast,0.9033730030059814,1356,1015
3669,1,Fast,0.8503487706184387,1056,467
3669,1,Fast,0.8253201246261597,1277,790
3669,1,Fast,0.8064179420471191,1017,490
3669,1,Fast,0.7809619903564453,898,586
3669,1,Fast,0.7475317120552063,1058,549
3669,1,Fast,0.7381706237792969,974,401
3669,1,Fast,0.6982579231262207,1003,382
3669,1,Fast,0.6543368697166443,864,467
3669,1,Fast,0.651084303855896,932,344
3669,1,Fast,0.616863489151001,1071,516
3669,1,Fast,0.571479320526123,985,334
3669,1,Fast,0.5315470695495605,1154,629
3669,1,Fast,0.5282644033432007,957,330
3670,1,Fast,0.8990519642829895,1346,1002
3670,1,Fast,0.8615809679031372,1272,784
3670,1,Fast,0.8560066223144531,1055,466
3670,1,Fast,0.8283184766769409,1016,486
3670,1,Fast,0.8025245666503906,899,589
3670,1,Fast,0.7519031763076782,1056,545
3670,1,Fast,0.7458509206771851,1069,513
3670,1,Fast,0.7325412034988403,931,342
3670,1,Fast,0.728172242641449,866,471
3670,1,Fast,0.7119948267936707,973,399
3670,1,Fast,0.7095394134521484,898,449
3670,1,Fast,0.6917310357093811,1003,381
3670,1,Fast,0.46127983927726746,958,328
3670,1,Fast,0.45364072918891907,875,292
3670,1,Fast,0.31540846824645996,984,333
3671,1,Fast,0.89419025182724,1338,990
3671,1,Fast,0.8478836417198181,1054,464
3671,1,Fast,0.7955661416053772,1268,778
3671,1,Fast,0.7884632349014282,1015,483
3671,1,Fast,0.7695181369781494,972,397
3671,1,Fast,0.7252706289291382,1054,541
3671,1,Fast,0.6946593523025513,1002,379
3671,1,Fast,0.6892112493515015,901,595
3671,1,Fast,0.6803271770477295,900,453
3671,1,Fast,0.6794270277023315,1067,511
3671,1,Fast,0.6759696006774902,983,332
3671,1,Fast,0.6696195602416992,931,339
3671,1,Fast,0.6263737082481384,867,474
3671,1,Fast,0.5752326846122742,875,294
3671,1,Fast,0.5657228231430054,958,327
3672,1,Fast,0.8960365056991577,1329,977
3672,1,Fast,0.8404259085655212,1053,462
3672,1,Fast,0.7765936851501465,1013,480
3672,1,Fast,0.7755815386772156,1065,508
3672,1,Fast,0.7571480870246887,971,394
3672,1,Fast,0.7534712553024292,876,296
3672,1,Fast,0.6961396932601929,903,599
3672,1,Fast,0.6736941933631897,1050,536
3672,1,Fast,0.67058926820755,1002,376
3672,1,Fast,0.6592590808868408,931,336
3672,1,Fast,0.642278254032135,866,476
3672,1,Fast,0.6033705472946167,901,457
3672,1,Fast,0.5366728901863098,957,326
3672,1,Fast,0.3814981281757355,983,330
3673,1,Fast,0.8881663084030151,1321,966
3673,1,Fast,0.8364841938018799,1052,459
3673,1,Fast,0.7287015318870544,1012,476
3673,1,Fast,0.6777240633964539,970,392
3673,1,Fast,0.6002276539802551,904,604
3673,1,Fast,0.5869733095169067,876,298
3673,1,Fast,0.5217407941818237,867,482
3673,1,Fast,0.49654632806777954,1002,374
3673,1,Fast,0.4885636270046234,930,333
3673,1,Fast,0.4759434461593628,1063,506
3673,1,Fast,0.4570524990558624,957,324
3673,1,Fast,0.3449402153491974,1048,532
3674,1,Fast,0.8884897828102112,1313,955
3674,1,Fast,0.8462450504302979,1050,457
3674,1,Fast,0.8110806345939636,1009,473
3674,1,Fast,0.7610870599746704,970,390
3674,1,Fast,0.6858019232749939,1061,502
3674,1,Fast,0.652508556842804,956,322
3674,1,Fast,0.6419371962547302,1045,527
3674,1,Fast,0.5789150595664978,930,331
3674,1,Fast,0.5550122261047363,1001,372
3674,1,Fast,0.5105170011520386,877,300
3674,1,Fast,0.3751639723777771,871,486
3674,1,Fast,0.34892770648002625,982,327
3675,1,Fast,0.8862479329109192,1306,943
3675,1,Fast,0.8363592624664307,1050,455
3675,1,Fast,0.8194474577903748,1008,470
3675,1,Fast,0.7567752003669739,969,387
3675,1,Fast,0.7330877184867859,1043,523
3675,1,Fast,0.5747742652893066,930,329
3675,1,Fast,0.5282897353172302,1137,604
3675,1,Fast,0.48610854148864746,1059,499
3675,1,Fast,0.44227421283721924,877,302
3675,1,Fast,0.4059757590293884,955,321
3675,1,Fast,0.3727504312992096,878,370
3676,1,Fast,0.887653112411499,1298,933
3676,1,Fast,0.8253036141395569,1049,453
3676,1,Fast,0.7615215182304382,1058,497
3676,1,Fast,0.7272284626960754,1007,467
3676,1,Fast,0.7263939380645752,1042,519
3676,1,Fast,0.7174984812736511,1246,746
3676,1,Fast,0.6430404186248779,909,615
3676,1,Fast,0.535673201084137,929,327
3676,1,Fast,0.34362563490867615,1134,600
3676,1,Fast,0.30502796173095703,954,319
3677,1,Fast,0.8972494602203369,1291,922
3677,1,Fast,0.8222824931144714,1048,450
3677,1,Fast,0.7781696319580078,1005,464
3677,1,Fast,0.7549960017204285,1242,743
3677,1,Fast,0.6649416089057922,928,325
3677,1,Fast,0.6370096206665039,968,383
3677,1,Fast,0.5904098153114319,981,324
3677,1,Fast,0.5789483189582825,953,318
3677,1,Fast,0.5282258987426758,1057,494
3677,1,Fast,0.5095167756080627,1040,515
3677,1,Fast,0.5015277862548828,911,620
3678,1,Fast,0.8979097604751587,1283,910
3678,1,Fast,0.8304040431976318,1047,448
3678,1,Fast,0.799411416053772,1238,737
3678,1,Fast,0.7857636213302612,1003,461
3678,1,Fast,0.7136240005493164,928,323
3678,1,Fast,0.6954222917556763,1036,513
3678,1,Fast,0.6875431537628174,913,625
3678,1,Fast,0.6654500365257263,966,380
3678,1,Fast,0.6478800177574158,980,322
3678,1,Fast,0.4165200889110565,953,316
3678,1,Fast,0.4036747217178345,1055,492
3679,1,Fast,0.8975757360458374,1276,900
3679,1,Fast,0.8368684649467468,1046,446
3679,1,Fast,0.7879509925842285,1002,457
3679,1,Fast,0.7489150762557983,1034,509
3679,1,Fast,0.6499462723731995,927,320
3679,1,Fast,0.5980299711227417,966,378
3679,1,Fast,0.509905219078064,916,631
3679,1,Fast,0.41649022698402405,980,320
3679,1,Fast,0.33361008763313293,873,505
3680,1,Fast,0.8987067341804504,1270,890
3680,1,Fast,0.8386933207511902,1045,444
3680,1,Fast,0.8026338219642639,1000,454
3680,1,Fast,0.7629291415214539,1032,506
3680,1,Fast,0.678260326385498,917,637
3680,1,Fast,0.48486316204071045,965,376
3680,1,Fast,0.42712852358818054,876,509
3680,1,Fast,0.38021406531333923,1053,487
3681,1,Fast,0.8982969522476196,1262,880
3681,1,Fast,0.8451008796691895,1044,443
3681,1,Fast,0.7661243677139282,999,451
3681,1,Fast,0.7419082522392273,1030,502
3681,1,Fast,0.6850252151489258,1051,483
3681,1,Fast,0.6750654578208923,964,374
3681,1,Fast,0.662858247756958,919,641
3681,1,Fast,0.6429409980773926,879,515
3681,1,Fast,0.5553664565086365,952,311
3681,1,Fast,0.5189452171325684,979,318
3681,1,Fast,0.44812318682670593,926,316
3682,1,Fast,0.8916596174240112,1255,870
3682,1,Fast,0.8445314764976501,1043,440
3682,1,Fast,0.7944126725196838,997,448
3682,1,Fast,0.7400738000869751,882,393
3682,1,Fast,0.7320380806922913,952,309
3682,1,Fast,0.6581106781959534,964,371
3682,1,Fast,0.620368480682373,979,317
3682,1,Fast,0.5139917731285095,1029,498
3682,1,Fast,0.48763173818588257,921,647
3682,1,Fast,0.39827021956443787,926,315
3683,1,Fast,0.8868581056594849,1248,860
3683,1,Fast,0.8448875546455383,995,446
3683,1,Fast,0.8293601274490356,1042,438
3683,1,Fast,0.7077748775482178,963,369
3683,1,Fast,0.7014435529708862,925,312
3683,1,Fast,0.691604733467102,952,307
3683,1,Fast,0.688806414604187,880,525
3683,1,Fast,0.6685346364974976,922,652
3683,1,Fast,0.6037326455116272,1219,708
3683,1,Fast,0.49538862705230713,1027,495
3683,1,Fast,0.46907514333724976,941,265
3683,1,Fast,0.3814569115638733,883,396
3684,1,Fast,0.8916580080986023,1242,851
3684,1,Fast,0.8317548632621765,994,443
3684,1,Fast,0.8305368423461914,1041,437
3684,1,Fast,0.8290078639984131,1216,704
3684,1,Fast,0.816763162612915,1025,491
3684,1,Fast,0.7338945865631104,924,310
3684,1,Fast,0.7071377038955688,924,657
3684,1,Fast,0.7053123116493225,962,368
3684,1,Fast,0.6945552229881287,951,305
3684,1,Fast,0.664165198802948,940,263
3684,1,Fast,0.661021888256073,1048,476
3684,1,Fast,0.6114703416824341,876,322
3684,1,Fast,0.5057327747344971,883,401
3684,1,Fast,0.5056734085083008,978,314
3685,1,Fast,0.8944287300109863,1236,842
3685,1,Fast,0.8445163369178772,992,440
3685,1,Fast,0.8441152572631836,1040,436
3685,1,Fast,0.7990370988845825,877,325
3685,1,Fast,0.7783401608467102,961,366
3685,1,Fast,0.7631284594535828,923,308
3685,1,Fast,0.6809542775154114,1212,700
3685,1,Fast,0.6197778582572937,884,404
3685,1,Fast,0.6031185388565063,940,262
3685,1,Fast,0.529401421546936,926,663
3685,1,Fast,0.5251048803329468,1023,488
3685,1,Fast,0.4213818311691284,951,304
3686,1,Fast,0.8904375433921814,1230,834
3686,1,Fast,0.8413285613059998,1040,433
3686,1,Fast,0.8149478435516357,991,437
3686,1,Fast,0.8017107844352722,876,326
3686,1,Fast,0.7924605011940002,1208,695
3686,1,Fast,0.766694962978363,961,364
3686,1,Fast,0.7243238687515259,1021,484
3686,1,Fast,0.6932535767555237,1045,471
3686,1,Fast,0.6347458958625793,923,305
3686,1,Fast,0.6211138963699341,940,261
3686,1,Fast,0.37130266427993774,950,302
3687,1,Fast,0.8807389736175537,1224,825
3687,1,Fast,0.8460830450057983,1039,430
3687,1,Fast,0.7890245318412781,876,327
3687,1,Fast,0.7737467885017395,990,434
3687,1,Fast,0.7080292701721191,961,362
3687,1,Fast,0.689643144607544,1044,469
3687,1,Fast,0.6140407919883728,907,762
3687,1,Fast,0.5464734435081482,885,543
3687,1,Fast,0.5040513277053833,1020,480
3687,1,Fast,0.4426783621311188,991,354
3687,1,Fast,0.38816723227500916,929,672
3687,1,Fast,0.35322901606559753,940,259
3687,1,Fast,0.34650835394859314,923,303
3688,1,Fast,0.8856897950172424,1218,817
3688,1,Fast,0.8353017568588257,1037,428
3688,1,Fast,0.7897725701332092,989,431
3688,1,Fast,0.7766762375831604,876,328
3688,1,Fast,0.665781557559967,931,677
3688,1,Fast,0.5957668423652649,960,359
3688,1,Fast,0.5123120546340942,991,352
3688,1,Fast,0.4040334224700928,923,301
3688,1,Fast,0.3594306409358978,1042,467
3688,1,Fast,0.3158901035785675,1018,477
3689,1,Fast,0.8836399912834167,1213,808
3689,1,Fast,0.8093985319137573,1036,426
3689,1,Fast,0.7689738273620605,987,429
3689,1,Fast,0.7000219225883484,877,331
3689,1,Fast,0.64985191822052,934,681
3689,1,Fast,0.6210885047912598,959,357
3689,1,Fast,0.5746393203735352,939,257
3689,1,Fast,0.5385021567344666,887,418
3689,1,Fast,0.4469194710254669,886,551
3689,1,Fast,0.3555371165275574,991,350
3689,1,Fast,0.3353468179702759,922,298
3690,1,Fast,0.8839404582977295,1210,799
3690,1,Fast,0.7508911490440369,1037,425
3690,1,Fast,0.7435788512229919,989,426
3690,1,Fast,0.6923336982727051,880,338
3690,1,Fast,0.6066805124282837,960,355
3690,1,Fast,0.5079084038734436,890,422
3690,1,Fast,0.49759483337402344,924,297
3690,1,Fast,0.3916853666305542,939,688
3690,1,Fast,0.3689286410808563,1042,461
3691,1,Fast,0.8891438245773315,1213,792
3691,1,Fast,0.8132914304733276,995,423
3691,1,Fast,0.7761132717132568,898,426
3691,1,Fast,0.6997351050376892,887,342
3691,1,Fast,0.6325716972351074,949,695
3691,1,Fast,0.5607596039772034,1043,424
3691,1,Fast,0.5269782543182373,1201,669
3691,1,Fast,0.5253345370292664,967,353
3691,1,Fast,0.37494176626205444,931,295
3691,1,Fast,0.32051631808280945,949,255
3692,1,Fast,0.875914990901947,1225,785
3692,1,Fast,0.8398812413215637,1215,668
3692,1,Fast,0.7807140946388245,1059,422
3692,1,Fast,0.7527802586555481,1010,421
3692,1,Fast,0.7254294753074646,947,294
3692,1,Fast,0.7044945955276489,921,567
3692,1,Fast,0.6973187327384949,1037,464
3692,1,Fast,0.6385769248008728,904,343
3692,1,Fast,0.6145801544189453,967,701
3692,1,Fast,0.5586105585098267,1063,457
3692,1,Fast,0.42970794439315796,963,561
3692,1,Fast,0.31412193179130554,983,350
3693,1,Fast,0.8701830506324768,1242,780
3693,1,Fast,0.7876148819923401,1033,418
3693,1,Fast,0.7385046482086182,1236,665
3693,1,Fast,0.7225759029388428,993,708
3693,1,Fast,0.6971991658210754,1007,349
3693,1,Fast,0.688004732131958,971,292
3693,1,Fast,0.6121649742126465,946,571
3693,1,Fast,0.598345160484314,998,294
3693,1,Fast,0.56514573097229,928,346
3693,1,Fast,0.4594896137714386,1082,421
3693,1,Fast,0.36070454120635986,989,568
3694,1,Fast,0.8778079748153687,1257,773
3694,1,Fast,0.8274058699607849,1055,416
3694,1,Fast,0.7924297451972961,1253,662
3694,1,Fast,0.7697404026985168,992,809
3694,1,Fast,0.7343242168426514,994,290
3694,1,Fast,0.7028666138648987,1079,459
3694,1,Fast,0.6480971574783325,1105,420
3694,1,Fast,0.6438999772071838,952,349
3694,1,Fast,0.5301785469055176,1029,347
3694,1,Fast,0.4990525245666504,1022,292
3694,1,Fast,0.42867547273635864,1016,714
3694,1,Fast,0.38069865107536316,969,576
3694,1,Fast,0.3081967532634735,964,436
3695,1,Fast,0.8741423487663269,1268,767
3695,1,Fast,0.8102256655693054,1072,414
3695,1,Fast,0.7545670866966248,1033,721
3695,1,Fast,0.7392525672912598,1122,417
3695,1,Fast,0.7360435128211975,971,352
3695,1,Fast,0.6581690311431885,1096,457
3695,1,Fast,0.5469066500663757,1014,289
3695,1,Fast,0.5420457124710083,1041,290
3695,1,Fast,0.5070586800575256,1009,817
3695,1,Fast,0.3540596067905426,1031,581
3695,1,Fast,0.3231066167354584,986,581
3695,1,Fast,0.3129483759403229,1047,347
3696,1,Fast,0.8788812756538391,1276,762
3696,1,Fast,0.8435200452804565,1085,412
3696,1,Fast,0.799264132976532,1023,822
3696,1,Fast,0.7205945253372192,986,355
3696,1,Fast,0.7152857184410095,1109,454
3696,1,Fast,0.7097395062446594,1136,416
3696,1,Fast,0.6970122456550598,1056,289
3696,1,Fast,0.5407642126083374,1082,302
3696,1,Fast,0.5314098000526428,1028,286
3696,1,Fast,0.42596665024757385,1048,727
3696,1,Fast,0.3125280439853668,1061,344
3696,1,Fast,0.3111136555671692,1094,342
3697,1,Fast,0.8687102198600769,1282,755
3697,1,Fast,0.814487636089325,1096,410
3697,1,Fast,0.8141870498657227,1011,449
3697,1,Fast,0.7814339399337769,999,357
3697,1,Fast,0.7489936351776123,1147,415
3697,1,Fast,0.7410458326339722,1119,452
3697,1,Fast,0.706121563911438,1035,830
3697,1,Fast,0.6319677233695984,1069,288
3697,1,Fast,0.5634809732437134,1147,448
3697,1,Fast,0.4836983382701874,1061,734
3697,1,Fast,0.46212735772132874,1105,341
3697,1,Fast,0.4620837867259979,1061,248
3697,1,Fast,0.444930762052536,1041,285
3698,1,Fast,0.8677465915679932,1285,749
3698,1,Fast,0.8324030041694641,1104,408
3698,1,Fast,0.7906976938247681,1044,839
3698,1,Fast,0.7678694128990173,1070,741
3698,1,Fast,0.7500512003898621,1007,361
3698,1,Fast,0.7240273356437683,1126,448
3698,1,Fast,0.6500295400619507,1021,453
3698,1,Fast,0.603901743888855,1077,287
3698,1,Fast,0.5811780095100403,1155,446
3698,2,Slow,0.5240210294723511,973,371
3698,1,Fast,0.510373055934906,1081,340
3698,1,Fast,0.4698803722858429,1155,415
3698,1,Fast,0.4366382360458374,1113,339
3699,1,Fast,0.8600433468818665,1285,742
3699,1,Fast,0.8466054797172546,1293,643
3699,1,Fast,0.8182737827301025,1051,846
3699,1,Fast,0.8041089773178101,1107,406
3699,1,Fast,0.7998362183570862,1131,446
3699,1,Fast,0.7694079875946045,1013,364
3699,1,Fast,0.6971854567527771,1026,457
3699,1,Fast,0.5679293870925903,980,373
3699,1,Fast,0.5652706027030945,1160,414
3699,1,Fast,0.5226433277130127,1158,445
3699,1,Fast,0.4722122550010681,1077,748
3699,1,Fast,0.3960266411304474,1118,339
3700,1,Fast,0.8561040163040161,1283,735
3700,1,Fast,0.8423830270767212,1292,642
3700,1,Fast,0.8292334079742432,1131,444
3700,1,Fast,0.8166212439537048,1054,853
3700,1,Fast,0.8048856258392334,1016,367
3700,1,Fast,0.7252485752105713,1081,754
3700,1,Fast,0.7073506116867065,1109,403
3700,1,Fast,0.6703558564186096,1160,443
3700,1,Fast,0.6493734121322632,1162,411
3700,1,Fast,0.6452430486679077,1120,336
3700,1,Fast,0.5799446105957031,1031,462
3701,1,Fast,0.8318738341331482,1279,727
3701,1,Fast,0.8041936159133911,1130,440
3701,1,Fast,0.8004848957061768,1017,370
3701,1,Fast,0.795100212097168,1057,861
3701,1,Fast,0.7479392290115356,1290,637
3701,1,Fast,0.7298077940940857,1032,466
3701,1,Fast,0.6797937154769897,1108,400
3701,1,Fast,0.6561594605445862,1083,760
3701,1,Fast,0.5952563881874084,1120,335
3701,1,Fast,0.5434501767158508,1036,614
3701,1,Fast,0.5164611339569092,1159,440
3701,1,Fast,0.512267529964447,1161,409
3701,1,Fast,0.4834654927253723,1089,335
3701,2,Slow,0.4096381664276123,983,378
3702,1,Fast,0.8222153186798096,1107,398
3702,1,Fast,0.8122668862342834,1059,868
3702,1,Fast,0.8084015250205994,1274,720
3702,1,Fast,0.7883428335189819,1034,471
3702,1,Fast,0.752076268196106,1018,372
3702,1,Fast,0.748098611831665,1129,437
3702,1,Fast,0.6690863370895386,1287,633
3702,1,Fast,0.6197277903556824,1120,334
3702,1,Fast,0.5418663024902344,1161,408
3702,1,Fast,0.5107860565185547,1089,333
3702,1,Fast,0.47676903009414673,1036,619
3702,1,Fast,0.4681665301322937,1159,437
3703,1,Fast,0.8155440092086792,1035,475
3703,1,Fast,0.8103452324867249,1062,876
3703,1,Fast,0.7842575907707214,1106,396
3703,1,Fast,0.7544800043106079,1270,713
3703,1,Fast,0.6653789281845093,1018,375
3703,1,Fast,0.6472000479698181,1127,435
3703,1,Fast,0.507777988910675,1160,406
3703,1,Fast,0.47837892174720764,1157,435
3703,1,Fast,0.44937464594841003,1120,332
3704,1,Fast,0.8329401016235352,1036,480
3704,1,Fast,0.7852311134338379,1266,706
3704,1,Fast,0.7808188796043396,1063,882
3704,1,Fast,0.7734360098838806,1105,393
3704,1,Fast,0.7591560482978821,1127,432
3704,1,Fast,0.7184036374092102,1157,433
3704,1,Fast,0.6957464218139648,1160,403
3704,1,Fast,0.6748493313789368,1018,378
3704,1,Fast,0.6103654503822327,1084,279
3704,1,Fast,0.47079673409461975,1120,331
3704,1,Fast,0.3257867395877838,1058,272
3705,1,Fast,0.8403170704841614,1037,485
3705,1,Fast,0.7834285497665405,1261,699
3705,1,Fast,0.7766652703285217,1105,391
3705,1,Fast,0.7394411563873291,1155,431
3705,1,Fast,0.7338864207267761,1125,429
3705,1,Fast,0.724256694316864,1159,402
3705,1,Fast,0.7093314528465271,1066,892
3705,1,Fast,0.6653668284416199,1019,381
3705,1,Fast,0.5410853624343872,1084,278
3705,1,Fast,0.4198909401893616,1045,641
3705,1,Fast,0.3070344924926758,1119,330
3706,1,Fast,0.8142690062522888,1069,900
3706,1,Fast,0.7968438863754272,1038,489
3706,1,Fast,0.796427309513092,1256,692
3706,1,Fast,0.7516999840736389,1123,426
3706,1,Fast,0.7359158992767334,1020,385
3706,1,Fast,0.7275533676147461,1096,798
3706,1,Fast,0.681903064250946,1104,389
3706,1,Fast,0.5881094336509705,1154,429
3706,1,Fast,0.4103849530220032,1085,276
3706,1,Fast,0.35413768887519836,1047,646
3707,1,Fast,0.8699415326118469,1072,908
3707,1,Fast,0.8253341317176819,1040,494
3707,1,Fast,0.8007467985153198,1275,611
3707,1,Fast,0.796519935131073,1253,685
3707,1,Fast,0.7276550531387329,1020,388
3707,1,Fast,0.626145601272583,1123,423
3707,1,Fast,0.6116037368774414,1099,804
3707,1,Fast,0.5421759486198425,1104,386
3707,1,Fast,0.43251699209213257,1153,426
3707,1,Fast,0.3493887782096863,1048,651
3708,1,Fast,0.8583909273147583,1041,498
3708,1,Fast,0.8520277142524719,1249,679
3708,1,Fast,0.8345606327056885,1272,607
3708,1,Fast,0.8141856789588928,1074,918
3708,1,Fast,0.7763740420341492,1104,384
3708,1,Fast,0.748511552810669,1101,811
3708,1,Fast,0.7363170981407166,1020,391
3708,1,Fast,0.7320672869682312,1121,421
3708,1,Fast,0.654637336730957,1051,658
3708,1,Fast,0.5809223651885986,1084,273
3708,1,Fast,0.4384083151817322,1153,424
3708,1,Fast,0.30680394172668457,1157,398
3709,1,Fast,0.8647087812423706,1077,925
3709,1,Fast,0.8303242325782776,1043,503
3709,1,Fast,0.8059147000312805,1269,603
3709,1,Fast,0.8003730773925781,1246,673
3709,1,Fast,0.7847939133644104,1021,395
3709,1,Fast,0.7620856761932373,1103,818
3709,1,Fast,0.7571043968200684,1104,382
3709,1,Fast,0.6925286650657654,1122,418
3709,1,Fast,0.49919626116752625,1053,665
3709,1,Fast,0.3892343044281006,1152,422
3709,1,Fast,0.3875187337398529,1083,273
3710,1,Fast,0.8192284107208252,1107,826
3710,1,Fast,0.8092007637023926,1081,935
3710,1,Fast,0.8081042170524597,1045,508
3710,1,Fast,0.8075934648513794,1242,667
3710,1,Fast,0.8028467297554016,1021,399
3710,1,Fast,0.7921127080917358,1266,600
3710,1,Fast,0.7572066783905029,1102,379
3710,1,Fast,0.7451883554458618,1121,417
3710,1,Fast,0.5198460221290588,1151,421
3710,1,Fast,0.4195645749568939,1157,394
3711,1,Fast,0.8403721451759338,1046,513
3711,1,Fast,0.8291431665420532,1110,834
3711,1,Fast,0.8103106617927551,1022,402
3711,1,Fast,0.80424964427948,1083,944
3711,1,Fast,0.7903584241867065,1239,661
3711,1,Fast,0.763383686542511,1120,414
3711,1,Fast,0.7217209935188293,1264,596
3711,1,Fast,0.6698079109191895,1057,676
3711,1,Fast,0.49449422955513,1102,377
3711,1,Fast,0.44079503417015076,1151,417
3711,1,Fast,0.4318525493144989,986,403
3711,1,Fast,0.36350077390670776,1156,392
