frame,class,label,confidence,x_center,y_center
0,1,Fast,0.8500235080718994,724,746
1,1,Fast,0.8799043893814087,733,739
1,1,Fast,0.7637842893600464,356,852
2,1,Fast,0.8786763548851013,745,731
2,1,Fast,0.5943712592124939,347,858
2,1,Fast,0.47138530015945435,366,1060
3,1,Fast,0.8943501114845276,754,725
3,1,Fast,0.566120445728302,335,865
3,1,Fast,0.5041428804397583,380,1055
3,2,Slow,0.31284934282302856,1405,267
4,1,Fast,0.8646605610847473,764,719
4,1,Fast,0.7433263659477234,400,1050
4,1,Fast,0.380279004573822,323,871
5,1,Fast,0.8819196224212646,771,713
5,1,Fast,0.8191412091255188,418,1046
5,1,Fast,0.382043719291687,311,878
6,1,Fast,0.866037130355835,431,1035
6,1,Fast,0.8485205173492432,779,706
7,1,Fast,0.8683916926383972,789,700
7,1,Fast,0.8081359267234802,442,1027
8,1,Fast,0.8554174900054932,454,1018
8,1,Fast,0.7720124125480652,799,694
8,1,Fast,0.5206212401390076,274,898
9,1,Fast,0.8619945049285889,463,1008
9,1,Fast,0.6413254141807556,807,689
10,1,Fast,0.8747730255126953,474,1001
10,1,Fast,0.724754810333252,815,683
11,1,Fast,0.8542933464050293,489,991
11,1,Fast,0.6553687453269958,824,677
11,1,Fast,0.3467780351638794,238,920
12,1,Fast,0.866680920124054,500,983
12,1,Fast,0.7719120383262634,829,672
12,1,Fast,0.7032824158668518,225,928
12,2,Slow,0.36005669832229614,1213,308
13,1,Fast,0.8680980801582336,510,975
13,1,Fast,0.800047755241394,838,666
14,1,Fast,0.8771734833717346,519,967
14,1,Fast,0.7232773900032043,845,661
14,1,Fast,0.7228100895881653,199,943
15,1,Fast,0.8692346215248108,531,960
15,1,Fast,0.7907589077949524,854,655
15,1,Fast,0.4658855199813843,186,951
16,1,Fast,0.8594998121261597,544,950
16,0,VRU,0.3381368815898895,21,166
16,2,Slow,0.3134517967700958,1209,311
17,1,Fast,0.8688637018203735,554,943
17,1,Fast,0.5627622008323669,867,646
18,1,Fast,0.8758710026741028,563,936
19,1,Fast,0.855845034122467,575,928
19,2,Slow,0.33812621235847473,1234,311
20,1,Fast,0.8572868704795837,586,920
21,1,Fast,0.8394439816474915,594,913
21,1,Fast,0.3862912356853485,897,624
22,1,Fast,0.8537411689758301,604,905
22,1,Fast,0.3589708209037781,84,1011
23,1,Fast,0.8413798809051514,611,898
24,1,Fast,0.8509001135826111,621,891
25,1,Fast,0.8451637029647827,631,885
25,2,Slow,0.3531048893928528,1197,318
26,1,Fast,0.8644732236862183,641,878
26,2,Slow,0.32391074299812317,1196,319
27,1,Fast,0.8607131242752075,650,872
27,2,Slow,0.3161556124687195,1194,320
28,1,Fast,0.839728832244873,657,865
29,1,Fast,0.8543800115585327,665,858
30,1,Fast,0.8621379137039185,674,852
31,1,Fast,0.8483860492706299,681,846
31,1,Fast,0.568397581577301,956,579
32,1,Fast,0.8314874768257141,692,839
33,1,Fast,0.8280314207077026,702,832
34,1,Fast,0.8124880790710449,708,826
35,1,Fast,0.8403319120407104,718,820
36,1,Fast,0.8410987257957458,722,814
37,1,Fast,0.8285747170448303,729,809
38,1,Fast,0.721310555934906,738,803
39,1,Fast,0.8085644841194153,746,797
40,1,Fast,0.767259955406189,753,792
41,1,Fast,0.7813224792480469,759,787
42,1,Fast,0.5971331596374512,765,781
42,0,VRU,0.408569872379303,1016,536
43,1,Fast,0.8067516684532166,773,775
44,1,Fast,0.8446922302246094,779,770
45,1,Fast,0.7933344841003418,788,764
46,1,Fast,0.7396255731582642,794,759
46,1,Fast,0.35668933391571045,218,893
47,1,Fast,0.7942085862159729,803,753
48,1,Fast,0.8154247403144836,809,748
49,1,Fast,0.8089380860328674,815,743
50,1,Fast,0.7893757820129395,820,739
53,1,Fast,0.3057050108909607,310,882
56,1,Fast,0.5123103857040405,857,710
57,1,Fast,0.7379332780838013,864,705
58,1,Fast,0.7055356502532959,870,701
59,1,Fast,0.777776300907135,877,696
60,1,Fast,0.7843732237815857,882,691
61,1,Fast,0.744821310043335,888,687
62,1,Fast,0.8027051091194153,892,683
63,1,Fast,0.6368045210838318,897,679
64,1,Fast,0.540367066860199,902,675
68,1,Fast,0.6476894617080688,923,659
69,1,Fast,0.6649972796440125,927,654
70,1,Fast,0.5925331711769104,933,650
71,1,Fast,0.5604695081710815,940,647
72,1,Fast,0.6325271725654602,946,643
73,1,Fast,0.38035520911216736,949,639
74,1,Fast,0.40970757603645325,952,635
78,1,Fast,0.41632941365242004,478,963
78,0,VRU,0.35991165041923523,1127,378
79,1,Fast,0.5021047592163086,661,700
79,0,VRU,0.4512200355529785,1124,380
80,0,VRU,0.5125293731689453,1124,381
81,1,Fast,0.4295050799846649,984,609
82,1,Fast,0.4347917139530182,989,606
82,1,Fast,0.33369380235671997,629,717
82,2,Slow,0.31281182169914246,1331,311
83,2,Slow,0.32849735021591187,1332,310
92,2,Slow,0.36831650137901306,1029,573
93,1,Fast,0.3778715133666992,1034,571
94,0,VRU,0.3557075560092926,16,170
97,2,Slow,0.5945443511009216,1051,558
98,1,Fast,0.3167497217655182,1054,556
99,1,Fast,0.6375221610069275,919,531
99,0,VRU,0.4078027307987213,1351,294
100,1,Fast,0.7833925485610962,913,534
100,0,VRU,0.33091574907302856,1352,294
102,0,VRU,0.31514492630958557,1354,292
110,2,Slow,0.3391435146331787,1094,521
110,1,Fast,0.33116334676742554,862,567
111,1,Fast,0.8332933187484741,856,570
111,2,Slow,0.6761592030525208,1098,519
111,1,Fast,0.3047792315483093,280,928
112,1,Fast,0.7647718191146851,849,573
112,1,Fast,0.4153274595737457,264,938
113,1,Fast,0.7378636002540588,249,949
116,1,Fast,0.4629206955432892,827,587
117,2,Slow,0.33061522245407104,1115,504
118,0,VRU,0.33883026242256165,1250,312
119,1,Fast,0.49986740946769714,809,600
120,1,Fast,0.7672415375709534,802,604
120,0,VRU,0.39413949847221375,1372,277
120,2,Slow,0.34505850076675415,1221,313
121,1,Fast,0.8158895373344421,795,607
121,2,Slow,0.5123748779296875,1245,315
121,2,Slow,0.30231645703315735,1219,314
122,2,Slow,0.5556238889694214,1242,316
123,2,Slow,0.5309857726097107,1242,317
123,0,VRU,0.4174347221851349,1264,344
124,0,VRU,0.5761991739273071,1265,342
124,2,Slow,0.37550225853919983,1241,318
125,0,VRU,0.41274964809417725,1267,341
126,0,VRU,0.39410874247550964,1269,340
127,2,Slow,0.30406397581100464,997,461
128,1,Fast,0.6795318722724915,748,638
128,0,VRU,0.4042437672615051,1273,337
129,1,Fast,0.6977818608283997,744,643
129,0,VRU,0.34871748089790344,1274,336
130,0,VRU,0.4366820454597473,1277,335
131,1,Fast,0.6524745225906372,727,651
131,0,VRU,0.4935389757156372,1279,333
131,2,Slow,0.4288640022277832,1228,327
132,0,VRU,0.6137747764587402,1281,331
132,1,Fast,0.596042811870575,978,472
132,2,Slow,0.3963349759578705,1281,331
132,2,Slow,0.3268340229988098,1226,328
133,1,Fast,0.34641021490097046,974,474
134,1,Fast,0.3141089081764221,702,665
135,2,Slow,0.4854411780834198,1221,332
136,0,VRU,0.40365639328956604,1288,325
137,0,VRU,0.37729552388191223,1290,324
138,1,Fast,0.30997467041015625,669,686
140,1,Fast,0.7257146835327148,654,696
140,1,Fast,0.38010483980178833,1114,403
141,1,Fast,0.37325629591941833,649,701
141,1,Fast,0.31949034333229065,1111,405
142,2,Slow,0.4865033030509949,1299,318
143,2,Slow,0.5696254372596741,1300,316
143,1,Fast,0.5349452495574951,631,712
143,2,Slow,0.5127407312393188,1068,414
143,1,Fast,0.48513633012771606,1104,408
144,1,Fast,0.6317365169525146,1101,410
144,2,Slow,0.5384515523910522,1301,315
145,1,Fast,0.7526969909667969,609,723
145,1,Fast,0.5630089640617371,1098,412
145,2,Slow,0.48366937041282654,1303,314
146,1,Fast,0.7220962643623352,1095,414
146,2,Slow,0.48283714056015015,1304,312
146,1,Fast,0.43475139141082764,925,505
147,1,Fast,0.6978587508201599,1092,416
147,2,Slow,0.40882980823516846,1305,311
148,0,VRU,0.6540831923484802,1307,310
148,1,Fast,0.46524152159690857,1090,418
148,0,VRU,0.30394139885902405,1191,350
149,0,VRU,0.7176803350448608,1308,308
150,0,VRU,0.7298147082328796,1311,307
150,1,Fast,0.6338468194007874,1083,423
150,1,Fast,0.6083800196647644,1047,426
151,0,VRU,0.6957783102989197,1311,306
151,1,Fast,0.6176005005836487,1080,424
151,1,Fast,0.6041460037231445,1046,427
152,1,Fast,0.6433516144752502,902,520
152,1,Fast,0.5960130095481873,1076,426
152,0,VRU,0.591711699962616,1313,305
152,1,Fast,0.39348354935646057,1043,428
153,0,VRU,0.6329353451728821,1314,303
153,1,Fast,0.4377441704273224,1039,430
154,1,Fast,0.5719006061553955,1069,431
154,1,Fast,0.5686062574386597,1037,433
154,0,VRU,0.41628140211105347,1315,302
154,1,Fast,0.32192572951316833,894,525
155,1,Fast,0.7498389482498169,889,528
155,1,Fast,0.5395817160606384,1066,432
155,1,Fast,0.40657246112823486,1034,434
155,0,VRU,0.31331777572631836,1175,361
156,1,Fast,0.718852162361145,884,530
156,1,Fast,0.6187664866447449,1063,435
156,1,Fast,0.4603732228279114,1032,436
157,1,Fast,0.5191299319267273,1059,436
157,1,Fast,0.47923925518989563,879,533
158,1,Fast,0.5025086402893066,1024,440
158,1,Fast,0.3492835462093353,1168,366
158,1,Fast,0.31700921058654785,1056,438
159,1,Fast,0.6664584279060364,1021,442
159,1,Fast,0.644035816192627,1052,441
159,0,VRU,0.4319508373737335,1324,296
160,1,Fast,0.6072433590888977,1019,444
160,0,VRU,0.49322912096977234,1326,294
160,1,Fast,0.44721531867980957,1049,443
160,0,VRU,0.33699193596839905,1407,245
161,0,VRU,0.6992433667182922,1326,293
161,1,Fast,0.6032769083976746,1016,445
161,1,Fast,0.3322879672050476,861,544
161,1,Fast,0.32663965225219727,1045,445
162,1,Fast,0.39732420444488525,1012,447
162,0,VRU,0.3420141935348511,1329,291
163,1,Fast,0.41860222816467285,1010,448
164,1,Fast,0.6079027652740479,848,554
164,0,VRU,0.31284114718437195,1332,290
165,1,Fast,0.6713296175003052,845,557
165,2,Slow,0.4261598587036133,1334,289
166,1,Fast,0.48073485493659973,840,559
166,2,Slow,0.42611414194107056,1335,288
167,1,Fast,0.7820581197738647,835,562
167,1,Fast,0.39775392413139343,999,456
167,2,Slow,0.32579994201660156,1335,287
168,1,Fast,0.8011845946311951,831,565
168,1,Fast,0.6286630630493164,344,879
168,1,Fast,0.4661864936351776,995,458
168,2,Slow,0.410007119178772,1336,286
168,0,VRU,0.32910463213920593,1144,382
169,1,Fast,0.4096390902996063,992,460
170,1,Fast,0.5477076172828674,819,570
170,1,Fast,0.4017671048641205,988,463
171,1,Fast,0.37106209993362427,1009,470
171,1,Fast,0.3665856122970581,986,465
172,1,Fast,0.6141298413276672,1004,473
172,1,Fast,0.5970097780227661,982,467
173,1,Fast,0.5379536151885986,979,469
173,1,Fast,0.43143773078918457,1000,475
173,0,VRU,0.375300794839859,1344,279
174,1,Fast,0.6846627593040466,268,1064
174,1,Fast,0.5941755771636963,976,472
174,1,Fast,0.5557460188865662,995,477
174,0,VRU,0.3106474280357361,1346,279
175,1,Fast,0.7058992981910706,972,475
175,1,Fast,0.6867954730987549,297,1059
175,0,VRU,0.6727660298347473,1346,278
175,1,Fast,0.573826014995575,991,479
176,1,Fast,0.8474069237709045,318,1053
176,1,Fast,0.7687157392501831,785,592
176,1,Fast,0.7637966871261597,986,483
176,1,Fast,0.7348912954330444,969,476
176,0,VRU,0.525196373462677,1347,277
177,1,Fast,0.8867036700248718,335,1048
177,1,Fast,0.7789598107337952,782,595
177,1,Fast,0.6258888244628906,981,486
177,0,VRU,0.506449818611145,1348,276
178,1,Fast,0.8962027430534363,352,1039
178,1,Fast,0.7359725832939148,192,967
178,0,VRU,0.5250135064125061,1351,275
178,1,Fast,0.3107154369354248,775,599
179,1,Fast,0.8950051069259644,367,1028
179,0,VRU,0.5302322506904602,1351,274
179,1,Fast,0.4833809733390808,771,601
180,1,Fast,0.9065477252006531,384,1016
180,1,Fast,0.797010600566864,967,495
180,1,Fast,0.6315015554428101,953,486
180,1,Fast,0.5926439762115479,168,988
180,0,VRU,0.5331035852432251,1353,273
181,1,Fast,0.908601701259613,401,1005
181,1,Fast,0.8398253321647644,963,497
181,1,Fast,0.6750500202178955,951,488
181,1,Fast,0.545467734336853,758,608
181,0,VRU,0.3782033920288086,1354,273
182,1,Fast,0.9067680239677429,416,995
182,1,Fast,0.8593211770057678,958,500
182,1,Fast,0.7559598088264465,949,490
182,1,Fast,0.549426257610321,838,534
183,1,Fast,0.9103786945343018,433,984
183,1,Fast,0.6959603428840637,946,492
183,1,Fast,0.6286681294441223,954,503
184,1,Fast,0.9089863896369934,449,973
184,1,Fast,0.8127718567848206,949,506
184,1,Fast,0.680512547492981,942,495
185,1,Fast,0.9070721864700317,462,962
185,1,Fast,0.7543269395828247,946,509
185,1,Fast,0.5398799180984497,937,497
186,1,Fast,0.9075311422348022,477,953
186,1,Fast,0.5656708478927612,941,511
186,1,Fast,0.35541605949401855,934,499
187,1,Fast,0.9057052731513977,491,943
187,1,Fast,0.5045684576034546,936,513
187,1,Fast,0.3539963364601135,930,502
188,1,Fast,0.9040911793708801,505,933
188,1,Fast,0.7164766788482666,926,505
188,1,Fast,0.6148051619529724,934,517
189,1,Fast,0.9092225432395935,518,924
190,1,Fast,0.901897668838501,533,914
191,1,Fast,0.9118977785110474,545,905
191,1,Fast,0.36859366297721863,917,528
192,1,Fast,0.908939003944397,558,897
193,1,Fast,0.9064528942108154,571,888
193,1,Fast,0.6531601548194885,683,655
193,1,Fast,0.5012412071228027,323,1059
194,1,Fast,0.9103078842163086,583,880
194,1,Fast,0.33176034688949585,345,1053
195,1,Fast,0.8994417190551758,594,872
195,1,Fast,0.491253525018692,362,1047
195,2,Slow,0.338087797164917,669,663
196,1,Fast,0.895476758480072,604,862
196,1,Fast,0.4475614130496979,892,539
196,1,Fast,0.38336488604545593,374,1039
197,1,Fast,0.8908790349960327,617,854
197,1,Fast,0.6390115022659302,391,1027
197,1,Fast,0.32490861415863037,887,542
198,1,Fast,0.8998943567276001,628,846
198,1,Fast,0.8600265979766846,406,1014
199,1,Fast,0.8944435119628906,639,839
199,1,Fast,0.8773125410079956,422,1004
199,1,Fast,0.3680877387523651,1043,447
200,1,Fast,0.8935697674751282,436,992
200,1,Fast,0.893325924873352,651,831
200,1,Fast,0.4446924030780792,879,535
201,1,Fast,0.8975355625152588,661,824
201,1,Fast,0.8818545341491699,451,982
201,1,Fast,0.5836125612258911,863,563
201,1,Fast,0.3841244578361511,874,537
202,1,Fast,0.8996204733848572,672,816
202,1,Fast,0.8834437727928162,465,972
202,1,Fast,0.7930135726928711,857,568
202,1,Fast,0.7160459160804749,870,539
202,1,Fast,0.7028217911720276,618,696
203,1,Fast,0.8963000774383545,682,808
203,1,Fast,0.8545805811882019,477,962
203,1,Fast,0.7712880969047546,852,571
203,1,Fast,0.7214627265930176,610,701
203,1,Fast,0.7093245983123779,865,542
204,1,Fast,0.902058482170105,692,801
204,1,Fast,0.8454558849334717,846,574
204,1,Fast,0.8336540460586548,492,952
204,1,Fast,0.8330629467964172,860,545
204,1,Fast,0.8313868641853333,603,704
205,1,Fast,0.894315242767334,702,793
205,1,Fast,0.8638348579406738,840,578
205,1,Fast,0.8181384801864624,856,548
205,1,Fast,0.8106808066368103,504,944
205,1,Fast,0.7131617069244385,597,710
206,1,Fast,0.8955870866775513,710,787
206,1,Fast,0.7657637596130371,587,714
206,1,Fast,0.7471582293510437,835,581
206,1,Fast,0.7445290684700012,851,551
206,1,Fast,0.6862441897392273,517,936
207,1,Fast,0.886936604976654,720,780
207,1,Fast,0.8260508179664612,578,719
207,1,Fast,0.7767912745475769,847,554
207,1,Fast,0.7628351449966431,828,584
207,1,Fast,0.7153589725494385,732,596
207,1,Fast,0.525399923324585,530,927
208,1,Fast,0.8875309824943542,729,774
208,1,Fast,0.8402045369148254,844,556
208,1,Fast,0.8332599401473999,822,588
208,1,Fast,0.6096630692481995,572,725
208,1,Fast,0.5900061130523682,543,918
209,1,Fast,0.8921229243278503,736,767
209,1,Fast,0.8578960299491882,554,908
209,1,Fast,0.8400358557701111,840,559
209,1,Fast,0.8353278040885925,816,592
209,1,Fast,0.6139368414878845,563,730
210,1,Fast,0.8825514912605286,746,761
210,1,Fast,0.8815427422523499,834,561
210,1,Fast,0.8673685193061829,808,596
210,1,Fast,0.8545883893966675,566,900
210,1,Fast,0.6124708652496338,1001,475
210,1,Fast,0.3068575859069824,555,734
211,1,Fast,0.8878065347671509,757,755
211,1,Fast,0.8795987963676453,801,600
211,1,Fast,0.8720820546150208,577,891
211,1,Fast,0.8651798963546753,829,564
211,1,Fast,0.48294299840927124,547,739
212,1,Fast,0.8901965618133545,765,748
212,1,Fast,0.8729525804519653,795,604
212,1,Fast,0.866324245929718,588,882
212,1,Fast,0.8579553961753845,825,567
212,2,Slow,0.3334629237651825,994,480
213,1,Fast,0.8798731565475464,774,741
213,1,Fast,0.8769475817680359,600,874
213,1,Fast,0.8651909828186035,789,608
213,1,Fast,0.7874096632003784,529,750
213,1,Fast,0.7723066806793213,820,570
213,1,Fast,0.6704472899436951,581,837
214,1,Fast,0.8800435066223145,782,735
214,1,Fast,0.8703032732009888,782,612
214,1,Fast,0.8530488610267639,610,865
214,1,Fast,0.8482571840286255,518,756
214,1,Fast,0.6834912896156311,815,572
215,1,Fast,0.8866263031959534,775,617
215,1,Fast,0.8841702938079834,790,729
215,1,Fast,0.8493881225585938,622,858
215,1,Fast,0.8101199269294739,511,761
215,1,Fast,0.740617036819458,810,576
216,1,Fast,0.8794295787811279,770,621
216,1,Fast,0.8756813406944275,798,723
216,1,Fast,0.8373583555221558,501,766
216,1,Fast,0.8190721273422241,631,851
216,1,Fast,0.5094178318977356,804,578
217,1,Fast,0.8717465400695801,764,625
217,1,Fast,0.8697077035903931,806,717
217,1,Fast,0.8409155011177063,634,844
217,1,Fast,0.8178084492683411,492,772
217,1,Fast,0.5724561214447021,799,582
217,1,Fast,0.38399991393089294,628,806
217,2,Slow,0.34607669711112976,972,495
218,1,Fast,0.88193279504776,812,711
218,1,Fast,0.8773331642150879,756,630
218,1,Fast,0.8135387301445007,795,585
218,1,Fast,0.760702908039093,643,838
218,1,Fast,0.605067253112793,484,778
219,1,Fast,0.890285849571228,818,705
219,1,Fast,0.8623383045196533,749,635
219,1,Fast,0.8366942405700684,473,783
219,1,Fast,0.8091534376144409,789,589
219,1,Fast,0.7902306914329529,962,501
219,1,Fast,0.5217936038970947,662,830
220,1,Fast,0.8867253661155701,741,639
220,1,Fast,0.8857628107070923,825,700
220,1,Fast,0.880443811416626,783,592
220,1,Fast,0.830642580986023,672,821
220,1,Fast,0.806773841381073,958,504
220,1,Fast,0.7343528270721436,460,791
220,1,Fast,0.5367119908332825,663,637
221,1,Fast,0.8821310997009277,736,643
221,1,Fast,0.8759247660636902,778,595
221,1,Fast,0.8754037618637085,836,694
221,1,Fast,0.8455186486244202,682,814
221,1,Fast,0.7615225315093994,452,796
221,1,Fast,0.5589818358421326,953,507
222,1,Fast,0.8823003172874451,843,689
222,1,Fast,0.8816323280334473,725,649
222,1,Fast,0.8161969780921936,692,806
222,1,Fast,0.7972270250320435,773,598
222,1,Fast,0.5698952078819275,441,802
223,1,Fast,0.8772225379943848,717,654
223,1,Fast,0.8719396591186523,851,683
223,1,Fast,0.7972912192344666,699,799
223,1,Fast,0.7575355768203735,769,601
223,1,Fast,0.7378490567207336,429,808
223,2,Slow,0.6378312706947327,648,646
224,1,Fast,0.8841891884803772,709,659
224,1,Fast,0.8812025785446167,858,678
224,1,Fast,0.8290250897407532,708,793
224,1,Fast,0.7972212433815002,762,605
224,1,Fast,0.771389365196228,418,814
224,2,Slow,0.49874716997146606,642,650
224,2,Slow,0.32990562915802,938,516
225,1,Fast,0.8857506513595581,702,664
225,1,Fast,0.8709895014762878,863,673
225,1,Fast,0.8468097448348999,405,821
225,1,Fast,0.845172107219696,756,608
225,1,Fast,0.7814396023750305,718,786
225,1,Fast,0.33672723174095154,933,519
226,1,Fast,0.8698357343673706,696,669
226,1,Fast,0.8367732167243958,870,668
226,1,Fast,0.769732654094696,395,827
226,1,Fast,0.7277763485908508,751,612
226,1,Fast,0.5192662477493286,726,779
226,1,Fast,0.402924507856369,928,523
226,1,Fast,0.3267912268638611,717,744
227,1,Fast,0.8665419816970825,688,674
227,1,Fast,0.8394869565963745,877,662
227,1,Fast,0.8138746023178101,386,833
227,1,Fast,0.7872142195701599,923,526
227,1,Fast,0.7826939225196838,745,615
227,1,Fast,0.44678133726119995,732,774
227,2,Slow,0.32755863666534424,625,660
228,1,Fast,0.8749645352363586,679,679
228,1,Fast,0.8607577681541443,884,657
228,1,Fast,0.8535281419754028,918,530
228,1,Fast,0.8152395486831665,740,619
228,1,Fast,0.78314208984375,378,838
228,1,Fast,0.6069608330726624,735,729
228,1,Fast,0.5982654094696045,736,768
228,1,Fast,0.37362781167030334,1269,291
229,1,Fast,0.8772123456001282,670,685
229,1,Fast,0.870682954788208,913,533
229,1,Fast,0.8614915609359741,889,653
229,1,Fast,0.7192569375038147,733,623
229,1,Fast,0.6594771146774292,742,762
229,1,Fast,0.5673795342445374,1267,292
229,1,Fast,0.3936749994754791,367,846
229,1,Fast,0.32779940962791443,743,724
230,1,Fast,0.8706367611885071,666,689
230,1,Fast,0.8696697950363159,894,648
230,1,Fast,0.8308796286582947,355,853
230,1,Fast,0.8159334659576416,908,536
230,1,Fast,0.6593315005302429,758,755
230,1,Fast,0.587796151638031,1266,292
230,1,Fast,0.47949841618537903,728,626
231,1,Fast,0.8716953992843628,654,695
231,1,Fast,0.8299322128295898,902,644
231,1,Fast,0.8070692420005798,903,539
231,1,Fast,0.8010731339454651,766,749
231,1,Fast,0.7570733428001404,343,859
231,1,Fast,0.7017046809196472,721,630
231,2,Slow,0.5212898254394531,601,674
231,1,Fast,0.4528915584087372,1264,292
231,1,Fast,0.3516964614391327,761,713
232,1,Fast,0.831742525100708,647,699
232,1,Fast,0.7972434163093567,776,742
232,1,Fast,0.7930954694747925,909,639
232,1,Fast,0.6779491305351257,717,633
232,1,Fast,0.5693708062171936,898,542
232,1,Fast,0.3752591907978058,332,866
233,1,Fast,0.8637314438819885,316,875
233,1,Fast,0.8544387817382812,916,634
233,1,Fast,0.8517667651176453,638,705
233,1,Fast,0.7446907758712769,711,637
233,1,Fast,0.6940654516220093,783,736
234,1,Fast,0.8635589480400085,304,880
234,1,Fast,0.8517980575561523,629,710
234,1,Fast,0.7991765737533569,921,629
234,1,Fast,0.790082573890686,790,730
234,1,Fast,0.6565322279930115,886,550
234,1,Fast,0.31147831678390503,705,641
235,1,Fast,0.8619812726974487,621,717
235,1,Fast,0.8016840815544128,927,625
235,1,Fast,0.7913886904716492,292,887
235,1,Fast,0.7632778882980347,699,646
235,1,Fast,0.7350246906280518,800,724
235,1,Fast,0.6899591684341431,573,688
235,1,Fast,0.5436280965805054,880,555
236,1,Fast,0.8664829730987549,610,723
236,1,Fast,0.8647840023040771,279,895
236,1,Fast,0.854780912399292,875,558
236,1,Fast,0.8361907005310059,931,621
236,1,Fast,0.7010579109191895,567,691
236,1,Fast,0.6902267932891846,806,718
236,1,Fast,0.675224781036377,693,650
237,1,Fast,0.8696973919868469,870,562
237,1,Fast,0.804686963558197,686,654
237,1,Fast,0.8000640869140625,603,728
237,1,Fast,0.7935788035392761,937,615
237,1,Fast,0.7628628611564636,267,902
238,1,Fast,0.8253654837608337,679,657
238,1,Fast,0.82425856590271,942,611
238,1,Fast,0.8057796955108643,592,735
238,1,Fast,0.7735925912857056,863,565
238,1,Fast,0.7594927549362183,553,699
238,1,Fast,0.7128166556358337,254,910
238,1,Fast,0.642103374004364,208,1067
238,1,Fast,0.4934943914413452,1252,301
238,1,Fast,0.44209447503089905,814,709
239,1,Fast,0.8522834181785583,947,607
239,1,Fast,0.8513397574424744,858,569
239,1,Fast,0.8134506344795227,582,740
239,1,Fast,0.8074420690536499,673,661
239,1,Fast,0.727667510509491,240,918
239,1,Fast,0.7113713622093201,229,1060
239,1,Fast,0.6838732361793518,818,704
239,2,Slow,0.50240159034729,1135,369
239,1,Fast,0.47488054633140564,547,703
240,1,Fast,0.8817729949951172,850,573
240,1,Fast,0.876282274723053,567,748
240,1,Fast,0.8694236278533936,666,665
240,1,Fast,0.8590785264968872,953,603
240,1,Fast,0.837619960308075,254,1054
240,1,Fast,0.8218369483947754,222,926
240,1,Fast,0.7384917736053467,540,706
240,2,Slow,0.6783556938171387,1133,370
240,1,Fast,0.5242491960525513,831,661
240,1,Fast,0.45263850688934326,910,506
240,1,Fast,0.31114184856414795,830,698
241,1,Fast,0.9110010862350464,274,1047
241,1,Fast,0.894358217716217,844,577
241,1,Fast,0.8790944814682007,558,755
241,1,Fast,0.8649181723594666,208,934
241,1,Fast,0.8610581159591675,959,600
241,1,Fast,0.8292620182037354,660,669
241,1,Fast,0.7379769682884216,838,658
241,2,Slow,0.592891275882721,1130,371
241,1,Fast,0.5862554311752319,533,710
241,1,Fast,0.444705605506897,1247,304
241,1,Fast,0.4319208562374115,839,693
242,1,Fast,0.9109372496604919,291,1036
242,1,Fast,0.8859408497810364,195,943
242,1,Fast,0.8692452907562256,839,581
242,1,Fast,0.8577665090560913,548,761
242,1,Fast,0.7565392255783081,965,595
242,1,Fast,0.6328524947166443,1245,305
242,1,Fast,0.5194277763366699,846,687
242,0,VRU,0.415426105260849,6,167
242,1,Fast,0.4094546139240265,655,673
242,1,Fast,0.3114883005619049,526,714
243,1,Fast,0.9202492237091064,309,1025
243,1,Fast,0.8901197910308838,181,951
243,1,Fast,0.8234628438949585,538,768
243,1,Fast,0.8180732131004333,833,585
243,1,Fast,0.8075445294380188,969,591
243,1,Fast,0.7825297713279724,1243,306
243,1,Fast,0.7620155215263367,852,683
243,1,Fast,0.7178131341934204,644,678
243,1,Fast,0.3566426634788513,520,719
243,0,VRU,0.3341636657714844,6,168
244,1,Fast,0.9131499528884888,325,1012
244,1,Fast,0.8733097910881042,826,589
244,1,Fast,0.8182370662689209,976,587
244,1,Fast,0.7854886054992676,529,774
244,1,Fast,0.7755542993545532,166,960
244,1,Fast,0.7444330453872681,639,682
244,1,Fast,0.6519688367843628,1241,306
244,1,Fast,0.5003712177276611,858,643
245,1,Fast,0.9153315424919128,342,1001
245,1,Fast,0.8613859415054321,514,781
245,1,Fast,0.8433226346969604,505,727
245,1,Fast,0.7741247415542603,1240,308
245,1,Fast,0.7367812395095825,820,593
245,1,Fast,0.6465075016021729,150,969
245,1,Fast,0.6054908633232117,981,583
245,1,Fast,0.37114062905311584,632,686
246,1,Fast,0.911937952041626,359,991
246,1,Fast,0.8771311044692993,813,597
246,1,Fast,0.8455455303192139,503,789
246,1,Fast,0.8075739145278931,498,731
246,1,Fast,0.7947573065757751,985,579
246,1,Fast,0.7694096565246582,868,633
246,1,Fast,0.47251948714256287,135,978
246,1,Fast,0.41346096992492676,1238,309
246,2,Slow,0.39983975887298584,1238,308
247,1,Fast,0.9119307994842529,375,978
247,1,Fast,0.8647218346595764,807,601
247,1,Fast,0.7958162426948547,494,795
247,1,Fast,0.7706316709518433,990,575
247,1,Fast,0.7582342624664307,492,735
247,1,Fast,0.6136301755905151,878,628
247,1,Fast,0.45004141330718994,618,695
247,1,Fast,0.4242764115333557,1235,310
247,1,Fast,0.33791282773017883,123,985
248,1,Fast,0.9173410534858704,392,967
248,1,Fast,0.8538181781768799,801,606
248,1,Fast,0.8049383759498596,995,571
248,1,Fast,0.7749909162521362,484,802
248,1,Fast,0.6610358357429504,1234,311
248,1,Fast,0.5602557063102722,611,700
249,1,Fast,0.9037083983421326,407,956
249,1,Fast,0.8218879103660583,794,611
249,1,Fast,0.7931901216506958,998,568
249,1,Fast,0.5744978189468384,474,744
249,1,Fast,0.5528655648231506,473,809
249,1,Fast,0.37241804599761963,871,531
250,1,Fast,0.8981484770774841,422,945
250,1,Fast,0.863442599773407,786,615
250,1,Fast,0.7964795827865601,1003,565
250,1,Fast,0.5757319331169128,457,818
250,1,Fast,0.3273293077945709,1108,386
251,1,Fast,0.9131138324737549,438,935
251,1,Fast,0.8401495814323425,779,620
251,1,Fast,0.6477055549621582,446,824
251,1,Fast,0.5296380519866943,1007,561
251,1,Fast,0.4001317322254181,897,645
251,1,Fast,0.31836074590682983,1105,387
252,1,Fast,0.9111003279685974,452,926
252,1,Fast,0.7709580659866333,1014,557
252,1,Fast,0.7563017010688782,435,832
252,1,Fast,0.6099421977996826,580,718
252,1,Fast,0.556476354598999,772,625
253,1,Fast,0.9088020324707031,466,916
253,1,Fast,0.8667248487472534,423,840
253,1,Fast,0.8567711114883423,765,630
253,1,Fast,0.7592189311981201,1021,553
253,1,Fast,0.5988762974739075,913,635
254,1,Fast,0.9121114611625671,480,906
254,1,Fast,0.8465182185173035,758,634
254,1,Fast,0.8180243372917175,1023,550
254,1,Fast,0.6885669827461243,567,727
254,1,Fast,0.6709770560264587,411,848
255,1,Fast,0.9111481308937073,493,896
255,1,Fast,0.8510522842407227,751,640
255,1,Fast,0.7772283554077148,1027,546
255,1,Fast,0.6465822458267212,1221,319
255,1,Fast,0.5748611688613892,397,857
255,0,VRU,0.3503788709640503,6,169
256,1,Fast,0.9125998616218567,506,887
256,1,Fast,0.8926378488540649,743,644
256,1,Fast,0.7535380721092224,380,866
256,1,Fast,0.6268209218978882,1219,320
256,0,VRU,0.3856258988380432,6,168
256,1,Fast,0.3497747480869293,934,590
257,1,Fast,0.9126368165016174,520,879
257,1,Fast,0.8650529384613037,736,649
257,1,Fast,0.8386473059654236,371,872
257,1,Fast,0.6052281856536865,835,556
257,1,Fast,0.6049314737319946,1217,321
257,0,VRU,0.38801252841949463,6,169
258,1,Fast,0.9078975319862366,533,869
258,1,Fast,0.8331618905067444,728,654
258,1,Fast,0.8161520957946777,530,747
258,1,Fast,0.8116726875305176,830,559
258,1,Fast,0.6217259764671326,1214,322
258,1,Fast,0.397732138633728,944,581
258,0,VRU,0.3176686763763428,6,169
259,1,Fast,0.9101275205612183,545,861
259,1,Fast,0.8322489261627197,342,891
259,1,Fast,0.8235961198806763,720,659
259,1,Fast,0.8119277954101562,825,562
259,1,Fast,0.786267876625061,524,752
259,1,Fast,0.6768139600753784,1281,284
259,1,Fast,0.5493936538696289,1213,323
259,0,VRU,0.34242936968803406,6,169
260,1,Fast,0.9060224294662476,558,852
260,1,Fast,0.8705334067344666,709,664
260,1,Fast,0.7938758730888367,820,564
260,1,Fast,0.6044778227806091,515,757
260,0,VRU,0.40118616819381714,953,573
260,0,VRU,0.34510698914527893,6,169
260,1,Fast,0.34335967898368835,953,572
261,1,Fast,0.9031948447227478,569,843
261,1,Fast,0.8827658891677856,701,670
261,1,Fast,0.8479623198509216,312,909
261,1,Fast,0.7967533469200134,814,567
261,1,Fast,0.574913501739502,507,762
261,1,Fast,0.4259651303291321,1279,286
261,1,Fast,0.4074643850326538,1052,527
261,0,VRU,0.31337010860443115,6,169
262,1,Fast,0.902761697769165,581,835
262,1,Fast,0.8563011884689331,693,674
262,1,Fast,0.7793028354644775,298,917
262,1,Fast,0.7259425520896912,809,570
262,1,Fast,0.41834938526153564,1056,523
262,0,VRU,0.3761608898639679,6,169
263,1,Fast,0.9023327827453613,593,827
263,1,Fast,0.8652260303497314,685,680
263,1,Fast,0.8288465738296509,281,928
263,1,Fast,0.69338458776474,1060,519
263,1,Fast,0.6481973528862,491,774
264,1,Fast,0.9057049751281738,604,819
264,1,Fast,0.8687695860862732,676,687
264,1,Fast,0.775865912437439,268,936
264,1,Fast,0.6072854995727539,969,591
264,1,Fast,0.5706390738487244,974,558
264,0,VRU,0.37827134132385254,6,169
264,1,Fast,0.3410557210445404,484,778
265,1,Fast,0.8917525410652161,667,693
265,1,Fast,0.8911140561103821,613,811
265,1,Fast,0.8500423431396484,469,785
265,1,Fast,0.6463603973388672,251,946
266,1,Fast,0.9027262330055237,625,804
266,1,Fast,0.8913775682449341,659,698
267,1,Fast,0.904694139957428,635,796
267,1,Fast,0.9036325216293335,650,703
267,1,Fast,0.6893701553344727,218,967
267,1,Fast,0.5610389709472656,451,795
267,1,Fast,0.386976957321167,782,588
268,1,Fast,0.9026167988777161,641,709
268,1,Fast,0.9008148908615112,647,788
268,1,Fast,0.7443422675132751,775,591
268,1,Fast,0.683412492275238,445,801
268,1,Fast,0.4809821546077728,206,976
269,1,Fast,0.8906998634338379,657,781
269,1,Fast,0.8799592852592468,632,715
269,1,Fast,0.7340454459190369,772,595
269,1,Fast,0.605928361415863,431,807
270,1,Fast,0.9046028256416321,620,722
270,1,Fast,0.8852410316467285,664,774
270,1,Fast,0.7519150376319885,156,1000
270,1,Fast,0.6473272442817688,765,598
270,1,Fast,0.6292527914047241,422,813
271,1,Fast,0.9070172309875488,613,728
271,1,Fast,0.8959962129592896,676,767
271,1,Fast,0.8495905995368958,143,1011
271,1,Fast,0.784008800983429,759,601
271,1,Fast,0.4836669862270355,1088,495
271,1,Fast,0.47913333773612976,413,819
272,1,Fast,0.8754228353500366,685,760
272,1,Fast,0.8688545227050781,401,824
272,1,Fast,0.8468632102012634,604,733
272,1,Fast,0.773484468460083,752,605
272,1,Fast,0.5216401219367981,1044,424
273,1,Fast,0.8699188828468323,694,754
273,1,Fast,0.8547362685203552,592,741
273,1,Fast,0.8443127870559692,746,608
273,1,Fast,0.8007002472877502,393,831
273,1,Fast,0.7099637985229492,1041,426
273,1,Fast,0.6972832679748535,1098,490
273,0,VRU,0.4800323247909546,1021,526
273,1,Fast,0.3944532871246338,1008,559
274,1,Fast,0.8685171604156494,583,748
274,1,Fast,0.8395347595214844,703,747
274,1,Fast,0.8000036478042603,740,612
274,1,Fast,0.7580018639564514,383,837
274,1,Fast,0.75175940990448,1038,428
274,0,VRU,0.40295273065567017,1027,524
274,1,Fast,0.382289856672287,1014,555
274,1,Fast,0.3660629689693451,1101,487
275,1,Fast,0.8790884017944336,713,740
275,1,Fast,0.8685874938964844,571,754
275,1,Fast,0.6900469064712524,1035,429
275,1,Fast,0.632900595664978,734,616
275,1,Fast,0.5842019319534302,372,843
275,1,Fast,0.4978419542312622,1016,551
276,1,Fast,0.8884750008583069,562,760
276,1,Fast,0.8767470717430115,722,734
276,1,Fast,0.778620719909668,1031,432
276,1,Fast,0.7357047200202942,728,619
276,1,Fast,0.4546622633934021,361,849
277,1,Fast,0.887094259262085,731,727
277,1,Fast,0.8816751837730408,553,767
277,1,Fast,0.7771469354629517,349,855
277,1,Fast,0.7452315092086792,1028,434
277,1,Fast,0.7189533114433289,721,623
278,1,Fast,0.8852838277816772,542,774
278,1,Fast,0.876695454120636,739,721
278,1,Fast,0.7532206773757935,1026,436
278,1,Fast,0.7416918873786926,337,862
278,0,VRU,0.5565887689590454,1042,512
279,1,Fast,0.9010425806045532,530,781
279,1,Fast,0.879680335521698,747,715
279,1,Fast,0.7207799553871155,1023,438
279,0,VRU,0.39178788661956787,1043,508
280,1,Fast,0.8843553066253662,518,788
280,1,Fast,0.8787147998809814,755,709
280,1,Fast,0.603018581867218,1020,440
280,0,VRU,0.503571093082428,1049,506
280,1,Fast,0.4036974608898163,315,876
281,1,Fast,0.8833916783332825,505,796
281,1,Fast,0.8713816404342651,765,703
281,1,Fast,0.631536602973938,1016,443
281,1,Fast,0.5629902482032776,696,640
281,1,Fast,0.5296071767807007,302,883
282,1,Fast,0.8760833740234375,494,804
282,1,Fast,0.8217324614524841,773,698
282,1,Fast,0.7056887745857239,689,645
282,1,Fast,0.5064488649368286,1013,445
283,1,Fast,0.8878997564315796,482,811
283,1,Fast,0.8246060013771057,684,649
283,1,Fast,0.5851742625236511,781,692
283,1,Fast,0.5644857883453369,278,896
283,1,Fast,0.3945186734199524,1009,446
284,1,Fast,0.8915002346038818,469,819
284,1,Fast,0.845520555973053,676,653
284,1,Fast,0.5375411510467529,267,903
284,1,Fast,0.3991367220878601,1005,449
285,1,Fast,0.8714359402656555,670,656
285,1,Fast,0.8675395846366882,458,826
285,1,Fast,0.6771302819252014,1002,451
285,1,Fast,0.43786129355430603,796,681
286,1,Fast,0.8850110173225403,444,834
286,1,Fast,0.8598076105117798,662,659
286,0,VRU,0.3363213539123535,804,676
287,1,Fast,0.8872795701026917,431,842
287,1,Fast,0.8476490378379822,656,664
287,1,Fast,0.7052090167999268,810,670
287,1,Fast,0.653527557849884,227,924
288,1,Fast,0.8941169381141663,418,850
288,1,Fast,0.6079089045524597,648,669
288,1,Fast,0.4569857716560364,817,665
288,1,Fast,0.3789927065372467,993,458
289,1,Fast,0.8678338527679443,405,859
289,1,Fast,0.7705787420272827,824,660
289,1,Fast,0.6755589246749878,202,940
289,1,Fast,0.6307808756828308,640,673
289,1,Fast,0.6024741530418396,988,460
290,1,Fast,0.8859356045722961,390,868
290,1,Fast,0.7743755578994751,832,655
290,1,Fast,0.47185537219047546,985,462
290,1,Fast,0.43342939019203186,190,947
290,1,Fast,0.39729005098342896,633,678
291,1,Fast,0.8965088129043579,375,876
291,1,Fast,0.7754905819892883,839,650
291,1,Fast,0.6780468225479126,177,955
291,1,Fast,0.6680803298950195,626,683
292,1,Fast,0.8899672627449036,362,885
292,1,Fast,0.8083081841468811,620,686
292,1,Fast,0.6716262102127075,846,645
292,2,Slow,0.4972541630268097,977,467
293,1,Fast,0.9012265801429749,347,895
293,1,Fast,0.768854022026062,611,691
293,1,Fast,0.7545861601829529,852,639
293,2,Slow,0.3355252742767334,973,469
294,1,Fast,0.8877825736999512,330,903
294,1,Fast,0.6882625818252563,601,697
294,1,Fast,0.4728892147541046,859,635
295,1,Fast,0.8969358801841736,316,913
295,1,Fast,0.7547432780265808,594,702
295,1,Fast,0.6259719133377075,865,630
295,1,Fast,0.4968562424182892,966,474
296,1,Fast,0.8947973847389221,299,922
296,1,Fast,0.7881945967674255,585,706
296,1,Fast,0.7503484487533569,871,625
296,1,Fast,0.642994225025177,963,476
297,1,Fast,0.8942773938179016,282,931
297,1,Fast,0.8511573076248169,578,711
297,1,Fast,0.7942226529121399,958,478
297,1,Fast,0.3958277404308319,877,621
298,1,Fast,0.9018934965133667,267,941
298,1,Fast,0.8624829053878784,568,715
298,1,Fast,0.8084266781806946,883,616
298,1,Fast,0.6191263794898987,954,480
298,1,Fast,0.41744545102119446,1251,288
299,1,Fast,0.8954815864562988,250,951
299,1,Fast,0.786409318447113,561,720
299,1,Fast,0.7416173815727234,951,483
299,1,Fast,0.47349077463150024,347,1064
299,1,Fast,0.31696978211402893,892,611
300,1,Fast,0.8884302377700806,233,963
300,1,Fast,0.7792719602584839,947,485
300,1,Fast,0.4008849561214447,553,726
300,1,Fast,0.3189096450805664,896,607
301,1,Fast,0.8683484196662903,943,489
301,1,Fast,0.7983997464179993,216,973
301,1,Fast,0.39615166187286377,385,1052
302,1,Fast,0.8742747902870178,197,984
302,1,Fast,0.8605079054832458,939,491
302,1,Fast,0.37903839349746704,1118,382
303,1,Fast,0.8305791020393372,935,493
303,1,Fast,0.8285879492759705,179,995
303,1,Fast,0.45949792861938477,1115,384
303,1,Fast,0.3385850191116333,913,594
304,1,Fast,0.8030962944030762,931,496
304,1,Fast,0.6791377663612366,159,1005
304,1,Fast,0.3493538796901703,1112,386
305,1,Fast,0.7668269276618958,927,498
305,1,Fast,0.5861333608627319,140,1017
305,1,Fast,0.5426985621452332,1109,387
306,1,Fast,0.8136465549468994,922,500
306,2,Slow,0.45312240719795227,1160,348
306,1,Fast,0.41144612431526184,120,1029
306,1,Fast,0.38052767515182495,1105,389
306,1,Fast,0.3212197721004486,929,581
307,1,Fast,0.8603929877281189,917,503
307,1,Fast,0.40200045704841614,486,765
307,2,Slow,0.31290939450263977,1159,350
308,1,Fast,0.8602023124694824,913,505
308,1,Fast,0.5962706208229065,939,572
308,1,Fast,0.5364044308662415,469,999
308,2,Slow,0.3315560519695282,1156,350
308,1,Fast,0.31373661756515503,1196,339
309,1,Fast,0.7224298715591431,908,509
309,1,Fast,0.5882554650306702,467,775
309,1,Fast,0.47042012214660645,1194,341
309,1,Fast,0.34561777114868164,489,990
309,1,Fast,0.3157773017883301,945,569
310,1,Fast,0.8363398313522339,904,511
310,1,Fast,0.7875181436538696,457,781
310,1,Fast,0.6512335538864136,501,982
310,1,Fast,0.6367822289466858,1192,342
311,1,Fast,0.8352106809616089,900,515
311,1,Fast,0.6111433506011963,507,975
311,1,Fast,0.4793420732021332,446,788
311,1,Fast,0.4232037663459778,1190,343
312,1,Fast,0.8452721238136292,896,518
312,1,Fast,0.8085648417472839,436,794
312,1,Fast,0.7102445960044861,1089,399
312,1,Fast,0.495339959859848,520,967
312,1,Fast,0.31917721033096313,1190,345
313,1,Fast,0.8467205762863159,891,521
314,1,Fast,0.8449913859367371,887,523
314,1,Fast,0.33094483613967896,1184,349
314,1,Fast,0.32675638794898987,539,950
315,1,Fast,0.8331843018531799,882,526
315,1,Fast,0.541131317615509,406,813
315,1,Fast,0.4244513511657715,546,944
315,1,Fast,0.32125046849250793,1182,349
316,1,Fast,0.8451090455055237,877,529
316,1,Fast,0.7422167062759399,394,819
316,1,Fast,0.377097487449646,552,940
316,0,VRU,0.37354010343551636,981,543
317,1,Fast,0.8698500990867615,872,532
317,1,Fast,0.6715781092643738,383,825
318,1,Fast,0.8656225800514221,868,534
318,1,Fast,0.4480460286140442,372,832
319,1,Fast,0.8284575343132019,863,538
320,1,Fast,0.6285655498504639,858,541
321,1,Fast,0.6267784833908081,1226,383
321,1,Fast,0.42563971877098083,853,544
321,1,Fast,0.3685610592365265,335,853
322,1,Fast,0.7255403995513916,848,547
322,1,Fast,0.38642987608909607,1167,359
322,1,Fast,0.32747480273246765,1227,382
323,1,Fast,0.7380268573760986,843,550
323,1,Fast,0.39580675959587097,1165,361
323,1,Fast,0.351092129945755,1229,381
324,1,Fast,0.7831788659095764,837,554
324,1,Fast,0.42990565299987793,297,873
325,1,Fast,0.6883714199066162,833,557
325,2,Slow,0.452989399433136,1234,376
326,1,Fast,0.8145235180854797,827,560
326,2,Slow,0.6258761286735535,1235,375
326,2,Slow,0.5336295962333679,1158,366
326,1,Fast,0.3939577639102936,1046,424
327,1,Fast,0.7973749041557312,821,563
327,1,Fast,0.6516948342323303,1043,426
327,2,Slow,0.6458265781402588,1237,373
327,2,Slow,0.5007848739624023,1156,367
327,1,Fast,0.3718159794807434,1156,368
327,1,Fast,0.34631985425949097,255,895
328,1,Fast,0.8076654672622681,816,566
328,1,Fast,0.5856404900550842,1040,428
328,2,Slow,0.5399696230888367,1153,369
328,1,Fast,0.36819013953208923,1153,369
329,1,Fast,0.8771607875823975,810,569
329,1,Fast,0.6544846296310425,1037,430
329,1,Fast,0.39913469552993774,1151,371
330,1,Fast,0.827233612537384,805,573
330,1,Fast,0.797629177570343,1149,372
330,1,Fast,0.6854755282402039,1033,432
331,1,Fast,0.8232436180114746,799,577
331,1,Fast,0.7290617227554321,1147,373
331,1,Fast,0.5897959470748901,1029,435
332,1,Fast,0.8362222909927368,793,580
332,1,Fast,0.7959330081939697,1145,375
333,1,Fast,0.8522595167160034,787,584
333,1,Fast,0.7730785608291626,1142,377
333,1,Fast,0.7209058403968811,1023,439
334,1,Fast,0.8494089245796204,781,588
334,1,Fast,0.8464145660400391,1020,441
334,1,Fast,0.6658575534820557,1139,379
335,1,Fast,0.8669953346252441,775,591
335,1,Fast,0.8482937216758728,1017,443
335,1,Fast,0.7673505544662476,1137,381
336,1,Fast,0.8711079359054565,769,594
336,1,Fast,0.84681636095047,1014,446
336,1,Fast,0.7607159614562988,1134,383
337,1,Fast,0.8629866242408752,763,597
337,1,Fast,0.7972429394721985,1011,447
337,1,Fast,0.7043180465698242,1131,385
338,1,Fast,0.8547565340995789,758,602
338,1,Fast,0.7668366432189941,1007,449
338,1,Fast,0.7456029057502747,1128,386
338,1,Fast,0.3273259401321411,207,1065
339,1,Fast,0.874417781829834,751,605
339,1,Fast,0.7261010408401489,1126,388
339,1,Fast,0.5396454930305481,230,1057
339,1,Fast,0.5309367179870605,1004,451
340,1,Fast,0.8649975061416626,744,610
340,1,Fast,0.756066620349884,1123,389
340,1,Fast,0.727368175983429,265,1051
340,1,Fast,0.6588292121887207,1001,452
341,1,Fast,0.8628919720649719,737,613
341,1,Fast,0.780320405960083,1121,390
341,1,Fast,0.6693673729896545,284,1042
341,1,Fast,0.6260837316513062,997,455
341,1,Fast,0.32578402757644653,376,1061
342,1,Fast,0.837352991104126,731,617
342,1,Fast,0.8246878981590271,1118,392
342,1,Fast,0.7384185194969177,994,458
342,1,Fast,0.7110763788223267,299,1034
342,1,Fast,0.6313391327857971,386,1057
343,1,Fast,0.8563224077224731,724,621
343,1,Fast,0.8296987414360046,314,1020
343,1,Fast,0.8114832043647766,1116,393
343,1,Fast,0.8042468428611755,395,1053
343,1,Fast,0.5112643241882324,990,461
344,1,Fast,0.8728723526000977,326,1007
344,1,Fast,0.845550537109375,717,625
344,1,Fast,0.7689566016197205,402,1050
344,1,Fast,0.655927300453186,1114,395
344,2,Slow,0.5872724652290344,1221,385
344,1,Fast,0.5274506211280823,985,463
345,1,Fast,0.8622982501983643,711,630
345,1,Fast,0.8372000455856323,339,997
345,1,Fast,0.7319846153259277,1112,398
345,2,Slow,0.6341235041618347,982,466
345,1,Fast,0.6068154573440552,406,1048
345,1,Fast,0.38923680782318115,982,466
345,2,Slow,0.36921557784080505,1223,383
346,1,Fast,0.8724640011787415,704,634
346,1,Fast,0.7565854787826538,361,985
346,2,Slow,0.7434362173080444,978,468
346,1,Fast,0.5505682229995728,1107,400
346,1,Fast,0.4838489294052124,429,1041
347,1,Fast,0.8635135293006897,697,638
347,1,Fast,0.8536312580108643,376,973
347,2,Slow,0.5798981189727783,975,470
347,1,Fast,0.5596978664398193,437,1036
348,1,Fast,0.863448977470398,690,642
348,1,Fast,0.8615416884422302,447,1027
348,1,Fast,0.8212828636169434,392,962
348,1,Fast,0.6754201650619507,971,472
349,1,Fast,0.883544921875,457,1020
349,1,Fast,0.8741624355316162,683,647
349,1,Fast,0.8547214269638062,405,951
349,1,Fast,0.49288228154182434,967,475
350,1,Fast,0.8862553238868713,466,1013
350,1,Fast,0.8700906038284302,676,650
350,1,Fast,0.7882672548294067,428,940
350,0,VRU,0.46083584427833557,1349,265
350,1,Fast,0.38654428720474243,964,476
350,1,Fast,0.32147809863090515,818,737
351,1,Fast,0.8927158713340759,473,1007
351,1,Fast,0.8695733547210693,668,655
351,1,Fast,0.7974407076835632,440,930
351,1,Fast,0.5287584662437439,1094,409
351,1,Fast,0.48764264583587646,960,479
351,0,VRU,0.46567457914352417,1349,265
352,1,Fast,0.879543125629425,480,1001
352,1,Fast,0.8605208992958069,661,659
352,1,Fast,0.859688937664032,449,920
352,1,Fast,0.46672338247299194,1090,411
352,0,VRU,0.4220530390739441,1350,264
353,1,Fast,0.8868011832237244,489,994
353,1,Fast,0.8712769150733948,654,664
353,1,Fast,0.6417745351791382,467,910
353,1,Fast,0.6332076191902161,1088,412
354,1,Fast,0.8703585267066956,498,988
354,1,Fast,0.8620924949645996,645,669
354,1,Fast,0.5236554145812988,1085,414
354,1,Fast,0.36910849809646606,485,899
355,1,Fast,0.8804354667663574,638,673
355,1,Fast,0.8683120608329773,504,982
355,1,Fast,0.6704055666923523,943,490
355,1,Fast,0.6183841824531555,1083,416
355,1,Fast,0.45945319533348083,492,890
356,1,Fast,0.8683518767356873,629,678
356,1,Fast,0.8467723727226257,514,976
356,1,Fast,0.5749008059501648,1079,418
356,1,Fast,0.5461198091506958,512,878
357,1,Fast,0.864189863204956,622,683
357,1,Fast,0.8555809855461121,524,970
357,1,Fast,0.7117871046066284,522,870
357,1,Fast,0.681239664554596,935,495
357,1,Fast,0.3453165292739868,1076,421
358,1,Fast,0.8700673580169678,614,687
358,1,Fast,0.8559437990188599,534,862
358,1,Fast,0.8284107446670532,531,965
358,2,Slow,0.4535664916038513,931,497
358,1,Fast,0.316715270280838,1073,423
359,1,Fast,0.887233316898346,605,692
359,1,Fast,0.8606293797492981,548,853
359,1,Fast,0.7400641441345215,535,959
359,1,Fast,0.4880189299583435,927,500
360,1,Fast,0.8793136477470398,597,697
360,1,Fast,0.8404670357704163,558,845
360,1,Fast,0.7918307781219482,543,952
360,1,Fast,0.5784984230995178,922,502
361,1,Fast,0.8856230974197388,588,703
361,1,Fast,0.817423403263092,550,947
361,1,Fast,0.8009985089302063,1063,429
361,1,Fast,0.7852646708488464,572,835
361,1,Fast,0.7061662673950195,918,505
362,1,Fast,0.8869868516921997,580,708
362,1,Fast,0.828276515007019,556,942
362,1,Fast,0.7983115315437317,913,507
362,1,Fast,0.7567929625511169,1060,431
362,1,Fast,0.5250458717346191,583,827
363,1,Fast,0.8853572607040405,571,713
363,1,Fast,0.6713268756866455,567,935
363,1,Fast,0.3284446597099304,909,510
364,1,Fast,0.8810175061225891,562,718
364,1,Fast,0.7415791749954224,577,928
364,1,Fast,0.6894562840461731,905,513
365,1,Fast,0.8886576294898987,553,724
365,1,Fast,0.850397527217865,900,516
365,1,Fast,0.7689300179481506,619,803
365,1,Fast,0.7455157041549683,583,922
366,1,Fast,0.886472225189209,544,729
366,1,Fast,0.8390684127807617,592,917
366,1,Fast,0.8160911202430725,629,795
366,1,Fast,0.7992953658103943,896,520
366,1,Fast,0.5657678246498108,1048,440
366,2,Slow,0.317413866519928,1261,351
367,1,Fast,0.8802863955497742,535,735
367,1,Fast,0.855012834072113,598,911
367,1,Fast,0.8230213522911072,890,522
367,1,Fast,0.8025863766670227,640,788
368,1,Fast,0.886756181716919,525,740
368,1,Fast,0.8452810645103455,885,525
368,1,Fast,0.8378188610076904,605,906
368,1,Fast,0.6760629415512085,652,781
369,1,Fast,0.8743104934692383,516,746
369,1,Fast,0.8251470923423767,881,528
369,1,Fast,0.7241495847702026,662,773
369,1,Fast,0.6844511032104492,612,900
370,1,Fast,0.8879143595695496,507,752
370,1,Fast,0.8715277314186096,875,531
370,1,Fast,0.8052294254302979,618,895
370,1,Fast,0.5897360444068909,672,767
371,1,Fast,0.8873400688171387,497,758
371,1,Fast,0.8637670874595642,871,534
371,1,Fast,0.8166095614433289,624,890
371,1,Fast,0.4543165862560272,683,759
372,1,Fast,0.8840478658676147,486,764
372,1,Fast,0.8402566313743591,867,537
372,1,Fast,0.8239193558692932,632,885
372,1,Fast,0.5793895125389099,1120,370
373,1,Fast,0.8787729144096375,477,770
373,1,Fast,0.8127402067184448,862,539
373,1,Fast,0.7890127897262573,638,879
374,1,Fast,0.8722700476646423,465,775
374,1,Fast,0.7341651320457458,857,542
374,1,Fast,0.42710617184638977,646,873
374,2,Slow,0.3349476456642151,1000,448
375,1,Fast,0.882740318775177,455,782
375,1,Fast,0.8439522981643677,852,546
375,1,Fast,0.7349403500556946,652,868
375,2,Slow,0.39683350920677185,997,449
376,1,Fast,0.8736922740936279,444,788
376,1,Fast,0.8359577655792236,658,862
376,1,Fast,0.8264832496643066,847,549
377,1,Fast,0.8822491765022278,433,795
377,1,Fast,0.819604218006134,665,857
377,1,Fast,0.8072960376739502,842,553
378,1,Fast,0.8784478902816772,422,801
378,1,Fast,0.8255652189254761,669,853
378,1,Fast,0.7511406540870667,837,556
378,2,Slow,0.33378395438194275,989,456
379,1,Fast,0.8755373954772949,411,808
379,1,Fast,0.809746503829956,676,849
379,1,Fast,0.7962262034416199,831,559
379,2,Slow,0.3597835898399353,985,457
380,1,Fast,0.8835289478302002,400,815
380,1,Fast,0.8056453466415405,825,563
380,1,Fast,0.6539345383644104,681,844
380,2,Slow,0.5554710030555725,982,460
380,1,Fast,0.440945029258728,1102,382
380,0,VRU,0.32092249393463135,1198,381
381,1,Fast,0.8911506533622742,389,821
381,1,Fast,0.8215075731277466,819,566
381,1,Fast,0.717965304851532,688,839
381,2,Slow,0.6311237812042236,980,462
381,1,Fast,0.5555590987205505,1100,383
382,1,Fast,0.8884310126304626,376,829
382,1,Fast,0.878907322883606,814,570
382,1,Fast,0.6126279830932617,1098,385
382,1,Fast,0.5531376004219055,691,835
382,2,Slow,0.5284191370010376,977,464
383,1,Fast,0.8849946856498718,365,836
383,1,Fast,0.8788327574729919,809,572
383,1,Fast,0.7108169198036194,698,830
383,2,Slow,0.4179794192314148,973,466
383,2,Slow,0.3727812170982361,983,480
384,1,Fast,0.8832540512084961,352,843
384,1,Fast,0.8743317127227783,804,576
384,1,Fast,0.7626532316207886,706,826
384,1,Fast,0.3100968897342682,980,483
385,1,Fast,0.8923291563987732,340,850
385,1,Fast,0.8594104051589966,798,579
385,1,Fast,0.5983445048332214,710,821
386,1,Fast,0.8808018565177917,328,857
386,1,Fast,0.866187572479248,791,583
386,1,Fast,0.7728374004364014,716,817
386,2,Slow,0.49209755659103394,962,472
387,1,Fast,0.8906263113021851,315,864
387,1,Fast,0.8641102910041809,786,587
387,1,Fast,0.8032422065734863,722,813
387,2,Slow,0.5415589213371277,958,474
388,1,Fast,0.8819221258163452,301,872
388,1,Fast,0.8729156851768494,780,591
388,1,Fast,0.6346718072891235,726,808
388,0,VRU,0.4745170474052429,954,476
389,1,Fast,0.8794383406639099,289,879
389,1,Fast,0.8499860167503357,774,594
389,1,Fast,0.7534730434417725,732,804
389,2,Slow,0.5018203258514404,952,477
389,1,Fast,0.39391183853149414,958,498
390,1,Fast,0.8749337792396545,275,887
390,1,Fast,0.8520117998123169,768,598
390,1,Fast,0.7244868278503418,736,800
390,1,Fast,0.6937623620033264,954,501
391,1,Fast,0.8931757807731628,261,895
391,1,Fast,0.8184155225753784,762,601
391,1,Fast,0.7755855917930603,950,504
391,2,Slow,0.6417810916900635,945,482
391,1,Fast,0.43192344903945923,741,796
392,1,Fast,0.8925493359565735,247,904
392,1,Fast,0.8417362570762634,755,606
392,1,Fast,0.7768033742904663,946,506
392,2,Slow,0.6828976273536682,941,484
393,1,Fast,0.8902344703674316,234,912
393,1,Fast,0.8524159789085388,748,610
393,2,Slow,0.7106381058692932,937,487
393,1,Fast,0.6201372742652893,940,509
393,1,Fast,0.46996235847473145,752,788
394,1,Fast,0.887973427772522,219,921
394,1,Fast,0.8551713824272156,742,613
394,1,Fast,0.7498582601547241,935,512
394,2,Slow,0.7005431652069092,934,489
394,1,Fast,0.3391970694065094,758,784
395,1,Fast,0.8891515731811523,204,930
395,1,Fast,0.8370985984802246,737,617
395,1,Fast,0.7299721240997314,930,515
395,1,Fast,0.5424500703811646,761,779
395,2,Slow,0.42085108160972595,931,491
396,1,Fast,0.8941986560821533,189,938
396,1,Fast,0.8651308417320251,730,622
396,1,Fast,0.7370358109474182,925,519
396,1,Fast,0.5197646021842957,766,776
397,1,Fast,0.8748268485069275,174,948
397,1,Fast,0.8538081049919128,723,626
397,1,Fast,0.6715216636657715,921,522
398,1,Fast,0.8922585248947144,158,957
398,1,Fast,0.8406592011451721,716,630
398,1,Fast,0.7198269963264465,918,525
398,2,Slow,0.5294912457466125,1040,558
398,2,Slow,0.45553064346313477,919,497
399,1,Fast,0.8911317586898804,142,967
399,1,Fast,0.850176215171814,709,634
399,1,Fast,0.7157391905784607,912,529
399,2,Slow,0.6854403614997864,916,499
400,1,Fast,0.8828052282333374,125,977
400,1,Fast,0.8593509793281555,702,639
400,1,Fast,0.8202438950538635,906,533
400,2,Slow,0.7891083359718323,911,502
400,1,Fast,0.5081079006195068,785,761
401,1,Fast,0.8704932332038879,109,986
401,1,Fast,0.8576772212982178,901,535
401,1,Fast,0.841840386390686,694,643
401,1,Fast,0.6443483829498291,789,758
401,1,Fast,0.560052216053009,314,1056
401,2,Slow,0.3085746765136719,906,506
402,1,Fast,0.8888298273086548,92,994
402,1,Fast,0.8548343181610107,896,538
402,1,Fast,0.8325570225715637,687,648
402,1,Fast,0.6979572772979736,335,1051
402,2,Slow,0.43901440501213074,902,508
402,1,Fast,0.34915849566459656,795,754
403,1,Fast,0.8858352899551392,75,1004
403,1,Fast,0.8355779051780701,343,1046
403,1,Fast,0.8131784200668335,893,541
403,1,Fast,0.7972729206085205,680,652
403,2,Slow,0.5588932037353516,899,510
404,1,Fast,0.8548881411552429,671,657
404,1,Fast,0.8302691578865051,361,1038
404,1,Fast,0.5013711452484131,804,745
404,1,Fast,0.49883708357810974,888,544
404,2,Slow,0.46916016936302185,895,513
404,1,Fast,0.44107240438461304,59,1014
405,1,Fast,0.8725399971008301,665,661
405,1,Fast,0.8491291403770447,808,742
405,1,Fast,0.8338568806648254,375,1029
405,2,Slow,0.38363292813301086,893,515
406,1,Fast,0.8981133699417114,387,1019
406,1,Fast,0.8541021943092346,658,665
406,1,Fast,0.8335694074630737,812,739
406,1,Fast,0.32219788432121277,877,552
407,1,Fast,0.9113975763320923,402,1009
407,1,Fast,0.8485184907913208,651,670
407,1,Fast,0.8267481327056885,816,735
407,1,Fast,0.7220535278320312,242,1056
408,1,Fast,0.9104628562927246,415,1001
408,1,Fast,0.8527201414108276,643,674
408,1,Fast,0.5587784647941589,867,558
408,1,Fast,0.5120764374732971,263,1049
408,1,Fast,0.5096356272697449,821,732
409,1,Fast,0.8954274654388428,427,991
409,1,Fast,0.8632503151893616,635,680
409,1,Fast,0.6375259160995483,861,562
409,1,Fast,0.6307453513145447,274,1040
409,1,Fast,0.5198869705200195,824,728
409,2,Slow,0.43512293696403503,1074,529
410,1,Fast,0.8955955505371094,439,982
410,1,Fast,0.8586944937705994,627,685
410,1,Fast,0.6834861636161804,855,567
410,2,Slow,0.35657793283462524,871,527
411,1,Fast,0.8993256092071533,451,974
411,1,Fast,0.8724237084388733,620,689
411,1,Fast,0.8185945153236389,849,569
411,2,Slow,0.6566281914710999,867,529
411,1,Fast,0.30548208951950073,1285,273
412,1,Fast,0.8995180726051331,462,965
412,1,Fast,0.86907958984375,611,694
412,1,Fast,0.857125461101532,844,574
412,1,Fast,0.811066746711731,327,1002
412,0,VRU,0.6158491373062134,862,533
412,2,Slow,0.31179672479629517,1081,522
413,1,Fast,0.8980117440223694,474,958
413,1,Fast,0.877469539642334,601,699
413,1,Fast,0.8690288066864014,838,578
413,0,VRU,0.5437204837799072,858,535
413,1,Fast,0.36320218443870544,1010,437
413,1,Fast,0.3628695607185364,843,713
413,0,VRU,0.34881189465522766,1327,293
414,1,Fast,0.893876314163208,485,948
414,1,Fast,0.876687228679657,593,705
414,1,Fast,0.8453459739685059,832,580
414,1,Fast,0.5463696718215942,847,710
414,1,Fast,0.5106953978538513,1007,438
414,1,Fast,0.4993728995323181,363,978
415,1,Fast,0.9011667370796204,495,941
415,1,Fast,0.862162709236145,828,584
415,1,Fast,0.8592948913574219,584,710
415,1,Fast,0.6606535911560059,379,966
415,1,Fast,0.5900259017944336,1004,441
416,1,Fast,0.8955479264259338,504,933
416,1,Fast,0.8663903474807739,574,715
416,1,Fast,0.8437827825546265,822,588
416,1,Fast,0.6731230020523071,1001,443
416,1,Fast,0.5877040028572083,394,956
417,1,Fast,0.88746577501297,516,926
417,1,Fast,0.8649446964263916,567,720
417,1,Fast,0.8585361242294312,815,593
417,1,Fast,0.7023653984069824,998,445
417,1,Fast,0.40095824003219604,413,944
418,1,Fast,0.89747154712677,528,918
418,1,Fast,0.8793098330497742,559,726
418,1,Fast,0.8463553786277771,809,596
418,1,Fast,0.7320587635040283,995,446
418,2,Slow,0.5271848440170288,1101,505
418,1,Fast,0.49545061588287354,428,935
419,1,Fast,0.9088811874389648,537,911
419,1,Fast,0.8824916481971741,550,731
419,1,Fast,0.8460988402366638,804,600
419,1,Fast,0.7224252820014954,992,448
419,2,Slow,0.6707763075828552,1104,504
419,1,Fast,0.3771754503250122,441,924
419,1,Fast,0.35970404744148254,870,693
419,2,Slow,0.3346361517906189,832,551
420,1,Fast,0.9009783864021301,548,903
420,1,Fast,0.8865108489990234,538,738
420,1,Fast,0.8240751624107361,797,604
420,1,Fast,0.719393253326416,456,913
420,1,Fast,0.6942423582077026,989,451
420,2,Slow,0.6297436952590942,1107,502
420,0,VRU,0.5979673862457275,829,554
420,1,Fast,0.39759594202041626,874,690
421,1,Fast,0.9023116230964661,558,895
421,1,Fast,0.8826830983161926,530,743
421,1,Fast,0.7820824980735779,790,609
421,1,Fast,0.7176820635795593,470,903
421,1,Fast,0.6843011379241943,878,686
422,1,Fast,0.8961816430091858,567,888
422,1,Fast,0.8838717937469482,521,749
422,1,Fast,0.8540064096450806,784,613
422,1,Fast,0.6914753913879395,483,894
422,2,Slow,0.6300531625747681,818,559
422,1,Fast,0.4664117395877838,882,683
423,1,Fast,0.8917056918144226,576,880
423,1,Fast,0.8809743523597717,510,755
423,1,Fast,0.6525982618331909,776,618
423,1,Fast,0.5334582328796387,495,884
423,2,Slow,0.33069300651550293,812,562
424,1,Fast,0.8981850147247314,586,873
424,1,Fast,0.8808913826942444,500,761
424,1,Fast,0.8187016844749451,770,622
424,1,Fast,0.4804055988788605,975,460
424,2,Slow,0.36220109462738037,807,565
424,1,Fast,0.34606027603149414,510,873
425,1,Fast,0.8973339796066284,595,866
425,1,Fast,0.8807646036148071,488,768
425,1,Fast,0.8202875852584839,763,627
425,1,Fast,0.7489708662033081,971,461
425,1,Fast,0.7185749411582947,523,864
425,0,VRU,0.529762327671051,802,567
425,2,Slow,0.3204820454120636,802,567
426,1,Fast,0.897290825843811,605,859
426,1,Fast,0.8803676962852478,479,774
426,1,Fast,0.7484802007675171,757,631
426,1,Fast,0.7395517230033875,537,856
426,1,Fast,0.6802967190742493,968,464
426,0,VRU,0.39197787642478943,798,570
427,1,Fast,0.8935086727142334,468,780
427,1,Fast,0.8895000219345093,613,853
427,1,Fast,0.8224218487739563,749,636
427,1,Fast,0.6987070441246033,965,466
427,1,Fast,0.45581287145614624,550,847
427,2,Slow,0.30328163504600525,793,573
428,1,Fast,0.8899694085121155,621,846
428,1,Fast,0.885535717010498,458,786
428,1,Fast,0.834561288356781,742,641
428,1,Fast,0.6222905516624451,961,468
428,1,Fast,0.6046998500823975,563,838
428,1,Fast,0.5136182308197021,904,663
429,1,Fast,0.8872225284576416,448,793
429,1,Fast,0.8760380148887634,629,840
429,1,Fast,0.8611024022102356,736,645
429,1,Fast,0.6224247813224792,908,660
429,1,Fast,0.5574718713760376,578,830
429,1,Fast,0.5549961924552917,958,470
429,0,VRU,0.35670003294944763,1290,308
430,1,Fast,0.8833664059638977,437,799
430,1,Fast,0.8780326247215271,639,833
430,1,Fast,0.8628094792366028,729,650
430,1,Fast,0.7655132412910461,953,472
430,1,Fast,0.44836845993995667,912,657
430,0,VRU,0.36511704325675964,1347,276
431,1,Fast,0.8803588151931763,426,805
431,1,Fast,0.87870854139328,648,827
431,1,Fast,0.7720738649368286,721,656
431,1,Fast,0.7064776420593262,950,474
431,1,Fast,0.6466323733329773,599,812
431,2,Slow,0.581900417804718,773,585
431,1,Fast,0.33862990140914917,915,654
432,1,Fast,0.8909619450569153,656,820
432,1,Fast,0.8802223801612854,413,812
432,1,Fast,0.8360989689826965,712,660
432,1,Fast,0.6878130435943604,945,477
432,1,Fast,0.6805616617202759,610,804
432,1,Fast,0.4052142798900604,919,652
433,1,Fast,0.8923481702804565,402,819
433,1,Fast,0.8858794569969177,703,666
433,1,Fast,0.8747109174728394,664,814
433,1,Fast,0.742995023727417,942,479
433,1,Fast,0.6343814134597778,923,649
433,2,Slow,0.5190613865852356,764,591
433,1,Fast,0.4904574751853943,622,797
434,1,Fast,0.8938175439834595,696,670
434,1,Fast,0.8925706148147583,390,826
434,1,Fast,0.8607617020606995,672,808
434,2,Slow,0.7297177314758301,758,595
434,1,Fast,0.5890408158302307,938,481
435,1,Fast,0.8960115313529968,379,833
435,1,Fast,0.8812126517295837,689,674
435,1,Fast,0.8763344287872314,681,803
435,1,Fast,0.6744762659072876,643,781
435,1,Fast,0.6370944976806641,932,643
435,1,Fast,0.6039386987686157,936,484
435,2,Slow,0.3578698933124542,753,598
436,1,Fast,0.8947944641113281,366,841
436,1,Fast,0.8904382586479187,680,680
436,1,Fast,0.8596975207328796,687,797
436,1,Fast,0.7907565236091614,932,486
436,1,Fast,0.7511062026023865,934,639
436,2,Slow,0.6245002150535583,747,602
437,1,Fast,0.8918875455856323,353,848
437,1,Fast,0.8854139447212219,672,686
437,1,Fast,0.8790372610092163,695,791
437,1,Fast,0.8227300047874451,928,488
437,1,Fast,0.7866130471229553,938,636
437,1,Fast,0.7508280277252197,663,766
437,1,Fast,0.5221507549285889,830,575
437,2,Slow,0.43859440088272095,740,606
438,1,Fast,0.8934329152107239,664,691
438,1,Fast,0.8931199908256531,340,855
438,1,Fast,0.8724461197853088,703,785
438,1,Fast,0.7672797441482544,924,490
438,1,Fast,0.4372435212135315,941,633
438,2,Slow,0.38403329253196716,735,609
439,1,Fast,0.9012846946716309,328,863
439,1,Fast,0.883979082107544,656,697
439,1,Fast,0.849936842918396,711,779
439,1,Fast,0.7911036014556885,920,494
439,1,Fast,0.3529738187789917,685,751
440,1,Fast,0.9018134474754333,316,870
440,1,Fast,0.8940732479095459,649,702
440,1,Fast,0.8549147248268127,716,773
440,1,Fast,0.6918416619300842,916,495
441,1,Fast,0.900766134262085,302,878
441,1,Fast,0.8831467032432556,640,707
441,1,Fast,0.8481732606887817,723,768
441,2,Slow,0.6293352842330933,718,619
442,1,Fast,0.8952364325523376,288,886
442,1,Fast,0.8818084001541138,631,713
442,1,Fast,0.864004373550415,730,763
442,2,Slow,0.58683180809021,712,622
443,1,Fast,0.9018164277076721,274,894
443,1,Fast,0.8999201059341431,620,719
443,1,Fast,0.8402551412582397,739,758
443,1,Fast,0.6756241917610168,904,503
443,2,Slow,0.5233448147773743,707,627
444,1,Fast,0.9011426568031311,260,902
444,1,Fast,0.8914034962654114,611,725
444,1,Fast,0.8517024517059326,745,753
444,1,Fast,0.4567398428916931,960,616
445,1,Fast,0.9029580950737,245,910
445,1,Fast,0.8842969536781311,602,730
445,1,Fast,0.781408965587616,751,747
445,2,Slow,0.6859052777290344,695,633
445,1,Fast,0.48910075426101685,1235,302
445,1,Fast,0.4349394738674164,789,602
445,1,Fast,0.4095228612422943,895,509
446,1,Fast,0.8997911214828491,231,919
446,1,Fast,0.8831373453140259,591,737
446,1,Fast,0.842553436756134,758,742
446,2,Slow,0.8207637071609497,689,636
446,1,Fast,0.6416006684303284,891,511
446,1,Fast,0.6245189309120178,967,612
446,1,Fast,0.5305172801017761,1232,303
447,1,Fast,0.897035539150238,216,928
447,1,Fast,0.8798978924751282,583,743
447,1,Fast,0.8194244503974915,766,736
447,2,Slow,0.7939643263816833,684,641
447,1,Fast,0.5779713988304138,1230,304
447,1,Fast,0.45051851868629456,969,609
448,1,Fast,0.9054578542709351,201,936
448,1,Fast,0.8930648565292358,573,749
448,2,Slow,0.7917289137840271,677,644
448,1,Fast,0.7800334692001343,772,732
448,1,Fast,0.5909110903739929,1229,305
448,1,Fast,0.4813659191131592,884,517
448,1,Fast,0.43620333075523376,972,606
449,1,Fast,0.8920102715492249,183,946
449,1,Fast,0.881048858165741,563,756
449,2,Slow,0.7897613644599915,671,649
449,1,Fast,0.776854932308197,780,725
449,1,Fast,0.7513243556022644,879,519
449,2,Slow,0.6947767734527588,775,687
449,1,Fast,0.6580501794815063,1227,306
450,1,Fast,0.8894281983375549,553,761
450,1,Fast,0.8889903426170349,169,955
450,1,Fast,0.8231396675109863,785,721
450,1,Fast,0.8133306503295898,876,522
450,2,Slow,0.8080422282218933,665,652
450,1,Fast,0.44529443979263306,980,601
450,1,Fast,0.37128129601478577,1225,307
450,0,VRU,0.3086094856262207,666,652
451,1,Fast,0.9001224040985107,153,965
451,1,Fast,0.8871490955352783,544,768
451,1,Fast,0.7850492596626282,871,525
451,2,Slow,0.39715659618377686,658,656
451,1,Fast,0.30466750264167786,790,716
452,1,Fast,0.9010598063468933,136,974
452,1,Fast,0.8884859085083008,533,775
452,1,Fast,0.6439781188964844,867,527
452,2,Slow,0.4629652500152588,651,661
452,1,Fast,0.3703087866306305,797,711
453,1,Fast,0.8994501233100891,119,984
453,1,Fast,0.8954769968986511,523,781
453,1,Fast,0.7998994588851929,861,531
453,1,Fast,0.6151089668273926,804,706
453,1,Fast,0.30388861894607544,990,593
454,1,Fast,0.8929082751274109,102,993
454,1,Fast,0.8913061618804932,512,788
454,1,Fast,0.835092306137085,856,534
454,1,Fast,0.7760359048843384,808,702
455,1,Fast,0.89922034740448,499,795
455,1,Fast,0.8908390402793884,84,1003
455,1,Fast,0.837601900100708,851,536
455,1,Fast,0.8314968943595886,812,698
456,1,Fast,0.8747143149375916,488,802
456,1,Fast,0.8417198657989502,68,1013
456,1,Fast,0.8366202712059021,819,694
456,2,Slow,0.6385903358459473,626,675
456,1,Fast,0.4805886745452881,847,539
457,1,Fast,0.8877225518226624,476,810
457,1,Fast,0.8337697386741638,825,689
457,1,Fast,0.5106722712516785,842,542
457,1,Fast,0.5027270317077637,50,1024
457,2,Slow,0.47322309017181396,618,680
458,1,Fast,0.8966115713119507,465,818
458,1,Fast,0.7988333106040955,831,684
458,2,Slow,0.5887448191642761,612,684
458,1,Fast,0.43770676851272583,837,545
459,1,Fast,0.8842999339103699,453,825
459,1,Fast,0.807793140411377,833,547
459,1,Fast,0.7953705191612244,835,680
459,1,Fast,0.5616478323936462,700,660
459,1,Fast,0.3539806604385376,1208,317
460,1,Fast,0.8789821267127991,441,832
460,1,Fast,0.8320624232292175,842,676
460,2,Slow,0.6065639853477478,596,693
460,1,Fast,0.5201472640037537,1206,318
460,1,Fast,0.4140409827232361,830,550
461,1,Fast,0.8934500813484192,429,840
461,2,Slow,0.7656042575836182,589,697
461,1,Fast,0.7556053400039673,824,554
461,1,Fast,0.7227395176887512,848,672
461,1,Fast,0.45627927780151367,1205,319
462,1,Fast,0.8838585615158081,416,847
462,1,Fast,0.7577632069587708,820,556
462,2,Slow,0.4395415484905243,584,702
462,1,Fast,0.3307696580886841,1015,571
462,1,Fast,0.32810062170028687,1203,320
463,1,Fast,0.8601410388946533,403,856
463,1,Fast,0.8194676041603088,815,559
463,1,Fast,0.4337928891181946,1019,568
463,0,VRU,0.35064053535461426,575,706
463,1,Fast,0.3175341486930847,1201,321
464,1,Fast,0.8724252581596375,390,865
464,1,Fast,0.815335750579834,809,563
464,1,Fast,0.4406951665878296,1198,322
464,1,Fast,0.3871978223323822,1022,566
465,1,Fast,0.8843767642974854,374,874
465,1,Fast,0.7255574464797974,804,566
465,1,Fast,0.6181386113166809,658,689
465,2,Slow,0.467573344707489,560,715
465,1,Fast,0.30625778436660767,1196,323
466,1,Fast,0.8867973685264587,362,881
466,1,Fast,0.7790113687515259,648,694
466,1,Fast,0.7355073094367981,799,569
466,1,Fast,0.6840958595275879,872,651
466,2,Slow,0.41546881198883057,552,720
467,1,Fast,0.8847461938858032,347,890
467,1,Fast,0.8082712292671204,645,698
467,1,Fast,0.755023181438446,877,647
467,2,Slow,0.45920267701148987,1030,559
468,1,Fast,0.870513916015625,332,899
468,1,Fast,0.7353640198707581,881,644
468,2,Slow,0.3336854577064514,1034,556
468,0,VRU,0.30846622586250305,536,730
469,1,Fast,0.8784123063087463,320,907
469,1,Fast,0.5898589491844177,888,639
469,1,Fast,0.5155493021011353,625,708
470,1,Fast,0.8628645539283752,304,916
470,1,Fast,0.7063047885894775,894,635
470,1,Fast,0.45596107840538025,777,583
470,2,Slow,0.31216132640838623,1040,551
471,1,Fast,0.8799080848693848,288,925
471,1,Fast,0.7645062208175659,899,631
471,1,Fast,0.6210315227508545,772,586
471,0,VRU,0.4067324101924896,513,744
472,1,Fast,0.8719096779823303,272,934
472,1,Fast,0.6977776885032654,767,589
472,1,Fast,0.3677850365638733,599,723
472,1,Fast,0.301588773727417,502,750
473,1,Fast,0.8650663495063782,257,945
473,1,Fast,0.6592903733253479,761,593
473,2,Slow,0.33933591842651367,495,754
474,1,Fast,0.8783479928970337,242,954
474,1,Fast,0.8200516700744629,755,596
474,1,Fast,0.6700617671012878,485,760
475,1,Fast,0.8781909346580505,225,964
475,1,Fast,0.7409005761146545,750,600
475,2,Slow,0.3624412417411804,478,766
476,1,Fast,0.8815900683403015,207,976
476,1,Fast,0.6808100342750549,572,745
476,1,Fast,0.5729618668556213,744,603
476,2,Slow,0.34739384055137634,470,770
477,1,Fast,0.8837853074073792,190,986
477,1,Fast,0.844021201133728,738,607
477,1,Fast,0.6891642808914185,460,776
477,1,Fast,0.5136274695396423,559,751
478,1,Fast,0.8779518008232117,173,996
478,1,Fast,0.8338532447814941,732,611
478,1,Fast,0.5547528266906738,547,757
478,1,Fast,0.5346131920814514,450,782
478,2,Slow,0.4851725399494171,1060,534
478,1,Fast,0.4095759093761444,930,606
479,1,Fast,0.8565444350242615,152,1006
479,1,Fast,0.7457475066184998,726,615
479,1,Fast,0.7270719408988953,440,788
479,1,Fast,0.32629573345184326,1063,532
480,1,Fast,0.857387900352478,135,1018
481,1,Fast,0.8590892553329468,117,1029
481,1,Fast,0.7562970519065857,422,799
481,1,Fast,0.5905059576034546,518,775
481,2,Slow,0.3878028392791748,1069,527
482,1,Fast,0.7990427613258362,100,1040
482,1,Fast,0.7897173166275024,411,805
482,1,Fast,0.5474619269371033,509,781
482,1,Fast,0.33127352595329285,707,625
483,1,Fast,0.7543292045593262,701,630
483,1,Fast,0.742283284664154,401,811
483,1,Fast,0.37454044818878174,79,1048
484,1,Fast,0.8392923474311829,694,634
484,1,Fast,0.7616278529167175,393,816
484,1,Fast,0.7471802234649658,488,793
484,1,Fast,0.575079619884491,957,586
485,1,Fast,0.8519542217254639,382,823
485,1,Fast,0.8219600915908813,688,639
485,1,Fast,0.40894943475723267,479,801
485,1,Fast,0.3637373745441437,255,1069
485,2,Slow,0.3000551164150238,1080,519
486,1,Fast,0.8294277787208557,682,643
486,1,Fast,0.5452324748039246,272,1064
486,1,Fast,0.4678620398044586,470,808
486,1,Fast,0.33372393250465393,371,829
487,1,Fast,0.8207359313964844,676,647
487,1,Fast,0.7079965472221375,361,835
488,1,Fast,0.8592420816421509,667,652
488,1,Fast,0.8314822912216187,350,841
488,1,Fast,0.7282189726829529,306,1053
488,1,Fast,0.40328454971313477,447,820
489,1,Fast,0.8527111411094666,325,1048
489,1,Fast,0.8012353777885437,660,656
489,1,Fast,0.594454288482666,340,848
490,1,Fast,0.8443260192871094,654,659
490,1,Fast,0.7881626486778259,338,1043
490,1,Fast,0.7512741088867188,329,854
490,1,Fast,0.4609904885292053,421,835
491,1,Fast,0.8910818696022034,350,1034
491,1,Fast,0.7968827486038208,318,860
491,1,Fast,0.6989051103591919,647,664
491,1,Fast,0.6042422652244568,412,843
492,1,Fast,0.8955724835395813,364,1024
492,1,Fast,0.8632912635803223,306,867
492,1,Fast,0.7851305603981018,641,668
492,1,Fast,0.5680498480796814,401,850
492,2,Slow,0.4031231701374054,1096,503
493,1,Fast,0.8899234533309937,378,1014
493,1,Fast,0.7835944294929504,297,873
493,1,Fast,0.7219473719596863,633,673
493,1,Fast,0.6466687917709351,390,857
493,1,Fast,0.3583061397075653,993,558
493,2,Slow,0.3315507769584656,1099,502
494,1,Fast,0.9080948829650879,392,1003
494,1,Fast,0.8502127528190613,285,880
494,1,Fast,0.6730242371559143,626,678
494,1,Fast,0.6426156163215637,379,865
495,1,Fast,0.9099304676055908,405,995
495,1,Fast,0.8707366585731506,275,886
495,1,Fast,0.8222908973693848,366,872
495,1,Fast,0.7615184187889099,618,682
496,1,Fast,0.9109132289886475,418,986
496,1,Fast,0.8760867714881897,262,894
496,1,Fast,0.8660970330238342,609,687
496,1,Fast,0.5689980387687683,353,879
496,2,Slow,0.3195069134235382,1262,368
497,1,Fast,0.9130443930625916,431,976
497,1,Fast,0.8664231300354004,601,692
497,1,Fast,0.8544795513153076,248,902
497,1,Fast,0.6726681590080261,334,889
498,1,Fast,0.9161192178726196,443,967
498,1,Fast,0.8719342947006226,237,908
498,1,Fast,0.8711318969726562,594,696
498,1,Fast,0.6244416236877441,326,896
499,1,Fast,0.8998560905456543,454,959
499,1,Fast,0.8501379489898682,226,915
499,1,Fast,0.841334342956543,586,701
499,1,Fast,0.484841912984848,311,904
500,1,Fast,0.9020636081695557,467,950
500,1,Fast,0.8524292707443237,212,923
500,1,Fast,0.8271483778953552,578,707
500,1,Fast,0.7752366065979004,297,912
500,1,Fast,0.4890168607234955,1124,368
501,1,Fast,0.9026684761047363,478,942
501,1,Fast,0.8641974925994873,201,931
501,1,Fast,0.718547523021698,568,712
501,1,Fast,0.7097780108451843,284,921
501,1,Fast,0.6458569169044495,1122,369
502,1,Fast,0.9070978760719299,490,933
502,1,Fast,0.8599475622177124,186,938
502,1,Fast,0.8349345922470093,561,716
502,2,Slow,0.5218966603279114,1170,334
502,1,Fast,0.42469552159309387,269,930
502,1,Fast,0.355350524187088,1120,370
503,1,Fast,0.9030458927154541,500,926
503,1,Fast,0.8647236227989197,173,947
503,1,Fast,0.8293384313583374,553,721
503,2,Slow,0.5216083526611328,1168,335
503,1,Fast,0.35861051082611084,254,938
504,1,Fast,0.8902929425239563,510,918
504,1,Fast,0.8366025686264038,544,726
504,1,Fast,0.6038234829902649,158,956
504,2,Slow,0.4495087265968323,1167,336
505,1,Fast,0.9059669375419617,522,910
505,1,Fast,0.8666403293609619,143,964
505,1,Fast,0.8355724215507507,536,732
505,1,Fast,0.42903846502304077,233,956
506,1,Fast,0.8977815508842468,532,902
506,1,Fast,0.8702951669692993,129,972
506,1,Fast,0.8391867280006409,526,739
506,1,Fast,0.6881185173988342,216,1057
506,1,Fast,0.6305849552154541,218,965
506,2,Slow,0.3456402122974396,1164,338
507,1,Fast,0.902476966381073,542,895
507,1,Fast,0.8718647956848145,116,980
507,1,Fast,0.8453700542449951,517,744
507,1,Fast,0.8174947500228882,232,1051
507,2,Slow,0.3435034453868866,1161,339
508,1,Fast,0.9066968560218811,553,887
508,1,Fast,0.8899707794189453,507,750
508,1,Fast,0.8839762806892395,262,1042
508,1,Fast,0.8198337554931641,102,988
508,1,Fast,0.49904683232307434,188,985
508,2,Slow,0.4461604952812195,1161,339
509,1,Fast,0.9089676737785339,564,880
509,1,Fast,0.8991857171058655,498,756
509,1,Fast,0.8648557662963867,279,1029
509,1,Fast,0.7641716003417969,88,998
509,1,Fast,0.538371205329895,1103,381
510,1,Fast,0.9045746326446533,573,873
510,1,Fast,0.8997710943222046,298,1016
510,1,Fast,0.8801549673080444,489,762
510,1,Fast,0.8347584009170532,72,1007
510,1,Fast,0.6540164947509766,1100,382
510,2,Slow,0.30342555046081543,1281,350
511,1,Fast,0.9079736471176147,582,866
511,1,Fast,0.8800916075706482,316,1004
511,1,Fast,0.855161726474762,480,768
511,1,Fast,0.7689328193664551,59,1015
511,1,Fast,0.6923447251319885,1099,383
512,1,Fast,0.9036755561828613,331,993
512,1,Fast,0.8956714272499084,592,859
512,1,Fast,0.8818728923797607,470,773
512,1,Fast,0.7405428290367126,41,1023
512,1,Fast,0.6701127290725708,1097,385
513,1,Fast,0.9082629680633545,348,981
513,1,Fast,0.9034287929534912,601,851
513,1,Fast,0.8685883283615112,459,780
513,1,Fast,0.5572818517684937,32,1029
514,1,Fast,0.9039676189422607,610,845
514,1,Fast,0.894389808177948,364,969
514,1,Fast,0.8619573712348938,450,786
514,1,Fast,0.4541057348251343,25,1041
515,1,Fast,0.8947727084159851,619,838
515,1,Fast,0.8836937546730042,383,958
515,1,Fast,0.8814437985420227,439,792
515,1,Fast,0.43006759881973267,16,1050
516,1,Fast,0.8893226385116577,626,832
516,1,Fast,0.8603185415267944,399,947
516,1,Fast,0.8282991647720337,429,798
516,1,Fast,0.6181120872497559,1087,390
516,2,Slow,0.40055137872695923,1148,349
517,1,Fast,0.8931657075881958,637,825
517,1,Fast,0.8708435893058777,416,936
517,1,Fast,0.8585259318351746,420,805
517,1,Fast,0.6288520097732544,1084,393
518,1,Fast,0.9029288291931152,431,926
518,1,Fast,0.9014502167701721,646,819
518,1,Fast,0.8951147198677063,408,812
518,1,Fast,0.5629164576530457,1082,394
519,1,Fast,0.8996958136558533,653,814
519,1,Fast,0.8933027982711792,396,819
519,1,Fast,0.8649470806121826,445,915
519,1,Fast,0.5368983745574951,1079,397
520,1,Fast,0.8962855339050293,661,808
520,1,Fast,0.8922221064567566,385,826
520,1,Fast,0.8896832466125488,459,904
520,1,Fast,0.6979033350944519,1076,398
521,1,Fast,0.9057542085647583,374,833
521,1,Fast,0.8914223313331604,670,802
521,1,Fast,0.8148297667503357,473,896
521,1,Fast,0.6716737747192383,1074,400
522,1,Fast,0.898208498954773,363,840
522,1,Fast,0.8932088017463684,678,795
522,1,Fast,0.8857795596122742,488,886
522,1,Fast,0.7453237771987915,1072,401
523,1,Fast,0.9062072038650513,351,846
523,1,Fast,0.9043000340461731,503,876
523,1,Fast,0.8950955271720886,686,789
524,1,Fast,0.8975867629051208,338,854
524,1,Fast,0.8931435942649841,694,784
524,1,Fast,0.5515283942222595,519,866
525,1,Fast,0.8979688882827759,328,860
525,1,Fast,0.8934711813926697,701,778
525,1,Fast,0.8695926666259766,528,858
525,1,Fast,0.5083524584770203,1063,405
525,2,Slow,0.32159000635147095,1134,358
526,1,Fast,0.8931353092193604,708,773
526,1,Fast,0.8927716016769409,315,868
526,1,Fast,0.8089802265167236,541,848
526,1,Fast,0.4572773277759552,1060,407
527,1,Fast,0.886878252029419,715,766
527,1,Fast,0.8848845958709717,303,875
527,1,Fast,0.5242079496383667,1058,409
527,1,Fast,0.5224213004112244,553,841
528,1,Fast,0.8927766680717468,723,761
528,1,Fast,0.8899780511856079,290,882
528,1,Fast,0.6395788788795471,564,833
528,1,Fast,0.6308382153511047,1056,411
528,2,Slow,0.43685051798820496,1149,341
528,0,VRU,0.3268955945968628,649,451
529,1,Fast,0.8887304663658142,276,889
529,1,Fast,0.8874126672744751,730,756
529,1,Fast,0.6448980569839478,1053,413
529,2,Slow,0.5218509435653687,560,833
529,2,Slow,0.4210560917854309,1148,342
530,1,Fast,0.9052515029907227,263,898
530,1,Fast,0.8920559883117676,738,751
530,1,Fast,0.49439263343811035,1049,415
531,1,Fast,0.9003084897994995,250,906
531,1,Fast,0.8904560208320618,744,746
531,2,Slow,0.34173545241355896,586,816
531,1,Fast,0.31019073724746704,1045,417
532,1,Fast,0.8997614979743958,237,914
532,1,Fast,0.8876737356185913,752,740
532,1,Fast,0.4756688177585602,1043,419
533,1,Fast,0.8980453014373779,758,735
533,1,Fast,0.8932991623878479,221,923
533,2,Slow,0.4378712475299835,1121,367
533,1,Fast,0.4042290449142456,1041,420
534,1,Fast,0.9010468125343323,207,931
534,1,Fast,0.8880295753479004,765,731
534,2,Slow,0.3165230453014374,1119,368
535,1,Fast,0.9008815288543701,193,940
535,1,Fast,0.8898565173149109,772,726
535,2,Slow,0.3935728967189789,1117,369
535,1,Fast,0.3147622346878052,1035,424
536,1,Fast,0.8857925534248352,179,949
536,1,Fast,0.8797560930252075,778,721
536,1,Fast,0.4487362504005432,1032,425
537,1,Fast,0.8875307440757751,784,716
537,1,Fast,0.8678156137466431,163,959
537,1,Fast,0.6389421820640564,1028,427
538,1,Fast,0.8942527770996094,149,968
538,1,Fast,0.8806220889091492,791,711
538,2,Slow,0.32224369049072266,1134,352
538,1,Fast,0.31093156337738037,1026,428
539,1,Fast,0.879023551940918,797,706
539,1,Fast,0.8296647071838379,133,978
539,1,Fast,0.6804806590080261,1023,430
539,1,Fast,0.5265408158302307,308,1057
539,2,Slow,0.35041096806526184,1134,353
540,1,Fast,0.8849565982818604,803,701
540,1,Fast,0.8428146243095398,117,986
540,1,Fast,0.6432991027832031,1020,433
540,1,Fast,0.4054029583930969,323,1052
541,1,Fast,0.875263512134552,807,697
541,1,Fast,0.7850860357284546,335,1047
541,1,Fast,0.7160347700119019,1017,435
541,1,Fast,0.6842150092124939,99,995
542,1,Fast,0.8892099857330322,815,693
542,1,Fast,0.5779215693473816,82,1005
542,1,Fast,0.45502617955207825,1013,437
543,1,Fast,0.8895865082740784,821,688
543,1,Fast,0.7274684309959412,1009,439
543,1,Fast,0.58797687292099,67,1015
543,1,Fast,0.39144498109817505,1100,380
544,1,Fast,0.8763547539710999,826,684
544,1,Fast,0.6923612952232361,1005,442
544,1,Fast,0.36948904395103455,1098,381
545,1,Fast,0.8801222443580627,832,680
545,1,Fast,0.6687454581260681,1003,444
545,1,Fast,0.46957194805145264,1097,381
546,1,Fast,0.8753322958946228,838,675
546,1,Fast,0.802468478679657,1000,445
546,1,Fast,0.4287845492362976,405,1000
546,1,Fast,0.303177148103714,1094,382
547,1,Fast,0.8800756335258484,844,671
547,1,Fast,0.7681640386581421,997,447
547,1,Fast,0.4650719165802002,1093,384
547,1,Fast,0.36531713604927063,420,991
548,1,Fast,0.8749248385429382,849,666
548,1,Fast,0.7319748997688293,995,448
549,1,Fast,0.8751185536384583,854,662
549,1,Fast,0.758312463760376,992,450
550,1,Fast,0.7959508299827576,861,657
550,1,Fast,0.7203341126441956,988,453
551,1,Fast,0.8608856201171875,866,653
551,1,Fast,0.5038445591926575,984,455
552,1,Fast,0.8668712377548218,871,649
553,1,Fast,0.8576952815055847,876,645
553,1,Fast,0.6635265350341797,978,459
554,1,Fast,0.8346167802810669,881,642
554,1,Fast,0.5492960214614868,975,462
555,1,Fast,0.818814754486084,886,638
555,1,Fast,0.3756442964076996,971,464
556,1,Fast,0.8542805910110474,892,634
557,1,Fast,0.8615573048591614,897,630
558,1,Fast,0.8601194024085999,901,627
559,1,Fast,0.8409956693649292,906,623
560,1,Fast,0.8244465589523315,910,619
560,1,Fast,0.3436099886894226,856,627
561,1,Fast,0.7766661643981934,950,476
561,1,Fast,0.6585758328437805,915,615
562,1,Fast,0.7277047634124756,946,479
562,1,Fast,0.6896894574165344,921,611
563,1,Fast,0.7438721656799316,942,481
563,1,Fast,0.46184414625167847,925,607
563,1,Fast,0.351468026638031,1089,380
564,1,Fast,0.7499688267707825,939,484
564,1,Fast,0.6663941740989685,929,605
565,1,Fast,0.8421410918235779,936,486
565,1,Fast,0.7583531737327576,934,601
566,1,Fast,0.8766019940376282,932,488
566,1,Fast,0.6538881659507751,937,598
567,1,Fast,0.8479087352752686,929,491
567,1,Fast,0.7383091449737549,941,595
567,2,Slow,0.5839201807975769,1103,503
567,1,Fast,0.3565630614757538,310,1056
567,1,Fast,0.3465089201927185,1191,401
568,1,Fast,0.7928513884544373,925,493
568,2,Slow,0.5077357888221741,1104,501
568,1,Fast,0.45496875047683716,945,592
568,1,Fast,0.30108070373535156,910,587
569,1,Fast,0.8013265132904053,921,495
569,1,Fast,0.4617016911506653,949,588
569,2,Slow,0.4493296146392822,1104,499
570,1,Fast,0.7832319736480713,916,498
570,1,Fast,0.6826332211494446,954,586
570,1,Fast,0.5941465497016907,920,581
571,1,Fast,0.8382462859153748,911,501
571,1,Fast,0.4266892373561859,958,584
572,1,Fast,0.818052351474762,907,503
572,1,Fast,0.7344691753387451,326,996
572,1,Fast,0.5782314538955688,962,580
572,1,Fast,0.5038058161735535,932,572
573,1,Fast,0.8537508845329285,903,505
573,1,Fast,0.711146891117096,344,985
573,1,Fast,0.6872640252113342,966,577
573,1,Fast,0.5882328152656555,939,567
574,1,Fast,0.6209947466850281,899,509
574,1,Fast,0.5063691139221191,944,564
575,1,Fast,0.6817516088485718,895,511
575,1,Fast,0.44535931944847107,973,570
576,1,Fast,0.7717470526695251,892,514
576,1,Fast,0.42160266637802124,977,568
577,1,Fast,0.7884966731071472,888,517
577,1,Fast,0.4157100319862366,980,565
577,1,Fast,0.3934706151485443,959,552
578,1,Fast,0.8440606594085693,883,519
578,1,Fast,0.3822923004627228,983,562
579,1,Fast,0.8321813941001892,879,522
579,1,Fast,0.3514469265937805,986,559
580,1,Fast,0.8266399502754211,875,525
580,1,Fast,0.6675321459770203,992,556
581,1,Fast,0.8175280690193176,870,528
581,1,Fast,0.560583233833313,995,553
582,1,Fast,0.8485312461853027,864,531
582,1,Fast,0.760654628276825,998,551
583,1,Fast,0.8503360748291016,860,534
583,1,Fast,0.4618571400642395,1000,548
584,1,Fast,0.858596682548523,855,536
585,1,Fast,0.8602776527404785,850,539
585,1,Fast,0.43387991189956665,1010,542
586,1,Fast,0.8455572724342346,846,542
587,1,Fast,0.8768312931060791,840,546
588,1,Fast,0.8103629946708679,836,549
588,1,Fast,0.5064834356307983,999,442
588,1,Fast,0.47504571080207825,1019,535
588,1,Fast,0.4403209984302521,1059,426
589,1,Fast,0.8498925566673279,831,552
589,1,Fast,0.6227278113365173,1023,531
589,1,Fast,0.5716302394866943,996,444
590,1,Fast,0.8482460379600525,827,554
590,1,Fast,0.5375350117683411,994,445
590,1,Fast,0.5276559591293335,598,811
590,1,Fast,0.3471125066280365,1025,530
591,1,Fast,0.8682048916816711,822,557
591,1,Fast,0.5398644208908081,992,447
592,1,Fast,0.8832060694694519,817,561
593,1,Fast,0.8780478835105896,812,563
593,1,Fast,0.6391857266426086,1036,521
593,1,Fast,0.502373218536377,634,786
594,1,Fast,0.8727300763130188,806,566
594,1,Fast,0.5443748235702515,1039,519
595,1,Fast,0.8782445192337036,801,570
595,1,Fast,0.5533779263496399,1043,517
595,1,Fast,0.5195057392120361,1035,442
596,1,Fast,0.8788866996765137,795,573
596,1,Fast,0.6556187868118286,1031,445
596,1,Fast,0.542656421661377,1048,514
596,2,Slow,0.3447292447090149,980,456
597,1,Fast,0.864163875579834,789,576
597,1,Fast,0.6220844984054565,1028,447
598,1,Fast,0.8727599382400513,784,580
598,1,Fast,0.5093658566474915,1053,509
598,1,Fast,0.45309099555015564,1026,449
599,1,Fast,0.8763357996940613,779,584
599,1,Fast,0.5789201855659485,1056,507
599,1,Fast,0.511408269405365,1062,478
599,1,Fast,0.34536439180374146,1022,452
600,1,Fast,0.866417646408081,774,587
600,1,Fast,0.688321590423584,1058,504
600,1,Fast,0.6563238501548767,1018,455
600,1,Fast,0.6551352143287659,1065,474
601,1,Fast,0.8791667222976685,769,590
601,1,Fast,0.6139425039291382,1070,472
601,1,Fast,0.6070076823234558,1061,501
601,1,Fast,0.4412614703178406,1016,457
602,1,Fast,0.8712748289108276,763,594
602,1,Fast,0.7381497621536255,1065,499
602,1,Fast,0.4947349429130554,1012,460
602,2,Slow,0.3336963355541229,964,467
603,1,Fast,0.8724401593208313,758,597
603,1,Fast,0.7514602541923523,1069,497
603,1,Fast,0.3865166902542114,1008,463
603,2,Slow,0.31275156140327454,961,468
604,1,Fast,0.8642728328704834,752,601
604,1,Fast,0.7173049449920654,1071,495
604,1,Fast,0.4049118161201477,1005,465
604,1,Fast,0.3472538888454437,1082,463
605,1,Fast,0.8466242551803589,744,605
605,1,Fast,0.6614617109298706,1074,493
605,2,Slow,0.38330623507499695,955,472
605,1,Fast,0.3761049211025238,1086,461
606,1,Fast,0.8597951531410217,739,609
606,1,Fast,0.7199912071228027,1076,491
606,1,Fast,0.670272171497345,997,470
606,2,Slow,0.4664900004863739,952,474
607,1,Fast,0.8592382073402405,733,613
607,1,Fast,0.7960021495819092,992,473
607,1,Fast,0.7802350521087646,1080,488
608,1,Fast,0.8733031749725342,727,617
608,1,Fast,0.8370007872581482,1084,486
608,1,Fast,0.8261328339576721,987,476
608,1,Fast,0.5397106409072876,1096,453
608,1,Fast,0.30317223072052,990,445
609,1,Fast,0.8527847528457642,720,620
609,1,Fast,0.8057719469070435,984,477
609,1,Fast,0.7071858644485474,1099,450
609,1,Fast,0.5986257195472717,1086,483
609,1,Fast,0.3468731939792633,987,446
610,1,Fast,0.855913519859314,714,624
610,1,Fast,0.817672848701477,979,480
610,1,Fast,0.7040885090827942,1102,447
610,1,Fast,0.6045726537704468,1089,481
610,1,Fast,0.486247181892395,984,447
610,2,Slow,0.32450416684150696,942,480
611,1,Fast,0.8493415713310242,707,628
611,1,Fast,0.6187826991081238,1091,479
611,1,Fast,0.5541688799858093,975,483
611,1,Fast,0.3892533779144287,1106,445
611,1,Fast,0.371587336063385,981,449
612,1,Fast,0.8712676763534546,702,632
612,1,Fast,0.7062442302703857,1094,476
612,1,Fast,0.45471736788749695,1109,442
612,1,Fast,0.3429810404777527,970,486
613,1,Fast,0.8617819547653198,695,636
613,1,Fast,0.5431463122367859,932,486
613,1,Fast,0.5197386741638184,976,453
613,1,Fast,0.41389569640159607,1097,474
614,1,Fast,0.8643558621406555,688,641
614,1,Fast,0.5619908571243286,1099,473
614,1,Fast,0.5276866555213928,929,488
614,1,Fast,0.49867433309555054,962,492
614,1,Fast,0.4345599412918091,974,455
615,1,Fast,0.8750579357147217,682,644
615,1,Fast,0.753589928150177,958,495
615,1,Fast,0.5854458212852478,926,490
615,1,Fast,0.30680444836616516,1101,470
616,1,Fast,0.8685065507888794,676,648
616,1,Fast,0.4443804919719696,953,498
616,1,Fast,0.32699885964393616,924,491
617,1,Fast,0.8614057898521423,670,652
617,1,Fast,0.7666552066802979,946,501
617,1,Fast,0.6571717262268066,921,493
618,1,Fast,0.868419349193573,663,656
618,1,Fast,0.6431872844696045,942,504
618,1,Fast,0.33312883973121643,918,494
618,0,VRU,0.33200913667678833,1325,273
619,1,Fast,0.8621450066566467,655,661
619,1,Fast,0.7358044385910034,937,507
619,1,Fast,0.40676069259643555,1112,462
620,1,Fast,0.8727681636810303,931,510
620,1,Fast,0.8557395935058594,648,664
620,1,Fast,0.5050590634346008,912,500
620,1,Fast,0.461536169052124,1115,460
621,1,Fast,0.8601439595222473,640,670
621,1,Fast,0.6365817189216614,928,512
622,1,Fast,0.8592960834503174,633,674
622,1,Fast,0.3250068128108978,922,516
623,1,Fast,0.8637989163398743,626,678
623,1,Fast,0.3508296012878418,949,470
624,1,Fast,0.8506407141685486,618,684
624,2,Slow,0.3388732075691223,898,508
625,1,Fast,0.8653151988983154,611,687
625,1,Fast,0.7271953225135803,907,527
625,1,Fast,0.6029295325279236,944,474
625,2,Slow,0.40916869044303894,894,511
626,1,Fast,0.8736692070960999,602,693
626,1,Fast,0.8045129776000977,903,531
627,1,Fast,0.8686977624893188,594,697
627,1,Fast,0.847490131855011,896,535
627,2,Slow,0.3012419641017914,889,515
628,1,Fast,0.8750835657119751,586,702
628,1,Fast,0.595192015171051,891,538
628,2,Slow,0.4118548333644867,886,518
629,1,Fast,0.8652158975601196,579,707
629,1,Fast,0.835089385509491,887,543
629,2,Slow,0.6321025490760803,883,520
630,1,Fast,0.866001307964325,572,711
630,2,Slow,0.6927934288978577,880,522
630,1,Fast,0.6486498117446899,882,545
631,1,Fast,0.8713476657867432,564,715
631,2,Slow,0.7067583799362183,877,524
631,1,Fast,0.5734966993331909,877,549
632,1,Fast,0.867999255657196,554,721
632,2,Slow,0.5722326040267944,873,527
633,1,Fast,0.875339150428772,545,726
633,1,Fast,0.7331984043121338,865,557
633,2,Slow,0.669869065284729,868,529
634,1,Fast,0.8706043362617493,537,731
634,1,Fast,0.8131775856018066,859,561
634,1,Fast,0.4229919910430908,865,531
635,1,Fast,0.8774070739746094,528,737
635,1,Fast,0.8109988570213318,853,564
635,1,Fast,0.6850873827934265,861,533
636,1,Fast,0.8645442724227905,520,742
636,1,Fast,0.6084425449371338,856,535
637,1,Fast,0.8727760314941406,510,748
637,1,Fast,0.525006890296936,854,537
638,1,Fast,0.8703662157058716,501,753
638,1,Fast,0.5498970746994019,834,576
638,1,Fast,0.5420663356781006,1177,342
638,1,Fast,0.4675397276878357,851,539
638,1,Fast,0.36977145075798035,1156,426
639,1,Fast,0.8795078992843628,492,758
639,1,Fast,0.40703436732292175,829,579
640,1,Fast,0.8794297575950623,481,766
641,1,Fast,0.8798750042915344,471,771
641,1,Fast,0.3797692060470581,817,586
642,1,Fast,0.8857018351554871,463,776
643,1,Fast,0.881984293460846,451,782
644,1,Fast,0.8860563039779663,442,788
644,1,Fast,0.7588960528373718,798,600
644,1,Fast,0.6590251326560974,827,554
645,1,Fast,0.8879574537277222,432,794
645,1,Fast,0.8108205795288086,790,605
645,2,Slow,0.5218747854232788,823,556
646,1,Fast,0.8925043344497681,421,800
646,1,Fast,0.8167145848274231,784,609
646,2,Slow,0.4683964252471924,819,558
646,1,Fast,0.35297590494155884,819,558
647,1,Fast,0.8763677477836609,410,807
647,1,Fast,0.7580142021179199,777,614
647,1,Fast,0.5822173357009888,816,561
648,1,Fast,0.8792821168899536,400,813
648,1,Fast,0.7110568284988403,811,563
648,1,Fast,0.6643629670143127,770,618
649,1,Fast,0.8902887105941772,389,820
649,2,Slow,0.549885630607605,807,566
650,1,Fast,0.8897719383239746,378,826
650,2,Slow,0.6858218312263489,802,569
650,1,Fast,0.6715155839920044,864,526
651,1,Fast,0.8794841766357422,366,833
651,1,Fast,0.6726723909378052,861,528
651,2,Slow,0.47039708495140076,798,571
652,1,Fast,0.8782181739807129,354,840
652,1,Fast,0.7774537205696106,858,530
652,1,Fast,0.430392324924469,1147,347
653,1,Fast,0.8844419121742249,342,846
653,1,Fast,0.6159181594848633,854,532
653,1,Fast,0.6107174158096313,1144,348
654,1,Fast,0.8729495406150818,330,854
654,1,Fast,0.6670949459075928,851,534
654,1,Fast,0.405349463224411,787,579
655,1,Fast,0.8787396550178528,319,861
655,1,Fast,0.7616219520568848,718,652
655,1,Fast,0.44122201204299927,457,1008
656,1,Fast,0.8804863095283508,306,868
656,1,Fast,0.7511256337165833,777,585
657,1,Fast,0.8862025141716003,293,874
657,1,Fast,0.44991183280944824,773,587
658,1,Fast,0.8904070854187012,281,882
658,1,Fast,0.780023455619812,769,590
659,1,Fast,0.886645495891571,267,889
659,1,Fast,0.693297803401947,764,593
660,1,Fast,0.9008251428604126,255,898
660,1,Fast,0.7542000412940979,761,595
660,1,Fast,0.30956199765205383,520,962
661,1,Fast,0.8987204432487488,242,905
661,1,Fast,0.6989952325820923,756,599
662,1,Fast,0.8974922895431519,229,913
662,1,Fast,0.5542715787887573,751,601
662,1,Fast,0.3107675015926361,1125,379
663,1,Fast,0.9036282896995544,214,921
663,1,Fast,0.4143562614917755,1123,380
663,1,Fast,0.3751865327358246,652,695
663,1,Fast,0.3331075608730316,1126,361
664,1,Fast,0.8940756916999817,200,930
664,1,Fast,0.7464697957038879,742,608
664,1,Fast,0.5945669412612915,1121,381
664,1,Fast,0.5416271686553955,644,701
664,1,Fast,0.49782612919807434,1124,361
665,1,Fast,0.9059662818908691,186,939
665,1,Fast,0.6108992099761963,736,611
665,1,Fast,0.5990857481956482,1118,383
665,1,Fast,0.40946704149246216,1122,362
666,1,Fast,0.8922544717788696,171,948
666,1,Fast,0.5718724131584167,733,613
666,1,Fast,0.5145572423934937,1115,385
667,1,Fast,0.9094161987304688,156,957
667,1,Fast,0.6206350922584534,727,616
667,1,Fast,0.4927120506763458,1112,387
667,1,Fast,0.4868265688419342,1119,365
668,1,Fast,0.9098309874534607,141,965
668,1,Fast,0.32496917247772217,605,895
669,1,Fast,0.9011808037757874,124,975
670,1,Fast,0.9009624123573303,108,983
670,1,Fast,0.6951767802238464,790,571
671,1,Fast,0.8931966423988342,90,993
672,1,Fast,0.8959521055221558,75,1002
673,1,Fast,0.6910154819488525,697,636
673,1,Fast,0.6672310829162598,58,1011
673,2,Slow,0.4874100685119629,944,459
673,1,Fast,0.4471658170223236,1097,398
674,1,Fast,0.8616235256195068,693,638
674,1,Fast,0.6771963834762573,1095,400
674,1,Fast,0.6028103232383728,45,1021
674,2,Slow,0.48816898465156555,941,462
675,1,Fast,0.761845588684082,688,642
675,1,Fast,0.6992568373680115,1092,401
675,1,Fast,0.6524762511253357,1102,376
676,1,Fast,0.6728760004043579,683,645
676,1,Fast,0.5234313011169434,1089,403
676,1,Fast,0.45122575759887695,1101,377
677,1,Fast,0.5831514596939087,678,648
678,1,Fast,0.6508945226669312,672,652
678,1,Fast,0.5367248058319092,1201,326
678,1,Fast,0.3864346146583557,1082,407
679,1,Fast,0.715947151184082,666,655
679,1,Fast,0.6132012605667114,1079,409
679,1,Fast,0.32070836424827576,1199,327
680,1,Fast,0.6114981770515442,660,658
681,2,Slow,0.3835533559322357,655,661
681,1,Fast,0.32310909032821655,655,661
684,1,Fast,0.3866517245769501,1083,387
684,2,Slow,0.37917497754096985,638,672
684,2,Slow,0.3550877571105957,1294,336
684,1,Fast,0.33222872018814087,426,838
685,2,Slow,0.3966987431049347,634,676
685,2,Slow,0.3029985725879669,1295,336
686,1,Fast,0.49218279123306274,627,680
687,1,Fast,0.5804858207702637,621,683
687,2,Slow,0.335069477558136,1298,334
687,1,Fast,0.3062833249568939,1057,425
688,1,Fast,0.6885988712310791,614,687
688,1,Fast,0.39907383918762207,1054,427
689,1,Fast,0.8174441456794739,608,691
689,1,Fast,0.6241204142570496,1052,429
689,1,Fast,0.3259648084640503,1073,395
690,1,Fast,0.8431892395019531,602,695
690,1,Fast,0.36466485261917114,1048,431
690,1,Fast,0.3039815425872803,1180,341
691,1,Fast,0.8423134684562683,597,698
691,1,Fast,0.30080094933509827,1179,342
692,1,Fast,0.7686262130737305,591,703
693,1,Fast,0.7792941331863403,585,706
694,1,Fast,0.779346764087677,578,710
694,1,Fast,0.7560234665870667,283,929
695,1,Fast,0.8124315738677979,572,714
695,1,Fast,0.44187551736831665,265,938
695,1,Fast,0.4163382947444916,1032,443
695,1,Fast,0.4122298061847687,1058,404
696,1,Fast,0.8584735989570618,565,718
696,1,Fast,0.7884896993637085,250,949
696,1,Fast,0.7286278605461121,671,648
696,1,Fast,0.6939161419868469,1029,445
696,1,Fast,0.42950648069381714,1056,405
696,2,Slow,0.3262156844139099,1306,327
697,1,Fast,0.6802763342857361,558,722
697,1,Fast,0.638233482837677,1026,447
697,1,Fast,0.6033093929290771,667,651
697,1,Fast,0.5506002902984619,1054,407
698,1,Fast,0.8618793487548828,551,727
698,1,Fast,0.7436413764953613,660,654
698,1,Fast,0.48444864153862,1051,409
698,1,Fast,0.45892930030822754,1022,449
698,1,Fast,0.4536133408546448,215,970
698,2,Slow,0.338143914937973,986,451
699,1,Fast,0.8637412786483765,544,731
699,1,Fast,0.7081736922264099,655,657
699,1,Fast,0.5960292816162109,1049,411
699,1,Fast,0.5839270949363708,1018,452
699,1,Fast,0.46352440118789673,198,980
700,1,Fast,0.820539116859436,539,734
700,1,Fast,0.7738869786262512,650,660
700,1,Fast,0.6293644905090332,1047,412
700,1,Fast,0.4676327705383301,1014,454
701,1,Fast,0.709877610206604,531,739
701,1,Fast,0.6109817028045654,1044,414
701,1,Fast,0.3082717955112457,645,664
702,1,Fast,0.7983643412590027,524,743
703,1,Fast,0.816972017288208,516,747
704,1,Fast,0.8492583632469177,508,752
705,1,Fast,0.8553899526596069,502,756
705,1,Fast,0.4873788058757782,622,679
705,1,Fast,0.34471073746681213,998,466
706,1,Fast,0.8521583676338196,495,761
706,1,Fast,0.3027151823043823,994,469
707,1,Fast,0.8500380516052246,488,766
707,1,Fast,0.5827224850654602,611,685
707,1,Fast,0.4245638847351074,990,472
708,1,Fast,0.8370825052261353,479,771
708,1,Fast,0.7615722417831421,986,474
708,1,Fast,0.43445003032684326,605,688
708,1,Fast,0.40196099877357483,957,470
708,1,Fast,0.3315995931625366,1026,425
709,1,Fast,0.8345783948898315,471,776
709,1,Fast,0.7700050473213196,982,476
709,1,Fast,0.601349413394928,954,472
709,1,Fast,0.4863712191581726,1024,427
709,1,Fast,0.3527997136116028,599,692
710,1,Fast,0.8448529839515686,465,779
710,1,Fast,0.7052407264709473,978,479
710,1,Fast,0.6663365364074707,593,696
710,1,Fast,0.5278851985931396,1022,428
710,1,Fast,0.4939201772212982,1101,378
710,1,Fast,0.4730837643146515,950,475
710,1,Fast,0.3857634961605072,1142,367
711,1,Fast,0.8474743366241455,456,785
711,1,Fast,0.5713021159172058,975,481
711,1,Fast,0.4145946502685547,948,477
712,1,Fast,0.7397431135177612,447,790
712,1,Fast,0.4919966161251068,1016,432
713,1,Fast,0.8602043390274048,439,795
713,1,Fast,0.6845777034759521,1013,433
714,1,Fast,0.853087842464447,431,800
714,1,Fast,0.6598552465438843,1011,435
714,1,Fast,0.3667103052139282,962,490
714,1,Fast,0.35424697399139404,569,711
715,1,Fast,0.861826479434967,424,804
715,1,Fast,0.7791420817375183,564,714
715,1,Fast,0.6000977754592896,1009,437
715,1,Fast,0.31232237815856934,960,493
716,1,Fast,0.8567578792572021,416,809
716,1,Fast,0.7995282411575317,557,718
716,1,Fast,0.7145233750343323,1006,438
716,2,Slow,0.5815356373786926,932,487
716,1,Fast,0.35337838530540466,955,495
717,1,Fast,0.8501173853874207,406,814
717,1,Fast,0.7670797109603882,550,722
717,1,Fast,0.5205008387565613,1003,440
717,1,Fast,0.48066389560699463,951,498
717,2,Slow,0.3673447370529175,929,489
718,1,Fast,0.8581191301345825,397,819
718,1,Fast,0.6597195267677307,945,500
718,1,Fast,0.6187012195587158,1001,442
718,1,Fast,0.44257205724716187,926,491
718,2,Slow,0.4108167290687561,925,490
719,1,Fast,0.8664093017578125,387,825
719,1,Fast,0.7789824604988098,941,503
719,1,Fast,0.6749826073646545,999,444
719,2,Slow,0.6682384610176086,923,492
719,1,Fast,0.352189838886261,1125,380
720,1,Fast,0.8750640153884888,379,831
720,1,Fast,0.8239514827728271,937,506
720,1,Fast,0.7023442387580872,997,446
720,1,Fast,0.6673721075057983,1081,391
720,2,Slow,0.4544926881790161,920,494
720,1,Fast,0.39629650115966797,920,494
720,1,Fast,0.3722783029079437,1123,381
721,1,Fast,0.8803704380989075,371,835
721,1,Fast,0.7562999129295349,932,508
721,1,Fast,0.7076045870780945,994,448
721,1,Fast,0.6090587973594666,1079,392
721,2,Slow,0.4681512117385864,917,496
722,1,Fast,0.8780550956726074,362,841
722,2,Slow,0.7026049494743347,914,499
722,1,Fast,0.6908063888549805,927,511
722,1,Fast,0.6833841800689697,992,450
722,1,Fast,0.4445463716983795,1118,385
722,1,Fast,0.36056995391845703,1077,394
723,1,Fast,0.8692368268966675,353,847
723,2,Slow,0.6019912362098694,910,502
723,1,Fast,0.43892374634742737,923,514
723,1,Fast,0.34055179357528687,989,452
724,1,Fast,0.8752689957618713,343,852
724,1,Fast,0.5552785992622375,505,749
724,1,Fast,0.41037824749946594,918,517
724,1,Fast,0.3927857279777527,906,504
724,1,Fast,0.3865508437156677,986,453
724,0,VRU,0.3019438683986664,645,454
725,1,Fast,0.8803427219390869,334,858
725,1,Fast,0.5793514847755432,1070,399
725,0,VRU,0.42755308747291565,645,454
725,1,Fast,0.37458691000938416,983,455
726,1,Fast,0.8667888045310974,324,863
726,1,Fast,0.5066131949424744,1068,401
726,2,Slow,0.4500869810581207,979,457
726,1,Fast,0.3570842742919922,910,525
727,1,Fast,0.8820803761482239,316,869
727,1,Fast,0.7188785076141357,907,527
727,1,Fast,0.5654168725013733,484,763
727,2,Slow,0.42555904388427734,894,511
727,1,Fast,0.4114452302455902,976,459
727,1,Fast,0.3130638301372528,1065,401
728,1,Fast,0.8821487426757812,306,874
728,1,Fast,0.6934930086135864,901,530
728,1,Fast,0.41511765122413635,974,461
729,1,Fast,0.8857788443565369,295,880
729,1,Fast,0.7598879337310791,970,464
729,1,Fast,0.6358091831207275,896,534
729,1,Fast,0.5520961284637451,889,516
730,1,Fast,0.8918243646621704,286,886
730,1,Fast,0.7240048050880432,968,466
730,1,Fast,0.6974958181381226,891,537
730,1,Fast,0.48043179512023926,217,1062
730,1,Fast,0.4563297629356384,465,777
730,1,Fast,0.3152441680431366,885,518
731,1,Fast,0.8907947540283203,275,892
731,1,Fast,0.8007676601409912,456,781
731,1,Fast,0.6212990283966064,965,468
731,1,Fast,0.3767279088497162,886,540
731,1,Fast,0.358225017786026,253,1055
731,2,Slow,0.3370065987110138,1176,327
732,1,Fast,0.8894640207290649,264,898
732,1,Fast,0.7265654802322388,962,469
732,1,Fast,0.685783863067627,448,787
732,1,Fast,0.4363850951194763,276,1048
732,1,Fast,0.36092162132263184,878,522
733,1,Fast,0.9000300765037537,254,904
733,1,Fast,0.7880101799964905,959,471
733,1,Fast,0.7415261268615723,441,790
733,1,Fast,0.5154781937599182,874,525
733,2,Slow,0.3842643201351166,1174,329
733,1,Fast,0.3736012578010559,288,1038
734,1,Fast,0.8983194828033447,243,910
734,1,Fast,0.8383217453956604,955,473
734,1,Fast,0.45340460538864136,871,527
734,1,Fast,0.42453664541244507,434,795
735,1,Fast,0.8930139541625977,231,917
735,1,Fast,0.7617684006690979,322,1010
735,1,Fast,0.6709384918212891,952,475
735,1,Fast,0.604607105255127,867,529
735,1,Fast,0.4631945490837097,866,554
735,1,Fast,0.4342101216316223,1046,414
735,1,Fast,0.3156905472278595,1088,406
736,1,Fast,0.9014559984207153,221,923
736,1,Fast,0.8406778573989868,338,999
736,1,Fast,0.7784751653671265,949,476
736,1,Fast,0.7685279846191406,863,533
736,1,Fast,0.49597489833831787,1085,408
736,1,Fast,0.4212592840194702,861,557
736,1,Fast,0.3792450428009033,418,805
736,1,Fast,0.34681227803230286,1045,415
737,1,Fast,0.8979365825653076,210,930
737,1,Fast,0.8625149130821228,357,987
737,1,Fast,0.6977115273475647,858,535
737,1,Fast,0.691557765007019,854,561
737,1,Fast,0.673977792263031,946,478
738,1,Fast,0.9037410020828247,198,937
738,1,Fast,0.8492295742034912,374,975
738,1,Fast,0.7554007768630981,850,564
738,1,Fast,0.7198102474212646,853,537
739,1,Fast,0.8951693773269653,187,943
739,1,Fast,0.8064553141593933,850,539
739,1,Fast,0.7111477255821228,844,568
739,1,Fast,0.5199148058891296,392,964
739,1,Fast,0.3173418343067169,271,1071
740,1,Fast,0.9025463461875916,175,950
740,1,Fast,0.8544213771820068,386,824
740,1,Fast,0.7749325633049011,838,571
740,1,Fast,0.7592686414718628,411,952
740,1,Fast,0.727146327495575,845,542
740,1,Fast,0.6471149325370789,936,486
740,1,Fast,0.4362636208534241,288,1064
741,1,Fast,0.902576744556427,164,957
741,1,Fast,0.8658968806266785,426,941
741,1,Fast,0.8556973934173584,379,829
741,1,Fast,0.8171513676643372,833,575
741,1,Fast,0.7622448801994324,933,488
741,1,Fast,0.4023478329181671,843,545
741,1,Fast,0.3110983073711395,1033,423
742,1,Fast,0.902557909488678,153,964
742,1,Fast,0.8398529887199402,439,930
742,1,Fast,0.8330101370811462,827,579
742,1,Fast,0.8295561671257019,837,548
742,1,Fast,0.7362728118896484,930,490
742,1,Fast,0.6889135241508484,371,833
743,1,Fast,0.8958532810211182,140,971
743,1,Fast,0.8113659024238586,363,839
743,1,Fast,0.671356737613678,451,920
743,1,Fast,0.6694454550743103,926,492
743,1,Fast,0.6686459183692932,821,583
743,1,Fast,0.6440576910972595,834,550
744,1,Fast,0.8929972648620605,128,978
744,1,Fast,0.7938275337219238,816,586
744,1,Fast,0.7774431109428406,353,844
744,1,Fast,0.657859206199646,830,552
744,1,Fast,0.5997159481048584,922,494
744,1,Fast,0.5136125087738037,1024,427
744,1,Fast,0.4398692846298218,1067,422
745,1,Fast,0.8879008889198303,115,986
745,1,Fast,0.8308379054069519,810,590
745,1,Fast,0.8019333481788635,825,555
745,1,Fast,0.7305509448051453,345,849
745,1,Fast,0.6190645098686218,1064,423
745,1,Fast,0.5856502056121826,1022,429
745,1,Fast,0.5051034092903137,919,496
746,1,Fast,0.8805699944496155,101,993
746,1,Fast,0.8340486884117126,821,557
746,1,Fast,0.8335747718811035,804,594
746,1,Fast,0.771443247795105,337,855
746,1,Fast,0.4681670665740967,915,499
746,1,Fast,0.391301691532135,1020,431
746,1,Fast,0.37412768602371216,1061,425
747,1,Fast,0.8678786754608154,817,561
747,1,Fast,0.8621522784233093,90,999
747,1,Fast,0.8613768219947815,797,598
747,1,Fast,0.7167238593101501,911,501
747,1,Fast,0.648263692855835,327,860
748,1,Fast,0.8890077471733093,812,562
748,1,Fast,0.8732578754425049,792,601
748,1,Fast,0.860167384147644,317,865
748,1,Fast,0.8554174304008484,75,1006
748,1,Fast,0.7493866086006165,908,503
748,1,Fast,0.5975289940834045,1055,429
748,1,Fast,0.532708466053009,527,870
749,1,Fast,0.8654921650886536,808,565
749,1,Fast,0.8653284311294556,786,606
749,1,Fast,0.8550444841384888,63,1013
749,1,Fast,0.8151020407676697,904,505
749,1,Fast,0.4657139778137207,1053,430
749,1,Fast,0.43034419417381287,310,868
750,1,Fast,0.861102819442749,780,609
750,1,Fast,0.8601887226104736,802,568
750,1,Fast,0.8087058067321777,902,507
750,2,Slow,0.7585408091545105,639,646
751,1,Fast,0.8522312045097351,773,613
751,1,Fast,0.8065364360809326,798,571
751,1,Fast,0.7547014951705933,897,510
751,1,Fast,0.5405553579330444,566,842
751,2,Slow,0.5269482731819153,635,649
752,1,Fast,0.8173431158065796,794,573
752,1,Fast,0.8081949949264526,766,617
753,1,Fast,0.8259401321411133,759,621
753,1,Fast,0.7009108066558838,1041,439
753,1,Fast,0.6218494176864624,790,575
753,1,Fast,0.5465162396430969,890,515
753,2,Slow,0.4884466528892517,1001,445
754,1,Fast,0.8237831592559814,886,517
754,1,Fast,0.7284301519393921,1039,441
754,2,Slow,0.708934485912323,615,660
754,1,Fast,0.6745648384094238,753,626
754,2,Slow,0.4993774890899658,998,446
755,1,Fast,0.8475123047828674,882,520
755,1,Fast,0.7620697617530823,746,631
755,1,Fast,0.7369914650917053,780,582
755,1,Fast,0.7346435189247131,1036,443
755,2,Slow,0.4583861231803894,996,448
755,1,Fast,0.43521901965141296,251,903
756,1,Fast,0.8186512589454651,241,908
756,1,Fast,0.8097921013832092,879,523
756,1,Fast,0.8024790287017822,739,635
756,1,Fast,0.778484582901001,775,585
756,1,Fast,0.6851186752319336,1033,445
756,2,Slow,0.6239631772041321,993,449
757,1,Fast,0.8471300601959229,875,525
757,1,Fast,0.8442050218582153,1029,447
757,1,Fast,0.8299773335456848,732,640
757,2,Slow,0.8292779922485352,989,451
757,1,Fast,0.8280922174453735,770,588
758,1,Fast,0.8721354603767395,766,590
758,1,Fast,0.8685430884361267,725,644
758,1,Fast,0.8270021080970764,872,527
758,2,Slow,0.8159717321395874,986,452
758,1,Fast,0.7992639541625977,1027,448
758,1,Fast,0.4261881709098816,220,920
759,1,Fast,0.8713717460632324,718,649
759,1,Fast,0.856099545955658,761,593
759,2,Slow,0.8047628998756409,984,454
759,1,Fast,0.7269129753112793,868,529
759,1,Fast,0.6938855648040771,1024,450
759,1,Fast,0.6824941635131836,210,927
760,1,Fast,0.8742679357528687,755,597
760,1,Fast,0.8659691214561462,712,653
760,1,Fast,0.8415676951408386,862,532
760,1,Fast,0.8158256411552429,1020,453
760,2,Slow,0.6889863014221191,981,456
760,1,Fast,0.4811193346977234,668,768
760,1,Fast,0.3447795510292053,199,933
761,1,Fast,0.874090850353241,705,658
761,1,Fast,0.8541600108146667,752,599
761,1,Fast,0.8484225869178772,859,534
761,1,Fast,0.8068240880966187,190,939
761,2,Slow,0.7922901511192322,978,458
761,1,Fast,0.7726594805717468,1019,454
762,1,Fast,0.8835340738296509,696,663
762,1,Fast,0.8513708710670471,747,602
762,2,Slow,0.8283026218414307,976,460
762,1,Fast,0.821780800819397,854,537
762,1,Fast,0.5162429809570312,1015,457
762,1,Fast,0.4642772078514099,181,946
763,1,Fast,0.8836385011672974,688,668
763,1,Fast,0.8680418729782104,741,606
763,1,Fast,0.8472860455513,850,539
763,2,Slow,0.761871874332428,972,463
763,1,Fast,0.739469051361084,698,746
763,1,Fast,0.6379947662353516,1011,459
763,1,Fast,0.4217815697193146,169,951
764,1,Fast,0.8915163278579712,681,673
764,1,Fast,0.881050169467926,735,609
764,2,Slow,0.7389138340950012,969,465
764,1,Fast,0.6603323817253113,847,541
764,1,Fast,0.5742856860160828,159,959
764,1,Fast,0.5533023476600647,1009,460
765,1,Fast,0.8776519894599915,673,679
765,1,Fast,0.8650809526443481,729,612
765,1,Fast,0.7540620565414429,843,545
765,2,Slow,0.608798086643219,966,467
765,1,Fast,0.5154829621315002,1007,464
766,1,Fast,0.8699029088020325,666,683
766,1,Fast,0.8384986519813538,725,616
766,1,Fast,0.8281041979789734,839,548
766,2,Slow,0.8140215873718262,962,469
766,2,Slow,0.7011630535125732,540,704
766,1,Fast,0.5903222560882568,1002,466
766,2,Slow,0.3114131689071655,1227,295
767,1,Fast,0.8587126135826111,658,689
767,2,Slow,0.7996329069137573,959,471
767,1,Fast,0.7131361365318298,834,551
767,1,Fast,0.7096471786499023,999,468
767,1,Fast,0.4438972771167755,719,620
768,1,Fast,0.8890705108642578,649,694
768,2,Slow,0.8502805829048157,955,473
768,1,Fast,0.8366101384162903,996,470
768,1,Fast,0.7858901023864746,714,623
768,1,Fast,0.6340590715408325,830,554
769,1,Fast,0.886303186416626,641,699
769,2,Slow,0.8409876823425293,952,475
769,1,Fast,0.7357775568962097,992,473
769,1,Fast,0.710191547870636,708,627
769,1,Fast,0.6870958805084229,826,556
770,1,Fast,0.8933186531066895,633,704
770,2,Slow,0.68453449010849,949,477
770,1,Fast,0.6709778904914856,988,474
770,1,Fast,0.6427689790725708,704,629
770,1,Fast,0.5278884172439575,821,559
770,1,Fast,0.428574800491333,511,720
771,1,Fast,0.8847464919090271,624,710
771,1,Fast,0.8038043975830078,817,562
771,2,Slow,0.6840072274208069,946,479
771,1,Fast,0.5058252811431885,984,476
772,1,Fast,0.8848880529403687,616,715
772,1,Fast,0.8394323587417603,693,637
772,1,Fast,0.7779858708381653,814,565
772,2,Slow,0.6109887361526489,943,480
772,1,Fast,0.4311937391757965,981,480
773,1,Fast,0.894376814365387,606,720
773,1,Fast,0.783673882484436,809,567
773,1,Fast,0.7408620715141296,687,641
773,1,Fast,0.7081059217453003,979,482
773,2,Slow,0.6994681358337402,940,483
774,1,Fast,0.8867449164390564,597,726
774,1,Fast,0.8198222517967224,803,570
774,1,Fast,0.8164472579956055,682,644
774,1,Fast,0.7026059627532959,975,483
774,2,Slow,0.4653030037879944,936,485
775,1,Fast,0.8862557411193848,588,732
775,1,Fast,0.8249290585517883,799,572
775,1,Fast,0.7968307733535767,676,647
775,1,Fast,0.5902673602104187,970,486
775,2,Slow,0.5674317479133606,933,488
776,1,Fast,0.8778038620948792,578,739
776,1,Fast,0.8349937796592712,670,651
776,1,Fast,0.8259192109107971,795,575
776,1,Fast,0.6591018438339233,967,487
776,2,Slow,0.5385153889656067,929,489
777,1,Fast,0.873649001121521,568,745
777,1,Fast,0.8135420680046082,664,655
777,1,Fast,0.7551344633102417,789,578
777,1,Fast,0.5578453540802002,965,491
777,2,Slow,0.3664962649345398,925,491
778,1,Fast,0.8856363892555237,559,750
778,1,Fast,0.8234637379646301,658,658
778,1,Fast,0.8217045068740845,784,582
778,1,Fast,0.40889203548431396,922,494
778,1,Fast,0.3075549900531769,962,494
779,1,Fast,0.8834364414215088,548,756
779,1,Fast,0.8332697153091431,651,662
779,1,Fast,0.7983339428901672,781,585
779,1,Fast,0.585125744342804,919,496
780,1,Fast,0.8769052624702454,540,762
780,1,Fast,0.7837752103805542,776,587
780,1,Fast,0.7726802825927734,916,497
780,1,Fast,0.6287453770637512,646,666
781,1,Fast,0.8744205236434937,530,768
781,1,Fast,0.8120416402816772,770,591
781,1,Fast,0.48394110798835754,911,500
781,1,Fast,0.46826034784317017,949,501
782,1,Fast,0.8683443069458008,520,775
782,1,Fast,0.8549546599388123,765,594
782,1,Fast,0.7618643045425415,635,673
782,1,Fast,0.7617374062538147,945,503
782,1,Fast,0.4098688066005707,907,503
782,2,Slow,0.3758830726146698,907,502
783,1,Fast,0.8717355132102966,509,782
783,1,Fast,0.8307322263717651,761,597
783,1,Fast,0.7964483499526978,941,505
783,1,Fast,0.7952403426170349,904,504
784,1,Fast,0.8711791038513184,498,788
784,1,Fast,0.8430757522583008,756,600
784,1,Fast,0.775884211063385,901,506
784,1,Fast,0.617863118648529,938,508
784,1,Fast,0.3419833779335022,624,681
785,1,Fast,0.8878874778747559,486,796
785,1,Fast,0.8312447667121887,751,603
785,1,Fast,0.7356025576591492,934,510
785,1,Fast,0.7110828161239624,614,686
785,1,Fast,0.6889732480049133,897,508
786,1,Fast,0.8656539916992188,475,803
786,1,Fast,0.826253354549408,608,689
786,1,Fast,0.8045638799667358,745,607
786,1,Fast,0.6746668219566345,930,513
786,1,Fast,0.4312356412410736,894,510
787,1,Fast,0.8702169060707092,464,810
787,1,Fast,0.7785501480102539,740,611
787,1,Fast,0.7547081112861633,601,693
787,1,Fast,0.5855684876441956,891,513
787,1,Fast,0.4598830044269562,925,515
788,1,Fast,0.8749208450317383,453,817
788,1,Fast,0.8339771032333374,595,697
788,1,Fast,0.8229929804801941,734,614
788,1,Fast,0.541994571685791,886,516
788,1,Fast,0.45146581530570984,922,519
789,1,Fast,0.8768118619918823,441,824
789,1,Fast,0.6182921528816223,882,519
789,1,Fast,0.5970852375030518,589,702
789,1,Fast,0.5560168027877808,918,522
789,1,Fast,0.5052316784858704,729,617
790,1,Fast,0.8748511075973511,430,832
790,1,Fast,0.8215357065200806,879,520
790,1,Fast,0.8206402063369751,724,621
790,1,Fast,0.7291712760925293,913,525
790,1,Fast,0.7084214091300964,581,705
790,1,Fast,0.3029492497444153,351,813
791,1,Fast,0.8821157217025757,417,839
791,1,Fast,0.8277748823165894,875,523
791,1,Fast,0.8060970902442932,577,710
791,1,Fast,0.7773354649543762,718,624
791,1,Fast,0.7111173272132874,908,528
792,1,Fast,0.8919090628623962,406,846
792,1,Fast,0.8505700826644897,565,715
792,1,Fast,0.8470073342323303,872,525
792,1,Fast,0.8134964108467102,906,530
792,1,Fast,0.7382579445838928,713,628
793,1,Fast,0.8830825090408325,393,854
793,1,Fast,0.8553696274757385,558,719
793,1,Fast,0.8343267440795898,902,533
793,1,Fast,0.8186130523681641,867,528
793,1,Fast,0.7885302305221558,708,630
794,1,Fast,0.8872900605201721,380,863
794,1,Fast,0.8491503000259399,552,723
794,1,Fast,0.8418129682540894,700,635
794,1,Fast,0.7981154918670654,863,531
794,1,Fast,0.560904324054718,898,535
795,1,Fast,0.8890643119812012,367,870
795,1,Fast,0.8572306632995605,696,639
795,1,Fast,0.7984969615936279,545,727
795,1,Fast,0.621627926826477,860,533
795,1,Fast,0.3442428708076477,895,539
796,1,Fast,0.8889307379722595,354,879
796,1,Fast,0.8469724059104919,690,642
796,1,Fast,0.7754666805267334,539,732
796,1,Fast,0.39462921023368835,890,542
796,2,Slow,0.34657129645347595,855,535
797,1,Fast,0.8859114646911621,340,887
797,1,Fast,0.8520440459251404,685,646
797,2,Slow,0.5307561755180359,850,539
797,1,Fast,0.49264296889305115,532,736
798,1,Fast,0.8887263536453247,327,896
798,1,Fast,0.8160000443458557,679,649
798,2,Slow,0.7129970192909241,848,541
798,1,Fast,0.3693219721317291,882,547
798,1,Fast,0.3132133483886719,848,540
799,1,Fast,0.8957405686378479,312,904
799,1,Fast,0.8334337472915649,673,653
799,1,Fast,0.6733496189117432,516,746
799,2,Slow,0.47093474864959717,844,543
799,1,Fast,0.4048180878162384,844,543
800,1,Fast,0.8836643695831299,297,913
800,1,Fast,0.8431727290153503,666,657
800,1,Fast,0.784954309463501,507,751
800,2,Slow,0.7135501503944397,839,546
801,1,Fast,0.8940772414207458,283,922
801,1,Fast,0.8275046944618225,660,661
801,1,Fast,0.7620157599449158,499,756
801,2,Slow,0.6656931042671204,835,549
802,1,Fast,0.8839066028594971,267,931
802,1,Fast,0.8435797691345215,654,665
802,1,Fast,0.7710501551628113,491,761
802,2,Slow,0.41433408856391907,831,552
803,1,Fast,0.8967714309692383,252,941
803,1,Fast,0.7988207936286926,647,669
803,1,Fast,0.7139015197753906,943,506
803,1,Fast,0.43327999114990234,483,766
803,1,Fast,0.30537962913513184,828,555
804,1,Fast,0.898652195930481,237,950
804,1,Fast,0.8297898769378662,641,673
804,2,Slow,0.7510491609573364,822,557
804,1,Fast,0.7042993903160095,476,771
804,1,Fast,0.7036718130111694,940,509
804,1,Fast,0.6739205718040466,853,567
804,1,Fast,0.4308721721172333,209,891
805,1,Fast,0.8787527680397034,221,960
805,1,Fast,0.8183795213699341,635,677
805,1,Fast,0.7617019414901733,468,775
805,2,Slow,0.7501416802406311,818,560
805,1,Fast,0.5483438968658447,848,570
805,1,Fast,0.4628758430480957,936,511
806,1,Fast,0.9070420861244202,205,970
806,1,Fast,0.8290305137634277,627,681
806,1,Fast,0.8081358075141907,458,781
806,2,Slow,0.626494288444519,814,563
806,1,Fast,0.49303099513053894,841,573
807,1,Fast,0.9083532691001892,189,980
807,1,Fast,0.8490555882453918,448,787
807,1,Fast,0.8374487161636353,621,686
808,1,Fast,0.8987812995910645,171,990
808,1,Fast,0.8556556701660156,615,688
808,1,Fast,0.771477460861206,441,792
808,1,Fast,0.5677086710929871,257,1069
808,1,Fast,0.42205744981765747,803,568
809,1,Fast,0.8993658423423767,155,1001
809,1,Fast,0.8655886054039001,607,694
809,1,Fast,0.751853883266449,431,797
809,1,Fast,0.5914517641067505,281,1062
809,1,Fast,0.4347626566886902,799,571
810,1,Fast,0.8877776861190796,139,1012
810,1,Fast,0.8634392619132996,601,698
810,1,Fast,0.8510769605636597,301,1055
810,1,Fast,0.7353500127792358,421,803
811,1,Fast,0.8852169513702393,323,1049
811,1,Fast,0.8850975632667542,120,1022
811,1,Fast,0.8653645515441895,594,703
811,1,Fast,0.7793635129928589,413,808
811,1,Fast,0.49291881918907166,913,529
811,1,Fast,0.36550822854042053,790,577
812,1,Fast,0.8911171555519104,336,1040
812,1,Fast,0.8618718981742859,106,1034
812,1,Fast,0.8545723557472229,587,707
812,1,Fast,0.6870397329330444,406,814
812,1,Fast,0.6314522624015808,908,532
813,1,Fast,0.9057106971740723,355,1028
813,1,Fast,0.8605035543441772,581,711
813,1,Fast,0.8553380370140076,86,1044
813,1,Fast,0.749869704246521,396,818
813,1,Fast,0.7154789566993713,905,534
813,1,Fast,0.41890978813171387,781,583
813,1,Fast,0.38692447543144226,805,598
814,1,Fast,0.9117335677146912,370,1016
814,1,Fast,0.8620572686195374,573,716
814,1,Fast,0.8566028475761414,385,825
814,1,Fast,0.7032349109649658,899,537
815,1,Fast,0.9117265343666077,387,1005
815,1,Fast,0.8689013123512268,566,720
815,1,Fast,0.6661401391029358,377,830
815,1,Fast,0.3439858853816986,894,540
816,1,Fast,0.9142770171165466,402,994
816,1,Fast,0.866590678691864,557,724
816,1,Fast,0.749858558177948,366,837
816,1,Fast,0.7303007245063782,890,543
816,1,Fast,0.5496074557304382,766,592
816,1,Fast,0.4415366053581238,789,609
817,1,Fast,0.9117910265922546,418,983
817,1,Fast,0.8631414771080017,550,730
817,1,Fast,0.810967743396759,355,842
818,1,Fast,0.9100956320762634,433,971
818,1,Fast,0.8593071699142456,542,734
818,1,Fast,0.7582775354385376,345,849
818,1,Fast,0.3897043764591217,753,599
818,1,Fast,0.3014395534992218,774,616
819,1,Fast,0.9119195938110352,447,962
819,1,Fast,0.8683979511260986,535,739
819,1,Fast,0.6511519551277161,335,855
819,1,Fast,0.4087136685848236,750,602
820,1,Fast,0.9096487760543823,461,952
820,1,Fast,0.851255476474762,529,744
820,1,Fast,0.7695124745368958,325,861
821,1,Fast,0.9096415638923645,475,940
821,1,Fast,0.8726166486740112,520,748
821,1,Fast,0.5661201477050781,739,609
821,1,Fast,0.4374350607395172,755,627
822,1,Fast,0.8963565230369568,488,931
822,1,Fast,0.8740744590759277,510,754
822,1,Fast,0.7006962299346924,305,872
822,1,Fast,0.4755572974681854,748,630
822,1,Fast,0.39562979340553284,734,612
823,1,Fast,0.9061272740364075,502,922
823,1,Fast,0.8683165907859802,504,758
823,1,Fast,0.8570641279220581,293,878
823,1,Fast,0.795364260673523,729,614
823,1,Fast,0.6790652275085449,743,635
824,1,Fast,0.9070528745651245,515,912
824,1,Fast,0.8543605804443359,494,764
824,1,Fast,0.7125709652900696,724,618
824,1,Fast,0.522761344909668,284,885
824,1,Fast,0.4922593832015991,737,639
825,1,Fast,0.9073371887207031,529,903
825,1,Fast,0.866750955581665,486,770
825,1,Fast,0.8168436884880066,270,891
826,1,Fast,0.9067983031272888,541,894
826,1,Fast,0.8739403486251831,478,775
826,1,Fast,0.6860756278038025,260,898
827,1,Fast,0.9004576206207275,554,885
827,1,Fast,0.8874949812889099,470,780
827,1,Fast,0.8239700198173523,249,905
827,1,Fast,0.70392245054245,839,579
828,1,Fast,0.9058642983436584,565,876
828,1,Fast,0.8848469257354736,461,785
828,1,Fast,0.8407146334648132,238,911
828,1,Fast,0.8318163156509399,835,582
828,1,Fast,0.6379912495613098,711,656
829,1,Fast,0.9013479351997375,576,868
829,1,Fast,0.8870499730110168,451,791
829,1,Fast,0.642405092716217,224,919
829,1,Fast,0.4555383622646332,831,584
830,1,Fast,0.9016174077987671,589,859
830,1,Fast,0.895782470703125,442,796
830,1,Fast,0.8342194557189941,213,926
830,1,Fast,0.7382892370223999,697,666
831,1,Fast,0.9061539769172668,601,850
831,1,Fast,0.8807302713394165,433,801
831,1,Fast,0.8055501580238342,200,933
831,1,Fast,0.7679792642593384,690,669
832,1,Fast,0.9024434685707092,611,842
832,1,Fast,0.8813579678535461,424,807
832,1,Fast,0.8470076322555542,189,940
833,1,Fast,0.8906309604644775,623,834
833,1,Fast,0.8782413005828857,177,948
833,1,Fast,0.875380277633667,415,813
833,1,Fast,0.3424323499202728,677,649
834,1,Fast,0.8857972621917725,166,956
834,1,Fast,0.8842349648475647,633,826
834,1,Fast,0.8791149258613586,406,819
834,1,Fast,0.38741791248321533,670,682
834,1,Fast,0.31848567724227905,669,653
835,1,Fast,0.8973194360733032,645,819
835,1,Fast,0.8848215937614441,396,825
835,1,Fast,0.8641142845153809,153,963
835,1,Fast,0.5632198452949524,662,685
835,1,Fast,0.33729925751686096,663,658
836,1,Fast,0.8948603272438049,653,812
836,1,Fast,0.8793569207191467,386,831
836,1,Fast,0.8553041219711304,139,971
836,1,Fast,0.417304664850235,657,661
837,1,Fast,0.8962944746017456,663,804
837,1,Fast,0.8871667385101318,377,836
837,1,Fast,0.75037682056427,648,698
837,1,Fast,0.7143720388412476,651,664
837,1,Fast,0.627608060836792,127,979
838,1,Fast,0.8908563256263733,673,796
838,1,Fast,0.8836148977279663,366,843
838,1,Fast,0.7748672962188721,642,701
838,1,Fast,0.3423594534397125,113,987
839,1,Fast,0.897343635559082,681,789
839,1,Fast,0.8776905536651611,355,849
839,1,Fast,0.6876910328865051,99,995
839,1,Fast,0.5463297367095947,640,672
839,1,Fast,0.3604956269264221,634,706
840,1,Fast,0.8909872174263,691,782
840,1,Fast,0.8783316016197205,345,855
840,1,Fast,0.8531731367111206,84,1002
840,1,Fast,0.6618534922599792,770,625
841,1,Fast,0.8862131834030151,335,862
841,1,Fast,0.8859722018241882,702,774
841,1,Fast,0.8296797871589661,71,1010
841,1,Fast,0.5505306720733643,764,628
841,1,Fast,0.5305529236793518,616,714
841,1,Fast,0.5120166540145874,627,679
842,1,Fast,0.8989206552505493,711,768
842,1,Fast,0.884103000164032,324,868
842,1,Fast,0.8536117076873779,608,722
842,1,Fast,0.6341827511787415,620,683
843,1,Fast,0.8917120099067688,314,874
843,1,Fast,0.8893482089042664,719,761
843,1,Fast,0.8123718500137329,600,727
843,1,Fast,0.8018448948860168,613,687
843,1,Fast,0.4084436595439911,752,636
844,1,Fast,0.8954075574874878,730,754
844,1,Fast,0.8915754556655884,303,880
844,1,Fast,0.8322073817253113,591,731
844,1,Fast,0.8002651929855347,606,692
845,1,Fast,0.8946707248687744,739,748
845,1,Fast,0.8930429816246033,292,887
845,1,Fast,0.754160463809967,582,737
845,1,Fast,0.46572059392929077,599,696
846,1,Fast,0.8897803425788879,280,894
846,1,Fast,0.8832188844680786,746,742
846,1,Fast,0.8458397388458252,593,701
846,1,Fast,0.8023741245269775,575,742
846,1,Fast,0.42898333072662354,734,648
847,1,Fast,0.8979648351669312,268,900
847,1,Fast,0.8845040202140808,754,735
847,1,Fast,0.8038378357887268,585,704
847,1,Fast,0.725883424282074,566,748
847,1,Fast,0.6530067920684814,729,652
848,1,Fast,0.9047868251800537,256,907
848,1,Fast,0.8757409453392029,762,730
848,1,Fast,0.8083873391151428,557,754
848,1,Fast,0.8078477382659912,579,709
849,1,Fast,0.8940766453742981,245,915
849,1,Fast,0.8473783731460571,771,723
849,1,Fast,0.831376314163208,571,714
849,1,Fast,0.7752004265785217,549,758
850,1,Fast,0.8936228156089783,232,922
850,1,Fast,0.8656894564628601,779,717
850,1,Fast,0.8480296730995178,564,717
850,1,Fast,0.5643496513366699,541,765
851,1,Fast,0.894879162311554,220,929
851,1,Fast,0.8636752367019653,786,711
851,1,Fast,0.8636322021484375,557,722
851,1,Fast,0.5697395205497742,531,770
851,1,Fast,0.5216601490974426,699,670
852,1,Fast,0.8952071070671082,208,937
852,1,Fast,0.8621827363967896,551,727
852,1,Fast,0.8539348840713501,523,775
852,1,Fast,0.7739129662513733,794,705
852,1,Fast,0.7379017472267151,693,675
853,1,Fast,0.8876035213470459,195,945
853,1,Fast,0.8747738599777222,542,732
853,1,Fast,0.7306588292121887,687,679
853,1,Fast,0.6968563795089722,802,700
853,1,Fast,0.6955000162124634,512,782
854,1,Fast,0.8920966982841492,183,953
854,1,Fast,0.8633273243904114,535,736
854,1,Fast,0.8534727692604065,502,787
854,1,Fast,0.8038793206214905,809,694
855,1,Fast,0.8862651586532593,169,961
855,1,Fast,0.875636100769043,493,794
855,1,Fast,0.8610048890113831,527,741
855,1,Fast,0.5201207399368286,817,689
856,1,Fast,0.9021784663200378,156,969
856,1,Fast,0.8765780925750732,519,746
856,1,Fast,0.8578420877456665,482,800
856,1,Fast,0.7750399708747864,664,694
856,1,Fast,0.7547907829284668,824,684
857,1,Fast,0.8973976969718933,142,978
857,1,Fast,0.8459786176681519,510,751
857,1,Fast,0.8297982215881348,474,806
857,1,Fast,0.5910148024559021,659,699
857,1,Fast,0.5521119832992554,832,678
857,2,Slow,0.4016002416610718,832,678
858,1,Fast,0.8978904485702515,129,986
858,1,Fast,0.8827213644981384,502,756
858,1,Fast,0.837485134601593,651,703
858,1,Fast,0.6809884309768677,463,812
858,1,Fast,0.5621562004089355,838,673
859,1,Fast,0.8950449228286743,114,994
859,1,Fast,0.8739410638809204,494,762
859,1,Fast,0.7786292433738708,844,668
859,1,Fast,0.5743010640144348,452,819
859,1,Fast,0.5489559173583984,645,708
860,1,Fast,0.9066616892814636,101,1001
860,1,Fast,0.8897030353546143,486,766
860,1,Fast,0.8321861624717712,442,826
860,1,Fast,0.790339469909668,637,713
860,1,Fast,0.351446270942688,851,663
861,1,Fast,0.8915977478027344,84,1009
861,1,Fast,0.8761963844299316,477,772
861,1,Fast,0.7933730483055115,629,718
861,1,Fast,0.4419519305229187,432,832
862,1,Fast,0.8765227198600769,469,777
862,1,Fast,0.8057708740234375,71,1018
862,1,Fast,0.7553012371063232,863,653
862,1,Fast,0.7424160838127136,623,723
862,1,Fast,0.4028816223144531,423,839
863,1,Fast,0.8772228956222534,460,781
863,1,Fast,0.7935953140258789,870,648
863,1,Fast,0.5404914021492004,611,729
863,1,Fast,0.5099130868911743,56,1027
864,1,Fast,0.8821401596069336,451,787
864,1,Fast,0.7828956842422485,878,643
864,2,Slow,0.4316955506801605,1197,309
864,1,Fast,0.365836501121521,603,733
865,1,Fast,0.8816210031509399,442,792
865,1,Fast,0.8275898694992065,884,638
866,1,Fast,0.886915385723114,434,797
866,1,Fast,0.7575268149375916,891,634
866,1,Fast,0.37160417437553406,376,868
867,1,Fast,0.8900834918022156,424,803
867,1,Fast,0.6972660422325134,362,876
867,1,Fast,0.6207096576690674,896,630
868,1,Fast,0.8933813571929932,415,809
868,1,Fast,0.7632074356079102,902,625
868,1,Fast,0.473667711019516,352,882
869,1,Fast,0.8957896828651428,406,815
869,1,Fast,0.7009028196334839,340,890
869,1,Fast,0.505556583404541,907,620
869,1,Fast,0.3637479841709137,560,761
870,1,Fast,0.895419716835022,396,821
870,1,Fast,0.8147878646850586,325,898
870,1,Fast,0.6383053064346313,551,766
870,1,Fast,0.31019890308380127,913,616
871,1,Fast,0.8945527672767639,386,826
871,1,Fast,0.7956699132919312,314,906
871,1,Fast,0.7261791229248047,542,773
872,1,Fast,0.9027012586593628,377,832
872,1,Fast,0.840751588344574,301,913
872,1,Fast,0.7814335823059082,536,777
872,1,Fast,0.7779785990715027,925,607
873,1,Fast,0.8928379416465759,366,838
873,1,Fast,0.7945756316184998,931,603
873,1,Fast,0.7186461091041565,292,922
873,1,Fast,0.4236999452114105,528,783
874,1,Fast,0.8955681920051575,355,844
874,1,Fast,0.8401983380317688,273,930
874,1,Fast,0.5559657216072083,937,599
875,1,Fast,0.8903992176055908,346,850
875,1,Fast,0.8576768636703491,259,939
875,1,Fast,0.6707700490951538,942,595
876,1,Fast,0.8814455270767212,335,857
876,1,Fast,0.869181752204895,246,948
877,1,Fast,0.8913565278053284,325,862
877,1,Fast,0.788950502872467,236,955
877,0,VRU,0.4808400273323059,953,587
878,1,Fast,0.8907795548439026,315,868
878,1,Fast,0.859290599822998,217,965
878,1,Fast,0.4351259469985962,990,474
878,1,Fast,0.3662956953048706,788,577
879,1,Fast,0.8945538401603699,303,875
879,1,Fast,0.866425096988678,203,973
879,1,Fast,0.6896955966949463,962,579
879,1,Fast,0.455540269613266,986,476
880,1,Fast,0.8917548656463623,291,881
880,1,Fast,0.8047981262207031,188,982
880,1,Fast,0.5322510600090027,966,574
881,1,Fast,0.8990524411201477,280,888
881,1,Fast,0.6812541484832764,972,571
881,1,Fast,0.6363760828971863,174,991
881,1,Fast,0.554239809513092,980,481
882,1,Fast,0.8984324336051941,270,894
882,1,Fast,0.6988217830657959,175,1000
882,1,Fast,0.6165401935577393,432,842
882,1,Fast,0.5475569367408752,975,484
883,1,Fast,0.8986604809761047,257,902
883,1,Fast,0.5430790185928345,981,563
883,1,Fast,0.5369924902915955,144,1011
884,1,Fast,0.9063655734062195,245,909
884,1,Fast,0.857009768486023,132,1021
884,1,Fast,0.3747290372848511,986,560
885,1,Fast,0.9008527994155884,234,916
885,1,Fast,0.662602424621582,122,1030
885,1,Fast,0.41807636618614197,992,556
886,1,Fast,0.9075579643249512,221,923
886,1,Fast,0.5459418296813965,995,552
887,1,Fast,0.9019038677215576,208,931
887,1,Fast,0.7323943376541138,1000,549
887,1,Fast,0.3843790888786316,957,498
888,1,Fast,0.911743700504303,197,938
889,1,Fast,0.8982806205749512,184,946
889,1,Fast,0.3599391579627991,733,613
890,1,Fast,0.9112568497657776,171,954
890,1,Fast,0.6700805425643921,727,617
890,2,Slow,0.36957409977912903,1149,338
891,1,Fast,0.9051349759101868,158,961
891,2,Slow,0.3968684673309326,1147,339
891,1,Fast,0.33633172512054443,723,619
892,1,Fast,0.9165077805519104,145,969
892,1,Fast,0.7513731718063354,312,916
893,1,Fast,0.9070179462432861,130,978
893,1,Fast,0.6344526410102844,299,924
893,2,Slow,0.4952010214328766,1029,528
893,1,Fast,0.36711207032203674,931,514
894,1,Fast,0.9113346934318542,117,985
894,1,Fast,0.6638512015342712,286,931
895,1,Fast,0.9043446779251099,101,993
896,1,Fast,0.9128914475440979,88,1001
896,1,Fast,0.37472859025001526,257,949
897,1,Fast,0.89630526304245,74,1009
897,1,Fast,0.5614224076271057,913,527
897,1,Fast,0.3603760898113251,247,957
898,1,Fast,0.8913207054138184,60,1018
898,1,Fast,0.4230593144893646,908,530
898,1,Fast,0.38828521966934204,685,646
899,1,Fast,0.8152890801429749,46,1026
899,1,Fast,0.7515432834625244,903,533
900,1,Fast,0.6830151081085205,898,536
900,1,Fast,0.6388416290283203,38,1037
901,1,Fast,0.31672465801239014,894,539
902,1,Fast,0.3983783423900604,890,543
902,2,Slow,0.3317016661167145,1123,354
906,2,Slow,0.44883885979652405,1082,489
908,1,Fast,0.6027129888534546,394,1054
909,1,Fast,0.7930574417114258,402,1049
912,2,Slow,0.3848040997982025,1100,368
914,2,Slow,0.30797383189201355,1095,372
917,2,Slow,0.3267895579338074,1088,378
919,1,Fast,0.5424940586090088,795,604
924,1,Fast,0.3285556137561798,213,937
926,1,Fast,0.7407841086387634,190,951
928,1,Fast,0.5392855405807495,469,779
928,2,Slow,0.3950658142566681,1153,434
929,2,Slow,0.5740333795547485,1155,431
929,1,Fast,0.3572779595851898,728,647
930,2,Slow,0.6149790287017822,1158,429
930,1,Fast,0.4300650358200073,453,788
930,1,Fast,0.38985365629196167,720,652
930,2,Slow,0.33718734979629517,1054,397
931,2,Slow,0.6270307302474976,1052,399
931,1,Fast,0.3958947956562042,442,793
931,2,Slow,0.3911595642566681,1161,428
932,2,Slow,0.4525047540664673,1048,400
933,2,Slow,0.5571753978729248,1043,403
933,1,Fast,0.3936064839363098,698,666
934,2,Slow,0.5053887367248535,1041,404
934,1,Fast,0.311413049697876,690,670
935,0,VRU,0.4460837244987488,1142,353
935,2,Slow,0.30485814809799194,1283,326
936,2,Slow,0.43827351927757263,1284,325
936,1,Fast,0.4146479368209839,394,823
938,1,Fast,0.7593805193901062,373,835
938,1,Fast,0.4527260363101959,658,691
939,1,Fast,0.5681893229484558,362,841
940,1,Fast,0.4198077619075775,646,701
941,1,Fast,0.6416923403739929,635,706
941,1,Fast,0.5553730726242065,342,853
942,1,Fast,0.5821372866630554,627,712
942,1,Fast,0.4249069094657898,331,860
943,1,Fast,0.5654330253601074,322,865
943,1,Fast,0.3155137002468109,616,718
944,1,Fast,0.7843757271766663,310,872
946,1,Fast,0.7161877751350403,288,885
950,1,Fast,0.6072818040847778,550,760
951,1,Fast,0.4682188034057617,541,766
953,1,Fast,0.3231668770313263,199,936
953,2,Slow,0.3156350255012512,1215,386
954,2,Slow,0.32346493005752563,1218,384
955,2,Slow,0.5385566353797913,1220,382
955,1,Fast,0.429909884929657,496,792
956,2,Slow,0.3450694978237152,1223,381
957,1,Fast,0.6140446066856384,477,807
957,0,VRU,0.3524705469608307,1225,379
958,1,Fast,0.7755693197250366,464,815
959,2,Slow,0.3133493959903717,962,452
959,0,VRU,0.30052387714385986,1229,375
961,2,Slow,0.30181440711021423,955,457
962,1,Fast,0.3568015992641449,951,459
962,0,VRU,0.3302602469921112,1233,370
963,1,Fast,0.5837690830230713,947,461
963,0,VRU,0.3911079168319702,1235,369
964,1,Fast,0.7469984292984009,943,463
964,0,VRU,0.36278045177459717,1237,367
965,0,VRU,0.36966079473495483,1239,366
965,1,Fast,0.31723257899284363,940,466
968,1,Fast,0.5175532698631287,930,472
968,1,Fast,0.49093154072761536,338,894
970,0,VRU,0.47740763425827026,1249,357
971,1,Fast,0.5702915787696838,294,920
972,2,Slow,0.34023916721343994,1253,354
973,2,Slow,0.32294830679893494,1254,353
974,1,Fast,0.738420844078064,905,487
979,2,Slow,0.3119182884693146,1267,343
980,2,Slow,0.3815418779850006,1268,342
981,1,Fast,0.6131255030632019,875,505
981,2,Slow,0.4100489020347595,1270,340
984,1,Fast,0.7003600001335144,861,513
984,1,Fast,0.3856615722179413,833,582
985,1,Fast,0.5735403299331665,858,516
986,1,Fast,0.6944376230239868,852,519
987,1,Fast,0.794848620891571,848,522
988,1,Fast,0.6881441473960876,843,524
989,1,Fast,0.7857636213302612,839,527
990,1,Fast,0.5777415037155151,833,530
990,0,VRU,0.3489150106906891,653,452
991,1,Fast,0.5271986126899719,828,533
992,1,Fast,0.8063139915466309,824,537
992,1,Fast,0.6353484392166138,385,1007
993,1,Fast,0.69942706823349,396,995
993,1,Fast,0.6990782618522644,819,540
994,1,Fast,0.5444227457046509,814,542
995,1,Fast,0.8075200319290161,808,546
995,1,Fast,0.48230886459350586,459,784
996,1,Fast,0.768619954586029,803,549
996,1,Fast,0.39969995617866516,426,847
997,1,Fast,0.7402126789093018,798,553
997,1,Fast,0.3409053683280945,414,854
998,1,Fast,0.7200344800949097,792,556
999,1,Fast,0.7490696907043457,787,559
1000,1,Fast,0.8006111979484558,782,562
1000,1,Fast,0.4970567524433136,371,880
1000,0,VRU,0.3129977881908417,656,454
1001,1,Fast,0.6934609413146973,776,566
1001,1,Fast,0.30505263805389404,361,885
1002,1,Fast,0.727975070476532,771,569
1002,1,Fast,0.49208682775497437,347,895
1003,1,Fast,0.658307671546936,333,905
1003,1,Fast,0.5797829031944275,765,571
1003,1,Fast,0.3807845711708069,385,830
1004,1,Fast,0.8382925987243652,318,915
1004,1,Fast,0.8222916126251221,374,835
1005,1,Fast,0.8419698476791382,303,924
1005,1,Fast,0.7149531841278076,753,578
1005,1,Fast,0.5564900040626526,364,842
1006,1,Fast,0.6652302742004395,288,933
1006,1,Fast,0.4414910078048706,352,848
1006,1,Fast,0.31097128987312317,746,582
1007,1,Fast,0.40631574392318726,273,941
1008,1,Fast,0.7546698451042175,258,951
1009,1,Fast,0.3333091735839844,244,961
1010,1,Fast,0.7163562178611755,723,597
1010,1,Fast,0.3262295126914978,229,971
1011,1,Fast,0.5073630213737488,717,600
1012,1,Fast,0.8096278309822083,711,604
1013,1,Fast,0.8251785039901733,704,608
1014,1,Fast,0.721093475818634,697,612
1015,1,Fast,0.7832365036010742,692,615
1015,2,Slow,0.4975372850894928,1100,506
1016,1,Fast,0.8196926712989807,685,620
1016,2,Slow,0.4969281256198883,1101,505
1017,1,Fast,0.8165108561515808,678,624
1017,2,Slow,0.39072805643081665,1104,503
1018,1,Fast,0.8081135153770447,671,627
1019,1,Fast,0.8251352310180664,665,632
1020,1,Fast,0.8175146579742432,658,636
1021,1,Fast,0.8065900206565857,651,640
1022,1,Fast,0.7758049368858337,643,644
1023,1,Fast,0.7896541357040405,636,648
1024,1,Fast,0.7378674745559692,629,652
1025,1,Fast,0.7721262574195862,622,657
1026,1,Fast,0.8095290660858154,613,662
1027,1,Fast,0.8384639620780945,606,666
1028,1,Fast,0.8507124781608582,597,670
1028,2,Slow,0.4881206452846527,1133,477
1029,1,Fast,0.7844248414039612,591,675
1029,2,Slow,0.3840653598308563,1136,475
1030,1,Fast,0.7714645862579346,582,680
1031,1,Fast,0.6853108406066895,574,685
1031,1,Fast,0.3578573763370514,435,837
1032,1,Fast,0.7754876613616943,565,689
1032,1,Fast,0.598583996295929,424,844
1033,1,Fast,0.6386354565620422,557,695
1034,1,Fast,0.5802788734436035,549,700
1035,1,Fast,0.785365641117096,539,705
1036,1,Fast,0.8375745415687561,369,878
1036,1,Fast,0.7649831771850586,530,709
1037,1,Fast,0.7825326919555664,522,715
1038,1,Fast,0.8104115724563599,513,720
1039,1,Fast,0.8190256357192993,504,725
1039,2,Slow,0.46877139806747437,1162,454
1039,1,Fast,0.31707221269607544,1351,274
1040,1,Fast,0.8100038170814514,494,730
1040,2,Slow,0.5141739845275879,1164,451
1041,1,Fast,0.8660653233528137,485,736
1041,2,Slow,0.588815450668335,1166,449
1042,1,Fast,0.8637605905532837,476,742
1042,2,Slow,0.5742490291595459,1169,447
1042,1,Fast,0.3171001970767975,359,1065
1043,1,Fast,0.8515006303787231,466,747
1043,2,Slow,0.5950609445571899,1172,445
1044,1,Fast,0.8625469207763672,455,753
1044,2,Slow,0.45082756876945496,1174,444
1045,1,Fast,0.857914924621582,446,759
1046,1,Fast,0.834010124206543,435,765
1046,1,Fast,0.3616214096546173,413,1047
1047,1,Fast,0.8545430898666382,426,770
1048,1,Fast,0.8450168371200562,415,776
1049,1,Fast,0.7921350002288818,406,783
1050,1,Fast,0.8255518078804016,394,788
1050,2,Slow,0.6532007455825806,1189,432
1051,1,Fast,0.8366144895553589,383,795
1051,2,Slow,0.5161359906196594,1191,430
1051,2,Slow,0.3718712329864502,279,1046
1052,1,Fast,0.6840134263038635,373,802
1052,2,Slow,0.3282555639743805,1192,429
1053,1,Fast,0.8055469393730164,361,808
1054,1,Fast,0.859554648399353,351,814
1055,1,Fast,0.8600820302963257,339,821
1055,1,Fast,0.5753988027572632,311,1013
1056,1,Fast,0.8614169955253601,327,828
1056,1,Fast,0.5168531537055969,325,1003
1056,0,VRU,0.387555867433548,650,453
1057,1,Fast,0.8556731343269348,315,835
1058,1,Fast,0.8696104884147644,302,842
1058,1,Fast,0.842982828617096,353,980
1058,1,Fast,0.5123645067214966,377,1022
1059,1,Fast,0.8671605587005615,291,848
1059,1,Fast,0.7432624697685242,369,970
1060,1,Fast,0.8608259558677673,279,856
1060,1,Fast,0.8173040747642517,402,1005
1061,1,Fast,0.8501792550086975,265,863
1061,1,Fast,0.8343109488487244,416,995
1061,1,Fast,0.7427181601524353,402,949
1062,1,Fast,0.8437638878822327,252,870
1062,1,Fast,0.5938602685928345,429,986
1062,1,Fast,0.34458300471305847,417,940
1063,1,Fast,0.8679471015930176,238,878
1063,1,Fast,0.5078805088996887,435,929
1064,1,Fast,0.8507656455039978,225,886
1065,1,Fast,0.8587124347686768,210,893
1066,1,Fast,0.8280012607574463,197,901
1067,1,Fast,0.8336052298545837,183,910
1067,1,Fast,0.504729151725769,273,1063
1068,1,Fast,0.732836902141571,166,918
1068,1,Fast,0.5680742263793945,286,1058
1069,1,Fast,0.789709210395813,309,1054
1069,1,Fast,0.7608703970909119,153,926
1070,1,Fast,0.8090834021568298,136,934
1070,1,Fast,0.5906171202659607,328,1050
1070,1,Fast,0.3106149435043335,529,862
1071,1,Fast,0.8441407084465027,122,943
1071,1,Fast,0.8298779726028442,529,912
1071,1,Fast,0.6409366130828857,544,853
1072,1,Fast,0.8365185260772705,554,845
1072,1,Fast,0.7852938175201416,107,952
1072,1,Fast,0.6093877553939819,537,905
1072,1,Fast,0.33748674392700195,361,1034
1073,1,Fast,0.8035354018211365,547,897
1073,1,Fast,0.5677123665809631,569,836
1073,1,Fast,0.40991172194480896,91,961
1074,1,Fast,0.8309985399246216,577,827
1074,1,Fast,0.8146525621414185,559,890
1075,1,Fast,0.369082510471344,569,882
1075,2,Slow,0.3111184537410736,1236,390
1076,1,Fast,0.7108113765716553,578,875
1078,1,Fast,0.5638498663902283,623,796
1079,1,Fast,0.40247559547424316,445,971
1079,1,Fast,0.3342553377151489,719,820
1080,1,Fast,0.6555044054985046,613,848
1080,1,Fast,0.390459269285202,645,781
1081,1,Fast,0.8877827525138855,622,842
1081,1,Fast,0.7620753049850464,467,953
1081,1,Fast,0.5194017887115479,656,773
1082,1,Fast,0.739671528339386,633,835
1082,1,Fast,0.7328479290008545,665,766
1082,2,Slow,0.30897027254104614,1251,380
1083,1,Fast,0.5997580289840698,675,761
1084,1,Fast,0.825147271156311,684,753
1084,1,Fast,0.7732944488525391,651,822
1085,1,Fast,0.8423964977264404,659,816
1085,1,Fast,0.8128055334091187,693,747
1086,1,Fast,0.8708537220954895,664,810
1086,1,Fast,0.4372881054878235,704,739
1086,1,Fast,0.4129369556903839,764,784
1087,1,Fast,0.8571087121963501,713,733
1087,1,Fast,0.7629671096801758,674,804
1087,1,Fast,0.7114306688308716,769,779
1087,2,Slow,0.39936912059783936,532,904
1088,1,Fast,0.6197331547737122,722,726
1089,1,Fast,0.832571804523468,732,720
1090,1,Fast,0.5309491157531738,740,714
1092,1,Fast,0.5522779822349548,714,773
1093,1,Fast,0.49814462661743164,720,769
1095,1,Fast,0.5396367311477661,781,686
1095,1,Fast,0.39969125390052795,736,758
1096,1,Fast,0.7486741542816162,743,753
1097,1,Fast,0.7836376428604126,749,748
1097,1,Fast,0.330338716506958,798,675
1098,1,Fast,0.8461067080497742,756,743
1099,1,Fast,0.7481676340103149,762,738
1110,2,Slow,0.34693747758865356,1155,339
1111,2,Slow,0.35091277956962585,1154,340
1112,2,Slow,0.5092045068740845,1153,340
1112,2,Slow,0.43507203459739685,1294,342
1114,2,Slow,0.3402021527290344,1297,340
1121,1,Fast,0.35765713453292847,991,472
1122,1,Fast,0.8245030641555786,988,475
1123,1,Fast,0.7420069575309753,984,477
1124,1,Fast,0.5118669867515564,980,479
1132,2,Slow,0.5565757155418396,945,503
1133,1,Fast,0.6630300283432007,941,506
1134,1,Fast,0.43338486552238464,936,509
1135,1,Fast,0.3266555070877075,1032,443
1138,1,Fast,0.3915211260318756,1113,369
1139,1,Fast,0.5639755725860596,1111,371
1140,1,Fast,0.6803458333015442,907,528
1141,1,Fast,0.7500514388084412,902,531
1142,1,Fast,0.8340254426002502,896,534
1142,0,VRU,0.3219395577907562,1334,309
1143,1,Fast,0.6605013608932495,891,538
1144,1,Fast,0.620334804058075,887,541
1147,1,Fast,0.34592995047569275,988,474
1150,1,Fast,0.7203375697135925,973,482
1150,2,Slow,0.6493489146232605,855,563
1151,2,Slow,0.5101580619812012,851,566
1151,1,Fast,0.361716628074646,970,484
1152,2,Slow,0.6246752738952637,843,571
1152,0,VRU,0.3065442740917206,657,451
1153,2,Slow,0.7149748802185059,836,574
1154,1,Fast,0.84425288438797,831,578
1154,1,Fast,0.6519350409507751,957,494
1154,1,Fast,0.3742063045501709,1024,427
1155,1,Fast,0.7437413334846497,826,582
1155,1,Fast,0.7063698172569275,954,497
1155,1,Fast,0.4434761106967926,1022,429
1156,1,Fast,0.7260452508926392,948,500
1156,1,Fast,0.5998379588127136,1020,430
1156,2,Slow,0.4744318127632141,819,585
1157,1,Fast,0.7798458933830261,944,503
1157,1,Fast,0.5816807150840759,1017,432
1157,1,Fast,0.5246339440345764,814,590
1158,1,Fast,0.6456506252288818,939,506
1158,1,Fast,0.3767588436603546,1014,434
1158,1,Fast,0.36310678720474243,807,594
1159,1,Fast,0.7569786310195923,800,598
1159,1,Fast,0.7558088302612305,935,510
1160,1,Fast,0.7374627590179443,931,512
1160,1,Fast,0.7050926089286804,1026,451
1160,2,Slow,0.5240316987037659,1009,438
1160,1,Fast,0.42147693037986755,795,602
1160,2,Slow,0.38832995295524597,795,602
1161,1,Fast,0.8271682262420654,788,606
1161,1,Fast,0.554118275642395,1023,453
1161,2,Slow,0.5249224305152893,1006,441
1162,1,Fast,0.827262818813324,781,611
1162,1,Fast,0.6415506601333618,1020,456
1162,2,Slow,0.4096619188785553,1003,443
1163,1,Fast,0.6891764998435974,773,615
1163,1,Fast,0.6396826505661011,1016,459
1163,2,Slow,0.48664695024490356,1000,444
1164,1,Fast,0.7531452178955078,766,620
1164,1,Fast,0.5615881681442261,998,446
1164,1,Fast,0.3727300465106964,519,781
1165,1,Fast,0.5027481317520142,994,448
1166,1,Fast,0.5694332122802734,1059,407
1166,1,Fast,0.459715336561203,990,450
1167,1,Fast,0.4606151580810547,1057,408
1168,1,Fast,0.44493240118026733,738,638
1169,1,Fast,0.8094211220741272,730,643
1169,2,Slow,0.38680213689804077,940,461
1169,2,Slow,0.32725244760513306,1083,493
1170,1,Fast,0.8444237112998962,724,648
1170,2,Slow,0.6803391575813293,1084,491
1171,1,Fast,0.8247529864311218,716,653
1171,2,Slow,0.6968196630477905,976,460
1171,2,Slow,0.5397163033485413,1087,489
1171,1,Fast,0.3073499798774719,1103,506
1172,1,Fast,0.8521386384963989,709,657
1172,2,Slow,0.5771337151527405,973,461
1173,1,Fast,0.8623867034912109,699,663
1173,2,Slow,0.4851926863193512,970,464
1174,1,Fast,0.8515751361846924,691,668
1174,2,Slow,0.5001837015151978,965,467
1175,1,Fast,0.7895406484603882,683,672
1176,1,Fast,0.4078598916530609,675,679
1177,1,Fast,0.43592533469200134,667,685
1177,1,Fast,0.3624595105648041,955,473
1178,1,Fast,0.5717486143112183,659,690
1178,2,Slow,0.30767279863357544,1105,473
1179,1,Fast,0.6521021127700806,649,696
1180,1,Fast,0.8327784538269043,641,701
1180,1,Fast,0.5380738973617554,1027,428
1181,1,Fast,0.8384912014007568,632,706
1181,1,Fast,0.35350480675697327,1024,429
1182,1,Fast,0.8380579352378845,624,711
1183,1,Fast,0.8565216660499573,613,718
1184,1,Fast,0.8722065687179565,603,723
1184,1,Fast,0.773405909538269,796,604
1184,1,Fast,0.4414801299571991,813,567
1184,2,Slow,0.33645668625831604,1121,460
1185,1,Fast,0.8703135848045349,593,729
1185,1,Fast,0.831084668636322,789,608
1185,1,Fast,0.44522765278816223,808,571
1186,1,Fast,0.8441618084907532,584,736
1186,1,Fast,0.7267289161682129,781,613
1186,1,Fast,0.3422914147377014,1011,438
1187,1,Fast,0.8107184171676636,575,742
1187,1,Fast,0.4953709542751312,190,985
1187,1,Fast,0.4922131597995758,774,617
1187,1,Fast,0.4287724196910858,1009,439
1188,1,Fast,0.8530082106590271,565,748
1188,1,Fast,0.3087098002433777,768,621
1189,1,Fast,0.8365954756736755,554,755
1189,1,Fast,0.45571377873420715,1004,443
1189,0,VRU,0.32420530915260315,1342,278
1190,1,Fast,0.8704738616943359,545,761
1190,1,Fast,0.6985578536987305,1000,445
1190,1,Fast,0.6961572766304016,904,503
1191,1,Fast,0.8584988117218018,534,768
1191,1,Fast,0.6821061372756958,998,447
1191,0,VRU,0.5437160730361938,1345,276
1191,1,Fast,0.4830467998981476,901,505
1192,1,Fast,0.870610773563385,523,774
1192,1,Fast,0.6900368332862854,995,449
1192,1,Fast,0.5693724155426025,897,507
1192,0,VRU,0.5586496591567993,1345,275
1193,1,Fast,0.882378101348877,512,782
1193,1,Fast,0.8249168992042542,732,645
1193,1,Fast,0.7116446495056152,992,450
1193,1,Fast,0.4330834448337555,767,595
1193,0,VRU,0.37348076701164246,1346,274
1194,1,Fast,0.8851747512817383,499,789
1194,1,Fast,0.7750688791275024,724,651
1194,1,Fast,0.6944194436073303,991,452
1195,1,Fast,0.8771844506263733,487,795
1195,1,Fast,0.8141030073165894,717,656
1195,1,Fast,0.6569652557373047,987,454
1196,1,Fast,0.8744081258773804,476,804
1196,1,Fast,0.6709875464439392,985,456
1196,1,Fast,0.5424512624740601,710,661
1197,1,Fast,0.8761624693870544,464,811
1197,1,Fast,0.5401177406311035,982,458
1197,1,Fast,0.3945126533508301,702,666
1198,1,Fast,0.8708853721618652,452,818
1198,1,Fast,0.6934459805488586,695,671
1198,1,Fast,0.5374186038970947,978,459
1199,1,Fast,0.8688985109329224,440,826
1199,1,Fast,0.8187655210494995,734,615
1199,1,Fast,0.7586786150932312,684,676
1199,1,Fast,0.6074342131614685,975,461
1199,1,Fast,0.504858672618866,869,525
1200,1,Fast,0.8701817989349365,428,833
1200,1,Fast,0.4199705719947815,973,463
1201,1,Fast,0.8756077885627747,415,841
1201,1,Fast,0.7619196176528931,860,531
1201,1,Fast,0.3099078834056854,970,466
1202,1,Fast,0.8899837136268616,402,849
1202,1,Fast,0.655667245388031,658,693
1202,1,Fast,0.6283443570137024,856,533
1203,1,Fast,0.8709003329277039,389,858
1203,1,Fast,0.5911595821380615,649,700
1203,1,Fast,0.5646457076072693,964,469
1203,1,Fast,0.4890234172344208,852,536
1204,1,Fast,0.8850786089897156,375,867
1204,1,Fast,0.537250280380249,961,471
1204,1,Fast,0.3859553635120392,641,706
1205,1,Fast,0.8901590704917908,359,875
1205,1,Fast,0.7075128555297852,958,473
1205,1,Fast,0.47546640038490295,632,711
1205,1,Fast,0.328665554523468,803,601
1206,1,Fast,0.8850138187408447,346,884
1206,1,Fast,0.8169748783111572,626,716
1206,1,Fast,0.6837916374206543,955,475
1206,1,Fast,0.4058572053909302,796,606
1207,1,Fast,0.8815982341766357,331,893
1207,1,Fast,0.6865485906600952,952,477
1207,1,Fast,0.6396674513816833,689,645
1207,1,Fast,0.4102593660354614,616,723
1208,1,Fast,0.8903247714042664,316,902
1208,1,Fast,0.5783035159111023,948,479
1208,2,Slow,0.3124539852142334,1103,379
1209,1,Fast,0.8825281262397766,301,911
1209,1,Fast,0.605819046497345,676,652
1209,1,Fast,0.460266649723053,945,481
1210,1,Fast,0.8753396272659302,285,921
1211,1,Fast,0.8721668720245361,270,930
1211,1,Fast,0.7230253219604492,662,660
1211,1,Fast,0.5076620578765869,761,628
1212,1,Fast,0.8817082047462463,253,940
1212,1,Fast,0.45197850465774536,935,489
1212,1,Fast,0.34896305203437805,656,664
1213,1,Fast,0.8891192674636841,237,950
1213,1,Fast,0.6061980128288269,932,490
1213,1,Fast,0.431442528963089,805,566
1214,1,Fast,0.884464681148529,220,960
1214,1,Fast,0.6973727941513062,800,568
1214,1,Fast,0.6511582136154175,928,492
1215,1,Fast,0.8990166783332825,204,970
1215,1,Fast,0.5675907135009766,925,494
1216,1,Fast,0.8883821368217468,188,981
1216,1,Fast,0.36328327655792236,921,497
1217,1,Fast,0.8896886110305786,168,992
1217,1,Fast,0.4694229066371918,786,577
1217,1,Fast,0.3993627429008484,918,498
1218,1,Fast,0.8915227055549622,150,1003
1218,1,Fast,0.7032557725906372,616,689
1218,1,Fast,0.5111659169197083,914,501
1219,1,Fast,0.8739117383956909,129,1015
1219,1,Fast,0.7118903994560242,699,669
1219,1,Fast,0.5108258724212646,607,694
1219,1,Fast,0.47550758719444275,910,504
1220,1,Fast,0.8183771371841431,111,1026
1220,1,Fast,0.7742403745651245,690,674
1220,1,Fast,0.6802931427955627,601,698
1220,1,Fast,0.32561489939689636,907,506
1221,1,Fast,0.8024808764457703,684,679
1221,1,Fast,0.4473334550857544,765,589
1221,1,Fast,0.4074637293815613,595,703
1221,1,Fast,0.32267749309539795,94,1037
1222,1,Fast,0.646049439907074,675,685
1222,1,Fast,0.5579981803894043,588,707
1223,1,Fast,0.6650100350379944,581,711
1224,1,Fast,0.5179071426391602,657,698
1224,1,Fast,0.37482109665870667,573,716
1225,1,Fast,0.5850670337677002,648,703
1226,1,Fast,0.7078810334205627,638,709
1226,1,Fast,0.6747980117797852,886,519
1226,1,Fast,0.5530434250831604,735,606
1227,1,Fast,0.7810104489326477,882,522
1227,1,Fast,0.4356626570224762,730,609
1227,1,Fast,0.40333685278892517,628,715
1228,1,Fast,0.8036922216415405,879,525
1228,1,Fast,0.3176572322845459,224,1058
1229,1,Fast,0.8243879079818726,875,527
1229,1,Fast,0.8081473708152771,241,1052
1230,1,Fast,0.8759968280792236,265,1045
1230,1,Fast,0.8239473700523376,870,529
1230,1,Fast,0.5802637934684753,598,733
1231,1,Fast,0.9057162404060364,280,1034
1231,1,Fast,0.8526185750961304,866,532
1231,1,Fast,0.4354780316352844,597,739
1232,1,Fast,0.9118344783782959,297,1022
1232,1,Fast,0.8259850144386292,862,535
1232,1,Fast,0.7524547576904297,580,746
1232,1,Fast,0.6911617517471313,506,754
1233,1,Fast,0.9109343886375427,314,1010
1233,1,Fast,0.7426844239234924,859,536
1233,1,Fast,0.6646721363067627,286,924
1233,1,Fast,0.5477133393287659,499,759
1233,1,Fast,0.5344449877738953,566,753
1233,1,Fast,0.46308663487434387,695,631
1234,1,Fast,0.9146743416786194,331,999
1234,1,Fast,0.6798709034919739,854,539
1234,1,Fast,0.45681533217430115,558,759
1235,1,Fast,0.9012287259101868,346,989
1235,1,Fast,0.5722573399543762,253,944
1235,1,Fast,0.3194168508052826,1167,354
1236,1,Fast,0.9003486633300781,363,978
1236,1,Fast,0.517755389213562,678,641
1236,1,Fast,0.48822784423828125,534,773
1236,1,Fast,0.4512192904949188,241,954
1236,1,Fast,0.38511762022972107,846,544
1237,1,Fast,0.9183288216590881,379,968
1237,1,Fast,0.7760218381881714,219,964
1237,1,Fast,0.5638388395309448,842,548
1237,1,Fast,0.46705591678619385,467,780
1238,1,Fast,0.9030324816703796,394,958
1238,1,Fast,0.7540712952613831,451,786
1238,1,Fast,0.6384609341621399,838,550
1238,1,Fast,0.3981679081916809,666,650
1238,1,Fast,0.33617812395095825,203,974
1239,1,Fast,0.9042497873306274,409,948
1239,1,Fast,0.46327871084213257,189,985
1239,1,Fast,0.3940722942352295,657,654
1239,1,Fast,0.35576561093330383,834,553
1240,1,Fast,0.9092575907707214,423,938
1240,1,Fast,0.6895957589149475,829,556
1240,1,Fast,0.5767225027084351,651,657
1241,1,Fast,0.8976508378982544,438,928
1241,1,Fast,0.6231409907341003,825,559
1242,1,Fast,0.9028373956680298,451,919
1242,1,Fast,0.62696373462677,820,562
1242,1,Fast,0.38071879744529724,637,665
1243,1,Fast,0.9088004231452942,465,909
1243,1,Fast,0.7727466225624084,816,564
1244,1,Fast,0.9014468789100647,479,901
1244,1,Fast,0.7430943846702576,812,567
1244,1,Fast,0.590459406375885,398,820
1244,1,Fast,0.4011502265930176,623,673
1245,1,Fast,0.9031948447227478,491,892
1245,1,Fast,0.7400257587432861,808,569
1245,1,Fast,0.7049567699432373,385,827
1245,1,Fast,0.6462143063545227,1147,368
1245,1,Fast,0.4626048505306244,276,1069
1246,1,Fast,0.9000909328460693,503,884
1246,1,Fast,0.7646874785423279,608,682
1246,1,Fast,0.7613254189491272,1144,370
1246,1,Fast,0.7209867835044861,803,572
1246,1,Fast,0.5478963851928711,375,833
1246,1,Fast,0.39456072449684143,415,852
1246,1,Fast,0.306079626083374,288,1065
1247,1,Fast,0.9067801833152771,517,875
1247,1,Fast,0.6611601114273071,307,1060
1247,1,Fast,0.6405559778213501,365,839
1247,1,Fast,0.6074908375740051,1142,372
1247,1,Fast,0.5361238718032837,798,576
1247,1,Fast,0.4449656307697296,396,860
1248,1,Fast,0.9050713777542114,530,866
1248,1,Fast,0.8528879284858704,351,846
1248,1,Fast,0.7921743988990784,325,1055
1248,2,Slow,0.740059494972229,594,689
1248,1,Fast,0.5530791282653809,1140,373
1248,1,Fast,0.5288601517677307,792,579
1249,1,Fast,0.9020693302154541,541,859
1249,1,Fast,0.8101401329040527,339,1049
1249,1,Fast,0.7899786829948425,344,852
1249,2,Slow,0.6651820540428162,587,694
1249,1,Fast,0.32732656598091125,1138,374
1250,1,Fast,0.9005498886108398,553,850
1250,1,Fast,0.8675710558891296,351,1042
1250,1,Fast,0.7995203137397766,330,858
1250,2,Slow,0.45065072178840637,579,698
1250,1,Fast,0.3332521617412567,352,886
1251,1,Fast,0.8971282839775085,564,843
1251,1,Fast,0.8547748327255249,364,1033
1251,2,Slow,0.7353737354278564,571,703
1251,1,Fast,0.3897552192211151,778,588
1252,1,Fast,0.8994072079658508,576,835
1252,1,Fast,0.8926354646682739,377,1024
1252,1,Fast,0.6518385410308838,773,591
1252,2,Slow,0.4582890570163727,561,709
1253,1,Fast,0.9108046889305115,390,1014
1253,1,Fast,0.8815159201622009,586,827
1253,1,Fast,0.783766508102417,768,594
1253,1,Fast,0.5739032030105591,554,713
1254,1,Fast,0.9164961576461792,402,1006
1254,1,Fast,0.8871792554855347,597,819
1254,1,Fast,0.7455083727836609,762,598
1255,1,Fast,0.9203940033912659,414,997
1255,1,Fast,0.8863486051559448,608,812
1255,1,Fast,0.7861374020576477,758,600
1255,1,Fast,0.6984403729438782,537,722
1255,1,Fast,0.5986550450325012,1125,384
1255,1,Fast,0.4586262106895447,271,933
1256,1,Fast,0.9184263944625854,426,989
1256,1,Fast,0.89327472448349,619,804
1256,1,Fast,0.86309814453125,529,726
1256,1,Fast,0.8404874801635742,753,604
1256,1,Fast,0.7908549308776855,253,945
1256,1,Fast,0.5562204122543335,1122,386
1256,1,Fast,0.34163331985473633,262,898
1257,1,Fast,0.9147095084190369,437,980
1257,1,Fast,0.8877236843109131,628,798
1257,1,Fast,0.8526903390884399,748,607
1257,1,Fast,0.8002790808677673,248,905
1257,1,Fast,0.7934221625328064,521,731
1257,1,Fast,0.6800817847251892,243,954
1257,1,Fast,0.48059946298599243,1119,387
1258,1,Fast,0.90699303150177,448,972
1258,1,Fast,0.8907371759414673,639,790
1258,1,Fast,0.8128191232681274,743,610
1258,1,Fast,0.7886353135108948,512,736
1258,1,Fast,0.6390838623046875,236,913
1258,1,Fast,0.6136069893836975,1117,389
1259,1,Fast,0.9062612652778625,459,964
1259,1,Fast,0.8858771324157715,649,784
1259,1,Fast,0.8472381234169006,737,614
1259,1,Fast,0.8138232827186584,502,740
1259,1,Fast,0.5067468285560608,222,920
1259,1,Fast,0.35127073526382446,1115,390
1259,1,Fast,0.3158870339393616,1236,307
1260,1,Fast,0.9046710729598999,470,957
1260,1,Fast,0.8819259405136108,660,776
1260,2,Slow,0.7306803464889526,494,746
1260,1,Fast,0.7288951277732849,731,617
1260,1,Fast,0.6767669916152954,1234,308
1260,1,Fast,0.611201822757721,183,987
1260,1,Fast,0.5670822858810425,213,926
1261,1,Fast,0.8920856714248657,481,948
1261,1,Fast,0.8824037313461304,668,770
1261,2,Slow,0.7719009518623352,486,750
1261,1,Fast,0.5515345931053162,727,621
1261,1,Fast,0.5092710852622986,1232,309
1261,1,Fast,0.5017662048339844,197,933
1261,2,Slow,0.49419450759887695,1111,393
1262,1,Fast,0.8987996578216553,493,940
1262,1,Fast,0.8884674906730652,678,763
1262,1,Fast,0.7130001783370972,476,755
1262,1,Fast,0.48288992047309875,720,625
1263,1,Fast,0.8967239856719971,502,934
1263,1,Fast,0.8797261714935303,688,757
1263,1,Fast,0.7518323659896851,715,627
1263,1,Fast,0.6020947098731995,170,950
1263,2,Slow,0.4101807475090027,958,473
1264,1,Fast,0.8978565335273743,512,927
1264,1,Fast,0.8965703248977661,696,751
1264,1,Fast,0.8325490951538086,709,632
1264,2,Slow,0.7182528972625732,954,475
1264,2,Slow,0.584270715713501,457,767
1265,1,Fast,0.8883300423622131,706,744
1265,1,Fast,0.8786361217498779,523,919
1265,1,Fast,0.8617743253707886,702,636
1265,2,Slow,0.5270462036132812,952,477
1265,1,Fast,0.4563501179218292,145,968
1265,1,Fast,0.35301685333251953,998,472
1266,1,Fast,0.8911171555519104,533,912
1266,1,Fast,0.8771273493766785,714,739
1266,1,Fast,0.8707664608955383,697,639
1266,1,Fast,0.4714714586734772,1097,402
1266,2,Slow,0.3526623249053955,949,479
1267,1,Fast,0.9016351699829102,543,905
1267,1,Fast,0.8975515961647034,723,732
1267,1,Fast,0.8812270164489746,691,643
1267,1,Fast,0.8431633114814758,428,783
1267,2,Slow,0.3004961311817169,947,481
1268,1,Fast,0.8989292979240417,552,897
1268,1,Fast,0.8870359063148499,732,726
1268,1,Fast,0.8843755125999451,685,647
1268,1,Fast,0.722802996635437,418,788
1268,1,Fast,0.35521945357322693,100,992
1269,1,Fast,0.8989541530609131,562,891
1269,1,Fast,0.8899664878845215,740,720
1269,1,Fast,0.8853155970573425,679,651
1269,2,Slow,0.4634968936443329,408,794
1270,1,Fast,0.8982870578765869,571,883
1270,1,Fast,0.8853039145469666,674,654
1270,1,Fast,0.8812728524208069,749,714
1270,1,Fast,0.7013189196586609,397,799
1270,1,Fast,0.49900195002555847,1280,353
1270,1,Fast,0.3643624186515808,1087,409
1271,1,Fast,0.8966163396835327,580,877
1271,1,Fast,0.8805806040763855,756,709
1271,1,Fast,0.8802835941314697,668,657
1271,2,Slow,0.6801989674568176,388,804
1271,1,Fast,0.49277403950691223,1281,352
1271,1,Fast,0.47315603494644165,1084,411
1272,1,Fast,0.8936492800712585,589,870
1272,1,Fast,0.879936695098877,661,661
1272,2,Slow,0.8580459356307983,378,810
1272,1,Fast,0.8204788565635681,765,704
1272,1,Fast,0.48673057556152344,1082,412
1273,1,Fast,0.8865965604782104,597,863
1273,1,Fast,0.8734631538391113,655,665
1273,1,Fast,0.7118774652481079,774,698
1273,1,Fast,0.6141095161437988,367,817
1273,2,Slow,0.5553153157234192,367,817
1273,1,Fast,0.5194234848022461,1079,414
1274,1,Fast,0.8833447098731995,607,857
1274,1,Fast,0.8470510244369507,648,670
1274,1,Fast,0.7116168737411499,781,693
1274,2,Slow,0.5721514225006104,356,823
1274,1,Fast,0.45184189081192017,1211,323
1275,1,Fast,0.8859712481498718,614,851
1275,1,Fast,0.831871509552002,642,674
1275,1,Fast,0.7807705402374268,787,689
1275,2,Slow,0.6932939291000366,345,830
1276,1,Fast,0.8927881717681885,621,845
1276,1,Fast,0.8728499412536621,635,679
1276,1,Fast,0.8017402291297913,795,683
1276,2,Slow,0.5662453174591064,334,835
1276,1,Fast,0.43115514516830444,914,501
1277,1,Fast,0.8656041622161865,628,682
1277,1,Fast,0.860906720161438,631,839
1277,1,Fast,0.5763049125671387,804,677
1277,2,Slow,0.5324469804763794,323,842
1277,1,Fast,0.5061156153678894,910,504
1277,1,Fast,0.465889573097229,947,505
1277,1,Fast,0.36017337441444397,1067,422
1278,1,Fast,0.8535592555999756,640,832
1278,1,Fast,0.8383524417877197,809,673
1278,1,Fast,0.829463005065918,622,686
1278,1,Fast,0.5639695525169373,1063,424
1278,1,Fast,0.3692995309829712,942,508
1279,1,Fast,0.8691500425338745,615,690
1279,1,Fast,0.8638685941696167,647,826
1279,1,Fast,0.8583866953849792,816,667
1279,1,Fast,0.6205316781997681,937,510
1279,1,Fast,0.4138948917388916,1060,426
1280,1,Fast,0.8815298676490784,607,695
1280,1,Fast,0.8667848110198975,655,821
1280,1,Fast,0.8473246693611145,824,662
1280,1,Fast,0.7411413788795471,1058,428
1280,1,Fast,0.6058889627456665,290,860
1281,1,Fast,0.8886061310768127,663,814
1281,1,Fast,0.884993314743042,601,700
1281,1,Fast,0.7846455574035645,832,657
1281,1,Fast,0.7158402800559998,1055,429
1281,1,Fast,0.3470499515533447,278,865
1282,1,Fast,0.8925310373306274,593,704
1282,1,Fast,0.8872482180595398,670,809
1282,1,Fast,0.8585106730461121,266,872
1282,1,Fast,0.8575607538223267,838,652
1282,1,Fast,0.6922727227210999,1052,431
1283,1,Fast,0.8908258676528931,679,803
1283,1,Fast,0.887602686882019,585,709
1283,1,Fast,0.8097637295722961,254,879
1283,1,Fast,0.7909016609191895,844,648
1283,1,Fast,0.5909887552261353,1050,433
1284,1,Fast,0.8829221725463867,579,712
1284,1,Fast,0.8465821146965027,685,797
1284,1,Fast,0.8307430148124695,243,885
1284,1,Fast,0.7942092418670654,851,643
1284,1,Fast,0.31366056203842163,1047,435
1284,1,Fast,0.31190019845962524,395,967
1285,1,Fast,0.8803946375846863,572,717
1285,1,Fast,0.8657946586608887,693,791
1285,1,Fast,0.7380449175834656,230,892
1285,1,Fast,0.6808947920799255,857,638
1286,1,Fast,0.8928675651550293,564,722
1286,1,Fast,0.8706292510032654,700,785
1286,1,Fast,0.7995829582214355,863,634
1286,1,Fast,0.7755483388900757,218,899
1287,1,Fast,0.8628069758415222,557,727
1287,1,Fast,0.8410102725028992,868,629
1287,1,Fast,0.5299333930015564,203,908
1287,1,Fast,0.5057363510131836,1038,442
1288,1,Fast,0.8853408694267273,549,732
1288,1,Fast,0.8159288763999939,876,624
1288,1,Fast,0.6959114670753479,1034,444
1288,1,Fast,0.5351176261901855,714,774
1288,1,Fast,0.5330706238746643,1301,335
1288,1,Fast,0.38480332493782043,1186,340
1288,1,Fast,0.3232094347476959,1278,325
1289,1,Fast,0.8760465383529663,540,737
1289,1,Fast,0.8462529182434082,882,619
1289,1,Fast,0.8057171702384949,720,769
1289,1,Fast,0.7424978017807007,1031,446
1289,1,Fast,0.4820176362991333,1184,340
1289,1,Fast,0.35598301887512207,1279,324
1290,1,Fast,0.8692209720611572,533,742
1290,1,Fast,0.8517646193504333,889,615
1290,1,Fast,0.8503596782684326,727,764
1290,1,Fast,0.6697186827659607,1028,448
1290,1,Fast,0.3163745403289795,161,930
1290,1,Fast,0.30000415444374084,1303,333
1291,1,Fast,0.8800293803215027,525,747
1291,1,Fast,0.854651153087616,894,611
1291,1,Fast,0.823708176612854,733,759
1291,1,Fast,0.7413961887359619,1024,450
1291,1,Fast,0.48370325565338135,1103,377
1291,1,Fast,0.4730372130870819,147,937
1292,1,Fast,0.8931474685668945,517,752
1292,1,Fast,0.8535404801368713,901,607
1292,1,Fast,0.8197615146636963,741,754
1292,1,Fast,0.8155832886695862,1021,452
1292,1,Fast,0.36453938484191895,1101,379
1293,1,Fast,0.8859500288963318,508,757
1293,1,Fast,0.820830225944519,1018,454
1293,1,Fast,0.8147263526916504,748,749
1293,1,Fast,0.7778925895690918,907,603
1294,1,Fast,0.8956245183944702,499,762
1294,1,Fast,0.8523895144462585,754,745
1294,1,Fast,0.7478983402252197,1015,456
1294,1,Fast,0.40893125534057617,912,599
1294,1,Fast,0.4071636199951172,1097,381
1295,1,Fast,0.8836216926574707,491,768
1295,1,Fast,0.8655344247817993,761,739
1295,1,Fast,0.5418661236763,1012,458
1295,1,Fast,0.502231240272522,919,595
1296,1,Fast,0.8808683753013611,482,773
1296,1,Fast,0.829957902431488,768,734
1296,1,Fast,0.6969385743141174,1008,460
1296,1,Fast,0.389340877532959,1310,327
1296,1,Fast,0.38432416319847107,1092,384
1297,1,Fast,0.8923763632774353,473,778
1297,1,Fast,0.766448974609375,1005,463
1297,1,Fast,0.7356401085853577,563,851
1297,1,Fast,0.6083379983901978,774,729
1297,1,Fast,0.3634233772754669,929,587
1298,1,Fast,0.8840376138687134,464,784
1298,1,Fast,0.7507844567298889,1001,466
1298,1,Fast,0.6509515047073364,781,724
1299,1,Fast,0.8723801970481873,453,789
1299,1,Fast,0.8450905680656433,998,468
1299,1,Fast,0.6298039555549622,785,719
1299,1,Fast,0.5539257526397705,939,579
1300,1,Fast,0.8729240298271179,443,795
1300,1,Fast,0.8396042585372925,994,470
1300,1,Fast,0.6099689602851868,944,575
1301,1,Fast,0.8840120434761047,434,801
1301,1,Fast,0.8323094248771667,991,472
1301,1,Fast,0.4253670871257782,951,572
1302,1,Fast,0.8755565285682678,424,806
1302,1,Fast,0.8402700424194336,987,474
1302,1,Fast,0.5708005428314209,307,1060
1302,1,Fast,0.4203760027885437,956,567
1303,1,Fast,0.8764537572860718,415,813
1303,1,Fast,0.7664305567741394,983,477
1303,1,Fast,0.728840708732605,315,1057
1303,1,Fast,0.6286600232124329,808,702
1303,1,Fast,0.33463042974472046,302,1020
1304,1,Fast,0.8854592442512512,405,818
1304,1,Fast,0.7636063098907471,979,479
1304,1,Fast,0.751107931137085,315,1009
1304,1,Fast,0.5878416895866394,813,697
1305,1,Fast,0.88304203748703,396,823
1305,1,Fast,0.8266478180885315,330,997
1305,1,Fast,0.6003425717353821,976,481
1305,1,Fast,0.331788569688797,1070,398
1305,1,Fast,0.30039170384407043,970,557
1306,1,Fast,0.8832026124000549,386,829
1306,1,Fast,0.8741244673728943,350,985
1306,1,Fast,0.636894702911377,973,484
1306,1,Fast,0.6318529844284058,825,688
1306,1,Fast,0.4645993113517761,1067,399
1307,1,Fast,0.8881805539131165,376,836
1307,1,Fast,0.4270433783531189,968,487
1307,1,Fast,0.4265240430831909,362,975
1307,1,Fast,0.31048834323883057,1064,401
1308,1,Fast,0.895622968673706,364,843
1308,1,Fast,0.7187416553497314,965,490
1308,1,Fast,0.6463632583618164,381,964
1308,1,Fast,0.6042363047599792,392,1015
1308,1,Fast,0.44136306643486023,838,680
1309,1,Fast,0.8848978877067566,354,849
1309,1,Fast,0.7345682382583618,962,492
1309,1,Fast,0.6540527939796448,843,676
1309,1,Fast,0.5092185735702515,407,1007
1309,0,VRU,0.39510294795036316,993,543
1310,1,Fast,0.8945356011390686,344,855
1310,1,Fast,0.7966325879096985,410,944
1310,1,Fast,0.7629271149635315,418,998
1310,1,Fast,0.6532995700836182,958,495
1310,1,Fast,0.5386134386062622,915,503
1311,1,Fast,0.8994147777557373,331,862
1311,1,Fast,0.6032456755638123,427,933
1311,1,Fast,0.4201146066188812,953,497
1311,1,Fast,0.3378063440322876,431,989
1312,1,Fast,0.8911380767822266,321,869
1312,1,Fast,0.8289984464645386,442,980
1312,1,Fast,0.6798132061958313,440,923
1312,1,Fast,0.5890269875526428,949,500
1313,1,Fast,0.9008136987686157,309,876
1313,1,Fast,0.7817121744155884,453,972
1313,1,Fast,0.7501570582389832,945,503
1313,1,Fast,0.3995459973812103,456,914
1314,1,Fast,0.8956968784332275,298,882
1314,1,Fast,0.8415245413780212,941,505
1314,1,Fast,0.632173478603363,466,965
1315,1,Fast,0.898186445236206,287,889
1315,1,Fast,0.8160332441329956,937,508
1315,1,Fast,0.7411690354347229,476,956
1315,1,Fast,0.7156853079795837,481,897
1315,1,Fast,0.3442162871360779,873,652
1315,1,Fast,0.31481653451919556,1329,310
1316,1,Fast,0.8831859827041626,273,897
1316,1,Fast,0.8471587300300598,933,510
1316,1,Fast,0.43869805335998535,722,654
1316,1,Fast,0.4205421805381775,1330,310
1316,1,Fast,0.32104119658470154,488,948
1317,1,Fast,0.8971126675605774,260,903
1317,1,Fast,0.8444169163703918,930,514
1317,1,Fast,0.7256531715393066,498,941
1317,1,Fast,0.7002192139625549,509,878
1317,1,Fast,0.49500009417533875,1331,309
1317,0,VRU,0.48844653367996216,1027,516
1317,1,Fast,0.4221484363079071,884,645
1318,1,Fast,0.8920636773109436,250,910
1318,1,Fast,0.8521742224693298,925,516
1318,1,Fast,0.5361743569374084,1332,307
1318,1,Fast,0.42060771584510803,889,641
1319,1,Fast,0.8946889638900757,235,918
1319,1,Fast,0.8497810959815979,921,519
1319,1,Fast,0.5885797142982483,700,666
1319,1,Fast,0.5695508718490601,892,637
1319,1,Fast,0.39368364214897156,1333,306
1320,1,Fast,0.8706099390983582,223,925
1320,1,Fast,0.8665356040000916,917,521
1320,1,Fast,0.5793763399124146,898,633
1320,1,Fast,0.5226799845695496,875,527
1321,1,Fast,0.8822922706604004,208,934
1321,1,Fast,0.8736680746078491,912,524
1321,1,Fast,0.7217358946800232,903,630
1321,0,VRU,0.32433244585990906,1046,505
1322,1,Fast,0.8798894286155701,195,941
1322,1,Fast,0.8498194813728333,907,527
1322,1,Fast,0.33806121349334717,906,627
1323,1,Fast,0.8807746767997742,183,949
1323,1,Fast,0.8739832043647766,902,531
1324,1,Fast,0.8964529633522034,170,957
1324,1,Fast,0.8732410073280334,898,533
1324,1,Fast,0.6626174449920654,658,692
1324,0,VRU,0.36667510867118835,918,618
1324,1,Fast,0.3595051169395447,594,817
1325,1,Fast,0.8923607468605042,156,966
1325,1,Fast,0.8638220429420471,894,536
1325,1,Fast,0.8161059617996216,650,697
1325,1,Fast,0.5125091075897217,853,540
1325,1,Fast,0.31551215052604675,603,811
1326,1,Fast,0.8633724451065063,888,540
1326,1,Fast,0.8621901273727417,141,975
1326,1,Fast,0.8561336994171143,642,703
1326,1,Fast,0.7452524900436401,614,803
1326,1,Fast,0.5578306913375854,475,1007
1326,2,Slow,0.3483714461326599,1191,305
1326,1,Fast,0.32381343841552734,672,655
1327,1,Fast,0.8844473361968994,631,709
1327,1,Fast,0.8394899964332581,885,543
1327,1,Fast,0.5588088631629944,127,983
1327,1,Fast,0.43314793705940247,623,796
1327,2,Slow,0.3960690498352051,1008,436
1328,1,Fast,0.8159035444259644,879,547
1328,1,Fast,0.7639264464378357,624,714
1328,1,Fast,0.618248462677002,113,991
1328,1,Fast,0.3706951141357422,633,789
1329,1,Fast,0.8498015999794006,875,550
1329,2,Slow,0.43541404604911804,1186,306
1330,1,Fast,0.8633439540863037,82,1009
1330,1,Fast,0.8267252445220947,870,553
1330,1,Fast,0.4401383697986603,654,775
1331,1,Fast,0.8465226888656616,865,556
1331,1,Fast,0.7256006002426147,68,1017
1332,1,Fast,0.7637795209884644,861,559
1332,1,Fast,0.5266002416610718,52,1028
1333,1,Fast,0.7841407060623169,855,562
1333,1,Fast,0.3994552493095398,989,447
1333,0,VRU,0.37720197439193726,956,590
1334,1,Fast,0.8168111443519592,850,565
1334,0,VRU,0.5809162855148315,960,587
1334,1,Fast,0.32949158549308777,1081,410
1334,2,Slow,0.3193153738975525,984,450
1335,1,Fast,0.8462063670158386,845,569
1335,0,VRU,0.6031107902526855,964,583
1336,1,Fast,0.845732569694519,841,572
1336,1,Fast,0.8033453226089478,548,765
1336,0,VRU,0.4377197325229645,967,580
1337,1,Fast,0.713736891746521,835,576
1337,1,Fast,0.442293256521225,799,574
1338,1,Fast,0.8521022796630859,830,579
1338,1,Fast,0.5774845480918884,527,778
1338,1,Fast,0.5605278015136719,972,458
1339,1,Fast,0.8367041349411011,825,582
1339,1,Fast,0.3168071210384369,969,460
1340,1,Fast,0.8499045372009277,819,586
1340,1,Fast,0.43964219093322754,508,792
1341,1,Fast,0.8820392489433289,812,590
1342,1,Fast,0.8790392875671387,808,594
1342,2,Slow,0.33003655076026917,960,467
1343,1,Fast,0.8616163730621338,802,598
1343,1,Fast,0.31385141611099243,768,594
1343,2,Slow,0.313707560300827,956,468
1344,1,Fast,0.8101204633712769,797,601
1344,1,Fast,0.4181654453277588,1130,443
1344,1,Fast,0.3884526193141937,1052,429
1345,1,Fast,0.7555751800537109,790,605
1345,1,Fast,0.603813648223877,948,473
1345,1,Fast,0.5521737337112427,757,600
1345,1,Fast,0.4477584660053253,1048,431
1345,1,Fast,0.3583214581012726,1004,553
1346,1,Fast,0.876391589641571,785,608
1346,1,Fast,0.5431729555130005,1008,550
1346,1,Fast,0.3017299175262451,433,837
1347,1,Fast,0.8823839426040649,777,613
1348,1,Fast,0.871403694152832,771,616
1348,2,Slow,0.406494140625,1120,387
1348,0,VRU,0.30728471279144287,937,481
1349,1,Fast,0.8692073225975037,766,620
1349,2,Slow,0.4505283832550049,1118,389
1350,1,Fast,0.850386917591095,759,625
1350,2,Slow,0.4231298565864563,1349,266
1351,1,Fast,0.8581044673919678,753,629
1351,1,Fast,0.6088920831680298,368,877
1351,1,Fast,0.5538960099220276,927,487
1351,1,Fast,0.500828742980957,1031,444
1352,1,Fast,0.8571584820747375,746,634
1352,1,Fast,0.47532057762145996,1028,446
1353,1,Fast,0.885971188545227,739,639
1353,1,Fast,0.5337311625480652,921,492
1353,1,Fast,0.4523220956325531,1024,449
1354,1,Fast,0.884765088558197,734,643
1355,1,Fast,0.889979362487793,728,647
1355,1,Fast,0.6288971900939941,1017,453
1356,1,Fast,0.8799113035202026,721,652
1357,1,Fast,0.8640686869621277,714,657
1357,1,Fast,0.6668261289596558,282,930
1358,1,Fast,0.8515779376029968,707,661
1358,1,Fast,0.414508581161499,264,939
1359,1,Fast,0.8590741157531738,699,665
1359,1,Fast,0.8167263865470886,249,949
1360,1,Fast,0.8734092116355896,692,669
1360,1,Fast,0.37846672534942627,233,959
1361,1,Fast,0.8644126653671265,685,674
1361,1,Fast,0.7695105075836182,216,969
1361,1,Fast,0.3804907202720642,997,468
1361,2,Slow,0.30437102913856506,1360,258
1362,1,Fast,0.8432385325431824,678,680
1362,1,Fast,0.6509120464324951,200,979
1362,1,Fast,0.5239391922950745,994,471
1362,2,Slow,0.42232510447502136,1360,258
1363,1,Fast,0.8598615527153015,670,685
1363,1,Fast,0.6903852224349976,989,473
1363,1,Fast,0.6083055138587952,185,990
1363,2,Slow,0.4165278673171997,1183,404
1363,2,Slow,0.4139587879180908,1360,257
1364,1,Fast,0.8436189889907837,663,690
1364,1,Fast,0.7416952252388,985,475
1364,2,Slow,0.39104753732681274,1361,257
1365,1,Fast,0.8674939870834351,654,694
1365,1,Fast,0.7355062365531921,871,523
1365,1,Fast,0.45521512627601624,982,477
1365,1,Fast,0.3102421462535858,536,948
1366,1,Fast,0.8673911094665527,647,700
1366,1,Fast,0.5128369331359863,979,479
1366,0,VRU,0.4082290828227997,866,526
1366,2,Slow,0.3744350075721741,1363,255
1367,1,Fast,0.8735508322715759,640,704
1367,1,Fast,0.501793622970581,975,480
1367,2,Slow,0.43882790207862854,1363,254
1367,1,Fast,0.33268824219703674,554,935
1368,1,Fast,0.8620091676712036,632,710
1368,1,Fast,0.44046035408973694,856,532
1368,2,Slow,0.4034059941768646,1365,253
1369,1,Fast,0.8669216632843018,623,715
1369,1,Fast,0.5097448229789734,575,919
1369,2,Slow,0.3407321572303772,1365,252
1370,1,Fast,0.8683373928070068,615,721
1370,0,VRU,0.46436449885368347,845,538
1371,1,Fast,0.8625950813293457,606,725
1371,0,VRU,0.5955274701118469,841,541
1372,1,Fast,0.8392399549484253,597,730
1372,0,VRU,0.47297680377960205,837,543
1373,1,Fast,0.8544930815696716,588,736
1373,1,Fast,0.7384110689163208,951,498
1373,2,Slow,0.48723453283309937,833,547
1374,1,Fast,0.8625971674919128,581,742
1374,1,Fast,0.7993549704551697,947,501
1375,1,Fast,0.8527207374572754,571,748
1375,1,Fast,0.8117982745170593,943,504
1375,2,Slow,0.7472963929176331,824,553
1376,1,Fast,0.8752112984657288,561,754
1376,2,Slow,0.7724974751472473,820,556
1376,1,Fast,0.7359002828598022,939,507
1377,1,Fast,0.8814093470573425,553,759
1377,1,Fast,0.7345524430274963,935,509
1377,2,Slow,0.7161176204681396,814,558
1377,2,Slow,0.4387508034706116,1219,379
1378,1,Fast,0.884476900100708,544,765
1378,2,Slow,0.765592634677887,809,561
1378,0,VRU,0.5137816667556763,1221,378
1378,2,Slow,0.5081976652145386,1221,378
1378,1,Fast,0.3538091480731964,931,511
1379,1,Fast,0.8763489723205566,535,771
1379,2,Slow,0.5691205859184265,804,564
1380,1,Fast,0.8819936513900757,525,778
1380,2,Slow,0.7617265582084656,800,568
1381,1,Fast,0.8857699632644653,515,784
1381,2,Slow,0.6917922496795654,793,570
1382,1,Fast,0.8743259906768799,505,791
1382,2,Slow,0.43034327030181885,788,573
1383,1,Fast,0.8801869750022888,493,797
1384,1,Fast,0.8798180818557739,483,803
1385,1,Fast,0.8802308440208435,472,810
1385,1,Fast,0.797745406627655,899,534
1385,2,Slow,0.6710075736045837,772,584
1386,1,Fast,0.8844479918479919,462,817
1386,2,Slow,0.7803288698196411,766,587
1386,1,Fast,0.5172122716903687,895,537
1387,1,Fast,0.8720134496688843,452,823
1387,2,Slow,0.4206291139125824,760,590
1387,1,Fast,0.3193338215351105,890,540
1388,1,Fast,0.8735066056251526,441,829
1388,2,Slow,0.6625319123268127,755,593
1389,1,Fast,0.8747379183769226,430,837
1389,2,Slow,0.5160506963729858,750,597
1390,1,Fast,0.8870561718940735,418,844
1390,2,Slow,0.6476450562477112,743,601
1391,1,Fast,0.8879714608192444,407,851
1391,2,Slow,0.34713196754455566,737,605
1391,2,Slow,0.30402472615242004,1095,368
1392,1,Fast,0.8840966820716858,396,858
1392,0,VRU,0.31616219878196716,1250,356
1393,1,Fast,0.8855602741241455,383,866
1393,1,Fast,0.7304611802101135,860,561
1393,0,VRU,0.4618605077266693,1387,237
1393,0,VRU,0.4240248501300812,1251,354
1394,1,Fast,0.8906227946281433,370,874
1394,1,Fast,0.6497653126716614,855,564
1394,0,VRU,0.3700408339500427,1253,353
1395,1,Fast,0.8917838931083679,358,881
1395,0,VRU,0.38593119382858276,1255,352
1396,1,Fast,0.884955108165741,346,889
1396,0,VRU,0.5680028200149536,1257,351
1396,1,Fast,0.4815833568572998,843,571
1397,1,Fast,0.885928213596344,333,896
1397,2,Slow,0.5581057667732239,701,627
1397,0,VRU,0.4996962547302246,1260,350
1398,1,Fast,0.884968638420105,320,904
1398,2,Slow,0.7134151458740234,695,631
1398,0,VRU,0.47045838832855225,1261,348
1398,1,Fast,0.43721234798431396,832,578
1398,0,VRU,0.3915099799633026,1391,234
1399,1,Fast,0.8847625255584717,307,912
1399,2,Slow,0.5359523892402649,689,635
1399,0,VRU,0.40741902589797974,1263,346
1399,0,VRU,0.3462226092815399,1392,233
1400,1,Fast,0.8927025198936462,294,920
1400,2,Slow,0.6880485415458679,683,639
1400,2,Slow,0.5960354804992676,1265,344
1401,1,Fast,0.8789530992507935,280,929
1401,2,Slow,0.7801905274391174,676,643
1401,2,Slow,0.627239465713501,1266,343
1402,1,Fast,0.8954856991767883,266,937
1402,2,Slow,0.7334794402122498,670,648
1402,2,Slow,0.45225459337234497,1268,342
1403,1,Fast,0.885249674320221,252,946
1404,1,Fast,0.8946288228034973,237,955
1404,2,Slow,0.7591054439544678,655,655
1404,2,Slow,0.5681610107421875,1272,339
1404,2,Slow,0.45389196276664734,799,602
1404,0,VRU,0.35500237345695496,1403,250
1405,1,Fast,0.8884182572364807,223,963
1405,2,Slow,0.6469343900680542,647,659
1405,1,Fast,0.5408087372779846,791,606
1405,2,Slow,0.5200926661491394,1273,338
1406,1,Fast,0.8921743631362915,207,973
1406,1,Fast,0.6752085089683533,785,609
1406,2,Slow,0.35807153582572937,1275,337
1407,1,Fast,0.8984454274177551,193,983
1407,1,Fast,0.7877960205078125,779,614
1407,2,Slow,0.6548768281936646,634,668
1408,1,Fast,0.8953850269317627,177,992
1408,1,Fast,0.30263736844062805,627,673
1409,1,Fast,0.904706597328186,161,1001
1409,2,Slow,0.6147524118423462,618,677
1409,1,Fast,0.4678928852081299,766,622
1409,0,VRU,0.37593600153923035,1281,333
1409,2,Slow,0.3207475543022156,1281,333
1410,1,Fast,0.8986194133758545,143,1011
1410,2,Slow,0.5575319528579712,1283,332
1410,2,Slow,0.3538612425327301,613,681
1411,1,Fast,0.8869606852531433,128,1020
1411,2,Slow,0.8395132422447205,606,685
1411,2,Slow,0.568413496017456,1284,330
1411,2,Slow,0.46841007471084595,1055,393
1412,1,Fast,0.8949785232543945,111,1031
1412,2,Slow,0.6066392064094543,1285,329
1412,2,Slow,0.5989112257957458,1053,394
1412,2,Slow,0.3225151598453522,597,690
1413,1,Fast,0.8694697022438049,95,1042
1413,2,Slow,0.6462670564651489,1287,327
1413,2,Slow,0.6090022325515747,1051,395
1413,2,Slow,0.48365649580955505,590,695
1413,1,Fast,0.31630203127861023,738,641
1414,1,Fast,0.7685527205467224,78,1049
1414,2,Slow,0.7354507446289062,583,700
1414,2,Slow,0.6132460236549377,1289,327
1414,1,Fast,0.5882080793380737,731,645
1414,2,Slow,0.4111665189266205,1050,396
1415,1,Fast,0.8109790682792664,724,650
1415,2,Slow,0.6499800682067871,573,706
1415,2,Slow,0.5616440773010254,1290,325
1415,1,Fast,0.3849382996559143,1048,398
1416,1,Fast,0.7112084031105042,717,655
1416,2,Slow,0.6888573169708252,565,710
1416,2,Slow,0.41457849740982056,1292,324
1416,2,Slow,0.3506839871406555,1045,400
1416,0,VRU,0.31517520546913147,1193,407
1417,2,Slow,0.8000802397727966,557,714
1417,2,Slow,0.4979463815689087,1043,401
1417,2,Slow,0.3208971619606018,709,659
1418,2,Slow,0.8185804486274719,547,719
1418,1,Fast,0.7962827682495117,700,664
1418,2,Slow,0.34510743618011475,1041,402
1419,2,Slow,0.8333701491355896,539,725
1419,1,Fast,0.8332368731498718,692,669
1420,1,Fast,0.757074773311615,684,674
1420,2,Slow,0.6813264489173889,530,730
1420,2,Slow,0.3225107789039612,1036,405
1421,2,Slow,0.6294903755187988,522,735
1421,1,Fast,0.4185468554496765,677,680
1422,2,Slow,0.8471049666404724,515,740
1422,1,Fast,0.8126708269119263,670,685
1423,2,Slow,0.86773681640625,506,746
1423,1,Fast,0.685787558555603,661,690
1423,2,Slow,0.3756295144557953,1303,316
1424,2,Slow,0.8701972961425781,497,751
1424,1,Fast,0.8368635177612305,653,695
1424,1,Fast,0.49600130319595337,1058,409
1424,2,Slow,0.31573399901390076,1304,315
1425,1,Fast,0.8702867031097412,645,700
1425,2,Slow,0.8693367838859558,489,757
1425,2,Slow,0.37134721875190735,1305,314
1426,1,Fast,0.8256836533546448,637,705
1426,2,Slow,0.8183103799819946,478,763
1426,2,Slow,0.37747645378112793,1307,313
1426,1,Fast,0.31732264161109924,1053,412
1427,2,Slow,0.8577480912208557,469,768
1427,1,Fast,0.6996685862541199,629,711
1427,2,Slow,0.35138997435569763,1309,311
1428,1,Fast,0.8668872714042664,620,716
1428,2,Slow,0.7684988379478455,460,774
1428,2,Slow,0.4174567461013794,1310,310
1429,1,Fast,0.8534172177314758,611,721
1429,2,Slow,0.6730548739433289,448,779
1429,1,Fast,0.3498774766921997,166,1068
1429,2,Slow,0.3319757282733917,1311,309
1430,1,Fast,0.8689473867416382,600,728
1430,2,Slow,0.8259780406951904,438,786
1430,1,Fast,0.4631350636482239,213,1063
1431,1,Fast,0.8130994439125061,241,1056
1431,1,Fast,0.7056652307510376,429,792
1431,1,Fast,0.5861729383468628,591,733
1431,2,Slow,0.3103732168674469,429,792
1432,1,Fast,0.8967862129211426,261,1050
1432,2,Slow,0.40434640645980835,418,798
1432,1,Fast,0.3984048366546631,582,740
1432,1,Fast,0.3384358584880829,417,798
1433,1,Fast,0.9059089422225952,277,1041
1433,2,Slow,0.7359513640403748,407,804
1433,1,Fast,0.6778509020805359,573,746
1433,0,VRU,0.601499617099762,1317,305
1433,1,Fast,0.3202098309993744,407,804
1434,1,Fast,0.9051882028579712,294,1029
1434,1,Fast,0.7430620193481445,562,752
1434,2,Slow,0.6055152416229248,397,810
1434,1,Fast,0.49441051483154297,397,810
1434,0,VRU,0.389530211687088,1318,304
1434,1,Fast,0.3284347653388977,1002,426
1435,1,Fast,0.9074499607086182,311,1017
1435,1,Fast,0.884139895439148,554,758
1435,2,Slow,0.8353791832923889,389,817
1435,1,Fast,0.5551128387451172,1000,427
1436,1,Fast,0.906603991985321,329,1006
1436,1,Fast,0.885339081287384,544,764
1436,2,Slow,0.864067554473877,378,823
1436,1,Fast,0.503304660320282,997,429
1437,1,Fast,0.9085740447044373,345,994
1437,2,Slow,0.8594524264335632,368,829
1437,1,Fast,0.8488129377365112,533,770
1437,1,Fast,0.33479321002960205,995,430
1438,1,Fast,0.9130780696868896,361,984
1438,1,Fast,0.8595306277275085,524,777
1438,2,Slow,0.8107004761695862,357,835
1438,1,Fast,0.40564417839050293,993,432
1439,1,Fast,0.9081935882568359,378,972
1439,2,Slow,0.851421058177948,346,841
1439,1,Fast,0.8487125039100647,513,784
1439,1,Fast,0.45374494791030884,332,1070
1440,1,Fast,0.9070348143577576,394,961
1440,2,Slow,0.8812700510025024,333,848
1440,1,Fast,0.8708012700080872,501,790
1440,1,Fast,0.6427167654037476,342,1066
1440,1,Fast,0.5686913728713989,989,434
1441,1,Fast,0.9054300785064697,409,951
1441,1,Fast,0.8355044722557068,490,797
1441,1,Fast,0.6671925783157349,354,1063
1441,1,Fast,0.6185551881790161,320,855
1441,2,Slow,0.4787694811820984,321,855
1441,1,Fast,0.3302355408668518,986,436
1442,1,Fast,0.9011151790618896,425,941
1442,2,Slow,0.7455029487609863,307,862
1442,1,Fast,0.6799017786979675,373,1059
1442,1,Fast,0.5030393004417419,983,438
1442,1,Fast,0.3824213445186615,480,804
1442,1,Fast,0.3517315089702606,308,862
1443,1,Fast,0.8989893198013306,439,930
1443,1,Fast,0.8487011790275574,383,1056
1443,2,Slow,0.8079583048820496,296,869
1443,1,Fast,0.7447506189346313,468,812
1443,1,Fast,0.46312350034713745,981,439
1444,1,Fast,0.9075716733932495,454,921
1444,1,Fast,0.866696298122406,395,1052
1444,1,Fast,0.8535153269767761,456,820
1444,2,Slow,0.5578356981277466,284,876
1444,1,Fast,0.5300179719924927,284,875
1444,1,Fast,0.3640526235103607,978,441
1445,1,Fast,0.9051375985145569,467,911
1445,1,Fast,0.8694649338722229,404,1050
1445,1,Fast,0.8650117516517639,444,826
1445,2,Slow,0.7444601058959961,271,884
1445,1,Fast,0.50107741355896,271,884
1445,1,Fast,0.376278817653656,977,442
1446,1,Fast,0.8977580070495605,480,901
1446,1,Fast,0.8729618191719055,413,1046
1446,1,Fast,0.8314031958580017,434,833
1446,1,Fast,0.6374143958091736,259,890
1446,2,Slow,0.5045350790023804,258,890
1447,1,Fast,0.907119870185852,493,892
1447,1,Fast,0.8726662397384644,420,841
1447,1,Fast,0.8576822876930237,422,1040
1447,1,Fast,0.7057294249534607,248,898
1447,2,Slow,0.46058744192123413,247,898
1448,1,Fast,0.9009903073310852,508,884
1448,1,Fast,0.8879973292350769,409,848
1448,1,Fast,0.8834450840950012,431,1033
1448,2,Slow,0.8435530662536621,235,905
1448,2,Slow,0.3157866597175598,1338,288
1449,1,Fast,0.9043431878089905,520,875
1449,1,Fast,0.8759934902191162,439,1026
1449,1,Fast,0.8675658702850342,396,856
1449,1,Fast,0.687195360660553,222,913
1449,2,Slow,0.6717324256896973,222,913
1449,1,Fast,0.36437588930130005,261,1070
1450,1,Fast,0.9027650952339172,533,866
1450,1,Fast,0.8868268728256226,382,865
1450,1,Fast,0.8843091726303101,447,1019
1450,2,Slow,0.7361235618591309,207,922
1450,2,Slow,0.3184349536895752,1340,286
1451,1,Fast,0.8949493169784546,545,857
1451,1,Fast,0.8802560567855835,455,1014
1451,1,Fast,0.8633883595466614,368,873
1451,1,Fast,0.839203953742981,195,929
1451,1,Fast,0.7393864393234253,237,1055
1451,2,Slow,0.37303054332733154,960,452
1452,1,Fast,0.9011304378509521,557,849
1452,1,Fast,0.8927049040794373,463,1007
1452,1,Fast,0.7855792045593262,355,881
1452,2,Slow,0.6982643604278564,182,936
1452,1,Fast,0.6938320398330688,182,936
1452,1,Fast,0.5,317,1056
1452,1,Fast,0.41547009348869324,264,1046
1453,1,Fast,0.9049757719039917,570,841
1453,1,Fast,0.882960319519043,472,1002
1453,1,Fast,0.877278745174408,340,891
1453,1,Fast,0.8578171133995056,169,945
1453,1,Fast,0.7788622379302979,334,1051
1453,2,Slow,0.5451670289039612,170,945
1453,1,Fast,0.30456307530403137,285,1033
1454,1,Fast,0.9089841842651367,581,832
1454,1,Fast,0.8923089504241943,479,996
1454,1,Fast,0.8889524936676025,326,900
1454,1,Fast,0.7133668661117554,154,954
1454,1,Fast,0.5833039879798889,953,458
1454,2,Slow,0.5538856387138367,154,954
1454,1,Fast,0.5164030194282532,335,1047
1454,2,Slow,0.32177314162254333,953,458
1455,1,Fast,0.9143730998039246,592,825
1455,1,Fast,0.8851680159568787,313,908
1455,1,Fast,0.8831868767738342,486,990
1455,1,Fast,0.7739995718002319,141,962
1455,1,Fast,0.6093078255653381,561,764
1455,2,Slow,0.3826984763145447,950,459
1456,1,Fast,0.9066888093948364,604,817
1456,1,Fast,0.8997632265090942,496,983
1456,1,Fast,0.8816706538200378,299,916
1456,1,Fast,0.8056005239486694,551,770
1456,2,Slow,0.7143948078155518,947,461
1456,1,Fast,0.552436888217926,125,969
1456,2,Slow,0.4784184396266937,125,970
1456,2,Slow,0.33283472061157227,960,470
1457,1,Fast,0.89999920129776,503,977
1457,1,Fast,0.8907928466796875,284,925
1457,1,Fast,0.8749004006385803,614,809
1457,2,Slow,0.7643224000930786,110,980
1457,1,Fast,0.6157392859458923,542,776
1457,1,Fast,0.5926762223243713,356,981
1457,2,Slow,0.5523621439933777,944,463
1457,2,Slow,0.503147542476654,958,473
1458,1,Fast,0.9001051187515259,510,972
1458,1,Fast,0.8969985246658325,268,934
1458,1,Fast,0.8962564468383789,626,802
1458,1,Fast,0.8085228204727173,530,783
1458,1,Fast,0.7132993936538696,94,989
1458,2,Slow,0.4056471586227417,942,464
1459,1,Fast,0.9048989415168762,518,966
1459,1,Fast,0.9018548130989075,253,944
1459,1,Fast,0.8725991249084473,636,794
1459,1,Fast,0.7830625772476196,78,996
1459,2,Slow,0.565895140171051,939,467
1459,1,Fast,0.4065559208393097,529,790
1460,1,Fast,0.898123025894165,526,960
1460,1,Fast,0.8978739380836487,238,954
1460,1,Fast,0.8869940638542175,647,788
1460,2,Slow,0.7731580138206482,935,468
1460,1,Fast,0.7150974273681641,63,1006
1460,1,Fast,0.609320342540741,506,798
1460,1,Fast,0.3800690174102783,504,756
1461,1,Fast,0.9041876196861267,533,955
1461,1,Fast,0.8998573422431946,221,964
1461,1,Fast,0.8787521123886108,656,781
1461,2,Slow,0.7592224478721619,933,471
1461,1,Fast,0.6678497791290283,496,804
1461,1,Fast,0.6628506183624268,426,934
1461,1,Fast,0.5783267617225647,46,1014
1461,1,Fast,0.5737866163253784,426,984
1462,1,Fast,0.9019253849983215,205,973
1462,1,Fast,0.8989333510398865,540,948
1462,1,Fast,0.8596614003181458,666,774
1462,1,Fast,0.7646206021308899,437,976
1462,2,Slow,0.7537128329277039,930,473
1462,1,Fast,0.37970852851867676,441,923
1463,1,Fast,0.9015451669692993,188,983
1463,1,Fast,0.8885390162467957,547,943
1463,1,Fast,0.8336251974105835,677,766
1463,2,Slow,0.774804949760437,926,475
1463,1,Fast,0.5277719497680664,446,968
1463,1,Fast,0.4108266532421112,457,913
1464,1,Fast,0.9001743793487549,171,993
1464,1,Fast,0.8989591598510742,554,938
1464,1,Fast,0.8325790762901306,686,760
1464,1,Fast,0.7884048819541931,471,904
1464,2,Slow,0.7554414868354797,923,476
1464,1,Fast,0.4102698266506195,456,961
1465,1,Fast,0.9019073843955994,152,1004
1465,1,Fast,0.8983672857284546,561,933
1465,1,Fast,0.8165562152862549,694,754
1465,2,Slow,0.7309033274650574,920,477
1465,1,Fast,0.5228541493415833,448,836
1466,1,Fast,0.8983912467956543,134,1015
1466,1,Fast,0.8729919791221619,566,927
1466,1,Fast,0.8335787653923035,704,747
1466,2,Slow,0.707617461681366,917,480
1466,1,Fast,0.4023056626319885,436,843
1466,1,Fast,0.3502429723739624,1064,392
1467,1,Fast,0.8864544630050659,574,922
1467,1,Fast,0.881915271282196,116,1026
1467,1,Fast,0.8052443265914917,713,740
1467,2,Slow,0.6868740320205688,914,481
1467,1,Fast,0.5496715307235718,518,873
1467,1,Fast,0.33564361929893494,424,851
1468,1,Fast,0.8896476030349731,581,917
1468,1,Fast,0.8624095916748047,722,734
1468,1,Fast,0.8594143986701965,98,1036
1468,1,Fast,0.7103713154792786,532,863
1468,2,Slow,0.6242626309394836,911,483
1468,1,Fast,0.5562522411346436,1033,432
1468,1,Fast,0.4258423447608948,1061,396
1469,1,Fast,0.8876813054084778,589,912
1469,1,Fast,0.8749824166297913,732,728
1470,1,Fast,0.8962072134017944,596,906
1470,1,Fast,0.8743306398391724,559,846
1470,1,Fast,0.865951418876648,740,721
1470,1,Fast,0.4893900752067566,1028,435
1470,1,Fast,0.4859551191329956,523,916
1470,1,Fast,0.30465853214263916,1056,398
1471,1,Fast,0.8915347456932068,602,901
1471,1,Fast,0.853775680065155,370,885
1471,1,Fast,0.853074312210083,749,715
1471,1,Fast,0.7374384999275208,570,837
1471,1,Fast,0.6497357487678528,530,909
1472,1,Fast,0.8868004083633423,608,896
1472,1,Fast,0.8703770637512207,756,710
1472,1,Fast,0.7901020050048828,356,893
1472,1,Fast,0.7036101222038269,539,902
1472,1,Fast,0.4926885664463043,1024,439
1473,1,Fast,0.8905935883522034,615,891
1473,1,Fast,0.8626393675804138,765,704
1473,1,Fast,0.8095911145210266,549,895
1473,1,Fast,0.7770124673843384,366,840
1473,1,Fast,0.7514123916625977,343,902
1474,1,Fast,0.8875002264976501,622,887
1474,1,Fast,0.8563528060913086,328,912
1474,1,Fast,0.8132317066192627,773,698
1474,1,Fast,0.7156682014465332,558,888
1475,1,Fast,0.8854954838752747,780,693
1475,1,Fast,0.8795974850654602,627,882
1475,1,Fast,0.6277780532836914,313,921
1475,1,Fast,0.5585216879844666,568,880
1476,1,Fast,0.8675534129142761,632,877
1476,1,Fast,0.8330514430999756,788,687
1476,1,Fast,0.45086225867271423,575,875
1476,1,Fast,0.33646515011787415,1042,407
1477,1,Fast,0.8666560053825378,639,873
1477,1,Fast,0.8494187593460083,797,682
1477,1,Fast,0.5311516523361206,586,868
1477,1,Fast,0.30008018016815186,1040,409
1478,1,Fast,0.8599277138710022,645,869
1478,1,Fast,0.8184539675712585,803,677
1478,1,Fast,0.689346432685852,267,948
1479,1,Fast,0.8678896427154541,251,958
1479,1,Fast,0.8235518932342529,649,864
1479,1,Fast,0.7896550297737122,810,672
1479,2,Slow,0.44097933173179626,1001,453
1480,1,Fast,0.8588299751281738,655,860
1480,1,Fast,0.7925943732261658,235,969
1480,1,Fast,0.5777743458747864,818,666
1480,2,Slow,0.35815614461898804,997,454
1481,1,Fast,0.8579941391944885,661,855
1481,1,Fast,0.7787980437278748,218,979
1481,2,Slow,0.35015538334846497,1221,389
1482,1,Fast,0.8567038774490356,667,851
1482,1,Fast,0.7901961207389832,200,989
1482,1,Fast,0.4426977038383484,627,839
1483,1,Fast,0.8666672110557556,674,847
1483,1,Fast,0.5398478507995605,183,1001
1483,1,Fast,0.4832509458065033,863,515
1483,1,Fast,0.34588226675987244,858,539
1483,1,Fast,0.34557023644447327,839,651
1484,1,Fast,0.8728168606758118,680,843
1484,1,Fast,0.6373905539512634,853,542
1484,1,Fast,0.5738428235054016,859,517
1484,1,Fast,0.4209126830101013,1297,324
1484,2,Slow,0.3932744264602661,1181,320
1485,1,Fast,0.8449862599372864,684,838
1485,1,Fast,0.7072380781173706,855,519
1485,1,Fast,0.49745655059814453,982,466
1485,1,Fast,0.3649965524673462,849,546
1486,1,Fast,0.8503164052963257,691,833
1486,1,Fast,0.8276326656341553,852,521
1486,1,Fast,0.6648355722427368,844,549
1486,1,Fast,0.6443885564804077,978,468
1486,1,Fast,0.3312019109725952,860,636
1487,1,Fast,0.8422374129295349,696,830
1487,1,Fast,0.8192009329795837,848,523
1487,1,Fast,0.6346985697746277,866,632
1487,1,Fast,0.35040661692619324,974,470
1488,1,Fast,0.8489883542060852,872,627
1488,1,Fast,0.8317073583602905,701,826
1488,1,Fast,0.6792314648628235,845,525
1488,1,Fast,0.32828447222709656,371,1068
1488,1,Fast,0.32166430354118347,971,473
1489,1,Fast,0.8459990620613098,706,822
1489,1,Fast,0.6954467296600342,877,623
1489,1,Fast,0.6804843544960022,841,527
1490,1,Fast,0.8490388989448547,710,818
1490,1,Fast,0.6084409356117249,1007,429
1490,1,Fast,0.4182508587837219,885,618
1490,1,Fast,0.393738716840744,837,530
1490,1,Fast,0.3416246473789215,384,1060
1490,2,Slow,0.3226501941680908,727,536
1491,1,Fast,0.8503890037536621,716,814
1491,1,Fast,0.6324160695075989,1005,430
1491,1,Fast,0.6139562129974365,832,533
1491,2,Slow,0.40954312682151794,1169,327
1491,1,Fast,0.4007413387298584,821,564
1492,1,Fast,0.8372200131416321,722,809
1492,1,Fast,0.7834197282791138,830,535
1492,1,Fast,0.7427181601524353,1002,431
1492,1,Fast,0.5629672408103943,816,566
1492,1,Fast,0.4324696958065033,896,608
1492,2,Slow,0.41769230365753174,1167,328
1492,1,Fast,0.3071882128715515,957,481
1493,1,Fast,0.8509973883628845,727,806
1493,1,Fast,0.8237984776496887,826,536
1493,1,Fast,0.7706414461135864,903,604
1493,1,Fast,0.7308413982391357,810,570
1493,1,Fast,0.5027934908866882,998,434
1493,1,Fast,0.35776251554489136,954,483
1494,1,Fast,0.8594085574150085,732,803
1494,1,Fast,0.8444113731384277,804,572
1494,1,Fast,0.7902643084526062,822,539
1494,1,Fast,0.5872625112533569,996,435
1494,1,Fast,0.5079119801521301,908,600
1494,1,Fast,0.4986114501953125,720,770
1495,1,Fast,0.8641056418418884,737,799
1495,1,Fast,0.8326085805892944,800,576
1495,1,Fast,0.8115596771240234,819,541
1495,2,Slow,0.6056298613548279,1147,446
1495,1,Fast,0.5125954747200012,994,437
1495,1,Fast,0.34882014989852905,913,596
1495,1,Fast,0.3335918188095093,947,488
1496,1,Fast,0.8431093096733093,741,795
1496,1,Fast,0.7886818647384644,815,543
1496,2,Slow,0.781215250492096,1150,444
1496,1,Fast,0.5573548078536987,992,439
1496,1,Fast,0.46167051792144775,795,579
1497,1,Fast,0.8525777459144592,747,790
1497,1,Fast,0.7228127717971802,810,546
1497,1,Fast,0.6416879296302795,789,582
1497,2,Slow,0.5009510517120361,1153,442
1497,1,Fast,0.41033807396888733,990,440
1498,1,Fast,0.8445868492126465,752,787
1498,1,Fast,0.844434916973114,783,586
1498,1,Fast,0.8313391804695129,806,548
1498,1,Fast,0.6286554336547852,936,496
1498,1,Fast,0.614902675151825,986,442
1498,2,Slow,0.43234559893608093,1154,441
1499,1,Fast,0.8539786338806152,755,783
1499,1,Fast,0.761413037776947,802,551
1499,1,Fast,0.6322884559631348,983,443
1499,2,Slow,0.48581886291503906,1158,438
1499,1,Fast,0.4051063656806946,779,589
1499,1,Fast,0.367558091878891,936,580
1499,1,Fast,0.3507097363471985,473,1011
1499,1,Fast,0.30458083748817444,931,498
1500,1,Fast,0.8321745991706848,759,780
1500,1,Fast,0.5488712787628174,927,501
1500,1,Fast,0.5435197353363037,484,1004
1500,1,Fast,0.5280167460441589,797,554
1500,1,Fast,0.4156090319156647,980,445
1500,1,Fast,0.311971515417099,758,742
1500,1,Fast,0.31134548783302307,774,592
1501,1,Fast,0.8051667213439941,763,776
1501,1,Fast,0.7736775875091553,793,555
1501,1,Fast,0.5284930467605591,978,446
1501,1,Fast,0.4460923969745636,923,503
1501,1,Fast,0.3243531584739685,492,999
1501,1,Fast,0.3160265386104584,768,595
1502,1,Fast,0.8545176982879639,790,557
1502,1,Fast,0.8267117738723755,762,598
1502,1,Fast,0.7508968114852905,766,773
1502,1,Fast,0.688776433467865,919,505
1503,1,Fast,0.8109255433082581,786,560
1503,1,Fast,0.7643442749977112,755,601
1503,1,Fast,0.7527669668197632,773,769
1503,1,Fast,0.7179965376853943,914,508
1503,2,Slow,0.5372028350830078,1166,431
1503,1,Fast,0.3504411578178406,956,563
1504,1,Fast,0.8714505434036255,781,563
1504,1,Fast,0.7673413753509521,750,605
1504,1,Fast,0.7593648433685303,780,764
1504,1,Fast,0.7529007792472839,910,510
1504,2,Slow,0.445597380399704,1168,430
1505,1,Fast,0.8501930832862854,744,609
1505,1,Fast,0.831499457359314,777,565
1505,1,Fast,0.7976396679878235,906,512
1505,1,Fast,0.7761059403419495,784,760
1505,1,Fast,0.5690532326698303,966,453
1505,2,Slow,0.3324303925037384,1170,428
1506,1,Fast,0.847909152507782,738,613
1506,1,Fast,0.8301169276237488,773,567
1506,1,Fast,0.8037455081939697,789,756
1506,1,Fast,0.7828997373580933,902,515
1506,1,Fast,0.6276044845581055,964,455
1507,1,Fast,0.8711259961128235,733,616
1507,1,Fast,0.8628318309783936,769,570
1507,1,Fast,0.8018521666526794,793,753
1507,1,Fast,0.7907178401947021,897,518
1508,1,Fast,0.8035704493522644,797,750
1508,1,Fast,0.8019097447395325,764,573
1508,1,Fast,0.7574875354766846,728,620
1508,1,Fast,0.7309061288833618,893,521
1508,1,Fast,0.6967064738273621,957,458
1509,1,Fast,0.8779987096786499,759,576
1509,1,Fast,0.8700131773948669,721,624
1509,1,Fast,0.8265898823738098,800,747
1509,1,Fast,0.7839726805686951,889,525
1509,1,Fast,0.7301416397094727,954,460
1510,1,Fast,0.8542138338088989,754,579
1510,1,Fast,0.8197329640388489,885,527
1510,1,Fast,0.8178104162216187,804,743
1510,1,Fast,0.8128793835639954,716,627
1510,1,Fast,0.7557451128959656,952,461
1510,1,Fast,0.5371898412704468,991,538
1511,1,Fast,0.83698570728302,809,740
1511,1,Fast,0.8345726132392883,709,631
1511,1,Fast,0.7736119627952576,751,581
1511,1,Fast,0.7407762408256531,949,463
1511,1,Fast,0.528031587600708,882,530
1512,1,Fast,0.8337348103523254,814,736
1512,1,Fast,0.7306888103485107,878,533
1512,1,Fast,0.7113596200942993,946,465
1512,1,Fast,0.7054914236068726,746,584
1512,1,Fast,0.6383695602416992,704,635
1513,1,Fast,0.8335120677947998,818,732
1513,1,Fast,0.7950574159622192,874,535
1513,1,Fast,0.7068382501602173,944,467
1513,1,Fast,0.6530500054359436,742,586
1513,1,Fast,0.37371888756752014,697,639
1514,1,Fast,0.7327477931976318,941,468
1514,1,Fast,0.7305309772491455,823,729
1514,1,Fast,0.7246520519256592,690,643
1515,1,Fast,0.8744226098060608,684,647
1515,1,Fast,0.7723955512046814,938,470
1515,1,Fast,0.7666423916816711,827,726
1515,1,Fast,0.5200178623199463,864,541
1515,1,Fast,0.45715221762657166,733,591
1515,2,Slow,0.41975319385528564,1193,409
1516,1,Fast,0.8367264866828918,677,651
1516,1,Fast,0.796731173992157,832,722
1516,1,Fast,0.7674329280853271,935,471
1516,1,Fast,0.6047874093055725,859,544
1516,1,Fast,0.49404793977737427,730,593
1516,2,Slow,0.38952746987342834,1195,407
1517,1,Fast,0.8756259083747864,671,655
1517,1,Fast,0.8259416818618774,836,719
1517,1,Fast,0.807466447353363,932,473
1517,1,Fast,0.7081041932106018,723,597
1517,1,Fast,0.517512321472168,854,547
1517,1,Fast,0.49945640563964844,417,991
1518,1,Fast,0.8736772537231445,664,658
1518,1,Fast,0.8437836170196533,719,599
1518,1,Fast,0.8251718878746033,930,475
1518,1,Fast,0.7696605920791626,840,716
1518,1,Fast,0.7579987049102783,428,982
1518,1,Fast,0.3774174153804779,849,550
1519,1,Fast,0.8702784776687622,657,663
1519,1,Fast,0.8657968044281006,716,602
1519,1,Fast,0.8246014714241028,844,712
1519,1,Fast,0.7741948366165161,845,553
1519,1,Fast,0.6760938167572021,926,477
1520,1,Fast,0.8622411489486694,848,709
1520,1,Fast,0.8596740365028381,651,667
1520,1,Fast,0.8371347784996033,710,605
1520,1,Fast,0.8045973181724548,840,555
1520,1,Fast,0.7044504880905151,268,943
1520,1,Fast,0.5067947506904602,923,479
1521,1,Fast,0.8747047781944275,251,954
1521,1,Fast,0.8232190608978271,853,705
1521,1,Fast,0.8164226412773132,644,673
1521,1,Fast,0.7543516755104065,705,608
1521,1,Fast,0.6402291059494019,835,558
1522,1,Fast,0.8354379534721375,830,562
1522,1,Fast,0.8133891224861145,636,676
1522,1,Fast,0.7845491170883179,857,702
1522,1,Fast,0.679854691028595,700,612
1522,1,Fast,0.6556605696678162,916,483
1523,1,Fast,0.8432812690734863,913,486
1523,1,Fast,0.835201621055603,826,564
1523,1,Fast,0.8046812415122986,629,680
1523,1,Fast,0.7915242314338684,862,699
1523,1,Fast,0.44276943802833557,694,614
1524,1,Fast,0.8363801836967468,910,488
1524,1,Fast,0.8257755637168884,865,696
1524,1,Fast,0.8144595623016357,622,685
1524,1,Fast,0.7853632569313049,820,568
1524,1,Fast,0.6885514855384827,691,617
1525,1,Fast,0.860444962978363,615,689
1525,1,Fast,0.8564415574073792,906,490
1525,1,Fast,0.8229238986968994,870,693
1525,1,Fast,0.757320761680603,814,571
1525,1,Fast,0.7143405079841614,685,620
1525,0,VRU,0.5551483631134033,1056,490
1525,1,Fast,0.5090884566307068,665,867
1526,1,Fast,0.8722060918807983,608,693
1526,1,Fast,0.8406153917312622,873,689
1526,1,Fast,0.8078428506851196,809,574
1526,1,Fast,0.8053300976753235,903,492
1526,1,Fast,0.6504828929901123,681,623
1527,1,Fast,0.8478450179100037,876,687
1527,1,Fast,0.8221526145935059,899,494
1527,1,Fast,0.8142271041870117,599,699
1527,1,Fast,0.7369328141212463,676,626
1527,1,Fast,0.4476185142993927,804,577
1528,1,Fast,0.8652216792106628,592,703
1528,1,Fast,0.8036028146743774,880,684
1528,1,Fast,0.6773874163627625,671,629
1528,1,Fast,0.34887009859085083,896,496
1528,2,Slow,0.3004111349582672,895,496
1529,1,Fast,0.8459267616271973,584,708
1529,1,Fast,0.812984824180603,883,680
1529,1,Fast,0.7575573325157166,665,632
1529,1,Fast,0.5776160955429077,794,584
1529,2,Slow,0.5459432601928711,1221,385
1529,1,Fast,0.41462865471839905,892,497
1530,1,Fast,0.8541058301925659,577,712
1530,1,Fast,0.7738657593727112,660,636
1530,1,Fast,0.771689236164093,887,678
1530,1,Fast,0.7380445003509521,787,588
1530,2,Slow,0.5822632908821106,1224,384
1530,1,Fast,0.4726385474205017,889,499
1531,1,Fast,0.8732342720031738,568,717
1531,1,Fast,0.7905662655830383,782,591
1531,1,Fast,0.7819990515708923,655,638
1531,1,Fast,0.7128547430038452,885,502
1531,1,Fast,0.6462422013282776,892,675
1531,2,Slow,0.5229471921920776,1226,383
1532,1,Fast,0.8704890012741089,560,722
1532,1,Fast,0.7859438061714172,777,594
1532,1,Fast,0.7819309234619141,895,672
1532,1,Fast,0.7149659395217896,882,504
1532,1,Fast,0.6057444214820862,649,642
1533,1,Fast,0.7669460773468018,553,727
1533,1,Fast,0.7303478121757507,878,507
1533,1,Fast,0.7113484740257263,899,669
1533,1,Fast,0.5410112738609314,644,645
1534,1,Fast,0.8698776960372925,544,733
1534,1,Fast,0.8259289264678955,875,509
1534,1,Fast,0.8019629716873169,901,666
1534,1,Fast,0.7277385592460632,766,602
1534,1,Fast,0.6072577238082886,639,648
1535,1,Fast,0.8391360640525818,536,738
1535,1,Fast,0.8257601857185364,904,664
1535,1,Fast,0.7890734076499939,633,651
1535,1,Fast,0.7862387299537659,760,605
1535,1,Fast,0.7673214077949524,872,510
1535,1,Fast,0.45839276909828186,725,821
1536,1,Fast,0.8409041166305542,909,661
1536,1,Fast,0.8290485739707947,755,609
1536,1,Fast,0.7478713989257812,868,512
1536,1,Fast,0.7393981218338013,628,655
1536,1,Fast,0.6607023477554321,528,744
1536,1,Fast,0.31946107745170593,731,817
1537,1,Fast,0.8674564957618713,518,748
1537,1,Fast,0.7848091125488281,912,658
1537,1,Fast,0.7799989581108093,864,515
1537,1,Fast,0.7208655476570129,749,613
1537,1,Fast,0.5889699459075928,623,658
1538,1,Fast,0.8278698921203613,861,518
1538,1,Fast,0.7973402738571167,617,662
1538,1,Fast,0.7894943356513977,509,754
1538,1,Fast,0.7604460120201111,743,616
1538,1,Fast,0.711667001247406,916,655
1538,1,Fast,0.484999418258667,912,509
1538,2,Slow,0.33274686336517334,1239,372
1539,1,Fast,0.8761449456214905,857,519
1539,1,Fast,0.8343667984008789,501,759
1539,1,Fast,0.7905808091163635,612,664
1539,1,Fast,0.7069150805473328,920,653
1539,1,Fast,0.6962605118751526,736,620
1539,2,Slow,0.36595332622528076,1241,370
1540,1,Fast,0.842721164226532,491,765
1540,1,Fast,0.8288871049880981,854,522
1540,1,Fast,0.8211249709129333,605,668
1540,1,Fast,0.7535647749900818,924,651
1540,1,Fast,0.7453125715255737,730,624
1540,2,Slow,0.4148227870464325,1244,369
1541,1,Fast,0.8380674719810486,482,771
1541,1,Fast,0.7780783772468567,849,524
1541,1,Fast,0.755369246006012,600,671
1541,1,Fast,0.7543124556541443,724,628
1541,1,Fast,0.6750656366348267,928,648
1542,1,Fast,0.8409942388534546,472,776
1542,1,Fast,0.8206985592842102,595,675
1542,1,Fast,0.7779287099838257,718,632
1542,1,Fast,0.770235538482666,845,527
1542,1,Fast,0.7375083565711975,931,645
1543,1,Fast,0.8483661413192749,462,783
1543,1,Fast,0.8199477195739746,588,679
1543,1,Fast,0.8066310286521912,711,636
1543,1,Fast,0.6779639720916748,934,643
1543,1,Fast,0.6360422968864441,842,529
1544,1,Fast,0.8551929593086243,452,789
1544,1,Fast,0.820059597492218,582,682
1544,1,Fast,0.7674802541732788,705,640
1544,1,Fast,0.6452513337135315,887,527
1544,1,Fast,0.6437957286834717,936,640
1544,1,Fast,0.4653639495372772,838,531
1545,1,Fast,0.864414632320404,698,644
1545,1,Fast,0.8266377449035645,442,795
1545,1,Fast,0.810357928276062,576,685
1545,1,Fast,0.7489727139472961,883,529
1545,1,Fast,0.6894330978393555,939,637
1545,1,Fast,0.3484170138835907,834,534
1546,1,Fast,0.8566882014274597,691,649
1546,1,Fast,0.7838850617408752,570,688
1546,1,Fast,0.7361479997634888,943,635
1546,1,Fast,0.7075269222259521,431,800
1546,1,Fast,0.6745179891586304,878,533
1546,1,Fast,0.5716173648834229,830,536
1547,1,Fast,0.8401573300361633,686,653
1547,1,Fast,0.804009199142456,421,807
1547,1,Fast,0.7606045007705688,563,693
1547,1,Fast,0.7416670918464661,876,535
1547,1,Fast,0.6056909561157227,946,632
1547,1,Fast,0.4764631390571594,827,537
1548,1,Fast,0.866923987865448,678,657
1548,1,Fast,0.822446346282959,558,696
1548,1,Fast,0.8205163478851318,411,813
1548,1,Fast,0.5341882705688477,822,540
1548,1,Fast,0.4406769275665283,949,629
1549,1,Fast,0.8409379720687866,670,662
1549,1,Fast,0.8118327260017395,551,700
1549,1,Fast,0.4903547763824463,401,819
1549,1,Fast,0.4826658070087433,818,542
1550,1,Fast,0.859618067741394,663,665
1550,1,Fast,0.8345096707344055,544,703
1550,1,Fast,0.7814286947250366,390,825
1550,1,Fast,0.7315126657485962,815,545
1550,0,VRU,0.4823596179485321,1323,307
1550,1,Fast,0.41846340894699097,860,543
1550,2,Slow,0.3024490177631378,1259,355
1551,1,Fast,0.8352376222610474,655,670
1551,1,Fast,0.828255295753479,537,708
1551,1,Fast,0.7331994771957397,810,548
1551,1,Fast,0.6161820888519287,377,831
1551,1,Fast,0.45965448021888733,958,622
1551,0,VRU,0.3808659613132477,1323,306
1552,1,Fast,0.8478245735168457,530,711
1552,1,Fast,0.8309496641159058,648,674
1552,1,Fast,0.7609002590179443,366,838
1552,1,Fast,0.7003619074821472,962,619
1552,1,Fast,0.6050125956535339,806,550
1552,0,VRU,0.4368176758289337,1324,305
1553,1,Fast,0.8716119527816772,641,679
1553,1,Fast,0.8263912200927734,524,715
1553,1,Fast,0.761117696762085,802,553
1553,1,Fast,0.7366284132003784,964,617
1553,2,Slow,0.48215290904045105,1252,387
1553,1,Fast,0.3020799458026886,355,845
1554,1,Fast,0.8542002439498901,635,683
1554,1,Fast,0.8504211902618408,517,719
1554,1,Fast,0.8226434588432312,967,614
1554,1,Fast,0.7020798325538635,798,555
1554,1,Fast,0.6099104285240173,343,852
1554,2,Slow,0.45519647002220154,1253,386
1554,2,Slow,0.4431353509426117,1163,332
1555,1,Fast,0.8528696894645691,627,688
1555,1,Fast,0.8497112989425659,510,723
1555,1,Fast,0.8134076595306396,332,859
1555,1,Fast,0.7824628949165344,971,612
1555,1,Fast,0.6821551322937012,793,557
1556,1,Fast,0.8809707760810852,619,692
1556,1,Fast,0.8693235516548157,321,865
1556,1,Fast,0.8576430082321167,504,727
1556,1,Fast,0.770634114742279,973,610
1556,1,Fast,0.6194179654121399,831,564
1556,1,Fast,0.6113477349281311,789,560
1557,1,Fast,0.8799713253974915,613,696
1557,1,Fast,0.8665873408317566,497,730
1557,1,Fast,0.806246280670166,310,871
1557,1,Fast,0.5816099047660828,977,608
1558,1,Fast,0.8885872960090637,604,702
1558,1,Fast,0.8548771739006042,490,735
1558,1,Fast,0.6588122844696045,298,878
1558,1,Fast,0.6448668241500854,980,605
1558,2,Slow,0.4545896351337433,780,565
1559,1,Fast,0.8655335307121277,596,707
1559,1,Fast,0.8498889803886414,483,739
1559,2,Slow,0.8049963116645813,775,568
1559,1,Fast,0.7351212501525879,285,886
1559,1,Fast,0.6830326914787292,983,603
1560,1,Fast,0.859258770942688,589,711
1560,1,Fast,0.8336457014083862,476,743
1560,1,Fast,0.7942746877670288,273,893
1560,2,Slow,0.7304844260215759,772,570
1560,1,Fast,0.6698954701423645,987,600
1560,1,Fast,0.5363185405731201,1036,426
1560,2,Slow,0.41341447830200195,1261,378
1561,1,Fast,0.8839545845985413,580,716
1561,1,Fast,0.8393872380256653,469,747
1561,1,Fast,0.741073489189148,991,598
1561,2,Slow,0.69968581199646,768,573
1561,1,Fast,0.46886876225471497,260,901
1561,1,Fast,0.39546698331832886,1033,428
1562,1,Fast,0.8759080171585083,572,721
1562,1,Fast,0.8645643591880798,462,752
1562,1,Fast,0.7372294664382935,992,595
1562,1,Fast,0.7010147571563721,246,907
1562,1,Fast,0.6040748953819275,762,576
1563,1,Fast,0.8769168257713318,564,726
1563,1,Fast,0.8703818321228027,455,756
1563,1,Fast,0.6626174449920654,758,578
1563,1,Fast,0.620427131652832,1027,432
1563,1,Fast,0.5615682601928711,995,594
1563,1,Fast,0.514270007610321,234,916
1564,1,Fast,0.8797134757041931,554,731
1564,1,Fast,0.8740182518959045,447,761
1564,1,Fast,0.8128727078437805,219,924
1564,1,Fast,0.5857198238372803,753,582
1564,1,Fast,0.5030974745750427,1023,434
1564,1,Fast,0.39841511845588684,998,591
1565,1,Fast,0.8886532783508301,546,736
1565,1,Fast,0.8726266622543335,206,932
1565,1,Fast,0.8234451413154602,439,765
1565,1,Fast,0.6626141667366028,749,584
1565,1,Fast,0.3082917034626007,1021,436
1566,1,Fast,0.8725947141647339,537,742
1566,1,Fast,0.8702225089073181,431,770
1566,1,Fast,0.7724096179008484,192,940
1566,1,Fast,0.459532767534256,1018,438
1566,1,Fast,0.3783978521823883,1003,587
1566,1,Fast,0.3528970777988434,745,587
1567,1,Fast,0.8770084977149963,529,747
1567,1,Fast,0.8717796206474304,424,774
1567,2,Slow,0.600188136100769,1268,372
1567,1,Fast,0.5810860395431519,739,590
1567,1,Fast,0.4944131374359131,179,948
1567,1,Fast,0.4205716550350189,1007,585
1567,1,Fast,0.41449353098869324,1016,441
1568,1,Fast,0.8868151307106018,520,753
1568,1,Fast,0.8719683885574341,415,779
1568,1,Fast,0.6472242474555969,734,593
1568,1,Fast,0.5056111812591553,1013,443
1568,1,Fast,0.4526779055595398,1009,582
1568,2,Slow,0.35394081473350525,1269,371
1569,1,Fast,0.8934730887413025,511,758
1569,1,Fast,0.8794224858283997,408,783
1569,1,Fast,0.6422654986381531,1012,580
1569,2,Slow,0.4639997184276581,1271,370
1570,1,Fast,0.9003854990005493,501,764
1570,1,Fast,0.8683421611785889,399,788
1570,1,Fast,0.6839841604232788,1014,577
1570,1,Fast,0.363894522190094,1004,447
1570,1,Fast,0.35522231459617615,726,598
1570,0,VRU,0.31200262904167175,5,173
1571,1,Fast,0.8838328719139099,491,770
1571,1,Fast,0.8670379519462585,391,792
1571,1,Fast,0.8234823346138,1016,575
1571,1,Fast,0.6749727129936218,1002,449
1571,2,Slow,0.3399495780467987,721,602
1571,0,VRU,0.3093380033969879,4,173
1572,1,Fast,0.8856899738311768,482,775
1572,1,Fast,0.8671976923942566,381,797
1572,1,Fast,0.8316280245780945,1019,573
1572,1,Fast,0.6938707232475281,101,992
1572,1,Fast,0.6410850286483765,999,451
1573,1,Fast,0.8849130272865295,472,780
1573,1,Fast,0.8464674353599548,1022,571
1573,1,Fast,0.808139979839325,374,802
1573,1,Fast,0.6748162508010864,87,1000
1573,1,Fast,0.5327048301696777,330,1058
1573,0,VRU,0.3423396050930023,4,174
1573,2,Slow,0.32578274607658386,712,606
1574,1,Fast,0.8794330954551697,463,787
1574,1,Fast,0.8726572394371033,70,1010
1574,1,Fast,0.8308824300765991,366,806
1574,1,Fast,0.7781746983528137,1024,569
1574,0,VRU,0.3129889667034149,4,174
1575,1,Fast,0.8849748969078064,451,793
1575,1,Fast,0.8486127257347107,357,812
1575,1,Fast,0.8046635389328003,55,1019
1575,1,Fast,0.7894080281257629,1027,566
1575,2,Slow,0.401073694229126,359,1042
1576,1,Fast,0.8830810785293579,441,799
1576,1,Fast,0.8557206988334656,349,817
1576,1,Fast,0.8512465357780457,1030,564
1576,1,Fast,0.41668394207954407,986,461
1576,1,Fast,0.35882794857025146,695,616
1577,1,Fast,0.8859837055206299,431,805
1577,1,Fast,0.8321874141693115,340,821
1577,1,Fast,0.7180031538009644,1032,562
1577,1,Fast,0.6652249693870544,982,462
1578,1,Fast,0.8781710863113403,420,812
1578,1,Fast,0.8525089621543884,331,826
1578,1,Fast,0.7023189067840576,978,464
1578,1,Fast,0.602141797542572,1037,560
1579,1,Fast,0.8883801102638245,410,818
1579,1,Fast,0.8508516550064087,322,832
1579,2,Slow,0.7027948498725891,1040,558
1579,1,Fast,0.3425859212875366,412,1007
1580,1,Fast,0.8891234993934631,399,824
1580,1,Fast,0.8684672713279724,313,836
1580,1,Fast,0.44947806000709534,1041,557
1580,2,Slow,0.3010733723640442,1041,557
1581,1,Fast,0.907345712184906,388,831
1581,1,Fast,0.8833268284797668,304,842
1581,1,Fast,0.6723888516426086,1045,555
1581,0,VRU,0.4102434813976288,1223,365
1581,1,Fast,0.37109866738319397,967,472
1581,1,Fast,0.3477559983730316,434,989
1582,1,Fast,0.8992664217948914,377,838
1582,1,Fast,0.8767865300178528,294,847
1582,1,Fast,0.7660199403762817,1046,552
1582,2,Slow,0.4450077414512634,661,635
1582,1,Fast,0.3616073727607727,447,980
1583,1,Fast,0.8997817635536194,365,845
1583,1,Fast,0.8768236041069031,285,851
1583,1,Fast,0.7418026328086853,1048,550
1583,1,Fast,0.7017737030982971,460,972
1583,1,Fast,0.43325868248939514,959,476
1583,2,Slow,0.36323872208595276,658,638
1584,1,Fast,0.8934317827224731,354,852
1584,1,Fast,0.8778817653656006,275,857
1584,1,Fast,0.7962915301322937,472,964
1584,1,Fast,0.7338588237762451,1050,548
1584,1,Fast,0.6366737484931946,955,479
1585,1,Fast,0.9052886366844177,340,860
1585,1,Fast,0.8763624429702759,266,863
1585,1,Fast,0.7394602298736572,1052,546
1585,1,Fast,0.5020785927772522,483,955
1585,1,Fast,0.34452012181282043,645,645
1585,0,VRU,0.3405687212944031,1230,359
1586,1,Fast,0.8927900791168213,328,867
1586,1,Fast,0.8675231337547302,257,868
1586,1,Fast,0.7647280097007751,1054,544
1586,1,Fast,0.698296070098877,347,990
1587,1,Fast,0.8983629941940308,318,874
1587,1,Fast,0.8658943772315979,247,873
1587,1,Fast,0.8634800910949707,365,977
1587,1,Fast,0.7677434086799622,505,937
1587,1,Fast,0.7242258191108704,1057,542
1587,0,VRU,0.5381056070327759,1234,356
1588,1,Fast,0.893997073173523,306,881
1588,1,Fast,0.8640093207359314,236,879
1588,1,Fast,0.8107538223266602,383,965
1588,1,Fast,0.7984582781791687,1058,541
1588,1,Fast,0.7654683589935303,516,931
1588,0,VRU,0.41672664880752563,1237,354
1589,1,Fast,0.898757815361023,292,888
1589,1,Fast,0.8626784086227417,226,885
1589,1,Fast,0.7014978528022766,526,924
1589,1,Fast,0.5580723285675049,1061,538
1589,1,Fast,0.3298007547855377,623,657
1590,1,Fast,0.9015345573425293,280,896
1590,1,Fast,0.8655049204826355,216,891
1590,1,Fast,0.8476421236991882,537,916
1590,1,Fast,0.7086262702941895,1064,537
1590,1,Fast,0.60201495885849,423,942
1590,1,Fast,0.5928916335105896,933,493
1590,1,Fast,0.5921627879142761,617,660
1591,1,Fast,0.9020256996154785,265,904
1591,1,Fast,0.8449864387512207,206,896
1591,1,Fast,0.8359931111335754,548,909
1591,1,Fast,0.7903239727020264,1067,535
1591,1,Fast,0.6138407588005066,612,664
1591,1,Fast,0.34432241320610046,437,932
1592,1,Fast,0.8971747159957886,253,911
1592,1,Fast,0.823203444480896,606,668
1592,1,Fast,0.8017794489860535,195,903
1592,1,Fast,0.7986265420913696,557,902
1592,1,Fast,0.7659122347831726,590,709
1592,1,Fast,0.621667206287384,1068,534
1593,1,Fast,0.8966463208198547,239,919
1593,1,Fast,0.8344449996948242,183,910
1593,1,Fast,0.8060969114303589,599,672
1593,1,Fast,0.7917912006378174,567,894
1593,1,Fast,0.6844094395637512,579,713
1593,1,Fast,0.3173142969608307,1070,531
1594,1,Fast,0.8932145237922668,225,928
1594,1,Fast,0.8213019371032715,592,675
1594,1,Fast,0.6987560391426086,172,916
1594,1,Fast,0.6816675662994385,572,718
1594,1,Fast,0.48602068424224854,578,887
1594,1,Fast,0.3652629852294922,1073,530
1595,1,Fast,0.9003119468688965,210,936
1595,1,Fast,0.8574376106262207,563,723
1595,1,Fast,0.8086879849433899,586,678
1595,1,Fast,0.6742342114448547,162,922
1595,2,Slow,0.3398507535457611,1076,528
1595,1,Fast,0.3146507441997528,587,879
1596,1,Fast,0.8911365866661072,195,945
1596,1,Fast,0.8303801417350769,580,682
1596,1,Fast,0.7932785153388977,555,728
1596,1,Fast,0.7604709267616272,150,928
1596,2,Slow,0.6250019073486328,1079,526
1596,1,Fast,0.34826263785362244,598,872
1597,1,Fast,0.9059953093528748,182,953
1597,1,Fast,0.8535793423652649,606,865
1597,1,Fast,0.8352895975112915,573,687
1597,1,Fast,0.7770131230354309,138,935
1597,1,Fast,0.7376394271850586,544,736
1597,2,Slow,0.5133545994758606,1082,524
1598,1,Fast,0.9002813100814819,166,962
1598,1,Fast,0.8600512742996216,566,690
1598,1,Fast,0.8056814670562744,616,859
1598,1,Fast,0.6516565084457397,537,742
1598,1,Fast,0.6302917003631592,127,942
1598,1,Fast,0.5840665698051453,536,860
1598,2,Slow,0.3926524519920349,1083,522
1598,1,Fast,0.3241511881351471,1083,522
1599,1,Fast,0.8998975157737732,151,971
1599,1,Fast,0.8794869184494019,560,694
1599,2,Slow,0.6853733062744141,1085,521
1599,1,Fast,0.5904111862182617,116,948
1599,1,Fast,0.49093273282051086,529,747
1600,1,Fast,0.9023740291595459,136,980
1600,1,Fast,0.8727667331695557,554,698
1600,1,Fast,0.8248377442359924,519,753
1600,1,Fast,0.6978362202644348,564,842
1600,2,Slow,0.5849307775497437,1087,519
1600,1,Fast,0.3234608471393585,633,845
1601,1,Fast,0.8901209235191345,120,990
1601,1,Fast,0.8748799562454224,547,702
1601,1,Fast,0.7920118570327759,510,759
1601,2,Slow,0.35163190960884094,1088,517
1602,1,Fast,0.8763037919998169,103,999
1602,1,Fast,0.8711215853691101,541,706
1602,1,Fast,0.8496512770652771,501,765
1602,1,Fast,0.6120848655700684,589,823
1602,2,Slow,0.34904593229293823,1091,515
1603,1,Fast,0.8902278542518616,534,710
1603,1,Fast,0.8589814901351929,89,1007
1603,1,Fast,0.8152181506156921,490,771
1603,2,Slow,0.5158888101577759,1094,513
1603,1,Fast,0.3032677173614502,992,595
1604,1,Fast,0.8810036182403564,527,713
1604,1,Fast,0.8019432425498962,72,1018
1604,1,Fast,0.7829601764678955,482,776
1604,1,Fast,0.6994168758392334,872,533
1604,2,Slow,0.6570303440093994,1096,511
1604,1,Fast,0.34424248337745667,616,806
1605,1,Fast,0.8840841054916382,521,718
1605,1,Fast,0.8100745677947998,470,782
1605,1,Fast,0.8042135238647461,56,1028
1605,2,Slow,0.6762319803237915,1098,509
1605,1,Fast,0.4792806804180145,867,535
1606,1,Fast,0.8878241181373596,513,722
1606,1,Fast,0.7623293995857239,460,789
1606,2,Slow,0.6038957834243774,1100,508
1606,1,Fast,0.35743939876556396,44,1039
1606,1,Fast,0.3306228220462799,640,789
1607,1,Fast,0.8825197815895081,505,726
1607,2,Slow,0.6151414513587952,1102,506
1608,1,Fast,0.8835699558258057,498,730
1608,1,Fast,0.4992687702178955,1103,504
1608,2,Slow,0.33100876212120056,1103,504
1609,1,Fast,0.8717076182365417,491,734
1609,2,Slow,0.7901349067687988,1105,503
1609,1,Fast,0.3130476176738739,848,547
1610,1,Fast,0.8729947805404663,482,739
1610,2,Slow,0.48215168714523315,1107,501
1610,1,Fast,0.36626535654067993,1107,501
1611,1,Fast,0.8638593554496765,475,743
1611,1,Fast,0.38505640625953674,1110,499
1612,1,Fast,0.8679290413856506,468,748
1612,1,Fast,0.53537917137146,834,558
1612,2,Slow,0.34006598591804504,1112,498
1613,1,Fast,0.8650620579719543,460,753
1613,1,Fast,0.6288544535636902,829,561
1613,2,Slow,0.6191353797912598,1113,496
1614,1,Fast,0.8568421602249146,451,757
1614,1,Fast,0.6237487196922302,822,565
1614,2,Slow,0.5282888412475586,1115,495
1615,1,Fast,0.8439671993255615,443,761
1615,2,Slow,0.4446468651294708,1118,493
1615,1,Fast,0.42255979776382446,818,568
1616,1,Fast,0.8322290778160095,435,766
1616,1,Fast,0.765242338180542,812,571
1616,2,Slow,0.5109186768531799,1120,491
1616,1,Fast,0.35185348987579346,344,855
1617,1,Fast,0.8454833030700684,427,770
1617,2,Slow,0.8244861960411072,1123,489
1618,1,Fast,0.8490232825279236,419,775
1618,2,Slow,0.8279156684875488,1126,488
1619,1,Fast,0.8589597940444946,411,781
1619,2,Slow,0.7518771886825562,1128,486
1619,1,Fast,0.3287607729434967,283,1062
1620,1,Fast,0.852394163608551,403,785
1620,1,Fast,0.6347635388374329,306,1056
1620,2,Slow,0.5373033881187439,1129,484
1621,1,Fast,0.8706893920898438,395,789
1621,1,Fast,0.7823327779769897,322,1049
1621,1,Fast,0.4460497498512268,350,1070
1622,1,Fast,0.8161212801933289,386,794
1622,1,Fast,0.76320880651474,342,1043
1622,1,Fast,0.6304780840873718,363,1064
1623,1,Fast,0.8577861189842224,358,1033
1623,1,Fast,0.8524512648582458,377,799
1623,1,Fast,0.7067426443099976,379,1058
1624,1,Fast,0.8481602072715759,369,804
1624,1,Fast,0.8225556015968323,374,1023
1624,1,Fast,0.8144025206565857,392,1055
1625,1,Fast,0.8700487613677979,389,1010
1625,1,Fast,0.8619115948677063,416,1049
1625,1,Fast,0.8428788185119629,361,809
1626,1,Fast,0.8678123950958252,403,1000
1626,1,Fast,0.8643798828125,429,1043
1626,1,Fast,0.8631755113601685,351,814
1627,1,Fast,0.8777799606323242,417,991
1627,1,Fast,0.8772993087768555,442,1033
1627,1,Fast,0.8663020730018616,342,819
1628,1,Fast,0.8891870975494385,454,1023
1628,1,Fast,0.8832776546478271,431,980
1628,1,Fast,0.8049717545509338,333,825
1629,1,Fast,0.8890145421028137,446,970
1629,1,Fast,0.8860889077186584,466,1014
1629,1,Fast,0.8099678754806519,323,830
1630,1,Fast,0.8849178552627563,478,1005
1630,1,Fast,0.8772516250610352,459,961
1630,1,Fast,0.7913166284561157,314,835
1631,1,Fast,0.8945991396903992,472,951
1631,1,Fast,0.8897078037261963,489,996
1631,1,Fast,0.819583535194397,306,840
1632,1,Fast,0.8890812397003174,503,986
1632,1,Fast,0.8727120757102966,485,941
1632,1,Fast,0.8340254426002502,295,846
1633,1,Fast,0.8790814876556396,499,933
1633,1,Fast,0.8713088631629944,514,977
1633,1,Fast,0.8540465235710144,287,851
1634,1,Fast,0.8780326247215271,511,923
1634,1,Fast,0.856425940990448,525,970
1634,1,Fast,0.8355656862258911,276,857
1634,1,Fast,0.5133898854255676,703,640
1634,1,Fast,0.39681872725486755,1154,463
1635,1,Fast,0.8727157115936279,524,916
1635,1,Fast,0.8597592115402222,536,961
1635,1,Fast,0.7946508526802063,266,862
1636,1,Fast,0.8804062008857727,537,907
1636,1,Fast,0.8547584414482117,548,952
1636,1,Fast,0.828643798828125,256,868
1636,1,Fast,0.46383652091026306,1158,460
1637,1,Fast,0.8556704521179199,548,898
1637,1,Fast,0.8402661681175232,557,945
1637,1,Fast,0.7824991345405579,245,874
1637,1,Fast,0.4667005240917206,1160,458
1638,1,Fast,0.8822802901268005,560,890
1638,1,Fast,0.8571248650550842,569,937
1638,1,Fast,0.7266472578048706,234,879
1639,1,Fast,0.8828625679016113,571,882
1639,1,Fast,0.8095306158065796,222,885
1639,1,Fast,0.794642448425293,579,928
1640,1,Fast,0.8852360844612122,582,873
1640,1,Fast,0.8533841967582703,590,922
1640,1,Fast,0.7964282035827637,211,891
1640,1,Fast,0.4193548858165741,1166,455
1641,1,Fast,0.8757302761077881,593,865
1641,1,Fast,0.8595505356788635,599,914
1641,1,Fast,0.6027600765228271,200,898
1641,1,Fast,0.3985961675643921,1167,454
1642,1,Fast,0.8689630031585693,603,857
1642,1,Fast,0.8398748636245728,607,906
1642,1,Fast,0.5448342561721802,189,904
1642,1,Fast,0.4452587366104126,1169,453
1643,1,Fast,0.8797234892845154,615,848
1643,1,Fast,0.8354578018188477,618,898
1643,0,VRU,0.39301684498786926,1342,308
1644,1,Fast,0.8708439469337463,625,842
1644,1,Fast,0.8354136347770691,627,891
1644,1,Fast,0.6929942965507507,166,917
1645,1,Fast,0.8752660751342773,634,835
1645,1,Fast,0.8382043838500977,636,884
1645,1,Fast,0.6760340929031372,154,923
1646,1,Fast,0.8702993988990784,644,828
1646,1,Fast,0.8422003984451294,646,877
1646,1,Fast,0.7416272163391113,143,930
1646,1,Fast,0.4790405333042145,1175,446
1647,1,Fast,0.8632757067680359,654,821
1647,1,Fast,0.7625453472137451,654,870
1647,1,Fast,0.6633265614509583,1177,445
1647,1,Fast,0.6594529151916504,131,937
1647,0,VRU,0.3018859624862671,1346,305
1648,1,Fast,0.8773360252380371,664,814
1648,1,Fast,0.8348382115364075,661,863
1648,1,Fast,0.6857949495315552,118,944
1648,1,Fast,0.6447985172271729,1178,444
1649,1,Fast,0.880713939666748,674,806
1649,1,Fast,0.8292523622512817,672,856
1649,1,Fast,0.7112057209014893,590,711
1649,1,Fast,0.4896753132343292,1180,443
1649,1,Fast,0.43016231060028076,106,950
1650,1,Fast,0.8753947615623474,683,800
1650,1,Fast,0.832740306854248,680,850
1650,1,Fast,0.4278341829776764,1182,441
1651,1,Fast,0.8876951932907104,571,721
1651,1,Fast,0.8647788166999817,692,793
1651,1,Fast,0.8160203695297241,690,844
1651,1,Fast,0.7269567251205444,1184,440
1652,1,Fast,0.8713055849075317,701,786
1652,1,Fast,0.847486674785614,698,838
1652,1,Fast,0.7454124689102173,563,727
1652,1,Fast,0.39210858941078186,1186,438
1653,1,Fast,0.8694857358932495,709,780
1653,1,Fast,0.8429255485534668,706,832
1653,1,Fast,0.4322737753391266,553,733
1654,1,Fast,0.8633285760879517,718,774
1654,1,Fast,0.8409011363983154,713,826
1655,1,Fast,0.8688480257987976,727,768
1655,1,Fast,0.8454872369766235,721,818
1656,1,Fast,0.8476793766021729,736,761
1656,1,Fast,0.8314540982246399,728,812
1656,1,Fast,0.7869744896888733,526,750
1657,1,Fast,0.8472935557365417,516,756
1657,1,Fast,0.8450830578804016,744,757
1657,1,Fast,0.8210307955741882,735,806
1657,1,Fast,0.3061869144439697,1195,432
1658,1,Fast,0.8435965776443481,752,750
1658,1,Fast,0.8051155805587769,507,762
1658,1,Fast,0.8046339154243469,744,802
1659,1,Fast,0.8524384498596191,760,745
1659,1,Fast,0.8291277289390564,752,795
1659,1,Fast,0.7084825038909912,497,769
1659,1,Fast,0.39341503381729126,1198,430
1660,1,Fast,0.860721230506897,768,738
1660,1,Fast,0.8256141543388367,760,788
1660,1,Fast,0.3658026456832886,489,775
1660,1,Fast,0.34350332617759705,1200,428
1661,1,Fast,0.8546832799911499,776,733
1661,1,Fast,0.8262144327163696,766,784
1661,1,Fast,0.6527482867240906,1201,427
1661,1,Fast,0.616549015045166,478,781
1662,1,Fast,0.8497174978256226,783,727
1662,1,Fast,0.8473571538925171,464,788
1662,1,Fast,0.8342317938804626,771,779
1662,1,Fast,0.43708378076553345,1203,426
1663,1,Fast,0.8452807664871216,791,721
1663,1,Fast,0.8175846934318542,779,774
1663,1,Fast,0.6567296385765076,1204,425
1663,1,Fast,0.6168490648269653,454,794
1663,1,Fast,0.3287884593009949,872,512
1664,1,Fast,0.8533646464347839,799,716
1664,1,Fast,0.805486798286438,787,768
1664,1,Fast,0.5185582041740417,443,801
1664,1,Fast,0.3369608223438263,1205,424
1665,1,Fast,0.8585134744644165,806,710
1665,1,Fast,0.8316913843154907,794,762
1666,1,Fast,0.8579763174057007,813,705
1666,1,Fast,0.8177644610404968,801,757
1667,1,Fast,0.8532355427742004,818,701
1667,1,Fast,0.8230794072151184,808,751
1667,1,Fast,0.6274515390396118,409,822
1668,1,Fast,0.8672252893447876,397,828
1668,1,Fast,0.8450489044189453,825,695
1668,1,Fast,0.8199453949928284,815,745
1669,1,Fast,0.8626212477684021,387,835
1669,1,Fast,0.8466438055038452,834,690
1669,1,Fast,0.8324325680732727,820,741
1669,1,Fast,0.5404963493347168,1212,417
1670,1,Fast,0.8585505485534668,374,843
1670,1,Fast,0.8449205756187439,839,686
1670,1,Fast,0.8152869343757629,827,737
1670,1,Fast,0.6230534911155701,1214,416
1671,1,Fast,0.8851606249809265,361,850
1671,1,Fast,0.8514441251754761,845,681
1671,1,Fast,0.8084926605224609,832,731
1671,1,Fast,0.5394638180732727,1215,415
1672,1,Fast,0.882891833782196,349,857
1672,1,Fast,0.8509572148323059,854,676
1672,1,Fast,0.7964757084846497,840,726
1672,1,Fast,0.7799389362335205,1216,414
1673,1,Fast,0.8890365958213806,335,864
1673,1,Fast,0.8530246615409851,860,672
1673,1,Fast,0.7385359406471252,845,722
1674,1,Fast,0.8854787945747375,323,873
1674,1,Fast,0.8434549570083618,866,666
1674,1,Fast,0.8148881793022156,851,717
1674,1,Fast,0.3043656647205353,1219,411
1675,1,Fast,0.8824173808097839,310,880
1675,1,Fast,0.8157926201820374,857,712
1675,1,Fast,0.749965250492096,871,661
1675,1,Fast,0.5709972381591797,1220,410
1676,1,Fast,0.8571983575820923,297,888
1676,1,Fast,0.8553742170333862,878,656
1676,1,Fast,0.8304017186164856,863,708
1677,1,Fast,0.8749763369560242,283,896
1677,1,Fast,0.8599503040313721,883,651
1677,1,Fast,0.8232369422912598,870,703
1677,1,Fast,0.6574389338493347,809,549
1678,1,Fast,0.8948885202407837,269,905
1678,1,Fast,0.82887864112854,888,647
1678,1,Fast,0.8112248778343201,876,698
1679,1,Fast,0.8767148852348328,255,913
1679,1,Fast,0.8480469584465027,896,643
1679,1,Fast,0.8058176040649414,882,694
1680,1,Fast,0.8690295815467834,241,922
1680,1,Fast,0.8491979837417603,900,639
1680,1,Fast,0.8104827404022217,887,689
1680,1,Fast,0.49653634428977966,1228,404
1681,1,Fast,0.8829147219657898,226,931
1681,1,Fast,0.8481675982475281,907,635
1681,1,Fast,0.7731117010116577,892,685
1682,1,Fast,0.8574077486991882,913,630
1682,1,Fast,0.8216125965118408,210,940
1682,1,Fast,0.8123189210891724,897,680
1683,1,Fast,0.8802555203437805,196,948
1683,1,Fast,0.8397485017776489,919,627
1683,1,Fast,0.8104763031005859,902,676
1683,1,Fast,0.32669609785079956,1233,401
1684,1,Fast,0.8434451818466187,180,957
1684,1,Fast,0.8262523412704468,924,623
1684,1,Fast,0.7914267778396606,907,672
1684,1,Fast,0.35346612334251404,1233,400
1685,1,Fast,0.8248177170753479,931,618
1685,1,Fast,0.7637385725975037,1235,398
1685,1,Fast,0.708228349685669,912,667
1685,1,Fast,0.6815568804740906,164,967
1686,1,Fast,0.69303959608078,934,615
1686,1,Fast,0.6550546288490295,918,664
1686,1,Fast,0.6180742979049683,147,977
1686,1,Fast,0.450796514749527,1237,398
1687,1,Fast,0.813651442527771,923,660
1687,1,Fast,0.8066864609718323,939,610
1687,1,Fast,0.7028759717941284,131,986
1687,1,Fast,0.3165578246116638,1238,397
1688,1,Fast,0.8543995022773743,943,606
1688,1,Fast,0.8177782893180847,929,656
1689,1,Fast,0.826615571975708,950,602
1689,1,Fast,0.802962064743042,934,651
1689,1,Fast,0.5298309922218323,97,1006
1690,1,Fast,0.8526615500450134,954,599
1690,1,Fast,0.832188069820404,939,647
1691,1,Fast,0.855204701423645,959,595
1691,1,Fast,0.8228825330734253,943,644
1691,2,Slow,0.3172084391117096,1082,499
1692,1,Fast,0.8664581775665283,963,592
1692,1,Fast,0.7825652956962585,950,640
1693,1,Fast,0.8526906967163086,969,588
1693,1,Fast,0.7748230695724487,953,636
1694,1,Fast,0.8448076248168945,973,585
1694,1,Fast,0.7466899156570435,958,632
1695,1,Fast,0.8107231259346008,980,580
1695,1,Fast,0.6508607268333435,963,628
1696,1,Fast,0.7727047801017761,967,625
1696,1,Fast,0.7638059854507446,984,577
1697,1,Fast,0.7400169372558594,971,621
1697,1,Fast,0.5290041565895081,989,574
1697,1,Fast,0.36981192231178284,366,991
1698,1,Fast,0.754207968711853,992,570
1698,1,Fast,0.7224172353744507,977,617
1698,1,Fast,0.5977202653884888,383,978
1699,1,Fast,0.750128448009491,997,566
1699,1,Fast,0.7357621192932129,981,614
1700,1,Fast,0.7987539172172546,999,563
1700,1,Fast,0.7321127653121948,985,611
1700,1,Fast,0.7115141153335571,418,956
1700,1,Fast,0.6430519819259644,683,624
1701,1,Fast,0.8251261711120605,1005,560
1701,1,Fast,0.7302911877632141,434,945
1701,1,Fast,0.6549423933029175,990,607
1701,1,Fast,0.4405294358730316,677,627
1702,1,Fast,0.8257585763931274,1011,557
1702,1,Fast,0.6546483039855957,994,604
1702,2,Slow,0.4362720847129822,670,630
1703,1,Fast,0.8584096431732178,1016,553
1703,1,Fast,0.7693423628807068,999,600
1703,1,Fast,0.30912819504737854,665,635
1704,1,Fast,0.8365848064422607,1018,550
1704,1,Fast,0.7774555087089539,1002,597
1705,1,Fast,0.8115013837814331,1006,594
1705,1,Fast,0.7721589207649231,1021,548
1705,0,VRU,0.31879758834838867,6,171
1706,1,Fast,0.7741857767105103,1010,590
1706,1,Fast,0.7127363681793213,1026,544
1706,2,Slow,0.308184951543808,646,646
1707,1,Fast,0.8070212006568909,1014,587
1707,1,Fast,0.49102210998535156,1028,541
1707,1,Fast,0.33738717436790466,640,650
1708,1,Fast,0.5732429623603821,633,654
1708,1,Fast,0.5685361623764038,1018,584
1709,1,Fast,0.7207189202308655,1039,534
1709,1,Fast,0.5991175770759583,960,457
1709,1,Fast,0.4279458522796631,1022,581
1709,1,Fast,0.3358501195907593,624,658
1710,1,Fast,0.7577348351478577,1042,532
1710,1,Fast,0.7181934714317322,955,460
1710,1,Fast,0.5131685137748718,1026,577
1710,2,Slow,0.483893483877182,1004,470
1710,1,Fast,0.43284398317337036,562,856
1711,1,Fast,0.8003050088882446,610,667
1711,1,Fast,0.7302331328392029,1046,529
1711,1,Fast,0.7070372104644775,575,848
1711,1,Fast,0.598521888256073,953,461
1711,1,Fast,0.5108844637870789,1030,573
1711,2,Slow,0.37055498361587524,1000,473
1712,1,Fast,0.813654899597168,1049,526
1712,1,Fast,0.5737922191619873,1034,571
1712,1,Fast,0.5458396673202515,950,463
1712,2,Slow,0.4938352704048157,995,475
1713,1,Fast,0.8447812795639038,1053,523
1713,1,Fast,0.5791024565696716,596,675
1713,1,Fast,0.5762408971786499,947,465
1713,1,Fast,0.48608994483947754,1039,568
1714,1,Fast,0.8657936453819275,1057,520
1714,1,Fast,0.6676679849624634,1043,565
1714,1,Fast,0.3021509051322937,589,680
1715,1,Fast,0.8494589924812317,1060,518
1715,1,Fast,0.7761472463607788,1046,562
1715,1,Fast,0.3276101052761078,581,684
1716,1,Fast,0.8072034120559692,1064,514
1716,1,Fast,0.739447832107544,1050,559
1716,1,Fast,0.6708711385726929,573,688
1717,1,Fast,0.6446787714958191,1053,556
1717,1,Fast,0.46545249223709106,1068,512
1718,1,Fast,0.6758903861045837,559,696
1718,1,Fast,0.4826803505420685,1057,553
1720,1,Fast,0.3837721049785614,542,706
1721,1,Fast,0.42827731370925903,535,710
1721,2,Slow,0.3407576382160187,920,481
1722,2,Slow,0.48674556612968445,918,482
1722,1,Fast,0.48090660572052,526,715
1723,1,Fast,0.7239556312561035,518,719
1723,1,Fast,0.49867913126945496,1087,497
1723,2,Slow,0.32653772830963135,915,484
1724,1,Fast,0.7321404218673706,1091,494
1725,1,Fast,0.8013360500335693,1095,492
1725,1,Fast,0.7796099185943604,500,729
1726,1,Fast,0.8699234127998352,1098,489
1726,2,Slow,0.5644780993461609,491,735
1726,1,Fast,0.47088107466697693,1083,531
1726,1,Fast,0.4464091360569,492,734
1727,1,Fast,0.8498473763465881,1101,487
1727,1,Fast,0.6666447520256042,481,740
1728,1,Fast,0.6030064225196838,473,745
1729,2,Slow,0.4427485167980194,463,750
1729,1,Fast,0.30981725454330444,464,750
1730,1,Fast,0.5730858445167542,455,755
1731,1,Fast,0.6755815148353577,446,760
1731,1,Fast,0.4364831745624542,1114,477
1732,1,Fast,0.7674605250358582,436,766
1732,1,Fast,0.6341934204101562,1115,475
1733,1,Fast,0.8301056623458862,426,771
1733,1,Fast,0.401371568441391,1117,473
1734,1,Fast,0.7968994379043579,417,777
1735,1,Fast,0.863441526889801,407,782
1735,1,Fast,0.4305155873298645,1124,468
1736,1,Fast,0.8231824040412903,398,788
1736,1,Fast,0.6326441764831543,1127,466
1737,1,Fast,0.6006715893745422,1129,464
1737,1,Fast,0.5875927805900574,388,794
1738,1,Fast,0.7812885642051697,1134,462
1738,1,Fast,0.6004775762557983,377,800
1739,1,Fast,0.7685068845748901,1135,460
1739,1,Fast,0.7249224185943604,367,805
1740,1,Fast,0.6085913181304932,1138,457
1740,1,Fast,0.5738843679428101,357,812
1740,0,VRU,0.4422309398651123,6,171
1740,2,Slow,0.3957844078540802,357,812
1741,0,VRU,0.45939651131629944,6,171
1741,1,Fast,0.44353073835372925,1142,454
1741,2,Slow,0.3812229335308075,346,818
1742,0,VRU,0.42958924174308777,6,171
1743,1,Fast,0.33038079738616943,836,531
1744,2,Slow,0.5839493870735168,315,835
1744,1,Fast,0.49881431460380554,1147,449
1744,1,Fast,0.39697495102882385,832,534
1745,1,Fast,0.7138661742210388,1150,447
1746,1,Fast,0.8105536103248596,1153,445
1746,1,Fast,0.7639642357826233,292,849
1747,1,Fast,0.811132550239563,1156,443
1747,1,Fast,0.5515081882476807,280,855
1748,1,Fast,0.7539554834365845,1158,441
1749,1,Fast,0.4884337782859802,1162,440
1750,1,Fast,0.5541672706604004,1154,473
1750,1,Fast,0.4437541663646698,805,550
1751,1,Fast,0.46375560760498047,799,553
1752,1,Fast,0.7702761888504028,796,555
1754,1,Fast,0.45050671696662903,787,561
1756,1,Fast,0.5370399355888367,310,1061
1757,1,Fast,0.6943196654319763,329,1056
1757,1,Fast,0.6133376359939575,772,569
1758,1,Fast,0.7727558612823486,344,1050
1759,1,Fast,0.826184093952179,358,1042
1760,1,Fast,0.7536343932151794,374,1032
1760,1,Fast,0.5349522829055786,1187,419
1761,1,Fast,0.7897100448608398,388,1022
1761,1,Fast,0.4690302610397339,1190,418
1762,1,Fast,0.7729513645172119,403,1012
1762,1,Fast,0.7215491533279419,1192,415
1763,1,Fast,0.8915320038795471,417,1002
1764,1,Fast,0.8982408046722412,431,992
1764,0,VRU,0.30402523279190063,6,171
1765,1,Fast,0.898898720741272,443,983
1765,0,VRU,0.3555310368537903,6,171
1766,1,Fast,0.8929867744445801,456,974
1766,1,Fast,0.3196902573108673,7,171
1767,1,Fast,0.8891894817352295,469,965
1767,1,Fast,0.35982954502105713,7,171
1768,1,Fast,0.8765437602996826,481,956
1768,1,Fast,0.34388288855552673,7,171
1769,1,Fast,0.8517342805862427,494,947
1769,1,Fast,0.48414045572280884,1254,292
1769,1,Fast,0.4612191617488861,7,171
1770,1,Fast,0.8665534257888794,505,939
1770,1,Fast,0.39644211530685425,706,610
1771,1,Fast,0.8639852404594421,518,932
1771,1,Fast,0.5441021919250488,700,614
1771,1,Fast,0.4729364514350891,1210,401
1771,0,VRU,0.3846231698989868,7,172
1772,1,Fast,0.8611617088317871,529,924
1772,1,Fast,0.6178038120269775,1213,399
1772,0,VRU,0.3892213702201843,7,172
1772,1,Fast,0.3822530210018158,695,617
1773,1,Fast,0.8667874932289124,540,916
1773,1,Fast,0.4396415948867798,688,621
1773,0,VRU,0.3060014545917511,7,172
1774,1,Fast,0.8754022121429443,551,908
1774,1,Fast,0.6825745701789856,683,624
1775,1,Fast,0.879464328289032,562,900
1775,1,Fast,0.6995214223861694,677,627
1775,1,Fast,0.36772972345352173,1283,285
1775,0,VRU,0.30531004071235657,7,172
1776,1,Fast,0.880364179611206,574,891
1776,1,Fast,0.3418406844139099,1282,285
1777,1,Fast,0.748836874961853,583,883
1777,2,Slow,0.4088025987148285,1222,392
1777,1,Fast,0.3595542907714844,1281,286
1777,1,Fast,0.3444731831550598,664,634
1778,1,Fast,0.8799999952316284,593,876
1778,1,Fast,0.700162947177887,658,638
1779,1,Fast,0.6269091963768005,603,868
1779,1,Fast,0.4940181374549866,652,642
1780,1,Fast,0.8063554167747498,614,860
1780,2,Slow,0.4151970446109772,646,646
1780,1,Fast,0.4007255434989929,646,646
1781,1,Fast,0.8206163644790649,622,854
1781,2,Slow,0.3952244520187378,640,649
1781,1,Fast,0.3533906042575836,640,649
1782,1,Fast,0.7547222375869751,632,848
1782,1,Fast,0.721957266330719,634,653
1783,1,Fast,0.7646706104278564,626,656
1783,1,Fast,0.6273775100708008,640,841
1783,1,Fast,0.47411030530929565,1232,384
1783,1,Fast,0.3124125301837921,1237,304
1784,1,Fast,0.5941302180290222,1270,295
1784,1,Fast,0.5422839522361755,621,661
1784,1,Fast,0.5078869462013245,1235,305
1785,1,Fast,0.7760767936706543,614,664
1785,1,Fast,0.6647632718086243,1268,296
1785,1,Fast,0.6351093053817749,660,827
1785,1,Fast,0.503224790096283,1233,305
1786,1,Fast,0.7987791299819946,606,668
1786,1,Fast,0.794040858745575,669,821
1786,1,Fast,0.6617666482925415,1267,296
1786,1,Fast,0.5249483585357666,1232,306
1787,1,Fast,0.8023809790611267,678,814
1787,1,Fast,0.6512470245361328,599,672
1787,1,Fast,0.6376686692237854,1231,307
1787,1,Fast,0.5575429797172546,1265,298
1787,1,Fast,0.3482024073600769,264,1071
1787,1,Fast,0.3273463249206543,1271,283
1788,1,Fast,0.7092101573944092,687,807
1788,1,Fast,0.6130945086479187,1229,307
1788,1,Fast,0.4339699447154999,1263,300
1788,1,Fast,0.4249010980129242,593,676
1788,1,Fast,0.3985472321510315,281,1065
1788,2,Slow,0.3163813352584839,593,676
1789,1,Fast,0.8376834988594055,695,801
1789,1,Fast,0.6585191488265991,1261,301
1789,1,Fast,0.6266933083534241,586,680
1789,1,Fast,0.5438441038131714,1228,308
1789,1,Fast,0.45280200242996216,307,1059
1789,1,Fast,0.3920976519584656,1269,284
1790,1,Fast,0.8529890179634094,327,1054
1790,1,Fast,0.7042056322097778,703,794
1790,1,Fast,0.6826475262641907,578,684
1790,1,Fast,0.5419129133224487,1259,302
1790,1,Fast,0.46861961483955383,1267,285
1790,1,Fast,0.4496408700942993,1227,309
1791,1,Fast,0.8873922824859619,341,1047
1791,1,Fast,0.6947510242462158,1258,303
1791,1,Fast,0.6939588785171509,713,788
1791,1,Fast,0.5752528309822083,1267,285
1791,2,Slow,0.37012043595314026,571,688
1791,1,Fast,0.3552836775779724,572,688
1792,1,Fast,0.8822939991950989,355,1038
1792,1,Fast,0.6651015281677246,1256,304
1792,1,Fast,0.43102651834487915,1266,286
1793,1,Fast,0.8988891839981079,371,1026
1793,1,Fast,0.8025338053703308,557,696
1793,1,Fast,0.5515947341918945,1255,304
1794,1,Fast,0.9077631831169128,386,1016
1794,1,Fast,0.7881290912628174,550,701
1794,1,Fast,0.5040513277053833,1253,306
1794,1,Fast,0.3621954619884491,732,770
1794,1,Fast,0.322876900434494,1222,313
1795,1,Fast,0.9087575078010559,401,1005
1795,1,Fast,0.6349954605102539,543,705
1795,1,Fast,0.6262974143028259,1252,307
1795,1,Fast,0.5386258363723755,742,765
1795,1,Fast,0.3507639169692993,1220,314
1796,1,Fast,0.9154558777809143,415,996
1796,1,Fast,0.7197063565254211,1250,308
1796,1,Fast,0.7193434238433838,535,709
1796,1,Fast,0.4898589253425598,1218,314
1796,1,Fast,0.4618486166000366,750,760
1797,1,Fast,0.9076318740844727,429,985
1797,1,Fast,0.7616340517997742,528,713
1797,1,Fast,0.7411777973175049,1248,310
1797,1,Fast,0.7132198810577393,758,753
1797,1,Fast,0.529543399810791,1218,315
1798,1,Fast,0.9030241966247559,444,975
1798,1,Fast,0.8404317498207092,521,718
1798,1,Fast,0.7453336119651794,766,748
1798,1,Fast,0.7095162868499756,1246,312
1798,1,Fast,0.3887217044830322,1216,316
1798,1,Fast,0.33059993386268616,1259,290
1799,1,Fast,0.9053340554237366,457,965
1799,1,Fast,0.7029452323913574,512,722
1799,1,Fast,0.6878552436828613,774,742
1799,1,Fast,0.661882758140564,1245,312
1799,2,Slow,0.4416925013065338,511,723
1799,1,Fast,0.305247038602829,1258,291
1800,1,Fast,0.9057630896568298,470,956
1800,1,Fast,0.863373875617981,503,727
1800,1,Fast,0.7306779623031616,781,737
1800,1,Fast,0.559902548789978,1243,314
1800,1,Fast,0.3263019323348999,1258,292
1801,1,Fast,0.8979803919792175,482,948
1801,1,Fast,0.787775993347168,496,732
1801,1,Fast,0.689321756362915,1242,315
1802,1,Fast,0.9027299284934998,496,938
1802,1,Fast,0.8342861533164978,486,737
1802,1,Fast,0.7684125900268555,1240,316
1802,1,Fast,0.5269361734390259,1257,293
1803,1,Fast,0.896397054195404,506,930
1803,1,Fast,0.8094021081924438,478,742
1803,1,Fast,0.7083708047866821,1238,318
1804,1,Fast,0.9042878150939941,519,921
1804,1,Fast,0.7261731028556824,1237,319
1804,1,Fast,0.7029661536216736,469,747
1805,1,Fast,0.9026218056678772,531,912
1805,1,Fast,0.758296012878418,460,751
1805,1,Fast,0.643100380897522,1235,320
1806,1,Fast,0.8976936936378479,543,904
1806,1,Fast,0.7658513188362122,453,756
1806,1,Fast,0.47360825538635254,1234,321
1807,1,Fast,0.9047892689704895,555,896
1807,1,Fast,0.6408365368843079,444,761
1807,1,Fast,0.4214687943458557,1232,323
1808,1,Fast,0.892435610294342,564,887
1808,2,Slow,0.7735990285873413,436,766
1808,1,Fast,0.4944758117198944,1230,324
1809,1,Fast,0.8960360288619995,577,879
1809,1,Fast,0.8203543424606323,427,772
1809,1,Fast,0.5375558733940125,1228,325
1809,1,Fast,0.5360026955604553,839,693
1809,1,Fast,0.3407624661922455,328,1008
1810,1,Fast,0.8911248445510864,588,872
1810,1,Fast,0.8696356415748596,417,777
1810,1,Fast,0.42804741859436035,1226,327
1811,1,Fast,0.8888804316520691,598,864
1811,1,Fast,0.8513062000274658,408,782
1811,1,Fast,0.5236063599586487,850,684
1812,1,Fast,0.899498701095581,608,855
1812,1,Fast,0.8540897965431213,399,787
1812,1,Fast,0.3471556603908539,1223,329
1813,1,Fast,0.9000827074050903,619,848
1813,1,Fast,0.8485708832740784,389,793
1814,1,Fast,0.8966357707977295,627,841
1814,1,Fast,0.8516777157783508,379,799
1815,1,Fast,0.8926621675491333,639,834
1815,1,Fast,0.8257217407226562,370,804
1816,1,Fast,0.8940930366516113,649,827
1816,1,Fast,0.8112384676933289,360,810
1817,1,Fast,0.8900317549705505,659,820
1817,1,Fast,0.7784368991851807,350,817
1817,2,Slow,0.5628040432929993,350,817
1818,1,Fast,0.8893713355064392,668,814
1818,1,Fast,0.8295068740844727,340,823
1819,1,Fast,0.8884393572807312,677,807
1819,1,Fast,0.7970099449157715,331,828
1820,1,Fast,0.8797827363014221,685,801
1820,1,Fast,0.8096883893013,320,834
1820,1,Fast,0.40885770320892334,1207,340
1821,1,Fast,0.8815128207206726,694,794
1821,1,Fast,0.8539398312568665,308,839
1821,1,Fast,0.6482071280479431,1205,341
1822,1,Fast,0.87364661693573,703,788
1822,1,Fast,0.7863089442253113,297,845
1822,1,Fast,0.5385355353355408,1203,342
1822,1,Fast,0.30740419030189514,915,637
1823,1,Fast,0.8841352462768555,712,781
1823,1,Fast,0.7852867245674133,287,851
1823,1,Fast,0.37872427701950073,1201,343
1824,1,Fast,0.8274679183959961,720,775
1824,2,Slow,0.3829740285873413,1178,342
1824,1,Fast,0.36813101172447205,276,857
1825,1,Fast,0.8842114806175232,727,768
1825,1,Fast,0.6429243087768555,563,848
1826,1,Fast,0.8700639009475708,735,763
1827,1,Fast,0.8791994452476501,745,756
1828,1,Fast,0.8735842108726501,753,751
1829,1,Fast,0.876262366771698,761,745
1830,1,Fast,0.8780673742294312,769,739
1831,1,Fast,0.874569296836853,776,734
1832,1,Fast,0.8622143864631653,783,729
1833,1,Fast,0.7997258305549622,791,722
1834,1,Fast,0.400284081697464,799,717
1835,1,Fast,0.7950688600540161,805,712
1836,1,Fast,0.8565908670425415,813,707
1837,1,Fast,0.8459571003913879,819,703
1838,1,Fast,0.8017973303794861,828,697
1839,1,Fast,0.7766887545585632,835,691
1840,1,Fast,0.8204677104949951,840,687
1841,1,Fast,0.851699948310852,846,682
1842,1,Fast,0.8325353860855103,853,677
1843,0,VRU,0.3535193204879761,1012,562
1844,1,Fast,0.6887309551239014,867,668
1844,0,VRU,0.5030083656311035,1016,559
1845,2,Slow,0.3174128234386444,1200,332
1846,0,VRU,0.3034566640853882,1025,553
1847,1,Fast,0.6707696318626404,883,654
1848,2,Slow,0.34122568368911743,1325,312
1849,1,Fast,0.6296440362930298,898,646
1849,2,Slow,0.4773738384246826,1326,312
1850,1,Fast,0.7606086134910583,903,642
1850,2,Slow,0.38899150490760803,1327,311
1851,1,Fast,0.7894132137298584,907,637
1851,2,Slow,0.5631869435310364,1329,309
1852,1,Fast,0.7394304871559143,914,633
1853,2,Slow,0.486737996339798,1331,308
1854,1,Fast,0.5662297010421753,926,624
1855,2,Slow,0.4807693660259247,1333,306
1857,1,Fast,0.38379576802253723,1121,380
1858,1,Fast,0.7262477874755859,1119,382
1859,1,Fast,0.7716570496559143,1118,383
1859,1,Fast,0.6223992705345154,1111,404
1860,1,Fast,0.7678724527359009,1116,384
1860,1,Fast,0.5511745810508728,1107,406
1860,0,VRU,0.38936561346054077,668,451
1861,1,Fast,0.7795887589454651,1113,385
1861,1,Fast,0.5710143446922302,1104,409
1861,0,VRU,0.41252920031547546,668,452
1862,1,Fast,0.7987200617790222,1111,387
1862,1,Fast,0.6180582642555237,1102,411
1863,1,Fast,0.7730358839035034,1109,388
1863,1,Fast,0.5620938539505005,1099,412
1863,0,VRU,0.32146143913269043,669,452
1864,1,Fast,0.7469055652618408,1106,389
1864,1,Fast,0.5027796626091003,1096,414
1865,1,Fast,0.7513973712921143,1103,391
1865,1,Fast,0.34241464734077454,1093,416
1865,0,VRU,0.30013954639434814,1360,283
1866,1,Fast,0.6003229022026062,1101,392
1867,1,Fast,0.5753712058067322,1100,393
1868,1,Fast,0.7110328674316406,1099,395
1868,1,Fast,0.6821954846382141,1083,424
1869,1,Fast,0.6757370233535767,1096,396
1869,1,Fast,0.6537525653839111,1078,426
1870,1,Fast,0.7391338348388672,1094,398
1870,1,Fast,0.715905487537384,1075,428
1870,0,VRU,0.5917823910713196,670,451
1871,1,Fast,0.7587013244628906,1091,400
1871,1,Fast,0.6666460037231445,1072,431
1871,0,VRU,0.6279199719429016,670,451
1872,1,Fast,0.7765087485313416,1089,401
1872,1,Fast,0.4312482476234436,1070,432
1873,1,Fast,0.7769232392311096,1087,402
1874,1,Fast,0.7560595870018005,1084,404
1875,1,Fast,0.703220784664154,1082,405
1876,1,Fast,0.6823465824127197,1080,406
1877,1,Fast,0.8000370860099792,1077,407
1877,1,Fast,0.6243892908096313,1051,444
1878,1,Fast,0.8089144825935364,1075,409
1878,1,Fast,0.7242568731307983,1048,446
1879,1,Fast,0.7784181237220764,1073,410
1879,1,Fast,0.7048320174217224,1043,448
1880,1,Fast,0.8022216558456421,1071,412
1880,1,Fast,0.6877516508102417,1040,451
1881,1,Fast,0.8201565742492676,1068,414
1881,1,Fast,0.7982417941093445,1037,453
1882,1,Fast,0.8029258251190186,1066,415
1882,1,Fast,0.8014011383056641,1032,455
1883,1,Fast,0.7706251740455627,1064,417
1883,1,Fast,0.7473648190498352,1029,458
1883,1,Fast,0.38643425703048706,1136,374
1884,1,Fast,0.7550032138824463,1025,460
1884,1,Fast,0.6686726212501526,1134,376
1884,1,Fast,0.6393489241600037,1061,418
1885,1,Fast,0.6822909712791443,1132,377
1885,1,Fast,0.5317909121513367,1022,464
1885,1,Fast,0.5044630765914917,1059,420
1886,1,Fast,0.7190970778465271,1131,378
1886,1,Fast,0.6680639982223511,1057,422
1887,1,Fast,0.7773923277854919,1053,423
1887,1,Fast,0.5711033940315247,1129,379
1887,1,Fast,0.34190407395362854,1012,469
1888,1,Fast,0.7693206667900085,1051,425
1888,1,Fast,0.6314449310302734,1126,381
1888,1,Fast,0.49458858370780945,1008,472
1889,1,Fast,0.7740424275398254,1048,427
1889,1,Fast,0.7366219758987427,1004,474
1889,1,Fast,0.713489294052124,1124,383
1890,1,Fast,0.8032495975494385,1045,428
1890,1,Fast,0.7492395639419556,1121,384
1890,1,Fast,0.7379759550094604,1000,476
1890,1,Fast,0.5559963583946228,1162,446
1891,1,Fast,0.718509316444397,1043,430
1891,1,Fast,0.6913427114486694,1119,385
1891,1,Fast,0.5718887448310852,996,480
1891,1,Fast,0.5303982496261597,1166,445
1891,1,Fast,0.381944864988327,215,971
1892,1,Fast,0.7048409581184387,1042,431
1892,1,Fast,0.6544263958930969,1118,386
1892,1,Fast,0.4524579346179962,993,482
1893,1,Fast,0.7163960933685303,1038,433
1893,1,Fast,0.6644450426101685,988,485
1893,1,Fast,0.6624031066894531,1116,388
1894,1,Fast,0.701880693435669,1035,435
1894,1,Fast,0.6769813299179077,1114,389
1895,1,Fast,0.7543231844902039,1033,436
1895,1,Fast,0.665998101234436,1113,390
1895,1,Fast,0.5676705241203308,980,490
1896,1,Fast,0.7368801236152649,1031,438
1896,1,Fast,0.6938463449478149,1110,392
1896,2,Slow,0.37882840633392334,1146,364
1896,1,Fast,0.31190651655197144,975,493
1897,1,Fast,0.7133389711380005,1029,439
1897,2,Slow,0.7077550888061523,970,496
1897,1,Fast,0.6948562860488892,1108,393
1897,2,Slow,0.489596426486969,1144,365
1898,1,Fast,0.710211992263794,1026,441
1898,1,Fast,0.7045352458953857,965,499
1898,1,Fast,0.6641818881034851,1106,395
1898,2,Slow,0.46462282538414,1142,366
1899,1,Fast,0.6831410527229309,960,502
1899,1,Fast,0.6305605173110962,1023,443
1899,1,Fast,0.5918031930923462,1104,396
1899,2,Slow,0.40880635380744934,1139,368
1900,1,Fast,0.8650359511375427,955,505
1900,1,Fast,0.645646333694458,1101,397
1900,1,Fast,0.36719802021980286,1020,445
1900,2,Slow,0.3462601602077484,1137,369
1901,1,Fast,0.8243252038955688,951,508
1901,1,Fast,0.5707706212997437,1017,447
1901,1,Fast,0.3009290099143982,1099,398
1902,1,Fast,0.6254627108573914,1015,448
1902,1,Fast,0.49689632654190063,946,511
1902,1,Fast,0.36624792218208313,1097,400
1903,1,Fast,0.7249026298522949,940,514
1903,1,Fast,0.5889602303504944,1011,450
1904,1,Fast,0.8418257832527161,935,518
1904,1,Fast,0.37893861532211304,1009,451
1905,1,Fast,0.7764223217964172,931,521
1905,1,Fast,0.691004753112793,1006,453
1905,1,Fast,0.40838852524757385,1090,404
1905,0,VRU,0.3208387792110443,1355,273
1906,1,Fast,0.777510941028595,926,524
1906,1,Fast,0.6795063018798828,1003,455
1906,1,Fast,0.4720999598503113,1088,406
1907,1,Fast,0.7791686058044434,921,527
1907,1,Fast,0.7639291286468506,999,457
1907,1,Fast,0.5808236002922058,1086,407
1908,1,Fast,0.8068931698799133,915,530
1908,1,Fast,0.7961956262588501,997,459
1908,1,Fast,0.4745553135871887,1084,408
1909,1,Fast,0.8347256779670715,908,534
1909,1,Fast,0.812414288520813,995,461
1909,2,Slow,0.42259177565574646,1184,339
1909,2,Slow,0.4040605127811432,1177,365
1910,1,Fast,0.829604983329773,904,537
1910,1,Fast,0.7997457981109619,992,463
1911,1,Fast,0.7939962148666382,989,465
1911,1,Fast,0.7500874996185303,898,540
1911,2,Slow,0.42989489436149597,1172,369
1912,1,Fast,0.7474650740623474,986,467
1912,1,Fast,0.5948519110679626,892,544
1912,2,Slow,0.3216102123260498,1170,370
1913,1,Fast,0.7800125479698181,885,548
1913,1,Fast,0.6805676817893982,983,469
1913,2,Slow,0.3902933597564697,1179,344
1914,1,Fast,0.8252806663513184,880,552
1914,1,Fast,0.7443860769271851,979,470
1915,1,Fast,0.8143459558486938,874,555
1915,1,Fast,0.7306351661682129,976,472
1916,1,Fast,0.7863157987594604,972,474
1916,1,Fast,0.6993639469146729,870,558
1916,1,Fast,0.4110443592071533,246,1056
1917,1,Fast,0.8135812282562256,969,477
1917,2,Slow,0.5830393433570862,862,562
1917,1,Fast,0.4218011200428009,862,562
1918,1,Fast,0.8234239220619202,857,566
1918,1,Fast,0.7766505479812622,967,479
1919,1,Fast,0.7588077783584595,963,481
1919,1,Fast,0.6793083548545837,850,569
1919,1,Fast,0.40469270944595337,1057,426
1920,1,Fast,0.8083037734031677,845,572
1920,1,Fast,0.6550203561782837,1054,427
1920,1,Fast,0.4886307716369629,961,482
1921,1,Fast,0.8505034446716309,838,578
1921,1,Fast,0.6805295348167419,957,485
1921,1,Fast,0.6156370639801025,1148,386
1921,1,Fast,0.4585675895214081,1052,429
1921,1,Fast,0.35633179545402527,339,1005
1922,1,Fast,0.8241806030273438,830,581
1922,1,Fast,0.7075909972190857,1144,388
1922,1,Fast,0.43874362111091614,1049,430
1922,1,Fast,0.41544023156166077,953,487
1923,1,Fast,0.8304835557937622,824,585
1923,1,Fast,0.5216460824012756,1142,389
1923,1,Fast,0.4946415424346924,951,489
1923,1,Fast,0.3374670445919037,373,982
1924,1,Fast,0.8568627834320068,818,589
1924,1,Fast,0.6319605708122253,949,491
1925,1,Fast,0.8720863461494446,811,593
1925,1,Fast,0.6718209981918335,945,493
1926,1,Fast,0.8547075986862183,804,597
1926,1,Fast,0.547926664352417,941,495
1927,1,Fast,0.849612295627594,797,601
1927,1,Fast,0.8211629390716553,444,937
1927,1,Fast,0.45044106245040894,938,497
1927,0,VRU,0.3439035713672638,1246,383
1928,1,Fast,0.8621681332588196,789,605
1928,1,Fast,0.48367127776145935,935,499
1929,1,Fast,0.8601006269454956,782,609
1929,1,Fast,0.3769482970237732,1032,443
1929,1,Fast,0.32846882939338684,931,501
1930,1,Fast,0.8547353148460388,775,614
1930,1,Fast,0.7161363959312439,927,503
1930,1,Fast,0.47072046995162964,1029,445
1931,1,Fast,0.8504779934883118,767,619
1931,1,Fast,0.7925655245780945,924,505
1931,1,Fast,0.3093292713165283,1026,446
1932,1,Fast,0.8582943677902222,758,623
1932,1,Fast,0.7833628058433533,921,508
1932,2,Slow,0.5487927794456482,1231,328
1932,1,Fast,0.39539310336112976,1024,447
1933,1,Fast,0.8437011241912842,752,627
1933,1,Fast,0.7230693101882935,916,510
1933,2,Slow,0.593814492225647,1230,329
1933,1,Fast,0.5637915134429932,1021,449
1933,1,Fast,0.32390323281288147,1114,409
1933,1,Fast,0.3026424050331116,532,877
1934,1,Fast,0.8290345072746277,744,632
1934,1,Fast,0.7288222312927246,913,512
1934,1,Fast,0.6852489113807678,1018,451
1934,1,Fast,0.6640711426734924,1111,411
1934,2,Slow,0.6152945160865784,1228,330
1935,1,Fast,0.8553602695465088,736,637
1935,1,Fast,0.7847282290458679,909,514
1935,1,Fast,0.6818310022354126,1108,412
1935,1,Fast,0.6634488105773926,1015,452
1935,2,Slow,0.5882336497306824,1226,332
1936,1,Fast,0.8759788274765015,728,642
1936,1,Fast,0.8745932579040527,906,517
1936,1,Fast,0.7665647864341736,569,850
1936,2,Slow,0.5214405655860901,1224,334
1936,1,Fast,0.3880770802497864,1106,414
1937,1,Fast,0.8772809505462646,902,519
1937,1,Fast,0.8669862747192383,720,647
1937,2,Slow,0.32260414958000183,1011,455
1938,1,Fast,0.8652176856994629,712,652
1938,1,Fast,0.8597792387008667,899,521
1938,1,Fast,0.49056893587112427,1008,457
1939,1,Fast,0.8590365648269653,703,657
1939,1,Fast,0.822314441204071,895,524
1939,2,Slow,0.3782879412174225,1004,459
1939,1,Fast,0.3431624174118042,267,1053
1940,1,Fast,0.867202877998352,694,663
1940,1,Fast,0.8318045139312744,892,526
1940,2,Slow,0.8252469301223755,287,1041
1941,1,Fast,0.8697333931922913,685,667
1941,2,Slow,0.8386377096176147,305,1029
1941,1,Fast,0.8161798119544983,888,528
1942,1,Fast,0.8736792802810669,676,672
1942,1,Fast,0.8549558520317078,883,531
1942,2,Slow,0.7750430107116699,322,1018
1942,1,Fast,0.36807936429977417,996,466
1943,1,Fast,0.8719947934150696,667,678
1943,1,Fast,0.8555046319961548,878,534
1943,2,Slow,0.7867483496665955,342,1002
1944,1,Fast,0.8651615381240845,659,683
1944,1,Fast,0.8454127311706543,875,536
1944,1,Fast,0.5074397921562195,661,784
1944,2,Slow,0.47211822867393494,360,991
1944,1,Fast,0.3774591088294983,1080,432
1945,1,Fast,0.8782270550727844,650,689
1945,1,Fast,0.8553581833839417,872,538
1945,2,Slow,0.7058996558189392,379,979
1945,2,Slow,0.5141861438751221,986,472
1945,1,Fast,0.40962523221969604,1077,433
1945,1,Fast,0.321352481842041,674,776
1946,1,Fast,0.8818271160125732,641,694
1946,1,Fast,0.8210180401802063,683,770
1946,2,Slow,0.7687628269195557,398,967
1946,1,Fast,0.6373447775840759,868,540
1946,1,Fast,0.5409716963768005,983,474
1947,1,Fast,0.8842483758926392,632,699
1947,2,Slow,0.6909675002098083,415,956
1947,1,Fast,0.6219446063041687,863,543
1948,1,Fast,0.9013307690620422,622,705
1948,2,Slow,0.811327338218689,431,943
1948,1,Fast,0.7933012247085571,859,546
1948,1,Fast,0.6932406425476074,704,756
1948,1,Fast,0.31331613659858704,977,477
1949,1,Fast,0.8890548944473267,611,711
1949,1,Fast,0.8286007046699524,855,548
1949,2,Slow,0.7605271935462952,448,935
1949,1,Fast,0.4054117202758789,974,479
1950,1,Fast,0.8920430541038513,602,717
1950,1,Fast,0.7242269515991211,851,551
1950,2,Slow,0.626759946346283,971,481
1950,2,Slow,0.5186247229576111,462,922
1950,1,Fast,0.3489445149898529,1061,445
1951,1,Fast,0.8876251578330994,591,722
1951,1,Fast,0.7993915677070618,847,553
1951,2,Slow,0.7788141369819641,475,912
1951,2,Slow,0.66964191198349,968,482
1952,1,Fast,0.8891786336898804,582,728
1952,1,Fast,0.7826368808746338,843,556
1952,2,Slow,0.7437692880630493,491,901
1952,2,Slow,0.5852236151695251,965,484
1953,1,Fast,0.8858291506767273,572,734
1953,1,Fast,0.7831523418426514,840,558
1953,2,Slow,0.7052103877067566,505,892
1953,2,Slow,0.45184189081192017,962,487
1953,1,Fast,0.4447178542613983,1049,453
1954,1,Fast,0.8832666873931885,561,740
1954,1,Fast,0.7953675389289856,835,561
1954,1,Fast,0.6629703640937805,1045,454
1954,2,Slow,0.5775079727172852,522,880
1954,2,Slow,0.40734028816223145,958,490
1955,1,Fast,0.884526789188385,552,747
1955,1,Fast,0.8602531552314758,830,564
1955,2,Slow,0.7506936192512512,537,872
1955,1,Fast,0.49864017963409424,1042,457
1955,1,Fast,0.36619120836257935,955,491
1956,1,Fast,0.8833032250404358,539,753
1956,1,Fast,0.863654613494873,825,567
1956,1,Fast,0.4704536497592926,1038,458
1956,2,Slow,0.4603310823440552,551,863
1956,1,Fast,0.4203527867794037,952,493
1957,1,Fast,0.894911527633667,529,760
1957,1,Fast,0.8758230805397034,820,569
1957,1,Fast,0.43338602781295776,949,496
1957,0,VRU,0.3486299514770508,656,836
1958,1,Fast,0.8917245268821716,516,767
1958,1,Fast,0.8804903626441956,816,571
1958,2,Slow,0.4051259756088257,575,845
1958,2,Slow,0.35580527782440186,946,497
1959,1,Fast,0.8875388503074646,506,774
1959,1,Fast,0.8826643228530884,811,574
1959,0,VRU,0.5276747345924377,676,821
1959,2,Slow,0.3699670732021332,941,500
1960,1,Fast,0.8968295454978943,495,780
1960,1,Fast,0.8728525638580322,805,577
1960,1,Fast,0.5329126119613647,938,502
1961,1,Fast,0.8950063586235046,480,788
1961,1,Fast,0.8557419180870056,800,580
1961,2,Slow,0.6885862350463867,615,818
1961,1,Fast,0.614625096321106,935,505
1962,1,Fast,0.8910582661628723,469,794
1962,1,Fast,0.8704289197921753,796,583
1962,1,Fast,0.7953338623046875,931,507
1962,1,Fast,0.6163776516914368,1015,476
1963,1,Fast,0.8852416276931763,458,802
1963,1,Fast,0.8752528429031372,791,586
1963,1,Fast,0.7629113793373108,929,508
1964,1,Fast,0.8878993988037109,787,589
1964,1,Fast,0.8849517703056335,445,808
1964,2,Slow,0.6048998832702637,925,511
1964,1,Fast,0.4262651205062866,1007,480
1965,1,Fast,0.8902169466018677,433,815
1965,1,Fast,0.8780125975608826,783,592
1965,1,Fast,0.578948974609375,1003,482
1966,1,Fast,0.8852452635765076,418,823
1966,1,Fast,0.8596392869949341,778,594
1966,1,Fast,0.4249632954597473,983,469
1966,1,Fast,0.303774356842041,999,484
1967,1,Fast,0.898611843585968,406,831
1967,1,Fast,0.8691607117652893,773,597
1967,1,Fast,0.7888698577880859,914,518
1967,1,Fast,0.485154926776886,980,471
1968,1,Fast,0.8852106332778931,391,839
1968,1,Fast,0.8502405881881714,910,520
1968,1,Fast,0.8284075260162354,769,601
1968,1,Fast,0.6660357713699341,991,490
1969,1,Fast,0.8941957950592041,377,847
1969,1,Fast,0.8763361573219299,762,604
1969,1,Fast,0.8532253503799438,906,523
1969,1,Fast,0.5219518542289734,316,1062
1970,1,Fast,0.8865139484405518,364,855
1970,1,Fast,0.8777819871902466,903,525
1970,1,Fast,0.8746227025985718,756,607
1970,1,Fast,0.789842963218689,332,1056
1970,1,Fast,0.6375175714492798,984,496
1971,1,Fast,0.8933853507041931,347,862
1971,1,Fast,0.877189040184021,899,527
1971,1,Fast,0.8757297396659851,751,610
1971,1,Fast,0.8591987490653992,349,1050
1971,1,Fast,0.5046514272689819,980,499
1972,1,Fast,0.8955096006393433,334,871
1972,1,Fast,0.8748481869697571,745,613
1972,1,Fast,0.8360004425048828,894,530
1972,1,Fast,0.8314508199691772,369,1044
1972,1,Fast,0.646846354007721,974,503
1973,1,Fast,0.899994432926178,319,879
1973,1,Fast,0.858792245388031,739,617
1973,1,Fast,0.8557364344596863,890,532
1973,1,Fast,0.7764806151390076,969,506
1973,1,Fast,0.7072688937187195,387,1034
1974,1,Fast,0.8977376818656921,303,888
1974,1,Fast,0.8679040670394897,401,1021
1974,1,Fast,0.86055988073349,734,621
1974,1,Fast,0.8585149645805359,885,534
1975,1,Fast,0.9008845090866089,288,896
1975,1,Fast,0.8784276247024536,416,1011
1975,1,Fast,0.8448833227157593,728,624
1975,1,Fast,0.8110811114311218,882,537
1975,1,Fast,0.7259424328804016,960,511
1976,1,Fast,0.9111238718032837,432,1001
1976,1,Fast,0.902353048324585,272,906
1976,1,Fast,0.8391013741493225,723,627
1976,1,Fast,0.8084540963172913,955,514
1976,1,Fast,0.7615717649459839,879,539
1976,1,Fast,0.43105730414390564,952,489
1977,1,Fast,0.9043588042259216,446,991
1977,1,Fast,0.8967758417129517,255,915
1977,1,Fast,0.8167673349380493,719,630
1977,1,Fast,0.7006760835647583,875,541
1977,1,Fast,0.611844539642334,948,491
1978,1,Fast,0.9045685529708862,459,980
1978,1,Fast,0.9012376070022583,239,924
1978,1,Fast,0.8392385244369507,714,633
1978,1,Fast,0.7836881875991821,946,520
1978,1,Fast,0.6859034299850464,945,492
1978,1,Fast,0.47166764736175537,872,543
1978,2,Slow,0.39333587884902954,872,543
1978,2,Slow,0.36217552423477173,1217,336
1979,1,Fast,0.9042463302612305,473,970
1979,1,Fast,0.8989139199256897,221,933
1979,1,Fast,0.8400962352752686,710,637
1979,1,Fast,0.6146671175956726,867,546
1979,2,Slow,0.5910618305206299,1215,338
1980,1,Fast,0.9000537395477295,204,944
1980,1,Fast,0.8916112184524536,486,961
1980,1,Fast,0.8437520861625671,704,640
1980,1,Fast,0.6571398973464966,937,528
1980,1,Fast,0.5026435256004333,863,550
1980,1,Fast,0.3603242039680481,939,496
1981,1,Fast,0.9123402237892151,186,954
1981,1,Fast,0.8897150158882141,499,952
1981,1,Fast,0.8395074009895325,698,643
1981,1,Fast,0.7568377256393433,933,531
1981,2,Slow,0.5459548234939575,860,552
1981,1,Fast,0.3620067834854126,860,552
1982,1,Fast,0.9031710028648376,168,964
1982,1,Fast,0.9005388617515564,507,943
1982,1,Fast,0.809883177280426,928,534
1982,1,Fast,0.809266984462738,692,647
1982,2,Slow,0.5851861238479614,854,555
1983,1,Fast,0.898709774017334,148,976
1983,1,Fast,0.8966927528381348,521,935
1983,1,Fast,0.8131558299064636,686,650
1983,1,Fast,0.5895878672599792,923,537
1983,2,Slow,0.5388903021812439,850,557
1984,1,Fast,0.9080016016960144,130,986
1984,1,Fast,0.870406985282898,533,928
1984,1,Fast,0.8497603535652161,917,540
1984,1,Fast,0.836018443107605,679,654
1984,1,Fast,0.734180212020874,846,560
1984,1,Fast,0.5590475797653198,925,505
1985,1,Fast,0.8929522633552551,110,996
1985,1,Fast,0.8888739943504333,549,918
1985,1,Fast,0.8646637201309204,673,657
1985,1,Fast,0.8041052222251892,912,543
1985,2,Slow,0.5226078629493713,841,562
1985,1,Fast,0.3823673129081726,922,507
1986,1,Fast,0.8975347280502319,562,909
1986,1,Fast,0.8855037093162537,90,1006
1986,1,Fast,0.8541657328605652,666,661
1986,1,Fast,0.6950757503509521,906,547
1986,1,Fast,0.6862088441848755,836,565
1987,1,Fast,0.891704261302948,573,901
1987,1,Fast,0.8529577255249023,660,665
1987,1,Fast,0.8449537754058838,69,1018
1987,1,Fast,0.6518623232841492,832,568
1988,1,Fast,0.8951444625854492,585,892
1988,1,Fast,0.8453651070594788,654,669
1988,1,Fast,0.8094004988670349,829,570
1988,1,Fast,0.6426075100898743,51,1030
1989,1,Fast,0.8796119093894958,595,884
1989,1,Fast,0.8770432472229004,825,572
1989,1,Fast,0.8275392651557922,889,559
1989,1,Fast,0.8270041942596436,648,672
1990,1,Fast,0.883059024810791,606,876
1990,1,Fast,0.8557864427566528,884,562
1990,1,Fast,0.8462052941322327,641,676
1990,1,Fast,0.8100415468215942,820,575
1990,2,Slow,0.6918079257011414,879,626
1991,1,Fast,0.8843237161636353,615,869
1991,1,Fast,0.8597755432128906,816,578
1991,1,Fast,0.8548352718353271,879,565
1991,1,Fast,0.8329747319221497,635,680
1991,2,Slow,0.48430851101875305,886,621
1992,1,Fast,0.8886860609054565,625,861
1992,1,Fast,0.8567175269126892,875,570
1992,1,Fast,0.8468897938728333,628,684
1992,1,Fast,0.7008618116378784,811,581
1993,1,Fast,0.9013034701347351,633,854
1993,1,Fast,0.8628173470497131,623,688
1993,1,Fast,0.8349185585975647,870,571
1993,2,Slow,0.6712412238121033,806,584
1993,1,Fast,0.41184940934181213,380,1037
1994,1,Fast,0.8775461316108704,642,848
1994,1,Fast,0.8516007661819458,615,692
1994,2,Slow,0.6632117629051208,801,588
1994,1,Fast,0.5993097424507141,863,576
1994,1,Fast,0.42718935012817383,385,1034
1994,1,Fast,0.3435055911540985,989,466
1995,1,Fast,0.8599337935447693,608,696
1995,1,Fast,0.8330551385879517,655,840
1995,1,Fast,0.7468500733375549,857,580
1995,1,Fast,0.5302241444587708,796,591
1995,2,Slow,0.3777177333831787,796,591
1996,1,Fast,0.86946040391922,665,832
1996,1,Fast,0.8651573657989502,601,700
1996,1,Fast,0.7860379219055176,790,594
1996,1,Fast,0.7670637369155884,883,533
1996,1,Fast,0.5920489430427551,852,583
1997,1,Fast,0.8623095750808716,678,824
1997,1,Fast,0.8579604625701904,595,704
1997,1,Fast,0.8072096109390259,786,597
1997,1,Fast,0.7361342906951904,846,587
1997,1,Fast,0.5982826352119446,880,535
1997,1,Fast,0.31101348996162415,1170,370
1998,1,Fast,0.8783987760543823,688,817
1998,1,Fast,0.8689499497413635,589,708
1998,1,Fast,0.6615958213806152,781,600
1998,1,Fast,0.63358074426651,838,592
1998,2,Slow,0.30140992999076843,934,589
1999,1,Fast,0.8828372359275818,697,810
1999,1,Fast,0.8815775513648987,580,713
1999,1,Fast,0.6597588658332825,776,603
1999,2,Slow,0.4660312831401825,939,584
1999,1,Fast,0.391249418258667,832,597
1999,2,Slow,0.3138698637485504,1189,340
2000,1,Fast,0.8790620565414429,574,716
2000,1,Fast,0.8727438449859619,705,804
2000,1,Fast,0.8024701476097107,825,601
2000,1,Fast,0.5580292344093323,771,605
2000,2,Slow,0.4829760491847992,1186,341
2000,2,Slow,0.420408695936203,945,580
2000,2,Slow,0.30950552225112915,771,605
2001,1,Fast,0.8812432885169983,566,721
2001,1,Fast,0.8740231990814209,715,797
2001,1,Fast,0.8243144750595093,766,609
2001,1,Fast,0.813657820224762,819,605
2002,1,Fast,0.8721287846565247,722,791
2002,1,Fast,0.8718868494033813,560,725
2002,1,Fast,0.8464599847793579,760,612
2002,1,Fast,0.8294922709465027,813,608
2003,1,Fast,0.8758258819580078,552,729
2003,1,Fast,0.8595505356788635,730,785
2003,1,Fast,0.7735797166824341,805,613
2003,1,Fast,0.6823354363441467,755,615
2004,1,Fast,0.8685938119888306,544,734
2004,1,Fast,0.8562525510787964,738,778
2004,1,Fast,0.7071337699890137,799,617
2004,1,Fast,0.6802209615707397,749,619
2005,1,Fast,0.8561409115791321,536,739
2005,1,Fast,0.8237817883491516,790,622
2005,1,Fast,0.7680686116218567,743,622
2005,1,Fast,0.7411676049232483,747,772
2006,1,Fast,0.8619958162307739,529,744
2006,1,Fast,0.8272296190261841,784,626
2006,1,Fast,0.810075044631958,738,626
2006,1,Fast,0.743053138256073,757,766
2007,1,Fast,0.8793175220489502,521,748
2007,1,Fast,0.8175796270370483,733,629
2007,1,Fast,0.7140623331069946,766,760
2007,1,Fast,0.7004787921905518,777,631
2007,0,VRU,0.35956263542175293,1005,483
2008,1,Fast,0.8801229000091553,513,752
2008,1,Fast,0.8232501745223999,727,633
2008,1,Fast,0.8225733637809753,775,753
2008,1,Fast,0.799669623374939,769,636
2009,1,Fast,0.8818284273147583,505,758
2009,1,Fast,0.8527767658233643,721,637
2009,1,Fast,0.8268982172012329,782,748
2009,1,Fast,0.5554079413414001,763,641
2010,1,Fast,0.8787695169448853,496,763
2010,1,Fast,0.8511201739311218,788,742
2010,1,Fast,0.8276692032814026,716,641
2010,1,Fast,0.794627845287323,756,646
2011,1,Fast,0.8812155723571777,489,768
2011,1,Fast,0.8556025624275208,798,736
2011,1,Fast,0.821934163570404,710,644
2011,1,Fast,0.7646011114120483,749,650
2012,1,Fast,0.8641074299812317,806,730
2012,1,Fast,0.8450780510902405,479,773
2012,1,Fast,0.7577455043792725,704,648
2012,1,Fast,0.45039042830467224,742,656
2013,1,Fast,0.8790243268013,469,779
2013,1,Fast,0.8356742858886719,813,725
2013,1,Fast,0.832521378993988,698,651
2013,1,Fast,0.3438276946544647,733,660
2014,1,Fast,0.8841825127601624,461,783
2014,1,Fast,0.8612142205238342,818,719
2014,1,Fast,0.7805913090705872,691,654
2014,1,Fast,0.5657299160957336,723,666
2015,1,Fast,0.8859248757362366,452,788
2015,1,Fast,0.8226459622383118,686,658
2015,1,Fast,0.7818886637687683,825,714
2016,1,Fast,0.8801553845405579,444,793
2016,1,Fast,0.82548588514328,678,662
2016,1,Fast,0.8231324553489685,833,709
2016,1,Fast,0.5022387504577637,707,675
2017,1,Fast,0.8803842067718506,435,798
2017,1,Fast,0.8391930460929871,673,665
2017,1,Fast,0.7937343120574951,842,704
2017,2,Slow,0.30903857946395874,1365,283
2018,1,Fast,0.8720377087593079,424,803
2018,1,Fast,0.853875458240509,849,699
2018,1,Fast,0.8195703029632568,667,669
2018,1,Fast,0.4527408182621002,689,687
2019,1,Fast,0.8705142736434937,416,809
2019,1,Fast,0.8392423391342163,661,673
2019,1,Fast,0.8365491032600403,856,693
2019,1,Fast,0.7964826822280884,680,693
2019,2,Slow,0.31873130798339844,1368,281
2019,0,VRU,0.3044886291027069,1045,508
2020,1,Fast,0.8877712488174438,408,815
2020,1,Fast,0.8155366778373718,654,678
2020,1,Fast,0.79532390832901,672,698
2020,1,Fast,0.745132565498352,864,688
2021,1,Fast,0.886690080165863,397,820
2021,1,Fast,0.8457589149475098,869,684
2021,1,Fast,0.8422191739082336,647,682
2021,1,Fast,0.8282344937324524,663,703
2022,1,Fast,0.8563392162322998,389,826
2022,1,Fast,0.8480172753334045,640,686
2022,1,Fast,0.8002289533615112,655,709
2022,1,Fast,0.6848365664482117,876,679
2023,1,Fast,0.8867162466049194,379,832
2023,1,Fast,0.8405435681343079,634,689
2023,1,Fast,0.7948880791664124,646,715
2023,1,Fast,0.5728977918624878,1086,425
2023,1,Fast,0.49448418617248535,888,528
2024,1,Fast,0.8821529746055603,368,838
2024,1,Fast,0.8458693623542786,628,694
2024,1,Fast,0.7783697843551636,637,722
2024,1,Fast,0.7539931535720825,884,530
2024,1,Fast,0.7140372395515442,1082,428
2024,2,Slow,0.49526894092559814,1282,374
2025,1,Fast,0.8772698044776917,359,843
2025,1,Fast,0.8575839400291443,624,729
2025,1,Fast,0.8545055985450745,622,697
2025,1,Fast,0.7119369506835938,1077,431
2025,1,Fast,0.6894975900650024,880,532
2025,1,Fast,0.6246312856674194,895,664
2025,2,Slow,0.32884833216667175,1283,373
2026,1,Fast,0.8851717710494995,348,849
2026,1,Fast,0.8381435871124268,614,703
2026,1,Fast,0.8228179812431335,615,735
2026,1,Fast,0.5147838592529297,876,535
2026,1,Fast,0.33958449959754944,1074,432
2027,1,Fast,0.8832259178161621,338,854
2027,1,Fast,0.8382762670516968,607,707
2027,1,Fast,0.7955816388130188,605,741
2027,2,Slow,0.4396778345108032,1286,372
2028,1,Fast,0.8831961750984192,327,860
2028,1,Fast,0.8571556806564331,600,711
2028,1,Fast,0.8291361927986145,596,747
2028,2,Slow,0.5405084490776062,1066,438
2028,0,VRU,0.49401524662971497,1216,322
2029,1,Fast,0.8895074725151062,317,866
2029,1,Fast,0.8632450699806213,592,716
2029,1,Fast,0.8358907699584961,586,754
2029,0,VRU,0.5093856453895569,1215,323
2029,2,Slow,0.49497097730636597,1063,441
2030,1,Fast,0.8977355360984802,306,872
2030,1,Fast,0.8598930835723877,584,720
2030,1,Fast,0.856416642665863,576,759
2030,1,Fast,0.43621155619621277,925,642
2030,2,Slow,0.3976939618587494,1291,367
2030,2,Slow,0.36506664752960205,1059,444
2031,1,Fast,0.9002655744552612,295,878
2031,1,Fast,0.8820785880088806,565,765
2031,1,Fast,0.8741134405136108,578,724
2031,1,Fast,0.6416777968406677,1056,447
2031,1,Fast,0.5382588505744934,931,638
2031,0,VRU,0.3980649709701538,1354,282
2031,2,Slow,0.38624513149261475,1292,366
2032,1,Fast,0.8878099322319031,284,885
2032,1,Fast,0.8853307366371155,555,772
2032,1,Fast,0.8698060512542725,571,729
2032,1,Fast,0.6227268576622009,937,634
2032,1,Fast,0.5536815524101257,1052,449
2032,0,VRU,0.5147614479064941,1355,281
2032,2,Slow,0.43883687257766724,1294,364
2032,1,Fast,0.3678138554096222,227,1062
2033,1,Fast,0.8999503254890442,273,892
2033,1,Fast,0.8829120397567749,544,779
2033,1,Fast,0.8784597516059875,563,733
2033,0,VRU,0.4282277822494507,1356,280
2033,1,Fast,0.42503878474235535,1046,453
2033,1,Fast,0.30280405282974243,943,630
2034,1,Fast,0.8946111798286438,261,898
2034,1,Fast,0.8810959458351135,533,786
2034,1,Fast,0.8786766529083252,555,739
2034,1,Fast,0.5635647773742676,948,625
2034,0,VRU,0.42304036021232605,1357,279
2035,1,Fast,0.9056841731071472,249,905
2035,1,Fast,0.8740406632423401,519,793
2035,1,Fast,0.8727939128875732,548,743
2035,0,VRU,0.4749731421470642,1357,278
2036,1,Fast,0.8983297944068909,238,912
2036,1,Fast,0.8789576292037964,509,799
2036,1,Fast,0.8726683855056763,540,748
2036,0,VRU,0.5819653868675232,1359,278
2036,2,Slow,0.38142699003219604,1033,461
2037,1,Fast,0.8987737894058228,226,919
2037,1,Fast,0.8877812623977661,531,753
2037,1,Fast,0.8862051367759705,497,807
2037,0,VRU,0.49885132908821106,1360,277
2038,1,Fast,0.9018368124961853,215,926
2038,1,Fast,0.8834779262542725,525,757
2038,1,Fast,0.8830594420433044,485,814
2038,1,Fast,0.6152366399765015,970,608
2038,0,VRU,0.5861752033233643,1362,276
2038,2,Slow,0.3219393789768219,1025,467
2038,2,Slow,0.311725914478302,833,594
2039,1,Fast,0.9060413241386414,202,933
2039,1,Fast,0.8855308294296265,516,762
2039,1,Fast,0.8598533272743225,473,822
2039,1,Fast,0.5777168273925781,1021,470
2039,0,VRU,0.4250684082508087,1363,275
2040,1,Fast,0.9110206365585327,190,940
2040,1,Fast,0.8705966472625732,460,830
2040,1,Fast,0.8700422644615173,506,767
2040,1,Fast,0.7429466247558594,1014,473
2040,2,Slow,0.593567430973053,1193,335
2041,1,Fast,0.8935052752494812,177,947
2041,1,Fast,0.8903305530548096,447,837
2041,1,Fast,0.8764504194259644,498,772
2041,1,Fast,0.7921394109725952,1011,477
2042,1,Fast,0.9005722403526306,435,846
2042,1,Fast,0.8969271183013916,164,956
2042,1,Fast,0.8809925317764282,490,776
2042,1,Fast,0.767364501953125,1006,479
2042,2,Slow,0.35103902220726013,1189,337
2043,1,Fast,0.8952299356460571,151,963
2043,1,Fast,0.8887630701065063,422,854
2043,1,Fast,0.8815932273864746,480,783
2043,1,Fast,0.5839551687240601,1000,482
2044,1,Fast,0.9022302031517029,138,970
2044,1,Fast,0.8921688795089722,409,862
2044,1,Fast,0.8850600719451904,470,788
2044,2,Slow,0.3614708483219147,1186,340
2045,1,Fast,0.8964849710464478,396,871
2045,1,Fast,0.8838908672332764,463,794
2045,1,Fast,0.8793246150016785,125,979
2045,1,Fast,0.525842010974884,992,489
2046,1,Fast,0.8956794738769531,379,879
2046,1,Fast,0.894352912902832,109,986
2046,1,Fast,0.8804650902748108,453,799
2046,1,Fast,0.5344416499137878,987,492
2047,1,Fast,0.8882257342338562,445,805
2047,1,Fast,0.8855886459350586,97,992
2047,1,Fast,0.877926766872406,366,888
2047,1,Fast,0.47897908091545105,984,495
2048,1,Fast,0.8924350142478943,435,811
2048,1,Fast,0.89231276512146,83,1000
2048,1,Fast,0.8731908202171326,351,897
2048,1,Fast,0.5874409675598145,978,498
2049,1,Fast,0.891005277633667,426,817
2049,1,Fast,0.8857903480529785,335,906
2049,1,Fast,0.8758684992790222,70,1008
2049,1,Fast,0.49107930064201355,972,502
2050,1,Fast,0.8875417709350586,415,822
2050,1,Fast,0.8658610582351685,322,916
2050,1,Fast,0.7054122090339661,967,505
2050,2,Slow,0.3787628710269928,741,655
2051,1,Fast,0.8898801207542419,406,827
2051,1,Fast,0.8805820941925049,305,925
2051,1,Fast,0.5975140929222107,961,509
2051,2,Slow,0.45219218730926514,1171,349
2051,1,Fast,0.4263024926185608,43,1025
2052,1,Fast,0.8865333199501038,397,833
2052,1,Fast,0.8831611275672913,288,934
2052,2,Slow,0.5530986785888672,1168,351
2053,1,Fast,0.8875357508659363,386,840
2053,1,Fast,0.8454532027244568,273,944
2053,2,Slow,0.7401068806648254,1167,352
2053,1,Fast,0.4729684889316559,713,673
2054,1,Fast,0.8937785625457764,376,846
2054,1,Fast,0.8479599952697754,256,955
2054,2,Slow,0.7711423635482788,1166,353
2054,2,Slow,0.6507276296615601,946,519
2054,2,Slow,0.4517376720905304,705,678
2055,1,Fast,0.8857384920120239,238,965
2055,1,Fast,0.8846578598022461,367,852
2055,2,Slow,0.7672582864761353,1163,355
2056,1,Fast,0.8812360763549805,355,858
2056,1,Fast,0.8731750845909119,222,976
2056,1,Fast,0.7945864200592041,935,527
2056,2,Slow,0.7349578142166138,1161,357
2057,1,Fast,0.8967852592468262,344,864
2057,1,Fast,0.879393994808197,929,531
2057,1,Fast,0.857699453830719,204,986
2057,1,Fast,0.34484368562698364,678,696
2057,2,Slow,0.3182351589202881,1158,357
2058,1,Fast,0.8936483263969421,335,870
2058,1,Fast,0.8863954544067383,186,997
2058,1,Fast,0.8635126948356628,923,535
2058,1,Fast,0.7446882724761963,669,703
2059,1,Fast,0.8863013982772827,324,877
2059,1,Fast,0.8605445623397827,916,539
2059,1,Fast,0.7950254082679749,168,1007
2059,1,Fast,0.7107741832733154,661,709
2060,1,Fast,0.8908707499504089,314,882
2060,1,Fast,0.8623898029327393,911,542
2060,1,Fast,0.4502696990966797,147,1019
2061,1,Fast,0.8914463520050049,302,889
2061,1,Fast,0.8602408170700073,905,546
2061,1,Fast,0.6910393834114075,129,1030
2062,1,Fast,0.8949743509292603,291,896
2062,1,Fast,0.5668006539344788,899,550
2062,1,Fast,0.4994998276233673,628,729
2062,1,Fast,0.3859456479549408,110,1042
2062,1,Fast,0.34394145011901855,703,645
2063,1,Fast,0.9017887115478516,279,903
2063,0,VRU,0.3544217348098755,1083,523
2064,1,Fast,0.9022306799888611,268,910
2064,1,Fast,0.6241917610168457,888,559
2064,2,Slow,0.3349347710609436,1143,368
2065,1,Fast,0.9016951322555542,256,916
2065,1,Fast,0.7964261174201965,881,563
2066,1,Fast,0.9010450839996338,243,924
2066,1,Fast,0.7439227104187012,874,567
2067,1,Fast,0.8971993923187256,230,931
2067,1,Fast,0.8004557490348816,671,663
2067,1,Fast,0.7255431413650513,867,572
2067,2,Slow,0.4726542532444,1136,372
2068,1,Fast,0.9000177383422852,218,938
2068,1,Fast,0.8290992975234985,859,576
2068,2,Slow,0.35037124156951904,1133,373
2069,1,Fast,0.8967663645744324,205,946
2069,1,Fast,0.8553990125656128,852,581
2070,1,Fast,0.9009428024291992,192,954
2070,1,Fast,0.6757487058639526,846,585
2070,1,Fast,0.4137207269668579,540,785
2071,1,Fast,0.8936043381690979,178,963
2071,1,Fast,0.558005690574646,840,589
2072,1,Fast,0.8837080001831055,164,970
2072,1,Fast,0.8098978996276855,832,594
2073,1,Fast,0.882606029510498,150,979
2073,1,Fast,0.806035041809082,825,599
2073,1,Fast,0.444288432598114,501,808
2074,1,Fast,0.8829805850982666,136,987
2074,1,Fast,0.8014562726020813,818,603
2074,1,Fast,0.6186625361442566,487,818
2074,1,Fast,0.38263973593711853,626,691
2075,1,Fast,0.8878636956214905,810,609
2075,1,Fast,0.8712084293365479,123,993
2075,1,Fast,0.7829277515411377,474,825
2075,1,Fast,0.4523111581802368,619,695
2076,1,Fast,0.8806054592132568,107,1001
2076,1,Fast,0.8678247332572937,803,613
2076,1,Fast,0.5797368884086609,460,834
2076,1,Fast,0.34807416796684265,612,699
2077,1,Fast,0.8737618327140808,95,1009
2077,1,Fast,0.8652011752128601,795,618
2077,1,Fast,0.7776862978935242,445,844
2078,1,Fast,0.8366862535476685,788,623
2078,1,Fast,0.7334546446800232,81,1017
2078,1,Fast,0.6488853693008423,597,709
2079,1,Fast,0.78868168592453,781,628
2079,1,Fast,0.6299222707748413,417,861
2079,1,Fast,0.5487663149833679,66,1027
2079,1,Fast,0.5103122591972351,593,713
2080,1,Fast,0.4864063262939453,403,869
2080,1,Fast,0.48491552472114563,772,633
2081,1,Fast,0.8415160179138184,764,639
2081,1,Fast,0.7133128643035889,385,880
2082,1,Fast,0.8515419363975525,755,644
2082,1,Fast,0.4190058708190918,371,889
2083,1,Fast,0.8615083694458008,748,649
2083,1,Fast,0.7643253207206726,358,898
2084,1,Fast,0.8317586779594421,739,655
2084,1,Fast,0.36978569626808167,342,909
2085,1,Fast,0.861901581287384,730,660
2085,1,Fast,0.35867220163345337,325,917
2086,1,Fast,0.8645820021629333,720,666
2086,1,Fast,0.48098623752593994,308,928
2087,1,Fast,0.8681377172470093,711,672
2087,1,Fast,0.5104755759239197,289,940
2088,1,Fast,0.8421464562416077,703,677
2088,1,Fast,0.4534859359264374,272,951
2089,1,Fast,0.8418933153152466,693,684
2089,1,Fast,0.42252930998802185,254,961
2090,1,Fast,0.8358948826789856,683,690
2090,1,Fast,0.4831244647502899,235,973
2091,1,Fast,0.8655794858932495,673,697
2091,1,Fast,0.332528293132782,215,986
2092,1,Fast,0.8715121746063232,664,702
2092,1,Fast,0.5971243381500244,193,999
2093,1,Fast,0.8572941422462463,654,709
2093,1,Fast,0.8127906918525696,177,1009
2094,1,Fast,0.8533615469932556,644,715
2094,1,Fast,0.5561090707778931,155,1022
2095,1,Fast,0.8550831079483032,633,722
2096,1,Fast,0.8614017963409424,621,728
2096,1,Fast,0.46953311562538147,116,1045
2097,1,Fast,0.8679019212722778,610,735
2097,1,Fast,0.8307176828384399,92,1052
2098,1,Fast,0.8523916006088257,601,743
2099,1,Fast,0.8587013483047485,589,750
2100,1,Fast,0.8691689968109131,578,757
2101,1,Fast,0.8478232026100159,568,763
2102,1,Fast,0.8194801211357117,556,771
2103,1,Fast,0.8804419636726379,544,778
2104,1,Fast,0.8737487196922302,531,787
2105,1,Fast,0.8795874714851379,516,795
2106,1,Fast,0.861997127532959,504,804
2107,1,Fast,0.8744234442710876,491,813
2108,1,Fast,0.8582721948623657,478,820
2109,1,Fast,0.8472579717636108,464,829
2109,2,Slow,0.4484187066555023,1013,452
2110,1,Fast,0.8544554710388184,449,836
2111,1,Fast,0.8600093126296997,436,846
2112,1,Fast,0.8551676273345947,422,854
2113,1,Fast,0.8689849376678467,407,864
2114,1,Fast,0.8833759427070618,393,873
2115,1,Fast,0.8904263973236084,374,882
2116,1,Fast,0.8834695816040039,359,892
2117,1,Fast,0.876249372959137,344,902
2117,2,Slow,0.42953863739967346,985,470
2117,2,Slow,0.3136786222457886,1242,401
2118,1,Fast,0.8556229472160339,326,912
2118,2,Slow,0.5209668874740601,981,473
2118,2,Slow,0.32675379514694214,1244,399
2119,1,Fast,0.8837775588035583,308,922
2119,2,Slow,0.655032217502594,978,475
2120,1,Fast,0.884600043296814,291,933
2121,1,Fast,0.8778456449508667,272,944
2121,2,Slow,0.40353426337242126,969,480
2122,1,Fast,0.8775385618209839,255,955
2122,2,Slow,0.6383722424507141,966,482
2123,1,Fast,0.8865840435028076,235,967
2123,2,Slow,0.6855918765068054,961,484
2124,1,Fast,0.8931261897087097,216,978
2124,2,Slow,0.7380278706550598,956,486
2125,1,Fast,0.8741869330406189,195,991
2125,2,Slow,0.7919526696205139,953,489
2126,1,Fast,0.8561860918998718,175,1002
2126,2,Slow,0.32519784569740295,950,491
2127,1,Fast,0.543876051902771,153,1015
2128,1,Fast,0.7205019593238831,135,1027
2129,1,Fast,0.5941038131713867,114,1039
2134,2,Slow,0.34831300377845764,913,515
2135,2,Slow,0.4795784056186676,908,518
2136,2,Slow,0.6463549733161926,905,519
2137,2,Slow,0.548355221748352,898,523
2138,2,Slow,0.44903597235679626,894,526
2139,2,Slow,0.5822523236274719,889,529
2145,1,Fast,0.47797727584838867,568,750
2155,2,Slow,0.4250710904598236,803,581
2157,2,Slow,0.530518651008606,791,589
2158,2,Slow,0.3803292214870453,784,593
2159,2,Slow,0.5159121751785278,776,597
2161,0,VRU,0.5071334838867188,1190,341
2162,0,VRU,0.34029483795166016,1188,342
2164,2,Slow,0.3533852696418762,746,616
2165,1,Fast,0.6694334149360657,331,1054
2166,1,Fast,0.8501952886581421,349,1047
2167,1,Fast,0.6646236181259155,364,1036
2168,1,Fast,0.8747725486755371,386,1022
2168,2,Slow,0.4652712047100067,719,633
2169,1,Fast,0.8983234167098999,402,1010
2169,2,Slow,0.5311942100524902,711,637
2170,1,Fast,0.9016503691673279,420,999
2170,2,Slow,0.6732943654060364,705,641
2171,1,Fast,0.8945642709732056,437,987
2171,2,Slow,0.384594589471817,698,647
2172,1,Fast,0.8946908712387085,454,975
2172,2,Slow,0.5854331254959106,690,651
2173,1,Fast,0.892192006111145,469,964
2174,1,Fast,0.8897249698638916,484,954
2175,1,Fast,0.8858389854431152,500,942
2175,0,VRU,0.4848386347293854,669,665
2176,1,Fast,0.8924175500869751,514,932
2177,1,Fast,0.8889957070350647,529,923
2178,1,Fast,0.8864517211914062,543,912
2179,1,Fast,0.8912618160247803,557,903
2179,0,VRU,0.30781012773513794,1402,244
2180,1,Fast,0.8934382796287537,570,893
2181,1,Fast,0.8809638023376465,582,884
2181,0,VRU,0.3547237515449524,616,695
2182,1,Fast,0.8729378581047058,595,875
2182,0,VRU,0.31233251094818115,609,699
2183,1,Fast,0.8728532791137695,608,865
2183,2,Slow,0.37216153740882874,600,705
2183,1,Fast,0.3111730217933655,377,1066
2184,1,Fast,0.8725742101669312,620,856
2184,1,Fast,0.534024715423584,389,1061
2185,1,Fast,0.8797324895858765,632,848
2185,1,Fast,0.5713406205177307,406,1056
2186,1,Fast,0.8366549611091614,643,839
2186,0,VRU,0.38959234952926636,20,170
2186,0,VRU,0.31936925649642944,575,720
2187,1,Fast,0.8554540276527405,656,831
2187,0,VRU,0.5528876781463623,565,726
2188,1,Fast,0.878560483455658,666,822
2188,0,VRU,0.3016194999217987,556,733
2189,1,Fast,0.8717465400695801,678,815
2190,1,Fast,0.8725906014442444,690,807
2190,2,Slow,0.3486208915710449,536,742
2191,1,Fast,0.8778935074806213,699,799
2192,1,Fast,0.8619586229324341,710,792
2192,1,Fast,0.4573591947555542,498,1010
2193,1,Fast,0.8601449131965637,721,784
2193,1,Fast,0.4936259984970093,507,1003
2194,1,Fast,0.8371966481208801,731,776
2195,1,Fast,0.8220568895339966,738,769
2195,1,Fast,0.6104577779769897,527,988
2196,1,Fast,0.8306882977485657,749,762
2196,1,Fast,0.6453473567962646,475,781
2196,0,VRU,0.4146536588668823,21,170
2197,1,Fast,0.8718222975730896,760,754
2197,0,VRU,0.31466060876846313,1370,295
2198,1,Fast,0.8726516366004944,768,748
2198,1,Fast,0.45224013924598694,453,795
2199,1,Fast,0.86741042137146,778,741
2200,1,Fast,0.8613702058792114,787,734
2201,1,Fast,0.8345485925674438,796,728
2201,1,Fast,0.4910832941532135,651,683
2202,1,Fast,0.5651699304580688,806,721
2202,1,Fast,0.5422800779342651,404,822
2203,1,Fast,0.6043649315834045,391,829
2204,1,Fast,0.8227146863937378,821,708
2204,1,Fast,0.49030330777168274,379,837
2205,1,Fast,0.6104466915130615,619,917
2206,1,Fast,0.7726622223854065,356,852
2206,1,Fast,0.7345255017280579,628,910
2206,1,Fast,0.6059452295303345,838,697
2207,1,Fast,0.8143466711044312,845,691
2207,1,Fast,0.7559939622879028,636,904
2208,1,Fast,0.7577238082885742,851,685
2208,1,Fast,0.7348477840423584,329,866
2208,1,Fast,0.3197132647037506,643,898
2209,1,Fast,0.6809782981872559,862,679
2209,1,Fast,0.5930712819099426,651,892
2209,1,Fast,0.34623047709465027,317,874
2210,1,Fast,0.6348639130592346,304,881
2211,1,Fast,0.548388659954071,291,890
2212,1,Fast,0.6925027370452881,275,898
2213,1,Fast,0.6764658689498901,260,907
2214,1,Fast,0.5908886790275574,895,652
2214,1,Fast,0.5548061728477478,250,914
2215,1,Fast,0.6833736896514893,904,646
2215,1,Fast,0.565578043460846,231,925
2216,1,Fast,0.503146231174469,910,641
2217,1,Fast,0.7969083786010742,196,944
2217,1,Fast,0.5566784739494324,919,636
2218,1,Fast,0.6674914956092834,182,953
2219,1,Fast,0.3009317219257355,933,626
2220,1,Fast,0.64900141954422,147,972
2227,0,VRU,0.36911943554878235,1006,462
2229,0,VRU,0.3978911340236664,998,467
2230,0,VRU,0.47470206022262573,995,469
2231,0,VRU,0.5177809000015259,991,472
2233,0,VRU,0.4560321867465973,981,477
2234,0,VRU,0.5517162084579468,977,480
2235,0,VRU,0.48207908868789673,974,482
2236,0,VRU,0.6405227780342102,970,485
2237,0,VRU,0.6467456817626953,967,487
2238,0,VRU,0.43913206458091736,963,490
2240,0,VRU,0.5491837859153748,954,495
2241,0,VRU,0.34329497814178467,950,498
2244,0,VRU,0.5449336767196655,933,507
2245,2,Slow,0.42572924494743347,1071,520
2245,0,VRU,0.34369659423828125,929,509
2246,2,Slow,0.6260035037994385,924,514
2247,0,VRU,0.4173053503036499,919,516
2248,2,Slow,0.5258584022521973,915,519
2255,0,VRU,0.3422597348690033,879,543
2259,0,VRU,0.3460244834423065,516,710
2260,0,VRU,0.36649683117866516,508,714
2261,0,VRU,0.5711047649383545,845,563
2262,0,VRU,0.4780195355415344,840,566
2268,2,Slow,0.3647702634334564,801,588
2269,2,Slow,0.5712922811508179,794,592
2270,2,Slow,0.76395583152771,789,596
2271,2,Slow,0.6146274209022522,782,601
2272,1,Fast,0.391947865486145,997,618
2274,0,VRU,0.31610745191574097,387,781
2277,2,Slow,0.4522658884525299,739,627
2278,2,Slow,0.4606337249279022,735,631
2279,2,Slow,0.30137869715690613,725,635
2280,2,Slow,0.6332521438598633,720,640
2281,2,Slow,0.46730542182922363,713,645
2282,2,Slow,0.3673585057258606,706,649
2285,1,Fast,0.39865559339523315,310,1064
2287,0,VRU,0.3726027309894562,982,495
2291,2,Slow,0.3196040689945221,630,694
2292,2,Slow,0.5408594608306885,619,701
2293,2,Slow,0.4625501036643982,614,705
2293,2,Slow,0.44042977690696716,1073,558
2293,2,Slow,0.41799408197402954,1234,396
2294,2,Slow,0.5591782927513123,1236,393
2299,0,VRU,0.7680760622024536,1250,383
2299,2,Slow,0.34142303466796875,554,741
2299,2,Slow,0.3024536371231079,1235,330
2300,0,VRU,0.8006694912910461,1252,381
2301,0,VRU,0.7259587645530701,1253,380
2301,2,Slow,0.44213443994522095,1232,333
2302,0,VRU,0.5341362953186035,1256,377
2302,2,Slow,0.5204876661300659,524,760
2302,2,Slow,0.4622710943222046,1230,334
2303,0,VRU,0.44310665130615234,1258,376
2303,2,Slow,0.3913741111755371,1228,336
2306,1,Fast,0.582747757434845,480,788
2307,1,Fast,0.45290085673332214,465,795
2308,1,Fast,0.49307915568351746,455,802
2309,1,Fast,0.7599905729293823,441,809
2309,0,VRU,0.31701481342315674,1272,366
2310,0,VRU,0.4655298590660095,1275,364
2310,2,Slow,0.4509619176387787,429,816
2311,1,Fast,0.7674629092216492,419,824
2311,0,VRU,0.4078909158706665,1277,361
2312,1,Fast,0.4771282970905304,405,831
2313,0,VRU,0.5364409685134888,1280,358
2313,1,Fast,0.5312982201576233,394,838
2314,0,VRU,0.7111585140228271,1282,357
2314,1,Fast,0.30091577768325806,380,846
2315,1,Fast,0.8172946572303772,367,854
2315,0,VRU,0.7764276266098022,1284,355
2316,0,VRU,0.7819875478744507,1287,353
2316,1,Fast,0.34333378076553345,353,862
2316,2,Slow,0.3370193839073181,1134,506
2317,0,VRU,0.6789197325706482,1288,352
2318,1,Fast,0.6650023460388184,326,878
2318,0,VRU,0.5307899713516235,1290,350
2318,2,Slow,0.4824148118495941,1142,501
2319,2,Slow,0.5251654982566833,1144,499
2319,0,VRU,0.5179895162582397,1292,349
2320,1,Fast,0.714763343334198,298,894
2321,2,Slow,0.4968390166759491,1296,345
2321,1,Fast,0.4654581546783447,281,905
2322,1,Fast,0.8627970218658447,267,913
2322,2,Slow,0.7183412909507751,1298,344
2322,2,Slow,0.551510751247406,1151,492
2323,2,Slow,0.6314678192138672,1300,343
2323,2,Slow,0.6070006489753723,1152,491
2323,1,Fast,0.3611504137516022,250,922
2324,1,Fast,0.6567423343658447,234,932
2324,2,Slow,0.5761398077011108,1303,341
2324,2,Slow,0.3898228704929352,1155,488
2325,1,Fast,0.6458854675292969,217,940
2325,2,Slow,0.5195070505142212,1158,486
2325,2,Slow,0.43782302737236023,1305,339
2326,1,Fast,0.7890962958335876,201,950
2326,2,Slow,0.46975255012512207,1160,484
2327,1,Fast,0.693546712398529,182,960
2327,2,Slow,0.44625619053840637,1161,483
2328,1,Fast,0.7577796578407288,166,971
2328,0,VRU,0.5551655292510986,1310,335
2329,1,Fast,0.7865740060806274,149,981
2329,0,VRU,0.46244388818740845,1311,334
2330,1,Fast,0.8133273720741272,128,992
2330,0,VRU,0.5988860130310059,1313,332
2331,1,Fast,0.8417918086051941,118,1000
2331,0,VRU,0.30796152353286743,1315,331
2332,1,Fast,0.8186039328575134,98,1013
2333,1,Fast,0.7648324370384216,77,1024
2334,1,Fast,0.6426156163215637,59,1032
2335,1,Fast,0.6392984986305237,40,1046
2335,0,VRU,0.4413510859012604,1323,325
2335,2,Slow,0.3370617926120758,1181,468
2336,2,Slow,0.4835374057292938,1325,324
2337,0,VRU,0.5938710570335388,1326,323
2338,2,Slow,0.6952196359634399,1327,322
2339,2,Slow,0.6020185947418213,1329,321
2340,2,Slow,0.4166770279407501,1332,320
2341,2,Slow,0.5481216311454773,1332,318
2341,2,Slow,0.35058823227882385,1193,457
2342,2,Slow,0.6411733627319336,1333,316
2343,2,Slow,0.5968030691146851,1334,315
2344,2,Slow,0.5817866921424866,1336,313
2345,2,Slow,0.4267062544822693,1339,312
2346,2,Slow,0.334641695022583,1341,311
2347,2,Slow,0.3884311020374298,1343,309
2348,2,Slow,0.4858522415161133,1343,308
2349,0,VRU,0.6515969038009644,1345,307
2350,0,VRU,0.555120587348938,1346,307
2350,2,Slow,0.47308260202407837,1213,442
2351,2,Slow,0.5917868614196777,1215,440
2351,0,VRU,0.42356303334236145,1347,305
2352,2,Slow,0.6850501894950867,1217,438
2352,2,Slow,0.3632764220237732,1113,412
2353,2,Slow,0.49437403678894043,1219,436
2353,2,Slow,0.31483790278434753,1110,414
2354,2,Slow,0.5386607050895691,1221,435
2355,2,Slow,0.6752273440361023,1222,434
2355,1,Fast,0.483222097158432,855,557
2356,2,Slow,0.7205178737640381,1223,433
2356,1,Fast,0.3020322918891907,851,559
2357,2,Slow,0.7185484766960144,1225,431
2357,1,Fast,0.36532896757125854,845,563
2358,2,Slow,0.7554944753646851,1227,430
2359,2,Slow,0.7012905478477478,1228,428
2359,2,Slow,0.3397088646888733,1092,428
2360,2,Slow,0.7163523435592651,1230,427
2360,2,Slow,0.6063040494918823,1089,430
2361,1,Fast,0.4215627610683441,822,575
2361,2,Slow,0.3317049443721771,1086,431
2362,0,VRU,0.32177844643592834,1186,344
2363,1,Fast,0.308406800031662,1080,435
2364,2,Slow,0.5017998218536377,1075,437
2364,1,Fast,0.45971977710723877,804,586
2366,1,Fast,0.5219846963882446,1070,442
2366,2,Slow,0.3516775965690613,1369,286
2367,1,Fast,0.7578213810920715,1067,444
2368,1,Fast,0.6604145169258118,1064,446
2368,1,Fast,0.5101215839385986,780,599
2370,2,Slow,0.4658942222595215,1248,411
2370,0,VRU,0.3853263258934021,1174,353
2371,1,Fast,0.6117682456970215,1052,453
2371,2,Slow,0.5243228077888489,1248,410
2372,1,Fast,0.5859483480453491,1049,456
2372,2,Slow,0.47094616293907166,1250,409
2372,1,Fast,0.44253861904144287,753,616
2373,1,Fast,0.49368274211883545,1045,459
2373,2,Slow,0.3585488796234131,1252,407
2374,1,Fast,0.3767019212245941,318,904
2375,1,Fast,0.8057555556297302,305,912
2376,1,Fast,0.7655937075614929,442,982
2376,1,Fast,0.7051894068717957,291,921
2376,1,Fast,0.5018057823181152,729,630
2376,0,VRU,0.3805912137031555,1163,360
2377,0,VRU,0.5051863789558411,1161,362
2378,1,Fast,0.781722366809845,261,939
2378,1,Fast,0.5721362233161926,715,640
2378,0,VRU,0.49851301312446594,1160,363
2378,1,Fast,0.3587173521518707,1029,471
2378,1,Fast,0.3341950476169586,475,967
2379,0,VRU,0.7080543041229248,1158,364
2379,1,Fast,0.6574321389198303,1024,474
2379,1,Fast,0.6187214851379395,246,948
2379,1,Fast,0.6154456734657288,709,644
2380,1,Fast,0.7883805632591248,1020,477
2380,1,Fast,0.6149035692214966,231,956
2380,1,Fast,0.6131578087806702,701,649
2380,0,VRU,0.474393367767334,1156,364
2381,1,Fast,0.6793305277824402,1016,479
2381,1,Fast,0.6618711948394775,694,652
2382,1,Fast,0.8280028700828552,686,656
2382,2,Slow,0.4972681999206543,1011,482
2382,2,Slow,0.45357972383499146,1100,504
2382,1,Fast,0.3232515752315521,1012,481
2383,1,Fast,0.8191594481468201,679,661
2383,2,Slow,0.7895509600639343,1007,484
2383,0,VRU,0.3095337450504303,1150,370
2384,2,Slow,0.8260900974273682,1003,486
2384,1,Fast,0.6317766904830933,673,666
2384,0,VRU,0.32130712270736694,1148,372
2385,2,Slow,0.8322830200195312,999,490
2386,2,Slow,0.6771796941757202,996,492
2386,1,Fast,0.5862430930137634,656,675
2387,2,Slow,0.7163565754890442,992,495
2387,2,Slow,0.3086438477039337,1274,388
2388,2,Slow,0.6273391842842102,1275,387
2388,2,Slow,0.4470828175544739,1399,266
2388,2,Slow,0.3262732923030853,989,497
2388,1,Fast,0.31635090708732605,989,497
2389,2,Slow,0.7323828935623169,1276,387
2389,2,Slow,0.32170841097831726,984,500
2389,2,Slow,0.30629539489746094,1401,265
2390,2,Slow,0.6941253542900085,1278,386
2390,1,Fast,0.5809548497200012,979,503
2390,2,Slow,0.5686928033828735,1403,263
2391,2,Slow,0.6729662418365479,1281,384
2391,1,Fast,0.596097469329834,974,506
2392,2,Slow,0.6136033535003662,1406,262
2392,2,Slow,0.514423668384552,970,509
2392,2,Slow,0.4579092860221863,1281,382
2392,0,VRU,0.3447630703449249,1133,381
2393,2,Slow,0.683045506477356,965,512
2393,1,Fast,0.6118839979171753,598,709
2393,0,VRU,0.4568040072917938,1131,382
2393,2,Slow,0.3458971679210663,1406,261
2393,2,Slow,0.3322731554508209,1284,381
2394,1,Fast,0.6391582489013672,590,714
2394,2,Slow,0.5823476910591125,961,514
2394,0,VRU,0.4238373637199402,1129,384
2394,0,VRU,0.3391818106174469,1285,380
2395,1,Fast,0.7610563635826111,580,719
2395,2,Slow,0.7362139225006104,957,518
2396,2,Slow,0.35523712635040283,952,521
2397,2,Slow,0.47801366448402405,947,524
2397,2,Slow,0.4752338230609894,1288,377
2398,2,Slow,0.6732518672943115,943,527
2398,2,Slow,0.5200254917144775,1289,376
2399,2,Slow,0.42004188895225525,937,530
2399,1,Fast,0.34100010991096497,937,530
2399,2,Slow,0.33900758624076843,1291,375
2400,2,Slow,0.6027463674545288,1293,373
2400,1,Fast,0.5343484282493591,931,534
2401,2,Slow,0.6912844777107239,1294,373
2401,1,Fast,0.609826922416687,927,537
2401,0,VRU,0.45149725675582886,1114,394
2401,0,VRU,0.31137901544570923,1127,376
2402,2,Slow,0.6636072397232056,1296,371
2402,1,Fast,0.5429288744926453,921,540
2402,0,VRU,0.4214649796485901,1112,394
2403,2,Slow,0.75115966796875,1298,370
2403,1,Fast,0.6696237325668335,917,543
2404,2,Slow,0.7756879329681396,1300,369
2404,2,Slow,0.3550957143306732,911,546
2405,2,Slow,0.639831006526947,1302,368
2406,2,Slow,0.6219813823699951,1303,367
2407,2,Slow,0.5312109589576721,896,557
2407,2,Slow,0.4094924330711365,1303,366
2408,1,Fast,0.6823294162750244,890,561
2409,1,Fast,0.7931666374206543,885,564
2410,1,Fast,0.6285281181335449,879,568
2411,1,Fast,0.7775819301605225,873,571
2412,1,Fast,0.7316620349884033,866,575
2413,1,Fast,0.6068680286407471,861,579
2414,1,Fast,0.7803258895874023,855,582
2415,2,Slow,0.35298898816108704,1313,357
2416,1,Fast,0.5538378357887268,842,591
2417,1,Fast,0.7094584703445435,837,595
2418,1,Fast,0.8386727571487427,830,598
2419,1,Fast,0.8286104202270508,825,602
2420,1,Fast,0.856895387172699,818,606
2421,1,Fast,0.8603872656822205,811,611
2422,1,Fast,0.8781061768531799,804,615
2423,1,Fast,0.8652674555778503,797,619
2424,1,Fast,0.866016149520874,791,624
2425,1,Fast,0.3874415457248688,785,628
2427,1,Fast,0.5975504517555237,770,638
2428,1,Fast,0.8124741315841675,763,643
2429,1,Fast,0.8563433289527893,756,646
2430,1,Fast,0.8594295382499695,749,651
2431,1,Fast,0.8378855586051941,742,656
2432,1,Fast,0.8338711857795715,733,660
2433,1,Fast,0.8670069575309753,725,665
2434,1,Fast,0.8339077830314636,717,670
2436,1,Fast,0.8316530585289001,701,681
2437,1,Fast,0.7514328360557556,694,686
2437,1,Fast,0.5835874080657959,400,1057
2438,1,Fast,0.7197353839874268,686,691
2438,1,Fast,0.625235915184021,413,1053
2439,1,Fast,0.8635169863700867,676,696
2439,1,Fast,0.7894249558448792,419,1050
2440,1,Fast,0.8731594681739807,667,701
2440,1,Fast,0.7518082857131958,425,1046
2441,1,Fast,0.8620719313621521,659,707
2441,1,Fast,0.6905827522277832,448,1040
2442,1,Fast,0.8285077810287476,651,712
2442,1,Fast,0.8227545022964478,461,1030
2442,2,Slow,0.4091395139694214,1347,329
2443,1,Fast,0.8599417805671692,641,718
2443,1,Fast,0.7916969060897827,470,1023
2444,1,Fast,0.8668588399887085,630,724
2444,1,Fast,0.8327707648277283,481,1014
2444,2,Slow,0.4268936216831207,1348,328
2445,1,Fast,0.862159252166748,621,729
2445,1,Fast,0.8170815110206604,492,1007
2445,0,VRU,0.30536264181137085,1350,327
2446,1,Fast,0.8438576459884644,611,736
2446,1,Fast,0.8135697841644287,501,1001
2446,0,VRU,0.3068277835845947,1351,326
2447,1,Fast,0.8363943696022034,508,994
2447,1,Fast,0.8036208748817444,602,742
2447,2,Slow,0.3259384334087372,1351,325
2447,0,VRU,0.30157411098480225,1352,325
2448,1,Fast,0.8556270599365234,521,986
2448,1,Fast,0.7339727878570557,593,747
2449,1,Fast,0.8586699962615967,530,979
2449,1,Fast,0.8332443833351135,583,754
2450,1,Fast,0.8630417585372925,537,973
2450,1,Fast,0.8560879230499268,573,760
2451,1,Fast,0.8576924800872803,562,766
2451,1,Fast,0.8139222264289856,547,966
2452,1,Fast,0.8436892628669739,552,773
2452,1,Fast,0.7560001015663147,557,959
2453,1,Fast,0.8550131320953369,541,779
2453,1,Fast,0.8388941287994385,562,952
2454,1,Fast,0.8773375153541565,529,787
2454,1,Fast,0.8454963564872742,572,946
2455,1,Fast,0.8735053539276123,517,793
2455,1,Fast,0.8086555004119873,582,940
2456,1,Fast,0.7373271584510803,506,801
2456,1,Fast,0.6701205968856812,590,934
2457,1,Fast,0.8235857486724854,494,809
2457,1,Fast,0.7871481776237488,321,1054
2457,1,Fast,0.7630824446678162,597,927
2458,1,Fast,0.8691854476928711,483,816
2458,1,Fast,0.817601203918457,341,1048
2458,1,Fast,0.7916978001594543,605,921
2459,1,Fast,0.8492578268051147,351,1041
2459,1,Fast,0.8431808948516846,471,822
2459,1,Fast,0.8275633454322815,614,914
2459,0,VRU,0.450253963470459,1365,314
2460,1,Fast,0.89333176612854,369,1030
2460,1,Fast,0.8806681632995605,458,829
2460,1,Fast,0.8192542195320129,619,909
2460,0,VRU,0.4192632734775543,1366,313
2461,1,Fast,0.8803879022598267,384,1020
2461,1,Fast,0.8775212168693542,446,837
2461,1,Fast,0.7806830406188965,629,903
2461,0,VRU,0.4406006336212158,1368,313
2462,1,Fast,0.8898863196372986,434,844
2462,1,Fast,0.8835641741752625,399,1009
2462,1,Fast,0.8231359124183655,638,897
2462,0,VRU,0.45310166478157043,1369,312
2463,1,Fast,0.8930508494377136,413,999
2463,1,Fast,0.8901376128196716,421,852
2463,1,Fast,0.850013256072998,647,892
2463,0,VRU,0.4844803810119629,1370,312
2464,1,Fast,0.8992967009544373,428,989
2464,1,Fast,0.8928232192993164,408,861
2464,1,Fast,0.8543965220451355,653,885
2464,0,VRU,0.43387937545776367,1370,311
2465,1,Fast,0.8950219750404358,442,979
2465,1,Fast,0.882230281829834,394,869
2465,1,Fast,0.8518076539039612,662,880
2466,1,Fast,0.8986797332763672,455,970
2466,1,Fast,0.8983190059661865,380,877
2466,1,Fast,0.8003917336463928,666,874
2467,1,Fast,0.8923707604408264,468,961
2467,1,Fast,0.8908932209014893,366,886
2467,1,Fast,0.7347266674041748,675,868
2467,0,VRU,0.3401659429073334,1374,309
2468,1,Fast,0.9004141688346863,352,895
2468,1,Fast,0.8938115239143372,482,952
2468,1,Fast,0.8192332983016968,683,863
2468,0,VRU,0.5034732222557068,1374,308
2469,1,Fast,0.893429696559906,337,904
2469,1,Fast,0.8863534927368164,494,944
2469,1,Fast,0.8464736342430115,688,858
2469,0,VRU,0.4179464280605316,1375,307
2470,1,Fast,0.8934512734413147,508,934
2470,1,Fast,0.885388195514679,322,913
2470,1,Fast,0.8282488584518433,695,852
2470,0,VRU,0.4316162168979645,1376,306
2471,1,Fast,0.8990795016288757,307,921
2471,1,Fast,0.893534779548645,520,926
2471,1,Fast,0.5193156003952026,700,848
2472,1,Fast,0.8919135332107544,530,918
2472,1,Fast,0.891192615032196,291,930
2472,1,Fast,0.5299148559570312,710,842
2473,1,Fast,0.8950246572494507,275,940
2473,1,Fast,0.8936174511909485,543,910
2473,1,Fast,0.5690454840660095,718,836
2474,1,Fast,0.8929775357246399,555,901
2474,1,Fast,0.8790249228477478,258,950
2474,1,Fast,0.5853766202926636,725,831
2475,1,Fast,0.8903160095214844,242,960
2475,1,Fast,0.887316882610321,566,893
2475,1,Fast,0.5609468817710876,732,826
2476,1,Fast,0.8912032842636108,226,970
2476,1,Fast,0.8789439797401428,577,884
2476,1,Fast,0.4987066090106964,737,820
2477,1,Fast,0.8780346512794495,209,980
2477,1,Fast,0.8769088387489319,588,877
2477,1,Fast,0.3754372000694275,743,816
2477,0,VRU,0.32178938388824463,1325,327
2478,1,Fast,0.8707165122032166,191,991
2478,1,Fast,0.7463980913162231,598,870
2478,1,Fast,0.5238404273986816,751,811
2478,0,VRU,0.47766050696372986,1327,326
2478,0,VRU,0.31562718749046326,876,543
2479,1,Fast,0.7952761054039001,172,1002
2479,1,Fast,0.7199123501777649,757,807
2479,0,VRU,0.6364629864692688,1329,325
2479,1,Fast,0.6281092166900635,610,862
2480,1,Fast,0.8488121628761292,619,854
2480,1,Fast,0.7126079201698303,763,802
2480,1,Fast,0.6247528791427612,156,1012
2480,0,VRU,0.5992767810821533,1331,324
2480,2,Slow,0.32505694031715393,1385,298
2481,1,Fast,0.8802627325057983,629,847
2481,1,Fast,0.6989724040031433,135,1022
2481,1,Fast,0.5842512249946594,767,797
2481,0,VRU,0.4704033136367798,1332,322
2482,1,Fast,0.872856616973877,640,840
2482,2,Slow,0.5251398086547852,1386,296
2482,1,Fast,0.4444423317909241,774,792
2483,1,Fast,0.849793553352356,649,833
2483,1,Fast,0.4571291208267212,782,787
2483,0,VRU,0.3049699068069458,1335,320
2484,1,Fast,0.741101086139679,786,783
2484,1,Fast,0.6227226257324219,659,826
2484,2,Slow,0.3883708417415619,1389,295
2485,1,Fast,0.8809133172035217,669,818
2485,1,Fast,0.7545737624168396,792,777
2485,2,Slow,0.37544021010398865,1337,317
2485,2,Slow,0.30064651370048523,1390,293
2486,1,Fast,0.8655600547790527,679,813
2486,2,Slow,0.3661377727985382,1338,316
2487,1,Fast,0.8535323143005371,687,806
2487,1,Fast,0.45222970843315125,803,770
2488,1,Fast,0.7769404053688049,696,799
2488,1,Fast,0.548122227191925,810,765
2488,1,Fast,0.36590683460235596,30,173
2489,1,Fast,0.5842901468276978,705,793
2489,1,Fast,0.4029924273490906,30,173
2489,1,Fast,0.3460436761379242,817,760
2489,0,VRU,0.3153555393218994,31,167
2490,1,Fast,0.38688787817955017,29,174
2490,1,Fast,0.3712218999862671,714,787
2490,2,Slow,0.3289314806461334,1242,314
2491,1,Fast,0.3787195682525635,29,174
2492,1,Fast,0.4313497543334961,29,174
2493,1,Fast,0.46360263228416443,739,768
2493,1,Fast,0.3991253077983856,29,174
2494,1,Fast,0.7820457220077515,747,762
2495,1,Fast,0.497610479593277,882,536
2495,1,Fast,0.4467822313308716,850,734
2495,1,Fast,0.44264402985572815,754,757
2496,1,Fast,0.5935443639755249,763,750
2497,1,Fast,0.7555338144302368,771,745
2503,1,Fast,0.6300565600395203,753,617
2503,1,Fast,0.5702797770500183,567,706
2503,2,Slow,0.4701318144798279,984,459
2504,2,Slow,0.38500988483428955,981,461
2504,1,Fast,0.3488346338272095,560,710
2505,2,Slow,0.5846718549728394,978,463
2507,1,Fast,0.5714985132217407,730,631
2508,1,Fast,0.38901054859161377,535,724
2508,2,Slow,0.3607970178127289,969,468
2508,2,Slow,0.34218382835388184,724,634
2511,2,Slow,0.4749724566936493,1057,432
2511,1,Fast,0.40284812450408936,958,474
2511,2,Slow,0.3185253143310547,707,645
2512,1,Fast,0.37965887784957886,954,476
2513,2,Slow,0.4242095351219177,694,653
2513,2,Slow,0.4184047281742096,1052,435
2517,1,Fast,0.5227586030960083,1311,285
2518,1,Fast,0.6116859912872314,1310,286
2519,1,Fast,0.4825459122657776,1307,287
2520,1,Fast,0.3939068913459778,1306,288
2521,1,Fast,0.42534422874450684,643,684
2521,1,Fast,0.36023062467575073,970,640
2522,1,Fast,0.6461615562438965,635,689
2522,1,Fast,0.3616084158420563,436,783
2523,1,Fast,0.567232072353363,429,787
2523,2,Slow,0.3244011104106903,1024,454
2524,1,Fast,0.591461718082428,1298,294
2524,1,Fast,0.4345105290412903,420,791
2524,0,VRU,0.36611929535865784,1390,277
2524,2,Slow,0.32176291942596436,1021,456
2525,0,VRU,0.427485853433609,1391,276
2525,1,Fast,0.3130218982696533,1296,295
2526,2,Slow,0.33441251516342163,1014,460
2527,2,Slow,0.4203326106071472,1012,462
2527,1,Fast,0.4081783890724182,599,710
2528,1,Fast,0.7242916822433472,592,715
2529,1,Fast,0.6837161183357239,585,719
2530,1,Fast,0.6385416984558105,577,725
2531,1,Fast,0.606146514415741,570,729
2531,1,Fast,0.40385738015174866,321,1061
2531,1,Fast,0.30264613032341003,884,519
2532,1,Fast,0.49116700887680054,881,521
2532,0,VRU,0.3793182075023651,32,168
2532,1,Fast,0.37895408272743225,31,173
2533,1,Fast,0.4807029068470001,877,523
2533,1,Fast,0.4702381193637848,993,473
2533,0,VRU,0.38784247636795044,33,168
2533,1,Fast,0.3786129653453827,31,174
2534,1,Fast,0.7171080708503723,1276,309
2534,1,Fast,0.6595361828804016,873,526
2534,1,Fast,0.42419371008872986,1278,286
2534,0,VRU,0.40694206953048706,33,168
2534,1,Fast,0.40552157163619995,31,174
2534,1,Fast,0.3094370365142822,991,475
2535,1,Fast,0.8092178702354431,869,528
2535,1,Fast,0.6237945556640625,534,748
2535,1,Fast,0.5191506743431091,1274,310
2535,1,Fast,0.39946839213371277,988,476
2535,1,Fast,0.37523353099823,1277,287
2535,0,VRU,0.34240809082984924,33,168
2536,1,Fast,0.8247012495994568,864,531
2536,1,Fast,0.7851397395133972,681,660
2536,2,Slow,0.5693698525428772,527,752
2536,1,Fast,0.41170734167099,1272,312
2536,0,VRU,0.34235677123069763,33,168
2536,2,Slow,0.3201286792755127,401,1024
2537,1,Fast,0.8233697414398193,860,533
2537,1,Fast,0.728843092918396,1269,313
2537,1,Fast,0.36300578713417053,1029,593
2538,1,Fast,0.8506721258163452,855,535
2538,1,Fast,0.748663604259491,1267,315
2538,1,Fast,0.7465383410453796,426,1006
2538,1,Fast,0.6014067530632019,512,763
2538,1,Fast,0.3612503111362457,1273,289
2538,0,VRU,0.3335188925266266,33,168
2539,1,Fast,0.7322515249252319,1265,317
2539,1,Fast,0.6931296586990356,851,538
2539,1,Fast,0.5695959329605103,439,998
2539,2,Slow,0.516033411026001,1157,369
2540,1,Fast,0.7492305636405945,451,991
2540,2,Slow,0.560998260974884,1155,370
2540,1,Fast,0.4899705946445465,847,541
2540,1,Fast,0.43182143568992615,1262,319
2540,1,Fast,0.3947121202945709,1018,564
2541,1,Fast,0.8309777975082397,485,780
2541,1,Fast,0.7630448341369629,842,543
2541,2,Slow,0.6077863574028015,1153,372
2541,1,Fast,0.5717320442199707,465,981
2541,1,Fast,0.5034603476524353,1260,320
2542,1,Fast,0.8047200441360474,475,972
2542,1,Fast,0.7863525152206421,477,785
2542,1,Fast,0.5578678846359253,838,546
2542,2,Slow,0.49822378158569336,1151,373
2542,1,Fast,0.37455227971076965,964,492
2542,1,Fast,0.3109501600265503,31,174
2543,1,Fast,0.8087864518165588,486,965
2543,1,Fast,0.7965556383132935,467,791
2543,1,Fast,0.6226489543914795,832,549
2543,1,Fast,0.45590394735336304,961,494
2543,2,Slow,0.37641558051109314,1148,374
2543,1,Fast,0.31043586134910583,31,174
2544,1,Fast,0.7962414026260376,458,796
2544,1,Fast,0.6695828437805176,498,957
2544,1,Fast,0.6029465794563293,828,551
2545,1,Fast,0.7364771962165833,447,802
2545,2,Slow,0.5288960337638855,823,554
2545,2,Slow,0.3801374137401581,954,498
2546,1,Fast,0.7045820951461792,819,556
2546,2,Slow,0.44499340653419495,438,807
2546,1,Fast,0.436556339263916,520,940
2546,2,Slow,0.3964281976222992,754,535
2546,0,VRU,0.36982882022857666,35,168
2546,1,Fast,0.350005567073822,31,173
2547,1,Fast,0.835510790348053,814,559
2547,1,Fast,0.7172217965126038,428,813
2547,0,VRU,0.5221600532531738,35,168
2547,1,Fast,0.42635074257850647,32,173
2547,2,Slow,0.3501620292663574,753,535
2548,1,Fast,0.7586681246757507,419,819
2548,1,Fast,0.6494405269622803,809,562
2548,2,Slow,0.5889946818351746,941,506
2548,0,VRU,0.4892094135284424,35,167
2548,1,Fast,0.34619197249412537,32,173
2549,1,Fast,0.784824550151825,804,565
2549,1,Fast,0.6684035658836365,408,825
2549,1,Fast,0.5340855121612549,594,713
2549,0,VRU,0.453631728887558,35,167
2549,2,Slow,0.36270737648010254,939,508
2549,2,Slow,0.3468959629535675,753,535
2550,2,Slow,0.5600865483283997,935,510
2550,0,VRU,0.5490432977676392,35,168
2550,2,Slow,0.5310434699058533,398,831
2550,1,Fast,0.5097496509552002,33,174
2550,1,Fast,0.49196717143058777,799,567
2550,2,Slow,0.3323948383331299,752,536
2551,1,Fast,0.5178268551826477,389,836
2551,0,VRU,0.49302050471305847,35,168
2551,1,Fast,0.4539094567298889,33,174
2551,2,Slow,0.42738667130470276,932,513
2551,2,Slow,0.3572689890861511,389,836
2552,1,Fast,0.7214919924736023,379,842
2552,0,VRU,0.34177470207214355,35,168
2552,1,Fast,0.3309858441352844,33,174
2553,1,Fast,0.7311391830444336,368,848
2553,0,VRU,0.3668169677257538,1075,524
2554,1,Fast,0.8294772505760193,358,855
2554,0,VRU,0.5595808029174805,1078,521
2554,2,Slow,0.4029759168624878,919,520
2555,1,Fast,0.8081239461898804,346,861
2555,1,Fast,0.4927666485309601,609,875
2555,0,VRU,0.3405250310897827,1080,519
2556,1,Fast,0.7490339279174805,335,867
2556,1,Fast,0.5315757989883423,910,525
2556,0,VRU,0.3425150513648987,1085,515
2557,1,Fast,0.7218152284622192,535,748
2557,1,Fast,0.3216986358165741,907,527
2558,1,Fast,0.622382640838623,903,529
2559,1,Fast,0.6820273995399475,899,532
2559,1,Fast,0.576005220413208,304,887
2559,0,VRU,0.44349709153175354,1098,506
2560,1,Fast,0.3930635154247284,290,894
2560,1,Fast,0.3074520230293274,1101,534
2561,1,Fast,0.7011492848396301,743,600
2561,1,Fast,0.5535763502120972,504,770
2561,0,VRU,0.42602258920669556,1104,502
2561,2,Slow,0.35074013471603394,278,902
2561,1,Fast,0.31964772939682007,890,537
2562,1,Fast,0.6186103820800781,738,604
2562,1,Fast,0.4931718707084656,266,908
2562,0,VRU,0.4125111997127533,1107,500
2563,1,Fast,0.7879656553268433,485,780
2563,1,Fast,0.7123220562934875,731,607
2563,2,Slow,0.5039306879043579,254,916
2564,0,VRU,0.6271692514419556,1114,494
2564,1,Fast,0.5234997868537903,241,923
2564,1,Fast,0.369428813457489,726,610
2565,0,VRU,0.7182472944259644,1118,492
2565,1,Fast,0.5559499263763428,721,614
2565,2,Slow,0.3838936686515808,229,931
2566,1,Fast,0.5873734354972839,715,617
2566,0,VRU,0.4200562834739685,1119,490
2567,1,Fast,0.8423002362251282,709,620
2567,1,Fast,0.47723937034606934,866,554
2568,1,Fast,0.7694974541664124,703,623
2568,1,Fast,0.5723357796669006,861,557
2568,1,Fast,0.4191713035106659,957,495
2569,2,Slow,0.37409108877182007,857,560
2570,1,Fast,0.509271502494812,422,819
2570,1,Fast,0.4961785078048706,692,630
2570,2,Slow,0.3234771490097046,1274,370
2571,1,Fast,0.5486342906951904,411,824
2571,1,Fast,0.5264745950698853,685,634
2572,1,Fast,0.795580267906189,679,637
2572,2,Slow,0.42655766010284424,1138,475
2573,1,Fast,0.6932269930839539,673,641
2573,1,Fast,0.5626376867294312,1169,382
2573,1,Fast,0.3216463029384613,117,996
2574,1,Fast,0.7053925395011902,668,644
2574,1,Fast,0.48464062809944153,1166,384
2575,1,Fast,0.6426826119422913,1162,387
2575,1,Fast,0.619600772857666,661,648
2576,1,Fast,0.7239547371864319,655,651
2576,1,Fast,0.554872453212738,1159,389
2576,1,Fast,0.5071801543235779,361,854
2577,1,Fast,0.396562397480011,1155,392
2577,1,Fast,0.3008616268634796,62,1029
2578,1,Fast,0.7361968755722046,643,659
2578,2,Slow,0.3698510229587555,1157,461
2579,1,Fast,0.8027364015579224,635,662
2579,2,Slow,0.3947174549102783,1160,459
2579,2,Slow,0.3910227417945862,1059,430
2580,1,Fast,0.8325091600418091,802,592
2580,1,Fast,0.8179636001586914,628,666
2580,1,Fast,0.6118825674057007,1144,399
2580,2,Slow,0.5040150284767151,1056,432
2581,1,Fast,0.5790610313415527,620,670
2581,0,VRU,0.4353673756122589,809,729
2581,1,Fast,0.41050100326538086,797,595
2582,1,Fast,0.7652786374092102,614,674
2582,1,Fast,0.5810207724571228,791,598
2582,1,Fast,0.3742637038230896,1136,404
2583,1,Fast,0.4771222174167633,1132,407
2583,1,Fast,0.38111427426338196,786,601
2583,1,Fast,0.3640115261077881,605,678
2584,1,Fast,0.7608464956283569,1128,410
2584,1,Fast,0.7515281438827515,600,681
2584,1,Fast,0.45424142479896545,782,605
2585,1,Fast,0.7751958966255188,1125,413
2585,0,VRU,0.43846791982650757,836,708
2585,1,Fast,0.3136139512062073,775,608
2586,1,Fast,0.619819164276123,1120,415
2586,1,Fast,0.5428760647773743,588,689
2586,2,Slow,0.44864752888679504,1177,445
2586,0,VRU,0.35865047574043274,840,704
2587,1,Fast,0.803584098815918,579,693
2587,2,Slow,0.6472523808479309,1180,444
2587,1,Fast,0.5150918364524841,1171,477
2587,1,Fast,0.41731950640678406,1117,418
2588,1,Fast,0.7639046907424927,572,698
2588,1,Fast,0.36724457144737244,1173,475
2589,1,Fast,0.7531997561454773,565,702
2589,1,Fast,0.6171300411224365,1109,424
2589,1,Fast,0.49428823590278625,1176,474
2590,1,Fast,0.8437274098396301,556,707
2590,1,Fast,0.5716521739959717,1103,427
2590,2,Slow,0.317929208278656,1189,437
2591,1,Fast,0.8544263243675232,548,710
2591,1,Fast,0.7898067831993103,1099,430
2591,0,VRU,0.47158879041671753,868,685
2592,1,Fast,0.8310542702674866,1094,432
2592,1,Fast,0.809097170829773,540,714
2592,2,Slow,0.5519949793815613,1194,432
2592,0,VRU,0.36832094192504883,872,681
2593,1,Fast,0.8404608964920044,534,719
2593,1,Fast,0.8261626958847046,728,637
2593,2,Slow,0.5206012725830078,1195,431
2593,1,Fast,0.4741990566253662,1091,435
2593,0,VRU,0.3378353714942932,877,677
2594,1,Fast,0.8573125600814819,524,723
2594,1,Fast,0.7267844080924988,723,642
2594,1,Fast,0.7140607833862305,1087,438
2594,0,VRU,0.6551876068115234,885,672
2594,2,Slow,0.4272615909576416,1198,430
2594,2,Slow,0.3474806845188141,1310,342
2595,1,Fast,0.8437736630439758,517,728
2595,1,Fast,0.7106924057006836,1082,441
2595,0,VRU,0.43855738639831543,891,667
2595,2,Slow,0.3100077211856842,1311,341
2596,1,Fast,0.8387336730957031,507,733
2596,1,Fast,0.8022906184196472,1078,445
2596,1,Fast,0.38247790932655334,712,648
2596,0,VRU,0.35556772351264954,897,663
2597,1,Fast,0.8561486005783081,500,738
2597,1,Fast,0.6742859482765198,1073,448
2597,1,Fast,0.6586117744445801,705,652
2597,1,Fast,0.39582136273384094,1005,466
2597,0,VRU,0.38032010197639465,902,658
2597,0,VRU,0.3420600891113281,1203,424
2598,1,Fast,0.8411475419998169,491,742
2598,0,VRU,0.48932191729545593,908,655
2598,1,Fast,0.4517563581466675,1067,451
2598,2,Slow,0.3491910994052887,698,656
2599,1,Fast,0.8565204739570618,482,747
2599,1,Fast,0.8165528178215027,1062,454
2599,2,Slow,0.36188918352127075,691,660
2599,1,Fast,0.3582434356212616,691,660
2600,1,Fast,0.8703493475914001,474,752
2600,1,Fast,0.7590353488922119,1058,457
2600,2,Slow,0.4153797924518585,685,664
2601,1,Fast,0.8368750810623169,467,756
2601,1,Fast,0.6839643716812134,1054,460
2602,1,Fast,0.855606734752655,457,762
2602,1,Fast,0.4846697151660919,1050,464
2603,1,Fast,0.8659535646438599,449,766
2603,1,Fast,0.5458070635795593,667,676
2603,2,Slow,0.3250855803489685,1220,413
2604,1,Fast,0.8464374542236328,441,771
2604,2,Slow,0.5457682609558105,1221,411
2604,1,Fast,0.42607054114341736,659,681
2604,1,Fast,0.34586411714553833,796,597
2604,1,Fast,0.3128099739551544,34,171
2605,1,Fast,0.8644778728485107,432,777
2605,1,Fast,0.7598462104797363,653,684
2605,1,Fast,0.6711115837097168,1035,475
2605,1,Fast,0.5204806327819824,35,171
2605,2,Slow,0.45209723711013794,977,483
2605,2,Slow,0.41133782267570496,1222,410
2605,0,VRU,0.3873215913772583,36,167
2605,1,Fast,0.37269046902656555,791,601
2606,1,Fast,0.8690552711486816,424,781
2606,1,Fast,0.837655246257782,644,687
2606,1,Fast,0.6429977416992188,1030,478
2606,1,Fast,0.5286650657653809,35,171
2606,0,VRU,0.3685435354709625,945,626
2606,0,VRU,0.35833287239074707,36,167
2606,1,Fast,0.32749393582344055,1214,443
2606,2,Slow,0.3137422502040863,1224,408
2607,1,Fast,0.843621551990509,413,787
2607,1,Fast,0.7973040342330933,637,692
2607,1,Fast,0.761570394039154,1024,481
2607,1,Fast,0.5786871910095215,35,171
2607,1,Fast,0.5737752318382263,970,488
2607,0,VRU,0.42101284861564636,36,167
2608,1,Fast,0.8684276342391968,403,792
2608,1,Fast,0.8121712803840637,629,696
2608,1,Fast,0.8028513789176941,1018,484
2608,1,Fast,0.755413293838501,967,489
2608,1,Fast,0.5863401293754578,35,171
2608,0,VRU,0.4802963435649872,954,619
2608,0,VRU,0.4256138503551483,36,166
2609,1,Fast,0.8606942296028137,393,797
2609,1,Fast,0.7937936186790466,963,491
2609,1,Fast,0.7304515242576599,622,701
2609,1,Fast,0.669147789478302,1013,487
2609,1,Fast,0.573066234588623,34,171
2609,2,Slow,0.4855453670024872,1220,438
2609,0,VRU,0.3982565402984619,36,166
2610,1,Fast,0.8488655090332031,615,705
2610,1,Fast,0.8090153932571411,384,803
2610,1,Fast,0.7757786512374878,1008,491
2610,1,Fast,0.7325316071510315,959,494
2610,1,Fast,0.4925094544887543,34,171
2610,0,VRU,0.3298064172267914,35,166
2610,0,VRU,0.3006001114845276,964,612
2611,1,Fast,0.8514468669891357,374,808
2611,1,Fast,0.7814136743545532,608,710
2611,1,Fast,0.7059513330459595,1003,495
2611,1,Fast,0.5051437020301819,955,496
2611,2,Slow,0.37528860569000244,1237,400
2612,1,Fast,0.8569567203521729,364,814
2612,1,Fast,0.7870051860809326,996,499
2612,1,Fast,0.7843148112297058,600,715
2612,1,Fast,0.6023964881896973,951,498
2613,1,Fast,0.8191959857940674,355,820
2613,1,Fast,0.8058557510375977,593,719
2613,1,Fast,0.7490924000740051,990,503
2613,1,Fast,0.604815661907196,946,501
2614,1,Fast,0.8256856799125671,345,825
2614,1,Fast,0.7745541930198669,585,725
2614,1,Fast,0.7722849249839783,982,507
2614,1,Fast,0.34238535165786743,942,504
2615,1,Fast,0.8536756634712219,577,729
2615,1,Fast,0.8433538675308228,335,831
2615,1,Fast,0.8030957579612732,977,510
2615,1,Fast,0.6897552013397217,938,506
2615,1,Fast,0.4903080463409424,1231,428
2616,1,Fast,0.8574531078338623,326,836
2616,1,Fast,0.815316915512085,570,733
2616,1,Fast,0.6019843816757202,972,513
2616,1,Fast,0.5348083972930908,935,507
2617,1,Fast,0.8632210493087769,561,739
2617,1,Fast,0.8614597320556641,316,842
2617,1,Fast,0.7672364115715027,966,518
2618,1,Fast,0.8582581281661987,305,848
2618,1,Fast,0.8495341539382935,552,743
2618,1,Fast,0.6996132731437683,960,523
2619,1,Fast,0.866902232170105,544,747
2619,1,Fast,0.8355695009231567,295,854
2619,1,Fast,0.6179996728897095,954,527
2619,1,Fast,0.36522799730300903,923,516
2620,1,Fast,0.8545613288879395,535,752
2620,1,Fast,0.8090200424194336,281,861
2620,1,Fast,0.5143564939498901,946,532
2620,1,Fast,0.44201967120170593,699,656
2620,2,Slow,0.43674516677856445,919,519
2621,1,Fast,0.8373769521713257,527,757
2621,1,Fast,0.7127895355224609,270,866
2621,2,Slow,0.5489275455474854,915,521
2621,0,VRU,0.34843680262565613,1256,383
2622,1,Fast,0.8492118716239929,518,763
2622,1,Fast,0.7385073900222778,911,523
2622,1,Fast,0.7333067655563354,931,540
2622,1,Fast,0.5746707916259766,259,873
2622,1,Fast,0.31587156653404236,685,664
2623,1,Fast,0.8376750946044922,509,769
2623,0,VRU,0.6182079315185547,1020,570
2623,1,Fast,0.5793960094451904,247,880
2623,1,Fast,0.5044893026351929,924,546
2623,1,Fast,0.46518248319625854,907,527
2624,1,Fast,0.8399229645729065,501,773
2624,1,Fast,0.7585979700088501,903,529
2624,1,Fast,0.6724510192871094,917,549
2624,1,Fast,0.5425390005111694,237,886
2624,0,VRU,0.3730483949184418,1020,568
2625,1,Fast,0.8601956367492676,491,779
2625,1,Fast,0.7100419998168945,899,531
2625,1,Fast,0.5632894039154053,910,555
2626,1,Fast,0.8519821763038635,483,784
2626,1,Fast,0.5433876514434814,893,534
2626,1,Fast,0.5401604175567627,903,559
2626,1,Fast,0.5285933017730713,211,900
2626,1,Fast,0.3918924331665039,37,173
2626,0,VRU,0.38127198815345764,37,166
2627,1,Fast,0.8400927186012268,473,790
2627,1,Fast,0.7678419947624207,896,564
2627,1,Fast,0.7426865696907043,199,906
2627,1,Fast,0.5655302405357361,890,537
2628,1,Fast,0.8612047433853149,463,796
2628,1,Fast,0.7582736611366272,888,570
2628,1,Fast,0.716042160987854,187,913
2628,1,Fast,0.6387791633605957,885,540
2629,1,Fast,0.8482984304428101,455,802
2629,1,Fast,0.6044292449951172,174,921
2629,1,Fast,0.49036240577697754,880,574
2629,2,Slow,0.32183173298835754,880,544
2629,2,Slow,0.3174142837524414,1269,373
2630,1,Fast,0.8701085448265076,872,579
2630,1,Fast,0.8514742255210876,445,806
2630,1,Fast,0.7896378040313721,161,928
2630,1,Fast,0.6701416969299316,876,546
2630,2,Slow,0.34714794158935547,1271,372
2631,1,Fast,0.8771930932998657,434,812
2631,1,Fast,0.8299048542976379,865,584
2631,1,Fast,0.5706696510314941,147,935
2631,0,VRU,0.42672982811927795,1046,550
2631,2,Slow,0.33591413497924805,1273,370
2632,1,Fast,0.8861939311027527,423,818
2632,1,Fast,0.8319889903068542,857,589
2632,0,VRU,0.5730153918266296,1051,546
2632,1,Fast,0.44535306096076965,867,552
2633,1,Fast,0.8825864195823669,413,824
2633,1,Fast,0.8484849333763123,849,595
2633,1,Fast,0.6774819493293762,863,554
2633,0,VRU,0.5858612060546875,1056,544
2633,1,Fast,0.4106999337673187,121,950
2634,1,Fast,0.882950484752655,403,831
2634,1,Fast,0.8679060339927673,840,601
2634,1,Fast,0.7535682916641235,858,557
2634,0,VRU,0.48635295033454895,1059,541
2634,2,Slow,0.3120507299900055,1266,402
2635,1,Fast,0.8688477873802185,393,836
2635,1,Fast,0.8341307640075684,832,606
2635,1,Fast,0.8177869319915771,853,559
2635,2,Slow,0.461740106344223,1268,399
2635,0,VRU,0.3596891462802887,1063,536
2636,1,Fast,0.8743497133255005,382,842
2636,1,Fast,0.8142709732055664,847,562
2636,1,Fast,0.7540737986564636,822,612
2636,2,Slow,0.5657100677490234,1270,398
2636,0,VRU,0.43731045722961426,1066,533
2636,0,VRU,0.34845784306526184,1068,530
2637,1,Fast,0.87276291847229,371,848
2637,1,Fast,0.8348212838172913,812,617
2637,1,Fast,0.7512500882148743,843,565
2637,0,VRU,0.5079241394996643,1066,534
2637,2,Slow,0.4083515405654907,1272,397
2638,1,Fast,0.8830156326293945,360,854
2638,1,Fast,0.8521931171417236,836,569
2638,1,Fast,0.848170816898346,804,622
2638,0,VRU,0.4692052900791168,1070,531
2639,1,Fast,0.8718064427375793,350,861
2639,1,Fast,0.8040257692337036,796,628
2639,1,Fast,0.6758780479431152,833,571
2640,1,Fast,0.858186662197113,338,867
2640,1,Fast,0.6874344944953918,786,635
2640,0,VRU,0.4672832787036896,1078,526
2640,1,Fast,0.3462548553943634,829,575
2641,1,Fast,0.8746011257171631,327,873
2641,1,Fast,0.8070139288902283,778,641
2641,1,Fast,0.7629029154777527,823,579
2641,0,VRU,0.4402182400226593,1078,524
2642,1,Fast,0.8827916979789734,315,880
2642,1,Fast,0.86503005027771,767,647
2642,1,Fast,0.689757227897644,817,582
2643,1,Fast,0.885388970375061,304,887
2643,1,Fast,0.8539239168167114,758,653
2643,1,Fast,0.782957911491394,812,585
2644,1,Fast,0.8852505087852478,291,894
2644,1,Fast,0.8191056251525879,748,659
2645,1,Fast,0.8861836194992065,280,900
2645,1,Fast,0.8677483201026917,735,666
2645,1,Fast,0.8509247899055481,801,591
2646,1,Fast,0.893004298210144,267,907
2646,1,Fast,0.8833683133125305,726,672
2646,1,Fast,0.7188438773155212,796,595
2647,1,Fast,0.8879521489143372,255,915
2647,1,Fast,0.805241584777832,716,680
2647,0,VRU,0.3845674395561218,1102,506
2648,1,Fast,0.8910508751869202,242,922
2648,1,Fast,0.8396012187004089,705,688
2648,1,Fast,0.6455124020576477,1036,432
2649,1,Fast,0.8907976150512695,229,929
2649,1,Fast,0.8544826507568359,693,695
2649,1,Fast,0.7803300619125366,778,606
2649,0,VRU,0.40930554270744324,1105,503
2649,1,Fast,0.33765512704849243,1033,434
2650,1,Fast,0.8999283313751221,216,937
2650,1,Fast,0.8713994026184082,682,701
2650,1,Fast,0.680483341217041,773,609
2651,1,Fast,0.8933491110801697,203,944
2651,1,Fast,0.8550154566764832,669,709
2651,1,Fast,0.8186858296394348,767,613
2652,1,Fast,0.904159665107727,190,952
2652,1,Fast,0.8587108254432678,657,716
2652,1,Fast,0.34208136796951294,1024,440
2653,1,Fast,0.8952398896217346,176,961
2653,1,Fast,0.8738290667533875,643,725
2653,1,Fast,0.4639773666858673,1022,442
2654,1,Fast,0.8929974436759949,162,969
2654,1,Fast,0.8227395415306091,632,731
2654,1,Fast,0.659694254398346,749,625
2654,1,Fast,0.6324672698974609,1017,445
2655,1,Fast,0.8868716955184937,146,977
2655,1,Fast,0.8144670128822327,619,741
2655,1,Fast,0.6751775741577148,743,628
2656,1,Fast,0.8810458183288574,132,985
2656,1,Fast,0.859258770942688,607,749
2656,1,Fast,0.7571120858192444,736,631
2657,1,Fast,0.8531482815742493,593,757
2657,1,Fast,0.8169276714324951,730,636
2657,1,Fast,0.8125278949737549,116,992
2658,1,Fast,0.8578491806983948,102,1000
2658,1,Fast,0.8407936096191406,580,766
2658,1,Fast,0.8357104063034058,724,639
2659,1,Fast,0.8818966746330261,87,1009
2659,1,Fast,0.8022485971450806,566,775
2659,1,Fast,0.6913138031959534,718,644
2659,1,Fast,0.5883072018623352,370,852
2659,1,Fast,0.34328311681747437,999,454
2660,1,Fast,0.8726886510848999,550,784
2660,1,Fast,0.8474735617637634,73,1018
2660,1,Fast,0.5701233744621277,713,647
2660,1,Fast,0.34962230920791626,996,456
2661,1,Fast,0.8682278394699097,533,793
2661,1,Fast,0.780958890914917,706,651
2661,1,Fast,0.7397857308387756,992,458
2661,1,Fast,0.6073712110519409,58,1027
2662,1,Fast,0.7938439249992371,521,803
2662,1,Fast,0.6937647461891174,698,655
2662,1,Fast,0.6665883660316467,988,461
2663,1,Fast,0.8647710680961609,504,812
2663,1,Fast,0.7183672189712524,691,659
2663,1,Fast,0.6939728856086731,984,463
2664,1,Fast,0.8431147933006287,489,822
2664,1,Fast,0.7351593375205994,981,465
2664,1,Fast,0.4852156341075897,685,664
2665,1,Fast,0.849398672580719,472,831
2665,1,Fast,0.752501904964447,977,468
2665,1,Fast,0.5579283237457275,678,668
2666,1,Fast,0.871106743812561,457,841
2666,1,Fast,0.7094734311103821,672,673
2666,1,Fast,0.6819857954978943,975,469
2667,1,Fast,0.8568890690803528,439,853
2667,1,Fast,0.7265266180038452,971,472
2667,1,Fast,0.5919031500816345,666,677
2668,1,Fast,0.8570471405982971,421,864
2668,1,Fast,0.642713725566864,967,474
2668,1,Fast,0.6376248598098755,657,681
2669,1,Fast,0.9023176431655884,401,875
2669,1,Fast,0.8127453923225403,649,685
2669,1,Fast,0.6246285438537598,963,476
2669,1,Fast,0.47769832611083984,251,918
2670,1,Fast,0.8809210062026978,383,887
2670,1,Fast,0.8264039158821106,641,689
2671,1,Fast,0.8796281218528748,366,898
2671,1,Fast,0.7737163305282593,633,694
2671,1,Fast,0.3936665654182434,226,932
2672,1,Fast,0.8811089992523193,346,910
2672,1,Fast,0.7859520316123962,626,699
2673,1,Fast,0.8950149416923523,325,921
2673,1,Fast,0.8450492024421692,618,703
2674,1,Fast,0.8833014369010925,303,933
2674,1,Fast,0.854151725769043,610,709
2674,1,Fast,0.7110572457313538,187,956
2674,1,Fast,0.5706349015235901,942,489
2675,1,Fast,0.8836382627487183,282,947
2675,1,Fast,0.8301371335983276,601,713
2675,1,Fast,0.5866470336914062,172,964
2676,1,Fast,0.8775736689567566,261,960
2676,1,Fast,0.8204502463340759,594,718
2676,1,Fast,0.6842965483665466,158,972
2677,1,Fast,0.8908451795578003,238,974
2677,1,Fast,0.8322260975837708,586,724
2677,1,Fast,0.3789491653442383,142,980
2678,1,Fast,0.898185670375824,214,988
2678,1,Fast,0.8447344899177551,578,729
2679,1,Fast,0.8899974822998047,188,1002
2679,1,Fast,0.8092824220657349,570,734
2680,1,Fast,0.8566234111785889,560,739
2680,1,Fast,0.7398242354393005,166,1015
2681,1,Fast,0.8398781418800354,550,744
2682,1,Fast,0.8545268177986145,543,748
2683,1,Fast,0.8572967052459717,533,754
2684,1,Fast,0.8287050127983093,524,760
2685,1,Fast,0.8466325402259827,514,765
2686,1,Fast,0.8340069651603699,506,771
2686,1,Fast,0.33314263820648193,890,521
2687,1,Fast,0.8037617206573486,497,777
2688,1,Fast,0.8666236996650696,485,782
2689,1,Fast,0.857333242893219,476,789
2690,1,Fast,0.8523769378662109,465,795
2690,1,Fast,0.3157310485839844,870,532
2691,1,Fast,0.8498226404190063,455,801
2692,1,Fast,0.8523911237716675,446,806
2692,1,Fast,0.32268208265304565,861,537
2693,1,Fast,0.8767514824867249,435,812
2693,1,Fast,0.31160297989845276,856,540
2694,1,Fast,0.8883926868438721,425,818
2694,2,Slow,0.3877679705619812,852,542
2695,1,Fast,0.886628270149231,414,825
2696,1,Fast,0.8867622017860413,403,831
2697,1,Fast,0.8788629770278931,392,837
2697,1,Fast,0.3057948052883148,836,552
2698,1,Fast,0.8911694884300232,380,844
2698,1,Fast,0.6034387350082397,830,556
2699,1,Fast,0.8775073885917664,369,850
2700,1,Fast,0.8661064505577087,358,856
2700,1,Fast,0.38925185799598694,821,562
2701,1,Fast,0.8470213413238525,346,863
2701,1,Fast,0.6020547151565552,815,564
2702,1,Fast,0.8883289098739624,333,870
2703,1,Fast,0.879564106464386,321,877
2704,1,Fast,0.8734087347984314,309,885
2705,1,Fast,0.8921329975128174,295,891
2705,1,Fast,0.3574053943157196,370,1045
2706,1,Fast,0.8936890959739685,283,898
2706,1,Fast,0.33674585819244385,787,580
2707,1,Fast,0.8977423906326294,270,906
2707,1,Fast,0.3660944104194641,780,584
2708,1,Fast,0.8959473371505737,257,914
2709,1,Fast,0.8972609043121338,244,922
2710,1,Fast,0.890580952167511,230,930
2711,1,Fast,0.9059701561927795,217,938
2711,1,Fast,0.49321073293685913,758,598
2712,1,Fast,0.8905240893363953,202,946
2713,1,Fast,0.8906532526016235,189,955
2713,1,Fast,0.6429348587989807,746,605
2714,1,Fast,0.8929564356803894,173,963
2714,1,Fast,0.5159748196601868,741,608
2715,1,Fast,0.8937468528747559,158,971
2716,1,Fast,0.8828327655792236,142,980
2716,1,Fast,0.7288764715194702,726,616
2717,1,Fast,0.869240939617157,125,988
2717,1,Fast,0.6313948035240173,720,620
2718,1,Fast,0.8636668920516968,110,997
2719,1,Fast,0.8010862469673157,94,1005
2719,1,Fast,0.6094288229942322,707,627
2720,1,Fast,0.8322712779045105,78,1015
2720,1,Fast,0.6503110527992249,701,631
2721,1,Fast,0.8508772253990173,62,1024
2721,1,Fast,0.6540035605430603,694,636
2722,1,Fast,0.7083731293678284,687,640
2723,1,Fast,0.7135039567947388,680,644
2724,1,Fast,0.7831652760505676,673,647
2725,1,Fast,0.8237624764442444,667,651
2726,1,Fast,0.8111310601234436,658,655
2727,1,Fast,0.7854288816452026,651,660
2727,0,VRU,0.3433094918727875,1351,296
2728,1,Fast,0.651541531085968,644,664
2728,0,VRU,0.3886552155017853,1353,295
2728,0,VRU,0.3607023358345032,1194,351
2729,1,Fast,0.8004675507545471,637,668
2729,0,VRU,0.49587684869766235,1354,294
2729,0,VRU,0.4213351011276245,1191,352
2730,1,Fast,0.4643671214580536,628,672
2730,0,VRU,0.4546911418437958,1355,293
2731,1,Fast,0.8722866773605347,274,1049
2731,1,Fast,0.800794243812561,621,677
2732,1,Fast,0.9034222364425659,293,1042
2732,1,Fast,0.8115310072898865,613,682
2733,1,Fast,0.9033885598182678,309,1031
2733,1,Fast,0.758795440196991,604,686
2734,1,Fast,0.9039856195449829,327,1019
2734,1,Fast,0.7966464757919312,597,691
2735,1,Fast,0.9075914025306702,344,1007
2735,1,Fast,0.7670451402664185,588,695
2736,1,Fast,0.9135259985923767,362,995
2736,1,Fast,0.8458787798881531,581,700
2737,1,Fast,0.9109218120574951,379,984
2737,1,Fast,0.790230393409729,572,704
2738,1,Fast,0.9142791628837585,396,973
2738,1,Fast,0.7079592943191528,565,709
2739,1,Fast,0.9051047563552856,412,962
2739,1,Fast,0.8453474044799805,556,714
2739,0,VRU,0.43439263105392456,1171,367
2740,1,Fast,0.9109188318252563,428,952
2740,1,Fast,0.8245737552642822,547,719
2741,1,Fast,0.9146136045455933,445,942
2741,1,Fast,0.8438118100166321,538,724
2742,1,Fast,0.9047958850860596,459,932
2742,1,Fast,0.8603854179382324,529,729
2743,1,Fast,0.9070498943328857,475,922
2743,1,Fast,0.8618362545967102,520,734
2744,1,Fast,0.9058336019515991,489,912
2744,1,Fast,0.8527418971061707,511,739
2745,1,Fast,0.9019567370414734,503,902
2745,1,Fast,0.8587037324905396,501,744
2746,1,Fast,0.9137575626373291,517,893
2746,1,Fast,0.8667405247688293,492,750
2747,1,Fast,0.8983014822006226,531,884
2747,1,Fast,0.8668333292007446,482,755
2748,1,Fast,0.904907763004303,544,874
2748,1,Fast,0.8791301250457764,472,761
2749,1,Fast,0.9021779894828796,557,866
2749,1,Fast,0.86629718542099,464,766
2750,1,Fast,0.8892310261726379,570,857
2750,1,Fast,0.8680004477500916,453,772
2751,1,Fast,0.9092749357223511,583,848
2751,1,Fast,0.889162003993988,443,778
2752,1,Fast,0.9004690051078796,594,840
2752,1,Fast,0.8772364854812622,433,784
2753,1,Fast,0.8919385671615601,607,832
2753,1,Fast,0.8792014718055725,422,790
2754,1,Fast,0.8872529864311218,411,795
2754,1,Fast,0.8791191577911377,616,825
2755,1,Fast,0.8805104494094849,629,817
2755,1,Fast,0.8637603521347046,401,802
2756,1,Fast,0.8776865601539612,390,808
2756,1,Fast,0.8501065969467163,640,808
2757,1,Fast,0.8762394189834595,652,801
2757,1,Fast,0.8599523305892944,379,814
2758,1,Fast,0.8481675982475281,369,821
2758,1,Fast,0.8284127116203308,663,792
2759,1,Fast,0.8813524842262268,675,785
2759,1,Fast,0.8429213762283325,357,827
2760,1,Fast,0.8740472197532654,685,778
2760,1,Fast,0.8106508255004883,346,834
2761,1,Fast,0.8883519768714905,695,771
2761,1,Fast,0.8673009872436523,334,840
2762,1,Fast,0.8753772377967834,322,846
2762,1,Fast,0.8657196760177612,704,764
2762,1,Fast,0.5429392457008362,401,966
2763,1,Fast,0.8445832133293152,310,853
2763,1,Fast,0.6313561201095581,714,758
2764,1,Fast,0.8412816524505615,296,860
2764,1,Fast,0.365247905254364,724,751
2765,1,Fast,0.8219544887542725,286,866
2765,1,Fast,0.546297550201416,733,744
2766,1,Fast,0.8098360300064087,273,873
2766,1,Fast,0.767111599445343,743,738
2766,2,Slow,0.33190447092056274,1233,325
2766,0,VRU,0.3152795732021332,1280,311
2767,1,Fast,0.7762299180030823,259,880
2767,1,Fast,0.6904987096786499,753,731
2768,1,Fast,0.845795750617981,246,887
2768,1,Fast,0.8424124717712402,761,725
2769,1,Fast,0.8442588448524475,232,895
2769,1,Fast,0.7411988377571106,770,718
2770,1,Fast,0.798471987247467,218,903
2770,1,Fast,0.719307005405426,780,713
2771,1,Fast,0.8408027291297913,788,706
2771,1,Fast,0.6936671137809753,205,910
2771,2,Slow,0.4198702573776245,1226,331
2771,0,VRU,0.36134210228919983,1338,325
2771,0,VRU,0.3339364230632782,1271,317
2772,1,Fast,0.6903776526451111,190,918
2772,1,Fast,0.5606271624565125,797,701
2772,0,VRU,0.5212253332138062,1339,325
2773,1,Fast,0.7916274666786194,805,695
2773,1,Fast,0.7680013179779053,176,926
2773,0,VRU,0.5190528035163879,1340,323
2774,1,Fast,0.7488980889320374,160,934
2774,0,VRU,0.5064846277236938,1341,323
2774,1,Fast,0.3767614960670471,812,689
2774,2,Slow,0.30448782444000244,812,689
2775,1,Fast,0.6879101395606995,148,942
2775,0,VRU,0.5611633658409119,1342,322
2776,1,Fast,0.7185157537460327,828,678
2776,0,VRU,0.628955066204071,1343,321
2776,1,Fast,0.40991127490997314,594,837
2776,1,Fast,0.3004932403564453,133,950
2777,1,Fast,0.661090075969696,837,673
2777,0,VRU,0.42302757501602173,1344,321
2778,1,Fast,0.796697199344635,844,667
2778,0,VRU,0.5113191604614258,1262,325
2780,1,Fast,0.7578839063644409,860,657
2781,1,Fast,0.791912853717804,868,652
2782,1,Fast,0.3665015995502472,874,647
2783,1,Fast,0.5810155868530273,881,642
2786,1,Fast,0.4562336206436157,901,628
2787,1,Fast,0.45782268047332764,908,623
2787,0,VRU,0.32386523485183716,1355,311
2790,1,Fast,0.44788190722465515,928,608
2792,1,Fast,0.7960278391838074,266,1053
2792,0,VRU,0.3534717857837677,1360,307
2793,1,Fast,0.8982332348823547,285,1046
2793,0,VRU,0.43460705876350403,1361,305
2794,1,Fast,0.9084494113922119,303,1034
2794,0,VRU,0.4100157916545868,1362,305
2795,1,Fast,0.9118354320526123,320,1022
2795,0,VRU,0.4582330286502838,958,586
2795,0,VRU,0.3173348307609558,1014,469
2795,1,Fast,0.30327850580215454,958,586
2796,1,Fast,0.9107815623283386,338,1010
2796,1,Fast,0.6532627940177917,964,582
2796,1,Fast,0.41888636350631714,1009,472
2797,1,Fast,0.9079082012176514,356,998
2797,1,Fast,0.5261807441711426,970,577
2797,1,Fast,0.4008185565471649,1005,474
2797,0,VRU,0.3289077877998352,1367,302
2798,1,Fast,0.9159339070320129,374,987
2798,1,Fast,0.3021664023399353,975,574
2799,1,Fast,0.9051346778869629,390,975
2799,1,Fast,0.37778428196907043,981,570
2800,1,Fast,0.911647379398346,407,964
2800,1,Fast,0.5118425488471985,986,565
2800,1,Fast,0.41263487935066223,1169,367
2801,1,Fast,0.9171305298805237,423,953
2801,1,Fast,0.6112956404685974,1166,368
2801,1,Fast,0.42892634868621826,992,561
2802,1,Fast,0.9101749062538147,440,943
2802,1,Fast,0.36894065141677856,1213,356
2802,0,VRU,0.36468517780303955,1371,297
2803,1,Fast,0.9092147350311279,456,932
2803,0,VRU,0.5012266635894775,1372,297
2803,0,VRU,0.3877656161785126,982,489
2804,1,Fast,0.908617377281189,471,923
2804,0,VRU,0.5452417135238647,1373,296
2804,0,VRU,0.40649598836898804,977,491
2805,1,Fast,0.897330105304718,486,912
2805,0,VRU,0.47773194313049316,1374,296
2806,1,Fast,0.9037036299705505,500,903
2806,0,VRU,0.46035242080688477,1375,295
2807,1,Fast,0.9045973420143127,514,893
2807,0,VRU,0.46334144473075867,968,500
2807,0,VRU,0.4208120107650757,1376,294
2808,1,Fast,0.9002940058708191,528,884
2808,2,Slow,0.43973982334136963,1028,535
2809,1,Fast,0.9025044441223145,542,875
2810,1,Fast,0.907035768032074,554,866
2810,1,Fast,0.39338845014572144,1146,381
2811,1,Fast,0.903226912021637,567,856
2811,1,Fast,0.6759074926376343,1144,382
2811,2,Slow,0.34114259481430054,1194,369
2812,1,Fast,0.908270537853241,580,848
2812,2,Slow,0.49770376086235046,944,512
2812,1,Fast,0.43938130140304565,1141,384
2813,1,Fast,0.9077439308166504,592,840
2813,1,Fast,0.5903484225273132,1139,385
2814,1,Fast,0.9068597555160522,605,831
2814,0,VRU,0.3581342101097107,934,518
2815,1,Fast,0.8998742699623108,616,823
2816,1,Fast,0.8189031481742859,629,815
2817,1,Fast,0.8629854917526245,640,808
2818,1,Fast,0.8757542371749878,652,800
2818,1,Fast,0.4204913079738617,1127,393
2819,1,Fast,0.8844262361526489,663,792
2820,1,Fast,0.8759973049163818,675,784
2820,1,Fast,0.4832957088947296,1121,396
2820,1,Fast,0.3683513402938843,1172,383
2821,1,Fast,0.8578528761863708,685,777
2821,1,Fast,0.5704624652862549,1119,398
2821,1,Fast,0.5476688146591187,1169,384
2822,1,Fast,0.8884941339492798,695,770
2822,1,Fast,0.7055405974388123,1116,400
2822,1,Fast,0.6948402523994446,1166,386
2823,1,Fast,0.8402228951454163,705,763
2823,1,Fast,0.6985708475112915,1113,401
2823,1,Fast,0.5541080832481384,1164,387
2824,1,Fast,0.8349359035491943,715,757
2824,1,Fast,0.4190922677516937,1111,402
2825,1,Fast,0.7331575155258179,724,749
2825,1,Fast,0.6691496968269348,1107,404
2825,1,Fast,0.320043683052063,1159,391
2826,1,Fast,0.5134270191192627,1104,407
2826,1,Fast,0.42331352829933167,878,556
2827,1,Fast,0.7915434241294861,876,558
2827,1,Fast,0.6363910436630249,1102,408
2828,1,Fast,0.6937066316604614,753,730
2828,1,Fast,0.5808156132698059,870,562
2829,1,Fast,0.8694279789924622,763,723
2829,1,Fast,0.706610918045044,865,565
2829,1,Fast,0.3664121627807617,1098,411
2830,1,Fast,0.7321338653564453,772,717
2830,1,Fast,0.6536781191825867,1094,413
2831,1,Fast,0.8273950815200806,780,711
2831,2,Slow,0.4765537679195404,855,571
2832,1,Fast,0.5791565775871277,790,705
2832,2,Slow,0.44593480229377747,845,575
2833,1,Fast,0.7427586317062378,842,577
2833,1,Fast,0.30680039525032043,1138,406
2834,1,Fast,0.7933347821235657,808,693
2834,1,Fast,0.7531341910362244,1084,420
2834,1,Fast,0.5271189212799072,1135,408
2835,1,Fast,0.843269407749176,814,687
2835,1,Fast,0.6081373691558838,1081,421
2836,1,Fast,0.6136693954467773,1078,424
2836,1,Fast,0.6074148416519165,823,681
2837,1,Fast,0.7583633661270142,831,676
2837,1,Fast,0.7154680490493774,815,592
2837,1,Fast,0.5957984924316406,1075,425
2837,1,Fast,0.34769415855407715,1127,413
2838,1,Fast,0.6836566925048828,811,595
2838,1,Fast,0.6620088219642639,840,670
2838,1,Fast,0.5903069972991943,1071,428
2838,1,Fast,0.5221410393714905,1124,415
2839,1,Fast,0.8154870867729187,846,665
2839,1,Fast,0.5552430152893066,1067,430
2840,1,Fast,0.8258622884750366,854,659
2840,1,Fast,0.4308103322982788,1066,432
2841,1,Fast,0.6159234046936035,863,655
2841,1,Fast,0.4553638994693756,1062,433
2842,1,Fast,0.6462286710739136,1059,436
2842,1,Fast,0.605970561504364,870,649
2842,1,Fast,0.45447251200675964,787,612
2843,1,Fast,0.7685727477073669,781,615
2843,1,Fast,0.6182106733322144,1057,438
2843,1,Fast,0.5999681949615479,878,644
2844,1,Fast,0.6467459201812744,885,639
2844,1,Fast,0.46396923065185547,776,618
2844,1,Fast,0.4377123713493347,1053,440
2845,1,Fast,0.7694237232208252,1050,442
2845,1,Fast,0.6012899279594421,769,623
2846,1,Fast,0.821567952632904,1046,444
2846,1,Fast,0.3472013473510742,1100,431
2847,1,Fast,0.7843902111053467,1043,446
2847,1,Fast,0.4493699371814728,905,625
2847,1,Fast,0.3978726267814636,1097,433
2848,1,Fast,0.7583058476448059,1040,447
2848,1,Fast,0.3836246132850647,1094,434
2849,1,Fast,0.8097324371337891,1038,449
2849,1,Fast,0.5923858880996704,742,639
2849,0,VRU,0.4425393044948578,918,616
2849,1,Fast,0.32002633810043335,919,616
2850,1,Fast,0.8125653862953186,1035,451
2850,1,Fast,0.5568032264709473,734,644
2850,0,VRU,0.4502204358577728,925,611
2851,1,Fast,0.8070127964019775,1032,452
2851,1,Fast,0.774516761302948,729,649
2851,1,Fast,0.336593359708786,931,606
2852,1,Fast,0.7208964228630066,722,653
2852,1,Fast,0.6524427533149719,1030,454
2852,2,Slow,0.3198111653327942,1084,443
2853,1,Fast,0.8181527853012085,1025,457
2853,1,Fast,0.4082711935043335,1081,446
2854,1,Fast,0.8434880971908569,1022,459
2854,1,Fast,0.3959495723247528,704,661
2855,1,Fast,0.7901304364204407,1018,462
2855,0,VRU,0.4747832417488098,956,589
2856,1,Fast,0.7646812796592712,1014,464
2856,1,Fast,0.5870440602302551,962,585
2856,1,Fast,0.5830262303352356,693,670
2856,1,Fast,0.5049089193344116,1068,452
2857,1,Fast,0.632869303226471,1010,466
2857,1,Fast,0.610464334487915,1066,454
2857,1,Fast,0.5250310897827148,685,674
2858,1,Fast,0.5208147764205933,1007,468
2858,1,Fast,0.4481920599937439,972,576
2858,1,Fast,0.43771791458129883,1063,456
2859,1,Fast,0.7788606286048889,1003,470
2859,1,Fast,0.7578083276748657,665,685
2859,1,Fast,0.7203121185302734,980,572
2859,1,Fast,0.5027608275413513,1059,458
2860,1,Fast,0.796477735042572,999,472
2860,1,Fast,0.7444285750389099,985,568
2860,1,Fast,0.5089321136474609,658,689
2860,2,Slow,0.3648879826068878,1056,461
2861,1,Fast,0.8290502429008484,996,474
2861,1,Fast,0.7597991824150085,990,564
2861,1,Fast,0.39408981800079346,650,694
2862,1,Fast,0.816541314125061,992,477
2862,1,Fast,0.44824138283729553,644,699
2863,1,Fast,0.8287703394889832,989,479
2863,1,Fast,0.6621512174606323,1001,556
2863,1,Fast,0.6617234945297241,636,704
2863,2,Slow,0.42656999826431274,1045,468
2864,1,Fast,0.7681052684783936,1006,552
2864,1,Fast,0.7512801885604858,986,481
2865,1,Fast,0.7716488242149353,981,484
2865,1,Fast,0.7330144047737122,617,715
2865,1,Fast,0.6520904302597046,1012,548
2865,1,Fast,0.6141811609268188,1036,473
2865,0,VRU,0.5070803165435791,1235,387
2866,1,Fast,0.8724852204322815,977,486
2866,1,Fast,0.8373656272888184,1032,476
2866,1,Fast,0.790444552898407,1017,545
2866,1,Fast,0.5061937570571899,608,719
2866,0,VRU,0.38044270873069763,1238,385
2867,1,Fast,0.866335928440094,974,489
2867,1,Fast,0.760395884513855,598,725
2867,1,Fast,0.5696420073509216,1029,478
2867,1,Fast,0.42371508479118347,1023,541
2868,1,Fast,0.8523492217063904,971,490
2868,1,Fast,0.7067246437072754,1025,480
2868,1,Fast,0.7014827132225037,1027,538
2868,1,Fast,0.5394405722618103,592,730
2869,1,Fast,0.8447315096855164,966,493
2869,1,Fast,0.7630860209465027,1032,534
2869,1,Fast,0.6586070656776428,1022,482
2869,1,Fast,0.3787566125392914,583,735
2869,2,Slow,0.3641444444656372,1245,379
2870,1,Fast,0.7815234661102295,963,495
2870,1,Fast,0.6824151873588562,1038,531
2870,1,Fast,0.6748949289321899,571,741
2870,2,Slow,0.6569398641586304,1019,485
2871,1,Fast,0.837158203125,958,498
2871,2,Slow,0.7290658354759216,1014,488
2871,1,Fast,0.7278451323509216,562,747
2872,1,Fast,0.7899251580238342,954,500
2872,1,Fast,0.608534574508667,552,753
2872,2,Slow,0.3310483396053314,1010,491
2873,1,Fast,0.8467320203781128,950,503
2873,1,Fast,0.793766438961029,545,759
2873,1,Fast,0.3694241940975189,1053,520
2873,2,Slow,0.332794725894928,1053,520
2874,1,Fast,0.8063766956329346,946,506
2874,1,Fast,0.7615270614624023,534,765
2874,1,Fast,0.500953197479248,1057,516
2875,1,Fast,0.8095079064369202,942,508
2875,1,Fast,0.7345282435417175,525,771
2875,2,Slow,0.42403697967529297,1062,513
2876,1,Fast,0.7892489433288574,516,777
2876,1,Fast,0.6107125282287598,938,511
2876,1,Fast,0.4946753680706024,1066,510
2877,1,Fast,0.8111206889152527,502,783
2877,1,Fast,0.8043678402900696,934,513
2877,1,Fast,0.6804212927818298,987,505
2877,2,Slow,0.4451799690723419,1071,507
2878,1,Fast,0.8305016160011292,928,517
2878,1,Fast,0.713039755821228,492,790
2878,2,Slow,0.7124303579330444,1075,504
2878,1,Fast,0.638935923576355,983,508
2879,1,Fast,0.8277077078819275,925,519
2879,1,Fast,0.6467182040214539,483,796
2879,1,Fast,0.6381274461746216,978,511
2879,2,Slow,0.4065048396587372,1079,501
2880,1,Fast,0.7820848822593689,921,522
2880,1,Fast,0.7215871214866638,470,802
2880,1,Fast,0.5755698084831238,975,513
2881,1,Fast,0.8373056054115295,458,809
2881,1,Fast,0.7865085005760193,918,524
2881,2,Slow,0.32805541157722473,1279,285
2882,1,Fast,0.7475763559341431,913,526
2882,1,Fast,0.7251682281494141,447,816
2882,1,Fast,0.6253451704978943,966,519
2883,1,Fast,0.8575555086135864,432,823
2883,1,Fast,0.8054466843605042,907,530
2883,2,Slow,0.3390629291534424,1276,287
2884,1,Fast,0.8293905854225159,422,830
2884,1,Fast,0.7401633262634277,902,533
2884,2,Slow,0.4536125957965851,1274,288
2884,2,Slow,0.3786545395851135,957,526
2885,1,Fast,0.7366931438446045,408,837
2885,1,Fast,0.6642073392868042,898,536
2885,1,Fast,0.38670578598976135,952,528
2885,2,Slow,0.3155035972595215,1273,289
2886,1,Fast,0.7057085633277893,397,844
2886,1,Fast,0.6243031620979309,893,539
2886,1,Fast,0.6184553503990173,947,532
2887,1,Fast,0.7746666669845581,381,852
2887,1,Fast,0.6615292429924011,942,535
2887,2,Slow,0.5792128443717957,889,541
2888,1,Fast,0.8030763864517212,372,857
2888,1,Fast,0.6697056293487549,884,545
2888,1,Fast,0.3687448501586914,938,539
2889,1,Fast,0.8349777460098267,879,547
2889,1,Fast,0.7161431908607483,360,865
2889,1,Fast,0.4829489588737488,932,541
2890,1,Fast,0.8206772208213806,348,872
2890,1,Fast,0.8089863657951355,874,551
2890,1,Fast,0.6671434044837952,928,544
2891,1,Fast,0.8597912788391113,869,553
2891,1,Fast,0.728236734867096,334,881
2892,1,Fast,0.831771194934845,320,887
2892,1,Fast,0.8311139941215515,864,556
2893,1,Fast,0.8277387022972107,858,560
2893,1,Fast,0.750708818435669,305,895
2893,1,Fast,0.309538334608078,1298,301
2894,1,Fast,0.8551456928253174,852,562
2894,1,Fast,0.7027279138565063,292,903
2895,1,Fast,0.8538161516189575,847,566
2895,1,Fast,0.7958950400352478,275,913
2895,1,Fast,0.35770687460899353,1294,303
2896,1,Fast,0.8549926280975342,258,921
2896,1,Fast,0.8531120419502258,842,569
2896,1,Fast,0.4218546152114868,1293,305
2897,1,Fast,0.8679779767990112,245,930
2897,1,Fast,0.86098712682724,836,572
2898,1,Fast,0.861348032951355,831,576
2898,1,Fast,0.8470646142959595,230,938
2898,1,Fast,0.6626322269439697,884,571
2899,1,Fast,0.8559182286262512,826,579
2899,1,Fast,0.7991704940795898,215,947
2899,1,Fast,0.6241277456283569,879,576
2899,0,VRU,0.5418111085891724,1460,234
2900,1,Fast,0.8747205138206482,821,583
2900,1,Fast,0.8402966260910034,197,956
2900,1,Fast,0.6169362664222717,874,578
2901,1,Fast,0.8707177639007568,816,586
2901,1,Fast,0.7164085507392883,185,965
2902,1,Fast,0.8749565482139587,809,590
2902,1,Fast,0.7592863440513611,166,975
2903,1,Fast,0.8411314487457275,805,593
2903,1,Fast,0.8175901174545288,146,985
2904,1,Fast,0.8627752661705017,800,596
2904,1,Fast,0.40095001459121704,131,994
2905,1,Fast,0.8606088757514954,793,600
2905,1,Fast,0.32937192916870117,845,598
2906,1,Fast,0.8574489951133728,787,604
2906,1,Fast,0.5140653848648071,1273,318
2906,2,Slow,0.38756242394447327,838,602
2907,1,Fast,0.8376288414001465,781,607
2907,1,Fast,0.667133092880249,1272,319
2907,1,Fast,0.3342474699020386,832,606
2907,2,Slow,0.3120366036891937,832,606
2908,1,Fast,0.837251603603363,775,611
2908,1,Fast,0.39060431718826294,1270,320
2909,1,Fast,0.8268669247627258,770,615
2909,1,Fast,0.6116783022880554,1268,321
2909,2,Slow,0.42882171273231506,1331,317
2910,1,Fast,0.8490093350410461,762,619
2910,2,Slow,0.565471887588501,1334,315
2911,1,Fast,0.8248847126960754,756,623
2911,2,Slow,0.5537639260292053,1335,314
2911,1,Fast,0.519516110420227,1264,324
2912,1,Fast,0.831375241279602,750,627
2912,2,Slow,0.618852436542511,1336,313
2913,1,Fast,0.8545418381690979,742,631
2913,2,Slow,0.4268617331981659,1338,313
2914,1,Fast,0.8532605767250061,736,634
2914,2,Slow,0.35910511016845703,1340,311
2914,1,Fast,0.34630247950553894,784,635
2915,1,Fast,0.8258965611457825,730,639
2916,1,Fast,0.8322944045066833,723,642
2916,1,Fast,0.5053939819335938,771,644
2917,1,Fast,0.8571428656578064,716,647
2917,2,Slow,0.6024559140205383,764,649
2918,1,Fast,0.8408992290496826,709,650
2918,2,Slow,0.7166934609413147,757,653
2919,1,Fast,0.8370718359947205,701,654
2920,1,Fast,0.8412643074989319,694,658
2920,1,Fast,0.5935742855072021,436,1050
2920,1,Fast,0.5800756216049194,739,663
2921,1,Fast,0.8437867164611816,687,663
2921,1,Fast,0.728331446647644,732,667
2921,1,Fast,0.5107874870300293,1241,339
2922,1,Fast,0.8259083032608032,1239,341
2922,1,Fast,0.8249510526657104,681,668
2923,1,Fast,0.8287466764450073,673,672
2923,1,Fast,0.7980260252952576,1237,342
2924,1,Fast,0.825218915939331,664,678
2924,1,Fast,0.3174770772457123,1235,344
2925,1,Fast,0.8375513553619385,657,682
2925,1,Fast,0.6332278251647949,1234,345
2926,1,Fast,0.8169674873352051,650,686
2926,1,Fast,0.5946868658065796,693,693
2926,1,Fast,0.3919476568698883,1232,347
2927,1,Fast,0.8338858485221863,642,690
2927,1,Fast,0.5417370200157166,685,697
2928,1,Fast,0.8400262594223022,635,694
2928,1,Fast,0.6509326696395874,676,702
2928,2,Slow,0.4693383276462555,1197,336
2929,1,Fast,0.8396005034446716,626,699
2929,1,Fast,0.599595308303833,668,707
2929,2,Slow,0.46353858709335327,1195,336
2930,1,Fast,0.8461839556694031,617,705
2930,1,Fast,0.7186191082000732,659,713
2930,0,VRU,0.347343772649765,1371,305
2930,1,Fast,0.3282833397388458,54,171
2931,1,Fast,0.8473140001296997,610,709
2931,2,Slow,0.45530977845191956,1192,339
2931,1,Fast,0.38307610154151917,1218,355
2932,1,Fast,0.8557751178741455,600,714
2932,1,Fast,0.7262526750564575,640,724
2932,1,Fast,0.6049178242683411,54,171
2932,0,VRU,0.5436567068099976,54,166
2932,2,Slow,0.5188741087913513,1188,340
2932,1,Fast,0.494524210691452,1216,357
2933,1,Fast,0.8587135076522827,593,719
2933,2,Slow,0.5199206471443176,1186,342
2933,1,Fast,0.4128750264644623,54,171
2933,0,VRU,0.37357670068740845,55,166
2933,1,Fast,0.3270202875137329,630,729
2934,1,Fast,0.8475756645202637,584,725
2934,2,Slow,0.5731157660484314,1184,343
2934,1,Fast,0.4315411150455475,54,171
2934,0,VRU,0.31854352355003357,55,166
2935,1,Fast,0.8411950469017029,576,730
2935,1,Fast,0.6870073080062866,610,742
2935,2,Slow,0.3669167459011078,1183,343
2936,1,Fast,0.855579137802124,567,735
2936,1,Fast,0.32899346947669983,601,749
2937,1,Fast,0.8634214401245117,557,741
2937,1,Fast,0.7896077036857605,591,755
2938,1,Fast,0.8629375100135803,549,746
2938,1,Fast,0.683933436870575,582,760
2939,1,Fast,0.8409696817398071,540,751
2939,1,Fast,0.7799094915390015,570,767
2940,1,Fast,0.8457371592521667,528,757
2940,1,Fast,0.8092524409294128,559,773
2940,2,Slow,0.5353109836578369,1172,350
2941,1,Fast,0.8503883481025696,519,763
2941,1,Fast,0.8272877335548401,547,780
2941,2,Slow,0.5485886931419373,1170,352
2942,1,Fast,0.8354513049125671,508,769
2942,1,Fast,0.8179616332054138,536,787
2942,2,Slow,0.5680610537528992,1167,353
2943,1,Fast,0.8577665090560913,499,774
2943,2,Slow,0.6346837282180786,1165,354
2943,1,Fast,0.4422309398651123,525,793
2944,1,Fast,0.8466151356697083,489,781
2944,1,Fast,0.7707104086875916,513,799
2945,1,Fast,0.8375639319419861,479,787
2945,1,Fast,0.5236732363700867,502,808
2946,1,Fast,0.8349239826202393,469,793
2946,1,Fast,0.7233006358146667,489,814
2947,1,Fast,0.8281082510948181,457,799
2947,1,Fast,0.7800665497779846,478,821
2948,1,Fast,0.818912923336029,446,806
2948,1,Fast,0.741696298122406,467,829
2949,1,Fast,0.8327667117118835,435,812
2949,1,Fast,0.7626199126243591,454,835
2950,1,Fast,0.8151353597640991,425,818
2950,1,Fast,0.7677769660949707,441,844
2951,1,Fast,0.8182784914970398,412,825
2951,1,Fast,0.8122291564941406,429,852
2952,1,Fast,0.8197941780090332,400,831
2952,1,Fast,0.6861918568611145,414,860
2953,1,Fast,0.8155824542045593,389,839
2953,1,Fast,0.7766140103340149,401,868
2954,1,Fast,0.8573755621910095,377,845
2954,1,Fast,0.697831392288208,387,877
2954,2,Slow,0.4527376890182495,1137,371
2955,1,Fast,0.8527748584747314,367,852
2955,1,Fast,0.6361573338508606,375,885
2955,2,Slow,0.5934364795684814,1135,373
2956,1,Fast,0.8480943441390991,353,858
2956,1,Fast,0.6550679802894592,359,893
2956,2,Slow,0.31735309958457947,1133,375
2957,1,Fast,0.8482942581176758,341,865
2957,1,Fast,0.6809258460998535,345,901
2957,2,Slow,0.3099110424518585,1131,376
2958,1,Fast,0.8362528681755066,328,873
2958,1,Fast,0.7520068883895874,330,910
2958,2,Slow,0.34203800559043884,1130,378
2959,1,Fast,0.8504626154899597,317,880
2959,1,Fast,0.6965234279632568,316,917
2959,1,Fast,0.460782915353775,1135,411
2959,1,Fast,0.41889074444770813,218,1068
2960,1,Fast,0.8496991395950317,302,887
2960,1,Fast,0.8285151124000549,300,927
2960,1,Fast,0.6331289410591125,1133,413
2960,1,Fast,0.31938979029655457,241,1062
2961,1,Fast,0.8543692827224731,291,895
2961,1,Fast,0.6931992173194885,266,1053
2961,1,Fast,0.6332982182502747,285,936
2961,1,Fast,0.31709709763526917,1129,414
2962,1,Fast,0.8761253952980042,278,903
2962,1,Fast,0.8287497162818909,268,946
2962,1,Fast,0.5175601840019226,293,1047
2963,1,Fast,0.9017816185951233,254,956
2963,1,Fast,0.8884109258651733,266,910
2964,1,Fast,0.9079073071479797,238,966
2964,1,Fast,0.8914957046508789,251,918
2964,1,Fast,0.5665766596794128,341,1021
2964,2,Slow,0.3970502018928528,1113,387
2965,1,Fast,0.9060167670249939,221,974
2965,1,Fast,0.8837460875511169,237,926
2965,1,Fast,0.5997470617294312,360,1007
2965,2,Slow,0.3212336301803589,1110,389
2966,1,Fast,0.9139353632926941,204,985
2966,1,Fast,0.8803241848945618,223,934
2966,1,Fast,0.7789338231086731,382,995
2967,1,Fast,0.9096472859382629,185,995
2967,1,Fast,0.8901990056037903,208,943
2967,1,Fast,0.8128905892372131,400,982
2968,1,Fast,0.9019058346748352,167,1005
2968,1,Fast,0.8678938746452332,192,952
2968,1,Fast,0.6034287214279175,419,969
2969,1,Fast,0.8873512744903564,149,1016
2969,1,Fast,0.8639518618583679,177,960
2969,1,Fast,0.8384156227111816,437,958
2970,1,Fast,0.8630761504173279,132,1027
2970,1,Fast,0.8617196083068848,162,970
2970,1,Fast,0.8592103123664856,454,946
2971,1,Fast,0.8680033087730408,114,1039
2971,1,Fast,0.8584760427474976,146,979
2971,1,Fast,0.8503389358520508,471,934
2972,1,Fast,0.8597247004508972,129,986
2972,1,Fast,0.8148359060287476,487,923
2972,1,Fast,0.711803138256073,96,1047
2973,1,Fast,0.8558095097541809,114,995
2973,1,Fast,0.4706624746322632,505,912
2974,1,Fast,0.5265911817550659,96,1004
2975,1,Fast,0.6301708221435547,79,1013
2976,1,Fast,0.49156293272972107,552,880
2977,1,Fast,0.5678902864456177,46,1035
2977,1,Fast,0.5158562064170837,567,870
2978,1,Fast,0.5515567064285278,577,861
2979,1,Fast,0.7452315092086792,595,851
2980,1,Fast,0.4610412120819092,610,842
2982,1,Fast,0.33220523595809937,637,823
2983,1,Fast,0.788236677646637,281,1052
2984,1,Fast,0.9001357555389404,304,1046
2985,1,Fast,0.9084644317626953,322,1037
2986,1,Fast,0.90607750415802,338,1026
2987,1,Fast,0.9016791582107544,354,1015
2988,1,Fast,0.919005811214447,373,1002
2989,1,Fast,0.9195966124534607,390,990
2990,1,Fast,0.9156449437141418,405,978
2990,1,Fast,0.4526629149913788,1010,494
2991,1,Fast,0.9225326776504517,422,967
2992,1,Fast,0.917191743850708,438,956
2993,1,Fast,0.9121268391609192,453,945
2993,1,Fast,0.7508078813552856,994,505
2994,1,Fast,0.910426139831543,467,936
2994,1,Fast,0.7461484670639038,987,508
2995,1,Fast,0.9072140455245972,482,926
2995,1,Fast,0.7472847104072571,982,511
2996,1,Fast,0.8973572850227356,497,916
2996,1,Fast,0.4088127613067627,978,514
2997,1,Fast,0.9051371812820435,511,906
2998,1,Fast,0.9114944934844971,524,897
2999,1,Fast,0.909656822681427,537,887
2999,1,Fast,0.6339413523674011,963,526
3000,1,Fast,0.9166172742843628,552,877
3000,1,Fast,0.5235028862953186,957,529
3001,1,Fast,0.9026033878326416,565,869
3001,1,Fast,0.7579660415649414,951,533
3002,1,Fast,0.9065306782722473,578,859
3002,1,Fast,0.7630127668380737,945,537
3003,1,Fast,0.9010825157165527,590,851
3003,2,Slow,0.5073546767234802,939,541
3004,1,Fast,0.905229926109314,602,843
3004,2,Slow,0.36896881461143494,933,544
3005,1,Fast,0.9086644053459167,614,834
3006,1,Fast,0.8922632932662964,624,826
3007,1,Fast,0.9001995921134949,637,818
3007,2,Slow,0.30959612131118774,1047,451
3008,1,Fast,0.8965945839881897,647,811
3008,1,Fast,0.36196473240852356,908,562
3008,2,Slow,0.3591371476650238,908,562
3009,1,Fast,0.8931426405906677,658,803
3009,1,Fast,0.8304768204689026,902,565
3010,1,Fast,0.8908581137657166,669,795
3010,1,Fast,0.644586980342865,894,570
3011,1,Fast,0.8963556289672852,679,787
3011,1,Fast,0.3722493648529053,888,573
3012,1,Fast,0.8936635851860046,690,780
3012,1,Fast,0.7414475679397583,882,578
3013,1,Fast,0.8959091305732727,701,773
3014,1,Fast,0.8965309858322144,710,766
3015,1,Fast,0.8931506276130676,721,759
3016,1,Fast,0.8901288509368896,730,752
3017,1,Fast,0.7835349440574646,739,746
3017,1,Fast,0.4562285244464874,848,600
3017,2,Slow,0.4016866683959961,848,600
3018,1,Fast,0.8033766150474548,749,739
3018,1,Fast,0.6424173712730408,841,605
3019,1,Fast,0.8772649765014648,757,732
3019,1,Fast,0.708938479423523,834,609
3020,1,Fast,0.8739146590232849,767,726
3020,1,Fast,0.8070708513259888,825,614
3021,1,Fast,0.8787984251976013,777,719
3021,1,Fast,0.7763192057609558,817,619
3021,1,Fast,0.5131552815437317,352,1054
3022,1,Fast,0.8816646337509155,784,713
3022,1,Fast,0.825019121170044,810,623
3023,1,Fast,0.8859729170799255,793,707
3023,1,Fast,0.6636357307434082,802,629
3023,1,Fast,0.5276198387145996,386,1039
3024,1,Fast,0.8712666034698486,802,701
3024,1,Fast,0.7739803194999695,792,635
3025,1,Fast,0.8518713712692261,811,695
3025,1,Fast,0.8492818474769592,786,640
3025,1,Fast,0.6360568404197693,417,1017
3026,1,Fast,0.8585937023162842,434,1005
3026,1,Fast,0.8496756553649902,778,646
3026,1,Fast,0.7059873342514038,818,690
3027,1,Fast,0.8893610239028931,448,995
3027,1,Fast,0.8381811380386353,769,650
3027,1,Fast,0.7978998422622681,827,684
3028,1,Fast,0.9064546823501587,464,983
3028,1,Fast,0.8481985330581665,761,656
3028,1,Fast,0.5305519700050354,835,679
3029,1,Fast,0.9146256446838379,479,973
3029,1,Fast,0.7916761040687561,751,661
3029,1,Fast,0.6013016700744629,842,673
3030,1,Fast,0.9046259522438049,492,964
3030,1,Fast,0.5972679257392883,851,668
3030,1,Fast,0.5614322423934937,742,667
3031,1,Fast,0.9110212326049805,506,954
3031,1,Fast,0.6368260979652405,733,672
3031,1,Fast,0.49799251556396484,858,662
3032,1,Fast,0.8920837640762329,520,944
3032,1,Fast,0.4077196717262268,867,657
3033,1,Fast,0.8948066234588623,533,935
3033,1,Fast,0.6917312145233154,873,652
3034,1,Fast,0.877685546875,547,926
3034,1,Fast,0.8111652731895447,704,691
3034,2,Slow,0.5026564598083496,853,544
3034,1,Fast,0.47643932700157166,880,647
3035,1,Fast,0.8651753664016724,695,697
3035,1,Fast,0.8473280072212219,560,917
3035,1,Fast,0.6382774710655212,887,642
3036,1,Fast,0.8755496740341187,572,908
3036,1,Fast,0.8664498925209045,686,702
3036,1,Fast,0.4857959449291229,895,636
3037,1,Fast,0.8817272782325745,585,899
3037,1,Fast,0.8428053259849548,901,631
3037,1,Fast,0.8277438879013062,674,709
3037,2,Slow,0.5574203133583069,835,553
3038,1,Fast,0.8602906465530396,597,890
3038,1,Fast,0.8194625377655029,664,715
3038,1,Fast,0.8090196847915649,907,626
3039,1,Fast,0.8571654558181763,652,722
3039,1,Fast,0.8515854477882385,609,881
3039,1,Fast,0.7466316223144531,914,621
3039,2,Slow,0.4675832986831665,825,559
3040,1,Fast,0.8802531361579895,621,873
3040,1,Fast,0.7778398990631104,921,616
3040,1,Fast,0.7665176391601562,642,729
3041,1,Fast,0.9007667303085327,632,865
3041,1,Fast,0.8190930485725403,630,736
3041,1,Fast,0.8066893815994263,927,611
3041,2,Slow,0.4078901410102844,814,565
3042,1,Fast,0.9005624055862427,644,856
3042,1,Fast,0.8404529690742493,619,743
3042,1,Fast,0.7981339693069458,934,607
3043,1,Fast,0.9064353704452515,655,848
3043,1,Fast,0.8726266622543335,609,750
3043,1,Fast,0.7087826132774353,940,603
3043,2,Slow,0.5605618357658386,802,572
3044,1,Fast,0.8991650938987732,666,840
3044,1,Fast,0.8786589503288269,598,757
3044,2,Slow,0.6553347110748291,797,574
3044,1,Fast,0.48647356033325195,948,599
3045,1,Fast,0.8779406547546387,586,764
3045,1,Fast,0.8262790441513062,676,833
3045,2,Slow,0.64246666431427,791,577
3046,1,Fast,0.8797243237495422,573,772
3046,1,Fast,0.8599889874458313,686,826
3046,2,Slow,0.49114033579826355,785,581
3047,1,Fast,0.8901674747467041,697,819
3047,1,Fast,0.8870563507080078,561,779
3047,1,Fast,0.6397679448127747,966,586
3047,2,Slow,0.5971670150756836,778,585
3048,1,Fast,0.8808799982070923,708,812
3048,1,Fast,0.8794397115707397,548,787
3048,2,Slow,0.5385749340057373,772,589
3049,1,Fast,0.8764606714248657,718,804
3049,1,Fast,0.8185017108917236,535,794
3049,2,Slow,0.40287312865257263,767,592
3049,1,Fast,0.3464750051498413,979,578
3049,1,Fast,0.3174658417701721,862,569
3050,1,Fast,0.8556734919548035,727,797
3050,1,Fast,0.7177929878234863,521,804
3050,1,Fast,0.5109248757362366,858,571
3050,2,Slow,0.34140950441360474,759,596
3051,1,Fast,0.8765731453895569,736,790
3051,1,Fast,0.8381704688072205,509,811
3051,2,Slow,0.44892263412475586,755,600
3052,1,Fast,0.8776790499687195,745,784
3052,1,Fast,0.840503454208374,496,819
3052,2,Slow,0.6986592411994934,747,604
3052,1,Fast,0.6372095942497253,997,565
3053,1,Fast,0.8642140030860901,481,827
3053,1,Fast,0.743301272392273,755,776
3054,1,Fast,0.8754432201385498,467,836
3054,2,Slow,0.455993115901947,733,611
3054,1,Fast,0.38057008385658264,764,769
3055,1,Fast,0.8839931488037109,452,845
3055,1,Fast,0.6669595837593079,771,764
3055,2,Slow,0.34458139538764954,726,615
3056,1,Fast,0.8933032751083374,437,854
3056,1,Fast,0.5402197241783142,823,594
3056,1,Fast,0.38151925802230835,780,758
3057,1,Fast,0.8899856805801392,422,863
3057,2,Slow,0.5711586475372314,712,624
3057,2,Slow,0.31449201703071594,1342,323
3058,1,Fast,0.893995463848114,406,872
3058,2,Slow,0.6835072636604309,705,628
3059,1,Fast,0.8934696912765503,391,882
3059,2,Slow,0.7438539862632751,698,632
3060,1,Fast,0.8971139788627625,373,891
3060,2,Slow,0.7855468988418579,691,635
3060,1,Fast,0.7745387554168701,814,732
3060,1,Fast,0.5460125207901001,1039,535
3061,1,Fast,0.9004982113838196,357,900
3061,2,Slow,0.7997846007347107,683,640
3061,1,Fast,0.5752567052841187,822,726
3062,1,Fast,0.9074262976646423,340,910
3062,2,Slow,0.7715387344360352,678,644
3063,1,Fast,0.9047756791114807,322,921
3063,2,Slow,0.5256354212760925,669,649
3064,1,Fast,0.8905776143074036,303,931
3064,2,Slow,0.7158812284469604,661,652
3064,2,Slow,0.3438679575920105,846,709
3065,1,Fast,0.896259605884552,285,942
3065,2,Slow,0.5995460748672485,654,658
3065,1,Fast,0.4584237337112427,853,703
3066,1,Fast,0.9011163115501404,267,954
3066,2,Slow,0.740753173828125,646,661
3066,1,Fast,0.4363377094268799,759,633
3067,1,Fast,0.9088667035102844,249,964
3067,2,Slow,0.6717976331710815,639,666
3067,1,Fast,0.32164642214775085,750,639
3068,1,Fast,0.8992253541946411,228,976
3068,2,Slow,0.6022461652755737,631,670
3068,1,Fast,0.4030158221721649,875,688
3069,1,Fast,0.8968780636787415,209,988
3069,1,Fast,0.7721272110939026,735,647
3069,2,Slow,0.5993107557296753,622,676
3070,1,Fast,0.9023730754852295,187,999
3070,1,Fast,0.7209104895591736,889,678
3070,1,Fast,0.5882261395454407,731,651
3070,2,Slow,0.5247631072998047,614,681
3071,1,Fast,0.8773180246353149,166,1011
3071,1,Fast,0.7745140790939331,720,656
3071,2,Slow,0.6892805099487305,606,686
3071,1,Fast,0.4459476172924042,897,673
3072,1,Fast,0.8826596736907959,144,1023
3072,1,Fast,0.8070448040962219,713,659
3072,0,VRU,0.6005956530570984,905,667
3072,2,Slow,0.37146320939064026,596,690
3073,1,Fast,0.8578760623931885,122,1036
3073,2,Slow,0.7115039825439453,587,694
3073,1,Fast,0.6935479640960693,707,663
3073,0,VRU,0.545524537563324,910,663
3074,1,Fast,0.7189102172851562,101,1046
3074,2,Slow,0.5446802973747253,578,700
3076,1,Fast,0.5675291419029236,929,649
3076,2,Slow,0.3496018052101135,560,710
3077,1,Fast,0.3300773799419403,935,644
3077,1,Fast,0.3099575340747833,681,684
3078,1,Fast,0.33209025859832764,940,639
3079,2,Slow,0.5211912989616394,534,725
3079,0,VRU,0.38929224014282227,1123,473
3080,2,Slow,0.5928544402122498,525,731
3080,0,VRU,0.3052097260951996,954,631
3081,2,Slow,0.7177392840385437,512,737
3082,2,Slow,0.7825694680213928,503,742
3083,2,Slow,0.7721483707427979,493,748
3083,1,Fast,0.7631883025169373,622,714
3084,1,Fast,0.6939871907234192,614,718
3084,2,Slow,0.5440821051597595,482,755
3085,2,Slow,0.6311745643615723,472,761
3085,0,VRU,0.3379610478878021,1147,456
3086,2,Slow,0.5014841556549072,463,767
3090,0,VRU,0.4930570423603058,1165,443
3090,1,Fast,0.3506680428981781,63,169
3090,1,Fast,0.34276121854782104,419,792
3091,0,VRU,0.6430408358573914,1016,584
3091,0,VRU,0.5311657786369324,1169,441
3093,2,Slow,0.6108856201171875,384,810
3093,1,Fast,0.44724053144454956,63,169
3093,0,VRU,0.3522631525993347,65,165
3093,0,VRU,0.30007055401802063,1025,577
3094,2,Slow,0.7484737038612366,372,817
3094,1,Fast,0.5526755452156067,514,778
3095,1,Fast,0.4614390730857849,359,824
3095,2,Slow,0.43022263050079346,359,824
3096,1,Fast,0.4186658263206482,1186,428
3096,2,Slow,0.3187978267669678,348,830
3098,2,Slow,0.4509151577949524,323,845
3099,2,Slow,0.6250881552696228,309,851
3099,0,VRU,0.34992897510528564,1053,555
3101,2,Slow,0.5573246479034424,282,866
3101,1,Fast,0.3779769241809845,283,866
3104,1,Fast,0.7355844974517822,242,887
3104,1,Fast,0.46156683564186096,400,845
3105,1,Fast,0.8107465505599976,227,895
3105,1,Fast,0.771459698677063,386,852
3105,0,VRU,0.31381186842918396,1314,356
3106,1,Fast,0.47922518849372864,375,858
3107,1,Fast,0.6835891008377075,196,911
3107,1,Fast,0.36714088916778564,361,866
3107,0,VRU,0.338359534740448,1220,404
3108,1,Fast,0.8235614895820618,181,920
3108,1,Fast,0.6681727170944214,63,169
3108,0,VRU,0.32293203473091125,64,165
3109,1,Fast,0.740692138671875,63,169
3109,1,Fast,0.5400721430778503,1227,399
3109,0,VRU,0.4859393537044525,64,165
3110,1,Fast,0.7275310754776001,63,169
3110,1,Fast,0.5692458748817444,149,937
3110,0,VRU,0.5022249221801758,64,165
3111,1,Fast,0.6920020580291748,63,170
3111,1,Fast,0.5262063145637512,137,944
3111,0,VRU,0.39530009031295776,64,165
3111,1,Fast,0.3901267945766449,306,897
3111,1,Fast,0.3211241364479065,289,1070
3112,1,Fast,0.6663640737533569,63,169
3112,1,Fast,0.48612189292907715,302,1066
3112,0,VRU,0.41949769854545593,64,165
3112,1,Fast,0.3154807388782501,119,955
3113,1,Fast,0.7149198651313782,63,170
3113,0,VRU,0.5166778564453125,65,166
3113,1,Fast,0.3463471531867981,333,1060
3114,1,Fast,0.8369903564453125,349,1055
3114,1,Fast,0.7487390041351318,63,170
3114,0,VRU,0.5809183716773987,65,166
3114,0,VRU,0.3650166988372803,1118,506
3115,1,Fast,0.8648990392684937,367,1049
3115,1,Fast,0.7503802180290222,63,170
3115,0,VRU,0.548046886920929,65,166
3115,0,VRU,0.37076273560523987,1122,503
3116,1,Fast,0.8735666275024414,383,1042
3116,1,Fast,0.7159494757652283,63,170
3116,0,VRU,0.3850950300693512,65,165
3117,1,Fast,0.9036251306533813,396,1032
3117,1,Fast,0.7626775503158569,63,170
3117,0,VRU,0.5880232453346252,65,165
3118,1,Fast,0.9076527953147888,411,1022
3118,1,Fast,0.5448366403579712,64,170
3118,0,VRU,0.40885263681411743,1251,382
3118,2,Slow,0.39542073011398315,1133,495
3119,1,Fast,0.9099733829498291,426,1012
3119,1,Fast,0.5967544913291931,64,170
3119,0,VRU,0.38346946239471436,66,165
3119,1,Fast,0.35296982526779175,18,1016
3120,1,Fast,0.9132125377655029,441,1002
3120,0,VRU,0.5168893337249756,1257,379
3120,1,Fast,0.4302511215209961,62,170
3120,0,VRU,0.37236788868904114,1343,338
3120,0,VRU,0.33361726999282837,66,166
3121,1,Fast,0.9069263339042664,455,992
3121,0,VRU,0.47208070755004883,1260,377
3121,1,Fast,0.4527941644191742,62,171
3121,0,VRU,0.38543882966041565,66,166
3121,0,VRU,0.3836386203765869,1344,336
3121,0,VRU,0.3069431781768799,1145,487
3122,1,Fast,0.9085220694541931,469,982
3122,0,VRU,0.437776118516922,1262,374
3123,1,Fast,0.9020085334777832,483,972
3123,0,VRU,0.46087080240249634,1265,373
3123,1,Fast,0.322787344455719,63,170
3124,1,Fast,0.9009547829627991,496,963
3124,1,Fast,0.5427468419075012,63,170
3124,0,VRU,0.3806694447994232,67,165
3124,2,Slow,0.3472630977630615,1348,333
3124,0,VRU,0.33661019802093506,1268,371
3125,1,Fast,0.9005725383758545,508,955
3125,1,Fast,0.6184593439102173,64,170
3125,0,VRU,0.39855068922042847,67,166
3126,1,Fast,0.891342043876648,521,946
3126,1,Fast,0.4954187273979187,63,170
3126,1,Fast,0.42858558893203735,612,839
3126,0,VRU,0.32864850759506226,1272,367
3127,1,Fast,0.9000574350357056,534,937
3127,1,Fast,0.6042404174804688,62,171
3127,0,VRU,0.3562734127044678,67,166
3128,1,Fast,0.8911239504814148,547,928
3128,1,Fast,0.7082709670066833,451,1046
3128,1,Fast,0.5081520080566406,63,170
3128,0,VRU,0.3042334318161011,67,166
3129,1,Fast,0.8992881178855896,560,920
3130,1,Fast,0.8985194563865662,572,913
3130,0,VRU,0.3159560561180115,1175,464
3131,1,Fast,0.9074944257736206,583,905
3131,0,VRU,0.37747088074684143,1179,461
3131,0,VRU,0.32377439737319946,1283,358
3132,1,Fast,0.8964788317680359,594,897
3132,1,Fast,0.6609517931938171,64,170
3132,0,VRU,0.3458237946033478,65,166
3133,1,Fast,0.8986907601356506,606,889
3133,1,Fast,0.5668417811393738,64,170
3133,1,Fast,0.4867153465747833,506,1004
3134,1,Fast,0.9037556052207947,617,881
3135,1,Fast,0.9040477871894836,627,873
3135,0,VRU,0.3204496502876282,1294,352
3136,1,Fast,0.8963696360588074,638,866
3137,1,Fast,0.8905563354492188,648,858
3137,1,Fast,0.3301404118537903,64,170
3138,1,Fast,0.8959802389144897,659,851
3139,1,Fast,0.8975303769111633,669,843
3140,1,Fast,0.8947712779045105,680,836
3141,1,Fast,0.8900721669197083,689,831
3142,1,Fast,0.889629065990448,699,824
3143,1,Fast,0.8969607353210449,709,817
3144,1,Fast,0.8861560821533203,717,810
3144,2,Slow,0.42187973856925964,1219,431
3145,1,Fast,0.8881194591522217,727,803
3146,1,Fast,0.8839539289474487,736,797
3147,1,Fast,0.8852246403694153,744,790
3148,1,Fast,0.8833493590354919,753,784
3149,1,Fast,0.8776010274887085,761,778
3150,1,Fast,0.8826432824134827,770,772
3150,2,Slow,0.33557766675949097,1235,420
3151,1,Fast,0.8718299269676208,778,765
3152,1,Fast,0.885144829750061,785,760
3153,1,Fast,0.8776785731315613,795,754
3153,0,VRU,0.5714685916900635,1387,304
3154,1,Fast,0.8882184624671936,802,749
3154,2,Slow,0.4222160875797272,1246,410
3155,1,Fast,0.8792011737823486,811,743
3155,2,Slow,0.6198223829269409,1248,409
3156,1,Fast,0.8852770924568176,817,737
3157,1,Fast,0.8721963167190552,824,732
3158,1,Fast,0.8718305826187134,832,725
3159,1,Fast,0.8428601026535034,840,720
3160,1,Fast,0.8646727800369263,846,715
3160,2,Slow,0.3874191343784332,1261,400
3161,1,Fast,0.8613547086715698,852,710
3161,2,Slow,0.6225957870483398,1264,397
3162,1,Fast,0.8574299216270447,856,705
3162,2,Slow,0.5115019083023071,1266,396
3163,1,Fast,0.8765075206756592,865,701
3164,1,Fast,0.8664537072181702,874,695
3165,1,Fast,0.8680405020713806,879,691
3166,1,Fast,0.8721244931221008,888,686
3166,0,VRU,0.4528511166572571,1357,307
3167,1,Fast,0.8738316297531128,894,681
3167,2,Slow,0.5854780077934265,1276,387
3167,0,VRU,0.4391879737377167,1357,306
3168,1,Fast,0.865625262260437,901,676
3168,0,VRU,0.34504061937332153,1359,305
3168,2,Slow,0.31627747416496277,1279,386
3169,1,Fast,0.8642057180404663,906,671
3170,1,Fast,0.8326916098594666,913,666
3171,1,Fast,0.4696393609046936,918,662
3172,1,Fast,0.8165929913520813,924,657
3172,2,Slow,0.3449850082397461,1289,379
3173,1,Fast,0.8573509454727173,928,654
3173,2,Slow,0.3512263298034668,1290,377
3174,1,Fast,0.8295472860336304,933,650
3174,2,Slow,0.4466898739337921,1292,375
3175,1,Fast,0.8353322148323059,940,645
3175,2,Slow,0.4936167001724243,1295,374
3176,1,Fast,0.7312207221984863,947,640
3176,2,Slow,0.5569085478782654,1296,372
3176,0,VRU,0.435758501291275,1372,295
3177,1,Fast,0.8520015478134155,955,636
3177,0,VRU,0.35572484135627747,1373,294
3178,1,Fast,0.8601496815681458,960,632
3179,1,Fast,0.8010016679763794,965,628
3180,1,Fast,0.8017635345458984,967,624
3180,1,Fast,0.720483124256134,67,170
3180,0,VRU,0.5200350284576416,68,165
3180,2,Slow,0.4008128046989441,1305,366
3181,1,Fast,0.7528889775276184,975,619
3181,1,Fast,0.7161662578582764,68,170
3181,0,VRU,0.5014805793762207,68,165
3182,1,Fast,0.7313142418861389,67,170
3182,0,VRU,0.5534880757331848,68,165
3182,1,Fast,0.3245859146118164,981,615
3183,1,Fast,0.7384240031242371,68,170
3183,1,Fast,0.7376729846000671,986,611
3183,0,VRU,0.6056200265884399,68,165
3184,1,Fast,0.8612204790115356,988,608
3184,1,Fast,0.7175315022468567,68,170
3184,0,VRU,0.5683877468109131,68,165
3185,1,Fast,0.8449406623840332,993,604
3185,1,Fast,0.6041417121887207,68,170
3185,0,VRU,0.3561203181743622,68,165
3186,1,Fast,0.8254528641700745,999,600
3186,1,Fast,0.6202176213264465,68,170
3186,0,VRU,0.37765270471572876,68,165
3187,1,Fast,0.8203188180923462,1005,597
3187,1,Fast,0.631288468837738,67,170
3187,0,VRU,0.43251416087150574,68,165
3187,0,VRU,0.32353243231773376,1317,356
3188,1,Fast,0.676048755645752,1011,593
3188,1,Fast,0.6692075729370117,67,170
3188,0,VRU,0.45718929171562195,68,165
3189,1,Fast,0.7849224209785461,1016,589
3189,1,Fast,0.6681272387504578,68,170
3189,0,VRU,0.5441684722900391,68,165
3190,1,Fast,0.6835319399833679,1021,585
3190,1,Fast,0.6649764180183411,68,170
3190,0,VRU,0.5782811641693115,68,165
3191,1,Fast,0.673090934753418,68,170
3191,0,VRU,0.6011449694633484,68,165
3191,1,Fast,0.5612697601318359,1025,581
3192,1,Fast,0.5472077131271362,1029,578
3193,1,Fast,0.33185645937919617,1034,574
3194,1,Fast,0.7162428498268127,1039,571
3194,2,Slow,0.5020358562469482,1333,345
3195,1,Fast,0.8011463284492493,1042,569
3195,2,Slow,0.582562267780304,1334,343
3196,1,Fast,0.8199639916419983,1045,565
3196,2,Slow,0.5700562596321106,1335,343
3197,1,Fast,0.8461083769798279,1049,563
3197,2,Slow,0.5672053694725037,1336,341
3198,1,Fast,0.7853828072547913,1056,558
3198,2,Slow,0.5172148942947388,1337,340
3199,1,Fast,0.8251965641975403,1060,556
3199,2,Slow,0.4825672209262848,1338,339
3199,1,Fast,0.31206977367401123,69,170
3200,1,Fast,0.8017657995223999,1066,552
3201,1,Fast,0.7585148215293884,1069,549
3201,1,Fast,0.39667826890945435,68,171
3202,1,Fast,0.4157596528530121,68,170
3203,1,Fast,0.5416510701179504,68,170
3203,0,VRU,0.4332127571105957,69,164
3204,1,Fast,0.7405087947845459,68,169
3204,0,VRU,0.5546188354492188,68,165
3205,1,Fast,0.7377877831459045,68,169
3205,0,VRU,0.5564231276512146,68,165
3206,1,Fast,0.7253772616386414,68,169
3206,0,VRU,0.5216310620307922,68,165
3206,1,Fast,0.4833415448665619,1087,534
3207,1,Fast,0.7313756942749023,68,170
3207,0,VRU,0.5237005949020386,68,164
3207,1,Fast,0.3080310523509979,1090,531
3208,1,Fast,0.6655077934265137,68,170
3208,0,VRU,0.5140772461891174,68,165
3208,1,Fast,0.3517729341983795,1095,528
3209,1,Fast,0.6975998282432556,69,170
3209,0,VRU,0.6251713633537292,68,165
3210,1,Fast,0.5597760677337646,68,169
3210,0,VRU,0.46382036805152893,68,165
3210,1,Fast,0.42147380113601685,1107,522
3211,1,Fast,0.5308846831321716,68,169
3211,0,VRU,0.4093245565891266,68,165
3211,1,Fast,0.3711606562137604,1109,519
3212,1,Fast,0.405168741941452,69,169
3213,1,Fast,0.6949564218521118,69,170
3213,0,VRU,0.4310592710971832,68,164
3214,1,Fast,0.6453502178192139,69,169
3214,0,VRU,0.47663769125938416,69,164
3215,1,Fast,0.6238673329353333,69,169
3215,0,VRU,0.4693283438682556,69,164
3217,2,Slow,0.3247586488723755,1370,315
3218,1,Fast,0.36824682354927063,69,169
3218,2,Slow,0.3254047930240631,1372,314
3221,1,Fast,0.3845044672489166,68,169
3222,1,Fast,0.34704530239105225,67,169
3223,1,Fast,0.3184499740600586,67,169
3224,1,Fast,0.5626207590103149,68,170
3225,1,Fast,0.4124564230442047,68,169
3226,1,Fast,0.4815802574157715,68,170
3227,1,Fast,0.5136968493461609,68,170
3228,1,Fast,0.49777913093566895,67,171
3228,1,Fast,0.36951056122779846,1167,475
3229,1,Fast,0.548547625541687,67,172
3230,1,Fast,0.39213109016418457,67,171
3231,1,Fast,0.43131375312805176,67,171
3231,2,Slow,0.3713924288749695,1385,326
3232,1,Fast,0.5071191787719727,67,171
3233,1,Fast,0.559840977191925,67,170
3234,1,Fast,0.5938423275947571,67,170
3234,0,VRU,0.31389445066452026,70,167
3235,1,Fast,0.5100114941596985,67,170
3236,1,Fast,0.6043186783790588,67,171
3236,0,VRU,0.3853062093257904,70,166
3237,1,Fast,0.5866241455078125,67,171
3237,0,VRU,0.34031644463539124,69,167
3238,1,Fast,0.5864072442054749,68,171
3238,0,VRU,0.38728246092796326,70,167
3239,1,Fast,0.5718170404434204,68,171
3239,0,VRU,0.4083251357078552,70,166
3241,1,Fast,0.4123544692993164,1205,447
3242,1,Fast,0.46452727913856506,1208,444
3248,1,Fast,0.5257102847099304,1225,431
3248,2,Slow,0.3151220977306366,1162,507
3249,2,Slow,0.5708929300308228,1165,505
3249,1,Fast,0.38673967123031616,1226,430
3250,1,Fast,0.5926337242126465,1229,428
3250,2,Slow,0.5467734932899475,1166,504
3251,1,Fast,0.6705758571624756,1231,427
3251,2,Slow,0.30034762620925903,1169,502
3252,1,Fast,0.5666857957839966,1234,425
3253,1,Fast,0.6235958337783813,1421,279
3253,2,Slow,0.47170042991638184,1230,340
3254,2,Slow,0.3094686269760132,1227,342
3255,2,Slow,0.5482646226882935,1226,343
3256,2,Slow,0.4891264736652374,1225,343
3257,2,Slow,0.6109264492988586,1221,346
3258,2,Slow,0.7227315902709961,1219,348
3259,2,Slow,0.7135480046272278,1217,349
3259,1,Fast,0.46084830164909363,1250,411
3260,2,Slow,0.5760524868965149,1216,351
3260,1,Fast,0.5282166004180908,1252,409
3261,1,Fast,0.38593026995658875,1254,408
3262,0,VRU,0.3962232768535614,1210,354
3263,0,VRU,0.6037089228630066,1206,355
3264,0,VRU,0.773787796497345,1205,356
3264,1,Fast,0.314416766166687,285,1068
3265,0,VRU,0.6637264490127563,1202,357
3266,2,Slow,0.42364147305488586,1200,358
3267,2,Slow,0.3884333372116089,1436,267
3267,2,Slow,0.35087889432907104,1197,360
3268,0,VRU,0.6162117123603821,1195,362
3269,0,VRU,0.7355563044548035,1193,365
3270,0,VRU,0.6244205236434937,1191,366
3274,1,Fast,0.41429799795150757,1445,262
3278,0,VRU,0.3438269793987274,1171,379
3279,0,VRU,0.3750969171524048,1168,381
3280,0,VRU,0.572761058807373,1165,383
3280,1,Fast,0.3347635865211487,1391,251
3281,0,VRU,0.7139277458190918,1161,384
3281,2,Slow,0.4787904620170593,1296,376
3281,1,Fast,0.30572375655174255,1453,256
3282,0,VRU,0.427453875541687,1159,387
3284,1,Fast,0.3077027499675751,305,1066
3286,1,Fast,0.44833213090896606,343,1056
3287,1,Fast,0.8234089016914368,359,1051
3288,1,Fast,0.6863951086997986,374,1047
3289,1,Fast,0.8733050227165222,387,1038
3290,1,Fast,0.645972728729248,401,1031
3291,1,Fast,0.885959267616272,414,1020
3292,1,Fast,0.9005438089370728,428,1010
3293,1,Fast,0.9067742824554443,442,1001
3294,1,Fast,0.9052948951721191,455,992
3295,1,Fast,0.9046483635902405,468,983
3296,1,Fast,0.9058350920677185,481,974
3297,1,Fast,0.9113514423370361,492,965
3297,2,Slow,0.36996614933013916,1204,373
3298,1,Fast,0.9018413424491882,504,957
3299,1,Fast,0.9002904891967773,515,948
3300,1,Fast,0.9001640677452087,528,940
3301,1,Fast,0.9004797339439392,539,933
3302,1,Fast,0.8992778062820435,550,926
3303,1,Fast,0.8893720507621765,561,918
3304,1,Fast,0.8936412930488586,572,911
3305,1,Fast,0.9072578549385071,582,903
3306,1,Fast,0.8994587659835815,593,896
3307,1,Fast,0.8981343507766724,602,888
3308,1,Fast,0.905708909034729,614,881
3309,1,Fast,0.9007257223129272,623,874
3310,1,Fast,0.8990617990493774,632,867
3311,1,Fast,0.8931496739387512,642,860
3312,1,Fast,0.887324869632721,651,854
3313,1,Fast,0.8993310928344727,660,847
3314,1,Fast,0.8907186985015869,670,840
3315,1,Fast,0.8839868903160095,679,834
3316,1,Fast,0.8658614158630371,686,829
3317,1,Fast,0.8854358792304993,696,823
3318,1,Fast,0.8961078524589539,705,816
3319,1,Fast,0.89542555809021,713,810
3319,0,VRU,0.4027985632419586,1038,464
3320,1,Fast,0.8888411521911621,722,804
3320,1,Fast,0.5878890752792358,241,1061
3321,1,Fast,0.8826932907104492,729,798
3321,1,Fast,0.5797910094261169,271,1054
3322,1,Fast,0.8931729793548584,290,1047
3322,1,Fast,0.8807483315467834,738,792
3322,0,VRU,0.41355299949645996,1025,472
3323,1,Fast,0.902424693107605,308,1038
3323,1,Fast,0.8853616714477539,745,786
3323,1,Fast,0.5410801768302917,1326,294
3324,1,Fast,0.9067022800445557,326,1026
3324,1,Fast,0.8780701160430908,754,780
3324,1,Fast,0.5890267491340637,1323,296
3324,0,VRU,0.3430652916431427,1015,477
3325,1,Fast,0.9054399728775024,344,1015
3325,1,Fast,0.8703237175941467,762,775
3325,0,VRU,0.5612063407897949,1011,479
3325,1,Fast,0.3822736442089081,1321,297
3326,1,Fast,0.9065569639205933,360,1003
3326,1,Fast,0.8741505146026611,770,769
3326,1,Fast,0.48612454533576965,1320,298
3327,1,Fast,0.9059420228004456,378,992
3327,1,Fast,0.8634235858917236,777,764
3327,0,VRU,0.573799192905426,1006,484
3328,1,Fast,0.9153990745544434,395,980
3328,1,Fast,0.8790438175201416,784,759
3328,0,VRU,0.5091297030448914,1000,487
3329,1,Fast,0.918814480304718,412,969
3329,1,Fast,0.8613913655281067,793,754
3329,0,VRU,0.6648170351982117,995,489
3330,1,Fast,0.9119575619697571,428,959
3330,1,Fast,0.8695972561836243,798,749
3330,0,VRU,0.4707772135734558,991,492
3331,1,Fast,0.9145953059196472,444,948
3331,1,Fast,0.8679770827293396,806,744
3331,0,VRU,0.34277215600013733,986,495
3331,1,Fast,0.31638163328170776,1309,304
3332,1,Fast,0.9209464192390442,459,938
3332,1,Fast,0.8680699467658997,813,738
3332,0,VRU,0.46475210785865784,982,497
3333,1,Fast,0.9030132293701172,474,929
3333,1,Fast,0.8737325072288513,820,733
3334,1,Fast,0.9081845283508301,487,919
3334,1,Fast,0.8641278147697449,827,728
3335,1,Fast,0.9051304459571838,503,910
3335,1,Fast,0.8635274767875671,833,723
3336,1,Fast,0.899542510509491,517,900
3336,1,Fast,0.8565893769264221,840,718
3336,1,Fast,0.6710740923881531,1300,309
3337,1,Fast,0.9038691520690918,530,892
3337,1,Fast,0.8640312552452087,847,713
3337,1,Fast,0.6504906415939331,1299,311
3338,1,Fast,0.9010055065155029,545,883
3338,1,Fast,0.8475125432014465,854,708
3338,1,Fast,0.6680525541305542,1297,312
3338,2,Slow,0.4917364716529846,954,515
3339,1,Fast,0.8996878862380981,558,874
3339,1,Fast,0.8539026975631714,859,705
3339,1,Fast,0.4893757402896881,1294,313
3339,2,Slow,0.45256900787353516,948,517
3340,1,Fast,0.9088929891586304,571,865
3340,1,Fast,0.8479525446891785,865,701
3340,2,Slow,0.4227575957775116,945,520
3341,1,Fast,0.8985861539840698,584,856
3341,1,Fast,0.8445938229560852,872,696
3341,1,Fast,0.3210890293121338,1290,316
3342,1,Fast,0.8966803550720215,596,848
3342,1,Fast,0.8617766499519348,879,691
3342,1,Fast,0.4034837484359741,1289,317
3343,1,Fast,0.9148147702217102,608,840
3343,1,Fast,0.8503335118293762,883,688
3344,1,Fast,0.9005133509635925,620,832
3344,1,Fast,0.8485310077667236,891,682
3345,1,Fast,0.8894224166870117,631,824
3345,1,Fast,0.8587176203727722,898,678
3345,1,Fast,0.5238922834396362,1045,477
3345,1,Fast,0.31531456112861633,1282,321
3346,1,Fast,0.8573267459869385,904,673
3346,1,Fast,0.8462833762168884,642,816
3346,1,Fast,0.5765107870101929,1280,322
3346,1,Fast,0.37109968066215515,1309,289
3347,1,Fast,0.8912286758422852,654,809
3347,1,Fast,0.8500418066978455,909,669
3347,1,Fast,0.5125396251678467,1277,323
3348,1,Fast,0.8928975462913513,666,801
3348,1,Fast,0.84271240234375,915,664
3348,1,Fast,0.5604984164237976,1275,325
3349,1,Fast,0.8954858779907227,677,794
3349,1,Fast,0.853432834148407,921,660
3350,1,Fast,0.8757965564727783,687,786
3350,1,Fast,0.8638260364532471,927,656
3350,2,Slow,0.35982248187065125,894,552
3351,1,Fast,0.882513165473938,698,779
3351,1,Fast,0.8587903380393982,930,652
3352,1,Fast,0.8674256205558777,937,648
3352,1,Fast,0.8188834190368652,709,772
3353,1,Fast,0.8746029138565063,941,645
3353,1,Fast,0.8393693566322327,718,766
3353,0,VRU,0.5355820059776306,1014,499
3354,1,Fast,0.8246420621871948,728,759
3354,1,Fast,0.813457190990448,944,641
3355,1,Fast,0.8470982313156128,954,637
3356,1,Fast,0.8839831948280334,960,632
3357,1,Fast,0.8691086769104004,964,629
3357,1,Fast,0.7679630517959595,755,740
3358,1,Fast,0.8594222068786621,766,733
3358,1,Fast,0.8433048725128174,969,625
3359,1,Fast,0.8410853147506714,973,621
3359,1,Fast,0.775406539440155,775,726
3360,1,Fast,0.8086578249931335,980,617
3360,1,Fast,0.7966711521148682,785,719
3360,2,Slow,0.3796056807041168,831,588
3361,1,Fast,0.796475887298584,984,614
3361,1,Fast,0.6283532977104187,793,714
3361,2,Slow,0.4915800988674164,824,591
3362,1,Fast,0.8502178192138672,989,610
3362,1,Fast,0.8437489867210388,800,708
3362,2,Slow,0.46747609972953796,818,596
3363,1,Fast,0.8549937009811401,991,607
3363,1,Fast,0.7560642957687378,810,702
3364,1,Fast,0.8551185131072998,997,604
3364,1,Fast,0.6466807126998901,817,696
3364,2,Slow,0.5436339974403381,804,604
3365,1,Fast,0.8810330033302307,1000,600
3365,2,Slow,0.6994028091430664,799,608
3366,1,Fast,0.8469380736351013,1006,597
3366,1,Fast,0.5131379961967468,832,685
3367,1,Fast,0.8552276492118835,1011,594
3367,1,Fast,0.7524455785751343,841,679
3368,1,Fast,0.880790650844574,1016,591
3368,1,Fast,0.8390211462974548,849,674
3368,1,Fast,0.3260892927646637,1226,354
3369,1,Fast,0.8764678239822388,1021,587
3369,1,Fast,0.800833523273468,857,669
3370,1,Fast,0.8595945835113525,1025,584
3370,1,Fast,0.4800906181335449,865,663
3370,2,Slow,0.3199738562107086,763,628
3371,1,Fast,0.795846700668335,1029,580
3371,1,Fast,0.3947959542274475,872,658
3372,1,Fast,0.7847729921340942,1034,576
3372,1,Fast,0.7162973284721375,879,653
3372,2,Slow,0.42786192893981934,911,564
3372,2,Slow,0.39931872487068176,749,638
3373,1,Fast,0.7734904885292053,1039,573
3373,1,Fast,0.7408959865570068,887,648
3373,2,Slow,0.694121241569519,743,642
3373,2,Slow,0.39906764030456543,907,566
3374,1,Fast,0.7753831148147583,1042,571
3374,2,Slow,0.6522202491760254,736,647
3375,1,Fast,0.775010347366333,1046,568
3375,1,Fast,0.592329740524292,901,639
3375,2,Slow,0.519416093826294,728,652
3375,2,Slow,0.33498290181159973,1253,435
3376,1,Fast,0.8534550666809082,1049,565
3376,1,Fast,0.6405482292175293,886,579
3376,2,Slow,0.3314155042171478,719,657
3377,1,Fast,0.8751106858253479,1052,562
3378,1,Fast,0.8479350805282593,1057,559
3378,1,Fast,0.8214296698570251,920,625
3378,1,Fast,0.46991053223609924,1198,371
3378,0,VRU,0.3717656433582306,702,666
3379,1,Fast,0.8686743378639221,1061,556
3379,1,Fast,0.6179828643798828,927,620
3380,1,Fast,0.8440674543380737,1066,553
3380,1,Fast,0.7238397598266602,934,616
3381,1,Fast,0.794030487537384,1070,550
3381,0,VRU,0.420846551656723,1189,377
3382,1,Fast,0.8223936557769775,1074,547
3382,1,Fast,0.7101872563362122,945,606
3382,0,VRU,0.35219070315361023,1186,379
3382,2,Slow,0.3212781250476837,848,604
3383,1,Fast,0.7059751152992249,842,608
3383,1,Fast,0.5073840022087097,1078,545
3383,0,VRU,0.4099656939506531,1435,266
3385,1,Fast,0.709236741065979,1086,538
3385,1,Fast,0.6960413455963135,1178,383
3385,1,Fast,0.6414721608161926,964,594
3385,1,Fast,0.48658502101898193,829,616
3385,2,Slow,0.39125779271125793,644,699
3386,1,Fast,0.8016380071640015,1088,536
3386,1,Fast,0.6947538256645203,1174,386
3386,2,Slow,0.3075602650642395,637,705
3387,1,Fast,0.8153465390205383,1089,533
3387,1,Fast,0.7207008600234985,1170,388
3388,1,Fast,0.805698812007904,1095,530
3388,1,Fast,0.6108824610710144,981,582
3388,1,Fast,0.5923275351524353,1167,390
3388,2,Slow,0.35898464918136597,616,716
3389,1,Fast,0.8298273086547852,1097,528
3389,1,Fast,0.6117020845413208,986,577
3390,1,Fast,0.7969022393226624,1102,525
3391,1,Fast,0.8505227565765381,1106,522
3391,1,Fast,0.5337395668029785,782,646
3391,1,Fast,0.5126386284828186,997,570
3392,1,Fast,0.8534846901893616,1109,519
3392,1,Fast,0.7139012217521667,774,651
3392,1,Fast,0.6503770351409912,1002,566
3393,1,Fast,0.8252942562103271,1114,517
3393,1,Fast,0.7455111145973206,766,656
3394,1,Fast,0.5064136981964111,756,661
3394,1,Fast,0.4377441704273224,1147,401
3395,1,Fast,0.6571373343467712,1120,511
3395,1,Fast,0.6307071447372437,1143,404
3396,1,Fast,0.5114277005195618,1140,406
3396,1,Fast,0.43287283182144165,1125,508
3396,1,Fast,0.33785971999168396,1023,551
3397,1,Fast,0.6578690409660339,1136,408
3397,0,VRU,0.3387984037399292,1028,547
3398,1,Fast,0.5847456455230713,1128,504
3398,1,Fast,0.35644808411598206,1132,410
3398,1,Fast,0.30658867955207825,1033,543
3399,1,Fast,0.6522669196128845,1131,501
3400,1,Fast,0.5657879710197449,1134,499
3400,1,Fast,0.36899393796920776,1042,537
3401,1,Fast,0.8225879669189453,696,699
3401,1,Fast,0.7848531603813171,1138,497
3401,1,Fast,0.37995678186416626,1120,416
3402,1,Fast,0.8313937187194824,1143,494
3402,1,Fast,0.7396218776702881,688,704
3402,1,Fast,0.3165949583053589,1117,418
3403,1,Fast,0.7854037284851074,1147,491
3403,1,Fast,0.6289194226264954,682,709
3403,1,Fast,0.44936031103134155,1114,420
3404,1,Fast,0.8541393876075745,1149,489
3404,1,Fast,0.6234990954399109,666,716
3404,1,Fast,0.6044978499412537,1110,423
3405,1,Fast,0.7883678078651428,1105,425
3405,1,Fast,0.7805140018463135,1152,487
3405,1,Fast,0.6955016255378723,656,722
3406,1,Fast,0.7632232308387756,1102,428
3406,2,Slow,0.630031168460846,1156,484
3407,1,Fast,0.773563027381897,1098,430
3407,2,Slow,0.7368327975273132,1159,481
3407,1,Fast,0.4073861241340637,410,836
3408,1,Fast,0.7707271575927734,1093,432
3408,1,Fast,0.44342106580734253,1162,479
3409,1,Fast,0.7545120716094971,1164,478
3409,1,Fast,0.720747709274292,1089,434
3410,1,Fast,0.7754369378089905,1166,476
3410,1,Fast,0.6296870112419128,604,754
3410,1,Fast,0.5362656712532043,1084,436
3411,1,Fast,0.8487039804458618,1168,473
3411,1,Fast,0.6806396245956421,1081,439
3411,1,Fast,0.3456297516822815,595,760
3412,1,Fast,0.8381177186965942,1171,471
3412,1,Fast,0.5026540756225586,583,767
3412,1,Fast,0.49604928493499756,1076,442
3413,1,Fast,0.7720271944999695,1174,469
3413,1,Fast,0.6208425164222717,1072,445
3413,1,Fast,0.40123429894447327,573,774
3414,1,Fast,0.7202333807945251,1069,447
3414,1,Fast,0.5531677603721619,1178,467
3414,1,Fast,0.3262830674648285,560,781
3415,1,Fast,0.7551695108413696,546,789
3415,1,Fast,0.6524940133094788,1065,450
3415,1,Fast,0.616068422794342,306,896
3415,1,Fast,0.5417309403419495,1182,464
3416,1,Fast,0.7509710788726807,1059,452
3417,1,Fast,0.8052579760551453,1056,454
3418,1,Fast,0.7912296652793884,1051,457
3419,1,Fast,0.7970589399337769,1047,460
3419,2,Slow,0.4798164665699005,241,932
3419,1,Fast,0.40821072459220886,1194,455
3420,1,Fast,0.6276316046714783,1043,462
3420,2,Slow,0.5430558919906616,230,940
3420,2,Slow,0.5221773386001587,1176,373
3420,1,Fast,0.4402598440647125,1196,453
3420,1,Fast,0.3447800874710083,483,827
3421,1,Fast,0.6735155582427979,1037,466
3421,1,Fast,0.6456620693206787,471,835
3421,1,Fast,0.5462886095046997,1197,452
3422,1,Fast,0.8235114812850952,457,843
3422,1,Fast,0.792930006980896,1199,450
3422,1,Fast,0.775374174118042,1033,468
3423,1,Fast,0.8047659397125244,1203,448
3423,1,Fast,0.7954251170158386,1028,471
3423,1,Fast,0.7014517188072205,179,968
3424,1,Fast,0.8495742082595825,1024,474
3424,1,Fast,0.7823454737663269,1205,446
3424,1,Fast,0.6896796226501465,428,861
3424,1,Fast,0.6196470260620117,163,979
3425,1,Fast,0.8413437604904175,1207,444
3425,1,Fast,0.8291276693344116,1020,477
3426,1,Fast,0.7653844952583313,1015,479
3426,1,Fast,0.7214921712875366,396,879
3426,1,Fast,0.7138545513153076,1211,442
3426,1,Fast,0.3462940752506256,1163,382
3427,1,Fast,0.6069517135620117,1010,481
3427,1,Fast,0.411375492811203,111,1008
3427,1,Fast,0.39772868156433105,1161,383
3427,1,Fast,0.32142630219459534,1214,439
3428,1,Fast,0.6498202085494995,1005,485
3428,1,Fast,0.5257366895675659,1216,437
3429,1,Fast,0.8431458473205566,351,905
3429,1,Fast,0.8188499808311462,999,488
3429,2,Slow,0.44466647505760193,75,1026
3430,1,Fast,0.8338747024536133,995,491
3430,1,Fast,0.7581033706665039,337,914
3430,1,Fast,0.47897887229919434,56,1038
3431,1,Fast,0.8303918242454529,318,924
3431,1,Fast,0.8246392607688904,989,494
3431,1,Fast,0.5003929138183594,35,1050
3431,2,Slow,0.43441349267959595,1283,384
3432,1,Fast,0.8501595854759216,984,497
3432,1,Fast,0.7614927291870117,303,934
3432,1,Fast,0.7228198051452637,1225,430
3432,2,Slow,0.4217727482318878,27,1056
3432,1,Fast,0.40788978338241577,27,1056
3433,1,Fast,0.8730332255363464,978,501
3433,1,Fast,0.8019185662269592,285,944
3433,1,Fast,0.7804491519927979,1228,428
3434,1,Fast,0.8717573285102844,972,504
3434,1,Fast,0.7511489987373352,1230,426
3434,1,Fast,0.4130710959434509,268,955
3435,1,Fast,0.8451021909713745,968,506
3435,1,Fast,0.7984392046928406,1232,425
3435,1,Fast,0.628256618976593,247,966
3436,1,Fast,0.8372074961662292,962,509
3436,1,Fast,0.7114219069480896,1234,423
3437,1,Fast,0.7703548669815063,957,513
3437,1,Fast,0.3671607971191406,211,988
3437,1,Fast,0.3339228332042694,1237,421
3438,1,Fast,0.7626285552978516,951,516
3438,1,Fast,0.6771751046180725,190,998
3439,1,Fast,0.8050761222839355,945,520
3440,1,Fast,0.7963178157806396,940,524
3441,1,Fast,0.8287773132324219,934,528
3441,1,Fast,0.32985028624534607,1247,413
3442,1,Fast,0.8110949993133545,926,531
3443,1,Fast,0.8272826671600342,921,534
3444,1,Fast,0.8736879229545593,299,1035
3444,1,Fast,0.8067622184753418,914,538
3445,1,Fast,0.9008164405822754,317,1023
3445,1,Fast,0.6328677535057068,909,540
3446,1,Fast,0.9061129689216614,337,1009
3446,1,Fast,0.7951148748397827,903,545
3447,1,Fast,0.8355003595352173,355,997
3447,1,Fast,0.762894332408905,896,549
3447,2,Slow,0.3949801027774811,329,1013
3448,1,Fast,0.8618181943893433,373,985
3448,1,Fast,0.7685887217521667,890,553
3448,1,Fast,0.3680192232131958,1260,402
3449,1,Fast,0.8917726874351501,391,973
3449,1,Fast,0.8010503649711609,884,556
3449,1,Fast,0.6410484910011292,1262,401
3450,1,Fast,0.889374315738678,408,962
3450,1,Fast,0.8611150979995728,877,560
3450,1,Fast,0.7226894497871399,1265,399
3450,1,Fast,0.3594822585582733,351,1069
3451,1,Fast,0.8827164769172668,427,950
3451,1,Fast,0.8440377712249756,869,564
3451,1,Fast,0.5359433889389038,1267,397
3451,1,Fast,0.3856527805328369,1092,423
3451,1,Fast,0.3829384446144104,369,1066
3452,1,Fast,0.8635770678520203,445,939
3452,1,Fast,0.8630448579788208,863,568
3452,1,Fast,0.6534950137138367,1089,425
3452,1,Fast,0.3778083026409149,1268,395
3453,1,Fast,0.8855765461921692,460,928
3453,1,Fast,0.829634428024292,857,571
3453,1,Fast,0.7054070234298706,1086,427
3453,1,Fast,0.6139348149299622,409,1056
3453,1,Fast,0.43157970905303955,1270,394
3454,1,Fast,0.8666857481002808,848,576
3454,1,Fast,0.8530859351158142,477,918
3454,1,Fast,0.6567670106887817,1084,429
3455,1,Fast,0.8567479252815247,493,907
3455,1,Fast,0.854402482509613,841,580
3455,1,Fast,0.6774394512176514,1080,431
3455,1,Fast,0.4801720678806305,444,1045
3456,1,Fast,0.8404421806335449,834,584
3456,1,Fast,0.5438734292984009,1077,433
3456,1,Fast,0.5362564325332642,456,1035
3456,1,Fast,0.3397572636604309,508,898
3457,1,Fast,0.8692520260810852,827,589
3457,1,Fast,0.7450043559074402,1074,435
3457,1,Fast,0.30420544743537903,1276,389
3458,1,Fast,0.8622409701347351,820,593
3458,1,Fast,0.6014688014984131,1070,437
3458,1,Fast,0.5334952473640442,480,1018
3458,1,Fast,0.5009050369262695,1278,386
3459,1,Fast,0.8711289167404175,811,597
3459,1,Fast,0.8178573250770569,552,869
3459,1,Fast,0.669347882270813,1280,385
3459,1,Fast,0.6628815531730652,1067,439
3460,1,Fast,0.8739792108535767,805,602
3460,1,Fast,0.7538219690322876,566,860
3460,1,Fast,0.6878493428230286,501,1001
3460,1,Fast,0.6339590549468994,1064,441
3460,1,Fast,0.3061939775943756,1283,383
3461,1,Fast,0.8604667782783508,796,606
3461,1,Fast,0.7000580430030823,580,850
3461,1,Fast,0.6757368445396423,511,993
3461,1,Fast,0.674055278301239,1061,443
3461,1,Fast,0.48935192823410034,1285,382
3462,1,Fast,0.8780701160430908,787,612
3462,1,Fast,0.8739213943481445,593,841
3462,1,Fast,0.6980946063995361,1058,445
3462,1,Fast,0.6198542714118958,521,985
3462,1,Fast,0.35396307706832886,1288,381
3463,1,Fast,0.8851877450942993,606,832
3463,1,Fast,0.8675794005393982,779,617
3463,1,Fast,0.8243796825408936,534,978
3463,1,Fast,0.6998422145843506,1055,447
3464,1,Fast,0.8651090860366821,771,622
3464,1,Fast,0.8247808218002319,543,971
3464,1,Fast,0.6732144355773926,1052,449
3464,1,Fast,0.4739159047603607,1291,377
3465,1,Fast,0.8646823167800903,763,627
3465,1,Fast,0.6606740951538086,554,963
3465,1,Fast,0.5095017552375793,1048,451
3465,1,Fast,0.35268738865852356,1293,375
3466,1,Fast,0.8760049939155579,755,631
3466,1,Fast,0.7166961431503296,561,956
3466,1,Fast,0.36407819390296936,1044,453
3467,1,Fast,0.8784729242324829,747,636
3467,1,Fast,0.5026106834411621,574,948
3468,1,Fast,0.8911277651786804,738,641
3468,1,Fast,0.44014328718185425,1297,371
3468,1,Fast,0.4118538200855255,583,941
3469,1,Fast,0.8787727952003479,729,646
3469,1,Fast,0.862739622592926,680,783
3469,1,Fast,0.8208633065223694,589,935
3469,1,Fast,0.4690219759941101,1034,460
3470,1,Fast,0.8730872273445129,719,651
3470,1,Fast,0.7532673478126526,1030,462
3470,1,Fast,0.5795826315879822,602,928
3471,1,Fast,0.8790655732154846,710,656
3471,1,Fast,0.6313901543617249,1026,464
3471,1,Fast,0.6239626407623291,702,769
3472,1,Fast,0.8779067397117615,702,662
3472,1,Fast,0.6676847338676453,618,913
3472,1,Fast,0.46751195192337036,1289,316
3472,1,Fast,0.35476788878440857,1023,466
3473,1,Fast,0.8700436949729919,692,668
3473,1,Fast,0.7955895662307739,633,905
3473,1,Fast,0.6514233350753784,724,755
3473,1,Fast,0.48908695578575134,1288,317
3474,1,Fast,0.8892318606376648,682,674
3474,1,Fast,0.5435701608657837,639,899
3474,1,Fast,0.4886153042316437,1015,471
3474,1,Fast,0.4677082896232605,1286,318
3475,1,Fast,0.8784834742546082,673,679
3475,1,Fast,0.7910125255584717,1011,473
3475,1,Fast,0.781243622303009,651,892
3475,1,Fast,0.367118239402771,1284,319
3476,1,Fast,0.8868884444236755,663,684
3476,1,Fast,0.7610952258110046,659,886
3476,1,Fast,0.7142208218574524,1007,475
3477,1,Fast,0.8904843330383301,653,690
3477,1,Fast,0.7851943969726562,1003,478
3477,1,Fast,0.7720742225646973,667,879
3477,1,Fast,0.6023238897323608,765,727
3477,1,Fast,0.3108067214488983,1282,320
3478,1,Fast,0.875636100769043,642,695
3478,1,Fast,0.7544617056846619,999,480
3478,1,Fast,0.5920812487602234,674,875
3479,1,Fast,0.8797943592071533,633,701
3479,1,Fast,0.6538072228431702,996,483
3479,1,Fast,0.5493767857551575,785,715
3479,1,Fast,0.5251970887184143,682,868
3480,1,Fast,0.8805059194564819,622,708
3480,1,Fast,0.7386144399642944,993,485
3481,1,Fast,0.877517819404602,612,713
3481,1,Fast,0.842674970626831,988,487
3482,1,Fast,0.8645147681236267,600,720
3482,1,Fast,0.834062933921814,983,489
3483,1,Fast,0.8776686787605286,588,727
3483,1,Fast,0.7960770726203918,979,492
3484,1,Fast,0.8837345242500305,577,733
3484,1,Fast,0.8233072757720947,975,495
3485,1,Fast,0.8776683807373047,565,740
3485,1,Fast,0.773457407951355,971,497
3486,1,Fast,0.878470242023468,553,747
3486,1,Fast,0.8081985712051392,966,500
3487,1,Fast,0.8769129514694214,541,754
3487,1,Fast,0.816473662853241,963,502
3487,1,Fast,0.4614689350128174,746,820
3488,1,Fast,0.867306649684906,529,761
3488,1,Fast,0.8029590845108032,958,505
3488,1,Fast,0.6011943817138672,752,814
3489,1,Fast,0.8687563538551331,516,767
3489,1,Fast,0.6799067854881287,953,508
3489,1,Fast,0.5122478604316711,871,656
3490,1,Fast,0.8628737330436707,503,775
3490,1,Fast,0.7422459125518799,949,510
3491,1,Fast,0.8667367696762085,491,782
3491,1,Fast,0.8309974074363708,944,513
3491,1,Fast,0.4060523509979248,887,646
3492,1,Fast,0.8690096735954285,479,790
3492,1,Fast,0.8552576303482056,939,517
3492,1,Fast,0.5175682902336121,895,641
3493,1,Fast,0.8654696941375732,464,798
3493,1,Fast,0.8530813455581665,935,519
3493,1,Fast,0.499922513961792,902,636
3494,1,Fast,0.8812803626060486,450,806
3494,1,Fast,0.849608838558197,932,522
3495,1,Fast,0.8933106660842896,435,815
3495,1,Fast,0.8389327526092529,927,524
3495,1,Fast,0.6529203057289124,917,625
3496,1,Fast,0.8819637894630432,420,823
3496,1,Fast,0.822098433971405,922,527
3496,1,Fast,0.4510103166103363,924,621
3497,1,Fast,0.8778512477874756,405,832
3497,1,Fast,0.847597599029541,917,530
3497,1,Fast,0.32690683007240295,1356,271
3498,1,Fast,0.8698480725288391,391,839
3498,1,Fast,0.8645922541618347,911,533
3498,1,Fast,0.5424382090568542,939,611
3499,1,Fast,0.8857796788215637,378,847
3499,1,Fast,0.7974973917007446,906,536
3499,1,Fast,0.45262429118156433,1337,323
3499,1,Fast,0.38687530159950256,1354,274
3499,1,Fast,0.35613563656806946,946,607
3500,1,Fast,0.8788132071495056,361,857
3500,1,Fast,0.7951173186302185,902,539
3500,1,Fast,0.4889184236526489,1338,321
3500,1,Fast,0.34155407547950745,953,602
3501,1,Fast,0.8856508135795593,346,865
3501,1,Fast,0.6294703483581543,897,543
3501,1,Fast,0.4841541647911072,958,598
3501,1,Fast,0.37495094537734985,1339,319
3501,1,Fast,0.32797670364379883,1351,275
3502,1,Fast,0.8884150981903076,329,875
3502,1,Fast,0.6250550746917725,891,546
3503,1,Fast,0.8962001204490662,313,884
3503,1,Fast,0.8085628151893616,887,549
3503,1,Fast,0.43939730525016785,853,739
3503,1,Fast,0.3713810443878174,1343,317
3504,1,Fast,0.8959541320800781,295,894
3504,1,Fast,0.8035941123962402,881,552
3505,1,Fast,0.9001489877700806,278,903
3505,1,Fast,0.7799526453018188,876,554
3506,1,Fast,0.8958074450492859,261,914
3506,1,Fast,0.8178431391716003,871,557
3507,1,Fast,0.901638388633728,242,924
3507,1,Fast,0.8551890254020691,865,561
3508,1,Fast,0.898617148399353,222,935
3508,1,Fast,0.8736422657966614,859,564
3508,1,Fast,0.37825584411621094,1343,281
3509,1,Fast,0.8944940567016602,204,946
3509,1,Fast,0.8708763122558594,854,567
3509,1,Fast,0.4433034062385559,1341,282
3510,1,Fast,0.8955419063568115,184,957
3510,1,Fast,0.8581578731536865,848,570
3510,1,Fast,0.6516292095184326,1339,282
3511,1,Fast,0.9005944728851318,163,969
3511,1,Fast,0.8724637627601624,842,574
3511,1,Fast,0.6808804869651794,1338,283
3512,1,Fast,0.8854174613952637,144,980
3512,1,Fast,0.8767232298851013,836,578
3512,1,Fast,0.70909583568573,1337,284
3513,1,Fast,0.8765305876731873,122,991
3513,1,Fast,0.8443130254745483,831,582
3513,1,Fast,0.7275477051734924,1336,284
3514,1,Fast,0.8774849772453308,101,1003
3514,1,Fast,0.8603785037994385,825,584
3514,1,Fast,0.725117027759552,1335,285
3515,1,Fast,0.8601276278495789,819,588
3515,1,Fast,0.8032410144805908,79,1015
3515,1,Fast,0.7392948865890503,1334,285
3515,1,Fast,0.3270062208175659,1366,314
3516,1,Fast,0.8740612864494324,813,592
3516,1,Fast,0.7152043581008911,1333,287
3516,1,Fast,0.413049578666687,59,1027
3516,1,Fast,0.34998127818107605,1368,312
3516,0,VRU,0.33107346296310425,1430,286
3517,1,Fast,0.8457930088043213,807,595
3517,1,Fast,0.7096546292304993,1331,288
3517,1,Fast,0.6434059143066406,42,1040
3517,1,Fast,0.37199875712394714,1369,312
3518,1,Fast,0.8370475172996521,800,599
3518,1,Fast,0.6201748847961426,1329,289
3519,1,Fast,0.8603788018226624,793,603
3519,1,Fast,0.5874596834182739,1328,290
3520,1,Fast,0.8662342429161072,787,607
3520,1,Fast,0.54393070936203,1326,291
3521,1,Fast,0.854850709438324,780,611
3521,1,Fast,0.4832540452480316,1326,292
3522,1,Fast,0.8534693121910095,774,615
3522,1,Fast,0.5154858231544495,1324,293
3523,1,Fast,0.8652859330177307,767,619
3523,1,Fast,0.49916550517082214,1323,294
3524,1,Fast,0.8533761501312256,760,623
3524,1,Fast,0.35483118891716003,1321,295
3525,1,Fast,0.8497605323791504,754,627
3525,1,Fast,0.4846780598163605,1320,296
3526,1,Fast,0.8671996593475342,747,631
3526,1,Fast,0.4517768919467926,1318,297
3527,1,Fast,0.8750709891319275,741,635
3527,1,Fast,0.5191525220870972,1317,297
3528,1,Fast,0.8626006245613098,733,639
3528,1,Fast,0.3336212933063507,1316,299
3528,2,Slow,0.314154714345932,1256,306
3529,1,Fast,0.8674954175949097,726,643
3530,1,Fast,0.8717194199562073,719,647
3530,1,Fast,0.47508111596107483,1312,301
3531,1,Fast,0.8661395907402039,711,651
3531,1,Fast,0.30982232093811035,1311,301
3532,1,Fast,0.8503134250640869,705,656
3532,1,Fast,0.3337193727493286,1309,303
3533,1,Fast,0.863503634929657,696,660
3534,1,Fast,0.8643172979354858,687,665
3535,1,Fast,0.8676184415817261,679,670
3536,1,Fast,0.8629191517829895,672,675
3536,1,Fast,0.3060268461704254,1304,306
3537,1,Fast,0.8767525553703308,664,679
3538,1,Fast,0.8652998805046082,657,684
3539,1,Fast,0.8672175407409668,649,689
3540,1,Fast,0.8789944648742676,641,693
3541,1,Fast,0.8632189631462097,632,699
3542,1,Fast,0.8819843530654907,622,704
3542,1,Fast,0.3646891713142395,304,1069
3543,1,Fast,0.8809807300567627,614,709
3544,1,Fast,0.8767678737640381,605,714
3545,1,Fast,0.8684254884719849,596,720
3546,1,Fast,0.8721892237663269,586,725
3547,1,Fast,0.8830965161323547,577,731
3548,1,Fast,0.8695586323738098,568,737
3549,1,Fast,0.870046854019165,558,742
3550,1,Fast,0.88151615858078,549,748
3551,1,Fast,0.8816799521446228,538,753
3552,1,Fast,0.8770931363105774,530,759
3553,1,Fast,0.8724232912063599,518,765
3554,1,Fast,0.875383734703064,507,771
3554,1,Fast,0.37214815616607666,1069,439
3554,1,Fast,0.36977899074554443,1274,327
3555,1,Fast,0.8828334808349609,496,778
3555,1,Fast,0.6991063356399536,1088,447
3555,1,Fast,0.6391274333000183,1066,441
3556,1,Fast,0.8822987675666809,485,784
3557,1,Fast,0.8808268904685974,475,790
3557,1,Fast,0.45551958680152893,1060,445
3558,1,Fast,0.88425612449646,462,797
3558,1,Fast,0.5704644322395325,1058,446
3559,1,Fast,0.8951622247695923,451,803
3559,1,Fast,0.6136723160743713,1055,447
3559,1,Fast,0.41125908493995667,219,1064
3560,1,Fast,0.9056397080421448,441,811
3560,1,Fast,0.40341809391975403,254,1056
3560,1,Fast,0.35307973623275757,1053,449
3561,1,Fast,0.8928943872451782,429,818
3561,1,Fast,0.8822231292724609,279,1050
3562,1,Fast,0.9001385569572449,298,1040
3562,1,Fast,0.8824031352996826,418,824
3563,1,Fast,0.9050262570381165,317,1026
3563,1,Fast,0.8857423663139343,405,831
3564,1,Fast,0.8968650102615356,336,1014
3564,1,Fast,0.8860227465629578,393,837
3564,1,Fast,0.3063899278640747,223,818
3565,1,Fast,0.9004693627357483,356,1001
3565,1,Fast,0.8846148252487183,380,844
3566,1,Fast,0.9045354127883911,374,988
3566,1,Fast,0.8851349353790283,368,851
3566,2,Slow,0.41559725999832153,1128,531
3567,1,Fast,0.9036312699317932,393,976
3567,1,Fast,0.8929843306541443,354,859
3567,2,Slow,0.3341066837310791,1130,529
3568,1,Fast,0.912449061870575,412,964
3568,1,Fast,0.8989889621734619,341,866
3568,1,Fast,0.4094633162021637,1043,480
3569,1,Fast,0.920282244682312,429,953
3569,1,Fast,0.8940393924713135,326,874
3569,2,Slow,0.36331015825271606,1138,524
3570,1,Fast,0.9069997072219849,447,941
3570,1,Fast,0.8976920247077942,315,881
3570,2,Slow,0.629422128200531,1140,521
3571,1,Fast,0.9031197428703308,465,930
3571,1,Fast,0.8894285559654236,300,889
3571,2,Slow,0.6494262218475342,1143,518
3572,1,Fast,0.89960116147995,481,920
3572,1,Fast,0.8904153108596802,287,897
3573,1,Fast,0.9031050801277161,496,909
3573,1,Fast,0.8979260325431824,272,905
3574,1,Fast,0.8995054364204407,512,899
3574,1,Fast,0.890443742275238,258,914
3575,1,Fast,0.8981016278266907,242,923
3575,1,Fast,0.8911726474761963,527,889
3576,1,Fast,0.9042388796806335,542,878
3576,1,Fast,0.8914030194282532,227,931
3576,2,Slow,0.5357282161712646,1157,506
3577,1,Fast,0.9031993746757507,556,869
3577,1,Fast,0.8975023627281189,212,940
3577,2,Slow,0.5643242001533508,1160,504
3578,1,Fast,0.8990063071250916,571,860
3578,1,Fast,0.8940069675445557,196,949
3578,2,Slow,0.4687614440917969,1162,502
3578,1,Fast,0.4177054464817047,1227,357
3579,1,Fast,0.9060111045837402,585,850
3579,1,Fast,0.8894906044006348,179,958
3579,2,Slow,0.5766397714614868,1167,500
3579,1,Fast,0.4735088646411896,1226,358
3580,1,Fast,0.9095031023025513,163,967
3580,1,Fast,0.8946475386619568,598,842
3580,1,Fast,0.595014750957489,993,511
3580,2,Slow,0.5647197961807251,1169,499
3580,1,Fast,0.5122718214988708,1224,359
3581,1,Fast,0.9020183086395264,611,833
3581,1,Fast,0.8979607224464417,145,977
3581,2,Slow,0.35346099734306335,1172,496
3582,1,Fast,0.9019263982772827,624,824
3582,1,Fast,0.894890308380127,128,986
3582,2,Slow,0.591069221496582,1175,494
3583,1,Fast,0.8931825757026672,637,815
3583,1,Fast,0.8865601420402527,109,996
3583,2,Slow,0.3877142071723938,1177,492
3584,1,Fast,0.87350994348526,91,1005
3584,1,Fast,0.8189221024513245,649,807
3584,2,Slow,0.3236750066280365,1179,490
3584,2,Slow,0.3048844337463379,1266,315
3585,1,Fast,0.8606197834014893,661,799
3585,1,Fast,0.7924450635910034,74,1015
3585,2,Slow,0.48353978991508484,1104,418
3586,1,Fast,0.8540413975715637,674,790
3586,1,Fast,0.7047896981239319,57,1026
3586,1,Fast,0.6321765780448914,965,529
3586,1,Fast,0.31776314973831177,1208,368
3587,1,Fast,0.8828238248825073,685,783
3587,0,VRU,0.3509140908718109,805,744
3588,1,Fast,0.8599289059638977,696,775
3589,1,Fast,0.8639202117919922,707,768
3589,0,VRU,0.4999014437198639,825,732
3590,1,Fast,0.7585040926933289,718,761
3591,2,Slow,0.411133736371994,1196,476
3592,1,Fast,0.33126717805862427,738,746
3592,2,Slow,0.32757630944252014,1199,473
3592,2,Slow,0.3156992793083191,1254,323
3593,1,Fast,0.7035057544708252,749,740
3593,2,Slow,0.3715173006057739,1252,324
3594,1,Fast,0.6663560271263123,760,732
3594,2,Slow,0.3751349151134491,1250,325
3595,1,Fast,0.8289572596549988,770,725
3596,1,Fast,0.7032331228256226,780,719
3596,2,Slow,0.3133454918861389,1246,327
3597,1,Fast,0.7378925085067749,790,712
3598,2,Slow,0.4324975311756134,1214,462
3599,2,Slow,0.653591513633728,1216,460
3599,1,Fast,0.5222338438034058,916,535
3599,1,Fast,0.43125852942466736,808,699
3600,2,Slow,0.40764886140823364,1219,458
3600,2,Slow,0.37387001514434814,1296,314
3600,2,Slow,0.35780394077301025,1163,364
3601,2,Slow,0.5441367626190186,1058,445
3601,1,Fast,0.3051626980304718,885,578
3602,2,Slow,0.39201924204826355,1056,446
3604,1,Fast,0.40802472829818726,1001,506
3606,1,Fast,0.7317246198654175,856,598
3606,2,Slow,0.565249502658844,1232,446
3606,1,Fast,0.40239831805229187,993,511
3607,1,Fast,0.7370328307151794,851,602
3607,2,Slow,0.5730474591255188,1234,445
3608,2,Slow,0.5044561624526978,1236,443
3608,1,Fast,0.37149038910865784,845,606
3612,1,Fast,0.3402858376502991,917,624
3614,1,Fast,0.5169966220855713,955,536
3614,1,Fast,0.4778192341327667,929,615
3614,2,Slow,0.3662249743938446,1249,433
3615,2,Slow,0.6748355031013489,1251,432
3615,2,Slow,0.5220094323158264,1020,471
3616,2,Slow,0.6924771070480347,1253,431
3616,2,Slow,0.3481246531009674,1015,473
3617,2,Slow,0.5401186347007751,1012,475
3617,2,Slow,0.4999275207519531,1256,429
3618,2,Slow,0.6434693336486816,1010,476
3619,2,Slow,0.46303874254226685,1008,477
3620,2,Slow,0.4412417411804199,1203,355
3620,2,Slow,0.437715083360672,1003,480
3623,2,Slow,0.4184671640396118,994,487
3625,2,Slow,0.6678787469863892,994,510
3626,2,Slow,0.6760512590408325,990,513
3627,2,Slow,0.3773360848426819,1276,412
3628,2,Slow,0.5230468511581421,1278,411
3628,1,Fast,0.5210652947425842,699,696
3629,1,Fast,0.6861708760261536,1092,444
3630,1,Fast,0.6454482078552246,1089,446
3631,1,Fast,0.6583741903305054,1085,449
3631,1,Fast,0.5160560607910156,1229,359
3631,1,Fast,0.33735135197639465,865,596
3632,1,Fast,0.8136559128761292,1081,451
3632,2,Slow,0.347251296043396,1178,371
3633,1,Fast,0.8353819251060486,1078,453
3633,1,Fast,0.4180067479610443,1090,427
3634,1,Fast,0.8394274711608887,1075,456
3635,1,Fast,0.7652251720428467,1072,458
3635,2,Slow,0.371197372674942,951,515
3636,1,Fast,0.7136701941490173,1069,460
3636,1,Fast,0.42905694246292114,1081,433
3637,1,Fast,0.6942034959793091,1064,462
3638,1,Fast,0.7575592398643494,1060,466
3639,1,Fast,0.8001259565353394,1056,468
3639,1,Fast,0.46465983986854553,599,758
3640,1,Fast,0.8457203507423401,1053,470
3640,0,VRU,0.3553920388221741,1434,265
3641,1,Fast,0.8750646114349365,1049,472
3641,2,Slow,0.6211507320404053,928,527
3641,1,Fast,0.5936196446418762,1069,442
3641,1,Fast,0.4656182527542114,578,770
3641,1,Fast,0.40563300251960754,1159,383
3641,2,Slow,0.3372209370136261,1389,287
3642,1,Fast,0.8583255410194397,1046,474
3642,1,Fast,0.7000371813774109,1066,444
3643,1,Fast,0.8450029492378235,1043,475
3643,1,Fast,0.7777892351150513,1063,445
3643,1,Fast,0.5167796015739441,555,783
3644,1,Fast,0.8351557850837708,1039,478
3644,1,Fast,0.75770103931427,1060,447
3645,1,Fast,0.8401000499725342,1036,480
3645,1,Fast,0.6928796768188477,1057,449
3645,2,Slow,0.3893434703350067,1105,490
3646,1,Fast,0.8257237076759338,1032,483
3646,1,Fast,0.656732976436615,1054,450
3646,2,Slow,0.378586083650589,1109,486
3647,1,Fast,0.6777729988098145,1027,487
3647,1,Fast,0.6018730401992798,1052,453
3647,1,Fast,0.4608893394470215,1187,387
3647,1,Fast,0.3843351900577545,755,665
3648,1,Fast,0.8244602680206299,1025,489
3648,1,Fast,0.6559844017028809,1049,455
3648,1,Fast,0.3659946620464325,748,669
3648,1,Fast,0.3643900454044342,1184,389
3649,1,Fast,0.8062881231307983,1020,492
3649,1,Fast,0.8030619025230408,1046,456
3649,1,Fast,0.4698936939239502,1180,391
3650,1,Fast,0.6968353986740112,1016,494
3650,1,Fast,0.5937885046005249,1041,459
3650,1,Fast,0.4455476999282837,1177,393
3651,1,Fast,0.8202552795410156,1011,498
3651,1,Fast,0.5542091727256775,1039,461
3651,1,Fast,0.3112846314907074,1174,395
3652,1,Fast,0.8177911639213562,1007,500
3652,1,Fast,0.8118521571159363,716,690
3652,1,Fast,0.549484133720398,1172,397
3652,1,Fast,0.4286186993122101,457,846
3652,1,Fast,0.39106887578964233,1035,463
3653,1,Fast,0.8284834027290344,1003,503
3653,1,Fast,0.7940235137939453,708,695
3653,1,Fast,0.5483362674713135,1032,466
3653,1,Fast,0.5236461162567139,1169,398
3654,1,Fast,0.8167023658752441,1000,505
3654,1,Fast,0.755958616733551,701,701
3654,1,Fast,0.6600067615509033,1028,468
3654,1,Fast,0.4796368181705475,427,862
3655,1,Fast,0.8168284296989441,995,508
3655,1,Fast,0.7133392095565796,1024,470
3655,1,Fast,0.42351973056793213,693,706
3656,1,Fast,0.8410512208938599,991,511
3656,1,Fast,0.7195514440536499,1021,472
3656,1,Fast,0.5571931600570679,399,878
3656,1,Fast,0.5339053869247437,249,1060
3656,1,Fast,0.3107573986053467,685,712
3657,1,Fast,0.8488865494728088,986,513
3657,1,Fast,0.8400980830192566,280,1054
3657,1,Fast,0.7561404705047607,1018,474
3657,1,Fast,0.3361758887767792,674,717
3658,1,Fast,0.9005017876625061,297,1048
3658,1,Fast,0.7774962782859802,982,517
3658,1,Fast,0.766054093837738,1014,476
3658,1,Fast,0.7602274417877197,663,723
3659,1,Fast,0.9089942574501038,313,1037
3659,1,Fast,0.7487601041793823,978,520
3659,1,Fast,0.5481817126274109,1011,477
3659,1,Fast,0.5242462754249573,359,901
3660,1,Fast,0.9166001081466675,330,1026
3660,1,Fast,0.8186013698577881,973,523
3660,1,Fast,0.7558495998382568,343,909
3660,1,Fast,0.5228424668312073,1008,479
3661,1,Fast,0.9111642241477966,346,1015
3661,1,Fast,0.8461031317710876,969,525
3661,1,Fast,0.38251033425331116,325,918
3661,1,Fast,0.37196460366249084,1005,482
3662,1,Fast,0.9048647880554199,362,1004
3662,1,Fast,0.8721756339073181,964,529
3662,1,Fast,0.6655634045600891,309,928
3662,1,Fast,0.541650116443634,1001,484
3663,1,Fast,0.9074466824531555,379,993
3663,1,Fast,0.8814550638198853,960,532
3663,1,Fast,0.7964604496955872,998,486
3663,1,Fast,0.7890434265136719,292,936
3663,1,Fast,0.7364839315414429,618,750
3664,1,Fast,0.9089353680610657,395,983
3664,1,Fast,0.8640171885490417,954,535
3664,1,Fast,0.8084710240364075,994,488
3664,1,Fast,0.7935020923614502,276,946
3664,1,Fast,0.7428672313690186,608,757
3665,1,Fast,0.9023117423057556,409,973
3665,1,Fast,0.8570539951324463,950,538
3665,1,Fast,0.8002246618270874,992,490
3665,1,Fast,0.7574054002761841,599,763
3665,1,Fast,0.3193987011909485,260,956
3666,1,Fast,0.9127237796783447,425,963
3666,1,Fast,0.8588090538978577,946,540
3666,1,Fast,0.7673474550247192,988,493
3666,1,Fast,0.6725572943687439,589,770
3666,1,Fast,0.6237753033638,244,965
3667,1,Fast,0.9133424162864685,440,953
3667,1,Fast,0.8597452044487,940,544
3667,1,Fast,0.7429057359695435,1122,429
3667,1,Fast,0.7219211459159851,984,495
3667,1,Fast,0.6976745128631592,577,776
3667,1,Fast,0.6555460095405579,228,975
3668,1,Fast,0.9030218720436096,454,943
3668,1,Fast,0.7924968600273132,936,547
3668,1,Fast,0.7668455839157104,981,497
3668,1,Fast,0.7038779258728027,1119,431
3668,1,Fast,0.5621703863143921,214,986
3668,1,Fast,0.45540931820869446,567,782
3669,1,Fast,0.9049851894378662,467,935
3669,1,Fast,0.8740382194519043,931,551
3669,1,Fast,0.8239578604698181,191,995
3669,1,Fast,0.8040904998779297,976,499
3669,1,Fast,0.41285327076911926,554,789
3669,0,VRU,0.3216216564178467,1200,423
3670,1,Fast,0.9020729064941406,482,925
3670,1,Fast,0.8417536616325378,926,554
3670,1,Fast,0.7725232839584351,973,502
3671,1,Fast,0.8981133103370667,495,916
3671,1,Fast,0.8475332856178284,922,557
3671,1,Fast,0.8157413005828857,969,504
3671,1,Fast,0.38855230808258057,535,801
3672,1,Fast,0.9005249738693237,508,907
3672,1,Fast,0.8700786828994751,917,560
3672,1,Fast,0.7589613795280457,966,506
3672,1,Fast,0.4569101929664612,525,808
3673,1,Fast,0.9022149443626404,521,898
3673,1,Fast,0.8806352019309998,912,563
3673,1,Fast,0.6868727803230286,962,509
3673,1,Fast,0.38483333587646484,511,816
3674,1,Fast,0.8925716280937195,534,891
3674,1,Fast,0.8758037686347961,906,566
3674,1,Fast,0.8190722465515137,958,512
3674,2,Slow,0.34724417328834534,691,706
3675,1,Fast,0.8859439492225647,546,882
3675,1,Fast,0.8778875470161438,900,570
3675,1,Fast,0.7968573570251465,954,514
3675,1,Fast,0.4977497160434723,1071,439
3676,1,Fast,0.8894062042236328,559,873
3676,1,Fast,0.8847724199295044,895,573
3676,1,Fast,0.8189641237258911,476,836
3676,1,Fast,0.6485611796379089,951,516
3676,1,Fast,0.45661869645118713,670,719
3677,1,Fast,0.8933666348457336,571,865
3677,1,Fast,0.8774269819259644,889,577
3677,1,Fast,0.7675504088401794,947,519
3677,1,Fast,0.5303714275360107,454,760
3677,1,Fast,0.3067248463630676,463,845
3678,1,Fast,0.8946782350540161,583,857
3678,1,Fast,0.8821109533309937,884,580
3678,1,Fast,0.8173159956932068,944,522
3678,1,Fast,0.38675346970558167,452,851
3678,1,Fast,0.3728148937225342,1060,446
3679,1,Fast,0.8964863419532776,594,849
3679,1,Fast,0.8880458474159241,879,583
3679,1,Fast,0.7880427837371826,940,524
3679,1,Fast,0.7069156765937805,441,860
3679,2,Slow,0.46906042098999023,746,638
3679,1,Fast,0.3244698941707611,439,766
3680,1,Fast,0.9068579077720642,605,841
3680,1,Fast,0.8858687281608582,873,588
3680,1,Fast,0.7163715362548828,935,526
3680,1,Fast,0.6299235820770264,420,868
3680,2,Slow,0.6298126578330994,739,643
3680,1,Fast,0.30424198508262634,430,769
3681,1,Fast,0.897851824760437,616,833
3681,1,Fast,0.8800011277198792,867,591
3681,1,Fast,0.8214564919471741,931,528
3681,1,Fast,0.6623097062110901,623,748
3681,2,Slow,0.5115088224411011,733,645
3682,1,Fast,0.8960503935813904,627,826
3682,1,Fast,0.8864814043045044,862,595
3682,1,Fast,0.8367589712142944,927,531
3682,2,Slow,0.5180975794792175,1049,453
3682,1,Fast,0.415382981300354,613,754
3683,1,Fast,0.8833067417144775,855,599
3683,1,Fast,0.8792992234230042,636,819
3683,1,Fast,0.7986825108528137,923,533
3683,1,Fast,0.7368943691253662,604,761
3683,1,Fast,0.34089699387550354,306,891
3683,2,Slow,0.3164084553718567,1048,455
3684,1,Fast,0.890952467918396,849,602
3684,1,Fast,0.8889379501342773,647,812
3684,1,Fast,0.7451358437538147,919,536
3684,1,Fast,0.4075521230697632,295,897
3684,1,Fast,0.36997437477111816,365,902
3685,1,Fast,0.8843387365341187,842,607
3685,1,Fast,0.8478004932403564,658,806
3685,1,Fast,0.711673378944397,915,538
3685,1,Fast,0.6903564929962158,353,909
3686,1,Fast,0.8836378455162048,836,611
3686,1,Fast,0.8777767419815063,668,799
3686,1,Fast,0.7222607731819153,336,918
3686,1,Fast,0.43287748098373413,910,541
3687,1,Fast,0.881754457950592,677,792
3687,1,Fast,0.8743371367454529,830,614
3687,1,Fast,0.7334883809089661,906,544
3687,1,Fast,0.4597724974155426,321,927
3688,1,Fast,0.8753737807273865,688,785
3688,1,Fast,0.8596939444541931,824,619
3688,1,Fast,0.7619414329528809,305,937
3688,1,Fast,0.6777231693267822,245,927
3688,1,Fast,0.6748976707458496,901,548
3688,1,Fast,0.3687630295753479,501,1010
3689,1,Fast,0.8924862146377563,697,778
3689,1,Fast,0.8725858330726624,819,622
3689,1,Fast,0.810641348361969,897,550
3689,1,Fast,0.48797884583473206,290,946
3689,2,Slow,0.30146607756614685,680,676
3690,1,Fast,0.8861955404281616,707,772
3690,1,Fast,0.8769739270210266,813,626
3690,1,Fast,0.668257474899292,894,552
3690,2,Slow,0.3428877592086792,1024,468
3691,1,Fast,0.8689745664596558,717,764
3691,1,Fast,0.8654719591140747,806,631
3691,1,Fast,0.812475860118866,889,555
3691,1,Fast,0.33119893074035645,256,965
3692,1,Fast,0.8701533675193787,725,759
3692,1,Fast,0.8640716671943665,800,635
3692,1,Fast,0.7266754508018494,884,557
3692,1,Fast,0.6675243377685547,192,957
3692,1,Fast,0.509528398513794,662,689
3692,1,Fast,0.33786407113075256,239,976
3693,1,Fast,0.8821090459823608,735,753
3693,1,Fast,0.8743308186531067,792,640
3693,1,Fast,0.6025280952453613,655,692
3693,1,Fast,0.5047646760940552,879,560
3693,1,Fast,0.30235937237739563,177,965
3694,1,Fast,0.8785305619239807,785,644
3694,1,Fast,0.858430027961731,743,746
3694,1,Fast,0.8070371747016907,162,974
3694,1,Fast,0.776789128780365,874,564
3694,1,Fast,0.3901633024215698,205,996
3694,1,Fast,0.38928669691085815,481,835
3695,1,Fast,0.8776865601539612,778,649
3695,1,Fast,0.857862651348114,752,741
3695,1,Fast,0.8137607574462891,869,566
3695,1,Fast,0.4695892035961151,469,843
3696,1,Fast,0.8797580003738403,772,653
3696,1,Fast,0.7964628338813782,865,569
3696,1,Fast,0.7601457238197327,761,734
3696,1,Fast,0.6519417762756348,1002,507
3696,1,Fast,0.4637356102466583,290,844
3697,1,Fast,0.8823184967041016,764,657
3697,1,Fast,0.7493922114372253,860,571
3697,1,Fast,0.6769999861717224,769,729
3697,1,Fast,0.31879696249961853,997,510
3698,1,Fast,0.8896890878677368,755,662
3698,1,Fast,0.7637473344802856,856,575
3698,1,Fast,0.546161949634552,426,867
3698,1,Fast,0.33456289768218994,864,545
3699,1,Fast,0.8836170434951782,748,666
3699,1,Fast,0.6851953864097595,414,875
3699,1,Fast,0.6334549784660339,860,547
3699,1,Fast,0.5101314187049866,786,717
3700,1,Fast,0.8700373768806458,741,670
3700,1,Fast,0.7752514481544495,856,549
3700,1,Fast,0.7715269327163696,845,581
3700,1,Fast,0.6545230150222778,401,883
3700,1,Fast,0.5406936407089233,794,712
3700,1,Fast,0.36712557077407837,71,1024
3701,1,Fast,0.8673336505889893,734,676
3701,1,Fast,0.7877290844917297,841,584
3702,1,Fast,0.8633779883384705,726,681
3702,1,Fast,0.7778159976005554,836,587
3702,1,Fast,0.6021095514297485,375,899
3702,1,Fast,0.38126927614212036,809,701
3703,1,Fast,0.8757208585739136,718,686
3703,1,Fast,0.846653163433075,831,590
3703,1,Fast,0.8448768854141235,359,909
3703,2,Slow,0.523188591003418,933,503
3704,1,Fast,0.8928099870681763,710,691
3704,1,Fast,0.8473802804946899,825,593
3704,1,Fast,0.5805181264877319,343,917
3704,1,Fast,0.5071531534194946,824,690
3704,2,Slow,0.44375792145729065,930,505
3705,1,Fast,0.8835899829864502,703,695
3705,1,Fast,0.779433012008667,821,597
3705,1,Fast,0.6300880908966064,566,744
3705,1,Fast,0.5377721190452576,329,926
3706,1,Fast,0.8797106742858887,694,700
3706,1,Fast,0.8391223549842834,814,600
3706,1,Fast,0.8267062902450562,311,936
3706,1,Fast,0.30199912190437317,558,749
3707,1,Fast,0.8747150897979736,686,706
3707,1,Fast,0.8284617066383362,809,602
3707,1,Fast,0.8184833526611328,297,944
3707,2,Slow,0.4799107611179352,920,511
3708,1,Fast,0.8780843615531921,278,954
3708,1,Fast,0.8778568506240845,677,711
3708,1,Fast,0.8456977009773254,805,606
3708,1,Fast,0.3531770706176758,540,759
3709,1,Fast,0.8730794191360474,668,716
3709,1,Fast,0.855982780456543,800,608
3709,1,Fast,0.852027177810669,262,964
3709,2,Slow,0.5407090783119202,915,513
3710,1,Fast,0.89313805103302,658,722
3710,1,Fast,0.8501821756362915,795,611
3710,1,Fast,0.7615283131599426,245,974
3711,1,Fast,0.8912334442138672,651,727
3711,1,Fast,0.8677218556404114,231,983
3711,1,Fast,0.803382933139801,790,614
3712,1,Fast,0.8855203986167908,642,733
3712,1,Fast,0.7770460247993469,784,619
3712,1,Fast,0.7114250063896179,213,995
3712,1,Fast,0.6144862174987793,914,563
